gene_name,pair,source,flank_hit_class
1110038F14Rik_Heart_Any,chr15:77295287-77297122_chr15:77297878-77302297,enhancer_hit,single
1110038F14Rik_Heart_Any,chr15:77295287-77297122_chr15:77313558-77315429,enhancer_hit,single
1110038F14Rik_Heart_Any,chr15:77297878-77302297_chr15:77313558-77315429,enhancer_hit,single
1110038F14Rik_Limb_Any,chr15:77295287-77297122_chr15:77297878-77302297,enhancer_hit,single
1110038F14Rik_Limb_Any,chr15:77295287-77297122_chr15:77313558-77315429,enhancer_hit,single
1110038F14Rik_Limb_Any,chr15:77297878-77302297_chr15:77313558-77315429,enhancer_hit,single
1110038F14Rik_Limb_E11.5,chr15:77295287-77297122_chr15:77297878-77302297,enhancer_hit,single
1110038F14Rik_Limb_E11.5,chr15:77295287-77297122_chr15:77313558-77315429,enhancer_hit,single
1110038F14Rik_Limb_E11.5,chr15:77297878-77302297_chr15:77313558-77315429,enhancer_hit,single
1190002F15Rik_Heart_Any,chr6:134655886-134657591_chr6:134773744-134775632,enhancer_hit,single
1190002F15Rik_Heart_Any,chr6:134773744-134775632_chr6:134945723-134946723,enhancer_hit,single
1190002F15Rik_Heart_E11.5,chr6:134655886-134657591_chr6:134773744-134775632,enhancer_hit,single
1700001O22Rik_Forebrain_Any,chr2:30503286-30504997_chr2:30701978-30703524,enhancer_hit,single
1700001O22Rik_Forebrain_Any,chr2:30639004-30640982_chr2:30684123-30688346,enhancer_hit,single
1700001O22Rik_Forebrain_Any,chr2:30639004-30640982_chr2:30705590-30714283,enhancer_hit,single
1700001O22Rik_Forebrain_Any,chr2:30684123-30688346_chr2:30701978-30703524,enhancer_hit,single
1700001O22Rik_Forebrain_Any,chr2:30701978-30703524_chr2:30782681-30788120,enhancer_hit,single
1700001O22Rik_Forebrain_Any,chr2:30705590-30714283_chr2:30782681-30788120,enhancer_hit,single
1700001O22Rik_Forebrain_E11.5,chr2:30639004-30640982_chr2:30684123-30688346,enhancer_hit,single
1700001O22Rik_Forebrain_E11.5,chr2:30639004-30640982_chr2:30705590-30714283,enhancer_hit,single
1700001O22Rik_Forebrain_E11.5,chr2:30684123-30688346_chr2:30701978-30703524,enhancer_hit,single
1700001O22Rik_Forebrain_E11.5,chr2:30701978-30703524_chr2:30782681-30788120,enhancer_hit,single
1700001O22Rik_Forebrain_E11.5,chr2:30705590-30714283_chr2:30782681-30788120,enhancer_hit,single
1700001O22Rik_Heart_Any,chr2:30503286-30504997_chr2:30701978-30703524,enhancer_hit,single
1700001O22Rik_Heart_Any,chr2:30639004-30640982_chr2:30684123-30688346,enhancer_hit,single
1700001O22Rik_Heart_Any,chr2:30639004-30640982_chr2:30705590-30714283,enhancer_hit,single
1700001O22Rik_Heart_Any,chr2:30684123-30688346_chr2:30701978-30703524,enhancer_hit,single
1700001O22Rik_Heart_Any,chr2:30701978-30703524_chr2:30782681-30788120,enhancer_hit,single
1700001O22Rik_Heart_Any,chr2:30705590-30714283_chr2:30782681-30788120,enhancer_hit,single
1700001O22Rik_Heart_E11.5,chr2:30639004-30640982_chr2:30684123-30688346,enhancer_hit,single
1700001O22Rik_Heart_E11.5,chr2:30639004-30640982_chr2:30705590-30714283,enhancer_hit,single
1700001O22Rik_Heart_E11.5,chr2:30684123-30688346_chr2:30701978-30703524,enhancer_hit,single
1700001O22Rik_Heart_E11.5,chr2:30701978-30703524_chr2:30782681-30788120,enhancer_hit,single
1700001O22Rik_Heart_E11.5,chr2:30705590-30714283_chr2:30782681-30788120,enhancer_hit,single
1700001O22Rik_Limb_Any,chr2:30639004-30640982_chr2:30684123-30688346,enhancer_hit,single
1700001O22Rik_Limb_Any,chr2:30639004-30640982_chr2:30705590-30714283,enhancer_hit,single
1700001O22Rik_Limb_Any,chr2:30705590-30714283_chr2:30782681-30788120,enhancer_hit,single
1700001O22Rik_Limb_E11.5,chr2:30639004-30640982_chr2:30684123-30688346,enhancer_hit,single
1700001O22Rik_Limb_E11.5,chr2:30639004-30640982_chr2:30705590-30714283,enhancer_hit,single
1700001O22Rik_Limb_E11.5,chr2:30705590-30714283_chr2:30782681-30788120,enhancer_hit,single
1700007L15Rik_Heart_Any,chr16:33750737-33754195_chr16:33761073-33763243,enhancer_hit,double
1700030J22Rik_Forebrain_Any,chr8:117428132-117429143_chr8:117469401-117471428,enhancer_hit,single
1700113A16Rik_Heart_Any,chr3:88628218-88632624_chr3:89053752-89054752,enhancer_hit,double
1810019D21Rik_Heart_Any,chr8:105532332-105535008_chr8:105792539-105802741,enhancer_hit,single
1810019D21Rik_Heart_E11.5,chr8:105532332-105535008_chr8:105792539-105802741,enhancer_hit,single
2010107E04Rik_Forebrain_Any,chr12:111433446-111439968_chr12:113142735-113149366,enhancer_hit,single
2010107E04Rik_Heart_Any,chr12:111433446-111439968_chr12:112559024-112560024,enhancer_hit,single
2010107E04Rik_Heart_Any,chr12:111433446-111439968_chr12:113142735-113149366,enhancer_hit,single
2010107E04Rik_Heart_E11.5,chr12:111433446-111439968_chr12:113142735-113149366,enhancer_hit,single
2010111I01Rik_Forebrain_Any,chr13:63237717-63248094_chr13:63248723-63262773,enhancer_hit,
2010111I01Rik_Forebrain_Any,chr13:63248723-63262773_chr13:63271722-63282463,enhancer_hit,
2010111I01Rik_Heart_Any,chr13:63037615-63040270_chr13:63150216-63151996,enhancer_hit,single
2010111I01Rik_Heart_Any,chr13:63037615-63040270_chr13:63268166-63271119,enhancer_hit,
2010111I01Rik_Heart_Any,chr13:63071492-63075024_chr13:63237717-63248094,enhancer_hit,
2010111I01Rik_Heart_Any,chr13:63071492-63075024_chr13:63248723-63262773,enhancer_hit,single
2010111I01Rik_Heart_Any,chr13:63071492-63075024_chr13:63715933-63721808,enhancer_hit,
2010111I01Rik_Heart_Any,chr13:63071492-63075024_chr13:63939531-63942036,enhancer_hit,
2010111I01Rik_Heart_Any,chr13:63109743-63115662_chr13:63939531-63942036,enhancer_hit,
2010111I01Rik_Heart_Any,chr13:63150216-63151996_chr13:63641098-63644426,enhancer_hit,
2010111I01Rik_Heart_Any,chr13:63153230-63156455_chr13:63268166-63271119,enhancer_hit,
2010111I01Rik_Heart_Any,chr13:63186174-63189130_chr13:63715933-63721808,enhancer_hit,single
2010111I01Rik_Heart_Any,chr13:63230085-63233253_chr13:63641098-63644426,enhancer_hit,
2010111I01Rik_Heart_Any,chr13:63237717-63248094_chr13:63248723-63262773,enhancer_hit,
2010111I01Rik_Heart_Any,chr13:63237717-63248094_chr13:63939531-63942036,enhancer_hit,
2010111I01Rik_Heart_Any,chr13:63248723-63262773_chr13:63268166-63271119,enhancer_hit,
2010111I01Rik_Heart_Any,chr13:63248723-63262773_chr13:63271722-63282463,enhancer_hit,
2010111I01Rik_Heart_Any,chr13:63248723-63262773_chr13:63322831-63326093,enhancer_hit,single
2010111I01Rik_Heart_Any,chr13:63248723-63262773_chr13:63715933-63721808,enhancer_hit,single
2010111I01Rik_Heart_Any,chr13:63248723-63262773_chr13:63939531-63942036,enhancer_hit,
2010111I01Rik_Heart_Any,chr13:63641098-63644426_chr13:63715933-63721808,enhancer_hit,
2010111I01Rik_Heart_Any,chr13:63715933-63721808_chr13:63939531-63942036,enhancer_hit,
2010111I01Rik_Heart_E11.5,chr13:63150216-63151996_chr13:63641098-63644426,enhancer_hit,
2010111I01Rik_Heart_E11.5,chr13:63230085-63233253_chr13:63641098-63644426,enhancer_hit,
2010111I01Rik_Heart_E11.5,chr13:63237717-63248094_chr13:63248723-63262773,enhancer_hit,
2010111I01Rik_Heart_E11.5,chr13:63248723-63262773_chr13:63271722-63282463,enhancer_hit,
2010111I01Rik_Heart_E11.5,chr13:63248723-63262773_chr13:63322831-63326093,enhancer_hit,single
2010111I01Rik_Limb_Any,chr13:62919747-62920747_chr13:63248723-63262773,enhancer_hit,
2010111I01Rik_Limb_Any,chr13:62919747-62920747_chr13:63292961-63294647,enhancer_hit,single
2010111I01Rik_Limb_Any,chr13:62919747-62920747_chr13:63715933-63721808,enhancer_hit,single
2010111I01Rik_Limb_Any,chr13:63037615-63040270_chr13:63268166-63271119,enhancer_hit,
2010111I01Rik_Limb_Any,chr13:63071492-63075024_chr13:63237717-63248094,enhancer_hit,
2010111I01Rik_Limb_Any,chr13:63071492-63075024_chr13:63248723-63262773,enhancer_hit,single
2010111I01Rik_Limb_Any,chr13:63071492-63075024_chr13:63287574-63289639,enhancer_hit,
2010111I01Rik_Limb_Any,chr13:63071492-63075024_chr13:63715933-63721808,enhancer_hit,
2010111I01Rik_Limb_Any,chr13:63153230-63156455_chr13:63268166-63271119,enhancer_hit,
2010111I01Rik_Limb_Any,chr13:63186174-63189130_chr13:63715933-63721808,enhancer_hit,single
2010111I01Rik_Limb_Any,chr13:63237717-63248094_chr13:63248723-63262773,enhancer_hit,
2010111I01Rik_Limb_Any,chr13:63248723-63262773_chr13:63268166-63271119,enhancer_hit,
2010111I01Rik_Limb_Any,chr13:63248723-63262773_chr13:63271722-63282463,enhancer_hit,
2010111I01Rik_Limb_Any,chr13:63248723-63262773_chr13:63287574-63289639,enhancer_hit,single
2010111I01Rik_Limb_Any,chr13:63248723-63262773_chr13:63322831-63326093,enhancer_hit,single
2010111I01Rik_Limb_Any,chr13:63248723-63262773_chr13:63715933-63721808,enhancer_hit,single
2010111I01Rik_Limb_Any,chr13:63322831-63326093_chr13:63700016-63702811,enhancer_hit,
2010111I01Rik_Limb_Any,chr13:63641098-63644426_chr13:63715933-63721808,enhancer_hit,
2010111I01Rik_Limb_E11.5,chr13:63237717-63248094_chr13:63248723-63262773,enhancer_hit,
2010111I01Rik_Limb_E11.5,chr13:63248723-63262773_chr13:63268166-63271119,enhancer_hit,
2010111I01Rik_Limb_E11.5,chr13:63248723-63262773_chr13:63271722-63282463,enhancer_hit,
2010111I01Rik_Limb_E11.5,chr13:63248723-63262773_chr13:63287574-63289639,enhancer_hit,single
2010111I01Rik_Limb_E11.5,chr13:63248723-63262773_chr13:63322831-63326093,enhancer_hit,single
2010111I01Rik_Limb_E11.5,chr13:63322831-63326093_chr13:63700016-63702811,enhancer_hit,
2310001H17Rik_Heart_Any,chr6:129211638-129217967_chr6:129228408-129231474,enhancer_hit,
2310001H17Rik_Heart_Any,chr6:129211638-129217967_chr6:129236474-129238961,enhancer_hit,
2310067B10Rik_Heart_Any,chr11:115673653-115675052_chr11:115737599-115739518,enhancer_hit,double
2500004C02Rik_Heart_Any,chr2:152924636-152930708_chr2:154396034-154397346,enhancer_hit,single
2500004C02Rik_Heart_Any,chr2:152924636-152930708_chr2:154438994-154440929,enhancer_hit,
2500004C02Rik_Heart_Any,chr2:154396034-154397346_chr2:154438994-154440929,enhancer_hit,double
2610035F20Rik_Forebrain_Any,chr14:122459620-122463177_chr14:122477934-122487928,enhancer_hit,single
2610035F20Rik_Forebrain_E11.5,chr14:122459620-122463177_chr14:122477934-122487928,enhancer_hit,single
2610035F20Rik_Limb_Any,chr14:122459620-122463177_chr14:122477934-122487928,enhancer_hit,single
2610035F20Rik_Limb_E11.5,chr14:122459620-122463177_chr14:122477934-122487928,enhancer_hit,single
2700081O15Rik_Forebrain_Any,chr19:7082330-7085552_chr19:7138385-7144263,enhancer_hit,
2700081O15Rik_Forebrain_E11.5,chr19:7082330-7085552_chr19:7138385-7144263,enhancer_hit,
2810025M15Rik_Forebrain_Any,chr1:157415290-157418838_chr1:157442501-157445263,enhancer_hit,single
2810025M15Rik_Forebrain_Any,chr1:157415290-157418838_chr1:157447949-157451231,enhancer_hit,single
2810025M15Rik_Forebrain_Any,chr1:157442501-157445263_chr1:157447949-157451231,enhancer_hit,single
2810025M15Rik_Forebrain_E11.5,chr1:157415290-157418838_chr1:157442501-157445263,enhancer_hit,single
2810025M15Rik_Forebrain_E11.5,chr1:157415290-157418838_chr1:157447949-157451231,enhancer_hit,single
2810025M15Rik_Forebrain_E11.5,chr1:157442501-157445263_chr1:157447949-157451231,enhancer_hit,single
2810025M15Rik_Heart_Any,chr1:157415290-157418838_chr1:157442501-157445263,enhancer_hit,single
2810025M15Rik_Heart_Any,chr1:157415290-157418838_chr1:157447949-157451231,enhancer_hit,single
2810025M15Rik_Heart_Any,chr1:157442501-157445263_chr1:157447949-157451231,enhancer_hit,single
2810025M15Rik_Heart_E11.5,chr1:157442501-157445263_chr1:157447949-157451231,enhancer_hit,single
4631405J19Rik_Heart_Any,chr2:93018049-93019594_chr2:93039171-93042339,enhancer_hit,single
4631405J19Rik_Heart_Any,chr2:93030455-93033967_chr2:93039171-93042339,enhancer_hit,
4930513N10Rik_Heart_Any,chr8:95341302-95342788_chr8:95594604-95598538,enhancer_hit,
4930513N10Rik_Heart_Any,chr8:95341302-95342788_chr8:95606718-95608073,enhancer_hit,single
4930513N10Rik_Heart_Any,chr8:95391121-95397589_chr8:95586584-95588682,enhancer_hit,single
4930513N10Rik_Heart_Any,chr8:95391121-95397589_chr8:95594604-95598538,enhancer_hit,single
4930513N10Rik_Heart_Any,chr8:95586584-95588682_chr8:95594604-95598538,enhancer_hit,single
4930513N10Rik_Heart_Any,chr8:95594604-95598538_chr8:95606718-95608073,enhancer_hit,single
4930513N10Rik_Heart_E11.5,chr8:95391121-95397589_chr8:95594604-95598538,enhancer_hit,single
4930513N10Rik_Heart_E11.5,chr8:95594604-95598538_chr8:95606718-95608073,enhancer_hit,single
4930578M01Rik_Forebrain_Any,chr15:98976414-98980757_chr15:98988464-98994602,enhancer_hit,single
4930578M01Rik_Forebrain_Any,chr15:98976414-98980757_chr15:99806230-99808082,enhancer_hit,single
4930578M01Rik_Forebrain_Any,chr15:98988464-98994602_chr15:99806230-99808082,enhancer_hit,single
4930578M01Rik_Forebrain_E11.5,chr15:98976414-98980757_chr15:98988464-98994602,enhancer_hit,single
4930578M01Rik_Forebrain_E11.5,chr15:98976414-98980757_chr15:99806230-99808082,enhancer_hit,single
4930578M01Rik_Forebrain_E11.5,chr15:98988464-98994602_chr15:99806230-99808082,enhancer_hit,single
4930578M01Rik_Heart_Any,chr15:98976414-98980757_chr15:98988464-98994602,enhancer_hit,single
4930578M01Rik_Heart_Any,chr15:98976414-98980757_chr15:99806230-99808082,enhancer_hit,single
4930578M01Rik_Heart_Any,chr15:98988464-98994602_chr15:99806230-99808082,enhancer_hit,single
4930578M01Rik_Heart_E11.5,chr15:98976414-98980757_chr15:98988464-98994602,enhancer_hit,single
4930578M01Rik_Limb_Any,chr15:98976414-98980757_chr15:98988464-98994602,enhancer_hit,single
5031414D18Rik_Heart_Any,chr14:74656669-74658427_chr14:74844722-74849722,enhancer_hit,single
5031414D18Rik_Heart_Any,chr14:74656669-74658427_chr14:75771187-75774730,enhancer_hit,single
5031425E22Rik_Heart_Any,chr5:23409347-23420880_chr5:23428322-23429322,enhancer_hit,single
5031425E22Rik_Heart_Any,chr5:23409347-23420880_chr5:23612627-23613627,enhancer_hit,single
6030458C11Rik_Heart_Any,chr15:11724839-11727044_chr15:12732167-12733538,enhancer_hit,single
6030458C11Rik_Heart_Any,chr15:11724839-11727044_chr15:12857506-12859210,enhancer_hit,single
6030458C11Rik_Heart_Any,chr15:12732167-12733538_chr15:12857506-12859210,enhancer_hit,single
6030458C11Rik_Heart_E11.5,chr15:11724839-11727044_chr15:12857506-12859210,enhancer_hit,single
6530411M01Rik_Forebrain_Any,chr17:9577659-9582141_chr17:9721801-9728289,enhancer_hit,
6530411M01Rik_Forebrain_Any,chr17:9680418-9681418_chr17:9721801-9728289,enhancer_hit,single
6530411M01Rik_Forebrain_Any,chr17:9721801-9728289_chr17:9879251-9885826,enhancer_hit,
6530411M01Rik_Forebrain_E11.5,chr17:9577659-9582141_chr17:9721801-9728289,enhancer_hit,
6530411M01Rik_Forebrain_E11.5,chr17:9721801-9728289_chr17:9879251-9885826,enhancer_hit,
9130011E15Rik_Forebrain_Any,chr19:45915793-45917323_chr19:45920080-45921668,enhancer_hit,
9130011E15Rik_Heart_Any,chr19:45853957-45856375_chr19:45901556-45904454,enhancer_hit,double
9330158H04Rik_Heart_Any,chr6:36450222-36456379_chr6:36516085-36517772,enhancer_hit,single
9430020K01Rik_Forebrain_Any,chr18:4438524-4441638_chr18:5931078-5934028,enhancer_hit,
9430020K01Rik_Heart_Any,chr18:4438524-4441638_chr18:5701137-5702137,enhancer_hit,
9430020K01Rik_Heart_Any,chr18:4438524-4441638_chr18:5931078-5934028,enhancer_hit,
9430020K01Rik_Heart_Any,chr18:4521745-4524310_chr18:4683663-4685207,enhancer_hit,
9430020K01Rik_Heart_Any,chr18:5701137-5702137_chr18:5931078-5934028,enhancer_hit,
9430020K01Rik_Heart_E11.5,chr18:4438524-4441638_chr18:5931078-5934028,enhancer_hit,
9430020K01Rik_Limb_Any,chr18:4438524-4441638_chr18:5931078-5934028,enhancer_hit,
9530026P05Rik_Heart_Any,chr6:92845803-92847206_chr6:94169251-94171758,enhancer_hit,
9530026P05Rik_Heart_Any,chr6:92848166-92852246_chr6:94169251-94171758,enhancer_hit,
9530026P05Rik_Heart_Any,chr6:92920630-92923334_chr6:93961661-93962661,enhancer_hit,single
9530026P05Rik_Heart_Any,chr6:92920630-92923334_chr6:94169251-94171758,enhancer_hit,
9530026P05Rik_Heart_E11.5,chr6:92845803-92847206_chr6:94169251-94171758,enhancer_hit,
9530026P05Rik_Heart_E11.5,chr6:92848166-92852246_chr6:94169251-94171758,enhancer_hit,
A930012L18Rik_Heart_Any,chr18:43420982-43422845_chr18:44471578-44474233,enhancer_hit,
A930012L18Rik_Heart_Any,chr18:44497264-44502871_chr18:44596284-44598998,enhancer_hit,
AI854517_Forebrain_Any,chr7:79507763-79540108_chr7:79542029-79551357,enhancer_hit,
AI854517_Forebrain_Any,chr7:79507763-79540108_chr7:79557241-79558740,enhancer_hit,
AI854517_Forebrain_Any,chr7:79542029-79551357_chr7:79557241-79558740,enhancer_hit,single
AI854517_Forebrain_E11.5,chr7:79507763-79540108_chr7:79542029-79551357,enhancer_hit,
AI854517_Forebrain_E11.5,chr7:79507763-79540108_chr7:79557241-79558740,enhancer_hit,
AI854517_Forebrain_E11.5,chr7:79542029-79551357_chr7:79557241-79558740,enhancer_hit,single
AW554918_Heart_Any,chr18:24784191-24785993_chr18:24817224-24820528,enhancer_hit,single
AW554918_Heart_E11.5,chr18:24784191-24785993_chr18:24817224-24820528,enhancer_hit,single
Abcb8_Heart_Any,chr5:23873814-23877181_chr5:24033824-24034956,enhancer_hit,
Abhd2_Forebrain_Any,chr7:79278114-79280420_chr7:79298176-79304536,enhancer_hit,
Abhd2_Forebrain_Any,chr7:79278114-79280420_chr7:79308098-79319040,enhancer_hit,single
Abhd2_Forebrain_Any,chr7:79298176-79304536_chr7:79308098-79319040,enhancer_hit,single
Abhd2_Forebrain_E11.5,chr7:79278114-79280420_chr7:79308098-79319040,enhancer_hit,single
Abl1_Heart_Any,chr2:31748161-31750406_chr2:32325058-32331535,enhancer_hit,single
Abl1_Limb_Any,chr2:31748161-31750406_chr2:32325058-32331535,enhancer_hit,single
Abl1_Limb_E11.5,chr2:31748161-31750406_chr2:32325058-32331535,enhancer_hit,single
Abr_Forebrain_Any,chr11:76278589-76280571_chr11:77843140-77844887,enhancer_hit,
Abtb2_Heart_Any,chr2:103629370-103633180_chr2:103659569-103663070,enhancer_hit,single
Acaca_Forebrain_Any,chr11:84010453-84014041_chr11:84381825-84385013,enhancer_hit,
Acaca_Forebrain_Any,chr11:84323769-84325650_chr11:84381825-84385013,enhancer_hit,single
Acaca_Forebrain_E11.5,chr11:84010453-84014041_chr11:84381825-84385013,enhancer_hit,
Acaca_Forebrain_E11.5,chr11:84323769-84325650_chr11:84381825-84385013,enhancer_hit,single
Acad12_Heart_Any,chr5:121455208-121456416_chr5:122090978-122098450,enhancer_hit,single
Acad12_Heart_Any,chr5:121455208-121456416_chr5:122103482-122112471,enhancer_hit,single
Acad12_Heart_Any,chr5:121685006-121687501_chr5:122090978-122098450,enhancer_hit,double
Acad12_Heart_Any,chr5:122090978-122098450_chr5:122103482-122112471,enhancer_hit,single
Acad12_Heart_E11.5,chr5:121685006-121687501_chr5:122090978-122098450,enhancer_hit,double
Acad12_Heart_E11.5,chr5:122090978-122098450_chr5:122103482-122112471,enhancer_hit,single
Acads_Heart_Any,chr5:114368776-114376412_chr5:115067821-115076507,enhancer_hit,
Acads_Heart_Any,chr5:114368776-114376412_chr5:115149292-115155676,enhancer_hit,
Acads_Heart_Any,chr5:114368776-114376412_chr5:115165774-115168344,enhancer_hit,
Acads_Heart_Any,chr5:114782609-114786122_chr5:115013636-115019500,enhancer_hit,single
Acads_Heart_Any,chr5:114782609-114786122_chr5:115067821-115076507,enhancer_hit,single
Acads_Heart_Any,chr5:114782609-114786122_chr5:115149292-115155676,enhancer_hit,
Acads_Heart_Any,chr5:114782609-114786122_chr5:115165774-115168344,enhancer_hit,single
Acads_Heart_Any,chr5:114782609-114786122_chr5:115265592-115270392,enhancer_hit,single
Acads_Heart_Any,chr5:115013636-115019500_chr5:115067821-115076507,enhancer_hit,single
Acads_Heart_Any,chr5:115013636-115019500_chr5:115149292-115155676,enhancer_hit,single
Acads_Heart_Any,chr5:115013636-115019500_chr5:115165774-115168344,enhancer_hit,single
Acads_Heart_Any,chr5:115013636-115019500_chr5:115265592-115270392,enhancer_hit,single
Acads_Heart_Any,chr5:115013636-115019500_chr5:115312137-115314252,enhancer_hit,single
Acads_Heart_Any,chr5:115067821-115076507_chr5:115149292-115155676,enhancer_hit,single
Acads_Heart_Any,chr5:115067821-115076507_chr5:115165774-115168344,enhancer_hit,double
Acads_Heart_Any,chr5:115067821-115076507_chr5:115265592-115270392,enhancer_hit,double
Acads_Heart_Any,chr5:115067821-115076507_chr5:115312137-115314252,enhancer_hit,single
Acads_Heart_Any,chr5:115149292-115155676_chr5:115165774-115168344,enhancer_hit,single
Acads_Heart_Any,chr5:115149292-115155676_chr5:115265592-115270392,enhancer_hit,single
Acads_Heart_Any,chr5:115165774-115168344_chr5:115265592-115270392,enhancer_hit,double
Acads_Heart_E11.5,chr5:114368776-114376412_chr5:115067821-115076507,enhancer_hit,
Acads_Heart_E11.5,chr5:114368776-114376412_chr5:115149292-115155676,enhancer_hit,
Acads_Heart_E11.5,chr5:114368776-114376412_chr5:115165774-115168344,enhancer_hit,
Acads_Heart_E11.5,chr5:115013636-115019500_chr5:115067821-115076507,enhancer_hit,single
Acads_Heart_E11.5,chr5:115013636-115019500_chr5:115149292-115155676,enhancer_hit,single
Acads_Heart_E11.5,chr5:115013636-115019500_chr5:115165774-115168344,enhancer_hit,single
Acads_Heart_E11.5,chr5:115013636-115019500_chr5:115265592-115270392,enhancer_hit,single
Acads_Heart_E11.5,chr5:115013636-115019500_chr5:115312137-115314252,enhancer_hit,single
Acads_Heart_E11.5,chr5:115067821-115076507_chr5:115149292-115155676,enhancer_hit,single
Acads_Heart_E11.5,chr5:115067821-115076507_chr5:115165774-115168344,enhancer_hit,double
Acads_Heart_E11.5,chr5:115067821-115076507_chr5:115265592-115270392,enhancer_hit,double
Acads_Heart_E11.5,chr5:115067821-115076507_chr5:115312137-115314252,enhancer_hit,single
Acads_Heart_E11.5,chr5:115149292-115155676_chr5:115165774-115168344,enhancer_hit,single
Acads_Heart_E11.5,chr5:115149292-115155676_chr5:115265592-115270392,enhancer_hit,single
Acads_Heart_E11.5,chr5:115165774-115168344_chr5:115265592-115270392,enhancer_hit,double
Acads_Limb_Any,chr5:114368776-114376412_chr5:115067821-115076507,enhancer_hit,
Acads_Limb_Any,chr5:114368776-114376412_chr5:115149292-115155676,enhancer_hit,
Acads_Limb_Any,chr5:115067821-115076507_chr5:115149292-115155676,enhancer_hit,single
Acads_Limb_Any,chr5:115067821-115076507_chr5:115265592-115270392,enhancer_hit,double
Acads_Limb_Any,chr5:115067821-115076507_chr5:115312137-115314252,enhancer_hit,single
Acads_Limb_Any,chr5:115149292-115155676_chr5:115265592-115270392,enhancer_hit,single
Acads_Limb_E11.5,chr5:114368776-114376412_chr5:115067821-115076507,enhancer_hit,
Acads_Limb_E11.5,chr5:114368776-114376412_chr5:115149292-115155676,enhancer_hit,
Acads_Limb_E11.5,chr5:115067821-115076507_chr5:115149292-115155676,enhancer_hit,single
Acads_Limb_E11.5,chr5:115067821-115076507_chr5:115265592-115270392,enhancer_hit,double
Acads_Limb_E11.5,chr5:115149292-115155676_chr5:115265592-115270392,enhancer_hit,single
Acot2_Heart_Any,chr12:83725924-83727852_chr12:83946933-83948107,enhancer_hit,
Acot2_Heart_Any,chr12:83997834-84001222_chr12:84154591-84156062,enhancer_hit,single
Actn1_Heart_Any,chr12:80207703-80212901_chr12:80215685-80221895,enhancer_hit,single
Actn1_Heart_Any,chr12:80207703-80212901_chr12:80237616-80239977,enhancer_hit,single
Actn1_Heart_Any,chr12:80207703-80212901_chr12:80318523-80319573,enhancer_hit,single
Actn1_Heart_Any,chr12:80207703-80212901_chr12:80329086-80332626,enhancer_hit,single
Actn1_Heart_Any,chr12:80207703-80212901_chr12:80360246-80361413,enhancer_hit,single
Actn1_Heart_Any,chr12:80207703-80212901_chr12:80364734-80368723,enhancer_hit,single
Actn1_Heart_Any,chr12:80215685-80221895_chr12:80222739-80232999,enhancer_hit,
Actn1_Heart_Any,chr12:80215685-80221895_chr12:80237616-80239977,enhancer_hit,
Actn1_Heart_Any,chr12:80215685-80221895_chr12:80329086-80332626,enhancer_hit,single
Actn1_Heart_Any,chr12:80215685-80221895_chr12:80360246-80361413,enhancer_hit,single
Actn1_Heart_Any,chr12:80215685-80221895_chr12:80364734-80368723,enhancer_hit,single
Actn1_Heart_Any,chr12:80222739-80232999_chr12:80237616-80239977,enhancer_hit,single
Actn1_Heart_Any,chr12:80237616-80239977_chr12:80364734-80368723,enhancer_hit,single
Actn1_Heart_Any,chr12:80318523-80319573_chr12:80364734-80368723,enhancer_hit,single
Actn1_Heart_Any,chr12:80329086-80332626_chr12:80360246-80361413,enhancer_hit,single
Actn1_Heart_Any,chr12:80329086-80332626_chr12:80364734-80368723,enhancer_hit,single
Actn1_Heart_Any,chr12:80360246-80361413_chr12:80364734-80368723,enhancer_hit,single
Actn1_Heart_E11.5,chr12:80207703-80212901_chr12:80215685-80221895,enhancer_hit,single
Actn1_Heart_E11.5,chr12:80207703-80212901_chr12:80329086-80332626,enhancer_hit,single
Actn1_Heart_E11.5,chr12:80207703-80212901_chr12:80364734-80368723,enhancer_hit,single
Actn1_Heart_E11.5,chr12:80215685-80221895_chr12:80222739-80232999,enhancer_hit,
Actn1_Heart_E11.5,chr12:80215685-80221895_chr12:80329086-80332626,enhancer_hit,single
Actn1_Heart_E11.5,chr12:80215685-80221895_chr12:80364734-80368723,enhancer_hit,single
Actn1_Heart_E11.5,chr12:80329086-80332626_chr12:80364734-80368723,enhancer_hit,single
Actn1_Limb_Any,chr12:80207703-80212901_chr12:80237616-80239977,enhancer_hit,single
Actn1_Limb_Any,chr12:80207703-80212901_chr12:80329086-80332626,enhancer_hit,single
Actn1_Limb_Any,chr12:80207703-80212901_chr12:80364734-80368723,enhancer_hit,single
Actn1_Limb_Any,chr12:80222739-80232999_chr12:80237616-80239977,enhancer_hit,single
Actn1_Limb_Any,chr12:80237616-80239977_chr12:80364734-80368723,enhancer_hit,single
Actn1_Limb_Any,chr12:80329086-80332626_chr12:80364734-80368723,enhancer_hit,single
Actn2_Heart_Any,chr13:12360540-12362083_chr13:12384121-12386393,enhancer_hit,single
Actr3_Heart_Any,chr1:125573808-125578723_chr1:125652178-125654489,enhancer_hit,
Acvr1_Heart_Any,chr2:58483790-58490482_chr2:58518772-58520020,enhancer_hit,
Acy3_Heart_Any,chr19:3645174-3646722_chr19:4293643-4303455,enhancer_hit,single
Acy3_Heart_Any,chr19:4184344-4188018_chr19:4293643-4303455,enhancer_hit,single
Adam10_Heart_Any,chr9:70668352-70672784_chr9:70920845-70928681,enhancer_hit,single
Adam10_Heart_E11.5,chr9:70668352-70672784_chr9:70920845-70928681,enhancer_hit,single
Adam19_Heart_Any,chr11:46109001-46113178_chr11:46200598-46203223,enhancer_hit,
Adamts6_Heart_Any,chr13:104626569-104629178_chr13:104651186-104652186,enhancer_hit,
Adamts8_Heart_Any,chr9:30984932-30987085_chr9:31010877-31012498,enhancer_hit,single
Adamts9_Heart_Any,chr6:92986930-92989762_chr6:94224888-94226838,enhancer_hit,single
Adamts9_Heart_Any,chr6:93165520-93168757_chr6:94182084-94187956,enhancer_hit,single
Adamts9_Heart_Any,chr6:93165520-93168757_chr6:94224888-94226838,enhancer_hit,single
Adamts9_Heart_Any,chr6:93648403-93649749_chr6:94412648-94414646,enhancer_hit,single
Adamts9_Heart_Any,chr6:94068382-94070411_chr6:94145697-94146697,enhancer_hit,
Adamts9_Heart_Any,chr6:94182084-94187956_chr6:94224888-94226838,enhancer_hit,single
Adamts9_Heart_Any,chr6:94199830-94206999_chr6:94213649-94219406,enhancer_hit,
Adamts9_Heart_E11.5,chr6:94199830-94206999_chr6:94213649-94219406,enhancer_hit,
Adamts9_Limb_Any,chr6:93165520-93168757_chr6:94182084-94187956,enhancer_hit,single
Adamtsl2_Heart_Any,chr2:27195072-27197017_chr2:27197815-27201647,enhancer_hit,
Adamtsl2_Heart_E11.5,chr2:27195072-27197017_chr2:27197815-27201647,enhancer_hit,
Adcy5_Heart_Any,chr16:35204932-35207831_chr16:35231311-35232423,enhancer_hit,
Adcy6_Heart_Any,chr15:100107621-100113796_chr15:100627224-100629937,enhancer_hit,single
Adcy6_Heart_Any,chr15:98584833-98586471_chr15:100107621-100113796,enhancer_hit,single
Adcy6_Heart_Any,chr15:98584833-98586471_chr15:98614148-98617389,enhancer_hit,single
Adcy6_Heart_Any,chr15:98584833-98586471_chr15:99246582-99249287,enhancer_hit,single
Adcy6_Heart_Any,chr15:98584833-98586471_chr15:99355318-99357779,enhancer_hit,single
Adcy6_Heart_Any,chr15:98584833-98586471_chr15:99363735-99365635,enhancer_hit,single
Adcy6_Heart_Any,chr15:98614148-98617389_chr15:100107621-100113796,enhancer_hit,single
Adcy6_Heart_Any,chr15:98614148-98617389_chr15:99246582-99249287,enhancer_hit,single
Adcy6_Heart_Any,chr15:98614148-98617389_chr15:99355318-99357779,enhancer_hit,single
Adcy6_Heart_Any,chr15:98614148-98617389_chr15:99363735-99365635,enhancer_hit,single
Adcy6_Heart_Any,chr15:99246582-99249287_chr15:100107621-100113796,enhancer_hit,single
Adcy6_Heart_Any,chr15:99355318-99357779_chr15:100107621-100113796,enhancer_hit,single
Adcy6_Heart_Any,chr15:99355318-99357779_chr15:99363735-99365635,enhancer_hit,single
Adcy6_Heart_Any,chr15:99363735-99365635_chr15:100107621-100113796,enhancer_hit,single
Adcy6_Heart_Any,chr15:99363735-99365635_chr15:100627224-100629937,enhancer_hit,single
Adcy6_Heart_E11.5,chr15:100107621-100113796_chr15:100627224-100629937,enhancer_hit,single
Adcy6_Heart_E11.5,chr15:98584833-98586471_chr15:100107621-100113796,enhancer_hit,single
Adcy6_Heart_E11.5,chr15:98584833-98586471_chr15:98614148-98617389,enhancer_hit,single
Adcy6_Heart_E11.5,chr15:98584833-98586471_chr15:99246582-99249287,enhancer_hit,single
Adcy6_Heart_E11.5,chr15:98584833-98586471_chr15:99355318-99357779,enhancer_hit,single
Adcy6_Heart_E11.5,chr15:98614148-98617389_chr15:100107621-100113796,enhancer_hit,single
Adcy6_Heart_E11.5,chr15:98614148-98617389_chr15:99246582-99249287,enhancer_hit,single
Adcy6_Heart_E11.5,chr15:98614148-98617389_chr15:99355318-99357779,enhancer_hit,single
Adcy6_Heart_E11.5,chr15:99246582-99249287_chr15:100107621-100113796,enhancer_hit,single
Adcy6_Heart_E11.5,chr15:99355318-99357779_chr15:100107621-100113796,enhancer_hit,single
Add3_Heart_Any,chr19:53006877-53008256_chr19:53016929-53019131,enhancer_hit,single
Add3_Heart_Any,chr19:53006877-53008256_chr19:53155680-53157251,enhancer_hit,
Add3_Heart_Any,chr19:53006877-53008256_chr19:53575338-53576760,enhancer_hit,single
Add3_Heart_Any,chr19:53016929-53019131_chr19:53155680-53157251,enhancer_hit,single
Add3_Heart_Any,chr19:53016929-53019131_chr19:53575338-53576760,enhancer_hit,single
Add3_Heart_Any,chr19:53021435-53024277_chr19:53216973-53218535,enhancer_hit,single
Add3_Heart_Any,chr19:53148613-53149746_chr19:53197570-53200282,enhancer_hit,single
Add3_Heart_Any,chr19:53155680-53157251_chr19:53575338-53576760,enhancer_hit,single
Add3_Heart_E11.5,chr19:53006877-53008256_chr19:53016929-53019131,enhancer_hit,single
Adk_Heart_Any,chr14:20724813-20726808_chr14:21072819-21080352,enhancer_hit,single
Adk_Heart_Any,chr14:20724813-20726808_chr14:21117407-21120289,enhancer_hit,
Adk_Heart_Any,chr14:20724813-20726808_chr14:21560192-21561726,enhancer_hit,
Adk_Heart_Any,chr14:21072819-21080352_chr14:21560192-21561726,enhancer_hit,single
Adk_Heart_E11.5,chr14:20724813-20726808_chr14:21072819-21080352,enhancer_hit,single
Adk_Heart_E11.5,chr14:20724813-20726808_chr14:21117407-21120289,enhancer_hit,
Adk_Heart_E11.5,chr14:20724813-20726808_chr14:21560192-21561726,enhancer_hit,
Adk_Heart_E11.5,chr14:21072819-21080352_chr14:21560192-21561726,enhancer_hit,single
Adm_Heart_Any,chr7:110116278-110119849_chr7:110318480-110319567,enhancer_hit,
Adora2a_Heart_Any,chr10:75264322-75265724_chr10:75378000-75379434,enhancer_hit,
Adora2a_Heart_E11.5,chr10:75264322-75265724_chr10:75378000-75379434,enhancer_hit,
Adra1d_Heart_Any,chr2:131703344-131705084_chr2:132017992-132023513,enhancer_hit,
Adssl1_Heart_Any,chr12:113105557-113109402_chr12:113124378-113125423,enhancer_hit,single
Afap1_Heart_Any,chr5:35902707-35910211_chr5:36168619-36169738,enhancer_hit,
Afap1_Heart_Any,chr5:35984561-35987132_chr5:36922812-36925271,enhancer_hit,
Afap1_Heart_E11.5,chr5:35984561-35987132_chr5:36922812-36925271,enhancer_hit,
Afap1l1_Forebrain_Any,chr18:61757775-61764035_chr18:61780429-61784202,enhancer_hit,single
Afap1l1_Heart_Any,chr18:61757775-61764035_chr18:61765127-61769347,enhancer_hit,
Afap1l1_Heart_Any,chr18:61757775-61764035_chr18:61775038-61779711,enhancer_hit,single
Afap1l1_Heart_Any,chr18:61757775-61764035_chr18:61780429-61784202,enhancer_hit,single
Afap1l1_Heart_Any,chr18:61765127-61769347_chr18:61775038-61779711,enhancer_hit,single
Afap1l1_Heart_Any,chr18:61775038-61779711_chr18:62000884-62003003,enhancer_hit,
Afap1l1_Heart_Any,chr18:61916537-61918607_chr18:62000884-62003003,enhancer_hit,single
Afap1l1_Heart_E11.5,chr18:61757775-61764035_chr18:61765127-61769347,enhancer_hit,
Afap1l1_Heart_E11.5,chr18:61757775-61764035_chr18:61775038-61779711,enhancer_hit,single
Afap1l1_Heart_E11.5,chr18:61757775-61764035_chr18:61780429-61784202,enhancer_hit,single
Afap1l1_Heart_E11.5,chr18:61765127-61769347_chr18:61775038-61779711,enhancer_hit,single
Afap1l1_Heart_E11.5,chr18:61775038-61779711_chr18:62000884-62003003,enhancer_hit,
Aff1_Heart_Any,chr5:103734780-103743258_chr5:103757759-103764156,enhancer_hit,single
Aff1_Heart_Any,chr5:103734780-103743258_chr5:103769035-103781097,enhancer_hit,single
Aff1_Heart_Any,chr5:103734780-103743258_chr5:103827738-103829958,enhancer_hit,single
Aff1_Heart_Any,chr5:103757759-103764156_chr5:103769035-103781097,enhancer_hit,single
Aff1_Heart_Any,chr5:103757759-103764156_chr5:103827738-103829958,enhancer_hit,
Aff1_Heart_Any,chr5:103769035-103781097_chr5:103827738-103829958,enhancer_hit,
Aff1_Heart_E11.5,chr5:103734780-103743258_chr5:103757759-103764156,enhancer_hit,single
Aff1_Heart_E11.5,chr5:103734780-103743258_chr5:103769035-103781097,enhancer_hit,single
Aff1_Heart_E11.5,chr5:103734780-103743258_chr5:103827738-103829958,enhancer_hit,single
Aff1_Heart_E11.5,chr5:103757759-103764156_chr5:103769035-103781097,enhancer_hit,single
Aff1_Heart_E11.5,chr5:103757759-103764156_chr5:103827738-103829958,enhancer_hit,
Aff1_Heart_E11.5,chr5:103769035-103781097_chr5:103827738-103829958,enhancer_hit,
Aff1_Limb_Any,chr5:103757759-103764156_chr5:103769035-103781097,enhancer_hit,single
Aff1_Limb_E11.5,chr5:103757759-103764156_chr5:103769035-103781097,enhancer_hit,single
Agmat_Heart_Any,chr4:141524478-141525523_chr4:141718722-141720919,enhancer_hit,single
Agmat_Heart_Any,chr4:141524478-141525523_chr4:141765848-141768600,enhancer_hit,single
Agmat_Heart_Any,chr4:141718722-141720919_chr4:141765848-141768600,enhancer_hit,single
Agmat_Heart_E11.5,chr4:141524478-141525523_chr4:141765848-141768600,enhancer_hit,single
Agpat2_Heart_Any,chr2:26117720-26120318_chr2:26512883-26517523,enhancer_hit,
Agpat9_Heart_Any,chr5:100835146-100839148_chr5:100863943-100865884,enhancer_hit,single
Agpat9_Heart_Any,chr5:100835146-100839148_chr5:102044423-102046952,enhancer_hit,single
Agpat9_Heart_Any,chr5:100863943-100865884_chr5:102044423-102046952,enhancer_hit,single
Agpat9_Heart_E11.5,chr5:100835146-100839148_chr5:102044423-102046952,enhancer_hit,single
Agpat9_Limb_Any,chr5:100835146-100839148_chr5:102044423-102046952,enhancer_hit,single
Ahdc1_Forebrain_Any,chr4:132937146-132939612_chr4:132982204-132984933,enhancer_hit,single
Ahdc1_Forebrain_Any,chr4:132937146-132939612_chr4:133002172-133004447,enhancer_hit,single
Ahdc1_Forebrain_Any,chr4:132982204-132984933_chr4:133041992-133053882,enhancer_hit,single
Ahdc1_Forebrain_Any,chr4:132982204-132984933_chr4:133067592-133071356,enhancer_hit,single
Ahdc1_Forebrain_Any,chr4:132982204-132984933_chr4:133072947-133077265,enhancer_hit,single
Ahdc1_Forebrain_Any,chr4:132982204-132984933_chr4:133087973-133096147,enhancer_hit,single
Ahdc1_Forebrain_Any,chr4:133002172-133004447_chr4:133087973-133096147,enhancer_hit,
Ahdc1_Forebrain_Any,chr4:133067592-133071356_chr4:133072947-133077265,enhancer_hit,single
Ahdc1_Forebrain_Any,chr4:133067592-133071356_chr4:133087973-133096147,enhancer_hit,single
Ahdc1_Forebrain_Any,chr4:133072947-133077265_chr4:133087973-133096147,enhancer_hit,single
Ahdc1_Forebrain_E11.5,chr4:132982204-132984933_chr4:133041992-133053882,enhancer_hit,single
Ahdc1_Forebrain_E11.5,chr4:132982204-132984933_chr4:133087973-133096147,enhancer_hit,single
Ahdc1_Heart_Any,chr4:132937146-132939612_chr4:132982204-132984933,enhancer_hit,single
Ahdc1_Heart_Any,chr4:132937146-132939612_chr4:133002172-133004447,enhancer_hit,single
Ahdc1_Heart_Any,chr4:132982204-132984933_chr4:133041992-133053882,enhancer_hit,single
Ahdc1_Heart_Any,chr4:132982204-132984933_chr4:133067592-133071356,enhancer_hit,single
Ahdc1_Heart_Any,chr4:132982204-132984933_chr4:133072947-133077265,enhancer_hit,single
Ahdc1_Heart_Any,chr4:132982204-132984933_chr4:133087973-133096147,enhancer_hit,single
Ahdc1_Heart_Any,chr4:133002172-133004447_chr4:133087973-133096147,enhancer_hit,
Ahdc1_Heart_Any,chr4:133067592-133071356_chr4:133072947-133077265,enhancer_hit,single
Ahdc1_Heart_Any,chr4:133067592-133071356_chr4:133087973-133096147,enhancer_hit,single
Ahdc1_Heart_Any,chr4:133072947-133077265_chr4:133087973-133096147,enhancer_hit,single
Ahdc1_Heart_E11.5,chr4:132937146-132939612_chr4:132982204-132984933,enhancer_hit,single
Ahdc1_Heart_E11.5,chr4:132937146-132939612_chr4:133002172-133004447,enhancer_hit,single
Ahdc1_Heart_E11.5,chr4:132982204-132984933_chr4:133041992-133053882,enhancer_hit,single
Ahdc1_Heart_E11.5,chr4:132982204-132984933_chr4:133067592-133071356,enhancer_hit,single
Ahdc1_Heart_E11.5,chr4:132982204-132984933_chr4:133072947-133077265,enhancer_hit,single
Ahdc1_Heart_E11.5,chr4:132982204-132984933_chr4:133087973-133096147,enhancer_hit,single
Ahdc1_Heart_E11.5,chr4:133002172-133004447_chr4:133087973-133096147,enhancer_hit,
Ahdc1_Heart_E11.5,chr4:133067592-133071356_chr4:133072947-133077265,enhancer_hit,single
Ahdc1_Heart_E11.5,chr4:133067592-133071356_chr4:133087973-133096147,enhancer_hit,single
Ahdc1_Heart_E11.5,chr4:133072947-133077265_chr4:133087973-133096147,enhancer_hit,single
Ahdc1_Limb_Any,chr4:132937146-132939612_chr4:132982204-132984933,enhancer_hit,single
Ahdc1_Limb_Any,chr4:132982204-132984933_chr4:133041992-133053882,enhancer_hit,single
Ahdc1_Limb_Any,chr4:132982204-132984933_chr4:133067592-133071356,enhancer_hit,single
Ahdc1_Limb_Any,chr4:132982204-132984933_chr4:133072947-133077265,enhancer_hit,single
Ahdc1_Limb_Any,chr4:132982204-132984933_chr4:133087973-133096147,enhancer_hit,single
Ahdc1_Limb_Any,chr4:133067592-133071356_chr4:133072947-133077265,enhancer_hit,single
Ahdc1_Limb_Any,chr4:133067592-133071356_chr4:133087973-133096147,enhancer_hit,single
Ahdc1_Limb_Any,chr4:133072947-133077265_chr4:133087973-133096147,enhancer_hit,single
Ahdc1_Limb_E11.5,chr4:132937146-132939612_chr4:132982204-132984933,enhancer_hit,single
Ahdc1_Limb_E11.5,chr4:132982204-132984933_chr4:133041992-133053882,enhancer_hit,single
Ahdc1_Limb_E11.5,chr4:132982204-132984933_chr4:133067592-133071356,enhancer_hit,single
Ahdc1_Limb_E11.5,chr4:132982204-132984933_chr4:133072947-133077265,enhancer_hit,single
Ahdc1_Limb_E11.5,chr4:132982204-132984933_chr4:133087973-133096147,enhancer_hit,single
Ahdc1_Limb_E11.5,chr4:133067592-133071356_chr4:133072947-133077265,enhancer_hit,single
Ahdc1_Limb_E11.5,chr4:133067592-133071356_chr4:133087973-133096147,enhancer_hit,single
Ahdc1_Limb_E11.5,chr4:133072947-133077265_chr4:133087973-133096147,enhancer_hit,single
Ahnak_Heart_Any,chr19:8980208-8986783_chr19:8991783-8999405,enhancer_hit,
Ahnak_Heart_Any,chr19:8980208-8986783_chr19:9069269-9075330,enhancer_hit,single
Ahnak_Heart_Any,chr19:8991783-8999405_chr19:9069269-9075330,enhancer_hit,
Ahnak_Heart_Any,chr19:9021961-9024149_chr19:9069269-9075330,enhancer_hit,
Ahnak_Heart_Any,chr19:9021961-9024149_chr19:9104042-9108218,enhancer_hit,single
Ahnak_Heart_Any,chr19:9069269-9075330_chr19:9104042-9108218,enhancer_hit,
Ahnak_Heart_E11.5,chr19:8980208-8986783_chr19:8991783-8999405,enhancer_hit,
Ahnak_Heart_E11.5,chr19:8980208-8986783_chr19:9069269-9075330,enhancer_hit,single
Ahnak_Heart_E11.5,chr19:8991783-8999405_chr19:9069269-9075330,enhancer_hit,
Ahnak_Heart_E11.5,chr19:9069269-9075330_chr19:9104042-9108218,enhancer_hit,
Ahnak_Limb_Any,chr19:8980208-8986783_chr19:8991783-8999405,enhancer_hit,
Ahnak_Limb_Any,chr19:8980208-8986783_chr19:9069269-9075330,enhancer_hit,single
Ahnak_Limb_Any,chr19:8991783-8999405_chr19:9069269-9075330,enhancer_hit,
Ahnak_Limb_Any,chr19:9021961-9024149_chr19:9069269-9075330,enhancer_hit,
Ahnak_Limb_Any,chr19:9021961-9024149_chr19:9104042-9108218,enhancer_hit,single
Ahnak_Limb_Any,chr19:9069269-9075330_chr19:9104042-9108218,enhancer_hit,
Aif1l_Heart_Any,chr2:31726806-31730129_chr2:31952975-31955764,enhancer_hit,
Aif1l_Heart_Any,chr2:31726806-31730129_chr2:32837730-32839890,enhancer_hit,double
Aif1l_Heart_Any,chr2:31952975-31955764_chr2:32103465-32106629,enhancer_hit,
Aif1l_Heart_E11.5,chr2:31726806-31730129_chr2:31952975-31955764,enhancer_hit,
Aif1l_Heart_E11.5,chr2:31726806-31730129_chr2:32837730-32839890,enhancer_hit,double
Aif1l_Heart_E11.5,chr2:31952975-31955764_chr2:32103465-32106629,enhancer_hit,
Aifm2_Heart_Any,chr10:61751063-61752590_chr10:62854446-62856995,enhancer_hit,single
Airn_Forebrain_Any,chr17:12716716-12727986_chr17:12743897-12761692,enhancer_hit,
Airn_Forebrain_Any,chr17:12716716-12727986_chr17:12788281-12802675,enhancer_hit,single
Airn_Forebrain_Any,chr17:12743897-12761692_chr17:12788281-12802675,enhancer_hit,single
Airn_Heart_Any,chr17:12716716-12727986_chr17:12732865-12738810,enhancer_hit,
Airn_Heart_Any,chr17:12716716-12727986_chr17:12743897-12761692,enhancer_hit,
Airn_Heart_Any,chr17:12716716-12727986_chr17:12762518-12767164,enhancer_hit,
Airn_Heart_Any,chr17:12716716-12727986_chr17:12773130-12775597,enhancer_hit,
Airn_Heart_Any,chr17:12716716-12727986_chr17:12788281-12802675,enhancer_hit,single
Airn_Heart_Any,chr17:12716716-12727986_chr17:12886483-12887965,enhancer_hit,
Airn_Heart_Any,chr17:12732865-12738810_chr17:12743897-12761692,enhancer_hit,
Airn_Heart_Any,chr17:12732865-12738810_chr17:12762518-12767164,enhancer_hit,
Airn_Heart_Any,chr17:12732865-12738810_chr17:12773130-12775597,enhancer_hit,
Airn_Heart_Any,chr17:12732865-12738810_chr17:12788281-12802675,enhancer_hit,
Airn_Heart_Any,chr17:12732865-12738810_chr17:12886483-12887965,enhancer_hit,
Airn_Heart_Any,chr17:12743897-12761692_chr17:12762518-12767164,enhancer_hit,
Airn_Heart_Any,chr17:12743897-12761692_chr17:12773130-12775597,enhancer_hit,single
Airn_Heart_Any,chr17:12743897-12761692_chr17:12788281-12802675,enhancer_hit,single
Airn_Heart_Any,chr17:12743897-12761692_chr17:12886483-12887965,enhancer_hit,
Airn_Heart_Any,chr17:12762518-12767164_chr17:12773130-12775597,enhancer_hit,single
Airn_Heart_Any,chr17:12762518-12767164_chr17:12788281-12802675,enhancer_hit,single
Airn_Heart_Any,chr17:12762518-12767164_chr17:12886483-12887965,enhancer_hit,single
Airn_Heart_Any,chr17:12773130-12775597_chr17:12788281-12802675,enhancer_hit,single
Airn_Heart_Any,chr17:12773130-12775597_chr17:12886483-12887965,enhancer_hit,single
Airn_Heart_Any,chr17:12788281-12802675_chr17:12886483-12887965,enhancer_hit,single
Airn_Heart_E11.5,chr17:12716716-12727986_chr17:12732865-12738810,enhancer_hit,
Airn_Heart_E11.5,chr17:12716716-12727986_chr17:12743897-12761692,enhancer_hit,
Airn_Heart_E11.5,chr17:12716716-12727986_chr17:12762518-12767164,enhancer_hit,
Airn_Heart_E11.5,chr17:12716716-12727986_chr17:12773130-12775597,enhancer_hit,
Airn_Heart_E11.5,chr17:12716716-12727986_chr17:12788281-12802675,enhancer_hit,single
Airn_Heart_E11.5,chr17:12732865-12738810_chr17:12743897-12761692,enhancer_hit,
Airn_Heart_E11.5,chr17:12732865-12738810_chr17:12762518-12767164,enhancer_hit,
Airn_Heart_E11.5,chr17:12732865-12738810_chr17:12773130-12775597,enhancer_hit,
Airn_Heart_E11.5,chr17:12732865-12738810_chr17:12788281-12802675,enhancer_hit,
Airn_Heart_E11.5,chr17:12743897-12761692_chr17:12762518-12767164,enhancer_hit,
Airn_Heart_E11.5,chr17:12743897-12761692_chr17:12773130-12775597,enhancer_hit,single
Airn_Heart_E11.5,chr17:12743897-12761692_chr17:12788281-12802675,enhancer_hit,single
Airn_Heart_E11.5,chr17:12762518-12767164_chr17:12773130-12775597,enhancer_hit,single
Airn_Heart_E11.5,chr17:12762518-12767164_chr17:12788281-12802675,enhancer_hit,single
Airn_Heart_E11.5,chr17:12773130-12775597_chr17:12788281-12802675,enhancer_hit,single
Airn_Limb_Any,chr17:12716716-12727986_chr17:12732865-12738810,enhancer_hit,
Airn_Limb_Any,chr17:12716716-12727986_chr17:12743897-12761692,enhancer_hit,
Airn_Limb_Any,chr17:12716716-12727986_chr17:12762518-12767164,enhancer_hit,
Airn_Limb_Any,chr17:12716716-12727986_chr17:12788281-12802675,enhancer_hit,single
Airn_Limb_Any,chr17:12716716-12727986_chr17:12843663-12845620,enhancer_hit,
Airn_Limb_Any,chr17:12716716-12727986_chr17:12886483-12887965,enhancer_hit,
Airn_Limb_Any,chr17:12732865-12738810_chr17:12743897-12761692,enhancer_hit,
Airn_Limb_Any,chr17:12732865-12738810_chr17:12762518-12767164,enhancer_hit,
Airn_Limb_Any,chr17:12732865-12738810_chr17:12788281-12802675,enhancer_hit,
Airn_Limb_Any,chr17:12732865-12738810_chr17:12886483-12887965,enhancer_hit,
Airn_Limb_Any,chr17:12743897-12761692_chr17:12762518-12767164,enhancer_hit,
Airn_Limb_Any,chr17:12743897-12761692_chr17:12788281-12802675,enhancer_hit,single
Airn_Limb_Any,chr17:12743897-12761692_chr17:12843663-12845620,enhancer_hit,single
Airn_Limb_Any,chr17:12743897-12761692_chr17:12886483-12887965,enhancer_hit,
Airn_Limb_Any,chr17:12762518-12767164_chr17:12788281-12802675,enhancer_hit,single
Airn_Limb_Any,chr17:12762518-12767164_chr17:12843663-12845620,enhancer_hit,single
Airn_Limb_Any,chr17:12762518-12767164_chr17:12886483-12887965,enhancer_hit,single
Airn_Limb_Any,chr17:12788281-12802675_chr17:12843663-12845620,enhancer_hit,single
Airn_Limb_Any,chr17:12788281-12802675_chr17:12886483-12887965,enhancer_hit,single
Airn_Limb_E11.5,chr17:12716716-12727986_chr17:12732865-12738810,enhancer_hit,
Airn_Limb_E11.5,chr17:12716716-12727986_chr17:12743897-12761692,enhancer_hit,
Airn_Limb_E11.5,chr17:12716716-12727986_chr17:12762518-12767164,enhancer_hit,
Airn_Limb_E11.5,chr17:12716716-12727986_chr17:12788281-12802675,enhancer_hit,single
Airn_Limb_E11.5,chr17:12732865-12738810_chr17:12743897-12761692,enhancer_hit,
Airn_Limb_E11.5,chr17:12732865-12738810_chr17:12762518-12767164,enhancer_hit,
Airn_Limb_E11.5,chr17:12732865-12738810_chr17:12788281-12802675,enhancer_hit,
Airn_Limb_E11.5,chr17:12743897-12761692_chr17:12762518-12767164,enhancer_hit,
Airn_Limb_E11.5,chr17:12743897-12761692_chr17:12788281-12802675,enhancer_hit,single
Airn_Limb_E11.5,chr17:12762518-12767164_chr17:12788281-12802675,enhancer_hit,single
Ak1_Forebrain_Any,chr2:31448589-31449893_chr2:32175670-32184037,enhancer_hit,single
Ak1_Forebrain_Any,chr2:32175670-32184037_chr2:32435871-32438470,enhancer_hit,single
Ak1_Forebrain_E11.5,chr2:32175670-32184037_chr2:32435871-32438470,enhancer_hit,single
Ak1_Heart_Any,chr2:31448589-31449893_chr2:32175670-32184037,enhancer_hit,single
Ak1_Heart_Any,chr2:32175670-32184037_chr2:32435871-32438470,enhancer_hit,single
Ak1_Heart_E11.5,chr2:32175670-32184037_chr2:32435871-32438470,enhancer_hit,single
Ak1_Limb_Any,chr2:32175670-32184037_chr2:32435871-32438470,enhancer_hit,single
Akap2_Forebrain_Any,chr4:57543209-57545277_chr4:57558220-57562564,enhancer_hit,
Akap2_Heart_Any,chr4:56928222-56933092_chr4:57537017-57539665,enhancer_hit,
Akap2_Heart_Any,chr4:56928222-56933092_chr4:57584194-57589716,enhancer_hit,single
Akap2_Heart_Any,chr4:56928222-56933092_chr4:57754660-57755909,enhancer_hit,single
Akap2_Heart_Any,chr4:56928222-56933092_chr4:57772124-57773867,enhancer_hit,single
Akap2_Heart_Any,chr4:56928222-56933092_chr4:57780609-57784651,enhancer_hit,single
Akap2_Heart_Any,chr4:56928222-56933092_chr4:57832518-57835708,enhancer_hit,single
Akap2_Heart_Any,chr4:56928222-56933092_chr4:57847747-57849201,enhancer_hit,single
Akap2_Heart_Any,chr4:57266110-57267110_chr4:57669170-57676782,enhancer_hit,single
Akap2_Heart_Any,chr4:57537017-57539665_chr4:57584194-57589716,enhancer_hit,
Akap2_Heart_Any,chr4:57537017-57539665_chr4:57772124-57773867,enhancer_hit,single
Akap2_Heart_Any,chr4:57543209-57545277_chr4:57558220-57562564,enhancer_hit,
Akap2_Heart_Any,chr4:57543209-57545277_chr4:57669170-57676782,enhancer_hit,single
Akap2_Heart_Any,chr4:57558220-57562564_chr4:57669170-57676782,enhancer_hit,single
Akap2_Heart_Any,chr4:57570658-57572047_chr4:57772124-57773867,enhancer_hit,single
Akap2_Heart_Any,chr4:57572629-57578379_chr4:57772124-57773867,enhancer_hit,single
Akap2_Heart_Any,chr4:57572629-57578379_chr4:57847747-57849201,enhancer_hit,single
Akap2_Heart_Any,chr4:57584194-57589716_chr4:57599687-57602762,enhancer_hit,single
Akap2_Heart_Any,chr4:57584194-57589716_chr4:57772124-57773867,enhancer_hit,single
Akap2_Heart_Any,chr4:57584194-57589716_chr4:57847747-57849201,enhancer_hit,single
Akap2_Heart_Any,chr4:57669170-57676782_chr4:57772124-57773867,enhancer_hit,single
Akap2_Heart_Any,chr4:57669170-57676782_chr4:57847747-57849201,enhancer_hit,single
Akap2_Heart_Any,chr4:57754660-57755909_chr4:57772124-57773867,enhancer_hit,single
Akap2_Heart_Any,chr4:57772124-57773867_chr4:57847747-57849201,enhancer_hit,single
Akap2_Heart_E11.5,chr4:56928222-56933092_chr4:57537017-57539665,enhancer_hit,
Akap2_Heart_E11.5,chr4:56928222-56933092_chr4:57584194-57589716,enhancer_hit,single
Akap2_Heart_E11.5,chr4:56928222-56933092_chr4:57754660-57755909,enhancer_hit,single
Akap2_Heart_E11.5,chr4:56928222-56933092_chr4:57772124-57773867,enhancer_hit,single
Akap2_Heart_E11.5,chr4:56928222-56933092_chr4:57780609-57784651,enhancer_hit,single
Akap2_Heart_E11.5,chr4:56928222-56933092_chr4:57832518-57835708,enhancer_hit,single
Akap2_Heart_E11.5,chr4:56928222-56933092_chr4:57847747-57849201,enhancer_hit,single
Akap2_Heart_E11.5,chr4:57537017-57539665_chr4:57584194-57589716,enhancer_hit,
Akap2_Heart_E11.5,chr4:57537017-57539665_chr4:57772124-57773867,enhancer_hit,single
Akap2_Heart_E11.5,chr4:57558220-57562564_chr4:57669170-57676782,enhancer_hit,single
Akap2_Heart_E11.5,chr4:57570658-57572047_chr4:57772124-57773867,enhancer_hit,single
Akap2_Heart_E11.5,chr4:57572629-57578379_chr4:57772124-57773867,enhancer_hit,single
Akap2_Heart_E11.5,chr4:57572629-57578379_chr4:57847747-57849201,enhancer_hit,single
Akap2_Heart_E11.5,chr4:57584194-57589716_chr4:57599687-57602762,enhancer_hit,single
Akap2_Heart_E11.5,chr4:57584194-57589716_chr4:57772124-57773867,enhancer_hit,single
Akap2_Heart_E11.5,chr4:57584194-57589716_chr4:57847747-57849201,enhancer_hit,single
Akap2_Heart_E11.5,chr4:57669170-57676782_chr4:57772124-57773867,enhancer_hit,single
Akap2_Heart_E11.5,chr4:57669170-57676782_chr4:57847747-57849201,enhancer_hit,single
Akap2_Heart_E11.5,chr4:57754660-57755909_chr4:57772124-57773867,enhancer_hit,single
Akap2_Heart_E11.5,chr4:57772124-57773867_chr4:57847747-57849201,enhancer_hit,single
Akap2_Limb_Any,chr4:57543209-57545277_chr4:57558220-57562564,enhancer_hit,
Akap2_Limb_Any,chr4:57543209-57545277_chr4:57669170-57676782,enhancer_hit,single
Akap2_Limb_Any,chr4:57558220-57562564_chr4:57669170-57676782,enhancer_hit,single
Akap2_Limb_Any,chr4:57669170-57676782_chr4:57847747-57849201,enhancer_hit,single
Akap2_Limb_E11.5,chr4:57543209-57545277_chr4:57669170-57676782,enhancer_hit,single
Akap2_Limb_E11.5,chr4:57669170-57676782_chr4:57847747-57849201,enhancer_hit,single
Akap6_Forebrain_Any,chr12:52833952-52837157_chr12:52892413-52896205,enhancer_hit,single
Akap6_Heart_Any,chr12:52833952-52837157_chr12:52892413-52896205,enhancer_hit,single
Akip1_Heart_Any,chr7:109565724-109569436_chr7:109620292-109623420,enhancer_hit,single
Akip1_Heart_Any,chr7:109565724-109569436_chr7:109628453-109631760,enhancer_hit,single
Akip1_Heart_Any,chr7:109620292-109623420_chr7:109628453-109631760,enhancer_hit,
Akip1_Heart_Any,chr7:109628453-109631760_chr7:109854004-109855219,enhancer_hit,
Akt3_Forebrain_Any,chr1:177037743-177040490_chr1:177337607-177339718,enhancer_hit,single
Akt3_Forebrain_Any,chr1:177037743-177040490_chr1:177683715-177684910,enhancer_hit,single
Akt3_Forebrain_Any,chr1:177321479-177324062_chr1:177337607-177339718,enhancer_hit,
Akt3_Forebrain_E11.5,chr1:177321479-177324062_chr1:177337607-177339718,enhancer_hit,
Aldh7a1_Heart_Any,chr18:56714376-56717097_chr18:56877846-56879437,enhancer_hit,single
Alkbh5_Heart_Any,chr11:60268005-60269480_chr11:60546750-60549043,enhancer_hit,
Angptl1_Heart_Any,chr1:156760069-156763604_chr1:156778347-156783481,enhancer_hit,
Angptl1_Heart_Any,chr1:156760069-156763604_chr1:156958918-156959953,enhancer_hit,
Angptl1_Heart_Any,chr1:156778347-156783481_chr1:156958918-156959953,enhancer_hit,single
Angptl1_Heart_E11.5,chr1:156778347-156783481_chr1:156958918-156959953,enhancer_hit,single
Angptl1_Limb_Any,chr1:156760069-156763604_chr1:156778347-156783481,enhancer_hit,
Angptl1_Limb_E11.5,chr1:156760069-156763604_chr1:156778347-156783481,enhancer_hit,
Ankrd13b_Forebrain_Any,chr11:76444612-76451811_chr11:76471432-76473931,enhancer_hit,single
Ankrd13b_Forebrain_Any,chr11:76444612-76451811_chr11:77484850-77487166,enhancer_hit,single
Ankrd13b_Forebrain_Any,chr11:76444612-76451811_chr11:77905738-77907786,enhancer_hit,single
Ankrd13b_Forebrain_Any,chr11:76444612-76451811_chr11:77909241-77910712,enhancer_hit,single
Ankrd13b_Forebrain_Any,chr11:76444612-76451811_chr11:77947261-77948830,enhancer_hit,single
Ankrd13b_Forebrain_Any,chr11:76471432-76473931_chr11:77484850-77487166,enhancer_hit,single
Ankrd13b_Forebrain_Any,chr11:76471432-76473931_chr11:77905738-77907786,enhancer_hit,single
Ankrd13b_Forebrain_Any,chr11:76471432-76473931_chr11:77909241-77910712,enhancer_hit,single
Ankrd13b_Forebrain_Any,chr11:77905738-77907786_chr11:77909241-77910712,enhancer_hit,single
Ankrd13b_Forebrain_Any,chr11:77905738-77907786_chr11:77947261-77948830,enhancer_hit,single
Ankrd13b_Forebrain_Any,chr11:77909241-77910712_chr11:77947261-77948830,enhancer_hit,single
Ankrd13b_Forebrain_E11.5,chr11:76444612-76451811_chr11:77484850-77487166,enhancer_hit,single
Ankrd13b_Forebrain_E11.5,chr11:76444612-76451811_chr11:77905738-77907786,enhancer_hit,single
Ankrd13b_Forebrain_E11.5,chr11:76444612-76451811_chr11:77947261-77948830,enhancer_hit,single
Ankrd13b_Forebrain_E11.5,chr11:77905738-77907786_chr11:77947261-77948830,enhancer_hit,single
Ankrd13b_Heart_Any,chr11:76444612-76451811_chr11:78001157-78002157,enhancer_hit,single
Ankrd13b_Limb_Any,chr11:76444612-76451811_chr11:76471432-76473931,enhancer_hit,single
Ankrd13b_Limb_Any,chr11:76444612-76451811_chr11:77484850-77487166,enhancer_hit,single
Ankrd13b_Limb_Any,chr11:76471432-76473931_chr11:77484850-77487166,enhancer_hit,single
Ankrd13b_Limb_E11.5,chr11:76444612-76451811_chr11:76471432-76473931,enhancer_hit,single
Ankrd13b_Limb_E11.5,chr11:76444612-76451811_chr11:77484850-77487166,enhancer_hit,single
Ankrd13b_Limb_E11.5,chr11:76471432-76473931_chr11:77484850-77487166,enhancer_hit,single
Ankrd24_Forebrain_Any,chr10:81642361-81644742_chr10:83059552-83061878,enhancer_hit,
Ankrd24_Heart_Any,chr10:81642361-81644742_chr10:83059552-83061878,enhancer_hit,
Ankrd24_Heart_E11.5,chr10:81642361-81644742_chr10:83059552-83061878,enhancer_hit,
Ankrd33b_Heart_Any,chr15:31301988-31303600_chr15:31395328-31397860,enhancer_hit,single
Ankrd33b_Heart_Any,chr15:31301988-31303600_chr15:31422384-31423452,enhancer_hit,single
Ankrd39_Forebrain_Any,chr1:37344370-37348110_chr1:37510111-37513682,enhancer_hit,single
Ankrd50_Forebrain_Any,chr3:38695435-38699413_chr3:38939435-38940435,enhancer_hit,single
Anks1b_Forebrain_Any,chr10:90595963-90597176_chr10:90697006-90700042,enhancer_hit,single
Anks1b_Forebrain_Any,chr10:90697006-90700042_chr10:90751197-90752944,enhancer_hit,
Anxa11_Heart_Any,chr14:25342406-25344134_chr14:25786582-25788322,enhancer_hit,single
Anxa11_Limb_Any,chr14:25342406-25344134_chr14:25786582-25788322,enhancer_hit,single
Anxa2_Heart_Any,chr9:68301464-68303711_chr9:69464890-69473876,enhancer_hit,single
Anxa2_Heart_Any,chr9:69464890-69473876_chr9:69475794-69477098,enhancer_hit,
Anxa2_Heart_Any,chr9:69464890-69473876_chr9:69488286-69489286,enhancer_hit,single
Anxa2_Heart_E11.5,chr9:68301464-68303711_chr9:69464890-69473876,enhancer_hit,single
Anxa2_Heart_E11.5,chr9:69464890-69473876_chr9:69475794-69477098,enhancer_hit,
Anxa6_Heart_Any,chr11:54529683-54531595_chr11:54804607-54805789,enhancer_hit,single
Anxa6_Heart_Any,chr11:54919008-54922418_chr11:55012258-55030166,enhancer_hit,single
Anxa6_Heart_E11.5,chr11:54919008-54922418_chr11:55012258-55030166,enhancer_hit,single
Aoc3_Heart_Any,chr11:100974334-100975759_chr11:101220557-101222380,enhancer_hit,double
Apba3_Forebrain_Any,chr10:79932067-79939237_chr10:80957961-80965035,enhancer_hit,
Apba3_Heart_Any,chr10:79932067-79939237_chr10:80031374-80037025,enhancer_hit,
Apba3_Heart_Any,chr10:79932067-79939237_chr10:80957961-80965035,enhancer_hit,
Apba3_Heart_Any,chr10:79932067-79939237_chr10:80985134-80988506,enhancer_hit,single
Apba3_Heart_Any,chr10:80031374-80037025_chr10:80985134-80988506,enhancer_hit,single
Apba3_Heart_Any,chr10:80957961-80965035_chr10:80985134-80988506,enhancer_hit,single
Apba3_Heart_E11.5,chr10:79932067-79939237_chr10:80031374-80037025,enhancer_hit,
Apba3_Heart_E11.5,chr10:79932067-79939237_chr10:80957961-80965035,enhancer_hit,
Apba3_Heart_E11.5,chr10:79932067-79939237_chr10:80985134-80988506,enhancer_hit,single
Apba3_Heart_E11.5,chr10:80031374-80037025_chr10:80985134-80988506,enhancer_hit,single
Apba3_Heart_E11.5,chr10:80957961-80965035_chr10:80985134-80988506,enhancer_hit,single
Apba3_Limb_Any,chr10:79932067-79939237_chr10:80957961-80965035,enhancer_hit,
Apba3_Limb_Any,chr10:79932067-79939237_chr10:80985134-80988506,enhancer_hit,single
Apba3_Limb_Any,chr10:80957961-80965035_chr10:80985134-80988506,enhancer_hit,single
Apip_Heart_Any,chr2:102111599-102113746_chr2:103085511-103086511,enhancer_hit,
Apip_Heart_Any,chr2:102111599-102113746_chr2:103379089-103380941,enhancer_hit,single
Aplnr_Heart_Any,chr2:85128674-85133285_chr2:85171671-85173236,enhancer_hit,single
Aprt_Heart_Any,chr8:119885140-119886443_chr8:121895883-121902846,enhancer_hit,single
Arap3_Heart_Any,chr18:38518923-38520851_chr18:38921386-38924231,enhancer_hit,single
Arap3_Heart_E11.5,chr18:38518923-38520851_chr18:38921386-38924231,enhancer_hit,single
Arfgef2_Heart_Any,chr2:166973920-166978491_chr2:167335040-167338411,enhancer_hit,single
Arfgef2_Heart_Any,chr2:166973920-166978491_chr2:167463020-167464434,enhancer_hit,single
Arfgef2_Heart_Any,chr2:167048064-167049765_chr2:167463020-167464434,enhancer_hit,single
Arfgef2_Heart_Any,chr2:167335040-167338411_chr2:167463020-167464434,enhancer_hit,single
Arfgef2_Heart_E11.5,chr2:166973920-166978491_chr2:167335040-167338411,enhancer_hit,single
Arfgef2_Heart_E11.5,chr2:166973920-166978491_chr2:167463020-167464434,enhancer_hit,single
Arfgef2_Heart_E11.5,chr2:167048064-167049765_chr2:167463020-167464434,enhancer_hit,single
Arfgef2_Heart_E11.5,chr2:167335040-167338411_chr2:167463020-167464434,enhancer_hit,single
Arfip1_Heart_Any,chr3:84585641-84589355_chr3:84636375-84640802,enhancer_hit,single
Arhgap26_Forebrain_Any,chr18:38170264-38177945_chr18:38365726-38368084,enhancer_hit,single
Arhgap26_Heart_Any,chr18:38170264-38177945_chr18:38365726-38368084,enhancer_hit,single
Arhgap26_Heart_E11.5,chr18:38170264-38177945_chr18:38365726-38368084,enhancer_hit,single
Arhgap28_Heart_Any,chr17:67864816-67868222_chr17:67988523-67990382,enhancer_hit,single
Arhgap28_Heart_E11.5,chr17:67864816-67868222_chr17:67988523-67990382,enhancer_hit,single
Arhgap28_Limb_Any,chr17:67864816-67868222_chr17:67988523-67990382,enhancer_hit,single
Arhgap28_Limb_E11.5,chr17:67864816-67868222_chr17:67988523-67990382,enhancer_hit,single
Arhgap29_Forebrain_Any,chr3:122047046-122050028_chr3:122129542-122134547,enhancer_hit,
Arhgap29_Heart_Any,chr3:122047046-122050028_chr3:122077514-122079336,enhancer_hit,
Arhgap29_Heart_Any,chr3:122047046-122050028_chr3:122129542-122134547,enhancer_hit,
Arhgap29_Heart_Any,chr3:122077514-122079336_chr3:122129542-122134547,enhancer_hit,single
Arhgap29_Heart_E11.5,chr3:122047046-122050028_chr3:122077514-122079336,enhancer_hit,
Arhgap29_Heart_E11.5,chr3:122047046-122050028_chr3:122129542-122134547,enhancer_hit,
Arhgap29_Heart_E11.5,chr3:122077514-122079336_chr3:122129542-122134547,enhancer_hit,single
Arhgap29_Limb_Any,chr3:122047046-122050028_chr3:122077514-122079336,enhancer_hit,
Arhgap31_Heart_Any,chr16:38622370-38631055_chr16:38666366-38669648,enhancer_hit,single
Arhgap31_Heart_Any,chr16:38622370-38631055_chr16:38701105-38703153,enhancer_hit,single
Arhgap31_Heart_Any,chr16:38622370-38631055_chr16:38729007-38731333,enhancer_hit,single
Arhgap31_Heart_Any,chr16:38647801-38655489_chr16:38729007-38731333,enhancer_hit,
Arhgap31_Heart_Any,chr16:38666366-38669648_chr16:38701105-38703153,enhancer_hit,single
Arhgap31_Heart_Any,chr16:38666366-38669648_chr16:38729007-38731333,enhancer_hit,single
Arhgap31_Heart_Any,chr16:38701105-38703153_chr16:38729007-38731333,enhancer_hit,single
Arhgap31_Heart_E11.5,chr16:38622370-38631055_chr16:38701105-38703153,enhancer_hit,single
Arhgap31_Heart_E11.5,chr16:38622370-38631055_chr16:38729007-38731333,enhancer_hit,single
Arhgap31_Heart_E11.5,chr16:38647801-38655489_chr16:38729007-38731333,enhancer_hit,
Arhgap31_Heart_E11.5,chr16:38701105-38703153_chr16:38729007-38731333,enhancer_hit,single
Arhgap35_Forebrain_Any,chr7:16298964-16300544_chr7:16930443-16934492,enhancer_hit,double
Arhgap35_Forebrain_Any,chr7:16868490-16870709_chr7:16930443-16934492,enhancer_hit,single
Arhgef19_Heart_Any,chr4:141457636-141460088_chr4:141733979-141735644,enhancer_hit,single
Arhgef19_Heart_E11.5,chr4:141457636-141460088_chr4:141733979-141735644,enhancer_hit,single
Arhgef19_Limb_Any,chr4:141286374-141288707_chr4:141551960-141552960,enhancer_hit,single
Arhgef19_Limb_Any,chr4:141457636-141460088_chr4:141551960-141552960,enhancer_hit,single
Arhgef19_Limb_Any,chr4:141457636-141460088_chr4:141733979-141735644,enhancer_hit,single
Arhgef19_Limb_E11.5,chr4:141457636-141460088_chr4:141733979-141735644,enhancer_hit,single
Arhgef3_Heart_Any,chr14:27170554-27174695_chr14:27241510-27243235,enhancer_hit,single
Arhgef3_Heart_Any,chr14:27170554-27174695_chr14:27347249-27353702,enhancer_hit,
Arhgef3_Heart_Any,chr14:27170554-27174695_chr14:27366228-27369894,enhancer_hit,single
Arhgef3_Heart_Any,chr14:27170554-27174695_chr14:27375929-27376938,enhancer_hit,single
Arhgef3_Heart_Any,chr14:27241510-27243235_chr14:27347249-27353702,enhancer_hit,
Arhgef3_Heart_Any,chr14:27241510-27243235_chr14:27366228-27369894,enhancer_hit,single
Arhgef3_Heart_Any,chr14:27241510-27243235_chr14:27375929-27376938,enhancer_hit,single
Arhgef3_Heart_Any,chr14:27347249-27353702_chr14:27375929-27376938,enhancer_hit,single
Arhgef3_Heart_E11.5,chr14:27170554-27174695_chr14:27347249-27353702,enhancer_hit,
Arhgef3_Heart_E11.5,chr14:27170554-27174695_chr14:27366228-27369894,enhancer_hit,single
Arhgef3_Limb_Any,chr14:27170554-27174695_chr14:27347249-27353702,enhancer_hit,
Arhgef3_Limb_Any,chr14:27170554-27174695_chr14:27366228-27369894,enhancer_hit,single
Arid1b_Forebrain_Any,chr17:3274232-3275463_chr17:5137679-5140382,enhancer_hit,
Arid3a_Heart_Any,chr10:79942021-79948196_chr10:80079709-80082417,enhancer_hit,single
Arid3a_Heart_Any,chr10:79942021-79948196_chr10:80552511-80555103,enhancer_hit,single
Arid3a_Heart_E11.5,chr10:79942021-79948196_chr10:80079709-80082417,enhancer_hit,single
Arid3a_Heart_E11.5,chr10:79942021-79948196_chr10:80552511-80555103,enhancer_hit,single
Artn_Heart_Any,chr4:117999839-118001763_chr4:118057168-118062467,enhancer_hit,
Artn_Limb_Any,chr4:117999839-118001763_chr4:118057168-118062467,enhancer_hit,
Artn_Limb_E11.5,chr4:117999839-118001763_chr4:118057168-118062467,enhancer_hit,
Asb17os_Heart_Any,chr3:152196766-152198254_chr3:153806585-153808917,enhancer_hit,single
Asb17os_Heart_E11.5,chr3:152196766-152198254_chr3:153806585-153808917,enhancer_hit,single
Aspn_Forebrain_Any,chr13:48551408-48554415_chr13:48565128-48567846,enhancer_hit,single
Aspn_Forebrain_Any,chr13:48551408-48554415_chr13:49477144-49481714,enhancer_hit,single
Aspn_Forebrain_Any,chr13:48565128-48567846_chr13:49477144-49481714,enhancer_hit,single
Aspn_Heart_Any,chr13:48551408-48554415_chr13:48565128-48567846,enhancer_hit,single
Aspn_Heart_Any,chr13:48551408-48554415_chr13:49477144-49481714,enhancer_hit,single
Aspn_Heart_Any,chr13:48565128-48567846_chr13:49477144-49481714,enhancer_hit,single
Aspn_Heart_E11.5,chr13:48551408-48554415_chr13:48565128-48567846,enhancer_hit,single
Aspn_Heart_E11.5,chr13:48551408-48554415_chr13:49477144-49481714,enhancer_hit,single
Aspn_Heart_E11.5,chr13:48565128-48567846_chr13:49477144-49481714,enhancer_hit,single
Aspn_Limb_Any,chr13:48551408-48554415_chr13:48565128-48567846,enhancer_hit,single
Aspn_Limb_Any,chr13:48551408-48554415_chr13:49477144-49481714,enhancer_hit,single
Aspn_Limb_Any,chr13:48551408-48554415_chr13:49484969-49487118,enhancer_hit,
Aspn_Limb_Any,chr13:48565128-48567846_chr13:49477144-49481714,enhancer_hit,single
Aspn_Limb_Any,chr13:48565128-48567846_chr13:49484969-49487118,enhancer_hit,single
Atcayos_Heart_Any,chr10:81140452-81147403_chr10:81197190-81199537,enhancer_hit,
Atcayos_Heart_E11.5,chr10:81140452-81147403_chr10:81197190-81199537,enhancer_hit,
Atf1_Heart_Any,chr15:100390657-100392984_chr15:100672990-100675802,enhancer_hit,single
Atf1_Heart_Any,chr15:98826561-98829008_chr15:100390657-100392984,enhancer_hit,single
Atf1_Heart_Any,chr15:98826561-98829008_chr15:98835229-98838694,enhancer_hit,
Atf1_Heart_Any,chr15:98835229-98838694_chr15:100390657-100392984,enhancer_hit,single
Atf1_Heart_Any,chr15:98835229-98838694_chr15:100672990-100675802,enhancer_hit,single
Atf1_Heart_E11.5,chr15:100390657-100392984_chr15:100672990-100675802,enhancer_hit,single
Atf1_Heart_E11.5,chr15:98826561-98829008_chr15:100390657-100392984,enhancer_hit,single
Atf7_Forebrain_Any,chr15:102096959-102100487_chr15:102654991-102660063,enhancer_hit,
Atf7_Heart_Any,chr15:102096959-102100487_chr15:102590015-102591770,enhancer_hit,
Atf7_Heart_Any,chr15:102096959-102100487_chr15:102654991-102660063,enhancer_hit,
Atf7_Heart_Any,chr15:102125828-102127343_chr15:102654991-102660063,enhancer_hit,single
Atf7_Heart_Any,chr15:102590015-102591770_chr15:102654991-102660063,enhancer_hit,single
Atf7_Heart_E11.5,chr15:102096959-102100487_chr15:102654991-102660063,enhancer_hit,
Atf7_Heart_E11.5,chr15:102125828-102127343_chr15:102654991-102660063,enhancer_hit,single
Atf7_Limb_Any,chr15:102096959-102100487_chr15:102654991-102660063,enhancer_hit,
Atf7_Limb_E11.5,chr15:102096959-102100487_chr15:102654991-102660063,enhancer_hit,
Atp1a1_Forebrain_Any,chr3:101587157-101602103_chr3:101708664-101715095,enhancer_hit,
Atp1a1_Forebrain_E11.5,chr3:101587157-101602103_chr3:101708664-101715095,enhancer_hit,
Atp1a1_Heart_Any,chr3:101506040-101510652_chr3:101587157-101602103,enhancer_hit,
Atp1a1_Heart_Any,chr3:101506040-101510652_chr3:101708664-101715095,enhancer_hit,
Atp1a1_Heart_Any,chr3:101506040-101510652_chr3:101801969-101807238,enhancer_hit,
Atp1a1_Heart_Any,chr3:101587157-101602103_chr3:101708664-101715095,enhancer_hit,
Atp1a1_Heart_Any,chr3:101587157-101602103_chr3:101801969-101807238,enhancer_hit,
Atp1a1_Heart_Any,chr3:101708664-101715095_chr3:101801969-101807238,enhancer_hit,single
Atp1a1_Heart_E11.5,chr3:101506040-101510652_chr3:101587157-101602103,enhancer_hit,
Atp1a1_Heart_E11.5,chr3:101506040-101510652_chr3:101708664-101715095,enhancer_hit,
Atp1a1_Heart_E11.5,chr3:101506040-101510652_chr3:101801969-101807238,enhancer_hit,
Atp1a1_Heart_E11.5,chr3:101587157-101602103_chr3:101708664-101715095,enhancer_hit,
Atp1a1_Heart_E11.5,chr3:101587157-101602103_chr3:101801969-101807238,enhancer_hit,
Atp1a1_Heart_E11.5,chr3:101708664-101715095_chr3:101801969-101807238,enhancer_hit,single
Atp1a1_Limb_Any,chr3:101587157-101602103_chr3:101708664-101715095,enhancer_hit,
Atp1a1_Limb_E11.5,chr3:101587157-101602103_chr3:101708664-101715095,enhancer_hit,
Atp1b1_Heart_Any,chr1:164445404-164447004_chr1:164448474-164455855,enhancer_hit,
Atp6v0e_Heart_Any,chr17:26463867-26467393_chr17:26876963-26880393,enhancer_hit,single
Atp6v0e_Heart_Any,chr17:26575929-26577794_chr17:26876963-26880393,enhancer_hit,
Atp8b1_Heart_Any,chr18:64617879-64620655_chr18:64641379-64647669,enhancer_hit,
Atp8b1_Heart_Any,chr18:64630956-64634678_chr18:64641379-64647669,enhancer_hit,
Atxn10_Forebrain_Any,chr15:85999998-86002139_chr15:86004848-86008601,enhancer_hit,single
Atxn10_Forebrain_E11.5,chr15:85999998-86002139_chr15:86004848-86008601,enhancer_hit,single
Auts2_Forebrain_Any,chr5:131630276-131632879_chr5:133310748-133312074,enhancer_hit,
Auts2_Forebrain_E11.5,chr5:131630276-131632879_chr5:133310748-133312074,enhancer_hit,
B230217C12Rik_Forebrain_Any,chr11:98317071-98327148_chr11:98369892-98372813,enhancer_hit,single
B3gnt3_Heart_Any,chr8:70678553-70680740_chr8:71309880-71317444,enhancer_hit,
B3gnt3_Heart_Any,chr8:70678553-70680740_chr8:72411285-72417467,enhancer_hit,single
B3gnt3_Heart_Any,chr8:71309880-71317444_chr8:72411285-72417467,enhancer_hit,
B3gnt3_Heart_Any,chr8:71309880-71317444_chr8:72516872-72519100,enhancer_hit,single
B3gnt3_Heart_Any,chr8:72411285-72417467_chr8:72516872-72519100,enhancer_hit,single
B3gnt3_Heart_E11.5,chr8:70678553-70680740_chr8:71309880-71317444,enhancer_hit,
B3gnt3_Heart_E11.5,chr8:70678553-70680740_chr8:72411285-72417467,enhancer_hit,single
B3gnt3_Heart_E11.5,chr8:71309880-71317444_chr8:72411285-72417467,enhancer_hit,
B3gnt3_Heart_E11.5,chr8:71309880-71317444_chr8:72516872-72519100,enhancer_hit,single
B3gnt3_Heart_E11.5,chr8:72411285-72417467_chr8:72516872-72519100,enhancer_hit,single
B430212C06Rik_Heart_Any,chr18:67310498-67313643_chr18:67334686-67337671,enhancer_hit,single
B430212C06Rik_Heart_Any,chr18:67334686-67337671_chr18:67368767-67371126,enhancer_hit,single
B430212C06Rik_Heart_E11.5,chr18:67310498-67313643_chr18:67334686-67337671,enhancer_hit,single
B430212C06Rik_Heart_E11.5,chr18:67334686-67337671_chr18:67368767-67371126,enhancer_hit,single
B4galt1_Heart_Any,chr4:40798457-40802976_chr4:40843216-40847638,enhancer_hit,
B4galt1_Heart_Any,chr4:40798457-40802976_chr4:40868183-40875172,enhancer_hit,single
B4galt1_Heart_Any,chr4:40817559-40822008_chr4:40843216-40847638,enhancer_hit,single
B4galt1_Heart_Any,chr4:40817559-40822008_chr4:41054477-41057926,enhancer_hit,single
B4galt1_Heart_Any,chr4:40828600-40831751_chr4:40835336-40841188,enhancer_hit,single
B4galt1_Heart_Any,chr4:40828600-40831751_chr4:40868183-40875172,enhancer_hit,single
B4galt1_Heart_Any,chr4:40828600-40831751_chr4:41054477-41057926,enhancer_hit,single
B4galt1_Heart_Any,chr4:40835336-40841188_chr4:40868183-40875172,enhancer_hit,single
B4galt1_Heart_Any,chr4:40835336-40841188_chr4:41054477-41057926,enhancer_hit,single
B4galt1_Heart_Any,chr4:40843216-40847638_chr4:41054477-41057926,enhancer_hit,single
B4galt1_Heart_Any,chr4:40868183-40875172_chr4:41054477-41057926,enhancer_hit,single
B4galt1_Heart_E11.5,chr4:40798457-40802976_chr4:40843216-40847638,enhancer_hit,
B4galt1_Heart_E11.5,chr4:40817559-40822008_chr4:40843216-40847638,enhancer_hit,single
B4galt1_Limb_Any,chr4:40835336-40841188_chr4:40868183-40875172,enhancer_hit,single
BC006965_Limb_Any,chr11:112055454-112056695_chr11:113508006-113509006,enhancer_hit,single
BC028528_Heart_Any,chr3:95120754-95122013_chr3:95984319-95993501,enhancer_hit,single
BC028528_Heart_E11.5,chr3:95120754-95122013_chr3:95984319-95993501,enhancer_hit,single
BC068281_Heart_Any,chr12:3392503-3393503_chr12:4859261-4860601,enhancer_hit,single
Bach2_Forebrain_Any,chr4:32371724-32374883_chr4:32421773-32422870,enhancer_hit,
Bach2_Forebrain_Any,chr4:32421773-32422870_chr4:32426162-32433660,enhancer_hit,
Bahcc1_Forebrain_Any,chr11:120239198-120244251_chr11:120269286-120270439,enhancer_hit,single
Bahcc1_Forebrain_E11.5,chr11:120239198-120244251_chr11:120269286-120270439,enhancer_hit,single
Bahcc1_Limb_Any,chr11:120239198-120244251_chr11:120269286-120270439,enhancer_hit,single
Bahcc1_Limb_E11.5,chr11:120239198-120244251_chr11:120269286-120270439,enhancer_hit,single
Baiap2l1_Heart_Any,chr5:144293959-144297480_chr5:144313205-144323998,enhancer_hit,single
Baiap2l1_Heart_Any,chr5:144293959-144297480_chr5:144978100-144979774,enhancer_hit,single
Baiap2l1_Heart_Any,chr5:144313205-144323998_chr5:144978100-144979774,enhancer_hit,single
Baiap2l1_Heart_Any,chr5:144313205-144323998_chr5:145116714-145117764,enhancer_hit,single
Baiap2l1_Heart_Any,chr5:144313205-144323998_chr5:145120283-145121762,enhancer_hit,single
Baiap2l1_Heart_Any,chr5:145116714-145117764_chr5:145120283-145121762,enhancer_hit,double
Baiap2l1_Heart_E11.5,chr5:144313205-144323998_chr5:144978100-144979774,enhancer_hit,single
Baiap2l1_Heart_E11.5,chr5:144313205-144323998_chr5:145116714-145117764,enhancer_hit,single
Baiap2l1_Limb_Any,chr5:144313205-144323998_chr5:145116714-145117764,enhancer_hit,single
Bambi_Heart_Any,chr18:3563236-3564647_chr18:3664544-3670303,enhancer_hit,single
Banp_Forebrain_Any,chr8:119788848-119789848_chr8:120554588-120566511,enhancer_hit,
Banp_Forebrain_Any,chr8:120321762-120326148_chr8:120531024-120533356,enhancer_hit,single
Banp_Forebrain_Any,chr8:120321762-120326148_chr8:123790203-123792674,enhancer_hit,single
Banp_Forebrain_Any,chr8:120334034-120337353_chr8:120554588-120566511,enhancer_hit,
Banp_Forebrain_Any,chr8:120334034-120337353_chr8:123790203-123792674,enhancer_hit,
Banp_Forebrain_Any,chr8:120554588-120566511_chr8:123790203-123792674,enhancer_hit,
Banp_Forebrain_E11.5,chr8:120321762-120326148_chr8:120531024-120533356,enhancer_hit,single
Banp_Forebrain_E11.5,chr8:120321762-120326148_chr8:123790203-123792674,enhancer_hit,single
Banp_Forebrain_E11.5,chr8:120334034-120337353_chr8:120554588-120566511,enhancer_hit,
Banp_Forebrain_E11.5,chr8:120334034-120337353_chr8:123790203-123792674,enhancer_hit,
Banp_Forebrain_E11.5,chr8:120554588-120566511_chr8:123790203-123792674,enhancer_hit,
Banp_Heart_Any,chr8:120321762-120326148_chr8:120531024-120533356,enhancer_hit,single
Banp_Heart_Any,chr8:120334034-120337353_chr8:120554588-120566511,enhancer_hit,
Banp_Heart_E11.5,chr8:120334034-120337353_chr8:120554588-120566511,enhancer_hit,
Banp_Limb_Any,chr8:120321762-120326148_chr8:120531024-120533356,enhancer_hit,single
Banp_Limb_Any,chr8:120334034-120337353_chr8:120554588-120566511,enhancer_hit,
Banp_Limb_E11.5,chr8:120321762-120326148_chr8:120531024-120533356,enhancer_hit,single
Banp_Limb_E11.5,chr8:120334034-120337353_chr8:120554588-120566511,enhancer_hit,
Batf_Heart_Any,chr12:85393402-85395210_chr12:85531249-85534622,enhancer_hit,
Bcam_Heart_Any,chr7:19464273-19465394_chr7:19722040-19724372,enhancer_hit,single
Bcam_Heart_Any,chr7:19464273-19465394_chr7:19740846-19742480,enhancer_hit,single
Bcam_Heart_Any,chr7:19464273-19465394_chr7:19744001-19747073,enhancer_hit,single
Bcam_Heart_Any,chr7:19464273-19465394_chr7:19758521-19763053,enhancer_hit,single
Bcam_Heart_Any,chr7:19464273-19465394_chr7:19776801-19778005,enhancer_hit,single
Bcam_Heart_Any,chr7:19722040-19724372_chr7:19740846-19742480,enhancer_hit,single
Bcam_Heart_Any,chr7:19722040-19724372_chr7:19744001-19747073,enhancer_hit,single
Bcam_Heart_Any,chr7:19722040-19724372_chr7:19758521-19763053,enhancer_hit,double
Bcam_Heart_Any,chr7:19722040-19724372_chr7:19776801-19778005,enhancer_hit,single
Bcam_Heart_Any,chr7:19740846-19742480_chr7:19744001-19747073,enhancer_hit,single
Bcam_Heart_Any,chr7:19740846-19742480_chr7:19753004-19757542,enhancer_hit,single
Bcam_Heart_Any,chr7:19740846-19742480_chr7:19758521-19763053,enhancer_hit,single
Bcam_Heart_Any,chr7:19740846-19742480_chr7:19776801-19778005,enhancer_hit,double
Bcam_Heart_Any,chr7:19744001-19747073_chr7:19753004-19757542,enhancer_hit,single
Bcam_Heart_Any,chr7:19744001-19747073_chr7:19758521-19763053,enhancer_hit,single
Bcam_Heart_Any,chr7:19744001-19747073_chr7:19776801-19778005,enhancer_hit,single
Bcam_Heart_Any,chr7:19753004-19757542_chr7:19758521-19763053,enhancer_hit,single
Bcam_Heart_Any,chr7:19753004-19757542_chr7:19776801-19778005,enhancer_hit,single
Bcam_Heart_Any,chr7:19758521-19763053_chr7:19776801-19778005,enhancer_hit,double
Bcam_Heart_Any,chr7:19758521-19763053_chr7:19938766-19941413,enhancer_hit,double
Bcam_Heart_E11.5,chr7:19722040-19724372_chr7:19740846-19742480,enhancer_hit,single
Bcam_Heart_E11.5,chr7:19722040-19724372_chr7:19744001-19747073,enhancer_hit,single
Bcam_Heart_E11.5,chr7:19722040-19724372_chr7:19758521-19763053,enhancer_hit,double
Bcam_Heart_E11.5,chr7:19740846-19742480_chr7:19744001-19747073,enhancer_hit,single
Bcam_Heart_E11.5,chr7:19740846-19742480_chr7:19753004-19757542,enhancer_hit,single
Bcam_Heart_E11.5,chr7:19740846-19742480_chr7:19758521-19763053,enhancer_hit,single
Bcam_Heart_E11.5,chr7:19744001-19747073_chr7:19753004-19757542,enhancer_hit,single
Bcam_Heart_E11.5,chr7:19744001-19747073_chr7:19758521-19763053,enhancer_hit,single
Bcam_Heart_E11.5,chr7:19753004-19757542_chr7:19758521-19763053,enhancer_hit,single
Bcam_Heart_E11.5,chr7:19758521-19763053_chr7:19938766-19941413,enhancer_hit,double
Bcas3os2_Limb_Any,chr11:85753900-85757140_chr11:85980457-85981457,enhancer_hit,single
Bcl11a_Forebrain_Any,chr11:24083169-24103117_chr11:24141607-24143092,enhancer_hit,
Bcl11a_Forebrain_Any,chr11:24141607-24143092_chr11:25736351-25738117,enhancer_hit,
Bend6_Heart_Any,chr1:33750880-33751880_chr1:33944569-33948349,enhancer_hit,single
Bhlha9_Forebrain_Any,chr11:76639131-76640257_chr11:78161702-78163089,enhancer_hit,
Bhlhe22_Forebrain_Any,chr3:18452112-18454789_chr3:19138106-19139798,enhancer_hit,
Bicc1_Heart_Any,chr10:69871604-69873740_chr10:70056238-70058155,enhancer_hit,single
Bicc1_Heart_Any,chr10:69871604-69873740_chr10:70080152-70082521,enhancer_hit,single
Bicc1_Heart_Any,chr10:69871604-69873740_chr10:71051450-71053504,enhancer_hit,single
Bicc1_Heart_Any,chr10:69871604-69873740_chr10:71057355-71059678,enhancer_hit,single
Bicc1_Heart_Any,chr10:70056238-70058155_chr10:70080152-70082521,enhancer_hit,single
Bicc1_Heart_Any,chr10:70056238-70058155_chr10:71051450-71053504,enhancer_hit,
Bicc1_Heart_Any,chr10:70056238-70058155_chr10:71057355-71059678,enhancer_hit,single
Bicc1_Heart_Any,chr10:70080152-70082521_chr10:71051450-71053504,enhancer_hit,single
Bicc1_Heart_Any,chr10:70080152-70082521_chr10:71057355-71059678,enhancer_hit,single
Bicc1_Heart_E11.5,chr10:69871604-69873740_chr10:70056238-70058155,enhancer_hit,single
Bicc1_Heart_E11.5,chr10:69871604-69873740_chr10:70080152-70082521,enhancer_hit,single
Bicc1_Heart_E11.5,chr10:69871604-69873740_chr10:71051450-71053504,enhancer_hit,single
Bicc1_Heart_E11.5,chr10:69871604-69873740_chr10:71057355-71059678,enhancer_hit,single
Bicc1_Heart_E11.5,chr10:70056238-70058155_chr10:70080152-70082521,enhancer_hit,single
Bicc1_Heart_E11.5,chr10:70056238-70058155_chr10:71051450-71053504,enhancer_hit,
Bicc1_Heart_E11.5,chr10:70056238-70058155_chr10:71057355-71059678,enhancer_hit,single
Bicc1_Heart_E11.5,chr10:70080152-70082521_chr10:71051450-71053504,enhancer_hit,single
Bicc1_Heart_E11.5,chr10:70080152-70082521_chr10:71057355-71059678,enhancer_hit,single
Bicc1_Limb_Any,chr10:69871604-69873740_chr10:70033382-70034382,enhancer_hit,
Bicc1_Limb_Any,chr10:69871604-69873740_chr10:70080152-70082521,enhancer_hit,single
Bik_Heart_Any,chr15:82357629-82359955_chr15:83070269-83071763,enhancer_hit,single
Bik_Heart_Any,chr15:82357629-82359955_chr15:83408605-83413316,enhancer_hit,
Bik_Heart_Any,chr15:82357629-82359955_chr15:83487138-83488626,enhancer_hit,single
Bik_Heart_Any,chr15:82360462-82362721_chr15:83070269-83071763,enhancer_hit,single
Bik_Heart_Any,chr15:82360462-82362721_chr15:83408605-83413316,enhancer_hit,
Bik_Heart_Any,chr15:82360462-82362721_chr15:83470856-83472648,enhancer_hit,single
Bik_Heart_Any,chr15:82360462-82362721_chr15:83487138-83488626,enhancer_hit,single
Bik_Heart_Any,chr15:83070269-83071763_chr15:83408605-83413316,enhancer_hit,single
Bik_Heart_Any,chr15:83070269-83071763_chr15:83487138-83488626,enhancer_hit,double
Bik_Heart_Any,chr15:83408605-83413316_chr15:83487138-83488626,enhancer_hit,single
Bik_Heart_Any,chr15:83470856-83472648_chr15:83487138-83488626,enhancer_hit,single
Bik_Heart_E11.5,chr15:82357629-82359955_chr15:83408605-83413316,enhancer_hit,
Bik_Limb_Any,chr15:82357629-82359955_chr15:83408605-83413316,enhancer_hit,
Blvra_Heart_Any,chr2:126681816-126683874_chr2:126948255-126951606,enhancer_hit,single
Bmpr1a_Heart_Any,chr14:34378003-34379672_chr14:34564155-34586107,enhancer_hit,single
Bmpr1a_Heart_Any,chr14:34551084-34556093_chr14:34564155-34586107,enhancer_hit,single
Bmpr1a_Heart_E11.5,chr14:34378003-34379672_chr14:34564155-34586107,enhancer_hit,single
Bmpr1a_Heart_E11.5,chr14:34551084-34556093_chr14:34564155-34586107,enhancer_hit,single
Bmpr1a_Limb_Any,chr14:34378003-34379672_chr14:34564155-34586107,enhancer_hit,single
Bmpr1a_Limb_E11.5,chr14:34378003-34379672_chr14:34564155-34586107,enhancer_hit,single
Bnc2_Limb_Any,chr4:84119207-84120207_chr4:84456015-84458355,enhancer_hit,
Bnc2_Limb_E11.5,chr4:84119207-84120207_chr4:84456015-84458355,enhancer_hit,
Boc_Forebrain_Any,chr16:44505230-44511776_chr16:44564117-44566970,enhancer_hit,single
Boc_Forebrain_Any,chr16:44505230-44511776_chr16:44578580-44581008,enhancer_hit,single
Boc_Forebrain_Any,chr16:44505230-44511776_chr16:44613650-44618408,enhancer_hit,single
Boc_Forebrain_Any,chr16:44505230-44511776_chr16:44660547-44668465,enhancer_hit,single
Boc_Forebrain_Any,chr16:44505230-44511776_chr16:44670738-44674845,enhancer_hit,single
Boc_Forebrain_Any,chr16:44505230-44511776_chr16:44686184-44689867,enhancer_hit,single
Boc_Forebrain_Any,chr16:44564117-44566970_chr16:44578580-44581008,enhancer_hit,single
Boc_Forebrain_Any,chr16:44564117-44566970_chr16:44613650-44618408,enhancer_hit,single
Boc_Forebrain_Any,chr16:44564117-44566970_chr16:44670738-44674845,enhancer_hit,single
Boc_Forebrain_Any,chr16:44564117-44566970_chr16:44675522-44681783,enhancer_hit,single
Boc_Forebrain_Any,chr16:44660547-44668465_chr16:44686184-44689867,enhancer_hit,
Boc_Forebrain_E11.5,chr16:44564117-44566970_chr16:44578580-44581008,enhancer_hit,single
Boc_Forebrain_E11.5,chr16:44564117-44566970_chr16:44613650-44618408,enhancer_hit,single
Boc_Forebrain_E11.5,chr16:44564117-44566970_chr16:44670738-44674845,enhancer_hit,single
Boc_Forebrain_E11.5,chr16:44564117-44566970_chr16:44675522-44681783,enhancer_hit,single
Boc_Forebrain_E11.5,chr16:44660547-44668465_chr16:44686184-44689867,enhancer_hit,
Boc_Limb_Any,chr16:44505230-44511776_chr16:44564117-44566970,enhancer_hit,single
Boc_Limb_Any,chr16:44505230-44511776_chr16:44578580-44581008,enhancer_hit,single
Boc_Limb_Any,chr16:44505230-44511776_chr16:44613650-44618408,enhancer_hit,single
Boc_Limb_Any,chr16:44505230-44511776_chr16:44660547-44668465,enhancer_hit,single
Boc_Limb_Any,chr16:44505230-44511776_chr16:44670738-44674845,enhancer_hit,single
Boc_Limb_Any,chr16:44505230-44511776_chr16:44686184-44689867,enhancer_hit,single
Boc_Limb_Any,chr16:44564117-44566970_chr16:44578580-44581008,enhancer_hit,single
Boc_Limb_Any,chr16:44564117-44566970_chr16:44613650-44618408,enhancer_hit,single
Boc_Limb_Any,chr16:44564117-44566970_chr16:44670738-44674845,enhancer_hit,single
Boc_Limb_Any,chr16:44564117-44566970_chr16:44675522-44681783,enhancer_hit,single
Boc_Limb_Any,chr16:44613650-44618408_chr16:44702890-44705086,enhancer_hit,single
Boc_Limb_Any,chr16:44660547-44668465_chr16:44686184-44689867,enhancer_hit,
Boc_Limb_E11.5,chr16:44505230-44511776_chr16:44564117-44566970,enhancer_hit,single
Boc_Limb_E11.5,chr16:44505230-44511776_chr16:44578580-44581008,enhancer_hit,single
Boc_Limb_E11.5,chr16:44505230-44511776_chr16:44613650-44618408,enhancer_hit,single
Boc_Limb_E11.5,chr16:44505230-44511776_chr16:44660547-44668465,enhancer_hit,single
Boc_Limb_E11.5,chr16:44505230-44511776_chr16:44670738-44674845,enhancer_hit,single
Boc_Limb_E11.5,chr16:44505230-44511776_chr16:44686184-44689867,enhancer_hit,single
Boc_Limb_E11.5,chr16:44564117-44566970_chr16:44578580-44581008,enhancer_hit,single
Boc_Limb_E11.5,chr16:44564117-44566970_chr16:44613650-44618408,enhancer_hit,single
Boc_Limb_E11.5,chr16:44564117-44566970_chr16:44670738-44674845,enhancer_hit,single
Boc_Limb_E11.5,chr16:44564117-44566970_chr16:44675522-44681783,enhancer_hit,single
Boc_Limb_E11.5,chr16:44613650-44618408_chr16:44702890-44705086,enhancer_hit,single
Boc_Limb_E11.5,chr16:44660547-44668465_chr16:44686184-44689867,enhancer_hit,
Bod1_Forebrain_Any,chr11:32008484-32012988_chr11:32105569-32109507,enhancer_hit,
Bod1_Forebrain_E11.5,chr11:32008484-32012988_chr11:32105569-32109507,enhancer_hit,
Bola3_Heart_Any,chr6:83381214-83382943_chr6:83448530-83452347,enhancer_hit,single
Bpifb5_Heart_Any,chr2:154402226-154405581_chr2:154453788-154456648,enhancer_hit,single
Bpifb5_Heart_Any,chr2:154402226-154405581_chr2:154580529-154581529,enhancer_hit,single
Bpifb5_Heart_E11.5,chr2:154402226-154405581_chr2:154453788-154456648,enhancer_hit,single
Bri3_Heart_Any,chr5:144306824-144310013_chr5:144806217-144807830,enhancer_hit,single
Bri3_Heart_Any,chr5:144306824-144310013_chr5:144928168-144929932,enhancer_hit,single
Brpf3_Heart_Any,chr17:28781142-28782142_chr17:28821539-28836931,enhancer_hit,single
Brpf3_Heart_E11.5,chr17:28781142-28782142_chr17:28821539-28836931,enhancer_hit,single
Btg2_Forebrain_Any,chr1:134057560-134076620_chr1:134085851-134088869,enhancer_hit,
Btg2_Heart_Any,chr1:134057560-134076620_chr1:134085851-134088869,enhancer_hit,
Btg2_Heart_E11.5,chr1:134057560-134076620_chr1:134085851-134088869,enhancer_hit,
C130026L21Rik_Forebrain_Any,chr5:111589997-111592004_chr5:112049367-112051491,enhancer_hit,
C130026L21Rik_Forebrain_Any,chr5:111589997-111592004_chr5:112091957-112095029,enhancer_hit,
C130026L21Rik_Forebrain_Any,chr5:111594044-111600111_chr5:111922561-111923935,enhancer_hit,
C130026L21Rik_Forebrain_Any,chr5:112049367-112051491_chr5:112091957-112095029,enhancer_hit,single
C130026L21Rik_Forebrain_E11.5,chr5:111589997-111592004_chr5:112049367-112051491,enhancer_hit,
C1rl_Heart_Any,chr6:122809762-122812677_chr6:124682365-124684531,enhancer_hit,double
C1rl_Heart_Any,chr6:122823488-122827297_chr6:124682365-124684531,enhancer_hit,single
Cacna1c_Heart_Any,chr6:118610114-118612406_chr6:119082733-119090593,enhancer_hit,
Cacna1c_Heart_Any,chr6:118883759-118885809_chr6:118998283-119003104,enhancer_hit,single
Cacna1c_Heart_Any,chr6:118998283-119003104_chr6:119179330-119186000,enhancer_hit,single
Cacna1c_Heart_Any,chr6:118998283-119003104_chr6:119443315-119444424,enhancer_hit,single
Cacna1c_Heart_Any,chr6:119130832-119133861_chr6:119443315-119444424,enhancer_hit,single
Cacna1c_Heart_Any,chr6:119179330-119186000_chr6:119203740-119204740,enhancer_hit,single
Cacna1c_Heart_E11.5,chr6:118883759-118885809_chr6:118998283-119003104,enhancer_hit,single
Cacna1c_Heart_E11.5,chr6:118998283-119003104_chr6:119179330-119186000,enhancer_hit,single
Cacna1c_Heart_E11.5,chr6:119179330-119186000_chr6:119203740-119204740,enhancer_hit,single
Cacnb3_Forebrain_Any,chr15:98956051-98957119_chr15:98968066-98974368,enhancer_hit,single
Cacnb3_Forebrain_E11.5,chr15:98956051-98957119_chr15:98968066-98974368,enhancer_hit,single
Cacng4_Forebrain_Any,chr11:107775311-107780326_chr11:108019878-108023966,enhancer_hit,single
Calcrl_Heart_Any,chr2:84459421-84460421_chr2:84783367-84785000,enhancer_hit,single
Calcrl_Heart_E11.5,chr2:84459421-84460421_chr2:84783367-84785000,enhancer_hit,single
Calml3_Heart_Any,chr13:3741583-3748095_chr13:3799277-3800277,enhancer_hit,single
Calml3_Limb_Any,chr13:3741583-3748095_chr13:3799277-3800277,enhancer_hit,single
Calml3_Limb_E11.5,chr13:3741583-3748095_chr13:3799277-3800277,enhancer_hit,single
Calu_Heart_Any,chr6:29939919-29941011_chr6:30339728-30341061,enhancer_hit,single
Camk1d_Forebrain_Any,chr2:5170226-5171905_chr2:5596453-5601070,enhancer_hit,
Camkv_Forebrain_Any,chr9:107733909-107737331_chr9:107737869-107739621,enhancer_hit,single
Camkv_Limb_Any,chr9:107733909-107737331_chr9:107737869-107739621,enhancer_hit,single
Camkv_Limb_E11.5,chr9:107733909-107737331_chr9:107737869-107739621,enhancer_hit,single
Cand2_Forebrain_Any,chr6:114871934-114895098_chr6:114898864-114904422,enhancer_hit,
Cand2_Forebrain_E11.5,chr6:114871934-114895098_chr6:114898864-114904422,enhancer_hit,
Cand2_Heart_Any,chr6:114724595-114726347_chr6:114832370-114835940,enhancer_hit,
Cand2_Heart_Any,chr6:114832370-114835940_chr6:114871934-114895098,enhancer_hit,
Cand2_Heart_Any,chr6:114871934-114895098_chr6:114898864-114904422,enhancer_hit,
Cand2_Heart_Any,chr6:114871934-114895098_chr6:115586045-115587070,enhancer_hit,single
Cand2_Heart_E11.5,chr6:114871934-114895098_chr6:114898864-114904422,enhancer_hit,
Cand2_Limb_Any,chr6:114871934-114895098_chr6:114898864-114904422,enhancer_hit,
Cand2_Limb_E11.5,chr6:114871934-114895098_chr6:114898864-114904422,enhancer_hit,
Cap2_Forebrain_Any,chr13:46522058-46526216_chr13:46569505-46574646,enhancer_hit,single
Cap2_Heart_Any,chr13:46522058-46526216_chr13:46569505-46574646,enhancer_hit,single
Cap2_Heart_E11.5,chr13:46522058-46526216_chr13:46569505-46574646,enhancer_hit,single
Capg_Heart_Any,chr6:72551772-72553954_chr6:72619500-72621828,enhancer_hit,single
Capg_Heart_Any,chr6:72551772-72553954_chr6:72658930-72661452,enhancer_hit,single
Capg_Heart_Any,chr6:72619500-72621828_chr6:72658930-72661452,enhancer_hit,single
Capg_Heart_Any,chr6:72619500-72621828_chr6:72867824-72870013,enhancer_hit,single
Capg_Heart_Any,chr6:72658930-72661452_chr6:72867824-72870013,enhancer_hit,single
Capg_Heart_E11.5,chr6:72551772-72553954_chr6:72658930-72661452,enhancer_hit,single
Capn2_Heart_Any,chr1:182086318-182092938_chr1:182148577-182150074,enhancer_hit,single
Capn2_Heart_E11.5,chr1:182086318-182092938_chr1:182148577-182150074,enhancer_hit,single
Casp8_Heart_Any,chr1:58741393-58744173_chr1:59578956-59581291,enhancer_hit,
Casp8_Heart_Any,chr1:58741393-58744173_chr1:59609474-59610474,enhancer_hit,single
Casp8_Heart_Any,chr1:59578956-59581291_chr1:59609474-59610474,enhancer_hit,single
Casp8_Heart_E11.5,chr1:59578956-59581291_chr1:59609474-59610474,enhancer_hit,single
Casz1_Heart_Any,chr4:147896172-147902187_chr4:148646035-148647493,enhancer_hit,single
Casz1_Heart_Any,chr4:147896172-147902187_chr4:148781402-148785690,enhancer_hit,
Casz1_Heart_Any,chr4:147896172-147902187_chr4:148818609-148821334,enhancer_hit,single
Casz1_Heart_Any,chr4:147896172-147902187_chr4:149056934-149059614,enhancer_hit,
Casz1_Heart_Any,chr4:148646035-148647493_chr4:148818609-148821334,enhancer_hit,single
Casz1_Heart_Any,chr4:148646035-148647493_chr4:149056934-149059614,enhancer_hit,
Casz1_Heart_Any,chr4:148781402-148785690_chr4:148818609-148821334,enhancer_hit,
Casz1_Heart_Any,chr4:148795929-148799433_chr4:148818609-148821334,enhancer_hit,
Casz1_Heart_E11.5,chr4:147896172-147902187_chr4:148646035-148647493,enhancer_hit,single
Casz1_Heart_E11.5,chr4:147896172-147902187_chr4:148781402-148785690,enhancer_hit,
Casz1_Heart_E11.5,chr4:147896172-147902187_chr4:149056934-149059614,enhancer_hit,
Casz1_Heart_E11.5,chr4:148646035-148647493_chr4:149056934-149059614,enhancer_hit,
Cav1_Heart_Any,chr6:17313988-17318190_chr6:17545429-17547866,enhancer_hit,
Ccdc102a_Heart_Any,chr8:94892230-94894150_chr8:94914182-94915598,enhancer_hit,
Ccdc102a_Heart_E11.5,chr8:94892230-94894150_chr8:94914182-94915598,enhancer_hit,
Ccdc62_Forebrain_Any,chr5:123346999-123348284_chr5:123658518-123664503,enhancer_hit,single
Ccdc62_Forebrain_Any,chr5:123346999-123348284_chr5:124009379-124023374,enhancer_hit,single
Ccdc62_Forebrain_Any,chr5:123346999-123348284_chr5:124040936-124053494,enhancer_hit,single
Ccdc62_Forebrain_Any,chr5:123346999-123348284_chr5:124199724-124213918,enhancer_hit,single
Ccdc62_Forebrain_Any,chr5:123658518-123664503_chr5:124009379-124023374,enhancer_hit,single
Ccdc62_Forebrain_Any,chr5:123658518-123664503_chr5:124040936-124053494,enhancer_hit,double
Ccdc62_Forebrain_Any,chr5:123658518-123664503_chr5:124199724-124213918,enhancer_hit,single
Ccdc62_Forebrain_Any,chr5:124009379-124023374_chr5:124040936-124053494,enhancer_hit,single
Ccdc62_Forebrain_Any,chr5:124009379-124023374_chr5:124199724-124213918,enhancer_hit,
Ccdc62_Forebrain_Any,chr5:124040936-124053494_chr5:124199724-124213918,enhancer_hit,single
Ccdc62_Forebrain_E11.5,chr5:124009379-124023374_chr5:124040936-124053494,enhancer_hit,single
Ccdc62_Forebrain_E11.5,chr5:124009379-124023374_chr5:124199724-124213918,enhancer_hit,
Ccdc62_Forebrain_E11.5,chr5:124040936-124053494_chr5:124199724-124213918,enhancer_hit,single
Ccdc62_Heart_Any,chr5:123346999-123348284_chr5:123658518-123664503,enhancer_hit,single
Ccdc62_Heart_Any,chr5:123346999-123348284_chr5:123665486-123668598,enhancer_hit,single
Ccdc62_Heart_Any,chr5:123346999-123348284_chr5:123674392-123677288,enhancer_hit,single
Ccdc62_Heart_Any,chr5:123346999-123348284_chr5:124009379-124023374,enhancer_hit,single
Ccdc62_Heart_Any,chr5:123346999-123348284_chr5:124040936-124053494,enhancer_hit,single
Ccdc62_Heart_Any,chr5:123346999-123348284_chr5:124197406-124198991,enhancer_hit,single
Ccdc62_Heart_Any,chr5:123346999-123348284_chr5:124199724-124213918,enhancer_hit,
Ccdc62_Heart_Any,chr5:123346999-123348284_chr5:124218918-124227224,enhancer_hit,single
Ccdc62_Heart_Any,chr5:123346999-123348284_chr5:124293821-124294821,enhancer_hit,single
Ccdc62_Heart_Any,chr5:123414990-123418145_chr5:123658518-123664503,enhancer_hit,double
Ccdc62_Heart_Any,chr5:123414990-123418145_chr5:123674392-123677288,enhancer_hit,double
Ccdc62_Heart_Any,chr5:123414990-123418145_chr5:124009379-124023374,enhancer_hit,single
Ccdc62_Heart_Any,chr5:123414990-123418145_chr5:124040936-124053494,enhancer_hit,double
Ccdc62_Heart_Any,chr5:123414990-123418145_chr5:124189682-124192406,enhancer_hit,
Ccdc62_Heart_Any,chr5:123414990-123418145_chr5:124199724-124213918,enhancer_hit,
Ccdc62_Heart_Any,chr5:123414990-123418145_chr5:124218918-124227224,enhancer_hit,single
Ccdc62_Heart_Any,chr5:123414990-123418145_chr5:124232224-124239721,enhancer_hit,
Ccdc62_Heart_Any,chr5:123414990-123418145_chr5:124536571-124537794,enhancer_hit,double
Ccdc62_Heart_Any,chr5:123606966-123608212_chr5:123658518-123664503,enhancer_hit,single
Ccdc62_Heart_Any,chr5:123606966-123608212_chr5:124040936-124053494,enhancer_hit,double
Ccdc62_Heart_Any,chr5:123606966-123608212_chr5:124199724-124213918,enhancer_hit,
Ccdc62_Heart_Any,chr5:123658518-123664503_chr5:123665486-123668598,enhancer_hit,single
Ccdc62_Heart_Any,chr5:123658518-123664503_chr5:123674392-123677288,enhancer_hit,double
Ccdc62_Heart_Any,chr5:123658518-123664503_chr5:124009379-124023374,enhancer_hit,single
Ccdc62_Heart_Any,chr5:123658518-123664503_chr5:124040936-124053494,enhancer_hit,double
Ccdc62_Heart_Any,chr5:123658518-123664503_chr5:124189682-124192406,enhancer_hit,
Ccdc62_Heart_Any,chr5:123658518-123664503_chr5:124199724-124213918,enhancer_hit,
Ccdc62_Heart_Any,chr5:123658518-123664503_chr5:124218918-124227224,enhancer_hit,single
Ccdc62_Heart_Any,chr5:123658518-123664503_chr5:124232224-124239721,enhancer_hit,
Ccdc62_Heart_Any,chr5:123658518-123664503_chr5:124536571-124537794,enhancer_hit,double
Ccdc62_Heart_Any,chr5:123665486-123668598_chr5:123674392-123677288,enhancer_hit,double
Ccdc62_Heart_Any,chr5:123665486-123668598_chr5:124009379-124023374,enhancer_hit,
Ccdc62_Heart_Any,chr5:123665486-123668598_chr5:124040936-124053494,enhancer_hit,single
Ccdc62_Heart_Any,chr5:123665486-123668598_chr5:124197406-124198991,enhancer_hit,
Ccdc62_Heart_Any,chr5:123665486-123668598_chr5:124199724-124213918,enhancer_hit,
Ccdc62_Heart_Any,chr5:123665486-123668598_chr5:124232224-124239721,enhancer_hit,
Ccdc62_Heart_Any,chr5:123665486-123668598_chr5:124536571-124537794,enhancer_hit,single
Ccdc62_Heart_Any,chr5:123674392-123677288_chr5:124009379-124023374,enhancer_hit,single
Ccdc62_Heart_Any,chr5:123674392-123677288_chr5:124040936-124053494,enhancer_hit,double
Ccdc62_Heart_Any,chr5:123674392-123677288_chr5:124189682-124192406,enhancer_hit,
Ccdc62_Heart_Any,chr5:123674392-123677288_chr5:124199724-124213918,enhancer_hit,
Ccdc62_Heart_Any,chr5:123674392-123677288_chr5:124218918-124227224,enhancer_hit,single
Ccdc62_Heart_Any,chr5:123674392-123677288_chr5:124232224-124239721,enhancer_hit,
Ccdc62_Heart_Any,chr5:123674392-123677288_chr5:124536571-124537794,enhancer_hit,double
Ccdc62_Heart_Any,chr5:124009379-124023374_chr5:124040936-124053494,enhancer_hit,single
Ccdc62_Heart_Any,chr5:124009379-124023374_chr5:124189682-124192406,enhancer_hit,
Ccdc62_Heart_Any,chr5:124009379-124023374_chr5:124197406-124198991,enhancer_hit,single
Ccdc62_Heart_Any,chr5:124009379-124023374_chr5:124199724-124213918,enhancer_hit,
Ccdc62_Heart_Any,chr5:124009379-124023374_chr5:124218918-124227224,enhancer_hit,single
Ccdc62_Heart_Any,chr5:124009379-124023374_chr5:124232224-124239721,enhancer_hit,
Ccdc62_Heart_Any,chr5:124009379-124023374_chr5:124536571-124537794,enhancer_hit,single
Ccdc62_Heart_Any,chr5:124040936-124053494_chr5:124189682-124192406,enhancer_hit,
Ccdc62_Heart_Any,chr5:124040936-124053494_chr5:124197406-124198991,enhancer_hit,single
Ccdc62_Heart_Any,chr5:124040936-124053494_chr5:124199724-124213918,enhancer_hit,
Ccdc62_Heart_Any,chr5:124040936-124053494_chr5:124218918-124227224,enhancer_hit,single
Ccdc62_Heart_Any,chr5:124040936-124053494_chr5:124232224-124239721,enhancer_hit,
Ccdc62_Heart_Any,chr5:124040936-124053494_chr5:124536571-124537794,enhancer_hit,double
Ccdc62_Heart_Any,chr5:124189682-124192406_chr5:124218918-124227224,enhancer_hit,
Ccdc62_Heart_Any,chr5:124189682-124192406_chr5:124232224-124239721,enhancer_hit,
Ccdc62_Heart_Any,chr5:124189682-124192406_chr5:124536571-124537794,enhancer_hit,
Ccdc62_Heart_Any,chr5:124197406-124198991_chr5:124199724-124213918,enhancer_hit,
Ccdc62_Heart_Any,chr5:124197406-124198991_chr5:124232224-124239721,enhancer_hit,
Ccdc62_Heart_Any,chr5:124199724-124213918_chr5:124218918-124227224,enhancer_hit,
Ccdc62_Heart_Any,chr5:124199724-124213918_chr5:124232224-124239721,enhancer_hit,
Ccdc62_Heart_Any,chr5:124199724-124213918_chr5:124536571-124537794,enhancer_hit,
Ccdc62_Heart_Any,chr5:124218918-124227224_chr5:124232224-124239721,enhancer_hit,
Ccdc62_Heart_Any,chr5:124218918-124227224_chr5:124536571-124537794,enhancer_hit,single
Ccdc62_Heart_Any,chr5:124232224-124239721_chr5:124536571-124537794,enhancer_hit,
Ccdc62_Heart_E11.5,chr5:123346999-123348284_chr5:123658518-123664503,enhancer_hit,single
Ccdc62_Heart_E11.5,chr5:123346999-123348284_chr5:123665486-123668598,enhancer_hit,single
Ccdc62_Heart_E11.5,chr5:123346999-123348284_chr5:124009379-124023374,enhancer_hit,single
Ccdc62_Heart_E11.5,chr5:123346999-123348284_chr5:124040936-124053494,enhancer_hit,single
Ccdc62_Heart_E11.5,chr5:123346999-123348284_chr5:124197406-124198991,enhancer_hit,single
Ccdc62_Heart_E11.5,chr5:123346999-123348284_chr5:124199724-124213918,enhancer_hit,
Ccdc62_Heart_E11.5,chr5:123346999-123348284_chr5:124218918-124227224,enhancer_hit,single
Ccdc62_Heart_E11.5,chr5:123606966-123608212_chr5:123658518-123664503,enhancer_hit,single
Ccdc62_Heart_E11.5,chr5:123606966-123608212_chr5:124040936-124053494,enhancer_hit,double
Ccdc62_Heart_E11.5,chr5:123606966-123608212_chr5:124199724-124213918,enhancer_hit,
Ccdc62_Heart_E11.5,chr5:123658518-123664503_chr5:123665486-123668598,enhancer_hit,single
Ccdc62_Heart_E11.5,chr5:123658518-123664503_chr5:124009379-124023374,enhancer_hit,single
Ccdc62_Heart_E11.5,chr5:123658518-123664503_chr5:124040936-124053494,enhancer_hit,double
Ccdc62_Heart_E11.5,chr5:123658518-123664503_chr5:124189682-124192406,enhancer_hit,
Ccdc62_Heart_E11.5,chr5:123658518-123664503_chr5:124199724-124213918,enhancer_hit,
Ccdc62_Heart_E11.5,chr5:123658518-123664503_chr5:124218918-124227224,enhancer_hit,single
Ccdc62_Heart_E11.5,chr5:123658518-123664503_chr5:124232224-124239721,enhancer_hit,
Ccdc62_Heart_E11.5,chr5:123658518-123664503_chr5:124536571-124537794,enhancer_hit,double
Ccdc62_Heart_E11.5,chr5:123665486-123668598_chr5:124009379-124023374,enhancer_hit,
Ccdc62_Heart_E11.5,chr5:123665486-123668598_chr5:124040936-124053494,enhancer_hit,single
Ccdc62_Heart_E11.5,chr5:123665486-123668598_chr5:124197406-124198991,enhancer_hit,
Ccdc62_Heart_E11.5,chr5:123665486-123668598_chr5:124199724-124213918,enhancer_hit,
Ccdc62_Heart_E11.5,chr5:123665486-123668598_chr5:124232224-124239721,enhancer_hit,
Ccdc62_Heart_E11.5,chr5:123665486-123668598_chr5:124536571-124537794,enhancer_hit,single
Ccdc62_Heart_E11.5,chr5:124009379-124023374_chr5:124040936-124053494,enhancer_hit,single
Ccdc62_Heart_E11.5,chr5:124009379-124023374_chr5:124189682-124192406,enhancer_hit,
Ccdc62_Heart_E11.5,chr5:124009379-124023374_chr5:124197406-124198991,enhancer_hit,single
Ccdc62_Heart_E11.5,chr5:124009379-124023374_chr5:124199724-124213918,enhancer_hit,
Ccdc62_Heart_E11.5,chr5:124009379-124023374_chr5:124218918-124227224,enhancer_hit,single
Ccdc62_Heart_E11.5,chr5:124009379-124023374_chr5:124232224-124239721,enhancer_hit,
Ccdc62_Heart_E11.5,chr5:124009379-124023374_chr5:124536571-124537794,enhancer_hit,single
Ccdc62_Heart_E11.5,chr5:124040936-124053494_chr5:124189682-124192406,enhancer_hit,
Ccdc62_Heart_E11.5,chr5:124040936-124053494_chr5:124197406-124198991,enhancer_hit,single
Ccdc62_Heart_E11.5,chr5:124040936-124053494_chr5:124199724-124213918,enhancer_hit,
Ccdc62_Heart_E11.5,chr5:124040936-124053494_chr5:124218918-124227224,enhancer_hit,single
Ccdc62_Heart_E11.5,chr5:124040936-124053494_chr5:124232224-124239721,enhancer_hit,
Ccdc62_Heart_E11.5,chr5:124040936-124053494_chr5:124536571-124537794,enhancer_hit,double
Ccdc62_Heart_E11.5,chr5:124189682-124192406_chr5:124218918-124227224,enhancer_hit,
Ccdc62_Heart_E11.5,chr5:124189682-124192406_chr5:124232224-124239721,enhancer_hit,
Ccdc62_Heart_E11.5,chr5:124189682-124192406_chr5:124536571-124537794,enhancer_hit,
Ccdc62_Heart_E11.5,chr5:124197406-124198991_chr5:124199724-124213918,enhancer_hit,
Ccdc62_Heart_E11.5,chr5:124197406-124198991_chr5:124232224-124239721,enhancer_hit,
Ccdc62_Heart_E11.5,chr5:124199724-124213918_chr5:124218918-124227224,enhancer_hit,
Ccdc62_Heart_E11.5,chr5:124199724-124213918_chr5:124232224-124239721,enhancer_hit,
Ccdc62_Heart_E11.5,chr5:124199724-124213918_chr5:124536571-124537794,enhancer_hit,
Ccdc62_Heart_E11.5,chr5:124218918-124227224_chr5:124232224-124239721,enhancer_hit,
Ccdc62_Heart_E11.5,chr5:124218918-124227224_chr5:124536571-124537794,enhancer_hit,single
Ccdc62_Heart_E11.5,chr5:124232224-124239721_chr5:124536571-124537794,enhancer_hit,
Ccdc62_Limb_Any,chr5:123346999-123348284_chr5:124009379-124023374,enhancer_hit,single
Ccdc62_Limb_Any,chr5:123346999-123348284_chr5:124040936-124053494,enhancer_hit,single
Ccdc62_Limb_Any,chr5:123346999-123348284_chr5:124199724-124213918,enhancer_hit,single
Ccdc62_Limb_Any,chr5:124009379-124023374_chr5:124040936-124053494,enhancer_hit,single
Ccdc62_Limb_Any,chr5:124009379-124023374_chr5:124199724-124213918,enhancer_hit,
Ccdc62_Limb_Any,chr5:124040936-124053494_chr5:124199724-124213918,enhancer_hit,single
Ccdc62_Limb_E11.5,chr5:123346999-123348284_chr5:124009379-124023374,enhancer_hit,single
Ccdc63_Heart_Any,chr5:122471014-122472216_chr5:122557114-122562104,enhancer_hit,single
Ccdc88c_Forebrain_Any,chr12:100762469-100765414_chr12:101007536-101011689,enhancer_hit,single
Ccdc88c_Forebrain_Any,chr12:100997700-101000126_chr12:101007536-101011689,enhancer_hit,single
Ccdc88c_Forebrain_Any,chr12:101004916-101006438_chr12:101007536-101011689,enhancer_hit,
Ccl21a_Heart_Any,chr4:43397426-43403351_chr4:43417195-43420778,enhancer_hit,single
Ccm2l_Heart_Any,chr2:153318636-153320009_chr2:153348344-153352049,enhancer_hit,single
Ccm2l_Heart_Any,chr2:153318636-153320009_chr2:153559518-153563072,enhancer_hit,single
Ccm2l_Heart_Any,chr2:153348344-153352049_chr2:153559518-153563072,enhancer_hit,single
Ccm2l_Heart_E11.5,chr2:153348344-153352049_chr2:153559518-153563072,enhancer_hit,single
Ccnd2_Forebrain_Any,chr6:127328705-127332536_chr6:127333881-127339499,enhancer_hit,single
Ccnd2_Forebrain_E11.5,chr6:127328705-127332536_chr6:127333881-127339499,enhancer_hit,single
Ccnd2_Heart_Any,chr6:127328705-127332536_chr6:127333881-127339499,enhancer_hit,single
Ccnd2_Heart_E11.5,chr6:127328705-127332536_chr6:127333881-127339499,enhancer_hit,single
Ccnd2_Limb_Any,chr6:127328705-127332536_chr6:127333881-127339499,enhancer_hit,single
Ccnd2_Limb_E11.5,chr6:127328705-127332536_chr6:127333881-127339499,enhancer_hit,single
Ccnd3_Heart_Any,chr17:46871828-46874983_chr17:46885384-46886860,enhancer_hit,double
Ccnd3_Heart_Any,chr17:46871828-46874983_chr17:47443733-47447067,enhancer_hit,single
Ccnd3_Heart_Any,chr17:46871828-46874983_chr17:47510446-47514362,enhancer_hit,double
Ccnd3_Heart_Any,chr17:46871828-46874983_chr17:47516926-47524694,enhancer_hit,double
Ccnd3_Heart_Any,chr17:46871828-46874983_chr17:47566705-47569217,enhancer_hit,double
Ccnd3_Heart_Any,chr17:46871828-46874983_chr17:47598567-47601603,enhancer_hit,single
Ccnd3_Heart_Any,chr17:46885384-46886860_chr17:47443733-47447067,enhancer_hit,single
Ccnd3_Heart_Any,chr17:46885384-46886860_chr17:47510446-47514362,enhancer_hit,single
Ccnd3_Heart_Any,chr17:46885384-46886860_chr17:47516926-47524694,enhancer_hit,single
Ccnd3_Heart_Any,chr17:46885384-46886860_chr17:47558829-47560554,enhancer_hit,single
Ccnd3_Heart_Any,chr17:46885384-46886860_chr17:47566705-47569217,enhancer_hit,single
Ccnd3_Heart_Any,chr17:46885384-46886860_chr17:47598567-47601603,enhancer_hit,single
Ccnd3_Heart_Any,chr17:47443733-47447067_chr17:47510446-47514362,enhancer_hit,single
Ccnd3_Heart_Any,chr17:47443733-47447067_chr17:47516926-47524694,enhancer_hit,single
Ccnd3_Heart_Any,chr17:47443733-47447067_chr17:47558829-47560554,enhancer_hit,single
Ccnd3_Heart_Any,chr17:47443733-47447067_chr17:47566705-47569217,enhancer_hit,single
Ccnd3_Heart_Any,chr17:47510446-47514362_chr17:47516926-47524694,enhancer_hit,single
Ccnd3_Heart_Any,chr17:47510446-47514362_chr17:47566705-47569217,enhancer_hit,double
Ccnd3_Heart_Any,chr17:47510446-47514362_chr17:47598567-47601603,enhancer_hit,single
Ccnd3_Heart_Any,chr17:47516926-47524694_chr17:47558829-47560554,enhancer_hit,single
Ccnd3_Heart_Any,chr17:47516926-47524694_chr17:47566705-47569217,enhancer_hit,double
Ccnd3_Heart_Any,chr17:47516926-47524694_chr17:47598567-47601603,enhancer_hit,single
Ccnd3_Heart_Any,chr17:47558829-47560554_chr17:47566705-47569217,enhancer_hit,single
Ccnd3_Heart_Any,chr17:47566705-47569217_chr17:47598567-47601603,enhancer_hit,single
Ccnd3_Heart_E11.5,chr17:46871828-46874983_chr17:46885384-46886860,enhancer_hit,double
Ccnd3_Heart_E11.5,chr17:46871828-46874983_chr17:47443733-47447067,enhancer_hit,single
Ccnd3_Heart_E11.5,chr17:46871828-46874983_chr17:47510446-47514362,enhancer_hit,double
Ccnd3_Heart_E11.5,chr17:46871828-46874983_chr17:47516926-47524694,enhancer_hit,double
Ccnd3_Heart_E11.5,chr17:46871828-46874983_chr17:47598567-47601603,enhancer_hit,single
Ccnd3_Heart_E11.5,chr17:46885384-46886860_chr17:47443733-47447067,enhancer_hit,single
Ccnd3_Heart_E11.5,chr17:46885384-46886860_chr17:47510446-47514362,enhancer_hit,single
Ccnd3_Heart_E11.5,chr17:46885384-46886860_chr17:47516926-47524694,enhancer_hit,single
Ccnd3_Heart_E11.5,chr17:46885384-46886860_chr17:47598567-47601603,enhancer_hit,single
Ccnd3_Heart_E11.5,chr17:47443733-47447067_chr17:47510446-47514362,enhancer_hit,single
Ccnd3_Heart_E11.5,chr17:47443733-47447067_chr17:47516926-47524694,enhancer_hit,single
Ccnd3_Heart_E11.5,chr17:47510446-47514362_chr17:47516926-47524694,enhancer_hit,single
Ccnd3_Heart_E11.5,chr17:47510446-47514362_chr17:47598567-47601603,enhancer_hit,single
Ccnd3_Heart_E11.5,chr17:47516926-47524694_chr17:47598567-47601603,enhancer_hit,single
Ccnd3_Limb_Any,chr17:47510446-47514362_chr17:47516926-47524694,enhancer_hit,single
Ccnd3_Limb_Any,chr17:47510446-47514362_chr17:47571767-47575468,enhancer_hit,double
Ccnd3_Limb_Any,chr17:47516926-47524694_chr17:47558829-47560554,enhancer_hit,single
Ccnd3_Limb_Any,chr17:47516926-47524694_chr17:47571767-47575468,enhancer_hit,double
Ccnd3_Limb_Any,chr17:47558829-47560554_chr17:47571767-47575468,enhancer_hit,single
Ccnd3_Limb_E11.5,chr17:47510446-47514362_chr17:47516926-47524694,enhancer_hit,single
Ccr1_Forebrain_Any,chr9:120581842-120583424_chr9:121418840-121428466,enhancer_hit,double
Ccr1_Heart_Any,chr9:120581842-120583424_chr9:121418840-121428466,enhancer_hit,double
Ccr1_Heart_Any,chr9:120581842-120583424_chr9:123926522-123933314,enhancer_hit,single
Ccr1_Heart_Any,chr9:121418840-121428466_chr9:123926522-123933314,enhancer_hit,single
Ccr1_Heart_E11.5,chr9:120581842-120583424_chr9:121418840-121428466,enhancer_hit,double
Ccr1_Heart_E11.5,chr9:120581842-120583424_chr9:123926522-123933314,enhancer_hit,single
Ccr1_Heart_E11.5,chr9:121418840-121428466_chr9:123926522-123933314,enhancer_hit,single
Ccrl2_Forebrain_Any,chr9:110664386-110674223_chr9:110992111-110995572,enhancer_hit,single
Ccrl2_Heart_Any,chr9:110664386-110674223_chr9:110702236-110704003,enhancer_hit,
Ccrl2_Heart_Any,chr9:110664386-110674223_chr9:110992111-110995572,enhancer_hit,single
Ccrl2_Heart_Any,chr9:110702236-110704003_chr9:110992111-110995572,enhancer_hit,single
Ccrl2_Heart_E11.5,chr9:110664386-110674223_chr9:110992111-110995572,enhancer_hit,single
Cd109_Heart_Any,chr9:78618045-78619669_chr9:79637770-79638951,enhancer_hit,
Cd24a_Limb_Any,chr10:43618411-43620696_chr10:43623548-43626833,enhancer_hit,
Cd24a_Limb_Any,chr10:43623548-43626833_chr10:43634054-43635471,enhancer_hit,single
Cd24a_Limb_E11.5,chr10:43618411-43620696_chr10:43623548-43626833,enhancer_hit,
Cd24a_Limb_E11.5,chr10:43623548-43626833_chr10:43634054-43635471,enhancer_hit,single
Cd276_Heart_Any,chr9:58326026-58328106_chr9:58805631-58808780,enhancer_hit,single
Cd276_Heart_E11.5,chr9:58326026-58328106_chr9:58805631-58808780,enhancer_hit,single
Cd44_Heart_Any,chr2:101761863-101764045_chr2:102865877-102869047,enhancer_hit,single
Cd44_Heart_Any,chr2:101761863-101764045_chr2:102881291-102883745,enhancer_hit,
Cd44_Limb_Any,chr2:101761863-101764045_chr2:102881291-102883745,enhancer_hit,
Cd52_Heart_Any,chr4:134155792-134159509_chr4:134917524-134921051,enhancer_hit,single
Cd9_Forebrain_Any,chr6:125475191-125478862_chr6:125484443-125491929,enhancer_hit,
Cd9_Heart_Any,chr6:125475191-125478862_chr6:125484443-125491929,enhancer_hit,
Cd9_Heart_E11.5,chr6:125475191-125478862_chr6:125484443-125491929,enhancer_hit,
Cd9_Limb_Any,chr6:125475191-125478862_chr6:125484443-125491929,enhancer_hit,
Cdc14b_Heart_Any,chr13:64186446-64187965_chr13:64234498-64238773,enhancer_hit,single
Cdc42se2_Forebrain_Any,chr11:54753532-54757083_chr11:54810632-54814205,enhancer_hit,single
Cdc42se2_Forebrain_E11.5,chr11:54753532-54757083_chr11:54810632-54814205,enhancer_hit,single
Cdh13_Forebrain_Any,chr8:118286232-118292116_chr8:118376501-118381330,enhancer_hit,single
Cdh13_Forebrain_Any,chr8:118376501-118381330_chr8:118517977-118519625,enhancer_hit,single
Cdh13_Heart_Any,chr8:118286232-118292116_chr8:118376501-118381330,enhancer_hit,single
Cdh13_Heart_Any,chr8:118376501-118381330_chr8:118517977-118519625,enhancer_hit,single
Cdh13_Heart_E11.5,chr8:118286232-118292116_chr8:118376501-118381330,enhancer_hit,single
Cdh15_Limb_Any,chr8:121394377-121399038_chr8:121491134-121493188,enhancer_hit,single
Cdh2_Forebrain_Any,chr18:16703008-16704494_chr18:16707479-16719872,enhancer_hit,single
Cdh2_Forebrain_E11.5,chr18:16703008-16704494_chr18:16707479-16719872,enhancer_hit,single
Cdh2_Heart_Any,chr18:16634145-16635145_chr18:16707479-16719872,enhancer_hit,single
Cdh2_Heart_Any,chr18:16703008-16704494_chr18:16707479-16719872,enhancer_hit,single
Cdh2_Heart_Any,chr18:16707479-16719872_chr18:16752527-16754477,enhancer_hit,
Cdh2_Heart_E11.5,chr18:16707479-16719872_chr18:16752527-16754477,enhancer_hit,
Cdh3_Heart_Any,chr8:106397469-106400981_chr8:106515863-106523167,enhancer_hit,single
Cdh3_Heart_Any,chr8:106515863-106523167_chr8:106525609-106529367,enhancer_hit,single
Cdh3_Heart_Any,chr8:106515863-106523167_chr8:106532355-106533638,enhancer_hit,single
Cdh3_Heart_E11.5,chr8:106397469-106400981_chr8:106515863-106523167,enhancer_hit,single
Cdh3_Heart_E11.5,chr8:106515863-106523167_chr8:106525609-106529367,enhancer_hit,single
Cdh3_Heart_E11.5,chr8:106515863-106523167_chr8:106532355-106533638,enhancer_hit,single
Cdh3_Limb_Any,chr8:106397469-106400981_chr8:106515863-106523167,enhancer_hit,single
Cdk14_Forebrain_Any,chr5:4483831-4487060_chr5:4962056-4963871,enhancer_hit,
Cdk18_Heart_Any,chr1:132095173-132096759_chr1:132123040-132128824,enhancer_hit,single
Cdk18_Heart_Any,chr1:132095173-132096759_chr1:132132628-132134532,enhancer_hit,single
Cdk18_Heart_Any,chr1:132123040-132128824_chr1:132132628-132134532,enhancer_hit,single
Cdk18_Heart_Any,chr1:132123040-132128824_chr1:132149604-132153020,enhancer_hit,single
Cdk18_Heart_Any,chr1:132132628-132134532_chr1:132149604-132153020,enhancer_hit,single
Cdk18_Heart_E11.5,chr1:132095173-132096759_chr1:132132628-132134532,enhancer_hit,single
Cdk5r1_Forebrain_Any,chr11:80471899-80474522_chr11:80515386-80520542,enhancer_hit,single
Cdk5r1_Forebrain_Any,chr11:80471899-80474522_chr11:80620106-80624482,enhancer_hit,
Cdk5r1_Forebrain_Any,chr11:80471899-80474522_chr11:81485830-81486830,enhancer_hit,single
Cdk5r1_Forebrain_Any,chr11:80502657-80506369_chr11:80515386-80520542,enhancer_hit,single
Cdk5r1_Forebrain_Any,chr11:80502657-80506369_chr11:80575846-80580345,enhancer_hit,single
Cdk5r1_Forebrain_Any,chr11:80502657-80506369_chr11:80601298-80604178,enhancer_hit,single
Cdk5r1_Forebrain_Any,chr11:80502657-80506369_chr11:80620106-80624482,enhancer_hit,single
Cdk5r1_Forebrain_Any,chr11:80515386-80520542_chr11:80549213-80552798,enhancer_hit,single
Cdk5r1_Forebrain_Any,chr11:80515386-80520542_chr11:80601298-80604178,enhancer_hit,single
Cdk5r1_Forebrain_Any,chr11:80515386-80520542_chr11:80620106-80624482,enhancer_hit,single
Cdk5r1_Forebrain_Any,chr11:80515386-80520542_chr11:81485830-81486830,enhancer_hit,single
Cdk5r1_Forebrain_Any,chr11:80549213-80552798_chr11:80620106-80624482,enhancer_hit,single
Cdk5r1_Forebrain_Any,chr11:80575846-80580345_chr11:80601298-80604178,enhancer_hit,
Cdk5r1_Forebrain_Any,chr11:80575846-80580345_chr11:80620106-80624482,enhancer_hit,
Cdk5r1_Forebrain_Any,chr11:80601298-80604178_chr11:80620106-80624482,enhancer_hit,single
Cdk5r1_Forebrain_Any,chr11:80620106-80624482_chr11:81485830-81486830,enhancer_hit,single
Cdk5r1_Forebrain_E11.5,chr11:80502657-80506369_chr11:80515386-80520542,enhancer_hit,single
Cdk5r1_Forebrain_E11.5,chr11:80502657-80506369_chr11:80575846-80580345,enhancer_hit,single
Cdk5r1_Forebrain_E11.5,chr11:80502657-80506369_chr11:80601298-80604178,enhancer_hit,single
Cdk5r1_Forebrain_E11.5,chr11:80502657-80506369_chr11:80620106-80624482,enhancer_hit,single
Cdk5r1_Forebrain_E11.5,chr11:80515386-80520542_chr11:80601298-80604178,enhancer_hit,single
Cdk5r1_Forebrain_E11.5,chr11:80515386-80520542_chr11:80620106-80624482,enhancer_hit,single
Cdk5r1_Forebrain_E11.5,chr11:80575846-80580345_chr11:80601298-80604178,enhancer_hit,
Cdk5r1_Forebrain_E11.5,chr11:80575846-80580345_chr11:80620106-80624482,enhancer_hit,
Cdk5r1_Forebrain_E11.5,chr11:80601298-80604178_chr11:80620106-80624482,enhancer_hit,single
Cdk6_Heart_Any,chr5:3368735-3369735_chr5:3490494-3492427,enhancer_hit,single
Cdkal1_Heart_Any,chr13:25178214-25179709_chr13:28534243-28535324,enhancer_hit,single
Cdkal1_Heart_E11.5,chr13:25178214-25179709_chr13:28534243-28535324,enhancer_hit,single
Cdkl5_Forebrain_Any,chrX:160592683-160593683_chrX:160596104-160606148,enhancer_hit,
Cdkl5_Heart_Any,chrX:160592683-160593683_chrX:160596104-160606148,enhancer_hit,
Cdon_Forebrain_Any,chr9:35316351-35319585_chr9:35399692-35406907,enhancer_hit,
Cdon_Forebrain_Any,chr9:35316351-35319585_chr9:35506858-35509556,enhancer_hit,
Cdon_Forebrain_Any,chr9:35316351-35319585_chr9:35520769-35525138,enhancer_hit,single
Cdon_Forebrain_Any,chr9:35338035-35343908_chr9:35506858-35509556,enhancer_hit,
Cdon_Forebrain_Any,chr9:35338035-35343908_chr9:35520769-35525138,enhancer_hit,single
Cdon_Forebrain_Any,chr9:35359262-35364823_chr9:35399692-35406907,enhancer_hit,
Cdon_Forebrain_Any,chr9:35399692-35406907_chr9:35506858-35509556,enhancer_hit,
Cdon_Forebrain_Any,chr9:35399692-35406907_chr9:35520769-35525138,enhancer_hit,
Cdon_Forebrain_Any,chr9:35481796-35482860_chr9:35506858-35509556,enhancer_hit,
Cdon_Forebrain_Any,chr9:35506858-35509556_chr9:35520769-35525138,enhancer_hit,
Cdon_Forebrain_E11.5,chr9:35359262-35364823_chr9:35399692-35406907,enhancer_hit,
Cdon_Heart_Any,chr9:35338035-35343908_chr9:35506858-35509556,enhancer_hit,
Cdon_Heart_Any,chr9:35338035-35343908_chr9:35520769-35525138,enhancer_hit,single
Cdon_Heart_Any,chr9:35359262-35364823_chr9:35399692-35406907,enhancer_hit,
Cdon_Heart_Any,chr9:35399692-35406907_chr9:35506858-35509556,enhancer_hit,
Cdon_Heart_Any,chr9:35399692-35406907_chr9:35520769-35525138,enhancer_hit,
Cdon_Heart_Any,chr9:35506858-35509556_chr9:35520769-35525138,enhancer_hit,
Cdon_Heart_E11.5,chr9:35338035-35343908_chr9:35506858-35509556,enhancer_hit,
Cdon_Limb_Any,chr9:35316351-35319585_chr9:35399692-35406907,enhancer_hit,
Cdon_Limb_Any,chr9:35316351-35319585_chr9:35506858-35509556,enhancer_hit,
Cdon_Limb_Any,chr9:35316351-35319585_chr9:35520769-35525138,enhancer_hit,single
Cdon_Limb_Any,chr9:35338035-35343908_chr9:35506858-35509556,enhancer_hit,
Cdon_Limb_Any,chr9:35338035-35343908_chr9:35520769-35525138,enhancer_hit,single
Cdon_Limb_Any,chr9:35359262-35364823_chr9:35399692-35406907,enhancer_hit,
Cdon_Limb_Any,chr9:35399692-35406907_chr9:35506858-35509556,enhancer_hit,
Cdon_Limb_Any,chr9:35399692-35406907_chr9:35520769-35525138,enhancer_hit,
Cdon_Limb_Any,chr9:35506858-35509556_chr9:35520769-35525138,enhancer_hit,
Cdon_Limb_E11.5,chr9:35316351-35319585_chr9:35399692-35406907,enhancer_hit,
Cdon_Limb_E11.5,chr9:35316351-35319585_chr9:35506858-35509556,enhancer_hit,
Cdon_Limb_E11.5,chr9:35316351-35319585_chr9:35520769-35525138,enhancer_hit,single
Cdon_Limb_E11.5,chr9:35338035-35343908_chr9:35506858-35509556,enhancer_hit,
Cdon_Limb_E11.5,chr9:35338035-35343908_chr9:35520769-35525138,enhancer_hit,single
Cdon_Limb_E11.5,chr9:35359262-35364823_chr9:35399692-35406907,enhancer_hit,
Cdon_Limb_E11.5,chr9:35399692-35406907_chr9:35506858-35509556,enhancer_hit,
Cdon_Limb_E11.5,chr9:35399692-35406907_chr9:35520769-35525138,enhancer_hit,
Cdon_Limb_E11.5,chr9:35506858-35509556_chr9:35520769-35525138,enhancer_hit,
Ceacam15_Heart_Any,chr7:16155137-16157120_chr7:16437238-16438238,enhancer_hit,single
Cebpd_Heart_Any,chr16:15889785-15891480_chr16:15946731-15950251,enhancer_hit,single
Cebpd_Heart_Any,chr16:15946731-15950251_chr16:15954742-15960101,enhancer_hit,single
Cecr2_Heart_Any,chr6:120516267-120517775_chr6:120603363-120607805,enhancer_hit,single
Celf1_Forebrain_Any,chr2:90868736-90872385_chr2:91065708-91067579,enhancer_hit,single
Celf1_Heart_Any,chr2:90868736-90872385_chr2:90892323-90896079,enhancer_hit,single
Celf1_Heart_Any,chr2:90868736-90872385_chr2:91065708-91067579,enhancer_hit,single
Celf1_Heart_E11.5,chr2:90868736-90872385_chr2:90892323-90896079,enhancer_hit,single
Celf2_Forebrain_Any,chr2:6593270-6596017_chr2:6865411-6881769,enhancer_hit,
Celf2_Forebrain_Any,chr2:6593270-6596017_chr2:7061839-7064359,enhancer_hit,
Celf2_Forebrain_Any,chr2:6865411-6881769_chr2:6911094-6912943,enhancer_hit,
Celf2_Forebrain_Any,chr2:6865411-6881769_chr2:7086115-7094048,enhancer_hit,single
Celf2_Forebrain_Any,chr2:6911094-6912943_chr2:7086115-7094048,enhancer_hit,
Celf2_Forebrain_E11.5,chr2:6593270-6596017_chr2:6865411-6881769,enhancer_hit,
Celf2_Forebrain_E11.5,chr2:6865411-6881769_chr2:7086115-7094048,enhancer_hit,single
Celf2_Heart_Any,chr2:6865411-6881769_chr2:7086115-7094048,enhancer_hit,single
Celf2_Heart_Any,chr2:7061839-7064359_chr2:7526383-7527390,enhancer_hit,
Celf2_Heart_E11.5,chr2:6865411-6881769_chr2:7086115-7094048,enhancer_hit,single
Celf2_Limb_Any,chr2:6865411-6881769_chr2:7086115-7094048,enhancer_hit,single
Celsr1_Forebrain_Any,chr15:85199986-85202500_chr15:85537531-85540404,enhancer_hit,
Celsr1_Forebrain_Any,chr15:85199986-85202500_chr15:85947022-85950300,enhancer_hit,single
Celsr1_Forebrain_Any,chr15:85199986-85202500_chr15:85967421-85971989,enhancer_hit,single
Celsr1_Forebrain_Any,chr15:85537531-85540404_chr15:85947022-85950300,enhancer_hit,single
Celsr1_Forebrain_Any,chr15:85537531-85540404_chr15:85967421-85971989,enhancer_hit,
Celsr1_Forebrain_Any,chr15:85947022-85950300_chr15:85967421-85971989,enhancer_hit,
Celsr1_Heart_Any,chr15:85947022-85950300_chr15:85967421-85971989,enhancer_hit,
Celsr2_Forebrain_Any,chr3:108404944-108407385_chr3:108408510-108413052,enhancer_hit,
Celsr2_Forebrain_E11.5,chr3:108404944-108407385_chr3:108408510-108413052,enhancer_hit,
Cenpm_Forebrain_Any,chr15:82183010-82187589_chr15:83008696-83012076,enhancer_hit,single
Cenpm_Heart_Any,chr15:82183010-82187589_chr15:83008696-83012076,enhancer_hit,single
Cep41_Limb_Any,chr6:30544081-30555051_chr6:30603265-30605703,enhancer_hit,
Cep41_Limb_Any,chr6:30591538-30593679_chr6:30603265-30605703,enhancer_hit,
Cep41_Limb_E11.5,chr6:30544081-30555051_chr6:30603265-30605703,enhancer_hit,
Cep41_Limb_E11.5,chr6:30591538-30593679_chr6:30603265-30605703,enhancer_hit,
Cep85_Heart_Any,chr4:133979623-133981854_chr4:134611639-134613166,enhancer_hit,single
Cep85_Heart_E11.5,chr4:133979623-133981854_chr4:134611639-134613166,enhancer_hit,single
Cers2_Forebrain_Any,chr3:95649404-95654664_chr3:95661356-95678201,enhancer_hit,single
Cers2_Heart_Any,chr3:95317627-95320038_chr3:95649404-95654664,enhancer_hit,single
Cers2_Heart_Any,chr3:95317627-95320038_chr3:95661356-95678201,enhancer_hit,single
Cers2_Heart_Any,chr3:95649404-95654664_chr3:95661356-95678201,enhancer_hit,single
Cers2_Heart_E11.5,chr3:95317627-95320038_chr3:95649404-95654664,enhancer_hit,single
Cers2_Heart_E11.5,chr3:95317627-95320038_chr3:95661356-95678201,enhancer_hit,single
Cers2_Heart_E11.5,chr3:95649404-95654664_chr3:95661356-95678201,enhancer_hit,single
Cers2_Limb_Any,chr3:95649404-95654664_chr3:95661356-95678201,enhancer_hit,single
Cers5_Limb_Any,chr15:100142670-100144925_chr15:100166203-100169950,enhancer_hit,single
Chchd6_Forebrain_Any,chr6:88964834-88966949_chr6:89006448-89015107,enhancer_hit,single
Chchd6_Forebrain_E11.5,chr6:88964834-88966949_chr6:89006448-89015107,enhancer_hit,single
Chd7_Heart_Any,chr4:8702569-8710701_chr4:8722078-8726960,enhancer_hit,single
Chd7_Heart_E11.5,chr4:8702569-8710701_chr4:8722078-8726960,enhancer_hit,single
Chd9_Limb_Any,chr8:90858977-90860051_chr8:90860886-90863330,enhancer_hit,single
Chd9_Limb_E11.5,chr8:90858977-90860051_chr8:90860886-90863330,enhancer_hit,single
Chst10_Forebrain_Any,chr1:38246748-38249665_chr1:38488203-38489788,enhancer_hit,single
Chst14_Forebrain_Any,chr2:118157929-118163600_chr2:118531598-118534650,enhancer_hit,
Chst14_Forebrain_Any,chr2:118157929-118163600_chr2:118538742-118545059,enhancer_hit,
Chst14_Forebrain_Any,chr2:118518648-118523884_chr2:118538742-118545059,enhancer_hit,single
Chst14_Forebrain_E11.5,chr2:118157929-118163600_chr2:118531598-118534650,enhancer_hit,
Chst14_Heart_Any,chr2:118518648-118523884_chr2:118535863-118537306,enhancer_hit,
Chst14_Heart_Any,chr2:118518648-118523884_chr2:118538742-118545059,enhancer_hit,
Chst14_Heart_Any,chr2:118535863-118537306_chr2:118538742-118545059,enhancer_hit,
Chst14_Heart_E11.5,chr2:118518648-118523884_chr2:118535863-118537306,enhancer_hit,
Chst14_Heart_E11.5,chr2:118518648-118523884_chr2:118538742-118545059,enhancer_hit,
Chst14_Heart_E11.5,chr2:118535863-118537306_chr2:118538742-118545059,enhancer_hit,
Chst14_Limb_Any,chr2:118157929-118163600_chr2:118531598-118534650,enhancer_hit,
Chst14_Limb_Any,chr2:118157929-118163600_chr2:118538742-118545059,enhancer_hit,
Chst14_Limb_Any,chr2:118518648-118523884_chr2:118538742-118545059,enhancer_hit,single
Chst14_Limb_E11.5,chr2:118518648-118523884_chr2:118538742-118545059,enhancer_hit,single
Cinp_Forebrain_Any,chr12:111513601-111519767_chr12:113027593-113035873,enhancer_hit,single
Cinp_Forebrain_Any,chr12:111513601-111519767_chr12:113040683-113044179,enhancer_hit,single
Cinp_Forebrain_Any,chr12:113027593-113035873_chr12:113040683-113044179,enhancer_hit,single
Cinp_Heart_Any,chr12:111513601-111519767_chr12:113027593-113035873,enhancer_hit,single
Cinp_Limb_Any,chr12:113027593-113035873_chr12:113040683-113044179,enhancer_hit,single
Cited4_Heart_Any,chr4:120609205-120613339_chr4:120629138-120633373,enhancer_hit,single
Cited4_Heart_Any,chr4:120609205-120613339_chr4:120669071-120671757,enhancer_hit,single
Cited4_Heart_E11.5,chr4:120609205-120613339_chr4:120629138-120633373,enhancer_hit,single
Cited4_Heart_E11.5,chr4:120609205-120613339_chr4:120669071-120671757,enhancer_hit,single
Clasp1_Heart_Any,chr1:119390539-119392026_chr1:119396083-119397629,enhancer_hit,
Clcnkb_Forebrain_Any,chr4:141500281-141502031_chr4:141640737-141644765,enhancer_hit,single
Clcnkb_Heart_Any,chr4:141500281-141502031_chr4:141640737-141644765,enhancer_hit,single
Clcnkb_Limb_Any,chr4:141500281-141502031_chr4:141640737-141644765,enhancer_hit,single
Cldn4_Heart_Any,chr5:134778436-134780354_chr5:134864450-134869019,enhancer_hit,single
Cldn4_Limb_Any,chr5:134444009-134446073_chr5:134894526-134896328,enhancer_hit,single
Clec14a_Heart_Any,chr12:58323286-58325007_chr12:58537709-58538985,enhancer_hit,
Clic4_Heart_Any,chr4:134153825-134154825_chr4:134883065-134885385,enhancer_hit,single
Clic4_Heart_Any,chr4:134153825-134154825_chr4:135266225-135270314,enhancer_hit,single
Clic4_Heart_Any,chr4:134298717-134302970_chr4:134936707-134939050,enhancer_hit,single
Clic4_Heart_Any,chr4:134298717-134302970_chr4:135263627-135264627,enhancer_hit,single
Clic4_Heart_Any,chr4:134298717-134302970_chr4:135266225-135270314,enhancer_hit,single
Clic4_Heart_Any,chr4:134883065-134885385_chr4:135266225-135270314,enhancer_hit,double
Clic4_Heart_Any,chr4:134936707-134939050_chr4:135263627-135264627,enhancer_hit,single
Clic4_Heart_Any,chr4:134936707-134939050_chr4:135266225-135270314,enhancer_hit,single
Clic4_Heart_E11.5,chr4:134298717-134302970_chr4:134936707-134939050,enhancer_hit,single
Clic4_Heart_E11.5,chr4:134298717-134302970_chr4:135266225-135270314,enhancer_hit,single
Clic4_Heart_E11.5,chr4:134936707-134939050_chr4:135266225-135270314,enhancer_hit,single
Clic5_Heart_Any,chr17:43743226-43746000_chr17:44211273-44218296,enhancer_hit,
Clic5_Heart_Any,chr17:44227225-44231916_chr17:45019645-45021031,enhancer_hit,
Clint1_Limb_Any,chr11:45799127-45801329_chr11:45835037-45840153,enhancer_hit,single
Cluh_Heart_Any,chr11:74720256-74721256_chr11:75209155-75216496,enhancer_hit,single
Cluh_Heart_Any,chr11:74720256-74721256_chr11:75239975-75241652,enhancer_hit,single
Cluh_Heart_Any,chr11:75209155-75216496_chr11:75239975-75241652,enhancer_hit,single
Cluh_Heart_E11.5,chr11:75209155-75216496_chr11:75239975-75241652,enhancer_hit,single
Cngb1_Heart_Any,chr8:95209220-95210439_chr8:95213946-95214946,enhancer_hit,single
Cngb1_Heart_Any,chr8:95209220-95210439_chr8:95226233-95227445,enhancer_hit,single
Cngb1_Heart_Any,chr8:95213946-95214946_chr8:95226233-95227445,enhancer_hit,single
Cntn2_Forebrain_Any,chr1:132658724-132661509_chr1:132687582-132690560,enhancer_hit,single
Col15a1_Heart_Any,chr4:47136234-47137865_chr4:47138462-47140068,enhancer_hit,single
Col18a1_Heart_Any,chr10:76351885-76352885_chr10:77228805-77233764,enhancer_hit,single
Col18a1_Heart_Any,chr10:76351885-76352885_chr10:77468048-77469973,enhancer_hit,
Col18a1_Heart_Any,chr10:76415631-76418171_chr10:76583902-76587628,enhancer_hit,
Col18a1_Heart_Any,chr10:76415631-76418171_chr10:77157730-77162495,enhancer_hit,single
Col18a1_Heart_Any,chr10:76415631-76418171_chr10:77228805-77233764,enhancer_hit,
Col18a1_Heart_Any,chr10:76415631-76418171_chr10:77468048-77469973,enhancer_hit,
Col18a1_Heart_Any,chr10:76583902-76587628_chr10:77157730-77162495,enhancer_hit,
Col18a1_Heart_Any,chr10:76583902-76587628_chr10:77228805-77233764,enhancer_hit,single
Col18a1_Heart_Any,chr10:76583902-76587628_chr10:77468048-77469973,enhancer_hit,
Col18a1_Heart_Any,chr10:77157730-77162495_chr10:77228805-77233764,enhancer_hit,
Col18a1_Heart_Any,chr10:77157730-77162495_chr10:77468048-77469973,enhancer_hit,
Col18a1_Heart_Any,chr10:77228805-77233764_chr10:77468048-77469973,enhancer_hit,
Col18a1_Heart_E11.5,chr10:76415631-76418171_chr10:76583902-76587628,enhancer_hit,
Col18a1_Heart_E11.5,chr10:76415631-76418171_chr10:77157730-77162495,enhancer_hit,single
Col18a1_Heart_E11.5,chr10:76415631-76418171_chr10:77228805-77233764,enhancer_hit,
Col18a1_Heart_E11.5,chr10:76583902-76587628_chr10:77157730-77162495,enhancer_hit,
Col18a1_Heart_E11.5,chr10:76583902-76587628_chr10:77228805-77233764,enhancer_hit,single
Col18a1_Heart_E11.5,chr10:77157730-77162495_chr10:77228805-77233764,enhancer_hit,
Col1a1_Heart_Any,chr11:94871942-94875493_chr11:94926199-94930942,enhancer_hit,single
Col1a1_Heart_Any,chr11:94871942-94875493_chr11:94931962-94933723,enhancer_hit,single
Col1a1_Heart_Any,chr11:94871942-94875493_chr11:94938723-94952680,enhancer_hit,
Col1a1_Heart_Any,chr11:94871942-94875493_chr11:95085273-95089842,enhancer_hit,single
Col1a1_Heart_Any,chr11:94871942-94875493_chr11:97261483-97262483,enhancer_hit,single
Col1a1_Heart_Any,chr11:94926199-94930942_chr11:94931962-94933723,enhancer_hit,single
Col1a1_Heart_Any,chr11:94926199-94930942_chr11:94938723-94952680,enhancer_hit,
Col1a1_Heart_Any,chr11:94926199-94930942_chr11:95085273-95089842,enhancer_hit,double
Col1a1_Heart_Any,chr11:94926199-94930942_chr11:95096357-95099221,enhancer_hit,single
Col1a1_Heart_Any,chr11:94926199-94930942_chr11:97261483-97262483,enhancer_hit,single
Col1a1_Heart_Any,chr11:94931962-94933723_chr11:94938723-94952680,enhancer_hit,
Col1a1_Heart_Any,chr11:94931962-94933723_chr11:95085273-95089842,enhancer_hit,single
Col1a1_Heart_Any,chr11:94931962-94933723_chr11:96017611-96018611,enhancer_hit,single
Col1a1_Heart_Any,chr11:94931962-94933723_chr11:97261483-97262483,enhancer_hit,single
Col1a1_Heart_Any,chr11:94938723-94952680_chr11:95085273-95089842,enhancer_hit,
Col1a1_Heart_Any,chr11:94938723-94952680_chr11:97261483-97262483,enhancer_hit,
Col1a1_Heart_Any,chr11:95085273-95089842_chr11:97261483-97262483,enhancer_hit,single
Col1a1_Heart_Any,chr11:95096357-95099221_chr11:97261483-97262483,enhancer_hit,double
Col1a1_Heart_Any,chr11:96017611-96018611_chr11:97261483-97262483,enhancer_hit,single
Col1a1_Heart_E11.5,chr11:94871942-94875493_chr11:94926199-94930942,enhancer_hit,single
Col1a1_Heart_E11.5,chr11:94871942-94875493_chr11:94931962-94933723,enhancer_hit,single
Col1a1_Heart_E11.5,chr11:94926199-94930942_chr11:94931962-94933723,enhancer_hit,single
Col1a1_Heart_E11.5,chr11:94931962-94933723_chr11:96017611-96018611,enhancer_hit,single
Col1a1_Limb_Any,chr11:94871942-94875493_chr11:94895757-94898200,enhancer_hit,single
Col1a1_Limb_Any,chr11:94871942-94875493_chr11:94926199-94930942,enhancer_hit,single
Col1a1_Limb_Any,chr11:94871942-94875493_chr11:94931962-94933723,enhancer_hit,single
Col1a1_Limb_Any,chr11:94871942-94875493_chr11:94938723-94952680,enhancer_hit,
Col1a1_Limb_Any,chr11:94895757-94898200_chr11:94926199-94930942,enhancer_hit,single
Col1a1_Limb_Any,chr11:94895757-94898200_chr11:94931962-94933723,enhancer_hit,single
Col1a1_Limb_Any,chr11:94895757-94898200_chr11:94938723-94952680,enhancer_hit,
Col1a1_Limb_Any,chr11:94926199-94930942_chr11:94931962-94933723,enhancer_hit,single
Col1a1_Limb_Any,chr11:94926199-94930942_chr11:94938723-94952680,enhancer_hit,
Col1a1_Limb_Any,chr11:94931962-94933723_chr11:94938723-94952680,enhancer_hit,
Col1a1_Limb_E11.5,chr11:94871942-94875493_chr11:94926199-94930942,enhancer_hit,single
Col1a1_Limb_E11.5,chr11:94871942-94875493_chr11:94931962-94933723,enhancer_hit,single
Col1a1_Limb_E11.5,chr11:94926199-94930942_chr11:94931962-94933723,enhancer_hit,single
Col1a2_Limb_Any,chr6:4455090-4459132_chr6:4952706-4954110,enhancer_hit,
Col1a2_Limb_Any,chr6:4487003-4491189_chr6:4810926-4811926,enhancer_hit,single
Col1a2_Limb_Any,chr6:4518886-4521333_chr6:4535331-4537078,enhancer_hit,
Col1a2_Limb_E11.5,chr6:4455090-4459132_chr6:4952706-4954110,enhancer_hit,
Col1a2_Limb_E11.5,chr6:4487003-4491189_chr6:4810926-4811926,enhancer_hit,single
Col26a1_Forebrain_Any,chr5:136790903-136793838_chr5:136886477-136889597,enhancer_hit,single
Col26a1_Heart_Any,chr5:136802244-136807096_chr5:136886477-136889597,enhancer_hit,single
Col26a1_Limb_Any,chr5:136790903-136793838_chr5:136802244-136807096,enhancer_hit,single
Col26a1_Limb_Any,chr5:136790903-136793838_chr5:136886477-136889597,enhancer_hit,single
Col26a1_Limb_Any,chr5:136802244-136807096_chr5:136818266-136819266,enhancer_hit,single
Col26a1_Limb_Any,chr5:136802244-136807096_chr5:136886477-136889597,enhancer_hit,single
Col26a1_Limb_E11.5,chr5:136790903-136793838_chr5:136802244-136807096,enhancer_hit,single
Col26a1_Limb_E11.5,chr5:136790903-136793838_chr5:136886477-136889597,enhancer_hit,single
Col26a1_Limb_E11.5,chr5:136802244-136807096_chr5:136886477-136889597,enhancer_hit,single
Col3a1_Limb_Any,chr1:45018504-45023821_chr1:45671594-45674286,enhancer_hit,
Col4a1_Forebrain_Any,chr8:11361563-11365034_chr8:11704242-11708965,enhancer_hit,single
Col4a1_Heart_Any,chr8:11192383-11193411_chr8:11391326-11396707,enhancer_hit,
Col4a1_Heart_Any,chr8:11270245-11286681_chr8:11361563-11365034,enhancer_hit,
Col4a1_Heart_Any,chr8:11321783-11325756_chr8:11356578-11358823,enhancer_hit,
Col4a1_Heart_Any,chr8:11321783-11325756_chr8:11704242-11708965,enhancer_hit,single
Col4a1_Heart_Any,chr8:11321783-11325756_chr8:12799479-12803078,enhancer_hit,
Col4a1_Heart_Any,chr8:11326476-11328712_chr8:11361563-11365034,enhancer_hit,single
Col4a1_Heart_Any,chr8:11326476-11328712_chr8:11704242-11708965,enhancer_hit,single
Col4a1_Heart_Any,chr8:11326476-11328712_chr8:12799479-12803078,enhancer_hit,
Col4a1_Heart_Any,chr8:11356578-11358823_chr8:11704242-11708965,enhancer_hit,
Col4a1_Heart_Any,chr8:11356578-11358823_chr8:12799479-12803078,enhancer_hit,
Col4a1_Heart_Any,chr8:11361563-11365034_chr8:11704242-11708965,enhancer_hit,single
Col4a1_Heart_Any,chr8:11373159-11377079_chr8:11386877-11389387,enhancer_hit,
Col4a1_Heart_Any,chr8:11704242-11708965_chr8:12799479-12803078,enhancer_hit,
Col4a1_Heart_E11.5,chr8:11192383-11193411_chr8:11391326-11396707,enhancer_hit,
Col4a1_Heart_E11.5,chr8:11270245-11286681_chr8:11361563-11365034,enhancer_hit,
Col4a1_Heart_E11.5,chr8:11326476-11328712_chr8:11361563-11365034,enhancer_hit,single
Col4a1_Heart_E11.5,chr8:11326476-11328712_chr8:11704242-11708965,enhancer_hit,single
Col4a1_Heart_E11.5,chr8:11356578-11358823_chr8:11704242-11708965,enhancer_hit,
Col4a1_Heart_E11.5,chr8:11361563-11365034_chr8:11704242-11708965,enhancer_hit,single
Col4a1_Heart_E11.5,chr8:11373159-11377079_chr8:11386877-11389387,enhancer_hit,
Col4a1_Limb_Any,chr8:11270245-11286681_chr8:11361563-11365034,enhancer_hit,
Col4a2_Heart_Any,chr8:11378385-11386325_chr8:12903220-12908150,enhancer_hit,
Col4a2_Limb_Any,chr8:11342782-11345949_chr8:11410704-11415218,enhancer_hit,
Col5a1_Forebrain_Any,chr2:27833627-27838904_chr2:27953312-27958433,enhancer_hit,single
Col5a1_Heart_Any,chr2:27679761-27682608_chr2:27953312-27958433,enhancer_hit,single
Col5a1_Heart_Any,chr2:27771965-27778590_chr2:27930454-27937454,enhancer_hit,single
Col5a1_Heart_Any,chr2:27833627-27838904_chr2:27953312-27958433,enhancer_hit,single
Col5a1_Heart_E11.5,chr2:27679761-27682608_chr2:27953312-27958433,enhancer_hit,single
Col5a1_Heart_E11.5,chr2:27771965-27778590_chr2:27930454-27937454,enhancer_hit,single
Col5a1_Heart_E11.5,chr2:27833627-27838904_chr2:27953312-27958433,enhancer_hit,single
Col5a1_Limb_Any,chr2:27670225-27672580_chr2:27679761-27682608,enhancer_hit,single
Col5a1_Limb_Any,chr2:27771965-27778590_chr2:27930454-27937454,enhancer_hit,single
Col5a1_Limb_E11.5,chr2:27771965-27778590_chr2:27930454-27937454,enhancer_hit,single
Col6a2_Heart_Any,chr10:76256754-76259016_chr10:76480933-76481933,enhancer_hit,single
Col6a2_Heart_Any,chr10:76256754-76259016_chr10:76663362-76665691,enhancer_hit,single
Col6a2_Heart_Any,chr10:76256754-76259016_chr10:76729275-76735221,enhancer_hit,
Col6a2_Heart_Any,chr10:76480933-76481933_chr10:76729275-76735221,enhancer_hit,
Col6a2_Heart_Any,chr10:76589138-76591292_chr10:76663362-76665691,enhancer_hit,single
Col6a2_Heart_Any,chr10:76589138-76591292_chr10:76679946-76685385,enhancer_hit,single
Col6a2_Heart_Any,chr10:76589138-76591292_chr10:76694288-76696658,enhancer_hit,single
Col6a2_Heart_Any,chr10:76663362-76665691_chr10:76729275-76735221,enhancer_hit,single
Col6a2_Limb_Any,chr10:76663362-76665691_chr10:76729275-76735221,enhancer_hit,single
Col6a3_Heart_Any,chr1:90749783-90751258_chr1:90835473-90840851,enhancer_hit,
Copg2_Heart_Any,chr6:30523740-30530249_chr6:30860662-30861793,enhancer_hit,single
Cops7a_Heart_Any,chr6:124821644-124822644_chr6:125147750-125150486,enhancer_hit,single
Copz2_Heart_Any,chr11:94915531-94917208_chr11:95795151-95796151,enhancer_hit,single
Coq5_Heart_Any,chr5:115056905-115060909_chr5:115332859-115335509,enhancer_hit,single
Coq5_Heart_E11.5,chr5:115056905-115060909_chr5:115332859-115335509,enhancer_hit,single
Coro2b_Forebrain_Any,chr9:62486572-62487572_chr9:62501453-62504712,enhancer_hit,single
Coro2b_Forebrain_Any,chr9:62486572-62487572_chr9:62508158-62511876,enhancer_hit,single
Coro2b_Forebrain_Any,chr9:62486572-62487572_chr9:62530624-62534063,enhancer_hit,single
Coro2b_Forebrain_Any,chr9:62501453-62504712_chr9:62518622-62527875,enhancer_hit,single
Coro2b_Forebrain_Any,chr9:62501453-62504712_chr9:62530624-62534063,enhancer_hit,single
Coro2b_Forebrain_Any,chr9:62518622-62527875_chr9:62530624-62534063,enhancer_hit,single
Coro2b_Forebrain_E11.5,chr9:62518622-62527875_chr9:62530624-62534063,enhancer_hit,single
Coro2b_Heart_Any,chr9:62501453-62504712_chr9:62518622-62527875,enhancer_hit,single
Coro2b_Heart_Any,chr9:62501453-62504712_chr9:62530624-62534063,enhancer_hit,single
Coro2b_Heart_Any,chr9:62518622-62527875_chr9:62530624-62534063,enhancer_hit,single
Cox4i2_Forebrain_Any,chr2:152703992-152709032_chr2:152723242-152731054,enhancer_hit,single
Cox4i2_Forebrain_Any,chr2:152703992-152709032_chr2:152763453-152767589,enhancer_hit,single
Cox4i2_Forebrain_Any,chr2:152723242-152731054_chr2:152763453-152767589,enhancer_hit,double
Cox4i2_Forebrain_E11.5,chr2:152703992-152709032_chr2:152763453-152767589,enhancer_hit,single
Cox4i2_Heart_Any,chr2:152703992-152709032_chr2:152723242-152731054,enhancer_hit,single
Cox4i2_Heart_Any,chr2:152703992-152709032_chr2:152763453-152767589,enhancer_hit,single
Cox4i2_Heart_Any,chr2:152723242-152731054_chr2:152763453-152767589,enhancer_hit,double
Cox4i2_Heart_E11.5,chr2:152703992-152709032_chr2:152723242-152731054,enhancer_hit,single
Cox4i2_Heart_E11.5,chr2:152703992-152709032_chr2:152763453-152767589,enhancer_hit,single
Cox4i2_Heart_E11.5,chr2:152723242-152731054_chr2:152763453-152767589,enhancer_hit,double
Cox4i2_Limb_Any,chr2:152673953-152676275_chr2:152703992-152709032,enhancer_hit,single
Cox4i2_Limb_Any,chr2:152673953-152676275_chr2:152723242-152731054,enhancer_hit,
Cox4i2_Limb_Any,chr2:152673953-152676275_chr2:152763453-152767589,enhancer_hit,single
Cox4i2_Limb_Any,chr2:152703992-152709032_chr2:152723242-152731054,enhancer_hit,single
Cox4i2_Limb_Any,chr2:152703992-152709032_chr2:152763453-152767589,enhancer_hit,single
Cox4i2_Limb_Any,chr2:152723242-152731054_chr2:152763453-152767589,enhancer_hit,double
Cox4i2_Limb_E11.5,chr2:152703992-152709032_chr2:152723242-152731054,enhancer_hit,single
Cplx2_Forebrain_Any,chr13:54322058-54330372_chr13:54389578-54392089,enhancer_hit,single
Cplx2_Forebrain_Any,chr13:54322058-54330372_chr13:54418274-54419706,enhancer_hit,single
Cpt1a_Heart_Any,chr19:3519440-3520440_chr19:3562632-3565680,enhancer_hit,single
Crabp1_Limb_Any,chr9:54787052-54788399_chr9:54799389-54804240,enhancer_hit,single
Crabp1_Limb_E11.5,chr9:54787052-54788399_chr9:54799389-54804240,enhancer_hit,single
Creb3l1_Heart_Any,chr2:92011184-92014186_chr2:92019154-92022002,enhancer_hit,single
Creb3l2_Heart_Any,chr6:37063307-37064783_chr6:37384528-37393259,enhancer_hit,
Creb3l2_Heart_Any,chr6:37369705-37371414_chr6:37384528-37393259,enhancer_hit,
Creb3l2_Heart_Any,chr6:37369705-37371414_chr6:37408159-37412719,enhancer_hit,single
Creb3l2_Heart_E11.5,chr6:37063307-37064783_chr6:37384528-37393259,enhancer_hit,
Creb3l2_Heart_E11.5,chr6:37369705-37371414_chr6:37384528-37393259,enhancer_hit,
Creb5_Heart_Any,chr6:53286064-53291388_chr6:53505824-53510279,enhancer_hit,
Creb5_Heart_Any,chr6:53362901-53364812_chr6:53505824-53510279,enhancer_hit,
Creb5_Limb_Any,chr6:53362901-53364812_chr6:53429921-53430921,enhancer_hit,
Creb5_Limb_Any,chr6:53429921-53430921_chr6:53469490-53471781,enhancer_hit,
Crip1_Heart_Any,chr12:111346786-111347945_chr12:111534270-111535600,enhancer_hit,single
Crip1_Heart_Any,chr12:111346786-111347945_chr12:111745417-111747067,enhancer_hit,single
Crip1_Heart_Any,chr12:111346786-111347945_chr12:111882029-111883863,enhancer_hit,single
Crip1_Heart_Any,chr12:111346786-111347945_chr12:111893394-111898614,enhancer_hit,single
Crip1_Heart_Any,chr12:111346786-111347945_chr12:111915739-111917771,enhancer_hit,single
Crip1_Heart_Any,chr12:111346786-111347945_chr12:112652225-112655655,enhancer_hit,single
Crip1_Heart_Any,chr12:111346786-111347945_chr12:113131279-113134987,enhancer_hit,
Crip1_Heart_Any,chr12:111534270-111535600_chr12:111745417-111747067,enhancer_hit,single
Crip1_Heart_Any,chr12:111534270-111535600_chr12:111882029-111883863,enhancer_hit,single
Crip1_Heart_Any,chr12:111534270-111535600_chr12:111893394-111898614,enhancer_hit,single
Crip1_Heart_Any,chr12:111534270-111535600_chr12:111915739-111917771,enhancer_hit,single
Crip1_Heart_Any,chr12:111534270-111535600_chr12:112652225-112655655,enhancer_hit,single
Crip1_Heart_Any,chr12:111534270-111535600_chr12:112793201-112798983,enhancer_hit,single
Crip1_Heart_Any,chr12:111534270-111535600_chr12:113131279-113134987,enhancer_hit,
Crip1_Heart_Any,chr12:111745417-111747067_chr12:111882029-111883863,enhancer_hit,single
Crip1_Heart_Any,chr12:111745417-111747067_chr12:111893394-111898614,enhancer_hit,single
Crip1_Heart_Any,chr12:111745417-111747067_chr12:111915739-111917771,enhancer_hit,single
Crip1_Heart_Any,chr12:111745417-111747067_chr12:112652225-112655655,enhancer_hit,single
Crip1_Heart_Any,chr12:111745417-111747067_chr12:112793201-112798983,enhancer_hit,single
Crip1_Heart_Any,chr12:111745417-111747067_chr12:113131279-113134987,enhancer_hit,
Crip1_Heart_Any,chr12:111882029-111883863_chr12:111893394-111898614,enhancer_hit,single
Crip1_Heart_Any,chr12:111882029-111883863_chr12:111915739-111917771,enhancer_hit,single
Crip1_Heart_Any,chr12:111882029-111883863_chr12:112652225-112655655,enhancer_hit,single
Crip1_Heart_Any,chr12:111882029-111883863_chr12:112793201-112798983,enhancer_hit,single
Crip1_Heart_Any,chr12:111882029-111883863_chr12:113131279-113134987,enhancer_hit,
Crip1_Heart_Any,chr12:111893394-111898614_chr12:111915739-111917771,enhancer_hit,single
Crip1_Heart_Any,chr12:111893394-111898614_chr12:112652225-112655655,enhancer_hit,single
Crip1_Heart_Any,chr12:111893394-111898614_chr12:113131279-113134987,enhancer_hit,
Crip1_Heart_Any,chr12:111915739-111917771_chr12:112652225-112655655,enhancer_hit,single
Crip1_Heart_Any,chr12:111915739-111917771_chr12:112793201-112798983,enhancer_hit,single
Crip1_Heart_Any,chr12:111915739-111917771_chr12:113131279-113134987,enhancer_hit,
Crip1_Heart_Any,chr12:112652225-112655655_chr12:112793201-112798983,enhancer_hit,single
Crip1_Heart_Any,chr12:112652225-112655655_chr12:113131279-113134987,enhancer_hit,
Crip1_Heart_E11.5,chr12:111346786-111347945_chr12:111745417-111747067,enhancer_hit,single
Crip1_Heart_E11.5,chr12:111346786-111347945_chr12:111893394-111898614,enhancer_hit,single
Crip1_Heart_E11.5,chr12:111346786-111347945_chr12:111915739-111917771,enhancer_hit,single
Crip1_Heart_E11.5,chr12:111346786-111347945_chr12:112652225-112655655,enhancer_hit,single
Crip1_Heart_E11.5,chr12:111346786-111347945_chr12:113131279-113134987,enhancer_hit,
Crip1_Heart_E11.5,chr12:111745417-111747067_chr12:111893394-111898614,enhancer_hit,single
Crip1_Heart_E11.5,chr12:111745417-111747067_chr12:111915739-111917771,enhancer_hit,single
Crip1_Heart_E11.5,chr12:111745417-111747067_chr12:112652225-112655655,enhancer_hit,single
Crip1_Heart_E11.5,chr12:111745417-111747067_chr12:113131279-113134987,enhancer_hit,
Crip1_Heart_E11.5,chr12:111893394-111898614_chr12:111915739-111917771,enhancer_hit,single
Crip1_Heart_E11.5,chr12:111893394-111898614_chr12:112652225-112655655,enhancer_hit,single
Crip1_Heart_E11.5,chr12:111893394-111898614_chr12:113131279-113134987,enhancer_hit,
Crip1_Heart_E11.5,chr12:111915739-111917771_chr12:112652225-112655655,enhancer_hit,single
Crip1_Heart_E11.5,chr12:111915739-111917771_chr12:113131279-113134987,enhancer_hit,
Crip1_Heart_E11.5,chr12:112652225-112655655_chr12:113131279-113134987,enhancer_hit,
Crip1_Limb_Any,chr12:111346786-111347945_chr12:111745417-111747067,enhancer_hit,single
Crip1_Limb_Any,chr12:111346786-111347945_chr12:111915739-111917771,enhancer_hit,single
Crip1_Limb_Any,chr12:111745417-111747067_chr12:111915739-111917771,enhancer_hit,single
Crip1_Limb_Any,chr12:111745417-111747067_chr12:112793201-112798983,enhancer_hit,single
Crip1_Limb_Any,chr12:111915739-111917771_chr12:112793201-112798983,enhancer_hit,single
Crnde_Heart_Any,chr8:91323429-91324698_chr8:92136865-92138351,enhancer_hit,single
Crnde_Heart_Any,chr8:91812395-91814449_chr8:92608895-92611665,enhancer_hit,
Csmd2_Forebrain_Any,chr4:128426665-128429690_chr4:128491802-128492802,enhancer_hit,
Csnk1g3_Forebrain_Any,chr18:54827380-54830195_chr18:55422193-55423193,enhancer_hit,
Csnk1g3_Forebrain_E11.5,chr18:54827380-54830195_chr18:55422193-55423193,enhancer_hit,
Cspg4_Forebrain_Any,chr9:56435668-56436668_chr9:56494612-56510422,enhancer_hit,single
Cspg4_Forebrain_Any,chr9:56494612-56510422_chr9:56867603-56875021,enhancer_hit,
Cspg4_Heart_Any,chr9:56231539-56237777_chr9:56338895-56340462,enhancer_hit,single
Cspg4_Heart_Any,chr9:56231539-56237777_chr9:56403759-56405691,enhancer_hit,
Cspg4_Heart_Any,chr9:56231539-56237777_chr9:56494612-56510422,enhancer_hit,single
Cspg4_Heart_Any,chr9:56231539-56237777_chr9:56834718-56836063,enhancer_hit,single
Cspg4_Heart_Any,chr9:56338895-56340462_chr9:56494612-56510422,enhancer_hit,single
Cspg4_Heart_Any,chr9:56338895-56340462_chr9:56834718-56836063,enhancer_hit,
Cspg4_Heart_Any,chr9:56403759-56405691_chr9:56494612-56510422,enhancer_hit,single
Cspg4_Heart_Any,chr9:56494612-56510422_chr9:56834718-56836063,enhancer_hit,single
Cspg4_Heart_Any,chr9:56494612-56510422_chr9:56867603-56875021,enhancer_hit,
Cspg4_Heart_E11.5,chr9:56231539-56237777_chr9:56403759-56405691,enhancer_hit,
Cspg4_Heart_E11.5,chr9:56231539-56237777_chr9:56494612-56510422,enhancer_hit,single
Cspg4_Heart_E11.5,chr9:56231539-56237777_chr9:56834718-56836063,enhancer_hit,single
Cspg4_Heart_E11.5,chr9:56403759-56405691_chr9:56494612-56510422,enhancer_hit,single
Cspg4_Heart_E11.5,chr9:56494612-56510422_chr9:56834718-56836063,enhancer_hit,single
Cspg4_Heart_E11.5,chr9:56494612-56510422_chr9:56867603-56875021,enhancer_hit,
Cspg4_Limb_Any,chr9:56494612-56510422_chr9:56867603-56875021,enhancer_hit,
Cspg4_Limb_E11.5,chr9:56494612-56510422_chr9:56867603-56875021,enhancer_hit,
Csrp1_Heart_Any,chr1:135534373-135537080_chr1:135538254-135539407,enhancer_hit,
Cstad_Heart_Any,chr2:30462710-30465255_chr2:30599586-30602626,enhancer_hit,single
Cstad_Heart_Any,chr2:30462710-30465255_chr2:30752821-30754287,enhancer_hit,single
Cstad_Heart_E11.5,chr2:30462710-30465255_chr2:30599586-30602626,enhancer_hit,single
Cstad_Heart_E11.5,chr2:30462710-30465255_chr2:30752821-30754287,enhancer_hit,single
Cstad_Limb_Any,chr2:30462710-30465255_chr2:30599586-30602626,enhancer_hit,single
Cstad_Limb_Any,chr2:30462710-30465255_chr2:30752821-30754287,enhancer_hit,single
Ctgf_Heart_Any,chr10:24458091-24459671_chr10:24478000-24480668,enhancer_hit,single
Ctla2b_Heart_Any,chr13:60669929-60677986_chr13:60733810-60738922,enhancer_hit,
Ctla2b_Heart_Any,chr13:60669929-60677986_chr13:60848069-60849082,enhancer_hit,
Ctla2b_Heart_E11.5,chr13:60669929-60677986_chr13:60733810-60738922,enhancer_hit,
Ctla2b_Limb_Any,chr13:60669929-60677986_chr13:60733810-60738922,enhancer_hit,
Ctnna1_Heart_Any,chr18:35050086-35053498_chr18:35129327-35131987,enhancer_hit,double
Ctnna1_Heart_Any,chr18:35050086-35053498_chr18:35246835-35249099,enhancer_hit,single
Ctnna1_Heart_E11.5,chr18:35050086-35053498_chr18:35246835-35249099,enhancer_hit,single
Ctnna3_Heart_Any,chr10:63472035-63473035_chr10:63475069-63478773,enhancer_hit,single
Ctnna3_Heart_Any,chr10:63475069-63478773_chr10:63479684-63481489,enhancer_hit,
Ctnna3_Heart_Any,chr10:63475069-63478773_chr10:63770034-63771601,enhancer_hit,
Ctnna3_Heart_E11.5,chr10:63475069-63478773_chr10:63770034-63771601,enhancer_hit,
Ctu2_Forebrain_Any,chr8:120316404-120317404_chr8:120616128-120622675,enhancer_hit,single
Ctu2_Forebrain_Any,chr8:120616128-120622675_chr8:124272454-124275255,enhancer_hit,
Cul4a_Heart_Any,chr8:11746208-11750906_chr8:13208172-13214392,enhancer_hit,single
Cul4a_Heart_Any,chr8:13168692-13171806_chr8:13208172-13214392,enhancer_hit,single
Cul4a_Heart_E11.5,chr8:11746208-11750906_chr8:13208172-13214392,enhancer_hit,single
Cul4a_Heart_E11.5,chr8:13168692-13171806_chr8:13208172-13214392,enhancer_hit,single
Cul9_Forebrain_Any,chr17:46852484-46860173_chr17:47038775-47040177,enhancer_hit,
Cul9_Forebrain_Any,chr17:46852484-46860173_chr17:47150486-47153186,enhancer_hit,single
Cul9_Forebrain_Any,chr17:47038775-47040177_chr17:47150486-47153186,enhancer_hit,single
Cul9_Heart_Any,chr17:46431800-46432800_chr17:46852484-46860173,enhancer_hit,single
Cul9_Heart_Any,chr17:46431800-46432800_chr17:47150486-47153186,enhancer_hit,
Cul9_Heart_Any,chr17:46852484-46860173_chr17:47150486-47153186,enhancer_hit,single
Cul9_Heart_E11.5,chr17:46431800-46432800_chr17:46852484-46860173,enhancer_hit,single
Cul9_Heart_E11.5,chr17:46431800-46432800_chr17:47150486-47153186,enhancer_hit,
Cul9_Heart_E11.5,chr17:46852484-46860173_chr17:47150486-47153186,enhancer_hit,single
Cul9_Limb_Any,chr17:46852484-46860173_chr17:47150486-47153186,enhancer_hit,single
Cux1_Heart_Any,chr5:136354994-136356797_chr5:136506699-136508114,enhancer_hit,single
Cux1_Heart_E11.5,chr5:136354994-136356797_chr5:136506699-136508114,enhancer_hit,single
Cxxc5_Forebrain_Any,chr18:35812495-35818662_chr18:35833593-35851983,enhancer_hit,single
Cxxc5_Forebrain_E11.5,chr18:35812495-35818662_chr18:35833593-35851983,enhancer_hit,single
Cxxc5_Heart_Any,chr18:35812495-35818662_chr18:35833593-35851983,enhancer_hit,single
Cxxc5_Heart_E11.5,chr18:35812495-35818662_chr18:35833593-35851983,enhancer_hit,single
Cxxc5_Limb_Any,chr18:35812495-35818662_chr18:35833593-35851983,enhancer_hit,single
Cxxc5_Limb_E11.5,chr18:35812495-35818662_chr18:35833593-35851983,enhancer_hit,single
Cyb5r1_Heart_Any,chr1:134301946-134304484_chr1:134336992-134340234,enhancer_hit,
Cyb5r1_Heart_E11.5,chr1:134301946-134304484_chr1:134336992-134340234,enhancer_hit,
Cyba_Forebrain_Any,chr8:119420928-119434617_chr8:122523174-122528266,enhancer_hit,double
Cyba_Heart_Any,chr8:119420928-119434617_chr8:120040402-120042577,enhancer_hit,single
Cyba_Heart_Any,chr8:119420928-119434617_chr8:120695612-120700523,enhancer_hit,single
Cyba_Heart_Any,chr8:119420928-119434617_chr8:122523174-122528266,enhancer_hit,double
Cyba_Heart_Any,chr8:119420928-119434617_chr8:122555119-122558219,enhancer_hit,double
Cyba_Heart_Any,chr8:119420928-119434617_chr8:123015704-123023517,enhancer_hit,single
Cyba_Heart_Any,chr8:119420928-119434617_chr8:123036324-123037941,enhancer_hit,single
Cyba_Heart_Any,chr8:120363313-120364901_chr8:120695612-120700523,enhancer_hit,single
Cyba_Heart_Any,chr8:120363313-120364901_chr8:122555119-122558219,enhancer_hit,single
Cyba_Heart_Any,chr8:120363313-120364901_chr8:123015704-123023517,enhancer_hit,
Cyba_Heart_Any,chr8:120363313-120364901_chr8:123036324-123037941,enhancer_hit,
Cyba_Heart_Any,chr8:120695612-120700523_chr8:122523174-122528266,enhancer_hit,
Cyba_Heart_Any,chr8:120695612-120700523_chr8:122555119-122558219,enhancer_hit,single
Cyba_Heart_Any,chr8:120695612-120700523_chr8:123015704-123023517,enhancer_hit,
Cyba_Heart_Any,chr8:120695612-120700523_chr8:123036324-123037941,enhancer_hit,
Cyba_Heart_Any,chr8:122523174-122528266_chr8:122555119-122558219,enhancer_hit,double
Cyba_Heart_Any,chr8:122523174-122528266_chr8:123015704-123023517,enhancer_hit,single
Cyba_Heart_Any,chr8:122523174-122528266_chr8:123036324-123037941,enhancer_hit,single
Cyba_Heart_Any,chr8:122555119-122558219_chr8:123015704-123023517,enhancer_hit,double
Cyba_Heart_Any,chr8:122555119-122558219_chr8:123036324-123037941,enhancer_hit,single
Cyba_Heart_Any,chr8:123015704-123023517_chr8:123036324-123037941,enhancer_hit,single
Cyba_Heart_E11.5,chr8:120363313-120364901_chr8:123015704-123023517,enhancer_hit,
Cyba_Heart_E11.5,chr8:120363313-120364901_chr8:123036324-123037941,enhancer_hit,
Cyba_Heart_E11.5,chr8:122523174-122528266_chr8:123015704-123023517,enhancer_hit,single
Cyba_Heart_E11.5,chr8:122523174-122528266_chr8:123036324-123037941,enhancer_hit,single
Cyba_Heart_E11.5,chr8:123015704-123023517_chr8:123036324-123037941,enhancer_hit,single
Cyba_Limb_Any,chr8:120363313-120364901_chr8:122555119-122558219,enhancer_hit,single
Cyba_Limb_Any,chr8:122523174-122528266_chr8:122555119-122558219,enhancer_hit,double
Cyba_Limb_E11.5,chr8:120363313-120364901_chr8:122555119-122558219,enhancer_hit,single
Cyba_Limb_E11.5,chr8:122523174-122528266_chr8:122555119-122558219,enhancer_hit,double
Cyp20a1_Heart_Any,chr1:59766299-59767399_chr1:60959180-60961219,enhancer_hit,
Cyp4f40_Forebrain_Any,chr17:32161520-32164380_chr17:32890620-32892458,enhancer_hit,
Cyp4f40_Heart_Any,chr17:32161520-32164380_chr17:32890620-32892458,enhancer_hit,
Cyp4f40_Limb_Any,chr17:32161520-32164380_chr17:32890620-32892458,enhancer_hit,
Cyr61_Heart_Any,chr3:145652811-145654781_chr3:145896603-145900947,enhancer_hit,
Cyr61_Heart_E11.5,chr3:145652811-145654781_chr3:145896603-145900947,enhancer_hit,
Cystm1_Heart_Any,chr18:35808001-35810279_chr18:36375681-36378664,enhancer_hit,single
Cystm1_Heart_Any,chr18:35808001-35810279_chr18:36379603-36393583,enhancer_hit,single
Cystm1_Heart_Any,chr18:36375681-36378664_chr18:36379603-36393583,enhancer_hit,single
Cystm1_Heart_E11.5,chr18:35808001-35810279_chr18:36379603-36393583,enhancer_hit,single
D030068K23Rik_Forebrain_Any,chr8:107698577-107699790_chr8:107955231-107959388,enhancer_hit,single
D030068K23Rik_Forebrain_Any,chr8:107881954-107883303_chr8:108240220-108242045,enhancer_hit,single
D030068K23Rik_Forebrain_Any,chr8:108100809-108103291_chr8:108690310-108693327,enhancer_hit,
D030068K23Rik_Forebrain_Any,chr8:108100809-108103291_chr8:109184974-109189518,enhancer_hit,
D030068K23Rik_Forebrain_Any,chr8:108240220-108242045_chr8:108910367-108911743,enhancer_hit,
D030068K23Rik_Forebrain_Any,chr8:108243112-108248956_chr8:108690310-108693327,enhancer_hit,single
D030068K23Rik_Forebrain_Any,chr8:108690310-108693327_chr8:108910367-108911743,enhancer_hit,single
D030068K23Rik_Forebrain_Any,chr8:108690310-108693327_chr8:109350304-109354629,enhancer_hit,single
D030068K23Rik_Forebrain_Any,chr8:108690310-108693327_chr8:109462148-109469617,enhancer_hit,single
D030068K23Rik_Forebrain_Any,chr8:108899307-108909843_chr8:109414497-109420284,enhancer_hit,
D030068K23Rik_Forebrain_Any,chr8:109184974-109189518_chr8:109350304-109354629,enhancer_hit,single
D030068K23Rik_Forebrain_Any,chr8:109213107-109215710_chr8:109350304-109354629,enhancer_hit,single
D030068K23Rik_Forebrain_Any,chr8:109213107-109215710_chr8:109414497-109420284,enhancer_hit,
D030068K23Rik_Forebrain_Any,chr8:109350304-109354629_chr8:109462148-109469617,enhancer_hit,single
D030068K23Rik_Forebrain_E11.5,chr8:108899307-108909843_chr8:109414497-109420284,enhancer_hit,
D030068K23Rik_Forebrain_E11.5,chr8:109350304-109354629_chr8:109462148-109469617,enhancer_hit,single
D030068K23Rik_Heart_Any,chr8:108690310-108693327_chr8:108910367-108911743,enhancer_hit,single
D030068K23Rik_Heart_Any,chr8:108690310-108693327_chr8:109462148-109469617,enhancer_hit,single
D030068K23Rik_Limb_Any,chr8:109184974-109189518_chr8:109350304-109354629,enhancer_hit,single
D030068K23Rik_Limb_Any,chr8:109350304-109354629_chr8:109462148-109469617,enhancer_hit,single
D17Wsu92e_Heart_Any,chr17:27788349-27794651_chr17:27804952-27806083,enhancer_hit,single
D17Wsu92e_Heart_Any,chr17:27788349-27794651_chr17:27810587-27812532,enhancer_hit,double
D17Wsu92e_Heart_Any,chr17:27788349-27794651_chr17:27824822-27827619,enhancer_hit,double
D17Wsu92e_Heart_Any,chr17:27804952-27806083_chr17:27824822-27827619,enhancer_hit,single
D17Wsu92e_Heart_Any,chr17:27810587-27812532_chr17:27824822-27827619,enhancer_hit,single
Daam2_Heart_Any,chr17:49538417-49541643_chr17:49741640-49742640,enhancer_hit,single
Dag1_Heart_Any,chr9:108019737-108021269_chr9:108219425-108225577,enhancer_hit,single
Dag1_Heart_Any,chr9:108219425-108225577_chr9:108279667-108281219,enhancer_hit,double
Dag1_Heart_E11.5,chr9:108219425-108225577_chr9:108279667-108281219,enhancer_hit,double
Dapk2_Heart_Any,chr9:66177140-66187263_chr9:66205973-66207648,enhancer_hit,single
Dapk2_Heart_Any,chr9:66177140-66187263_chr9:67010849-67013635,enhancer_hit,single
Dapk2_Heart_E11.5,chr9:66177140-66187263_chr9:66205973-66207648,enhancer_hit,single
Dapk2_Limb_Any,chr9:66177140-66187263_chr9:67010849-67013635,enhancer_hit,single
Dapp1_Heart_Any,chr3:137939550-137944835_chr3:137967265-137975256,enhancer_hit,single
Dapp1_Heart_E11.5,chr3:137939550-137944835_chr3:137967265-137975256,enhancer_hit,single
Dbn1_Forebrain_Any,chr13:54754008-54760753_chr13:54836533-54838404,enhancer_hit,
Dbn1_Forebrain_Any,chr13:54754008-54760753_chr13:55403084-55406550,enhancer_hit,
Dbndd1_Forebrain_Any,chr8:119459409-119461108_chr8:120447571-120450565,enhancer_hit,single
Dbndd1_Forebrain_Any,chr8:119459409-119461108_chr8:121686989-121689439,enhancer_hit,single
Dbndd1_Forebrain_Any,chr8:119459409-119461108_chr8:124386166-124387166,enhancer_hit,
Dbndd1_Forebrain_Any,chr8:119797882-119799732_chr8:120436629-120442531,enhancer_hit,single
Dbndd1_Forebrain_Any,chr8:119797882-119799732_chr8:120447571-120450565,enhancer_hit,
Dbndd1_Forebrain_Any,chr8:119797882-119799732_chr8:124386166-124387166,enhancer_hit,
Dbndd1_Forebrain_Any,chr8:120447571-120450565_chr8:121686989-121689439,enhancer_hit,single
Dbndd1_Forebrain_Any,chr8:120447571-120450565_chr8:124386166-124387166,enhancer_hit,
Dbndd1_Forebrain_Any,chr8:121686989-121689439_chr8:124320502-124322975,enhancer_hit,single
Dbndd1_Forebrain_Any,chr8:121686989-121689439_chr8:124386166-124387166,enhancer_hit,
Dbndd1_Forebrain_E11.5,chr8:119797882-119799732_chr8:120436629-120442531,enhancer_hit,single
Dbndd1_Forebrain_E11.5,chr8:119797882-119799732_chr8:120447571-120450565,enhancer_hit,
Dbndd1_Forebrain_E11.5,chr8:120447571-120450565_chr8:121686989-121689439,enhancer_hit,single
Dbndd1_Limb_Any,chr8:119797882-119799732_chr8:120447571-120450565,enhancer_hit,
Dbndd1_Limb_E11.5,chr8:119797882-119799732_chr8:120447571-120450565,enhancer_hit,
Dclk2_Forebrain_Any,chr3:86807455-86810783_chr3:86830623-86834620,enhancer_hit,
Dennd2a_Forebrain_Any,chr6:39537925-39541243_chr6:39542166-39545598,enhancer_hit,single
Dennd2a_Forebrain_E11.5,chr6:39537925-39541243_chr6:39542166-39545598,enhancer_hit,single
Dennd2a_Heart_Any,chr6:39537925-39541243_chr6:39542166-39545598,enhancer_hit,single
Dennd2a_Heart_E11.5,chr6:39537925-39541243_chr6:39542166-39545598,enhancer_hit,single
Dennd2a_Limb_Any,chr6:39473526-39475586_chr6:39537925-39541243,enhancer_hit,single
Dennd2a_Limb_Any,chr6:39473526-39475586_chr6:39542166-39545598,enhancer_hit,single
Dennd2a_Limb_Any,chr6:39537925-39541243_chr6:39542166-39545598,enhancer_hit,single
Dennd2a_Limb_E11.5,chr6:39473526-39475586_chr6:39537925-39541243,enhancer_hit,single
Dennd2a_Limb_E11.5,chr6:39473526-39475586_chr6:39542166-39545598,enhancer_hit,single
Dennd2a_Limb_E11.5,chr6:39537925-39541243_chr6:39542166-39545598,enhancer_hit,single
Dennd3_Heart_Any,chr15:73425691-73427107_chr15:73534115-73540401,enhancer_hit,single
Dennd3_Heart_E11.5,chr15:73425691-73427107_chr15:73534115-73540401,enhancer_hit,single
Des_Heart_Any,chr1:74270680-74272420_chr1:74309098-74310700,enhancer_hit,single
Des_Heart_E11.5,chr1:74270680-74272420_chr1:74309098-74310700,enhancer_hit,single
Dgcr14_Forebrain_Any,chr16:18118802-18119802_chr16:18212570-18215508,enhancer_hit,single
Dgcr14_Forebrain_E11.5,chr16:18118802-18119802_chr16:18212570-18215508,enhancer_hit,single
Dhcr24_Forebrain_Any,chr4:106932477-106942198_chr4:106974948-106990509,enhancer_hit,single
Dhcr24_Forebrain_E11.5,chr4:106932477-106942198_chr4:106974948-106990509,enhancer_hit,single
Dhcr24_Heart_Any,chr4:106932477-106942198_chr4:106974948-106990509,enhancer_hit,single
Dhcr24_Heart_E11.5,chr4:106932477-106942198_chr4:106974948-106990509,enhancer_hit,single
Dhcr24_Limb_Any,chr4:106932477-106942198_chr4:106974948-106990509,enhancer_hit,single
Dhcr24_Limb_E11.5,chr4:106932477-106942198_chr4:106974948-106990509,enhancer_hit,single
Dhh_Heart_Any,chr15:99000191-99001647_chr15:100198076-100203452,enhancer_hit,double
Dhh_Heart_Any,chr15:99000191-99001647_chr15:99163054-99164639,enhancer_hit,single
Dhh_Heart_Any,chr15:99000191-99001647_chr15:99325738-99327706,enhancer_hit,
Dhh_Heart_Any,chr15:99000191-99001647_chr15:99469558-99471410,enhancer_hit,single
Dhh_Heart_Any,chr15:99163054-99164639_chr15:100198076-100203452,enhancer_hit,single
Dhh_Heart_Any,chr15:99163054-99164639_chr15:99469558-99471410,enhancer_hit,single
Dhh_Heart_Any,chr15:99325738-99327706_chr15:100198076-100203452,enhancer_hit,single
Dhh_Heart_Any,chr15:99469558-99471410_chr15:100120588-100127217,enhancer_hit,double
Dhh_Heart_Any,chr15:99469558-99471410_chr15:100198076-100203452,enhancer_hit,single
Dhh_Heart_E11.5,chr15:99000191-99001647_chr15:100198076-100203452,enhancer_hit,double
Dhh_Heart_E11.5,chr15:99000191-99001647_chr15:99163054-99164639,enhancer_hit,single
Dhh_Heart_E11.5,chr15:99163054-99164639_chr15:100198076-100203452,enhancer_hit,single
Dhrs3_Heart_Any,chr4:144992032-144996276_chr4:144996979-145001581,enhancer_hit,
Dhrs3_Limb_Any,chr4:144992032-144996276_chr4:144996979-145001581,enhancer_hit,
Dip2b_Forebrain_Any,chr15:98690795-98693297_chr15:99434597-99436526,enhancer_hit,single
Dip2b_Heart_Any,chr15:98690795-98693297_chr15:99434597-99436526,enhancer_hit,single
Dip2b_Heart_E11.5,chr15:98690795-98693297_chr15:99434597-99436526,enhancer_hit,single
Disc1_Heart_Any,chr8:124934693-124935693_chr8:125083131-125085196,enhancer_hit,single
Disc1_Heart_Any,chr8:124934693-124935693_chr8:125348134-125354011,enhancer_hit,single
Disc1_Heart_Any,chr8:124934693-124935693_chr8:125367129-125370783,enhancer_hit,single
Disc1_Heart_Any,chr8:125042994-125045057_chr8:125367129-125370783,enhancer_hit,
Disc1_Heart_Any,chr8:125083131-125085196_chr8:125367129-125370783,enhancer_hit,single
Disc1_Heart_Any,chr8:125314021-125315021_chr8:125348134-125354011,enhancer_hit,single
Disc1_Heart_Any,chr8:125314021-125315021_chr8:125755827-125757414,enhancer_hit,single
Disc1_Heart_Any,chr8:125348134-125354011_chr8:125367129-125370783,enhancer_hit,
Disc1_Heart_E11.5,chr8:125083131-125085196_chr8:125367129-125370783,enhancer_hit,single
Disc1_Heart_E11.5,chr8:125314021-125315021_chr8:125348134-125354011,enhancer_hit,single
Disc1_Heart_E11.5,chr8:125314021-125315021_chr8:125755827-125757414,enhancer_hit,single
Disc1_Heart_E11.5,chr8:125348134-125354011_chr8:125367129-125370783,enhancer_hit,
Disc1_Limb_Any,chr8:125042994-125045057_chr8:125367129-125370783,enhancer_hit,
Disc1_Limb_Any,chr8:125083131-125085196_chr8:125367129-125370783,enhancer_hit,single
Disc1_Limb_E11.5,chr8:125083131-125085196_chr8:125367129-125370783,enhancer_hit,single
Dkk3_Forebrain_Any,chr7:112228389-112235955_chr7:112335583-112339063,enhancer_hit,single
Dkk3_Heart_Any,chr7:112147844-112150168_chr7:112228389-112235955,enhancer_hit,
Dkk3_Heart_Any,chr7:112228389-112235955_chr7:112335583-112339063,enhancer_hit,single
Dkk3_Heart_E11.5,chr7:112147844-112150168_chr7:112228389-112235955,enhancer_hit,
Dlc1_Heart_Any,chr8:36158372-36160121_chr8:36946273-36948620,enhancer_hit,
Dlc1_Heart_Any,chr8:36290441-36292696_chr8:36591043-36594674,enhancer_hit,single
Dlc1_Heart_Any,chr8:36527075-36529476_chr8:36554413-36556981,enhancer_hit,double
Dlc1_Heart_Any,chr8:36554413-36556981_chr8:36585294-36587051,enhancer_hit,single
Dlc1_Heart_Any,chr8:36554413-36556981_chr8:36591043-36594674,enhancer_hit,single
Dlc1_Heart_Any,chr8:36554413-36556981_chr8:36743966-36749288,enhancer_hit,single
Dlc1_Heart_Any,chr8:36554413-36556981_chr8:36879321-36880751,enhancer_hit,single
Dlc1_Heart_Any,chr8:36591043-36594674_chr8:36696722-36698473,enhancer_hit,
Dlc1_Heart_Any,chr8:36591043-36594674_chr8:36743966-36749288,enhancer_hit,
Dlc1_Heart_Any,chr8:36591043-36594674_chr8:36778719-36780866,enhancer_hit,
Dlc1_Heart_Any,chr8:36674349-36681264_chr8:36743966-36749288,enhancer_hit,
Dlc1_Heart_Any,chr8:36682033-36683033_chr8:36743966-36749288,enhancer_hit,
Dlc1_Heart_Any,chr8:36696722-36698473_chr8:36743966-36749288,enhancer_hit,
Dlc1_Heart_Any,chr8:36696722-36698473_chr8:36778719-36780866,enhancer_hit,single
Dlc1_Heart_Any,chr8:36743966-36749288_chr8:36778719-36780866,enhancer_hit,
Dlc1_Heart_Any,chr8:36743966-36749288_chr8:36879321-36880751,enhancer_hit,
Dlc1_Heart_E11.5,chr8:36158372-36160121_chr8:36946273-36948620,enhancer_hit,
Dlc1_Heart_E11.5,chr8:36527075-36529476_chr8:36554413-36556981,enhancer_hit,double
Dlc1_Heart_E11.5,chr8:36554413-36556981_chr8:36585294-36587051,enhancer_hit,single
Dlc1_Heart_E11.5,chr8:36554413-36556981_chr8:36591043-36594674,enhancer_hit,single
Dlc1_Heart_E11.5,chr8:36554413-36556981_chr8:36743966-36749288,enhancer_hit,single
Dlc1_Heart_E11.5,chr8:36591043-36594674_chr8:36743966-36749288,enhancer_hit,
Dlc1_Heart_E11.5,chr8:36674349-36681264_chr8:36743966-36749288,enhancer_hit,
Dlc1_Limb_Any,chr8:36527075-36529476_chr8:36554413-36556981,enhancer_hit,double
Dlc1_Limb_Any,chr8:36554413-36556981_chr8:36743966-36749288,enhancer_hit,single
Dlg5_Limb_Any,chr14:24252511-24256733_chr14:24261496-24264915,enhancer_hit,single
Dlg5_Limb_E11.5,chr14:24252511-24256733_chr14:24261496-24264915,enhancer_hit,single
Dner_Forebrain_Any,chr1:84386996-84388066_chr1:84620660-84622805,enhancer_hit,
Dnm3os_Forebrain_Any,chr1:161997847-162002468_chr1:162007671-162026298,enhancer_hit,single
Dnm3os_Forebrain_E11.5,chr1:161997847-162002468_chr1:162007671-162026298,enhancer_hit,single
Dnm3os_Heart_Any,chr1:161997847-162002468_chr1:162007671-162026298,enhancer_hit,single
Dnm3os_Heart_Any,chr1:162071836-162079722_chr1:162206070-162215122,enhancer_hit,
Dnm3os_Heart_E11.5,chr1:161997847-162002468_chr1:162007671-162026298,enhancer_hit,single
Dnm3os_Heart_E11.5,chr1:162071836-162079722_chr1:162206070-162215122,enhancer_hit,
Dnm3os_Limb_Any,chr1:161462760-161464764_chr1:162034110-162042056,enhancer_hit,single
Dnm3os_Limb_Any,chr1:161997847-162002468_chr1:162007671-162026298,enhancer_hit,single
Dnm3os_Limb_Any,chr1:162007671-162026298_chr1:162156741-162159070,enhancer_hit,
Dnm3os_Limb_Any,chr1:162071836-162079722_chr1:162206070-162215122,enhancer_hit,
Dnm3os_Limb_E11.5,chr1:161997847-162002468_chr1:162007671-162026298,enhancer_hit,single
Dnm3os_Limb_E11.5,chr1:162071836-162079722_chr1:162206070-162215122,enhancer_hit,
Dok5_Forebrain_Any,chr2:170756400-170758993_chr2:170860278-170861872,enhancer_hit,
Dpep1_Heart_Any,chr8:119930736-119931736_chr8:120104081-120106040,enhancer_hit,single
Dpep1_Heart_Any,chr8:119930736-119931736_chr8:124066037-124067906,enhancer_hit,single
Dpep1_Heart_Any,chr8:120104081-120106040_chr8:124066037-124067906,enhancer_hit,single
Dpf1_Forebrain_Any,chr7:29312486-29321975_chr7:29341335-29344204,enhancer_hit,single
Dpf1_Forebrain_Any,chr7:29312486-29321975_chr7:29344972-29347822,enhancer_hit,single
Dpf1_Forebrain_Any,chr7:29341335-29344204_chr7:29344972-29347822,enhancer_hit,
Dpf1_Forebrain_Any,chr7:29341335-29344204_chr7:29465199-29467290,enhancer_hit,
Dpf1_Forebrain_Any,chr7:29344972-29347822_chr7:29465199-29467290,enhancer_hit,
Dpf1_Forebrain_E11.5,chr7:29312486-29321975_chr7:29341335-29344204,enhancer_hit,single
Dpf1_Limb_Any,chr7:29312486-29321975_chr7:29341335-29344204,enhancer_hit,single
Dpysl3_Heart_Any,chr18:43118941-43120467_chr18:43535988-43538250,enhancer_hit,
Dpysl3_Heart_E11.5,chr18:43118941-43120467_chr18:43535988-43538250,enhancer_hit,
Dpysl5_Forebrain_Any,chr5:30748984-30750669_chr5:30761952-30766925,enhancer_hit,
Draxin_Forebrain_Any,chr4:148120321-148123952_chr4:148236610-148240824,enhancer_hit,single
Draxin_Forebrain_Any,chr4:148120321-148123952_chr4:148383250-148386785,enhancer_hit,single
Draxin_Forebrain_E11.5,chr4:148120321-148123952_chr4:148383250-148386785,enhancer_hit,single
Dse_Limb_Any,chr10:34111634-34112957_chr10:34184572-34188755,enhancer_hit,
Dsg2_Heart_Any,chr18:20734422-20736426_chr18:20737053-20743009,enhancer_hit,single
Dsg2_Heart_Any,chr18:20734422-20736426_chr18:20809714-20812404,enhancer_hit,single
Dsg2_Heart_Any,chr18:20737053-20743009_chr18:20809714-20812404,enhancer_hit,single
Dsg2_Heart_E11.5,chr18:20734422-20736426_chr18:20737053-20743009,enhancer_hit,single
Dsp_Heart_Any,chr13:38125825-38129090_chr13:38144793-38148827,enhancer_hit,single
Dsp_Heart_Any,chr13:38125825-38129090_chr13:38160376-38165591,enhancer_hit,single
Dsp_Heart_Any,chr13:38125825-38129090_chr13:38169678-38171906,enhancer_hit,
Dsp_Heart_Any,chr13:38144793-38148827_chr13:38156466-38158317,enhancer_hit,single
Dsp_Heart_Any,chr13:38144793-38148827_chr13:38160376-38165591,enhancer_hit,single
Dsp_Heart_Any,chr13:38144793-38148827_chr13:38169678-38171906,enhancer_hit,single
Dsp_Heart_Any,chr13:38144793-38148827_chr13:38579550-38581120,enhancer_hit,single
Dsp_Heart_Any,chr13:38156466-38158317_chr13:38160376-38165591,enhancer_hit,
Dsp_Heart_Any,chr13:38156466-38158317_chr13:38169678-38171906,enhancer_hit,
Dsp_Heart_Any,chr13:38160376-38165591_chr13:38169678-38171906,enhancer_hit,
Dsp_Heart_Any,chr13:38160376-38165591_chr13:38579550-38581120,enhancer_hit,single
Dsp_Heart_Any,chr13:38169678-38171906_chr13:38579550-38581120,enhancer_hit,
Dsp_Heart_Any,chr13:38169678-38171906_chr13:38592391-38594334,enhancer_hit,
Dsp_Heart_E11.5,chr13:38144793-38148827_chr13:38160376-38165591,enhancer_hit,single
Dsp_Heart_E11.5,chr13:38144793-38148827_chr13:38169678-38171906,enhancer_hit,single
Dsp_Heart_E11.5,chr13:38144793-38148827_chr13:38579550-38581120,enhancer_hit,single
Dsp_Heart_E11.5,chr13:38160376-38165591_chr13:38169678-38171906,enhancer_hit,
Dsp_Heart_E11.5,chr13:38160376-38165591_chr13:38579550-38581120,enhancer_hit,single
Dsp_Heart_E11.5,chr13:38169678-38171906_chr13:38579550-38581120,enhancer_hit,
Dsp_Heart_E11.5,chr13:38169678-38171906_chr13:38592391-38594334,enhancer_hit,
Dtx1_Forebrain_Any,chr5:120533006-120536907_chr5:120558465-120572184,enhancer_hit,single
Dtx1_Heart_Any,chr5:120533006-120536907_chr5:120558465-120572184,enhancer_hit,single
Dtx1_Limb_Any,chr5:120533006-120536907_chr5:120558465-120572184,enhancer_hit,single
Dtx1_Limb_E11.5,chr5:120533006-120536907_chr5:120558465-120572184,enhancer_hit,single
Dupd1_Heart_Any,chr14:21418003-21419003_chr14:21444108-21445108,enhancer_hit,single
Dupd1_Limb_Any,chr14:21418003-21419003_chr14:21709548-21711691,enhancer_hit,single
Dupd1_Limb_Any,chr14:21705478-21708329_chr14:21709548-21711691,enhancer_hit,single
Dusp6_Forebrain_Any,chr10:99259398-99260730_chr10:99283554-99287841,enhancer_hit,
Dusp6_Heart_Any,chr10:99259398-99260730_chr10:99283554-99287841,enhancer_hit,
Dusp6_Limb_Any,chr10:99259398-99260730_chr10:99283554-99287841,enhancer_hit,
Dusp6_Limb_E11.5,chr10:99259398-99260730_chr10:99283554-99287841,enhancer_hit,
Dysf_Heart_Any,chr6:84011414-84013117_chr6:84052868-84054993,enhancer_hit,single
Dysf_Heart_Any,chr6:84011414-84013117_chr6:84932285-84935149,enhancer_hit,single
Dysf_Heart_Any,chr6:84011414-84013117_chr6:85029036-85030036,enhancer_hit,
Dysf_Heart_Any,chr6:84011414-84013117_chr6:85348448-85350121,enhancer_hit,single
Dysf_Heart_Any,chr6:84011414-84013117_chr6:85355665-85359555,enhancer_hit,single
Dysf_Heart_Any,chr6:84011414-84013117_chr6:85360102-85361341,enhancer_hit,
Dysf_Heart_Any,chr6:84011414-84013117_chr6:85362779-85372134,enhancer_hit,single
Dysf_Heart_Any,chr6:84052868-84054993_chr6:84932285-84935149,enhancer_hit,
Dysf_Heart_Any,chr6:84052868-84054993_chr6:85029036-85030036,enhancer_hit,
Dysf_Heart_Any,chr6:84052868-84054993_chr6:85355665-85359555,enhancer_hit,
Dysf_Heart_Any,chr6:84052868-84054993_chr6:85362779-85372134,enhancer_hit,single
Dysf_Heart_Any,chr6:84932285-84935149_chr6:85029036-85030036,enhancer_hit,
Dysf_Heart_Any,chr6:84932285-84935149_chr6:85355665-85359555,enhancer_hit,
Dysf_Heart_Any,chr6:84932285-84935149_chr6:85362779-85372134,enhancer_hit,
Dysf_Heart_Any,chr6:85029036-85030036_chr6:85355665-85359555,enhancer_hit,
Dysf_Heart_Any,chr6:85029036-85030036_chr6:85362779-85372134,enhancer_hit,
Dysf_Heart_Any,chr6:85355665-85359555_chr6:85362779-85372134,enhancer_hit,
Dysf_Heart_E11.5,chr6:84011414-84013117_chr6:84052868-84054993,enhancer_hit,single
Dysf_Heart_E11.5,chr6:84011414-84013117_chr6:84932285-84935149,enhancer_hit,single
Dysf_Heart_E11.5,chr6:84011414-84013117_chr6:85355665-85359555,enhancer_hit,single
Dysf_Heart_E11.5,chr6:84011414-84013117_chr6:85360102-85361341,enhancer_hit,
Dysf_Heart_E11.5,chr6:84011414-84013117_chr6:85362779-85372134,enhancer_hit,single
Dysf_Heart_E11.5,chr6:84052868-84054993_chr6:84932285-84935149,enhancer_hit,
Dysf_Heart_E11.5,chr6:84052868-84054993_chr6:85355665-85359555,enhancer_hit,
Dysf_Heart_E11.5,chr6:84052868-84054993_chr6:85362779-85372134,enhancer_hit,single
Dysf_Heart_E11.5,chr6:84932285-84935149_chr6:85355665-85359555,enhancer_hit,
Dysf_Heart_E11.5,chr6:84932285-84935149_chr6:85362779-85372134,enhancer_hit,
Dysf_Heart_E11.5,chr6:85355665-85359555_chr6:85362779-85372134,enhancer_hit,
Dysf_Limb_Any,chr6:84932285-84935149_chr6:85362779-85372134,enhancer_hit,
Ebf2_Forebrain_Any,chr14:67237143-67243070_chr14:67540908-67541982,enhancer_hit,single
Ebf2_Forebrain_E11.5,chr14:67237143-67243070_chr14:67540908-67541982,enhancer_hit,single
Ebf2_Limb_Any,chr14:67382940-67385330_chr14:67540908-67541982,enhancer_hit,single
Ebf3_Limb_Any,chr7:136056717-136061528_chr7:136487570-136492620,enhancer_hit,single
Ecm1_Heart_Any,chr3:95053597-95055925_chr3:95692055-95697256,enhancer_hit,double
Ecm1_Heart_Any,chr3:95692055-95697256_chr3:95761623-95764954,enhancer_hit,single
Ecm1_Heart_E11.5,chr3:95053597-95055925_chr3:95692055-95697256,enhancer_hit,double
Ecm1_Heart_E11.5,chr3:95692055-95697256_chr3:95761623-95764954,enhancer_hit,single
Ecscr_Heart_Any,chr18:35870105-35876267_chr18:36414213-36417470,enhancer_hit,single
Ecscr_Heart_Any,chr18:35870105-35876267_chr18:36420119-36422259,enhancer_hit,single
Ecscr_Heart_Any,chr18:36414213-36417470_chr18:36420119-36422259,enhancer_hit,single
Ecscr_Heart_E11.5,chr18:35870105-35876267_chr18:36420119-36422259,enhancer_hit,single
Ecscr_Limb_Any,chr18:35870105-35876267_chr18:36414213-36417470,enhancer_hit,single
Edn1_Heart_Any,chr13:41661869-41664289_chr13:41669723-41674705,enhancer_hit,single
Edn1_Heart_Any,chr13:41669723-41674705_chr13:42906740-42907740,enhancer_hit,
Edn1_Heart_Any,chr13:42906740-42907740_chr13:43129999-43135714,enhancer_hit,
Edn1_Heart_E11.5,chr13:41661869-41664289_chr13:41669723-41674705,enhancer_hit,single
Ednra_Heart_Any,chr8:77630373-77632922_chr8:78719372-78722255,enhancer_hit,
Ednra_Heart_Any,chr8:77681003-77684838_chr8:77710397-77715787,enhancer_hit,
Ednra_Heart_Any,chr8:77706954-77709080_chr8:79322439-79323719,enhancer_hit,single
Ednra_Heart_Any,chr8:77710397-77715787_chr8:78021094-78026607,enhancer_hit,single
Ednra_Heart_Any,chr8:77716458-77721936_chr8:79094730-79096693,enhancer_hit,single
Ednra_Heart_Any,chr8:77716458-77721936_chr8:79561012-79563617,enhancer_hit,
Ednra_Heart_Any,chr8:78719372-78722255_chr8:79561012-79563617,enhancer_hit,single
Ednra_Heart_Any,chr8:79094730-79096693_chr8:79561012-79563617,enhancer_hit,
Ednra_Heart_E11.5,chr8:77716458-77721936_chr8:79094730-79096693,enhancer_hit,single
Ednra_Heart_E11.5,chr8:77716458-77721936_chr8:79561012-79563617,enhancer_hit,
Ednra_Heart_E11.5,chr8:78719372-78722255_chr8:79561012-79563617,enhancer_hit,single
Ednra_Heart_E11.5,chr8:79094730-79096693_chr8:79561012-79563617,enhancer_hit,
Ednra_Limb_Any,chr8:77710397-77715787_chr8:78021094-78026607,enhancer_hit,single
Ednra_Limb_Any,chr8:77716458-77721936_chr8:77969984-77975089,enhancer_hit,
Ednra_Limb_Any,chr8:77716458-77721936_chr8:79561012-79563617,enhancer_hit,
Ednra_Limb_Any,chr8:77969984-77975089_chr8:79561012-79563617,enhancer_hit,single
Ednra_Limb_E11.5,chr8:77710397-77715787_chr8:78021094-78026607,enhancer_hit,single
Egln3_Heart_Any,chr12:54186346-54201360_chr12:54311950-54315100,enhancer_hit,single
Egln3_Heart_Any,chr12:54186346-54201360_chr12:54508734-54511057,enhancer_hit,single
Egln3_Heart_Any,chr12:54186346-54201360_chr12:54651717-54652932,enhancer_hit,
Egln3_Heart_Any,chr12:54311950-54315100_chr12:54508734-54511057,enhancer_hit,single
Egln3_Heart_Any,chr12:54311950-54315100_chr12:54651717-54652932,enhancer_hit,
Egln3_Heart_Any,chr12:54508734-54511057_chr12:54651717-54652932,enhancer_hit,single
Ehd2_Heart_Any,chr7:15959944-15965067_chr7:16444001-16445857,enhancer_hit,double
Ehd2_Heart_E11.5,chr7:15959944-15965067_chr7:16444001-16445857,enhancer_hit,double
Ehd4_Heart_Any,chr2:120000356-120002626_chr2:120095954-120109665,enhancer_hit,single
Ehd4_Heart_Any,chr2:120000356-120002626_chr2:120125950-120137348,enhancer_hit,single
Ehd4_Heart_Any,chr2:120000356-120002626_chr2:120138685-120141166,enhancer_hit,single
Ehd4_Heart_Any,chr2:120000356-120002626_chr2:120146521-120150033,enhancer_hit,double
Ehd4_Heart_Any,chr2:120095954-120109665_chr2:120110568-120115751,enhancer_hit,single
Ehd4_Heart_Any,chr2:120095954-120109665_chr2:120121747-120125140,enhancer_hit,
Ehd4_Heart_Any,chr2:120095954-120109665_chr2:120125950-120137348,enhancer_hit,single
Ehd4_Heart_Any,chr2:120095954-120109665_chr2:120138685-120141166,enhancer_hit,single
Ehd4_Heart_Any,chr2:120095954-120109665_chr2:120146521-120150033,enhancer_hit,single
Ehd4_Heart_Any,chr2:120095954-120109665_chr2:120869849-120872878,enhancer_hit,single
Ehd4_Heart_Any,chr2:120110568-120115751_chr2:120121747-120125140,enhancer_hit,single
Ehd4_Heart_Any,chr2:120110568-120115751_chr2:120125950-120137348,enhancer_hit,
Ehd4_Heart_Any,chr2:120121747-120125140_chr2:120125950-120137348,enhancer_hit,
Ehd4_Heart_Any,chr2:120121747-120125140_chr2:120146521-120150033,enhancer_hit,single
Ehd4_Heart_Any,chr2:120125950-120137348_chr2:120138685-120141166,enhancer_hit,single
Ehd4_Heart_E11.5,chr2:120000356-120002626_chr2:120095954-120109665,enhancer_hit,single
Ehd4_Heart_E11.5,chr2:120000356-120002626_chr2:120125950-120137348,enhancer_hit,single
Ehd4_Heart_E11.5,chr2:120000356-120002626_chr2:120138685-120141166,enhancer_hit,single
Ehd4_Heart_E11.5,chr2:120000356-120002626_chr2:120146521-120150033,enhancer_hit,double
Ehd4_Heart_E11.5,chr2:120095954-120109665_chr2:120110568-120115751,enhancer_hit,single
Ehd4_Heart_E11.5,chr2:120095954-120109665_chr2:120121747-120125140,enhancer_hit,
Ehd4_Heart_E11.5,chr2:120095954-120109665_chr2:120125950-120137348,enhancer_hit,single
Ehd4_Heart_E11.5,chr2:120095954-120109665_chr2:120138685-120141166,enhancer_hit,single
Ehd4_Heart_E11.5,chr2:120095954-120109665_chr2:120146521-120150033,enhancer_hit,single
Ehd4_Heart_E11.5,chr2:120095954-120109665_chr2:120869849-120872878,enhancer_hit,single
Ehd4_Heart_E11.5,chr2:120110568-120115751_chr2:120121747-120125140,enhancer_hit,single
Ehd4_Heart_E11.5,chr2:120110568-120115751_chr2:120125950-120137348,enhancer_hit,
Ehd4_Heart_E11.5,chr2:120121747-120125140_chr2:120125950-120137348,enhancer_hit,
Ehd4_Heart_E11.5,chr2:120121747-120125140_chr2:120146521-120150033,enhancer_hit,single
Ehd4_Heart_E11.5,chr2:120125950-120137348_chr2:120138685-120141166,enhancer_hit,single
Ehd4_Limb_Any,chr2:120000356-120002626_chr2:120095954-120109665,enhancer_hit,single
Ehd4_Limb_Any,chr2:120000356-120002626_chr2:120125950-120137348,enhancer_hit,single
Ehd4_Limb_Any,chr2:120095954-120109665_chr2:120125950-120137348,enhancer_hit,single
Eif4e2_Heart_Any,chr1:87647127-87653409_chr1:88272459-88275006,enhancer_hit,
Eif4ebp1_Heart_Any,chr8:27088097-27094966_chr8:27262826-27266667,enhancer_hit,
Eif4ebp1_Heart_Any,chr8:27088097-27094966_chr8:27267417-27273653,enhancer_hit,
Eif4ebp1_Heart_Any,chr8:27103107-27108483_chr8:27267417-27273653,enhancer_hit,
Eif4ebp1_Heart_Any,chr8:27262826-27266667_chr8:27267417-27273653,enhancer_hit,
Eif4ebp1_Heart_E11.5,chr8:27088097-27094966_chr8:27262826-27266667,enhancer_hit,
Eif4ebp1_Heart_E11.5,chr8:27088097-27094966_chr8:27267417-27273653,enhancer_hit,
Eif4ebp1_Heart_E11.5,chr8:27103107-27108483_chr8:27267417-27273653,enhancer_hit,
Eif4ebp1_Heart_E11.5,chr8:27262826-27266667_chr8:27267417-27273653,enhancer_hit,
Eif5_Forebrain_Any,chr12:111557184-111560949_chr12:111807712-111810870,enhancer_hit,single
Elk3_Heart_Any,chr10:93292913-93304634_chr10:93305408-93308469,enhancer_hit,
Elk3_Heart_Any,chr10:93292913-93304634_chr10:93324802-93327464,enhancer_hit,single
Elk3_Heart_Any,chr10:93292913-93304634_chr10:93334711-93338158,enhancer_hit,single
Elk3_Heart_Any,chr10:93292913-93304634_chr10:93347138-93348602,enhancer_hit,
Elk3_Heart_Any,chr10:93292913-93304634_chr10:93416240-93420425,enhancer_hit,
Elk3_Heart_Any,chr10:93305408-93308469_chr10:93324802-93327464,enhancer_hit,single
Elk3_Heart_Any,chr10:93305408-93308469_chr10:93334711-93338158,enhancer_hit,single
Elk3_Heart_Any,chr10:93305408-93308469_chr10:93416240-93420425,enhancer_hit,
Elk3_Heart_Any,chr10:93334711-93338158_chr10:93416240-93420425,enhancer_hit,
Elk3_Heart_E11.5,chr10:93292913-93304634_chr10:93305408-93308469,enhancer_hit,
Elk3_Heart_E11.5,chr10:93292913-93304634_chr10:93324802-93327464,enhancer_hit,single
Elk3_Heart_E11.5,chr10:93292913-93304634_chr10:93334711-93338158,enhancer_hit,single
Elk3_Heart_E11.5,chr10:93305408-93308469_chr10:93324802-93327464,enhancer_hit,single
Elk3_Heart_E11.5,chr10:93305408-93308469_chr10:93334711-93338158,enhancer_hit,single
Elk3_Limb_Any,chr10:93292913-93304634_chr10:93347138-93348602,enhancer_hit,
Eln_Forebrain_Any,chr5:134435311-134441914_chr5:134538928-134542766,enhancer_hit,single
Eln_Forebrain_Any,chr5:134435311-134441914_chr5:134555349-134556446,enhancer_hit,single
Eln_Forebrain_Any,chr5:134435311-134441914_chr5:134785161-134789300,enhancer_hit,
Eln_Forebrain_Any,chr5:134435311-134441914_chr5:134886342-134892789,enhancer_hit,single
Eln_Forebrain_Any,chr5:134538928-134542766_chr5:134555349-134556446,enhancer_hit,single
Eln_Forebrain_Any,chr5:134538928-134542766_chr5:134785161-134789300,enhancer_hit,single
Eln_Forebrain_Any,chr5:134538928-134542766_chr5:134886342-134892789,enhancer_hit,single
Eln_Forebrain_Any,chr5:134555349-134556446_chr5:134785161-134789300,enhancer_hit,single
Eln_Forebrain_Any,chr5:134555349-134556446_chr5:134886342-134892789,enhancer_hit,single
Eln_Forebrain_Any,chr5:134785161-134789300_chr5:134886342-134892789,enhancer_hit,single
Eln_Heart_Any,chr5:134373782-134375653_chr5:134418738-134422052,enhancer_hit,single
Eln_Heart_Any,chr5:134373782-134375653_chr5:134435311-134441914,enhancer_hit,single
Eln_Heart_Any,chr5:134373782-134375653_chr5:134490756-134492748,enhancer_hit,single
Eln_Heart_Any,chr5:134373782-134375653_chr5:134555349-134556446,enhancer_hit,double
Eln_Heart_Any,chr5:134373782-134375653_chr5:134643169-134646342,enhancer_hit,double
Eln_Heart_Any,chr5:134373782-134375653_chr5:134785161-134789300,enhancer_hit,single
Eln_Heart_Any,chr5:134373782-134375653_chr5:134886342-134892789,enhancer_hit,single
Eln_Heart_Any,chr5:134418738-134422052_chr5:134435311-134441914,enhancer_hit,single
Eln_Heart_Any,chr5:134418738-134422052_chr5:134490756-134492748,enhancer_hit,single
Eln_Heart_Any,chr5:134418738-134422052_chr5:134538928-134542766,enhancer_hit,single
Eln_Heart_Any,chr5:134418738-134422052_chr5:134643169-134646342,enhancer_hit,single
Eln_Heart_Any,chr5:134418738-134422052_chr5:134760562-134762717,enhancer_hit,single
Eln_Heart_Any,chr5:134418738-134422052_chr5:134886342-134892789,enhancer_hit,single
Eln_Heart_Any,chr5:134435311-134441914_chr5:134490756-134492748,enhancer_hit,single
Eln_Heart_Any,chr5:134435311-134441914_chr5:134538928-134542766,enhancer_hit,single
Eln_Heart_Any,chr5:134435311-134441914_chr5:134555349-134556446,enhancer_hit,single
Eln_Heart_Any,chr5:134435311-134441914_chr5:134643169-134646342,enhancer_hit,single
Eln_Heart_Any,chr5:134435311-134441914_chr5:134739912-134744741,enhancer_hit,single
Eln_Heart_Any,chr5:134435311-134441914_chr5:134785161-134789300,enhancer_hit,
Eln_Heart_Any,chr5:134435311-134441914_chr5:134886342-134892789,enhancer_hit,single
Eln_Heart_Any,chr5:134435311-134441914_chr5:135202190-135203190,enhancer_hit,double
Eln_Heart_Any,chr5:134490756-134492748_chr5:134886342-134892789,enhancer_hit,single
Eln_Heart_Any,chr5:134538928-134542766_chr5:134555349-134556446,enhancer_hit,single
Eln_Heart_Any,chr5:134538928-134542766_chr5:134643169-134646342,enhancer_hit,single
Eln_Heart_Any,chr5:134538928-134542766_chr5:134739912-134744741,enhancer_hit,single
Eln_Heart_Any,chr5:134538928-134542766_chr5:134785161-134789300,enhancer_hit,single
Eln_Heart_Any,chr5:134538928-134542766_chr5:134886342-134892789,enhancer_hit,single
Eln_Heart_Any,chr5:134555349-134556446_chr5:134643169-134646342,enhancer_hit,double
Eln_Heart_Any,chr5:134555349-134556446_chr5:134785161-134789300,enhancer_hit,single
Eln_Heart_Any,chr5:134555349-134556446_chr5:134886342-134892789,enhancer_hit,single
Eln_Heart_Any,chr5:134643169-134646342_chr5:134760562-134762717,enhancer_hit,single
Eln_Heart_Any,chr5:134643169-134646342_chr5:134785161-134789300,enhancer_hit,single
Eln_Heart_Any,chr5:134643169-134646342_chr5:134886342-134892789,enhancer_hit,single
Eln_Heart_Any,chr5:134739912-134744741_chr5:134785161-134789300,enhancer_hit,single
Eln_Heart_Any,chr5:134739912-134744741_chr5:134886342-134892789,enhancer_hit,single
Eln_Heart_Any,chr5:134785161-134789300_chr5:134886342-134892789,enhancer_hit,single
Eln_Heart_Any,chr5:134785161-134789300_chr5:135202190-135203190,enhancer_hit,
Eln_Heart_E11.5,chr5:134373782-134375653_chr5:134418738-134422052,enhancer_hit,single
Eln_Heart_E11.5,chr5:134373782-134375653_chr5:134435311-134441914,enhancer_hit,single
Eln_Heart_E11.5,chr5:134373782-134375653_chr5:134785161-134789300,enhancer_hit,single
Eln_Heart_E11.5,chr5:134418738-134422052_chr5:134435311-134441914,enhancer_hit,single
Eln_Heart_E11.5,chr5:134418738-134422052_chr5:134538928-134542766,enhancer_hit,single
Eln_Heart_E11.5,chr5:134435311-134441914_chr5:134538928-134542766,enhancer_hit,single
Eln_Heart_E11.5,chr5:134435311-134441914_chr5:134739912-134744741,enhancer_hit,single
Eln_Heart_E11.5,chr5:134435311-134441914_chr5:134785161-134789300,enhancer_hit,
Eln_Heart_E11.5,chr5:134538928-134542766_chr5:134739912-134744741,enhancer_hit,single
Eln_Heart_E11.5,chr5:134538928-134542766_chr5:134785161-134789300,enhancer_hit,single
Eln_Heart_E11.5,chr5:134739912-134744741_chr5:134785161-134789300,enhancer_hit,single
Eln_Limb_Any,chr5:134373782-134375653_chr5:134435311-134441914,enhancer_hit,single
Eln_Limb_Any,chr5:134373782-134375653_chr5:134555349-134556446,enhancer_hit,double
Eln_Limb_Any,chr5:134373782-134375653_chr5:134886342-134892789,enhancer_hit,single
Eln_Limb_Any,chr5:134435311-134441914_chr5:134538928-134542766,enhancer_hit,single
Eln_Limb_Any,chr5:134435311-134441914_chr5:134555349-134556446,enhancer_hit,single
Eln_Limb_Any,chr5:134435311-134441914_chr5:134739912-134744741,enhancer_hit,single
Eln_Limb_Any,chr5:134435311-134441914_chr5:134886342-134892789,enhancer_hit,single
Eln_Limb_Any,chr5:134538928-134542766_chr5:134555349-134556446,enhancer_hit,single
Eln_Limb_Any,chr5:134538928-134542766_chr5:134739912-134744741,enhancer_hit,single
Eln_Limb_Any,chr5:134538928-134542766_chr5:134886342-134892789,enhancer_hit,single
Eln_Limb_Any,chr5:134555349-134556446_chr5:134886342-134892789,enhancer_hit,single
Eln_Limb_Any,chr5:134739912-134744741_chr5:134886342-134892789,enhancer_hit,single
Eme1_Heart_Any,chr11:95681165-95683847_chr11:95804436-95810769,enhancer_hit,single
Eme1_Heart_E11.5,chr11:95681165-95683847_chr11:95804436-95810769,enhancer_hit,single
Emilin2_Heart_Any,chr17:71062047-71064203_chr17:71287567-71293888,enhancer_hit,single
Emilin2_Heart_Any,chr17:71248132-71254977_chr17:71262126-71266366,enhancer_hit,
Emilin2_Heart_Any,chr17:71248132-71254977_chr17:71276442-71277442,enhancer_hit,single
Emilin2_Heart_Any,chr17:71248132-71254977_chr17:71287567-71293888,enhancer_hit,single
Emilin2_Heart_Any,chr17:71248132-71254977_chr17:71306589-71308222,enhancer_hit,single
Emilin2_Heart_Any,chr17:71262126-71266366_chr17:71276442-71277442,enhancer_hit,
Emilin2_Heart_Any,chr17:71262126-71266366_chr17:71287567-71293888,enhancer_hit,
Emilin2_Heart_Any,chr17:71262126-71266366_chr17:71306589-71308222,enhancer_hit,
Emilin2_Heart_Any,chr17:71276442-71277442_chr17:71287567-71293888,enhancer_hit,single
Emilin2_Heart_Any,chr17:71276442-71277442_chr17:71306589-71308222,enhancer_hit,single
Emilin2_Heart_Any,chr17:71287567-71293888_chr17:71306589-71308222,enhancer_hit,single
Emilin2_Heart_Any,chr17:71287567-71293888_chr17:72787349-72788763,enhancer_hit,single
Emilin2_Heart_Any,chr17:71306589-71308222_chr17:72787349-72788763,enhancer_hit,
Emilin2_Heart_E11.5,chr17:71248132-71254977_chr17:71262126-71266366,enhancer_hit,
Emilin2_Heart_E11.5,chr17:71248132-71254977_chr17:71287567-71293888,enhancer_hit,single
Emilin2_Heart_E11.5,chr17:71262126-71266366_chr17:71287567-71293888,enhancer_hit,
Emp1_Heart_Any,chr6:135331813-135335328_chr6:135369992-135371794,enhancer_hit,
Emp1_Limb_Any,chr6:135331813-135335328_chr6:135369992-135371794,enhancer_hit,
Emp2_Heart_Any,chr16:10335387-10339120_chr16:10354379-10356737,enhancer_hit,
Emp2_Heart_Any,chr16:10346874-10353151_chr16:10365287-10367488,enhancer_hit,single
Emp2_Heart_Any,chr16:10354379-10356737_chr16:10365287-10367488,enhancer_hit,single
Enc1_Forebrain_Any,chr13:97248502-97257806_chr13:97756113-97758088,enhancer_hit,
Enc1_Forebrain_Any,chr13:97248502-97257806_chr13:97766305-97769758,enhancer_hit,
Enc1_Forebrain_Any,chr13:97248502-97257806_chr13:97899327-97901851,enhancer_hit,
Enc1_Forebrain_Any,chr13:97667975-97669887_chr13:97917504-97919654,enhancer_hit,
Enc1_Forebrain_Any,chr13:97756113-97758088_chr13:97766305-97769758,enhancer_hit,
Enc1_Forebrain_Any,chr13:97756113-97758088_chr13:97899327-97901851,enhancer_hit,
Enc1_Forebrain_Any,chr13:97766305-97769758_chr13:97899327-97901851,enhancer_hit,
Enc1_Forebrain_Any,chr13:97823132-97826859_chr13:97958577-97960463,enhancer_hit,
Enc1_Forebrain_E11.5,chr13:97248502-97257806_chr13:97756113-97758088,enhancer_hit,
Eng_Forebrain_Any,chr2:31767329-31772487_chr2:32730205-32737551,enhancer_hit,single
Eng_Forebrain_Any,chr2:31767329-31772487_chr2:32903700-32909975,enhancer_hit,single
Eng_Forebrain_Any,chr2:31767329-31772487_chr2:32913685-32915973,enhancer_hit,single
Eng_Forebrain_Any,chr2:32036997-32039537_chr2:32153647-32160531,enhancer_hit,single
Eng_Forebrain_Any,chr2:32036997-32039537_chr2:32730205-32737551,enhancer_hit,single
Eng_Forebrain_Any,chr2:32036997-32039537_chr2:32913685-32915973,enhancer_hit,single
Eng_Forebrain_Any,chr2:32153647-32160531_chr2:32730205-32737551,enhancer_hit,single
Eng_Forebrain_Any,chr2:32153647-32160531_chr2:32913685-32915973,enhancer_hit,single
Eng_Forebrain_Any,chr2:32730205-32737551_chr2:32903700-32909975,enhancer_hit,single
Eng_Forebrain_Any,chr2:32730205-32737551_chr2:32913685-32915973,enhancer_hit,single
Eng_Forebrain_Any,chr2:32903700-32909975_chr2:32913685-32915973,enhancer_hit,single
Eng_Heart_Any,chr2:31715596-31716929_chr2:31776258-31777419,enhancer_hit,single
Eng_Heart_Any,chr2:31715596-31716929_chr2:32640282-32644094,enhancer_hit,single
Eng_Heart_Any,chr2:31715596-31716929_chr2:32664635-32669037,enhancer_hit,single
Eng_Heart_Any,chr2:31715596-31716929_chr2:32730205-32737551,enhancer_hit,double
Eng_Heart_Any,chr2:31715596-31716929_chr2:32903700-32909975,enhancer_hit,single
Eng_Heart_Any,chr2:31715596-31716929_chr2:32913685-32915973,enhancer_hit,single
Eng_Heart_Any,chr2:31767329-31772487_chr2:32463851-32466472,enhancer_hit,single
Eng_Heart_Any,chr2:31767329-31772487_chr2:32640282-32644094,enhancer_hit,single
Eng_Heart_Any,chr2:31767329-31772487_chr2:32654828-32656843,enhancer_hit,single
Eng_Heart_Any,chr2:31767329-31772487_chr2:32664635-32669037,enhancer_hit,single
Eng_Heart_Any,chr2:31767329-31772487_chr2:32730205-32737551,enhancer_hit,single
Eng_Heart_Any,chr2:31767329-31772487_chr2:32903700-32909975,enhancer_hit,single
Eng_Heart_Any,chr2:31767329-31772487_chr2:32913685-32915973,enhancer_hit,single
Eng_Heart_Any,chr2:31776258-31777419_chr2:32036997-32039537,enhancer_hit,single
Eng_Heart_Any,chr2:31776258-31777419_chr2:32153647-32160531,enhancer_hit,single
Eng_Heart_Any,chr2:31776258-31777419_chr2:32293849-32294849,enhancer_hit,
Eng_Heart_Any,chr2:31776258-31777419_chr2:32463851-32466472,enhancer_hit,single
Eng_Heart_Any,chr2:31776258-31777419_chr2:32640282-32644094,enhancer_hit,single
Eng_Heart_Any,chr2:31776258-31777419_chr2:32654828-32656843,enhancer_hit,single
Eng_Heart_Any,chr2:31776258-31777419_chr2:32658188-32663100,enhancer_hit,single
Eng_Heart_Any,chr2:31776258-31777419_chr2:32664635-32669037,enhancer_hit,single
Eng_Heart_Any,chr2:31776258-31777419_chr2:32730205-32737551,enhancer_hit,single
Eng_Heart_Any,chr2:31776258-31777419_chr2:32834488-32835967,enhancer_hit,single
Eng_Heart_Any,chr2:31776258-31777419_chr2:32903700-32909975,enhancer_hit,
Eng_Heart_Any,chr2:31776258-31777419_chr2:32913685-32915973,enhancer_hit,single
Eng_Heart_Any,chr2:32036997-32039537_chr2:32153647-32160531,enhancer_hit,single
Eng_Heart_Any,chr2:32036997-32039537_chr2:32293849-32294849,enhancer_hit,single
Eng_Heart_Any,chr2:32036997-32039537_chr2:32463851-32466472,enhancer_hit,double
Eng_Heart_Any,chr2:32036997-32039537_chr2:32640282-32644094,enhancer_hit,single
Eng_Heart_Any,chr2:32036997-32039537_chr2:32654828-32656843,enhancer_hit,single
Eng_Heart_Any,chr2:32036997-32039537_chr2:32658188-32663100,enhancer_hit,single
Eng_Heart_Any,chr2:32036997-32039537_chr2:32664635-32669037,enhancer_hit,single
Eng_Heart_Any,chr2:32036997-32039537_chr2:32730205-32737551,enhancer_hit,single
Eng_Heart_Any,chr2:32036997-32039537_chr2:32834488-32835967,enhancer_hit,double
Eng_Heart_Any,chr2:32036997-32039537_chr2:32913685-32915973,enhancer_hit,single
Eng_Heart_Any,chr2:32153647-32160531_chr2:32293849-32294849,enhancer_hit,single
Eng_Heart_Any,chr2:32153647-32160531_chr2:32463851-32466472,enhancer_hit,single
Eng_Heart_Any,chr2:32153647-32160531_chr2:32640282-32644094,enhancer_hit,single
Eng_Heart_Any,chr2:32153647-32160531_chr2:32654828-32656843,enhancer_hit,single
Eng_Heart_Any,chr2:32153647-32160531_chr2:32658188-32663100,enhancer_hit,single
Eng_Heart_Any,chr2:32153647-32160531_chr2:32664635-32669037,enhancer_hit,single
Eng_Heart_Any,chr2:32153647-32160531_chr2:32730205-32737551,enhancer_hit,single
Eng_Heart_Any,chr2:32153647-32160531_chr2:32834488-32835967,enhancer_hit,single
Eng_Heart_Any,chr2:32153647-32160531_chr2:32913685-32915973,enhancer_hit,single
Eng_Heart_Any,chr2:32293849-32294849_chr2:32463851-32466472,enhancer_hit,single
Eng_Heart_Any,chr2:32293849-32294849_chr2:32640282-32644094,enhancer_hit,single
Eng_Heart_Any,chr2:32293849-32294849_chr2:32654828-32656843,enhancer_hit,single
Eng_Heart_Any,chr2:32293849-32294849_chr2:32658188-32663100,enhancer_hit,single
Eng_Heart_Any,chr2:32293849-32294849_chr2:32664635-32669037,enhancer_hit,single
Eng_Heart_Any,chr2:32293849-32294849_chr2:32730205-32737551,enhancer_hit,single
Eng_Heart_Any,chr2:32293849-32294849_chr2:32913685-32915973,enhancer_hit,single
Eng_Heart_Any,chr2:32463851-32466472_chr2:32640282-32644094,enhancer_hit,double
Eng_Heart_Any,chr2:32463851-32466472_chr2:32654828-32656843,enhancer_hit,double
Eng_Heart_Any,chr2:32463851-32466472_chr2:32658188-32663100,enhancer_hit,single
Eng_Heart_Any,chr2:32463851-32466472_chr2:32664635-32669037,enhancer_hit,single
Eng_Heart_Any,chr2:32463851-32466472_chr2:32730205-32737551,enhancer_hit,double
Eng_Heart_Any,chr2:32463851-32466472_chr2:32834488-32835967,enhancer_hit,double
Eng_Heart_Any,chr2:32463851-32466472_chr2:32903700-32909975,enhancer_hit,single
Eng_Heart_Any,chr2:32463851-32466472_chr2:32913685-32915973,enhancer_hit,single
Eng_Heart_Any,chr2:32610570-32611698_chr2:32640282-32644094,enhancer_hit,single
Eng_Heart_Any,chr2:32640282-32644094_chr2:32654828-32656843,enhancer_hit,single
Eng_Heart_Any,chr2:32640282-32644094_chr2:32658188-32663100,enhancer_hit,single
Eng_Heart_Any,chr2:32640282-32644094_chr2:32664635-32669037,enhancer_hit,single
Eng_Heart_Any,chr2:32640282-32644094_chr2:32730205-32737551,enhancer_hit,single
Eng_Heart_Any,chr2:32640282-32644094_chr2:32834488-32835967,enhancer_hit,double
Eng_Heart_Any,chr2:32640282-32644094_chr2:32903700-32909975,enhancer_hit,single
Eng_Heart_Any,chr2:32640282-32644094_chr2:32913685-32915973,enhancer_hit,single
Eng_Heart_Any,chr2:32654828-32656843_chr2:32658188-32663100,enhancer_hit,single
Eng_Heart_Any,chr2:32654828-32656843_chr2:32664635-32669037,enhancer_hit,single
Eng_Heart_Any,chr2:32654828-32656843_chr2:32730205-32737551,enhancer_hit,double
Eng_Heart_Any,chr2:32654828-32656843_chr2:32834488-32835967,enhancer_hit,double
Eng_Heart_Any,chr2:32654828-32656843_chr2:32903700-32909975,enhancer_hit,single
Eng_Heart_Any,chr2:32654828-32656843_chr2:32913685-32915973,enhancer_hit,single
Eng_Heart_Any,chr2:32658188-32663100_chr2:32664635-32669037,enhancer_hit,single
Eng_Heart_Any,chr2:32658188-32663100_chr2:32730205-32737551,enhancer_hit,double
Eng_Heart_Any,chr2:32658188-32663100_chr2:32834488-32835967,enhancer_hit,double
Eng_Heart_Any,chr2:32658188-32663100_chr2:32913685-32915973,enhancer_hit,single
Eng_Heart_Any,chr2:32664635-32669037_chr2:32730205-32737551,enhancer_hit,single
Eng_Heart_Any,chr2:32664635-32669037_chr2:32834488-32835967,enhancer_hit,single
Eng_Heart_Any,chr2:32664635-32669037_chr2:32903700-32909975,enhancer_hit,single
Eng_Heart_Any,chr2:32664635-32669037_chr2:32913685-32915973,enhancer_hit,single
Eng_Heart_Any,chr2:32730205-32737551_chr2:32903700-32909975,enhancer_hit,single
Eng_Heart_Any,chr2:32730205-32737551_chr2:32913685-32915973,enhancer_hit,single
Eng_Heart_Any,chr2:32834488-32835967_chr2:32913685-32915973,enhancer_hit,single
Eng_Heart_Any,chr2:32903700-32909975_chr2:32913685-32915973,enhancer_hit,single
Eng_Heart_E11.5,chr2:31715596-31716929_chr2:32640282-32644094,enhancer_hit,single
Eng_Heart_E11.5,chr2:31715596-31716929_chr2:32664635-32669037,enhancer_hit,single
Eng_Heart_E11.5,chr2:31715596-31716929_chr2:32730205-32737551,enhancer_hit,double
Eng_Heart_E11.5,chr2:31715596-31716929_chr2:32903700-32909975,enhancer_hit,single
Eng_Heart_E11.5,chr2:31715596-31716929_chr2:32913685-32915973,enhancer_hit,single
Eng_Heart_E11.5,chr2:31767329-31772487_chr2:32463851-32466472,enhancer_hit,single
Eng_Heart_E11.5,chr2:31767329-31772487_chr2:32640282-32644094,enhancer_hit,single
Eng_Heart_E11.5,chr2:31767329-31772487_chr2:32654828-32656843,enhancer_hit,single
Eng_Heart_E11.5,chr2:31767329-31772487_chr2:32664635-32669037,enhancer_hit,single
Eng_Heart_E11.5,chr2:31767329-31772487_chr2:32730205-32737551,enhancer_hit,single
Eng_Heart_E11.5,chr2:31767329-31772487_chr2:32903700-32909975,enhancer_hit,single
Eng_Heart_E11.5,chr2:31767329-31772487_chr2:32913685-32915973,enhancer_hit,single
Eng_Heart_E11.5,chr2:32036997-32039537_chr2:32153647-32160531,enhancer_hit,single
Eng_Heart_E11.5,chr2:32036997-32039537_chr2:32463851-32466472,enhancer_hit,double
Eng_Heart_E11.5,chr2:32036997-32039537_chr2:32640282-32644094,enhancer_hit,single
Eng_Heart_E11.5,chr2:32036997-32039537_chr2:32654828-32656843,enhancer_hit,single
Eng_Heart_E11.5,chr2:32036997-32039537_chr2:32658188-32663100,enhancer_hit,single
Eng_Heart_E11.5,chr2:32036997-32039537_chr2:32664635-32669037,enhancer_hit,single
Eng_Heart_E11.5,chr2:32036997-32039537_chr2:32730205-32737551,enhancer_hit,single
Eng_Heart_E11.5,chr2:32036997-32039537_chr2:32834488-32835967,enhancer_hit,double
Eng_Heart_E11.5,chr2:32036997-32039537_chr2:32913685-32915973,enhancer_hit,single
Eng_Heart_E11.5,chr2:32153647-32160531_chr2:32463851-32466472,enhancer_hit,single
Eng_Heart_E11.5,chr2:32153647-32160531_chr2:32640282-32644094,enhancer_hit,single
Eng_Heart_E11.5,chr2:32153647-32160531_chr2:32654828-32656843,enhancer_hit,single
Eng_Heart_E11.5,chr2:32153647-32160531_chr2:32658188-32663100,enhancer_hit,single
Eng_Heart_E11.5,chr2:32153647-32160531_chr2:32664635-32669037,enhancer_hit,single
Eng_Heart_E11.5,chr2:32153647-32160531_chr2:32730205-32737551,enhancer_hit,single
Eng_Heart_E11.5,chr2:32153647-32160531_chr2:32834488-32835967,enhancer_hit,single
Eng_Heart_E11.5,chr2:32153647-32160531_chr2:32913685-32915973,enhancer_hit,single
Eng_Heart_E11.5,chr2:32463851-32466472_chr2:32640282-32644094,enhancer_hit,double
Eng_Heart_E11.5,chr2:32463851-32466472_chr2:32654828-32656843,enhancer_hit,double
Eng_Heart_E11.5,chr2:32463851-32466472_chr2:32658188-32663100,enhancer_hit,single
Eng_Heart_E11.5,chr2:32463851-32466472_chr2:32664635-32669037,enhancer_hit,single
Eng_Heart_E11.5,chr2:32463851-32466472_chr2:32730205-32737551,enhancer_hit,double
Eng_Heart_E11.5,chr2:32463851-32466472_chr2:32834488-32835967,enhancer_hit,double
Eng_Heart_E11.5,chr2:32463851-32466472_chr2:32903700-32909975,enhancer_hit,single
Eng_Heart_E11.5,chr2:32463851-32466472_chr2:32913685-32915973,enhancer_hit,single
Eng_Heart_E11.5,chr2:32640282-32644094_chr2:32654828-32656843,enhancer_hit,single
Eng_Heart_E11.5,chr2:32640282-32644094_chr2:32658188-32663100,enhancer_hit,single
Eng_Heart_E11.5,chr2:32640282-32644094_chr2:32664635-32669037,enhancer_hit,single
Eng_Heart_E11.5,chr2:32640282-32644094_chr2:32730205-32737551,enhancer_hit,single
Eng_Heart_E11.5,chr2:32640282-32644094_chr2:32834488-32835967,enhancer_hit,double
Eng_Heart_E11.5,chr2:32640282-32644094_chr2:32903700-32909975,enhancer_hit,single
Eng_Heart_E11.5,chr2:32640282-32644094_chr2:32913685-32915973,enhancer_hit,single
Eng_Heart_E11.5,chr2:32654828-32656843_chr2:32658188-32663100,enhancer_hit,single
Eng_Heart_E11.5,chr2:32654828-32656843_chr2:32664635-32669037,enhancer_hit,single
Eng_Heart_E11.5,chr2:32654828-32656843_chr2:32730205-32737551,enhancer_hit,double
Eng_Heart_E11.5,chr2:32654828-32656843_chr2:32834488-32835967,enhancer_hit,double
Eng_Heart_E11.5,chr2:32654828-32656843_chr2:32903700-32909975,enhancer_hit,single
Eng_Heart_E11.5,chr2:32654828-32656843_chr2:32913685-32915973,enhancer_hit,single
Eng_Heart_E11.5,chr2:32658188-32663100_chr2:32664635-32669037,enhancer_hit,single
Eng_Heart_E11.5,chr2:32658188-32663100_chr2:32730205-32737551,enhancer_hit,double
Eng_Heart_E11.5,chr2:32658188-32663100_chr2:32834488-32835967,enhancer_hit,double
Eng_Heart_E11.5,chr2:32658188-32663100_chr2:32913685-32915973,enhancer_hit,single
Eng_Heart_E11.5,chr2:32664635-32669037_chr2:32730205-32737551,enhancer_hit,single
Eng_Heart_E11.5,chr2:32664635-32669037_chr2:32834488-32835967,enhancer_hit,single
Eng_Heart_E11.5,chr2:32664635-32669037_chr2:32903700-32909975,enhancer_hit,single
Eng_Heart_E11.5,chr2:32664635-32669037_chr2:32913685-32915973,enhancer_hit,single
Eng_Heart_E11.5,chr2:32730205-32737551_chr2:32903700-32909975,enhancer_hit,single
Eng_Heart_E11.5,chr2:32730205-32737551_chr2:32913685-32915973,enhancer_hit,single
Eng_Heart_E11.5,chr2:32834488-32835967_chr2:32913685-32915973,enhancer_hit,single
Eng_Heart_E11.5,chr2:32903700-32909975_chr2:32913685-32915973,enhancer_hit,single
Eng_Limb_Any,chr2:31767329-31772487_chr2:32640282-32644094,enhancer_hit,single
Eng_Limb_Any,chr2:31767329-31772487_chr2:32654828-32656843,enhancer_hit,single
Eng_Limb_Any,chr2:31767329-31772487_chr2:32730205-32737551,enhancer_hit,single
Eng_Limb_Any,chr2:31767329-31772487_chr2:32903700-32909975,enhancer_hit,single
Eng_Limb_Any,chr2:31767329-31772487_chr2:32913685-32915973,enhancer_hit,single
Eng_Limb_Any,chr2:32153647-32160531_chr2:32640282-32644094,enhancer_hit,single
Eng_Limb_Any,chr2:32153647-32160531_chr2:32654828-32656843,enhancer_hit,single
Eng_Limb_Any,chr2:32153647-32160531_chr2:32730205-32737551,enhancer_hit,single
Eng_Limb_Any,chr2:32153647-32160531_chr2:32834488-32835967,enhancer_hit,single
Eng_Limb_Any,chr2:32153647-32160531_chr2:32913685-32915973,enhancer_hit,single
Eng_Limb_Any,chr2:32640282-32644094_chr2:32654828-32656843,enhancer_hit,single
Eng_Limb_Any,chr2:32640282-32644094_chr2:32730205-32737551,enhancer_hit,single
Eng_Limb_Any,chr2:32640282-32644094_chr2:32834488-32835967,enhancer_hit,double
Eng_Limb_Any,chr2:32640282-32644094_chr2:32903700-32909975,enhancer_hit,single
Eng_Limb_Any,chr2:32640282-32644094_chr2:32913685-32915973,enhancer_hit,single
Eng_Limb_Any,chr2:32654828-32656843_chr2:32730205-32737551,enhancer_hit,double
Eng_Limb_Any,chr2:32654828-32656843_chr2:32834488-32835967,enhancer_hit,double
Eng_Limb_Any,chr2:32654828-32656843_chr2:32903700-32909975,enhancer_hit,single
Eng_Limb_Any,chr2:32654828-32656843_chr2:32913685-32915973,enhancer_hit,single
Eng_Limb_Any,chr2:32730205-32737551_chr2:32903700-32909975,enhancer_hit,single
Eng_Limb_Any,chr2:32730205-32737551_chr2:32913685-32915973,enhancer_hit,single
Eng_Limb_Any,chr2:32834488-32835967_chr2:32913685-32915973,enhancer_hit,single
Eng_Limb_Any,chr2:32903700-32909975_chr2:32913685-32915973,enhancer_hit,single
Eng_Limb_E11.5,chr2:31767329-31772487_chr2:32654828-32656843,enhancer_hit,single
Eng_Limb_E11.5,chr2:31767329-31772487_chr2:32730205-32737551,enhancer_hit,single
Eng_Limb_E11.5,chr2:31767329-31772487_chr2:32903700-32909975,enhancer_hit,single
Eng_Limb_E11.5,chr2:31767329-31772487_chr2:32913685-32915973,enhancer_hit,single
Eng_Limb_E11.5,chr2:32153647-32160531_chr2:32654828-32656843,enhancer_hit,single
Eng_Limb_E11.5,chr2:32153647-32160531_chr2:32730205-32737551,enhancer_hit,single
Eng_Limb_E11.5,chr2:32153647-32160531_chr2:32913685-32915973,enhancer_hit,single
Eng_Limb_E11.5,chr2:32654828-32656843_chr2:32730205-32737551,enhancer_hit,double
Eng_Limb_E11.5,chr2:32654828-32656843_chr2:32903700-32909975,enhancer_hit,single
Eng_Limb_E11.5,chr2:32654828-32656843_chr2:32913685-32915973,enhancer_hit,single
Eng_Limb_E11.5,chr2:32730205-32737551_chr2:32903700-32909975,enhancer_hit,single
Eng_Limb_E11.5,chr2:32730205-32737551_chr2:32913685-32915973,enhancer_hit,single
Eng_Limb_E11.5,chr2:32903700-32909975_chr2:32913685-32915973,enhancer_hit,single
Epb4.1l2_Heart_Any,chr10:25383841-25388067_chr10:25430493-25435640,enhancer_hit,single
Epb4.1l2_Heart_E11.5,chr10:25383841-25388067_chr10:25430493-25435640,enhancer_hit,single
Epb4.1l2_Limb_Any,chr10:25381364-25382364_chr10:25430493-25435640,enhancer_hit,single
Epb4.1l2_Limb_Any,chr10:25383841-25388067_chr10:25430493-25435640,enhancer_hit,single
Epb4.1l4a_Heart_Any,chr18:33888393-33895188_chr18:33943903-33944903,enhancer_hit,
Epha2_Forebrain_Any,chr4:141129142-141137028_chr4:141307369-141316679,enhancer_hit,single
Epha2_Forebrain_E11.5,chr4:141129142-141137028_chr4:141307369-141316679,enhancer_hit,single
Epha2_Heart_Any,chr4:141129142-141137028_chr4:141271319-141275863,enhancer_hit,double
Epha2_Heart_Any,chr4:141129142-141137028_chr4:141307369-141316679,enhancer_hit,single
Epha2_Heart_Any,chr4:141129142-141137028_chr4:141564855-141566155,enhancer_hit,double
Epha2_Heart_Any,chr4:141271319-141275863_chr4:141307369-141316679,enhancer_hit,single
Epha2_Heart_Any,chr4:141271319-141275863_chr4:141564855-141566155,enhancer_hit,double
Epha2_Heart_Any,chr4:141307369-141316679_chr4:141564855-141566155,enhancer_hit,single
Epha2_Heart_E11.5,chr4:141129142-141137028_chr4:141271319-141275863,enhancer_hit,double
Epha2_Heart_E11.5,chr4:141129142-141137028_chr4:141307369-141316679,enhancer_hit,single
Epha2_Heart_E11.5,chr4:141271319-141275863_chr4:141307369-141316679,enhancer_hit,single
Epha2_Limb_Any,chr4:141129142-141137028_chr4:141564855-141566155,enhancer_hit,double
Epha8_Forebrain_Any,chr4:136651293-136654240_chr4:136664672-136665682,enhancer_hit,single
Ephb1_Forebrain_Any,chr9:101406320-101409048_chr9:101942527-101944049,enhancer_hit,single
Ephb1_Forebrain_Any,chr9:102038633-102040445_chr9:102192162-102194527,enhancer_hit,
Ephb2_Forebrain_Any,chr4:136678708-136681345_chr4:136819512-136821302,enhancer_hit,
Ephb2_Forebrain_Any,chr4:136761196-136764267_chr4:136844593-136845685,enhancer_hit,single
Ephb2_Forebrain_Any,chr4:136771779-136774864_chr4:136819512-136821302,enhancer_hit,
Ephb2_Forebrain_E11.5,chr4:136678708-136681345_chr4:136819512-136821302,enhancer_hit,
Ephb2_Forebrain_E11.5,chr4:136771779-136774864_chr4:136819512-136821302,enhancer_hit,
Ephb3_Forebrain_Any,chr16:21269448-21275238_chr16:21389277-21393177,enhancer_hit,single
Ephb3_Forebrain_E11.5,chr16:21269448-21275238_chr16:21389277-21393177,enhancer_hit,single
Ephb3_Heart_Any,chr16:21207254-21212962_chr16:21362587-21364978,enhancer_hit,
Ephb3_Heart_Any,chr16:21207254-21212962_chr16:21375954-21378770,enhancer_hit,
Ephb3_Heart_Any,chr16:21269448-21275238_chr16:21389277-21393177,enhancer_hit,single
Ephb3_Heart_Any,chr16:21317749-21320053_chr16:21389277-21393177,enhancer_hit,single
Ephb3_Heart_Any,chr16:21362587-21364978_chr16:21375954-21378770,enhancer_hit,
Ephb3_Heart_E11.5,chr16:21207254-21212962_chr16:21362587-21364978,enhancer_hit,
Ephb3_Heart_E11.5,chr16:21269448-21275238_chr16:21389277-21393177,enhancer_hit,single
Ephb3_Heart_E11.5,chr16:21317749-21320053_chr16:21389277-21393177,enhancer_hit,single
Ephb3_Limb_Any,chr16:21207254-21212962_chr16:21375954-21378770,enhancer_hit,
Ephb3_Limb_Any,chr16:21269448-21275238_chr16:21389277-21393177,enhancer_hit,single
Ephb3_Limb_Any,chr16:21317749-21320053_chr16:21389277-21393177,enhancer_hit,single
Ephb3_Limb_E11.5,chr16:21207254-21212962_chr16:21375954-21378770,enhancer_hit,
Ephb3_Limb_E11.5,chr16:21269448-21275238_chr16:21389277-21393177,enhancer_hit,single
Erbb2_Heart_Any,chr11:98408471-98409969_chr11:98417961-98420610,enhancer_hit,
Erbb2_Heart_E11.5,chr11:98408471-98409969_chr11:98417961-98420610,enhancer_hit,
Erbb2ip_Heart_Any,chr13:103984945-103987653_chr13:104022000-104030821,enhancer_hit,single
Erbb2ip_Limb_Any,chr13:103984945-103987653_chr13:104022000-104030821,enhancer_hit,single
Erg_Heart_Any,chr16:95823259-95826529_chr16:95830469-95836045,enhancer_hit,single
Erg_Heart_E11.5,chr16:95823259-95826529_chr16:95830469-95836045,enhancer_hit,single
Erg_Limb_Any,chr16:95823259-95826529_chr16:95830469-95836045,enhancer_hit,single
Erg_Limb_E11.5,chr16:95823259-95826529_chr16:95830469-95836045,enhancer_hit,single
Esrrg_Heart_Any,chr1:187749257-187750257_chr1:188008649-188011590,enhancer_hit,
Etfb_Heart_Any,chr7:43304131-43306391_chr7:43447482-43450267,enhancer_hit,single
Etfb_Heart_E11.5,chr7:43304131-43306391_chr7:43447482-43450267,enhancer_hit,single
Ets1_Heart_Any,chr9:32524421-32532015_chr9:32655750-32658372,enhancer_hit,
Ets1_Heart_Any,chr9:32524421-32532015_chr9:32705326-32708671,enhancer_hit,
Ets1_Heart_Any,chr9:32524421-32532015_chr9:32899523-32902650,enhancer_hit,
Ets1_Heart_Any,chr9:32569179-32570179_chr9:32759716-32762325,enhancer_hit,
Ets1_Heart_Any,chr9:32655750-32658372_chr9:32705326-32708671,enhancer_hit,single
Ets1_Heart_Any,chr9:32655750-32658372_chr9:32899523-32902650,enhancer_hit,single
Ets1_Heart_Any,chr9:32705326-32708671_chr9:32748920-32754003,enhancer_hit,single
Ets1_Heart_Any,chr9:32705326-32708671_chr9:32899523-32902650,enhancer_hit,single
Ets1_Heart_Any,chr9:32748920-32754003_chr9:32899523-32902650,enhancer_hit,single
Ets2_Heart_Any,chr16:95704574-95709781_chr16:95844566-95850292,enhancer_hit,
Ets2_Heart_E11.5,chr16:95704574-95709781_chr16:95844566-95850292,enhancer_hit,
Ets2_Limb_Any,chr16:95704574-95709781_chr16:95844566-95850292,enhancer_hit,
Ets2_Limb_E11.5,chr16:95704574-95709781_chr16:95844566-95850292,enhancer_hit,
Exoc3l4_Heart_Any,chr12:110971632-110975755_chr12:111005328-111010629,enhancer_hit,
Exoc3l4_Heart_Any,chr12:110971632-110975755_chr12:111420859-111421954,enhancer_hit,
Exoc3l4_Heart_Any,chr12:110971632-110975755_chr12:111942630-111947220,enhancer_hit,single
Exoc3l4_Heart_Any,chr12:111420859-111421954_chr12:111942630-111947220,enhancer_hit,
Exoc3l4_Heart_E11.5,chr12:110971632-110975755_chr12:111005328-111010629,enhancer_hit,
Exoc3l4_Heart_E11.5,chr12:110971632-110975755_chr12:111942630-111947220,enhancer_hit,single
Extl1_Heart_Any,chr4:134950014-134951427_chr4:135249901-135251215,enhancer_hit,single
Extl1_Heart_Any,chr4:134950014-134951427_chr4:135260414-135261512,enhancer_hit,single
Extl1_Heart_E11.5,chr4:134950014-134951427_chr4:135260414-135261512,enhancer_hit,single
Ezr_Heart_Any,chr17:6754209-6760595_chr17:6764570-6774410,enhancer_hit,single
Ezr_Heart_Any,chr17:6754209-6760595_chr17:6811363-6817687,enhancer_hit,
Ezr_Heart_Any,chr17:6764570-6774410_chr17:6811363-6817687,enhancer_hit,
Ezr_Limb_Any,chr17:6764570-6774410_chr17:6811363-6817687,enhancer_hit,
F10_Heart_Any,chr8:13119594-13122952_chr8:13203251-13207210,enhancer_hit,
F10_Heart_E11.5,chr8:13119594-13122952_chr8:13203251-13207210,enhancer_hit,
F11r_Heart_Any,chr1:171169865-171172477_chr1:171182822-171187198,enhancer_hit,single
F11r_Heart_Any,chr1:171169865-171172477_chr1:171424338-171425670,enhancer_hit,single
F11r_Heart_Any,chr1:171169865-171172477_chr1:171440034-171443542,enhancer_hit,single
F11r_Heart_Any,chr1:171169865-171172477_chr1:171451894-171454472,enhancer_hit,single
F11r_Heart_Any,chr1:171182822-171187198_chr1:171446578-171448494,enhancer_hit,single
F11r_Heart_Any,chr1:171182822-171187198_chr1:171451894-171454472,enhancer_hit,double
F11r_Heart_Any,chr1:171239306-171241307_chr1:171424338-171425670,enhancer_hit,single
F11r_Heart_Any,chr1:171239306-171241307_chr1:171440034-171443542,enhancer_hit,single
F11r_Heart_Any,chr1:171239306-171241307_chr1:171451894-171454472,enhancer_hit,single
F11r_Heart_Any,chr1:171239306-171241307_chr1:171469512-171471868,enhancer_hit,single
F11r_Heart_Any,chr1:171424338-171425670_chr1:171440034-171443542,enhancer_hit,single
F11r_Heart_Any,chr1:171424338-171425670_chr1:171451894-171454472,enhancer_hit,single
F11r_Heart_Any,chr1:171424338-171425670_chr1:171469512-171471868,enhancer_hit,double
F11r_Heart_Any,chr1:171440034-171443542_chr1:171451894-171454472,enhancer_hit,single
F11r_Heart_Any,chr1:171440034-171443542_chr1:171469512-171471868,enhancer_hit,single
F11r_Heart_Any,chr1:171451894-171454472_chr1:171469512-171471868,enhancer_hit,double
F11r_Heart_E11.5,chr1:171169865-171172477_chr1:171182822-171187198,enhancer_hit,single
F11r_Heart_E11.5,chr1:171169865-171172477_chr1:171424338-171425670,enhancer_hit,single
F11r_Heart_E11.5,chr1:171169865-171172477_chr1:171440034-171443542,enhancer_hit,single
F11r_Heart_E11.5,chr1:171182822-171187198_chr1:171446578-171448494,enhancer_hit,single
F11r_Heart_E11.5,chr1:171424338-171425670_chr1:171440034-171443542,enhancer_hit,single
Fabp1_Heart_Any,chr6:70812076-70815095_chr6:71234582-71238221,enhancer_hit,single
Fabp4_Heart_Any,chr3:10134918-10137861_chr3:10138458-10147533,enhancer_hit,
Fabp4_Heart_Any,chr3:10134918-10137861_chr3:10215814-10216822,enhancer_hit,single
Fam101b_Heart_Any,chr11:76098542-76102526_chr11:76124259-76126780,enhancer_hit,single
Fam101b_Limb_Any,chr11:76098542-76102526_chr11:76124259-76126780,enhancer_hit,single
Fam114a1_Forebrain_Any,chr5:64376358-64383685_chr5:64859961-64863090,enhancer_hit,
Fam114a1_Heart_Any,chr5:64078123-64080016_chr5:64236134-64237134,enhancer_hit,single
Fam114a1_Heart_Any,chr5:64078123-64080016_chr5:64239011-64245442,enhancer_hit,
Fam114a1_Heart_Any,chr5:64078123-64080016_chr5:64815974-64819940,enhancer_hit,
Fam114a1_Heart_Any,chr5:64078123-64080016_chr5:65325526-65327190,enhancer_hit,single
Fam114a1_Heart_Any,chr5:64239011-64245442_chr5:64815974-64819940,enhancer_hit,single
Fam114a1_Heart_Any,chr5:64239011-64245442_chr5:65325526-65327190,enhancer_hit,
Fam114a1_Heart_Any,chr5:64376358-64383685_chr5:64859961-64863090,enhancer_hit,
Fam114a1_Heart_Any,chr5:64815974-64819940_chr5:65325526-65327190,enhancer_hit,
Fam114a1_Heart_E11.5,chr5:64078123-64080016_chr5:64239011-64245442,enhancer_hit,
Fam114a1_Limb_Any,chr5:64376358-64383685_chr5:64859961-64863090,enhancer_hit,
Fam117a_Heart_Any,chr11:95349650-95358930_chr11:95799769-95801749,enhancer_hit,single
Fam117a_Heart_E11.5,chr11:95349650-95358930_chr11:95799769-95801749,enhancer_hit,single
Fam117a_Limb_Any,chr11:94890550-94891930_chr11:95349650-95358930,enhancer_hit,double
Fam129a_Heart_Any,chr1:151513495-151515359_chr1:152222925-152224573,enhancer_hit,
Fam129b_Forebrain_Any,chr2:32893369-32899772_chr2:33202936-33207917,enhancer_hit,
Fam129b_Forebrain_Any,chr2:32893369-32899772_chr2:33264994-33269916,enhancer_hit,
Fam129b_Forebrain_Any,chr2:33202936-33207917_chr2:33264994-33269916,enhancer_hit,
Fam129b_Heart_Any,chr2:31318083-31319251_chr2:32878613-32892308,enhancer_hit,
Fam129b_Heart_Any,chr2:31318083-31319251_chr2:32893369-32899772,enhancer_hit,
Fam129b_Heart_Any,chr2:32878613-32892308_chr2:32893369-32899772,enhancer_hit,single
Fam129b_Heart_Any,chr2:32878613-32892308_chr2:33202936-33207917,enhancer_hit,
Fam129b_Heart_Any,chr2:32878613-32892308_chr2:33264994-33269916,enhancer_hit,
Fam129b_Heart_Any,chr2:32893369-32899772_chr2:33202936-33207917,enhancer_hit,
Fam129b_Heart_Any,chr2:32893369-32899772_chr2:33264994-33269916,enhancer_hit,
Fam129b_Heart_Any,chr2:33202936-33207917_chr2:33264994-33269916,enhancer_hit,
Fam129b_Heart_E11.5,chr2:31318083-31319251_chr2:32878613-32892308,enhancer_hit,
Fam129b_Heart_E11.5,chr2:31318083-31319251_chr2:32893369-32899772,enhancer_hit,
Fam129b_Heart_E11.5,chr2:32878613-32892308_chr2:32893369-32899772,enhancer_hit,single
Fam129b_Heart_E11.5,chr2:32878613-32892308_chr2:33202936-33207917,enhancer_hit,
Fam129b_Heart_E11.5,chr2:32878613-32892308_chr2:33264994-33269916,enhancer_hit,
Fam129b_Heart_E11.5,chr2:32893369-32899772_chr2:33202936-33207917,enhancer_hit,
Fam129b_Heart_E11.5,chr2:32893369-32899772_chr2:33264994-33269916,enhancer_hit,
Fam129b_Heart_E11.5,chr2:33202936-33207917_chr2:33264994-33269916,enhancer_hit,
Fam129b_Limb_Any,chr2:32878613-32892308_chr2:32893369-32899772,enhancer_hit,single
Fam129b_Limb_Any,chr2:32878613-32892308_chr2:33202936-33207917,enhancer_hit,
Fam129b_Limb_Any,chr2:32878613-32892308_chr2:33240373-33241373,enhancer_hit,
Fam129b_Limb_Any,chr2:32893369-32899772_chr2:33202936-33207917,enhancer_hit,
Fam129b_Limb_E11.5,chr2:32878613-32892308_chr2:33202936-33207917,enhancer_hit,
Fam13c_Forebrain_Any,chr10:70483701-70486326_chr10:70900799-70901815,enhancer_hit,single
Fam13c_Forebrain_Any,chr10:70860132-70862357_chr10:70948350-70953563,enhancer_hit,
Fam13c_Heart_Any,chr10:69642917-69646599_chr10:70716096-70718621,enhancer_hit,
Fam162a_Heart_Any,chr16:36052626-36055050_chr16:36062957-36066653,enhancer_hit,single
Fam171a2_Forebrain_Any,chr11:101694962-101697944_chr11:101717632-101718967,enhancer_hit,single
Fam178b_Heart_Any,chr1:36332673-36334097_chr1:36538229-36540460,enhancer_hit,single
Fam178b_Heart_Any,chr1:36332673-36334097_chr1:36567517-36575036,enhancer_hit,
Fam178b_Heart_Any,chr1:36332673-36334097_chr1:36628036-36629447,enhancer_hit,single
Fam178b_Heart_Any,chr1:36538229-36540460_chr1:36567517-36575036,enhancer_hit,single
Fam178b_Heart_Any,chr1:36538229-36540460_chr1:36628036-36629447,enhancer_hit,single
Fam178b_Heart_Any,chr1:36538229-36540460_chr1:36859169-36862700,enhancer_hit,single
Fam178b_Heart_Any,chr1:36567517-36575036_chr1:36628036-36629447,enhancer_hit,
Fam178b_Heart_E11.5,chr1:36538229-36540460_chr1:36859169-36862700,enhancer_hit,single
Fam179a_Heart_Any,chr17:71662580-71663580_chr17:71697295-71699731,enhancer_hit,single
Fam179a_Heart_Any,chr17:71662580-71663580_chr17:71711624-71713836,enhancer_hit,
Fam179a_Heart_E11.5,chr17:71662580-71663580_chr17:71697295-71699731,enhancer_hit,single
Fam179a_Heart_E11.5,chr17:71662580-71663580_chr17:71711624-71713836,enhancer_hit,
Fam189a2_Heart_Any,chr19:23966413-23974274_chr19:24016430-24019082,enhancer_hit,
Fam189a2_Heart_E11.5,chr19:23966413-23974274_chr19:24016430-24019082,enhancer_hit,
Fam195a_Forebrain_Any,chr17:26419980-26426767_chr17:26591675-26598010,enhancer_hit,
Fam195a_Forebrain_Any,chr17:26419980-26426767_chr17:26662578-26664077,enhancer_hit,
Fam195a_Forebrain_Any,chr17:26583427-26585965_chr17:26591675-26598010,enhancer_hit,single
Fam195a_Heart_Any,chr17:26006009-26010124_chr17:26419980-26426767,enhancer_hit,
Fam195a_Heart_Any,chr17:26006009-26010124_chr17:26662578-26664077,enhancer_hit,
Fam195a_Heart_Any,chr17:26419980-26426767_chr17:26591675-26598010,enhancer_hit,
Fam195a_Heart_Any,chr17:26419980-26426767_chr17:26662578-26664077,enhancer_hit,
Fam195a_Heart_Any,chr17:26583427-26585965_chr17:26591675-26598010,enhancer_hit,single
Fam195a_Heart_E11.5,chr17:26006009-26010124_chr17:26419980-26426767,enhancer_hit,
Fam195a_Heart_E11.5,chr17:26006009-26010124_chr17:26662578-26664077,enhancer_hit,
Fam195a_Heart_E11.5,chr17:26419980-26426767_chr17:26591675-26598010,enhancer_hit,
Fam195a_Heart_E11.5,chr17:26419980-26426767_chr17:26662578-26664077,enhancer_hit,
Fam195a_Heart_E11.5,chr17:26583427-26585965_chr17:26591675-26598010,enhancer_hit,single
Fam195a_Limb_Any,chr17:26583427-26585965_chr17:26591675-26598010,enhancer_hit,single
Fam198a_Heart_Any,chr9:122835952-122838454_chr9:123136521-123140385,enhancer_hit,single
Fam198a_Limb_Any,chr9:122835952-122838454_chr9:123136521-123140385,enhancer_hit,single
Fam198b_Heart_Any,chr3:79925652-79929352_chr3:79969737-79971166,enhancer_hit,
Fam210b_Forebrain_Any,chr2:172290632-172293570_chr2:172348064-172351735,enhancer_hit,
Fam210b_Heart_Any,chr2:172290632-172293570_chr2:172348064-172351735,enhancer_hit,
Fam210b_Heart_E11.5,chr2:172290632-172293570_chr2:172348064-172351735,enhancer_hit,
Fam212a_Heart_Any,chr9:107966167-107967248_chr9:108238496-108240627,enhancer_hit,
Fam212a_Heart_Any,chr9:107966167-107967248_chr9:108272038-108276055,enhancer_hit,single
Fam212a_Heart_Any,chr9:107979422-107980786_chr9:108272038-108276055,enhancer_hit,
Fam212a_Heart_Any,chr9:108238496-108240627_chr9:108272038-108276055,enhancer_hit,
Fam212a_Heart_E11.5,chr9:107979422-107980786_chr9:108272038-108276055,enhancer_hit,
Fam212a_Limb_Any,chr9:107979422-107980786_chr9:108272038-108276055,enhancer_hit,
Fam222b_Forebrain_Any,chr11:77883861-77889455_chr11:77890094-77891596,enhancer_hit,single
Fam222b_Forebrain_E11.5,chr11:77883861-77889455_chr11:77890094-77891596,enhancer_hit,single
Fam229b_Forebrain_Any,chr10:39385730-39388343_chr10:39388891-39390342,enhancer_hit,
Fam229b_Heart_Any,chr10:39385730-39388343_chr10:39388891-39390342,enhancer_hit,
Fam43a_Heart_Any,chr16:30627281-30628281_chr16:31317308-31319959,enhancer_hit,
Fam46b_Heart_Any,chr4:132607420-132608907_chr4:133106911-133109717,enhancer_hit,single
Fam46b_Heart_Any,chr4:132607420-132608907_chr4:133148543-133149679,enhancer_hit,single
Fam46b_Heart_Any,chr4:133106911-133109717_chr4:133148543-133149679,enhancer_hit,double
Fam46b_Heart_E11.5,chr4:132607420-132608907_chr4:133106911-133109717,enhancer_hit,single
Fam46b_Heart_E11.5,chr4:132607420-132608907_chr4:133148543-133149679,enhancer_hit,single
Fam46b_Heart_E11.5,chr4:133106911-133109717_chr4:133148543-133149679,enhancer_hit,double
Fam57a_Limb_Any,chr11:76105754-76109715_chr11:76424180-76431275,enhancer_hit,single
Fam57a_Limb_E11.5,chr11:76105754-76109715_chr11:76424180-76431275,enhancer_hit,single
Fam65b_Heart_Any,chr13:24496148-24497337_chr13:24500630-24503529,enhancer_hit,
Fam65c_Forebrain_Any,chr2:167822807-167825911_chr2:167923845-167927260,enhancer_hit,single
Fam65c_Forebrain_Any,chr2:167822807-167825911_chr2:168043957-168051208,enhancer_hit,single
Fam65c_Forebrain_Any,chr2:167923845-167927260_chr2:168043957-168051208,enhancer_hit,single
Fam65c_Heart_Any,chr2:167773313-167775035_chr2:167804258-167806592,enhancer_hit,single
Fam65c_Heart_Any,chr2:167773313-167775035_chr2:167923845-167927260,enhancer_hit,single
Fam65c_Heart_Any,chr2:167773313-167775035_chr2:168043957-168051208,enhancer_hit,single
Fam65c_Heart_Any,chr2:167804258-167806592_chr2:167923845-167927260,enhancer_hit,
Fam65c_Heart_Any,chr2:167804258-167806592_chr2:168043957-168051208,enhancer_hit,single
Fam65c_Heart_Any,chr2:167822807-167825911_chr2:167923845-167927260,enhancer_hit,single
Fam65c_Heart_Any,chr2:167822807-167825911_chr2:168043957-168051208,enhancer_hit,single
Fam65c_Heart_Any,chr2:167923845-167927260_chr2:168043957-168051208,enhancer_hit,single
Fam65c_Heart_Any,chr2:168015676-168017733_chr2:168043957-168051208,enhancer_hit,double
Fam65c_Heart_E11.5,chr2:167923845-167927260_chr2:168043957-168051208,enhancer_hit,single
Fam65c_Limb_Any,chr2:167773313-167775035_chr2:167923845-167927260,enhancer_hit,single
Fam65c_Limb_Any,chr2:167773313-167775035_chr2:168043957-168051208,enhancer_hit,single
Fam65c_Limb_Any,chr2:167822807-167825911_chr2:167923845-167927260,enhancer_hit,single
Fam65c_Limb_Any,chr2:167822807-167825911_chr2:168043957-168051208,enhancer_hit,single
Fam65c_Limb_Any,chr2:167923845-167927260_chr2:168024576-168027603,enhancer_hit,single
Fam65c_Limb_Any,chr2:167923845-167927260_chr2:168043957-168051208,enhancer_hit,single
Fam65c_Limb_Any,chr2:168024576-168027603_chr2:168043957-168051208,enhancer_hit,single
Fam65c_Limb_E11.5,chr2:167822807-167825911_chr2:167923845-167927260,enhancer_hit,single
Fam78a_Heart_Any,chr2:32043593-32047884_chr2:32053883-32061664,enhancer_hit,single
Fam78a_Heart_Any,chr2:32043593-32047884_chr2:32073854-32075990,enhancer_hit,double
Fam78a_Heart_Any,chr2:32043593-32047884_chr2:32076874-32081283,enhancer_hit,double
Fam78a_Heart_Any,chr2:32043593-32047884_chr2:32087959-32089819,enhancer_hit,single
Fam78a_Heart_Any,chr2:32043593-32047884_chr2:32125981-32133015,enhancer_hit,double
Fam78a_Heart_Any,chr2:32043593-32047884_chr2:32494477-32496179,enhancer_hit,single
Fam78a_Heart_Any,chr2:32043593-32047884_chr2:32636535-32639662,enhancer_hit,single
Fam78a_Heart_Any,chr2:32053883-32061664_chr2:32073854-32075990,enhancer_hit,single
Fam78a_Heart_Any,chr2:32053883-32061664_chr2:32076874-32081283,enhancer_hit,
Fam78a_Heart_Any,chr2:32053883-32061664_chr2:32087959-32089819,enhancer_hit,single
Fam78a_Heart_Any,chr2:32053883-32061664_chr2:32125981-32133015,enhancer_hit,single
Fam78a_Heart_Any,chr2:32053883-32061664_chr2:32494477-32496179,enhancer_hit,single
Fam78a_Heart_Any,chr2:32053883-32061664_chr2:32636535-32639662,enhancer_hit,single
Fam78a_Heart_Any,chr2:32073854-32075990_chr2:32076874-32081283,enhancer_hit,single
Fam78a_Heart_Any,chr2:32073854-32075990_chr2:32125981-32133015,enhancer_hit,double
Fam78a_Heart_Any,chr2:32073854-32075990_chr2:32494477-32496179,enhancer_hit,single
Fam78a_Heart_Any,chr2:32073854-32075990_chr2:32636535-32639662,enhancer_hit,single
Fam78a_Heart_Any,chr2:32076874-32081283_chr2:32087959-32089819,enhancer_hit,single
Fam78a_Heart_Any,chr2:32076874-32081283_chr2:32125981-32133015,enhancer_hit,double
Fam78a_Heart_Any,chr2:32076874-32081283_chr2:32494477-32496179,enhancer_hit,single
Fam78a_Heart_Any,chr2:32076874-32081283_chr2:32636535-32639662,enhancer_hit,single
Fam78a_Heart_Any,chr2:32087959-32089819_chr2:32125981-32133015,enhancer_hit,single
Fam78a_Heart_Any,chr2:32087959-32089819_chr2:32494477-32496179,enhancer_hit,single
Fam78a_Heart_Any,chr2:32087959-32089819_chr2:32636535-32639662,enhancer_hit,single
Fam78a_Heart_Any,chr2:32125981-32133015_chr2:32494477-32496179,enhancer_hit,single
Fam78a_Heart_Any,chr2:32125981-32133015_chr2:32636535-32639662,enhancer_hit,double
Fam78a_Heart_Any,chr2:32494477-32496179_chr2:32636535-32639662,enhancer_hit,single
Fam78a_Heart_E11.5,chr2:32043593-32047884_chr2:32053883-32061664,enhancer_hit,single
Fam78a_Heart_E11.5,chr2:32043593-32047884_chr2:32076874-32081283,enhancer_hit,double
Fam78a_Heart_E11.5,chr2:32043593-32047884_chr2:32087959-32089819,enhancer_hit,single
Fam78a_Heart_E11.5,chr2:32043593-32047884_chr2:32125981-32133015,enhancer_hit,double
Fam78a_Heart_E11.5,chr2:32043593-32047884_chr2:32636535-32639662,enhancer_hit,single
Fam78a_Heart_E11.5,chr2:32053883-32061664_chr2:32076874-32081283,enhancer_hit,single
Fam78a_Heart_E11.5,chr2:32053883-32061664_chr2:32087959-32089819,enhancer_hit,single
Fam78a_Heart_E11.5,chr2:32053883-32061664_chr2:32125981-32133015,enhancer_hit,single
Fam78a_Heart_E11.5,chr2:32053883-32061664_chr2:32636535-32639662,enhancer_hit,single
Fam78a_Heart_E11.5,chr2:32076874-32081283_chr2:32087959-32089819,enhancer_hit,single
Fam78a_Heart_E11.5,chr2:32076874-32081283_chr2:32125981-32133015,enhancer_hit,double
Fam78a_Heart_E11.5,chr2:32076874-32081283_chr2:32636535-32639662,enhancer_hit,single
Fam78a_Heart_E11.5,chr2:32087959-32089819_chr2:32125981-32133015,enhancer_hit,single
Fam78a_Heart_E11.5,chr2:32087959-32089819_chr2:32636535-32639662,enhancer_hit,single
Fam78a_Heart_E11.5,chr2:32125981-32133015_chr2:32636535-32639662,enhancer_hit,double
Fam78a_Limb_Any,chr2:32053883-32061664_chr2:32636535-32639662,enhancer_hit,single
Fam96a_Heart_Any,chr9:66211861-66215224_chr9:67035033-67041209,enhancer_hit,single
Fam96a_Heart_Any,chr9:66238816-66241366_chr9:67035033-67041209,enhancer_hit,single
Fam96a_Heart_Any,chr9:66346913-66348025_chr9:67035033-67041209,enhancer_hit,single
Fam96a_Heart_Any,chr9:67019456-67021418_chr9:67035033-67041209,enhancer_hit,single
Fam96a_Heart_E11.5,chr9:66211861-66215224_chr9:67035033-67041209,enhancer_hit,single
Fam96a_Heart_E11.5,chr9:66346913-66348025_chr9:67035033-67041209,enhancer_hit,single
Fam96a_Heart_E11.5,chr9:67019456-67021418_chr9:67035033-67041209,enhancer_hit,single
Fam96a_Limb_Any,chr9:66211861-66215224_chr9:67035033-67041209,enhancer_hit,single
Fbln1_Heart_Any,chr15:85160720-85168714_chr15:85176956-85181313,enhancer_hit,single
Fbln1_Limb_Any,chr15:85160720-85168714_chr15:85176956-85181313,enhancer_hit,single
Fbln1_Limb_Any,chr15:85184123-85185123_chr15:85228856-85234247,enhancer_hit,single
Fbln1_Limb_E11.5,chr15:85160720-85168714_chr15:85176956-85181313,enhancer_hit,single
Fbln1_Limb_E11.5,chr15:85184123-85185123_chr15:85228856-85234247,enhancer_hit,single
Fbln5_Heart_Any,chr12:101859333-101863024_chr12:101922186-101923448,enhancer_hit,single
Fbn1_Heart_Any,chr2:125354581-125357345_chr2:126358480-126362513,enhancer_hit,
Fbn1_Heart_Any,chr2:125494617-125496016_chr2:126358480-126362513,enhancer_hit,
Fbn1_Heart_E11.5,chr2:125494617-125496016_chr2:126358480-126362513,enhancer_hit,
Fbn1_Limb_Any,chr2:125354581-125357345_chr2:126358480-126362513,enhancer_hit,
Fbn2_Heart_Any,chr18:58204012-58207426_chr18:58444346-58445560,enhancer_hit,single
Fbn2_Limb_Any,chr18:58105569-58108424_chr18:58204012-58207426,enhancer_hit,
Fbn2_Limb_Any,chr18:58105569-58108424_chr18:58444346-58445560,enhancer_hit,
Fbn2_Limb_Any,chr18:58204012-58207426_chr18:58444346-58445560,enhancer_hit,single
Fbxl22_Heart_Any,chr9:66558832-66561266_chr9:66871027-66873442,enhancer_hit,single
Fbxo44_Forebrain_Any,chr4:148494068-148496508_chr4:148855442-148862015,enhancer_hit,
Fbxo44_Heart_Any,chr4:148494068-148496508_chr4:148855442-148862015,enhancer_hit,
Fbxo44_Heart_E11.5,chr4:148494068-148496508_chr4:148855442-148862015,enhancer_hit,
Fbxw8_Heart_Any,chr5:118446716-118447716_chr5:118458827-118460162,enhancer_hit,single
Fbxw8_Limb_Any,chr5:118446716-118447716_chr5:118458827-118460162,enhancer_hit,single
Fcrlb_Forebrain_Any,chr1:171043817-171045453_chr1:171101788-171103616,enhancer_hit,
Fcrlb_Forebrain_Any,chr1:171043817-171045453_chr1:171108902-171111417,enhancer_hit,single
Fcrlb_Forebrain_E11.5,chr1:171043817-171045453_chr1:171108902-171111417,enhancer_hit,single
Fcrlb_Heart_Any,chr1:171043817-171045453_chr1:171101788-171103616,enhancer_hit,
Fcrlb_Heart_Any,chr1:171043817-171045453_chr1:171108902-171111417,enhancer_hit,single
Fcrlb_Heart_E11.5,chr1:171043817-171045453_chr1:171101788-171103616,enhancer_hit,
Fcrlb_Heart_E11.5,chr1:171043817-171045453_chr1:171108902-171111417,enhancer_hit,single
Fcrlb_Limb_Any,chr1:171043817-171045453_chr1:171101788-171103616,enhancer_hit,
Fcrlb_Limb_Any,chr1:171043817-171045453_chr1:171108902-171111417,enhancer_hit,single
Fermt2_Forebrain_Any,chr14:45450873-45458558_chr14:45506126-45512130,enhancer_hit,double
Fermt2_Forebrain_E11.5,chr14:45450873-45458558_chr14:45506126-45512130,enhancer_hit,double
Fermt2_Heart_Any,chr14:45314070-45315070_chr14:45490880-45493297,enhancer_hit,
Fermt2_Heart_Any,chr14:45450873-45458558_chr14:45476546-45480033,enhancer_hit,single
Fermt2_Heart_Any,chr14:45450873-45458558_chr14:45506126-45512130,enhancer_hit,double
Fermt2_Heart_Any,chr14:45450873-45458558_chr14:45518964-45520648,enhancer_hit,single
Fermt2_Heart_Any,chr14:45476546-45480033_chr14:45506126-45512130,enhancer_hit,single
Fermt2_Heart_Any,chr14:45476546-45480033_chr14:45518964-45520648,enhancer_hit,single
Fermt2_Heart_Any,chr14:45490880-45493297_chr14:45518964-45520648,enhancer_hit,single
Fermt2_Heart_Any,chr14:45506126-45512130_chr14:45515105-45516838,enhancer_hit,single
Fermt2_Heart_Any,chr14:45506126-45512130_chr14:45518964-45520648,enhancer_hit,single
Fermt2_Heart_E11.5,chr14:45450873-45458558_chr14:45476546-45480033,enhancer_hit,single
Fermt2_Heart_E11.5,chr14:45450873-45458558_chr14:45506126-45512130,enhancer_hit,double
Fermt2_Heart_E11.5,chr14:45450873-45458558_chr14:45518964-45520648,enhancer_hit,single
Fermt2_Heart_E11.5,chr14:45476546-45480033_chr14:45506126-45512130,enhancer_hit,single
Fermt2_Heart_E11.5,chr14:45476546-45480033_chr14:45518964-45520648,enhancer_hit,single
Fermt2_Heart_E11.5,chr14:45490880-45493297_chr14:45518964-45520648,enhancer_hit,single
Fermt2_Heart_E11.5,chr14:45506126-45512130_chr14:45518964-45520648,enhancer_hit,single
Fermt2_Limb_Any,chr14:45450873-45458558_chr14:45506126-45512130,enhancer_hit,double
Fermt2_Limb_E11.5,chr14:45450873-45458558_chr14:45506126-45512130,enhancer_hit,double
Fermt3_Heart_Any,chr19:7004509-7005535_chr19:7043842-7045456,enhancer_hit,single
Fes_Heart_Any,chr7:80441708-80447467_chr7:80497607-80499463,enhancer_hit,
Fes_Heart_Any,chr7:80441708-80447467_chr7:80500115-80502256,enhancer_hit,single
Fes_Heart_Any,chr7:80441708-80447467_chr7:80585468-80588268,enhancer_hit,single
Fes_Heart_Any,chr7:80497607-80499463_chr7:80500115-80502256,enhancer_hit,
Fes_Heart_Any,chr7:80497607-80499463_chr7:80585468-80588268,enhancer_hit,
Fes_Heart_Any,chr7:80497607-80499463_chr7:80665302-80668506,enhancer_hit,
Fes_Heart_E11.5,chr7:80441708-80447467_chr7:80585468-80588268,enhancer_hit,single
Fez1_Forebrain_Any,chr9:36820474-36823917_chr9:36826154-36827451,enhancer_hit,single
Fez1_Forebrain_Any,chr9:36820474-36823917_chr9:36949719-36952231,enhancer_hit,single
Fez1_Forebrain_Any,chr9:36820474-36823917_chr9:37075220-37078290,enhancer_hit,single
Fez1_Forebrain_Any,chr9:36826154-36827451_chr9:36949719-36952231,enhancer_hit,single
Fez1_Forebrain_Any,chr9:36826154-36827451_chr9:37075220-37078290,enhancer_hit,
Fez1_Forebrain_Any,chr9:36920687-36924109_chr9:37001284-37003588,enhancer_hit,
Fez1_Forebrain_Any,chr9:36949719-36952231_chr9:37075220-37078290,enhancer_hit,single
Fez1_Forebrain_E11.5,chr9:36820474-36823917_chr9:36949719-36952231,enhancer_hit,single
Fez1_Forebrain_E11.5,chr9:36820474-36823917_chr9:37075220-37078290,enhancer_hit,single
Fez1_Forebrain_E11.5,chr9:36920687-36924109_chr9:37001284-37003588,enhancer_hit,
Fez1_Forebrain_E11.5,chr9:36949719-36952231_chr9:37075220-37078290,enhancer_hit,single
Fgf1_Forebrain_Any,chr18:38347575-38351539_chr18:38937232-38939372,enhancer_hit,single
Fgf1_Heart_Any,chr18:38275949-38279760_chr18:38347575-38351539,enhancer_hit,single
Fgf1_Heart_Any,chr18:38275949-38279760_chr18:38874123-38879071,enhancer_hit,single
Fgf1_Heart_Any,chr18:38347575-38351539_chr18:38880749-38882514,enhancer_hit,single
Fgf1_Heart_Any,chr18:38347575-38351539_chr18:38937232-38939372,enhancer_hit,single
Fgf1_Heart_Any,chr18:38493826-38496024_chr18:38874123-38879071,enhancer_hit,single
Fgf1_Heart_Any,chr18:38791344-38792344_chr18:39352570-39356158,enhancer_hit,
Fgf1_Heart_E11.5,chr18:38275949-38279760_chr18:38347575-38351539,enhancer_hit,single
Fgfbp3_Forebrain_Any,chr19:36895686-36897896_chr19:36903194-36905147,enhancer_hit,double
Fgfbp3_Forebrain_E11.5,chr19:36895686-36897896_chr19:36903194-36905147,enhancer_hit,double
Fgfr1_Heart_Any,chr8:25341088-25344715_chr8:25542134-25547062,enhancer_hit,double
Fgfr1_Limb_Any,chr8:25341088-25344715_chr8:25542134-25547062,enhancer_hit,double
Fgfr1_Limb_E11.5,chr8:25341088-25344715_chr8:25542134-25547062,enhancer_hit,double
Fgfr2_Limb_Any,chr7:129661911-129667084_chr7:129743485-129747818,enhancer_hit,single
Fgfr2_Limb_Any,chr7:129661911-129667084_chr7:129974043-129977214,enhancer_hit,
Fgfr2_Limb_Any,chr7:129661911-129667084_chr7:130057513-130061626,enhancer_hit,
Fgfr2_Limb_Any,chr7:129661911-129667084_chr7:130164070-130170848,enhancer_hit,
Fgfr2_Limb_Any,chr7:129677856-129682140_chr7:129743485-129747818,enhancer_hit,single
Fgfr2_Limb_Any,chr7:129677856-129682140_chr7:129974043-129977214,enhancer_hit,
Fgfr2_Limb_Any,chr7:129677856-129682140_chr7:130041244-130045276,enhancer_hit,single
Fgfr2_Limb_Any,chr7:129677856-129682140_chr7:130057513-130061626,enhancer_hit,
Fgfr2_Limb_Any,chr7:129677856-129682140_chr7:130164070-130170848,enhancer_hit,
Fgfr2_Limb_Any,chr7:129677856-129682140_chr7:130203718-130209258,enhancer_hit,
Fgfr2_Limb_Any,chr7:129677856-129682140_chr7:130213900-130217017,enhancer_hit,
Fgfr2_Limb_Any,chr7:129677856-129682140_chr7:130298567-130299910,enhancer_hit,single
Fgfr2_Limb_Any,chr7:129743485-129747818_chr7:130057513-130061626,enhancer_hit,
Fgfr2_Limb_Any,chr7:129974043-129977214_chr7:130041244-130045276,enhancer_hit,
Fgfr2_Limb_Any,chr7:129974043-129977214_chr7:130072286-130075032,enhancer_hit,single
Fgfr2_Limb_Any,chr7:129974043-129977214_chr7:130164070-130170848,enhancer_hit,
Fgfr2_Limb_Any,chr7:129974043-129977214_chr7:130203718-130209258,enhancer_hit,
Fgfr2_Limb_Any,chr7:129974043-129977214_chr7:130285565-130292094,enhancer_hit,
Fgfr2_Limb_Any,chr7:129974043-129977214_chr7:130298567-130299910,enhancer_hit,single
Fgfr2_Limb_Any,chr7:129974043-129977214_chr7:130426060-130428225,enhancer_hit,single
Fgfr2_Limb_Any,chr7:130041244-130045276_chr7:130057513-130061626,enhancer_hit,
Fgfr2_Limb_Any,chr7:130041244-130045276_chr7:130213900-130217017,enhancer_hit,
Fgfr2_Limb_Any,chr7:130041244-130045276_chr7:130298567-130299910,enhancer_hit,single
Fgfr2_Limb_Any,chr7:130057513-130061626_chr7:130164070-130170848,enhancer_hit,
Fgfr2_Limb_Any,chr7:130164070-130170848_chr7:130213900-130217017,enhancer_hit,
Fgfr2_Limb_Any,chr7:130203718-130209258_chr7:130298567-130299910,enhancer_hit,
Fgfr2_Limb_Any,chr7:130213900-130217017_chr7:130298567-130299910,enhancer_hit,single
Fgfr2_Limb_E11.5,chr7:129661911-129667084_chr7:129743485-129747818,enhancer_hit,single
Fgfr2_Limb_E11.5,chr7:129661911-129667084_chr7:130057513-130061626,enhancer_hit,
Fgfr2_Limb_E11.5,chr7:129677856-129682140_chr7:129743485-129747818,enhancer_hit,single
Fgfr2_Limb_E11.5,chr7:129677856-129682140_chr7:130057513-130061626,enhancer_hit,
Fgfr2_Limb_E11.5,chr7:129677856-129682140_chr7:130298567-130299910,enhancer_hit,single
Fgfr2_Limb_E11.5,chr7:129743485-129747818_chr7:130057513-130061626,enhancer_hit,
Fgfr3_Forebrain_Any,chr5:33691681-33699824_chr5:33703578-33709436,enhancer_hit,single
Fgfr3_Forebrain_E11.5,chr5:33691681-33699824_chr5:33703578-33709436,enhancer_hit,single
Fgfr3_Heart_Any,chr5:33691681-33699824_chr5:33703578-33709436,enhancer_hit,single
Fjx1_Forebrain_Any,chr2:101950961-101951961_chr2:102146471-102148815,enhancer_hit,
Fjx1_Forebrain_Any,chr2:102028968-102031166_chr2:102146471-102148815,enhancer_hit,
Fkbp10_Forebrain_Any,chr11:101148308-101150438_chr11:101228963-101233184,enhancer_hit,double
Fkbp10_Forebrain_E11.5,chr11:101148308-101150438_chr11:101228963-101233184,enhancer_hit,double
Fkbp10_Heart_Any,chr11:100809989-100811695_chr11:101148308-101150438,enhancer_hit,double
Fkbp10_Heart_Any,chr11:100809989-100811695_chr11:101228963-101233184,enhancer_hit,double
Fkbp10_Heart_Any,chr11:101148308-101150438_chr11:101228963-101233184,enhancer_hit,double
Fkbp10_Heart_E11.5,chr11:100809989-100811695_chr11:101148308-101150438,enhancer_hit,double
Fkbp10_Heart_E11.5,chr11:100809989-100811695_chr11:101228963-101233184,enhancer_hit,double
Fkbp10_Heart_E11.5,chr11:101148308-101150438_chr11:101228963-101233184,enhancer_hit,double
Fkbp10_Limb_Any,chr11:100809989-100811695_chr11:101148308-101150438,enhancer_hit,double
Fkbp10_Limb_Any,chr11:100809989-100811695_chr11:101228963-101233184,enhancer_hit,double
Fkbp10_Limb_Any,chr11:101148308-101150438_chr11:101228963-101233184,enhancer_hit,double
Fkbp10_Limb_E11.5,chr11:100809989-100811695_chr11:101148308-101150438,enhancer_hit,double
Fkbp10_Limb_E11.5,chr11:100809989-100811695_chr11:101228963-101233184,enhancer_hit,double
Fkbp10_Limb_E11.5,chr11:101148308-101150438_chr11:101228963-101233184,enhancer_hit,double
Fli1_Limb_Any,chr9:32567441-32568441_chr9:32745658-32747761,enhancer_hit,
Fli1_Limb_E11.5,chr9:32567441-32568441_chr9:32745658-32747761,enhancer_hit,
Flnc_Heart_Any,chr6:29359013-29363936_chr6:29866289-29868444,enhancer_hit,single
Flt4_Heart_Any,chr11:49754350-49756277_chr11:50178839-50179905,enhancer_hit,single
Flt4_Heart_Any,chr11:49754350-49756277_chr11:50182776-50186196,enhancer_hit,double
Flt4_Heart_Any,chr11:50178839-50179905_chr11:50182776-50186196,enhancer_hit,single
Flt4_Heart_E11.5,chr11:49754350-49756277_chr11:50178839-50179905,enhancer_hit,single
Flt4_Heart_E11.5,chr11:49754350-49756277_chr11:50182776-50186196,enhancer_hit,double
Flt4_Heart_E11.5,chr11:50178839-50179905_chr11:50182776-50186196,enhancer_hit,single
Fmnl2_Limb_Any,chr2:52964366-52966614_chr2:53036667-53039967,enhancer_hit,single
Fmnl2_Limb_Any,chr2:52967398-52969639_chr2:53036667-53039967,enhancer_hit,single
Fmnl2_Limb_E11.5,chr2:52967398-52969639_chr2:53036667-53039967,enhancer_hit,single
Fmnl3_Forebrain_Any,chr15:99330733-99337877_chr15:99417513-99422582,enhancer_hit,single
Fmnl3_Forebrain_Any,chr15:99330733-99337877_chr15:99496958-99507041,enhancer_hit,single
Fmnl3_Forebrain_Any,chr15:99417513-99422582_chr15:99448453-99451153,enhancer_hit,single
Fmnl3_Forebrain_Any,chr15:99417513-99422582_chr15:99496958-99507041,enhancer_hit,
Fmnl3_Forebrain_E11.5,chr15:99330733-99337877_chr15:99417513-99422582,enhancer_hit,single
Fmnl3_Heart_Any,chr15:99330733-99337877_chr15:99417513-99422582,enhancer_hit,single
Fmnl3_Heart_Any,chr15:99330733-99337877_chr15:99496958-99507041,enhancer_hit,single
Fmnl3_Heart_Any,chr15:99417513-99422582_chr15:99448453-99451153,enhancer_hit,single
Fmnl3_Heart_Any,chr15:99417513-99422582_chr15:99496958-99507041,enhancer_hit,
Fmnl3_Heart_E11.5,chr15:99330733-99337877_chr15:99417513-99422582,enhancer_hit,single
Fmnl3_Heart_E11.5,chr15:99417513-99422582_chr15:99448453-99451153,enhancer_hit,single
Fmnl3_Limb_Any,chr15:99330733-99337877_chr15:99417513-99422582,enhancer_hit,single
Fmnl3_Limb_Any,chr15:99330733-99337877_chr15:99496958-99507041,enhancer_hit,single
Fmnl3_Limb_Any,chr15:99384042-99385042_chr15:99417513-99422582,enhancer_hit,single
Fmnl3_Limb_Any,chr15:99384042-99385042_chr15:99448453-99451153,enhancer_hit,double
Fmnl3_Limb_Any,chr15:99417513-99422582_chr15:99448453-99451153,enhancer_hit,single
Fmnl3_Limb_Any,chr15:99417513-99422582_chr15:99496958-99507041,enhancer_hit,
Fmnl3_Limb_E11.5,chr15:99330733-99337877_chr15:99417513-99422582,enhancer_hit,single
Fmnl3_Limb_E11.5,chr15:99384042-99385042_chr15:99417513-99422582,enhancer_hit,single
Fmnl3_Limb_E11.5,chr15:99384042-99385042_chr15:99448453-99451153,enhancer_hit,double
Fmnl3_Limb_E11.5,chr15:99417513-99422582_chr15:99448453-99451153,enhancer_hit,single
Fndc3b_Heart_Any,chr3:27466319-27468683_chr3:27881860-27883126,enhancer_hit,
Fndc3b_Heart_Any,chr3:27487607-27492784_chr3:27941194-27943967,enhancer_hit,
Fndc3b_Heart_Any,chr3:27603779-27609192_chr3:27630392-27632851,enhancer_hit,
Fndc3b_Heart_Any,chr3:27630392-27632851_chr3:27662516-27665891,enhancer_hit,
Fndc3b_Heart_Any,chr3:27662516-27665891_chr3:27941194-27943967,enhancer_hit,
Fndc3b_Heart_E11.5,chr3:27603779-27609192_chr3:27630392-27632851,enhancer_hit,
Fndc3b_Heart_E11.5,chr3:27630392-27632851_chr3:27662516-27665891,enhancer_hit,
Fndc3b_Limb_Any,chr3:27603779-27609192_chr3:27630392-27632851,enhancer_hit,
Fosl2_Heart_Any,chr5:32063978-32067449_chr5:32345058-32347614,enhancer_hit,single
Fosl2_Heart_E11.5,chr5:32063978-32067449_chr5:32345058-32347614,enhancer_hit,single
Foxc1_Heart_Any,chr13:31820401-31822661_chr13:32018162-32019640,enhancer_hit,
Foxc1_Limb_Any,chr13:31820401-31822661_chr13:32018162-32019640,enhancer_hit,
Foxl1_Heart_Any,chr8:120830106-120833157_chr8:121241232-121243020,enhancer_hit,single
Foxn1_Limb_Any,chr11:79046288-79047901_chr11:79228266-79231956,enhancer_hit,single
Foxn1_Limb_Any,chr11:79046288-79047901_chr11:79801942-79803890,enhancer_hit,single
Foxn1_Limb_Any,chr11:79228266-79231956_chr11:79805145-79808396,enhancer_hit,
Foxn1_Limb_Any,chr11:79799616-79801016_chr11:79801942-79803890,enhancer_hit,
Foxn1_Limb_E11.5,chr11:79046288-79047901_chr11:79228266-79231956,enhancer_hit,single
Foxn1_Limb_E11.5,chr11:79228266-79231956_chr11:79805145-79808396,enhancer_hit,
Frmd4a_Forebrain_Any,chr2:3957972-3960792_chr2:4370352-4371352,enhancer_hit,single
Frmd6_Heart_Any,chr12:70653572-70657527_chr12:70683887-70687863,enhancer_hit,single
Frmd6_Heart_Any,chr12:70653572-70657527_chr12:70850243-70855055,enhancer_hit,
Frmd6_Heart_Any,chr12:70683887-70687863_chr12:70794438-70795847,enhancer_hit,single
Frmd6_Heart_Any,chr12:70683887-70687863_chr12:70798403-70802110,enhancer_hit,single
Frmd6_Heart_Any,chr12:70683887-70687863_chr12:70850243-70855055,enhancer_hit,
Frmd6_Heart_Any,chr12:70794438-70795847_chr12:70798403-70802110,enhancer_hit,single
Frmd6_Heart_Any,chr12:70794438-70795847_chr12:70850243-70855055,enhancer_hit,
Frmd6_Heart_Any,chr12:70798403-70802110_chr12:70850243-70855055,enhancer_hit,
Frmd6_Heart_Any,chr12:70798403-70802110_chr12:70906403-70908643,enhancer_hit,
Frmd6_Heart_E11.5,chr12:70798403-70802110_chr12:70850243-70855055,enhancer_hit,
Frmd6_Limb_Any,chr12:70828013-70829089_chr12:70850243-70855055,enhancer_hit,
Frrs1_Heart_Any,chr3:116387809-116390370_chr3:116801137-116803955,enhancer_hit,
Frrs1_Heart_Any,chr3:116387809-116390370_chr3:116858106-116862308,enhancer_hit,single
Frrs1_Heart_Any,chr3:116387809-116390370_chr3:116864124-116866406,enhancer_hit,single
Frrs1_Heart_Any,chr3:116801137-116803955_chr3:116858106-116862308,enhancer_hit,single
Frrs1_Heart_Any,chr3:116801137-116803955_chr3:116864124-116866406,enhancer_hit,single
Frrs1_Heart_Any,chr3:116858106-116862308_chr3:116864124-116866406,enhancer_hit,single
Frrs1_Heart_E11.5,chr3:116387809-116390370_chr3:116801137-116803955,enhancer_hit,
Frrs1_Heart_E11.5,chr3:116387809-116390370_chr3:116858106-116862308,enhancer_hit,single
Frrs1_Heart_E11.5,chr3:116387809-116390370_chr3:116864124-116866406,enhancer_hit,single
Frrs1_Heart_E11.5,chr3:116801137-116803955_chr3:116858106-116862308,enhancer_hit,single
Frrs1_Heart_E11.5,chr3:116801137-116803955_chr3:116864124-116866406,enhancer_hit,single
Frrs1_Heart_E11.5,chr3:116858106-116862308_chr3:116864124-116866406,enhancer_hit,single
Fstl1_Forebrain_Any,chr16:37727400-37734148_chr16:37892554-37895148,enhancer_hit,
Fstl1_Forebrain_Any,chr16:37785023-37791703_chr16:37805250-37810264,enhancer_hit,
Fstl1_Forebrain_Any,chr16:37785023-37791703_chr16:37811473-37815654,enhancer_hit,
Fstl1_Forebrain_Any,chr16:37805250-37810264_chr16:37811473-37815654,enhancer_hit,
Fstl1_Forebrain_E11.5,chr16:37785023-37791703_chr16:37805250-37810264,enhancer_hit,
Fstl1_Forebrain_E11.5,chr16:37785023-37791703_chr16:37811473-37815654,enhancer_hit,
Fstl1_Forebrain_E11.5,chr16:37805250-37810264_chr16:37811473-37815654,enhancer_hit,
Fstl1_Heart_Any,chr16:37727400-37734148_chr16:37756220-37758759,enhancer_hit,single
Fstl1_Heart_Any,chr16:37727400-37734148_chr16:37892554-37895148,enhancer_hit,
Fstl1_Heart_Any,chr16:37742096-37743372_chr16:37805250-37810264,enhancer_hit,
Fstl1_Heart_Any,chr16:37742096-37743372_chr16:37811473-37815654,enhancer_hit,single
Fstl1_Heart_Any,chr16:37756220-37758759_chr16:37892554-37895148,enhancer_hit,
Fstl1_Heart_Any,chr16:37785023-37791703_chr16:37805250-37810264,enhancer_hit,
Fstl1_Heart_Any,chr16:37785023-37791703_chr16:37811473-37815654,enhancer_hit,
Fstl1_Heart_Any,chr16:37805250-37810264_chr16:37811473-37815654,enhancer_hit,
Fstl1_Heart_E11.5,chr16:37727400-37734148_chr16:37756220-37758759,enhancer_hit,single
Fstl1_Heart_E11.5,chr16:37727400-37734148_chr16:37892554-37895148,enhancer_hit,
Fstl1_Heart_E11.5,chr16:37756220-37758759_chr16:37892554-37895148,enhancer_hit,
Fstl1_Heart_E11.5,chr16:37785023-37791703_chr16:37805250-37810264,enhancer_hit,
Fstl1_Heart_E11.5,chr16:37785023-37791703_chr16:37811473-37815654,enhancer_hit,
Fstl1_Heart_E11.5,chr16:37805250-37810264_chr16:37811473-37815654,enhancer_hit,
Fstl1_Limb_Any,chr16:37727400-37734148_chr16:37892554-37895148,enhancer_hit,
Fstl1_Limb_Any,chr16:37785023-37791703_chr16:37805250-37810264,enhancer_hit,
Fstl1_Limb_Any,chr16:37785023-37791703_chr16:37811473-37815654,enhancer_hit,
Fstl1_Limb_Any,chr16:37805250-37810264_chr16:37811473-37815654,enhancer_hit,
Fstl3_Heart_Any,chr10:80932590-80944027_chr10:80971126-80973401,enhancer_hit,single
Fstl3_Heart_E11.5,chr10:80932590-80944027_chr10:80971126-80973401,enhancer_hit,single
Furin_Heart_Any,chr7:80454197-80458720_chr7:80553543-80557046,enhancer_hit,single
Furin_Heart_Any,chr7:80454197-80458720_chr7:80772873-80775219,enhancer_hit,single
Furin_Heart_Any,chr7:80454197-80458720_chr7:80776999-80783295,enhancer_hit,single
Furin_Heart_Any,chr7:80553543-80557046_chr7:80582028-80583924,enhancer_hit,single
Furin_Heart_Any,chr7:80553543-80557046_chr7:80772873-80775219,enhancer_hit,single
Furin_Heart_Any,chr7:80553543-80557046_chr7:80776999-80783295,enhancer_hit,single
Furin_Heart_Any,chr7:80553543-80557046_chr7:80785574-80791814,enhancer_hit,single
Furin_Heart_Any,chr7:80582028-80583924_chr7:80772873-80775219,enhancer_hit,single
Furin_Heart_Any,chr7:80582028-80583924_chr7:80776999-80783295,enhancer_hit,
Furin_Heart_Any,chr7:80582028-80583924_chr7:80785574-80791814,enhancer_hit,
Furin_Heart_Any,chr7:80772873-80775219_chr7:80776999-80783295,enhancer_hit,single
Furin_Heart_Any,chr7:80772873-80775219_chr7:80785574-80791814,enhancer_hit,single
Furin_Heart_Any,chr7:80776999-80783295_chr7:80785574-80791814,enhancer_hit,
Furin_Heart_E11.5,chr7:80454197-80458720_chr7:80772873-80775219,enhancer_hit,single
Furin_Heart_E11.5,chr7:80454197-80458720_chr7:80776999-80783295,enhancer_hit,single
Furin_Heart_E11.5,chr7:80772873-80775219_chr7:80776999-80783295,enhancer_hit,single
Furin_Heart_E11.5,chr7:80772873-80775219_chr7:80785574-80791814,enhancer_hit,single
Furin_Heart_E11.5,chr7:80776999-80783295_chr7:80785574-80791814,enhancer_hit,
Furin_Limb_Any,chr7:80553543-80557046_chr7:80776999-80783295,enhancer_hit,single
Furin_Limb_Any,chr7:80553543-80557046_chr7:80785574-80791814,enhancer_hit,single
Furin_Limb_Any,chr7:80776999-80783295_chr7:80785574-80791814,enhancer_hit,
Fyco1_Heart_Any,chr9:120736861-120740989_chr9:122063882-122068268,enhancer_hit,single
Fyco1_Heart_E11.5,chr9:120736861-120740989_chr9:122063882-122068268,enhancer_hit,single
Fyn_Forebrain_Any,chr10:39208490-39210920_chr10:39461722-39463280,enhancer_hit,single
Fyn_Forebrain_Any,chr10:39538983-39544281_chr10:39671906-39675842,enhancer_hit,
Fyn_Forebrain_E11.5,chr10:39208490-39210920_chr10:39461722-39463280,enhancer_hit,single
Fyn_Forebrain_E11.5,chr10:39538983-39544281_chr10:39671906-39675842,enhancer_hit,
Fzd2_Limb_Any,chr11:102572767-102573861_chr11:102629451-102634219,enhancer_hit,double
Fzd2_Limb_Any,chr11:102572767-102573861_chr11:102647946-102648946,enhancer_hit,single
Fzd2_Limb_Any,chr11:102594407-102597060_chr11:102629451-102634219,enhancer_hit,double
Fzd2_Limb_Any,chr11:102594407-102597060_chr11:102647946-102648946,enhancer_hit,single
Fzd2_Limb_Any,chr11:102629451-102634219_chr11:102647946-102648946,enhancer_hit,single
Fzd2_Limb_Any,chr11:102637918-102639733_chr11:102647946-102648946,enhancer_hit,single
Fzd2_Limb_E11.5,chr11:102594407-102597060_chr11:102629451-102634219,enhancer_hit,double
Fzd9_Forebrain_Any,chr5:135253730-135255344_chr5:135273865-135277442,enhancer_hit,single
Fzd9_Forebrain_Any,chr5:135257486-135259461_chr5:135273865-135277442,enhancer_hit,single
Fzd9_Forebrain_E11.5,chr5:135253730-135255344_chr5:135273865-135277442,enhancer_hit,single
Fzd9_Forebrain_E11.5,chr5:135257486-135259461_chr5:135273865-135277442,enhancer_hit,single
Fzd9_Heart_Any,chr5:135257486-135259461_chr5:135273865-135277442,enhancer_hit,single
Fzd9_Limb_Any,chr5:135253730-135255344_chr5:135273865-135277442,enhancer_hit,single
Fzd9_Limb_Any,chr5:135257486-135259461_chr5:135273865-135277442,enhancer_hit,single
Fzd9_Limb_E11.5,chr5:135253730-135255344_chr5:135273865-135277442,enhancer_hit,single
Fzd9_Limb_E11.5,chr5:135257486-135259461_chr5:135273865-135277442,enhancer_hit,single
Galk1_Forebrain_Any,chr11:116003581-116010219_chr11:116386097-116389565,enhancer_hit,single
Galk1_Heart_Any,chr11:116003581-116010219_chr11:116386097-116389565,enhancer_hit,single
Galk1_Heart_E11.5,chr11:116003581-116010219_chr11:116386097-116389565,enhancer_hit,single
Galk1_Limb_Any,chr11:116003581-116010219_chr11:116386097-116389565,enhancer_hit,single
Galk1_Limb_E11.5,chr11:116003581-116010219_chr11:116386097-116389565,enhancer_hit,single
Galk2_Heart_Any,chr2:125432680-125433680_chr2:125799484-125802770,enhancer_hit,single
Gap43_Forebrain_Any,chr16:42274985-42277927_chr16:42444006-42446417,enhancer_hit,single
Gap43_Forebrain_E11.5,chr16:42274985-42277927_chr16:42444006-42446417,enhancer_hit,single
Garem_Heart_Any,chr18:21226199-21229105_chr18:21281157-21285280,enhancer_hit,
Garem_Heart_E11.5,chr18:21226199-21229105_chr18:21281157-21285280,enhancer_hit,
Gas1_Heart_Any,chr13:60035059-60036059_chr13:60285805-60288554,enhancer_hit,single
Gas1_Limb_Any,chr13:60006833-60009125_chr13:60408119-60411964,enhancer_hit,single
Gas1_Limb_Any,chr13:60018384-60021617_chr13:60097461-60101498,enhancer_hit,
Gas1_Limb_Any,chr13:60035059-60036059_chr13:60078154-60079372,enhancer_hit,single
Gas1_Limb_Any,chr13:60035059-60036059_chr13:60097461-60101498,enhancer_hit,single
Gas1_Limb_Any,chr13:60035059-60036059_chr13:60400018-60401960,enhancer_hit,
Gas1_Limb_Any,chr13:60068832-60070057_chr13:60453725-60456953,enhancer_hit,
Gas1_Limb_Any,chr13:60078154-60079372_chr13:60097461-60101498,enhancer_hit,single
Gas1_Limb_Any,chr13:60078154-60079372_chr13:60400018-60401960,enhancer_hit,single
Gas1_Limb_Any,chr13:60078154-60079372_chr13:60415124-60418323,enhancer_hit,single
Gas1_Limb_Any,chr13:60097461-60101498_chr13:60347096-60349510,enhancer_hit,
Gas1_Limb_Any,chr13:60097461-60101498_chr13:60400018-60401960,enhancer_hit,single
Gas1_Limb_Any,chr13:60241657-60244174_chr13:60347096-60349510,enhancer_hit,single
Gas1_Limb_Any,chr13:60241657-60244174_chr13:60408119-60411964,enhancer_hit,single
Gas1_Limb_Any,chr13:60281854-60283591_chr13:60408119-60411964,enhancer_hit,single
Gas1_Limb_Any,chr13:60329905-60332055_chr13:60408119-60411964,enhancer_hit,single
Gas1_Limb_Any,chr13:60400018-60401960_chr13:60415124-60418323,enhancer_hit,single
Gas1_Limb_Any,chr13:60415124-60418323_chr13:60440573-60441930,enhancer_hit,
Gas1_Limb_E11.5,chr13:60006833-60009125_chr13:60408119-60411964,enhancer_hit,single
Gas1_Limb_E11.5,chr13:60018384-60021617_chr13:60097461-60101498,enhancer_hit,
Gas1_Limb_E11.5,chr13:60068832-60070057_chr13:60453725-60456953,enhancer_hit,
Gas1_Limb_E11.5,chr13:60097461-60101498_chr13:60347096-60349510,enhancer_hit,
Gas1_Limb_E11.5,chr13:60241657-60244174_chr13:60347096-60349510,enhancer_hit,single
Gas1_Limb_E11.5,chr13:60241657-60244174_chr13:60408119-60411964,enhancer_hit,single
Gas1_Limb_E11.5,chr13:60281854-60283591_chr13:60408119-60411964,enhancer_hit,single
Gas1_Limb_E11.5,chr13:60329905-60332055_chr13:60408119-60411964,enhancer_hit,single
Gas1_Limb_E11.5,chr13:60415124-60418323_chr13:60440573-60441930,enhancer_hit,
Gata4_Heart_Any,chr14:63066220-63070397_chr14:63076201-63077201,enhancer_hit,single
Gata4_Heart_Any,chr14:63066220-63070397_chr14:63229749-63242748,enhancer_hit,single
Gata4_Heart_Any,chr14:63066220-63070397_chr14:63247771-63257538,enhancer_hit,single
Gata4_Heart_Any,chr14:63066220-63070397_chr14:63259315-63275396,enhancer_hit,single
Gata4_Heart_Any,chr14:63076201-63077201_chr14:63229749-63242748,enhancer_hit,single
Gata4_Heart_Any,chr14:63076201-63077201_chr14:63247771-63257538,enhancer_hit,single
Gata4_Heart_Any,chr14:63076201-63077201_chr14:63259315-63275396,enhancer_hit,single
Gata4_Heart_Any,chr14:63196041-63197154_chr14:63221512-63223987,enhancer_hit,single
Gata4_Heart_Any,chr14:63200620-63211107_chr14:63217919-63218941,enhancer_hit,
Gata4_Heart_Any,chr14:63200620-63211107_chr14:63229749-63242748,enhancer_hit,
Gata4_Heart_Any,chr14:63200620-63211107_chr14:63247771-63257538,enhancer_hit,
Gata4_Heart_Any,chr14:63200620-63211107_chr14:63259315-63275396,enhancer_hit,
Gata4_Heart_Any,chr14:63200620-63211107_chr14:63321126-63323825,enhancer_hit,
Gata4_Heart_Any,chr14:63200620-63211107_chr14:63325193-63330882,enhancer_hit,
Gata4_Heart_Any,chr14:63200620-63211107_chr14:63335317-63336429,enhancer_hit,
Gata4_Heart_Any,chr14:63217919-63218941_chr14:63229749-63242748,enhancer_hit,single
Gata4_Heart_Any,chr14:63217919-63218941_chr14:63325193-63330882,enhancer_hit,single
Gata4_Heart_Any,chr14:63221512-63223987_chr14:63335317-63336429,enhancer_hit,single
Gata4_Heart_Any,chr14:63229749-63242748_chr14:63247771-63257538,enhancer_hit,single
Gata4_Heart_Any,chr14:63229749-63242748_chr14:63259315-63275396,enhancer_hit,single
Gata4_Heart_Any,chr14:63229749-63242748_chr14:63296148-63298218,enhancer_hit,
Gata4_Heart_Any,chr14:63229749-63242748_chr14:63325193-63330882,enhancer_hit,
Gata4_Heart_Any,chr14:63229749-63242748_chr14:63335317-63336429,enhancer_hit,single
Gata4_Heart_Any,chr14:63247771-63257538_chr14:63259315-63275396,enhancer_hit,
Gata4_Heart_Any,chr14:63247771-63257538_chr14:63296148-63298218,enhancer_hit,single
Gata4_Heart_Any,chr14:63247771-63257538_chr14:63335317-63336429,enhancer_hit,single
Gata4_Heart_Any,chr14:63259315-63275396_chr14:63321126-63323825,enhancer_hit,
Gata4_Heart_Any,chr14:63259315-63275396_chr14:63325193-63330882,enhancer_hit,
Gata4_Heart_Any,chr14:63259315-63275396_chr14:63335317-63336429,enhancer_hit,single
Gata4_Heart_E11.5,chr14:63066220-63070397_chr14:63076201-63077201,enhancer_hit,single
Gata4_Heart_E11.5,chr14:63066220-63070397_chr14:63229749-63242748,enhancer_hit,single
Gata4_Heart_E11.5,chr14:63066220-63070397_chr14:63247771-63257538,enhancer_hit,single
Gata4_Heart_E11.5,chr14:63066220-63070397_chr14:63259315-63275396,enhancer_hit,single
Gata4_Heart_E11.5,chr14:63076201-63077201_chr14:63229749-63242748,enhancer_hit,single
Gata4_Heart_E11.5,chr14:63076201-63077201_chr14:63247771-63257538,enhancer_hit,single
Gata4_Heart_E11.5,chr14:63076201-63077201_chr14:63259315-63275396,enhancer_hit,single
Gata4_Heart_E11.5,chr14:63196041-63197154_chr14:63221512-63223987,enhancer_hit,single
Gata4_Heart_E11.5,chr14:63200620-63211107_chr14:63229749-63242748,enhancer_hit,
Gata4_Heart_E11.5,chr14:63200620-63211107_chr14:63247771-63257538,enhancer_hit,
Gata4_Heart_E11.5,chr14:63200620-63211107_chr14:63259315-63275396,enhancer_hit,
Gata4_Heart_E11.5,chr14:63200620-63211107_chr14:63321126-63323825,enhancer_hit,
Gata4_Heart_E11.5,chr14:63200620-63211107_chr14:63325193-63330882,enhancer_hit,
Gata4_Heart_E11.5,chr14:63229749-63242748_chr14:63247771-63257538,enhancer_hit,single
Gata4_Heart_E11.5,chr14:63229749-63242748_chr14:63259315-63275396,enhancer_hit,single
Gata4_Heart_E11.5,chr14:63229749-63242748_chr14:63325193-63330882,enhancer_hit,
Gata4_Heart_E11.5,chr14:63247771-63257538_chr14:63259315-63275396,enhancer_hit,
Gata4_Heart_E11.5,chr14:63259315-63275396_chr14:63321126-63323825,enhancer_hit,
Gata4_Heart_E11.5,chr14:63259315-63275396_chr14:63325193-63330882,enhancer_hit,
Gata5_Heart_Any,chr2:180275996-180278735_chr2:180321705-180324441,enhancer_hit,single
Gata5_Heart_Any,chr2:180321705-180324441_chr2:181342206-181344002,enhancer_hit,single
Gata5_Heart_Any,chr2:180321705-180324441_chr2:181485672-181489265,enhancer_hit,single
Gata5_Heart_E11.5,chr2:180275996-180278735_chr2:180321705-180324441,enhancer_hit,single
Gata5_Heart_E11.5,chr2:180321705-180324441_chr2:181485672-181489265,enhancer_hit,single
Gfi1b_Heart_Any,chr2:28597626-28604960_chr2:28615794-28619445,enhancer_hit,single
Gfi1b_Heart_E11.5,chr2:28597626-28604960_chr2:28615794-28619445,enhancer_hit,single
Ggta1_Heart_Any,chr2:35157030-35159348_chr2:35255620-35260930,enhancer_hit,
Ggta1_Heart_E11.5,chr2:35157030-35159348_chr2:35255620-35260930,enhancer_hit,
Gja1_Heart_Any,chr10:56379799-56388684_chr10:56949136-56950136,enhancer_hit,
Gja1_Heart_Any,chr10:56379799-56388684_chr10:57000693-57001693,enhancer_hit,
Gja5_Heart_Any,chr3:96953151-96954863_chr3:96970033-96972316,enhancer_hit,single
Gja5_Heart_Any,chr3:96970033-96972316_chr3:97061512-97064038,enhancer_hit,
Gja5_Heart_E11.5,chr3:96953151-96954863_chr3:96970033-96972316,enhancer_hit,single
Gja5_Heart_E11.5,chr3:96970033-96972316_chr3:97061512-97064038,enhancer_hit,
Gjc1_Heart_Any,chr11:102782384-102784868_chr11:102787679-102789591,enhancer_hit,single
Gli2_Forebrain_Any,chr1:118823939-118827420_chr1:119032787-119036561,enhancer_hit,single
Gli2_Forebrain_Any,chr1:118980234-118984805_chr1:119032787-119036561,enhancer_hit,single
Gli2_Forebrain_E11.5,chr1:118980234-118984805_chr1:119032787-119036561,enhancer_hit,single
Gli2_Heart_Any,chr1:118823939-118827420_chr1:119032787-119036561,enhancer_hit,single
Gli2_Heart_Any,chr1:118980234-118984805_chr1:119032787-119036561,enhancer_hit,single
Gli2_Heart_E11.5,chr1:118980234-118984805_chr1:119032787-119036561,enhancer_hit,single
Gli2_Limb_Any,chr1:118823939-118827420_chr1:119025336-119027085,enhancer_hit,
Gli2_Limb_Any,chr1:118823939-118827420_chr1:119032787-119036561,enhancer_hit,single
Gli2_Limb_Any,chr1:118980234-118984805_chr1:119032787-119036561,enhancer_hit,single
Gli2_Limb_E11.5,chr1:118823939-118827420_chr1:119032787-119036561,enhancer_hit,single
Gli2_Limb_E11.5,chr1:118980234-118984805_chr1:119032787-119036561,enhancer_hit,single
Glis1_Forebrain_Any,chr4:106826241-106829974_chr4:107011338-107017348,enhancer_hit,single
Glis1_Heart_Any,chr4:106826241-106829974_chr4:107011338-107017348,enhancer_hit,single
Glis1_Limb_Any,chr4:106826241-106829974_chr4:107011338-107017348,enhancer_hit,single
Glis1_Limb_E11.5,chr4:106826241-106829974_chr4:107011338-107017348,enhancer_hit,single
Gm10371_Forebrain_Any,chr14:46940333-46943042_chr14:47010398-47013003,enhancer_hit,single
Gm10371_Heart_Any,chr14:46940333-46943042_chr14:47010398-47013003,enhancer_hit,single
Gm10371_Heart_Any,chr14:46940333-46943042_chr14:47026857-47027857,enhancer_hit,single
Gm10371_Heart_Any,chr14:47010398-47013003_chr14:47026857-47027857,enhancer_hit,single
Gm10371_Heart_E11.5,chr14:46940333-46943042_chr14:47010398-47013003,enhancer_hit,single
Gm10451_Heart_Any,chr12:76536059-76539071_chr12:76555848-76558965,enhancer_hit,single
Gm10653_Heart_Any,chr9:63671986-63675129_chr9:63725420-63727913,enhancer_hit,
Gm10653_Limb_Any,chr9:63671986-63675129_chr9:63725420-63727913,enhancer_hit,
Gm11627_Heart_Any,chr11:102642770-102646743_chr11:102791065-102795286,enhancer_hit,single
Gm11627_Heart_Any,chr11:102642770-102646743_chr11:102796248-102797248,enhancer_hit,double
Gm11627_Heart_Any,chr11:102642770-102646743_chr11:102799672-102802130,enhancer_hit,double
Gm11627_Heart_Any,chr11:102642770-102646743_chr11:102815676-102816679,enhancer_hit,single
Gm11627_Heart_Any,chr11:102642770-102646743_chr11:102977909-102978909,enhancer_hit,single
Gm11627_Heart_Any,chr11:102791065-102795286_chr11:102796248-102797248,enhancer_hit,single
Gm11627_Heart_Any,chr11:102791065-102795286_chr11:102799672-102802130,enhancer_hit,double
Gm11627_Heart_Any,chr11:102791065-102795286_chr11:102977909-102978909,enhancer_hit,single
Gm11627_Heart_Any,chr11:102796248-102797248_chr11:102799672-102802130,enhancer_hit,double
Gm11627_Heart_Any,chr11:102796248-102797248_chr11:102977909-102978909,enhancer_hit,single
Gm11627_Heart_Any,chr11:102799672-102802130_chr11:102977909-102978909,enhancer_hit,single
Gm11627_Heart_E11.5,chr11:102642770-102646743_chr11:102791065-102795286,enhancer_hit,single
Gm11627_Heart_E11.5,chr11:102642770-102646743_chr11:102799672-102802130,enhancer_hit,double
Gm11627_Heart_E11.5,chr11:102642770-102646743_chr11:102815676-102816679,enhancer_hit,single
Gm11627_Heart_E11.5,chr11:102791065-102795286_chr11:102799672-102802130,enhancer_hit,single
Gm12295_Heart_Any,chr11:65363905-65368936_chr11:65664324-65665460,enhancer_hit,
Gm12866_Heart_Any,chr4:119017883-119022945_chr4:119049226-119055137,enhancer_hit,single
Gm12866_Heart_Any,chr4:119017883-119022945_chr4:119063138-119065078,enhancer_hit,double
Gm12866_Heart_Any,chr4:119017883-119022945_chr4:119111210-119113157,enhancer_hit,single
Gm12866_Heart_Any,chr4:119049226-119055137_chr4:119063138-119065078,enhancer_hit,single
Gm12866_Heart_Any,chr4:119063138-119065078_chr4:119111210-119113157,enhancer_hit,single
Gm12866_Heart_E11.5,chr4:119017883-119022945_chr4:119049226-119055137,enhancer_hit,single
Gm12866_Heart_E11.5,chr4:119017883-119022945_chr4:119063138-119065078,enhancer_hit,double
Gm12866_Heart_E11.5,chr4:119017883-119022945_chr4:119111210-119113157,enhancer_hit,single
Gm12866_Heart_E11.5,chr4:119049226-119055137_chr4:119063138-119065078,enhancer_hit,single
Gm12866_Heart_E11.5,chr4:119063138-119065078_chr4:119111210-119113157,enhancer_hit,single
Gm13446_Heart_Any,chr2:35508590-35511475_chr2:35544706-35545784,enhancer_hit,single
Gm13446_Heart_Any,chr2:35508590-35511475_chr2:35631888-35633018,enhancer_hit,single
Gm13446_Heart_Any,chr2:35512817-35515556_chr2:35538744-35541443,enhancer_hit,single
Gm13446_Heart_E11.5,chr2:35508590-35511475_chr2:35631888-35633018,enhancer_hit,single
Gm13446_Heart_E11.5,chr2:35512817-35515556_chr2:35538744-35541443,enhancer_hit,single
Gm15867_Limb_Any,chr1:192784599-192793048_chr1:193086345-193087924,enhancer_hit,single
Gm15867_Limb_Any,chr1:192784599-192793048_chr1:193139933-193142356,enhancer_hit,single
Gm15910_Heart_Any,chr10:120716216-120718569_chr10:120750879-120752763,enhancer_hit,single
Gm15910_Heart_Any,chr10:120716216-120718569_chr10:121383844-121386760,enhancer_hit,
Gm15910_Heart_Any,chr10:120750879-120752763_chr10:121383844-121386760,enhancer_hit,single
Gm15910_Heart_Any,chr10:121383844-121386760_chr10:121464531-121465603,enhancer_hit,single
Gm15910_Heart_E11.5,chr10:120716216-120718569_chr10:120750879-120752763,enhancer_hit,single
Gm15910_Heart_E11.5,chr10:120716216-120718569_chr10:121383844-121386760,enhancer_hit,
Gm15910_Heart_E11.5,chr10:120750879-120752763_chr10:121383844-121386760,enhancer_hit,single
Gm15910_Limb_Any,chr10:120716216-120718569_chr10:120750879-120752763,enhancer_hit,single
Gm15910_Limb_E11.5,chr10:120716216-120718569_chr10:120750879-120752763,enhancer_hit,single
Gm15915_Heart_Any,chr10:93141663-93145563_chr10:93440368-93449505,enhancer_hit,single
Gm15915_Heart_Any,chr10:93440368-93449505_chr10:93647680-93649446,enhancer_hit,single
Gm15915_Heart_E11.5,chr10:93141663-93145563_chr10:93440368-93449505,enhancer_hit,single
Gm16159_Forebrain_Any,chr8:25367440-25370095_chr8:25534780-25538787,enhancer_hit,single
Gm16159_Limb_Any,chr8:25367440-25370095_chr8:25495209-25496477,enhancer_hit,single
Gm16159_Limb_Any,chr8:25367440-25370095_chr8:25534780-25538787,enhancer_hit,single
Gm16159_Limb_Any,chr8:25495209-25496477_chr8:25534780-25538787,enhancer_hit,single
Gm16159_Limb_E11.5,chr8:25367440-25370095_chr8:25534780-25538787,enhancer_hit,single
Gm16712_Forebrain_Any,chr17:55931314-55933446_chr17:55975748-55977358,enhancer_hit,
Gm16907_Forebrain_Any,chr13:63169588-63172648_chr13:63914660-63920782,enhancer_hit,single
Gm16907_Forebrain_E11.5,chr13:63169588-63172648_chr13:63914660-63920782,enhancer_hit,single
Gm16907_Heart_Any,chr13:63169588-63172648_chr13:63914660-63920782,enhancer_hit,single
Gm16907_Heart_Any,chr13:63914660-63920782_chr13:63928495-63930794,enhancer_hit,single
Gm16907_Limb_Any,chr13:63169588-63172648_chr13:63914660-63920782,enhancer_hit,single
Gm16907_Limb_E11.5,chr13:63169588-63172648_chr13:63914660-63920782,enhancer_hit,single
Gm5082_Heart_Any,chr13:41643072-41645965_chr13:41702726-41708425,enhancer_hit,
Gm5082_Heart_Any,chr13:41643072-41645965_chr13:41737087-41738762,enhancer_hit,
Gm5082_Heart_Any,chr13:41665332-41666530_chr13:41702726-41708425,enhancer_hit,
Gm5082_Heart_Any,chr13:41702726-41708425_chr13:41737087-41738762,enhancer_hit,
Gm5082_Heart_E11.5,chr13:41643072-41645965_chr13:41702726-41708425,enhancer_hit,
Gm5082_Heart_E11.5,chr13:41643072-41645965_chr13:41737087-41738762,enhancer_hit,
Gm5082_Heart_E11.5,chr13:41665332-41666530_chr13:41702726-41708425,enhancer_hit,
Gm5082_Heart_E11.5,chr13:41702726-41708425_chr13:41737087-41738762,enhancer_hit,
Gmnn_Heart_Any,chr13:24158770-24161792_chr13:24429791-24430791,enhancer_hit,
Gmnn_Heart_Any,chr13:24158770-24161792_chr13:24734051-24737283,enhancer_hit,single
Gng2_Heart_Any,chr14:19903901-19906452_chr14:20005317-20006317,enhancer_hit,single
Gngt2_Heart_Any,chr11:95776458-95779698_chr11:96933886-96935544,enhancer_hit,single
Gngt2_Heart_Any,chr11:95776458-95779698_chr11:97411601-97413032,enhancer_hit,single
Gngt2_Heart_Any,chr11:95776458-95779698_chr11:97432918-97447659,enhancer_hit,single
Gngt2_Heart_Any,chr11:96933886-96935544_chr11:97411601-97413032,enhancer_hit,single
Gngt2_Heart_Any,chr11:96933886-96935544_chr11:97432918-97447659,enhancer_hit,single
Gngt2_Heart_Any,chr11:97411601-97413032_chr11:97432918-97447659,enhancer_hit,single
Gngt2_Heart_Any,chr11:97432918-97447659_chr11:97585884-97586884,enhancer_hit,single
Gngt2_Heart_E11.5,chr11:96933886-96935544_chr11:97411601-97413032,enhancer_hit,single
Gngt2_Heart_E11.5,chr11:96933886-96935544_chr11:97432918-97447659,enhancer_hit,single
Gngt2_Heart_E11.5,chr11:97411601-97413032_chr11:97432918-97447659,enhancer_hit,single
Gpd1_Heart_Any,chr15:100076303-100077303_chr15:100442781-100444799,enhancer_hit,single
Gpr146_Heart_Any,chr5:139219883-139220883_chr5:139240369-139244509,enhancer_hit,single
Gpr146_Heart_Any,chr5:139219883-139220883_chr5:139256010-139261424,enhancer_hit,single
Gpr146_Heart_Any,chr5:139219883-139220883_chr5:139372245-139374961,enhancer_hit,single
Gpr146_Heart_Any,chr5:139219883-139220883_chr5:139383080-139387284,enhancer_hit,single
Gpr146_Heart_Any,chr5:139240369-139244509_chr5:139256010-139261424,enhancer_hit,single
Gpr146_Heart_Any,chr5:139240369-139244509_chr5:139372245-139374961,enhancer_hit,
Gpr146_Heart_Any,chr5:139240369-139244509_chr5:139383080-139387284,enhancer_hit,single
Gpr146_Heart_Any,chr5:139256010-139261424_chr5:139363609-139367245,enhancer_hit,single
Gpr146_Heart_Any,chr5:139256010-139261424_chr5:139372245-139374961,enhancer_hit,
Gpr146_Heart_Any,chr5:139256010-139261424_chr5:139383080-139387284,enhancer_hit,single
Gpr146_Heart_Any,chr5:139372245-139374961_chr5:139383080-139387284,enhancer_hit,
Gpr146_Heart_E11.5,chr5:139256010-139261424_chr5:139372245-139374961,enhancer_hit,
Gpr146_Heart_E11.5,chr5:139256010-139261424_chr5:139383080-139387284,enhancer_hit,single
Gpr146_Heart_E11.5,chr5:139372245-139374961_chr5:139383080-139387284,enhancer_hit,
Gpr146_Limb_Any,chr5:139372245-139374961_chr5:139383080-139387284,enhancer_hit,
Gpr146_Limb_E11.5,chr5:139372245-139374961_chr5:139383080-139387284,enhancer_hit,
Gpr156_Forebrain_Any,chr16:37477865-37479158_chr16:37989467-37992496,enhancer_hit,
Gpr156_Forebrain_Any,chr16:37962868-37965572_chr16:37999634-38001645,enhancer_hit,single
Gpr156_Forebrain_E11.5,chr16:37477865-37479158_chr16:37989467-37992496,enhancer_hit,
Gpr162_Forebrain_Any,chr6:124847168-124848168_chr6:124902706-124906114,enhancer_hit,single
Gpr162_Forebrain_E11.5,chr6:124847168-124848168_chr6:124902706-124906114,enhancer_hit,single
Gpr26_Forebrain_Any,chr7:130380661-130382400_chr7:133070172-133075763,enhancer_hit,
Gpr75_Forebrain_Any,chr11:32037943-32038943_chr11:32085625-32088927,enhancer_hit,
Gpr75_Forebrain_Any,chr11:32037943-32038943_chr11:32111469-32114650,enhancer_hit,single
Gpr75_Forebrain_Any,chr11:32060361-32065484_chr11:32085625-32088927,enhancer_hit,
Gpr75_Forebrain_Any,chr11:32060361-32065484_chr11:32111469-32114650,enhancer_hit,single
Gpr75_Forebrain_Any,chr11:32085625-32088927_chr11:32111469-32114650,enhancer_hit,
Gpr75_Forebrain_E11.5,chr11:32060361-32065484_chr11:32085625-32088927,enhancer_hit,
Gpr75_Forebrain_E11.5,chr11:32060361-32065484_chr11:32111469-32114650,enhancer_hit,single
Gpr75_Forebrain_E11.5,chr11:32085625-32088927_chr11:32111469-32114650,enhancer_hit,
Gprc5c_Forebrain_Any,chr11:114826206-114831327_chr11:114843542-114845061,enhancer_hit,single
Gprc5c_Forebrain_Any,chr11:114826206-114831327_chr11:114872265-114876770,enhancer_hit,single
Gprc5c_Forebrain_Any,chr11:114843542-114845061_chr11:114872265-114876770,enhancer_hit,single
Gprc5c_Forebrain_E11.5,chr11:114826206-114831327_chr11:114843542-114845061,enhancer_hit,single
Gprc5c_Forebrain_E11.5,chr11:114826206-114831327_chr11:114872265-114876770,enhancer_hit,single
Gprc5c_Forebrain_E11.5,chr11:114843542-114845061_chr11:114872265-114876770,enhancer_hit,single
Gprc5c_Heart_Any,chr11:114826206-114831327_chr11:114843542-114845061,enhancer_hit,single
Gprc5c_Heart_Any,chr11:114826206-114831327_chr11:114872265-114876770,enhancer_hit,single
Gprc5c_Heart_Any,chr11:114843542-114845061_chr11:114872265-114876770,enhancer_hit,single
Gprc5c_Heart_E11.5,chr11:114826206-114831327_chr11:114843542-114845061,enhancer_hit,single
Gprc5c_Heart_E11.5,chr11:114826206-114831327_chr11:114872265-114876770,enhancer_hit,single
Gprc5c_Heart_E11.5,chr11:114843542-114845061_chr11:114872265-114876770,enhancer_hit,single
Gprc5c_Limb_Any,chr11:114687657-114688666_chr11:114826206-114831327,enhancer_hit,single
Gprc5c_Limb_Any,chr11:114819334-114821076_chr11:114826206-114831327,enhancer_hit,single
Gprc5c_Limb_Any,chr11:114819334-114821076_chr11:114843542-114845061,enhancer_hit,single
Gprc5c_Limb_Any,chr11:114819334-114821076_chr11:114872265-114876770,enhancer_hit,single
Gprc5c_Limb_Any,chr11:114826206-114831327_chr11:114843542-114845061,enhancer_hit,single
Gprc5c_Limb_Any,chr11:114826206-114831327_chr11:114872265-114876770,enhancer_hit,single
Gprc5c_Limb_Any,chr11:114843542-114845061_chr11:114872265-114876770,enhancer_hit,single
Gprc5c_Limb_E11.5,chr11:114819334-114821076_chr11:114826206-114831327,enhancer_hit,single
Gprc5c_Limb_E11.5,chr11:114819334-114821076_chr11:114843542-114845061,enhancer_hit,single
Gprc5c_Limb_E11.5,chr11:114826206-114831327_chr11:114843542-114845061,enhancer_hit,single
Gpx3_Heart_Any,chr11:54879399-54886336_chr11:54905271-54908099,enhancer_hit,single
Gpx3_Heart_Any,chr11:54879399-54886336_chr11:54951578-54952578,enhancer_hit,single
Gpx3_Heart_Any,chr11:54879399-54886336_chr11:54977568-54978935,enhancer_hit,single
Gpx3_Heart_Any,chr11:54951578-54952578_chr11:54977568-54978935,enhancer_hit,single
Gpx3_Heart_E11.5,chr11:54879399-54886336_chr11:54905271-54908099,enhancer_hit,single
Gpx3_Heart_E11.5,chr11:54879399-54886336_chr11:54951578-54952578,enhancer_hit,single
Gpx3_Heart_E11.5,chr11:54879399-54886336_chr11:54977568-54978935,enhancer_hit,single
Gpx3_Heart_E11.5,chr11:54951578-54952578_chr11:54977568-54978935,enhancer_hit,single
Gramd4_Forebrain_Any,chr15:86081045-86087560_chr15:86112229-86114065,enhancer_hit,single
Gramd4_Forebrain_E11.5,chr15:86081045-86087560_chr15:86112229-86114065,enhancer_hit,single
Gramd4_Heart_Any,chr15:86081045-86087560_chr15:86112229-86114065,enhancer_hit,single
Gramd4_Heart_E11.5,chr15:86081045-86087560_chr15:86112229-86114065,enhancer_hit,single
Gramd4_Limb_Any,chr15:86081045-86087560_chr15:86112229-86114065,enhancer_hit,single
Grb10_Forebrain_Any,chr11:11819916-11845969_chr11:11849484-11857511,enhancer_hit,single
Grb10_Forebrain_Any,chr11:11819916-11845969_chr11:11870622-11887908,enhancer_hit,single
Grb10_Forebrain_Any,chr11:11849484-11857511_chr11:11870622-11887908,enhancer_hit,single
Grb10_Forebrain_E11.5,chr11:11819916-11845969_chr11:11849484-11857511,enhancer_hit,single
Grb10_Forebrain_E11.5,chr11:11819916-11845969_chr11:11870622-11887908,enhancer_hit,single
Grb10_Forebrain_E11.5,chr11:11849484-11857511_chr11:11870622-11887908,enhancer_hit,single
Grb10_Heart_Any,chr11:11819916-11845969_chr11:11849484-11857511,enhancer_hit,single
Grb10_Heart_Any,chr11:11819916-11845969_chr11:11870622-11887908,enhancer_hit,single
Grb10_Heart_Any,chr11:11819916-11845969_chr11:11892908-11894275,enhancer_hit,single
Grb10_Heart_Any,chr11:11819916-11845969_chr11:11900644-11903284,enhancer_hit,single
Grb10_Heart_Any,chr11:11819916-11845969_chr11:11926729-11968142,enhancer_hit,single
Grb10_Heart_Any,chr11:11849484-11857511_chr11:11870622-11887908,enhancer_hit,single
Grb10_Heart_Any,chr11:11849484-11857511_chr11:11892908-11894275,enhancer_hit,single
Grb10_Heart_Any,chr11:11849484-11857511_chr11:11900644-11903284,enhancer_hit,single
Grb10_Heart_Any,chr11:11849484-11857511_chr11:11926729-11968142,enhancer_hit,single
Grb10_Heart_Any,chr11:11849484-11857511_chr11:12434211-12435636,enhancer_hit,single
Grb10_Heart_Any,chr11:11870622-11887908_chr11:11892908-11894275,enhancer_hit,single
Grb10_Heart_Any,chr11:11870622-11887908_chr11:11900644-11903284,enhancer_hit,single
Grb10_Heart_Any,chr11:11870622-11887908_chr11:11926729-11968142,enhancer_hit,single
Grb10_Heart_Any,chr11:11892908-11894275_chr11:11900644-11903284,enhancer_hit,single
Grb10_Heart_Any,chr11:11892908-11894275_chr11:11926729-11968142,enhancer_hit,single
Grb10_Heart_Any,chr11:11900644-11903284_chr11:11926729-11968142,enhancer_hit,single
Grb10_Heart_Any,chr11:11926729-11968142_chr11:12226770-12228316,enhancer_hit,
Grb10_Heart_E11.5,chr11:11819916-11845969_chr11:11849484-11857511,enhancer_hit,single
Grb10_Heart_E11.5,chr11:11819916-11845969_chr11:11870622-11887908,enhancer_hit,single
Grb10_Heart_E11.5,chr11:11819916-11845969_chr11:11900644-11903284,enhancer_hit,single
Grb10_Heart_E11.5,chr11:11819916-11845969_chr11:11926729-11968142,enhancer_hit,single
Grb10_Heart_E11.5,chr11:11849484-11857511_chr11:11870622-11887908,enhancer_hit,single
Grb10_Heart_E11.5,chr11:11849484-11857511_chr11:11900644-11903284,enhancer_hit,single
Grb10_Heart_E11.5,chr11:11849484-11857511_chr11:11926729-11968142,enhancer_hit,single
Grb10_Heart_E11.5,chr11:11849484-11857511_chr11:12434211-12435636,enhancer_hit,single
Grb10_Heart_E11.5,chr11:11870622-11887908_chr11:11900644-11903284,enhancer_hit,single
Grb10_Heart_E11.5,chr11:11870622-11887908_chr11:11926729-11968142,enhancer_hit,single
Grb10_Heart_E11.5,chr11:11900644-11903284_chr11:11926729-11968142,enhancer_hit,single
Grb10_Limb_Any,chr11:11819916-11845969_chr11:11849484-11857511,enhancer_hit,single
Grb10_Limb_Any,chr11:11819916-11845969_chr11:11870622-11887908,enhancer_hit,single
Grb10_Limb_Any,chr11:11819916-11845969_chr11:11926729-11968142,enhancer_hit,single
Grb10_Limb_Any,chr11:11849484-11857511_chr11:11870622-11887908,enhancer_hit,single
Grb10_Limb_Any,chr11:11849484-11857511_chr11:11926729-11968142,enhancer_hit,single
Grb10_Limb_Any,chr11:11870622-11887908_chr11:11926729-11968142,enhancer_hit,single
Grb10_Limb_E11.5,chr11:11819916-11845969_chr11:11849484-11857511,enhancer_hit,single
Grb10_Limb_E11.5,chr11:11819916-11845969_chr11:11870622-11887908,enhancer_hit,single
Grb10_Limb_E11.5,chr11:11819916-11845969_chr11:11926729-11968142,enhancer_hit,single
Grb10_Limb_E11.5,chr11:11849484-11857511_chr11:11870622-11887908,enhancer_hit,single
Grb10_Limb_E11.5,chr11:11849484-11857511_chr11:11926729-11968142,enhancer_hit,single
Grb10_Limb_E11.5,chr11:11870622-11887908_chr11:11926729-11968142,enhancer_hit,single
Grhl3_Heart_Any,chr4:135564305-135571130_chr4:135652171-135659866,enhancer_hit,
Grhl3_Heart_E11.5,chr4:135564305-135571130_chr4:135652171-135659866,enhancer_hit,
Grhl3_Limb_Any,chr4:135564305-135571130_chr4:135652171-135659866,enhancer_hit,
Grhl3_Limb_E11.5,chr4:135564305-135571130_chr4:135652171-135659866,enhancer_hit,
Grhpr_Heart_Any,chr4:43960191-43961434_chr4:43971373-43976488,enhancer_hit,single
Grhpr_Heart_Any,chr4:43960191-43961434_chr4:46058926-46060022,enhancer_hit,single
Grhpr_Heart_Any,chr4:43960191-43961434_chr4:46485151-46486639,enhancer_hit,single
Grhpr_Heart_Any,chr4:43962593-43967105_chr4:45402359-45404257,enhancer_hit,single
Grhpr_Heart_Any,chr4:43971373-43976488_chr4:44056945-44057945,enhancer_hit,single
Grhpr_Heart_Any,chr4:43971373-43976488_chr4:45519664-45524519,enhancer_hit,single
Grhpr_Heart_Any,chr4:43971373-43976488_chr4:46007480-46009178,enhancer_hit,
Grhpr_Heart_Any,chr4:43971373-43976488_chr4:46485151-46486639,enhancer_hit,single
Grhpr_Heart_Any,chr4:44056945-44057945_chr4:45519664-45524519,enhancer_hit,single
Grhpr_Heart_Any,chr4:44056945-44057945_chr4:46485151-46486639,enhancer_hit,single
Grhpr_Heart_Any,chr4:45512500-45518002_chr4:46485151-46486639,enhancer_hit,single
Grhpr_Heart_Any,chr4:45519664-45524519_chr4:46485151-46486639,enhancer_hit,single
Grhpr_Heart_Any,chr4:46007480-46009178_chr4:46485151-46486639,enhancer_hit,
Grhpr_Heart_Any,chr4:46058926-46060022_chr4:46485151-46486639,enhancer_hit,single
Grhpr_Heart_E11.5,chr4:43960191-43961434_chr4:43971373-43976488,enhancer_hit,single
Grhpr_Heart_E11.5,chr4:43960191-43961434_chr4:46485151-46486639,enhancer_hit,single
Grhpr_Heart_E11.5,chr4:43971373-43976488_chr4:45519664-45524519,enhancer_hit,single
Grhpr_Heart_E11.5,chr4:43971373-43976488_chr4:46485151-46486639,enhancer_hit,single
Grhpr_Heart_E11.5,chr4:45512500-45518002_chr4:46485151-46486639,enhancer_hit,single
Grhpr_Heart_E11.5,chr4:45519664-45524519_chr4:46485151-46486639,enhancer_hit,single
Gria1_Heart_Any,chr11:56751621-56754567_chr11:57700322-57702867,enhancer_hit,
Grpel1_Heart_Any,chr5:36700484-36702069_chr5:36730764-36734266,enhancer_hit,
Grpel1_Heart_Any,chr5:36719186-36724719_chr5:36730764-36734266,enhancer_hit,single
Grpel1_Heart_E11.5,chr5:36700484-36702069_chr5:36730764-36734266,enhancer_hit,
Grpel1_Heart_E11.5,chr5:36719186-36724719_chr5:36730764-36734266,enhancer_hit,single
Gse1_Forebrain_Any,chr8:119783595-119786950_chr8:120464501-120466584,enhancer_hit,single
Gse1_Forebrain_Any,chr8:119783595-119786950_chr8:120470869-120478071,enhancer_hit,single
Gse1_Forebrain_Any,chr8:119783595-119786950_chr8:120523114-120529582,enhancer_hit,single
Gse1_Forebrain_Any,chr8:120288008-120301661_chr8:120508418-120518114,enhancer_hit,single
Gse1_Forebrain_Any,chr8:120453909-120458190_chr8:120523114-120529582,enhancer_hit,single
Gse1_Forebrain_Any,chr8:120464501-120466584_chr8:120470869-120478071,enhancer_hit,double
Gse1_Forebrain_Any,chr8:120464501-120466584_chr8:120523114-120529582,enhancer_hit,single
Gse1_Forebrain_Any,chr8:120470869-120478071_chr8:120523114-120529582,enhancer_hit,single
Gse1_Forebrain_Any,chr8:120508418-120518114_chr8:120523114-120529582,enhancer_hit,single
Gse1_Forebrain_E11.5,chr8:120288008-120301661_chr8:120508418-120518114,enhancer_hit,single
Gse1_Heart_Any,chr8:120288008-120301661_chr8:120508418-120518114,enhancer_hit,single
Gse1_Heart_Any,chr8:120464501-120466584_chr8:120470869-120478071,enhancer_hit,double
Gse1_Heart_Any,chr8:120464501-120466584_chr8:120523114-120529582,enhancer_hit,single
Gse1_Heart_Any,chr8:120470869-120478071_chr8:120523114-120529582,enhancer_hit,single
Gse1_Heart_Any,chr8:120508418-120518114_chr8:120523114-120529582,enhancer_hit,single
Gse1_Heart_E11.5,chr8:120288008-120301661_chr8:120508418-120518114,enhancer_hit,single
Gse1_Heart_E11.5,chr8:120464501-120466584_chr8:120470869-120478071,enhancer_hit,double
Gse1_Heart_E11.5,chr8:120464501-120466584_chr8:120523114-120529582,enhancer_hit,single
Gse1_Heart_E11.5,chr8:120470869-120478071_chr8:120523114-120529582,enhancer_hit,single
Gse1_Heart_E11.5,chr8:120508418-120518114_chr8:120523114-120529582,enhancer_hit,single
Gse1_Limb_Any,chr8:120288008-120301661_chr8:120508418-120518114,enhancer_hit,single
Gse1_Limb_E11.5,chr8:120288008-120301661_chr8:120508418-120518114,enhancer_hit,single
Gsg1l_Forebrain_Any,chr7:125772308-125774061_chr7:125828292-125831044,enhancer_hit,single
Gsg1l_Forebrain_Any,chr7:125828292-125831044_chr7:126031349-126033498,enhancer_hit,single
Gsg1l_Heart_Any,chr7:125772308-125774061_chr7:125828292-125831044,enhancer_hit,single
Gsg1l_Heart_Any,chr7:125828292-125831044_chr7:126031349-126033498,enhancer_hit,single
Gsk3b_Forebrain_Any,chr16:37681813-37688258_chr16:37972722-37975574,enhancer_hit,
Gsk3b_Heart_Any,chr16:37681813-37688258_chr16:37972722-37975574,enhancer_hit,
Gsn_Heart_Any,chr2:35170339-35172823_chr2:35261533-35274739,enhancer_hit,single
Gsn_Heart_Any,chr2:35174004-35175004_chr2:35495143-35497407,enhancer_hit,
Gsn_Heart_E11.5,chr2:35170339-35172823_chr2:35261533-35274739,enhancer_hit,single
Gsta4_Heart_Any,chr9:77460950-77466942_chr9:78211787-78214241,enhancer_hit,
Gsta4_Heart_E11.5,chr9:77460950-77466942_chr9:78211787-78214241,enhancer_hit,
Gtf3c1_Forebrain_Any,chr7:125761457-125765882_chr7:125837102-125839429,enhancer_hit,single
Gtf3c1_Forebrain_E11.5,chr7:125761457-125765882_chr7:125837102-125839429,enhancer_hit,single
Gtf3c1_Heart_Any,chr7:125761457-125765882_chr7:125837102-125839429,enhancer_hit,single
Gtf3c1_Heart_E11.5,chr7:125761457-125765882_chr7:125837102-125839429,enhancer_hit,single
Gucy1a3_Heart_Any,chr3:82273707-82276610_chr3:82368919-82371739,enhancer_hit,
Gucy1a3_Heart_E11.5,chr3:82273707-82276610_chr3:82368919-82371739,enhancer_hit,
Gusb_Heart_Any,chr5:129729545-129732074_chr5:129742275-129744879,enhancer_hit,single
Gusb_Heart_E11.5,chr5:129729545-129732074_chr5:129742275-129744879,enhancer_hit,single
Gxylt2_Limb_Any,chr6:100707233-100710081_chr6:100730773-100733949,enhancer_hit,single
Gypc_Heart_Any,chr18:32537918-32546870_chr18:32550788-32557480,enhancer_hit,
Gypc_Heart_E11.5,chr18:32537918-32546870_chr18:32550788-32557480,enhancer_hit,
H19_Forebrain_Any,chr7:142521026-142530376_chr7:142535511-142556096,enhancer_hit,single
H19_Forebrain_E11.5,chr7:142521026-142530376_chr7:142535511-142556096,enhancer_hit,single
H19_Heart_Any,chr7:142325981-142331964_chr7:142535511-142556096,enhancer_hit,single
H19_Heart_Any,chr7:142521026-142530376_chr7:142535511-142556096,enhancer_hit,
H19_Heart_Any,chr7:142521026-142530376_chr7:142561096-142574352,enhancer_hit,
H19_Heart_E11.5,chr7:142325981-142331964_chr7:142535511-142556096,enhancer_hit,single
H19_Heart_E11.5,chr7:142521026-142530376_chr7:142535511-142556096,enhancer_hit,
H19_Heart_E11.5,chr7:142521026-142530376_chr7:142561096-142574352,enhancer_hit,
H19_Limb_Any,chr7:142521026-142530376_chr7:142535511-142556096,enhancer_hit,single
H19_Limb_Any,chr7:142521026-142530376_chr7:142561096-142574352,enhancer_hit,single
H19_Limb_E11.5,chr7:142521026-142530376_chr7:142535511-142556096,enhancer_hit,single
H19_Limb_E11.5,chr7:142521026-142530376_chr7:142561096-142574352,enhancer_hit,single
H6pd_Heart_Any,chr4:149997591-150000630_chr4:150011553-150014177,enhancer_hit,
Hadh_Heart_Any,chr3:131245657-131247452_chr3:131262841-131269601,enhancer_hit,single
Hand2_Heart_Any,chr8:56618945-56619945_chr8:56622272-56624005,enhancer_hit,single
Hand2_Heart_E11.5,chr8:56618945-56619945_chr8:56622272-56624005,enhancer_hit,single
Hbegf_Forebrain_Any,chr18:35670937-35678884_chr18:36521359-36522569,enhancer_hit,single
Hbegf_Heart_Any,chr18:35670937-35678884_chr18:36521359-36522569,enhancer_hit,single
Hbegf_Limb_Any,chr18:35670937-35678884_chr18:36521359-36522569,enhancer_hit,single
Hcrt_Forebrain_Any,chr11:101143237-101144364_chr11:101524505-101527295,enhancer_hit,single
Hddc3_Forebrain_Any,chr7:80356417-80358479_chr7:80744084-80748373,enhancer_hit,single
Hddc3_Forebrain_E11.5,chr7:80356417-80358479_chr7:80744084-80748373,enhancer_hit,single
Hddc3_Heart_Any,chr7:80356417-80358479_chr7:80744084-80748373,enhancer_hit,single
Hddc3_Heart_E11.5,chr7:80356417-80358479_chr7:80744084-80748373,enhancer_hit,single
Heg1_Forebrain_Any,chr16:33560214-33564831_chr16:33575564-33590005,enhancer_hit,single
Heg1_Forebrain_Any,chr16:33575564-33590005_chr16:33695546-33698910,enhancer_hit,
Heg1_Forebrain_E11.5,chr16:33560214-33564831_chr16:33575564-33590005,enhancer_hit,single
Heg1_Forebrain_E11.5,chr16:33575564-33590005_chr16:33695546-33698910,enhancer_hit,
Heg1_Heart_Any,chr16:33560214-33564831_chr16:33575564-33590005,enhancer_hit,single
Heg1_Heart_Any,chr16:33575564-33590005_chr16:33695546-33698910,enhancer_hit,
Heg1_Heart_Any,chr16:33575564-33590005_chr16:33927311-33930393,enhancer_hit,single
Heg1_Heart_Any,chr16:33659566-33660822_chr16:33675085-33678650,enhancer_hit,single
Heg1_Heart_Any,chr16:33675085-33678650_chr16:33927311-33930393,enhancer_hit,single
Heg1_Heart_E11.5,chr16:33560214-33564831_chr16:33575564-33590005,enhancer_hit,single
Heg1_Heart_E11.5,chr16:33575564-33590005_chr16:33695546-33698910,enhancer_hit,
Heg1_Heart_E11.5,chr16:33575564-33590005_chr16:33927311-33930393,enhancer_hit,single
Heg1_Limb_Any,chr16:33560214-33564831_chr16:33575564-33590005,enhancer_hit,single
Hemgn_Heart_Any,chr4:46406736-46411006_chr4:46431405-46434111,enhancer_hit,single
Hemgn_Heart_E11.5,chr4:46406736-46411006_chr4:46431405-46434111,enhancer_hit,single
Herc1_Forebrain_Any,chr9:66119628-66121600_chr9:66293448-66296222,enhancer_hit,single
Herc1_Forebrain_Any,chr9:66293448-66296222_chr9:66304184-66306605,enhancer_hit,
Herpud1_Heart_Any,chr8:94353017-94359680_chr8:94361344-94366463,enhancer_hit,single
Herpud1_Heart_E11.5,chr8:94353017-94359680_chr8:94361344-94366463,enhancer_hit,single
Heyl_Heart_Any,chr4:123236055-123240939_chr4:123246056-123250082,enhancer_hit,
Heyl_Heart_E11.5,chr4:123236055-123240939_chr4:123246056-123250082,enhancer_hit,
Hhat_Forebrain_Any,chr1:192777867-192780349_chr1:192795164-192801148,enhancer_hit,single
Hhat_Heart_Any,chr1:192777867-192780349_chr1:192795164-192801148,enhancer_hit,single
Hhat_Heart_E11.5,chr1:192777867-192780349_chr1:192795164-192801148,enhancer_hit,single
Hhat_Limb_Any,chr1:192777867-192780349_chr1:192795164-192801148,enhancer_hit,single
Hhatl_Heart_Any,chr9:121341430-121352953_chr9:122194377-122200127,enhancer_hit,
Hhatl_Heart_Any,chr9:121341430-121352953_chr9:123472642-123474203,enhancer_hit,single
Hhatl_Heart_Any,chr9:121341430-121352953_chr9:123488226-123493369,enhancer_hit,single
Hhatl_Heart_Any,chr9:123237070-123240137_chr9:123472642-123474203,enhancer_hit,single
Hhatl_Heart_Any,chr9:123237070-123240137_chr9:123488226-123493369,enhancer_hit,single
Hhatl_Heart_Any,chr9:123472642-123474203_chr9:123488226-123493369,enhancer_hit,single
Hhatl_Heart_E11.5,chr9:121341430-121352953_chr9:122194377-122200127,enhancer_hit,
Hhatl_Heart_E11.5,chr9:121341430-121352953_chr9:123488226-123493369,enhancer_hit,single
Hhatl_Heart_E11.5,chr9:123237070-123240137_chr9:123488226-123493369,enhancer_hit,single
Hhatl_Limb_Any,chr9:121341430-121352953_chr9:123472642-123474203,enhancer_hit,single
Hhatl_Limb_Any,chr9:121341430-121352953_chr9:123488226-123493369,enhancer_hit,single
Hhatl_Limb_Any,chr9:123472642-123474203_chr9:123488226-123493369,enhancer_hit,single
Hic1_Forebrain_Any,chr11:75132255-75143504_chr11:75146615-75149558,enhancer_hit,single
Hic1_Forebrain_E11.5,chr11:75132255-75143504_chr11:75146615-75149558,enhancer_hit,single
Hic1_Heart_Any,chr11:74981762-74982762_chr11:74987634-74989887,enhancer_hit,single
Hic1_Heart_Any,chr11:74981762-74982762_chr11:75043636-75055602,enhancer_hit,single
Hic1_Heart_Any,chr11:74987634-74989887_chr11:75043636-75055602,enhancer_hit,single
Hic1_Heart_Any,chr11:74987634-74989887_chr11:75155529-75167019,enhancer_hit,
Hic1_Heart_Any,chr11:75000580-75002013_chr11:75132255-75143504,enhancer_hit,double
Hic1_Heart_Any,chr11:75030780-75035331_chr11:75043636-75055602,enhancer_hit,single
Hic1_Heart_Any,chr11:75043636-75055602_chr11:75155529-75167019,enhancer_hit,single
Hic1_Heart_Any,chr11:75091654-75093340_chr11:75132255-75143504,enhancer_hit,double
Hic1_Heart_Any,chr11:75091654-75093340_chr11:75146615-75149558,enhancer_hit,double
Hic1_Heart_Any,chr11:75132255-75143504_chr11:75146615-75149558,enhancer_hit,single
Hic1_Heart_Any,chr11:75146615-75149558_chr11:75155529-75167019,enhancer_hit,
Hic1_Heart_E11.5,chr11:74987634-74989887_chr11:75043636-75055602,enhancer_hit,single
Hic1_Heart_E11.5,chr11:75000580-75002013_chr11:75132255-75143504,enhancer_hit,double
Hic1_Heart_E11.5,chr11:75132255-75143504_chr11:75146615-75149558,enhancer_hit,single
Hic1_Limb_Any,chr11:74987634-74989887_chr11:75043636-75055602,enhancer_hit,single
Hic1_Limb_Any,chr11:74987634-74989887_chr11:75155529-75167019,enhancer_hit,
Hic1_Limb_Any,chr11:75000580-75002013_chr11:75132255-75143504,enhancer_hit,double
Hic1_Limb_Any,chr11:75030780-75035331_chr11:75043636-75055602,enhancer_hit,single
Hic1_Limb_Any,chr11:75043636-75055602_chr11:75155529-75167019,enhancer_hit,
Hic1_Limb_Any,chr11:75132255-75143504_chr11:75146615-75149558,enhancer_hit,single
Hic1_Limb_Any,chr11:75146615-75149558_chr11:75155529-75167019,enhancer_hit,
Hic1_Limb_E11.5,chr11:75000580-75002013_chr11:75132255-75143504,enhancer_hit,double
Hic1_Limb_E11.5,chr11:75043636-75055602_chr11:75155529-75167019,enhancer_hit,
Hic1_Limb_E11.5,chr11:75132255-75143504_chr11:75146615-75149558,enhancer_hit,single
Hic1_Limb_E11.5,chr11:75146615-75149558_chr11:75155529-75167019,enhancer_hit,
Hip1r_Forebrain_Any,chr5:124002405-124008366_chr5:124073408-124079998,enhancer_hit,single
Hip1r_Limb_Any,chr5:124002405-124008366_chr5:124073408-124079998,enhancer_hit,single
Hk2_Heart_Any,chr6:82722533-82724721_chr6:82884353-82885512,enhancer_hit,single
Hk2_Heart_E11.5,chr6:82722533-82724721_chr6:82884353-82885512,enhancer_hit,single
Hmga2_Forebrain_Any,chr10:120416131-120424635_chr10:120819541-120822649,enhancer_hit,single
Hmga2_Forebrain_Any,chr10:120743629-120746839_chr10:120819541-120822649,enhancer_hit,single
Hmga2_Forebrain_E11.5,chr10:120416131-120424635_chr10:120819541-120822649,enhancer_hit,single
Hmga2_Forebrain_E11.5,chr10:120743629-120746839_chr10:120819541-120822649,enhancer_hit,single
Hmga2_Heart_Any,chr10:120416131-120424635_chr10:120819541-120822649,enhancer_hit,single
Hmga2_Heart_Any,chr10:120693494-120698118_chr10:120743629-120746839,enhancer_hit,
Hmga2_Heart_Any,chr10:120743629-120746839_chr10:120819541-120822649,enhancer_hit,single
Hmga2_Heart_E11.5,chr10:120416131-120424635_chr10:120819541-120822649,enhancer_hit,single
Hmga2_Heart_E11.5,chr10:120693494-120698118_chr10:120743629-120746839,enhancer_hit,
Hmga2_Heart_E11.5,chr10:120743629-120746839_chr10:120819541-120822649,enhancer_hit,single
Hmga2_Limb_Any,chr10:120369042-120373097_chr10:120719475-120722666,enhancer_hit,single
Hmga2_Limb_Any,chr10:120385577-120386577_chr10:120819541-120822649,enhancer_hit,
Hmga2_Limb_Any,chr10:120416131-120424635_chr10:120425702-120426702,enhancer_hit,
Hmga2_Limb_Any,chr10:120416131-120424635_chr10:120719475-120722666,enhancer_hit,
Hmga2_Limb_Any,chr10:120416131-120424635_chr10:120819541-120822649,enhancer_hit,single
Hmga2_Limb_Any,chr10:120587280-120588800_chr10:120693494-120698118,enhancer_hit,single
Hmga2_Limb_Any,chr10:120587280-120588800_chr10:120719475-120722666,enhancer_hit,single
Hmga2_Limb_Any,chr10:120587280-120588800_chr10:120743629-120746839,enhancer_hit,single
Hmga2_Limb_Any,chr10:120693494-120698118_chr10:120743629-120746839,enhancer_hit,
Hmga2_Limb_Any,chr10:120719475-120722666_chr10:120743629-120746839,enhancer_hit,single
Hmga2_Limb_Any,chr10:120743629-120746839_chr10:120819541-120822649,enhancer_hit,single
Hmga2_Limb_E11.5,chr10:120369042-120373097_chr10:120719475-120722666,enhancer_hit,single
Hmga2_Limb_E11.5,chr10:120385577-120386577_chr10:120819541-120822649,enhancer_hit,
Hmga2_Limb_E11.5,chr10:120416131-120424635_chr10:120425702-120426702,enhancer_hit,
Hmga2_Limb_E11.5,chr10:120416131-120424635_chr10:120719475-120722666,enhancer_hit,
Hmga2_Limb_E11.5,chr10:120416131-120424635_chr10:120819541-120822649,enhancer_hit,single
Hmga2_Limb_E11.5,chr10:120587280-120588800_chr10:120719475-120722666,enhancer_hit,single
Hmga2_Limb_E11.5,chr10:120587280-120588800_chr10:120743629-120746839,enhancer_hit,single
Hmga2_Limb_E11.5,chr10:120719475-120722666_chr10:120743629-120746839,enhancer_hit,single
Hmga2_Limb_E11.5,chr10:120743629-120746839_chr10:120819541-120822649,enhancer_hit,single
Hopx_Heart_Any,chr5:76862049-76863064_chr5:76923019-76924551,enhancer_hit,single
Hopx_Heart_Any,chr5:76862049-76863064_chr5:77109646-77112621,enhancer_hit,single
Hopx_Heart_Any,chr5:76862049-76863064_chr5:77136782-77141792,enhancer_hit,single
Hoxc9_Limb_Any,chr15:103288507-103291685_chr15:103292307-103293441,enhancer_hit,single
Hs1bp3_Heart_Any,chr12:8377488-8380750_chr12:8399664-8401359,enhancer_hit,single
Hs3st6_Limb_Any,chr17:24635181-24640887_chr17:24653609-24654609,enhancer_hit,single
Hs3st6_Limb_Any,chr17:24635181-24640887_chr17:24760577-24761742,enhancer_hit,single
Hs3st6_Limb_Any,chr17:24653609-24654609_chr17:24760577-24761742,enhancer_hit,single
Hs3st6_Limb_E11.5,chr17:24635181-24640887_chr17:24760577-24761742,enhancer_hit,single
Hspb1_Forebrain_Any,chr5:136014409-136018108_chr5:136402578-136404623,enhancer_hit,
Hspb1_Heart_Any,chr5:136001970-136003524_chr5:136014409-136018108,enhancer_hit,single
Hspb1_Heart_Any,chr5:136001970-136003524_chr5:136402578-136404623,enhancer_hit,
Hspb1_Heart_Any,chr5:136001970-136003524_chr5:136460882-136469881,enhancer_hit,
Hspb1_Heart_Any,chr5:136014409-136018108_chr5:136374242-136376871,enhancer_hit,
Hspb1_Heart_Any,chr5:136014409-136018108_chr5:136402578-136404623,enhancer_hit,
Hspb1_Heart_Any,chr5:136014409-136018108_chr5:136460882-136469881,enhancer_hit,single
Hspb1_Heart_Any,chr5:136014409-136018108_chr5:136475505-136476906,enhancer_hit,
Hspb1_Heart_Any,chr5:136014409-136018108_chr5:136530641-136534644,enhancer_hit,single
Hspb1_Heart_Any,chr5:136374242-136376871_chr5:136402578-136404623,enhancer_hit,single
Hspb1_Heart_Any,chr5:136374242-136376871_chr5:136475505-136476906,enhancer_hit,single
Hspb1_Heart_Any,chr5:136374242-136376871_chr5:136530641-136534644,enhancer_hit,single
Hspb1_Heart_Any,chr5:136402578-136404623_chr5:136475505-136476906,enhancer_hit,
Hspb1_Heart_Any,chr5:136402578-136404623_chr5:136530641-136534644,enhancer_hit,
Hspb1_Heart_Any,chr5:136426296-136430444_chr5:136530641-136534644,enhancer_hit,single
Hspb1_Heart_Any,chr5:136475505-136476906_chr5:136530641-136534644,enhancer_hit,
Hspb1_Heart_E11.5,chr5:136001970-136003524_chr5:136014409-136018108,enhancer_hit,single
Hspb1_Heart_E11.5,chr5:136001970-136003524_chr5:136460882-136469881,enhancer_hit,
Hspb1_Heart_E11.5,chr5:136014409-136018108_chr5:136374242-136376871,enhancer_hit,
Hspb1_Heart_E11.5,chr5:136014409-136018108_chr5:136460882-136469881,enhancer_hit,single
Hspb1_Heart_E11.5,chr5:136014409-136018108_chr5:136475505-136476906,enhancer_hit,
Hspb1_Heart_E11.5,chr5:136014409-136018108_chr5:136530641-136534644,enhancer_hit,single
Hspb1_Heart_E11.5,chr5:136374242-136376871_chr5:136475505-136476906,enhancer_hit,single
Hspb1_Heart_E11.5,chr5:136374242-136376871_chr5:136530641-136534644,enhancer_hit,single
Hspb1_Heart_E11.5,chr5:136426296-136430444_chr5:136530641-136534644,enhancer_hit,single
Hspb1_Heart_E11.5,chr5:136475505-136476906_chr5:136530641-136534644,enhancer_hit,
Hspb1_Limb_Any,chr5:135892240-135893743_chr5:136001970-136003524,enhancer_hit,single
Hspb1_Limb_Any,chr5:135892240-135893743_chr5:136014409-136018108,enhancer_hit,single
Hspb1_Limb_Any,chr5:136001970-136003524_chr5:136014409-136018108,enhancer_hit,single
Hspb1_Limb_Any,chr5:136001970-136003524_chr5:136402578-136404623,enhancer_hit,
Hspb1_Limb_Any,chr5:136014409-136018108_chr5:136402578-136404623,enhancer_hit,
Hspb7_Heart_Any,chr4:141175765-141177776_chr4:141578211-141579438,enhancer_hit,single
Hspb7_Heart_Any,chr4:141513467-141515607_chr4:141578211-141579438,enhancer_hit,double
Hspb7_Heart_Any,chr4:141513467-141515607_chr4:141609581-141610621,enhancer_hit,double
Hspg2_Forebrain_Any,chr4:137472725-137491180_chr4:137491997-137501309,enhancer_hit,
Hspg2_Forebrain_E11.5,chr4:137472725-137491180_chr4:137491997-137501309,enhancer_hit,
Hspg2_Heart_Any,chr4:137447714-137450410_chr4:137460280-137462725,enhancer_hit,single
Hspg2_Heart_Any,chr4:137447714-137450410_chr4:137463851-137466268,enhancer_hit,single
Hspg2_Heart_Any,chr4:137447714-137450410_chr4:137472725-137491180,enhancer_hit,single
Hspg2_Heart_Any,chr4:137447714-137450410_chr4:137491997-137501309,enhancer_hit,single
Hspg2_Heart_Any,chr4:137460280-137462725_chr4:137463851-137466268,enhancer_hit,single
Hspg2_Heart_Any,chr4:137460280-137462725_chr4:137472725-137491180,enhancer_hit,single
Hspg2_Heart_Any,chr4:137460280-137462725_chr4:137491997-137501309,enhancer_hit,single
Hspg2_Heart_Any,chr4:137463851-137466268_chr4:137472725-137491180,enhancer_hit,single
Hspg2_Heart_Any,chr4:137463851-137466268_chr4:137491997-137501309,enhancer_hit,single
Hspg2_Heart_Any,chr4:137472725-137491180_chr4:137491997-137501309,enhancer_hit,
Hspg2_Heart_E11.5,chr4:137460280-137462725_chr4:137463851-137466268,enhancer_hit,single
Hspg2_Heart_E11.5,chr4:137460280-137462725_chr4:137472725-137491180,enhancer_hit,single
Hspg2_Heart_E11.5,chr4:137460280-137462725_chr4:137491997-137501309,enhancer_hit,single
Hspg2_Heart_E11.5,chr4:137463851-137466268_chr4:137472725-137491180,enhancer_hit,single
Hspg2_Heart_E11.5,chr4:137463851-137466268_chr4:137491997-137501309,enhancer_hit,single
Hspg2_Heart_E11.5,chr4:137472725-137491180_chr4:137491997-137501309,enhancer_hit,
Hspg2_Limb_Any,chr4:137447714-137450410_chr4:137460280-137462725,enhancer_hit,single
Hspg2_Limb_Any,chr4:137447714-137450410_chr4:137472725-137491180,enhancer_hit,single
Hspg2_Limb_Any,chr4:137447714-137450410_chr4:137491997-137501309,enhancer_hit,single
Hspg2_Limb_Any,chr4:137460280-137462725_chr4:137472725-137491180,enhancer_hit,single
Hspg2_Limb_Any,chr4:137460280-137462725_chr4:137491997-137501309,enhancer_hit,single
Hspg2_Limb_Any,chr4:137472725-137491180_chr4:137491997-137501309,enhancer_hit,
Hspg2_Limb_E11.5,chr4:137460280-137462725_chr4:137472725-137491180,enhancer_hit,single
Hspg2_Limb_E11.5,chr4:137460280-137462725_chr4:137491997-137501309,enhancer_hit,single
Hspg2_Limb_E11.5,chr4:137472725-137491180_chr4:137491997-137501309,enhancer_hit,
Htra1_Forebrain_Any,chr7:130319376-130320912_chr7:130975801-130979097,enhancer_hit,single
Htra1_Heart_Any,chr7:130319376-130320912_chr7:130975801-130979097,enhancer_hit,single
Htra1_Heart_Any,chr7:130680901-130682802_chr7:130947215-130951448,enhancer_hit,single
Htra1_Heart_Any,chr7:130680901-130682802_chr7:130964220-130967302,enhancer_hit,single
Htra1_Heart_Any,chr7:130947215-130951448_chr7:130964220-130967302,enhancer_hit,single
Htra1_Heart_E11.5,chr7:130319376-130320912_chr7:130975801-130979097,enhancer_hit,single
Htra1_Heart_E11.5,chr7:130680901-130682802_chr7:130947215-130951448,enhancer_hit,single
Htra1_Heart_E11.5,chr7:130680901-130682802_chr7:130964220-130967302,enhancer_hit,single
Htra1_Heart_E11.5,chr7:130947215-130951448_chr7:130964220-130967302,enhancer_hit,single
Htra1_Limb_Any,chr7:130319376-130320912_chr7:130975801-130979097,enhancer_hit,single
Htra1_Limb_Any,chr7:130947215-130951448_chr7:130964220-130967302,enhancer_hit,single
Hunk_Forebrain_Any,chr16:90404868-90409311_chr16:90458461-90463809,enhancer_hit,single
Hunk_Heart_Any,chr16:90358739-90360628_chr16:90404868-90409311,enhancer_hit,
Hunk_Heart_Any,chr16:90404868-90409311_chr16:90458461-90463809,enhancer_hit,single
Hunk_Heart_E11.5,chr16:90358739-90360628_chr16:90404868-90409311,enhancer_hit,
Hunk_Heart_E11.5,chr16:90404868-90409311_chr16:90458461-90463809,enhancer_hit,single
Hunk_Limb_Any,chr16:90404868-90409311_chr16:90458461-90463809,enhancer_hit,single
I830077J02Rik_Heart_Any,chr3:105806627-105810540_chr3:105913398-105915118,enhancer_hit,single
I830077J02Rik_Heart_E11.5,chr3:105806627-105810540_chr3:105913398-105915118,enhancer_hit,single
Icam1_Heart_Any,chr9:21011359-21012972_chr9:21134458-21136263,enhancer_hit,double
Icam1_Heart_Any,chr9:21011359-21012972_chr9:21435063-21440585,enhancer_hit,double
Icam1_Heart_Any,chr9:21134458-21136263_chr9:21435063-21440585,enhancer_hit,double
Id4_Forebrain_Any,chr13:47470643-47473256_chr13:48126396-48127396,enhancer_hit,single
Id4_Forebrain_Any,chr13:47947374-47949159_chr13:48126396-48127396,enhancer_hit,
Id4_Forebrain_E11.5,chr13:47470643-47473256_chr13:48126396-48127396,enhancer_hit,single
Idh2_Forebrain_Any,chr7:80043671-80045606_chr7:80066559-80070878,enhancer_hit,single
Idh2_Forebrain_E11.5,chr7:80043671-80045606_chr7:80066559-80070878,enhancer_hit,single
Idh2_Heart_Any,chr7:80043671-80045606_chr7:80066559-80070878,enhancer_hit,single
Idh2_Heart_Any,chr7:80043671-80045606_chr7:80118344-80123659,enhancer_hit,single
Idh2_Heart_Any,chr7:80066559-80070878_chr7:80118344-80123659,enhancer_hit,single
Idh2_Heart_E11.5,chr7:80066559-80070878_chr7:80118344-80123659,enhancer_hit,single
Idh2_Limb_Any,chr7:80043671-80045606_chr7:80066559-80070878,enhancer_hit,single
Ifi35_Heart_Any,chr11:101051721-101054120_chr11:101359373-101365060,enhancer_hit,
Ifrd2_Heart_Any,chr9:107909388-107911645_chr9:107963664-107964684,enhancer_hit,
Igdcc3_Forebrain_Any,chr9:65145470-65146799_chr9:65147907-65164891,enhancer_hit,single
Igdcc3_Forebrain_Any,chr9:65147907-65164891_chr9:65168289-65170424,enhancer_hit,single
Igdcc3_Forebrain_Any,chr9:65147907-65164891_chr9:65172432-65183423,enhancer_hit,single
Igdcc3_Forebrain_Any,chr9:65147907-65164891_chr9:65184552-65186609,enhancer_hit,single
Igdcc3_Forebrain_Any,chr9:65172432-65183423_chr9:65184552-65186609,enhancer_hit,single
Igdcc3_Forebrain_E11.5,chr9:65147907-65164891_chr9:65168289-65170424,enhancer_hit,single
Igdcc3_Forebrain_E11.5,chr9:65147907-65164891_chr9:65172432-65183423,enhancer_hit,single
Igdcc3_Forebrain_E11.5,chr9:65147907-65164891_chr9:65184552-65186609,enhancer_hit,single
Igdcc3_Forebrain_E11.5,chr9:65172432-65183423_chr9:65184552-65186609,enhancer_hit,single
Igdcc3_Heart_Any,chr9:65147907-65164891_chr9:65172432-65183423,enhancer_hit,double
Igdcc3_Heart_E11.5,chr9:65147907-65164891_chr9:65172432-65183423,enhancer_hit,double
Igdcc3_Limb_Any,chr9:65147907-65164891_chr9:65168289-65170424,enhancer_hit,single
Igdcc3_Limb_Any,chr9:65147907-65164891_chr9:65172432-65183423,enhancer_hit,single
Igdcc3_Limb_E11.5,chr9:65147907-65164891_chr9:65168289-65170424,enhancer_hit,single
Igdcc3_Limb_E11.5,chr9:65147907-65164891_chr9:65172432-65183423,enhancer_hit,single
Igf2bp1_Forebrain_Any,chr11:95981589-95984073_chr11:95987797-95994166,enhancer_hit,single
Igf2bp1_Forebrain_E11.5,chr11:95981589-95984073_chr11:95987797-95994166,enhancer_hit,single
Igf2bp1_Heart_Any,chr11:95981589-95984073_chr11:95987797-95994166,enhancer_hit,single
Igf2bp1_Heart_E11.5,chr11:95981589-95984073_chr11:95987797-95994166,enhancer_hit,single
Igf2bp1_Limb_Any,chr11:95981589-95984073_chr11:95987797-95994166,enhancer_hit,single
Igf2bp1_Limb_E11.5,chr11:95981589-95984073_chr11:95987797-95994166,enhancer_hit,single
Igf2r_Heart_Any,chr17:12667709-12672936_chr17:12776246-12784077,enhancer_hit,single
Igf2r_Heart_Any,chr17:12667709-12672936_chr17:12785975-12786975,enhancer_hit,single
Igf2r_Heart_Any,chr17:12776246-12784077_chr17:12785975-12786975,enhancer_hit,double
Igf2r_Heart_Any,chr17:12776246-12784077_chr17:12831735-12832833,enhancer_hit,single
Igf2r_Heart_Any,chr17:12785975-12786975_chr17:12831735-12832833,enhancer_hit,single
Igf2r_Heart_E11.5,chr17:12667709-12672936_chr17:12776246-12784077,enhancer_hit,single
Igf2r_Limb_Any,chr17:12667709-12672936_chr17:12776246-12784077,enhancer_hit,single
Igf2r_Limb_Any,chr17:12776246-12784077_chr17:12834253-12837928,enhancer_hit,single
Igf2r_Limb_E11.5,chr17:12667709-12672936_chr17:12776246-12784077,enhancer_hit,single
Igf2r_Limb_E11.5,chr17:12776246-12784077_chr17:12834253-12837928,enhancer_hit,single
Igfbp4_Heart_Any,chr11:99065259-99066452_chr11:99117763-99128900,enhancer_hit,single
Igfbp5_Heart_Any,chr1:73905502-73907091_chr1:73941538-73951983,enhancer_hit,single
Igfbp5_Heart_E11.5,chr1:73905502-73907091_chr1:73941538-73951983,enhancer_hit,single
Igfbp5_Limb_Any,chr1:73394745-73395994_chr1:73941538-73951983,enhancer_hit,single
Igfbp7_Heart_Any,chr5:77354587-77360488_chr5:77363394-77370976,enhancer_hit,single
Igfbp7_Heart_Any,chr5:77354587-77360488_chr5:77383034-77389207,enhancer_hit,
Igfbp7_Limb_Any,chr5:77354587-77360488_chr5:77383034-77389207,enhancer_hit,
Igfbpl1_Forebrain_Any,chr4:45426044-45429339_chr4:45817773-45824423,enhancer_hit,
Igfbpl1_Forebrain_Any,chr4:45671675-45674106_chr4:45688779-45691105,enhancer_hit,
Igfbpl1_Forebrain_E11.5,chr4:45426044-45429339_chr4:45817773-45824423,enhancer_hit,
Igfbpl1_Forebrain_E11.5,chr4:45671675-45674106_chr4:45688779-45691105,enhancer_hit,
Igsf23_Forebrain_Any,chr7:19234745-19239629_chr7:19325742-19328267,enhancer_hit,single
Igsf23_Heart_Any,chr7:19234745-19239629_chr7:19325742-19328267,enhancer_hit,single
Igsf23_Heart_Any,chr7:19234745-19239629_chr7:19377537-19378613,enhancer_hit,single
Igsf23_Heart_Any,chr7:19234745-19239629_chr7:19440989-19442317,enhancer_hit,single
Igsf23_Heart_E11.5,chr7:19234745-19239629_chr7:19325742-19328267,enhancer_hit,single
Iigp1_Forebrain_Any,chr18:60726580-60738106_chr18:60743809-60751189,enhancer_hit,single
Iigp1_Forebrain_E11.5,chr18:60726580-60738106_chr18:60743809-60751189,enhancer_hit,single
Iigp1_Heart_Any,chr18:60726580-60738106_chr18:60743809-60751189,enhancer_hit,single
Iigp1_Heart_E11.5,chr18:60726580-60738106_chr18:60743809-60751189,enhancer_hit,single
Iigp1_Limb_Any,chr18:60726580-60738106_chr18:60743809-60751189,enhancer_hit,single
Iigp1_Limb_E11.5,chr18:60726580-60738106_chr18:60743809-60751189,enhancer_hit,single
Ikbip_Heart_Any,chr10:91156097-91160159_chr10:91164962-91169082,enhancer_hit,single
Il10rb_Heart_Any,chr16:90994434-90997731_chr16:91394385-91399304,enhancer_hit,
Il10rb_Heart_Any,chr16:90994434-90997731_chr16:91549571-91557576,enhancer_hit,
Il10rb_Heart_Any,chr16:91394385-91399304_chr16:91450275-91453699,enhancer_hit,
Il10rb_Heart_Any,chr16:91394385-91399304_chr16:91549571-91557576,enhancer_hit,
Il10rb_Heart_Any,chr16:91408734-91411416_chr16:91450275-91453699,enhancer_hit,single
Il10rb_Heart_Any,chr16:91450275-91453699_chr16:91549571-91557576,enhancer_hit,single
Il13ra1_Heart_Any,chrX:36128609-36130339_chrX:36146062-36147541,enhancer_hit,single
Il13ra1_Heart_Any,chrX:36146062-36147541_chrX:36550439-36552636,enhancer_hit,single
Il15_Heart_Any,chr8:83139774-83141724_chr8:83572539-83581464,enhancer_hit,single
Il27ra_Forebrain_Any,chr8:83747093-83749670_chr8:84186153-84193997,enhancer_hit,single
Il27ra_Forebrain_Any,chr8:84186153-84193997_chr8:84200167-84204984,enhancer_hit,single
Il27ra_Forebrain_E11.5,chr8:84186153-84193997_chr8:84200167-84204984,enhancer_hit,single
Il27ra_Heart_Any,chr8:83737329-83738669_chr8:84186153-84193997,enhancer_hit,single
Il27ra_Heart_Any,chr8:83747093-83749670_chr8:83976261-83982942,enhancer_hit,single
Il27ra_Heart_Any,chr8:83747093-83749670_chr8:84186153-84193997,enhancer_hit,single
Il27ra_Heart_Any,chr8:83976261-83982942_chr8:84186153-84193997,enhancer_hit,double
Il27ra_Heart_Any,chr8:84186153-84193997_chr8:84200167-84204984,enhancer_hit,single
Il27ra_Heart_E11.5,chr8:83737329-83738669_chr8:84186153-84193997,enhancer_hit,single
Il27ra_Heart_E11.5,chr8:83747093-83749670_chr8:83976261-83982942,enhancer_hit,single
Il27ra_Heart_E11.5,chr8:83747093-83749670_chr8:84186153-84193997,enhancer_hit,single
Il27ra_Heart_E11.5,chr8:83976261-83982942_chr8:84186153-84193997,enhancer_hit,double
Il27ra_Heart_E11.5,chr8:84186153-84193997_chr8:84200167-84204984,enhancer_hit,single
Il27ra_Limb_Any,chr8:83737329-83738669_chr8:84186153-84193997,enhancer_hit,single
Il27ra_Limb_Any,chr8:83976261-83982942_chr8:84186153-84193997,enhancer_hit,double
Il27ra_Limb_Any,chr8:84186153-84193997_chr8:84200167-84204984,enhancer_hit,single
Il27ra_Limb_E11.5,chr8:83976261-83982942_chr8:84186153-84193997,enhancer_hit,double
Il27ra_Limb_E11.5,chr8:84186153-84193997_chr8:84200167-84204984,enhancer_hit,single
Immt_Heart_Any,chr6:71248043-71250996_chr6:71787680-71789137,enhancer_hit,single
Immt_Heart_E11.5,chr6:71248043-71250996_chr6:71787680-71789137,enhancer_hit,single
Impa2_Heart_Any,chr18:67299065-67300065_chr18:67326102-67331897,enhancer_hit,single
Impa2_Heart_Any,chr18:67326102-67331897_chr18:67395986-67397473,enhancer_hit,single
Impa2_Heart_Any,chr18:67326102-67331897_chr18:67760776-67762866,enhancer_hit,single
Impa2_Heart_Any,chr18:67395986-67397473_chr18:67668075-67671286,enhancer_hit,single
Impa2_Heart_Any,chr18:67395986-67397473_chr18:67760776-67762866,enhancer_hit,single
Impa2_Heart_Any,chr18:67668075-67671286_chr18:67760776-67762866,enhancer_hit,single
Impa2_Heart_E11.5,chr18:67299065-67300065_chr18:67326102-67331897,enhancer_hit,single
Impa2_Heart_E11.5,chr18:67326102-67331897_chr18:67760776-67762866,enhancer_hit,single
Impa2_Heart_E11.5,chr18:67668075-67671286_chr18:67760776-67762866,enhancer_hit,single
Inpp5a_Forebrain_Any,chr7:139317986-139321343_chr7:139362451-139370735,enhancer_hit,single
Inpp5a_Heart_Any,chr7:139302380-139305177_chr7:139308062-139312165,enhancer_hit,single
Inpp5a_Heart_Any,chr7:139302380-139305177_chr7:139317986-139321343,enhancer_hit,single
Inpp5a_Heart_Any,chr7:139308062-139312165_chr7:139317986-139321343,enhancer_hit,single
Inpp5a_Heart_Any,chr7:139308062-139312165_chr7:139338772-139340066,enhancer_hit,single
Inpp5a_Heart_Any,chr7:139308062-139312165_chr7:139362451-139370735,enhancer_hit,single
Inpp5a_Heart_Any,chr7:139317986-139321343_chr7:139338772-139340066,enhancer_hit,single
Inpp5a_Heart_Any,chr7:139317986-139321343_chr7:139362451-139370735,enhancer_hit,single
Inpp5a_Heart_Any,chr7:139317986-139321343_chr7:139450878-139453443,enhancer_hit,single
Inpp5a_Heart_E11.5,chr7:139302380-139305177_chr7:139308062-139312165,enhancer_hit,single
Inpp5a_Heart_E11.5,chr7:139302380-139305177_chr7:139317986-139321343,enhancer_hit,single
Inpp5a_Heart_E11.5,chr7:139308062-139312165_chr7:139317986-139321343,enhancer_hit,single
Inpp5a_Heart_E11.5,chr7:139308062-139312165_chr7:139338772-139340066,enhancer_hit,single
Inpp5a_Heart_E11.5,chr7:139308062-139312165_chr7:139362451-139370735,enhancer_hit,single
Inpp5a_Heart_E11.5,chr7:139317986-139321343_chr7:139338772-139340066,enhancer_hit,single
Inpp5a_Heart_E11.5,chr7:139317986-139321343_chr7:139362451-139370735,enhancer_hit,single
Inpp5a_Heart_E11.5,chr7:139317986-139321343_chr7:139450878-139453443,enhancer_hit,single
Inpp5a_Limb_Any,chr7:139317986-139321343_chr7:139362451-139370735,enhancer_hit,single
Inpp5a_Limb_E11.5,chr7:139317986-139321343_chr7:139362451-139370735,enhancer_hit,single
Inpp5f_Forebrain_Any,chr7:128590814-128593778_chr7:128666685-128668685,enhancer_hit,single
Inppl1_Forebrain_Any,chr7:100906117-100912993_chr7:100922249-100928369,enhancer_hit,single
Inppl1_Heart_Any,chr7:100906117-100912993_chr7:100916085-100921526,enhancer_hit,single
Inppl1_Heart_Any,chr7:100906117-100912993_chr7:100922249-100928369,enhancer_hit,
Inppl1_Heart_Any,chr7:100906117-100912993_chr7:100988322-100989375,enhancer_hit,single
Inppl1_Heart_Any,chr7:100906117-100912993_chr7:101090481-101091481,enhancer_hit,single
Inppl1_Heart_Any,chr7:100916085-100921526_chr7:100922249-100928369,enhancer_hit,
Inppl1_Heart_Any,chr7:100916085-100921526_chr7:100988322-100989375,enhancer_hit,
Inppl1_Heart_Any,chr7:100916085-100921526_chr7:101087815-101089685,enhancer_hit,
Inppl1_Heart_Any,chr7:100916085-100921526_chr7:101090481-101091481,enhancer_hit,single
Inppl1_Heart_Any,chr7:100922249-100928369_chr7:100988322-100989375,enhancer_hit,
Inppl1_Heart_Any,chr7:100922249-100928369_chr7:101090481-101091481,enhancer_hit,
Inppl1_Heart_Any,chr7:100988322-100989375_chr7:101090481-101091481,enhancer_hit,single
Inppl1_Heart_E11.5,chr7:100906117-100912993_chr7:100916085-100921526,enhancer_hit,single
Inppl1_Heart_E11.5,chr7:100906117-100912993_chr7:100922249-100928369,enhancer_hit,
Inppl1_Heart_E11.5,chr7:100916085-100921526_chr7:100922249-100928369,enhancer_hit,
Inppl1_Heart_E11.5,chr7:100916085-100921526_chr7:101087815-101089685,enhancer_hit,
Inppl1_Limb_Any,chr7:100906117-100912993_chr7:100916085-100921526,enhancer_hit,single
Inppl1_Limb_E11.5,chr7:100906117-100912993_chr7:100916085-100921526,enhancer_hit,single
Iqgap1_Heart_Any,chr7:80346787-80348943_chr7:80823506-80826133,enhancer_hit,single
Iqgap1_Heart_Any,chr7:80794883-80800192_chr7:80823506-80826133,enhancer_hit,single
Iqgap1_Limb_Any,chr7:80346787-80348943_chr7:80823506-80826133,enhancer_hit,single
Iqgap1_Limb_Any,chr7:80794883-80800192_chr7:80823506-80826133,enhancer_hit,single
Iqsec1_Forebrain_Any,chr6:90763270-90765734_chr6:90801835-90803458,enhancer_hit,
Irf1_Heart_Any,chr11:53757450-53761154_chr11:53785341-53787284,enhancer_hit,single
Irf2bp2_Forebrain_Any,chr8:126522487-126529587_chr8:126659044-126670268,enhancer_hit,single
Irf2bp2_Forebrain_Any,chr8:126522487-126529587_chr8:126883359-126888123,enhancer_hit,single
Irf2bp2_Forebrain_Any,chr8:126659044-126670268_chr8:126732983-126741982,enhancer_hit,single
Irf2bp2_Heart_Any,chr8:126522487-126529587_chr8:126659044-126670268,enhancer_hit,single
Irf2bp2_Heart_Any,chr8:126522487-126529587_chr8:126883359-126888123,enhancer_hit,single
Irf2bp2_Heart_Any,chr8:126522487-126529587_chr8:126916582-126921255,enhancer_hit,single
Irf2bp2_Heart_Any,chr8:126638465-126640146_chr8:126681666-126684007,enhancer_hit,
Irf2bp2_Heart_Any,chr8:126638465-126640146_chr8:126883359-126888123,enhancer_hit,single
Irf2bp2_Heart_Any,chr8:126659044-126670268_chr8:126732983-126741982,enhancer_hit,single
Irf2bp2_Heart_Any,chr8:126883359-126888123_chr8:126916582-126921255,enhancer_hit,single
Irf2bp2_Heart_E11.5,chr8:126522487-126529587_chr8:126659044-126670268,enhancer_hit,single
Irf2bp2_Heart_E11.5,chr8:126522487-126529587_chr8:126883359-126888123,enhancer_hit,single
Irf2bp2_Heart_E11.5,chr8:126522487-126529587_chr8:126916582-126921255,enhancer_hit,single
Irf2bp2_Heart_E11.5,chr8:126659044-126670268_chr8:126732983-126741982,enhancer_hit,single
Irf2bp2_Heart_E11.5,chr8:126883359-126888123_chr8:126916582-126921255,enhancer_hit,single
Irf2bp2_Limb_Any,chr8:126522487-126529587_chr8:126659044-126670268,enhancer_hit,single
Irf2bp2_Limb_Any,chr8:126522487-126529587_chr8:126883359-126888123,enhancer_hit,single
Irf2bp2_Limb_Any,chr8:126659044-126670268_chr8:126732983-126741982,enhancer_hit,single
Irf2bp2_Limb_E11.5,chr8:126659044-126670268_chr8:126732983-126741982,enhancer_hit,single
Irf2bpl_Forebrain_Any,chr12:86769411-86773392_chr12:86793255-86796834,enhancer_hit,single
Irf2bpl_Forebrain_Any,chr12:86769411-86773392_chr12:86858530-86861388,enhancer_hit,single
Irf2bpl_Forebrain_Any,chr12:86769411-86773392_chr12:86895067-86901244,enhancer_hit,single
Irf2bpl_Forebrain_Any,chr12:86793255-86796834_chr12:86858530-86861388,enhancer_hit,single
Irf2bpl_Forebrain_Any,chr12:86793255-86796834_chr12:86895067-86901244,enhancer_hit,single
Irf2bpl_Forebrain_Any,chr12:86858530-86861388_chr12:86895067-86901244,enhancer_hit,single
Irf2bpl_Forebrain_E11.5,chr12:86769411-86773392_chr12:86895067-86901244,enhancer_hit,single
Irf2bpl_Heart_Any,chr12:86769411-86773392_chr12:86793255-86796834,enhancer_hit,single
Irf2bpl_Heart_Any,chr12:86769411-86773392_chr12:86895067-86901244,enhancer_hit,single
Irf2bpl_Heart_Any,chr12:86793255-86796834_chr12:86895067-86901244,enhancer_hit,single
Irf2bpl_Heart_E11.5,chr12:86793255-86796834_chr12:86895067-86901244,enhancer_hit,single
Irf2bpl_Limb_Any,chr12:86858530-86861388_chr12:86895067-86901244,enhancer_hit,single
Irf2bpl_Limb_E11.5,chr12:86858530-86861388_chr12:86895067-86901244,enhancer_hit,single
Islr2_Forebrain_Any,chr9:57610161-57611576_chr9:58195586-58199215,enhancer_hit,
Islr2_Forebrain_Any,chr9:57900471-57902457_chr9:58040602-58050228,enhancer_hit,
Islr2_Forebrain_Any,chr9:58051566-58054322_chr9:58059651-58067965,enhancer_hit,single
Islr2_Forebrain_E11.5,chr9:57900471-57902457_chr9:58040602-58050228,enhancer_hit,
Islr2_Forebrain_E11.5,chr9:58051566-58054322_chr9:58059651-58067965,enhancer_hit,single
Islr_Heart_Any,chr9:57563443-57567677_chr9:58152790-58156054,enhancer_hit,
Islr_Limb_Any,chr9:57563443-57567677_chr9:58152790-58156054,enhancer_hit,
Islr_Limb_E11.5,chr9:57563443-57567677_chr9:58152790-58156054,enhancer_hit,
Itga1_Heart_Any,chr13:115005033-115007175_chr13:115132046-115133046,enhancer_hit,single
Itga1_Heart_Any,chr13:115013301-115016116_chr13:115020430-115024675,enhancer_hit,
Itga1_Heart_Any,chr13:115013301-115016116_chr13:115132046-115133046,enhancer_hit,single
Itga1_Heart_Any,chr13:115013301-115016116_chr13:115187894-115189243,enhancer_hit,single
Itga1_Heart_Any,chr13:115020430-115024675_chr13:115187894-115189243,enhancer_hit,
Itga1_Heart_E11.5,chr13:115013301-115016116_chr13:115020430-115024675,enhancer_hit,
Itga3_Heart_Any,chr11:95071698-95074214_chr11:95503437-95504930,enhancer_hit,
Itga5_Heart_Any,chr15:103227192-103230527_chr15:103354334-103364263,enhancer_hit,single
Itga5_Heart_Any,chr15:103227192-103230527_chr15:103381860-103385327,enhancer_hit,single
Itga5_Heart_Any,chr15:103354334-103364263_chr15:103381860-103385327,enhancer_hit,single
Itga5_Heart_Any,chr15:103376218-103379798_chr15:103381860-103385327,enhancer_hit,single
Itga5_Heart_E11.5,chr15:103354334-103364263_chr15:103381860-103385327,enhancer_hit,single
Itga5_Heart_E11.5,chr15:103376218-103379798_chr15:103381860-103385327,enhancer_hit,single
Itga6_Heart_Any,chr2:71643515-71644976_chr2:71800200-71803355,enhancer_hit,single
Itga9_Heart_Any,chr9:118676912-118679039_chr9:118704960-118707241,enhancer_hit,single
Itga9_Heart_Any,chr9:118704960-118707241_chr9:118715731-118718556,enhancer_hit,
Itga9_Heart_Any,chr9:118730190-118733119_chr9:118830403-118831919,enhancer_hit,
Itga9_Limb_Any,chr9:118650356-118652469_chr9:118653145-118655755,enhancer_hit,single
Itga9_Limb_Any,chr9:118650356-118652469_chr9:118730190-118733119,enhancer_hit,single
Itga9_Limb_Any,chr9:118650356-118652469_chr9:118830403-118831919,enhancer_hit,
Itga9_Limb_Any,chr9:118653145-118655755_chr9:118830403-118831919,enhancer_hit,
Itga9_Limb_Any,chr9:118730190-118733119_chr9:118830403-118831919,enhancer_hit,
Itga9_Limb_E11.5,chr9:118650356-118652469_chr9:118653145-118655755,enhancer_hit,single
Itga9_Limb_E11.5,chr9:118650356-118652469_chr9:118730190-118733119,enhancer_hit,single
Itgb1_Forebrain_Any,chr8:128023965-128026539_chr8:128653496-128656024,enhancer_hit,single
Itgb1_Heart_Any,chr8:128023965-128026539_chr8:128653496-128656024,enhancer_hit,single
Itgb1_Heart_E11.5,chr8:128023965-128026539_chr8:128653496-128656024,enhancer_hit,single
Itgb1_Limb_Any,chr8:128023965-128026539_chr8:128653496-128656024,enhancer_hit,single
Itgb5_Forebrain_Any,chr16:33885734-33893435_chr16:33933406-33943125,enhancer_hit,single
Itgb5_Forebrain_Any,chr16:33885734-33893435_chr16:34076970-34085059,enhancer_hit,single
Itgb5_Forebrain_Any,chr16:33933406-33943125_chr16:34076970-34085059,enhancer_hit,single
Itgb5_Heart_Any,chr16:33336530-33338654_chr16:33832176-33834758,enhancer_hit,single
Itgb5_Heart_Any,chr16:33336530-33338654_chr16:33885734-33893435,enhancer_hit,single
Itgb5_Heart_Any,chr16:33336530-33338654_chr16:33933406-33943125,enhancer_hit,single
Itgb5_Heart_Any,chr16:33336530-33338654_chr16:34065272-34069847,enhancer_hit,single
Itgb5_Heart_Any,chr16:33336530-33338654_chr16:34076970-34085059,enhancer_hit,single
Itgb5_Heart_Any,chr16:33885734-33893435_chr16:33933406-33943125,enhancer_hit,single
Itgb5_Heart_Any,chr16:33885734-33893435_chr16:34065272-34069847,enhancer_hit,single
Itgb5_Heart_Any,chr16:33885734-33893435_chr16:34076970-34085059,enhancer_hit,single
Itgb5_Heart_Any,chr16:33933406-33943125_chr16:34065272-34069847,enhancer_hit,single
Itgb5_Heart_Any,chr16:33933406-33943125_chr16:34076970-34085059,enhancer_hit,single
Itgb5_Heart_E11.5,chr16:33885734-33893435_chr16:33933406-33943125,enhancer_hit,single
Itgb5_Heart_E11.5,chr16:33885734-33893435_chr16:34065272-34069847,enhancer_hit,single
Itgb5_Heart_E11.5,chr16:33885734-33893435_chr16:34076970-34085059,enhancer_hit,single
Itgb5_Heart_E11.5,chr16:33933406-33943125_chr16:34065272-34069847,enhancer_hit,single
Itgb5_Heart_E11.5,chr16:33933406-33943125_chr16:34076970-34085059,enhancer_hit,single
Itgb5_Limb_Any,chr16:33885734-33893435_chr16:33933406-33943125,enhancer_hit,single
Itpkb_Forebrain_Any,chr1:180383770-180391565_chr1:180775972-180779260,enhancer_hit,single
Itpkb_Forebrain_E11.5,chr1:180383770-180391565_chr1:180775972-180779260,enhancer_hit,single
Itpkb_Heart_Any,chr1:180381921-180382964_chr1:180383770-180391565,enhancer_hit,single
Itpkb_Heart_Any,chr1:180381921-180382964_chr1:180775972-180779260,enhancer_hit,single
Itpkb_Heart_Any,chr1:180383770-180391565_chr1:180775972-180779260,enhancer_hit,
Itpkb_Heart_Any,chr1:180397376-180398869_chr1:180775972-180779260,enhancer_hit,single
Itpkb_Heart_E11.5,chr1:180383770-180391565_chr1:180775972-180779260,enhancer_hit,single
Itpkb_Limb_Any,chr1:180383770-180391565_chr1:180775972-180779260,enhancer_hit,single
Itpkb_Limb_E11.5,chr1:180383770-180391565_chr1:180775972-180779260,enhancer_hit,single
Itsn2_Heart_Any,chr12:3854080-3857820_chr12:4045521-4046521,enhancer_hit,single
Itsn2_Heart_Any,chr12:3854080-3857820_chr12:4558460-4559941,enhancer_hit,single
Itsn2_Heart_E11.5,chr12:3854080-3857820_chr12:4558460-4559941,enhancer_hit,single
Itsn2_Limb_Any,chr12:3854080-3857820_chr12:4558460-4559941,enhancer_hit,single
Jak3_Heart_Any,chr8:71281285-71284019_chr8:71295810-71297726,enhancer_hit,
Jakmip1_Forebrain_Any,chr5:37044814-37048126_chr5:37063893-37065640,enhancer_hit,
Jph2_Heart_Any,chr2:163369687-163371574_chr2:163375719-163383460,enhancer_hit,single
Jph2_Heart_Any,chr2:163369687-163371574_chr2:163390251-163395449,enhancer_hit,
Jph2_Heart_Any,chr2:163375719-163383460_chr2:163390251-163395449,enhancer_hit,single
Jph2_Heart_E11.5,chr2:163369687-163371574_chr2:163375719-163383460,enhancer_hit,single
Jph2_Heart_E11.5,chr2:163369687-163371574_chr2:163390251-163395449,enhancer_hit,
Jph2_Heart_E11.5,chr2:163375719-163383460_chr2:163390251-163395449,enhancer_hit,single
Kank1_Forebrain_Any,chr19:25393843-25396447_chr19:25411284-25416661,enhancer_hit,single
Kank1_Heart_Any,chr19:25183786-25188271_chr19:25230424-25231424,enhancer_hit,single
Kank1_Heart_Any,chr19:25183786-25188271_chr19:25251744-25254483,enhancer_hit,
Kank1_Heart_Any,chr19:25183786-25188271_chr19:25354716-25355980,enhancer_hit,single
Kank1_Heart_Any,chr19:25230424-25231424_chr19:25251744-25254483,enhancer_hit,
Kank1_Heart_Any,chr19:25230424-25231424_chr19:25272228-25274061,enhancer_hit,single
Kank1_Heart_Any,chr19:25230424-25231424_chr19:25347472-25349264,enhancer_hit,single
Kank1_Heart_Any,chr19:25230424-25231424_chr19:25354716-25355980,enhancer_hit,single
Kank1_Heart_Any,chr19:25230424-25231424_chr19:25381274-25388085,enhancer_hit,single
Kank1_Heart_Any,chr19:25230424-25231424_chr19:25393843-25396447,enhancer_hit,single
Kank1_Heart_Any,chr19:25230424-25231424_chr19:25405099-25409023,enhancer_hit,single
Kank1_Heart_Any,chr19:25230424-25231424_chr19:25411284-25416661,enhancer_hit,single
Kank1_Heart_Any,chr19:25230424-25231424_chr19:25425419-25429227,enhancer_hit,single
Kank1_Heart_Any,chr19:25251744-25254483_chr19:25347472-25349264,enhancer_hit,
Kank1_Heart_Any,chr19:25251744-25254483_chr19:25354716-25355980,enhancer_hit,
Kank1_Heart_Any,chr19:25251744-25254483_chr19:25393843-25396447,enhancer_hit,single
Kank1_Heart_Any,chr19:25251744-25254483_chr19:25434509-25437073,enhancer_hit,
Kank1_Heart_Any,chr19:25272228-25274061_chr19:25347472-25349264,enhancer_hit,
Kank1_Heart_Any,chr19:25272228-25274061_chr19:25381274-25388085,enhancer_hit,single
Kank1_Heart_Any,chr19:25272228-25274061_chr19:25411284-25416661,enhancer_hit,
Kank1_Heart_Any,chr19:25272228-25274061_chr19:25425419-25429227,enhancer_hit,
Kank1_Heart_Any,chr19:25347472-25349264_chr19:25354716-25355980,enhancer_hit,single
Kank1_Heart_Any,chr19:25347472-25349264_chr19:25381274-25388085,enhancer_hit,
Kank1_Heart_Any,chr19:25347472-25349264_chr19:25393843-25396447,enhancer_hit,
Kank1_Heart_Any,chr19:25347472-25349264_chr19:25405099-25409023,enhancer_hit,
Kank1_Heart_Any,chr19:25347472-25349264_chr19:25411284-25416661,enhancer_hit,
Kank1_Heart_Any,chr19:25347472-25349264_chr19:25425419-25429227,enhancer_hit,
Kank1_Heart_Any,chr19:25354716-25355980_chr19:25393843-25396447,enhancer_hit,single
Kank1_Heart_Any,chr19:25381274-25388085_chr19:25393843-25396447,enhancer_hit,single
Kank1_Heart_Any,chr19:25381274-25388085_chr19:25405099-25409023,enhancer_hit,single
Kank1_Heart_Any,chr19:25381274-25388085_chr19:25411284-25416661,enhancer_hit,
Kank1_Heart_Any,chr19:25381274-25388085_chr19:25425419-25429227,enhancer_hit,
Kank1_Heart_Any,chr19:25393843-25396447_chr19:25411284-25416661,enhancer_hit,
Kank1_Heart_Any,chr19:25405099-25409023_chr19:25411284-25416661,enhancer_hit,
Kank1_Heart_Any,chr19:25411284-25416661_chr19:25425419-25429227,enhancer_hit,
Kank1_Heart_E11.5,chr19:25251744-25254483_chr19:25347472-25349264,enhancer_hit,
Kank1_Heart_E11.5,chr19:25251744-25254483_chr19:25354716-25355980,enhancer_hit,
Kank1_Heart_E11.5,chr19:25251744-25254483_chr19:25393843-25396447,enhancer_hit,single
Kank1_Heart_E11.5,chr19:25251744-25254483_chr19:25434509-25437073,enhancer_hit,
Kank1_Heart_E11.5,chr19:25272228-25274061_chr19:25347472-25349264,enhancer_hit,
Kank1_Heart_E11.5,chr19:25272228-25274061_chr19:25381274-25388085,enhancer_hit,single
Kank1_Heart_E11.5,chr19:25272228-25274061_chr19:25411284-25416661,enhancer_hit,single
Kank1_Heart_E11.5,chr19:25272228-25274061_chr19:25425419-25429227,enhancer_hit,
Kank1_Heart_E11.5,chr19:25347472-25349264_chr19:25354716-25355980,enhancer_hit,single
Kank1_Heart_E11.5,chr19:25347472-25349264_chr19:25381274-25388085,enhancer_hit,
Kank1_Heart_E11.5,chr19:25347472-25349264_chr19:25393843-25396447,enhancer_hit,
Kank1_Heart_E11.5,chr19:25347472-25349264_chr19:25405099-25409023,enhancer_hit,
Kank1_Heart_E11.5,chr19:25347472-25349264_chr19:25411284-25416661,enhancer_hit,
Kank1_Heart_E11.5,chr19:25347472-25349264_chr19:25425419-25429227,enhancer_hit,
Kank1_Heart_E11.5,chr19:25354716-25355980_chr19:25393843-25396447,enhancer_hit,single
Kank1_Heart_E11.5,chr19:25381274-25388085_chr19:25393843-25396447,enhancer_hit,single
Kank1_Heart_E11.5,chr19:25381274-25388085_chr19:25405099-25409023,enhancer_hit,single
Kank1_Heart_E11.5,chr19:25381274-25388085_chr19:25411284-25416661,enhancer_hit,
Kank1_Heart_E11.5,chr19:25381274-25388085_chr19:25425419-25429227,enhancer_hit,
Kank1_Heart_E11.5,chr19:25393843-25396447_chr19:25411284-25416661,enhancer_hit,single
Kank1_Heart_E11.5,chr19:25405099-25409023_chr19:25411284-25416661,enhancer_hit,single
Kank1_Heart_E11.5,chr19:25411284-25416661_chr19:25425419-25429227,enhancer_hit,
Kank1_Limb_Any,chr19:25381274-25388085_chr19:25393843-25396447,enhancer_hit,single
Kank1_Limb_Any,chr19:25381274-25388085_chr19:25405099-25409023,enhancer_hit,single
Kank1_Limb_Any,chr19:25381274-25388085_chr19:25411284-25416661,enhancer_hit,
Kank1_Limb_Any,chr19:25393843-25396447_chr19:25411284-25416661,enhancer_hit,single
Kank1_Limb_Any,chr19:25405099-25409023_chr19:25411284-25416661,enhancer_hit,single
Kank1_Limb_E11.5,chr19:25381274-25388085_chr19:25393843-25396447,enhancer_hit,single
Kank1_Limb_E11.5,chr19:25381274-25388085_chr19:25405099-25409023,enhancer_hit,single
Kank1_Limb_E11.5,chr19:25381274-25388085_chr19:25411284-25416661,enhancer_hit,
Kank1_Limb_E11.5,chr19:25393843-25396447_chr19:25411284-25416661,enhancer_hit,single
Kank1_Limb_E11.5,chr19:25405099-25409023_chr19:25411284-25416661,enhancer_hit,single
Kank2_Forebrain_Any,chr9:21747205-21755445_chr9:21781390-21793471,enhancer_hit,single
Kank2_Forebrain_Any,chr9:21766821-21770576_chr9:21781390-21793471,enhancer_hit,single
Kank2_Heart_Any,chr9:21747205-21755445_chr9:21762786-21764258,enhancer_hit,double
Kank2_Heart_Any,chr9:21747205-21755445_chr9:21781390-21793471,enhancer_hit,single
Kank2_Heart_Any,chr9:21747205-21755445_chr9:21857214-21858599,enhancer_hit,double
Kank2_Heart_Any,chr9:21762786-21764258_chr9:21781390-21793471,enhancer_hit,single
Kank2_Heart_Any,chr9:21766821-21770576_chr9:21781390-21793471,enhancer_hit,single
Kank2_Heart_Any,chr9:21781390-21793471_chr9:21857214-21858599,enhancer_hit,single
Kank2_Heart_E11.5,chr9:21747205-21755445_chr9:21762786-21764258,enhancer_hit,double
Kank2_Heart_E11.5,chr9:21747205-21755445_chr9:21781390-21793471,enhancer_hit,single
Kank2_Heart_E11.5,chr9:21747205-21755445_chr9:21857214-21858599,enhancer_hit,double
Kank2_Heart_E11.5,chr9:21762786-21764258_chr9:21781390-21793471,enhancer_hit,single
Kank2_Heart_E11.5,chr9:21766821-21770576_chr9:21781390-21793471,enhancer_hit,single
Kank2_Heart_E11.5,chr9:21781390-21793471_chr9:21857214-21858599,enhancer_hit,single
Kank2_Limb_Any,chr9:21766821-21770576_chr9:21781390-21793471,enhancer_hit,single
Kank2_Limb_E11.5,chr9:21766821-21770576_chr9:21781390-21793471,enhancer_hit,single
Kansl3_Heart_Any,chr1:36579293-36582396_chr1:37383844-37387961,enhancer_hit,
Kansl3_Heart_E11.5,chr1:36579293-36582396_chr1:37383844-37387961,enhancer_hit,
Kat2b_Heart_Any,chr17:53581958-53585139_chr17:53585772-53589070,enhancer_hit,single
Katnal1_Forebrain_Any,chr5:148907485-148909975_chr5:149560265-149562216,enhancer_hit,
Kcnb1_Forebrain_Any,chr2:165825907-165827304_chr2:165861640-165871050,enhancer_hit,double
Kcnb1_Forebrain_Any,chr2:165861640-165871050_chr2:165872614-165875937,enhancer_hit,single
Kcnb1_Forebrain_E11.5,chr2:165861640-165871050_chr2:165872614-165875937,enhancer_hit,single
Kcnb1_Heart_Any,chr2:165825907-165827304_chr2:165861640-165871050,enhancer_hit,double
Kcnb1_Heart_Any,chr2:165861640-165871050_chr2:165872614-165875937,enhancer_hit,single
Kcnb1_Heart_E11.5,chr2:165861640-165871050_chr2:165872614-165875937,enhancer_hit,single
Kcnb1_Limb_Any,chr2:165861640-165871050_chr2:165872614-165875937,enhancer_hit,single
Kcnb1_Limb_E11.5,chr2:165861640-165871050_chr2:165872614-165875937,enhancer_hit,single
Kcnh3_Forebrain_Any,chr15:99017071-99019919_chr15:99439063-99442110,enhancer_hit,single
Kcnh3_Forebrain_Any,chr15:99439063-99442110_chr15:99798016-99799016,enhancer_hit,single
Kcnh3_Limb_Any,chr15:99017071-99019919_chr15:99439063-99442110,enhancer_hit,single
Kcnh3_Limb_E11.5,chr15:99017071-99019919_chr15:99439063-99442110,enhancer_hit,single
Kcnj15_Heart_Any,chr16:95398415-95399758_chr16:95759099-95761186,enhancer_hit,single
Kcnk3_Heart_Any,chr5:30242948-30244567_chr5:30591189-30596167,enhancer_hit,single
Kcnk3_Heart_Any,chr5:30242948-30244567_chr5:31015409-31016837,enhancer_hit,single
Kcnk3_Heart_E11.5,chr5:30242948-30244567_chr5:30591189-30596167,enhancer_hit,single
Kcnk3_Heart_E11.5,chr5:30242948-30244567_chr5:31015409-31016837,enhancer_hit,single
Kcnn4_Heart_Any,chr7:24372762-24381006_chr7:24381737-24385386,enhancer_hit,
Kcnn4_Heart_E11.5,chr7:24372762-24381006_chr7:24381737-24385386,enhancer_hit,
Kcnq1_Heart_Any,chr7:143117943-143126099_chr7:143355498-143359296,enhancer_hit,single
Kcnq1_Heart_E11.5,chr7:143117943-143126099_chr7:143355498-143359296,enhancer_hit,single
Kdr_Heart_Any,chr5:75895869-75897848_chr5:77126196-77127759,enhancer_hit,single
Kdr_Heart_E11.5,chr5:75895869-75897848_chr5:77126196-77127759,enhancer_hit,single
Kif13a_Heart_Any,chr13:46839101-46843066_chr13:46915816-46922788,enhancer_hit,
Kif13a_Heart_Any,chr13:46871343-46875264_chr13:46907103-46912951,enhancer_hit,
Kif13a_Heart_Any,chr13:46871343-46875264_chr13:46915816-46922788,enhancer_hit,
Kif13a_Heart_Any,chr13:46875869-46878189_chr13:46907103-46912951,enhancer_hit,single
Kif13a_Heart_Any,chr13:46907103-46912951_chr13:46915816-46922788,enhancer_hit,
Kif13a_Heart_E11.5,chr13:46871343-46875264_chr13:46907103-46912951,enhancer_hit,
Kif13a_Heart_E11.5,chr13:46871343-46875264_chr13:46915816-46922788,enhancer_hit,
Kif13a_Heart_E11.5,chr13:46875869-46878189_chr13:46907103-46912951,enhancer_hit,single
Kif13a_Heart_E11.5,chr13:46907103-46912951_chr13:46915816-46922788,enhancer_hit,
Kif1b_Forebrain_Any,chr4:149254049-149257446_chr4:149317212-149319984,enhancer_hit,single
Kif20a_Heart_Any,chr18:34382182-34383831_chr18:34633577-34635354,enhancer_hit,single
Kif21a_Forebrain_Any,chr15:91010219-91020913_chr15:91088542-91092982,enhancer_hit,
Kif21a_Forebrain_E11.5,chr15:91010219-91020913_chr15:91088542-91092982,enhancer_hit,
Kif26b_Heart_Any,chr1:178714941-178717857_chr1:179197186-179199445,enhancer_hit,
Kif26b_Heart_E11.5,chr1:178714941-178717857_chr1:179197186-179199445,enhancer_hit,
Kif26b_Limb_Any,chr1:179080650-179081650_chr1:179094631-179098201,enhancer_hit,
Kif26b_Limb_Any,chr1:179094631-179098201_chr1:179142668-179145573,enhancer_hit,
Kif26b_Limb_Any,chr1:179094631-179098201_chr1:179197186-179199445,enhancer_hit,
Kif26b_Limb_Any,chr1:179142668-179145573_chr1:179197186-179199445,enhancer_hit,
Kif26b_Limb_E11.5,chr1:179080650-179081650_chr1:179094631-179098201,enhancer_hit,
Kif26b_Limb_E11.5,chr1:179094631-179098201_chr1:179142668-179145573,enhancer_hit,
Kif26b_Limb_E11.5,chr1:179094631-179098201_chr1:179197186-179199445,enhancer_hit,
Kif26b_Limb_E11.5,chr1:179142668-179145573_chr1:179197186-179199445,enhancer_hit,
Kif3c_Forebrain_Any,chr12:3518275-3519684_chr12:4501381-4504768,enhancer_hit,single
Kif7_Limb_Any,chr7:79857439-79859039_chr7:79866571-79868945,enhancer_hit,single
Kif7_Limb_E11.5,chr7:79857439-79859039_chr7:79866571-79868945,enhancer_hit,single
Kirrel_Limb_Any,chr3:87156800-87162288_chr3:87744444-87746123,enhancer_hit,
Kirrel_Limb_Any,chr3:87164382-87166526_chr3:87744444-87746123,enhancer_hit,
Kirrel_Limb_E11.5,chr3:87156800-87162288_chr3:87744444-87746123,enhancer_hit,
Kirrel_Limb_E11.5,chr3:87164382-87166526_chr3:87744444-87746123,enhancer_hit,
Klf10_Forebrain_Any,chr15:36838356-36844159_chr15:37723142-37727546,enhancer_hit,single
Klf10_Heart_Any,chr15:36838356-36844159_chr15:37723142-37727546,enhancer_hit,single
Klf2_Heart_Any,chr8:72260264-72262011_chr8:72310382-72311901,enhancer_hit,single
Klf2_Heart_Any,chr8:72260264-72262011_chr8:72582914-72585274,enhancer_hit,single
Klf2_Heart_Any,chr8:72260264-72262011_chr8:72586416-72590242,enhancer_hit,single
Klf2_Heart_Any,chr8:72310382-72311901_chr8:72582914-72585274,enhancer_hit,single
Klf2_Heart_Any,chr8:72310382-72311901_chr8:72586416-72590242,enhancer_hit,single
Klf2_Heart_Any,chr8:72582914-72585274_chr8:72586416-72590242,enhancer_hit,single
Klf3_Forebrain_Any,chr5:64340767-64347107_chr5:64499934-64507142,enhancer_hit,single
Klf3_Forebrain_E11.5,chr5:64340767-64347107_chr5:64499934-64507142,enhancer_hit,single
Klf3_Heart_Any,chr5:64340767-64347107_chr5:64499934-64507142,enhancer_hit,single
Klf3_Heart_Any,chr5:64340767-64347107_chr5:64575306-64581933,enhancer_hit,
Klf3_Heart_Any,chr5:64340767-64347107_chr5:64863961-64866953,enhancer_hit,
Klf3_Heart_Any,chr5:64499934-64507142_chr5:64575306-64581933,enhancer_hit,
Klf3_Heart_Any,chr5:64575306-64581933_chr5:64863961-64866953,enhancer_hit,single
Klf3_Heart_E11.5,chr5:64499934-64507142_chr5:64575306-64581933,enhancer_hit,
Klf3_Limb_Any,chr5:64340767-64347107_chr5:64499934-64507142,enhancer_hit,single
Klf3_Limb_Any,chr5:64340767-64347107_chr5:64575306-64581933,enhancer_hit,
Klf3_Limb_Any,chr5:64340767-64347107_chr5:64863961-64866953,enhancer_hit,
Klf3_Limb_Any,chr5:64499934-64507142_chr5:64575306-64581933,enhancer_hit,
Klf3_Limb_Any,chr5:64575306-64581933_chr5:64863961-64866953,enhancer_hit,single
Klf3_Limb_E11.5,chr5:64340767-64347107_chr5:64499934-64507142,enhancer_hit,single
Klhdc1_Heart_Any,chr12:69456012-69459607_chr12:69644917-69647358,enhancer_hit,single
Klhl38_Heart_Any,chr15:58186332-58195914_chr15:58197479-58206035,enhancer_hit,single
Klhl38_Heart_Any,chr15:58186332-58195914_chr15:58207055-58208055,enhancer_hit,single
Klhl38_Heart_Any,chr15:58186332-58195914_chr15:58307891-58309396,enhancer_hit,single
Klhl38_Heart_Any,chr15:58197479-58206035_chr15:58285953-58288199,enhancer_hit,
Klhl38_Heart_Any,chr15:58197479-58206035_chr15:58307891-58309396,enhancer_hit,single
Klhl38_Heart_E11.5,chr15:58186332-58195914_chr15:58197479-58206035,enhancer_hit,single
Klhl38_Heart_E11.5,chr15:58186332-58195914_chr15:58307891-58309396,enhancer_hit,single
Klhl38_Heart_E11.5,chr15:58197479-58206035_chr15:58285953-58288199,enhancer_hit,
Klhl38_Heart_E11.5,chr15:58197479-58206035_chr15:58307891-58309396,enhancer_hit,single
Klrb1_Forebrain_Any,chr6:128759826-128761932_chr6:128797633-128800565,enhancer_hit,double
Klrb1_Heart_Any,chr6:128759826-128761932_chr6:128797633-128800565,enhancer_hit,double
Klrb1_Limb_Any,chr6:128759826-128761932_chr6:128797633-128800565,enhancer_hit,double
Klrg2_Forebrain_Any,chr6:39241754-39244933_chr6:39317530-39320041,enhancer_hit,single
Klrg2_Forebrain_Any,chr6:39241754-39244933_chr6:39514257-39516990,enhancer_hit,double
Klrg2_Forebrain_Any,chr6:39317530-39320041_chr6:39514257-39516990,enhancer_hit,double
Klrg2_Heart_Any,chr6:39241754-39244933_chr6:39317530-39320041,enhancer_hit,single
Klrg2_Heart_Any,chr6:39241754-39244933_chr6:39514257-39516990,enhancer_hit,double
Klrg2_Heart_Any,chr6:39241754-39244933_chr6:39554287-39555367,enhancer_hit,single
Klrg2_Heart_Any,chr6:39317530-39320041_chr6:39514257-39516990,enhancer_hit,double
Klrg2_Heart_Any,chr6:39317530-39320041_chr6:39554287-39555367,enhancer_hit,single
Klrg2_Heart_Any,chr6:39514257-39516990_chr6:39554287-39555367,enhancer_hit,single
Klrg2_Heart_E11.5,chr6:39241754-39244933_chr6:39317530-39320041,enhancer_hit,single
Klrg2_Heart_E11.5,chr6:39241754-39244933_chr6:39514257-39516990,enhancer_hit,double
Klrg2_Heart_E11.5,chr6:39317530-39320041_chr6:39514257-39516990,enhancer_hit,double
Klrg2_Limb_Any,chr6:39241754-39244933_chr6:39514257-39516990,enhancer_hit,double
Klrg2_Limb_E11.5,chr6:39241754-39244933_chr6:39514257-39516990,enhancer_hit,double
Kremen1_Heart_Any,chr11:5238571-5246035_chr11:5264058-5267275,enhancer_hit,single
Kremen1_Heart_Any,chr11:5238571-5246035_chr11:5421202-5423098,enhancer_hit,single
Kremen1_Heart_Any,chr11:5264058-5267275_chr11:5430766-5431890,enhancer_hit,single
Kremen1_Heart_E11.5,chr11:5238571-5246035_chr11:5264058-5267275,enhancer_hit,single
Kremen1_Limb_Any,chr11:5238571-5246035_chr11:5421202-5423098,enhancer_hit,single
Krt15_Forebrain_Any,chr11:99054374-99056902_chr11:99112363-99114050,enhancer_hit,single
Krt15_Forebrain_Any,chr11:99054374-99056902_chr11:99131229-99137300,enhancer_hit,single
Krt15_Forebrain_Any,chr11:99054374-99056902_chr11:99146366-99150450,enhancer_hit,
Krt15_Forebrain_Any,chr11:99112363-99114050_chr11:99146366-99150450,enhancer_hit,
Krt15_Forebrain_Any,chr11:99131229-99137300_chr11:99146366-99150450,enhancer_hit,
Krt15_Forebrain_E11.5,chr11:99054374-99056902_chr11:99112363-99114050,enhancer_hit,single
Krt15_Forebrain_E11.5,chr11:99054374-99056902_chr11:99131229-99137300,enhancer_hit,single
Krt15_Forebrain_E11.5,chr11:99054374-99056902_chr11:99146366-99150450,enhancer_hit,
Krt15_Forebrain_E11.5,chr11:99112363-99114050_chr11:99146366-99150450,enhancer_hit,
Krt15_Forebrain_E11.5,chr11:99131229-99137300_chr11:99146366-99150450,enhancer_hit,
Krt15_Heart_Any,chr11:99054374-99056902_chr11:99112363-99114050,enhancer_hit,single
Krt15_Heart_Any,chr11:99054374-99056902_chr11:99131229-99137300,enhancer_hit,single
Krt15_Heart_Any,chr11:99054374-99056902_chr11:99146366-99150450,enhancer_hit,
Krt15_Heart_Any,chr11:99112363-99114050_chr11:99146366-99150450,enhancer_hit,
Krt15_Heart_Any,chr11:99131229-99137300_chr11:99146366-99150450,enhancer_hit,
Krt15_Heart_E11.5,chr11:99112363-99114050_chr11:99146366-99150450,enhancer_hit,
Krt15_Heart_E11.5,chr11:99131229-99137300_chr11:99146366-99150450,enhancer_hit,
Krt15_Limb_Any,chr11:99054374-99056902_chr11:99112363-99114050,enhancer_hit,single
Krt15_Limb_Any,chr11:99054374-99056902_chr11:99131229-99137300,enhancer_hit,single
Krt15_Limb_Any,chr11:99054374-99056902_chr11:99146366-99150450,enhancer_hit,
Krt15_Limb_Any,chr11:99112363-99114050_chr11:99146366-99150450,enhancer_hit,
Krt15_Limb_Any,chr11:99131229-99137300_chr11:99146366-99150450,enhancer_hit,
Krt15_Limb_E11.5,chr11:99054374-99056902_chr11:99112363-99114050,enhancer_hit,single
Krt15_Limb_E11.5,chr11:99054374-99056902_chr11:99131229-99137300,enhancer_hit,single
Krt15_Limb_E11.5,chr11:99054374-99056902_chr11:99146366-99150450,enhancer_hit,
Krt15_Limb_E11.5,chr11:99112363-99114050_chr11:99146366-99150450,enhancer_hit,
Krt15_Limb_E11.5,chr11:99131229-99137300_chr11:99146366-99150450,enhancer_hit,
Krt19_Heart_Any,chr11:100153561-100159032_chr11:100165479-100169454,enhancer_hit,single
Ksr2_Forebrain_Any,chr5:116208041-116210936_chr5:116273714-116275770,enhancer_hit,single
Ksr2_Forebrain_Any,chr5:116208041-116210936_chr5:116322089-116324198,enhancer_hit,
Kxd1_Forebrain_Any,chr8:70196986-70202545_chr8:70550735-70566269,enhancer_hit,single
Kxd1_Heart_Any,chr8:70000494-70002830_chr8:70005123-70006123,enhancer_hit,single
Kxd1_Heart_Any,chr8:70000494-70002830_chr8:70196986-70202545,enhancer_hit,single
Kxd1_Heart_Any,chr8:70000494-70002830_chr8:70218621-70222017,enhancer_hit,single
Kxd1_Heart_Any,chr8:70000494-70002830_chr8:70258002-70259963,enhancer_hit,single
Kxd1_Heart_Any,chr8:70000494-70002830_chr8:70547754-70549006,enhancer_hit,double
Kxd1_Heart_Any,chr8:70000494-70002830_chr8:70550735-70566269,enhancer_hit,double
Kxd1_Heart_Any,chr8:70005123-70006123_chr8:70196986-70202545,enhancer_hit,single
Kxd1_Heart_Any,chr8:70005123-70006123_chr8:70218621-70222017,enhancer_hit,single
Kxd1_Heart_Any,chr8:70005123-70006123_chr8:70547754-70549006,enhancer_hit,double
Kxd1_Heart_Any,chr8:70005123-70006123_chr8:70550735-70566269,enhancer_hit,double
Kxd1_Heart_Any,chr8:70196986-70202545_chr8:70218621-70222017,enhancer_hit,single
Kxd1_Heart_Any,chr8:70196986-70202545_chr8:70258002-70259963,enhancer_hit,
Kxd1_Heart_Any,chr8:70196986-70202545_chr8:70547754-70549006,enhancer_hit,single
Kxd1_Heart_Any,chr8:70196986-70202545_chr8:70550735-70566269,enhancer_hit,single
Kxd1_Heart_Any,chr8:70218621-70222017_chr8:70547754-70549006,enhancer_hit,single
Kxd1_Heart_Any,chr8:70218621-70222017_chr8:70550735-70566269,enhancer_hit,single
Kxd1_Heart_Any,chr8:70258002-70259963_chr8:70550735-70566269,enhancer_hit,
Kxd1_Heart_Any,chr8:70547754-70549006_chr8:70550735-70566269,enhancer_hit,double
Kxd1_Heart_E11.5,chr8:70000494-70002830_chr8:70550735-70566269,enhancer_hit,double
L2hgdh_Heart_Any,chr12:69316844-69319212_chr12:69750751-69752796,enhancer_hit,single
Lad1_Heart_Any,chr1:135792061-135796901_chr1:135806752-135815080,enhancer_hit,
Lad1_Heart_E11.5,chr1:135792061-135796901_chr1:135806752-135815080,enhancer_hit,
Lama4_Limb_Any,chr10:38121268-38123471_chr10:38983394-38987842,enhancer_hit,single
Lamb1_Heart_Any,chr12:31143181-31150156_chr12:31267792-31272809,enhancer_hit,
Lamb1_Heart_Any,chr12:31190281-31192319_chr12:31212954-31214909,enhancer_hit,single
Lamb1_Heart_Any,chr12:31190281-31192319_chr12:31702857-31708114,enhancer_hit,
Lamb1_Heart_Any,chr12:31190281-31192319_chr12:31724734-31726662,enhancer_hit,
Lamb1_Heart_Any,chr12:31212954-31214909_chr12:31298730-31301112,enhancer_hit,
Lamb1_Heart_Any,chr12:31212954-31214909_chr12:31702857-31708114,enhancer_hit,
Lamb1_Heart_Any,chr12:31212954-31214909_chr12:31724734-31726662,enhancer_hit,single
Lamb1_Heart_Any,chr12:31247979-31249739_chr12:31277941-31281725,enhancer_hit,
Lamb1_Heart_Any,chr12:31247979-31249739_chr12:31291322-31297408,enhancer_hit,
Lamb1_Heart_Any,chr12:31267792-31272809_chr12:31277941-31281725,enhancer_hit,
Lamb1_Heart_Any,chr12:31277941-31281725_chr12:31291322-31297408,enhancer_hit,
Lamb1_Heart_Any,chr12:31702857-31708114_chr12:31724734-31726662,enhancer_hit,
Lamb1_Heart_E11.5,chr12:31143181-31150156_chr12:31267792-31272809,enhancer_hit,
Lamb1_Heart_E11.5,chr12:31267792-31272809_chr12:31277941-31281725,enhancer_hit,
Lamb1_Heart_E11.5,chr12:31277941-31281725_chr12:31291322-31297408,enhancer_hit,
Lamb1_Heart_E11.5,chr12:31702857-31708114_chr12:31724734-31726662,enhancer_hit,
Lamb1_Limb_Any,chr12:31190281-31192319_chr12:31217862-31220141,enhancer_hit,single
Lamc1_Heart_Any,chr1:152790309-152794098_chr1:153272514-153283240,enhancer_hit,single
Lamc1_Heart_Any,chr1:153100176-153102046_chr1:153106077-153107077,enhancer_hit,single
Lamc1_Heart_Any,chr1:153100176-153102046_chr1:153272514-153283240,enhancer_hit,single
Lamc1_Heart_Any,chr1:153100176-153102046_chr1:153319487-153323088,enhancer_hit,single
Lamc1_Heart_Any,chr1:153106077-153107077_chr1:153152003-153154438,enhancer_hit,single
Lamc1_Heart_Any,chr1:153106077-153107077_chr1:153223503-153226434,enhancer_hit,single
Lamc1_Heart_Any,chr1:153106077-153107077_chr1:153272514-153283240,enhancer_hit,single
Lamc1_Heart_Any,chr1:153152003-153154438_chr1:153171873-153175692,enhancer_hit,single
Lamc1_Heart_Any,chr1:153152003-153154438_chr1:153223503-153226434,enhancer_hit,single
Lamc1_Heart_Any,chr1:153152003-153154438_chr1:153263748-153269595,enhancer_hit,single
Lamc1_Heart_Any,chr1:153152003-153154438_chr1:153272514-153283240,enhancer_hit,single
Lamc1_Heart_Any,chr1:153152003-153154438_chr1:153353442-153355806,enhancer_hit,single
Lamc1_Heart_Any,chr1:153171873-153175692_chr1:153223503-153226434,enhancer_hit,
Lamc1_Heart_Any,chr1:153171873-153175692_chr1:153272514-153283240,enhancer_hit,single
Lamc1_Heart_Any,chr1:153223503-153226434_chr1:153272514-153283240,enhancer_hit,
Lamc1_Heart_Any,chr1:153263748-153269595_chr1:153272514-153283240,enhancer_hit,
Lamc1_Heart_Any,chr1:153272514-153283240_chr1:153353442-153355806,enhancer_hit,
Lamc1_Heart_E11.5,chr1:152790309-152794098_chr1:153272514-153283240,enhancer_hit,single
Lamc1_Heart_E11.5,chr1:153100176-153102046_chr1:153106077-153107077,enhancer_hit,single
Lamc1_Heart_E11.5,chr1:153100176-153102046_chr1:153272514-153283240,enhancer_hit,single
Lamc1_Heart_E11.5,chr1:153100176-153102046_chr1:153319487-153323088,enhancer_hit,single
Lamc1_Heart_E11.5,chr1:153106077-153107077_chr1:153272514-153283240,enhancer_hit,single
Lamc1_Heart_E11.5,chr1:153171873-153175692_chr1:153272514-153283240,enhancer_hit,single
Lamc1_Heart_E11.5,chr1:153263748-153269595_chr1:153272514-153283240,enhancer_hit,
Lamc1_Limb_Any,chr1:152790309-152794098_chr1:153095576-153097279,enhancer_hit,single
Lamc1_Limb_E11.5,chr1:152790309-152794098_chr1:153095576-153097279,enhancer_hit,single
Lamc2_Heart_Any,chr1:153064344-153066960_chr1:153190698-153193125,enhancer_hit,single
Lamc2_Heart_Any,chr1:153064344-153066960_chr1:153200693-153202181,enhancer_hit,single
Lamc2_Heart_Any,chr1:153139979-153142084_chr1:153190698-153193125,enhancer_hit,single
Lamc2_Heart_Any,chr1:153179887-153181333_chr1:153190698-153193125,enhancer_hit,
Lamc2_Heart_Any,chr1:153200693-153202181_chr1:153291121-153293943,enhancer_hit,
Lamc2_Limb_Any,chr1:153179887-153181333_chr1:153190698-153193125,enhancer_hit,
Lats2_Heart_Any,chr14:57877806-57879059_chr14:57886489-57887750,enhancer_hit,double
Lclat1_Heart_Any,chr17:73011761-73017484_chr17:73163425-73164425,enhancer_hit,single
Ldlrad4_Forebrain_Any,chr18:68129058-68132503_chr18:68193653-68201566,enhancer_hit,
Ldlrad4_Heart_Any,chr18:67937784-67940020_chr18:68149044-68150125,enhancer_hit,single
Ldlrad4_Heart_Any,chr18:67983756-67986965_chr18:68149044-68150125,enhancer_hit,
Ldlrad4_Heart_Any,chr18:68047173-68049922_chr18:68193653-68201566,enhancer_hit,
Ldlrad4_Heart_Any,chr18:68129058-68132503_chr18:68193653-68201566,enhancer_hit,
Ldlrap1_Heart_Any,chr4:134272701-134274725_chr4:134733499-134736977,enhancer_hit,single
Ldlrap1_Heart_Any,chr4:134272701-134274725_chr4:134758476-134765524,enhancer_hit,single
Ldlrap1_Heart_Any,chr4:134272701-134274725_chr4:135285326-135288175,enhancer_hit,single
Ldlrap1_Heart_Any,chr4:134272701-134274725_chr4:135311915-135315685,enhancer_hit,single
Ldlrap1_Heart_Any,chr4:134733499-134736977_chr4:134758476-134765524,enhancer_hit,single
Ldlrap1_Heart_Any,chr4:134733499-134736977_chr4:135285326-135288175,enhancer_hit,double
Ldlrap1_Heart_Any,chr4:134733499-134736977_chr4:135311915-135315685,enhancer_hit,double
Ldlrap1_Heart_Any,chr4:134758476-134765524_chr4:135285326-135288175,enhancer_hit,single
Ldlrap1_Heart_Any,chr4:134758476-134765524_chr4:135311915-135315685,enhancer_hit,single
Ldlrap1_Heart_E11.5,chr4:134272701-134274725_chr4:134758476-134765524,enhancer_hit,single
Ldlrap1_Heart_E11.5,chr4:134272701-134274725_chr4:135285326-135288175,enhancer_hit,single
Ldlrap1_Heart_E11.5,chr4:134272701-134274725_chr4:135311915-135315685,enhancer_hit,single
Ldlrap1_Heart_E11.5,chr4:134758476-134765524_chr4:135285326-135288175,enhancer_hit,single
Ldlrap1_Heart_E11.5,chr4:134758476-134765524_chr4:135311915-135315685,enhancer_hit,single
Ldlrap1_Limb_Any,chr4:134733499-134736977_chr4:135311915-135315685,enhancer_hit,double
Lemd1_Forebrain_Any,chr1:132167288-132169375_chr1:132430312-132432400,enhancer_hit,single
Lemd1_Forebrain_Any,chr1:132211870-132214012_chr1:132430312-132432400,enhancer_hit,single
Lemd3_Limb_Any,chr10:121393283-121395404_chr10:121504630-121507883,enhancer_hit,single
Lemd3_Limb_E11.5,chr10:121393283-121395404_chr10:121504630-121507883,enhancer_hit,single
Lgals9_Heart_Any,chr11:79086301-79090112_chr11:79526290-79528088,enhancer_hit,single
Lgr4_Heart_Any,chr2:109952954-109956525_chr2:109988033-109993118,enhancer_hit,
Lgr4_Heart_Any,chr2:109952954-109956525_chr2:110185914-110194388,enhancer_hit,
Lgr4_Heart_Any,chr2:109963365-109964365_chr2:110185914-110194388,enhancer_hit,
Lgr4_Heart_Any,chr2:109982969-109987040_chr2:109988033-109993118,enhancer_hit,
Lgr4_Heart_Any,chr2:109982969-109987040_chr2:110185914-110194388,enhancer_hit,
Lgr4_Heart_Any,chr2:109988033-109993118_chr2:110185914-110194388,enhancer_hit,
Lgr4_Heart_Any,chr2:110035992-110038633_chr2:110185914-110194388,enhancer_hit,
Lgr4_Heart_E11.5,chr2:109988033-109993118_chr2:110185914-110194388,enhancer_hit,
Lgr4_Heart_E11.5,chr2:110035992-110038633_chr2:110185914-110194388,enhancer_hit,
Lgr4_Limb_Any,chr2:109988033-109993118_chr2:110185914-110194388,enhancer_hit,
Lgr4_Limb_Any,chr2:110035992-110038633_chr2:110185914-110194388,enhancer_hit,
Lgr4_Limb_E11.5,chr2:109988033-109993118_chr2:110185914-110194388,enhancer_hit,
Lgr6_Heart_Any,chr1:134858028-134861620_chr1:134908294-134916023,enhancer_hit,single
Lgr6_Heart_Any,chr1:134858028-134861620_chr1:134930650-134937397,enhancer_hit,single
Lgr6_Heart_Any,chr1:134858028-134861620_chr1:134949379-134951073,enhancer_hit,single
Lgr6_Heart_Any,chr1:134858028-134861620_chr1:135097489-135099845,enhancer_hit,single
Lgr6_Heart_Any,chr1:134908294-134916023_chr1:134930650-134937397,enhancer_hit,single
Lgr6_Heart_Any,chr1:134908294-134916023_chr1:134949379-134951073,enhancer_hit,single
Lgr6_Heart_Any,chr1:134908294-134916023_chr1:135097489-135099845,enhancer_hit,single
Lgr6_Heart_Any,chr1:134930650-134937397_chr1:134940062-134941644,enhancer_hit,single
Lgr6_Heart_Any,chr1:134930650-134937397_chr1:134949379-134951073,enhancer_hit,single
Lgr6_Heart_Any,chr1:134930650-134937397_chr1:135097489-135099845,enhancer_hit,single
Lgr6_Heart_Any,chr1:134949379-134951073_chr1:135097489-135099845,enhancer_hit,single
Lgr6_Heart_E11.5,chr1:134858028-134861620_chr1:134908294-134916023,enhancer_hit,single
Lhfp_Heart_Any,chr3:53083465-53084564_chr3:53257974-53259706,enhancer_hit,
Lhx5_Forebrain_Any,chr5:120205511-120207529_chr5:120210000-120211695,enhancer_hit,single
Lhx5_Forebrain_Any,chr5:120217009-120218657_chr5:120228534-120233550,enhancer_hit,single
Lhx5_Forebrain_Any,chr5:120217009-120218657_chr5:120393104-120394662,enhancer_hit,single
Lhx5_Forebrain_Any,chr5:120228534-120233550_chr5:120279460-120282461,enhancer_hit,single
Lhx5_Forebrain_Any,chr5:120228534-120233550_chr5:120283831-120285225,enhancer_hit,
Lhx5_Forebrain_Any,chr5:120228534-120233550_chr5:120370877-120372249,enhancer_hit,
Lhx5_Forebrain_Any,chr5:120228534-120233550_chr5:120393104-120394662,enhancer_hit,single
Lhx5_Forebrain_Any,chr5:120228534-120233550_chr5:120434269-120441143,enhancer_hit,
Lhx5_Forebrain_Any,chr5:120283831-120285225_chr5:120370877-120372249,enhancer_hit,
Lhx5_Forebrain_Any,chr5:120364773-120367191_chr5:120393104-120394662,enhancer_hit,
Lhx5_Forebrain_E11.5,chr5:120228534-120233550_chr5:120279460-120282461,enhancer_hit,single
Lhx5_Forebrain_E11.5,chr5:120228534-120233550_chr5:120283831-120285225,enhancer_hit,
Lhx5_Forebrain_E11.5,chr5:120228534-120233550_chr5:120370877-120372249,enhancer_hit,
Lhx5_Forebrain_E11.5,chr5:120228534-120233550_chr5:120393104-120394662,enhancer_hit,single
Lhx5_Forebrain_E11.5,chr5:120228534-120233550_chr5:120434269-120441143,enhancer_hit,
Lhx5_Forebrain_E11.5,chr5:120283831-120285225_chr5:120370877-120372249,enhancer_hit,
Limch1_Forebrain_Any,chr5:66797213-66802747_chr5:66941236-66942528,enhancer_hit,
Lims1_Forebrain_Any,chr10:58367763-58374518_chr10:58404120-58406973,enhancer_hit,single
Lims1_Forebrain_Any,chr10:58386181-58387976_chr10:58404120-58406973,enhancer_hit,
Lims1_Heart_Any,chr10:58353227-58356301_chr10:58362111-58366198,enhancer_hit,single
Lims1_Heart_Any,chr10:58353227-58356301_chr10:58367763-58374518,enhancer_hit,single
Lims1_Heart_Any,chr10:58353227-58356301_chr10:58404120-58406973,enhancer_hit,single
Lims1_Heart_Any,chr10:58353227-58356301_chr10:58415646-58417683,enhancer_hit,double
Lims1_Heart_Any,chr10:58362111-58366198_chr10:58367763-58374518,enhancer_hit,single
Lims1_Heart_Any,chr10:58362111-58366198_chr10:58404120-58406973,enhancer_hit,
Lims1_Heart_Any,chr10:58362111-58366198_chr10:58415646-58417683,enhancer_hit,single
Lims1_Heart_Any,chr10:58367763-58374518_chr10:58404120-58406973,enhancer_hit,single
Lims1_Heart_Any,chr10:58367763-58374518_chr10:58415646-58417683,enhancer_hit,single
Lims1_Heart_Any,chr10:58404120-58406973_chr10:58415646-58417683,enhancer_hit,single
Lims1_Heart_E11.5,chr10:58353227-58356301_chr10:58367763-58374518,enhancer_hit,single
Lims1_Heart_E11.5,chr10:58353227-58356301_chr10:58404120-58406973,enhancer_hit,single
Lims1_Heart_E11.5,chr10:58367763-58374518_chr10:58404120-58406973,enhancer_hit,single
Lipc_Heart_Any,chr9:70832274-70843845_chr9:70846488-70849382,enhancer_hit,
Lipc_Heart_E11.5,chr9:70832274-70843845_chr9:70846488-70849382,enhancer_hit,
Litaf_Heart_Any,chr16:10689262-10691580_chr16:10837610-10840075,enhancer_hit,single
Litaf_Heart_Any,chr16:10689262-10691580_chr16:10980876-10982519,enhancer_hit,single
Litaf_Heart_Any,chr16:10837610-10840075_chr16:10980876-10982519,enhancer_hit,single
Litaf_Heart_Any,chr16:10837610-10840075_chr16:10983646-10986014,enhancer_hit,single
Litaf_Heart_Any,chr16:10980876-10982519_chr16:10983646-10986014,enhancer_hit,single
Litaf_Heart_E11.5,chr16:10689262-10691580_chr16:10837610-10840075,enhancer_hit,single
Litaf_Limb_Any,chr16:10837610-10840075_chr16:11455042-11458448,enhancer_hit,double
Lmo7_Heart_Any,chr14:101852016-101856187_chr14:101866321-101874944,enhancer_hit,
Lmo7_Heart_Any,chr14:101852016-101856187_chr14:101882226-101888267,enhancer_hit,
Lmo7_Heart_E11.5,chr14:101852016-101856187_chr14:101866321-101874944,enhancer_hit,
Lmo7_Heart_E11.5,chr14:101852016-101856187_chr14:101882226-101888267,enhancer_hit,
Lmod3_Heart_Any,chr6:97261411-97266762_chr6:97869233-97870484,enhancer_hit,single
Lmod3_Heart_E11.5,chr6:97261411-97266762_chr6:97869233-97870484,enhancer_hit,single
Lnx2_Heart_Any,chr5:146702199-146705957_chr5:146769871-146772642,enhancer_hit,single
Lnx2_Heart_Any,chr5:146702199-146705957_chr5:147055618-147059228,enhancer_hit,single
Lnx2_Heart_Any,chr5:146702199-146705957_chr5:147069384-147074086,enhancer_hit,single
Lnx2_Heart_Any,chr5:146769871-146772642_chr5:147055618-147059228,enhancer_hit,single
Lnx2_Heart_Any,chr5:146769871-146772642_chr5:147069384-147074086,enhancer_hit,
Lnx2_Heart_E11.5,chr5:146702199-146705957_chr5:147069384-147074086,enhancer_hit,single
Lpar1_Forebrain_Any,chr4:58667941-58672751_chr4:58676698-58679552,enhancer_hit,
Lpar1_Forebrain_E11.5,chr4:58667941-58672751_chr4:58676698-58679552,enhancer_hit,
Lpar1_Limb_Any,chr4:58667941-58672751_chr4:58676698-58679552,enhancer_hit,
Lpar1_Limb_Any,chr4:58676698-58679552_chr4:58722268-58723836,enhancer_hit,single
Lpar1_Limb_E11.5,chr4:58667941-58672751_chr4:58676698-58679552,enhancer_hit,
Lpar1_Limb_E11.5,chr4:58676698-58679552_chr4:58722268-58723836,enhancer_hit,single
Lpgat1_Heart_Any,chr1:191301491-191302491_chr1:191945655-191948442,enhancer_hit,single
Lpp_Heart_Any,chr16:24396088-24400969_chr16:25067013-25068013,enhancer_hit,single
Lrcol1_Forebrain_Any,chr5:110856275-110860644_chr5:111137160-111142230,enhancer_hit,single
Lrcol1_Heart_Any,chr5:110856275-110860644_chr5:111137160-111142230,enhancer_hit,single
Lrcol1_Heart_E11.5,chr5:110856275-110860644_chr5:111137160-111142230,enhancer_hit,single
Lrcol1_Limb_Any,chr5:110856275-110860644_chr5:111137160-111142230,enhancer_hit,single
Lrfn2_Forebrain_Any,chr17:48974471-48977951_chr17:49866182-49868356,enhancer_hit,single
Lrpap1_Forebrain_Any,chr5:34563986-34566973_chr5:34929354-34933510,enhancer_hit,double
Lrpap1_Heart_Any,chr5:34563986-34566973_chr5:34929354-34933510,enhancer_hit,double
Lrpap1_Limb_Any,chr5:34563986-34566973_chr5:34929354-34933510,enhancer_hit,double
Lrpprc_Heart_Any,chr17:84864750-84866242_chr17:85405696-85406696,enhancer_hit,single
Lrrc16b_Forebrain_Any,chr14:54526952-54528747_chr14:55026815-55031293,enhancer_hit,single
Lrrc16b_Forebrain_Any,chr14:54526952-54528747_chr14:55075590-55080453,enhancer_hit,single
Lrrc16b_Forebrain_Any,chr14:54526952-54528747_chr14:55147981-55150235,enhancer_hit,single
Lrrc16b_Forebrain_Any,chr14:55026815-55031293_chr14:55075590-55080453,enhancer_hit,single
Lrrc16b_Forebrain_Any,chr14:55075590-55080453_chr14:55147981-55150235,enhancer_hit,
Lrrc42_Forebrain_Any,chr4:106853301-106856812_chr4:106861521-106869951,enhancer_hit,double
Lrrc42_Forebrain_E11.5,chr4:106853301-106856812_chr4:106861521-106869951,enhancer_hit,double
Lrrc42_Heart_Any,chr4:106853301-106856812_chr4:106861521-106869951,enhancer_hit,single
Lrrc42_Heart_Any,chr4:106859292-106860560_chr4:106861521-106869951,enhancer_hit,single
Lrrc42_Heart_E11.5,chr4:106853301-106856812_chr4:106861521-106869951,enhancer_hit,single
Lrrc42_Heart_E11.5,chr4:106859292-106860560_chr4:106861521-106869951,enhancer_hit,single
Lrrc42_Limb_Any,chr4:106853301-106856812_chr4:106861521-106869951,enhancer_hit,single
Lrrc42_Limb_Any,chr4:106853301-106856812_chr4:107353853-107355499,enhancer_hit,double
Lrrc42_Limb_Any,chr4:106859292-106860560_chr4:106861521-106869951,enhancer_hit,single
Lrrc42_Limb_Any,chr4:106861521-106869951_chr4:107353853-107355499,enhancer_hit,single
Lrrc42_Limb_E11.5,chr4:106853301-106856812_chr4:106861521-106869951,enhancer_hit,single
Lrrc42_Limb_E11.5,chr4:106853301-106856812_chr4:107353853-107355499,enhancer_hit,double
Lrrc42_Limb_E11.5,chr4:106859292-106860560_chr4:106861521-106869951,enhancer_hit,single
Lrrc42_Limb_E11.5,chr4:106861521-106869951_chr4:107353853-107355499,enhancer_hit,single
Lrrc8c_Heart_Any,chr5:105442938-105443943_chr5:105522017-105529286,enhancer_hit,single
Lrrc8c_Heart_E11.5,chr5:105442938-105443943_chr5:105522017-105529286,enhancer_hit,single
Lrrfip1_Heart_Any,chr1:90980088-90981443_chr1:91027649-91028649,enhancer_hit,single
Lsamp_Forebrain_Any,chr16:40503601-40504998_chr16:42255041-42256930,enhancer_hit,single
Ltbp1_Heart_Any,chr17:74878933-74882021_chr17:75306256-75308019,enhancer_hit,
Ltbr_Heart_Any,chr6:125338722-125347008_chr6:125572131-125579202,enhancer_hit,single
Ltbr_Heart_Any,chr6:125338722-125347008_chr6:126095150-126097665,enhancer_hit,single
Ltbr_Heart_E11.5,chr6:125338722-125347008_chr6:125572131-125579202,enhancer_hit,single
Ltbr_Heart_E11.5,chr6:125338722-125347008_chr6:126095150-126097665,enhancer_hit,single
Luzp1_Heart_Any,chr4:136104165-136105822_chr4:136333914-136335840,enhancer_hit,single
Mab21l2_Forebrain_Any,chr3:86743790-86747955_chr3:86774157-86778385,enhancer_hit,
Macf1_Forebrain_Any,chr4:123407335-123414978_chr4:123592527-123595566,enhancer_hit,single
Macf1_Forebrain_E11.5,chr4:123407335-123414978_chr4:123592527-123595566,enhancer_hit,single
Macf1_Heart_Any,chr4:123407335-123414978_chr4:123592527-123595566,enhancer_hit,single
Macf1_Heart_E11.5,chr4:123407335-123414978_chr4:123592527-123595566,enhancer_hit,single
Macf1_Limb_Any,chr4:123407335-123414978_chr4:123592527-123595566,enhancer_hit,single
Macf1_Limb_E11.5,chr4:123407335-123414978_chr4:123592527-123595566,enhancer_hit,single
Maff_Heart_Any,chr15:79321156-79325464_chr15:79367201-79371106,enhancer_hit,single
Maff_Heart_Any,chr15:79321156-79325464_chr15:79386372-79394283,enhancer_hit,single
Maff_Heart_Any,chr15:79321156-79325464_chr15:79431056-79439318,enhancer_hit,
Maff_Heart_Any,chr15:79321156-79325464_chr15:80036319-80038426,enhancer_hit,single
Maff_Heart_Any,chr15:79321156-79325464_chr15:80069834-80070834,enhancer_hit,single
Maff_Heart_Any,chr15:79350683-79353010_chr15:79367201-79371106,enhancer_hit,
Maff_Heart_Any,chr15:79350683-79353010_chr15:79386372-79394283,enhancer_hit,single
Maff_Heart_Any,chr15:79350683-79353010_chr15:79399127-79400419,enhancer_hit,single
Maff_Heart_Any,chr15:79350683-79353010_chr15:79431056-79439318,enhancer_hit,
Maff_Heart_Any,chr15:79350683-79353010_chr15:80036319-80038426,enhancer_hit,single
Maff_Heart_Any,chr15:79350683-79353010_chr15:80069834-80070834,enhancer_hit,single
Maff_Heart_Any,chr15:79356572-79364534_chr15:79386372-79394283,enhancer_hit,single
Maff_Heart_Any,chr15:79356572-79364534_chr15:79431056-79439318,enhancer_hit,
Maff_Heart_Any,chr15:79356572-79364534_chr15:80069834-80070834,enhancer_hit,single
Maff_Heart_Any,chr15:79367201-79371106_chr15:79386372-79394283,enhancer_hit,
Maff_Heart_Any,chr15:79367201-79371106_chr15:79399127-79400419,enhancer_hit,single
Maff_Heart_Any,chr15:79367201-79371106_chr15:79431056-79439318,enhancer_hit,
Maff_Heart_Any,chr15:79367201-79371106_chr15:80036319-80038426,enhancer_hit,single
Maff_Heart_Any,chr15:79367201-79371106_chr15:80069834-80070834,enhancer_hit,
Maff_Heart_Any,chr15:79386372-79394283_chr15:79399127-79400419,enhancer_hit,single
Maff_Heart_Any,chr15:79386372-79394283_chr15:79431056-79439318,enhancer_hit,
Maff_Heart_Any,chr15:79386372-79394283_chr15:80036319-80038426,enhancer_hit,single
Maff_Heart_Any,chr15:79386372-79394283_chr15:80069834-80070834,enhancer_hit,single
Maff_Heart_Any,chr15:79399127-79400419_chr15:79431056-79439318,enhancer_hit,
Maff_Heart_Any,chr15:79399127-79400419_chr15:80036319-80038426,enhancer_hit,single
Maff_Heart_Any,chr15:79399127-79400419_chr15:80069834-80070834,enhancer_hit,single
Maff_Heart_Any,chr15:79399127-79400419_chr15:80071342-80073312,enhancer_hit,single
Maff_Heart_Any,chr15:79431056-79439318_chr15:80036319-80038426,enhancer_hit,
Maff_Heart_Any,chr15:79431056-79439318_chr15:80069834-80070834,enhancer_hit,
Maff_Heart_Any,chr15:79874748-79875748_chr15:80069834-80070834,enhancer_hit,single
Maff_Heart_Any,chr15:80036319-80038426_chr15:80069834-80070834,enhancer_hit,single
Maff_Heart_E11.5,chr15:79321156-79325464_chr15:79367201-79371106,enhancer_hit,single
Maff_Heart_E11.5,chr15:79321156-79325464_chr15:79386372-79394283,enhancer_hit,single
Maff_Heart_E11.5,chr15:79321156-79325464_chr15:79431056-79439318,enhancer_hit,
Maff_Heart_E11.5,chr15:79350683-79353010_chr15:79367201-79371106,enhancer_hit,
Maff_Heart_E11.5,chr15:79350683-79353010_chr15:79386372-79394283,enhancer_hit,single
Maff_Heart_E11.5,chr15:79350683-79353010_chr15:79399127-79400419,enhancer_hit,single
Maff_Heart_E11.5,chr15:79350683-79353010_chr15:79431056-79439318,enhancer_hit,
Maff_Heart_E11.5,chr15:79356572-79364534_chr15:79386372-79394283,enhancer_hit,single
Maff_Heart_E11.5,chr15:79356572-79364534_chr15:79431056-79439318,enhancer_hit,
Maff_Heart_E11.5,chr15:79367201-79371106_chr15:79386372-79394283,enhancer_hit,
Maff_Heart_E11.5,chr15:79367201-79371106_chr15:79399127-79400419,enhancer_hit,single
Maff_Heart_E11.5,chr15:79367201-79371106_chr15:79431056-79439318,enhancer_hit,
Maff_Heart_E11.5,chr15:79386372-79394283_chr15:79399127-79400419,enhancer_hit,single
Maff_Heart_E11.5,chr15:79386372-79394283_chr15:79431056-79439318,enhancer_hit,
Maff_Heart_E11.5,chr15:79399127-79400419_chr15:79431056-79439318,enhancer_hit,
Maff_Limb_Any,chr15:79321156-79325464_chr15:79386372-79394283,enhancer_hit,single
Maff_Limb_Any,chr15:79321156-79325464_chr15:79431056-79439318,enhancer_hit,
Maff_Limb_Any,chr15:79356572-79364534_chr15:79386372-79394283,enhancer_hit,single
Maff_Limb_Any,chr15:79356572-79364534_chr15:79431056-79439318,enhancer_hit,
Maff_Limb_Any,chr15:79386372-79394283_chr15:79431056-79439318,enhancer_hit,
Maff_Limb_E11.5,chr15:79321156-79325464_chr15:79386372-79394283,enhancer_hit,single
Maff_Limb_E11.5,chr15:79321156-79325464_chr15:79431056-79439318,enhancer_hit,
Maff_Limb_E11.5,chr15:79386372-79394283_chr15:79431056-79439318,enhancer_hit,
Man1c1_Heart_Any,chr4:134662357-134664171_chr4:135230319-135231836,enhancer_hit,
Man1c1_Heart_E11.5,chr4:134662357-134664171_chr4:135230319-135231836,enhancer_hit,
Man2b1_Heart_Any,chr8:86758653-86759986_chr8:86888187-86889410,enhancer_hit,single
Manba_Heart_Any,chr3:135501521-135504012_chr3:135515375-135523588,enhancer_hit,single
Manba_Heart_Any,chr3:135501521-135504012_chr3:135601509-135611254,enhancer_hit,
Manba_Heart_Any,chr3:135515375-135523588_chr3:135601509-135611254,enhancer_hit,
Manba_Heart_E11.5,chr3:135501521-135504012_chr3:135515375-135523588,enhancer_hit,single
Manba_Heart_E11.5,chr3:135501521-135504012_chr3:135601509-135611254,enhancer_hit,
Manba_Heart_E11.5,chr3:135515375-135523588_chr3:135601509-135611254,enhancer_hit,
Map1b_Forebrain_Any,chr13:99458369-99460294_chr13:99500082-99504134,enhancer_hit,single
Map1b_Forebrain_Any,chr13:99458369-99460294_chr13:99560192-99562627,enhancer_hit,single
Map1b_Forebrain_Any,chr13:99491883-99495040_chr13:99641309-99645516,enhancer_hit,
Map1b_Forebrain_Any,chr13:99500082-99504134_chr13:99560192-99562627,enhancer_hit,single
Map1b_Forebrain_E11.5,chr13:99458369-99460294_chr13:99500082-99504134,enhancer_hit,single
Map1b_Forebrain_E11.5,chr13:99458369-99460294_chr13:99560192-99562627,enhancer_hit,single
Map1b_Forebrain_E11.5,chr13:99500082-99504134_chr13:99560192-99562627,enhancer_hit,single
Map1b_Limb_Any,chr13:99500082-99504134_chr13:99560192-99562627,enhancer_hit,single
Map1b_Limb_Any,chr13:99560192-99562627_chr13:99763629-99766447,enhancer_hit,
Map1b_Limb_E11.5,chr13:99500082-99504134_chr13:99560192-99562627,enhancer_hit,single
Map2k3_Heart_Any,chr11:60924158-60927599_chr11:60934532-60943165,enhancer_hit,
Map2k3_Heart_E11.5,chr11:60924158-60927599_chr11:60934532-60943165,enhancer_hit,
Map3k11_Heart_Any,chr19:5928359-5931028_chr19:6279224-6293330,enhancer_hit,
Map3k11_Heart_Any,chr19:5934583-5936401_chr19:6279224-6293330,enhancer_hit,
Map3k11_Heart_E11.5,chr19:5928359-5931028_chr19:6279224-6293330,enhancer_hit,
Map3k11_Heart_E11.5,chr19:5934583-5936401_chr19:6279224-6293330,enhancer_hit,
Map3k13_Forebrain_Any,chr16:21852152-21862399_chr16:21863207-21871299,enhancer_hit,
Map3k13_Forebrain_E11.5,chr16:21852152-21862399_chr16:21863207-21871299,enhancer_hit,
Map3k7cl_Heart_Any,chr16:87643710-87644817_chr16:87688741-87689883,enhancer_hit,single
Map3k8_Heart_Any,chr18:5132539-5135489_chr18:6144709-6146546,enhancer_hit,single
Map3k8_Heart_Any,chr18:5132539-5135489_chr18:6506507-6509175,enhancer_hit,
Map3k8_Heart_Any,chr18:6144709-6146546_chr18:6506507-6509175,enhancer_hit,single
Map3k8_Heart_E11.5,chr18:5132539-5135489_chr18:6506507-6509175,enhancer_hit,
Map6_Forebrain_Any,chr7:99286742-99288202_chr7:99310928-99317459,enhancer_hit,single
Mark1_Forebrain_Any,chr1:185200200-185201667_chr1:185481422-185484938,enhancer_hit,single
Mavs_Heart_Any,chr2:131095673-131097722_chr2:131202927-131207069,enhancer_hit,single
Mavs_Heart_Any,chr2:131095673-131097722_chr2:131213103-131217127,enhancer_hit,single
Mavs_Heart_Any,chr2:131095673-131097722_chr2:131253368-131255086,enhancer_hit,single
Mavs_Heart_Any,chr2:131095673-131097722_chr2:131460484-131461484,enhancer_hit,single
Mavs_Heart_Any,chr2:131135996-131141919_chr2:131202927-131207069,enhancer_hit,single
Mavs_Heart_Any,chr2:131135996-131141919_chr2:131213103-131217127,enhancer_hit,single
Mavs_Heart_Any,chr2:131202927-131207069_chr2:131213103-131217127,enhancer_hit,single
Mavs_Heart_Any,chr2:131213103-131217127_chr2:131253368-131255086,enhancer_hit,single
Mavs_Heart_E11.5,chr2:131095673-131097722_chr2:131202927-131207069,enhancer_hit,single
Mavs_Heart_E11.5,chr2:131095673-131097722_chr2:131213103-131217127,enhancer_hit,single
Mavs_Heart_E11.5,chr2:131095673-131097722_chr2:131253368-131255086,enhancer_hit,single
Mavs_Heart_E11.5,chr2:131135996-131141919_chr2:131202927-131207069,enhancer_hit,single
Mavs_Heart_E11.5,chr2:131135996-131141919_chr2:131213103-131217127,enhancer_hit,single
Mavs_Heart_E11.5,chr2:131202927-131207069_chr2:131213103-131217127,enhancer_hit,single
Mavs_Heart_E11.5,chr2:131213103-131217127_chr2:131253368-131255086,enhancer_hit,single
Mavs_Limb_Any,chr2:131095673-131097722_chr2:131202927-131207069,enhancer_hit,single
Mavs_Limb_Any,chr2:131095673-131097722_chr2:131253368-131255086,enhancer_hit,single
Mb_Heart_Any,chr15:77173197-77175133_chr15:77185600-77188021,enhancer_hit,single
Mbnl1_Heart_Any,chr3:59113326-59114992_chr3:59203197-59206108,enhancer_hit,single
Mbnl1_Heart_E11.5,chr3:59113326-59114992_chr3:59203197-59206108,enhancer_hit,single
Mbnl2_Forebrain_Any,chr14:120278168-120281390_chr14:120351219-120356939,enhancer_hit,
Mbnl2_Heart_Any,chr14:120278168-120281390_chr14:120351219-120356939,enhancer_hit,
Mbnl2_Heart_Any,chr14:120284695-120290535_chr14:120335846-120339290,enhancer_hit,single
Mbnl2_Heart_Any,chr14:120284695-120290535_chr14:120351219-120356939,enhancer_hit,single
Mbnl2_Heart_Any,chr14:120284695-120290535_chr14:120381505-120384530,enhancer_hit,
Mbnl2_Heart_Any,chr14:120302407-120304750_chr14:120351219-120356939,enhancer_hit,single
Mbnl2_Heart_Any,chr14:120335846-120339290_chr14:120351219-120356939,enhancer_hit,single
Mbnl2_Heart_Any,chr14:120351219-120356939_chr14:120531368-120533337,enhancer_hit,
Mbnl2_Heart_E11.5,chr14:120278168-120281390_chr14:120351219-120356939,enhancer_hit,
Mbnl2_Heart_E11.5,chr14:120284695-120290535_chr14:120335846-120339290,enhancer_hit,single
Mbnl2_Heart_E11.5,chr14:120284695-120290535_chr14:120351219-120356939,enhancer_hit,single
Mbnl2_Heart_E11.5,chr14:120302407-120304750_chr14:120351219-120356939,enhancer_hit,single
Mbnl2_Heart_E11.5,chr14:120335846-120339290_chr14:120351219-120356939,enhancer_hit,single
Mbnl2_Heart_E11.5,chr14:120351219-120356939_chr14:120531368-120533337,enhancer_hit,
Mbnl2_Limb_Any,chr14:120278168-120281390_chr14:120351219-120356939,enhancer_hit,
Mbnl2_Limb_Any,chr14:120284695-120290535_chr14:120335846-120339290,enhancer_hit,single
Mbnl2_Limb_Any,chr14:120284695-120290535_chr14:120351219-120356939,enhancer_hit,single
Mbnl2_Limb_Any,chr14:120284695-120290535_chr14:120381505-120384530,enhancer_hit,
Mbnl2_Limb_Any,chr14:120335846-120339290_chr14:120351219-120356939,enhancer_hit,single
Mcam_Forebrain_Any,chr9:44124745-44131985_chr9:44310277-44312397,enhancer_hit,single
Mcam_Forebrain_E11.5,chr9:44124745-44131985_chr9:44310277-44312397,enhancer_hit,single
Mcam_Heart_Any,chr9:44124745-44131985_chr9:44169062-44172132,enhancer_hit,single
Mcam_Heart_Any,chr9:44124745-44131985_chr9:44175045-44178093,enhancer_hit,single
Mcam_Heart_Any,chr9:44124745-44131985_chr9:44193709-44194936,enhancer_hit,single
Mcam_Heart_Any,chr9:44124745-44131985_chr9:44310277-44312397,enhancer_hit,single
Mcam_Heart_Any,chr9:44169062-44172132_chr9:44175045-44178093,enhancer_hit,
Mcam_Heart_Any,chr9:44169062-44172132_chr9:44193709-44194936,enhancer_hit,single
Mcam_Heart_Any,chr9:44169062-44172132_chr9:44310277-44312397,enhancer_hit,single
Mcam_Heart_Any,chr9:44193709-44194936_chr9:44310277-44312397,enhancer_hit,single
Mcam_Heart_E11.5,chr9:44124745-44131985_chr9:44169062-44172132,enhancer_hit,single
Mcam_Heart_E11.5,chr9:44124745-44131985_chr9:44175045-44178093,enhancer_hit,single
Mcam_Heart_E11.5,chr9:44124745-44131985_chr9:44193709-44194936,enhancer_hit,single
Mcam_Heart_E11.5,chr9:44124745-44131985_chr9:44310277-44312397,enhancer_hit,single
Mcam_Heart_E11.5,chr9:44169062-44172132_chr9:44175045-44178093,enhancer_hit,
Mcam_Heart_E11.5,chr9:44169062-44172132_chr9:44193709-44194936,enhancer_hit,single
Mcam_Heart_E11.5,chr9:44169062-44172132_chr9:44310277-44312397,enhancer_hit,single
Mcam_Heart_E11.5,chr9:44193709-44194936_chr9:44310277-44312397,enhancer_hit,single
Mcfd2_Heart_Any,chr17:86711240-86712661_chr17:86731551-86734492,enhancer_hit,single
Mcur1_Heart_Any,chr13:43208279-43213347_chr13:44788615-44790766,enhancer_hit,
Mcur1_Heart_Any,chr13:43294876-43296840_chr13:44788615-44790766,enhancer_hit,single
Mdfi_Forebrain_Any,chr17:47896870-47901783_chr17:47972976-47977345,enhancer_hit,double
Mdfi_Forebrain_Any,chr17:47896870-47901783_chr17:47987033-47991146,enhancer_hit,single
Mdfi_Forebrain_Any,chr17:47896870-47901783_chr17:48027102-48032686,enhancer_hit,single
Mdfi_Forebrain_Any,chr17:47972976-47977345_chr17:47987033-47991146,enhancer_hit,single
Mdfi_Forebrain_Any,chr17:47972976-47977345_chr17:48027102-48032686,enhancer_hit,single
Mdfi_Forebrain_Any,chr17:47987033-47991146_chr17:48027102-48032686,enhancer_hit,single
Mdfi_Forebrain_Any,chr17:47987033-47991146_chr17:48094454-48099969,enhancer_hit,
Mdfi_Forebrain_Any,chr17:48027102-48032686_chr17:48094454-48099969,enhancer_hit,
Mdfi_Forebrain_E11.5,chr17:47896870-47901783_chr17:47972976-47977345,enhancer_hit,double
Mdfi_Forebrain_E11.5,chr17:47896870-47901783_chr17:47987033-47991146,enhancer_hit,single
Mdfi_Forebrain_E11.5,chr17:47972976-47977345_chr17:47987033-47991146,enhancer_hit,single
Mdfi_Heart_Any,chr17:47742921-47743921_chr17:47896870-47901783,enhancer_hit,single
Mdfi_Heart_Any,chr17:47776820-47777820_chr17:47802121-47803121,enhancer_hit,single
Mdfi_Heart_Any,chr17:47776820-47777820_chr17:47862847-47864294,enhancer_hit,single
Mdfi_Heart_Any,chr17:47776820-47777820_chr17:47896870-47901783,enhancer_hit,single
Mdfi_Heart_Any,chr17:47776820-47777820_chr17:48027102-48032686,enhancer_hit,single
Mdfi_Heart_Any,chr17:47802121-47803121_chr17:48027102-48032686,enhancer_hit,single
Mdfi_Heart_Any,chr17:47812405-47816132_chr17:47862847-47864294,enhancer_hit,single
Mdfi_Heart_Any,chr17:47812405-47816132_chr17:47972976-47977345,enhancer_hit,double
Mdfi_Heart_Any,chr17:47812405-47816132_chr17:48027102-48032686,enhancer_hit,single
Mdfi_Heart_Any,chr17:47862847-47864294_chr17:47896870-47901783,enhancer_hit,single
Mdfi_Heart_Any,chr17:47862847-47864294_chr17:47972976-47977345,enhancer_hit,single
Mdfi_Heart_Any,chr17:47862847-47864294_chr17:47999463-48001072,enhancer_hit,single
Mdfi_Heart_Any,chr17:47862847-47864294_chr17:48027102-48032686,enhancer_hit,single
Mdfi_Heart_Any,chr17:47896870-47901783_chr17:47972976-47977345,enhancer_hit,double
Mdfi_Heart_Any,chr17:47896870-47901783_chr17:48027102-48032686,enhancer_hit,single
Mdfi_Heart_Any,chr17:47972976-47977345_chr17:48027102-48032686,enhancer_hit,single
Mdfi_Heart_Any,chr17:47999463-48001072_chr17:48027102-48032686,enhancer_hit,single
Mdfi_Heart_E11.5,chr17:47742921-47743921_chr17:47896870-47901783,enhancer_hit,single
Mdfi_Heart_E11.5,chr17:47802121-47803121_chr17:48027102-48032686,enhancer_hit,single
Mdfi_Heart_E11.5,chr17:47812405-47816132_chr17:47862847-47864294,enhancer_hit,single
Mdfi_Heart_E11.5,chr17:47812405-47816132_chr17:47972976-47977345,enhancer_hit,double
Mdfi_Heart_E11.5,chr17:47812405-47816132_chr17:48027102-48032686,enhancer_hit,single
Mdfi_Heart_E11.5,chr17:47862847-47864294_chr17:47896870-47901783,enhancer_hit,single
Mdfi_Heart_E11.5,chr17:47862847-47864294_chr17:47972976-47977345,enhancer_hit,single
Mdfi_Heart_E11.5,chr17:47862847-47864294_chr17:47999463-48001072,enhancer_hit,single
Mdfi_Heart_E11.5,chr17:47862847-47864294_chr17:48027102-48032686,enhancer_hit,single
Mdfi_Heart_E11.5,chr17:47896870-47901783_chr17:47972976-47977345,enhancer_hit,double
Mdfi_Heart_E11.5,chr17:47896870-47901783_chr17:48027102-48032686,enhancer_hit,single
Mdfi_Heart_E11.5,chr17:47972976-47977345_chr17:48027102-48032686,enhancer_hit,single
Mdfi_Heart_E11.5,chr17:47999463-48001072_chr17:48027102-48032686,enhancer_hit,single
Mdfi_Limb_Any,chr17:47776820-47777820_chr17:47862847-47864294,enhancer_hit,single
Mdfi_Limb_Any,chr17:47776820-47777820_chr17:47896870-47901783,enhancer_hit,single
Mdfi_Limb_Any,chr17:47776820-47777820_chr17:47987033-47991146,enhancer_hit,single
Mdfi_Limb_Any,chr17:47776820-47777820_chr17:48027102-48032686,enhancer_hit,single
Mdfi_Limb_Any,chr17:47812405-47816132_chr17:47862847-47864294,enhancer_hit,single
Mdfi_Limb_Any,chr17:47812405-47816132_chr17:47972976-47977345,enhancer_hit,double
Mdfi_Limb_Any,chr17:47812405-47816132_chr17:48027102-48032686,enhancer_hit,single
Mdfi_Limb_Any,chr17:47862847-47864294_chr17:47896870-47901783,enhancer_hit,single
Mdfi_Limb_Any,chr17:47862847-47864294_chr17:47965461-47967260,enhancer_hit,single
Mdfi_Limb_Any,chr17:47862847-47864294_chr17:47972976-47977345,enhancer_hit,single
Mdfi_Limb_Any,chr17:47862847-47864294_chr17:47987033-47991146,enhancer_hit,single
Mdfi_Limb_Any,chr17:47862847-47864294_chr17:47999463-48001072,enhancer_hit,single
Mdfi_Limb_Any,chr17:47862847-47864294_chr17:48027102-48032686,enhancer_hit,single
Mdfi_Limb_Any,chr17:47862847-47864294_chr17:48094454-48099969,enhancer_hit,single
Mdfi_Limb_Any,chr17:47896870-47901783_chr17:47965461-47967260,enhancer_hit,single
Mdfi_Limb_Any,chr17:47896870-47901783_chr17:47972976-47977345,enhancer_hit,double
Mdfi_Limb_Any,chr17:47896870-47901783_chr17:47987033-47991146,enhancer_hit,single
Mdfi_Limb_Any,chr17:47896870-47901783_chr17:48027102-48032686,enhancer_hit,single
Mdfi_Limb_Any,chr17:47965461-47967260_chr17:47972976-47977345,enhancer_hit,single
Mdfi_Limb_Any,chr17:47965461-47967260_chr17:47987033-47991146,enhancer_hit,single
Mdfi_Limb_Any,chr17:47972976-47977345_chr17:47987033-47991146,enhancer_hit,single
Mdfi_Limb_Any,chr17:47972976-47977345_chr17:48027102-48032686,enhancer_hit,single
Mdfi_Limb_Any,chr17:47987033-47991146_chr17:48027102-48032686,enhancer_hit,single
Mdfi_Limb_Any,chr17:47987033-47991146_chr17:48094454-48099969,enhancer_hit,
Mdfi_Limb_Any,chr17:47999463-48001072_chr17:48027102-48032686,enhancer_hit,single
Mdfi_Limb_Any,chr17:48027102-48032686_chr17:48094454-48099969,enhancer_hit,
Mdfi_Limb_E11.5,chr17:47812405-47816132_chr17:47862847-47864294,enhancer_hit,single
Mdfi_Limb_E11.5,chr17:47812405-47816132_chr17:47972976-47977345,enhancer_hit,double
Mdfi_Limb_E11.5,chr17:47812405-47816132_chr17:48027102-48032686,enhancer_hit,single
Mdfi_Limb_E11.5,chr17:47862847-47864294_chr17:47965461-47967260,enhancer_hit,single
Mdfi_Limb_E11.5,chr17:47862847-47864294_chr17:47972976-47977345,enhancer_hit,single
Mdfi_Limb_E11.5,chr17:47862847-47864294_chr17:47987033-47991146,enhancer_hit,single
Mdfi_Limb_E11.5,chr17:47862847-47864294_chr17:48027102-48032686,enhancer_hit,single
Mdfi_Limb_E11.5,chr17:47862847-47864294_chr17:48094454-48099969,enhancer_hit,single
Mdfi_Limb_E11.5,chr17:47965461-47967260_chr17:47972976-47977345,enhancer_hit,single
Mdfi_Limb_E11.5,chr17:47965461-47967260_chr17:47987033-47991146,enhancer_hit,single
Mdfi_Limb_E11.5,chr17:47972976-47977345_chr17:47987033-47991146,enhancer_hit,single
Mdfi_Limb_E11.5,chr17:47972976-47977345_chr17:48027102-48032686,enhancer_hit,single
Mdfi_Limb_E11.5,chr17:47987033-47991146_chr17:48027102-48032686,enhancer_hit,single
Mdfi_Limb_E11.5,chr17:47987033-47991146_chr17:48094454-48099969,enhancer_hit,
Mdfi_Limb_E11.5,chr17:48027102-48032686_chr17:48094454-48099969,enhancer_hit,
Mdga1_Forebrain_Any,chr17:29759474-29761330_chr17:30192275-30202272,enhancer_hit,
Mdga1_Heart_Any,chr17:29759474-29761330_chr17:30051069-30054222,enhancer_hit,
Mdga1_Heart_Any,chr17:29759474-29761330_chr17:30089252-30091651,enhancer_hit,single
Mdga1_Heart_Any,chr17:29759474-29761330_chr17:30192275-30202272,enhancer_hit,
Mdga1_Heart_Any,chr17:30051069-30054222_chr17:30089252-30091651,enhancer_hit,single
Mdga1_Heart_Any,chr17:30051069-30054222_chr17:30192275-30202272,enhancer_hit,
Mdga1_Heart_Any,chr17:30089252-30091651_chr17:30192275-30202272,enhancer_hit,
Mdga1_Heart_E11.5,chr17:30051069-30054222_chr17:30089252-30091651,enhancer_hit,single
Mdga1_Heart_E11.5,chr17:30051069-30054222_chr17:30192275-30202272,enhancer_hit,
Mdga1_Heart_E11.5,chr17:30089252-30091651_chr17:30192275-30202272,enhancer_hit,
Meis1_Heart_Any,chr11:18943505-18950214_chr11:18961227-18965890,enhancer_hit,
Meis1_Heart_E11.5,chr11:18943505-18950214_chr11:18961227-18965890,enhancer_hit,
Meis2_Forebrain_Any,chr2:115851767-115862382_chr2:115894711-115899833,enhancer_hit,
Meis2_Forebrain_Any,chr2:115979416-115981836_chr2:116070467-116076941,enhancer_hit,
Meis2_Forebrain_Any,chr2:116017968-116022243_chr2:116070467-116076941,enhancer_hit,
Meis2_Forebrain_E11.5,chr2:115851767-115862382_chr2:115894711-115899833,enhancer_hit,
Meis2_Forebrain_E11.5,chr2:115979416-115981836_chr2:116070467-116076941,enhancer_hit,
Meis2_Forebrain_E11.5,chr2:116017968-116022243_chr2:116070467-116076941,enhancer_hit,
Meis2_Heart_Any,chr2:115851767-115862382_chr2:115894711-115899833,enhancer_hit,single
Meis2_Heart_Any,chr2:116017968-116022243_chr2:116070467-116076941,enhancer_hit,
Meis2_Heart_E11.5,chr2:116017968-116022243_chr2:116070467-116076941,enhancer_hit,
Meis2_Limb_Any,chr2:116017968-116022243_chr2:116070467-116076941,enhancer_hit,
Meis2_Limb_E11.5,chr2:116017968-116022243_chr2:116070467-116076941,enhancer_hit,
Meis3_Forebrain_Any,chr7:16132799-16136167_chr7:16171044-16172774,enhancer_hit,single
Meis3_Forebrain_E11.5,chr7:16132799-16136167_chr7:16171044-16172774,enhancer_hit,single
Meox1_Heart_Any,chr11:101790069-101792410_chr11:101829073-101832700,enhancer_hit,
Meox1_Heart_Any,chr11:101790069-101792410_chr11:101866859-101868872,enhancer_hit,single
Meox1_Heart_Any,chr11:101790069-101792410_chr11:101889191-101891874,enhancer_hit,
Meox1_Heart_Any,chr11:101820129-101822327_chr11:101866859-101868872,enhancer_hit,single
Meox1_Heart_Any,chr11:101829073-101832700_chr11:101866859-101868872,enhancer_hit,single
Meox1_Heart_Any,chr11:101841468-101843537_chr11:101866859-101868872,enhancer_hit,single
Meox1_Heart_Any,chr11:101848917-101849917_chr11:101866859-101868872,enhancer_hit,single
Meox1_Heart_Any,chr11:101850578-101852588_chr11:101866859-101868872,enhancer_hit,
Meox1_Heart_Any,chr11:101866859-101868872_chr11:102253616-102255212,enhancer_hit,single
Meox1_Heart_E11.5,chr11:101790069-101792410_chr11:101829073-101832700,enhancer_hit,
Meox1_Heart_E11.5,chr11:101790069-101792410_chr11:101866859-101868872,enhancer_hit,single
Meox1_Heart_E11.5,chr11:101820129-101822327_chr11:101866859-101868872,enhancer_hit,single
Meox1_Heart_E11.5,chr11:101829073-101832700_chr11:101866859-101868872,enhancer_hit,single
Meox1_Heart_E11.5,chr11:101841468-101843537_chr11:101866859-101868872,enhancer_hit,single
Meox1_Heart_E11.5,chr11:101866859-101868872_chr11:102253616-102255212,enhancer_hit,single
Meox1_Limb_Any,chr11:101790069-101792410_chr11:101829073-101832700,enhancer_hit,
Meox1_Limb_Any,chr11:101790069-101792410_chr11:101866859-101868872,enhancer_hit,single
Meox1_Limb_Any,chr11:101790069-101792410_chr11:101889191-101891874,enhancer_hit,
Meox1_Limb_Any,chr11:101829073-101832700_chr11:101866859-101868872,enhancer_hit,single
Meox1_Limb_Any,chr11:101841468-101843537_chr11:101866859-101868872,enhancer_hit,single
Meox1_Limb_E11.5,chr11:101829073-101832700_chr11:101866859-101868872,enhancer_hit,single
Mertk_Heart_Any,chr2:128708564-128716571_chr2:129902964-129904430,enhancer_hit,
Mest_Limb_Any,chr6:30631282-30636717_chr6:30642846-30645926,enhancer_hit,single
Mest_Limb_Any,chr6:30631282-30636717_chr6:30660734-30662822,enhancer_hit,single
Mest_Limb_E11.5,chr6:30631282-30636717_chr6:30642846-30645926,enhancer_hit,single
Mest_Limb_E11.5,chr6:30631282-30636717_chr6:30660734-30662822,enhancer_hit,single
Mfap2_Forebrain_Any,chr4:141018519-141022651_chr4:141044249-141045916,enhancer_hit,single
Mfap2_Limb_Any,chr4:140610139-140612342_chr4:141044249-141045916,enhancer_hit,single
Mfap2_Limb_Any,chr4:141018519-141022651_chr4:141044249-141045916,enhancer_hit,single
Mfsd6l_Heart_Any,chr11:67971790-67973996_chr11:68621947-68625527,enhancer_hit,single
Mfsd6l_Heart_E11.5,chr11:67971790-67973996_chr11:68621947-68625527,enhancer_hit,single
Mfsd7c_Heart_Any,chr12:85809045-85810545_chr12:85817616-85820920,enhancer_hit,single
Mfsd7c_Heart_Any,chr12:85809045-85810545_chr12:85834345-85835634,enhancer_hit,single
Mfsd7c_Heart_Any,chr12:85817616-85820920_chr12:85834345-85835634,enhancer_hit,single
Mgat5b_Forebrain_Any,chr11:116659632-116664417_chr11:117168189-117171039,enhancer_hit,single
Mgat5b_Forebrain_Any,chr11:116659632-116664417_chr11:117405883-117411036,enhancer_hit,single
Mgat5b_Forebrain_Any,chr11:116809670-116816086_chr11:116989779-116991792,enhancer_hit,
Mgat5b_Forebrain_Any,chr11:116809670-116816086_chr11:117539845-117543888,enhancer_hit,single
Mgat5b_Forebrain_Any,chr11:116989779-116991792_chr11:117405883-117411036,enhancer_hit,single
Mgat5b_Forebrain_Any,chr11:116989779-116991792_chr11:117461364-117464406,enhancer_hit,single
Mgat5b_Forebrain_Any,chr11:116989779-116991792_chr11:117477763-117481867,enhancer_hit,single
Mgat5b_Forebrain_Any,chr11:116989779-116991792_chr11:117491061-117493389,enhancer_hit,single
Mgat5b_Forebrain_Any,chr11:116989779-116991792_chr11:117494599-117499177,enhancer_hit,
Mgat5b_Forebrain_Any,chr11:116989779-116991792_chr11:117539845-117543888,enhancer_hit,single
Mgat5b_Forebrain_Any,chr11:116989779-116991792_chr11:117626522-117629609,enhancer_hit,single
Mgat5b_Forebrain_Any,chr11:117027180-117031651_chr11:117405883-117411036,enhancer_hit,single
Mgat5b_Forebrain_Any,chr11:117027180-117031651_chr11:117491061-117493389,enhancer_hit,single
Mgat5b_Forebrain_Any,chr11:117027180-117031651_chr11:117494599-117499177,enhancer_hit,single
Mgat5b_Forebrain_Any,chr11:117393644-117395696_chr11:117461364-117464406,enhancer_hit,single
Mgat5b_Forebrain_Any,chr11:117405883-117411036_chr11:117461364-117464406,enhancer_hit,single
Mgat5b_Forebrain_Any,chr11:117405883-117411036_chr11:117491061-117493389,enhancer_hit,single
Mgat5b_Forebrain_Any,chr11:117405883-117411036_chr11:117539845-117543888,enhancer_hit,single
Mgat5b_Forebrain_Any,chr11:117405883-117411036_chr11:117626522-117629609,enhancer_hit,single
Mgat5b_Forebrain_Any,chr11:117461364-117464406_chr11:117491061-117493389,enhancer_hit,single
Mgat5b_Forebrain_Any,chr11:117461364-117464406_chr11:117539845-117543888,enhancer_hit,single
Mgat5b_Forebrain_Any,chr11:117461364-117464406_chr11:117626522-117629609,enhancer_hit,single
Mgat5b_Forebrain_Any,chr11:117477763-117481867_chr11:117539845-117543888,enhancer_hit,single
Mgat5b_Forebrain_Any,chr11:117491061-117493389_chr11:117539845-117543888,enhancer_hit,single
Mgat5b_Forebrain_Any,chr11:117491061-117493389_chr11:117626522-117629609,enhancer_hit,single
Mgat5b_Forebrain_Any,chr11:117494599-117499177_chr11:117539845-117543888,enhancer_hit,
Mgat5b_Forebrain_Any,chr11:117539845-117543888_chr11:117626522-117629609,enhancer_hit,single
Mgat5b_Forebrain_E11.5,chr11:116659632-116664417_chr11:117405883-117411036,enhancer_hit,single
Mgat5b_Forebrain_E11.5,chr11:116809670-116816086_chr11:117539845-117543888,enhancer_hit,single
Mgat5b_Forebrain_E11.5,chr11:117027180-117031651_chr11:117405883-117411036,enhancer_hit,single
Mgat5b_Forebrain_E11.5,chr11:117027180-117031651_chr11:117491061-117493389,enhancer_hit,single
Mgat5b_Forebrain_E11.5,chr11:117027180-117031651_chr11:117494599-117499177,enhancer_hit,single
Mgat5b_Forebrain_E11.5,chr11:117393644-117395696_chr11:117461364-117464406,enhancer_hit,single
Mgat5b_Forebrain_E11.5,chr11:117405883-117411036_chr11:117461364-117464406,enhancer_hit,single
Mgat5b_Forebrain_E11.5,chr11:117405883-117411036_chr11:117491061-117493389,enhancer_hit,single
Mgat5b_Forebrain_E11.5,chr11:117405883-117411036_chr11:117539845-117543888,enhancer_hit,single
Mgat5b_Forebrain_E11.5,chr11:117405883-117411036_chr11:117626522-117629609,enhancer_hit,single
Mgat5b_Forebrain_E11.5,chr11:117461364-117464406_chr11:117491061-117493389,enhancer_hit,single
Mgat5b_Forebrain_E11.5,chr11:117461364-117464406_chr11:117539845-117543888,enhancer_hit,single
Mgat5b_Forebrain_E11.5,chr11:117461364-117464406_chr11:117626522-117629609,enhancer_hit,single
Mgat5b_Forebrain_E11.5,chr11:117477763-117481867_chr11:117539845-117543888,enhancer_hit,single
Mgat5b_Forebrain_E11.5,chr11:117491061-117493389_chr11:117539845-117543888,enhancer_hit,single
Mgat5b_Forebrain_E11.5,chr11:117491061-117493389_chr11:117626522-117629609,enhancer_hit,single
Mgat5b_Forebrain_E11.5,chr11:117494599-117499177_chr11:117539845-117543888,enhancer_hit,
Mgat5b_Forebrain_E11.5,chr11:117539845-117543888_chr11:117626522-117629609,enhancer_hit,single
Mgat5b_Heart_Any,chr11:117027180-117031651_chr11:117405883-117411036,enhancer_hit,single
Mgat5b_Heart_E11.5,chr11:117027180-117031651_chr11:117405883-117411036,enhancer_hit,single
Mgat5b_Limb_Any,chr11:116809670-116816086_chr11:117539845-117543888,enhancer_hit,single
Mgat5b_Limb_Any,chr11:117405883-117411036_chr11:117539845-117543888,enhancer_hit,single
Mgat5b_Limb_Any,chr11:117405883-117411036_chr11:117626522-117629609,enhancer_hit,single
Mgat5b_Limb_Any,chr11:117477763-117481867_chr11:117539845-117543888,enhancer_hit,single
Mgat5b_Limb_Any,chr11:117494599-117499177_chr11:117539845-117543888,enhancer_hit,single
Mgat5b_Limb_Any,chr11:117539845-117543888_chr11:117626522-117629609,enhancer_hit,single
Mgat5b_Limb_E11.5,chr11:116809670-116816086_chr11:117539845-117543888,enhancer_hit,single
Mgat5b_Limb_E11.5,chr11:117405883-117411036_chr11:117539845-117543888,enhancer_hit,single
Mgat5b_Limb_E11.5,chr11:117405883-117411036_chr11:117626522-117629609,enhancer_hit,single
Mgat5b_Limb_E11.5,chr11:117477763-117481867_chr11:117539845-117543888,enhancer_hit,single
Mgat5b_Limb_E11.5,chr11:117494599-117499177_chr11:117539845-117543888,enhancer_hit,single
Mgat5b_Limb_E11.5,chr11:117539845-117543888_chr11:117626522-117629609,enhancer_hit,single
Mgp_Heart_Any,chr6:136671827-136673043_chr6:136893233-136901024,enhancer_hit,single
Mgp_Heart_Any,chr6:136893233-136901024_chr6:136917975-136918994,enhancer_hit,
Mgp_Heart_E11.5,chr6:136671827-136673043_chr6:136893233-136901024,enhancer_hit,single
Mical2_Heart_Any,chr7:112034869-112037298_chr7:112140203-112141762,enhancer_hit,single
Mical2_Heart_Any,chr7:112034869-112037298_chr7:112236987-112247598,enhancer_hit,
Mical2_Heart_Any,chr7:112034869-112037298_chr7:112248990-112268798,enhancer_hit,
Mical2_Heart_Any,chr7:112140203-112141762_chr7:112212245-112214800,enhancer_hit,single
Mical2_Heart_Any,chr7:112140203-112141762_chr7:112236987-112247598,enhancer_hit,
Mical2_Heart_Any,chr7:112140203-112141762_chr7:112248990-112268798,enhancer_hit,single
Mical2_Heart_Any,chr7:112140203-112141762_chr7:112312958-112320560,enhancer_hit,
Mical2_Heart_Any,chr7:112212245-112214800_chr7:112236987-112247598,enhancer_hit,
Mical2_Heart_Any,chr7:112236987-112247598_chr7:112248990-112268798,enhancer_hit,
Mical2_Heart_Any,chr7:112236987-112247598_chr7:112312958-112320560,enhancer_hit,
Mical2_Heart_Any,chr7:112236987-112247598_chr7:112326403-112328489,enhancer_hit,
Mical2_Heart_E11.5,chr7:112034869-112037298_chr7:112140203-112141762,enhancer_hit,single
Mical2_Heart_E11.5,chr7:112034869-112037298_chr7:112236987-112247598,enhancer_hit,
Mical2_Heart_E11.5,chr7:112034869-112037298_chr7:112248990-112268798,enhancer_hit,
Mical2_Heart_E11.5,chr7:112140203-112141762_chr7:112212245-112214800,enhancer_hit,single
Mical2_Heart_E11.5,chr7:112140203-112141762_chr7:112236987-112247598,enhancer_hit,
Mical2_Heart_E11.5,chr7:112140203-112141762_chr7:112248990-112268798,enhancer_hit,single
Mical2_Heart_E11.5,chr7:112140203-112141762_chr7:112312958-112320560,enhancer_hit,
Mical2_Heart_E11.5,chr7:112212245-112214800_chr7:112236987-112247598,enhancer_hit,
Mical2_Heart_E11.5,chr7:112236987-112247598_chr7:112248990-112268798,enhancer_hit,
Mical2_Heart_E11.5,chr7:112236987-112247598_chr7:112312958-112320560,enhancer_hit,
Mical3_Forebrain_Any,chr6:120976638-120979124_chr6:120985655-120989841,enhancer_hit,
Mical3_Forebrain_Any,chr6:120985655-120989841_chr6:121038874-121040335,enhancer_hit,
Mical3_Heart_Any,chr6:120976638-120979124_chr6:120985655-120989841,enhancer_hit,
Mical3_Heart_E11.5,chr6:120976638-120979124_chr6:120985655-120989841,enhancer_hit,
Micalcl_Heart_Any,chr7:112137775-112139536_chr7:112273798-112291497,enhancer_hit,
Micalcl_Heart_Any,chr7:112137775-112139536_chr7:112302966-112307741,enhancer_hit,single
Micalcl_Heart_Any,chr7:112273798-112291497_chr7:112302966-112307741,enhancer_hit,
Micalcl_Heart_E11.5,chr7:112273798-112291497_chr7:112302966-112307741,enhancer_hit,
Mif4gd_Heart_Any,chr11:115689703-115696807_chr11:116194459-116196301,enhancer_hit,single
Mir143hg_Forebrain_Any,chr18:61631826-61637152_chr18:61651769-61663037,enhancer_hit,
Mir143hg_Heart_Any,chr18:60814575-60816724_chr18:61415156-61417674,enhancer_hit,
Mir143hg_Heart_Any,chr18:60814575-60816724_chr18:61549708-61551448,enhancer_hit,
Mir143hg_Heart_Any,chr18:60814575-60816724_chr18:61625723-61629095,enhancer_hit,single
Mir143hg_Heart_Any,chr18:60814575-60816724_chr18:61631826-61637152,enhancer_hit,single
Mir143hg_Heart_Any,chr18:60814575-60816724_chr18:61643480-61645403,enhancer_hit,
Mir143hg_Heart_Any,chr18:60814575-60816724_chr18:61674855-61679895,enhancer_hit,
Mir143hg_Heart_Any,chr18:60814575-60816724_chr18:61681116-61685434,enhancer_hit,
Mir143hg_Heart_Any,chr18:61316899-61320287_chr18:61625723-61629095,enhancer_hit,
Mir143hg_Heart_Any,chr18:61357053-61366446_chr18:61625723-61629095,enhancer_hit,
Mir143hg_Heart_Any,chr18:61357053-61366446_chr18:61631826-61637152,enhancer_hit,
Mir143hg_Heart_Any,chr18:61357053-61366446_chr18:61643480-61645403,enhancer_hit,
Mir143hg_Heart_Any,chr18:61367680-61369561_chr18:61549708-61551448,enhancer_hit,
Mir143hg_Heart_Any,chr18:61367680-61369561_chr18:61625723-61629095,enhancer_hit,single
Mir143hg_Heart_Any,chr18:61367680-61369561_chr18:61631826-61637152,enhancer_hit,single
Mir143hg_Heart_Any,chr18:61367680-61369561_chr18:61643480-61645403,enhancer_hit,single
Mir143hg_Heart_Any,chr18:61367680-61369561_chr18:61674855-61679895,enhancer_hit,single
Mir143hg_Heart_Any,chr18:61367680-61369561_chr18:61681116-61685434,enhancer_hit,single
Mir143hg_Heart_Any,chr18:61373462-61377407_chr18:61631826-61637152,enhancer_hit,single
Mir143hg_Heart_Any,chr18:61373462-61377407_chr18:61643480-61645403,enhancer_hit,single
Mir143hg_Heart_Any,chr18:61373462-61377407_chr18:61674855-61679895,enhancer_hit,single
Mir143hg_Heart_Any,chr18:61378051-61379051_chr18:61631826-61637152,enhancer_hit,single
Mir143hg_Heart_Any,chr18:61383254-61386624_chr18:61625723-61629095,enhancer_hit,single
Mir143hg_Heart_Any,chr18:61383254-61386624_chr18:61631826-61637152,enhancer_hit,single
Mir143hg_Heart_Any,chr18:61383254-61386624_chr18:61643480-61645403,enhancer_hit,single
Mir143hg_Heart_Any,chr18:61383254-61386624_chr18:61674855-61679895,enhancer_hit,single
Mir143hg_Heart_Any,chr18:61415156-61417674_chr18:61625723-61629095,enhancer_hit,single
Mir143hg_Heart_Any,chr18:61415156-61417674_chr18:61643480-61645403,enhancer_hit,single
Mir143hg_Heart_Any,chr18:61415156-61417674_chr18:61651769-61663037,enhancer_hit,
Mir143hg_Heart_Any,chr18:61415156-61417674_chr18:61674855-61679895,enhancer_hit,single
Mir143hg_Heart_Any,chr18:61415156-61417674_chr18:61681116-61685434,enhancer_hit,
Mir143hg_Heart_Any,chr18:61549708-61551448_chr18:61625723-61629095,enhancer_hit,single
Mir143hg_Heart_Any,chr18:61549708-61551448_chr18:61631826-61637152,enhancer_hit,single
Mir143hg_Heart_Any,chr18:61549708-61551448_chr18:61643480-61645403,enhancer_hit,single
Mir143hg_Heart_Any,chr18:61549708-61551448_chr18:61651769-61663037,enhancer_hit,
Mir143hg_Heart_Any,chr18:61549708-61551448_chr18:61674855-61679895,enhancer_hit,single
Mir143hg_Heart_Any,chr18:61549708-61551448_chr18:61681116-61685434,enhancer_hit,single
Mir143hg_Heart_Any,chr18:61613620-61615225_chr18:61643480-61645403,enhancer_hit,single
Mir143hg_Heart_Any,chr18:61625723-61629095_chr18:61631826-61637152,enhancer_hit,single
Mir143hg_Heart_Any,chr18:61625723-61629095_chr18:61643480-61645403,enhancer_hit,single
Mir143hg_Heart_Any,chr18:61625723-61629095_chr18:61651769-61663037,enhancer_hit,
Mir143hg_Heart_Any,chr18:61625723-61629095_chr18:61674855-61679895,enhancer_hit,single
Mir143hg_Heart_Any,chr18:61625723-61629095_chr18:61681116-61685434,enhancer_hit,single
Mir143hg_Heart_Any,chr18:61631826-61637152_chr18:61643480-61645403,enhancer_hit,single
Mir143hg_Heart_Any,chr18:61631826-61637152_chr18:61651769-61663037,enhancer_hit,
Mir143hg_Heart_Any,chr18:61631826-61637152_chr18:61674855-61679895,enhancer_hit,single
Mir143hg_Heart_Any,chr18:61631826-61637152_chr18:61681116-61685434,enhancer_hit,single
Mir143hg_Heart_Any,chr18:61643480-61645403_chr18:61651769-61663037,enhancer_hit,
Mir143hg_Heart_Any,chr18:61643480-61645403_chr18:61674855-61679895,enhancer_hit,single
Mir143hg_Heart_Any,chr18:61643480-61645403_chr18:61681116-61685434,enhancer_hit,single
Mir143hg_Heart_Any,chr18:61651769-61663037_chr18:61674855-61679895,enhancer_hit,
Mir143hg_Heart_Any,chr18:61651769-61663037_chr18:61681116-61685434,enhancer_hit,
Mir143hg_Heart_Any,chr18:61674855-61679895_chr18:61681116-61685434,enhancer_hit,single
Mir143hg_Heart_E11.5,chr18:60814575-60816724_chr18:61415156-61417674,enhancer_hit,
Mir143hg_Heart_E11.5,chr18:60814575-60816724_chr18:61549708-61551448,enhancer_hit,
Mir143hg_Heart_E11.5,chr18:60814575-60816724_chr18:61631826-61637152,enhancer_hit,single
Mir143hg_Heart_E11.5,chr18:60814575-60816724_chr18:61674855-61679895,enhancer_hit,
Mir143hg_Heart_E11.5,chr18:60814575-60816724_chr18:61681116-61685434,enhancer_hit,
Mir143hg_Heart_E11.5,chr18:61357053-61366446_chr18:61631826-61637152,enhancer_hit,single
Mir143hg_Heart_E11.5,chr18:61415156-61417674_chr18:61651769-61663037,enhancer_hit,
Mir143hg_Heart_E11.5,chr18:61415156-61417674_chr18:61674855-61679895,enhancer_hit,single
Mir143hg_Heart_E11.5,chr18:61415156-61417674_chr18:61681116-61685434,enhancer_hit,
Mir143hg_Heart_E11.5,chr18:61549708-61551448_chr18:61631826-61637152,enhancer_hit,single
Mir143hg_Heart_E11.5,chr18:61549708-61551448_chr18:61651769-61663037,enhancer_hit,
Mir143hg_Heart_E11.5,chr18:61549708-61551448_chr18:61674855-61679895,enhancer_hit,single
Mir143hg_Heart_E11.5,chr18:61549708-61551448_chr18:61681116-61685434,enhancer_hit,single
Mir143hg_Heart_E11.5,chr18:61631826-61637152_chr18:61651769-61663037,enhancer_hit,
Mir143hg_Heart_E11.5,chr18:61631826-61637152_chr18:61674855-61679895,enhancer_hit,single
Mir143hg_Heart_E11.5,chr18:61631826-61637152_chr18:61681116-61685434,enhancer_hit,single
Mir143hg_Heart_E11.5,chr18:61651769-61663037_chr18:61674855-61679895,enhancer_hit,
Mir143hg_Heart_E11.5,chr18:61651769-61663037_chr18:61681116-61685434,enhancer_hit,
Mir143hg_Heart_E11.5,chr18:61674855-61679895_chr18:61681116-61685434,enhancer_hit,single
Mir143hg_Limb_Any,chr18:61357053-61366446_chr18:61631826-61637152,enhancer_hit,single
Mir143hg_Limb_Any,chr18:61373462-61377407_chr18:61631826-61637152,enhancer_hit,single
Mir143hg_Limb_Any,chr18:61631826-61637152_chr18:61651769-61663037,enhancer_hit,
Mir143hg_Limb_E11.5,chr18:61357053-61366446_chr18:61631826-61637152,enhancer_hit,single
Mir143hg_Limb_E11.5,chr18:61631826-61637152_chr18:61651769-61663037,enhancer_hit,
Mitf_Heart_Any,chr6:97847643-97848944_chr6:97876703-97884139,enhancer_hit,single
Mitf_Heart_E11.5,chr6:97847643-97848944_chr6:97876703-97884139,enhancer_hit,single
Mlkl_Heart_Any,chr8:110943843-110945246_chr8:111593105-111598571,enhancer_hit,single
Mlkl_Heart_Any,chr8:111202783-111204282_chr8:111290915-111293004,enhancer_hit,single
Mlkl_Heart_Any,chr8:111202783-111204282_chr8:111495822-111497389,enhancer_hit,single
Mlkl_Heart_Any,chr8:111202783-111204282_chr8:111558609-111562679,enhancer_hit,double
Mlkl_Heart_Any,chr8:111202783-111204282_chr8:111593105-111598571,enhancer_hit,single
Mlkl_Heart_Any,chr8:111202783-111204282_chr8:111657215-111659774,enhancer_hit,single
Mlkl_Heart_Any,chr8:111290915-111293004_chr8:111495822-111497389,enhancer_hit,single
Mlkl_Heart_Any,chr8:111290915-111293004_chr8:111558609-111562679,enhancer_hit,single
Mlkl_Heart_Any,chr8:111290915-111293004_chr8:111593105-111598571,enhancer_hit,single
Mlkl_Heart_Any,chr8:111290915-111293004_chr8:111657215-111659774,enhancer_hit,single
Mlkl_Heart_Any,chr8:111495822-111497389_chr8:111558609-111562679,enhancer_hit,single
Mlkl_Heart_Any,chr8:111495822-111497389_chr8:111593105-111598571,enhancer_hit,single
Mlkl_Heart_Any,chr8:111495822-111497389_chr8:111657215-111659774,enhancer_hit,single
Mlkl_Heart_Any,chr8:111558609-111562679_chr8:111657215-111659774,enhancer_hit,single
Mlkl_Heart_Any,chr8:111593105-111598571_chr8:111657215-111659774,enhancer_hit,single
Mlkl_Heart_E11.5,chr8:110943843-110945246_chr8:111593105-111598571,enhancer_hit,single
Mmp15_Heart_Any,chr8:95356082-95364086_chr8:95364813-95365813,enhancer_hit,single
Mmp15_Heart_Any,chr8:95356082-95364086_chr8:95423891-95432369,enhancer_hit,
Mmp15_Heart_Any,chr8:95356082-95364086_chr8:95687963-95692410,enhancer_hit,single
Mmp15_Heart_Any,chr8:95364813-95365813_chr8:95423891-95432369,enhancer_hit,
Mmp15_Heart_Any,chr8:95423891-95432369_chr8:95687963-95692410,enhancer_hit,single
Mmp15_Heart_Any,chr8:95423891-95432369_chr8:95816562-95819681,enhancer_hit,single
Mmp15_Heart_E11.5,chr8:95356082-95364086_chr8:95423891-95432369,enhancer_hit,
Mmp15_Heart_E11.5,chr8:95356082-95364086_chr8:95687963-95692410,enhancer_hit,single
Mmp15_Heart_E11.5,chr8:95423891-95432369_chr8:95687963-95692410,enhancer_hit,single
Mmp15_Heart_E11.5,chr8:95423891-95432369_chr8:95816562-95819681,enhancer_hit,single
Mmp23_Heart_Any,chr4:155161445-155165602_chr4:155183302-155190949,enhancer_hit,single
Mmp23_Heart_Any,chr4:155161445-155165602_chr4:155484537-155488860,enhancer_hit,
Mmp23_Heart_Any,chr4:155161445-155165602_chr4:155709232-155711253,enhancer_hit,single
Mmp23_Heart_Any,chr4:155183302-155190949_chr4:155481307-155482562,enhancer_hit,single
Mmp23_Heart_Any,chr4:155183302-155190949_chr4:155709232-155711253,enhancer_hit,single
Mmp23_Heart_Any,chr4:155199338-155202733_chr4:155709232-155711253,enhancer_hit,single
Mmp23_Heart_Any,chr4:155481307-155482562_chr4:155709232-155711253,enhancer_hit,single
Mmp23_Heart_Any,chr4:155481307-155482562_chr4:155882451-155884884,enhancer_hit,single
Mmp23_Heart_Any,chr4:155709232-155711253_chr4:155882451-155884884,enhancer_hit,double
Mmp23_Heart_E11.5,chr4:155161445-155165602_chr4:155183302-155190949,enhancer_hit,single
Mmp23_Heart_E11.5,chr4:155161445-155165602_chr4:155484537-155488860,enhancer_hit,
Mmp23_Heart_E11.5,chr4:155161445-155165602_chr4:155709232-155711253,enhancer_hit,single
Mmp23_Heart_E11.5,chr4:155183302-155190949_chr4:155709232-155711253,enhancer_hit,single
Mmp23_Heart_E11.5,chr4:155199338-155202733_chr4:155709232-155711253,enhancer_hit,single
Mmp23_Heart_E11.5,chr4:155709232-155711253_chr4:155882451-155884884,enhancer_hit,double
Mmp23_Limb_Any,chr4:155161445-155165602_chr4:155183302-155190949,enhancer_hit,single
Mmp23_Limb_Any,chr4:155161445-155165602_chr4:155484537-155488860,enhancer_hit,
Mmp23_Limb_Any,chr4:155161445-155165602_chr4:155709232-155711253,enhancer_hit,single
Mmp23_Limb_Any,chr4:155183302-155190949_chr4:155709232-155711253,enhancer_hit,single
Mmp23_Limb_Any,chr4:155199338-155202733_chr4:155709232-155711253,enhancer_hit,single
Mmp23_Limb_E11.5,chr4:155183302-155190949_chr4:155709232-155711253,enhancer_hit,single
Mmp23_Limb_E11.5,chr4:155199338-155202733_chr4:155709232-155711253,enhancer_hit,single
Mn1_Forebrain_Any,chr5:111674633-111679321_chr5:111769211-111775000,enhancer_hit,
Mn1_Forebrain_Any,chr5:111769211-111775000_chr5:111925208-111927992,enhancer_hit,
Mn1_Forebrain_E11.5,chr5:111674633-111679321_chr5:111769211-111775000,enhancer_hit,
Mn1_Heart_Any,chr5:111674633-111679321_chr5:111769211-111775000,enhancer_hit,
Mn1_Heart_E11.5,chr5:111674633-111679321_chr5:111769211-111775000,enhancer_hit,
Mn1_Limb_Any,chr5:111674633-111679321_chr5:111769211-111775000,enhancer_hit,
Mnat1_Heart_Any,chr12:73350088-73354033_chr12:73401446-73404608,enhancer_hit,
Mnat1_Heart_E11.5,chr12:73350088-73354033_chr12:73401446-73404608,enhancer_hit,
Mnat1_Limb_Any,chr12:73350088-73354033_chr12:73448055-73450297,enhancer_hit,
Mnat1_Limb_Any,chr12:73380570-73384320_chr12:73448055-73450297,enhancer_hit,
Mpdz_Heart_Any,chr4:82219262-82221106_chr4:82734048-82736221,enhancer_hit,single
Mpdz_Limb_Any,chr4:82219262-82221106_chr4:82734048-82736221,enhancer_hit,single
Mpped1_Forebrain_Any,chr15:83803947-83804947_chr15:83974935-83975935,enhancer_hit,single
Mpped1_Forebrain_Any,chr15:83840316-83850121_chr15:83974935-83975935,enhancer_hit,single
Mpped1_Forebrain_Any,chr15:83840316-83850121_chr15:83996129-84000625,enhancer_hit,single
Mpv17_Heart_Any,chr5:31875475-31877934_chr5:32410633-32417502,enhancer_hit,single
Mpv17_Heart_Any,chr5:32190016-32193212_chr5:32410633-32417502,enhancer_hit,single
Mpv17_Heart_Any,chr5:32410633-32417502_chr5:32445969-32447123,enhancer_hit,single
Mpv17_Heart_E11.5,chr5:31875475-31877934_chr5:32410633-32417502,enhancer_hit,single
Mpv17_Heart_E11.5,chr5:32410633-32417502_chr5:32445969-32447123,enhancer_hit,single
Mpv17_Limb_Any,chr5:31875475-31877934_chr5:32410633-32417502,enhancer_hit,single
Mr1_Heart_Any,chr1:155088366-155094776_chr1:155121505-155123569,enhancer_hit,
Mr1_Heart_Any,chr1:155088366-155094776_chr1:155134309-155139018,enhancer_hit,
Mr1_Heart_E11.5,chr1:155088366-155094776_chr1:155134309-155139018,enhancer_hit,
Mrc2_Heart_Any,chr11:105285088-105286958_chr11:105308575-105316774,enhancer_hit,single
Mrc2_Heart_E11.5,chr11:105285088-105286958_chr11:105308575-105316774,enhancer_hit,single
Mrc2_Limb_Any,chr11:105285088-105286958_chr11:105308575-105316774,enhancer_hit,single
Mrc2_Limb_E11.5,chr11:105285088-105286958_chr11:105308575-105316774,enhancer_hit,single
Mrpl33_Heart_Any,chr5:31567308-31572703_chr5:33023766-33024766,enhancer_hit,single
Mrpl4_Heart_Any,chr9:21433073-21434336_chr9:21449565-21453090,enhancer_hit,single
Mrpl54_Heart_Any,chr10:80757705-80759744_chr10:81538212-81542690,enhancer_hit,single
Mrpl54_Heart_Any,chr10:80760443-80761443_chr10:81538212-81542690,enhancer_hit,single
Mrps28_Heart_Any,chr3:9580532-9582232_chr3:9646637-9647822,enhancer_hit,
Mrps2_Forebrain_Any,chr2:27635502-27637825_chr2:27998251-28006721,enhancer_hit,
Mrps2_Heart_Any,chr2:27635502-27637825_chr2:27998251-28006721,enhancer_hit,
Mrps2_Heart_E11.5,chr2:27635502-27637825_chr2:27998251-28006721,enhancer_hit,
Mrps6_Forebrain_Any,chr16:91782318-91787479_chr16:92018545-92020345,enhancer_hit,single
Mrps6_Heart_Any,chr16:91782318-91787479_chr16:92018545-92020345,enhancer_hit,single
Mrvi1_Heart_Any,chr7:110108582-110110774_chr7:110918596-110923073,enhancer_hit,single
Mrvi1_Heart_E11.5,chr7:110108582-110110774_chr7:110918596-110923073,enhancer_hit,single
Msi1_Forebrain_Any,chr5:114466030-114468483_chr5:115371511-115375035,enhancer_hit,single
Msi1_Forebrain_Any,chr5:114466030-114468483_chr5:115396527-115401646,enhancer_hit,single
Msi1_Forebrain_Any,chr5:114604502-114610228_chr5:115362666-115363825,enhancer_hit,single
Msi1_Forebrain_Any,chr5:114604502-114610228_chr5:115371511-115375035,enhancer_hit,single
Msi1_Forebrain_Any,chr5:114604502-114610228_chr5:115375753-115376753,enhancer_hit,single
Msi1_Forebrain_Any,chr5:114604502-114610228_chr5:115396527-115401646,enhancer_hit,single
Msi1_Forebrain_Any,chr5:114604502-114610228_chr5:115402524-115406102,enhancer_hit,single
Msi1_Forebrain_Any,chr5:115362666-115363825_chr5:115371511-115375035,enhancer_hit,single
Msi1_Forebrain_Any,chr5:115362666-115363825_chr5:115375753-115376753,enhancer_hit,double
Msi1_Forebrain_Any,chr5:115362666-115363825_chr5:115396527-115401646,enhancer_hit,single
Msi1_Forebrain_Any,chr5:115362666-115363825_chr5:115402524-115406102,enhancer_hit,single
Msi1_Forebrain_Any,chr5:115362666-115363825_chr5:115432098-115441942,enhancer_hit,single
Msi1_Forebrain_Any,chr5:115371511-115375035_chr5:115375753-115376753,enhancer_hit,single
Msi1_Forebrain_Any,chr5:115371511-115375035_chr5:115396527-115401646,enhancer_hit,single
Msi1_Forebrain_Any,chr5:115371511-115375035_chr5:115402524-115406102,enhancer_hit,single
Msi1_Forebrain_Any,chr5:115371511-115375035_chr5:115414950-115415950,enhancer_hit,single
Msi1_Forebrain_Any,chr5:115371511-115375035_chr5:115432098-115441942,enhancer_hit,single
Msi1_Forebrain_Any,chr5:115375753-115376753_chr5:115396527-115401646,enhancer_hit,single
Msi1_Forebrain_Any,chr5:115393482-115395430_chr5:115396527-115401646,enhancer_hit,single
Msi1_Forebrain_Any,chr5:115393482-115395430_chr5:115402524-115406102,enhancer_hit,single
Msi1_Forebrain_Any,chr5:115396527-115401646_chr5:115402524-115406102,enhancer_hit,single
Msi1_Forebrain_Any,chr5:115396527-115401646_chr5:115432098-115441942,enhancer_hit,single
Msi1_Forebrain_Any,chr5:115402524-115406102_chr5:115432098-115441942,enhancer_hit,single
Msi1_Forebrain_E11.5,chr5:114466030-114468483_chr5:115371511-115375035,enhancer_hit,single
Msi1_Forebrain_E11.5,chr5:114466030-114468483_chr5:115396527-115401646,enhancer_hit,single
Msi1_Forebrain_E11.5,chr5:114604502-114610228_chr5:115362666-115363825,enhancer_hit,single
Msi1_Forebrain_E11.5,chr5:114604502-114610228_chr5:115371511-115375035,enhancer_hit,single
Msi1_Forebrain_E11.5,chr5:114604502-114610228_chr5:115375753-115376753,enhancer_hit,single
Msi1_Forebrain_E11.5,chr5:114604502-114610228_chr5:115396527-115401646,enhancer_hit,single
Msi1_Forebrain_E11.5,chr5:114604502-114610228_chr5:115402524-115406102,enhancer_hit,single
Msi1_Forebrain_E11.5,chr5:115362666-115363825_chr5:115371511-115375035,enhancer_hit,single
Msi1_Forebrain_E11.5,chr5:115362666-115363825_chr5:115375753-115376753,enhancer_hit,double
Msi1_Forebrain_E11.5,chr5:115362666-115363825_chr5:115396527-115401646,enhancer_hit,single
Msi1_Forebrain_E11.5,chr5:115362666-115363825_chr5:115402524-115406102,enhancer_hit,single
Msi1_Forebrain_E11.5,chr5:115362666-115363825_chr5:115432098-115441942,enhancer_hit,single
Msi1_Forebrain_E11.5,chr5:115371511-115375035_chr5:115375753-115376753,enhancer_hit,single
Msi1_Forebrain_E11.5,chr5:115371511-115375035_chr5:115396527-115401646,enhancer_hit,single
Msi1_Forebrain_E11.5,chr5:115371511-115375035_chr5:115402524-115406102,enhancer_hit,single
Msi1_Forebrain_E11.5,chr5:115371511-115375035_chr5:115414950-115415950,enhancer_hit,single
Msi1_Forebrain_E11.5,chr5:115371511-115375035_chr5:115432098-115441942,enhancer_hit,single
Msi1_Forebrain_E11.5,chr5:115375753-115376753_chr5:115396527-115401646,enhancer_hit,single
Msi1_Forebrain_E11.5,chr5:115393482-115395430_chr5:115396527-115401646,enhancer_hit,single
Msi1_Forebrain_E11.5,chr5:115393482-115395430_chr5:115402524-115406102,enhancer_hit,single
Msi1_Forebrain_E11.5,chr5:115396527-115401646_chr5:115402524-115406102,enhancer_hit,single
Msi1_Forebrain_E11.5,chr5:115396527-115401646_chr5:115432098-115441942,enhancer_hit,single
Msi1_Forebrain_E11.5,chr5:115402524-115406102_chr5:115432098-115441942,enhancer_hit,single
Msi1_Limb_Any,chr5:114604502-114610228_chr5:115402524-115406102,enhancer_hit,single
Msi1_Limb_Any,chr5:115402524-115406102_chr5:115432098-115441942,enhancer_hit,single
Msi1_Limb_E11.5,chr5:114604502-114610228_chr5:115402524-115406102,enhancer_hit,single
Msi1_Limb_E11.5,chr5:115402524-115406102_chr5:115432098-115441942,enhancer_hit,single
Msrb2_Heart_Any,chr2:18820989-18823071_chr2:19142317-19143317,enhancer_hit,single
Msx1_Limb_Any,chr5:37724298-37725433_chr5:37743723-37744723,enhancer_hit,single
Mtcl1_Forebrain_Any,chr17:66275578-66278924_chr17:66443298-66447250,enhancer_hit,
Mtcl1_Forebrain_Any,chr17:66275578-66278924_chr17:66469425-66470537,enhancer_hit,single
Mtcl1_Forebrain_Any,chr17:66275578-66278924_chr17:66478138-66481982,enhancer_hit,single
Mtcl1_Forebrain_Any,chr17:66400069-66403181_chr17:66404366-66406189,enhancer_hit,
Mtcl1_Forebrain_Any,chr17:66432780-66436532_chr17:66443298-66447250,enhancer_hit,single
Mtcl1_Forebrain_Any,chr17:66432780-66436532_chr17:66478138-66481982,enhancer_hit,single
Mtcl1_Forebrain_Any,chr17:66443298-66447250_chr17:66469425-66470537,enhancer_hit,single
Mtcl1_Forebrain_Any,chr17:66443298-66447250_chr17:66478138-66481982,enhancer_hit,single
Mtcl1_Forebrain_Any,chr17:66469425-66470537_chr17:66478138-66481982,enhancer_hit,double
Mtcl1_Forebrain_E11.5,chr17:66400069-66403181_chr17:66404366-66406189,enhancer_hit,
Mtcl1_Forebrain_E11.5,chr17:66443298-66447250_chr17:66469425-66470537,enhancer_hit,single
Mtcl1_Forebrain_E11.5,chr17:66443298-66447250_chr17:66478138-66481982,enhancer_hit,single
Mtcl1_Forebrain_E11.5,chr17:66469425-66470537_chr17:66478138-66481982,enhancer_hit,double
Mtr_Heart_Any,chr13:11836290-11838028_chr13:12305690-12328757,enhancer_hit,
Mtr_Heart_Any,chr13:12272224-12279646_chr13:12282162-12288931,enhancer_hit,single
Mtr_Heart_Any,chr13:12272224-12279646_chr13:12292471-12301293,enhancer_hit,single
Mtr_Heart_Any,chr13:12272224-12279646_chr13:12305690-12328757,enhancer_hit,single
Mtr_Heart_Any,chr13:12282162-12288931_chr13:12292471-12301293,enhancer_hit,single
Mtr_Heart_Any,chr13:12282162-12288931_chr13:12305690-12328757,enhancer_hit,single
Mtr_Heart_Any,chr13:12292471-12301293_chr13:12305690-12328757,enhancer_hit,
Mtr_Heart_Any,chr13:12305690-12328757_chr13:12332723-12338224,enhancer_hit,single
Mtr_Heart_E11.5,chr13:11836290-11838028_chr13:12305690-12328757,enhancer_hit,
Mtr_Heart_E11.5,chr13:12272224-12279646_chr13:12282162-12288931,enhancer_hit,single
Mtr_Heart_E11.5,chr13:12272224-12279646_chr13:12292471-12301293,enhancer_hit,single
Mtr_Heart_E11.5,chr13:12272224-12279646_chr13:12305690-12328757,enhancer_hit,single
Mtr_Heart_E11.5,chr13:12282162-12288931_chr13:12292471-12301293,enhancer_hit,single
Mtr_Heart_E11.5,chr13:12282162-12288931_chr13:12305690-12328757,enhancer_hit,single
Mtr_Heart_E11.5,chr13:12292471-12301293_chr13:12305690-12328757,enhancer_hit,
Mtr_Heart_E11.5,chr13:12305690-12328757_chr13:12332723-12338224,enhancer_hit,single
Mtss1_Forebrain_Any,chr15:58974308-59001453_chr15:59025008-59028333,enhancer_hit,single
Mtss1_Forebrain_Any,chr15:58974308-59001453_chr15:59028872-59034127,enhancer_hit,single
Mtss1_Forebrain_Any,chr15:58974308-59001453_chr15:59035435-59038965,enhancer_hit,
Mtss1_Forebrain_E11.5,chr15:58974308-59001453_chr15:59028872-59034127,enhancer_hit,single
Mtss1_Heart_Any,chr15:58974308-59001453_chr15:59025008-59028333,enhancer_hit,single
Mtss1_Heart_Any,chr15:58974308-59001453_chr15:59028872-59034127,enhancer_hit,single
Mtss1_Heart_Any,chr15:58974308-59001453_chr15:59035435-59038965,enhancer_hit,
Mtss1_Heart_E11.5,chr15:58974308-59001453_chr15:59025008-59028333,enhancer_hit,single
Mtss1_Heart_E11.5,chr15:58974308-59001453_chr15:59028872-59034127,enhancer_hit,single
Mtss1_Limb_Any,chr15:58974308-59001453_chr15:59028872-59034127,enhancer_hit,single
Mtus2_Forebrain_Any,chr5:148130606-148132426_chr5:148251257-148253167,enhancer_hit,single
Mtus2_Heart_Any,chr5:148130606-148132426_chr5:148251257-148253167,enhancer_hit,single
Mtus2_Heart_Any,chr5:148130606-148132426_chr5:148267844-148274679,enhancer_hit,single
Mtus2_Heart_Any,chr5:148251257-148253167_chr5:148267844-148274679,enhancer_hit,single
Mtus2_Heart_Any,chr5:148267844-148274679_chr5:148574411-148575532,enhancer_hit,single
Mtus2_Heart_E11.5,chr5:148251257-148253167_chr5:148267844-148274679,enhancer_hit,single
Mtus2_Heart_E11.5,chr5:148267844-148274679_chr5:148574411-148575532,enhancer_hit,single
Muc20_Heart_Any,chr16:32821078-32823742_chr16:32857487-32860867,enhancer_hit,single
Muc20_Heart_E11.5,chr16:32821078-32823742_chr16:32857487-32860867,enhancer_hit,single
Mxra8_Forebrain_Any,chr4:155132944-155136709_chr4:155142450-155146858,enhancer_hit,single
Mxra8_Forebrain_Any,chr4:155132944-155136709_chr4:155170641-155180186,enhancer_hit,single
Mxra8_Forebrain_Any,chr4:155132944-155136709_chr4:155232710-155238995,enhancer_hit,single
Mxra8_Forebrain_Any,chr4:155142450-155146858_chr4:155170641-155180186,enhancer_hit,single
Mxra8_Forebrain_Any,chr4:155170641-155180186_chr4:155232710-155238995,enhancer_hit,single
Mxra8_Forebrain_E11.5,chr4:155142450-155146858_chr4:155170641-155180186,enhancer_hit,single
Mxra8_Forebrain_E11.5,chr4:155170641-155180186_chr4:155232710-155238995,enhancer_hit,single
Mxra8_Heart_Any,chr4:155132944-155136709_chr4:155142450-155146858,enhancer_hit,single
Mxra8_Heart_Any,chr4:155132944-155136709_chr4:155170641-155180186,enhancer_hit,single
Mxra8_Heart_Any,chr4:155132944-155136709_chr4:155232710-155238995,enhancer_hit,single
Mxra8_Heart_Any,chr4:155142450-155146858_chr4:155170641-155180186,enhancer_hit,single
Mxra8_Heart_Any,chr4:155170641-155180186_chr4:155232710-155238995,enhancer_hit,single
Mxra8_Heart_E11.5,chr4:155132944-155136709_chr4:155142450-155146858,enhancer_hit,single
Mxra8_Heart_E11.5,chr4:155132944-155136709_chr4:155170641-155180186,enhancer_hit,single
Mxra8_Heart_E11.5,chr4:155132944-155136709_chr4:155232710-155238995,enhancer_hit,single
Mxra8_Heart_E11.5,chr4:155142450-155146858_chr4:155170641-155180186,enhancer_hit,single
Mxra8_Heart_E11.5,chr4:155170641-155180186_chr4:155232710-155238995,enhancer_hit,single
Mxra8_Limb_Any,chr4:155132944-155136709_chr4:155142450-155146858,enhancer_hit,single
Mxra8_Limb_Any,chr4:155132944-155136709_chr4:155170641-155180186,enhancer_hit,single
Mxra8_Limb_Any,chr4:155132944-155136709_chr4:155232710-155238995,enhancer_hit,single
Mxra8_Limb_Any,chr4:155142450-155146858_chr4:155170641-155180186,enhancer_hit,single
Mxra8_Limb_Any,chr4:155170641-155180186_chr4:155232710-155238995,enhancer_hit,single
Mxra8_Limb_E11.5,chr4:155132944-155136709_chr4:155142450-155146858,enhancer_hit,single
Mxra8_Limb_E11.5,chr4:155132944-155136709_chr4:155170641-155180186,enhancer_hit,single
Mxra8_Limb_E11.5,chr4:155132944-155136709_chr4:155232710-155238995,enhancer_hit,single
Mxra8_Limb_E11.5,chr4:155142450-155146858_chr4:155170641-155180186,enhancer_hit,single
Mxra8_Limb_E11.5,chr4:155170641-155180186_chr4:155232710-155238995,enhancer_hit,single
Myadm_Heart_Any,chr7:3275086-3276696_chr7:3279803-3281564,enhancer_hit,double
Myadm_Heart_Any,chr7:3275086-3276696_chr7:3293055-3294457,enhancer_hit,double
Myadm_Heart_Any,chr7:3279803-3281564_chr7:3293055-3294457,enhancer_hit,double
Myadm_Heart_E11.5,chr7:3275086-3276696_chr7:3279803-3281564,enhancer_hit,double
Myadm_Heart_E11.5,chr7:3275086-3276696_chr7:3293055-3294457,enhancer_hit,double
Myadm_Heart_E11.5,chr7:3279803-3281564_chr7:3293055-3294457,enhancer_hit,double
Mybpc3_Heart_Any,chr2:91022924-91024080_chr2:91120643-91124920,enhancer_hit,
Mybpc3_Heart_Any,chr2:91022924-91024080_chr2:91129745-91133407,enhancer_hit,single
Mybpc3_Heart_Any,chr2:91120643-91124920_chr2:91129745-91133407,enhancer_hit,single
Mybpc3_Heart_Any,chr2:91120643-91124920_chr2:91695138-91697280,enhancer_hit,single
Mybpc3_Heart_Any,chr2:91129745-91133407_chr2:91695138-91697280,enhancer_hit,single
Mybpc3_Heart_E11.5,chr2:91120643-91124920_chr2:91129745-91133407,enhancer_hit,single
Mycl_Forebrain_Any,chr4:123012388-123014096_chr4:123049976-123054946,enhancer_hit,single
Mycl_Forebrain_E11.5,chr4:123012388-123014096_chr4:123049976-123054946,enhancer_hit,single
Mycn_Forebrain_Any,chr12:12643529-12644529_chr12:12753357-12755105,enhancer_hit,
Mycn_Forebrain_Any,chr12:12643529-12644529_chr12:12871422-12873807,enhancer_hit,
Mycn_Forebrain_E11.5,chr12:12643529-12644529_chr12:12753357-12755105,enhancer_hit,
Myh11_Heart_Any,chr16:14370803-14373603_chr16:14939231-14942641,enhancer_hit,
Myh6_Heart_Any,chr14:54808941-54810313_chr14:54953895-54964107,enhancer_hit,
Myh6_Heart_Any,chr14:54808941-54810313_chr14:54979432-54992126,enhancer_hit,single
Myh6_Heart_Any,chr14:54808941-54810313_chr14:55000248-55007193,enhancer_hit,single
Myh6_Heart_Any,chr14:54808941-54810313_chr14:55007990-55010660,enhancer_hit,single
Myh6_Heart_Any,chr14:54953895-54964107_chr14:54979432-54992126,enhancer_hit,single
Myh6_Heart_Any,chr14:54953895-54964107_chr14:55000248-55007193,enhancer_hit,
Myh6_Heart_Any,chr14:54953895-54964107_chr14:55007990-55010660,enhancer_hit,
Myh6_Heart_Any,chr14:54979432-54992126_chr14:55000248-55007193,enhancer_hit,single
Myh6_Heart_Any,chr14:54979432-54992126_chr14:55007990-55010660,enhancer_hit,single
Myh6_Heart_Any,chr14:55000248-55007193_chr14:55007990-55010660,enhancer_hit,single
Myh6_Heart_E11.5,chr14:54808941-54810313_chr14:54953895-54964107,enhancer_hit,
Myh6_Heart_E11.5,chr14:54808941-54810313_chr14:54979432-54992126,enhancer_hit,single
Myh6_Heart_E11.5,chr14:54808941-54810313_chr14:55000248-55007193,enhancer_hit,single
Myh6_Heart_E11.5,chr14:54808941-54810313_chr14:55007990-55010660,enhancer_hit,single
Myh6_Heart_E11.5,chr14:54953895-54964107_chr14:54979432-54992126,enhancer_hit,single
Myh6_Heart_E11.5,chr14:54953895-54964107_chr14:55000248-55007193,enhancer_hit,
Myh6_Heart_E11.5,chr14:54953895-54964107_chr14:55007990-55010660,enhancer_hit,
Myh6_Heart_E11.5,chr14:54979432-54992126_chr14:55000248-55007193,enhancer_hit,single
Myh6_Heart_E11.5,chr14:54979432-54992126_chr14:55007990-55010660,enhancer_hit,single
Myh6_Heart_E11.5,chr14:55000248-55007193_chr14:55007990-55010660,enhancer_hit,single
Myh9_Heart_Any,chr15:77854764-77858753_chr15:77881611-77884435,enhancer_hit,double
Myh9_Heart_Any,chr15:77854764-77858753_chr15:77902884-77909179,enhancer_hit,single
Myh9_Heart_Any,chr15:77881611-77884435_chr15:77902884-77909179,enhancer_hit,single
Myh9_Heart_E11.5,chr15:77881611-77884435_chr15:77902884-77909179,enhancer_hit,single
Myh9_Limb_Any,chr15:77881611-77884435_chr15:77902884-77909179,enhancer_hit,single
Myh9_Limb_E11.5,chr15:77881611-77884435_chr15:77902884-77909179,enhancer_hit,single
Myl12a_Heart_Any,chr17:70737042-70739688_chr17:70750234-70753082,enhancer_hit,single
Myl12a_Heart_Any,chr17:70737042-70739688_chr17:71101588-71103560,enhancer_hit,double
Myl12a_Heart_Any,chr17:70737042-70739688_chr17:71117599-71121878,enhancer_hit,double
Myl12a_Heart_Any,chr17:70750234-70753082_chr17:71038259-71041155,enhancer_hit,
Myl12a_Heart_Any,chr17:70750234-70753082_chr17:71704889-71706606,enhancer_hit,single
Myl12a_Heart_Any,chr17:71038259-71041155_chr17:71704889-71706606,enhancer_hit,single
Myl12a_Heart_Any,chr17:71117599-71121878_chr17:71704889-71706606,enhancer_hit,
Myl12a_Heart_E11.5,chr17:70737042-70739688_chr17:70750234-70753082,enhancer_hit,single
Myl12a_Heart_E11.5,chr17:70737042-70739688_chr17:71101588-71103560,enhancer_hit,double
Myl12a_Heart_E11.5,chr17:70737042-70739688_chr17:71117599-71121878,enhancer_hit,double
Myl12a_Heart_E11.5,chr17:70750234-70753082_chr17:71704889-71706606,enhancer_hit,single
Myl12a_Heart_E11.5,chr17:71117599-71121878_chr17:71704889-71706606,enhancer_hit,
Myl12a_Limb_Any,chr17:70737042-70739688_chr17:70750234-70753082,enhancer_hit,single
Myl12a_Limb_Any,chr17:70737042-70739688_chr17:71101588-71103560,enhancer_hit,double
Myl12a_Limb_Any,chr17:70750234-70753082_chr17:71038259-71041155,enhancer_hit,
Myl12a_Limb_E11.5,chr17:70737042-70739688_chr17:70750234-70753082,enhancer_hit,single
Myl12a_Limb_E11.5,chr17:70750234-70753082_chr17:71038259-71041155,enhancer_hit,
Myl2_Heart_Any,chr5:122085294-122086574_chr5:122576442-122578177,enhancer_hit,single
Myl2_Heart_Any,chr5:122085294-122086574_chr5:122785443-122787269,enhancer_hit,single
Mylk_Heart_Any,chr16:34908551-34910599_chr16:34956756-34963964,enhancer_hit,single
Mylk_Limb_Any,chr16:34908551-34910599_chr16:34956756-34963964,enhancer_hit,single
Myo1e_Heart_Any,chr9:70047677-70050057_chr9:70240274-70245505,enhancer_hit,
Myo1e_Heart_Any,chr9:70047677-70050057_chr9:70268876-70272481,enhancer_hit,single
Myo1e_Heart_Any,chr9:70220618-70221716_chr9:70268876-70272481,enhancer_hit,single
Myo1e_Heart_Any,chr9:70240274-70245505_chr9:70268876-70272481,enhancer_hit,single
Myo1e_Limb_Any,chr9:70240274-70245505_chr9:70268876-70272481,enhancer_hit,single
Myo5c_Heart_Any,chr9:75234513-75238092_chr9:75433910-75436405,enhancer_hit,single
Myocd_Heart_Any,chr11:65225502-65229461_chr11:65243385-65245939,enhancer_hit,single
Myocd_Heart_Any,chr11:65243385-65245939_chr11:65302487-65305201,enhancer_hit,
Myom1_Heart_Any,chr17:71022067-71024605_chr17:71282545-71286879,enhancer_hit,single
Myrf_Heart_Any,chr19:10022074-10026891_chr19:10171217-10174587,enhancer_hit,single
Myrf_Heart_Any,chr19:10134026-10135594_chr19:10171217-10174587,enhancer_hit,single
Myrf_Heart_Any,chr19:10134026-10135594_chr19:10224189-10226679,enhancer_hit,single
Myrf_Heart_Any,chr19:10171217-10174587_chr19:10224189-10226679,enhancer_hit,single
Myrf_Heart_Any,chr19:10171217-10174587_chr19:10234795-10238104,enhancer_hit,single
Myrf_Heart_E11.5,chr19:10022074-10026891_chr19:10171217-10174587,enhancer_hit,single
Myrf_Heart_E11.5,chr19:10171217-10174587_chr19:10224189-10226679,enhancer_hit,single
Myrf_Heart_E11.5,chr19:10171217-10174587_chr19:10234795-10238104,enhancer_hit,single
Myt1l_Forebrain_Any,chr12:28878737-28881797_chr12:29642417-29644848,enhancer_hit,single
Myt1l_Forebrain_Any,chr12:29820708-29824997_chr12:29881027-29886152,enhancer_hit,
Myzap_Heart_Any,chr9:70567001-70568489_chr9:71546402-71549142,enhancer_hit,single
Myzap_Heart_Any,chr9:70567001-70568489_chr9:71605223-71610281,enhancer_hit,single
Myzap_Heart_Any,chr9:71543875-71544875_chr9:71605223-71610281,enhancer_hit,
Myzap_Heart_Any,chr9:71543875-71544875_chr9:71611120-71613203,enhancer_hit,single
Myzap_Heart_Any,chr9:71546402-71549142_chr9:71573420-71574989,enhancer_hit,
Myzap_Heart_Any,chr9:71566731-71568982_chr9:71605223-71610281,enhancer_hit,
Myzap_Heart_Any,chr9:71573420-71574989_chr9:71605223-71610281,enhancer_hit,single
Myzap_Heart_E11.5,chr9:70567001-70568489_chr9:71605223-71610281,enhancer_hit,single
Nab2_Forebrain_Any,chr10:126961225-126964181_chr10:127608470-127618422,enhancer_hit,single
Nab2_Forebrain_E11.5,chr10:126961225-126964181_chr10:127608470-127618422,enhancer_hit,single
Nab2_Heart_Any,chr10:126952681-126953942_chr10:126961225-126964181,enhancer_hit,single
Nab2_Heart_Any,chr10:126952681-126953942_chr10:127608470-127618422,enhancer_hit,single
Nab2_Heart_Any,chr10:126961225-126964181_chr10:127608470-127618422,enhancer_hit,single
Nab2_Heart_Any,chr10:127470846-127471970_chr10:127562202-127564906,enhancer_hit,single
Nab2_Heart_E11.5,chr10:126961225-126964181_chr10:127608470-127618422,enhancer_hit,single
Nab2_Limb_Any,chr10:126952681-126953942_chr10:126961225-126964181,enhancer_hit,single
Nab2_Limb_Any,chr10:126952681-126953942_chr10:127608470-127618422,enhancer_hit,single
Nab2_Limb_Any,chr10:126961225-126964181_chr10:127608470-127618422,enhancer_hit,single
Nab2_Limb_E11.5,chr10:126961225-126964181_chr10:127608470-127618422,enhancer_hit,single
Nav1_Forebrain_Any,chr1:135508633-135517198_chr1:135737508-135745156,enhancer_hit,
Nav1_Forebrain_Any,chr1:135518109-135519653_chr1:135737508-135745156,enhancer_hit,single
Nav1_Forebrain_Any,chr1:135658122-135660907_chr1:135737508-135745156,enhancer_hit,single
Nav1_Forebrain_E11.5,chr1:135658122-135660907_chr1:135737508-135745156,enhancer_hit,single
Nav1_Heart_Any,chr1:135378045-135379744_chr1:135658122-135660907,enhancer_hit,single
Nav1_Heart_Any,chr1:135378045-135379744_chr1:135737508-135745156,enhancer_hit,single
Nav1_Heart_Any,chr1:135508633-135517198_chr1:135737508-135745156,enhancer_hit,
Nav1_Heart_Any,chr1:135658122-135660907_chr1:135737508-135745156,enhancer_hit,single
Nav1_Heart_Any,chr1:135658122-135660907_chr1:135782453-135784523,enhancer_hit,single
Nav1_Heart_Any,chr1:135737508-135745156_chr1:135782453-135784523,enhancer_hit,single
Nav1_Heart_E11.5,chr1:135378045-135379744_chr1:135658122-135660907,enhancer_hit,single
Nav1_Heart_E11.5,chr1:135378045-135379744_chr1:135737508-135745156,enhancer_hit,single
Nav1_Heart_E11.5,chr1:135508633-135517198_chr1:135737508-135745156,enhancer_hit,
Nav1_Heart_E11.5,chr1:135658122-135660907_chr1:135737508-135745156,enhancer_hit,single
Nav1_Limb_Any,chr1:135658122-135660907_chr1:135737508-135745156,enhancer_hit,single
Nav1_Limb_E11.5,chr1:135658122-135660907_chr1:135737508-135745156,enhancer_hit,single
Nav2_Heart_Any,chr7:49212583-49213903_chr7:49255896-49258938,enhancer_hit,
Nav2_Heart_Any,chr7:49232595-49237305_chr7:49533339-49536314,enhancer_hit,single
Nav2_Heart_Any,chr7:49232595-49237305_chr7:49565143-49568167,enhancer_hit,
Nav2_Heart_Any,chr7:49232595-49237305_chr7:49599670-49600670,enhancer_hit,
Nav2_Heart_Any,chr7:49255896-49258938_chr7:49340660-49344076,enhancer_hit,
Nav2_Heart_Any,chr7:49255896-49258938_chr7:49565143-49568167,enhancer_hit,
Nav2_Heart_Any,chr7:49340660-49344076_chr7:49565143-49568167,enhancer_hit,single
Nav2_Heart_Any,chr7:49494977-49498461_chr7:49565143-49568167,enhancer_hit,single
Nav2_Heart_Any,chr7:49533339-49536314_chr7:49599670-49600670,enhancer_hit,single
Nav2_Heart_E11.5,chr7:49232595-49237305_chr7:49533339-49536314,enhancer_hit,single
Nav2_Heart_E11.5,chr7:49232595-49237305_chr7:49565143-49568167,enhancer_hit,
Nav2_Heart_E11.5,chr7:49255896-49258938_chr7:49565143-49568167,enhancer_hit,
Nav2_Heart_E11.5,chr7:49494977-49498461_chr7:49565143-49568167,enhancer_hit,single
Nbea_Forebrain_Any,chr3:55282757-55285697_chr3:55748822-55758743,enhancer_hit,single
Nbea_Forebrain_Any,chr3:55373552-55375823_chr3:55748822-55758743,enhancer_hit,single
Nbea_Forebrain_E11.5,chr3:55282757-55285697_chr3:55748822-55758743,enhancer_hit,single
Nbeal1_Heart_Any,chr1:59796975-59798884_chr1:60815406-60816989,enhancer_hit,single
Ncam1_Forebrain_Any,chr9:49618020-49625502_chr9:49635485-49637570,enhancer_hit,single
Ncam1_Forebrain_Any,chr9:49635485-49637570_chr9:49754755-49759283,enhancer_hit,
Ncoa3_Forebrain_Any,chr2:166657642-166659036_chr2:167306487-167308275,enhancer_hit,
Ncoa3_Heart_Any,chr2:166332101-166339899_chr2:166657642-166659036,enhancer_hit,single
Ncoa3_Heart_Any,chr2:166332101-166339899_chr2:167306487-167308275,enhancer_hit,
Ncoa3_Heart_Any,chr2:166657642-166659036_chr2:167306487-167308275,enhancer_hit,
Ncoa3_Limb_Any,chr2:166162040-166163176_chr2:166177830-166182888,enhancer_hit,
Ncoa3_Limb_Any,chr2:166177830-166182888_chr2:166366441-166367441,enhancer_hit,single
Ncoa3_Limb_Any,chr2:166332101-166339899_chr2:166341788-166349671,enhancer_hit,
Ncoa3_Limb_Any,chr2:166332101-166339899_chr2:166657642-166659036,enhancer_hit,
Ncoa3_Limb_Any,chr2:166332101-166339899_chr2:167306487-167308275,enhancer_hit,
Ncoa3_Limb_Any,chr2:166657642-166659036_chr2:167306487-167308275,enhancer_hit,
Ncoa3_Limb_E11.5,chr2:166162040-166163176_chr2:166177830-166182888,enhancer_hit,
Ncoa3_Limb_E11.5,chr2:166332101-166339899_chr2:166341788-166349671,enhancer_hit,
Ncoa3_Limb_E11.5,chr2:166332101-166339899_chr2:166657642-166659036,enhancer_hit,
Ncoa3_Limb_E11.5,chr2:166332101-166339899_chr2:167306487-167308275,enhancer_hit,
Ncoa3_Limb_E11.5,chr2:166657642-166659036_chr2:167306487-167308275,enhancer_hit,
Ndfip1_Forebrain_Any,chr18:38181361-38187212_chr18:38254839-38256529,enhancer_hit,
Ndfip1_Heart_Any,chr18:38181361-38187212_chr18:38254839-38256529,enhancer_hit,
Ndufa4l2_Forebrain_Any,chr10:126926574-126932666_chr10:126981216-126991436,enhancer_hit,
Ndufa4l2_Forebrain_E11.5,chr10:126926574-126932666_chr10:126981216-126991436,enhancer_hit,
Ndufa4l2_Heart_Any,chr10:126926574-126932666_chr10:126981216-126991436,enhancer_hit,
Ndufa4l2_Heart_E11.5,chr10:126926574-126932666_chr10:126981216-126991436,enhancer_hit,
Ndufa4l2_Limb_Any,chr10:126926574-126932666_chr10:126981216-126991436,enhancer_hit,
Ndufa4l2_Limb_E11.5,chr10:126926574-126932666_chr10:126981216-126991436,enhancer_hit,
Nedd4l_Forebrain_Any,chr18:65049701-65059140_chr18:65075108-65077019,enhancer_hit,
Nedd4l_Heart_Any,chr18:65017425-65019405_chr18:65168289-65172044,enhancer_hit,
Nedd4l_Heart_Any,chr18:65049701-65059140_chr18:65075108-65077019,enhancer_hit,
Nedd4l_Heart_Any,chr18:65049701-65059140_chr18:65130193-65136045,enhancer_hit,single
Nedd4l_Heart_E11.5,chr18:65017425-65019405_chr18:65168289-65172044,enhancer_hit,
Neil1_Heart_Any,chr9:57957529-57959802_chr9:57960945-57976485,enhancer_hit,
Nek8_Forebrain_Any,chr11:77496070-77499312_chr11:77790247-77794274,enhancer_hit,
Nek8_Heart_Any,chr11:76889197-76890792_chr11:77790247-77794274,enhancer_hit,single
Nek8_Heart_Any,chr11:77496070-77499312_chr11:77790247-77794274,enhancer_hit,
Nek8_Heart_Any,chr11:77496070-77499312_chr11:78087182-78088182,enhancer_hit,single
Nek8_Heart_Any,chr11:77496070-77499312_chr11:78125298-78127170,enhancer_hit,
Nek8_Heart_Any,chr11:78087182-78088182_chr11:78125298-78127170,enhancer_hit,double
Nek8_Heart_E11.5,chr11:77496070-77499312_chr11:77790247-77794274,enhancer_hit,
Nek8_Limb_Any,chr11:77496070-77499312_chr11:77790247-77794274,enhancer_hit,
Nek8_Limb_E11.5,chr11:77496070-77499312_chr11:77790247-77794274,enhancer_hit,
Neto2_Forebrain_Any,chr8:86158984-86160384_chr8:86388656-86392015,enhancer_hit,
Neu3_Heart_Any,chr7:99515700-99517833_chr7:99544153-99549768,enhancer_hit,single
Neu3_Heart_E11.5,chr7:99515700-99517833_chr7:99544153-99549768,enhancer_hit,single
Neurl1b_Forebrain_Any,chr17:26376105-26386404_chr17:26644008-26648367,enhancer_hit,
Neurl1b_Heart_Any,chr17:26376105-26386404_chr17:26644008-26648367,enhancer_hit,
Neurl1b_Heart_E11.5,chr17:26376105-26386404_chr17:26644008-26648367,enhancer_hit,
Neurl3_Heart_Any,chr1:36070899-36080807_chr1:36128507-36134510,enhancer_hit,
Neurod2_Forebrain_Any,chr11:98281830-98282881_chr11:98332520-98335376,enhancer_hit,single
Neurog1_Forebrain_Any,chr13:56199393-56200393_chr13:56769667-56771136,enhancer_hit,
Neurog1_Forebrain_Any,chr13:56199393-56200393_chr13:57929789-57931461,enhancer_hit,
Neurog1_Forebrain_E11.5,chr13:56199393-56200393_chr13:56769667-56771136,enhancer_hit,
Neurog1_Forebrain_E11.5,chr13:56199393-56200393_chr13:57929789-57931461,enhancer_hit,
Neurog2_Forebrain_Any,chr3:127639143-127641943_chr3:127645347-127646347,enhancer_hit,single
Neurog2_Forebrain_Any,chr3:127639143-127641943_chr3:127704778-127707935,enhancer_hit,
Neurog2_Forebrain_E11.5,chr3:127639143-127641943_chr3:127645347-127646347,enhancer_hit,single
Neurog2_Forebrain_E11.5,chr3:127639143-127641943_chr3:127704778-127707935,enhancer_hit,
Nexn_Heart_Any,chr3:152132679-152134592_chr3:152259439-152263820,enhancer_hit,
Nexn_Heart_Any,chr3:152132679-152134592_chr3:152288717-152292308,enhancer_hit,
Nexn_Heart_Any,chr3:152132679-152134592_chr3:152292812-152295954,enhancer_hit,single
Nexn_Heart_Any,chr3:152259439-152263820_chr3:152288717-152292308,enhancer_hit,
Nexn_Heart_Any,chr3:152259439-152263820_chr3:152292812-152295954,enhancer_hit,
Nexn_Heart_Any,chr3:152259439-152263820_chr3:152302641-152310763,enhancer_hit,
Nexn_Heart_Any,chr3:152288717-152292308_chr3:152292812-152295954,enhancer_hit,
Nexn_Heart_Any,chr3:152288717-152292308_chr3:152302641-152310763,enhancer_hit,
Nexn_Heart_Any,chr3:152292812-152295954_chr3:152302641-152310763,enhancer_hit,single
Nexn_Heart_E11.5,chr3:152132679-152134592_chr3:152259439-152263820,enhancer_hit,
Nexn_Heart_E11.5,chr3:152132679-152134592_chr3:152292812-152295954,enhancer_hit,single
Nexn_Heart_E11.5,chr3:152259439-152263820_chr3:152292812-152295954,enhancer_hit,single
Nexn_Heart_E11.5,chr3:152259439-152263820_chr3:152302641-152310763,enhancer_hit,
Nexn_Heart_E11.5,chr3:152292812-152295954_chr3:152302641-152310763,enhancer_hit,single
Nexn_Limb_Any,chr3:152288717-152292308_chr3:152302641-152310763,enhancer_hit,
Nfasc_Forebrain_Any,chr1:132557217-132563893_chr1:132687582-132690560,enhancer_hit,single
Nfat5_Forebrain_Any,chr8:107135354-107137224_chr8:107540339-107548743,enhancer_hit,single
Nfat5_Forebrain_E11.5,chr8:107135354-107137224_chr8:107540339-107548743,enhancer_hit,single
Nfat5_Heart_Any,chr8:107113677-107116978_chr8:107135354-107137224,enhancer_hit,single
Nfat5_Heart_Any,chr8:107113677-107116978_chr8:107167222-107168905,enhancer_hit,double
Nfat5_Heart_Any,chr8:107113677-107116978_chr8:107518946-107524391,enhancer_hit,single
Nfat5_Heart_Any,chr8:107113677-107116978_chr8:107540339-107548743,enhancer_hit,single
Nfat5_Heart_Any,chr8:107132684-107134403_chr8:107135354-107137224,enhancer_hit,single
Nfat5_Heart_Any,chr8:107135354-107137224_chr8:107167222-107168905,enhancer_hit,single
Nfat5_Heart_Any,chr8:107135354-107137224_chr8:107540339-107548743,enhancer_hit,single
Nfat5_Heart_Any,chr8:107167222-107168905_chr8:107540339-107548743,enhancer_hit,single
Nfat5_Heart_E11.5,chr8:107135354-107137224_chr8:107167222-107168905,enhancer_hit,single
Nfat5_Heart_E11.5,chr8:107135354-107137224_chr8:107540339-107548743,enhancer_hit,single
Nfat5_Heart_E11.5,chr8:107167222-107168905_chr8:107540339-107548743,enhancer_hit,single
Nfat5_Limb_Any,chr8:107113677-107116978_chr8:107510331-107511907,enhancer_hit,double
Nfat5_Limb_Any,chr8:107113677-107116978_chr8:107518946-107524391,enhancer_hit,single
Nfat5_Limb_Any,chr8:107113677-107116978_chr8:107540339-107548743,enhancer_hit,single
Nfat5_Limb_Any,chr8:107113677-107116978_chr8:107553743-107558068,enhancer_hit,single
Nfat5_Limb_Any,chr8:107510331-107511907_chr8:107518946-107524391,enhancer_hit,single
Nfat5_Limb_Any,chr8:107510331-107511907_chr8:107540339-107548743,enhancer_hit,single
Nfat5_Limb_Any,chr8:107518946-107524391_chr8:107553743-107558068,enhancer_hit,single
Nfat5_Limb_Any,chr8:107540339-107548743_chr8:107553743-107558068,enhancer_hit,
Nfat5_Limb_E11.5,chr8:107518946-107524391_chr8:107553743-107558068,enhancer_hit,single
Nfat5_Limb_E11.5,chr8:107540339-107548743_chr8:107553743-107558068,enhancer_hit,
Nfatc1_Heart_Any,chr18:80284263-80290719_chr18:80553679-80556323,enhancer_hit,single
Nfatc2_Heart_Any,chr2:168143229-168146363_chr2:168579509-168587691,enhancer_hit,single
Nfatc2_Heart_Any,chr2:168143229-168146363_chr2:168606957-168609298,enhancer_hit,
Nfatc2_Heart_Any,chr2:168543666-168544666_chr2:168606957-168609298,enhancer_hit,
Nfatc2_Heart_Any,chr2:168579509-168587691_chr2:168606957-168609298,enhancer_hit,
Nfatc2_Heart_E11.5,chr2:168143229-168146363_chr2:168579509-168587691,enhancer_hit,single
Nfatc2_Limb_Any,chr2:168143229-168146363_chr2:168579509-168587691,enhancer_hit,single
Nfatc2_Limb_Any,chr2:168143229-168146363_chr2:168606957-168609298,enhancer_hit,
Nfatc2_Limb_Any,chr2:168579509-168587691_chr2:168606957-168609298,enhancer_hit,
Nfatc2_Limb_E11.5,chr2:168143229-168146363_chr2:168579509-168587691,enhancer_hit,single
Nfe2l2_Heart_Any,chr2:75612383-75614207_chr2:75767297-75774190,enhancer_hit,single
Nfe2l2_Heart_Any,chr2:75642765-75644762_chr2:75680330-75684338,enhancer_hit,single
Nfe2l2_Heart_Any,chr2:75642765-75644762_chr2:75695497-75699274,enhancer_hit,single
Nfe2l2_Heart_Any,chr2:75642765-75644762_chr2:75767297-75774190,enhancer_hit,
Nfe2l2_Heart_Any,chr2:75680330-75684338_chr2:75691142-75694088,enhancer_hit,single
Nfe2l2_Heart_Any,chr2:75680330-75684338_chr2:75695497-75699274,enhancer_hit,single
Nfe2l2_Heart_Any,chr2:75680330-75684338_chr2:75761757-75766165,enhancer_hit,single
Nfe2l2_Heart_Any,chr2:75680330-75684338_chr2:75767297-75774190,enhancer_hit,single
Nfe2l2_Heart_Any,chr2:75691142-75694088_chr2:75761757-75766165,enhancer_hit,single
Nfe2l2_Heart_Any,chr2:75695497-75699274_chr2:75767297-75774190,enhancer_hit,
Nfe2l2_Heart_Any,chr2:75761757-75766165_chr2:75767297-75774190,enhancer_hit,
Nfe2l2_Heart_E11.5,chr2:75642765-75644762_chr2:75680330-75684338,enhancer_hit,single
Nfe2l2_Heart_E11.5,chr2:75642765-75644762_chr2:75767297-75774190,enhancer_hit,
Nfe2l2_Heart_E11.5,chr2:75680330-75684338_chr2:75691142-75694088,enhancer_hit,single
Nfe2l2_Heart_E11.5,chr2:75680330-75684338_chr2:75761757-75766165,enhancer_hit,single
Nfe2l2_Heart_E11.5,chr2:75680330-75684338_chr2:75767297-75774190,enhancer_hit,single
Nfe2l2_Heart_E11.5,chr2:75691142-75694088_chr2:75761757-75766165,enhancer_hit,single
Nfe2l2_Heart_E11.5,chr2:75761757-75766165_chr2:75767297-75774190,enhancer_hit,
Nfe2l2_Limb_Any,chr2:75642765-75644762_chr2:75680330-75684338,enhancer_hit,single
Nfib_Forebrain_Any,chr4:81563142-81569778_chr4:82409173-82410173,enhancer_hit,
Nfib_Forebrain_Any,chr4:81563142-81569778_chr4:82621190-82624442,enhancer_hit,single
Nfib_Forebrain_Any,chr4:82343475-82345913_chr4:82469886-82472228,enhancer_hit,
Nfib_Forebrain_Any,chr4:82383003-82388079_chr4:82399161-82402096,enhancer_hit,
Nfib_Forebrain_Any,chr4:82402690-82408182_chr4:82463700-82469038,enhancer_hit,single
Nfib_Forebrain_Any,chr4:82402690-82408182_chr4:82469886-82472228,enhancer_hit,
Nfib_Forebrain_Any,chr4:82463700-82469038_chr4:82527738-82543776,enhancer_hit,
Nfib_Forebrain_Any,chr4:82463700-82469038_chr4:83213634-83216442,enhancer_hit,single
Nfib_Forebrain_Any,chr4:82469886-82472228_chr4:83213634-83216442,enhancer_hit,single
Nfib_Heart_Any,chr4:81563142-81569778_chr4:82621190-82624442,enhancer_hit,single
Nfib_Heart_Any,chr4:82343475-82345913_chr4:82469886-82472228,enhancer_hit,
Nfib_Heart_Any,chr4:82383003-82388079_chr4:82399161-82402096,enhancer_hit,
Nfib_Heart_Any,chr4:82402690-82408182_chr4:82463700-82469038,enhancer_hit,single
Nfib_Heart_Any,chr4:82402690-82408182_chr4:82469886-82472228,enhancer_hit,
Nfib_Heart_Any,chr4:82463700-82469038_chr4:82527738-82543776,enhancer_hit,
Nfib_Heart_E11.5,chr4:81563142-81569778_chr4:82621190-82624442,enhancer_hit,single
Nfib_Heart_E11.5,chr4:82383003-82388079_chr4:82399161-82402096,enhancer_hit,
Nfib_Heart_E11.5,chr4:82402690-82408182_chr4:82463700-82469038,enhancer_hit,single
Nfib_Heart_E11.5,chr4:82402690-82408182_chr4:82469886-82472228,enhancer_hit,
Nfib_Heart_E11.5,chr4:82463700-82469038_chr4:82527738-82543776,enhancer_hit,
Nfib_Limb_Any,chr4:81563142-81569778_chr4:82621190-82624442,enhancer_hit,single
Nfib_Limb_Any,chr4:82091971-82094492_chr4:82463700-82469038,enhancer_hit,
Nfib_Limb_Any,chr4:82343475-82345913_chr4:82469886-82472228,enhancer_hit,
Nfib_Limb_Any,chr4:82402690-82408182_chr4:82463700-82469038,enhancer_hit,single
Nfib_Limb_Any,chr4:82402690-82408182_chr4:82469886-82472228,enhancer_hit,single
Nfib_Limb_Any,chr4:82463700-82469038_chr4:82527738-82543776,enhancer_hit,
Nfic_Forebrain_Any,chr10:79849935-79851926_chr10:80150771-80165277,enhancer_hit,single
Nfic_Forebrain_E11.5,chr10:79849935-79851926_chr10:80150771-80165277,enhancer_hit,single
Nfic_Heart_Any,chr10:79849935-79851926_chr10:80150771-80165277,enhancer_hit,single
Nfic_Heart_E11.5,chr10:79849935-79851926_chr10:80150771-80165277,enhancer_hit,single
Nfic_Limb_Any,chr10:79849935-79851926_chr10:80150771-80165277,enhancer_hit,single
Nfic_Limb_E11.5,chr10:79849935-79851926_chr10:80150771-80165277,enhancer_hit,single
Nfil3_Forebrain_Any,chr13:52878503-52881247_chr13:52973991-52978573,enhancer_hit,
Nfil3_Heart_Any,chr13:52878503-52881247_chr13:52973991-52978573,enhancer_hit,
Nfil3_Heart_E11.5,chr13:52878503-52881247_chr13:52973991-52978573,enhancer_hit,
Nfix_Forebrain_Any,chr8:84703956-84717675_chr8:84737434-84747067,enhancer_hit,
Nfix_Forebrain_Any,chr8:84703956-84717675_chr8:84748665-84753121,enhancer_hit,single
Nfix_Forebrain_Any,chr8:84703956-84717675_chr8:84763770-84770896,enhancer_hit,single
Nfix_Forebrain_Any,chr8:84703956-84717675_chr8:84776869-84791212,enhancer_hit,
Nfix_Forebrain_Any,chr8:84737434-84747067_chr8:84748665-84753121,enhancer_hit,single
Nfix_Forebrain_Any,chr8:84737434-84747067_chr8:84763770-84770896,enhancer_hit,
Nfix_Forebrain_Any,chr8:84748665-84753121_chr8:84763770-84770896,enhancer_hit,single
Nfix_Forebrain_Any,chr8:84748665-84753121_chr8:84776869-84791212,enhancer_hit,single
Nfix_Forebrain_Any,chr8:84763770-84770896_chr8:84776869-84791212,enhancer_hit,single
Nfix_Forebrain_E11.5,chr8:84703956-84717675_chr8:84737434-84747067,enhancer_hit,
Nfix_Heart_Any,chr8:84703956-84717675_chr8:84737434-84747067,enhancer_hit,
Nfix_Heart_Any,chr8:84703956-84717675_chr8:84748665-84753121,enhancer_hit,single
Nfix_Heart_Any,chr8:84703956-84717675_chr8:84776869-84791212,enhancer_hit,
Nfix_Heart_Any,chr8:84737434-84747067_chr8:84748665-84753121,enhancer_hit,single
Nfix_Heart_Any,chr8:84748665-84753121_chr8:84776869-84791212,enhancer_hit,single
Nfix_Heart_E11.5,chr8:84703956-84717675_chr8:84737434-84747067,enhancer_hit,
Nfix_Heart_E11.5,chr8:84703956-84717675_chr8:84748665-84753121,enhancer_hit,single
Nfix_Heart_E11.5,chr8:84737434-84747067_chr8:84748665-84753121,enhancer_hit,single
Nfix_Limb_Any,chr8:84703956-84717675_chr8:84737434-84747067,enhancer_hit,
Nfix_Limb_Any,chr8:84703956-84717675_chr8:84748665-84753121,enhancer_hit,single
Nfix_Limb_Any,chr8:84703956-84717675_chr8:84763770-84770896,enhancer_hit,single
Nfix_Limb_Any,chr8:84703956-84717675_chr8:84776869-84791212,enhancer_hit,
Nfix_Limb_Any,chr8:84737434-84747067_chr8:84748665-84753121,enhancer_hit,single
Nfix_Limb_Any,chr8:84737434-84747067_chr8:84763770-84770896,enhancer_hit,
Nfix_Limb_Any,chr8:84748665-84753121_chr8:84763770-84770896,enhancer_hit,single
Nfix_Limb_Any,chr8:84748665-84753121_chr8:84776869-84791212,enhancer_hit,single
Nfix_Limb_Any,chr8:84763770-84770896_chr8:84776869-84791212,enhancer_hit,single
Nfix_Limb_E11.5,chr8:84703956-84717675_chr8:84737434-84747067,enhancer_hit,
Nfix_Limb_E11.5,chr8:84703956-84717675_chr8:84763770-84770896,enhancer_hit,single
Nfix_Limb_E11.5,chr8:84737434-84747067_chr8:84763770-84770896,enhancer_hit,
Nfkbia_Forebrain_Any,chr12:55321015-55323018_chr12:55445481-55448735,enhancer_hit,double
Nfkbia_Forebrain_Any,chr12:55321015-55323018_chr12:55458315-55467310,enhancer_hit,single
Nfkbia_Forebrain_Any,chr12:55445481-55448735_chr12:55458315-55467310,enhancer_hit,single
Nfkbia_Forebrain_E11.5,chr12:55445481-55448735_chr12:55458315-55467310,enhancer_hit,single
Nfkbia_Heart_Any,chr12:55321015-55323018_chr12:55445481-55448735,enhancer_hit,double
Nfkbia_Heart_Any,chr12:55321015-55323018_chr12:55458315-55467310,enhancer_hit,single
Nfkbia_Heart_Any,chr12:55445481-55448735_chr12:55458315-55467310,enhancer_hit,single
Nfkbia_Heart_Any,chr12:55445481-55448735_chr12:55796956-55797956,enhancer_hit,double
Nfkbia_Limb_Any,chr12:55321015-55323018_chr12:55445481-55448735,enhancer_hit,double
Nfkbia_Limb_Any,chr12:55321015-55323018_chr12:55458315-55467310,enhancer_hit,single
Nfkbia_Limb_Any,chr12:55445481-55448735_chr12:55458315-55467310,enhancer_hit,single
Nfkbia_Limb_E11.5,chr12:55321015-55323018_chr12:55445481-55448735,enhancer_hit,double
Nfkbia_Limb_E11.5,chr12:55321015-55323018_chr12:55458315-55467310,enhancer_hit,single
Nfkbia_Limb_E11.5,chr12:55445481-55448735_chr12:55458315-55467310,enhancer_hit,single
Nhlrc2_Heart_Any,chr19:56377600-56379730_chr19:57289123-57290123,enhancer_hit,single
Nhlrc2_Heart_Any,chr19:56799918-56803129_chr19:57256112-57259520,enhancer_hit,single
Nhlrc2_Heart_Any,chr19:57289123-57290123_chr19:57363508-57369069,enhancer_hit,
Nhlrc2_Heart_E11.5,chr19:56799918-56803129_chr19:57256112-57259520,enhancer_hit,single
Nhsl2_Heart_Any,chrX:101881591-101882591_chrX:101901740-101902784,enhancer_hit,single
Nhsl2_Heart_E11.5,chrX:101881591-101882591_chrX:101901740-101902784,enhancer_hit,single
Nid2_Heart_Any,chr14:19736852-19739141_chr14:19758136-19761946,enhancer_hit,
Nid2_Heart_E11.5,chr14:19736852-19739141_chr14:19758136-19761946,enhancer_hit,
Ninj1_Forebrain_Any,chr13:48542153-48547801_chr13:48960492-48965517,enhancer_hit,single
Ninj1_Heart_Any,chr13:48542153-48547801_chr13:48960492-48965517,enhancer_hit,single
Ninj1_Heart_E11.5,chr13:48542153-48547801_chr13:48960492-48965517,enhancer_hit,single
Ninj1_Limb_Any,chr13:48542153-48547801_chr13:48960492-48965517,enhancer_hit,single
Nkx2-5_Heart_Any,chr17:26162211-26163522_chr17:26443535-26444535,enhancer_hit,
Nkx2-5_Heart_Any,chr17:26162211-26163522_chr17:26487329-26492749,enhancer_hit,single
Nkx2-5_Heart_Any,chr17:26162211-26163522_chr17:26796699-26798455,enhancer_hit,single
Nkx2-5_Heart_Any,chr17:26162211-26163522_chr17:26846974-26853785,enhancer_hit,single
Nkx2-5_Heart_Any,chr17:26162211-26163522_chr17:26863942-26870785,enhancer_hit,double
Nkx2-5_Heart_Any,chr17:26162211-26163522_chr17:26891244-26894816,enhancer_hit,single
Nkx2-5_Heart_Any,chr17:26443535-26444535_chr17:26478077-26479077,enhancer_hit,
Nkx2-5_Heart_Any,chr17:26443535-26444535_chr17:26487329-26492749,enhancer_hit,
Nkx2-5_Heart_Any,chr17:26443535-26444535_chr17:26796699-26798455,enhancer_hit,single
Nkx2-5_Heart_Any,chr17:26443535-26444535_chr17:26846974-26853785,enhancer_hit,single
Nkx2-5_Heart_Any,chr17:26443535-26444535_chr17:26863942-26870785,enhancer_hit,single
Nkx2-5_Heart_Any,chr17:26478077-26479077_chr17:26487329-26492749,enhancer_hit,
Nkx2-5_Heart_Any,chr17:26478077-26479077_chr17:26863942-26870785,enhancer_hit,single
Nkx2-5_Heart_Any,chr17:26478077-26479077_chr17:26891244-26894816,enhancer_hit,
Nkx2-5_Heart_Any,chr17:26487329-26492749_chr17:26796699-26798455,enhancer_hit,single
Nkx2-5_Heart_Any,chr17:26487329-26492749_chr17:26846974-26853785,enhancer_hit,single
Nkx2-5_Heart_Any,chr17:26487329-26492749_chr17:26863942-26870785,enhancer_hit,single
Nkx2-5_Heart_Any,chr17:26487329-26492749_chr17:26891244-26894816,enhancer_hit,single
Nkx2-5_Heart_Any,chr17:26796699-26798455_chr17:26846974-26853785,enhancer_hit,single
Nkx2-5_Heart_Any,chr17:26796699-26798455_chr17:26863942-26870785,enhancer_hit,single
Nkx2-5_Heart_Any,chr17:26796699-26798455_chr17:26891244-26894816,enhancer_hit,single
Nkx2-5_Heart_Any,chr17:26846974-26853785_chr17:26863942-26870785,enhancer_hit,single
Nkx2-5_Heart_Any,chr17:26846974-26853785_chr17:26891244-26894816,enhancer_hit,single
Nkx2-5_Heart_Any,chr17:26863942-26870785_chr17:26891244-26894816,enhancer_hit,single
Nkx2-5_Heart_E11.5,chr17:26487329-26492749_chr17:26796699-26798455,enhancer_hit,single
Nkx2-5_Heart_E11.5,chr17:26487329-26492749_chr17:26846974-26853785,enhancer_hit,single
Nkx2-5_Heart_E11.5,chr17:26487329-26492749_chr17:26863942-26870785,enhancer_hit,single
Nkx2-5_Heart_E11.5,chr17:26487329-26492749_chr17:26891244-26894816,enhancer_hit,single
Nkx2-5_Heart_E11.5,chr17:26796699-26798455_chr17:26846974-26853785,enhancer_hit,single
Nkx2-5_Heart_E11.5,chr17:26796699-26798455_chr17:26863942-26870785,enhancer_hit,single
Nkx2-5_Heart_E11.5,chr17:26796699-26798455_chr17:26891244-26894816,enhancer_hit,single
Nkx2-5_Heart_E11.5,chr17:26846974-26853785_chr17:26863942-26870785,enhancer_hit,single
Nkx2-5_Heart_E11.5,chr17:26846974-26853785_chr17:26891244-26894816,enhancer_hit,single
Nkx2-5_Heart_E11.5,chr17:26863942-26870785_chr17:26891244-26894816,enhancer_hit,single
Nlgn2_Forebrain_Any,chr11:68946183-68948715_chr11:69525466-69528680,enhancer_hit,single
Nnat_Forebrain_Any,chr2:157294238-157297651_chr2:157518024-157519528,enhancer_hit,single
Nnat_Forebrain_Any,chr2:157312274-157318456_chr2:157331561-157332582,enhancer_hit,single
Nnat_Forebrain_Any,chr2:157312274-157318456_chr2:157339926-157343934,enhancer_hit,single
Nnat_Forebrain_Any,chr2:157312274-157318456_chr2:157349155-157351308,enhancer_hit,double
Nnat_Forebrain_Any,chr2:157312274-157318456_chr2:157470429-157479259,enhancer_hit,
Nnat_Forebrain_Any,chr2:157312274-157318456_chr2:157480044-157483779,enhancer_hit,
Nnat_Forebrain_Any,chr2:157312274-157318456_chr2:157485829-157489257,enhancer_hit,single
Nnat_Forebrain_Any,chr2:157312274-157318456_chr2:157518024-157519528,enhancer_hit,single
Nnat_Forebrain_Any,chr2:157326526-157330315_chr2:157470429-157479259,enhancer_hit,
Nnat_Forebrain_Any,chr2:157326526-157330315_chr2:157485829-157489257,enhancer_hit,
Nnat_Forebrain_Any,chr2:157331561-157332582_chr2:157349155-157351308,enhancer_hit,single
Nnat_Forebrain_Any,chr2:157331561-157332582_chr2:157470429-157479259,enhancer_hit,
Nnat_Forebrain_Any,chr2:157331561-157332582_chr2:157480044-157483779,enhancer_hit,
Nnat_Forebrain_Any,chr2:157331561-157332582_chr2:157485829-157489257,enhancer_hit,single
Nnat_Forebrain_Any,chr2:157339926-157343934_chr2:157349155-157351308,enhancer_hit,single
Nnat_Forebrain_Any,chr2:157339926-157343934_chr2:157470429-157479259,enhancer_hit,
Nnat_Forebrain_Any,chr2:157339926-157343934_chr2:157480044-157483779,enhancer_hit,
Nnat_Forebrain_Any,chr2:157339926-157343934_chr2:157485829-157489257,enhancer_hit,
Nnat_Forebrain_Any,chr2:157349155-157351308_chr2:157470429-157479259,enhancer_hit,
Nnat_Forebrain_Any,chr2:157349155-157351308_chr2:157480044-157483779,enhancer_hit,
Nnat_Forebrain_Any,chr2:157349155-157351308_chr2:157485829-157489257,enhancer_hit,
Nnat_Forebrain_Any,chr2:157349155-157351308_chr2:157518024-157519528,enhancer_hit,single
Nnat_Forebrain_Any,chr2:157470429-157479259_chr2:157480044-157483779,enhancer_hit,
Nnat_Forebrain_Any,chr2:157470429-157479259_chr2:157485829-157489257,enhancer_hit,
Nnat_Forebrain_Any,chr2:157480044-157483779_chr2:157485829-157489257,enhancer_hit,
Nnat_Forebrain_Any,chr2:157485829-157489257_chr2:157497142-157499620,enhancer_hit,
Nnat_Forebrain_Any,chr2:157485829-157489257_chr2:157518024-157519528,enhancer_hit,
Nnat_Forebrain_E11.5,chr2:157312274-157318456_chr2:157331561-157332582,enhancer_hit,single
Nnat_Forebrain_E11.5,chr2:157312274-157318456_chr2:157339926-157343934,enhancer_hit,single
Nnat_Forebrain_E11.5,chr2:157312274-157318456_chr2:157349155-157351308,enhancer_hit,double
Nnat_Forebrain_E11.5,chr2:157312274-157318456_chr2:157470429-157479259,enhancer_hit,
Nnat_Forebrain_E11.5,chr2:157312274-157318456_chr2:157480044-157483779,enhancer_hit,
Nnat_Forebrain_E11.5,chr2:157312274-157318456_chr2:157485829-157489257,enhancer_hit,single
Nnat_Forebrain_E11.5,chr2:157326526-157330315_chr2:157470429-157479259,enhancer_hit,
Nnat_Forebrain_E11.5,chr2:157326526-157330315_chr2:157485829-157489257,enhancer_hit,
Nnat_Forebrain_E11.5,chr2:157331561-157332582_chr2:157349155-157351308,enhancer_hit,single
Nnat_Forebrain_E11.5,chr2:157331561-157332582_chr2:157470429-157479259,enhancer_hit,
Nnat_Forebrain_E11.5,chr2:157331561-157332582_chr2:157480044-157483779,enhancer_hit,
Nnat_Forebrain_E11.5,chr2:157331561-157332582_chr2:157485829-157489257,enhancer_hit,single
Nnat_Forebrain_E11.5,chr2:157339926-157343934_chr2:157349155-157351308,enhancer_hit,single
Nnat_Forebrain_E11.5,chr2:157339926-157343934_chr2:157470429-157479259,enhancer_hit,
Nnat_Forebrain_E11.5,chr2:157339926-157343934_chr2:157480044-157483779,enhancer_hit,
Nnat_Forebrain_E11.5,chr2:157339926-157343934_chr2:157485829-157489257,enhancer_hit,
Nnat_Forebrain_E11.5,chr2:157349155-157351308_chr2:157470429-157479259,enhancer_hit,
Nnat_Forebrain_E11.5,chr2:157349155-157351308_chr2:157480044-157483779,enhancer_hit,
Nnat_Forebrain_E11.5,chr2:157349155-157351308_chr2:157485829-157489257,enhancer_hit,
Nnat_Forebrain_E11.5,chr2:157470429-157479259_chr2:157480044-157483779,enhancer_hit,
Nnat_Forebrain_E11.5,chr2:157470429-157479259_chr2:157485829-157489257,enhancer_hit,
Nnat_Forebrain_E11.5,chr2:157480044-157483779_chr2:157485829-157489257,enhancer_hit,
Nnat_Forebrain_E11.5,chr2:157485829-157489257_chr2:157497142-157499620,enhancer_hit,
Nnat_Heart_Any,chr2:157312274-157318456_chr2:157470429-157479259,enhancer_hit,single
Nnat_Limb_Any,chr2:157339926-157343934_chr2:157470429-157479259,enhancer_hit,
Nnat_Limb_Any,chr2:157339926-157343934_chr2:157480044-157483779,enhancer_hit,
Nnat_Limb_Any,chr2:157470429-157479259_chr2:157480044-157483779,enhancer_hit,
Nnat_Limb_E11.5,chr2:157339926-157343934_chr2:157470429-157479259,enhancer_hit,
Nnat_Limb_E11.5,chr2:157339926-157343934_chr2:157480044-157483779,enhancer_hit,
Nnat_Limb_E11.5,chr2:157470429-157479259_chr2:157480044-157483779,enhancer_hit,
Notch2_Forebrain_Any,chr3:97937062-97943217_chr3:98055522-98058271,enhancer_hit,
Notch2_Forebrain_Any,chr3:97937062-97943217_chr3:98059674-98070394,enhancer_hit,
Notch2_Forebrain_Any,chr3:98051185-98054076_chr3:98059674-98070394,enhancer_hit,
Notch2_Forebrain_E11.5,chr3:97937062-97943217_chr3:98055522-98058271,enhancer_hit,single
Notch2_Forebrain_E11.5,chr3:97937062-97943217_chr3:98059674-98070394,enhancer_hit,
Notch2_Heart_Any,chr3:97937062-97943217_chr3:98055522-98058271,enhancer_hit,
Notch2_Heart_Any,chr3:97937062-97943217_chr3:98059674-98070394,enhancer_hit,
Notch2_Heart_Any,chr3:97937062-97943217_chr3:98080155-98087967,enhancer_hit,single
Notch2_Heart_Any,chr3:98051185-98054076_chr3:98059674-98070394,enhancer_hit,
Notch2_Heart_E11.5,chr3:97937062-97943217_chr3:98059674-98070394,enhancer_hit,
Notch2_Heart_E11.5,chr3:97937062-97943217_chr3:98080155-98087967,enhancer_hit,single
Notch2_Limb_Any,chr3:97937062-97943217_chr3:98055522-98058271,enhancer_hit,single
Notch2_Limb_Any,chr3:97937062-97943217_chr3:98059674-98070394,enhancer_hit,
Notch2_Limb_Any,chr3:97937062-97943217_chr3:98080155-98087967,enhancer_hit,single
Notch2_Limb_E11.5,chr3:97937062-97943217_chr3:98055522-98058271,enhancer_hit,single
Notch2_Limb_E11.5,chr3:97937062-97943217_chr3:98059674-98070394,enhancer_hit,
Notch2_Limb_E11.5,chr3:97937062-97943217_chr3:98080155-98087967,enhancer_hit,single
Nova2_Forebrain_Any,chr7:18941006-18943869_chr7:18947268-18952117,enhancer_hit,single
Nova2_Forebrain_E11.5,chr7:18941006-18943869_chr7:18947268-18952117,enhancer_hit,single
Npb_Heart_Any,chr11:120351177-120356121_chr11:120421532-120424388,enhancer_hit,single
Npb_Heart_Any,chr11:120351177-120356121_chr11:121121177-121123216,enhancer_hit,single
Npb_Heart_Any,chr11:120421532-120424388_chr11:121121177-121123216,enhancer_hit,double
Npr3_Heart_Any,chr15:11896576-11898128_chr15:12133986-12135682,enhancer_hit,
Nr0b2_Heart_Any,chr4:132529103-132530186_chr4:132807741-132810120,enhancer_hit,single
Nr0b2_Heart_Any,chr4:132529103-132530186_chr4:132872809-132875288,enhancer_hit,double
Nr0b2_Heart_Any,chr4:132529103-132530186_chr4:132944442-132947784,enhancer_hit,single
Nr0b2_Heart_Any,chr4:132529103-132530186_chr4:133054633-133060271,enhancer_hit,single
Nr0b2_Heart_Any,chr4:132529103-132530186_chr4:133153215-133154215,enhancer_hit,single
Nr0b2_Heart_Any,chr4:132529103-132530186_chr4:133561449-133564338,enhancer_hit,double
Nr0b2_Heart_Any,chr4:132746943-132748523_chr4:133054633-133060271,enhancer_hit,
Nr0b2_Heart_Any,chr4:132807741-132810120_chr4:132872809-132875288,enhancer_hit,single
Nr0b2_Heart_Any,chr4:132807741-132810120_chr4:132944442-132947784,enhancer_hit,single
Nr0b2_Heart_Any,chr4:132807741-132810120_chr4:133153215-133154215,enhancer_hit,double
Nr0b2_Heart_Any,chr4:132807741-132810120_chr4:133561449-133564338,enhancer_hit,single
Nr0b2_Heart_Any,chr4:132872809-132875288_chr4:132944442-132947784,enhancer_hit,single
Nr0b2_Heart_Any,chr4:132872809-132875288_chr4:133054633-133060271,enhancer_hit,single
Nr0b2_Heart_Any,chr4:132872809-132875288_chr4:133561449-133564338,enhancer_hit,double
Nr0b2_Heart_Any,chr4:132944442-132947784_chr4:133153215-133154215,enhancer_hit,single
Nr0b2_Heart_Any,chr4:132944442-132947784_chr4:133561449-133564338,enhancer_hit,double
Nr0b2_Heart_Any,chr4:133054633-133060271_chr4:133561449-133564338,enhancer_hit,single
Nr0b2_Heart_E11.5,chr4:132529103-132530186_chr4:132807741-132810120,enhancer_hit,single
Nr0b2_Heart_E11.5,chr4:132529103-132530186_chr4:132872809-132875288,enhancer_hit,double
Nr0b2_Heart_E11.5,chr4:132529103-132530186_chr4:132944442-132947784,enhancer_hit,single
Nr0b2_Heart_E11.5,chr4:132529103-132530186_chr4:133054633-133060271,enhancer_hit,single
Nr0b2_Heart_E11.5,chr4:132746943-132748523_chr4:133054633-133060271,enhancer_hit,
Nr0b2_Heart_E11.5,chr4:132807741-132810120_chr4:132872809-132875288,enhancer_hit,single
Nr0b2_Heart_E11.5,chr4:132807741-132810120_chr4:132944442-132947784,enhancer_hit,single
Nr0b2_Heart_E11.5,chr4:132872809-132875288_chr4:132944442-132947784,enhancer_hit,single
Nr0b2_Heart_E11.5,chr4:132872809-132875288_chr4:133054633-133060271,enhancer_hit,single
Nr2f2_Forebrain_Any,chr7:70341845-70353803_chr7:71377338-71387068,enhancer_hit,
Nr2f2_Forebrain_E11.5,chr7:70341845-70353803_chr7:71377338-71387068,enhancer_hit,
Nr2f2_Heart_Any,chr7:70341845-70353803_chr7:71377338-71387068,enhancer_hit,
Nr3c1_Heart_Any,chr18:39359304-39360798_chr18:39649815-39651328,enhancer_hit,
Nrp1_Heart_Any,chr8:127719908-127722042_chr8:128355514-128356572,enhancer_hit,
Nrp1_Heart_Any,chr8:127719908-127722042_chr8:128461196-128462196,enhancer_hit,single
Nrp1_Heart_Any,chr8:127913604-127916932_chr8:128446325-128452501,enhancer_hit,
Nrp1_Heart_Any,chr8:127913604-127916932_chr8:128469282-128471146,enhancer_hit,
Nrp1_Heart_Any,chr8:128112149-128114228_chr8:128393997-128395134,enhancer_hit,single
Nrp1_Heart_Any,chr8:128266250-128269176_chr8:128386523-128390018,enhancer_hit,
Nrp1_Heart_Any,chr8:128266250-128269176_chr8:128453382-128454688,enhancer_hit,single
Nrp1_Heart_Any,chr8:128386523-128390018_chr8:128461196-128462196,enhancer_hit,
Nrp1_Heart_Any,chr8:128393997-128395134_chr8:128469282-128471146,enhancer_hit,
Nrp1_Heart_E11.5,chr8:127913604-127916932_chr8:128446325-128452501,enhancer_hit,
Nrros_Heart_Any,chr16:32112817-32115459_chr16:32126363-32131159,enhancer_hit,single
Nrros_Heart_E11.5,chr16:32112817-32115459_chr16:32126363-32131159,enhancer_hit,single
Nrxn3_Forebrain_Any,chr12:89148023-89150605_chr12:89375822-89378063,enhancer_hit,single
Nsg2_Forebrain_Any,chr11:32017122-32023139_chr11:32025980-32030706,enhancer_hit,
Nsg2_Forebrain_Any,chr11:32017122-32023139_chr11:32039517-32042335,enhancer_hit,
Nsg2_Forebrain_Any,chr11:32023819-32025179_chr11:32025980-32030706,enhancer_hit,
Nsg2_Forebrain_Any,chr11:32025980-32030706_chr11:32039517-32042335,enhancer_hit,single
Nsg2_Forebrain_E11.5,chr11:32017122-32023139_chr11:32025980-32030706,enhancer_hit,single
Ntrk2_Forebrain_Any,chr13:59039013-59043246_chr13:59430879-59432099,enhancer_hit,
Nuak2_Forebrain_Any,chr1:132318625-132328852_chr1:132329589-132338919,enhancer_hit,single
Nuak2_Forebrain_E11.5,chr1:132318625-132328852_chr1:132329589-132338919,enhancer_hit,single
Nudt14_Heart_Any,chr12:111743158-111744525_chr12:111932506-111939514,enhancer_hit,single
Nudt14_Limb_Any,chr12:111743158-111744525_chr12:111932506-111939514,enhancer_hit,single
Nudt1_Limb_Any,chr5:139817507-139823907_chr5:140567571-140569232,enhancer_hit,single
Numb_Heart_Any,chr12:83716002-83717002_chr12:83924434-83927172,enhancer_hit,
Numb_Heart_Any,chr12:83910189-83911847_chr12:83924434-83927172,enhancer_hit,
Numb_Heart_Any,chr12:83910189-83911847_chr12:84201152-84207864,enhancer_hit,single
Numb_Heart_Any,chr12:83924434-83927172_chr12:84165217-84166977,enhancer_hit,
Numb_Heart_Any,chr12:83924434-83927172_chr12:84201152-84207864,enhancer_hit,
Numb_Heart_Any,chr12:84165217-84166977_chr12:84201152-84207864,enhancer_hit,single
Numb_Heart_Any,chr12:84184599-84191515_chr12:84201152-84207864,enhancer_hit,single
Numb_Heart_Any,chr12:84184599-84191515_chr12:84211414-84213221,enhancer_hit,
Numb_Heart_Any,chr12:84201152-84207864_chr12:84211414-84213221,enhancer_hit,
Numb_Heart_E11.5,chr12:83924434-83927172_chr12:84201152-84207864,enhancer_hit,
Numb_Heart_E11.5,chr12:84184599-84191515_chr12:84201152-84207864,enhancer_hit,single
Nxn_Forebrain_Any,chr11:76252167-76254688_chr11:76288472-76296356,enhancer_hit,
Nxn_Forebrain_Any,chr11:76252167-76254688_chr11:76336640-76344172,enhancer_hit,single
Nxn_Forebrain_Any,chr11:76252167-76254688_chr11:76349189-76354143,enhancer_hit,single
Nxn_Forebrain_Any,chr11:76252167-76254688_chr11:76379481-76386398,enhancer_hit,single
Nxn_Forebrain_Any,chr11:76288472-76296356_chr11:76309048-76313729,enhancer_hit,single
Nxn_Forebrain_Any,chr11:76288472-76296356_chr11:76321931-76327976,enhancer_hit,
Nxn_Forebrain_Any,chr11:76288472-76296356_chr11:76336640-76344172,enhancer_hit,single
Nxn_Forebrain_Any,chr11:76288472-76296356_chr11:76349189-76354143,enhancer_hit,single
Nxn_Forebrain_Any,chr11:76288472-76296356_chr11:76362760-76364643,enhancer_hit,
Nxn_Forebrain_Any,chr11:76288472-76296356_chr11:76379481-76386398,enhancer_hit,
Nxn_Forebrain_Any,chr11:76309048-76313729_chr11:76336640-76344172,enhancer_hit,single
Nxn_Forebrain_Any,chr11:76309048-76313729_chr11:76349189-76354143,enhancer_hit,single
Nxn_Forebrain_Any,chr11:76309048-76313729_chr11:76362760-76364643,enhancer_hit,single
Nxn_Forebrain_Any,chr11:76309048-76313729_chr11:76379481-76386398,enhancer_hit,single
Nxn_Forebrain_Any,chr11:76321931-76327976_chr11:76336640-76344172,enhancer_hit,single
Nxn_Forebrain_Any,chr11:76321931-76327976_chr11:76349189-76354143,enhancer_hit,
Nxn_Forebrain_Any,chr11:76321931-76327976_chr11:76362760-76364643,enhancer_hit,single
Nxn_Forebrain_Any,chr11:76321931-76327976_chr11:76379481-76386398,enhancer_hit,single
Nxn_Forebrain_Any,chr11:76336640-76344172_chr11:76349189-76354143,enhancer_hit,single
Nxn_Forebrain_Any,chr11:76336640-76344172_chr11:76362760-76364643,enhancer_hit,single
Nxn_Forebrain_Any,chr11:76336640-76344172_chr11:76379481-76386398,enhancer_hit,single
Nxn_Forebrain_Any,chr11:76349189-76354143_chr11:76362760-76364643,enhancer_hit,
Nxn_Forebrain_Any,chr11:76349189-76354143_chr11:76379481-76386398,enhancer_hit,
Nxn_Forebrain_Any,chr11:76362760-76364643_chr11:76379481-76386398,enhancer_hit,single
Nxn_Forebrain_E11.5,chr11:76288472-76296356_chr11:76309048-76313729,enhancer_hit,single
Nxn_Forebrain_E11.5,chr11:76288472-76296356_chr11:76321931-76327976,enhancer_hit,
Nxn_Forebrain_E11.5,chr11:76288472-76296356_chr11:76336640-76344172,enhancer_hit,single
Nxn_Forebrain_E11.5,chr11:76288472-76296356_chr11:76349189-76354143,enhancer_hit,single
Nxn_Forebrain_E11.5,chr11:76288472-76296356_chr11:76362760-76364643,enhancer_hit,
Nxn_Forebrain_E11.5,chr11:76288472-76296356_chr11:76379481-76386398,enhancer_hit,
Nxn_Forebrain_E11.5,chr11:76309048-76313729_chr11:76336640-76344172,enhancer_hit,single
Nxn_Forebrain_E11.5,chr11:76309048-76313729_chr11:76349189-76354143,enhancer_hit,single
Nxn_Forebrain_E11.5,chr11:76309048-76313729_chr11:76362760-76364643,enhancer_hit,single
Nxn_Forebrain_E11.5,chr11:76309048-76313729_chr11:76379481-76386398,enhancer_hit,single
Nxn_Forebrain_E11.5,chr11:76321931-76327976_chr11:76336640-76344172,enhancer_hit,single
Nxn_Forebrain_E11.5,chr11:76321931-76327976_chr11:76349189-76354143,enhancer_hit,
Nxn_Forebrain_E11.5,chr11:76321931-76327976_chr11:76362760-76364643,enhancer_hit,single
Nxn_Forebrain_E11.5,chr11:76321931-76327976_chr11:76379481-76386398,enhancer_hit,single
Nxn_Forebrain_E11.5,chr11:76336640-76344172_chr11:76349189-76354143,enhancer_hit,single
Nxn_Forebrain_E11.5,chr11:76336640-76344172_chr11:76362760-76364643,enhancer_hit,single
Nxn_Forebrain_E11.5,chr11:76336640-76344172_chr11:76379481-76386398,enhancer_hit,single
Nxn_Forebrain_E11.5,chr11:76349189-76354143_chr11:76362760-76364643,enhancer_hit,
Nxn_Forebrain_E11.5,chr11:76349189-76354143_chr11:76379481-76386398,enhancer_hit,
Nxn_Forebrain_E11.5,chr11:76362760-76364643_chr11:76379481-76386398,enhancer_hit,single
Nxn_Heart_Any,chr11:76288472-76296356_chr11:76309048-76313729,enhancer_hit,single
Nxn_Heart_Any,chr11:76288472-76296356_chr11:76321931-76327976,enhancer_hit,
Nxn_Heart_Any,chr11:76288472-76296356_chr11:76336640-76344172,enhancer_hit,single
Nxn_Heart_Any,chr11:76288472-76296356_chr11:76349189-76354143,enhancer_hit,single
Nxn_Heart_Any,chr11:76288472-76296356_chr11:76362760-76364643,enhancer_hit,
Nxn_Heart_Any,chr11:76288472-76296356_chr11:76379481-76386398,enhancer_hit,
Nxn_Heart_Any,chr11:76309048-76313729_chr11:76336640-76344172,enhancer_hit,single
Nxn_Heart_Any,chr11:76309048-76313729_chr11:76349189-76354143,enhancer_hit,single
Nxn_Heart_Any,chr11:76309048-76313729_chr11:76362760-76364643,enhancer_hit,single
Nxn_Heart_Any,chr11:76309048-76313729_chr11:76379481-76386398,enhancer_hit,single
Nxn_Heart_Any,chr11:76321931-76327976_chr11:76336640-76344172,enhancer_hit,single
Nxn_Heart_Any,chr11:76321931-76327976_chr11:76349189-76354143,enhancer_hit,
Nxn_Heart_Any,chr11:76321931-76327976_chr11:76362760-76364643,enhancer_hit,single
Nxn_Heart_Any,chr11:76321931-76327976_chr11:76379481-76386398,enhancer_hit,single
Nxn_Heart_Any,chr11:76336640-76344172_chr11:76349189-76354143,enhancer_hit,single
Nxn_Heart_Any,chr11:76336640-76344172_chr11:76362760-76364643,enhancer_hit,single
Nxn_Heart_Any,chr11:76336640-76344172_chr11:76379481-76386398,enhancer_hit,single
Nxn_Heart_Any,chr11:76349189-76354143_chr11:76362760-76364643,enhancer_hit,
Nxn_Heart_Any,chr11:76349189-76354143_chr11:76379481-76386398,enhancer_hit,
Nxn_Heart_Any,chr11:76362760-76364643_chr11:76379481-76386398,enhancer_hit,single
Nxn_Heart_E11.5,chr11:76288472-76296356_chr11:76321931-76327976,enhancer_hit,
Nxn_Heart_E11.5,chr11:76288472-76296356_chr11:76362760-76364643,enhancer_hit,
Nxn_Heart_E11.5,chr11:76288472-76296356_chr11:76379481-76386398,enhancer_hit,
Nxn_Heart_E11.5,chr11:76321931-76327976_chr11:76362760-76364643,enhancer_hit,single
Nxn_Heart_E11.5,chr11:76321931-76327976_chr11:76379481-76386398,enhancer_hit,single
Nxn_Heart_E11.5,chr11:76362760-76364643_chr11:76379481-76386398,enhancer_hit,single
Nxn_Limb_Any,chr11:76288472-76296356_chr11:76299945-76303080,enhancer_hit,single
Nxn_Limb_Any,chr11:76288472-76296356_chr11:76309048-76313729,enhancer_hit,single
Nxn_Limb_Any,chr11:76288472-76296356_chr11:76321931-76327976,enhancer_hit,
Nxn_Limb_Any,chr11:76288472-76296356_chr11:76336640-76344172,enhancer_hit,single
Nxn_Limb_Any,chr11:76288472-76296356_chr11:76349189-76354143,enhancer_hit,single
Nxn_Limb_Any,chr11:76288472-76296356_chr11:76362760-76364643,enhancer_hit,
Nxn_Limb_Any,chr11:76288472-76296356_chr11:76379481-76386398,enhancer_hit,
Nxn_Limb_Any,chr11:76288472-76296356_chr11:76413592-76414628,enhancer_hit,single
Nxn_Limb_Any,chr11:76299945-76303080_chr11:76309048-76313729,enhancer_hit,single
Nxn_Limb_Any,chr11:76299945-76303080_chr11:76321931-76327976,enhancer_hit,
Nxn_Limb_Any,chr11:76299945-76303080_chr11:76336640-76344172,enhancer_hit,single
Nxn_Limb_Any,chr11:76299945-76303080_chr11:76349189-76354143,enhancer_hit,double
Nxn_Limb_Any,chr11:76299945-76303080_chr11:76362760-76364643,enhancer_hit,
Nxn_Limb_Any,chr11:76299945-76303080_chr11:76379481-76386398,enhancer_hit,
Nxn_Limb_Any,chr11:76309048-76313729_chr11:76336640-76344172,enhancer_hit,single
Nxn_Limb_Any,chr11:76309048-76313729_chr11:76349189-76354143,enhancer_hit,single
Nxn_Limb_Any,chr11:76309048-76313729_chr11:76362760-76364643,enhancer_hit,single
Nxn_Limb_Any,chr11:76309048-76313729_chr11:76379481-76386398,enhancer_hit,single
Nxn_Limb_Any,chr11:76321931-76327976_chr11:76336640-76344172,enhancer_hit,single
Nxn_Limb_Any,chr11:76321931-76327976_chr11:76349189-76354143,enhancer_hit,
Nxn_Limb_Any,chr11:76321931-76327976_chr11:76362760-76364643,enhancer_hit,single
Nxn_Limb_Any,chr11:76321931-76327976_chr11:76379481-76386398,enhancer_hit,single
Nxn_Limb_Any,chr11:76336640-76344172_chr11:76349189-76354143,enhancer_hit,single
Nxn_Limb_Any,chr11:76336640-76344172_chr11:76362760-76364643,enhancer_hit,single
Nxn_Limb_Any,chr11:76336640-76344172_chr11:76379481-76386398,enhancer_hit,single
Nxn_Limb_Any,chr11:76349189-76354143_chr11:76362760-76364643,enhancer_hit,
Nxn_Limb_Any,chr11:76349189-76354143_chr11:76379481-76386398,enhancer_hit,
Nxn_Limb_Any,chr11:76362760-76364643_chr11:76379481-76386398,enhancer_hit,single
Nxn_Limb_E11.5,chr11:76288472-76296356_chr11:76309048-76313729,enhancer_hit,single
Nxn_Limb_E11.5,chr11:76288472-76296356_chr11:76321931-76327976,enhancer_hit,
Nxn_Limb_E11.5,chr11:76288472-76296356_chr11:76336640-76344172,enhancer_hit,single
Nxn_Limb_E11.5,chr11:76288472-76296356_chr11:76349189-76354143,enhancer_hit,single
Nxn_Limb_E11.5,chr11:76288472-76296356_chr11:76362760-76364643,enhancer_hit,
Nxn_Limb_E11.5,chr11:76288472-76296356_chr11:76379481-76386398,enhancer_hit,
Nxn_Limb_E11.5,chr11:76309048-76313729_chr11:76336640-76344172,enhancer_hit,single
Nxn_Limb_E11.5,chr11:76309048-76313729_chr11:76349189-76354143,enhancer_hit,single
Nxn_Limb_E11.5,chr11:76309048-76313729_chr11:76362760-76364643,enhancer_hit,single
Nxn_Limb_E11.5,chr11:76309048-76313729_chr11:76379481-76386398,enhancer_hit,single
Nxn_Limb_E11.5,chr11:76321931-76327976_chr11:76336640-76344172,enhancer_hit,single
Nxn_Limb_E11.5,chr11:76321931-76327976_chr11:76349189-76354143,enhancer_hit,
Nxn_Limb_E11.5,chr11:76321931-76327976_chr11:76362760-76364643,enhancer_hit,single
Nxn_Limb_E11.5,chr11:76321931-76327976_chr11:76379481-76386398,enhancer_hit,single
Nxn_Limb_E11.5,chr11:76336640-76344172_chr11:76349189-76354143,enhancer_hit,single
Nxn_Limb_E11.5,chr11:76336640-76344172_chr11:76362760-76364643,enhancer_hit,single
Nxn_Limb_E11.5,chr11:76336640-76344172_chr11:76379481-76386398,enhancer_hit,single
Nxn_Limb_E11.5,chr11:76349189-76354143_chr11:76362760-76364643,enhancer_hit,
Nxn_Limb_E11.5,chr11:76349189-76354143_chr11:76379481-76386398,enhancer_hit,
Nxn_Limb_E11.5,chr11:76362760-76364643_chr11:76379481-76386398,enhancer_hit,single
Oaz1_Heart_Any,chr10:80001495-80004561_chr10:81360534-81363316,enhancer_hit,single
Oaz2_Heart_Any,chr9:65720716-65722631_chr9:65806898-65808374,enhancer_hit,single
Obsl1_Heart_Any,chr1:75013314-75016792_chr1:75343367-75350579,enhancer_hit,single
Obsl1_Heart_Any,chr1:75013314-75016792_chr1:75516783-75519028,enhancer_hit,single
Obsl1_Heart_Any,chr1:75291994-75293992_chr1:75343367-75350579,enhancer_hit,single
Obsl1_Heart_Any,chr1:75343367-75350579_chr1:75516783-75519028,enhancer_hit,single
Obsl1_Heart_E11.5,chr1:75291994-75293992_chr1:75343367-75350579,enhancer_hit,single
Obsl1_Heart_E11.5,chr1:75343367-75350579_chr1:75516783-75519028,enhancer_hit,single
Obsl1_Limb_Any,chr1:75013314-75016792_chr1:75343367-75350579,enhancer_hit,single
Olfml2b_Heart_Any,chr1:170548334-170551855_chr1:170604640-170606377,enhancer_hit,
Olfml2b_Heart_E11.5,chr1:170548334-170551855_chr1:170604640-170606377,enhancer_hit,
Olig2_Forebrain_Any,chr16:90841408-90843489_chr16:91190862-91192984,enhancer_hit,
Olig2_Forebrain_E11.5,chr16:90841408-90843489_chr16:91190862-91192984,enhancer_hit,
Onecut3_Forebrain_Any,chr10:80043774-80044801_chr10:80193146-80197554,enhancer_hit,double
Onecut3_Forebrain_Any,chr10:80043774-80044801_chr10:80203548-80209818,enhancer_hit,double
Onecut3_Forebrain_Any,chr10:80193146-80197554_chr10:80203548-80209818,enhancer_hit,double
Onecut3_Forebrain_E11.5,chr10:80193146-80197554_chr10:80203548-80209818,enhancer_hit,double
Opn1sw_Heart_Any,chr6:29387693-29389343_chr6:30359115-30360909,enhancer_hit,double
Opn1sw_Limb_Any,chr6:29387693-29389343_chr6:30359115-30360909,enhancer_hit,double
Osbpl3_Heart_Any,chr6:50313755-50315535_chr6:50334232-50338755,enhancer_hit,single
Osbpl3_Heart_Any,chr6:50313755-50315535_chr6:50389376-50391599,enhancer_hit,single
Osbpl3_Heart_Any,chr6:50313755-50315535_chr6:50418176-50421484,enhancer_hit,
Osbpl3_Heart_Any,chr6:50324784-50326614_chr6:50334232-50338755,enhancer_hit,single
Osbpl3_Heart_Any,chr6:50334232-50338755_chr6:50389376-50391599,enhancer_hit,
Osbpl3_Heart_E11.5,chr6:50313755-50315535_chr6:50334232-50338755,enhancer_hit,single
Osbpl3_Heart_E11.5,chr6:50324784-50326614_chr6:50334232-50338755,enhancer_hit,single
Otx2_Forebrain_Any,chr14:48672658-48675511_chr14:48736056-48742122,enhancer_hit,
Otx2_Forebrain_E11.5,chr14:48672658-48675511_chr14:48736056-48742122,enhancer_hit,
Oxa1l_Forebrain_Any,chr14:54591905-54593642_chr14:54602181-54603408,enhancer_hit,single
Oxa1l_Heart_Any,chr14:54240189-54241365_chr14:54591905-54593642,enhancer_hit,
Oxa1l_Heart_Any,chr14:54240189-54241365_chr14:54602181-54603408,enhancer_hit,
Oxa1l_Heart_Any,chr14:54591905-54593642_chr14:54602181-54603408,enhancer_hit,single
Oxa1l_Heart_E11.5,chr14:54591905-54593642_chr14:54602181-54603408,enhancer_hit,single
P2ry2_Heart_Any,chr7:100990364-100994470_chr7:101048965-101052351,enhancer_hit,single
P2ry2_Heart_Any,chr7:100990364-100994470_chr7:101126971-101129288,enhancer_hit,
Pabpc4_Heart_Any,chr4:123285594-123288289_chr4:123300404-123302235,enhancer_hit,single
Pacrg_Forebrain_Any,chr17:9901653-9907719_chr17:10097548-10098548,enhancer_hit,
Pacsin1_Forebrain_Any,chr17:27673675-27674675_chr17:27677872-27680392,enhancer_hit,single
Pacsin2_Heart_Any,chr15:83342871-83346498_chr15:83421590-83427074,enhancer_hit,
Pacsin2_Heart_Any,chr15:83342871-83346498_chr15:83440118-83449098,enhancer_hit,single
Pacsin2_Heart_Any,chr15:83421590-83427074_chr15:83427936-83430350,enhancer_hit,
Pacsin2_Heart_E11.5,chr15:83342871-83346498_chr15:83421590-83427074,enhancer_hit,
Pacsin2_Heart_E11.5,chr15:83342871-83346498_chr15:83440118-83449098,enhancer_hit,single
Pak7_Forebrain_Any,chr2:136853900-136855825_chr2:137808297-137809367,enhancer_hit,single
Pak7_Forebrain_E11.5,chr2:136853900-136855825_chr2:137808297-137809367,enhancer_hit,single
Palld_Heart_Any,chr8:61272371-61276954_chr8:61907797-61910960,enhancer_hit,single
Palld_Heart_Any,chr8:61697070-61699060_chr8:61894439-61896170,enhancer_hit,
Palld_Heart_Any,chr8:61907797-61910960_chr8:61919940-61923403,enhancer_hit,
Palld_Heart_E11.5,chr8:61272371-61276954_chr8:61907797-61910960,enhancer_hit,single
Palld_Heart_E11.5,chr8:61907797-61910960_chr8:61919940-61923403,enhancer_hit,
Papln_Heart_Any,chr12:83720258-83722156_chr12:84172680-84182429,enhancer_hit,single
Papln_Limb_Any,chr12:83720258-83722156_chr12:84172680-84182429,enhancer_hit,single
Papln_Limb_E11.5,chr12:83720258-83722156_chr12:84172680-84182429,enhancer_hit,single
Park7_Forebrain_Any,chr4:150472526-150476985_chr4:150516418-150520432,enhancer_hit,single
Park7_Heart_Any,chr4:150472526-150476985_chr4:150516418-150520432,enhancer_hit,single
Park7_Heart_E11.5,chr4:150472526-150476985_chr4:150516418-150520432,enhancer_hit,single
Parva_Forebrain_Any,chr7:112466196-112474853_chr7:112658815-112665049,enhancer_hit,single
Parva_Forebrain_E11.5,chr7:112466196-112474853_chr7:112658815-112665049,enhancer_hit,single
Parva_Heart_Any,chr7:112443478-112446084_chr7:112613626-112615725,enhancer_hit,single
Parva_Heart_Any,chr7:112449406-112455780_chr7:112466196-112474853,enhancer_hit,single
Parva_Heart_Any,chr7:112449406-112455780_chr7:112478581-112480106,enhancer_hit,single
Parva_Heart_Any,chr7:112449406-112455780_chr7:112491947-112504764,enhancer_hit,
Parva_Heart_Any,chr7:112449406-112455780_chr7:112655468-112658160,enhancer_hit,single
Parva_Heart_Any,chr7:112449406-112455780_chr7:112658815-112665049,enhancer_hit,single
Parva_Heart_Any,chr7:112466196-112474853_chr7:112478581-112480106,enhancer_hit,single
Parva_Heart_Any,chr7:112466196-112474853_chr7:112491947-112504764,enhancer_hit,
Parva_Heart_Any,chr7:112466196-112474853_chr7:112508786-112513257,enhancer_hit,single
Parva_Heart_Any,chr7:112466196-112474853_chr7:112658815-112665049,enhancer_hit,single
Parva_Heart_Any,chr7:112478581-112480106_chr7:112491947-112504764,enhancer_hit,single
Parva_Heart_Any,chr7:112478581-112480106_chr7:112655468-112658160,enhancer_hit,single
Parva_Heart_Any,chr7:112478581-112480106_chr7:112658815-112665049,enhancer_hit,single
Parva_Heart_Any,chr7:112491947-112504764_chr7:112655468-112658160,enhancer_hit,single
Parva_Heart_Any,chr7:112491947-112504764_chr7:112658815-112665049,enhancer_hit,
Parva_Heart_Any,chr7:112655468-112658160_chr7:112658815-112665049,enhancer_hit,single
Parva_Heart_E11.5,chr7:112449406-112455780_chr7:112466196-112474853,enhancer_hit,single
Parva_Heart_E11.5,chr7:112449406-112455780_chr7:112491947-112504764,enhancer_hit,
Parva_Heart_E11.5,chr7:112449406-112455780_chr7:112655468-112658160,enhancer_hit,single
Parva_Heart_E11.5,chr7:112449406-112455780_chr7:112658815-112665049,enhancer_hit,single
Parva_Heart_E11.5,chr7:112466196-112474853_chr7:112491947-112504764,enhancer_hit,
Parva_Heart_E11.5,chr7:112466196-112474853_chr7:112508786-112513257,enhancer_hit,single
Parva_Heart_E11.5,chr7:112466196-112474853_chr7:112658815-112665049,enhancer_hit,single
Parva_Heart_E11.5,chr7:112491947-112504764_chr7:112655468-112658160,enhancer_hit,single
Parva_Heart_E11.5,chr7:112491947-112504764_chr7:112658815-112665049,enhancer_hit,
Parva_Heart_E11.5,chr7:112655468-112658160_chr7:112658815-112665049,enhancer_hit,single
Parva_Limb_Any,chr7:112449406-112455780_chr7:112466196-112474853,enhancer_hit,single
Parva_Limb_Any,chr7:112449406-112455780_chr7:112478581-112480106,enhancer_hit,single
Parva_Limb_Any,chr7:112449406-112455780_chr7:112491947-112504764,enhancer_hit,
Parva_Limb_Any,chr7:112449406-112455780_chr7:112658815-112665049,enhancer_hit,single
Parva_Limb_Any,chr7:112466196-112474853_chr7:112478581-112480106,enhancer_hit,single
Parva_Limb_Any,chr7:112466196-112474853_chr7:112491947-112504764,enhancer_hit,
Parva_Limb_Any,chr7:112466196-112474853_chr7:112658815-112665049,enhancer_hit,single
Parva_Limb_Any,chr7:112478581-112480106_chr7:112491947-112504764,enhancer_hit,single
Parva_Limb_Any,chr7:112478581-112480106_chr7:112658815-112665049,enhancer_hit,single
Parva_Limb_Any,chr7:112491947-112504764_chr7:112658815-112665049,enhancer_hit,single
Parva_Limb_E11.5,chr7:112449406-112455780_chr7:112466196-112474853,enhancer_hit,single
Parva_Limb_E11.5,chr7:112449406-112455780_chr7:112491947-112504764,enhancer_hit,
Parva_Limb_E11.5,chr7:112449406-112455780_chr7:112658815-112665049,enhancer_hit,single
Parva_Limb_E11.5,chr7:112466196-112474853_chr7:112491947-112504764,enhancer_hit,
Parva_Limb_E11.5,chr7:112466196-112474853_chr7:112658815-112665049,enhancer_hit,single
Parva_Limb_E11.5,chr7:112491947-112504764_chr7:112658815-112665049,enhancer_hit,single
Parvb_Heart_Any,chr15:84215390-84220158_chr15:84249656-84255731,enhancer_hit,single
Parvb_Heart_E11.5,chr15:84215390-84220158_chr15:84249656-84255731,enhancer_hit,single
Pbx1_Forebrain_Any,chr1:168354556-168360154_chr1:168379707-168387105,enhancer_hit,single
Pbx1_Forebrain_Any,chr1:168425054-168429004_chr1:169155660-169157003,enhancer_hit,single
Pbx1_Forebrain_E11.5,chr1:168354556-168360154_chr1:168379707-168387105,enhancer_hit,single
Pbx1_Limb_Any,chr1:168354556-168360154_chr1:168379707-168387105,enhancer_hit,single
Pbx1_Limb_Any,chr1:168425054-168429004_chr1:169155660-169157003,enhancer_hit,single
Pbx1_Limb_E11.5,chr1:168354556-168360154_chr1:168379707-168387105,enhancer_hit,single
Pbx1_Limb_E11.5,chr1:168425054-168429004_chr1:169155660-169157003,enhancer_hit,single
Pbx3_Heart_Any,chr2:34248129-34254764_chr2:34600471-34604695,enhancer_hit,single
Pbx3_Heart_E11.5,chr2:34248129-34254764_chr2:34600471-34604695,enhancer_hit,single
Pcdh12_Heart_Any,chr18:38575815-38579887_chr18:38653502-38655862,enhancer_hit,single
Pcdh12_Heart_Any,chr18:38575815-38579887_chr18:38799072-38800628,enhancer_hit,single
Pcdh12_Heart_Any,chr18:38653502-38655862_chr18:38799072-38800628,enhancer_hit,single
Pcdh12_Heart_E11.5,chr18:38575815-38579887_chr18:38653502-38655862,enhancer_hit,single
Pcdh12_Limb_Any,chr18:38575815-38579887_chr18:38653502-38655862,enhancer_hit,single
Pcdh18_Forebrain_Any,chr3:49592346-49593967_chr3:49865465-49869110,enhancer_hit,
Pcdh18_Forebrain_E11.5,chr3:49592346-49593967_chr3:49865465-49869110,enhancer_hit,
Pcdh18_Limb_Any,chr3:49586068-49587171_chr3:49592346-49593967,enhancer_hit,single
Pcdh18_Limb_Any,chr3:49592346-49593967_chr3:49865465-49869110,enhancer_hit,
Pcdh18_Limb_E11.5,chr3:49586068-49587171_chr3:49592346-49593967,enhancer_hit,single
Pcdh18_Limb_E11.5,chr3:49592346-49593967_chr3:49865465-49869110,enhancer_hit,
Pcdh7_Heart_Any,chr5:57777466-57778541_chr5:57814799-57815835,enhancer_hit,
Pcx_Forebrain_Any,chr19:4553846-4560965_chr19:4565353-4572406,enhancer_hit,single
Pcx_Heart_Any,chr19:4553846-4560965_chr19:4565353-4572406,enhancer_hit,single
Pcx_Heart_E11.5,chr19:4553846-4560965_chr19:4565353-4572406,enhancer_hit,single
Pde10a_Forebrain_Any,chr17:9762120-9767728_chr17:10308863-10316861,enhancer_hit,single
Pde10a_Forebrain_Any,chr17:9773749-9779079_chr17:10308863-10316861,enhancer_hit,
Pde10a_Forebrain_E11.5,chr17:9762120-9767728_chr17:10308863-10316861,enhancer_hit,single
Pde10a_Forebrain_E11.5,chr17:9773749-9779079_chr17:10308863-10316861,enhancer_hit,
Pde10a_Heart_Any,chr17:9762120-9767728_chr17:10308863-10316861,enhancer_hit,single
Pde10a_Heart_Any,chr17:9773749-9779079_chr17:10308863-10316861,enhancer_hit,
Pde10a_Heart_E11.5,chr17:9762120-9767728_chr17:10308863-10316861,enhancer_hit,single
Pde1b_Forebrain_Any,chr15:102786980-102792313_chr15:103513133-103520894,enhancer_hit,single
Pde1b_Forebrain_E11.5,chr15:102786980-102792313_chr15:103513133-103520894,enhancer_hit,single
Pde3a_Heart_Any,chr6:141041155-141043030_chr6:142679878-142680878,enhancer_hit,single
Pde3a_Heart_Any,chr6:141307870-141309351_chr6:142667202-142669567,enhancer_hit,
Pde3a_Heart_Any,chr6:141335821-141337548_chr6:141340885-141341885,enhancer_hit,
Pde7b_Heart_Any,chr10:20458580-20459881_chr10:20672290-20673677,enhancer_hit,single
Pde7b_Heart_Any,chr10:20458580-20459881_chr10:20674792-20676197,enhancer_hit,
Pde7b_Heart_Any,chr10:20672290-20673677_chr10:20674792-20676197,enhancer_hit,single
Pde9a_Forebrain_Any,chr17:31333883-31334883_chr17:31450053-31458346,enhancer_hit,single
Pde9a_Limb_Any,chr17:31450053-31458346_chr17:31793004-31795036,enhancer_hit,single
Pdgfrb_Heart_Any,chr18:61051247-61060106_chr18:61509705-61510918,enhancer_hit,
Pdgfrb_Heart_E11.5,chr18:61051247-61060106_chr18:61509705-61510918,enhancer_hit,
Pdk1_Heart_Any,chr2:71424051-71425276_chr2:71877710-71879169,enhancer_hit,single
Pdk2_Heart_Any,chr11:95472477-95473675_chr11:97301449-97304766,enhancer_hit,single
Pdzd2_Heart_Any,chr15:12065672-12070336_chr15:12679771-12683115,enhancer_hit,single
Pdzd2_Limb_Any,chr15:12065672-12070336_chr15:12087742-12088742,enhancer_hit,single
Pdzd2_Limb_Any,chr15:12065672-12070336_chr15:12679771-12683115,enhancer_hit,single
Pdzd2_Limb_Any,chr15:12544512-12545512_chr15:12548829-12551133,enhancer_hit,single
Pdzd2_Limb_E11.5,chr15:12065672-12070336_chr15:12679771-12683115,enhancer_hit,single
Peak1_Heart_Any,chr9:56264628-56267524_chr9:56322698-56325329,enhancer_hit,single
Peak1_Heart_Any,chr9:56468958-56471407_chr9:56859664-56861604,enhancer_hit,single
Pecam1_Heart_Any,chr11:106620917-106622518_chr11:106663574-106668409,enhancer_hit,single
Pecam1_Heart_Any,chr11:106657082-106662570_chr11:106663574-106668409,enhancer_hit,single
Pecam1_Heart_Any,chr11:106657082-106662570_chr11:106728269-106731817,enhancer_hit,single
Pecam1_Heart_Any,chr11:106657082-106662570_chr11:106760706-106762241,enhancer_hit,single
Pecam1_Heart_Any,chr11:106663574-106668409_chr11:106728269-106731817,enhancer_hit,single
Pecam1_Heart_Any,chr11:106663574-106668409_chr11:106760706-106762241,enhancer_hit,single
Pecam1_Heart_Any,chr11:106663574-106668409_chr11:106956540-106959002,enhancer_hit,single
Pecam1_Heart_Any,chr11:106663574-106668409_chr11:106960918-106962862,enhancer_hit,single
Pecam1_Heart_Any,chr11:106663574-106668409_chr11:106966827-106968402,enhancer_hit,single
Pecam1_Heart_Any,chr11:106728269-106731817_chr11:106760706-106762241,enhancer_hit,single
Pecam1_Heart_Any,chr11:106956540-106959002_chr11:106960918-106962862,enhancer_hit,single
Pecam1_Heart_Any,chr11:106956540-106959002_chr11:106966827-106968402,enhancer_hit,single
Pecam1_Heart_Any,chr11:106960918-106962862_chr11:106966827-106968402,enhancer_hit,single
Pecam1_Heart_E11.5,chr11:106657082-106662570_chr11:106728269-106731817,enhancer_hit,single
Pecam1_Heart_E11.5,chr11:106657082-106662570_chr11:106760706-106762241,enhancer_hit,single
Pecam1_Heart_E11.5,chr11:106728269-106731817_chr11:106760706-106762241,enhancer_hit,single
Pecam1_Limb_Any,chr11:106657082-106662570_chr11:106760706-106762241,enhancer_hit,single
Peg3_Heart_Any,chr7:6769394-6771803_chr7:6780012-6785614,enhancer_hit,
Peg3_Heart_Any,chr7:6769394-6771803_chr7:6909730-6915339,enhancer_hit,single
Peg3_Heart_Any,chr7:6796824-6801086_chr7:6909730-6915339,enhancer_hit,single
Peg3_Heart_Any,chr7:6796824-6801086_chr7:6917058-6918332,enhancer_hit,single
Peg3_Heart_E11.5,chr7:6769394-6771803_chr7:6780012-6785614,enhancer_hit,
Peg3_Heart_E11.5,chr7:6769394-6771803_chr7:6909730-6915339,enhancer_hit,single
Peg3_Heart_E11.5,chr7:6796824-6801086_chr7:6909730-6915339,enhancer_hit,single
Peg3_Heart_E11.5,chr7:6796824-6801086_chr7:6917058-6918332,enhancer_hit,single
Peg3_Limb_Any,chr7:6769394-6771803_chr7:6780012-6785614,enhancer_hit,
Peg3_Limb_Any,chr7:6769394-6771803_chr7:6909730-6915339,enhancer_hit,single
Peg3_Limb_Any,chr7:6769394-6771803_chr7:6932172-6935692,enhancer_hit,single
Peg3_Limb_Any,chr7:6780012-6785614_chr7:6932172-6935692,enhancer_hit,
Peg3_Limb_Any,chr7:6796824-6801086_chr7:6909730-6915339,enhancer_hit,single
Peg3_Limb_Any,chr7:6796824-6801086_chr7:6917058-6918332,enhancer_hit,single
Peg3_Limb_Any,chr7:6903051-6904750_chr7:6917058-6918332,enhancer_hit,single
Peg3_Limb_Any,chr7:6903051-6904750_chr7:6932172-6935692,enhancer_hit,single
Peg3_Limb_E11.5,chr7:6769394-6771803_chr7:6780012-6785614,enhancer_hit,
Peg3_Limb_E11.5,chr7:6769394-6771803_chr7:6909730-6915339,enhancer_hit,single
Peg3_Limb_E11.5,chr7:6796824-6801086_chr7:6909730-6915339,enhancer_hit,single
Peg3_Limb_E11.5,chr7:6796824-6801086_chr7:6917058-6918332,enhancer_hit,single
Peg3_Limb_E11.5,chr7:6903051-6904750_chr7:6917058-6918332,enhancer_hit,single
Pfn1_Heart_Any,chr11:70297303-70298726_chr11:70465581-70469749,enhancer_hit,single
Pfn1_Heart_Any,chr11:70297303-70298726_chr11:70662784-70664990,enhancer_hit,single
Pfn1_Heart_Any,chr11:70465581-70469749_chr11:70662784-70664990,enhancer_hit,single
Pgm5_Heart_Any,chr19:24297423-24298423_chr19:24341652-24344563,enhancer_hit,single
Phf21b_Forebrain_Any,chr15:85398871-85399871_chr15:85974064-85977118,enhancer_hit,
Phf21b_Forebrain_Any,chr15:85454357-85467090_chr15:85497064-85499896,enhancer_hit,single
Phf21b_Forebrain_Any,chr15:85454357-85467090_chr15:85974064-85977118,enhancer_hit,
Phf21b_Forebrain_Any,chr15:85497064-85499896_chr15:85974064-85977118,enhancer_hit,single
Phf21b_Forebrain_E11.5,chr15:85454357-85467090_chr15:85497064-85499896,enhancer_hit,single
Phf21b_Forebrain_E11.5,chr15:85454357-85467090_chr15:85974064-85977118,enhancer_hit,
Phf21b_Forebrain_E11.5,chr15:85497064-85499896_chr15:85974064-85977118,enhancer_hit,single
Phldb2_Heart_Any,chr16:45876942-45877942_chr16:45892517-45895210,enhancer_hit,single
Phldb2_Limb_Any,chr16:45876942-45877942_chr16:45892517-45895210,enhancer_hit,single
Phyhipl_Forebrain_Any,chr10:69463798-69469705_chr10:70636543-70644237,enhancer_hit,single
Phyhipl_Forebrain_Any,chr10:69746277-69747277_chr10:70636543-70644237,enhancer_hit,single
Phyhipl_Forebrain_Any,chr10:69746277-69747277_chr10:70799492-70801513,enhancer_hit,
Phyhipl_Forebrain_Any,chr10:70636543-70644237_chr10:70799492-70801513,enhancer_hit,
Phyhipl_Forebrain_E11.5,chr10:69463798-69469705_chr10:70636543-70644237,enhancer_hit,single
Phyhipl_Limb_Any,chr10:69746277-69747277_chr10:70636543-70644237,enhancer_hit,single
Phykpl_Heart_Any,chr11:52074716-52078707_chr11:52363392-52366709,enhancer_hit,single
Phykpl_Limb_Any,chr11:51839581-51842001_chr11:52363392-52366709,enhancer_hit,
Piezo1_Heart_Any,chr8:122450067-122454019_chr8:122543913-122548829,enhancer_hit,single
Piezo1_Heart_Any,chr8:122450067-122454019_chr8:123647719-123650011,enhancer_hit,single
Piezo1_Heart_Any,chr8:122536000-122539774_chr8:122543913-122548829,enhancer_hit,single
Piezo1_Heart_Any,chr8:122543913-122548829_chr8:122558869-122559869,enhancer_hit,single
Piezo1_Heart_Any,chr8:122543913-122548829_chr8:123647719-123650011,enhancer_hit,
Piezo1_Heart_E11.5,chr8:122450067-122454019_chr8:122543913-122548829,enhancer_hit,single
Piezo1_Heart_E11.5,chr8:122450067-122454019_chr8:123647719-123650011,enhancer_hit,single
Piezo1_Heart_E11.5,chr8:122536000-122539774_chr8:122543913-122548829,enhancer_hit,single
Piezo1_Heart_E11.5,chr8:122543913-122548829_chr8:122558869-122559869,enhancer_hit,single
Piezo1_Heart_E11.5,chr8:122543913-122548829_chr8:123647719-123650011,enhancer_hit,
Piezo1_Limb_Any,chr8:122536000-122539774_chr8:122543913-122548829,enhancer_hit,single
Pigp_Heart_Any,chr16:94624652-94625652_chr16:94679656-94682491,enhancer_hit,single
Pik3c2b_Forebrain_Any,chr1:133075945-133081598_chr1:133185871-133190862,enhancer_hit,single
Pik3c2b_Forebrain_Any,chr1:133075945-133081598_chr1:133396868-133401477,enhancer_hit,single
Pik3c2b_Forebrain_Any,chr1:133075945-133081598_chr1:133490975-133494928,enhancer_hit,double
Pik3c2b_Forebrain_Any,chr1:133185871-133190862_chr1:133209051-133211293,enhancer_hit,single
Pik3c2b_Forebrain_Any,chr1:133185871-133190862_chr1:133396868-133401477,enhancer_hit,single
Pik3c2b_Forebrain_Any,chr1:133185871-133190862_chr1:133490975-133494928,enhancer_hit,double
Pik3c2b_Forebrain_Any,chr1:133209051-133211293_chr1:133490975-133494928,enhancer_hit,single
Pik3c2b_Forebrain_E11.5,chr1:133075945-133081598_chr1:133185871-133190862,enhancer_hit,single
Pik3c2b_Forebrain_E11.5,chr1:133075945-133081598_chr1:133396868-133401477,enhancer_hit,single
Pik3c2b_Forebrain_E11.5,chr1:133075945-133081598_chr1:133490975-133494928,enhancer_hit,double
Pik3c2b_Forebrain_E11.5,chr1:133185871-133190862_chr1:133209051-133211293,enhancer_hit,single
Pik3c2b_Forebrain_E11.5,chr1:133185871-133190862_chr1:133396868-133401477,enhancer_hit,single
Pik3c2b_Forebrain_E11.5,chr1:133185871-133190862_chr1:133490975-133494928,enhancer_hit,double
Pik3c2b_Forebrain_E11.5,chr1:133209051-133211293_chr1:133490975-133494928,enhancer_hit,single
Pik3c2b_Heart_Any,chr1:133075945-133081598_chr1:133185871-133190862,enhancer_hit,single
Pik3c2b_Heart_Any,chr1:133075945-133081598_chr1:133396868-133401477,enhancer_hit,single
Pik3c2b_Heart_Any,chr1:133075945-133081598_chr1:133490975-133494928,enhancer_hit,double
Pik3c2b_Heart_Any,chr1:133185871-133190862_chr1:133209051-133211293,enhancer_hit,single
Pik3c2b_Heart_Any,chr1:133185871-133190862_chr1:133396868-133401477,enhancer_hit,single
Pik3c2b_Heart_Any,chr1:133185871-133190862_chr1:133490975-133494928,enhancer_hit,double
Pik3c2b_Heart_Any,chr1:133209051-133211293_chr1:133490975-133494928,enhancer_hit,single
Pik3c2b_Heart_E11.5,chr1:133075945-133081598_chr1:133396868-133401477,enhancer_hit,single
Pik3c2b_Heart_E11.5,chr1:133075945-133081598_chr1:133490975-133494928,enhancer_hit,double
Pik3c2b_Limb_Any,chr1:133075945-133081598_chr1:133396868-133401477,enhancer_hit,single
Pik3c2b_Limb_Any,chr1:133075945-133081598_chr1:133490975-133494928,enhancer_hit,double
Pim1_Heart_Any,chr17:29419251-29421336_chr17:29422567-29424489,enhancer_hit,double
Pim1_Heart_Any,chr17:29419251-29421336_chr17:29431414-29435077,enhancer_hit,single
Pim1_Heart_Any,chr17:29419251-29421336_chr17:29436253-29449585,enhancer_hit,double
Pim1_Heart_Any,chr17:29422567-29424489_chr17:29431414-29435077,enhancer_hit,single
Pim1_Heart_Any,chr17:29422567-29424489_chr17:29436253-29449585,enhancer_hit,double
Pim1_Heart_Any,chr17:29431414-29435077_chr17:29436253-29449585,enhancer_hit,single
Pim1_Heart_E11.5,chr17:29431414-29435077_chr17:29436253-29449585,enhancer_hit,single
Pisd-ps1_Forebrain_Any,chr11:3396023-3399242_chr11:3724716-3726432,enhancer_hit,
Pisd-ps2_Forebrain_Any,chr17:3344362-3345908_chr17:5210287-5215631,enhancer_hit,
Pisd-ps2_Forebrain_Any,chr17:3609812-3612619_chr17:3690619-3691934,enhancer_hit,
Pkig_Heart_Any,chr2:163715332-163719778_chr2:164765205-164766687,enhancer_hit,single
Pla2g4f_Heart_Any,chr2:119994374-119998950_chr2:120643335-120645905,enhancer_hit,single
Pla2g4f_Limb_Any,chr2:119994374-119998950_chr2:120643335-120645905,enhancer_hit,single
Pla2r1_Heart_Any,chr2:60688555-60691338_chr2:60692186-60699810,enhancer_hit,
Pla2r1_Heart_Any,chr2:60688555-60691338_chr2:60900756-60903725,enhancer_hit,
Pla2r1_Heart_Any,chr2:60692186-60699810_chr2:60900756-60903725,enhancer_hit,
Pla2r1_Heart_Any,chr2:60900756-60903725_chr2:60907459-60908659,enhancer_hit,
Pla2r1_Heart_Any,chr2:60900756-60903725_chr2:61401118-61403872,enhancer_hit,single
Pla2r1_Heart_E11.5,chr2:60688555-60691338_chr2:60692186-60699810,enhancer_hit,
Pla2r1_Heart_E11.5,chr2:60688555-60691338_chr2:60900756-60903725,enhancer_hit,
Pla2r1_Heart_E11.5,chr2:60692186-60699810_chr2:60900756-60903725,enhancer_hit,
Pla2r1_Heart_E11.5,chr2:60900756-60903725_chr2:61401118-61403872,enhancer_hit,single
Plac1_Limb_Any,chrX:51896822-51898017_chrX:52514664-52515676,enhancer_hit,
Plac1_Limb_Any,chrX:52609147-52611421_chrX:52626297-52628322,enhancer_hit,single
Plac1_Limb_E11.5,chrX:52609147-52611421_chrX:52626297-52628322,enhancer_hit,single
Plagl1_Forebrain_Any,chr10:13105672-13110633_chr10:13167908-13173764,enhancer_hit,single
Plagl1_Heart_Any,chr10:13105672-13110633_chr10:13167908-13173764,enhancer_hit,single
Plagl1_Heart_E11.5,chr10:13105672-13110633_chr10:13167908-13173764,enhancer_hit,single
Plagl1_Limb_Any,chr10:13105672-13110633_chr10:13167908-13173764,enhancer_hit,single
Plagl1_Limb_E11.5,chr10:13105672-13110633_chr10:13167908-13173764,enhancer_hit,single
Plagl2_Heart_Any,chr2:153519789-153527471_chr2:153582131-153584934,enhancer_hit,single
Plagl2_Heart_E11.5,chr2:153519789-153527471_chr2:153582131-153584934,enhancer_hit,single
Plcd3_Forebrain_Any,chr11:102465668-102467383_chr11:102777346-102781641,enhancer_hit,
Plcd3_Heart_Any,chr11:102465668-102467383_chr11:102777346-102781641,enhancer_hit,
Plcd3_Limb_Any,chr11:102465668-102467383_chr11:102777346-102781641,enhancer_hit,
Plce1_Heart_Any,chr19:38435039-38436039_chr19:38497726-38499309,enhancer_hit,single
Plce1_Heart_Any,chr19:38497726-38499309_chr19:38609884-38611820,enhancer_hit,single
Plcg2_Heart_Any,chr8:117196648-117202677_chr8:117539673-117540673,enhancer_hit,single
Plcg2_Heart_Any,chr8:117196648-117202677_chr8:117543236-117544526,enhancer_hit,single
Plcg2_Heart_Any,chr8:117525533-117529967_chr8:117539673-117540673,enhancer_hit,single
Plcg2_Heart_Any,chr8:117525533-117529967_chr8:117543236-117544526,enhancer_hit,single
Plcg2_Heart_Any,chr8:117539673-117540673_chr8:117543236-117544526,enhancer_hit,single
Plcg2_Heart_E11.5,chr8:117196648-117202677_chr8:117539673-117540673,enhancer_hit,single
Plcg2_Heart_E11.5,chr8:117196648-117202677_chr8:117543236-117544526,enhancer_hit,single
Plcg2_Heart_E11.5,chr8:117539673-117540673_chr8:117543236-117544526,enhancer_hit,single
Plekha1_Heart_Any,chr7:130666429-130674636_chr7:130887293-130889215,enhancer_hit,single
Plekha1_Heart_Any,chr7:130666429-130674636_chr7:132894430-132897382,enhancer_hit,single
Plekha1_Heart_Any,chr7:130887293-130889215_chr7:132894430-132897382,enhancer_hit,single
Plekha1_Heart_E11.5,chr7:130666429-130674636_chr7:130887293-130889215,enhancer_hit,single
Plekha1_Heart_E11.5,chr7:130666429-130674636_chr7:132894430-132897382,enhancer_hit,single
Plekha1_Heart_E11.5,chr7:130887293-130889215_chr7:132894430-132897382,enhancer_hit,single
Plekha2_Heart_Any,chr8:25009237-25012837_chr8:25237360-25238434,enhancer_hit,single
Plekha2_Heart_Any,chr8:25009237-25012837_chr8:25240065-25241576,enhancer_hit,single
Plekha2_Heart_Any,chr8:25090375-25091607_chr8:25237360-25238434,enhancer_hit,single
Plekha2_Heart_Any,chr8:25237360-25238434_chr8:25240065-25241576,enhancer_hit,single
Plekha7_Forebrain_Any,chr7:116260684-116263097_chr7:116279890-116290124,enhancer_hit,single
Plekha7_Forebrain_E11.5,chr7:116260684-116263097_chr7:116279890-116290124,enhancer_hit,single
Plekha7_Heart_Any,chr7:116192341-116196061_chr7:116223892-116225225,enhancer_hit,
Plekha7_Heart_Any,chr7:116192341-116196061_chr7:116242418-116247736,enhancer_hit,
Plekha7_Heart_Any,chr7:116192341-116196061_chr7:116279890-116290124,enhancer_hit,
Plekha7_Heart_Any,chr7:116223892-116225225_chr7:116230103-116232005,enhancer_hit,single
Plekha7_Heart_Any,chr7:116223892-116225225_chr7:116242418-116247736,enhancer_hit,single
Plekha7_Heart_Any,chr7:116223892-116225225_chr7:116279890-116290124,enhancer_hit,single
Plekha7_Heart_Any,chr7:116230103-116232005_chr7:116279890-116290124,enhancer_hit,single
Plekha7_Heart_Any,chr7:116242418-116247736_chr7:116279890-116290124,enhancer_hit,single
Plekha7_Heart_E11.5,chr7:116192341-116196061_chr7:116242418-116247736,enhancer_hit,
Plekha7_Heart_E11.5,chr7:116192341-116196061_chr7:116279890-116290124,enhancer_hit,
Plekha7_Heart_E11.5,chr7:116242418-116247736_chr7:116279890-116290124,enhancer_hit,single
Plekha7_Limb_Any,chr7:116192341-116196061_chr7:116279890-116290124,enhancer_hit,
Plekha7_Limb_E11.5,chr7:116192341-116196061_chr7:116279890-116290124,enhancer_hit,
Plekhg1_Forebrain_Any,chr10:3862911-3864834_chr10:4053062-4054378,enhancer_hit,single
Plekhg1_Forebrain_Any,chr10:3890497-3893445_chr10:4053062-4054378,enhancer_hit,
Plekhg3_Heart_Any,chr12:76551155-76554962_chr12:76614522-76616189,enhancer_hit,single
Plekho2_Heart_Any,chr9:65527967-65530552_chr9:65540951-65543491,enhancer_hit,single
Plekho2_Heart_Any,chr9:65527967-65530552_chr9:65544926-65547429,enhancer_hit,single
Plekho2_Heart_Any,chr9:65527967-65530552_chr9:65549627-65553379,enhancer_hit,single
Plekho2_Heart_Any,chr9:65527967-65530552_chr9:65554061-65558693,enhancer_hit,single
Plekho2_Heart_Any,chr9:65527967-65530552_chr9:65574440-65577540,enhancer_hit,single
Plekho2_Heart_Any,chr9:65540951-65543491_chr9:65544926-65547429,enhancer_hit,single
Plekho2_Heart_Any,chr9:65540951-65543491_chr9:65549627-65553379,enhancer_hit,single
Plekho2_Heart_Any,chr9:65540951-65543491_chr9:65554061-65558693,enhancer_hit,single
Plekho2_Heart_Any,chr9:65540951-65543491_chr9:65568245-65570588,enhancer_hit,double
Plekho2_Heart_Any,chr9:65540951-65543491_chr9:65574440-65577540,enhancer_hit,single
Plekho2_Heart_Any,chr9:65544926-65547429_chr9:65549627-65553379,enhancer_hit,single
Plekho2_Heart_Any,chr9:65544926-65547429_chr9:65554061-65558693,enhancer_hit,single
Plekho2_Heart_Any,chr9:65544926-65547429_chr9:65574440-65577540,enhancer_hit,single
Plekho2_Heart_Any,chr9:65549627-65553379_chr9:65554061-65558693,enhancer_hit,
Plekho2_Heart_Any,chr9:65549627-65553379_chr9:65574440-65577540,enhancer_hit,
Plekho2_Heart_Any,chr9:65554061-65558693_chr9:65574440-65577540,enhancer_hit,
Plekho2_Heart_E11.5,chr9:65540951-65543491_chr9:65544926-65547429,enhancer_hit,single
Plekho2_Heart_E11.5,chr9:65540951-65543491_chr9:65549627-65553379,enhancer_hit,single
Plekho2_Heart_E11.5,chr9:65540951-65543491_chr9:65554061-65558693,enhancer_hit,single
Plekho2_Heart_E11.5,chr9:65540951-65543491_chr9:65574440-65577540,enhancer_hit,single
Plekho2_Heart_E11.5,chr9:65544926-65547429_chr9:65549627-65553379,enhancer_hit,single
Plekho2_Heart_E11.5,chr9:65544926-65547429_chr9:65554061-65558693,enhancer_hit,single
Plekho2_Heart_E11.5,chr9:65544926-65547429_chr9:65574440-65577540,enhancer_hit,single
Plekho2_Heart_E11.5,chr9:65549627-65553379_chr9:65554061-65558693,enhancer_hit,
Plekho2_Heart_E11.5,chr9:65549627-65553379_chr9:65574440-65577540,enhancer_hit,
Plekho2_Heart_E11.5,chr9:65554061-65558693_chr9:65574440-65577540,enhancer_hit,
Plekho2_Limb_Any,chr9:65549627-65553379_chr9:65574440-65577540,enhancer_hit,
Plekho2_Limb_Any,chr9:65574440-65577540_chr9:65775955-65777849,enhancer_hit,single
Plekho2_Limb_E11.5,chr9:65549627-65553379_chr9:65574440-65577540,enhancer_hit,
Plscr3_Heart_Any,chr11:68910876-68912944_chr11:69251813-69253793,enhancer_hit,double
Plvap_Forebrain_Any,chr8:70681413-70683427_chr8:72267422-72274172,enhancer_hit,single
Plvap_Heart_Any,chr8:70681413-70683427_chr8:71494865-71500139,enhancer_hit,double
Plvap_Heart_Any,chr8:70681413-70683427_chr8:72145496-72148477,enhancer_hit,single
Plvap_Heart_Any,chr8:70681413-70683427_chr8:72267422-72274172,enhancer_hit,single
Plvap_Heart_Any,chr8:70681413-70683427_chr8:72307776-72309003,enhancer_hit,single
Plvap_Heart_Any,chr8:71494865-71500139_chr8:72145496-72148477,enhancer_hit,double
Plvap_Heart_Any,chr8:71494865-71500139_chr8:72267422-72274172,enhancer_hit,single
Plvap_Heart_Any,chr8:71494865-71500139_chr8:72307776-72309003,enhancer_hit,single
Plvap_Heart_Any,chr8:72131190-72132758_chr8:72267422-72274172,enhancer_hit,single
Plvap_Heart_Any,chr8:72145496-72148477_chr8:72267422-72274172,enhancer_hit,single
Plvap_Heart_Any,chr8:72145496-72148477_chr8:72307776-72309003,enhancer_hit,single
Plvap_Heart_Any,chr8:72267422-72274172_chr8:72307776-72309003,enhancer_hit,single
Plvap_Heart_E11.5,chr8:70681413-70683427_chr8:71494865-71500139,enhancer_hit,double
Plvap_Heart_E11.5,chr8:70681413-70683427_chr8:72145496-72148477,enhancer_hit,single
Plvap_Heart_E11.5,chr8:70681413-70683427_chr8:72267422-72274172,enhancer_hit,single
Plvap_Heart_E11.5,chr8:71494865-71500139_chr8:72145496-72148477,enhancer_hit,double
Plvap_Heart_E11.5,chr8:71494865-71500139_chr8:72267422-72274172,enhancer_hit,single
Plvap_Heart_E11.5,chr8:72131190-72132758_chr8:72267422-72274172,enhancer_hit,single
Plvap_Heart_E11.5,chr8:72145496-72148477_chr8:72267422-72274172,enhancer_hit,single
Plvap_Limb_Any,chr8:71494865-71500139_chr8:72267422-72274172,enhancer_hit,single
Plxna4_Forebrain_Any,chr6:32396530-32398538_chr6:33929641-33931456,enhancer_hit,single
Plxnd1_Heart_Any,chr6:115856029-115858136_chr6:115883336-115884898,enhancer_hit,single
Plxnd1_Heart_Any,chr6:115856029-115858136_chr6:115982059-115987322,enhancer_hit,
Plxnd1_Heart_Any,chr6:115856029-115858136_chr6:116008951-116009951,enhancer_hit,single
Plxnd1_Heart_Any,chr6:115861773-115864538_chr6:115883336-115884898,enhancer_hit,
Plxnd1_Heart_Any,chr6:115861773-115864538_chr6:115904408-115906993,enhancer_hit,single
Plxnd1_Heart_Any,chr6:115861773-115864538_chr6:115908209-115916709,enhancer_hit,double
Plxnd1_Heart_Any,chr6:115861773-115864538_chr6:116008951-116009951,enhancer_hit,single
Plxnd1_Heart_Any,chr6:115883336-115884898_chr6:116008951-116009951,enhancer_hit,
Plxnd1_Heart_Any,chr6:115896219-115897697_chr6:115904408-115906993,enhancer_hit,single
Plxnd1_Heart_Any,chr6:115904408-115906993_chr6:115908209-115916709,enhancer_hit,single
Plxnd1_Heart_Any,chr6:115904408-115906993_chr6:115956141-115960364,enhancer_hit,
Plxnd1_Heart_E11.5,chr6:115856029-115858136_chr6:115883336-115884898,enhancer_hit,single
Plxnd1_Heart_E11.5,chr6:115856029-115858136_chr6:115982059-115987322,enhancer_hit,
Plxnd1_Heart_E11.5,chr6:115856029-115858136_chr6:116008951-116009951,enhancer_hit,single
Plxnd1_Heart_E11.5,chr6:115861773-115864538_chr6:115883336-115884898,enhancer_hit,
Plxnd1_Heart_E11.5,chr6:115861773-115864538_chr6:115904408-115906993,enhancer_hit,single
Plxnd1_Heart_E11.5,chr6:115861773-115864538_chr6:115908209-115916709,enhancer_hit,double
Plxnd1_Heart_E11.5,chr6:115861773-115864538_chr6:116008951-116009951,enhancer_hit,single
Plxnd1_Heart_E11.5,chr6:115883336-115884898_chr6:116008951-116009951,enhancer_hit,
Plxnd1_Heart_E11.5,chr6:115904408-115906993_chr6:115908209-115916709,enhancer_hit,single
Plxnd1_Heart_E11.5,chr6:115904408-115906993_chr6:115956141-115960364,enhancer_hit,
Pmepa1_Forebrain_Any,chr2:173333967-173337199_chr2:174007435-174012365,enhancer_hit,single
Pmepa1_Heart_Any,chr2:173338194-173341174_chr2:173379563-173381338,enhancer_hit,single
Pmepa1_Heart_Any,chr2:173338194-173341174_chr2:174866571-174873040,enhancer_hit,single
Pmepa1_Limb_Any,chr2:173333967-173337199_chr2:174007435-174012365,enhancer_hit,single
Pmepa1_Limb_Any,chr2:173338194-173341174_chr2:173379563-173381338,enhancer_hit,
Pmepa1_Limb_Any,chr2:173338194-173341174_chr2:174866571-174873040,enhancer_hit,single
Pmf1_Heart_Any,chr3:87900510-87902586_chr3:88163803-88167200,enhancer_hit,single
Pnmal2_Forebrain_Any,chr7:16937599-16942181_chr7:16947181-16951001,enhancer_hit,single
Pnmal2_Forebrain_Any,chr7:16937599-16942181_chr7:16956001-16957294,enhancer_hit,double
Pnmal2_Forebrain_Any,chr7:16947181-16951001_chr7:16956001-16957294,enhancer_hit,single
Pnmal2_Heart_Any,chr7:16937599-16942181_chr7:16947181-16951001,enhancer_hit,single
Pnmal2_Limb_Any,chr7:16937599-16942181_chr7:16947181-16951001,enhancer_hit,single
Podxl_Heart_Any,chr6:31543292-31546363_chr6:34170176-34173525,enhancer_hit,single
Podxl_Heart_Any,chr6:31548533-31551632_chr6:34043729-34045492,enhancer_hit,single
Podxl_Heart_E11.5,chr6:31543292-31546363_chr6:34170176-34173525,enhancer_hit,single
Pofut2_Heart_Any,chr10:77187091-77188938_chr10:77283216-77285498,enhancer_hit,double
Pofut2_Heart_Any,chr10:77187091-77188938_chr10:77483146-77484163,enhancer_hit,
Pofut2_Heart_Any,chr10:77283216-77285498_chr10:77483146-77484163,enhancer_hit,
Pofut2_Heart_E11.5,chr10:77187091-77188938_chr10:77483146-77484163,enhancer_hit,
Pogk_Forebrain_Any,chr1:165832624-165838310_chr1:167181345-167183259,enhancer_hit,
Pomgnt1_Heart_Any,chr4:116182485-116183741_chr4:116370368-116372773,enhancer_hit,
Pou3f1_Forebrain_Any,chr4:124034090-124037544_chr4:124276285-124279587,enhancer_hit,single
Pou3f1_Forebrain_Any,chr4:124034090-124037544_chr4:124614736-124617006,enhancer_hit,single
Pou3f1_Forebrain_Any,chr4:124276285-124279587_chr4:124614736-124617006,enhancer_hit,single
Pou3f1_Forebrain_E11.5,chr4:124034090-124037544_chr4:124276285-124279587,enhancer_hit,single
Pou3f3_Forebrain_Any,chr1:41809653-41816135_chr1:42241330-42244834,enhancer_hit,
Pou3f3_Forebrain_Any,chr1:42241330-42244834_chr1:42678023-42692308,enhancer_hit,single
Pou3f3_Forebrain_Any,chr1:42241330-42244834_chr1:42698267-42710954,enhancer_hit,single
Pou3f3_Forebrain_E11.5,chr1:41809653-41816135_chr1:42241330-42244834,enhancer_hit,
Pou3f3_Forebrain_E11.5,chr1:42241330-42244834_chr1:42678023-42692308,enhancer_hit,single
Pou3f3_Forebrain_E11.5,chr1:42241330-42244834_chr1:42698267-42710954,enhancer_hit,single
Ppargc1a_Heart_Any,chr5:51517158-51521154_chr5:52050811-52052825,enhancer_hit,
Ppfibp1_Heart_Any,chr6:146671017-146672907_chr6:146674047-146679696,enhancer_hit,
Ppfibp1_Heart_Any,chr6:146671017-146672907_chr6:146682653-146688190,enhancer_hit,
Ppfibp1_Heart_Any,chr6:146674047-146679696_chr6:146682653-146688190,enhancer_hit,
Ppfibp1_Heart_Any,chr6:146674047-146679696_chr6:146835209-146837620,enhancer_hit,single
Ppfibp1_Heart_Any,chr6:146674047-146679696_chr6:146984501-146985501,enhancer_hit,
Ppfibp1_Heart_Any,chr6:146682653-146688190_chr6:146984501-146985501,enhancer_hit,
Ppfibp1_Heart_Any,chr6:146978391-146982215_chr6:146984501-146985501,enhancer_hit,
Ppfibp1_Heart_E11.5,chr6:146671017-146672907_chr6:146674047-146679696,enhancer_hit,
Ppfibp1_Heart_E11.5,chr6:146671017-146672907_chr6:146682653-146688190,enhancer_hit,
Ppfibp1_Heart_E11.5,chr6:146674047-146679696_chr6:146682653-146688190,enhancer_hit,
Ppfibp1_Heart_E11.5,chr6:146674047-146679696_chr6:146835209-146837620,enhancer_hit,single
Ppm1e_Heart_Any,chr11:86989237-86991207_chr11:87290514-87291514,enhancer_hit,single
Ppm1e_Heart_Any,chr11:86989237-86991207_chr11:87343384-87344484,enhancer_hit,single
Ppm1e_Heart_Any,chr11:87290514-87291514_chr11:87343384-87344484,enhancer_hit,single
Ppm1j_Heart_Any,chr3:104712138-104713766_chr3:104996901-104998861,enhancer_hit,
Ppm1j_Heart_Any,chr3:104712138-104713766_chr3:105011971-105025054,enhancer_hit,single
Ppm1j_Heart_Any,chr3:104712138-104713766_chr3:105044183-105049589,enhancer_hit,
Ppm1j_Heart_Any,chr3:104996901-104998861_chr3:105011971-105025054,enhancer_hit,single
Ppm1j_Heart_Any,chr3:104996901-104998861_chr3:105044183-105049589,enhancer_hit,
Ppm1j_Heart_Any,chr3:105011971-105025054_chr3:105035646-105037489,enhancer_hit,
Ppm1j_Heart_Any,chr3:105011971-105025054_chr3:105044183-105049589,enhancer_hit,
Ppm1j_Heart_Any,chr3:105035646-105037489_chr3:105044183-105049589,enhancer_hit,
Ppm1j_Heart_E11.5,chr3:104996901-104998861_chr3:105011971-105025054,enhancer_hit,single
Ppm1j_Heart_E11.5,chr3:104996901-104998861_chr3:105044183-105049589,enhancer_hit,
Ppm1j_Heart_E11.5,chr3:105011971-105025054_chr3:105035646-105037489,enhancer_hit,
Ppm1j_Heart_E11.5,chr3:105011971-105025054_chr3:105044183-105049589,enhancer_hit,
Ppm1j_Heart_E11.5,chr3:105035646-105037489_chr3:105044183-105049589,enhancer_hit,
Ppp1r13l_Heart_Any,chr7:19338029-19339029_chr7:19363715-19365679,enhancer_hit,single
Ppp1r13l_Heart_E11.5,chr7:19338029-19339029_chr7:19363715-19365679,enhancer_hit,single
Ppp1r14a_Forebrain_Any,chr7:29291819-29296622_chr7:29414762-29419339,enhancer_hit,single
Ppp1r14a_Forebrain_Any,chr7:29291819-29296622_chr7:29488618-29492759,enhancer_hit,single
Ppp1r14a_Forebrain_Any,chr7:29414762-29419339_chr7:29488618-29492759,enhancer_hit,single
Ppp1r14a_Forebrain_E11.5,chr7:29291819-29296622_chr7:29414762-29419339,enhancer_hit,single
Ppp1r14a_Forebrain_E11.5,chr7:29291819-29296622_chr7:29488618-29492759,enhancer_hit,single
Ppp1r14a_Forebrain_E11.5,chr7:29414762-29419339_chr7:29488618-29492759,enhancer_hit,single
Ppp1r14a_Limb_Any,chr7:29291819-29296622_chr7:29510420-29514799,enhancer_hit,single
Ppp1r3b_Heart_Any,chr8:35205021-35209621_chr8:35408505-35419033,enhancer_hit,
Ppp1r3b_Heart_E11.5,chr8:35205021-35209621_chr8:35408505-35419033,enhancer_hit,
Ppp1r3c_Forebrain_Any,chr19:36676217-36684343_chr19:36695527-36698472,enhancer_hit,single
Ppp1r3c_Forebrain_Any,chr19:36676217-36684343_chr19:36704471-36706769,enhancer_hit,single
Ppp1r3c_Forebrain_Any,chr19:36695527-36698472_chr19:36704471-36706769,enhancer_hit,
Ppp1r3c_Heart_Any,chr19:36109966-36113121_chr19:36695527-36698472,enhancer_hit,single
Ppp1r3c_Heart_Any,chr19:36662188-36665833_chr19:36676217-36684343,enhancer_hit,
Ppp1r3c_Heart_Any,chr19:36676217-36684343_chr19:36695527-36698472,enhancer_hit,single
Ppp1r3c_Heart_Any,chr19:36676217-36684343_chr19:36704471-36706769,enhancer_hit,single
Ppp1r3c_Heart_Any,chr19:36695527-36698472_chr19:36704471-36706769,enhancer_hit,
Ppp1r3c_Heart_E11.5,chr19:36662188-36665833_chr19:36676217-36684343,enhancer_hit,
Ppp1r3c_Heart_E11.5,chr19:36676217-36684343_chr19:36695527-36698472,enhancer_hit,single
Ppp1r3c_Heart_E11.5,chr19:36676217-36684343_chr19:36704471-36706769,enhancer_hit,single
Ppp1r3c_Heart_E11.5,chr19:36695527-36698472_chr19:36704471-36706769,enhancer_hit,
Ppp1r3c_Limb_Any,chr19:36676217-36684343_chr19:36704471-36706769,enhancer_hit,single
Ppp2r1b_Heart_Any,chr9:50810614-50814531_chr9:50852513-50854423,enhancer_hit,single
Ppp2r1b_Heart_E11.5,chr9:50810614-50814531_chr9:50852513-50854423,enhancer_hit,single
Ppp2r5a_Heart_Any,chr1:191479316-191481074_chr1:191591617-191593400,enhancer_hit,single
Ppt2_Heart_Any,chr17:34933752-34935438_chr17:35020952-35024820,enhancer_hit,single
Pptc7_Heart_Any,chr5:122290700-122293271_chr5:122494215-122499725,enhancer_hit,single
Pptc7_Heart_Any,chr5:122290700-122293271_chr5:122509288-122512286,enhancer_hit,single
Pptc7_Heart_Any,chr5:122290700-122293271_chr5:122600951-122603274,enhancer_hit,single
Pptc7_Heart_Any,chr5:122494215-122499725_chr5:122509288-122512286,enhancer_hit,single
Pptc7_Heart_Any,chr5:122494215-122499725_chr5:122600951-122603274,enhancer_hit,single
Pptc7_Heart_Any,chr5:122509288-122512286_chr5:122600951-122603274,enhancer_hit,double
Pptc7_Heart_E11.5,chr5:122494215-122499725_chr5:122509288-122512286,enhancer_hit,single
Pptc7_Heart_E11.5,chr5:122494215-122499725_chr5:122600951-122603274,enhancer_hit,single
Pptc7_Heart_E11.5,chr5:122509288-122512286_chr5:122600951-122603274,enhancer_hit,double
Prdm16_Forebrain_Any,chr4:154389371-154397690_chr4:154515866-154520837,enhancer_hit,single
Prdm16_Forebrain_E11.5,chr4:154389371-154397690_chr4:154515866-154520837,enhancer_hit,single
Prdm16_Heart_Any,chr4:154389371-154397690_chr4:154515866-154520837,enhancer_hit,single
Prdm16_Heart_Any,chr4:154496098-154513587_chr4:154525347-154529101,enhancer_hit,
Prdm16_Heart_E11.5,chr4:154389371-154397690_chr4:154515866-154520837,enhancer_hit,single
Prdm2_Forebrain_Any,chr4:142452375-142453597_chr4:143277763-143281087,enhancer_hit,single
Prdm2_Forebrain_E11.5,chr4:142452375-142453597_chr4:143277763-143281087,enhancer_hit,single
Prdm2_Limb_Any,chr4:142118006-142119634_chr4:142320859-142322351,enhancer_hit,single
Prickle1_Heart_Any,chr15:93587383-93593391_chr15:93931594-93934145,enhancer_hit,
Prickle1_Heart_Any,chr15:93931594-93934145_chr15:94023441-94027661,enhancer_hit,
Prickle1_Limb_Any,chr15:93587383-93593391_chr15:93931594-93934145,enhancer_hit,
Prickle1_Limb_Any,chr15:93931594-93934145_chr15:94023441-94027661,enhancer_hit,
Prkaa2_Heart_Any,chr4:105048091-105049091_chr4:106261871-106263695,enhancer_hit,
Prkaa2_Heart_Any,chr4:105070740-105072105_chr4:105097878-105102554,enhancer_hit,single
Prkaa2_Heart_Any,chr4:105070740-105072105_chr4:105104223-105106762,enhancer_hit,single
Prkaa2_Heart_Any,chr4:105097878-105102554_chr4:105104223-105106762,enhancer_hit,single
Prkaa2_Heart_Any,chr4:105097878-105102554_chr4:106261871-106263695,enhancer_hit,single
Prkce_Heart_Any,chr17:86252968-86255138_chr17:86966792-86969832,enhancer_hit,single
Prkch_Heart_Any,chr12:73764049-73766647_chr12:73800422-73803576,enhancer_hit,single
Prkch_Heart_E11.5,chr12:73764049-73766647_chr12:73800422-73803576,enhancer_hit,single
Prkd2_Heart_Any,chr7:15931080-15935596_chr7:16760068-16762370,enhancer_hit,double
Prkd2_Limb_Any,chr7:15931080-15935596_chr7:16760068-16762370,enhancer_hit,double
Prkd2_Limb_E11.5,chr7:15931080-15935596_chr7:16760068-16762370,enhancer_hit,double
Prox1_Heart_Any,chr1:189924863-189928448_chr1:190072779-190074102,enhancer_hit,single
Prox1_Heart_Any,chr1:189924863-189928448_chr1:190085229-190086687,enhancer_hit,single
Prox1_Heart_Any,chr1:189924863-189928448_chr1:190815937-190822577,enhancer_hit,
Prox1_Heart_Any,chr1:190085229-190086687_chr1:190122637-190132318,enhancer_hit,
Prox1_Heart_Any,chr1:190085229-190086687_chr1:190815937-190822577,enhancer_hit,
Prox1_Heart_Any,chr1:190122637-190132318_chr1:190823667-190824667,enhancer_hit,
Prox1_Heart_Any,chr1:190815937-190822577_chr1:190823667-190824667,enhancer_hit,
Prox1_Heart_E11.5,chr1:189924863-189928448_chr1:190072779-190074102,enhancer_hit,single
Prox1_Heart_E11.5,chr1:189924863-189928448_chr1:190085229-190086687,enhancer_hit,single
Prox1_Heart_E11.5,chr1:189924863-189928448_chr1:190815937-190822577,enhancer_hit,single
Prox1_Heart_E11.5,chr1:190085229-190086687_chr1:190122637-190132318,enhancer_hit,
Prox1_Heart_E11.5,chr1:190085229-190086687_chr1:190815937-190822577,enhancer_hit,single
Prr15_Heart_Any,chr6:54021015-54022297_chr6:54297441-54301233,enhancer_hit,
Prr15_Heart_E11.5,chr6:54021015-54022297_chr6:54297441-54301233,enhancer_hit,
Prrg4_Heart_Any,chr2:104464527-104472863_chr2:104481569-104482793,enhancer_hit,single
Prrx1_Heart_Any,chr1:162888078-162889078_chr1:163354746-163363169,enhancer_hit,
Prss35_Heart_Any,chr9:86736439-86737806_chr9:86898237-86900490,enhancer_hit,single
Prss57_Heart_Any,chr10:80662867-80667250_chr10:80691878-80699283,enhancer_hit,single
Prss57_Heart_Any,chr10:80662867-80667250_chr10:81127246-81130550,enhancer_hit,single
Prss57_Heart_Any,chr10:80662867-80667250_chr10:81296105-81300417,enhancer_hit,
Prss57_Heart_Any,chr10:80691878-80699283_chr10:81127246-81130550,enhancer_hit,single
Prss57_Heart_Any,chr10:80691878-80699283_chr10:81296105-81300417,enhancer_hit,
Prss57_Heart_E11.5,chr10:80662867-80667250_chr10:81296105-81300417,enhancer_hit,
Prss57_Limb_Any,chr10:80662867-80667250_chr10:81296105-81300417,enhancer_hit,
Psapl1_Heart_Any,chr5:35645801-35648636_chr5:36312635-36316369,enhancer_hit,
Psapl1_Limb_Any,chr5:35539998-35541785_chr5:35640802-35643286,enhancer_hit,single
Psen2_Heart_Any,chr1:180295649-180296676_chr1:180766169-180769335,enhancer_hit,
Psmb10_Heart_Any,chr8:105541672-105547676_chr8:105807324-105809248,enhancer_hit,single
Psmb10_Heart_Any,chr8:105541672-105547676_chr8:106074374-106076205,enhancer_hit,single
Psmb10_Heart_Any,chr8:105807324-105809248_chr8:106074374-106076205,enhancer_hit,single
Pstk_Heart_Any,chr7:130568560-130571565_chr7:130628066-130629692,enhancer_hit,single
Pstk_Heart_Any,chr7:130568560-130571565_chr7:130631311-130632749,enhancer_hit,single
Pstk_Heart_Any,chr7:130568560-130571565_chr7:130780387-130782012,enhancer_hit,
Pstk_Heart_Any,chr7:130568560-130571565_chr7:130877166-130878166,enhancer_hit,single
Pstk_Heart_Any,chr7:130568560-130571565_chr7:132626585-132628484,enhancer_hit,single
Pstk_Heart_Any,chr7:130628066-130629692_chr7:132626585-132628484,enhancer_hit,
Pstk_Heart_Any,chr7:130631311-130632749_chr7:130780387-130782012,enhancer_hit,
Pstk_Heart_Any,chr7:130631311-130632749_chr7:132626585-132628484,enhancer_hit,single
Pstk_Heart_Any,chr7:130652602-130658738_chr7:130661744-130663318,enhancer_hit,single
Pstk_Heart_Any,chr7:130780387-130782012_chr7:130877166-130878166,enhancer_hit,
Pstk_Heart_Any,chr7:130780387-130782012_chr7:132626585-132628484,enhancer_hit,
Pstk_Heart_Any,chr7:130877166-130878166_chr7:132626585-132628484,enhancer_hit,single
Pstk_Heart_Any,chr7:132626585-132628484_chr7:133033166-133038776,enhancer_hit,single
Ptafr_Heart_Any,chr4:132648119-132650391_chr4:133269208-133270395,enhancer_hit,single
Ptbp2_Forebrain_Any,chr3:117851152-117852571_chr3:119945730-119950866,enhancer_hit,
Ptch1_Forebrain_Any,chr13:63513534-63517743_chr13:63550558-63563020,enhancer_hit,
Ptch1_Forebrain_E11.5,chr13:63513534-63517743_chr13:63550558-63563020,enhancer_hit,
Ptges3l_Heart_Any,chr11:100385448-100395249_chr11:101129877-101131377,enhancer_hit,
Ptges3l_Heart_Any,chr11:100385448-100395249_chr11:101237097-101239171,enhancer_hit,single
Ptges3l_Heart_E11.5,chr11:100385448-100395249_chr11:101129877-101131377,enhancer_hit,
Ptges3l_Heart_E11.5,chr11:100385448-100395249_chr11:101237097-101239171,enhancer_hit,single
Ptges3l_Limb_Any,chr11:100385448-100395249_chr11:101237097-101239171,enhancer_hit,single
Ptges3l_Limb_E11.5,chr11:100385448-100395249_chr11:101237097-101239171,enhancer_hit,single
Ptgis_Forebrain_Any,chr2:165830119-165834626_chr2:165899450-165901658,enhancer_hit,double
Ptgis_Forebrain_Any,chr2:165830119-165834626_chr2:166028827-166032601,enhancer_hit,double
Ptgis_Forebrain_Any,chr2:165830119-165834626_chr2:166140121-166152785,enhancer_hit,
Ptgis_Forebrain_Any,chr2:165899450-165901658_chr2:165998533-166002862,enhancer_hit,double
Ptgis_Forebrain_Any,chr2:165899450-165901658_chr2:166140121-166152785,enhancer_hit,
Ptgis_Forebrain_Any,chr2:165998533-166002862_chr2:166140121-166152785,enhancer_hit,
Ptgis_Forebrain_Any,chr2:166028827-166032601_chr2:166140121-166152785,enhancer_hit,
Ptgis_Forebrain_E11.5,chr2:165899450-165901658_chr2:165998533-166002862,enhancer_hit,double
Ptgis_Forebrain_E11.5,chr2:165899450-165901658_chr2:166140121-166152785,enhancer_hit,
Ptgis_Forebrain_E11.5,chr2:165998533-166002862_chr2:166140121-166152785,enhancer_hit,
Ptgis_Forebrain_E11.5,chr2:166028827-166032601_chr2:166140121-166152785,enhancer_hit,
Ptgis_Heart_Any,chr2:165830119-165834626_chr2:165899450-165901658,enhancer_hit,double
Ptgis_Heart_Any,chr2:165830119-165834626_chr2:165913777-165915416,enhancer_hit,double
Ptgis_Heart_Any,chr2:165830119-165834626_chr2:166028827-166032601,enhancer_hit,double
Ptgis_Heart_Any,chr2:165830119-165834626_chr2:166122106-166123872,enhancer_hit,
Ptgis_Heart_Any,chr2:165830119-165834626_chr2:166140121-166152785,enhancer_hit,
Ptgis_Heart_Any,chr2:165830119-165834626_chr2:166462825-166464394,enhancer_hit,
Ptgis_Heart_Any,chr2:165830119-165834626_chr2:167248769-167253066,enhancer_hit,double
Ptgis_Heart_Any,chr2:165830119-165834626_chr2:167253939-167255146,enhancer_hit,single
Ptgis_Heart_Any,chr2:165830119-165834626_chr2:167267392-167268861,enhancer_hit,double
Ptgis_Heart_Any,chr2:165899450-165901658_chr2:165913777-165915416,enhancer_hit,double
Ptgis_Heart_Any,chr2:165899450-165901658_chr2:165998533-166002862,enhancer_hit,double
Ptgis_Heart_Any,chr2:165899450-165901658_chr2:166122106-166123872,enhancer_hit,single
Ptgis_Heart_Any,chr2:165899450-165901658_chr2:166140121-166152785,enhancer_hit,
Ptgis_Heart_Any,chr2:165899450-165901658_chr2:166202854-166204888,enhancer_hit,single
Ptgis_Heart_Any,chr2:165899450-165901658_chr2:167234043-167237254,enhancer_hit,single
Ptgis_Heart_Any,chr2:165899450-165901658_chr2:167248769-167253066,enhancer_hit,single
Ptgis_Heart_Any,chr2:165899450-165901658_chr2:167253939-167255146,enhancer_hit,single
Ptgis_Heart_Any,chr2:165899450-165901658_chr2:167267392-167268861,enhancer_hit,single
Ptgis_Heart_Any,chr2:165899450-165901658_chr2:167375235-167377055,enhancer_hit,single
Ptgis_Heart_Any,chr2:165899450-165901658_chr2:167383270-167384338,enhancer_hit,double
Ptgis_Heart_Any,chr2:165913777-165915416_chr2:166140121-166152785,enhancer_hit,single
Ptgis_Heart_Any,chr2:165913777-165915416_chr2:166202854-166204888,enhancer_hit,single
Ptgis_Heart_Any,chr2:165913777-165915416_chr2:167167445-167168867,enhancer_hit,single
Ptgis_Heart_Any,chr2:165913777-165915416_chr2:167234043-167237254,enhancer_hit,single
Ptgis_Heart_Any,chr2:165913777-165915416_chr2:167248769-167253066,enhancer_hit,single
Ptgis_Heart_Any,chr2:165913777-165915416_chr2:167253939-167255146,enhancer_hit,single
Ptgis_Heart_Any,chr2:165913777-165915416_chr2:167267392-167268861,enhancer_hit,double
Ptgis_Heart_Any,chr2:165913777-165915416_chr2:167375235-167377055,enhancer_hit,single
Ptgis_Heart_Any,chr2:165913777-165915416_chr2:167383270-167384338,enhancer_hit,double
Ptgis_Heart_Any,chr2:165998533-166002862_chr2:166140121-166152785,enhancer_hit,
Ptgis_Heart_Any,chr2:165998533-166002862_chr2:167167445-167168867,enhancer_hit,single
Ptgis_Heart_Any,chr2:165998533-166002862_chr2:167234043-167237254,enhancer_hit,single
Ptgis_Heart_Any,chr2:165998533-166002862_chr2:167248769-167253066,enhancer_hit,single
Ptgis_Heart_Any,chr2:166028827-166032601_chr2:166113785-166115254,enhancer_hit,single
Ptgis_Heart_Any,chr2:166028827-166032601_chr2:166140121-166152785,enhancer_hit,
Ptgis_Heart_Any,chr2:166028827-166032601_chr2:167253939-167255146,enhancer_hit,single
Ptgis_Heart_Any,chr2:166048223-166049818_chr2:166113785-166115254,enhancer_hit,
Ptgis_Heart_Any,chr2:166113785-166115254_chr2:166140121-166152785,enhancer_hit,
Ptgis_Heart_Any,chr2:166113785-166115254_chr2:166202854-166204888,enhancer_hit,single
Ptgis_Heart_Any,chr2:166113785-166115254_chr2:167167445-167168867,enhancer_hit,
Ptgis_Heart_Any,chr2:166113785-166115254_chr2:167173156-167175654,enhancer_hit,
Ptgis_Heart_Any,chr2:166113785-166115254_chr2:167253939-167255146,enhancer_hit,single
Ptgis_Heart_Any,chr2:166113785-166115254_chr2:167375235-167377055,enhancer_hit,
Ptgis_Heart_Any,chr2:166122106-166123872_chr2:166202854-166204888,enhancer_hit,
Ptgis_Heart_Any,chr2:166140121-166152785_chr2:166202854-166204888,enhancer_hit,
Ptgis_Heart_Any,chr2:166140121-166152785_chr2:166462825-166464394,enhancer_hit,
Ptgis_Heart_Any,chr2:166140121-166152785_chr2:167167445-167168867,enhancer_hit,
Ptgis_Heart_Any,chr2:166140121-166152785_chr2:167234043-167237254,enhancer_hit,
Ptgis_Heart_Any,chr2:166140121-166152785_chr2:167248769-167253066,enhancer_hit,
Ptgis_Heart_Any,chr2:166140121-166152785_chr2:167253939-167255146,enhancer_hit,single
Ptgis_Heart_Any,chr2:166140121-166152785_chr2:167267392-167268861,enhancer_hit,
Ptgis_Heart_Any,chr2:166140121-166152785_chr2:167375235-167377055,enhancer_hit,
Ptgis_Heart_Any,chr2:166140121-166152785_chr2:167383270-167384338,enhancer_hit,
Ptgis_Heart_Any,chr2:166202854-166204888_chr2:167167445-167168867,enhancer_hit,single
Ptgis_Heart_Any,chr2:166202854-166204888_chr2:167173156-167175654,enhancer_hit,
Ptgis_Heart_Any,chr2:166202854-166204888_chr2:167248769-167253066,enhancer_hit,
Ptgis_Heart_Any,chr2:166202854-166204888_chr2:167253939-167255146,enhancer_hit,single
Ptgis_Heart_Any,chr2:166202854-166204888_chr2:167375235-167377055,enhancer_hit,
Ptgis_Heart_Any,chr2:166462825-166464394_chr2:167253939-167255146,enhancer_hit,single
Ptgis_Heart_Any,chr2:167167445-167168867_chr2:167234043-167237254,enhancer_hit,
Ptgis_Heart_Any,chr2:167167445-167168867_chr2:167248769-167253066,enhancer_hit,single
Ptgis_Heart_Any,chr2:167167445-167168867_chr2:167375235-167377055,enhancer_hit,
Ptgis_Heart_Any,chr2:167173156-167175654_chr2:167375235-167377055,enhancer_hit,single
Ptgis_Heart_Any,chr2:167230121-167233041_chr2:167375235-167377055,enhancer_hit,single
Ptgis_Heart_Any,chr2:167234043-167237254_chr2:167248769-167253066,enhancer_hit,
Ptgis_Heart_Any,chr2:167234043-167237254_chr2:167383270-167384338,enhancer_hit,
Ptgis_Heart_Any,chr2:167248769-167253066_chr2:167253939-167255146,enhancer_hit,single
Ptgis_Heart_Any,chr2:167248769-167253066_chr2:167267392-167268861,enhancer_hit,single
Ptgis_Heart_Any,chr2:167248769-167253066_chr2:167383270-167384338,enhancer_hit,single
Ptgis_Heart_Any,chr2:167253939-167255146_chr2:167267392-167268861,enhancer_hit,single
Ptgis_Heart_Any,chr2:167253939-167255146_chr2:167375235-167377055,enhancer_hit,single
Ptgis_Heart_Any,chr2:167253939-167255146_chr2:167383270-167384338,enhancer_hit,single
Ptgis_Heart_E11.5,chr2:165830119-165834626_chr2:165899450-165901658,enhancer_hit,double
Ptgis_Heart_E11.5,chr2:165830119-165834626_chr2:165913777-165915416,enhancer_hit,double
Ptgis_Heart_E11.5,chr2:165830119-165834626_chr2:166028827-166032601,enhancer_hit,double
Ptgis_Heart_E11.5,chr2:165830119-165834626_chr2:166140121-166152785,enhancer_hit,
Ptgis_Heart_E11.5,chr2:165830119-165834626_chr2:167253939-167255146,enhancer_hit,single
Ptgis_Heart_E11.5,chr2:165830119-165834626_chr2:167267392-167268861,enhancer_hit,double
Ptgis_Heart_E11.5,chr2:165899450-165901658_chr2:165913777-165915416,enhancer_hit,double
Ptgis_Heart_E11.5,chr2:165899450-165901658_chr2:166140121-166152785,enhancer_hit,
Ptgis_Heart_E11.5,chr2:165899450-165901658_chr2:167234043-167237254,enhancer_hit,single
Ptgis_Heart_E11.5,chr2:165899450-165901658_chr2:167253939-167255146,enhancer_hit,single
Ptgis_Heart_E11.5,chr2:165899450-165901658_chr2:167267392-167268861,enhancer_hit,single
Ptgis_Heart_E11.5,chr2:165899450-165901658_chr2:167375235-167377055,enhancer_hit,single
Ptgis_Heart_E11.5,chr2:165913777-165915416_chr2:166140121-166152785,enhancer_hit,single
Ptgis_Heart_E11.5,chr2:165913777-165915416_chr2:167234043-167237254,enhancer_hit,single
Ptgis_Heart_E11.5,chr2:165913777-165915416_chr2:167253939-167255146,enhancer_hit,single
Ptgis_Heart_E11.5,chr2:165913777-165915416_chr2:167267392-167268861,enhancer_hit,double
Ptgis_Heart_E11.5,chr2:165913777-165915416_chr2:167375235-167377055,enhancer_hit,single
Ptgis_Heart_E11.5,chr2:166028827-166032601_chr2:166140121-166152785,enhancer_hit,
Ptgis_Heart_E11.5,chr2:166028827-166032601_chr2:167253939-167255146,enhancer_hit,single
Ptgis_Heart_E11.5,chr2:166140121-166152785_chr2:167234043-167237254,enhancer_hit,
Ptgis_Heart_E11.5,chr2:166140121-166152785_chr2:167253939-167255146,enhancer_hit,single
Ptgis_Heart_E11.5,chr2:166140121-166152785_chr2:167267392-167268861,enhancer_hit,
Ptgis_Heart_E11.5,chr2:166140121-166152785_chr2:167375235-167377055,enhancer_hit,
Ptgis_Heart_E11.5,chr2:167230121-167233041_chr2:167375235-167377055,enhancer_hit,single
Ptgis_Heart_E11.5,chr2:167253939-167255146_chr2:167267392-167268861,enhancer_hit,single
Ptgis_Heart_E11.5,chr2:167253939-167255146_chr2:167375235-167377055,enhancer_hit,single
Ptgis_Limb_Any,chr2:165830119-165834626_chr2:165899450-165901658,enhancer_hit,double
Ptgis_Limb_Any,chr2:165830119-165834626_chr2:166028827-166032601,enhancer_hit,double
Ptgis_Limb_Any,chr2:165830119-165834626_chr2:166140121-166152785,enhancer_hit,
Ptgis_Limb_Any,chr2:165830119-165834626_chr2:166462825-166464394,enhancer_hit,
Ptgis_Limb_Any,chr2:165830119-165834626_chr2:167248769-167253066,enhancer_hit,double
Ptgis_Limb_Any,chr2:165899450-165901658_chr2:165998533-166002862,enhancer_hit,double
Ptgis_Limb_Any,chr2:165899450-165901658_chr2:166140121-166152785,enhancer_hit,
Ptgis_Limb_Any,chr2:165899450-165901658_chr2:167234043-167237254,enhancer_hit,single
Ptgis_Limb_Any,chr2:165899450-165901658_chr2:167248769-167253066,enhancer_hit,double
Ptgis_Limb_Any,chr2:165998533-166002862_chr2:166140121-166152785,enhancer_hit,
Ptgis_Limb_Any,chr2:165998533-166002862_chr2:167234043-167237254,enhancer_hit,single
Ptgis_Limb_Any,chr2:165998533-166002862_chr2:167248769-167253066,enhancer_hit,double
Ptgis_Limb_Any,chr2:166028827-166032601_chr2:166140121-166152785,enhancer_hit,
Ptgis_Limb_Any,chr2:166140121-166152785_chr2:166462825-166464394,enhancer_hit,
Ptgis_Limb_Any,chr2:166140121-166152785_chr2:167234043-167237254,enhancer_hit,
Ptgis_Limb_Any,chr2:166140121-166152785_chr2:167248769-167253066,enhancer_hit,
Ptgis_Limb_Any,chr2:167234043-167237254_chr2:167248769-167253066,enhancer_hit,single
Ptgis_Limb_E11.5,chr2:165830119-165834626_chr2:165899450-165901658,enhancer_hit,double
Ptgis_Limb_E11.5,chr2:165830119-165834626_chr2:166028827-166032601,enhancer_hit,double
Ptgis_Limb_E11.5,chr2:165830119-165834626_chr2:166140121-166152785,enhancer_hit,
Ptgis_Limb_E11.5,chr2:165830119-165834626_chr2:167248769-167253066,enhancer_hit,double
Ptgis_Limb_E11.5,chr2:165899450-165901658_chr2:166140121-166152785,enhancer_hit,
Ptgis_Limb_E11.5,chr2:165899450-165901658_chr2:167234043-167237254,enhancer_hit,single
Ptgis_Limb_E11.5,chr2:165899450-165901658_chr2:167248769-167253066,enhancer_hit,double
Ptgis_Limb_E11.5,chr2:166028827-166032601_chr2:166140121-166152785,enhancer_hit,
Ptgis_Limb_E11.5,chr2:166140121-166152785_chr2:167234043-167237254,enhancer_hit,
Ptgis_Limb_E11.5,chr2:166140121-166152785_chr2:167248769-167253066,enhancer_hit,
Ptgis_Limb_E11.5,chr2:167234043-167237254_chr2:167248769-167253066,enhancer_hit,single
Ptk7_Forebrain_Any,chr17:46609189-46614588_chr17:46616100-46625320,enhancer_hit,single
Ptk7_Forebrain_Any,chr17:46609189-46614588_chr17:47177549-47180356,enhancer_hit,single
Ptk7_Forebrain_E11.5,chr17:46609189-46614588_chr17:46616100-46625320,enhancer_hit,single
Ptk7_Heart_Any,chr17:46591508-46596024_chr17:46609189-46614588,enhancer_hit,single
Ptk7_Heart_Any,chr17:46591508-46596024_chr17:46616100-46625320,enhancer_hit,
Ptk7_Heart_Any,chr17:46609189-46614588_chr17:46616100-46625320,enhancer_hit,single
Ptk7_Heart_E11.5,chr17:46591508-46596024_chr17:46609189-46614588,enhancer_hit,single
Ptk7_Heart_E11.5,chr17:46591508-46596024_chr17:46616100-46625320,enhancer_hit,
Ptk7_Heart_E11.5,chr17:46609189-46614588_chr17:46616100-46625320,enhancer_hit,single
Ptk7_Limb_Any,chr17:46591508-46596024_chr17:46609189-46614588,enhancer_hit,single
Ptk7_Limb_Any,chr17:46591508-46596024_chr17:46616100-46625320,enhancer_hit,
Ptk7_Limb_Any,chr17:46591508-46596024_chr17:47177549-47180356,enhancer_hit,single
Ptk7_Limb_Any,chr17:46609189-46614588_chr17:46616100-46625320,enhancer_hit,single
Ptk7_Limb_Any,chr17:46609189-46614588_chr17:47177549-47180356,enhancer_hit,single
Ptk7_Limb_E11.5,chr17:46591508-46596024_chr17:46609189-46614588,enhancer_hit,single
Ptk7_Limb_E11.5,chr17:46591508-46596024_chr17:46616100-46625320,enhancer_hit,
Ptk7_Limb_E11.5,chr17:46591508-46596024_chr17:47177549-47180356,enhancer_hit,single
Ptk7_Limb_E11.5,chr17:46609189-46614588_chr17:46616100-46625320,enhancer_hit,single
Ptk7_Limb_E11.5,chr17:46609189-46614588_chr17:47177549-47180356,enhancer_hit,single
Ptpn14_Heart_Any,chr1:189731029-189732897_chr1:189768178-189769178,enhancer_hit,single
Ptpn14_Heart_Any,chr1:189760167-189764590_chr1:189772209-189775828,enhancer_hit,
Ptpn14_Heart_Any,chr1:189760167-189764590_chr1:189872982-189880989,enhancer_hit,
Ptpn14_Heart_Any,chr1:189768178-189769178_chr1:189799017-189800286,enhancer_hit,
Ptpn14_Heart_Any,chr1:189782598-189783598_chr1:189872982-189880989,enhancer_hit,
Ptpn14_Heart_Any,chr1:189782598-189783598_chr1:189916144-189918237,enhancer_hit,
Ptpn14_Heart_Any,chr1:189799017-189800286_chr1:189897375-189901008,enhancer_hit,single
Ptpn14_Heart_E11.5,chr1:189768178-189769178_chr1:189799017-189800286,enhancer_hit,
Ptpn14_Heart_E11.5,chr1:189799017-189800286_chr1:189897375-189901008,enhancer_hit,single
Ptpn14_Limb_Any,chr1:189777170-189781092_chr1:189872982-189880989,enhancer_hit,
Ptpn21_Heart_Any,chr12:98682616-98685233_chr12:99355238-99358284,enhancer_hit,
Ptpn21_Heart_E11.5,chr12:98682616-98685233_chr12:99355238-99358284,enhancer_hit,
Ptprf_Limb_Any,chr4:118228420-118236088_chr4:118563746-118565387,enhancer_hit,single
Ptprm_Forebrain_Any,chr17:67302996-67305359_chr17:67510630-67516139,enhancer_hit,
Ptprs_Forebrain_Any,chr17:56405352-56410385_chr17:56486691-56489086,enhancer_hit,single
Ptprs_Forebrain_Any,chr17:56405352-56410385_chr17:56501882-56503402,enhancer_hit,single
Ptprs_Forebrain_Any,chr17:56405352-56410385_chr17:56506360-56509983,enhancer_hit,
Ptprs_Forebrain_Any,chr17:56405352-56410385_chr17:56514983-56517528,enhancer_hit,single
Ptprs_Forebrain_Any,chr17:56405352-56410385_chr17:56535149-56538932,enhancer_hit,single
Ptprs_Forebrain_Any,chr17:56466416-56473983_chr17:56501882-56503402,enhancer_hit,
Ptprs_Forebrain_Any,chr17:56466416-56473983_chr17:56506360-56509983,enhancer_hit,
Ptprs_Forebrain_Any,chr17:56486691-56489086_chr17:56506360-56509983,enhancer_hit,
Ptprs_Forebrain_Any,chr17:56486691-56489086_chr17:56535149-56538932,enhancer_hit,single
Ptprs_Forebrain_Any,chr17:56501882-56503402_chr17:56535149-56538932,enhancer_hit,single
Ptprs_Forebrain_E11.5,chr17:56466416-56473983_chr17:56501882-56503402,enhancer_hit,
Ptprs_Forebrain_E11.5,chr17:56466416-56473983_chr17:56506360-56509983,enhancer_hit,
Ptprs_Forebrain_E11.5,chr17:56486691-56489086_chr17:56506360-56509983,enhancer_hit,
Ptprs_Forebrain_E11.5,chr17:56486691-56489086_chr17:56535149-56538932,enhancer_hit,single
Ptprs_Forebrain_E11.5,chr17:56501882-56503402_chr17:56535149-56538932,enhancer_hit,single
Ptprs_Heart_Any,chr17:56466416-56473983_chr17:56506360-56509983,enhancer_hit,
Ptprs_Heart_E11.5,chr17:56466416-56473983_chr17:56506360-56509983,enhancer_hit,
Ptprs_Limb_Any,chr17:56466416-56473983_chr17:56506360-56509983,enhancer_hit,
Ptprs_Limb_Any,chr17:56486691-56489086_chr17:56506360-56509983,enhancer_hit,
Ptprz1_Forebrain_Any,chr6:22672967-22676149_chr6:22792504-22797401,enhancer_hit,
Ptprz1_Forebrain_E11.5,chr6:22672967-22676149_chr6:22792504-22797401,enhancer_hit,
Ptrf_Heart_Any,chr11:100959288-100968387_chr11:100978919-100980943,enhancer_hit,
Ptrf_Heart_E11.5,chr11:100959288-100968387_chr11:100978919-100980943,enhancer_hit,
Ptrhd1_Heart_Any,chr12:3827426-3828426_chr12:3866101-3874774,enhancer_hit,single
Ptrhd1_Heart_Any,chr12:3827426-3828426_chr12:3877810-3878810,enhancer_hit,single
Ptrhd1_Heart_Any,chr12:3866101-3874774_chr12:3877810-3878810,enhancer_hit,single
Pwwp2a_Forebrain_Any,chr11:43538727-43540359_chr11:43561830-43571859,enhancer_hit,single
Pwwp2a_Forebrain_E11.5,chr11:43538727-43540359_chr11:43561830-43571859,enhancer_hit,single
Pwwp2a_Heart_Any,chr11:43538727-43540359_chr11:43561830-43571859,enhancer_hit,single
Pwwp2a_Heart_E11.5,chr11:43538727-43540359_chr11:43561830-43571859,enhancer_hit,single
Pxmp4_Heart_Any,chr2:153356029-153357029_chr2:154388828-154392428,enhancer_hit,double
Pxmp4_Heart_Any,chr2:154353412-154354412_chr2:154388828-154392428,enhancer_hit,single
Pxmp4_Heart_E11.5,chr2:153356029-153357029_chr2:154388828-154392428,enhancer_hit,double
Pxn_Heart_Any,chr5:114666907-114667907_chr5:115509307-115510911,enhancer_hit,single
Pxn_Limb_Any,chr5:114666907-114667907_chr5:115509307-115510911,enhancer_hit,single
Pycr1_Forebrain_Any,chr11:120357252-120359033_chr11:120694573-120696674,enhancer_hit,single
Pycr1_Forebrain_E11.5,chr11:120357252-120359033_chr11:120694573-120696674,enhancer_hit,single
Pycr1_Heart_Any,chr11:120357252-120359033_chr11:120694573-120696674,enhancer_hit,single
Pycr1_Heart_E11.5,chr11:120357252-120359033_chr11:120694573-120696674,enhancer_hit,single
Pycr1_Limb_Any,chr11:120357252-120359033_chr11:120694573-120696674,enhancer_hit,single
Pycr1_Limb_E11.5,chr11:120357252-120359033_chr11:120694573-120696674,enhancer_hit,single
Pygl_Forebrain_Any,chr12:69499301-69503860_chr12:69756025-69760619,enhancer_hit,single
Pygl_Forebrain_E11.5,chr12:69499301-69503860_chr12:69756025-69760619,enhancer_hit,single
Pygl_Heart_Any,chr12:69421381-69425437_chr12:69494063-69498247,enhancer_hit,single
Pygl_Heart_Any,chr12:69421381-69425437_chr12:69499301-69503860,enhancer_hit,single
Pygl_Heart_Any,chr12:69450037-69452141_chr12:69494063-69498247,enhancer_hit,
Pygl_Heart_Any,chr12:69450037-69452141_chr12:69512589-69516919,enhancer_hit,
Pygl_Heart_Any,chr12:69450037-69452141_chr12:69573043-69576769,enhancer_hit,
Pygl_Heart_Any,chr12:69450037-69452141_chr12:69965972-69967323,enhancer_hit,
Pygl_Heart_Any,chr12:69494063-69498247_chr12:69512589-69516919,enhancer_hit,
Pygl_Heart_Any,chr12:69494063-69498247_chr12:69573043-69576769,enhancer_hit,single
Pygl_Heart_Any,chr12:69499301-69503860_chr12:69756025-69760619,enhancer_hit,single
Pygl_Heart_Any,chr12:69499301-69503860_chr12:70084254-70087351,enhancer_hit,single
Pygl_Heart_Any,chr12:69512589-69516919_chr12:69862729-69865321,enhancer_hit,single
Pygl_Heart_Any,chr12:69512589-69516919_chr12:69965972-69967323,enhancer_hit,
Pygl_Heart_Any,chr12:69573043-69576769_chr12:69756025-69760619,enhancer_hit,single
Pygl_Heart_E11.5,chr12:69421381-69425437_chr12:69499301-69503860,enhancer_hit,single
Pygl_Heart_E11.5,chr12:69499301-69503860_chr12:69756025-69760619,enhancer_hit,single
Pygl_Limb_Any,chr12:69450037-69452141_chr12:69494063-69498247,enhancer_hit,
Pygl_Limb_Any,chr12:69450037-69452141_chr12:69573043-69576769,enhancer_hit,
Pygl_Limb_Any,chr12:69494063-69498247_chr12:69573043-69576769,enhancer_hit,single
Pygl_Limb_Any,chr12:69499301-69503860_chr12:69756025-69760619,enhancer_hit,single
Pygl_Limb_Any,chr12:69573043-69576769_chr12:69756025-69760619,enhancer_hit,single
Qk_Forebrain_Any,chr17:10388386-10392188_chr17:10471874-10480686,enhancer_hit,
Qk_Forebrain_E11.5,chr17:10388386-10392188_chr17:10471874-10480686,enhancer_hit,
Qk_Heart_Any,chr17:10152668-10155413_chr17:10303697-10304818,enhancer_hit,single
Qk_Heart_Any,chr17:10303697-10304818_chr17:10373150-10375026,enhancer_hit,single
Qk_Heart_Any,chr17:10303697-10304818_chr17:10388386-10392188,enhancer_hit,single
Qk_Heart_Any,chr17:10332896-10338979_chr17:10358602-10367982,enhancer_hit,single
Qk_Heart_Any,chr17:10358602-10367982_chr17:10369634-10372351,enhancer_hit,single
Qk_Heart_Any,chr17:10358602-10367982_chr17:10388386-10392188,enhancer_hit,single
Qk_Heart_Any,chr17:10358602-10367982_chr17:10471874-10480686,enhancer_hit,
Qk_Heart_Any,chr17:10369634-10372351_chr17:10388386-10392188,enhancer_hit,single
Qk_Heart_Any,chr17:10369634-10372351_chr17:10448118-10453514,enhancer_hit,
Qk_Heart_Any,chr17:10373150-10375026_chr17:10388386-10392188,enhancer_hit,single
Qk_Heart_Any,chr17:10388386-10392188_chr17:10471874-10480686,enhancer_hit,
Qk_Heart_Any,chr17:9893670-9897134_chr17:10358602-10367982,enhancer_hit,
Qk_Heart_Any,chr17:9893670-9897134_chr17:10388386-10392188,enhancer_hit,single
Qk_Heart_Any,chr17:9893670-9897134_chr17:10471874-10480686,enhancer_hit,
Qk_Heart_E11.5,chr17:10332896-10338979_chr17:10358602-10367982,enhancer_hit,single
Qk_Heart_E11.5,chr17:10358602-10367982_chr17:10369634-10372351,enhancer_hit,single
Qk_Heart_E11.5,chr17:10358602-10367982_chr17:10388386-10392188,enhancer_hit,single
Qk_Heart_E11.5,chr17:10358602-10367982_chr17:10471874-10480686,enhancer_hit,
Qk_Heart_E11.5,chr17:10369634-10372351_chr17:10388386-10392188,enhancer_hit,single
Qk_Heart_E11.5,chr17:10369634-10372351_chr17:10448118-10453514,enhancer_hit,
Qk_Heart_E11.5,chr17:10373150-10375026_chr17:10388386-10392188,enhancer_hit,single
Qk_Heart_E11.5,chr17:10388386-10392188_chr17:10471874-10480686,enhancer_hit,
Qk_Heart_E11.5,chr17:9893670-9897134_chr17:10358602-10367982,enhancer_hit,
Qk_Heart_E11.5,chr17:9893670-9897134_chr17:10388386-10392188,enhancer_hit,single
Qk_Heart_E11.5,chr17:9893670-9897134_chr17:10471874-10480686,enhancer_hit,
Qk_Limb_Any,chr17:10388386-10392188_chr17:10471874-10480686,enhancer_hit,
Qk_Limb_Any,chr17:9893670-9897134_chr17:10388386-10392188,enhancer_hit,single
Qk_Limb_Any,chr17:9893670-9897134_chr17:10471874-10480686,enhancer_hit,
Qk_Limb_E11.5,chr17:10388386-10392188_chr17:10471874-10480686,enhancer_hit,
Qk_Limb_E11.5,chr17:9893670-9897134_chr17:10388386-10392188,enhancer_hit,single
Qk_Limb_E11.5,chr17:9893670-9897134_chr17:10471874-10480686,enhancer_hit,
Rab12_Heart_Any,chr17:65570777-65573288_chr17:65697401-65703236,enhancer_hit,single
Rab12_Heart_Any,chr17:65697401-65703236_chr17:66503279-66505474,enhancer_hit,single
Rab20_Heart_Any,chr8:11456720-11465370_chr8:11468950-11475428,enhancer_hit,single
Rab20_Heart_Any,chr8:11456720-11465370_chr8:11481478-11483581,enhancer_hit,single
Rab20_Heart_Any,chr8:11468950-11475428_chr8:11481478-11483581,enhancer_hit,single
Rab20_Heart_E11.5,chr8:11456720-11465370_chr8:11468950-11475428,enhancer_hit,single
Rab20_Heart_E11.5,chr8:11456720-11465370_chr8:11481478-11483581,enhancer_hit,single
Rab20_Heart_E11.5,chr8:11468950-11475428_chr8:11481478-11483581,enhancer_hit,single
Rab3c_Forebrain_Any,chr13:110114547-110116689_chr13:110144072-110146316,enhancer_hit,single
Rab3c_Forebrain_Any,chr13:110114547-110116689_chr13:110166011-110170809,enhancer_hit,single
Rad51b_Forebrain_Any,chr12:79795729-79799687_chr12:79837116-79861597,enhancer_hit,single
Rad51b_Forebrain_E11.5,chr12:79795729-79799687_chr12:79837116-79861597,enhancer_hit,single
Rad51b_Heart_Any,chr12:79795729-79799687_chr12:79837116-79861597,enhancer_hit,single
Rad51b_Limb_Any,chr12:79795729-79799687_chr12:79837116-79861597,enhancer_hit,single
Rai14_Forebrain_Any,chr15:10622909-10630849_chr15:10631516-10636269,enhancer_hit,single
Rai14_Forebrain_E11.5,chr15:10622909-10630849_chr15:10631516-10636269,enhancer_hit,single
Rai14_Limb_Any,chr15:10622909-10630849_chr15:10631516-10636269,enhancer_hit,
Rai14_Limb_E11.5,chr15:10622909-10630849_chr15:10631516-10636269,enhancer_hit,
Rai1_Forebrain_Any,chr11:60027420-60030793_chr11:60164036-60166748,enhancer_hit,
Rai1_Forebrain_Any,chr11:60027420-60030793_chr11:60288139-60291462,enhancer_hit,single
Rai1_Forebrain_Any,chr11:60027420-60030793_chr11:60307006-60313505,enhancer_hit,single
Rai1_Forebrain_Any,chr11:60092581-60096158_chr11:60307006-60313505,enhancer_hit,single
Rai1_Forebrain_Any,chr11:60164036-60166748_chr11:60288139-60291462,enhancer_hit,
Rai1_Forebrain_Any,chr11:60164036-60166748_chr11:60307006-60313505,enhancer_hit,
Rai1_Forebrain_Any,chr11:60288139-60291462_chr11:60307006-60313505,enhancer_hit,single
Rai1_Forebrain_E11.5,chr11:60092581-60096158_chr11:60307006-60313505,enhancer_hit,single
Rai1_Heart_Any,chr11:60164036-60166748_chr11:60307006-60313505,enhancer_hit,
Rai1_Limb_Any,chr11:60027420-60030793_chr11:60307006-60313505,enhancer_hit,single
Ralb_Heart_Any,chr1:118444907-118447052_chr1:118507416-118512337,enhancer_hit,
Ralb_Heart_Any,chr1:118507416-118512337_chr1:118975979-118977621,enhancer_hit,
Ralb_Heart_Any,chr1:118737292-118738292_chr1:119491616-119493463,enhancer_hit,single
Ralb_Heart_Any,chr1:118975979-118977621_chr1:119827212-119829423,enhancer_hit,single
Rarg_Heart_Any,chr15:102240622-102244000_chr15:102249000-102253054,enhancer_hit,single
Rarg_Heart_Any,chr15:102240622-102244000_chr15:102376379-102378912,enhancer_hit,single
Rarg_Limb_Any,chr15:102240622-102244000_chr15:102249000-102253054,enhancer_hit,single
Rarg_Limb_Any,chr15:102240622-102244000_chr15:102261470-102263761,enhancer_hit,single
Rarg_Limb_Any,chr15:102240622-102244000_chr15:102376379-102378912,enhancer_hit,single
Rarg_Limb_Any,chr15:102249000-102253054_chr15:102261470-102263761,enhancer_hit,single
Rarg_Limb_E11.5,chr15:102240622-102244000_chr15:102249000-102253054,enhancer_hit,single
Rarg_Limb_E11.5,chr15:102240622-102244000_chr15:102376379-102378912,enhancer_hit,single
Rasd1_Heart_Any,chr11:59900873-59903548_chr11:60357395-60361625,enhancer_hit,
Rasgrp3_Heart_Any,chr17:74841956-74843139_chr17:74865464-74873421,enhancer_hit,single
Rasgrp3_Heart_Any,chr17:74841956-74843139_chr17:75070496-75076167,enhancer_hit,
Rasgrp3_Heart_Any,chr17:74865464-74873421_chr17:75070496-75076167,enhancer_hit,
Rasgrp3_Heart_E11.5,chr17:74865464-74873421_chr17:75070496-75076167,enhancer_hit,
Rasgrp3_Limb_Any,chr17:74865464-74873421_chr17:75070496-75076167,enhancer_hit,
Rasl11b_Heart_Any,chr5:73688173-73690663_chr5:73700646-73703592,enhancer_hit,
Rasl11b_Heart_Any,chr5:73688173-73690663_chr5:74146305-74150421,enhancer_hit,
Rasl11b_Heart_Any,chr5:73688173-73690663_chr5:74171366-74177113,enhancer_hit,
Rasl11b_Heart_Any,chr5:73688173-73690663_chr5:74205012-74209665,enhancer_hit,
Rasl11b_Heart_Any,chr5:73700646-73703592_chr5:74048165-74049851,enhancer_hit,single
Rasl11b_Heart_Any,chr5:73700646-73703592_chr5:74126017-74127401,enhancer_hit,
Rasl11b_Heart_Any,chr5:73700646-73703592_chr5:74146305-74150421,enhancer_hit,
Rasl11b_Heart_Any,chr5:73700646-73703592_chr5:74158132-74164536,enhancer_hit,single
Rasl11b_Heart_Any,chr5:73700646-73703592_chr5:74171366-74177113,enhancer_hit,single
Rasl11b_Heart_Any,chr5:73700646-73703592_chr5:74205012-74209665,enhancer_hit,
Rasl11b_Heart_Any,chr5:73752619-73754301_chr5:74255891-74257903,enhancer_hit,
Rasl11b_Heart_Any,chr5:74048165-74049851_chr5:74205012-74209665,enhancer_hit,
Rasl11b_Heart_Any,chr5:74051106-74052864_chr5:74146305-74150421,enhancer_hit,
Rasl11b_Heart_Any,chr5:74126017-74127401_chr5:74171366-74177113,enhancer_hit,
Rasl11b_Heart_E11.5,chr5:73688173-73690663_chr5:74146305-74150421,enhancer_hit,
Rasl11b_Heart_E11.5,chr5:73688173-73690663_chr5:74171366-74177113,enhancer_hit,
Rasl11b_Heart_E11.5,chr5:73688173-73690663_chr5:74205012-74209665,enhancer_hit,
Rasl11b_Heart_E11.5,chr5:74051106-74052864_chr5:74146305-74150421,enhancer_hit,
Rasl11b_Heart_E11.5,chr5:74126017-74127401_chr5:74171366-74177113,enhancer_hit,
Rasl11b_Limb_Any,chr5:73688173-73690663_chr5:73700646-73703592,enhancer_hit,
Rasl11b_Limb_Any,chr5:73688173-73690663_chr5:74171366-74177113,enhancer_hit,
Rasl11b_Limb_Any,chr5:73688173-73690663_chr5:74205012-74209665,enhancer_hit,
Rasl11b_Limb_Any,chr5:73700646-73703592_chr5:74126017-74127401,enhancer_hit,
Rasl11b_Limb_Any,chr5:73700646-73703592_chr5:74158132-74164536,enhancer_hit,single
Rasl11b_Limb_Any,chr5:73700646-73703592_chr5:74171366-74177113,enhancer_hit,single
Rasl11b_Limb_Any,chr5:73700646-73703592_chr5:74205012-74209665,enhancer_hit,
Rasl11b_Limb_Any,chr5:74126017-74127401_chr5:74171366-74177113,enhancer_hit,
Rasl11b_Limb_E11.5,chr5:74126017-74127401_chr5:74171366-74177113,enhancer_hit,
Rassf3_Heart_Any,chr10:121438818-121442228_chr10:121495969-121501848,enhancer_hit,single
Raver2_Limb_Any,chr4:100926473-100927620_chr4:100962189-100963189,enhancer_hit,single
Rbfox2_Forebrain_Any,chr15:76986289-76988740_chr15:77012167-77020227,enhancer_hit,
Rbfox2_Forebrain_Any,chr15:76986289-76988740_chr15:77362259-77369025,enhancer_hit,double
Rbfox2_Forebrain_Any,chr15:76993952-76995252_chr15:77012167-77020227,enhancer_hit,
Rbfox2_Forebrain_Any,chr15:76993952-76995252_chr15:77362259-77369025,enhancer_hit,single
Rbfox2_Forebrain_Any,chr15:77012167-77020227_chr15:77362259-77369025,enhancer_hit,
Rbfox2_Forebrain_Any,chr15:77353852-77360268_chr15:77362259-77369025,enhancer_hit,single
Rbfox2_Heart_Any,chr15:77012167-77020227_chr15:77362259-77369025,enhancer_hit,
Rbfox2_Heart_Any,chr15:77026806-77031598_chr15:77362259-77369025,enhancer_hit,single
Rbfox2_Heart_Any,chr15:77353852-77360268_chr15:77362259-77369025,enhancer_hit,single
Rbfox2_Heart_E11.5,chr15:77012167-77020227_chr15:77362259-77369025,enhancer_hit,
Rbfox2_Heart_E11.5,chr15:77026806-77031598_chr15:77362259-77369025,enhancer_hit,single
Rbfox2_Heart_E11.5,chr15:77353852-77360268_chr15:77362259-77369025,enhancer_hit,single
Rbfox2_Limb_Any,chr15:77012167-77020227_chr15:77362259-77369025,enhancer_hit,
Rbfox2_Limb_Any,chr15:77026806-77031598_chr15:77362259-77369025,enhancer_hit,single
Rbfox2_Limb_Any,chr15:77353852-77360268_chr15:77362259-77369025,enhancer_hit,single
Rbfox2_Limb_E11.5,chr15:77012167-77020227_chr15:77362259-77369025,enhancer_hit,
Rbfox2_Limb_E11.5,chr15:77026806-77031598_chr15:77362259-77369025,enhancer_hit,single
Rbfox2_Limb_E11.5,chr15:77353852-77360268_chr15:77362259-77369025,enhancer_hit,single
Rbfox3_Forebrain_Any,chr11:118757028-118758028_chr11:118768517-118774397,enhancer_hit,
Rbfox3_Forebrain_Any,chr11:118768517-118774397_chr11:118780948-118782780,enhancer_hit,single
Rbms1_Heart_Any,chr2:60870297-60872979_chr2:60918003-60920853,enhancer_hit,single
Rbms1_Heart_E11.5,chr2:60870297-60872979_chr2:60918003-60920853,enhancer_hit,single
Rbms3_Heart_Any,chr9:117160618-117164294_chr9:117191140-117194003,enhancer_hit,single
Rbms3_Heart_E11.5,chr9:117160618-117164294_chr9:117191140-117194003,enhancer_hit,single
Rbms3_Limb_Any,chr9:117160618-117164294_chr9:117191140-117194003,enhancer_hit,single
Rbms3_Limb_Any,chr9:117191140-117194003_chr9:117553873-117555368,enhancer_hit,single
Rbms3_Limb_E11.5,chr9:117191140-117194003_chr9:117553873-117555368,enhancer_hit,single
Rbp7_Heart_Any,chr4:149391586-149394606_chr4:149441901-149442901,enhancer_hit,single
Rbp7_Heart_Any,chr4:149391586-149394606_chr4:149524713-149530836,enhancer_hit,single
Rbp7_Heart_Any,chr4:149395136-149404607_chr4:149441901-149442901,enhancer_hit,single
Rbp7_Heart_Any,chr4:149395136-149404607_chr4:149524713-149530836,enhancer_hit,single
Rbp7_Heart_Any,chr4:149441901-149442901_chr4:149524713-149530836,enhancer_hit,double
Rbp7_Heart_E11.5,chr4:149395136-149404607_chr4:149524713-149530836,enhancer_hit,single
Rbp7_Limb_Any,chr4:149395136-149404607_chr4:149441901-149442901,enhancer_hit,single
Rbp7_Limb_Any,chr4:149395136-149404607_chr4:149524713-149530836,enhancer_hit,single
Rbp7_Limb_Any,chr4:149395136-149404607_chr4:149570290-149573977,enhancer_hit,single
Rbp7_Limb_Any,chr4:149441901-149442901_chr4:149524713-149530836,enhancer_hit,double
Rbp7_Limb_Any,chr4:149441901-149442901_chr4:149570290-149573977,enhancer_hit,single
Rbp7_Limb_Any,chr4:149524713-149530836_chr4:149570290-149573977,enhancer_hit,single
Rbp7_Limb_E11.5,chr4:149395136-149404607_chr4:149524713-149530836,enhancer_hit,single
Rbpms2_Heart_Any,chr9:65247773-65248773_chr9:65611647-65613821,enhancer_hit,double
Rbpms2_Heart_Any,chr9:65247773-65248773_chr9:65638058-65643033,enhancer_hit,double
Rbpms2_Heart_Any,chr9:65247773-65248773_chr9:65644300-65647577,enhancer_hit,double
Rbpms2_Heart_Any,chr9:65611647-65613821_chr9:65638058-65643033,enhancer_hit,single
Rbpms2_Heart_Any,chr9:65611647-65613821_chr9:65644300-65647577,enhancer_hit,single
Rbpms2_Heart_Any,chr9:65638058-65643033_chr9:65644300-65647577,enhancer_hit,single
Rbpms2_Heart_E11.5,chr9:65611647-65613821_chr9:65638058-65643033,enhancer_hit,single
Rbpms2_Heart_E11.5,chr9:65611647-65613821_chr9:65644300-65647577,enhancer_hit,single
Rbpms2_Heart_E11.5,chr9:65638058-65643033_chr9:65644300-65647577,enhancer_hit,single
Rbpms_Forebrain_Any,chr8:33782811-33802300_chr8:33822777-33843964,enhancer_hit,single
Rbpms_Heart_Any,chr8:33772696-33773723_chr8:33774899-33779390,enhancer_hit,single
Rbpms_Heart_Any,chr8:33772696-33773723_chr8:33782811-33802300,enhancer_hit,
Rbpms_Heart_Any,chr8:33772696-33773723_chr8:33803774-33810702,enhancer_hit,single
Rbpms_Heart_Any,chr8:33772696-33773723_chr8:33815702-33821355,enhancer_hit,single
Rbpms_Heart_Any,chr8:33772696-33773723_chr8:33822777-33843964,enhancer_hit,single
Rbpms_Heart_Any,chr8:33772696-33773723_chr8:33852337-33859192,enhancer_hit,single
Rbpms_Heart_Any,chr8:33772696-33773723_chr8:33862972-33864003,enhancer_hit,single
Rbpms_Heart_Any,chr8:33772696-33773723_chr8:33872786-33883247,enhancer_hit,single
Rbpms_Heart_Any,chr8:33772696-33773723_chr8:33888247-33893031,enhancer_hit,single
Rbpms_Heart_Any,chr8:33772696-33773723_chr8:33894802-33911630,enhancer_hit,single
Rbpms_Heart_Any,chr8:33772696-33773723_chr8:33912351-33921572,enhancer_hit,single
Rbpms_Heart_Any,chr8:33772696-33773723_chr8:33922534-33927305,enhancer_hit,single
Rbpms_Heart_Any,chr8:33774899-33779390_chr8:33822777-33843964,enhancer_hit,single
Rbpms_Heart_Any,chr8:33782811-33802300_chr8:33803774-33810702,enhancer_hit,single
Rbpms_Heart_Any,chr8:33782811-33802300_chr8:33815702-33821355,enhancer_hit,single
Rbpms_Heart_Any,chr8:33782811-33802300_chr8:33822777-33843964,enhancer_hit,single
Rbpms_Heart_Any,chr8:33782811-33802300_chr8:33852337-33859192,enhancer_hit,
Rbpms_Heart_Any,chr8:33782811-33802300_chr8:33862972-33864003,enhancer_hit,
Rbpms_Heart_Any,chr8:33782811-33802300_chr8:33872786-33883247,enhancer_hit,
Rbpms_Heart_Any,chr8:33782811-33802300_chr8:33888247-33893031,enhancer_hit,single
Rbpms_Heart_Any,chr8:33782811-33802300_chr8:33894802-33911630,enhancer_hit,single
Rbpms_Heart_Any,chr8:33782811-33802300_chr8:33912351-33921572,enhancer_hit,single
Rbpms_Heart_Any,chr8:33782811-33802300_chr8:33922534-33927305,enhancer_hit,single
Rbpms_Heart_Any,chr8:33803774-33810702_chr8:33815702-33821355,enhancer_hit,single
Rbpms_Heart_Any,chr8:33803774-33810702_chr8:33822777-33843964,enhancer_hit,single
Rbpms_Heart_Any,chr8:33803774-33810702_chr8:33848150-33850758,enhancer_hit,single
Rbpms_Heart_Any,chr8:33803774-33810702_chr8:33852337-33859192,enhancer_hit,single
Rbpms_Heart_Any,chr8:33803774-33810702_chr8:33862972-33864003,enhancer_hit,
Rbpms_Heart_Any,chr8:33803774-33810702_chr8:33872786-33883247,enhancer_hit,
Rbpms_Heart_Any,chr8:33803774-33810702_chr8:33888247-33893031,enhancer_hit,single
Rbpms_Heart_Any,chr8:33803774-33810702_chr8:33894802-33911630,enhancer_hit,single
Rbpms_Heart_Any,chr8:33803774-33810702_chr8:33912351-33921572,enhancer_hit,single
Rbpms_Heart_Any,chr8:33803774-33810702_chr8:33922534-33927305,enhancer_hit,single
Rbpms_Heart_Any,chr8:33815702-33821355_chr8:33822777-33843964,enhancer_hit,single
Rbpms_Heart_Any,chr8:33815702-33821355_chr8:33848150-33850758,enhancer_hit,single
Rbpms_Heart_Any,chr8:33815702-33821355_chr8:33852337-33859192,enhancer_hit,single
Rbpms_Heart_Any,chr8:33815702-33821355_chr8:33862972-33864003,enhancer_hit,single
Rbpms_Heart_Any,chr8:33815702-33821355_chr8:33872786-33883247,enhancer_hit,single
Rbpms_Heart_Any,chr8:33815702-33821355_chr8:33888247-33893031,enhancer_hit,single
Rbpms_Heart_Any,chr8:33815702-33821355_chr8:33894802-33911630,enhancer_hit,double
Rbpms_Heart_Any,chr8:33815702-33821355_chr8:33912351-33921572,enhancer_hit,single
Rbpms_Heart_Any,chr8:33815702-33821355_chr8:33922534-33927305,enhancer_hit,single
Rbpms_Heart_Any,chr8:33822777-33843964_chr8:33848150-33850758,enhancer_hit,single
Rbpms_Heart_Any,chr8:33822777-33843964_chr8:33852337-33859192,enhancer_hit,single
Rbpms_Heart_Any,chr8:33822777-33843964_chr8:33862972-33864003,enhancer_hit,single
Rbpms_Heart_Any,chr8:33822777-33843964_chr8:33868682-33872243,enhancer_hit,single
Rbpms_Heart_Any,chr8:33822777-33843964_chr8:33872786-33883247,enhancer_hit,single
Rbpms_Heart_Any,chr8:33822777-33843964_chr8:33888247-33893031,enhancer_hit,single
Rbpms_Heart_Any,chr8:33822777-33843964_chr8:33894802-33911630,enhancer_hit,double
Rbpms_Heart_Any,chr8:33822777-33843964_chr8:33912351-33921572,enhancer_hit,single
Rbpms_Heart_Any,chr8:33822777-33843964_chr8:33922534-33927305,enhancer_hit,single
Rbpms_Heart_Any,chr8:33848150-33850758_chr8:33852337-33859192,enhancer_hit,
Rbpms_Heart_Any,chr8:33848150-33850758_chr8:33872786-33883247,enhancer_hit,single
Rbpms_Heart_Any,chr8:33848150-33850758_chr8:33888247-33893031,enhancer_hit,single
Rbpms_Heart_Any,chr8:33848150-33850758_chr8:33894802-33911630,enhancer_hit,single
Rbpms_Heart_Any,chr8:33848150-33850758_chr8:33912351-33921572,enhancer_hit,single
Rbpms_Heart_Any,chr8:33848150-33850758_chr8:33922534-33927305,enhancer_hit,single
Rbpms_Heart_Any,chr8:33852337-33859192_chr8:33862972-33864003,enhancer_hit,single
Rbpms_Heart_Any,chr8:33852337-33859192_chr8:33872786-33883247,enhancer_hit,
Rbpms_Heart_Any,chr8:33852337-33859192_chr8:33888247-33893031,enhancer_hit,single
Rbpms_Heart_Any,chr8:33852337-33859192_chr8:33894802-33911630,enhancer_hit,single
Rbpms_Heart_Any,chr8:33852337-33859192_chr8:33912351-33921572,enhancer_hit,single
Rbpms_Heart_Any,chr8:33852337-33859192_chr8:33922534-33927305,enhancer_hit,single
Rbpms_Heart_Any,chr8:33862972-33864003_chr8:33872786-33883247,enhancer_hit,
Rbpms_Heart_Any,chr8:33862972-33864003_chr8:33888247-33893031,enhancer_hit,single
Rbpms_Heart_Any,chr8:33862972-33864003_chr8:33894802-33911630,enhancer_hit,single
Rbpms_Heart_Any,chr8:33862972-33864003_chr8:33912351-33921572,enhancer_hit,single
Rbpms_Heart_Any,chr8:33862972-33864003_chr8:33922534-33927305,enhancer_hit,
Rbpms_Heart_Any,chr8:33868682-33872243_chr8:33872786-33883247,enhancer_hit,
Rbpms_Heart_Any,chr8:33868682-33872243_chr8:33894802-33911630,enhancer_hit,single
Rbpms_Heart_Any,chr8:33872786-33883247_chr8:33888247-33893031,enhancer_hit,single
Rbpms_Heart_Any,chr8:33872786-33883247_chr8:33894802-33911630,enhancer_hit,single
Rbpms_Heart_Any,chr8:33872786-33883247_chr8:33912351-33921572,enhancer_hit,single
Rbpms_Heart_Any,chr8:33872786-33883247_chr8:33922534-33927305,enhancer_hit,
Rbpms_Heart_Any,chr8:33888247-33893031_chr8:33894802-33911630,enhancer_hit,single
Rbpms_Heart_Any,chr8:33888247-33893031_chr8:33912351-33921572,enhancer_hit,single
Rbpms_Heart_Any,chr8:33888247-33893031_chr8:33922534-33927305,enhancer_hit,single
Rbpms_Heart_Any,chr8:33894802-33911630_chr8:33912351-33921572,enhancer_hit,single
Rbpms_Heart_Any,chr8:33894802-33911630_chr8:33922534-33927305,enhancer_hit,single
Rbpms_Heart_Any,chr8:33912351-33921572_chr8:33922534-33927305,enhancer_hit,single
Rbpms_Heart_E11.5,chr8:33782811-33802300_chr8:33803774-33810702,enhancer_hit,single
Rbpms_Heart_E11.5,chr8:33782811-33802300_chr8:33822777-33843964,enhancer_hit,single
Rbpms_Heart_E11.5,chr8:33782811-33802300_chr8:33852337-33859192,enhancer_hit,
Rbpms_Heart_E11.5,chr8:33782811-33802300_chr8:33862972-33864003,enhancer_hit,
Rbpms_Heart_E11.5,chr8:33782811-33802300_chr8:33872786-33883247,enhancer_hit,
Rbpms_Heart_E11.5,chr8:33782811-33802300_chr8:33888247-33893031,enhancer_hit,single
Rbpms_Heart_E11.5,chr8:33782811-33802300_chr8:33894802-33911630,enhancer_hit,single
Rbpms_Heart_E11.5,chr8:33782811-33802300_chr8:33912351-33921572,enhancer_hit,single
Rbpms_Heart_E11.5,chr8:33782811-33802300_chr8:33922534-33927305,enhancer_hit,
Rbpms_Heart_E11.5,chr8:33803774-33810702_chr8:33822777-33843964,enhancer_hit,single
Rbpms_Heart_E11.5,chr8:33803774-33810702_chr8:33848150-33850758,enhancer_hit,single
Rbpms_Heart_E11.5,chr8:33803774-33810702_chr8:33852337-33859192,enhancer_hit,single
Rbpms_Heart_E11.5,chr8:33803774-33810702_chr8:33862972-33864003,enhancer_hit,
Rbpms_Heart_E11.5,chr8:33803774-33810702_chr8:33872786-33883247,enhancer_hit,
Rbpms_Heart_E11.5,chr8:33803774-33810702_chr8:33888247-33893031,enhancer_hit,single
Rbpms_Heart_E11.5,chr8:33803774-33810702_chr8:33894802-33911630,enhancer_hit,single
Rbpms_Heart_E11.5,chr8:33803774-33810702_chr8:33912351-33921572,enhancer_hit,single
Rbpms_Heart_E11.5,chr8:33803774-33810702_chr8:33922534-33927305,enhancer_hit,single
Rbpms_Heart_E11.5,chr8:33822777-33843964_chr8:33848150-33850758,enhancer_hit,single
Rbpms_Heart_E11.5,chr8:33822777-33843964_chr8:33852337-33859192,enhancer_hit,single
Rbpms_Heart_E11.5,chr8:33822777-33843964_chr8:33862972-33864003,enhancer_hit,single
Rbpms_Heart_E11.5,chr8:33822777-33843964_chr8:33868682-33872243,enhancer_hit,single
Rbpms_Heart_E11.5,chr8:33822777-33843964_chr8:33872786-33883247,enhancer_hit,single
Rbpms_Heart_E11.5,chr8:33822777-33843964_chr8:33888247-33893031,enhancer_hit,single
Rbpms_Heart_E11.5,chr8:33822777-33843964_chr8:33894802-33911630,enhancer_hit,double
Rbpms_Heart_E11.5,chr8:33822777-33843964_chr8:33912351-33921572,enhancer_hit,single
Rbpms_Heart_E11.5,chr8:33822777-33843964_chr8:33922534-33927305,enhancer_hit,single
Rbpms_Heart_E11.5,chr8:33848150-33850758_chr8:33852337-33859192,enhancer_hit,
Rbpms_Heart_E11.5,chr8:33848150-33850758_chr8:33872786-33883247,enhancer_hit,single
Rbpms_Heart_E11.5,chr8:33848150-33850758_chr8:33888247-33893031,enhancer_hit,single
Rbpms_Heart_E11.5,chr8:33848150-33850758_chr8:33894802-33911630,enhancer_hit,single
Rbpms_Heart_E11.5,chr8:33848150-33850758_chr8:33912351-33921572,enhancer_hit,single
Rbpms_Heart_E11.5,chr8:33848150-33850758_chr8:33922534-33927305,enhancer_hit,single
Rbpms_Heart_E11.5,chr8:33852337-33859192_chr8:33862972-33864003,enhancer_hit,single
Rbpms_Heart_E11.5,chr8:33852337-33859192_chr8:33872786-33883247,enhancer_hit,
Rbpms_Heart_E11.5,chr8:33852337-33859192_chr8:33888247-33893031,enhancer_hit,single
Rbpms_Heart_E11.5,chr8:33852337-33859192_chr8:33894802-33911630,enhancer_hit,single
Rbpms_Heart_E11.5,chr8:33852337-33859192_chr8:33912351-33921572,enhancer_hit,single
Rbpms_Heart_E11.5,chr8:33852337-33859192_chr8:33922534-33927305,enhancer_hit,single
Rbpms_Heart_E11.5,chr8:33862972-33864003_chr8:33872786-33883247,enhancer_hit,
Rbpms_Heart_E11.5,chr8:33862972-33864003_chr8:33888247-33893031,enhancer_hit,single
Rbpms_Heart_E11.5,chr8:33862972-33864003_chr8:33894802-33911630,enhancer_hit,single
Rbpms_Heart_E11.5,chr8:33862972-33864003_chr8:33912351-33921572,enhancer_hit,single
Rbpms_Heart_E11.5,chr8:33862972-33864003_chr8:33922534-33927305,enhancer_hit,
Rbpms_Heart_E11.5,chr8:33868682-33872243_chr8:33872786-33883247,enhancer_hit,
Rbpms_Heart_E11.5,chr8:33868682-33872243_chr8:33894802-33911630,enhancer_hit,single
Rbpms_Heart_E11.5,chr8:33872786-33883247_chr8:33888247-33893031,enhancer_hit,single
Rbpms_Heart_E11.5,chr8:33872786-33883247_chr8:33894802-33911630,enhancer_hit,single
Rbpms_Heart_E11.5,chr8:33872786-33883247_chr8:33912351-33921572,enhancer_hit,single
Rbpms_Heart_E11.5,chr8:33872786-33883247_chr8:33922534-33927305,enhancer_hit,
Rbpms_Heart_E11.5,chr8:33888247-33893031_chr8:33894802-33911630,enhancer_hit,single
Rbpms_Heart_E11.5,chr8:33888247-33893031_chr8:33912351-33921572,enhancer_hit,single
Rbpms_Heart_E11.5,chr8:33888247-33893031_chr8:33922534-33927305,enhancer_hit,single
Rbpms_Heart_E11.5,chr8:33894802-33911630_chr8:33912351-33921572,enhancer_hit,single
Rbpms_Heart_E11.5,chr8:33894802-33911630_chr8:33922534-33927305,enhancer_hit,single
Rbpms_Heart_E11.5,chr8:33912351-33921572_chr8:33922534-33927305,enhancer_hit,single
Rbpms_Limb_Any,chr8:33803774-33810702_chr8:33822777-33843964,enhancer_hit,single
Rbpms_Limb_Any,chr8:33803774-33810702_chr8:33894802-33911630,enhancer_hit,single
Rbpms_Limb_Any,chr8:33822777-33843964_chr8:33894802-33911630,enhancer_hit,double
Rbpms_Limb_E11.5,chr8:33803774-33810702_chr8:33822777-33843964,enhancer_hit,single
Rbpms_Limb_E11.5,chr8:33803774-33810702_chr8:33894802-33911630,enhancer_hit,single
Rbpms_Limb_E11.5,chr8:33822777-33843964_chr8:33894802-33911630,enhancer_hit,double
Rcsd1_Forebrain_Any,chr1:165615443-165619384_chr1:165661626-165664574,enhancer_hit,
Rcsd1_Heart_Any,chr1:165585331-165586437_chr1:165665365-165670287,enhancer_hit,single
Rcsd1_Heart_Any,chr1:165587064-165593307_chr1:165615443-165619384,enhancer_hit,
Rcsd1_Heart_Any,chr1:165587064-165593307_chr1:165661626-165664574,enhancer_hit,single
Rcsd1_Heart_Any,chr1:165587064-165593307_chr1:165665365-165670287,enhancer_hit,single
Rcsd1_Heart_Any,chr1:165587064-165593307_chr1:165676103-165688921,enhancer_hit,single
Rcsd1_Heart_Any,chr1:165587064-165593307_chr1:165699620-165705594,enhancer_hit,
Rcsd1_Heart_Any,chr1:165587064-165593307_chr1:165860230-165861230,enhancer_hit,
Rcsd1_Heart_Any,chr1:165587064-165593307_chr1:166136868-166139173,enhancer_hit,
Rcsd1_Heart_Any,chr1:165615443-165619384_chr1:165661626-165664574,enhancer_hit,
Rcsd1_Heart_Any,chr1:165615443-165619384_chr1:165665365-165670287,enhancer_hit,
Rcsd1_Heart_Any,chr1:165615443-165619384_chr1:165676103-165688921,enhancer_hit,single
Rcsd1_Heart_Any,chr1:165615443-165619384_chr1:165690381-165698735,enhancer_hit,
Rcsd1_Heart_Any,chr1:165615443-165619384_chr1:165699620-165705594,enhancer_hit,
Rcsd1_Heart_Any,chr1:165615443-165619384_chr1:165860230-165861230,enhancer_hit,
Rcsd1_Heart_Any,chr1:165615443-165619384_chr1:166136868-166139173,enhancer_hit,
Rcsd1_Heart_Any,chr1:165652235-165653490_chr1:165676103-165688921,enhancer_hit,
Rcsd1_Heart_Any,chr1:165652235-165653490_chr1:165699620-165705594,enhancer_hit,
Rcsd1_Heart_Any,chr1:165661626-165664574_chr1:165665365-165670287,enhancer_hit,
Rcsd1_Heart_Any,chr1:165661626-165664574_chr1:165676103-165688921,enhancer_hit,single
Rcsd1_Heart_Any,chr1:165661626-165664574_chr1:165690381-165698735,enhancer_hit,single
Rcsd1_Heart_Any,chr1:165661626-165664574_chr1:165699620-165705594,enhancer_hit,
Rcsd1_Heart_Any,chr1:165661626-165664574_chr1:165860230-165861230,enhancer_hit,
Rcsd1_Heart_Any,chr1:165661626-165664574_chr1:166136868-166139173,enhancer_hit,
Rcsd1_Heart_Any,chr1:165665365-165670287_chr1:165676103-165688921,enhancer_hit,single
Rcsd1_Heart_Any,chr1:165665365-165670287_chr1:165690381-165698735,enhancer_hit,single
Rcsd1_Heart_Any,chr1:165665365-165670287_chr1:165699620-165705594,enhancer_hit,
Rcsd1_Heart_Any,chr1:165665365-165670287_chr1:165860230-165861230,enhancer_hit,
Rcsd1_Heart_Any,chr1:165665365-165670287_chr1:166136868-166139173,enhancer_hit,
Rcsd1_Heart_Any,chr1:165676103-165688921_chr1:165690381-165698735,enhancer_hit,
Rcsd1_Heart_Any,chr1:165676103-165688921_chr1:165699620-165705594,enhancer_hit,
Rcsd1_Heart_Any,chr1:165676103-165688921_chr1:165716791-165719539,enhancer_hit,single
Rcsd1_Heart_Any,chr1:165676103-165688921_chr1:165860230-165861230,enhancer_hit,
Rcsd1_Heart_Any,chr1:165676103-165688921_chr1:166136868-166139173,enhancer_hit,
Rcsd1_Heart_Any,chr1:165690381-165698735_chr1:165699620-165705594,enhancer_hit,
Rcsd1_Heart_Any,chr1:165690381-165698735_chr1:165860230-165861230,enhancer_hit,
Rcsd1_Heart_Any,chr1:165690381-165698735_chr1:166136868-166139173,enhancer_hit,
Rcsd1_Heart_Any,chr1:165699620-165705594_chr1:165860230-165861230,enhancer_hit,
Rcsd1_Heart_Any,chr1:165699620-165705594_chr1:166136868-166139173,enhancer_hit,
Rcsd1_Heart_Any,chr1:165860230-165861230_chr1:166136868-166139173,enhancer_hit,
Rcsd1_Heart_E11.5,chr1:165585331-165586437_chr1:165665365-165670287,enhancer_hit,single
Rcsd1_Heart_E11.5,chr1:165587064-165593307_chr1:165615443-165619384,enhancer_hit,
Rcsd1_Heart_E11.5,chr1:165587064-165593307_chr1:165661626-165664574,enhancer_hit,single
Rcsd1_Heart_E11.5,chr1:165587064-165593307_chr1:165665365-165670287,enhancer_hit,single
Rcsd1_Heart_E11.5,chr1:165587064-165593307_chr1:165676103-165688921,enhancer_hit,single
Rcsd1_Heart_E11.5,chr1:165587064-165593307_chr1:165699620-165705594,enhancer_hit,
Rcsd1_Heart_E11.5,chr1:165615443-165619384_chr1:165661626-165664574,enhancer_hit,
Rcsd1_Heart_E11.5,chr1:165615443-165619384_chr1:165665365-165670287,enhancer_hit,
Rcsd1_Heart_E11.5,chr1:165615443-165619384_chr1:165676103-165688921,enhancer_hit,single
Rcsd1_Heart_E11.5,chr1:165615443-165619384_chr1:165690381-165698735,enhancer_hit,
Rcsd1_Heart_E11.5,chr1:165615443-165619384_chr1:165699620-165705594,enhancer_hit,
Rcsd1_Heart_E11.5,chr1:165661626-165664574_chr1:165665365-165670287,enhancer_hit,
Rcsd1_Heart_E11.5,chr1:165661626-165664574_chr1:165676103-165688921,enhancer_hit,single
Rcsd1_Heart_E11.5,chr1:165661626-165664574_chr1:165690381-165698735,enhancer_hit,single
Rcsd1_Heart_E11.5,chr1:165661626-165664574_chr1:165699620-165705594,enhancer_hit,
Rcsd1_Heart_E11.5,chr1:165665365-165670287_chr1:165676103-165688921,enhancer_hit,single
Rcsd1_Heart_E11.5,chr1:165665365-165670287_chr1:165690381-165698735,enhancer_hit,single
Rcsd1_Heart_E11.5,chr1:165665365-165670287_chr1:165699620-165705594,enhancer_hit,
Rcsd1_Heart_E11.5,chr1:165676103-165688921_chr1:165690381-165698735,enhancer_hit,
Rcsd1_Heart_E11.5,chr1:165676103-165688921_chr1:165699620-165705594,enhancer_hit,
Rcsd1_Heart_E11.5,chr1:165676103-165688921_chr1:165716791-165719539,enhancer_hit,single
Rcsd1_Heart_E11.5,chr1:165690381-165698735_chr1:165699620-165705594,enhancer_hit,
Rcsd1_Limb_Any,chr1:165587064-165593307_chr1:165615443-165619384,enhancer_hit,
Rcsd1_Limb_Any,chr1:165587064-165593307_chr1:165661626-165664574,enhancer_hit,single
Rcsd1_Limb_Any,chr1:165587064-165593307_chr1:165676103-165688921,enhancer_hit,single
Rcsd1_Limb_Any,chr1:165615443-165619384_chr1:165661626-165664574,enhancer_hit,
Rcsd1_Limb_Any,chr1:165615443-165619384_chr1:165676103-165688921,enhancer_hit,single
Rcsd1_Limb_Any,chr1:165661626-165664574_chr1:165676103-165688921,enhancer_hit,single
Rcsd1_Limb_Any,chr1:165676103-165688921_chr1:165716791-165719539,enhancer_hit,single
Rcsd1_Limb_E11.5,chr1:165661626-165664574_chr1:165676103-165688921,enhancer_hit,single
Rcsd1_Limb_E11.5,chr1:165676103-165688921_chr1:165716791-165719539,enhancer_hit,single
Rdh12_Forebrain_Any,chr12:79453669-79456908_chr12:79878203-79882095,enhancer_hit,single
Rdh12_Forebrain_E11.5,chr12:79453669-79456908_chr12:79878203-79882095,enhancer_hit,single
Rdh12_Limb_Any,chr12:79453669-79456908_chr12:79878203-79882095,enhancer_hit,single
Reep1_Forebrain_Any,chr6:71772066-71773226_chr6:71803276-71805834,enhancer_hit,
Reep2_Forebrain_Any,chr18:34848409-34850692_chr18:35358343-35359866,enhancer_hit,single
Reep2_Forebrain_Any,chr18:34848409-34850692_chr18:35511576-35513022,enhancer_hit,single
Reep2_Forebrain_Any,chr18:35358343-35359866_chr18:35511576-35513022,enhancer_hit,single
Reep2_Forebrain_E11.5,chr18:34848409-34850692_chr18:35358343-35359866,enhancer_hit,single
Rela_Heart_Any,chr19:5713067-5714462_chr19:5831178-5841937,enhancer_hit,
Rela_Heart_Any,chr19:5713067-5714462_chr19:6295609-6303955,enhancer_hit,
Rela_Heart_Any,chr19:5793458-5795061_chr19:6295609-6303955,enhancer_hit,single
Rela_Heart_Any,chr19:5831178-5841937_chr19:6295609-6303955,enhancer_hit,single
Rela_Heart_E11.5,chr19:5793458-5795061_chr19:6295609-6303955,enhancer_hit,single
Rela_Heart_E11.5,chr19:5831178-5841937_chr19:6295609-6303955,enhancer_hit,single
Rela_Limb_Any,chr19:5793458-5795061_chr19:6295609-6303955,enhancer_hit,single
Rela_Limb_E11.5,chr19:5793458-5795061_chr19:6295609-6303955,enhancer_hit,single
Rerg_Heart_Any,chr6:137075661-137077313_chr6:137109075-137112222,enhancer_hit,single
Rev3l_Forebrain_Any,chr10:39169534-39173833_chr10:39483746-39488587,enhancer_hit,
Rev3l_Forebrain_Any,chr10:39500190-39503064_chr10:39517123-39521075,enhancer_hit,
Rev3l_Forebrain_Any,chr10:39500190-39503064_chr10:39522234-39525965,enhancer_hit,
Rev3l_Forebrain_Any,chr10:39500190-39503064_chr10:39527334-39529894,enhancer_hit,
Rev3l_Forebrain_Any,chr10:39500190-39503064_chr10:39568864-39573811,enhancer_hit,
Rev3l_Forebrain_Any,chr10:39517123-39521075_chr10:39522234-39525965,enhancer_hit,
Rev3l_Forebrain_Any,chr10:39517123-39521075_chr10:39527334-39529894,enhancer_hit,
Rev3l_Forebrain_Any,chr10:39517123-39521075_chr10:39568864-39573811,enhancer_hit,
Rev3l_Forebrain_Any,chr10:39522234-39525965_chr10:39527334-39529894,enhancer_hit,
Rev3l_Forebrain_Any,chr10:39522234-39525965_chr10:39568864-39573811,enhancer_hit,
Rev3l_Forebrain_Any,chr10:39522234-39525965_chr10:39664049-39666610,enhancer_hit,single
Rev3l_Forebrain_E11.5,chr10:39169534-39173833_chr10:39483746-39488587,enhancer_hit,
Rev3l_Forebrain_E11.5,chr10:39500190-39503064_chr10:39517123-39521075,enhancer_hit,
Rev3l_Heart_Any,chr10:39169534-39173833_chr10:39483746-39488587,enhancer_hit,
Rev3l_Heart_Any,chr10:39500190-39503064_chr10:39517123-39521075,enhancer_hit,
Rev3l_Heart_Any,chr10:39500190-39503064_chr10:39568864-39573811,enhancer_hit,
Rev3l_Heart_Any,chr10:39517123-39521075_chr10:39568864-39573811,enhancer_hit,
Rev3l_Heart_E11.5,chr10:39500190-39503064_chr10:39517123-39521075,enhancer_hit,
Rev3l_Heart_E11.5,chr10:39500190-39503064_chr10:39568864-39573811,enhancer_hit,
Rev3l_Heart_E11.5,chr10:39517123-39521075_chr10:39568864-39573811,enhancer_hit,
Rev3l_Limb_Any,chr10:39517123-39521075_chr10:39522234-39525965,enhancer_hit,
Rev3l_Limb_Any,chr10:39517123-39521075_chr10:39583518-39584658,enhancer_hit,
Rev3l_Limb_Any,chr10:39522234-39525965_chr10:39664049-39666610,enhancer_hit,single
Rfc1_Heart_Any,chr5:64587046-64592340_chr5:64598813-64602539,enhancer_hit,
Rfc1_Heart_Any,chr5:64587046-64592340_chr5:64609574-64611767,enhancer_hit,single
Rfc1_Heart_Any,chr5:64587046-64592340_chr5:64737551-64740468,enhancer_hit,single
Rfc1_Heart_E11.5,chr5:64587046-64592340_chr5:64598813-64602539,enhancer_hit,
Rfc1_Heart_E11.5,chr5:64587046-64592340_chr5:64609574-64611767,enhancer_hit,single
Rfc1_Heart_E11.5,chr5:64587046-64592340_chr5:64737551-64740468,enhancer_hit,single
Rffl_Forebrain_Any,chr11:82835361-82837763_chr11:82844596-82852396,enhancer_hit,single
Rffl_Forebrain_Any,chr11:82835361-82837763_chr11:82855001-82857606,enhancer_hit,single
Rffl_Forebrain_Any,chr11:82835361-82837763_chr11:82860347-82864487,enhancer_hit,single
Rffl_Forebrain_Any,chr11:82844596-82852396_chr11:82855001-82857606,enhancer_hit,single
Rffl_Forebrain_Any,chr11:82844596-82852396_chr11:82860347-82864487,enhancer_hit,single
Rffl_Forebrain_Any,chr11:82855001-82857606_chr11:82860347-82864487,enhancer_hit,single
Rffl_Forebrain_E11.5,chr11:82835361-82837763_chr11:82844596-82852396,enhancer_hit,single
Rffl_Forebrain_E11.5,chr11:82835361-82837763_chr11:82855001-82857606,enhancer_hit,single
Rffl_Forebrain_E11.5,chr11:82835361-82837763_chr11:82860347-82864487,enhancer_hit,single
Rffl_Forebrain_E11.5,chr11:82844596-82852396_chr11:82855001-82857606,enhancer_hit,single
Rffl_Forebrain_E11.5,chr11:82844596-82852396_chr11:82860347-82864487,enhancer_hit,single
Rffl_Forebrain_E11.5,chr11:82855001-82857606_chr11:82860347-82864487,enhancer_hit,single
Rffl_Heart_Any,chr11:82844596-82852396_chr11:82855001-82857606,enhancer_hit,single
Rffl_Limb_Any,chr11:82835361-82837763_chr11:82844596-82852396,enhancer_hit,single
Rffl_Limb_E11.5,chr11:82835361-82837763_chr11:82844596-82852396,enhancer_hit,single
Rftn1_Heart_Any,chr17:49981453-49984744_chr17:50469589-50472041,enhancer_hit,single
Rftn1_Heart_E11.5,chr17:49981453-49984744_chr17:50469589-50472041,enhancer_hit,single
Rfx3_Forebrain_Any,chr19:28305296-28307239_chr19:28337449-28338449,enhancer_hit,
Rfx3_Forebrain_E11.5,chr19:28305296-28307239_chr19:28337449-28338449,enhancer_hit,
Rfxank_Heart_Any,chr8:69957154-69958824_chr8:70275524-70280326,enhancer_hit,single
Rfxank_Heart_Any,chr8:70275524-70280326_chr8:70453272-70455152,enhancer_hit,single
Rfxank_Heart_E11.5,chr8:70275524-70280326_chr8:70453272-70455152,enhancer_hit,single
Rgl1_Heart_Any,chr1:152548304-152552132_chr1:152606112-152620829,enhancer_hit,single
Rgl1_Heart_Any,chr1:152548304-152552132_chr1:153325198-153326861,enhancer_hit,single
Rgl1_Heart_Any,chr1:152606112-152620829_chr1:152681533-152683910,enhancer_hit,single
Rgl1_Heart_Any,chr1:152606112-152620829_chr1:153325198-153326861,enhancer_hit,single
Rgl1_Heart_E11.5,chr1:152548304-152552132_chr1:152606112-152620829,enhancer_hit,single
Rgl1_Heart_E11.5,chr1:152548304-152552132_chr1:153325198-153326861,enhancer_hit,single
Rgl1_Heart_E11.5,chr1:152606112-152620829_chr1:152681533-152683910,enhancer_hit,single
Rgl1_Heart_E11.5,chr1:152606112-152620829_chr1:153325198-153326861,enhancer_hit,single
Rgma_Forebrain_Any,chr7:72773119-72775926_chr7:73206310-73211107,enhancer_hit,
Rgma_Forebrain_Any,chr7:72773119-72775926_chr7:73220558-73224412,enhancer_hit,single
Rgma_Forebrain_Any,chr7:72773119-72775926_chr7:73385819-73388219,enhancer_hit,
Rgma_Forebrain_Any,chr7:73190259-73193469_chr7:73220558-73224412,enhancer_hit,single
Rgma_Forebrain_Any,chr7:73195184-73198845_chr7:73220558-73224412,enhancer_hit,single
Rgma_Forebrain_Any,chr7:73195184-73198845_chr7:73301694-73308803,enhancer_hit,
Rgma_Forebrain_Any,chr7:73195184-73198845_chr7:73389007-73401848,enhancer_hit,single
Rgma_Forebrain_Any,chr7:73206310-73211107_chr7:73220558-73224412,enhancer_hit,
Rgma_Forebrain_Any,chr7:73220558-73224412_chr7:73301694-73308803,enhancer_hit,
Rgma_Forebrain_Any,chr7:73220558-73224412_chr7:73389007-73401848,enhancer_hit,
Rgma_Forebrain_Any,chr7:73301694-73308803_chr7:73389007-73401848,enhancer_hit,
Rgma_Forebrain_Any,chr7:73385819-73388219_chr7:73389007-73401848,enhancer_hit,
Rgma_Forebrain_E11.5,chr7:72773119-72775926_chr7:73206310-73211107,enhancer_hit,
Rgma_Forebrain_E11.5,chr7:72773119-72775926_chr7:73220558-73224412,enhancer_hit,single
Rgma_Forebrain_E11.5,chr7:72773119-72775926_chr7:73385819-73388219,enhancer_hit,
Rgma_Forebrain_E11.5,chr7:73190259-73193469_chr7:73220558-73224412,enhancer_hit,single
Rgma_Forebrain_E11.5,chr7:73195184-73198845_chr7:73220558-73224412,enhancer_hit,single
Rgma_Forebrain_E11.5,chr7:73195184-73198845_chr7:73301694-73308803,enhancer_hit,
Rgma_Forebrain_E11.5,chr7:73195184-73198845_chr7:73389007-73401848,enhancer_hit,single
Rgma_Forebrain_E11.5,chr7:73206310-73211107_chr7:73220558-73224412,enhancer_hit,
Rgma_Forebrain_E11.5,chr7:73220558-73224412_chr7:73301694-73308803,enhancer_hit,
Rgma_Forebrain_E11.5,chr7:73220558-73224412_chr7:73389007-73401848,enhancer_hit,
Rgma_Forebrain_E11.5,chr7:73301694-73308803_chr7:73389007-73401848,enhancer_hit,
Rgma_Forebrain_E11.5,chr7:73385819-73388219_chr7:73389007-73401848,enhancer_hit,single
Rhbdf1_Heart_Any,chr11:32434338-32437175_chr11:32618610-32620598,enhancer_hit,single
Rhbdf1_Heart_Any,chr11:32604057-32606000_chr11:32618610-32620598,enhancer_hit,single
Rhbdf1_Heart_E11.5,chr11:32434338-32437175_chr11:32618610-32620598,enhancer_hit,single
Rhbdf1_Heart_E11.5,chr11:32604057-32606000_chr11:32618610-32620598,enhancer_hit,single
Rhbdf1_Limb_Any,chr11:32434338-32437175_chr11:32618610-32620598,enhancer_hit,single
Rhbdf1_Limb_Any,chr11:32604057-32606000_chr11:32618610-32620598,enhancer_hit,single
Rhbdf1_Limb_E11.5,chr11:32434338-32437175_chr11:32618610-32620598,enhancer_hit,single
Rhoc_Heart_Any,chr3:104358589-104360997_chr3:104430546-104432799,enhancer_hit,
Rhoc_Heart_Any,chr3:104430546-104432799_chr3:104540133-104542825,enhancer_hit,single
Rhoc_Heart_Any,chr3:104430546-104432799_chr3:105038683-105042439,enhancer_hit,single
Rhoc_Heart_Any,chr3:104540133-104542825_chr3:105038683-105042439,enhancer_hit,single
Rhoc_Heart_E11.5,chr3:104430546-104432799_chr3:104540133-104542825,enhancer_hit,single
Rhog_Heart_Any,chr7:101766733-101768210_chr7:102242368-102247588,enhancer_hit,single
Rilpl1_Forebrain_Any,chr5:123324216-123328173_chr5:123375946-123377265,enhancer_hit,single
Rilpl1_Forebrain_Any,chr5:123375946-123377265_chr5:123431401-123433104,enhancer_hit,single
Rilpl1_Heart_Any,chr5:123324216-123328173_chr5:123375946-123377265,enhancer_hit,single
Rilpl1_Heart_Any,chr5:123324216-123328173_chr5:123423676-123424676,enhancer_hit,double
Rilpl1_Heart_Any,chr5:123324216-123328173_chr5:123593144-123594326,enhancer_hit,single
Rilpl1_Heart_Any,chr5:123324216-123328173_chr5:124508891-124511246,enhancer_hit,single
Rilpl1_Heart_Any,chr5:123375946-123377265_chr5:123423676-123424676,enhancer_hit,single
Rilpl1_Heart_Any,chr5:123375946-123377265_chr5:123431401-123433104,enhancer_hit,single
Rilpl1_Heart_Any,chr5:123375946-123377265_chr5:124508891-124511246,enhancer_hit,single
Rilpl1_Heart_Any,chr5:123423676-123424676_chr5:123431401-123433104,enhancer_hit,single
Rilpl1_Heart_Any,chr5:123423676-123424676_chr5:124508891-124511246,enhancer_hit,single
Rimkla_Forebrain_Any,chr4:119452690-119454298_chr4:119459753-119464673,enhancer_hit,
Rimkla_Forebrain_Any,chr4:119452690-119454298_chr4:120044373-120046655,enhancer_hit,single
Rimklb_Forebrain_Any,chr6:121271850-121273150_chr6:122296660-122298356,enhancer_hit,single
Rimklb_Heart_Any,chr6:121271850-121273150_chr6:122296660-122298356,enhancer_hit,single
Rimklb_Limb_Any,chr6:121271850-121273150_chr6:122296660-122298356,enhancer_hit,single
Rin1_Heart_Any,chr19:3352939-3354779_chr19:5015110-5017318,enhancer_hit,single
Rin1_Heart_E11.5,chr19:3352939-3354779_chr19:5015110-5017318,enhancer_hit,single
Rmdn2_Heart_Any,chr17:78674222-78677631_chr17:78723252-78725830,enhancer_hit,
Rmdn2_Heart_Any,chr17:78674222-78677631_chr17:78789845-78793897,enhancer_hit,single
Rmdn2_Heart_Any,chr17:78674222-78677631_chr17:80050371-80052464,enhancer_hit,single
Rmdn2_Heart_Any,chr17:78723252-78725830_chr17:78789845-78793897,enhancer_hit,
Rmdn2_Heart_Any,chr17:78723252-78725830_chr17:80050371-80052464,enhancer_hit,
Rmdn2_Heart_Any,chr17:78789845-78793897_chr17:80050371-80052464,enhancer_hit,single
Rmdn2_Heart_E11.5,chr17:78674222-78677631_chr17:78789845-78793897,enhancer_hit,single
Rnd3_Forebrain_Any,chr2:50754975-50757005_chr2:51081095-51084642,enhancer_hit,single
Rnd3_Forebrain_Any,chr2:50754975-50757005_chr2:51086238-51091346,enhancer_hit,
Rnd3_Forebrain_Any,chr2:51081095-51084642_chr2:51086238-51091346,enhancer_hit,single
Rnd3_Forebrain_E11.5,chr2:50754975-50757005_chr2:51086238-51091346,enhancer_hit,
Rnf125_Heart_Any,chr18:20929756-20940487_chr18:20960480-20964233,enhancer_hit,single
Rnf125_Heart_Any,chr18:20929756-20940487_chr18:20968232-20972146,enhancer_hit,single
Rnf125_Heart_Any,chr18:20960480-20964233_chr18:20968232-20972146,enhancer_hit,double
Rnf125_Heart_E11.5,chr18:20929756-20940487_chr18:20960480-20964233,enhancer_hit,single
Rnf207_Forebrain_Any,chr4:152226095-152229100_chr4:152244131-152247978,enhancer_hit,single
Rnf207_Heart_Any,chr4:152226095-152229100_chr4:152244131-152247978,enhancer_hit,single
Rnft1_Forebrain_Any,chr11:86573978-86581658_chr11:86954147-86965107,enhancer_hit,single
Rnft1_Heart_Any,chr11:86573978-86581658_chr11:86586658-86588896,enhancer_hit,single
Rnft1_Heart_Any,chr11:86573978-86581658_chr11:86640843-86642646,enhancer_hit,single
Rnft1_Heart_Any,chr11:86573978-86581658_chr11:86741020-86746300,enhancer_hit,single
Rnft1_Heart_Any,chr11:86573978-86581658_chr11:86949469-86953573,enhancer_hit,single
Rnft1_Heart_Any,chr11:86573978-86581658_chr11:86954147-86965107,enhancer_hit,single
Rnft1_Heart_Any,chr11:86573978-86581658_chr11:87024844-87027570,enhancer_hit,single
Rnft1_Heart_Any,chr11:86586658-86588896_chr11:86622233-86625116,enhancer_hit,single
Rnft1_Heart_Any,chr11:86586658-86588896_chr11:86640843-86642646,enhancer_hit,
Rnft1_Heart_Any,chr11:86586658-86588896_chr11:86645819-86648869,enhancer_hit,single
Rnft1_Heart_Any,chr11:86586658-86588896_chr11:86741020-86746300,enhancer_hit,single
Rnft1_Heart_Any,chr11:86586658-86588896_chr11:86949469-86953573,enhancer_hit,single
Rnft1_Heart_Any,chr11:86586658-86588896_chr11:87024844-87027570,enhancer_hit,single
Rnft1_Heart_Any,chr11:86640843-86642646_chr11:86645819-86648869,enhancer_hit,single
Rnft1_Heart_Any,chr11:86640843-86642646_chr11:86741020-86746300,enhancer_hit,single
Rnft1_Heart_Any,chr11:86640843-86642646_chr11:86949469-86953573,enhancer_hit,single
Rnft1_Heart_Any,chr11:86640843-86642646_chr11:86954147-86965107,enhancer_hit,
Rnft1_Heart_Any,chr11:86640843-86642646_chr11:87024844-87027570,enhancer_hit,single
Rnft1_Heart_Any,chr11:86741020-86746300_chr11:86949469-86953573,enhancer_hit,single
Rnft1_Heart_Any,chr11:86741020-86746300_chr11:86954147-86965107,enhancer_hit,
Rnft1_Heart_Any,chr11:86741020-86746300_chr11:87024844-87027570,enhancer_hit,double
Rnft1_Heart_Any,chr11:86949469-86953573_chr11:87024844-87027570,enhancer_hit,single
Rnft1_Heart_Any,chr11:86954147-86965107_chr11:87024844-87027570,enhancer_hit,single
Rnft1_Heart_E11.5,chr11:86573978-86581658_chr11:86586658-86588896,enhancer_hit,single
Rnft1_Heart_E11.5,chr11:86573978-86581658_chr11:86741020-86746300,enhancer_hit,single
Rnft1_Heart_E11.5,chr11:86573978-86581658_chr11:86949469-86953573,enhancer_hit,single
Rnft1_Heart_E11.5,chr11:86573978-86581658_chr11:86954147-86965107,enhancer_hit,single
Rnft1_Heart_E11.5,chr11:86586658-86588896_chr11:86645819-86648869,enhancer_hit,single
Rnft1_Heart_E11.5,chr11:86586658-86588896_chr11:86741020-86746300,enhancer_hit,single
Rnft1_Heart_E11.5,chr11:86586658-86588896_chr11:86949469-86953573,enhancer_hit,single
Rnft1_Heart_E11.5,chr11:86741020-86746300_chr11:86949469-86953573,enhancer_hit,single
Rnft1_Heart_E11.5,chr11:86741020-86746300_chr11:86954147-86965107,enhancer_hit,
Rnft1_Limb_Any,chr11:86573978-86581658_chr11:86586658-86588896,enhancer_hit,single
Rnft1_Limb_Any,chr11:86573978-86581658_chr11:86949469-86953573,enhancer_hit,single
Rnft1_Limb_Any,chr11:86573978-86581658_chr11:86954147-86965107,enhancer_hit,single
Rnft1_Limb_Any,chr11:86586658-86588896_chr11:86645819-86648869,enhancer_hit,single
Rnft1_Limb_Any,chr11:86586658-86588896_chr11:86949469-86953573,enhancer_hit,single
Rnft2_Forebrain_Any,chr5:118413575-118414575_chr5:118421512-118423199,enhancer_hit,single
Rock2_Heart_Any,chr12:15984939-15986124_chr12:16844150-16846274,enhancer_hit,single
Rock2_Heart_Any,chr12:16391090-16393180_chr12:16844150-16846274,enhancer_hit,single
Rock2_Heart_Any,chr12:16583763-16584887_chr12:16840580-16842106,enhancer_hit,single
Rock2_Heart_Any,chr12:16844150-16846274_chr12:16873069-16878160,enhancer_hit,single
Rock2_Heart_Any,chr12:16844150-16846274_chr12:16903542-16904542,enhancer_hit,single
Rock2_Heart_Any,chr12:16873069-16878160_chr12:16903542-16904542,enhancer_hit,single
Rock2_Heart_E11.5,chr12:15984939-15986124_chr12:16844150-16846274,enhancer_hit,single
Rock2_Heart_E11.5,chr12:16391090-16393180_chr12:16844150-16846274,enhancer_hit,single
Rock2_Heart_E11.5,chr12:16844150-16846274_chr12:16873069-16878160,enhancer_hit,single
Ror1_Heart_Any,chr4:100187384-100189431_chr4:100208492-100209492,enhancer_hit,single
Ror2_Forebrain_Any,chr13:53150928-53159598_chr13:53308192-53311065,enhancer_hit,single
Ror2_Forebrain_E11.5,chr13:53150928-53159598_chr13:53308192-53311065,enhancer_hit,single
Ror2_Heart_Any,chr13:53150928-53159598_chr13:53225941-53227913,enhancer_hit,single
Ror2_Heart_Any,chr13:53150928-53159598_chr13:53265083-53268417,enhancer_hit,single
Ror2_Heart_Any,chr13:53191862-53198059_chr13:53225941-53227913,enhancer_hit,
Ror2_Heart_Any,chr13:53191862-53198059_chr13:53246980-53250421,enhancer_hit,single
Ror2_Heart_Any,chr13:53191862-53198059_chr13:53258814-53264358,enhancer_hit,
Ror2_Heart_Any,chr13:53191862-53198059_chr13:53265083-53268417,enhancer_hit,single
Ror2_Heart_Any,chr13:53191862-53198059_chr13:53276055-53278474,enhancer_hit,single
Ror2_Heart_Any,chr13:53200640-53209260_chr13:53225941-53227913,enhancer_hit,
Ror2_Heart_Any,chr13:53200640-53209260_chr13:53265083-53268417,enhancer_hit,single
Ror2_Heart_Any,chr13:53225941-53227913_chr13:53265083-53268417,enhancer_hit,
Ror2_Heart_Any,chr13:53225941-53227913_chr13:53274227-53275227,enhancer_hit,single
Ror2_Heart_Any,chr13:53246980-53250421_chr13:53258814-53264358,enhancer_hit,
Ror2_Heart_Any,chr13:53258814-53264358_chr13:53265083-53268417,enhancer_hit,
Ror2_Heart_Any,chr13:53258814-53264358_chr13:53281219-53283049,enhancer_hit,
Ror2_Heart_Any,chr13:53265083-53268417_chr13:53274227-53275227,enhancer_hit,
Ror2_Heart_Any,chr13:53265083-53268417_chr13:53276055-53278474,enhancer_hit,single
Ror2_Heart_E11.5,chr13:53150928-53159598_chr13:53225941-53227913,enhancer_hit,single
Ror2_Heart_E11.5,chr13:53191862-53198059_chr13:53225941-53227913,enhancer_hit,
Ror2_Heart_E11.5,chr13:53191862-53198059_chr13:53246980-53250421,enhancer_hit,single
Ror2_Heart_E11.5,chr13:53191862-53198059_chr13:53258814-53264358,enhancer_hit,single
Ror2_Heart_E11.5,chr13:53191862-53198059_chr13:53276055-53278474,enhancer_hit,single
Ror2_Heart_E11.5,chr13:53200640-53209260_chr13:53225941-53227913,enhancer_hit,
Ror2_Heart_E11.5,chr13:53246980-53250421_chr13:53258814-53264358,enhancer_hit,single
Ror2_Limb_Any,chr13:53150928-53159598_chr13:53163579-53164579,enhancer_hit,single
Ror2_Limb_Any,chr13:53150928-53159598_chr13:53182082-53184753,enhancer_hit,single
Ror2_Limb_Any,chr13:53150928-53159598_chr13:53265083-53268417,enhancer_hit,single
Ror2_Limb_Any,chr13:53150928-53159598_chr13:53308192-53311065,enhancer_hit,single
Ror2_Limb_Any,chr13:53163579-53164579_chr13:53191862-53198059,enhancer_hit,single
Ror2_Limb_Any,chr13:53163579-53164579_chr13:53200640-53209260,enhancer_hit,
Ror2_Limb_Any,chr13:53163579-53164579_chr13:53265083-53268417,enhancer_hit,
Ror2_Limb_Any,chr13:53182082-53184753_chr13:53191862-53198059,enhancer_hit,single
Ror2_Limb_Any,chr13:53182082-53184753_chr13:53297095-53298202,enhancer_hit,single
Ror2_Limb_Any,chr13:53191862-53198059_chr13:53258814-53264358,enhancer_hit,
Ror2_Limb_Any,chr13:53191862-53198059_chr13:53265083-53268417,enhancer_hit,single
Ror2_Limb_Any,chr13:53200640-53209260_chr13:53265083-53268417,enhancer_hit,single
Ror2_Limb_Any,chr13:53258814-53264358_chr13:53265083-53268417,enhancer_hit,
Ror2_Limb_E11.5,chr13:53163579-53164579_chr13:53191862-53198059,enhancer_hit,single
Ror2_Limb_E11.5,chr13:53163579-53164579_chr13:53200640-53209260,enhancer_hit,
Ror2_Limb_E11.5,chr13:53163579-53164579_chr13:53265083-53268417,enhancer_hit,
Ror2_Limb_E11.5,chr13:53182082-53184753_chr13:53191862-53198059,enhancer_hit,single
Ror2_Limb_E11.5,chr13:53191862-53198059_chr13:53258814-53264358,enhancer_hit,
Ror2_Limb_E11.5,chr13:53191862-53198059_chr13:53265083-53268417,enhancer_hit,single
Ror2_Limb_E11.5,chr13:53200640-53209260_chr13:53265083-53268417,enhancer_hit,single
Ror2_Limb_E11.5,chr13:53258814-53264358_chr13:53265083-53268417,enhancer_hit,
Rpa2_Heart_Any,chr4:132623369-132625358_chr4:133284760-133287134,enhancer_hit,single
Rpa2_Heart_E11.5,chr4:132623369-132625358_chr4:133284760-133287134,enhancer_hit,single
Rph3al_Heart_Any,chr11:75811368-75813861_chr11:76130410-76132164,enhancer_hit,
Rph3al_Heart_Any,chr11:75934041-75935197_chr11:76371408-76376573,enhancer_hit,
Rpl3_Limb_Any,chr15:80124485-80126361_chr15:81061516-81063350,enhancer_hit,single
Rpl7l1_Heart_Any,chr17:47530913-47533154_chr17:47533938-47538391,enhancer_hit,single
Rpl7l1_Heart_Any,chr17:47530913-47533154_chr17:47616101-47619486,enhancer_hit,single
Rpl7l1_Heart_Any,chr17:47533938-47538391_chr17:47616101-47619486,enhancer_hit,single
Rpl7l1_Heart_Any,chr17:47616101-47619486_chr17:47742921-47743921,enhancer_hit,single
Rpl7l1_Heart_E11.5,chr17:47530913-47533154_chr17:47533938-47538391,enhancer_hit,single
Rpl7l1_Heart_E11.5,chr17:47530913-47533154_chr17:47616101-47619486,enhancer_hit,single
Rpl7l1_Heart_E11.5,chr17:47533938-47538391_chr17:47616101-47619486,enhancer_hit,single
Rpl7l1_Heart_E11.5,chr17:47616101-47619486_chr17:47742921-47743921,enhancer_hit,single
Rps27l_Limb_Any,chr9:66329272-66332001_chr9:67035033-67041209,enhancer_hit,single
Rps2_Limb_Any,chr17:24950862-24954457_chr17:25083681-25091344,enhancer_hit,
Rrad_Heart_Any,chr8:104602037-104614704_chr8:104626896-104628821,enhancer_hit,single
Rrad_Heart_E11.5,chr8:104602037-104614704_chr8:104626896-104628821,enhancer_hit,single
Rras2_Heart_Any,chr7:114063380-114067153_chr7:114103616-114106741,enhancer_hit,single
Rras2_Heart_Any,chr7:114063380-114067153_chr7:114180624-114182526,enhancer_hit,single
Rras2_Heart_Any,chr7:114103616-114106741_chr7:114180624-114182526,enhancer_hit,double
Rras2_Heart_E11.5,chr7:114063380-114067153_chr7:114103616-114106741,enhancer_hit,single
Rras2_Heart_E11.5,chr7:114063380-114067153_chr7:114180624-114182526,enhancer_hit,single
Rras2_Heart_E11.5,chr7:114103616-114106741_chr7:114180624-114182526,enhancer_hit,double
Rrbp1_Heart_Any,chr2:144003950-144008763_chr2:144274226-144277003,enhancer_hit,
Rrbp1_Heart_Any,chr2:144197898-144199932_chr2:144247230-144249174,enhancer_hit,single
Rrbp1_Heart_Any,chr2:144197898-144199932_chr2:144274226-144277003,enhancer_hit,single
Rrbp1_Heart_Any,chr2:144247230-144249174_chr2:144274226-144277003,enhancer_hit,single
Rrbp1_Heart_E11.5,chr2:144197898-144199932_chr2:144274226-144277003,enhancer_hit,single
Rrbp1_Limb_Any,chr2:143902814-143905280_chr2:144201840-144203322,enhancer_hit,
Rreb1_Heart_Any,chr13:37439407-37443788_chr13:37466180-37471268,enhancer_hit,
Rreb1_Heart_Any,chr13:37439407-37443788_chr13:37665833-37668301,enhancer_hit,single
Rreb1_Heart_Any,chr13:37466180-37471268_chr13:37503901-37506439,enhancer_hit,
Rreb1_Heart_Any,chr13:37466180-37471268_chr13:37656779-37658564,enhancer_hit,
Rreb1_Heart_Any,chr13:37466180-37471268_chr13:37665833-37668301,enhancer_hit,
Rreb1_Heart_Any,chr13:37466180-37471268_chr13:37740021-37741420,enhancer_hit,
Rreb1_Heart_Any,chr13:37466180-37471268_chr13:37875741-37886370,enhancer_hit,
Rreb1_Heart_Any,chr13:37503901-37506439_chr13:37875741-37886370,enhancer_hit,
Rreb1_Heart_Any,chr13:37665833-37668301_chr13:37875741-37886370,enhancer_hit,single
Rreb1_Heart_E11.5,chr13:37503901-37506439_chr13:37875741-37886370,enhancer_hit,
Rreb1_Heart_E11.5,chr13:37665833-37668301_chr13:37875741-37886370,enhancer_hit,single
Rreb1_Limb_Any,chr13:37439407-37443788_chr13:37466180-37471268,enhancer_hit,
Rreb1_Limb_Any,chr13:37466180-37471268_chr13:37503901-37506439,enhancer_hit,
Rreb1_Limb_Any,chr13:37466180-37471268_chr13:37875741-37886370,enhancer_hit,
Rreb1_Limb_Any,chr13:37503901-37506439_chr13:37875741-37886370,enhancer_hit,
Rtn4rl1_Heart_Any,chr11:74652014-74654672_chr11:75285579-75302191,enhancer_hit,single
Rtn4rl1_Heart_E11.5,chr11:74652014-74654672_chr11:75285579-75302191,enhancer_hit,single
Runx1t1_Limb_Any,chr4:12506419-12508120_chr4:13888995-13890904,enhancer_hit,
Ryr2_Heart_Any,chr13:12099853-12104445_chr13:12165472-12167232,enhancer_hit,single
Ryr2_Heart_Any,chr13:12126719-12135698_chr13:12165472-12167232,enhancer_hit,
S1pr2_Limb_Any,chr9:20970860-20974293_chr9:20986004-20988488,enhancer_hit,single
S1pr2_Limb_Any,chr9:20970860-20974293_chr9:20990469-20994591,enhancer_hit,single
S1pr2_Limb_Any,chr9:20986004-20988488_chr9:20990469-20994591,enhancer_hit,single
S1pr2_Limb_Any,chr9:20986004-20988488_chr9:21152903-21154809,enhancer_hit,single
S1pr2_Limb_Any,chr9:20990469-20994591_chr9:21152903-21154809,enhancer_hit,double
S1pr2_Limb_E11.5,chr9:20970860-20974293_chr9:20990469-20994591,enhancer_hit,single
S1pr3_Heart_Any,chr13:51016917-51019188_chr13:51327869-51329568,enhancer_hit,single
S1pr3_Heart_Any,chr13:51274456-51281370_chr13:51411117-51413122,enhancer_hit,single
S1pr3_Limb_Any,chr13:51016917-51019188_chr13:51327869-51329568,enhancer_hit,single
S1pr3_Limb_Any,chr13:51274456-51281370_chr13:51331226-51333193,enhancer_hit,
S1pr3_Limb_Any,chr13:51274456-51281370_chr13:51411117-51413122,enhancer_hit,single
S1pr3_Limb_E11.5,chr13:51016917-51019188_chr13:51327869-51329568,enhancer_hit,single
S1pr3_Limb_E11.5,chr13:51274456-51281370_chr13:51411117-51413122,enhancer_hit,single
Samd14_Forebrain_Any,chr11:94978827-94980334_chr11:95012378-95013492,enhancer_hit,single
Samd14_Forebrain_E11.5,chr11:94978827-94980334_chr11:95012378-95013492,enhancer_hit,single
Samd14_Heart_Any,chr11:94978827-94980334_chr11:95012378-95013492,enhancer_hit,single
Scarletltr_Forebrain_Any,chr9:64065444-64072258_chr9:64787919-64796382,enhancer_hit,single
Scarletltr_Heart_Any,chr9:64065444-64072258_chr9:64083402-64090047,enhancer_hit,double
Scarletltr_Heart_E11.5,chr9:64065444-64072258_chr9:64083402-64090047,enhancer_hit,double
Scarletltr_Limb_Any,chr9:64065444-64072258_chr9:64083402-64090047,enhancer_hit,double
Scarletltr_Limb_Any,chr9:64065444-64072258_chr9:64787919-64796382,enhancer_hit,single
Scarletltr_Limb_Any,chr9:64083402-64090047_chr9:64787919-64796382,enhancer_hit,single
Scarletltr_Limb_E11.5,chr9:64065444-64072258_chr9:64083402-64090047,enhancer_hit,double
Scfd1_Heart_Any,chr12:51699063-51700858_chr12:51882227-51884406,enhancer_hit,double
Schip1_Forebrain_Any,chr3:68586678-68590844_chr3:68602225-68605938,enhancer_hit,
Schip1_Forebrain_Any,chr3:68586678-68590844_chr3:68793529-68794974,enhancer_hit,
Schip1_Forebrain_Any,chr3:68602225-68605938_chr3:68793529-68794974,enhancer_hit,
Schip1_Forebrain_E11.5,chr3:68586678-68590844_chr3:68602225-68605938,enhancer_hit,
Schip1_Heart_Any,chr3:68586678-68590844_chr3:68602225-68605938,enhancer_hit,
Schip1_Heart_Any,chr3:68586678-68590844_chr3:68793529-68794974,enhancer_hit,
Schip1_Heart_Any,chr3:68602225-68605938_chr3:68793529-68794974,enhancer_hit,
Scn3b_Forebrain_Any,chr9:39556537-39558975_chr9:40240632-40243233,enhancer_hit,
Scn3b_Forebrain_E11.5,chr9:39556537-39558975_chr9:40240632-40243233,enhancer_hit,
Scube1_Heart_Any,chr15:83696179-83701252_chr15:83745928-83747205,enhancer_hit,single
Scube1_Limb_Any,chr15:83696179-83701252_chr15:83745928-83747205,enhancer_hit,single
Sdc1_Limb_Any,chr12:8773912-8784793_chr12:8824697-8825860,enhancer_hit,single
Sdc4_Heart_Any,chr2:163593657-163597925_chr2:164430149-164440686,enhancer_hit,
Sdc4_Heart_Any,chr2:163593657-163597925_chr2:164448699-164450387,enhancer_hit,single
Sdc4_Heart_Any,chr2:163673455-163677398_chr2:164510735-164514572,enhancer_hit,single
Sdc4_Heart_Any,chr2:164430149-164440686_chr2:164448699-164450387,enhancer_hit,single
Sdc4_Heart_E11.5,chr2:163673455-163677398_chr2:164510735-164514572,enhancer_hit,single
Sema3d_Heart_Any,chr5:12498844-12501091_chr5:12502254-12503682,enhancer_hit,single
Sema4b_Forebrain_Any,chr7:80189340-80196310_chr7:80197010-80211991,enhancer_hit,single
Sema4b_Forebrain_E11.5,chr7:80189340-80196310_chr7:80197010-80211991,enhancer_hit,single
Sema4b_Heart_Any,chr7:80189340-80196310_chr7:80197010-80211991,enhancer_hit,single
Sema4b_Heart_E11.5,chr7:80189340-80196310_chr7:80197010-80211991,enhancer_hit,single
Sema4b_Limb_Any,chr7:80189340-80196310_chr7:80197010-80211991,enhancer_hit,single
Sema4b_Limb_E11.5,chr7:80189340-80196310_chr7:80197010-80211991,enhancer_hit,single
Sema4d_Forebrain_Any,chr13:51775609-51780164_chr13:51815932-51817836,enhancer_hit,single
Sema4d_Heart_Any,chr13:51775609-51780164_chr13:51815932-51817836,enhancer_hit,single
Sema4d_Heart_E11.5,chr13:51775609-51780164_chr13:51815932-51817836,enhancer_hit,single
Sema5b_Forebrain_Any,chr16:35563553-35565571_chr16:35728534-35729940,enhancer_hit,single
Sema5b_Forebrain_Any,chr16:35584373-35589629_chr16:35728534-35729940,enhancer_hit,single
Sema5b_Forebrain_E11.5,chr16:35563553-35565571_chr16:35728534-35729940,enhancer_hit,single
Sema5b_Forebrain_E11.5,chr16:35584373-35589629_chr16:35728534-35729940,enhancer_hit,single
Sept10_Heart_Any,chr10:58340805-58344029_chr10:58398353-58399889,enhancer_hit,single
Sept10_Heart_Any,chr10:58340805-58344029_chr10:59310002-59311488,enhancer_hit,single
Sept10_Heart_Any,chr10:58340805-58344029_chr10:59636461-59639056,enhancer_hit,
Sept10_Heart_Any,chr10:58398353-58399889_chr10:59636461-59639056,enhancer_hit,
Sept10_Limb_Any,chr10:58340805-58344029_chr10:59636461-59639056,enhancer_hit,
Serhl_Heart_Any,chr15:83220225-83227883_chr15:83473357-83475338,enhancer_hit,single
Serhl_Limb_Any,chr15:83220225-83227883_chr15:83473357-83475338,enhancer_hit,single
Serhl_Limb_E11.5,chr15:83220225-83227883_chr15:83473357-83475338,enhancer_hit,single
Serinc3_Forebrain_Any,chr2:163681289-163689779_chr2:164005544-164009631,enhancer_hit,single
Serinc3_Heart_Any,chr2:163670415-163672755_chr2:163681289-163689779,enhancer_hit,single
Serinc3_Heart_Any,chr2:163670415-163672755_chr2:163696537-163700275,enhancer_hit,single
Serinc3_Heart_Any,chr2:163670415-163672755_chr2:163708135-163713803,enhancer_hit,double
Serinc3_Heart_Any,chr2:163681289-163689779_chr2:163696537-163700275,enhancer_hit,single
Serinc3_Heart_Any,chr2:163681289-163689779_chr2:163708135-163713803,enhancer_hit,single
Serinc3_Heart_Any,chr2:163696537-163700275_chr2:163708135-163713803,enhancer_hit,double
Serinc3_Heart_E11.5,chr2:163670415-163672755_chr2:163681289-163689779,enhancer_hit,single
Serinc3_Heart_E11.5,chr2:163670415-163672755_chr2:163696537-163700275,enhancer_hit,single
Serinc3_Heart_E11.5,chr2:163670415-163672755_chr2:163708135-163713803,enhancer_hit,double
Serinc3_Heart_E11.5,chr2:163681289-163689779_chr2:163696537-163700275,enhancer_hit,single
Serinc3_Heart_E11.5,chr2:163681289-163689779_chr2:163708135-163713803,enhancer_hit,single
Serinc3_Heart_E11.5,chr2:163696537-163700275_chr2:163708135-163713803,enhancer_hit,double
Serinc3_Limb_Any,chr2:163681289-163689779_chr2:163696537-163700275,enhancer_hit,single
Serinc3_Limb_Any,chr2:163681289-163689779_chr2:164005544-164009631,enhancer_hit,single
Serinc3_Limb_Any,chr2:163696537-163700275_chr2:164005544-164009631,enhancer_hit,single
Serinc3_Limb_E11.5,chr2:163696537-163700275_chr2:164005544-164009631,enhancer_hit,single
Serpinb9_Heart_Any,chr13:32911961-32914139_chr13:32956043-32959449,enhancer_hit,
Serpinh1_Heart_Any,chr7:98548245-98549245_chr7:99125116-99128314,enhancer_hit,single
Serpinh1_Heart_Any,chr7:98548245-98549245_chr7:99407499-99412311,enhancer_hit,
Serpinh1_Heart_Any,chr7:98983889-98987036_chr7:99125116-99128314,enhancer_hit,single
Serpinh1_Heart_Any,chr7:99125116-99128314_chr7:99355730-99358082,enhancer_hit,single
Serpinh1_Heart_Any,chr7:99125116-99128314_chr7:99407499-99412311,enhancer_hit,single
Serpinh1_Heart_E11.5,chr7:98983889-98987036_chr7:99125116-99128314,enhancer_hit,single
Serpinh1_Heart_E11.5,chr7:99125116-99128314_chr7:99355730-99358082,enhancer_hit,single
Serpinh1_Heart_E11.5,chr7:99125116-99128314_chr7:99407499-99412311,enhancer_hit,single
Serpinh1_Limb_Any,chr7:98983889-98987036_chr7:99125116-99128314,enhancer_hit,single
Serpinh1_Limb_Any,chr7:99125116-99128314_chr7:99355730-99358082,enhancer_hit,single
Serpinh1_Limb_E11.5,chr7:98983889-98987036_chr7:99125116-99128314,enhancer_hit,single
Serpinh1_Limb_E11.5,chr7:99125116-99128314_chr7:99355730-99358082,enhancer_hit,single
Sertad1_Heart_Any,chr7:27489409-27494350_chr7:27501823-27503437,enhancer_hit,single
Sertad1_Heart_E11.5,chr7:27489409-27494350_chr7:27501823-27503437,enhancer_hit,single
Setbp1_Forebrain_Any,chr18:78487316-78490524_chr18:79066941-79073060,enhancer_hit,single
Setbp1_Forebrain_Any,chr18:79047733-79053195_chr18:79066941-79073060,enhancer_hit,single
Setbp1_Forebrain_E11.5,chr18:78487316-78490524_chr18:79066941-79073060,enhancer_hit,single
Setbp1_Forebrain_E11.5,chr18:79047733-79053195_chr18:79066941-79073060,enhancer_hit,single
Sez6_Forebrain_Any,chr11:77847257-77852720_chr11:77899806-77904499,enhancer_hit,single
Sez6_Forebrain_Any,chr11:77866540-77873437_chr11:77896596-77899167,enhancer_hit,single
Sez6_Forebrain_Any,chr11:77866540-77873437_chr11:77899806-77904499,enhancer_hit,single
Sez6_Forebrain_Any,chr11:77896596-77899167_chr11:77899806-77904499,enhancer_hit,single
Sez6_Forebrain_E11.5,chr11:77866540-77873437_chr11:77896596-77899167,enhancer_hit,single
Sfta2_Heart_Any,chr17:35634280-35640496_chr17:35802829-35804926,enhancer_hit,double
Sgca_Heart_Any,chr11:95489734-95490887_chr11:97285696-97286696,enhancer_hit,single
Sgca_Heart_Any,chr11:97285696-97286696_chr11:97419388-97420388,enhancer_hit,double
Sgms1_Heart_Any,chr19:32174380-32175380_chr19:32178044-32183784,enhancer_hit,single
Sgms1_Heart_Any,chr19:32174380-32175380_chr19:32185589-32190176,enhancer_hit,single
Sgms1_Heart_Any,chr19:32174380-32175380_chr19:32195297-32198456,enhancer_hit,
Sgms1_Heart_Any,chr19:32174380-32175380_chr19:32236634-32241497,enhancer_hit,
Sgms1_Heart_Any,chr19:32174380-32175380_chr19:32328564-32331332,enhancer_hit,single
Sgms1_Heart_Any,chr19:32178044-32183784_chr19:32185589-32190176,enhancer_hit,single
Sgms1_Heart_Any,chr19:32178044-32183784_chr19:32236634-32241497,enhancer_hit,single
Sgms1_Heart_Any,chr19:32178044-32183784_chr19:32328564-32331332,enhancer_hit,single
Sgms1_Heart_Any,chr19:32185589-32190176_chr19:32195297-32198456,enhancer_hit,
Sgms1_Heart_Any,chr19:32185589-32190176_chr19:32252228-32257252,enhancer_hit,single
Sgms1_Heart_Any,chr19:32185589-32190176_chr19:32318880-32324534,enhancer_hit,single
Sgms1_Heart_Any,chr19:32185589-32190176_chr19:32328564-32331332,enhancer_hit,single
Sgms1_Heart_Any,chr19:32195297-32198456_chr19:32328564-32331332,enhancer_hit,
Sgms1_Heart_Any,chr19:32236634-32241497_chr19:32328564-32331332,enhancer_hit,
Sgms1_Heart_Any,chr19:32252228-32257252_chr19:32328564-32331332,enhancer_hit,single
Sgms1_Heart_Any,chr19:32291565-32294812_chr19:32318880-32324534,enhancer_hit,
Sgms1_Heart_E11.5,chr19:32174380-32175380_chr19:32178044-32183784,enhancer_hit,single
Sgms1_Heart_E11.5,chr19:32174380-32175380_chr19:32185589-32190176,enhancer_hit,single
Sgms1_Heart_E11.5,chr19:32174380-32175380_chr19:32195297-32198456,enhancer_hit,
Sgms1_Heart_E11.5,chr19:32178044-32183784_chr19:32185589-32190176,enhancer_hit,single
Sgms1_Heart_E11.5,chr19:32185589-32190176_chr19:32195297-32198456,enhancer_hit,
Sgms1_Heart_E11.5,chr19:32185589-32190176_chr19:32252228-32257252,enhancer_hit,single
Sgms1_Limb_Any,chr19:32291565-32294812_chr19:32318880-32324534,enhancer_hit,
Sgsh_Heart_Any,chr11:119945262-119949877_chr11:119954164-119956599,enhancer_hit,
Sgsh_Heart_E11.5,chr11:119945262-119949877_chr11:119954164-119956599,enhancer_hit,
Sgsm2_Forebrain_Any,chr11:74870694-74872060_chr11:74875963-74877707,enhancer_hit,single
Sh3pxd2a_Heart_Any,chr19:47276089-47278085_chr19:47296843-47298541,enhancer_hit,single
Sh3pxd2a_Heart_Any,chr19:47276089-47278085_chr19:47658880-47660655,enhancer_hit,single
Sh3pxd2a_Heart_Any,chr19:47310572-47321859_chr19:47329897-47331955,enhancer_hit,single
Sh3pxd2a_Heart_Any,chr19:47310572-47321859_chr19:47468329-47469750,enhancer_hit,single
Sh3pxd2a_Heart_E11.5,chr19:47310572-47321859_chr19:47329897-47331955,enhancer_hit,single
Sh3pxd2a_Limb_Any,chr19:47276089-47278085_chr19:47296843-47298541,enhancer_hit,single
Sh3pxd2a_Limb_Any,chr19:47276089-47278085_chr19:47658880-47660655,enhancer_hit,single
Sh3pxd2a_Limb_Any,chr19:47310572-47321859_chr19:47329897-47331955,enhancer_hit,single
Sh3pxd2a_Limb_E11.5,chr19:47310572-47321859_chr19:47329897-47331955,enhancer_hit,single
Sh3rf1_Forebrain_Any,chr8:61384321-61389200_chr8:61402432-61405303,enhancer_hit,single
Sh3rf1_Forebrain_Any,chr8:61402432-61405303_chr8:61445074-61447828,enhancer_hit,single
Sh3rf1_Forebrain_E11.5,chr8:61384321-61389200_chr8:61402432-61405303,enhancer_hit,single
Sh3rf1_Limb_Any,chr8:61384321-61389200_chr8:61402432-61405303,enhancer_hit,single
Sh3tc1_Heart_Any,chr5:35736477-35741785_chr5:36552428-36555314,enhancer_hit,double
She_Heart_Any,chr3:89447895-89450048_chr3:89846930-89848690,enhancer_hit,single
She_Heart_Any,chr3:89447895-89450048_chr3:89851903-89855482,enhancer_hit,
She_Heart_Any,chr3:89447895-89450048_chr3:89938106-89939106,enhancer_hit,
She_Heart_Any,chr3:89447895-89450048_chr3:90208456-90209626,enhancer_hit,single
She_Heart_Any,chr3:89447895-89450048_chr3:90445385-90449082,enhancer_hit,
She_Heart_Any,chr3:89846930-89848690_chr3:89851903-89855482,enhancer_hit,single
She_Heart_Any,chr3:89846930-89848690_chr3:90203235-90204235,enhancer_hit,single
She_Heart_Any,chr3:89846930-89848690_chr3:90208456-90209626,enhancer_hit,double
She_Heart_Any,chr3:89846930-89848690_chr3:90445385-90449082,enhancer_hit,single
She_Heart_Any,chr3:89851903-89855482_chr3:89938106-89939106,enhancer_hit,single
She_Heart_Any,chr3:89851903-89855482_chr3:90203235-90204235,enhancer_hit,single
She_Heart_Any,chr3:89851903-89855482_chr3:90208456-90209626,enhancer_hit,single
She_Heart_Any,chr3:89851903-89855482_chr3:90445385-90449082,enhancer_hit,single
She_Heart_Any,chr3:89938106-89939106_chr3:90208456-90209626,enhancer_hit,single
She_Heart_Any,chr3:89938106-89939106_chr3:90445385-90449082,enhancer_hit,single
She_Heart_Any,chr3:90203235-90204235_chr3:90445385-90449082,enhancer_hit,single
She_Heart_Any,chr3:90208456-90209626_chr3:90445385-90449082,enhancer_hit,double
She_Heart_E11.5,chr3:89447895-89450048_chr3:89846930-89848690,enhancer_hit,single
She_Heart_E11.5,chr3:89447895-89450048_chr3:89851903-89855482,enhancer_hit,
She_Heart_E11.5,chr3:89447895-89450048_chr3:90445385-90449082,enhancer_hit,
She_Heart_E11.5,chr3:89846930-89848690_chr3:89851903-89855482,enhancer_hit,single
She_Heart_E11.5,chr3:89846930-89848690_chr3:90445385-90449082,enhancer_hit,single
She_Heart_E11.5,chr3:89851903-89855482_chr3:90445385-90449082,enhancer_hit,single
Shroom3_Forebrain_Any,chr5:92811988-92814004_chr5:92904582-92911920,enhancer_hit,single
Shroom3_Forebrain_Any,chr5:92811988-92814004_chr5:92957571-92963112,enhancer_hit,single
Shroom3_Forebrain_Any,chr5:92811988-92814004_chr5:92999643-93003793,enhancer_hit,single
Shroom3_Forebrain_Any,chr5:92811988-92814004_chr5:93136162-93138829,enhancer_hit,
Shroom3_Forebrain_Any,chr5:92904582-92911920_chr5:92999643-93003793,enhancer_hit,single
Shroom3_Forebrain_Any,chr5:92904582-92911920_chr5:93136162-93138829,enhancer_hit,
Shroom3_Forebrain_Any,chr5:92957571-92963112_chr5:92999643-93003793,enhancer_hit,single
Shroom3_Forebrain_Any,chr5:92999643-93003793_chr5:93136162-93138829,enhancer_hit,
Shroom3_Forebrain_E11.5,chr5:92811988-92814004_chr5:92904582-92911920,enhancer_hit,single
Shroom3_Heart_Any,chr5:92744572-92747294_chr5:92761894-92764423,enhancer_hit,
Shroom3_Heart_Any,chr5:92744572-92747294_chr5:92811988-92814004,enhancer_hit,
Shroom3_Heart_Any,chr5:92744572-92747294_chr5:92885689-92891785,enhancer_hit,
Shroom3_Heart_Any,chr5:92744572-92747294_chr5:92902967-92904014,enhancer_hit,
Shroom3_Heart_Any,chr5:92744572-92747294_chr5:92904582-92911920,enhancer_hit,single
Shroom3_Heart_Any,chr5:92744572-92747294_chr5:92920577-92921577,enhancer_hit,single
Shroom3_Heart_Any,chr5:92744572-92747294_chr5:92927142-92935036,enhancer_hit,
Shroom3_Heart_Any,chr5:92744572-92747294_chr5:92938755-92940723,enhancer_hit,
Shroom3_Heart_Any,chr5:92744572-92747294_chr5:92996105-92999052,enhancer_hit,
Shroom3_Heart_Any,chr5:92744572-92747294_chr5:92999643-93003793,enhancer_hit,
Shroom3_Heart_Any,chr5:92744572-92747294_chr5:93024145-93027663,enhancer_hit,single
Shroom3_Heart_Any,chr5:92744572-92747294_chr5:93136162-93138829,enhancer_hit,
Shroom3_Heart_Any,chr5:92761894-92764423_chr5:92902967-92904014,enhancer_hit,single
Shroom3_Heart_Any,chr5:92761894-92764423_chr5:92920577-92921577,enhancer_hit,single
Shroom3_Heart_Any,chr5:92761894-92764423_chr5:92957571-92963112,enhancer_hit,single
Shroom3_Heart_Any,chr5:92761894-92764423_chr5:92996105-92999052,enhancer_hit,double
Shroom3_Heart_Any,chr5:92761894-92764423_chr5:93004887-93006559,enhancer_hit,double
Shroom3_Heart_Any,chr5:92761894-92764423_chr5:93024145-93027663,enhancer_hit,single
Shroom3_Heart_Any,chr5:92772608-92775063_chr5:92811988-92814004,enhancer_hit,single
Shroom3_Heart_Any,chr5:92772608-92775063_chr5:92957571-92963112,enhancer_hit,single
Shroom3_Heart_Any,chr5:92772608-92775063_chr5:92999643-93003793,enhancer_hit,single
Shroom3_Heart_Any,chr5:92772608-92775063_chr5:93024145-93027663,enhancer_hit,single
Shroom3_Heart_Any,chr5:92772608-92775063_chr5:93136162-93138829,enhancer_hit,
Shroom3_Heart_Any,chr5:92811988-92814004_chr5:92885689-92891785,enhancer_hit,single
Shroom3_Heart_Any,chr5:92811988-92814004_chr5:92904582-92911920,enhancer_hit,single
Shroom3_Heart_Any,chr5:92811988-92814004_chr5:92938755-92940723,enhancer_hit,single
Shroom3_Heart_Any,chr5:92811988-92814004_chr5:92957571-92963112,enhancer_hit,single
Shroom3_Heart_Any,chr5:92811988-92814004_chr5:92999643-93003793,enhancer_hit,single
Shroom3_Heart_Any,chr5:92811988-92814004_chr5:93024145-93027663,enhancer_hit,
Shroom3_Heart_Any,chr5:92811988-92814004_chr5:93136162-93138829,enhancer_hit,
Shroom3_Heart_Any,chr5:92822810-92827310_chr5:92879700-92881685,enhancer_hit,single
Shroom3_Heart_Any,chr5:92822810-92827310_chr5:92885689-92891785,enhancer_hit,single
Shroom3_Heart_Any,chr5:92885689-92891785_chr5:92904582-92911920,enhancer_hit,single
Shroom3_Heart_Any,chr5:92885689-92891785_chr5:92938755-92940723,enhancer_hit,
Shroom3_Heart_Any,chr5:92885689-92891785_chr5:92999643-93003793,enhancer_hit,single
Shroom3_Heart_Any,chr5:92885689-92891785_chr5:93024145-93027663,enhancer_hit,single
Shroom3_Heart_Any,chr5:92885689-92891785_chr5:93136162-93138829,enhancer_hit,single
Shroom3_Heart_Any,chr5:92902967-92904014_chr5:92920577-92921577,enhancer_hit,single
Shroom3_Heart_Any,chr5:92904582-92911920_chr5:92938755-92940723,enhancer_hit,
Shroom3_Heart_Any,chr5:92904582-92911920_chr5:92999643-93003793,enhancer_hit,single
Shroom3_Heart_Any,chr5:92904582-92911920_chr5:93024145-93027663,enhancer_hit,single
Shroom3_Heart_Any,chr5:92904582-92911920_chr5:93136162-93138829,enhancer_hit,
Shroom3_Heart_Any,chr5:92920577-92921577_chr5:92957571-92963112,enhancer_hit,
Shroom3_Heart_Any,chr5:92920577-92921577_chr5:92996105-92999052,enhancer_hit,single
Shroom3_Heart_Any,chr5:92920577-92921577_chr5:93004887-93006559,enhancer_hit,single
Shroom3_Heart_Any,chr5:92920577-92921577_chr5:93024145-93027663,enhancer_hit,single
Shroom3_Heart_Any,chr5:92938755-92940723_chr5:92999643-93003793,enhancer_hit,
Shroom3_Heart_Any,chr5:92938755-92940723_chr5:93024145-93027663,enhancer_hit,
Shroom3_Heart_Any,chr5:92938755-92940723_chr5:93136162-93138829,enhancer_hit,
Shroom3_Heart_Any,chr5:92957571-92963112_chr5:92999643-93003793,enhancer_hit,single
Shroom3_Heart_Any,chr5:92996105-92999052_chr5:93024145-93027663,enhancer_hit,single
Shroom3_Heart_Any,chr5:92999643-93003793_chr5:93024145-93027663,enhancer_hit,single
Shroom3_Heart_Any,chr5:92999643-93003793_chr5:93136162-93138829,enhancer_hit,
Shroom3_Heart_Any,chr5:93024145-93027663_chr5:93136162-93138829,enhancer_hit,
Shroom3_Heart_E11.5,chr5:92744572-92747294_chr5:92811988-92814004,enhancer_hit,
Shroom3_Heart_E11.5,chr5:92744572-92747294_chr5:92885689-92891785,enhancer_hit,
Shroom3_Heart_E11.5,chr5:92744572-92747294_chr5:92904582-92911920,enhancer_hit,single
Shroom3_Heart_E11.5,chr5:92744572-92747294_chr5:92927142-92935036,enhancer_hit,
Shroom3_Heart_E11.5,chr5:92744572-92747294_chr5:92996105-92999052,enhancer_hit,
Shroom3_Heart_E11.5,chr5:92744572-92747294_chr5:92999643-93003793,enhancer_hit,
Shroom3_Heart_E11.5,chr5:92744572-92747294_chr5:93024145-93027663,enhancer_hit,single
Shroom3_Heart_E11.5,chr5:92744572-92747294_chr5:93136162-93138829,enhancer_hit,
Shroom3_Heart_E11.5,chr5:92772608-92775063_chr5:92811988-92814004,enhancer_hit,single
Shroom3_Heart_E11.5,chr5:92772608-92775063_chr5:92957571-92963112,enhancer_hit,single
Shroom3_Heart_E11.5,chr5:92772608-92775063_chr5:92999643-93003793,enhancer_hit,single
Shroom3_Heart_E11.5,chr5:92772608-92775063_chr5:93024145-93027663,enhancer_hit,single
Shroom3_Heart_E11.5,chr5:92772608-92775063_chr5:93136162-93138829,enhancer_hit,
Shroom3_Heart_E11.5,chr5:92811988-92814004_chr5:92885689-92891785,enhancer_hit,single
Shroom3_Heart_E11.5,chr5:92811988-92814004_chr5:92904582-92911920,enhancer_hit,single
Shroom3_Heart_E11.5,chr5:92811988-92814004_chr5:92957571-92963112,enhancer_hit,single
Shroom3_Heart_E11.5,chr5:92811988-92814004_chr5:92999643-93003793,enhancer_hit,single
Shroom3_Heart_E11.5,chr5:92811988-92814004_chr5:93024145-93027663,enhancer_hit,
Shroom3_Heart_E11.5,chr5:92811988-92814004_chr5:93136162-93138829,enhancer_hit,
Shroom3_Heart_E11.5,chr5:92822810-92827310_chr5:92885689-92891785,enhancer_hit,single
Shroom3_Heart_E11.5,chr5:92885689-92891785_chr5:92904582-92911920,enhancer_hit,single
Shroom3_Heart_E11.5,chr5:92885689-92891785_chr5:92999643-93003793,enhancer_hit,single
Shroom3_Heart_E11.5,chr5:92885689-92891785_chr5:93024145-93027663,enhancer_hit,single
Shroom3_Heart_E11.5,chr5:92885689-92891785_chr5:93136162-93138829,enhancer_hit,single
Shroom3_Heart_E11.5,chr5:92904582-92911920_chr5:92999643-93003793,enhancer_hit,single
Shroom3_Heart_E11.5,chr5:92904582-92911920_chr5:93024145-93027663,enhancer_hit,single
Shroom3_Heart_E11.5,chr5:92904582-92911920_chr5:93136162-93138829,enhancer_hit,
Shroom3_Heart_E11.5,chr5:92957571-92963112_chr5:92999643-93003793,enhancer_hit,single
Shroom3_Heart_E11.5,chr5:92996105-92999052_chr5:93024145-93027663,enhancer_hit,single
Shroom3_Heart_E11.5,chr5:92999643-93003793_chr5:93024145-93027663,enhancer_hit,single
Shroom3_Heart_E11.5,chr5:92999643-93003793_chr5:93136162-93138829,enhancer_hit,
Shroom3_Heart_E11.5,chr5:93024145-93027663_chr5:93136162-93138829,enhancer_hit,
Shroom3_Limb_Any,chr5:92885689-92891785_chr5:92904582-92911920,enhancer_hit,single
Shroom3_Limb_Any,chr5:92885689-92891785_chr5:92999643-93003793,enhancer_hit,single
Shroom3_Limb_Any,chr5:92885689-92891785_chr5:93024145-93027663,enhancer_hit,single
Shroom3_Limb_Any,chr5:92885689-92891785_chr5:93136162-93138829,enhancer_hit,single
Shroom3_Limb_Any,chr5:92904582-92911920_chr5:92999643-93003793,enhancer_hit,single
Shroom3_Limb_Any,chr5:92904582-92911920_chr5:93024145-93027663,enhancer_hit,single
Shroom3_Limb_Any,chr5:92904582-92911920_chr5:93136162-93138829,enhancer_hit,
Shroom3_Limb_Any,chr5:92957571-92963112_chr5:92999643-93003793,enhancer_hit,single
Shroom3_Limb_Any,chr5:92996105-92999052_chr5:93024145-93027663,enhancer_hit,single
Shroom3_Limb_Any,chr5:92999643-93003793_chr5:93024145-93027663,enhancer_hit,single
Shroom3_Limb_Any,chr5:92999643-93003793_chr5:93136162-93138829,enhancer_hit,
Shroom3_Limb_Any,chr5:93024145-93027663_chr5:93136162-93138829,enhancer_hit,
Shroom3_Limb_E11.5,chr5:92904582-92911920_chr5:92999643-93003793,enhancer_hit,single
Shroom3_Limb_E11.5,chr5:92904582-92911920_chr5:93024145-93027663,enhancer_hit,single
Shroom3_Limb_E11.5,chr5:92904582-92911920_chr5:93136162-93138829,enhancer_hit,
Shroom3_Limb_E11.5,chr5:92996105-92999052_chr5:93024145-93027663,enhancer_hit,single
Shroom3_Limb_E11.5,chr5:92999643-93003793_chr5:93024145-93027663,enhancer_hit,single
Shroom3_Limb_E11.5,chr5:92999643-93003793_chr5:93136162-93138829,enhancer_hit,
Shroom3_Limb_E11.5,chr5:93024145-93027663_chr5:93136162-93138829,enhancer_hit,
Sik1_Forebrain_Any,chr17:31911530-31921672_chr17:32022276-32023276,enhancer_hit,single
Sik3_Heart_Any,chr9:46030907-46033573_chr9:46156195-46159348,enhancer_hit,single
Sik3_Heart_Any,chr9:46030907-46033573_chr9:46255671-46258465,enhancer_hit,single
Sik3_Heart_Any,chr9:46156195-46159348_chr9:46255671-46258465,enhancer_hit,single
Sik3_Heart_E11.5,chr9:46156195-46159348_chr9:46255671-46258465,enhancer_hit,single
Sipa1l2_Forebrain_Any,chr8:125168421-125170410_chr8:125556114-125564779,enhancer_hit,single
Sipa1l2_Heart_Any,chr8:125509388-125519503_chr8:125521218-125524218,enhancer_hit,
Sirt6_Forebrain_Any,chr10:83048827-83050222_chr10:83105153-83109148,enhancer_hit,
Sirt6_Forebrain_Any,chr10:83048827-83050222_chr10:83630982-83631982,enhancer_hit,
Sirt6_Forebrain_Any,chr10:83105153-83109148_chr10:83630982-83631982,enhancer_hit,
Six4_Heart_Any,chr12:73011928-73013465_chr12:73460126-73462985,enhancer_hit,
Six4_Limb_Any,chr12:73034414-73044679_chr12:73049679-73054944,enhancer_hit,
Six4_Limb_E11.5,chr12:73034414-73044679_chr12:73049679-73054944,enhancer_hit,
Ski_Forebrain_Any,chr4:155119750-155124003_chr4:155280690-155285877,enhancer_hit,
Ski_Forebrain_Any,chr4:155280690-155285877_chr4:155287350-155288350,enhancer_hit,single
Ski_Heart_Any,chr4:155119750-155124003_chr4:155280690-155285877,enhancer_hit,single
Ski_Heart_E11.5,chr4:155119750-155124003_chr4:155280690-155285877,enhancer_hit,single
Ski_Limb_Any,chr4:155119750-155124003_chr4:155280690-155285877,enhancer_hit,
Ski_Limb_Any,chr4:155280690-155285877_chr4:155287350-155288350,enhancer_hit,single
Ski_Limb_E11.5,chr4:155119750-155124003_chr4:155280690-155285877,enhancer_hit,single
Slc12a4_Heart_Any,chr8:105338461-105345453_chr8:105361249-105362914,enhancer_hit,
Slc12a4_Heart_Any,chr8:105338461-105345453_chr8:105477240-105478697,enhancer_hit,single
Slc12a4_Heart_Any,chr8:105338461-105345453_chr8:105593554-105597166,enhancer_hit,single
Slc12a4_Heart_Any,chr8:105338461-105345453_chr8:105714366-105715716,enhancer_hit,single
Slc12a4_Heart_Any,chr8:105477240-105478697_chr8:105593554-105597166,enhancer_hit,single
Slc12a4_Heart_Any,chr8:105477240-105478697_chr8:105749970-105751649,enhancer_hit,single
Slc12a4_Heart_Any,chr8:105714366-105715716_chr8:105749970-105751649,enhancer_hit,single
Slc12a4_Heart_E11.5,chr8:105338461-105345453_chr8:105593554-105597166,enhancer_hit,single
Slc16a10_Heart_Any,chr10:40124406-40127003_chr10:40131226-40134514,enhancer_hit,single
Slc16a10_Heart_E11.5,chr10:40124406-40127003_chr10:40131226-40134514,enhancer_hit,single
Slc16a3_Heart_Any,chr11:120703104-120706947_chr11:120922362-120923878,enhancer_hit,single
Slc16a3_Heart_E11.5,chr11:120703104-120706947_chr11:120922362-120923878,enhancer_hit,single
Slc1a3_Forebrain_Any,chr15:8657833-8661545_chr15:8814697-8816582,enhancer_hit,single
Slc1a3_Forebrain_E11.5,chr15:8657833-8661545_chr15:8814697-8816582,enhancer_hit,single
Slc1a5_Heart_Any,chr7:16294125-16298029_chr7:16325231-16327276,enhancer_hit,double
Slc1a5_Heart_Any,chr7:16294125-16298029_chr7:16349327-16350715,enhancer_hit,double
Slc1a5_Heart_Any,chr7:16294125-16298029_chr7:16414834-16426665,enhancer_hit,double
Slc1a5_Heart_Any,chr7:16325231-16327276_chr7:16349327-16350715,enhancer_hit,single
Slc1a5_Heart_Any,chr7:16325231-16327276_chr7:16414834-16426665,enhancer_hit,double
Slc1a5_Heart_Any,chr7:16325231-16327276_chr7:16791531-16794116,enhancer_hit,single
Slc1a5_Heart_Any,chr7:16349327-16350715_chr7:16414834-16426665,enhancer_hit,single
Slc1a5_Heart_Any,chr7:16349327-16350715_chr7:16791531-16794116,enhancer_hit,double
Slc1a5_Heart_Any,chr7:16414834-16426665_chr7:16791531-16794116,enhancer_hit,single
Slc1a5_Heart_Any,chr7:16783845-16785376_chr7:16791531-16794116,enhancer_hit,single
Slc1a5_Heart_E11.5,chr7:16294125-16298029_chr7:16325231-16327276,enhancer_hit,double
Slc1a5_Heart_E11.5,chr7:16294125-16298029_chr7:16349327-16350715,enhancer_hit,double
Slc1a5_Heart_E11.5,chr7:16294125-16298029_chr7:16414834-16426665,enhancer_hit,double
Slc1a5_Heart_E11.5,chr7:16325231-16327276_chr7:16349327-16350715,enhancer_hit,single
Slc1a5_Heart_E11.5,chr7:16325231-16327276_chr7:16414834-16426665,enhancer_hit,double
Slc1a5_Heart_E11.5,chr7:16349327-16350715_chr7:16414834-16426665,enhancer_hit,single
Slc20a2_Heart_Any,chr8:22491279-22495065_chr8:22520286-22523735,enhancer_hit,single
Slc20a2_Heart_Any,chr8:22491279-22495065_chr8:22601185-22602882,enhancer_hit,single
Slc20a2_Heart_Any,chr8:22520286-22523735_chr8:22529699-22532581,enhancer_hit,single
Slc20a2_Heart_Any,chr8:22520286-22523735_chr8:22601185-22602882,enhancer_hit,
Slc20a2_Heart_E11.5,chr8:22491279-22495065_chr8:22520286-22523735,enhancer_hit,single
Slc20a2_Heart_E11.5,chr8:22491279-22495065_chr8:22601185-22602882,enhancer_hit,single
Slc20a2_Heart_E11.5,chr8:22520286-22523735_chr8:22529699-22532581,enhancer_hit,single
Slc20a2_Heart_E11.5,chr8:22520286-22523735_chr8:22601185-22602882,enhancer_hit,
Slc22a23_Forebrain_Any,chr13:34286048-34293396_chr13:34311562-34315312,enhancer_hit,single
Slc22a23_Forebrain_E11.5,chr13:34286048-34293396_chr13:34311562-34315312,enhancer_hit,single
Slc25a10_Heart_Any,chr11:120506100-120511401_chr11:120897388-120904056,enhancer_hit,single
Slc25a4_Heart_Any,chr8:46216245-46218180_chr8:46421101-46422517,enhancer_hit,single
Slc2a3_Forebrain_Any,chr6:122760835-122767092_chr6:122768669-122771098,enhancer_hit,single
Slc31a2_Heart_Any,chr4:62346418-62349846_chr4:63048223-63054151,enhancer_hit,
Slc31a2_Heart_Any,chr4:62346418-62349846_chr4:63070976-63072927,enhancer_hit,single
Slc31a2_Heart_Any,chr4:63004704-63007588_chr4:63048223-63054151,enhancer_hit,
Slc31a2_Heart_Any,chr4:63048223-63054151_chr4:63070976-63072927,enhancer_hit,
Slc31a2_Heart_E11.5,chr4:62346418-62349846_chr4:63048223-63054151,enhancer_hit,
Slc31a2_Heart_E11.5,chr4:63004704-63007588_chr4:63048223-63054151,enhancer_hit,
Slc38a4_Heart_Any,chr15:96741637-96745580_chr15:96999073-97007085,enhancer_hit,
Slc38a4_Heart_Any,chr15:96741637-96745580_chr15:97101068-97106142,enhancer_hit,
Slc38a4_Heart_Any,chr15:96999073-97007085_chr15:97026873-97034743,enhancer_hit,single
Slc38a4_Heart_Any,chr15:96999073-97007085_chr15:97040436-97045002,enhancer_hit,
Slc38a4_Heart_E11.5,chr15:96741637-96745580_chr15:96999073-97007085,enhancer_hit,
Slc38a4_Heart_E11.5,chr15:96741637-96745580_chr15:97101068-97106142,enhancer_hit,
Slc38a4_Heart_E11.5,chr15:96999073-97007085_chr15:97026873-97034743,enhancer_hit,single
Slc38a4_Heart_E11.5,chr15:96999073-97007085_chr15:97040436-97045002,enhancer_hit,
Slc38a4_Limb_Any,chr15:96999073-97007085_chr15:97026873-97034743,enhancer_hit,single
Slc38a4_Limb_Any,chr15:96999073-97007085_chr15:97040436-97045002,enhancer_hit,
Slc38a4_Limb_E11.5,chr15:96999073-97007085_chr15:97026873-97034743,enhancer_hit,single
Slc38a4_Limb_E11.5,chr15:96999073-97007085_chr15:97040436-97045002,enhancer_hit,
Slc41a2_Forebrain_Any,chr10:82082855-82083855_chr10:82127160-82128641,enhancer_hit,single
Slc7a7_Heart_Any,chr14:54230498-54237463_chr14:54785207-54787300,enhancer_hit,single
Slc7a7_Heart_E11.5,chr14:54230498-54237463_chr14:54785207-54787300,enhancer_hit,single
Slc8a1_Forebrain_Any,chr17:81666921-81672776_chr17:81729208-81741867,enhancer_hit,single
Slc8a1_Heart_Any,chr17:81666921-81672776_chr17:81729208-81741867,enhancer_hit,single
Slc8a1_Heart_E11.5,chr17:81666921-81672776_chr17:81729208-81741867,enhancer_hit,single
Slc9a8_Forebrain_Any,chr2:165887374-165890805_chr2:167430103-167432425,enhancer_hit,single
Slc9a8_Forebrain_E11.5,chr2:165887374-165890805_chr2:167430103-167432425,enhancer_hit,single
Slc9a8_Heart_Any,chr2:165887374-165890805_chr2:167430103-167432425,enhancer_hit,single
Slc9a8_Heart_Any,chr2:167211902-167213438_chr2:167430103-167432425,enhancer_hit,single
Slc9a8_Heart_E11.5,chr2:165887374-165890805_chr2:167430103-167432425,enhancer_hit,single
Slk_Forebrain_Any,chr19:47401528-47404528_chr19:47444854-47461911,enhancer_hit,single
Slk_Forebrain_Any,chr19:47401528-47404528_chr19:47507267-47510481,enhancer_hit,
Slk_Forebrain_Any,chr19:47444854-47461911_chr19:47507267-47510481,enhancer_hit,
Slk_Forebrain_E11.5,chr19:47401528-47404528_chr19:47507267-47510481,enhancer_hit,
Slk_Heart_Any,chr19:46926189-46930487_chr19:46974626-46976873,enhancer_hit,single
Slk_Heart_Any,chr19:46926189-46930487_chr19:47444854-47461911,enhancer_hit,
Slk_Heart_Any,chr19:46926189-46930487_chr19:47515481-47519645,enhancer_hit,single
Slk_Heart_Any,chr19:46926189-46930487_chr19:47558883-47563444,enhancer_hit,
Slk_Heart_Any,chr19:46974626-46976873_chr19:47383022-47389075,enhancer_hit,double
Slk_Heart_Any,chr19:46974626-46976873_chr19:47444854-47461911,enhancer_hit,single
Slk_Heart_Any,chr19:46974626-46976873_chr19:47515481-47519645,enhancer_hit,single
Slk_Heart_Any,chr19:46974626-46976873_chr19:47558883-47563444,enhancer_hit,single
Slk_Heart_Any,chr19:47383022-47389075_chr19:47444854-47461911,enhancer_hit,
Slk_Heart_Any,chr19:47401528-47404528_chr19:47444854-47461911,enhancer_hit,single
Slk_Heart_Any,chr19:47401528-47404528_chr19:47507267-47510481,enhancer_hit,
Slk_Heart_Any,chr19:47444854-47461911_chr19:47507267-47510481,enhancer_hit,
Slk_Heart_Any,chr19:47444854-47461911_chr19:47515481-47519645,enhancer_hit,
Slk_Heart_Any,chr19:47444854-47461911_chr19:47558883-47563444,enhancer_hit,single
Slk_Heart_E11.5,chr19:46926189-46930487_chr19:47444854-47461911,enhancer_hit,
Slk_Heart_E11.5,chr19:47383022-47389075_chr19:47444854-47461911,enhancer_hit,
Slk_Heart_E11.5,chr19:47401528-47404528_chr19:47444854-47461911,enhancer_hit,single
Slk_Heart_E11.5,chr19:47401528-47404528_chr19:47507267-47510481,enhancer_hit,
Slk_Heart_E11.5,chr19:47444854-47461911_chr19:47507267-47510481,enhancer_hit,
Slk_Limb_Any,chr19:47401528-47404528_chr19:47507267-47510481,enhancer_hit,
Smad3_Forebrain_Any,chr9:63656797-63669776_chr9:63802738-63804183,enhancer_hit,
Smad3_Limb_Any,chr9:63656797-63669776_chr9:63802738-63804183,enhancer_hit,
Smad3_Limb_E11.5,chr9:63656797-63669776_chr9:63802738-63804183,enhancer_hit,
Smad6_Forebrain_Any,chr9:63947928-63982416_chr9:64014130-64019532,enhancer_hit,
Smad6_Forebrain_E11.5,chr9:63947928-63982416_chr9:64014130-64019532,enhancer_hit,
Smad6_Heart_Any,chr9:63914910-63920782_chr9:63924497-63929170,enhancer_hit,double
Smad6_Heart_Any,chr9:63914910-63920782_chr9:63947928-63982416,enhancer_hit,single
Smad6_Heart_Any,chr9:63924497-63929170_chr9:63947928-63982416,enhancer_hit,single
Smad6_Heart_Any,chr9:63924497-63929170_chr9:63983226-63987395,enhancer_hit,single
Smad6_Heart_Any,chr9:63924497-63929170_chr9:63988692-63990765,enhancer_hit,single
Smad6_Heart_Any,chr9:63924497-63929170_chr9:64029462-64031404,enhancer_hit,single
Smad6_Heart_Any,chr9:63924497-63929170_chr9:65115467-65116858,enhancer_hit,single
Smad6_Heart_Any,chr9:63947928-63982416_chr9:63983226-63987395,enhancer_hit,single
Smad6_Heart_Any,chr9:63947928-63982416_chr9:63988692-63990765,enhancer_hit,single
Smad6_Heart_Any,chr9:63947928-63982416_chr9:64014130-64019532,enhancer_hit,
Smad6_Heart_Any,chr9:63947928-63982416_chr9:64029462-64031404,enhancer_hit,single
Smad6_Heart_Any,chr9:63947928-63982416_chr9:64940346-64942069,enhancer_hit,
Smad6_Heart_Any,chr9:63983226-63987395_chr9:63988692-63990765,enhancer_hit,single
Smad6_Heart_Any,chr9:63983226-63987395_chr9:64029462-64031404,enhancer_hit,single
Smad6_Heart_Any,chr9:63983226-63987395_chr9:64940346-64942069,enhancer_hit,single
Smad6_Heart_Any,chr9:63988692-63990765_chr9:64029462-64031404,enhancer_hit,single
Smad6_Heart_Any,chr9:63988692-63990765_chr9:64940346-64942069,enhancer_hit,single
Smad6_Heart_Any,chr9:63992104-63993686_chr9:64029462-64031404,enhancer_hit,single
Smad6_Heart_Any,chr9:64014130-64019532_chr9:64029462-64031404,enhancer_hit,single
Smad6_Heart_Any,chr9:64029462-64031404_chr9:64940346-64942069,enhancer_hit,single
Smad6_Heart_E11.5,chr9:63914910-63920782_chr9:63924497-63929170,enhancer_hit,double
Smad6_Heart_E11.5,chr9:63914910-63920782_chr9:63947928-63982416,enhancer_hit,single
Smad6_Heart_E11.5,chr9:63924497-63929170_chr9:63947928-63982416,enhancer_hit,single
Smad6_Heart_E11.5,chr9:63924497-63929170_chr9:63983226-63987395,enhancer_hit,single
Smad6_Heart_E11.5,chr9:63924497-63929170_chr9:63988692-63990765,enhancer_hit,single
Smad6_Heart_E11.5,chr9:63947928-63982416_chr9:63983226-63987395,enhancer_hit,single
Smad6_Heart_E11.5,chr9:63947928-63982416_chr9:63988692-63990765,enhancer_hit,single
Smad6_Heart_E11.5,chr9:63947928-63982416_chr9:64014130-64019532,enhancer_hit,
Smad6_Heart_E11.5,chr9:63983226-63987395_chr9:63988692-63990765,enhancer_hit,single
Smad6_Limb_Any,chr9:63947928-63982416_chr9:63983226-63987395,enhancer_hit,single
Smad6_Limb_Any,chr9:63947928-63982416_chr9:64014130-64019532,enhancer_hit,
Smad6_Limb_Any,chr9:63947928-63982416_chr9:64940346-64942069,enhancer_hit,
Smad6_Limb_Any,chr9:63983226-63987395_chr9:64940346-64942069,enhancer_hit,single
Smad6_Limb_E11.5,chr9:63947928-63982416_chr9:64014130-64019532,enhancer_hit,
Smad7_Forebrain_Any,chr18:75341618-75344214_chr18:75444144-75448892,enhancer_hit,single
Smad7_Forebrain_Any,chr18:75372475-75393227_chr18:75403995-75406275,enhancer_hit,
Smad7_Forebrain_Any,chr18:75372475-75393227_chr18:75444144-75448892,enhancer_hit,
Smad7_Forebrain_Any,chr18:75372475-75393227_chr18:75461607-75466788,enhancer_hit,
Smad7_Forebrain_Any,chr18:75444144-75448892_chr18:75461607-75466788,enhancer_hit,single
Smad7_Forebrain_E11.5,chr18:75372475-75393227_chr18:75461607-75466788,enhancer_hit,
Smad7_Heart_Any,chr18:75136687-75138005_chr18:75138670-75139670,enhancer_hit,
Smad7_Heart_Any,chr18:75136687-75138005_chr18:75438825-75439825,enhancer_hit,
Smad7_Heart_Any,chr18:75136687-75138005_chr18:75444144-75448892,enhancer_hit,single
Smad7_Heart_Any,chr18:75138670-75139670_chr18:75372475-75393227,enhancer_hit,
Smad7_Heart_Any,chr18:75138670-75139670_chr18:75438825-75439825,enhancer_hit,
Smad7_Heart_Any,chr18:75138670-75139670_chr18:75444144-75448892,enhancer_hit,
Smad7_Heart_Any,chr18:75138670-75139670_chr18:75461607-75466788,enhancer_hit,
Smad7_Heart_Any,chr18:75341618-75344214_chr18:75438825-75439825,enhancer_hit,single
Smad7_Heart_Any,chr18:75341618-75344214_chr18:75444144-75448892,enhancer_hit,single
Smad7_Heart_Any,chr18:75372475-75393227_chr18:75403995-75406275,enhancer_hit,
Smad7_Heart_Any,chr18:75372475-75393227_chr18:75438825-75439825,enhancer_hit,
Smad7_Heart_Any,chr18:75372475-75393227_chr18:75444144-75448892,enhancer_hit,
Smad7_Heart_Any,chr18:75372475-75393227_chr18:75454790-75458051,enhancer_hit,
Smad7_Heart_Any,chr18:75372475-75393227_chr18:75461607-75466788,enhancer_hit,
Smad7_Heart_Any,chr18:75438825-75439825_chr18:75444144-75448892,enhancer_hit,single
Smad7_Heart_Any,chr18:75438825-75439825_chr18:75461607-75466788,enhancer_hit,single
Smad7_Heart_Any,chr18:75444144-75448892_chr18:75461607-75466788,enhancer_hit,single
Smad7_Heart_E11.5,chr18:75341618-75344214_chr18:75444144-75448892,enhancer_hit,single
Smad7_Heart_E11.5,chr18:75372475-75393227_chr18:75403995-75406275,enhancer_hit,
Smad7_Heart_E11.5,chr18:75372475-75393227_chr18:75444144-75448892,enhancer_hit,
Smad7_Heart_E11.5,chr18:75372475-75393227_chr18:75454790-75458051,enhancer_hit,
Smad7_Heart_E11.5,chr18:75372475-75393227_chr18:75461607-75466788,enhancer_hit,
Smad7_Heart_E11.5,chr18:75444144-75448892_chr18:75461607-75466788,enhancer_hit,single
Smad7_Limb_Any,chr18:75341618-75344214_chr18:75444144-75448892,enhancer_hit,single
Smad7_Limb_Any,chr18:75372475-75393227_chr18:75403995-75406275,enhancer_hit,
Smad7_Limb_Any,chr18:75372475-75393227_chr18:75444144-75448892,enhancer_hit,
Smad7_Limb_Any,chr18:75372475-75393227_chr18:75454790-75458051,enhancer_hit,
Smad7_Limb_Any,chr18:75372475-75393227_chr18:75461607-75466788,enhancer_hit,
Smad7_Limb_Any,chr18:75372475-75393227_chr18:76096562-76097774,enhancer_hit,
Smad7_Limb_Any,chr18:75444144-75448892_chr18:75461607-75466788,enhancer_hit,single
Smad7_Limb_Any,chr18:75444144-75448892_chr18:76096562-76097774,enhancer_hit,
Smad7_Limb_Any,chr18:75461607-75466788_chr18:76096562-76097774,enhancer_hit,
Smad7_Limb_E11.5,chr18:75341618-75344214_chr18:75444144-75448892,enhancer_hit,single
Smad7_Limb_E11.5,chr18:75372475-75393227_chr18:75403995-75406275,enhancer_hit,
Smad7_Limb_E11.5,chr18:75372475-75393227_chr18:75444144-75448892,enhancer_hit,
Smad7_Limb_E11.5,chr18:75372475-75393227_chr18:75454790-75458051,enhancer_hit,
Smad7_Limb_E11.5,chr18:75372475-75393227_chr18:75461607-75466788,enhancer_hit,
Smad7_Limb_E11.5,chr18:75444144-75448892_chr18:75461607-75466788,enhancer_hit,single
Smagp_Heart_Any,chr15:100066489-100068043_chr15:100204377-100205467,enhancer_hit,single
Smagp_Heart_Any,chr15:99864900-99869068_chr15:100066489-100068043,enhancer_hit,single
Smagp_Heart_Any,chr15:99864900-99869068_chr15:100204377-100205467,enhancer_hit,single
Smim5_Heart_Any,chr11:115652445-115654418_chr11:116093179-116096114,enhancer_hit,single
Smim5_Heart_E11.5,chr11:115652445-115654418_chr11:116093179-116096114,enhancer_hit,single
Smim6_Heart_Any,chr11:116400210-116401210_chr11:116493302-116495827,enhancer_hit,single
Smpdl3b_Forebrain_Any,chr4:133115812-133119635_chr4:133377343-133381860,enhancer_hit,single
Smpdl3b_Forebrain_E11.5,chr4:133115812-133119635_chr4:133377343-133381860,enhancer_hit,single
Smpdl3b_Heart_Any,chr4:132523763-132525752_chr4:133377343-133381860,enhancer_hit,double
Smpdl3b_Heart_Any,chr4:133115812-133119635_chr4:133377343-133381860,enhancer_hit,single
Smpdl3b_Heart_E11.5,chr4:132523763-132525752_chr4:133377343-133381860,enhancer_hit,double
Smpdl3b_Heart_E11.5,chr4:133115812-133119635_chr4:133377343-133381860,enhancer_hit,single
Smpdl3b_Limb_Any,chr4:133115812-133119635_chr4:133377343-133381860,enhancer_hit,single
Smpdl3b_Limb_E11.5,chr4:133115812-133119635_chr4:133377343-133381860,enhancer_hit,single
Smtn_Forebrain_Any,chr11:3373876-3375836_chr11:3572017-3576212,enhancer_hit,
Smtn_Forebrain_E11.5,chr11:3373876-3375836_chr11:3572017-3576212,enhancer_hit,
Smtn_Heart_Any,chr11:3373876-3375836_chr11:3416892-3419781,enhancer_hit,single
Smtn_Heart_Any,chr11:3373876-3375836_chr11:3563605-3567123,enhancer_hit,
Smtn_Heart_Any,chr11:3373876-3375836_chr11:3572017-3576212,enhancer_hit,
Smtn_Heart_Any,chr11:3373876-3375836_chr11:4602374-4607819,enhancer_hit,single
Smtn_Heart_Any,chr11:3373876-3375836_chr11:4611160-4613211,enhancer_hit,single
Smtn_Heart_Any,chr11:3416892-3419781_chr11:3518172-3520300,enhancer_hit,
Smtn_Heart_Any,chr11:3416892-3419781_chr11:3563605-3567123,enhancer_hit,single
Smtn_Heart_Any,chr11:3416892-3419781_chr11:3572017-3576212,enhancer_hit,single
Smtn_Heart_Any,chr11:3416892-3419781_chr11:4301968-4304049,enhancer_hit,single
Smtn_Heart_Any,chr11:3416892-3419781_chr11:4307920-4309956,enhancer_hit,
Smtn_Heart_Any,chr11:3416892-3419781_chr11:4602374-4607819,enhancer_hit,single
Smtn_Heart_Any,chr11:3416892-3419781_chr11:4611160-4613211,enhancer_hit,single
Smtn_Heart_Any,chr11:3563605-3567123_chr11:3572017-3576212,enhancer_hit,
Smtn_Heart_Any,chr11:3563605-3567123_chr11:4301968-4304049,enhancer_hit,
Smtn_Heart_Any,chr11:3563605-3567123_chr11:4307920-4309956,enhancer_hit,single
Smtn_Heart_Any,chr11:3563605-3567123_chr11:4602374-4607819,enhancer_hit,single
Smtn_Heart_Any,chr11:3563605-3567123_chr11:4611160-4613211,enhancer_hit,single
Smtn_Heart_Any,chr11:3572017-3576212_chr11:4301968-4304049,enhancer_hit,
Smtn_Heart_Any,chr11:3572017-3576212_chr11:4307920-4309956,enhancer_hit,
Smtn_Heart_Any,chr11:3572017-3576212_chr11:4602374-4607819,enhancer_hit,single
Smtn_Heart_Any,chr11:3572017-3576212_chr11:4611160-4613211,enhancer_hit,single
Smtn_Heart_Any,chr11:4301968-4304049_chr11:4602374-4607819,enhancer_hit,
Smtn_Heart_Any,chr11:4301968-4304049_chr11:4611160-4613211,enhancer_hit,single
Smtn_Heart_Any,chr11:4307920-4309956_chr11:4602374-4607819,enhancer_hit,single
Smtn_Heart_Any,chr11:4602374-4607819_chr11:4611160-4613211,enhancer_hit,double
Smtn_Heart_E11.5,chr11:3373876-3375836_chr11:3416892-3419781,enhancer_hit,single
Smtn_Heart_E11.5,chr11:3373876-3375836_chr11:3563605-3567123,enhancer_hit,
Smtn_Heart_E11.5,chr11:3373876-3375836_chr11:3572017-3576212,enhancer_hit,
Smtn_Heart_E11.5,chr11:3373876-3375836_chr11:4602374-4607819,enhancer_hit,single
Smtn_Heart_E11.5,chr11:3416892-3419781_chr11:3563605-3567123,enhancer_hit,single
Smtn_Heart_E11.5,chr11:3416892-3419781_chr11:3572017-3576212,enhancer_hit,single
Smtn_Heart_E11.5,chr11:3416892-3419781_chr11:4301968-4304049,enhancer_hit,single
Smtn_Heart_E11.5,chr11:3416892-3419781_chr11:4602374-4607819,enhancer_hit,single
Smtn_Heart_E11.5,chr11:3563605-3567123_chr11:3572017-3576212,enhancer_hit,
Smtn_Heart_E11.5,chr11:3563605-3567123_chr11:4301968-4304049,enhancer_hit,
Smtn_Heart_E11.5,chr11:3563605-3567123_chr11:4602374-4607819,enhancer_hit,single
Smtn_Heart_E11.5,chr11:3572017-3576212_chr11:4301968-4304049,enhancer_hit,
Smtn_Heart_E11.5,chr11:3572017-3576212_chr11:4602374-4607819,enhancer_hit,single
Smtn_Heart_E11.5,chr11:4301968-4304049_chr11:4602374-4607819,enhancer_hit,
Smtn_Limb_Any,chr11:3373876-3375836_chr11:3563605-3567123,enhancer_hit,
Smtn_Limb_Any,chr11:3373876-3375836_chr11:3572017-3576212,enhancer_hit,
Smtn_Limb_Any,chr11:3563605-3567123_chr11:3572017-3576212,enhancer_hit,
Smtn_Limb_Any,chr11:3563605-3567123_chr11:4307920-4309956,enhancer_hit,single
Smtn_Limb_Any,chr11:3572017-3576212_chr11:4307920-4309956,enhancer_hit,
Smtn_Limb_E11.5,chr11:3373876-3375836_chr11:3572017-3576212,enhancer_hit,
Smtn_Limb_E11.5,chr11:3572017-3576212_chr11:4307920-4309956,enhancer_hit,
Smtnl2_Heart_Any,chr11:72392989-72398607_chr11:72734266-72737497,enhancer_hit,single
Smtnl2_Heart_E11.5,chr11:72392989-72398607_chr11:72734266-72737497,enhancer_hit,single
Smyd4_Heart_Any,chr11:74746855-74749874_chr11:74766931-74768309,enhancer_hit,single
Smyd4_Heart_Any,chr11:74746855-74749874_chr11:75242157-75244264,enhancer_hit,single
Smyd4_Heart_Any,chr11:74766931-74768309_chr11:75242157-75244264,enhancer_hit,single
Snai2_Limb_Any,chr16:15083376-15086281_chr16:15294132-15296138,enhancer_hit,
Snai2_Limb_E11.5,chr16:15083376-15086281_chr16:15294132-15296138,enhancer_hit,
Snai3_Heart_Any,chr8:123070840-123071840_chr8:123633693-123634865,enhancer_hit,single
Snai3_Heart_Any,chr8:123070840-123071840_chr8:123760722-123764229,enhancer_hit,single
Snai3_Heart_Any,chr8:123633693-123634865_chr8:123760722-123764229,enhancer_hit,single
Snai3_Heart_E11.5,chr8:123633693-123634865_chr8:123760722-123764229,enhancer_hit,single
Snrnp25_Heart_Any,chr11:32234830-32259414_chr11:32289464-32293988,enhancer_hit,single
Snrnp25_Heart_E11.5,chr11:32234830-32259414_chr11:32289464-32293988,enhancer_hit,single
Sntb2_Forebrain_Any,chr8:106704047-106707029_chr8:106943961-106945922,enhancer_hit,double
Sntb2_Heart_Any,chr8:106704047-106707029_chr8:106713785-106715258,enhancer_hit,single
Sntb2_Heart_Any,chr8:106704047-106707029_chr8:106732475-106735256,enhancer_hit,single
Sntb2_Heart_Any,chr8:106704047-106707029_chr8:106924165-106925913,enhancer_hit,double
Sntb2_Heart_Any,chr8:106704047-106707029_chr8:106943961-106945922,enhancer_hit,double
Sntb2_Heart_Any,chr8:106704047-106707029_chr8:106969799-106973256,enhancer_hit,double
Sntb2_Heart_Any,chr8:106713785-106715258_chr8:106732475-106735256,enhancer_hit,
Sntb2_Heart_Any,chr8:106713785-106715258_chr8:106924165-106925913,enhancer_hit,double
Sntb2_Heart_Any,chr8:106713785-106715258_chr8:106943961-106945922,enhancer_hit,single
Sntb2_Heart_Any,chr8:106713785-106715258_chr8:106969799-106973256,enhancer_hit,single
Sntb2_Heart_Any,chr8:106720783-106721783_chr8:106943961-106945922,enhancer_hit,double
Sntb2_Heart_Any,chr8:106732475-106735256_chr8:106924165-106925913,enhancer_hit,single
Sntb2_Heart_Any,chr8:106732475-106735256_chr8:106943961-106945922,enhancer_hit,
Sntb2_Heart_Any,chr8:106732475-106735256_chr8:106969799-106973256,enhancer_hit,single
Sntb2_Heart_Any,chr8:106924165-106925913_chr8:106943961-106945922,enhancer_hit,double
Sntb2_Heart_Any,chr8:106924165-106925913_chr8:106969799-106973256,enhancer_hit,double
Sntb2_Heart_Any,chr8:106943961-106945922_chr8:106969799-106973256,enhancer_hit,double
Sntb2_Heart_E11.5,chr8:106704047-106707029_chr8:106713785-106715258,enhancer_hit,single
Sntb2_Heart_E11.5,chr8:106704047-106707029_chr8:106732475-106735256,enhancer_hit,single
Sntb2_Heart_E11.5,chr8:106704047-106707029_chr8:106969799-106973256,enhancer_hit,double
Sntb2_Heart_E11.5,chr8:106713785-106715258_chr8:106732475-106735256,enhancer_hit,
Sntb2_Heart_E11.5,chr8:106713785-106715258_chr8:106969799-106973256,enhancer_hit,single
Sntb2_Heart_E11.5,chr8:106732475-106735256_chr8:106969799-106973256,enhancer_hit,single
Sntb2_Limb_Any,chr8:106704047-106707029_chr8:106732475-106735256,enhancer_hit,single
Sntb2_Limb_Any,chr8:106704047-106707029_chr8:106932202-106933212,enhancer_hit,single
Sntb2_Limb_Any,chr8:106732475-106735256_chr8:106932202-106933212,enhancer_hit,single
Sntb2_Limb_E11.5,chr8:106704047-106707029_chr8:106732475-106735256,enhancer_hit,single
Snx10_Forebrain_Any,chr6:51568552-51570099_chr6:51611693-51614613,enhancer_hit,single
Socs1_Heart_Any,chr16:10780283-10783036_chr16:10978079-10980357,enhancer_hit,single
Socs1_Heart_Any,chr16:10780283-10783036_chr16:11044845-11047596,enhancer_hit,single
Socs1_Heart_Any,chr16:10848803-10852136_chr16:10978079-10980357,enhancer_hit,single
Socs1_Heart_Any,chr16:10848803-10852136_chr16:11044845-11047596,enhancer_hit,single
Socs1_Heart_Any,chr16:10978079-10980357_chr16:11044845-11047596,enhancer_hit,single
Socs1_Heart_E11.5,chr16:10780283-10783036_chr16:11044845-11047596,enhancer_hit,single
Socs1_Limb_Any,chr16:10780283-10783036_chr16:10978079-10980357,enhancer_hit,single
Socs1_Limb_Any,chr16:10848803-10852136_chr16:10978079-10980357,enhancer_hit,single
Socs1_Limb_Any,chr16:10848803-10852136_chr16:11364736-11367096,enhancer_hit,
Socs1_Limb_Any,chr16:10978079-10980357_chr16:11364736-11367096,enhancer_hit,single
Sorbs1_Heart_Any,chr19:40375359-40384254_chr19:40503495-40506546,enhancer_hit,
Sorbs1_Heart_Any,chr19:40461431-40464235_chr19:40466451-40469767,enhancer_hit,single
Sorbs1_Heart_Any,chr19:40461431-40464235_chr19:40503495-40506546,enhancer_hit,single
Sorbs1_Heart_Any,chr19:40466451-40469767_chr19:40503495-40506546,enhancer_hit,
Sorbs1_Heart_E11.5,chr19:40375359-40384254_chr19:40503495-40506546,enhancer_hit,
Sorbs1_Heart_E11.5,chr19:40466451-40469767_chr19:40503495-40506546,enhancer_hit,
Sox11_Forebrain_Any,chr12:26619755-26622312_chr12:26883375-26887794,enhancer_hit,
Sox11_Forebrain_Any,chr12:26619755-26622312_chr12:27137549-27142099,enhancer_hit,
Sox11_Forebrain_Any,chr12:26619755-26622312_chr12:27563654-27568597,enhancer_hit,single
Sox11_Forebrain_Any,chr12:26630285-26632900_chr12:27945046-27948372,enhancer_hit,
Sox11_Forebrain_Any,chr12:26876836-26879017_chr12:26883375-26887794,enhancer_hit,
Sox11_Forebrain_Any,chr12:26883375-26887794_chr12:28460301-28462011,enhancer_hit,
Sox11_Forebrain_Any,chr12:27059387-27066524_chr12:27563654-27568597,enhancer_hit,
Sox11_Forebrain_Any,chr12:27080657-27085893_chr12:27976524-27980454,enhancer_hit,
Sox11_Forebrain_Any,chr12:27142703-27144188_chr12:27149721-27152767,enhancer_hit,
Sox11_Forebrain_Any,chr12:27142703-27144188_chr12:27945046-27948372,enhancer_hit,single
Sox11_Forebrain_Any,chr12:27575086-27577096_chr12:27645829-27647687,enhancer_hit,single
Sox11_Forebrain_Any,chr12:27945046-27948372_chr12:28460301-28462011,enhancer_hit,
Sox11_Forebrain_E11.5,chr12:26619755-26622312_chr12:26883375-26887794,enhancer_hit,
Sox11_Forebrain_E11.5,chr12:26619755-26622312_chr12:27137549-27142099,enhancer_hit,
Sox11_Forebrain_E11.5,chr12:26619755-26622312_chr12:27563654-27568597,enhancer_hit,single
Sox11_Forebrain_E11.5,chr12:26630285-26632900_chr12:27945046-27948372,enhancer_hit,
Sox11_Forebrain_E11.5,chr12:26876836-26879017_chr12:26883375-26887794,enhancer_hit,
Sox11_Forebrain_E11.5,chr12:26883375-26887794_chr12:28460301-28462011,enhancer_hit,
Sox11_Forebrain_E11.5,chr12:27059387-27066524_chr12:27563654-27568597,enhancer_hit,
Sox11_Forebrain_E11.5,chr12:27080657-27085893_chr12:27976524-27980454,enhancer_hit,
Sox11_Forebrain_E11.5,chr12:27575086-27577096_chr12:27645829-27647687,enhancer_hit,single
Sox11_Forebrain_E11.5,chr12:27945046-27948372_chr12:28460301-28462011,enhancer_hit,
Sox11_Limb_Any,chr12:26630285-26632900_chr12:27945046-27948372,enhancer_hit,
Sox11_Limb_Any,chr12:26809332-26810610_chr12:27563654-27568597,enhancer_hit,
Sox11_Limb_Any,chr12:27059387-27066524_chr12:27563654-27568597,enhancer_hit,
Sox11_Limb_E11.5,chr12:26630285-26632900_chr12:27945046-27948372,enhancer_hit,
Sox11_Limb_E11.5,chr12:27059387-27066524_chr12:27563654-27568597,enhancer_hit,
Sox13_Heart_Any,chr1:133050192-133051192_chr1:133411535-133419657,enhancer_hit,
Sox2ot_Forebrain_Any,chr3:34678736-34680826_chr3:35087230-35091428,enhancer_hit,single
Sox2ot_Forebrain_E11.5,chr3:34678736-34680826_chr3:35087230-35091428,enhancer_hit,single
Sox4_Forebrain_Any,chr13:25401139-25404395_chr13:29188814-29197845,enhancer_hit,
Sox4_Forebrain_Any,chr13:26152830-26156724_chr13:29348808-29349808,enhancer_hit,
Sox4_Forebrain_Any,chr13:26152830-26156724_chr13:29369747-29373658,enhancer_hit,
Sox4_Forebrain_Any,chr13:28293702-28298202_chr13:28774266-28776419,enhancer_hit,single
Sox4_Forebrain_Any,chr13:28293702-28298202_chr13:29348808-29349808,enhancer_hit,
Sox4_Forebrain_Any,chr13:28414629-28421858_chr13:28790292-28796201,enhancer_hit,
Sox4_Forebrain_Any,chr13:28768025-28771726_chr13:28859591-28860591,enhancer_hit,single
Sox4_Forebrain_Any,chr13:28780759-28784382_chr13:29369747-29373658,enhancer_hit,single
Sox4_Forebrain_Any,chr13:28780759-28784382_chr13:29376960-29378220,enhancer_hit,
Sox4_Forebrain_Any,chr13:28790292-28796201_chr13:29348808-29349808,enhancer_hit,
Sox4_Forebrain_Any,chr13:28790292-28796201_chr13:29369747-29373658,enhancer_hit,single
Sox4_Forebrain_Any,chr13:28790292-28796201_chr13:29376960-29378220,enhancer_hit,single
Sox4_Forebrain_Any,chr13:28790292-28796201_chr13:29398043-29400204,enhancer_hit,single
Sox4_Forebrain_Any,chr13:28839374-28841191_chr13:29369747-29373658,enhancer_hit,single
Sox4_Forebrain_Any,chr13:28839374-28841191_chr13:29376960-29378220,enhancer_hit,
Sox4_Forebrain_Any,chr13:29263766-29264766_chr13:29272781-29275432,enhancer_hit,single
Sox4_Forebrain_Any,chr13:29369747-29373658_chr13:29376960-29378220,enhancer_hit,
Sox4_Forebrain_Any,chr13:29369747-29373658_chr13:29398043-29400204,enhancer_hit,single
Sox4_Forebrain_Any,chr13:29376960-29378220_chr13:29398043-29400204,enhancer_hit,single
Sox4_Forebrain_E11.5,chr13:25401139-25404395_chr13:29188814-29197845,enhancer_hit,
Sox4_Forebrain_E11.5,chr13:26152830-26156724_chr13:29369747-29373658,enhancer_hit,
Sox4_Forebrain_E11.5,chr13:28293702-28298202_chr13:28774266-28776419,enhancer_hit,single
Sox4_Forebrain_E11.5,chr13:28414629-28421858_chr13:28790292-28796201,enhancer_hit,
Sox4_Forebrain_E11.5,chr13:28768025-28771726_chr13:28859591-28860591,enhancer_hit,single
Sox4_Forebrain_E11.5,chr13:28780759-28784382_chr13:29369747-29373658,enhancer_hit,single
Sox4_Forebrain_E11.5,chr13:28790292-28796201_chr13:29369747-29373658,enhancer_hit,single
Sox4_Heart_Any,chr13:26152830-26156724_chr13:29369747-29373658,enhancer_hit,
Sox4_Heart_Any,chr13:29369747-29373658_chr13:29376960-29378220,enhancer_hit,
Sox4_Heart_Any,chr13:29369747-29373658_chr13:29398043-29400204,enhancer_hit,single
Sox4_Heart_Any,chr13:29376960-29378220_chr13:29398043-29400204,enhancer_hit,single
Sox4_Limb_Any,chr13:28293702-28298202_chr13:28774266-28776419,enhancer_hit,single
Sox4_Limb_E11.5,chr13:28293702-28298202_chr13:28774266-28776419,enhancer_hit,single
Sox5_Forebrain_Any,chr6:144039045-144044221_chr6:144944156-144946294,enhancer_hit,
Sox5_Forebrain_E11.5,chr6:144039045-144044221_chr6:144944156-144946294,enhancer_hit,
Sox5_Limb_Any,chr6:144039045-144044221_chr6:144944156-144946294,enhancer_hit,
Sox5_Limb_E11.5,chr6:144039045-144044221_chr6:144944156-144946294,enhancer_hit,
Sox8_Limb_Any,chr17:25655869-25657767_chr17:25662437-25664413,enhancer_hit,single
Sox9_Forebrain_Any,chr11:112976403-112979398_chr11:113183455-113190196,enhancer_hit,single
Sox9_Forebrain_Any,chr11:113014369-113018577_chr11:113183455-113190196,enhancer_hit,single
Sox9_Forebrain_Any,chr11:113183455-113190196_chr11:113438704-113440895,enhancer_hit,
Sox9_Forebrain_E11.5,chr11:112976403-112979398_chr11:113183455-113190196,enhancer_hit,single
Sox9_Forebrain_E11.5,chr11:113014369-113018577_chr11:113183455-113190196,enhancer_hit,single
Sox9_Forebrain_E11.5,chr11:113183455-113190196_chr11:113438704-113440895,enhancer_hit,
Sox9_Heart_Any,chr11:112976403-112979398_chr11:113183455-113190196,enhancer_hit,single
Sox9_Limb_Any,chr11:113014369-113018577_chr11:113183455-113190196,enhancer_hit,single
Sox9_Limb_Any,chr11:113183455-113190196_chr11:113438704-113440895,enhancer_hit,
Sox9_Limb_E11.5,chr11:113014369-113018577_chr11:113183455-113190196,enhancer_hit,single
Sox9_Limb_E11.5,chr11:113183455-113190196_chr11:113438704-113440895,enhancer_hit,
Sparc_Forebrain_Any,chr11:55409348-55417398_chr11:55427761-55429548,enhancer_hit,
Sparc_Heart_Any,chr11:55395395-55398780_chr11:55409348-55417398,enhancer_hit,
Sparc_Heart_Any,chr11:55395395-55398780_chr11:55427761-55429548,enhancer_hit,single
Sparc_Heart_Any,chr11:55395395-55398780_chr11:55432331-55434149,enhancer_hit,single
Sparc_Heart_Any,chr11:55404071-55407884_chr11:55409348-55417398,enhancer_hit,
Sparc_Heart_Any,chr11:55404071-55407884_chr11:55427761-55429548,enhancer_hit,single
Sparc_Heart_Any,chr11:55404071-55407884_chr11:55432331-55434149,enhancer_hit,single
Sparc_Heart_Any,chr11:55409348-55417398_chr11:55427761-55429548,enhancer_hit,
Sparc_Heart_Any,chr11:55409348-55417398_chr11:55432331-55434149,enhancer_hit,
Sparc_Heart_Any,chr11:55409348-55417398_chr11:55445011-55447042,enhancer_hit,single
Sparc_Heart_Any,chr11:55427761-55429548_chr11:55432331-55434149,enhancer_hit,single
Sparc_Heart_Any,chr11:55427761-55429548_chr11:55445011-55447042,enhancer_hit,double
Sparc_Heart_Any,chr11:55432331-55434149_chr11:55445011-55447042,enhancer_hit,single
Sparc_Heart_E11.5,chr11:55404071-55407884_chr11:55409348-55417398,enhancer_hit,
Sparc_Heart_E11.5,chr11:55404071-55407884_chr11:55427761-55429548,enhancer_hit,single
Sparc_Heart_E11.5,chr11:55404071-55407884_chr11:55432331-55434149,enhancer_hit,single
Sparc_Heart_E11.5,chr11:55409348-55417398_chr11:55427761-55429548,enhancer_hit,
Sparc_Heart_E11.5,chr11:55409348-55417398_chr11:55432331-55434149,enhancer_hit,
Sparc_Heart_E11.5,chr11:55427761-55429548_chr11:55432331-55434149,enhancer_hit,single
Sparc_Limb_Any,chr11:55404071-55407884_chr11:55409348-55417398,enhancer_hit,
Sparc_Limb_Any,chr11:55404071-55407884_chr11:55427761-55429548,enhancer_hit,single
Sparc_Limb_Any,chr11:55404071-55407884_chr11:55432331-55434149,enhancer_hit,single
Sparc_Limb_Any,chr11:55409348-55417398_chr11:55427761-55429548,enhancer_hit,
Sparc_Limb_Any,chr11:55409348-55417398_chr11:55432331-55434149,enhancer_hit,
Sparc_Limb_Any,chr11:55409348-55417398_chr11:55445011-55447042,enhancer_hit,single
Sparc_Limb_Any,chr11:55427761-55429548_chr11:55432331-55434149,enhancer_hit,single
Sparc_Limb_Any,chr11:55427761-55429548_chr11:55445011-55447042,enhancer_hit,double
Sparc_Limb_Any,chr11:55432331-55434149_chr11:55445011-55447042,enhancer_hit,single
Sparc_Limb_E11.5,chr11:55404071-55407884_chr11:55427761-55429548,enhancer_hit,single
Spata13_Forebrain_Any,chr14:60651466-60657589_chr14:60662976-60666169,enhancer_hit,
Spata13_Forebrain_E11.5,chr14:60651466-60657589_chr14:60662976-60666169,enhancer_hit,
Spata24_Heart_Any,chr18:35822511-35825057_chr18:35941267-35943507,enhancer_hit,double
Spats1_Forebrain_Any,chr17:45680327-45681663_chr17:45723050-45724948,enhancer_hit,
Spats1_Heart_Any,chr17:45680327-45681663_chr17:45723050-45724948,enhancer_hit,
Spock1_Forebrain_Any,chr13:56070184-56072615_chr13:57448195-57451728,enhancer_hit,
Spon2_Heart_Any,chr5:31254224-31255829_chr5:32632277-32634804,enhancer_hit,single
Spon2_Heart_Any,chr5:31254224-31255829_chr5:33233361-33235962,enhancer_hit,single
Spon2_Heart_Any,chr5:31766091-31768193_chr5:33233361-33235962,enhancer_hit,
Spon2_Heart_Any,chr5:31881126-31883409_chr5:33233361-33235962,enhancer_hit,single
Spon2_Heart_Any,chr5:32632277-32634804_chr5:33233361-33235962,enhancer_hit,single
Spon2_Heart_E11.5,chr5:31254224-31255829_chr5:33233361-33235962,enhancer_hit,single
Spon2_Heart_E11.5,chr5:31766091-31768193_chr5:33233361-33235962,enhancer_hit,
Spry2_Limb_Any,chr14:105730461-105734452_chr14:106372775-106373775,enhancer_hit,single
Spry2_Limb_E11.5,chr14:105730461-105734452_chr14:106372775-106373775,enhancer_hit,single
Spry4_Heart_Any,chr18:38126352-38127975_chr18:38596864-38598091,enhancer_hit,
Spry4_Heart_Any,chr18:38126352-38127975_chr18:38761164-38762991,enhancer_hit,single
Spry4_Heart_Any,chr18:38596864-38598091_chr18:38761164-38762991,enhancer_hit,
Spry4_Limb_Any,chr18:38596864-38598091_chr18:38814406-38815406,enhancer_hit,
Spry4_Limb_Any,chr18:38814406-38815406_chr18:38846638-38848040,enhancer_hit,single
Spsb1_Limb_Any,chr4:149820231-149823505_chr4:149916055-149923864,enhancer_hit,single
Spsb4_Forebrain_Any,chr9:96948481-96959507_chr9:96986011-96993686,enhancer_hit,
Spsb4_Forebrain_E11.5,chr9:96948481-96959507_chr9:96986011-96993686,enhancer_hit,
Spsb4_Heart_Any,chr9:96948481-96959507_chr9:96986011-96993686,enhancer_hit,
Spsb4_Heart_E11.5,chr9:96948481-96959507_chr9:96986011-96993686,enhancer_hit,
Sptbn1_Heart_Any,chr11:30229708-30233654_chr11:30242904-30248292,enhancer_hit,
Sptbn1_Heart_E11.5,chr11:30229708-30233654_chr11:30242904-30248292,enhancer_hit,
Srcin1_Forebrain_Any,chr11:96593530-96597365_chr11:96884097-96887880,enhancer_hit,single
Srcin1_Forebrain_Any,chr11:96735064-96744936_chr11:96876434-96880699,enhancer_hit,single
Srcin1_Forebrain_Any,chr11:96876434-96880699_chr11:96884097-96887880,enhancer_hit,single
Srcin1_Forebrain_Any,chr11:96876434-96880699_chr11:97400117-97402068,enhancer_hit,single
Srcin1_Forebrain_E11.5,chr11:96735064-96744936_chr11:96876434-96880699,enhancer_hit,single
Srcin1_Forebrain_E11.5,chr11:96876434-96880699_chr11:96884097-96887880,enhancer_hit,single
Srd5a3_Heart_Any,chr5:76954078-76955776_chr5:77150859-77158841,enhancer_hit,double
Srf_Forebrain_Any,chr17:46551955-46553662_chr17:47526307-47529407,enhancer_hit,
Srf_Heart_Any,chr17:46265748-46270978_chr17:47054044-47055641,enhancer_hit,single
Srf_Heart_Any,chr17:46265748-46270978_chr17:47447679-47455477,enhancer_hit,single
Srf_Heart_Any,chr17:46551955-46553662_chr17:46959380-46961344,enhancer_hit,
Srf_Heart_Any,chr17:46551955-46553662_chr17:47045539-47046908,enhancer_hit,
Srf_Heart_Any,chr17:46551955-46553662_chr17:47181750-47185133,enhancer_hit,
Srf_Heart_Any,chr17:46551955-46553662_chr17:47447679-47455477,enhancer_hit,
Srf_Heart_Any,chr17:46551955-46553662_chr17:47526307-47529407,enhancer_hit,
Srf_Heart_Any,chr17:46601679-46603574_chr17:46959380-46961344,enhancer_hit,single
Srf_Heart_Any,chr17:46601679-46603574_chr17:47054044-47055641,enhancer_hit,single
Srf_Heart_Any,chr17:46601679-46603574_chr17:47181750-47185133,enhancer_hit,single
Srf_Heart_Any,chr17:46601679-46603574_chr17:47293455-47297600,enhancer_hit,single
Srf_Heart_Any,chr17:46601679-46603574_chr17:47526307-47529407,enhancer_hit,double
Srf_Heart_Any,chr17:46959380-46961344_chr17:47045539-47046908,enhancer_hit,single
Srf_Heart_Any,chr17:46959380-46961344_chr17:47181750-47185133,enhancer_hit,
Srf_Heart_Any,chr17:46959380-46961344_chr17:47447679-47455477,enhancer_hit,single
Srf_Heart_Any,chr17:46959380-46961344_chr17:47526307-47529407,enhancer_hit,single
Srf_Heart_Any,chr17:47045539-47046908_chr17:47181750-47185133,enhancer_hit,
Srf_Heart_Any,chr17:47045539-47046908_chr17:47447679-47455477,enhancer_hit,
Srf_Heart_Any,chr17:47045539-47046908_chr17:47526307-47529407,enhancer_hit,single
Srf_Heart_Any,chr17:47054044-47055641_chr17:47447679-47455477,enhancer_hit,single
Srf_Heart_Any,chr17:47181750-47185133_chr17:47197605-47198637,enhancer_hit,
Srf_Heart_Any,chr17:47181750-47185133_chr17:47447679-47455477,enhancer_hit,single
Srf_Heart_Any,chr17:47181750-47185133_chr17:47526307-47529407,enhancer_hit,single
Srf_Heart_Any,chr17:47447679-47455477_chr17:47526307-47529407,enhancer_hit,single
Srf_Heart_E11.5,chr17:46551955-46553662_chr17:47045539-47046908,enhancer_hit,
Srf_Heart_E11.5,chr17:46551955-46553662_chr17:47447679-47455477,enhancer_hit,
Srf_Heart_E11.5,chr17:46551955-46553662_chr17:47526307-47529407,enhancer_hit,
Srf_Heart_E11.5,chr17:47045539-47046908_chr17:47447679-47455477,enhancer_hit,
Srf_Heart_E11.5,chr17:47045539-47046908_chr17:47526307-47529407,enhancer_hit,single
Srf_Heart_E11.5,chr17:47054044-47055641_chr17:47447679-47455477,enhancer_hit,single
Srf_Heart_E11.5,chr17:47447679-47455477_chr17:47526307-47529407,enhancer_hit,single
Srf_Limb_Any,chr17:46551955-46553662_chr17:47447679-47455477,enhancer_hit,
Srf_Limb_Any,chr17:46551955-46553662_chr17:47526307-47529407,enhancer_hit,
Srf_Limb_Any,chr17:46601679-46603574_chr17:47293455-47297600,enhancer_hit,single
Srf_Limb_Any,chr17:46601679-46603574_chr17:47526307-47529407,enhancer_hit,double
Srf_Limb_Any,chr17:47447679-47455477_chr17:47526307-47529407,enhancer_hit,single
Srf_Limb_E11.5,chr17:46551955-46553662_chr17:47447679-47455477,enhancer_hit,
Srf_Limb_E11.5,chr17:46551955-46553662_chr17:47526307-47529407,enhancer_hit,
Srf_Limb_E11.5,chr17:46601679-46603574_chr17:47293455-47297600,enhancer_hit,single
Srf_Limb_E11.5,chr17:46601679-46603574_chr17:47526307-47529407,enhancer_hit,double
Srf_Limb_E11.5,chr17:47447679-47455477_chr17:47526307-47529407,enhancer_hit,single
Srgap3_Forebrain_Any,chr6:112733033-112734830_chr6:112894380-112905345,enhancer_hit,
Srgap3_Forebrain_Any,chr6:112788162-112791392_chr6:112894380-112905345,enhancer_hit,
Srgap3_Forebrain_Any,chr6:112807771-112817095_chr6:112837115-112843403,enhancer_hit,single
Srgap3_Forebrain_Any,chr6:112807771-112817095_chr6:112856285-112857898,enhancer_hit,single
Srgap3_Forebrain_Any,chr6:112807771-112817095_chr6:112878868-112881914,enhancer_hit,single
Srgap3_Forebrain_Any,chr6:112807771-112817095_chr6:112894380-112905345,enhancer_hit,single
Srgap3_Forebrain_Any,chr6:112807771-112817095_chr6:112923771-112928095,enhancer_hit,single
Srgap3_Forebrain_Any,chr6:112807771-112817095_chr6:112928709-112932986,enhancer_hit,single
Srgap3_Forebrain_Any,chr6:112807771-112817095_chr6:113024454-113028264,enhancer_hit,single
Srgap3_Forebrain_Any,chr6:112832844-112834879_chr6:112894380-112905345,enhancer_hit,single
Srgap3_Forebrain_Any,chr6:112837115-112843403_chr6:112856285-112857898,enhancer_hit,single
Srgap3_Forebrain_Any,chr6:112837115-112843403_chr6:112894380-112905345,enhancer_hit,single
Srgap3_Forebrain_Any,chr6:112837115-112843403_chr6:112928709-112932986,enhancer_hit,single
Srgap3_Forebrain_Any,chr6:112837115-112843403_chr6:113024454-113028264,enhancer_hit,single
Srgap3_Forebrain_Any,chr6:112856285-112857898_chr6:112894380-112905345,enhancer_hit,single
Srgap3_Forebrain_Any,chr6:112856285-112857898_chr6:113024454-113028264,enhancer_hit,single
Srgap3_Forebrain_Any,chr6:112878868-112881914_chr6:113024454-113028264,enhancer_hit,
Srgap3_Forebrain_Any,chr6:112894380-112905345_chr6:112928709-112932986,enhancer_hit,
Srgap3_Forebrain_Any,chr6:112894380-112905345_chr6:113024454-113028264,enhancer_hit,single
Srgap3_Forebrain_Any,chr6:112928709-112932986_chr6:113024454-113028264,enhancer_hit,single
Srgap3_Forebrain_E11.5,chr6:112788162-112791392_chr6:112894380-112905345,enhancer_hit,
Srgap3_Forebrain_E11.5,chr6:112807771-112817095_chr6:112837115-112843403,enhancer_hit,single
Srgap3_Forebrain_E11.5,chr6:112807771-112817095_chr6:112878868-112881914,enhancer_hit,single
Srgap3_Forebrain_E11.5,chr6:112807771-112817095_chr6:112894380-112905345,enhancer_hit,single
Srgap3_Forebrain_E11.5,chr6:112807771-112817095_chr6:112928709-112932986,enhancer_hit,single
Srgap3_Forebrain_E11.5,chr6:112807771-112817095_chr6:113024454-113028264,enhancer_hit,single
Srgap3_Forebrain_E11.5,chr6:112832844-112834879_chr6:112894380-112905345,enhancer_hit,single
Srgap3_Forebrain_E11.5,chr6:112837115-112843403_chr6:112894380-112905345,enhancer_hit,single
Srgap3_Forebrain_E11.5,chr6:112837115-112843403_chr6:112928709-112932986,enhancer_hit,single
Srgap3_Forebrain_E11.5,chr6:112837115-112843403_chr6:113024454-113028264,enhancer_hit,single
Srgap3_Forebrain_E11.5,chr6:112878868-112881914_chr6:113024454-113028264,enhancer_hit,
Srgap3_Forebrain_E11.5,chr6:112894380-112905345_chr6:112928709-112932986,enhancer_hit,
Srgap3_Forebrain_E11.5,chr6:112894380-112905345_chr6:113024454-113028264,enhancer_hit,single
Srgap3_Forebrain_E11.5,chr6:112928709-112932986_chr6:113024454-113028264,enhancer_hit,single
Srrm3_Forebrain_Any,chr5:135820605-135826943_chr5:135848706-135852883,enhancer_hit,single
Srrm3_Forebrain_E11.5,chr5:135820605-135826943_chr5:135848706-135852883,enhancer_hit,single
Srrm4_Forebrain_Any,chr5:116273714-116275770_chr5:116434680-116436213,enhancer_hit,single
Sstr2_Forebrain_Any,chr11:112810097-112813408_chr11:113266148-113267441,enhancer_hit,
Sstr2_Forebrain_Any,chr11:112810097-112813408_chr11:113582808-113585124,enhancer_hit,
Sstr2_Forebrain_Any,chr11:113519553-113522674_chr11:113538192-113540488,enhancer_hit,
Sstr2_Forebrain_Any,chr11:113538192-113540488_chr11:113600281-113602708,enhancer_hit,single
Sstr2_Forebrain_Any,chr11:113582808-113585124_chr11:113609771-113612818,enhancer_hit,single
Sstr2_Forebrain_Any,chr11:113582808-113585124_chr11:114303352-114304352,enhancer_hit,single
Sstr2_Forebrain_Any,chr11:113609771-113612818_chr11:114303352-114304352,enhancer_hit,single
Sstr2_Forebrain_E11.5,chr11:112810097-112813408_chr11:113582808-113585124,enhancer_hit,
Sstr2_Forebrain_E11.5,chr11:113582808-113585124_chr11:113609771-113612818,enhancer_hit,single
St3gal6_Heart_Any,chr16:58459371-58461332_chr16:58501263-58503501,enhancer_hit,single
St3gal6_Heart_Any,chr16:58459371-58461332_chr16:58518128-58520926,enhancer_hit,single
St3gal6_Heart_Any,chr16:58474260-58477262_chr16:58511428-58515502,enhancer_hit,single
St3gal6_Heart_Any,chr16:58501263-58503501_chr16:58511428-58515502,enhancer_hit,single
St3gal6_Heart_Any,chr16:58501263-58503501_chr16:58518128-58520926,enhancer_hit,single
St3gal6_Heart_Any,chr16:58511428-58515502_chr16:58518128-58520926,enhancer_hit,
St3gal6_Heart_E11.5,chr16:58459371-58461332_chr16:58518128-58520926,enhancer_hit,single
St3gal6_Heart_E11.5,chr16:58511428-58515502_chr16:58518128-58520926,enhancer_hit,
St6galnac2_Forebrain_Any,chr11:117117737-117122165_chr11:117126872-117129989,enhancer_hit,single
St6galnac2_Forebrain_Any,chr11:117117737-117122165_chr11:117173954-117176006,enhancer_hit,
St6galnac2_Forebrain_Any,chr11:117126872-117129989_chr11:117137097-117139964,enhancer_hit,single
St6galnac2_Forebrain_Any,chr11:117126872-117129989_chr11:117173954-117176006,enhancer_hit,
St6galnac2_Forebrain_Any,chr11:117126872-117129989_chr11:117293965-117297621,enhancer_hit,single
St6galnac2_Forebrain_Any,chr11:117126872-117129989_chr11:117306344-117314013,enhancer_hit,single
St6galnac2_Forebrain_Any,chr11:117137097-117139964_chr11:117293965-117297621,enhancer_hit,single
St6galnac2_Forebrain_Any,chr11:117173954-117176006_chr11:117293965-117297621,enhancer_hit,single
St6galnac2_Heart_Any,chr11:117089311-117094527_chr11:117126872-117129989,enhancer_hit,single
St6galnac2_Heart_Any,chr11:117089311-117094527_chr11:117137097-117139964,enhancer_hit,
St6galnac2_Heart_Any,chr11:117089311-117094527_chr11:117159355-117160355,enhancer_hit,
St6galnac2_Heart_Any,chr11:117089311-117094527_chr11:117173954-117176006,enhancer_hit,single
St6galnac2_Heart_Any,chr11:117089311-117094527_chr11:117567808-117569779,enhancer_hit,single
St6galnac2_Heart_Any,chr11:117117737-117122165_chr11:117126872-117129989,enhancer_hit,single
St6galnac2_Heart_Any,chr11:117117737-117122165_chr11:117159355-117160355,enhancer_hit,single
St6galnac2_Heart_Any,chr11:117117737-117122165_chr11:117173954-117176006,enhancer_hit,
St6galnac2_Heart_Any,chr11:117117737-117122165_chr11:117234784-117236616,enhancer_hit,single
St6galnac2_Heart_Any,chr11:117126872-117129989_chr11:117137097-117139964,enhancer_hit,single
St6galnac2_Heart_Any,chr11:117126872-117129989_chr11:117159355-117160355,enhancer_hit,single
St6galnac2_Heart_Any,chr11:117126872-117129989_chr11:117173954-117176006,enhancer_hit,
St6galnac2_Heart_Any,chr11:117126872-117129989_chr11:117306344-117314013,enhancer_hit,single
St6galnac2_Heart_Any,chr11:117126872-117129989_chr11:117567808-117569779,enhancer_hit,single
St6galnac2_Heart_Any,chr11:117159355-117160355_chr11:117173954-117176006,enhancer_hit,
St6galnac2_Heart_E11.5,chr11:117117737-117122165_chr11:117126872-117129989,enhancer_hit,single
St6galnac2_Heart_E11.5,chr11:117117737-117122165_chr11:117173954-117176006,enhancer_hit,
St6galnac2_Heart_E11.5,chr11:117117737-117122165_chr11:117234784-117236616,enhancer_hit,single
St6galnac2_Heart_E11.5,chr11:117126872-117129989_chr11:117173954-117176006,enhancer_hit,
St6galnac2_Heart_E11.5,chr11:117126872-117129989_chr11:117306344-117314013,enhancer_hit,single
St6galnac2_Limb_Any,chr11:117089311-117094527_chr11:117126872-117129989,enhancer_hit,single
St6galnac2_Limb_Any,chr11:117089311-117094527_chr11:117137097-117139964,enhancer_hit,
St6galnac2_Limb_Any,chr11:117089311-117094527_chr11:117173954-117176006,enhancer_hit,single
St6galnac2_Limb_Any,chr11:117089311-117094527_chr11:117207832-117209368,enhancer_hit,single
St6galnac2_Limb_Any,chr11:117089311-117094527_chr11:117293965-117297621,enhancer_hit,single
St6galnac2_Limb_Any,chr11:117089311-117094527_chr11:117300012-117303162,enhancer_hit,single
St6galnac2_Limb_Any,chr11:117117737-117122165_chr11:117126872-117129989,enhancer_hit,single
St6galnac2_Limb_Any,chr11:117117737-117122165_chr11:117173954-117176006,enhancer_hit,
St6galnac2_Limb_Any,chr11:117126872-117129989_chr11:117137097-117139964,enhancer_hit,single
St6galnac2_Limb_Any,chr11:117126872-117129989_chr11:117173954-117176006,enhancer_hit,
St6galnac2_Limb_Any,chr11:117126872-117129989_chr11:117183996-117186376,enhancer_hit,single
St6galnac2_Limb_Any,chr11:117126872-117129989_chr11:117207832-117209368,enhancer_hit,single
St6galnac2_Limb_Any,chr11:117126872-117129989_chr11:117293965-117297621,enhancer_hit,single
St6galnac2_Limb_Any,chr11:117126872-117129989_chr11:117300012-117303162,enhancer_hit,double
St6galnac2_Limb_Any,chr11:117126872-117129989_chr11:117306344-117314013,enhancer_hit,single
St6galnac2_Limb_Any,chr11:117137097-117139964_chr11:117293965-117297621,enhancer_hit,single
St6galnac2_Limb_Any,chr11:117137097-117139964_chr11:117300012-117303162,enhancer_hit,single
St6galnac2_Limb_Any,chr11:117173954-117176006_chr11:117207832-117209368,enhancer_hit,
St6galnac2_Limb_Any,chr11:117173954-117176006_chr11:117293965-117297621,enhancer_hit,single
St6galnac2_Limb_Any,chr11:117173954-117176006_chr11:117300012-117303162,enhancer_hit,
St6galnac2_Limb_Any,chr11:117183996-117186376_chr11:117207832-117209368,enhancer_hit,single
St6galnac2_Limb_Any,chr11:117183996-117186376_chr11:117293965-117297621,enhancer_hit,single
St6galnac2_Limb_Any,chr11:117183996-117186376_chr11:117300012-117303162,enhancer_hit,single
St6galnac2_Limb_Any,chr11:117207832-117209368_chr11:117293965-117297621,enhancer_hit,single
St6galnac2_Limb_Any,chr11:117293965-117297621_chr11:117300012-117303162,enhancer_hit,single
Stab1_Heart_Any,chr14:31124437-31126430_chr14:31210811-31214914,enhancer_hit,single
Stard10_Heart_Any,chr7:100949410-100953604_chr7:101082823-101086621,enhancer_hit,single
Stard13_Heart_Any,chr5:151053036-151058344_chr5:151134912-151137304,enhancer_hit,single
Stard13_Heart_Any,chr5:151053036-151058344_chr5:151164304-151170994,enhancer_hit,
Stard13_Heart_Any,chr5:151134912-151137304_chr5:151164304-151170994,enhancer_hit,
Stard3_Heart_Any,chr11:98366181-98369380_chr11:98508807-98510534,enhancer_hit,single
Stat5a_Forebrain_Any,chr11:101054966-101067359_chr11:101188100-101192337,enhancer_hit,single
Stat5a_Heart_Any,chr11:100813973-100819283_chr11:100912047-100913747,enhancer_hit,single
Stat5a_Heart_Any,chr11:100813973-100819283_chr11:101054966-101067359,enhancer_hit,single
Stat5a_Heart_Any,chr11:100840606-100843041_chr11:100912047-100913747,enhancer_hit,single
Stat5a_Heart_Any,chr11:100840606-100843041_chr11:101054966-101067359,enhancer_hit,single
Stat5a_Heart_Any,chr11:100840606-100843041_chr11:101188100-101192337,enhancer_hit,single
Stat5a_Heart_Any,chr11:100840606-100843041_chr11:101256252-101257399,enhancer_hit,single
Stat5a_Heart_Any,chr11:100912047-100913747_chr11:101054966-101067359,enhancer_hit,single
Stat5a_Heart_Any,chr11:101054966-101067359_chr11:101188100-101192337,enhancer_hit,single
Stat5a_Heart_Any,chr11:101054966-101067359_chr11:101256252-101257399,enhancer_hit,single
Stat5a_Heart_Any,chr11:101188100-101192337_chr11:101256252-101257399,enhancer_hit,single
Stat5a_Heart_E11.5,chr11:100813973-100819283_chr11:100912047-100913747,enhancer_hit,single
Stat5a_Heart_E11.5,chr11:100813973-100819283_chr11:101054966-101067359,enhancer_hit,single
Stat5a_Heart_E11.5,chr11:100912047-100913747_chr11:101054966-101067359,enhancer_hit,single
Stat5a_Heart_E11.5,chr11:101054966-101067359_chr11:101188100-101192337,enhancer_hit,single
Stat5a_Heart_E11.5,chr11:101054966-101067359_chr11:101256252-101257399,enhancer_hit,single
Stat5a_Heart_E11.5,chr11:101188100-101192337_chr11:101256252-101257399,enhancer_hit,single
Stat5a_Limb_Any,chr11:101054966-101067359_chr11:101188100-101192337,enhancer_hit,single
Stat5a_Limb_E11.5,chr11:101054966-101067359_chr11:101188100-101192337,enhancer_hit,single
Stbd1_Heart_Any,chr5:91628723-91630842_chr5:92373724-92377710,enhancer_hit,single
Stbd1_Heart_Any,chr5:91628723-91630842_chr5:92466818-92470478,enhancer_hit,
Stbd1_Heart_Any,chr5:91628723-91630842_chr5:92486742-92491215,enhancer_hit,
Stbd1_Heart_Any,chr5:91628723-91630842_chr5:92627383-92629029,enhancer_hit,
Stbd1_Heart_Any,chr5:92373724-92377710_chr5:92466818-92470478,enhancer_hit,single
Stbd1_Heart_Any,chr5:92373724-92377710_chr5:92486742-92491215,enhancer_hit,single
Stbd1_Heart_Any,chr5:92373724-92377710_chr5:92627383-92629029,enhancer_hit,single
Stbd1_Heart_Any,chr5:92466818-92470478_chr5:92486742-92491215,enhancer_hit,
Stbd1_Heart_Any,chr5:92466818-92470478_chr5:92492776-92497268,enhancer_hit,single
Stbd1_Heart_Any,chr5:92466818-92470478_chr5:92627383-92629029,enhancer_hit,single
Stbd1_Heart_Any,chr5:92486742-92491215_chr5:92627383-92629029,enhancer_hit,
Stbd1_Heart_E11.5,chr5:91628723-91630842_chr5:92466818-92470478,enhancer_hit,
Stbd1_Heart_E11.5,chr5:91628723-91630842_chr5:92627383-92629029,enhancer_hit,
Stbd1_Heart_E11.5,chr5:92466818-92470478_chr5:92492776-92497268,enhancer_hit,single
Stbd1_Heart_E11.5,chr5:92466818-92470478_chr5:92627383-92629029,enhancer_hit,single
Stk10_Heart_Any,chr11:32537801-32539780_chr11:32540321-32544801,enhancer_hit,single
Stk39_Heart_Any,chr2:68209898-68212376_chr2:68218173-68219445,enhancer_hit,
Stk39_Heart_Any,chr2:68209898-68212376_chr2:68404144-68409485,enhancer_hit,single
Stk39_Heart_E11.5,chr2:68209898-68212376_chr2:68404144-68409485,enhancer_hit,single
Stmn1_Forebrain_Any,chr4:134429477-134434238_chr4:134443981-134447114,enhancer_hit,single
Stmn1_Forebrain_Any,chr4:134429477-134434238_chr4:134472241-134478936,enhancer_hit,single
Stmn1_Forebrain_Any,chr4:134429477-134434238_chr4:134599247-134600247,enhancer_hit,single
Stmn1_Forebrain_Any,chr4:134443981-134447114_chr4:134472241-134478936,enhancer_hit,single
Stmn1_Forebrain_Any,chr4:134443981-134447114_chr4:134599247-134600247,enhancer_hit,
Stmn1_Forebrain_Any,chr4:134472241-134478936_chr4:134599247-134600247,enhancer_hit,
Stmn1_Forebrain_E11.5,chr4:134429477-134434238_chr4:134472241-134478936,enhancer_hit,single
Stox2_Forebrain_Any,chr8:47333070-47335469_chr8:47344536-47346808,enhancer_hit,
Stox2_Forebrain_E11.5,chr8:47333070-47335469_chr8:47344536-47346808,enhancer_hit,
Stox2_Heart_Any,chr8:47333070-47335469_chr8:47344536-47346808,enhancer_hit,
Strip1_Forebrain_Any,chr3:107834000-107835029_chr3:108431486-108436778,enhancer_hit,single
Strip1_Forebrain_Any,chr3:108431486-108436778_chr3:108510671-108511879,enhancer_hit,single
Strip1_Forebrain_E11.5,chr3:107834000-107835029_chr3:108431486-108436778,enhancer_hit,single
Strip1_Forebrain_E11.5,chr3:108431486-108436778_chr3:108510671-108511879,enhancer_hit,single
Sulf2_Forebrain_Any,chr2:166104952-166108209_chr2:166400657-166404589,enhancer_hit,
Sulf2_Heart_Any,chr2:166097448-166101554_chr2:166140121-166152785,enhancer_hit,single
Sulf2_Heart_Any,chr2:166097448-166101554_chr2:166457125-166462006,enhancer_hit,single
Sulf2_Heart_Any,chr2:166104952-166108209_chr2:166400657-166404589,enhancer_hit,
Sulf2_Heart_Any,chr2:166140121-166152785_chr2:166304418-166306953,enhancer_hit,single
Sulf2_Heart_Any,chr2:166140121-166152785_chr2:166457125-166462006,enhancer_hit,
Sulf2_Heart_Any,chr2:166195519-166197529_chr2:166514661-166515661,enhancer_hit,single
Sulf2_Heart_Any,chr2:166400657-166404589_chr2:166414829-166416767,enhancer_hit,
Sulf2_Heart_Any,chr2:166414829-166416767_chr2:166457125-166462006,enhancer_hit,
Sulf2_Heart_E11.5,chr2:166097448-166101554_chr2:166140121-166152785,enhancer_hit,single
Sulf2_Heart_E11.5,chr2:166097448-166101554_chr2:166457125-166462006,enhancer_hit,single
Sulf2_Heart_E11.5,chr2:166104952-166108209_chr2:166400657-166404589,enhancer_hit,
Sulf2_Heart_E11.5,chr2:166140121-166152785_chr2:166304418-166306953,enhancer_hit,single
Sulf2_Heart_E11.5,chr2:166140121-166152785_chr2:166457125-166462006,enhancer_hit,
Sulf2_Limb_Any,chr2:166140121-166152785_chr2:166457125-166462006,enhancer_hit,
Sulf2_Limb_Any,chr2:166414829-166416767_chr2:166457125-166462006,enhancer_hit,
Sulf2_Limb_E11.5,chr2:166140121-166152785_chr2:166457125-166462006,enhancer_hit,
Sulf2_Limb_E11.5,chr2:166414829-166416767_chr2:166457125-166462006,enhancer_hit,
Sult5a1_Heart_Any,chr8:122660567-122661918_chr8:123347617-123349512,enhancer_hit,single
Suv420h2_Heart_Any,chr7:4742684-4750371_chr7:4806833-4808012,enhancer_hit,
Suv420h2_Heart_E11.5,chr7:4742684-4750371_chr7:4806833-4808012,enhancer_hit,
Svil_Heart_Any,chr18:4342265-4344401_chr18:5004432-5010531,enhancer_hit,single
Svil_Heart_Any,chr18:4342265-4344401_chr18:5805345-5808023,enhancer_hit,
Svil_Heart_Any,chr18:4364644-4366119_chr18:4513262-4516150,enhancer_hit,
Svil_Heart_Any,chr18:4364644-4366119_chr18:4997117-5003430,enhancer_hit,
Svil_Heart_Any,chr18:4364644-4366119_chr18:5012193-5021127,enhancer_hit,
Svil_Heart_Any,chr18:4364644-4366119_chr18:5178479-5180864,enhancer_hit,single
Svil_Heart_Any,chr18:4513262-4516150_chr18:5178479-5180864,enhancer_hit,
Svil_Heart_Any,chr18:4802658-4805517_chr18:5004432-5010531,enhancer_hit,
Svil_Heart_Any,chr18:4802658-4805517_chr18:5012193-5021127,enhancer_hit,
Svil_Heart_Any,chr18:4802658-4805517_chr18:5096436-5099595,enhancer_hit,
Svil_Heart_Any,chr18:4802658-4805517_chr18:5808622-5810611,enhancer_hit,single
Svil_Heart_Any,chr18:4986965-4988917_chr18:5012193-5021127,enhancer_hit,
Svil_Heart_Any,chr18:4997117-5003430_chr18:5004432-5010531,enhancer_hit,
Svil_Heart_Any,chr18:4997117-5003430_chr18:5022094-5024188,enhancer_hit,
Svil_Heart_Any,chr18:4997117-5003430_chr18:5066841-5071132,enhancer_hit,
Svil_Heart_Any,chr18:4997117-5003430_chr18:5140948-5143762,enhancer_hit,
Svil_Heart_Any,chr18:5004432-5010531_chr18:5012193-5021127,enhancer_hit,
Svil_Heart_Any,chr18:5012193-5021127_chr18:5140948-5143762,enhancer_hit,
Svil_Heart_Any,chr18:5012193-5021127_chr18:5178479-5180864,enhancer_hit,
Svil_Heart_Any,chr18:5012193-5021127_chr18:5401521-5402521,enhancer_hit,single
Svil_Heart_Any,chr18:5012193-5021127_chr18:5808622-5810611,enhancer_hit,single
Svil_Heart_Any,chr18:5025437-5030214_chr18:5808622-5810611,enhancer_hit,single
Svil_Heart_Any,chr18:5140948-5143762_chr18:5535378-5537887,enhancer_hit,
Svil_Heart_Any,chr18:5140948-5143762_chr18:5840283-5841283,enhancer_hit,single
Svil_Heart_E11.5,chr18:4342265-4344401_chr18:5004432-5010531,enhancer_hit,single
Svil_Heart_E11.5,chr18:4342265-4344401_chr18:5805345-5808023,enhancer_hit,
Svil_Heart_E11.5,chr18:4364644-4366119_chr18:4513262-4516150,enhancer_hit,
Svil_Heart_E11.5,chr18:4364644-4366119_chr18:4997117-5003430,enhancer_hit,
Svil_Heart_E11.5,chr18:4364644-4366119_chr18:5012193-5021127,enhancer_hit,single
Svil_Heart_E11.5,chr18:4986965-4988917_chr18:5012193-5021127,enhancer_hit,
Svil_Heart_E11.5,chr18:4997117-5003430_chr18:5004432-5010531,enhancer_hit,
Svil_Heart_E11.5,chr18:4997117-5003430_chr18:5140948-5143762,enhancer_hit,
Svil_Heart_E11.5,chr18:5004432-5010531_chr18:5012193-5021127,enhancer_hit,
Svil_Heart_E11.5,chr18:5012193-5021127_chr18:5140948-5143762,enhancer_hit,single
Svil_Heart_E11.5,chr18:5140948-5143762_chr18:5535378-5537887,enhancer_hit,
Svil_Limb_Any,chr18:4844339-4846609_chr18:5004432-5010531,enhancer_hit,
Svil_Limb_Any,chr18:4844339-4846609_chr18:5012193-5021127,enhancer_hit,
Svil_Limb_Any,chr18:5004432-5010531_chr18:5012193-5021127,enhancer_hit,
Svil_Limb_Any,chr18:5012193-5021127_chr18:5100561-5101561,enhancer_hit,single
Svil_Limb_Any,chr18:5012193-5021127_chr18:5140948-5143762,enhancer_hit,single
Syde2_Heart_Any,chr3:145945899-145947644_chr3:145961935-145967958,enhancer_hit,single
Syde2_Heart_Any,chr3:145945899-145947644_chr3:146009259-146011235,enhancer_hit,single
Syde2_Heart_Any,chr3:145945899-145947644_chr3:146044531-146045822,enhancer_hit,single
Syde2_Heart_Any,chr3:145945899-145947644_chr3:146203416-146205961,enhancer_hit,
Syde2_Heart_Any,chr3:145961935-145967958_chr3:146009259-146011235,enhancer_hit,single
Syde2_Heart_Any,chr3:145961935-145967958_chr3:146044531-146045822,enhancer_hit,single
Syde2_Heart_Any,chr3:146009259-146011235_chr3:146044531-146045822,enhancer_hit,single
Syde2_Heart_Any,chr3:146044531-146045822_chr3:146203416-146205961,enhancer_hit,
Syde2_Heart_E11.5,chr3:145945899-145947644_chr3:145961935-145967958,enhancer_hit,single
Syde2_Heart_E11.5,chr3:145945899-145947644_chr3:146009259-146011235,enhancer_hit,single
Syde2_Heart_E11.5,chr3:145945899-145947644_chr3:146044531-146045822,enhancer_hit,single
Syde2_Heart_E11.5,chr3:145945899-145947644_chr3:146203416-146205961,enhancer_hit,
Syde2_Heart_E11.5,chr3:145961935-145967958_chr3:146009259-146011235,enhancer_hit,single
Syde2_Heart_E11.5,chr3:145961935-145967958_chr3:146044531-146045822,enhancer_hit,single
Syde2_Heart_E11.5,chr3:146009259-146011235_chr3:146044531-146045822,enhancer_hit,single
Syde2_Heart_E11.5,chr3:146044531-146045822_chr3:146203416-146205961,enhancer_hit,
Syne2_Heart_Any,chr12:75838782-75840361_chr12:76071624-76073783,enhancer_hit,single
Syne2_Heart_Any,chr12:75838782-75840361_chr12:76116257-76119242,enhancer_hit,single
Syne2_Heart_Any,chr12:76071624-76073783_chr12:76116257-76119242,enhancer_hit,single
Syne2_Heart_E11.5,chr12:76071624-76073783_chr12:76116257-76119242,enhancer_hit,single
Syngr1_Forebrain_Any,chr15:80797263-80802638_chr15:80849378-80851737,enhancer_hit,single
Syngr1_Heart_Any,chr15:80095543-80099213_chr15:80163145-80164145,enhancer_hit,single
Syngr1_Heart_Any,chr15:80095543-80099213_chr15:80849378-80851737,enhancer_hit,double
Syngr1_Heart_Any,chr15:80163145-80164145_chr15:80849378-80851737,enhancer_hit,single
Syngr1_Heart_Any,chr15:80797263-80802638_chr15:80849378-80851737,enhancer_hit,single
Synj2_Heart_Any,chr17:5769047-5771724_chr17:6003021-6005079,enhancer_hit,
Synpo2_Heart_Any,chr3:122364694-122366206_chr3:123107330-123108822,enhancer_hit,
Synpo2_Heart_Any,chr3:122364694-122366206_chr3:123332577-123339562,enhancer_hit,single
Synpo2_Heart_Any,chr3:122813277-122815924_chr3:123332577-123339562,enhancer_hit,single
Synpo2_Heart_Any,chr3:123024945-123032384_chr3:123187119-123188870,enhancer_hit,single
Synpo2_Heart_Any,chr3:123024945-123032384_chr3:123332577-123339562,enhancer_hit,
Synpo2_Heart_Any,chr3:123079392-123082572_chr3:123122050-123124765,enhancer_hit,single
Synpo2_Heart_Any,chr3:123107330-123108822_chr3:123332577-123339562,enhancer_hit,
Synpo2_Heart_Any,chr3:123122050-123124765_chr3:123173356-123174691,enhancer_hit,single
Synpo2_Heart_Any,chr3:123173356-123174691_chr3:123332577-123339562,enhancer_hit,single
Synpo2_Heart_Any,chr3:123187119-123188870_chr3:123332577-123339562,enhancer_hit,single
Synpo2_Heart_E11.5,chr3:122813277-122815924_chr3:123332577-123339562,enhancer_hit,single
Synpo2_Heart_E11.5,chr3:123024945-123032384_chr3:123187119-123188870,enhancer_hit,single
Synpo2_Heart_E11.5,chr3:123024945-123032384_chr3:123332577-123339562,enhancer_hit,
Synpo2_Heart_E11.5,chr3:123173356-123174691_chr3:123332577-123339562,enhancer_hit,single
Synpo2_Heart_E11.5,chr3:123187119-123188870_chr3:123332577-123339562,enhancer_hit,single
Synpo_Forebrain_Any,chr18:60650819-60662416_chr18:60755340-60757807,enhancer_hit,single
Synpo_Heart_Any,chr18:60594527-60596954_chr18:60650819-60662416,enhancer_hit,single
Synpo_Heart_Any,chr18:60650819-60662416_chr18:60663445-60665073,enhancer_hit,
Synpo_Heart_E11.5,chr18:60594527-60596954_chr18:60650819-60662416,enhancer_hit,single
Synpo_Heart_E11.5,chr18:60650819-60662416_chr18:60663445-60665073,enhancer_hit,
Synpo_Limb_Any,chr18:60594527-60596954_chr18:60650819-60662416,enhancer_hit,single
Synpo_Limb_Any,chr18:60650819-60662416_chr18:60663445-60665073,enhancer_hit,
Synpo_Limb_Any,chr18:60650819-60662416_chr18:60755340-60757807,enhancer_hit,
Synpo_Limb_Any,chr18:60663445-60665073_chr18:60755340-60757807,enhancer_hit,single
Synpo_Limb_E11.5,chr18:60594527-60596954_chr18:60650819-60662416,enhancer_hit,single
Synpo_Limb_E11.5,chr18:60650819-60662416_chr18:60663445-60665073,enhancer_hit,
Synpo_Limb_E11.5,chr18:60650819-60662416_chr18:60755340-60757807,enhancer_hit,
Synpo_Limb_E11.5,chr18:60663445-60665073_chr18:60755340-60757807,enhancer_hit,single
Syt8_Limb_Any,chr7:142514552-142518043_chr7:142593909-142596084,enhancer_hit,single
Tanc1_Forebrain_Any,chr2:59696484-59701527_chr2:59767926-59776595,enhancer_hit,
Tanc1_Forebrain_Any,chr2:59696484-59701527_chr2:59823297-59831587,enhancer_hit,double
Tanc1_Forebrain_E11.5,chr2:59696484-59701527_chr2:59823297-59831587,enhancer_hit,double
Tanc1_Heart_Any,chr2:59526318-59530736_chr2:59539435-59540435,enhancer_hit,single
Tanc1_Heart_Any,chr2:59526318-59530736_chr2:59598203-59601003,enhancer_hit,single
Tanc1_Heart_Any,chr2:59526318-59530736_chr2:59684649-59685649,enhancer_hit,single
Tanc1_Heart_Any,chr2:59526318-59530736_chr2:59767926-59776595,enhancer_hit,single
Tanc1_Heart_Any,chr2:59539435-59540435_chr2:59598203-59601003,enhancer_hit,single
Tanc1_Heart_Any,chr2:59539435-59540435_chr2:59696484-59701527,enhancer_hit,single
Tanc1_Heart_Any,chr2:59539435-59540435_chr2:59767926-59776595,enhancer_hit,single
Tanc1_Heart_Any,chr2:59598203-59601003_chr2:59684649-59685649,enhancer_hit,single
Tanc1_Heart_Any,chr2:59598203-59601003_chr2:59696484-59701527,enhancer_hit,single
Tanc1_Heart_Any,chr2:59598203-59601003_chr2:59767926-59776595,enhancer_hit,single
Tanc1_Heart_Any,chr2:59690548-59691548_chr2:59696484-59701527,enhancer_hit,single
Tanc1_Heart_Any,chr2:59690548-59691548_chr2:59782158-59787248,enhancer_hit,single
Tanc1_Heart_Any,chr2:59690548-59691548_chr2:59823297-59831587,enhancer_hit,
Tanc1_Heart_Any,chr2:59696484-59701527_chr2:59767926-59776595,enhancer_hit,
Tanc1_Heart_Any,chr2:59696484-59701527_chr2:59823297-59831587,enhancer_hit,double
Tanc1_Heart_Any,chr2:59782158-59787248_chr2:59823297-59831587,enhancer_hit,single
Tanc1_Heart_E11.5,chr2:59598203-59601003_chr2:59696484-59701527,enhancer_hit,single
Tanc1_Heart_E11.5,chr2:59598203-59601003_chr2:59767926-59776595,enhancer_hit,single
Tanc1_Heart_E11.5,chr2:59696484-59701527_chr2:59767926-59776595,enhancer_hit,
Tanc1_Heart_E11.5,chr2:59696484-59701527_chr2:59823297-59831587,enhancer_hit,double
Tanc1_Heart_E11.5,chr2:59782158-59787248_chr2:59823297-59831587,enhancer_hit,single
Tanc1_Limb_Any,chr2:59526318-59530736_chr2:59598203-59601003,enhancer_hit,single
Tanc1_Limb_Any,chr2:59526318-59530736_chr2:59684649-59685649,enhancer_hit,single
Tanc1_Limb_Any,chr2:59526318-59530736_chr2:59755679-59759480,enhancer_hit,single
Tanc1_Limb_Any,chr2:59526318-59530736_chr2:59767926-59776595,enhancer_hit,single
Tanc1_Limb_Any,chr2:59537825-59538825_chr2:59690548-59691548,enhancer_hit,
Tanc1_Limb_Any,chr2:59598203-59601003_chr2:59684649-59685649,enhancer_hit,single
Tanc1_Limb_Any,chr2:59598203-59601003_chr2:59696484-59701527,enhancer_hit,single
Tanc1_Limb_Any,chr2:59598203-59601003_chr2:59755679-59759480,enhancer_hit,single
Tanc1_Limb_Any,chr2:59598203-59601003_chr2:59767926-59776595,enhancer_hit,single
Tanc1_Limb_Any,chr2:59690548-59691548_chr2:59696484-59701527,enhancer_hit,single
Tanc1_Limb_Any,chr2:59690548-59691548_chr2:59782158-59787248,enhancer_hit,single
Tanc1_Limb_Any,chr2:59690548-59691548_chr2:59823297-59831587,enhancer_hit,
Tanc1_Limb_Any,chr2:59696484-59701527_chr2:59755679-59759480,enhancer_hit,single
Tanc1_Limb_Any,chr2:59696484-59701527_chr2:59767926-59776595,enhancer_hit,
Tanc1_Limb_Any,chr2:59696484-59701527_chr2:59823297-59831587,enhancer_hit,double
Tanc1_Limb_Any,chr2:59755679-59759480_chr2:59767926-59776595,enhancer_hit,single
Tanc1_Limb_Any,chr2:59782158-59787248_chr2:59823297-59831587,enhancer_hit,single
Tanc1_Limb_E11.5,chr2:59526318-59530736_chr2:59598203-59601003,enhancer_hit,single
Tanc1_Limb_E11.5,chr2:59526318-59530736_chr2:59684649-59685649,enhancer_hit,single
Tanc1_Limb_E11.5,chr2:59526318-59530736_chr2:59755679-59759480,enhancer_hit,single
Tanc1_Limb_E11.5,chr2:59526318-59530736_chr2:59767926-59776595,enhancer_hit,single
Tanc1_Limb_E11.5,chr2:59537825-59538825_chr2:59690548-59691548,enhancer_hit,
Tanc1_Limb_E11.5,chr2:59598203-59601003_chr2:59684649-59685649,enhancer_hit,single
Tanc1_Limb_E11.5,chr2:59598203-59601003_chr2:59696484-59701527,enhancer_hit,single
Tanc1_Limb_E11.5,chr2:59598203-59601003_chr2:59755679-59759480,enhancer_hit,single
Tanc1_Limb_E11.5,chr2:59598203-59601003_chr2:59767926-59776595,enhancer_hit,single
Tanc1_Limb_E11.5,chr2:59690548-59691548_chr2:59696484-59701527,enhancer_hit,single
Tanc1_Limb_E11.5,chr2:59690548-59691548_chr2:59782158-59787248,enhancer_hit,single
Tanc1_Limb_E11.5,chr2:59690548-59691548_chr2:59823297-59831587,enhancer_hit,
Tanc1_Limb_E11.5,chr2:59696484-59701527_chr2:59755679-59759480,enhancer_hit,single
Tanc1_Limb_E11.5,chr2:59696484-59701527_chr2:59767926-59776595,enhancer_hit,
Tanc1_Limb_E11.5,chr2:59696484-59701527_chr2:59823297-59831587,enhancer_hit,double
Tanc1_Limb_E11.5,chr2:59755679-59759480_chr2:59767926-59776595,enhancer_hit,single
Tanc1_Limb_E11.5,chr2:59782158-59787248_chr2:59823297-59831587,enhancer_hit,single
Tanc2_Forebrain_Any,chr11:105333207-105334890_chr11:105523459-105526574,enhancer_hit,single
Tanc2_Heart_Any,chr11:105333207-105334890_chr11:105523459-105526574,enhancer_hit,single
Tanc2_Heart_E11.5,chr11:105333207-105334890_chr11:105523459-105526574,enhancer_hit,single
Tbc1d22b_Forebrain_Any,chr17:29588758-29590410_chr17:29793610-29797168,enhancer_hit,single
Tbc1d22b_Forebrain_Any,chr17:29793610-29797168_chr17:29873024-29875314,enhancer_hit,single
Tbc1d22b_Forebrain_Any,chr17:29882788-29885382_chr17:30859598-30861227,enhancer_hit,
Tbc1d22b_Forebrain_Any,chr17:30368306-30369306_chr17:30859598-30861227,enhancer_hit,single
Tbc1d22b_Forebrain_Any,chr17:30804287-30806682_chr17:30839361-30841499,enhancer_hit,
Tbc1d22b_Forebrain_E11.5,chr17:29588758-29590410_chr17:29793610-29797168,enhancer_hit,single
Tbc1d22b_Forebrain_E11.5,chr17:29793610-29797168_chr17:29873024-29875314,enhancer_hit,single
Tbc1d7_Forebrain_Any,chr13:43364814-43366554_chr13:43529903-43532938,enhancer_hit,single
Tbc1d7_Forebrain_E11.5,chr13:43364814-43366554_chr13:43529903-43532938,enhancer_hit,single
Tbc1d7_Heart_Any,chr13:43364814-43366554_chr13:43529903-43532938,enhancer_hit,single
Tbc1d7_Heart_E11.5,chr13:43364814-43366554_chr13:43529903-43532938,enhancer_hit,single
Tbx18_Heart_Any,chr9:87607153-87609530_chr9:87633466-87634748,enhancer_hit,single
Tbx2_Limb_Any,chr11:85835050-85847833_chr11:85909615-85911195,enhancer_hit,
Tbx2_Limb_E11.5,chr11:85835050-85847833_chr11:85909615-85911195,enhancer_hit,
Tbx5_Heart_Any,chr5:119809946-119811626_chr5:119820666-119832162,enhancer_hit,single
Tbx5_Heart_Any,chr5:119809946-119811626_chr5:119837162-119845875,enhancer_hit,
Tbx5_Heart_Any,chr5:119820666-119832162_chr5:119837162-119845875,enhancer_hit,single
Tbx5_Heart_Any,chr5:119820666-119832162_chr5:119861078-119862078,enhancer_hit,single
Tbx5_Heart_E11.5,chr5:119820666-119832162_chr5:119837162-119845875,enhancer_hit,single
Tbx5_Limb_Any,chr5:119809946-119811626_chr5:119820666-119832162,enhancer_hit,single
Tbx5_Limb_Any,chr5:119809946-119811626_chr5:119837162-119845875,enhancer_hit,
Tbx5_Limb_Any,chr5:119820666-119832162_chr5:119837162-119845875,enhancer_hit,single
Tbx5_Limb_E11.5,chr5:119809946-119811626_chr5:119820666-119832162,enhancer_hit,single
Tbx5_Limb_E11.5,chr5:119809946-119811626_chr5:119837162-119845875,enhancer_hit,
Tbx5_Limb_E11.5,chr5:119820666-119832162_chr5:119837162-119845875,enhancer_hit,single
Tcea3_Heart_Any,chr4:136185020-136187515_chr4:136259670-136262773,enhancer_hit,double
Tcea3_Heart_E11.5,chr4:136185020-136187515_chr4:136259670-136262773,enhancer_hit,double
Tcf15_Heart_Any,chr2:152154736-152157017_chr2:152176677-152178269,enhancer_hit,single
Tcf21_Heart_Any,chr10:22812965-22817628_chr10:22916925-22923061,enhancer_hit,
Tcf21_Heart_E11.5,chr10:22812965-22817628_chr10:22916925-22923061,enhancer_hit,
Tcf4_Forebrain_Any,chr18:69127581-69129047_chr18:69348702-69352945,enhancer_hit,single
Tcf4_Forebrain_Any,chr18:69514423-69528772_chr18:69566538-69581971,enhancer_hit,
Tcf4_Forebrain_Any,chr18:69566538-69581971_chr18:69595925-69619220,enhancer_hit,
Tcf4_Forebrain_Any,chr18:69658350-69668275_chr18:69833463-69835639,enhancer_hit,
Tcf4_Forebrain_Any,chr18:69674107-69676298_chr18:69793815-69795629,enhancer_hit,single
Tcf4_Forebrain_E11.5,chr18:69514423-69528772_chr18:69566538-69581971,enhancer_hit,single
Tcf4_Forebrain_E11.5,chr18:69566538-69581971_chr18:69595925-69619220,enhancer_hit,single
Tcf4_Forebrain_E11.5,chr18:69674107-69676298_chr18:69793815-69795629,enhancer_hit,single
Tcf4_Heart_Any,chr18:68942185-68945020_chr18:69652870-69653870,enhancer_hit,
Tcf4_Heart_Any,chr18:69514423-69528772_chr18:69566538-69581971,enhancer_hit,single
Tcf4_Heart_Any,chr18:69566538-69581971_chr18:69595925-69619220,enhancer_hit,single
Tcf4_Heart_Any,chr18:69674107-69676298_chr18:69793815-69795629,enhancer_hit,single
Tcf4_Heart_E11.5,chr18:69514423-69528772_chr18:69566538-69581971,enhancer_hit,single
Tcf4_Heart_E11.5,chr18:69566538-69581971_chr18:69595925-69619220,enhancer_hit,single
Tcf4_Limb_Any,chr18:69514423-69528772_chr18:69566538-69581971,enhancer_hit,single
Tcf4_Limb_Any,chr18:69566538-69581971_chr18:69595925-69619220,enhancer_hit,single
Tcf4_Limb_Any,chr18:69674107-69676298_chr18:69793815-69795629,enhancer_hit,single
Tcf4_Limb_E11.5,chr18:69514423-69528772_chr18:69566538-69581971,enhancer_hit,single
Tcf4_Limb_E11.5,chr18:69566538-69581971_chr18:69595925-69619220,enhancer_hit,single
Tcf4_Limb_E11.5,chr18:69674107-69676298_chr18:69793815-69795629,enhancer_hit,single
Tcf7l1_Forebrain_Any,chr6:72652575-72657057_chr6:72672542-72674423,enhancer_hit,single
Tcf7l1_Forebrain_Any,chr6:72652575-72657057_chr6:72675689-72679401,enhancer_hit,single
Tcf7l1_Forebrain_Any,chr6:72652575-72657057_chr6:72710175-72715732,enhancer_hit,single
Tcf7l1_Forebrain_Any,chr6:72652575-72657057_chr6:72721180-72725699,enhancer_hit,single
Tcf7l1_Forebrain_Any,chr6:72652575-72657057_chr6:72766101-72771037,enhancer_hit,single
Tcf7l1_Forebrain_Any,chr6:72672542-72674423_chr6:72675689-72679401,enhancer_hit,
Tcf7l1_Forebrain_Any,chr6:72672542-72674423_chr6:72710175-72715732,enhancer_hit,single
Tcf7l1_Forebrain_Any,chr6:72672542-72674423_chr6:72721180-72725699,enhancer_hit,single
Tcf7l1_Forebrain_Any,chr6:72672542-72674423_chr6:72766101-72771037,enhancer_hit,single
Tcf7l1_Forebrain_Any,chr6:72675689-72679401_chr6:72710175-72715732,enhancer_hit,single
Tcf7l1_Forebrain_Any,chr6:72675689-72679401_chr6:72721180-72725699,enhancer_hit,single
Tcf7l1_Forebrain_Any,chr6:72675689-72679401_chr6:72766101-72771037,enhancer_hit,single
Tcf7l1_Forebrain_Any,chr6:72710175-72715732_chr6:72721180-72725699,enhancer_hit,single
Tcf7l1_Forebrain_Any,chr6:72710175-72715732_chr6:72766101-72771037,enhancer_hit,single
Tcf7l1_Forebrain_Any,chr6:72721180-72725699_chr6:72766101-72771037,enhancer_hit,single
Tcf7l1_Forebrain_E11.5,chr6:72652575-72657057_chr6:72672542-72674423,enhancer_hit,single
Tcf7l1_Forebrain_E11.5,chr6:72652575-72657057_chr6:72675689-72679401,enhancer_hit,single
Tcf7l1_Forebrain_E11.5,chr6:72652575-72657057_chr6:72710175-72715732,enhancer_hit,single
Tcf7l1_Forebrain_E11.5,chr6:72672542-72674423_chr6:72675689-72679401,enhancer_hit,
Tcf7l1_Forebrain_E11.5,chr6:72672542-72674423_chr6:72710175-72715732,enhancer_hit,single
Tcf7l1_Forebrain_E11.5,chr6:72675689-72679401_chr6:72710175-72715732,enhancer_hit,single
Tcf7l1_Heart_Any,chr6:72652575-72657057_chr6:72670620-72672021,enhancer_hit,single
Tcf7l1_Heart_Any,chr6:72652575-72657057_chr6:72675689-72679401,enhancer_hit,single
Tcf7l1_Heart_Any,chr6:72652575-72657057_chr6:72710175-72715732,enhancer_hit,single
Tcf7l1_Heart_Any,chr6:72652575-72657057_chr6:72766101-72771037,enhancer_hit,single
Tcf7l1_Heart_Any,chr6:72670620-72672021_chr6:72766101-72771037,enhancer_hit,single
Tcf7l1_Heart_Any,chr6:72675689-72679401_chr6:72689326-72691462,enhancer_hit,
Tcf7l1_Heart_Any,chr6:72675689-72679401_chr6:72710175-72715732,enhancer_hit,single
Tcf7l1_Heart_Any,chr6:72675689-72679401_chr6:72766101-72771037,enhancer_hit,single
Tcf7l1_Heart_Any,chr6:72689326-72691462_chr6:72766101-72771037,enhancer_hit,single
Tcf7l1_Heart_Any,chr6:72710175-72715732_chr6:72766101-72771037,enhancer_hit,single
Tcf7l1_Heart_E11.5,chr6:72652575-72657057_chr6:72675689-72679401,enhancer_hit,single
Tcf7l1_Heart_E11.5,chr6:72652575-72657057_chr6:72710175-72715732,enhancer_hit,single
Tcf7l1_Heart_E11.5,chr6:72675689-72679401_chr6:72689326-72691462,enhancer_hit,
Tcf7l1_Heart_E11.5,chr6:72675689-72679401_chr6:72710175-72715732,enhancer_hit,single
Tcf7l1_Limb_Any,chr6:72652575-72657057_chr6:72672542-72674423,enhancer_hit,single
Tcf7l1_Limb_Any,chr6:72652575-72657057_chr6:72675689-72679401,enhancer_hit,single
Tcf7l1_Limb_Any,chr6:72652575-72657057_chr6:72710175-72715732,enhancer_hit,single
Tcf7l1_Limb_Any,chr6:72652575-72657057_chr6:72721180-72725699,enhancer_hit,single
Tcf7l1_Limb_Any,chr6:72652575-72657057_chr6:72766101-72771037,enhancer_hit,single
Tcf7l1_Limb_Any,chr6:72672542-72674423_chr6:72675689-72679401,enhancer_hit,
Tcf7l1_Limb_Any,chr6:72672542-72674423_chr6:72689326-72691462,enhancer_hit,single
Tcf7l1_Limb_Any,chr6:72672542-72674423_chr6:72704456-72705997,enhancer_hit,single
Tcf7l1_Limb_Any,chr6:72672542-72674423_chr6:72710175-72715732,enhancer_hit,single
Tcf7l1_Limb_Any,chr6:72672542-72674423_chr6:72721180-72725699,enhancer_hit,single
Tcf7l1_Limb_Any,chr6:72672542-72674423_chr6:72766101-72771037,enhancer_hit,single
Tcf7l1_Limb_Any,chr6:72675689-72679401_chr6:72689326-72691462,enhancer_hit,
Tcf7l1_Limb_Any,chr6:72675689-72679401_chr6:72710175-72715732,enhancer_hit,single
Tcf7l1_Limb_Any,chr6:72675689-72679401_chr6:72721180-72725699,enhancer_hit,single
Tcf7l1_Limb_Any,chr6:72675689-72679401_chr6:72766101-72771037,enhancer_hit,single
Tcf7l1_Limb_Any,chr6:72689326-72691462_chr6:72721180-72725699,enhancer_hit,single
Tcf7l1_Limb_Any,chr6:72689326-72691462_chr6:72766101-72771037,enhancer_hit,single
Tcf7l1_Limb_Any,chr6:72710175-72715732_chr6:72721180-72725699,enhancer_hit,single
Tcf7l1_Limb_Any,chr6:72710175-72715732_chr6:72753771-72755494,enhancer_hit,double
Tcf7l1_Limb_Any,chr6:72710175-72715732_chr6:72766101-72771037,enhancer_hit,single
Tcf7l1_Limb_Any,chr6:72721180-72725699_chr6:72766101-72771037,enhancer_hit,single
Tcf7l1_Limb_E11.5,chr6:72652575-72657057_chr6:72675689-72679401,enhancer_hit,single
Tcf7l1_Limb_E11.5,chr6:72652575-72657057_chr6:72710175-72715732,enhancer_hit,single
Tcf7l1_Limb_E11.5,chr6:72652575-72657057_chr6:72721180-72725699,enhancer_hit,single
Tcf7l1_Limb_E11.5,chr6:72652575-72657057_chr6:72766101-72771037,enhancer_hit,single
Tcf7l1_Limb_E11.5,chr6:72675689-72679401_chr6:72689326-72691462,enhancer_hit,
Tcf7l1_Limb_E11.5,chr6:72675689-72679401_chr6:72710175-72715732,enhancer_hit,single
Tcf7l1_Limb_E11.5,chr6:72675689-72679401_chr6:72721180-72725699,enhancer_hit,single
Tcf7l1_Limb_E11.5,chr6:72675689-72679401_chr6:72766101-72771037,enhancer_hit,single
Tcf7l1_Limb_E11.5,chr6:72689326-72691462_chr6:72721180-72725699,enhancer_hit,single
Tcf7l1_Limb_E11.5,chr6:72689326-72691462_chr6:72766101-72771037,enhancer_hit,single
Tcf7l1_Limb_E11.5,chr6:72710175-72715732_chr6:72721180-72725699,enhancer_hit,single
Tcf7l1_Limb_E11.5,chr6:72710175-72715732_chr6:72753771-72755494,enhancer_hit,double
Tcf7l1_Limb_E11.5,chr6:72710175-72715732_chr6:72766101-72771037,enhancer_hit,single
Tcf7l1_Limb_E11.5,chr6:72721180-72725699_chr6:72766101-72771037,enhancer_hit,single
Tead1_Forebrain_Any,chr7:112821394-112833756_chr7:113046873-113049350,enhancer_hit,
Tead1_Heart_Any,chr7:112650571-112651679_chr7:112751803-112756883,enhancer_hit,single
Tead1_Heart_Any,chr7:112650571-112651679_chr7:112802077-112803077,enhancer_hit,single
Tead1_Heart_Any,chr7:112650571-112651679_chr7:112821394-112833756,enhancer_hit,single
Tead1_Heart_Any,chr7:112650571-112651679_chr7:112872022-112874752,enhancer_hit,single
Tead1_Heart_Any,chr7:112650571-112651679_chr7:113058192-113060550,enhancer_hit,single
Tead1_Heart_Any,chr7:112751803-112756883_chr7:112821394-112833756,enhancer_hit,
Tead1_Heart_Any,chr7:112751803-112756883_chr7:113058192-113060550,enhancer_hit,single
Tead1_Heart_Any,chr7:112802077-112803077_chr7:112872022-112874752,enhancer_hit,
Tead1_Heart_Any,chr7:112821394-112833756_chr7:112872022-112874752,enhancer_hit,
Tead1_Heart_Any,chr7:112872022-112874752_chr7:113058192-113060550,enhancer_hit,single
Tead1_Heart_E11.5,chr7:112751803-112756883_chr7:112821394-112833756,enhancer_hit,
Tead1_Heart_E11.5,chr7:112751803-112756883_chr7:113058192-113060550,enhancer_hit,single
Tead1_Heart_E11.5,chr7:112802077-112803077_chr7:112872022-112874752,enhancer_hit,
Tead1_Heart_E11.5,chr7:112821394-112833756_chr7:112872022-112874752,enhancer_hit,
Tead1_Heart_E11.5,chr7:112872022-112874752_chr7:113058192-113060550,enhancer_hit,single
Tead1_Limb_Any,chr7:112527886-112529843_chr7:113046873-113049350,enhancer_hit,
Tead1_Limb_Any,chr7:112821394-112833756_chr7:113046873-113049350,enhancer_hit,
Tead1_Limb_E11.5,chr7:112821394-112833756_chr7:113046873-113049350,enhancer_hit,
Tenm2_Forebrain_Any,chr11:36477441-36478441_chr11:36675361-36680493,enhancer_hit,
Tenm4_Forebrain_Any,chr7:96509853-96512776_chr7:96759159-96761505,enhancer_hit,
Tenm4_Forebrain_Any,chr7:96759159-96761505_chr7:96794986-96799049,enhancer_hit,
Tenm4_Forebrain_Any,chr7:96759159-96761505_chr7:96831708-96836189,enhancer_hit,
Tfap2b_Limb_Any,chr1:19214553-19220919_chr1:19230568-19237660,enhancer_hit,
Tfeb_Heart_Any,chr17:47173710-47176686_chr17:47507648-47509869,enhancer_hit,single
Tfeb_Heart_Any,chr17:47439875-47442931_chr17:47443733-47447067,enhancer_hit,
Tfeb_Heart_Any,chr17:47439875-47442931_chr17:47507648-47509869,enhancer_hit,
Tfeb_Heart_Any,chr17:47439875-47442931_chr17:47755674-47757881,enhancer_hit,
Tfeb_Heart_Any,chr17:47443733-47447067_chr17:47507648-47509869,enhancer_hit,
Tfeb_Heart_Any,chr17:47443733-47447067_chr17:47761829-47764470,enhancer_hit,
Tfeb_Heart_Any,chr17:47507648-47509869_chr17:47755674-47757881,enhancer_hit,single
Tfeb_Heart_E11.5,chr17:47173710-47176686_chr17:47507648-47509869,enhancer_hit,single
Tfeb_Heart_E11.5,chr17:47439875-47442931_chr17:47443733-47447067,enhancer_hit,
Tfeb_Heart_E11.5,chr17:47439875-47442931_chr17:47507648-47509869,enhancer_hit,
Tfeb_Heart_E11.5,chr17:47439875-47442931_chr17:47755674-47757881,enhancer_hit,
Tfeb_Heart_E11.5,chr17:47443733-47447067_chr17:47507648-47509869,enhancer_hit,
Tfeb_Heart_E11.5,chr17:47443733-47447067_chr17:47761829-47764470,enhancer_hit,
Tfeb_Heart_E11.5,chr17:47507648-47509869_chr17:47755674-47757881,enhancer_hit,single
Tfpi_Heart_Any,chr2:84463987-84466525_chr2:84617921-84620944,enhancer_hit,single
Tfpi_Heart_Any,chr2:84518047-84521648_chr2:84625885-84628851,enhancer_hit,single
Tfpi_Heart_Any,chr2:84598711-84600167_chr2:84625885-84628851,enhancer_hit,
Tfpi_Heart_Any,chr2:84598711-84600167_chr2:84645823-84646948,enhancer_hit,
Tfpi_Heart_Any,chr2:84625885-84628851_chr2:84645823-84646948,enhancer_hit,single
Tfpi_Heart_E11.5,chr2:84463987-84466525_chr2:84617921-84620944,enhancer_hit,single
Tfpi_Heart_E11.5,chr2:84518047-84521648_chr2:84625885-84628851,enhancer_hit,single
Tgfb1_Heart_Any,chr7:25689501-25690800_chr7:25705070-25712836,enhancer_hit,single
Tgfb1_Heart_E11.5,chr7:25689501-25690800_chr7:25705070-25712836,enhancer_hit,single
Tgfb2_Limb_Any,chr1:185897818-185899690_chr1:186379870-186380870,enhancer_hit,
Tgfb2_Limb_E11.5,chr1:185897818-185899690_chr1:186379870-186380870,enhancer_hit,
Tgfb3_Heart_Any,chr12:85878457-85880556_chr12:86032174-86033590,enhancer_hit,single
Tgfb3_Heart_E11.5,chr12:85878457-85880556_chr12:86032174-86033590,enhancer_hit,single
Tgfbi_Heart_Any,chr13:56575064-56577207_chr13:56593434-56598613,enhancer_hit,
Tgfbi_Heart_E11.5,chr13:56575064-56577207_chr13:56593434-56598613,enhancer_hit,
Tgfbi_Limb_Any,chr13:56575064-56577207_chr13:56593434-56598613,enhancer_hit,
Tgfbr2_Heart_Any,chr9:116121339-116124305_chr9:116144622-116147608,enhancer_hit,single
Tgfbr2_Heart_Any,chr9:116121339-116124305_chr9:116217004-116220789,enhancer_hit,single
Tgfbr2_Heart_Any,chr9:116150229-116154221_chr9:116281131-116282530,enhancer_hit,single
Tgfbr2_Heart_E11.5,chr9:116121339-116124305_chr9:116144622-116147608,enhancer_hit,single
Tgfbr2_Limb_Any,chr9:116121339-116124305_chr9:116144622-116147608,enhancer_hit,single
Tgfbr2_Limb_Any,chr9:116121339-116124305_chr9:116217004-116220789,enhancer_hit,single
Tgfbr2_Limb_E11.5,chr9:116121339-116124305_chr9:116144622-116147608,enhancer_hit,single
Tgfbr2_Limb_E11.5,chr9:116121339-116124305_chr9:116217004-116220789,enhancer_hit,single
Tgfbr3_Heart_Any,chr5:107011274-107013411_chr5:107023865-107026618,enhancer_hit,
Tgfbr3_Heart_Any,chr5:107011274-107013411_chr5:107045314-107052770,enhancer_hit,
Tgfbr3_Heart_Any,chr5:107011274-107013411_chr5:107124038-107126858,enhancer_hit,
Tgfbr3_Heart_Any,chr5:107011274-107013411_chr5:107836498-107839966,enhancer_hit,single
Tgfbr3_Heart_Any,chr5:107014188-107016559_chr5:107232850-107239122,enhancer_hit,
Tgfbr3_Heart_Any,chr5:107023865-107026618_chr5:107061122-107063602,enhancer_hit,single
Tgfbr3_Heart_Any,chr5:107023865-107026618_chr5:107120519-107122146,enhancer_hit,single
Tgfbr3_Heart_Any,chr5:107023865-107026618_chr5:107124038-107126858,enhancer_hit,
Tgfbr3_Heart_Any,chr5:107023865-107026618_chr5:107150482-107152593,enhancer_hit,
Tgfbr3_Heart_Any,chr5:107023865-107026618_chr5:107177274-107180340,enhancer_hit,single
Tgfbr3_Heart_Any,chr5:107023865-107026618_chr5:107199051-107204070,enhancer_hit,single
Tgfbr3_Heart_Any,chr5:107023865-107026618_chr5:107836498-107839966,enhancer_hit,single
Tgfbr3_Heart_Any,chr5:107061122-107063602_chr5:107120519-107122146,enhancer_hit,
Tgfbr3_Heart_Any,chr5:107061122-107063602_chr5:107124038-107126858,enhancer_hit,
Tgfbr3_Heart_Any,chr5:107061122-107063602_chr5:107232850-107239122,enhancer_hit,single
Tgfbr3_Heart_Any,chr5:107061122-107063602_chr5:107266308-107269453,enhancer_hit,single
Tgfbr3_Heart_Any,chr5:107061122-107063602_chr5:107275475-107277390,enhancer_hit,
Tgfbr3_Heart_Any,chr5:107061122-107063602_chr5:107836498-107839966,enhancer_hit,single
Tgfbr3_Heart_Any,chr5:107078820-107081912_chr5:107836498-107839966,enhancer_hit,single
Tgfbr3_Heart_Any,chr5:107085863-107089139_chr5:107109342-107113234,enhancer_hit,single
Tgfbr3_Heart_Any,chr5:107109342-107113234_chr5:107232850-107239122,enhancer_hit,single
Tgfbr3_Heart_Any,chr5:107109342-107113234_chr5:107250314-107253519,enhancer_hit,single
Tgfbr3_Heart_Any,chr5:107120519-107122146_chr5:107124038-107126858,enhancer_hit,
Tgfbr3_Heart_Any,chr5:107120519-107122146_chr5:107266308-107269453,enhancer_hit,single
Tgfbr3_Heart_Any,chr5:107120519-107122146_chr5:107814237-107815528,enhancer_hit,
Tgfbr3_Heart_Any,chr5:107120519-107122146_chr5:107836498-107839966,enhancer_hit,
Tgfbr3_Heart_Any,chr5:107124038-107126858_chr5:107177274-107180340,enhancer_hit,
Tgfbr3_Heart_Any,chr5:107124038-107126858_chr5:107199051-107204070,enhancer_hit,
Tgfbr3_Heart_Any,chr5:107124038-107126858_chr5:107814237-107815528,enhancer_hit,
Tgfbr3_Heart_Any,chr5:107124038-107126858_chr5:107836498-107839966,enhancer_hit,
Tgfbr3_Heart_Any,chr5:107177274-107180340_chr5:107836498-107839966,enhancer_hit,single
Tgfbr3_Heart_Any,chr5:107216946-107220214_chr5:107250314-107253519,enhancer_hit,
Tgfbr3_Heart_Any,chr5:107216946-107220214_chr5:107836498-107839966,enhancer_hit,single
Tgfbr3_Heart_Any,chr5:107232850-107239122_chr5:107266308-107269453,enhancer_hit,single
Tgfbr3_Heart_Any,chr5:107266308-107269453_chr5:107836498-107839966,enhancer_hit,single
Tgfbr3_Heart_E11.5,chr5:107011274-107013411_chr5:107045314-107052770,enhancer_hit,
Tgfbr3_Heart_E11.5,chr5:107014188-107016559_chr5:107232850-107239122,enhancer_hit,
Tgfbr3_Heart_E11.5,chr5:107061122-107063602_chr5:107120519-107122146,enhancer_hit,
Tgfbr3_Heart_E11.5,chr5:107061122-107063602_chr5:107232850-107239122,enhancer_hit,single
Tgfbr3_Heart_E11.5,chr5:107085863-107089139_chr5:107109342-107113234,enhancer_hit,single
Tgfbr3_Heart_E11.5,chr5:107109342-107113234_chr5:107232850-107239122,enhancer_hit,single
Tgfbr3_Heart_E11.5,chr5:107109342-107113234_chr5:107250314-107253519,enhancer_hit,single
Tgfbr3_Limb_Any,chr5:107011274-107013411_chr5:107023865-107026618,enhancer_hit,
Tgfbr3_Limb_Any,chr5:107011274-107013411_chr5:107124038-107126858,enhancer_hit,
Tgfbr3_Limb_Any,chr5:107014188-107016559_chr5:107232850-107239122,enhancer_hit,
Tgfbr3_Limb_Any,chr5:107023865-107026618_chr5:107124038-107126858,enhancer_hit,
Tgfbr3_Limb_Any,chr5:107023865-107026618_chr5:107150482-107152593,enhancer_hit,
Tgfbr3_Limb_Any,chr5:107023865-107026618_chr5:107199051-107204070,enhancer_hit,single
Tgfbr3_Limb_Any,chr5:107085863-107089139_chr5:107109342-107113234,enhancer_hit,single
Tgfbr3_Limb_Any,chr5:107109342-107113234_chr5:107232850-107239122,enhancer_hit,single
Tgfbr3_Limb_Any,chr5:107124038-107126858_chr5:107194581-107197612,enhancer_hit,
Tgfbr3_Limb_Any,chr5:107124038-107126858_chr5:107199051-107204070,enhancer_hit,single
Tgfbr3_Limb_Any,chr5:107162033-107165251_chr5:107266308-107269453,enhancer_hit,
Tgfbr3_Limb_Any,chr5:107194581-107197612_chr5:107266308-107269453,enhancer_hit,
Tgfbr3_Limb_Any,chr5:107232850-107239122_chr5:107266308-107269453,enhancer_hit,single
Tgfbr3_Limb_E11.5,chr5:107011274-107013411_chr5:107023865-107026618,enhancer_hit,
Tgfbr3_Limb_E11.5,chr5:107014188-107016559_chr5:107232850-107239122,enhancer_hit,
Tgfbr3_Limb_E11.5,chr5:107023865-107026618_chr5:107150482-107152593,enhancer_hit,
Tgfbr3_Limb_E11.5,chr5:107023865-107026618_chr5:107199051-107204070,enhancer_hit,single
Tgfbr3_Limb_E11.5,chr5:107109342-107113234_chr5:107232850-107239122,enhancer_hit,single
Tgfbr3_Limb_E11.5,chr5:107194581-107197612_chr5:107266308-107269453,enhancer_hit,
Tgfbr3_Limb_E11.5,chr5:107232850-107239122_chr5:107266308-107269453,enhancer_hit,single
Tgm2_Heart_Any,chr2:158070119-158073223_chr2:158094297-158096730,enhancer_hit,
Tgm2_Heart_Any,chr2:158070119-158073223_chr2:158108498-158111097,enhancer_hit,single
Tgm2_Heart_Any,chr2:158070119-158073223_chr2:158165431-158170516,enhancer_hit,
Tgm2_Heart_Any,chr2:158094297-158096730_chr2:158165431-158170516,enhancer_hit,
Tgm2_Heart_Any,chr2:158106539-158107977_chr2:158165431-158170516,enhancer_hit,
Tgm2_Heart_Any,chr2:158108498-158111097_chr2:158126876-158132321,enhancer_hit,single
Tgm2_Heart_Any,chr2:158108498-158111097_chr2:158135411-158137086,enhancer_hit,single
Tgm2_Heart_Any,chr2:158108498-158111097_chr2:158165431-158170516,enhancer_hit,
Tgm2_Heart_Any,chr2:158111997-158114653_chr2:158121047-158124703,enhancer_hit,single
Tgm2_Heart_Any,chr2:158135411-158137086_chr2:158165431-158170516,enhancer_hit,
Tgm2_Heart_E11.5,chr2:158070119-158073223_chr2:158108498-158111097,enhancer_hit,single
Tgm2_Heart_E11.5,chr2:158108498-158111097_chr2:158126876-158132321,enhancer_hit,single
Tgm2_Heart_E11.5,chr2:158111997-158114653_chr2:158121047-158124703,enhancer_hit,single
Thsd4_Limb_Any,chr9:59991012-59992352_chr9:60231599-60235630,enhancer_hit,
Thsd4_Limb_Any,chr9:60021139-60023352_chr9:60231599-60235630,enhancer_hit,
Thsd4_Limb_E11.5,chr9:60021139-60023352_chr9:60231599-60235630,enhancer_hit,
Tia1_Forebrain_Any,chr6:86038229-86040204_chr6:86049952-86055168,enhancer_hit,single
Tiam2_Limb_Any,chr17:3279494-3283430_chr17:3457403-3459175,enhancer_hit,single
Ticam1_Heart_Any,chr17:56259643-56263782_chr17:56279286-56281623,enhancer_hit,single
Ticam1_Heart_Any,chr17:56259643-56263782_chr17:56285742-56288011,enhancer_hit,single
Ticam1_Heart_Any,chr17:56279286-56281623_chr17:56285742-56288011,enhancer_hit,single
Ticam1_Heart_E11.5,chr17:56259643-56263782_chr17:56285742-56288011,enhancer_hit,single
Timp3_Heart_Any,chr10:86136980-86140281_chr10:86309397-86311105,enhancer_hit,
Tjp1_Heart_Any,chr7:65373739-65375989_chr7:65413430-65425457,enhancer_hit,single
Tjp1_Heart_Any,chr7:65378400-65380623_chr7:65413430-65425457,enhancer_hit,single
Tjp1_Heart_E11.5,chr7:65373739-65375989_chr7:65413430-65425457,enhancer_hit,single
Tjp1_Heart_E11.5,chr7:65378400-65380623_chr7:65413430-65425457,enhancer_hit,single
Tjp2_Heart_Any,chr19:23991191-23992191_chr19:24048255-24051440,enhancer_hit,single
Tjp2_Heart_Any,chr19:24048255-24051440_chr19:24163274-24164927,enhancer_hit,single
Tjp2_Heart_Any,chr19:24163274-24164927_chr19:24165576-24169572,enhancer_hit,
Tjp2_Heart_E11.5,chr19:24048255-24051440_chr19:24163274-24164927,enhancer_hit,single
Tjp2_Heart_E11.5,chr19:24163274-24164927_chr19:24165576-24169572,enhancer_hit,
Tk1_Forebrain_Any,chr11:117314577-117321274_chr11:117323462-117327869,enhancer_hit,
Tk1_Limb_Any,chr11:117314577-117321274_chr11:117323462-117327869,enhancer_hit,
Tk1_Limb_E11.5,chr11:117314577-117321274_chr11:117323462-117327869,enhancer_hit,
Tldc1_Heart_Any,chr8:119528194-119532805_chr8:119660488-119661814,enhancer_hit,single
Tldc1_Heart_Any,chr8:120122900-120128265_chr8:120140006-120141384,enhancer_hit,single
Tldc1_Heart_E11.5,chr8:120122900-120128265_chr8:120140006-120141384,enhancer_hit,single
Tln2_Heart_Any,chr9:67058416-67060525_chr9:67264555-67265988,enhancer_hit,
Tln2_Heart_Any,chr9:67058416-67060525_chr9:67528422-67530996,enhancer_hit,single
Tln2_Heart_Any,chr9:67058416-67060525_chr9:67579273-67587871,enhancer_hit,single
Tln2_Heart_Any,chr9:67264555-67265988_chr9:67528422-67530996,enhancer_hit,
Tln2_Heart_Any,chr9:67264555-67265988_chr9:67579273-67587871,enhancer_hit,
Tln2_Heart_Any,chr9:67463034-67464483_chr9:67572498-67575346,enhancer_hit,single
Tln2_Heart_Any,chr9:67528422-67530996_chr9:67579273-67587871,enhancer_hit,single
Tln2_Heart_E11.5,chr9:67528422-67530996_chr9:67579273-67587871,enhancer_hit,single
Tln2_Limb_Any,chr9:67058416-67060525_chr9:67264555-67265988,enhancer_hit,
Tmbim1_Heart_Any,chr1:74239049-74241719_chr1:74245791-74251017,enhancer_hit,single
Tmbim1_Heart_Any,chr1:74245791-74251017_chr1:74298140-74301861,enhancer_hit,single
Tmbim1_Heart_Any,chr1:74245791-74251017_chr1:74386128-74389008,enhancer_hit,single
Tmbim1_Heart_Any,chr1:74298140-74301861_chr1:74386128-74389008,enhancer_hit,
Tmbim1_Heart_E11.5,chr1:74239049-74241719_chr1:74245791-74251017,enhancer_hit,single
Tmbim1_Heart_E11.5,chr1:74245791-74251017_chr1:74298140-74301861,enhancer_hit,single
Tmbim1_Heart_E11.5,chr1:74245791-74251017_chr1:74386128-74389008,enhancer_hit,single
Tmbim1_Heart_E11.5,chr1:74298140-74301861_chr1:74386128-74389008,enhancer_hit,
Tmbim1_Limb_Any,chr1:74245791-74251017_chr1:74386128-74389008,enhancer_hit,single
Tmc6_Heart_Any,chr11:116863575-116865523_chr11:117813523-117815644,enhancer_hit,single
Tmc6_Heart_Any,chr11:117813523-117815644_chr11:117817929-117820939,enhancer_hit,
Tmcc1_Heart_Any,chr6:116043230-116045048_chr6:116046858-116048654,enhancer_hit,single
Tmco4_Heart_Any,chr4:139196495-139202150_chr4:139207411-139209980,enhancer_hit,single
Tmco4_Heart_Any,chr4:139196495-139202150_chr4:139385700-139388317,enhancer_hit,single
Tmco4_Heart_Any,chr4:139211911-139215254_chr4:139385700-139388317,enhancer_hit,single
Tmco4_Heart_E11.5,chr4:139196495-139202150_chr4:139207411-139209980,enhancer_hit,single
Tmed1_Heart_Any,chr9:21130453-21131929_chr9:21327042-21331087,enhancer_hit,double
Tmed1_Heart_Any,chr9:21130453-21131929_chr9:21352019-21355284,enhancer_hit,double
Tmed1_Heart_Any,chr9:21320288-21322747_chr9:21327042-21331087,enhancer_hit,double
Tmed1_Heart_Any,chr9:21327042-21331087_chr9:21352019-21355284,enhancer_hit,double
Tmed1_Heart_E11.5,chr9:21320288-21322747_chr9:21327042-21331087,enhancer_hit,double
Tmed1_Heart_E11.5,chr9:21327042-21331087_chr9:21352019-21355284,enhancer_hit,double
Tmed1_Limb_Any,chr9:21130453-21131929_chr9:21352019-21355284,enhancer_hit,double
Tmed2_Heart_Any,chr5:123349994-123351189_chr5:124496053-124499571,enhancer_hit,single
Tmem108_Heart_Any,chr9:102633158-102635498_chr9:103599369-103604992,enhancer_hit,
Tmem108_Heart_Any,chr9:102633158-102635498_chr9:103910890-103912088,enhancer_hit,
Tmem108_Heart_Any,chr9:103578780-103581542_chr9:103599369-103604992,enhancer_hit,
Tmem108_Heart_Any,chr9:103578780-103581542_chr9:103677180-103683584,enhancer_hit,
Tmem108_Heart_Any,chr9:103599369-103604992_chr9:103910890-103912088,enhancer_hit,single
Tmem108_Heart_E11.5,chr9:103578780-103581542_chr9:103599369-103604992,enhancer_hit,
Tmem108_Heart_E11.5,chr9:103578780-103581542_chr9:103677180-103683584,enhancer_hit,
Tmem109_Heart_Any,chr19:10904172-10910842_chr19:10913691-10915248,enhancer_hit,
Tmem109_Heart_E11.5,chr19:10904172-10910842_chr19:10913691-10915248,enhancer_hit,
Tmem116_Heart_Any,chr5:121721019-121723192_chr5:121841827-121843298,enhancer_hit,single
Tmem116_Heart_Any,chr5:121721019-121723192_chr5:121851527-121859417,enhancer_hit,single
Tmem116_Heart_Any,chr5:121841827-121843298_chr5:121851527-121859417,enhancer_hit,single
Tmem163_Heart_Any,chr1:127261736-127263037_chr1:127594783-127597508,enhancer_hit,single
Tmem169_Forebrain_Any,chr1:72286868-72289666_chr1:73849822-73851238,enhancer_hit,single
Tmem171_Heart_Any,chr13:98786848-98787848_chr13:99123852-99127328,enhancer_hit,
Tmem171_Heart_Any,chr13:98879833-98880833_chr13:99307025-99309717,enhancer_hit,single
Tmem171_Heart_Any,chr13:99123852-99127328_chr13:99229017-99231921,enhancer_hit,
Tmem171_Heart_Any,chr13:99123852-99127328_chr13:99235186-99240670,enhancer_hit,
Tmem171_Heart_Any,chr13:99123852-99127328_chr13:99307025-99309717,enhancer_hit,
Tmem171_Heart_Any,chr13:99188566-99192490_chr13:99229017-99231921,enhancer_hit,single
Tmem171_Heart_Any,chr13:99188566-99192490_chr13:99307025-99309717,enhancer_hit,single
Tmem171_Heart_Any,chr13:99229017-99231921_chr13:99307025-99309717,enhancer_hit,single
Tmem171_Heart_Any,chr13:99235186-99240670_chr13:99307025-99309717,enhancer_hit,single
Tmem171_Heart_E11.5,chr13:99188566-99192490_chr13:99307025-99309717,enhancer_hit,single
Tmem171_Heart_E11.5,chr13:99235186-99240670_chr13:99307025-99309717,enhancer_hit,single
Tmem171_Limb_Any,chr13:99123852-99127328_chr13:99235186-99240670,enhancer_hit,
Tmem178_Forebrain_Any,chr17:80968710-80974429_chr17:80981067-80983431,enhancer_hit,single
Tmem178_Heart_Any,chr17:80697846-80699223_chr17:80991366-80994020,enhancer_hit,single
Tmem178_Heart_Any,chr17:80968710-80974429_chr17:80981067-80983431,enhancer_hit,single
Tmem178_Heart_Any,chr17:80968710-80974429_chr17:80991366-80994020,enhancer_hit,single
Tmem184a_Limb_Any,chr5:140517030-140518399_chr5:140595498-140598045,enhancer_hit,double
Tmem252_Heart_Any,chr19:24316352-24318721_chr19:24426110-24427838,enhancer_hit,
Tmem51_Heart_Any,chr4:142042745-142046078_chr4:142068732-142081471,enhancer_hit,
Tmem51_Heart_Any,chr4:142051078-142054926_chr4:142068732-142081471,enhancer_hit,single
Tmem51_Heart_E11.5,chr4:142042745-142046078_chr4:142068732-142081471,enhancer_hit,
Tmem51_Heart_E11.5,chr4:142051078-142054926_chr4:142068732-142081471,enhancer_hit,single
Tmem51os1_Heart_Any,chr4:142060199-142067542_chr4:142170096-142175714,enhancer_hit,
Tmem51os1_Heart_Any,chr4:142060199-142067542_chr4:142227396-142230811,enhancer_hit,single
Tmem51os1_Heart_E11.5,chr4:142060199-142067542_chr4:142170096-142175714,enhancer_hit,
Tmem51os1_Heart_E11.5,chr4:142060199-142067542_chr4:142227396-142230811,enhancer_hit,single
Tnfaip8_Heart_Any,chr18:50022066-50028517_chr18:50036860-50039631,enhancer_hit,
Tnfaip8_Limb_Any,chr18:50022066-50028517_chr18:50036860-50039631,enhancer_hit,
Tnfrsf1a_Limb_Any,chr6:125352222-125356306_chr6:125497431-125498829,enhancer_hit,single
Tnik_Forebrain_Any,chr3:28175360-28177319_chr3:28547608-28551821,enhancer_hit,
Tnik_Forebrain_Any,chr3:28399042-28402873_chr3:28557297-28559391,enhancer_hit,single
Tnni1_Heart_Any,chr1:135478724-135481136_chr1:135711019-135712019,enhancer_hit,single
Tnni1_Heart_E11.5,chr1:135478724-135481136_chr1:135711019-135712019,enhancer_hit,single
Tnni3_Heart_Any,chr7:4508379-4511868_chr7:4518504-4520028,enhancer_hit,single
Tnni3_Heart_E11.5,chr7:4508379-4511868_chr7:4518504-4520028,enhancer_hit,single
Tns1_Forebrain_Any,chr1:73953738-73971128_chr1:73986987-74010578,enhancer_hit,
Tns1_Forebrain_Any,chr1:73986987-74010578_chr1:74019704-74037792,enhancer_hit,single
Tns1_Heart_Any,chr1:72597952-72603114_chr1:73931013-73939567,enhancer_hit,
Tns1_Heart_Any,chr1:72942273-72947624_chr1:73931013-73939567,enhancer_hit,
Tns1_Heart_Any,chr1:72942273-72947624_chr1:74073796-74076139,enhancer_hit,single
Tns1_Heart_Any,chr1:72942273-72947624_chr1:74179359-74181106,enhancer_hit,single
Tns1_Heart_Any,chr1:73043293-73044525_chr1:73931013-73939567,enhancer_hit,
Tns1_Heart_Any,chr1:73043293-73044525_chr1:74019704-74037792,enhancer_hit,
Tns1_Heart_Any,chr1:73043293-73044525_chr1:74081216-74085371,enhancer_hit,single
Tns1_Heart_Any,chr1:73910933-73926013_chr1:73931013-73939567,enhancer_hit,single
Tns1_Heart_Any,chr1:73910933-73926013_chr1:73953738-73971128,enhancer_hit,
Tns1_Heart_Any,chr1:73910933-73926013_chr1:73986987-74010578,enhancer_hit,
Tns1_Heart_Any,chr1:73910933-73926013_chr1:74011776-74019167,enhancer_hit,
Tns1_Heart_Any,chr1:73910933-73926013_chr1:74046547-74056394,enhancer_hit,
Tns1_Heart_Any,chr1:73931013-73939567_chr1:73953738-73971128,enhancer_hit,
Tns1_Heart_Any,chr1:73931013-73939567_chr1:73986987-74010578,enhancer_hit,
Tns1_Heart_Any,chr1:73931013-73939567_chr1:74019704-74037792,enhancer_hit,
Tns1_Heart_Any,chr1:73931013-73939567_chr1:74046547-74056394,enhancer_hit,
Tns1_Heart_Any,chr1:73931013-73939567_chr1:74081216-74085371,enhancer_hit,single
Tns1_Heart_Any,chr1:73931013-73939567_chr1:74179359-74181106,enhancer_hit,
Tns1_Heart_Any,chr1:73953738-73971128_chr1:73986987-74010578,enhancer_hit,
Tns1_Heart_Any,chr1:73953738-73971128_chr1:74179359-74181106,enhancer_hit,
Tns1_Heart_Any,chr1:73986987-74010578_chr1:74019704-74037792,enhancer_hit,single
Tns1_Heart_Any,chr1:74011776-74019167_chr1:74081216-74085371,enhancer_hit,single
Tns1_Heart_Any,chr1:74019704-74037792_chr1:74046547-74056394,enhancer_hit,
Tns1_Heart_Any,chr1:74019704-74037792_chr1:74081216-74085371,enhancer_hit,single
Tns1_Heart_Any,chr1:74019704-74037792_chr1:74179359-74181106,enhancer_hit,single
Tns1_Heart_Any,chr1:74038838-74044792_chr1:74081216-74085371,enhancer_hit,single
Tns1_Heart_E11.5,chr1:72942273-72947624_chr1:74179359-74181106,enhancer_hit,single
Tns1_Heart_E11.5,chr1:73910933-73926013_chr1:73953738-73971128,enhancer_hit,
Tns1_Heart_E11.5,chr1:73910933-73926013_chr1:73986987-74010578,enhancer_hit,
Tns1_Heart_E11.5,chr1:73910933-73926013_chr1:74011776-74019167,enhancer_hit,
Tns1_Heart_E11.5,chr1:73910933-73926013_chr1:74046547-74056394,enhancer_hit,
Tns1_Heart_E11.5,chr1:73953738-73971128_chr1:73986987-74010578,enhancer_hit,
Tns1_Heart_E11.5,chr1:73953738-73971128_chr1:74179359-74181106,enhancer_hit,
Tns1_Heart_E11.5,chr1:73986987-74010578_chr1:74019704-74037792,enhancer_hit,single
Tns1_Heart_E11.5,chr1:74011776-74019167_chr1:74081216-74085371,enhancer_hit,single
Tns1_Heart_E11.5,chr1:74019704-74037792_chr1:74046547-74056394,enhancer_hit,
Tns1_Heart_E11.5,chr1:74019704-74037792_chr1:74081216-74085371,enhancer_hit,single
Tns1_Heart_E11.5,chr1:74019704-74037792_chr1:74179359-74181106,enhancer_hit,single
Tns1_Heart_E11.5,chr1:74038838-74044792_chr1:74081216-74085371,enhancer_hit,single
Tns1_Limb_Any,chr1:73953738-73971128_chr1:73986987-74010578,enhancer_hit,
Tns1_Limb_Any,chr1:73986987-74010578_chr1:74019704-74037792,enhancer_hit,single
Tns1_Limb_Any,chr1:74011776-74019167_chr1:74081216-74085371,enhancer_hit,single
Tns1_Limb_Any,chr1:74019704-74037792_chr1:74046547-74056394,enhancer_hit,
Tns1_Limb_Any,chr1:74019704-74037792_chr1:74081216-74085371,enhancer_hit,single
Tns1_Limb_Any,chr1:74038838-74044792_chr1:74081216-74085371,enhancer_hit,single
Tns1_Limb_E11.5,chr1:73953738-73971128_chr1:73986987-74010578,enhancer_hit,
Tns1_Limb_E11.5,chr1:73986987-74010578_chr1:74019704-74037792,enhancer_hit,single
Tns1_Limb_E11.5,chr1:74019704-74037792_chr1:74046547-74056394,enhancer_hit,
Tns3_Forebrain_Any,chr11:8465777-8474857_chr11:8652087-8655057,enhancer_hit,
Tns3_Forebrain_Any,chr11:8495117-8498069_chr11:8523064-8527608,enhancer_hit,single
Tns3_Forebrain_Any,chr11:8495117-8498069_chr11:8578539-8586080,enhancer_hit,
Tns3_Forebrain_Any,chr11:8495117-8498069_chr11:8621438-8626750,enhancer_hit,
Tns3_Forebrain_Any,chr11:8523064-8527608_chr11:8578539-8586080,enhancer_hit,
Tns3_Forebrain_Any,chr11:8523064-8527608_chr11:8621438-8626750,enhancer_hit,
Tns3_Forebrain_Any,chr11:8578539-8586080_chr11:8621438-8626750,enhancer_hit,single
Tns3_Forebrain_E11.5,chr11:8578539-8586080_chr11:8621438-8626750,enhancer_hit,single
Tns3_Heart_Any,chr11:8465777-8474857_chr11:8652087-8655057,enhancer_hit,
Tns3_Heart_Any,chr11:8465777-8474857_chr11:8655713-8660595,enhancer_hit,single
Tns3_Heart_Any,chr11:8495117-8498069_chr11:8523064-8527608,enhancer_hit,single
Tns3_Heart_Any,chr11:8495117-8498069_chr11:8578539-8586080,enhancer_hit,
Tns3_Heart_Any,chr11:8495117-8498069_chr11:8621438-8626750,enhancer_hit,
Tns3_Heart_Any,chr11:8495117-8498069_chr11:8779000-8783749,enhancer_hit,single
Tns3_Heart_Any,chr11:8523064-8527608_chr11:8536153-8540263,enhancer_hit,single
Tns3_Heart_Any,chr11:8523064-8527608_chr11:8578539-8586080,enhancer_hit,
Tns3_Heart_Any,chr11:8523064-8527608_chr11:8621438-8626750,enhancer_hit,
Tns3_Heart_Any,chr11:8523064-8527608_chr11:8779000-8783749,enhancer_hit,
Tns3_Heart_Any,chr11:8523064-8527608_chr11:8787767-8791504,enhancer_hit,
Tns3_Heart_Any,chr11:8536153-8540263_chr11:8621438-8626750,enhancer_hit,single
Tns3_Heart_Any,chr11:8536153-8540263_chr11:8779000-8783749,enhancer_hit,
Tns3_Heart_Any,chr11:8536153-8540263_chr11:8787767-8791504,enhancer_hit,
Tns3_Heart_Any,chr11:8578539-8586080_chr11:8621438-8626750,enhancer_hit,single
Tns3_Heart_Any,chr11:8578539-8586080_chr11:8779000-8783749,enhancer_hit,
Tns3_Heart_Any,chr11:8621438-8626750_chr11:8779000-8783749,enhancer_hit,
Tns3_Heart_Any,chr11:8621438-8626750_chr11:8787767-8791504,enhancer_hit,
Tns3_Heart_Any,chr11:8652087-8655057_chr11:8655713-8660595,enhancer_hit,
Tns3_Heart_E11.5,chr11:8523064-8527608_chr11:8578539-8586080,enhancer_hit,
Tns3_Heart_E11.5,chr11:8523064-8527608_chr11:8621438-8626750,enhancer_hit,
Tns3_Heart_E11.5,chr11:8523064-8527608_chr11:8779000-8783749,enhancer_hit,
Tns3_Heart_E11.5,chr11:8578539-8586080_chr11:8621438-8626750,enhancer_hit,single
Tns3_Heart_E11.5,chr11:8578539-8586080_chr11:8779000-8783749,enhancer_hit,
Tns3_Heart_E11.5,chr11:8621438-8626750_chr11:8779000-8783749,enhancer_hit,
Tns3_Limb_Any,chr11:8465777-8474857_chr11:8652087-8655057,enhancer_hit,
Tns3_Limb_Any,chr11:8465777-8474857_chr11:8655713-8660595,enhancer_hit,single
Tns3_Limb_Any,chr11:8495117-8498069_chr11:8578539-8586080,enhancer_hit,
Tns3_Limb_Any,chr11:8495117-8498069_chr11:8621438-8626750,enhancer_hit,
Tns3_Limb_Any,chr11:8495117-8498069_chr11:8779000-8783749,enhancer_hit,single
Tns3_Limb_Any,chr11:8536153-8540263_chr11:8621438-8626750,enhancer_hit,single
Tns3_Limb_Any,chr11:8536153-8540263_chr11:8779000-8783749,enhancer_hit,
Tns3_Limb_Any,chr11:8536153-8540263_chr11:8787767-8791504,enhancer_hit,
Tns3_Limb_Any,chr11:8578539-8586080_chr11:8621438-8626750,enhancer_hit,single
Tns3_Limb_Any,chr11:8578539-8586080_chr11:8779000-8783749,enhancer_hit,
Tns3_Limb_Any,chr11:8621438-8626750_chr11:8779000-8783749,enhancer_hit,
Tns3_Limb_Any,chr11:8621438-8626750_chr11:8787767-8791504,enhancer_hit,
Tns3_Limb_Any,chr11:8652087-8655057_chr11:8655713-8660595,enhancer_hit,
Tns3_Limb_E11.5,chr11:8465777-8474857_chr11:8652087-8655057,enhancer_hit,
Tns3_Limb_E11.5,chr11:8465777-8474857_chr11:8655713-8660595,enhancer_hit,single
Tns3_Limb_E11.5,chr11:8578539-8586080_chr11:8621438-8626750,enhancer_hit,single
Tns3_Limb_E11.5,chr11:8621438-8626750_chr11:8787767-8791504,enhancer_hit,
Tns3_Limb_E11.5,chr11:8652087-8655057_chr11:8655713-8660595,enhancer_hit,
Tom1l2_Forebrain_Any,chr11:60251222-60257208_chr11:60316342-60322735,enhancer_hit,single
Tom1l2_Heart_Any,chr11:60251222-60257208_chr11:60316342-60322735,enhancer_hit,single
Tor2a_Forebrain_Any,chr2:32426505-32428252_chr2:32439161-32441860,enhancer_hit,single
Tor2a_Forebrain_E11.5,chr2:32426505-32428252_chr2:32439161-32441860,enhancer_hit,single
Tor2a_Heart_Any,chr2:32426505-32428252_chr2:32439161-32441860,enhancer_hit,single
Tpd52_Heart_Any,chr3:8986538-8991386_chr3:9007223-9008395,enhancer_hit,single
Tpm1_Heart_Any,chr9:66619436-66622118_chr9:67669633-67670818,enhancer_hit,single
Tpm1_Heart_Any,chr9:67028949-67030076_chr9:67070817-67073427,enhancer_hit,single
Tpm1_Heart_Any,chr9:67028949-67030076_chr9:67077039-67079700,enhancer_hit,single
Tpm1_Heart_Any,chr9:67028949-67030076_chr9:67160130-67165610,enhancer_hit,single
Tpm1_Heart_Any,chr9:67070817-67073427_chr9:67077039-67079700,enhancer_hit,single
Tpm1_Heart_Any,chr9:67070817-67073427_chr9:67115110-67117347,enhancer_hit,
Tpm1_Heart_Any,chr9:67070817-67073427_chr9:67139945-67141427,enhancer_hit,single
Tpm1_Heart_Any,chr9:67070817-67073427_chr9:67160130-67165610,enhancer_hit,single
Tpm1_Heart_Any,chr9:67070817-67073427_chr9:67190766-67193306,enhancer_hit,single
Tpm1_Heart_Any,chr9:67070817-67073427_chr9:67247286-67248569,enhancer_hit,single
Tpm1_Heart_Any,chr9:67070817-67073427_chr9:67565196-67567245,enhancer_hit,
Tpm1_Heart_Any,chr9:67070817-67073427_chr9:67589068-67590763,enhancer_hit,single
Tpm1_Heart_Any,chr9:67077039-67079700_chr9:67160130-67165610,enhancer_hit,single
Tpm1_Heart_Any,chr9:67077039-67079700_chr9:67175491-67179706,enhancer_hit,single
Tpm1_Heart_Any,chr9:67077039-67079700_chr9:67589068-67590763,enhancer_hit,single
Tpm1_Heart_Any,chr9:67139945-67141427_chr9:67565196-67567245,enhancer_hit,
Tpm1_Heart_Any,chr9:67160130-67165610_chr9:67175491-67179706,enhancer_hit,single
Tpm1_Heart_Any,chr9:67160130-67165610_chr9:67190766-67193306,enhancer_hit,single
Tpm1_Heart_Any,chr9:67160130-67165610_chr9:67589068-67590763,enhancer_hit,single
Tpm1_Heart_Any,chr9:67175491-67179706_chr9:67589068-67590763,enhancer_hit,single
Tpm1_Heart_Any,chr9:67190766-67193306_chr9:67589068-67590763,enhancer_hit,single
Tpm1_Heart_Any,chr9:67247286-67248569_chr9:67589068-67590763,enhancer_hit,single
Tpm1_Heart_Any,chr9:67249345-67250920_chr9:67267655-67272174,enhancer_hit,single
Tpm1_Heart_E11.5,chr9:66619436-66622118_chr9:67669633-67670818,enhancer_hit,single
Tpm1_Heart_E11.5,chr9:67070817-67073427_chr9:67077039-67079700,enhancer_hit,single
Tpm1_Heart_E11.5,chr9:67070817-67073427_chr9:67115110-67117347,enhancer_hit,
Tpm1_Heart_E11.5,chr9:67070817-67073427_chr9:67139945-67141427,enhancer_hit,single
Tpm1_Heart_E11.5,chr9:67070817-67073427_chr9:67160130-67165610,enhancer_hit,single
Tpm1_Heart_E11.5,chr9:67070817-67073427_chr9:67190766-67193306,enhancer_hit,single
Tpm1_Heart_E11.5,chr9:67070817-67073427_chr9:67565196-67567245,enhancer_hit,
Tpm1_Heart_E11.5,chr9:67077039-67079700_chr9:67160130-67165610,enhancer_hit,single
Tpm1_Heart_E11.5,chr9:67139945-67141427_chr9:67565196-67567245,enhancer_hit,
Tpm1_Heart_E11.5,chr9:67160130-67165610_chr9:67190766-67193306,enhancer_hit,single
Tpm1_Limb_Any,chr9:67070817-67073427_chr9:67077039-67079700,enhancer_hit,single
Tpm1_Limb_Any,chr9:67070817-67073427_chr9:67115110-67117347,enhancer_hit,
Tpm1_Limb_Any,chr9:67070817-67073427_chr9:67181360-67183159,enhancer_hit,single
Tpm1_Limb_Any,chr9:67070817-67073427_chr9:67565196-67567245,enhancer_hit,
Tpm1_Limb_Any,chr9:67077039-67079700_chr9:67175491-67179706,enhancer_hit,single
Tpm1_Limb_Any,chr9:67077039-67079700_chr9:67181360-67183159,enhancer_hit,single
Tpm1_Limb_Any,chr9:67090224-67093149_chr9:67181360-67183159,enhancer_hit,single
Tpm1_Limb_Any,chr9:67175491-67179706_chr9:67181360-67183159,enhancer_hit,
Tpm1_Limb_E11.5,chr9:67077039-67079700_chr9:67175491-67179706,enhancer_hit,single
Tpm1_Limb_E11.5,chr9:67077039-67079700_chr9:67181360-67183159,enhancer_hit,single
Tpm1_Limb_E11.5,chr9:67175491-67179706_chr9:67181360-67183159,enhancer_hit,
Traf5_Heart_Any,chr1:191453173-191455593_chr1:192060741-192063483,enhancer_hit,
Trak1_Forebrain_Any,chr9:121354710-121361903_chr9:121387463-121388804,enhancer_hit,
Trak1_Heart_Any,chr9:121306773-121307773_chr9:121354710-121361903,enhancer_hit,single
Trak1_Heart_Any,chr9:121354710-121361903_chr9:121387463-121388804,enhancer_hit,
Trim25_Heart_Any,chr11:89020254-89026275_chr11:89027515-89029876,enhancer_hit,single
Trim25_Heart_Any,chr11:89020254-89026275_chr11:89055306-89057400,enhancer_hit,single
Trim25_Heart_Any,chr11:89027515-89029876_chr11:89055306-89057400,enhancer_hit,double
Trim25_Heart_E11.5,chr11:89027515-89029876_chr11:89055306-89057400,enhancer_hit,double
Trim2_Forebrain_Any,chr3:84200288-84202329_chr3:84215338-84218377,enhancer_hit,single
Trim47_Forebrain_Any,chr11:115684465-115687516_chr11:116097836-116107737,enhancer_hit,single
Trim47_Heart_Any,chr11:115684465-115687516_chr11:116097836-116107737,enhancer_hit,single
Trim47_Heart_E11.5,chr11:115684465-115687516_chr11:116097836-116107737,enhancer_hit,single
Trim62_Forebrain_Any,chr4:128678076-128679737_chr4:128872073-128874005,enhancer_hit,single
Trp53cor1_Heart_Any,chr17:29072600-29074063_chr17:29205651-29206735,enhancer_hit,single
Trp53cor1_Heart_Any,chr17:29072600-29074063_chr17:29454887-29460989,enhancer_hit,single
Trp53cor1_Heart_Any,chr17:29205651-29206735_chr17:29301889-29305596,enhancer_hit,single
Trp53cor1_Heart_Any,chr17:29205651-29206735_chr17:29415278-29417380,enhancer_hit,single
Trp53cor1_Heart_Any,chr17:29205651-29206735_chr17:29454887-29460989,enhancer_hit,single
Trp53cor1_Heart_Any,chr17:29301889-29305596_chr17:29454887-29460989,enhancer_hit,single
Trp53cor1_Heart_Any,chr17:29415278-29417380_chr17:29454887-29460989,enhancer_hit,double
Trp53cor1_Heart_E11.5,chr17:29072600-29074063_chr17:29205651-29206735,enhancer_hit,single
Trp53cor1_Heart_E11.5,chr17:29072600-29074063_chr17:29454887-29460989,enhancer_hit,single
Trp53cor1_Heart_E11.5,chr17:29205651-29206735_chr17:29301889-29305596,enhancer_hit,single
Trp53cor1_Heart_E11.5,chr17:29205651-29206735_chr17:29415278-29417380,enhancer_hit,single
Trp53cor1_Heart_E11.5,chr17:29205651-29206735_chr17:29454887-29460989,enhancer_hit,single
Trp53cor1_Heart_E11.5,chr17:29301889-29305596_chr17:29454887-29460989,enhancer_hit,single
Trp53cor1_Heart_E11.5,chr17:29415278-29417380_chr17:29454887-29460989,enhancer_hit,double
Trp53cor1_Limb_Any,chr17:29301889-29305596_chr17:29454887-29460989,enhancer_hit,single
Trp53cor1_Limb_Any,chr17:29415278-29417380_chr17:29454887-29460989,enhancer_hit,double
Trp53cor1_Limb_E11.5,chr17:29415278-29417380_chr17:29454887-29460989,enhancer_hit,double
Trp53i11_Forebrain_Any,chr2:93173401-93178878_chr2:93202368-93204570,enhancer_hit,
Trp53i11_Forebrain_Any,chr2:93173401-93178878_chr2:93276568-93293266,enhancer_hit,
Trp53i11_Forebrain_Any,chr2:93190083-93193382_chr2:93276568-93293266,enhancer_hit,single
Trp53i11_Forebrain_E11.5,chr2:93173401-93178878_chr2:93276568-93293266,enhancer_hit,
Trp53i11_Forebrain_E11.5,chr2:93190083-93193382_chr2:93276568-93293266,enhancer_hit,single
Trp53i11_Heart_Any,chr2:93173401-93178878_chr2:93276568-93293266,enhancer_hit,
Trp53i11_Limb_Any,chr2:93173401-93178878_chr2:93276568-93293266,enhancer_hit,
Trp53i11_Limb_E11.5,chr2:93173401-93178878_chr2:93276568-93293266,enhancer_hit,
Trp53i13_Forebrain_Any,chr11:76424180-76431275_chr11:76434075-76438397,enhancer_hit,
Trp53i13_Forebrain_Any,chr11:76424180-76431275_chr11:76823801-76827495,enhancer_hit,single
Trp53i13_Forebrain_E11.5,chr11:76424180-76431275_chr11:76434075-76438397,enhancer_hit,
Trp53i13_Heart_Any,chr11:76424180-76431275_chr11:76434075-76438397,enhancer_hit,
Trp53i13_Heart_Any,chr11:76424180-76431275_chr11:76499124-76500124,enhancer_hit,single
Trp53i13_Heart_Any,chr11:76424180-76431275_chr11:77835354-77838793,enhancer_hit,
Trp53i13_Heart_Any,chr11:76434075-76438397_chr11:76499124-76500124,enhancer_hit,single
Trp53i13_Heart_Any,chr11:76434075-76438397_chr11:77835354-77838793,enhancer_hit,
Trp53i13_Heart_E11.5,chr11:76424180-76431275_chr11:76434075-76438397,enhancer_hit,
Trp53i13_Heart_E11.5,chr11:76424180-76431275_chr11:77835354-77838793,enhancer_hit,
Trp53i13_Heart_E11.5,chr11:76434075-76438397_chr11:77835354-77838793,enhancer_hit,
Trp53i13_Limb_Any,chr11:76424180-76431275_chr11:76434075-76438397,enhancer_hit,
Trp53i13_Limb_Any,chr11:76424180-76431275_chr11:76499124-76500124,enhancer_hit,single
Trp53i13_Limb_Any,chr11:76424180-76431275_chr11:76823801-76827495,enhancer_hit,single
Trp53i13_Limb_Any,chr11:76424180-76431275_chr11:77835354-77838793,enhancer_hit,
Trp53i13_Limb_Any,chr11:76434075-76438397_chr11:76499124-76500124,enhancer_hit,single
Trp53i13_Limb_Any,chr11:76434075-76438397_chr11:77835354-77838793,enhancer_hit,
Trp53i13_Limb_Any,chr11:76823801-76827495_chr11:77835354-77838793,enhancer_hit,single
Trp53i13_Limb_E11.5,chr11:76424180-76431275_chr11:76434075-76438397,enhancer_hit,
Trp53i13_Limb_E11.5,chr11:76424180-76431275_chr11:76499124-76500124,enhancer_hit,single
Trp53i13_Limb_E11.5,chr11:76424180-76431275_chr11:76823801-76827495,enhancer_hit,single
Trp53i13_Limb_E11.5,chr11:76434075-76438397_chr11:76499124-76500124,enhancer_hit,single
Trpm3_Forebrain_Any,chr19:21780841-21791129_chr19:24141046-24144710,enhancer_hit,
Trpm3_Forebrain_Any,chr19:23360639-23361697_chr19:23959774-23961413,enhancer_hit,single
Trpm3_Forebrain_Any,chr19:23832860-23835860_chr19:23959774-23961413,enhancer_hit,single
Trpm3_Forebrain_Any,chr19:23879349-23880349_chr19:23959774-23961413,enhancer_hit,single
Tslp_Heart_Any,chr18:33036798-33037798_chr18:33412179-33414091,enhancer_hit,
Tslp_Heart_Any,chr18:33412179-33414091_chr18:33481476-33483278,enhancer_hit,single
Tspan18_Heart_Any,chr2:93260843-93264004_chr2:93265599-93271071,enhancer_hit,single
Tspan18_Heart_E11.5,chr2:93260843-93264004_chr2:93265599-93271071,enhancer_hit,single
Tspan2_Heart_Any,chr3:102096404-102101766_chr3:102741010-102746372,enhancer_hit,
Tspan2_Heart_E11.5,chr3:102096404-102101766_chr3:102741010-102746372,enhancer_hit,
Tspan5_Forebrain_Any,chr3:138799888-138804536_chr3:138849506-138857992,enhancer_hit,
Tspan5_Forebrain_E11.5,chr3:138799888-138804536_chr3:138849506-138857992,enhancer_hit,
Tspan5_Limb_Any,chr3:138799888-138804536_chr3:138849506-138857992,enhancer_hit,
Tstd2_Heart_Any,chr4:45049452-45050678_chr4:46041434-46045150,enhancer_hit,single
Tstd2_Heart_Any,chr4:45461431-45462712_chr4:46032129-46034157,enhancer_hit,
Tstd2_Heart_Any,chr4:45461431-45462712_chr4:46041434-46045150,enhancer_hit,single
Tstd2_Heart_Any,chr4:46032129-46034157_chr4:46041434-46045150,enhancer_hit,single
Tstd2_Heart_E11.5,chr4:46032129-46034157_chr4:46041434-46045150,enhancer_hit,single
Ttc28_Forebrain_Any,chr5:110896569-110898936_chr5:111224382-111230213,enhancer_hit,
Ttc28_Forebrain_Any,chr5:111174748-111183003_chr5:111224382-111230213,enhancer_hit,
Ttc28_Forebrain_E11.5,chr5:110896569-110898936_chr5:111224382-111230213,enhancer_hit,
Ttc28_Heart_Any,chr5:111174748-111183003_chr5:111224382-111230213,enhancer_hit,
Ttc28_Limb_Any,chr5:110896569-110898936_chr5:111224382-111230213,enhancer_hit,
Ttc28_Limb_Any,chr5:111174748-111183003_chr5:111224382-111230213,enhancer_hit,
Ttc28_Limb_E11.5,chr5:110896569-110898936_chr5:111224382-111230213,enhancer_hit,
Ttc28_Limb_E11.5,chr5:111174748-111183003_chr5:111224382-111230213,enhancer_hit,
Tuba1a_Forebrain_Any,chr15:98947737-98949841_chr15:99675607-99678057,enhancer_hit,single
Tuba1a_Forebrain_Any,chr15:99660819-99667345_chr15:99675607-99678057,enhancer_hit,single
Tuba1c_Heart_Any,chr15:98601107-98605133_chr15:99116043-99117512,enhancer_hit,double
Tuba1c_Heart_E11.5,chr15:98601107-98605133_chr15:99116043-99117512,enhancer_hit,double
Tubb2b_Forebrain_Any,chr13:34132854-34137660_chr13:34147041-34151357,enhancer_hit,single
Tubb2b_Forebrain_Any,chr13:34132854-34137660_chr13:34152723-34157773,enhancer_hit,single
Tubb2b_Forebrain_Any,chr13:34147041-34151357_chr13:34152723-34157773,enhancer_hit,
Tubb2b_Forebrain_E11.5,chr13:34132854-34137660_chr13:34147041-34151357,enhancer_hit,single
Tubb2b_Forebrain_E11.5,chr13:34132854-34137660_chr13:34152723-34157773,enhancer_hit,single
Tubb2b_Forebrain_E11.5,chr13:34147041-34151357_chr13:34152723-34157773,enhancer_hit,
Tubb2b_Heart_Any,chr13:34132854-34137660_chr13:34147041-34151357,enhancer_hit,single
Tubb2b_Heart_Any,chr13:34132854-34137660_chr13:34152723-34157773,enhancer_hit,single
Tubb2b_Heart_Any,chr13:34147041-34151357_chr13:34152723-34157773,enhancer_hit,
Tubb2b_Limb_Any,chr13:34132854-34137660_chr13:34147041-34151357,enhancer_hit,single
Tubb2b_Limb_Any,chr13:34132854-34137660_chr13:34152723-34157773,enhancer_hit,single
Tubb2b_Limb_Any,chr13:34147041-34151357_chr13:34152723-34157773,enhancer_hit,
Tubd1_Heart_Any,chr11:86662263-86664913_chr11:86941080-86942080,enhancer_hit,single
Tubd1_Heart_Any,chr11:86662263-86664913_chr11:87259479-87260722,enhancer_hit,single
Tubd1_Heart_Any,chr11:86941080-86942080_chr11:87259479-87260722,enhancer_hit,
Twist1_Limb_Any,chr12:33591747-33593615_chr12:33716848-33720002,enhancer_hit,
Twsg1_Forebrain_Any,chr17:65910970-65917520_chr17:66357107-66359915,enhancer_hit,single
Twsg1_Forebrain_E11.5,chr17:65910970-65917520_chr17:66357107-66359915,enhancer_hit,single
Twsg1_Heart_Any,chr17:65905127-65908109_chr17:65910970-65917520,enhancer_hit,single
Twsg1_Heart_E11.5,chr17:65905127-65908109_chr17:65910970-65917520,enhancer_hit,single
Txnip_Forebrain_Any,chr3:96548855-96552495_chr3:96553380-96555456,enhancer_hit,
Txnip_Heart_Any,chr3:96548855-96552495_chr3:96553380-96555456,enhancer_hit,
Uba7_Heart_Any,chr9:108341579-108345180_chr9:108378038-108380246,enhancer_hit,single
Ube2d1_Forebrain_Any,chr10:69572865-69575094_chr10:69704710-69708887,enhancer_hit,
Ube2d1_Forebrain_Any,chr10:69583210-69585299_chr10:69763726-69765875,enhancer_hit,single
Ube2d1_Forebrain_Any,chr10:69630557-69631760_chr10:69729501-69732220,enhancer_hit,single
Ube2d1_Forebrain_Any,chr10:69630557-69631760_chr10:70519453-70521422,enhancer_hit,single
Ube2d1_Forebrain_Any,chr10:69704710-69708887_chr10:70519453-70521422,enhancer_hit,single
Ube2d1_Forebrain_E11.5,chr10:69704710-69708887_chr10:70519453-70521422,enhancer_hit,single
Ubxn8_Heart_Any,chr8:33602120-33603435_chr8:33659811-33661443,enhancer_hit,single
Ucp2_Heart_Any,chr7:100683995-100685379_chr7:100843159-100846195,enhancer_hit,
Ucp2_Heart_Any,chr7:100683995-100685379_chr7:100851517-100858316,enhancer_hit,
Ucp2_Heart_Any,chr7:100843159-100846195_chr7:100851517-100858316,enhancer_hit,
Ucp2_Heart_E11.5,chr7:100683995-100685379_chr7:100843159-100846195,enhancer_hit,
Ucp2_Limb_Any,chr7:100843159-100846195_chr7:100851517-100858316,enhancer_hit,
Ucp2_Limb_E11.5,chr7:100843159-100846195_chr7:100851517-100858316,enhancer_hit,
Ugdh_Heart_Any,chr5:65454272-65461479_chr5:65767652-65768652,enhancer_hit,double
Unc5b_Heart_Any,chr10:60354272-60355711_chr10:60791723-60829081,enhancer_hit,
Unc5b_Heart_E11.5,chr10:60354272-60355711_chr10:60791723-60829081,enhancer_hit,
Unc5b_Limb_Any,chr10:60354272-60355711_chr10:60791723-60829081,enhancer_hit,
Uncx_Forebrain_Any,chr5:139534959-139540993_chr5:139571952-139572952,enhancer_hit,single
Uncx_Forebrain_E11.5,chr5:139534959-139540993_chr5:139571952-139572952,enhancer_hit,single
Upk3b_Heart_Any,chr5:135956177-135958835_chr5:136019534-136020534,enhancer_hit,single
Upk3b_Heart_Any,chr5:135956177-135958835_chr5:136478103-136481565,enhancer_hit,
Upk3b_Heart_Any,chr5:135956177-135958835_chr5:136498122-136502730,enhancer_hit,
Upk3b_Heart_Any,chr5:135956177-135958835_chr5:136539405-136541645,enhancer_hit,single
Upk3b_Heart_Any,chr5:135956177-135958835_chr5:136551169-136552169,enhancer_hit,single
Upk3b_Heart_Any,chr5:135956177-135958835_chr5:136554236-136557405,enhancer_hit,single
Upk3b_Heart_Any,chr5:136019534-136020534_chr5:136392680-136398363,enhancer_hit,single
Upk3b_Heart_Any,chr5:136019534-136020534_chr5:136478103-136481565,enhancer_hit,single
Upk3b_Heart_Any,chr5:136019534-136020534_chr5:136498122-136502730,enhancer_hit,single
Upk3b_Heart_Any,chr5:136019534-136020534_chr5:136539405-136541645,enhancer_hit,single
Upk3b_Heart_Any,chr5:136019534-136020534_chr5:136554236-136557405,enhancer_hit,single
Upk3b_Heart_Any,chr5:136019534-136020534_chr5:136619418-136620795,enhancer_hit,single
Upk3b_Heart_Any,chr5:136326089-136327657_chr5:136478103-136481565,enhancer_hit,single
Upk3b_Heart_Any,chr5:136386486-136388491_chr5:136539405-136541645,enhancer_hit,single
Upk3b_Heart_Any,chr5:136392680-136398363_chr5:136471728-136474571,enhancer_hit,single
Upk3b_Heart_Any,chr5:136392680-136398363_chr5:136478103-136481565,enhancer_hit,single
Upk3b_Heart_Any,chr5:136392680-136398363_chr5:136539405-136541645,enhancer_hit,single
Upk3b_Heart_Any,chr5:136392680-136398363_chr5:136554236-136557405,enhancer_hit,single
Upk3b_Heart_Any,chr5:136408335-136411675_chr5:136619418-136620795,enhancer_hit,single
Upk3b_Heart_Any,chr5:136478103-136481565_chr5:136539405-136541645,enhancer_hit,
Upk3b_Heart_Any,chr5:136478103-136481565_chr5:136554236-136557405,enhancer_hit,single
Upk3b_Heart_Any,chr5:136478103-136481565_chr5:136619418-136620795,enhancer_hit,single
Upk3b_Heart_Any,chr5:136498122-136502730_chr5:136551169-136552169,enhancer_hit,single
Upk3b_Heart_Any,chr5:136498122-136502730_chr5:136554236-136557405,enhancer_hit,single
Upk3b_Heart_Any,chr5:136539405-136541645_chr5:136554236-136557405,enhancer_hit,double
Upk3b_Heart_Any,chr5:136539405-136541645_chr5:136619418-136620795,enhancer_hit,double
Upk3b_Heart_Any,chr5:136554236-136557405_chr5:136619418-136620795,enhancer_hit,single
Upk3b_Heart_E11.5,chr5:135956177-135958835_chr5:136019534-136020534,enhancer_hit,single
Upk3b_Heart_E11.5,chr5:135956177-135958835_chr5:136478103-136481565,enhancer_hit,
Upk3b_Heart_E11.5,chr5:135956177-135958835_chr5:136498122-136502730,enhancer_hit,
Upk3b_Heart_E11.5,chr5:135956177-135958835_chr5:136539405-136541645,enhancer_hit,single
Upk3b_Heart_E11.5,chr5:135956177-135958835_chr5:136551169-136552169,enhancer_hit,single
Upk3b_Heart_E11.5,chr5:135956177-135958835_chr5:136554236-136557405,enhancer_hit,single
Upk3b_Heart_E11.5,chr5:136019534-136020534_chr5:136478103-136481565,enhancer_hit,single
Upk3b_Heart_E11.5,chr5:136019534-136020534_chr5:136498122-136502730,enhancer_hit,single
Upk3b_Heart_E11.5,chr5:136019534-136020534_chr5:136539405-136541645,enhancer_hit,single
Upk3b_Heart_E11.5,chr5:136019534-136020534_chr5:136554236-136557405,enhancer_hit,single
Upk3b_Heart_E11.5,chr5:136019534-136020534_chr5:136619418-136620795,enhancer_hit,single
Upk3b_Heart_E11.5,chr5:136408335-136411675_chr5:136619418-136620795,enhancer_hit,single
Upk3b_Heart_E11.5,chr5:136478103-136481565_chr5:136539405-136541645,enhancer_hit,
Upk3b_Heart_E11.5,chr5:136478103-136481565_chr5:136554236-136557405,enhancer_hit,single
Upk3b_Heart_E11.5,chr5:136478103-136481565_chr5:136619418-136620795,enhancer_hit,single
Upk3b_Heart_E11.5,chr5:136498122-136502730_chr5:136551169-136552169,enhancer_hit,single
Upk3b_Heart_E11.5,chr5:136498122-136502730_chr5:136554236-136557405,enhancer_hit,single
Upk3b_Heart_E11.5,chr5:136539405-136541645_chr5:136554236-136557405,enhancer_hit,double
Upk3b_Heart_E11.5,chr5:136539405-136541645_chr5:136619418-136620795,enhancer_hit,double
Upk3b_Heart_E11.5,chr5:136554236-136557405_chr5:136619418-136620795,enhancer_hit,single
Upk3bl_Forebrain_Any,chr5:136049760-136054690_chr5:136860661-136865553,enhancer_hit,double
Upk3bl_Forebrain_E11.5,chr5:136049760-136054690_chr5:136860661-136865553,enhancer_hit,double
Upk3bl_Heart_Any,chr5:136049760-136054690_chr5:136860661-136865553,enhancer_hit,double
Upk3bl_Heart_Any,chr5:136809852-136812307_chr5:136860661-136865553,enhancer_hit,single
Upk3bl_Heart_E11.5,chr5:136049760-136054690_chr5:136860661-136865553,enhancer_hit,double
Upk3bl_Limb_Any,chr5:136049760-136054690_chr5:136860661-136865553,enhancer_hit,double
Upk3bl_Limb_Any,chr5:136769092-136770114_chr5:136860661-136865553,enhancer_hit,
Upk3bl_Limb_Any,chr5:136809852-136812307_chr5:136860661-136865553,enhancer_hit,single
Upk3bl_Limb_E11.5,chr5:136049760-136054690_chr5:136860661-136865553,enhancer_hit,double
Upk3bl_Limb_E11.5,chr5:136769092-136770114_chr5:136860661-136865553,enhancer_hit,
Upk3bl_Limb_E11.5,chr5:136809852-136812307_chr5:136860661-136865553,enhancer_hit,single
Urad_Heart_Any,chr5:146675340-146684261_chr5:146690572-146693569,enhancer_hit,single
Urad_Heart_E11.5,chr5:146675340-146684261_chr5:146690572-146693569,enhancer_hit,single
Ushbp1_Forebrain_Any,chr8:71525234-71529337_chr8:72294104-72297133,enhancer_hit,double
Ushbp1_Heart_Any,chr8:71525234-71529337_chr8:72281046-72282121,enhancer_hit,single
Ushbp1_Heart_Any,chr8:71525234-71529337_chr8:72294104-72297133,enhancer_hit,double
Ushbp1_Heart_Any,chr8:72281046-72282121_chr8:72294104-72297133,enhancer_hit,single
Ushbp1_Heart_E11.5,chr8:71525234-71529337_chr8:72294104-72297133,enhancer_hit,double
Ushbp1_Limb_Any,chr8:71525234-71529337_chr8:72294104-72297133,enhancer_hit,double
Usp29_Forebrain_Any,chr7:6809866-6813205_chr7:6919192-6921228,enhancer_hit,single
Usp43_Heart_Any,chr11:68284524-68287234_chr11:68477900-68479587,enhancer_hit,single
Utrn_Heart_Any,chr10:12694159-12696017_chr10:12702730-12704886,enhancer_hit,
Utrn_Heart_Any,chr10:12694159-12696017_chr10:12831803-12837046,enhancer_hit,single
Utrn_Heart_Any,chr10:12702730-12704886_chr10:12831803-12837046,enhancer_hit,single
Utrn_Heart_E11.5,chr10:12694159-12696017_chr10:12702730-12704886,enhancer_hit,
Vamp5_Heart_Any,chr6:72159970-72165247_chr6:72292032-72294565,enhancer_hit,single
Vamp5_Heart_Any,chr6:72159970-72165247_chr6:72315121-72316866,enhancer_hit,
Vamp5_Heart_Any,chr6:72292032-72294565_chr6:72315121-72316866,enhancer_hit,
Vamp5_Heart_E11.5,chr6:72292032-72294565_chr6:72315121-72316866,enhancer_hit,
Vangl1_Heart_Any,chr3:102192606-102195883_chr3:103130055-103131451,enhancer_hit,
Vangl1_Heart_Any,chr3:102192606-102195883_chr3:103138612-103140660,enhancer_hit,
Vangl1_Heart_Any,chr3:103130055-103131451_chr3:103138612-103140660,enhancer_hit,single
Vangl1_Heart_E11.5,chr3:102192606-102195883_chr3:103130055-103131451,enhancer_hit,
Vangl1_Heart_E11.5,chr3:102192606-102195883_chr3:103138612-103140660,enhancer_hit,
Vangl1_Heart_E11.5,chr3:103130055-103131451_chr3:103138612-103140660,enhancer_hit,single
Vangl2_Forebrain_Any,chr1:172012149-172021187_chr1:172199797-172204304,enhancer_hit,single
Vangl2_Forebrain_Any,chr1:172012149-172021187_chr1:172386774-172388195,enhancer_hit,
Vangl2_Forebrain_Any,chr1:172063889-172065736_chr1:172386774-172388195,enhancer_hit,
Vangl2_Forebrain_Any,chr1:172348556-172352006_chr1:172386774-172388195,enhancer_hit,single
Vangl2_Forebrain_E11.5,chr1:172012149-172021187_chr1:172199797-172204304,enhancer_hit,single
Vangl2_Heart_Any,chr1:172012149-172021187_chr1:172199797-172204304,enhancer_hit,single
Vangl2_Limb_Any,chr1:172012149-172021187_chr1:172199797-172204304,enhancer_hit,single
Vangl2_Limb_E11.5,chr1:172012149-172021187_chr1:172199797-172204304,enhancer_hit,single
Vasn_Forebrain_Any,chr16:4585596-4588635_chr16:4597212-4608734,enhancer_hit,single
Vasn_Forebrain_Any,chr16:4585596-4588635_chr16:4650037-4660341,enhancer_hit,single
Vasn_Forebrain_Any,chr16:4597212-4608734_chr16:4650037-4660341,enhancer_hit,single
Vasn_Forebrain_Any,chr16:4642440-4648636_chr16:4650037-4660341,enhancer_hit,
Vasn_Forebrain_E11.5,chr16:4585596-4588635_chr16:4597212-4608734,enhancer_hit,single
Vasn_Heart_Any,chr16:4270076-4272173_chr16:4509608-4520575,enhancer_hit,
Vasn_Heart_Any,chr16:4270076-4272173_chr16:4597212-4608734,enhancer_hit,single
Vasn_Heart_Any,chr16:4270076-4272173_chr16:4642440-4648636,enhancer_hit,
Vasn_Heart_Any,chr16:4270076-4272173_chr16:4650037-4660341,enhancer_hit,
Vasn_Heart_Any,chr16:4272739-4274709_chr16:4585596-4588635,enhancer_hit,single
Vasn_Heart_Any,chr16:4509608-4520575_chr16:4585596-4588635,enhancer_hit,single
Vasn_Heart_Any,chr16:4509608-4520575_chr16:4597212-4608734,enhancer_hit,single
Vasn_Heart_Any,chr16:4509608-4520575_chr16:4642440-4648636,enhancer_hit,
Vasn_Heart_Any,chr16:4509608-4520575_chr16:4650037-4660341,enhancer_hit,single
Vasn_Heart_Any,chr16:4585596-4588635_chr16:4597212-4608734,enhancer_hit,single
Vasn_Heart_Any,chr16:4585596-4588635_chr16:4650037-4660341,enhancer_hit,single
Vasn_Heart_Any,chr16:4597212-4608734_chr16:4650037-4660341,enhancer_hit,single
Vasn_Heart_Any,chr16:4642440-4648636_chr16:4650037-4660341,enhancer_hit,
Vasn_Heart_E11.5,chr16:4270076-4272173_chr16:4509608-4520575,enhancer_hit,
Vasn_Heart_E11.5,chr16:4270076-4272173_chr16:4597212-4608734,enhancer_hit,single
Vasn_Heart_E11.5,chr16:4270076-4272173_chr16:4642440-4648636,enhancer_hit,
Vasn_Heart_E11.5,chr16:4270076-4272173_chr16:4650037-4660341,enhancer_hit,
Vasn_Heart_E11.5,chr16:4272739-4274709_chr16:4585596-4588635,enhancer_hit,single
Vasn_Heart_E11.5,chr16:4509608-4520575_chr16:4585596-4588635,enhancer_hit,single
Vasn_Heart_E11.5,chr16:4509608-4520575_chr16:4597212-4608734,enhancer_hit,single
Vasn_Heart_E11.5,chr16:4509608-4520575_chr16:4642440-4648636,enhancer_hit,
Vasn_Heart_E11.5,chr16:4509608-4520575_chr16:4650037-4660341,enhancer_hit,single
Vasn_Heart_E11.5,chr16:4585596-4588635_chr16:4597212-4608734,enhancer_hit,single
Vasn_Heart_E11.5,chr16:4585596-4588635_chr16:4650037-4660341,enhancer_hit,single
Vasn_Heart_E11.5,chr16:4597212-4608734_chr16:4650037-4660341,enhancer_hit,single
Vasn_Heart_E11.5,chr16:4642440-4648636_chr16:4650037-4660341,enhancer_hit,
Vasn_Limb_Any,chr16:4270076-4272173_chr16:4509608-4520575,enhancer_hit,
Vasn_Limb_Any,chr16:4270076-4272173_chr16:4597212-4608734,enhancer_hit,single
Vasn_Limb_Any,chr16:4270076-4272173_chr16:4642440-4648636,enhancer_hit,
Vasn_Limb_Any,chr16:4270076-4272173_chr16:4650037-4660341,enhancer_hit,
Vasn_Limb_Any,chr16:4272739-4274709_chr16:4585596-4588635,enhancer_hit,single
Vasn_Limb_Any,chr16:4509608-4520575_chr16:4585596-4588635,enhancer_hit,single
Vasn_Limb_Any,chr16:4509608-4520575_chr16:4597212-4608734,enhancer_hit,single
Vasn_Limb_Any,chr16:4509608-4520575_chr16:4632071-4633071,enhancer_hit,
Vasn_Limb_Any,chr16:4509608-4520575_chr16:4642440-4648636,enhancer_hit,
Vasn_Limb_Any,chr16:4509608-4520575_chr16:4650037-4660341,enhancer_hit,single
Vasn_Limb_Any,chr16:4585596-4588635_chr16:4597212-4608734,enhancer_hit,single
Vasn_Limb_Any,chr16:4585596-4588635_chr16:4650037-4660341,enhancer_hit,single
Vasn_Limb_Any,chr16:4597212-4608734_chr16:4650037-4660341,enhancer_hit,single
Vasn_Limb_Any,chr16:4632071-4633071_chr16:4642440-4648636,enhancer_hit,single
Vasn_Limb_Any,chr16:4632071-4633071_chr16:4650037-4660341,enhancer_hit,
Vasn_Limb_Any,chr16:4642440-4648636_chr16:4650037-4660341,enhancer_hit,
Vasn_Limb_E11.5,chr16:4585596-4588635_chr16:4597212-4608734,enhancer_hit,single
Vasn_Limb_E11.5,chr16:4585596-4588635_chr16:4650037-4660341,enhancer_hit,single
Vasn_Limb_E11.5,chr16:4597212-4608734_chr16:4650037-4660341,enhancer_hit,single
Vasn_Limb_E11.5,chr16:4632071-4633071_chr16:4642440-4648636,enhancer_hit,single
Vasn_Limb_E11.5,chr16:4632071-4633071_chr16:4650037-4660341,enhancer_hit,
Vasn_Limb_E11.5,chr16:4642440-4648636_chr16:4650037-4660341,enhancer_hit,
Vcl_Heart_Any,chr14:20748037-20751096_chr14:20772071-20774006,enhancer_hit,single
Vcl_Heart_Any,chr14:20748037-20751096_chr14:20936335-20939759,enhancer_hit,single
Vcl_Heart_Any,chr14:20891299-20894475_chr14:20936335-20939759,enhancer_hit,single
Vcl_Heart_E11.5,chr14:20748037-20751096_chr14:20772071-20774006,enhancer_hit,single
Vcl_Limb_Any,chr14:20891299-20894475_chr14:20936335-20939759,enhancer_hit,single
Vezf1_Forebrain_Any,chr11:88116729-88121075_chr11:88122350-88127322,enhancer_hit,single
Vezf1_Forebrain_Any,chr11:88116729-88121075_chr11:88137290-88143365,enhancer_hit,single
Vezf1_Forebrain_Any,chr11:88122350-88127322_chr11:88137290-88143365,enhancer_hit,single
Vezf1_Forebrain_E11.5,chr11:88116729-88121075_chr11:88122350-88127322,enhancer_hit,single
Vezf1_Forebrain_E11.5,chr11:88116729-88121075_chr11:88137290-88143365,enhancer_hit,single
Vezf1_Forebrain_E11.5,chr11:88122350-88127322_chr11:88137290-88143365,enhancer_hit,single
Vezf1_Heart_Any,chr11:88116729-88121075_chr11:88122350-88127322,enhancer_hit,single
Vezf1_Heart_Any,chr11:88116729-88121075_chr11:88137290-88143365,enhancer_hit,single
Vezf1_Heart_Any,chr11:88122350-88127322_chr11:88137290-88143365,enhancer_hit,single
Vgll4_Forebrain_Any,chr6:114913561-114919321_chr6:114967475-114971013,enhancer_hit,single
Vgll4_Heart_Any,chr6:114913561-114919321_chr6:114967475-114971013,enhancer_hit,single
Vgll4_Limb_Any,chr6:114913561-114919321_chr6:114967475-114971013,enhancer_hit,single
Vgll4_Limb_Any,chr6:114913561-114919321_chr6:114976294-114977356,enhancer_hit,single
Vgll4_Limb_Any,chr6:114913561-114919321_chr6:114987200-114990574,enhancer_hit,single
Vgll4_Limb_Any,chr6:114967475-114971013_chr6:114987200-114990574,enhancer_hit,single
Vgll4_Limb_Any,chr6:114976294-114977356_chr6:114987200-114990574,enhancer_hit,single
Vgll4_Limb_E11.5,chr6:114913561-114919321_chr6:114967475-114971013,enhancer_hit,single
Vldlr_Heart_Any,chr19:26973520-26975929_chr19:27021617-27023188,enhancer_hit,
Vps37b_Forebrain_Any,chr5:124024160-124029760_chr5:124036086-124037482,enhancer_hit,single
Vps37b_Forebrain_Any,chr5:124024160-124029760_chr5:124171084-124178657,enhancer_hit,single
Vps37b_Forebrain_Any,chr5:124036086-124037482_chr5:124171084-124178657,enhancer_hit,double
Vps37b_Forebrain_E11.5,chr5:124024160-124029760_chr5:124036086-124037482,enhancer_hit,single
Vps37b_Forebrain_E11.5,chr5:124024160-124029760_chr5:124171084-124178657,enhancer_hit,single
Vps37b_Forebrain_E11.5,chr5:124036086-124037482_chr5:124171084-124178657,enhancer_hit,double
Vps37b_Heart_Any,chr5:124024160-124029760_chr5:124036086-124037482,enhancer_hit,single
Vps37b_Heart_Any,chr5:124024160-124029760_chr5:124171084-124178657,enhancer_hit,single
Vps37b_Heart_Any,chr5:124036086-124037482_chr5:124171084-124178657,enhancer_hit,double
Vps37b_Heart_E11.5,chr5:124024160-124029760_chr5:124036086-124037482,enhancer_hit,single
Vps37b_Heart_E11.5,chr5:124024160-124029760_chr5:124171084-124178657,enhancer_hit,single
Vps37b_Heart_E11.5,chr5:124036086-124037482_chr5:124171084-124178657,enhancer_hit,double
Vps9d1_Forebrain_Any,chr8:120380964-120384560_chr8:121966120-121969235,enhancer_hit,single
Vps9d1_Forebrain_Any,chr8:121966120-121969235_chr8:124313401-124319580,enhancer_hit,single
Vps9d1_Heart_Any,chr8:120380964-120384560_chr8:121966120-121969235,enhancer_hit,single
Vps9d1_Heart_Any,chr8:121966120-121969235_chr8:124313401-124319580,enhancer_hit,single
Vps9d1_Limb_Any,chr8:120380964-120384560_chr8:121966120-121969235,enhancer_hit,single
Vps9d1_Limb_Any,chr8:121966120-121969235_chr8:124313401-124319580,enhancer_hit,single
Wars2_Heart_Any,chr3:97796265-97806646_chr3:98041890-98047459,enhancer_hit,single
Wars2_Heart_E11.5,chr3:97796265-97806646_chr3:98041890-98047459,enhancer_hit,single
Wars2_Limb_Any,chr3:97964240-97965697_chr3:98041890-98047459,enhancer_hit,single
Wars2_Limb_E11.5,chr3:97964240-97965697_chr3:98041890-98047459,enhancer_hit,single
Wasf2_Heart_Any,chr4:132415559-132417910_chr4:133101648-133105024,enhancer_hit,single
Wasf2_Heart_Any,chr4:132415559-132417910_chr4:133158422-133160147,enhancer_hit,double
Wasf2_Heart_Any,chr4:132415559-132417910_chr4:133182638-133186681,enhancer_hit,double
Wasf2_Heart_Any,chr4:132415559-132417910_chr4:133488111-133490464,enhancer_hit,single
Wasf2_Heart_Any,chr4:132415559-132417910_chr4:133493279-133494826,enhancer_hit,single
Wasf2_Heart_Any,chr4:133101648-133105024_chr4:133182638-133186681,enhancer_hit,single
Wasf2_Heart_Any,chr4:133101648-133105024_chr4:133488111-133490464,enhancer_hit,single
Wasf2_Heart_Any,chr4:133101648-133105024_chr4:133493279-133494826,enhancer_hit,single
Wasf2_Heart_Any,chr4:133158422-133160147_chr4:133182638-133186681,enhancer_hit,double
Wasf2_Heart_Any,chr4:133158422-133160147_chr4:133488111-133490464,enhancer_hit,single
Wasf2_Heart_Any,chr4:133158422-133160147_chr4:133493279-133494826,enhancer_hit,single
Wasf2_Heart_Any,chr4:133182638-133186681_chr4:133488111-133490464,enhancer_hit,single
Wasf2_Heart_Any,chr4:133488111-133490464_chr4:133493279-133494826,enhancer_hit,
Wasf2_Heart_E11.5,chr4:133101648-133105024_chr4:133182638-133186681,enhancer_hit,single
Wasf2_Limb_Any,chr4:133182638-133186681_chr4:133488111-133490464,enhancer_hit,single
Wasf2_Limb_E11.5,chr4:133182638-133186681_chr4:133488111-133490464,enhancer_hit,single
Wbscr17_Forebrain_Any,chr5:130937505-130940072_chr5:131082718-131084269,enhancer_hit,
Wdr55_Heart_Any,chr18:35618105-35621013_chr18:36770949-36774454,enhancer_hit,single
Wdr55_Heart_E11.5,chr18:35618105-35621013_chr18:36770949-36774454,enhancer_hit,single
Wdsub1_Heart_Any,chr2:59614543-59617295_chr2:59621864-59624606,enhancer_hit,single
Wdsub1_Heart_Any,chr2:59614543-59617295_chr2:59626864-59630346,enhancer_hit,
Wdsub1_Heart_Any,chr2:59614543-59617295_chr2:60085611-60087254,enhancer_hit,
Wdsub1_Heart_Any,chr2:59621864-59624606_chr2:59674846-59682519,enhancer_hit,
Wdsub1_Heart_Any,chr2:59621864-59624606_chr2:59951553-59954240,enhancer_hit,
Wdsub1_Heart_Any,chr2:59621864-59624606_chr2:60085611-60087254,enhancer_hit,
Wdsub1_Heart_Any,chr2:59626864-59630346_chr2:60085611-60087254,enhancer_hit,
Wdsub1_Heart_Any,chr2:59674846-59682519_chr2:60085611-60087254,enhancer_hit,
Wdsub1_Heart_Any,chr2:60045490-60046897_chr2:60085611-60087254,enhancer_hit,
Wdsub1_Heart_E11.5,chr2:59614543-59617295_chr2:59621864-59624606,enhancer_hit,single
Wdsub1_Heart_E11.5,chr2:59614543-59617295_chr2:59626864-59630346,enhancer_hit,
Wdsub1_Heart_E11.5,chr2:59621864-59624606_chr2:59674846-59682519,enhancer_hit,
Wdsub1_Heart_E11.5,chr2:59621864-59624606_chr2:59951553-59954240,enhancer_hit,
Wisp1_Heart_Any,chr15:66676771-66678745_chr15:66775392-66777888,enhancer_hit,single
Wisp1_Heart_Any,chr15:66897160-66898160_chr15:66983253-66985827,enhancer_hit,
Wnt11_Heart_Any,chr7:98768903-98771588_chr7:98870322-98872108,enhancer_hit,single
Wnt1_Forebrain_Any,chr15:98672596-98674958_chr15:99642245-99649143,enhancer_hit,single
Wnt1_Forebrain_Any,chr15:99636029-99638790_chr15:99642245-99649143,enhancer_hit,single
Wnt1_Forebrain_E11.5,chr15:99636029-99638790_chr15:99642245-99649143,enhancer_hit,single
Wnt1_Heart_Any,chr15:98672596-98674958_chr15:99642245-99649143,enhancer_hit,single
Wwc1_Forebrain_Any,chr11:35924133-35928305_chr11:35974688-35977695,enhancer_hit,
Wwc1_Forebrain_Any,chr11:35931758-35936558_chr11:35937727-35941862,enhancer_hit,
Wwc2_Heart_Any,chr8:47931447-47934635_chr8:47973704-47975962,enhancer_hit,single
Wwc2_Heart_Any,chr8:47938594-47941714_chr8:47973704-47975962,enhancer_hit,single
Wwc2_Heart_E11.5,chr8:47931447-47934635_chr8:47973704-47975962,enhancer_hit,single
Wwc2_Heart_E11.5,chr8:47938594-47941714_chr8:47973704-47975962,enhancer_hit,single
Wwp2_Forebrain_Any,chr8:107467083-107474596_chr8:107576365-107578814,enhancer_hit,single
Wwp2_Limb_Any,chr8:107467083-107474596_chr8:107478329-107479914,enhancer_hit,single
Wwp2_Limb_E11.5,chr8:107467083-107474596_chr8:107478329-107479914,enhancer_hit,single
Wwtr1_Heart_Any,chr3:57444048-57446603_chr3:57533766-57536591,enhancer_hit,
Wwtr1_Heart_Any,chr3:57444048-57446603_chr3:57602759-57605582,enhancer_hit,single
Xpr1_Forebrain_Any,chr1:155302561-155304273_chr1:155441886-155443861,enhancer_hit,single
Xpr1_Forebrain_Any,chr1:155305268-155309426_chr1:155441886-155443861,enhancer_hit,single
Ypel2_Forebrain_Any,chr11:86839151-86841627_chr11:87004837-87008215,enhancer_hit,double
Ypel2_Forebrain_Any,chr11:87004837-87008215_chr11:87246340-87248772,enhancer_hit,single
Ypel2_Forebrain_E11.5,chr11:86839151-86841627_chr11:87004837-87008215,enhancer_hit,double
Ypel2_Heart_Any,chr11:86839151-86841627_chr11:86892831-86899691,enhancer_hit,single
Ypel2_Heart_Any,chr11:86839151-86841627_chr11:87004837-87008215,enhancer_hit,double
Ypel2_Heart_Any,chr11:86892831-86899691_chr11:87004837-87008215,enhancer_hit,single
Ypel2_Heart_Any,chr11:86892831-86899691_chr11:87246340-87248772,enhancer_hit,single
Ypel2_Heart_Any,chr11:87004837-87008215_chr11:87246340-87248772,enhancer_hit,single
Ypel2_Heart_E11.5,chr11:86839151-86841627_chr11:86892831-86899691,enhancer_hit,single
Ypel2_Heart_E11.5,chr11:86839151-86841627_chr11:87004837-87008215,enhancer_hit,double
Ypel2_Heart_E11.5,chr11:86892831-86899691_chr11:87004837-87008215,enhancer_hit,single
Ypel2_Heart_E11.5,chr11:86892831-86899691_chr11:87246340-87248772,enhancer_hit,single
Ypel2_Heart_E11.5,chr11:87004837-87008215_chr11:87246340-87248772,enhancer_hit,single
Zak_Heart_Any,chr2:72168430-72170511_chr2:72200311-72203792,enhancer_hit,
Zak_Heart_Any,chr2:72168430-72170511_chr2:73462563-73464706,enhancer_hit,single
Zak_Heart_Any,chr2:72200311-72203792_chr2:73462563-73464706,enhancer_hit,
Zak_Heart_Any,chr2:72238980-72245859_chr2:72268572-72270549,enhancer_hit,single
Zak_Heart_Any,chr2:72238980-72245859_chr2:72295944-72298984,enhancer_hit,
Zak_Heart_Any,chr2:72238980-72245859_chr2:72942640-72943640,enhancer_hit,
Zak_Heart_Any,chr2:72238980-72245859_chr2:73001472-73006621,enhancer_hit,
Zak_Heart_Any,chr2:72238980-72245859_chr2:73018645-73020445,enhancer_hit,
Zak_Heart_Any,chr2:72238980-72245859_chr2:73036705-73039273,enhancer_hit,
Zak_Heart_Any,chr2:72238980-72245859_chr2:73045965-73051180,enhancer_hit,
Zak_Heart_Any,chr2:72268572-72270549_chr2:72295944-72298984,enhancer_hit,single
Zak_Heart_Any,chr2:72268572-72270549_chr2:72942640-72943640,enhancer_hit,
Zak_Heart_Any,chr2:72268572-72270549_chr2:73001472-73006621,enhancer_hit,
Zak_Heart_Any,chr2:72268572-72270549_chr2:73036705-73039273,enhancer_hit,single
Zak_Heart_Any,chr2:72268572-72270549_chr2:73045965-73051180,enhancer_hit,
Zak_Heart_Any,chr2:72289740-72291059_chr2:72750864-72756524,enhancer_hit,
Zak_Heart_Any,chr2:72289740-72291059_chr2:73045965-73051180,enhancer_hit,single
Zak_Heart_Any,chr2:72295944-72298984_chr2:72942640-72943640,enhancer_hit,
Zak_Heart_Any,chr2:72295944-72298984_chr2:73001472-73006621,enhancer_hit,single
Zak_Heart_Any,chr2:72295944-72298984_chr2:73018645-73020445,enhancer_hit,
Zak_Heart_Any,chr2:72295944-72298984_chr2:73036705-73039273,enhancer_hit,single
Zak_Heart_Any,chr2:72295944-72298984_chr2:73045965-73051180,enhancer_hit,
Zak_Heart_Any,chr2:72295944-72298984_chr2:73462563-73464706,enhancer_hit,single
Zak_Heart_Any,chr2:72368032-72369946_chr2:73045965-73051180,enhancer_hit,
Zak_Heart_Any,chr2:72368032-72369946_chr2:73462563-73464706,enhancer_hit,
Zak_Heart_Any,chr2:72750864-72756524_chr2:73045965-73051180,enhancer_hit,
Zak_Heart_Any,chr2:72750864-72756524_chr2:73462563-73464706,enhancer_hit,single
Zak_Heart_Any,chr2:72942640-72943640_chr2:73001472-73006621,enhancer_hit,single
Zak_Heart_Any,chr2:72942640-72943640_chr2:73018645-73020445,enhancer_hit,single
Zak_Heart_Any,chr2:72942640-72943640_chr2:73036705-73039273,enhancer_hit,single
Zak_Heart_Any,chr2:72942640-72943640_chr2:73045965-73051180,enhancer_hit,
Zak_Heart_Any,chr2:72942640-72943640_chr2:73462563-73464706,enhancer_hit,single
Zak_Heart_Any,chr2:73001472-73006621_chr2:73018645-73020445,enhancer_hit,single
Zak_Heart_Any,chr2:73001472-73006621_chr2:73036705-73039273,enhancer_hit,single
Zak_Heart_Any,chr2:73001472-73006621_chr2:73045965-73051180,enhancer_hit,
Zak_Heart_Any,chr2:73001472-73006621_chr2:73462563-73464706,enhancer_hit,single
Zak_Heart_Any,chr2:73018645-73020445_chr2:73036705-73039273,enhancer_hit,single
Zak_Heart_Any,chr2:73018645-73020445_chr2:73045965-73051180,enhancer_hit,
Zak_Heart_Any,chr2:73036705-73039273_chr2:73045965-73051180,enhancer_hit,
Zak_Heart_Any,chr2:73036705-73039273_chr2:73462563-73464706,enhancer_hit,single
Zak_Heart_E11.5,chr2:72168430-72170511_chr2:72200311-72203792,enhancer_hit,
Zak_Heart_E11.5,chr2:72238980-72245859_chr2:72268572-72270549,enhancer_hit,single
Zak_Heart_E11.5,chr2:72238980-72245859_chr2:72295944-72298984,enhancer_hit,
Zak_Heart_E11.5,chr2:72238980-72245859_chr2:73001472-73006621,enhancer_hit,
Zak_Heart_E11.5,chr2:72238980-72245859_chr2:73018645-73020445,enhancer_hit,
Zak_Heart_E11.5,chr2:72238980-72245859_chr2:73036705-73039273,enhancer_hit,
Zak_Heart_E11.5,chr2:72238980-72245859_chr2:73045965-73051180,enhancer_hit,
Zak_Heart_E11.5,chr2:72268572-72270549_chr2:72295944-72298984,enhancer_hit,single
Zak_Heart_E11.5,chr2:72268572-72270549_chr2:73001472-73006621,enhancer_hit,
Zak_Heart_E11.5,chr2:72268572-72270549_chr2:73036705-73039273,enhancer_hit,single
Zak_Heart_E11.5,chr2:72268572-72270549_chr2:73045965-73051180,enhancer_hit,
Zak_Heart_E11.5,chr2:72295944-72298984_chr2:73001472-73006621,enhancer_hit,single
Zak_Heart_E11.5,chr2:72295944-72298984_chr2:73018645-73020445,enhancer_hit,
Zak_Heart_E11.5,chr2:72295944-72298984_chr2:73036705-73039273,enhancer_hit,single
Zak_Heart_E11.5,chr2:72295944-72298984_chr2:73045965-73051180,enhancer_hit,
Zak_Heart_E11.5,chr2:72368032-72369946_chr2:73045965-73051180,enhancer_hit,
Zak_Heart_E11.5,chr2:72750864-72756524_chr2:73045965-73051180,enhancer_hit,
Zak_Heart_E11.5,chr2:73001472-73006621_chr2:73018645-73020445,enhancer_hit,single
Zak_Heart_E11.5,chr2:73001472-73006621_chr2:73036705-73039273,enhancer_hit,single
Zak_Heart_E11.5,chr2:73001472-73006621_chr2:73045965-73051180,enhancer_hit,
Zak_Heart_E11.5,chr2:73018645-73020445_chr2:73036705-73039273,enhancer_hit,single
Zak_Heart_E11.5,chr2:73018645-73020445_chr2:73045965-73051180,enhancer_hit,
Zak_Heart_E11.5,chr2:73036705-73039273_chr2:73045965-73051180,enhancer_hit,
Zak_Limb_Any,chr2:72238980-72245859_chr2:73001472-73006621,enhancer_hit,
Zak_Limb_Any,chr2:72238980-72245859_chr2:73045965-73051180,enhancer_hit,
Zak_Limb_Any,chr2:73001472-73006621_chr2:73045965-73051180,enhancer_hit,
Zak_Limb_Any,chr2:73045965-73051180_chr2:73475516-73476516,enhancer_hit,
Zak_Limb_E11.5,chr2:73001472-73006621_chr2:73045965-73051180,enhancer_hit,
Zbed3_Heart_Any,chr13:93836641-93841285_chr13:94395221-94396842,enhancer_hit,single
Zbed3_Heart_Any,chr13:93982729-93984198_chr13:94133886-94137524,enhancer_hit,
Zbed3_Heart_E11.5,chr13:93982729-93984198_chr13:94133886-94137524,enhancer_hit,
Zbed3_Limb_Any,chr13:93908642-93912660_chr13:94115234-94118112,enhancer_hit,single
Zbed3_Limb_Any,chr13:94115234-94118112_chr13:95055295-95057100,enhancer_hit,
Zbed3_Limb_Any,chr13:94133886-94137524_chr13:95055295-95057100,enhancer_hit,
Zbed3_Limb_E11.5,chr13:93908642-93912660_chr13:94115234-94118112,enhancer_hit,single
Zbed3_Limb_E11.5,chr13:94115234-94118112_chr13:95055295-95057100,enhancer_hit,
Zbed3_Limb_E11.5,chr13:94133886-94137524_chr13:95055295-95057100,enhancer_hit,
Zbtb1_Heart_Any,chr12:75835827-75837573_chr12:75846063-75847063,enhancer_hit,single
Zbtb1_Heart_Any,chr12:75835827-75837573_chr12:76306084-76309116,enhancer_hit,
Zbtb1_Heart_Any,chr12:75835827-75837573_chr12:76374641-76376814,enhancer_hit,
Zbtb1_Heart_Any,chr12:75835827-75837573_chr12:76458728-76459728,enhancer_hit,single
Zbtb1_Heart_Any,chr12:75846063-75847063_chr12:75879543-75882313,enhancer_hit,single
Zbtb1_Heart_Any,chr12:75846063-75847063_chr12:76306084-76309116,enhancer_hit,single
Zbtb1_Heart_Any,chr12:75846063-75847063_chr12:76317103-76321227,enhancer_hit,
Zbtb1_Heart_Any,chr12:75846063-75847063_chr12:76374641-76376814,enhancer_hit,single
Zbtb1_Heart_Any,chr12:75846063-75847063_chr12:76458728-76459728,enhancer_hit,single
Zbtb1_Heart_Any,chr12:75879543-75882313_chr12:76306084-76309116,enhancer_hit,single
Zbtb1_Heart_Any,chr12:75879543-75882313_chr12:76317103-76321227,enhancer_hit,
Zbtb1_Heart_Any,chr12:75879543-75882313_chr12:76374641-76376814,enhancer_hit,single
Zbtb1_Heart_Any,chr12:75879543-75882313_chr12:76458728-76459728,enhancer_hit,single
Zbtb1_Heart_Any,chr12:75982596-75984123_chr12:76374641-76376814,enhancer_hit,
Zbtb1_Heart_Any,chr12:76306084-76309116_chr12:76374641-76376814,enhancer_hit,single
Zbtb1_Heart_Any,chr12:76306084-76309116_chr12:76458728-76459728,enhancer_hit,single
Zbtb1_Heart_Any,chr12:76317103-76321227_chr12:76374641-76376814,enhancer_hit,
Zbtb1_Heart_Any,chr12:76317103-76321227_chr12:76458728-76459728,enhancer_hit,single
Zbtb1_Heart_Any,chr12:76374641-76376814_chr12:76458728-76459728,enhancer_hit,single
Zbtb1_Heart_E11.5,chr12:75835827-75837573_chr12:76306084-76309116,enhancer_hit,
Zbtb1_Heart_E11.5,chr12:75835827-75837573_chr12:76374641-76376814,enhancer_hit,
Zbtb1_Heart_E11.5,chr12:75835827-75837573_chr12:76458728-76459728,enhancer_hit,single
Zbtb1_Heart_E11.5,chr12:75879543-75882313_chr12:76306084-76309116,enhancer_hit,single
Zbtb1_Heart_E11.5,chr12:75879543-75882313_chr12:76317103-76321227,enhancer_hit,
Zbtb1_Heart_E11.5,chr12:75879543-75882313_chr12:76374641-76376814,enhancer_hit,single
Zbtb1_Heart_E11.5,chr12:75879543-75882313_chr12:76458728-76459728,enhancer_hit,single
Zbtb1_Heart_E11.5,chr12:76306084-76309116_chr12:76374641-76376814,enhancer_hit,single
Zbtb1_Heart_E11.5,chr12:76306084-76309116_chr12:76458728-76459728,enhancer_hit,single
Zbtb1_Heart_E11.5,chr12:76317103-76321227_chr12:76374641-76376814,enhancer_hit,
Zbtb1_Heart_E11.5,chr12:76317103-76321227_chr12:76458728-76459728,enhancer_hit,single
Zbtb1_Heart_E11.5,chr12:76374641-76376814_chr12:76458728-76459728,enhancer_hit,single
Zbtb20_Forebrain_Any,chr16:43499919-43505762_chr16:43572219-43579944,enhancer_hit,single
Zbtb20_Forebrain_E11.5,chr16:43499919-43505762_chr16:43572219-43579944,enhancer_hit,single
Zbtb20_Heart_Any,chr16:43499919-43505762_chr16:43572219-43579944,enhancer_hit,single
Zbtb20_Heart_E11.5,chr16:43499919-43505762_chr16:43572219-43579944,enhancer_hit,single
Zbtb42_Heart_Any,chr12:111663051-111666858_chr12:111704145-111706976,enhancer_hit,double
Zbtb42_Heart_Any,chr12:111704145-111706976_chr12:112896811-112898899,enhancer_hit,single
Zbtb42_Heart_E11.5,chr12:111663051-111666858_chr12:111704145-111706976,enhancer_hit,double
Zc3h18_Forebrain_Any,chr8:119913340-119921241_chr8:122572319-122574407,enhancer_hit,
Zc3h18_Heart_Any,chr8:119913340-119921241_chr8:122572319-122574407,enhancer_hit,
Zcchc14_Forebrain_Any,chr8:120249389-120252458_chr8:120459071-120463371,enhancer_hit,single
Zcchc24_Heart_Any,chr14:25685040-25688775_chr14:25754277-25761141,enhancer_hit,single
Zcchc24_Heart_E11.5,chr14:25685040-25688775_chr14:25754277-25761141,enhancer_hit,single
Zfhx3_Forebrain_Any,chr8:107819177-107822781_chr8:107938710-107953012,enhancer_hit,
Zfhx3_Forebrain_Any,chr8:107938710-107953012_chr8:108754676-108756725,enhancer_hit,single
Zfhx3_Forebrain_E11.5,chr8:107819177-107822781_chr8:107938710-107953012,enhancer_hit,
Zfhx3_Forebrain_E11.5,chr8:107938710-107953012_chr8:108754676-108756725,enhancer_hit,single
Zfhx3_Limb_Any,chr8:107819177-107822781_chr8:107938710-107953012,enhancer_hit,
Zfhx3_Limb_Any,chr8:107819177-107822781_chr8:108976611-108979609,enhancer_hit,
Zfhx3_Limb_Any,chr8:107824194-107825357_chr8:108976611-108979609,enhancer_hit,
Zfhx3_Limb_Any,chr8:107864064-107868354_chr8:108039845-108040852,enhancer_hit,
Zfhx3_Limb_Any,chr8:107938710-107953012_chr8:108754676-108756725,enhancer_hit,single
Zfhx3_Limb_E11.5,chr8:107819177-107822781_chr8:107938710-107953012,enhancer_hit,
Zfhx3_Limb_E11.5,chr8:107819177-107822781_chr8:108976611-108979609,enhancer_hit,
Zfhx3_Limb_E11.5,chr8:107824194-107825357_chr8:108976611-108979609,enhancer_hit,
Zfhx3_Limb_E11.5,chr8:107938710-107953012_chr8:108754676-108756725,enhancer_hit,single
Zfp105_Forebrain_Any,chr9:121319143-121322554_chr9:121328308-121339111,enhancer_hit,single
Zfp105_Forebrain_E11.5,chr9:121319143-121322554_chr9:121328308-121339111,enhancer_hit,single
Zfp105_Heart_Any,chr9:121319143-121322554_chr9:121328308-121339111,enhancer_hit,single
Zfp105_Limb_Any,chr9:121319143-121322554_chr9:121328308-121339111,enhancer_hit,single
Zfp105_Limb_E11.5,chr9:121319143-121322554_chr9:121328308-121339111,enhancer_hit,single
Zfp202_Forebrain_Any,chr9:40615569-40618377_chr9:40636505-40639694,enhancer_hit,single
Zfp202_Forebrain_E11.5,chr9:40615569-40618377_chr9:40636505-40639694,enhancer_hit,single
Zfp341_Forebrain_Any,chr2:153495289-153499471_chr2:153607089-153613288,enhancer_hit,single
Zfp341_Forebrain_E11.5,chr2:153495289-153499471_chr2:153607089-153613288,enhancer_hit,single
Zfp341_Heart_Any,chr2:153495289-153499471_chr2:153607089-153613288,enhancer_hit,single
Zfp341_Heart_E11.5,chr2:153495289-153499471_chr2:153607089-153613288,enhancer_hit,single
Zfp36_Limb_Any,chr7:28341219-28342814_chr7:28374994-28376755,enhancer_hit,single
Zfp36_Limb_E11.5,chr7:28341219-28342814_chr7:28374994-28376755,enhancer_hit,single
Zfp36l1_Forebrain_Any,chr12:79529932-79536826_chr12:79901307-79908359,enhancer_hit,
Zfp36l1_Forebrain_E11.5,chr12:79529932-79536826_chr12:79901307-79908359,enhancer_hit,
Zfp36l1_Heart_Any,chr12:79351729-79358532_chr12:79381372-79386089,enhancer_hit,
Zfp36l1_Heart_Any,chr12:79381372-79386089_chr12:79428754-79431875,enhancer_hit,
Zfp36l1_Heart_Any,chr12:79381372-79386089_chr12:79726182-79727182,enhancer_hit,
Zfp36l1_Heart_Any,chr12:79381372-79386089_chr12:79754793-79763896,enhancer_hit,
Zfp36l1_Heart_Any,chr12:79381372-79386089_chr12:79901307-79908359,enhancer_hit,
Zfp36l1_Heart_Any,chr12:79386805-79390485_chr12:79734857-79736504,enhancer_hit,single
Zfp36l1_Heart_Any,chr12:79386805-79390485_chr12:79901307-79908359,enhancer_hit,single
Zfp36l1_Heart_Any,chr12:79386805-79390485_chr12:79973403-79976833,enhancer_hit,single
Zfp36l1_Heart_Any,chr12:79529932-79536826_chr12:79597183-79603356,enhancer_hit,
Zfp36l1_Heart_Any,chr12:79529932-79536826_chr12:79901307-79908359,enhancer_hit,
Zfp36l1_Heart_Any,chr12:79529932-79536826_chr12:79973403-79976833,enhancer_hit,
Zfp36l1_Heart_Any,chr12:79597183-79603356_chr12:79901307-79908359,enhancer_hit,
Zfp36l1_Heart_Any,chr12:79597183-79603356_chr12:79973403-79976833,enhancer_hit,single
Zfp36l1_Heart_Any,chr12:79734857-79736504_chr12:79829842-79832036,enhancer_hit,single
Zfp36l1_Heart_Any,chr12:79734857-79736504_chr12:79901307-79908359,enhancer_hit,
Zfp36l1_Heart_Any,chr12:79734857-79736504_chr12:79973403-79976833,enhancer_hit,
Zfp36l1_Heart_Any,chr12:79901307-79908359_chr12:79973403-79976833,enhancer_hit,
Zfp36l1_Heart_E11.5,chr12:79386805-79390485_chr12:79901307-79908359,enhancer_hit,single
Zfp36l1_Heart_E11.5,chr12:79386805-79390485_chr12:79973403-79976833,enhancer_hit,single
Zfp36l1_Heart_E11.5,chr12:79529932-79536826_chr12:79597183-79603356,enhancer_hit,
Zfp36l1_Heart_E11.5,chr12:79529932-79536826_chr12:79901307-79908359,enhancer_hit,
Zfp36l1_Heart_E11.5,chr12:79529932-79536826_chr12:79973403-79976833,enhancer_hit,
Zfp36l1_Heart_E11.5,chr12:79597183-79603356_chr12:79901307-79908359,enhancer_hit,
Zfp36l1_Heart_E11.5,chr12:79597183-79603356_chr12:79973403-79976833,enhancer_hit,single
Zfp36l1_Heart_E11.5,chr12:79901307-79908359_chr12:79973403-79976833,enhancer_hit,
Zfp36l1_Limb_Any,chr12:79340346-79341356_chr12:79529932-79536826,enhancer_hit,
Zfp36l1_Limb_Any,chr12:79340346-79341356_chr12:79556924-79561548,enhancer_hit,
Zfp36l1_Limb_Any,chr12:79340346-79341356_chr12:79734857-79736504,enhancer_hit,single
Zfp36l1_Limb_Any,chr12:79340346-79341356_chr12:79829842-79832036,enhancer_hit,single
Zfp36l1_Limb_Any,chr12:79340346-79341356_chr12:79901307-79908359,enhancer_hit,
Zfp36l1_Limb_Any,chr12:79340346-79341356_chr12:79973403-79976833,enhancer_hit,single
Zfp36l1_Limb_Any,chr12:79345767-79347817_chr12:79734857-79736504,enhancer_hit,
Zfp36l1_Limb_Any,chr12:79345767-79347817_chr12:79973403-79976833,enhancer_hit,single
Zfp36l1_Limb_Any,chr12:79351729-79358532_chr12:79381372-79386089,enhancer_hit,
Zfp36l1_Limb_Any,chr12:79381372-79386089_chr12:79428754-79431875,enhancer_hit,
Zfp36l1_Limb_Any,chr12:79381372-79386089_chr12:79754793-79763896,enhancer_hit,
Zfp36l1_Limb_Any,chr12:79381372-79386089_chr12:79901307-79908359,enhancer_hit,
Zfp36l1_Limb_Any,chr12:79386805-79390485_chr12:79734857-79736504,enhancer_hit,single
Zfp36l1_Limb_Any,chr12:79386805-79390485_chr12:79901307-79908359,enhancer_hit,single
Zfp36l1_Limb_Any,chr12:79386805-79390485_chr12:79973403-79976833,enhancer_hit,single
Zfp36l1_Limb_Any,chr12:79523772-79527674_chr12:79556924-79561548,enhancer_hit,
Zfp36l1_Limb_Any,chr12:79529932-79536826_chr12:79597183-79603356,enhancer_hit,
Zfp36l1_Limb_Any,chr12:79529932-79536826_chr12:79885541-79888838,enhancer_hit,
Zfp36l1_Limb_Any,chr12:79529932-79536826_chr12:79901307-79908359,enhancer_hit,
Zfp36l1_Limb_Any,chr12:79529932-79536826_chr12:79973403-79976833,enhancer_hit,
Zfp36l1_Limb_Any,chr12:79556924-79561548_chr12:79734857-79736504,enhancer_hit,single
Zfp36l1_Limb_Any,chr12:79556924-79561548_chr12:79901307-79908359,enhancer_hit,single
Zfp36l1_Limb_Any,chr12:79556924-79561548_chr12:79973403-79976833,enhancer_hit,
Zfp36l1_Limb_Any,chr12:79597183-79603356_chr12:79901307-79908359,enhancer_hit,
Zfp36l1_Limb_Any,chr12:79597183-79603356_chr12:79973403-79976833,enhancer_hit,single
Zfp36l1_Limb_Any,chr12:79734857-79736504_chr12:79829842-79832036,enhancer_hit,single
Zfp36l1_Limb_Any,chr12:79734857-79736504_chr12:79901307-79908359,enhancer_hit,
Zfp36l1_Limb_Any,chr12:79734857-79736504_chr12:79973403-79976833,enhancer_hit,
Zfp36l1_Limb_Any,chr12:79885541-79888838_chr12:79901307-79908359,enhancer_hit,single
Zfp36l1_Limb_Any,chr12:79885541-79888838_chr12:79973403-79976833,enhancer_hit,single
Zfp36l1_Limb_Any,chr12:79901307-79908359_chr12:79973403-79976833,enhancer_hit,
Zfp36l1_Limb_E11.5,chr12:79386805-79390485_chr12:79734857-79736504,enhancer_hit,single
Zfp36l1_Limb_E11.5,chr12:79386805-79390485_chr12:79901307-79908359,enhancer_hit,single
Zfp36l1_Limb_E11.5,chr12:79386805-79390485_chr12:79973403-79976833,enhancer_hit,single
Zfp36l1_Limb_E11.5,chr12:79529932-79536826_chr12:79597183-79603356,enhancer_hit,
Zfp36l1_Limb_E11.5,chr12:79529932-79536826_chr12:79885541-79888838,enhancer_hit,
Zfp36l1_Limb_E11.5,chr12:79529932-79536826_chr12:79901307-79908359,enhancer_hit,
Zfp36l1_Limb_E11.5,chr12:79529932-79536826_chr12:79973403-79976833,enhancer_hit,
Zfp36l1_Limb_E11.5,chr12:79597183-79603356_chr12:79901307-79908359,enhancer_hit,
Zfp36l1_Limb_E11.5,chr12:79597183-79603356_chr12:79973403-79976833,enhancer_hit,single
Zfp36l1_Limb_E11.5,chr12:79734857-79736504_chr12:79829842-79832036,enhancer_hit,single
Zfp36l1_Limb_E11.5,chr12:79734857-79736504_chr12:79901307-79908359,enhancer_hit,
Zfp36l1_Limb_E11.5,chr12:79734857-79736504_chr12:79973403-79976833,enhancer_hit,
Zfp36l1_Limb_E11.5,chr12:79885541-79888838_chr12:79901307-79908359,enhancer_hit,single
Zfp36l1_Limb_E11.5,chr12:79885541-79888838_chr12:79973403-79976833,enhancer_hit,single
Zfp36l1_Limb_E11.5,chr12:79901307-79908359_chr12:79973403-79976833,enhancer_hit,
Zfp36l2_Heart_Any,chr17:83968685-83970489_chr17:84418641-84423558,enhancer_hit,single
Zfp36l2_Limb_Any,chr17:83968685-83970489_chr17:84418641-84423558,enhancer_hit,single
Zfp36l2_Limb_E11.5,chr17:83968685-83970489_chr17:84418641-84423558,enhancer_hit,single
Zfp395_Heart_Any,chr14:65378320-65383314_chr14:65899160-65901938,enhancer_hit,single
Zfp395_Heart_E11.5,chr14:65378320-65383314_chr14:65899160-65901938,enhancer_hit,single
Zfp423_Forebrain_Any,chr8:87684617-87693165_chr8:87740746-87748298,enhancer_hit,single
Zfp423_Forebrain_Any,chr8:87715272-87721083_chr8:87891263-87893235,enhancer_hit,single
Zfp423_Forebrain_E11.5,chr8:87684617-87693165_chr8:87740746-87748298,enhancer_hit,single
Zfp423_Forebrain_E11.5,chr8:87715272-87721083_chr8:87891263-87893235,enhancer_hit,single
Zfp423_Limb_Any,chr8:87684617-87693165_chr8:87740746-87748298,enhancer_hit,single
Zfp423_Limb_Any,chr8:87715272-87721083_chr8:87891263-87893235,enhancer_hit,single
Zfp423_Limb_E11.5,chr8:87684617-87693165_chr8:87740746-87748298,enhancer_hit,single
Zfp423_Limb_E11.5,chr8:87715272-87721083_chr8:87891263-87893235,enhancer_hit,single
Zfp503_Limb_Any,chr14:22089197-22092032_chr14:23520076-23525562,enhancer_hit,
Zfp503_Limb_Any,chr14:23490482-23495753_chr14:23520076-23525562,enhancer_hit,
Zfp503_Limb_E11.5,chr14:22089197-22092032_chr14:23520076-23525562,enhancer_hit,
Zfp521_Forebrain_Any,chr18:13031185-13033260_chr18:13703109-13708169,enhancer_hit,
Zfp521_Limb_Any,chr18:13031185-13033260_chr18:13703109-13708169,enhancer_hit,
Zfp532_Limb_Any,chr18:65518746-65524328_chr18:65548845-65550654,enhancer_hit,double
Zfp532_Limb_E11.5,chr18:65518746-65524328_chr18:65548845-65550654,enhancer_hit,double
Zfp536_Forebrain_Any,chr7:37623124-37628937_chr7:37723305-37725138,enhancer_hit,single
Zfp536_Forebrain_E11.5,chr7:37623124-37628937_chr7:37723305-37725138,enhancer_hit,single
Zfp608_Forebrain_Any,chr18:54173625-54176498_chr18:54905236-54913882,enhancer_hit,
Zfp608_Forebrain_Any,chr18:54898810-54903746_chr18:54951709-54958931,enhancer_hit,single
Zfp608_Forebrain_E11.5,chr18:54173625-54176498_chr18:54905236-54913882,enhancer_hit,
Zfp608_Forebrain_E11.5,chr18:54898810-54903746_chr18:54951709-54958931,enhancer_hit,single
Zfp608_Heart_Any,chr18:54173625-54176498_chr18:54905236-54913882,enhancer_hit,single
Zfp608_Heart_Any,chr18:54898810-54903746_chr18:54951709-54958931,enhancer_hit,single
Zfp608_Heart_E11.5,chr18:54898810-54903746_chr18:54951709-54958931,enhancer_hit,single
Zfp608_Limb_Any,chr18:54898810-54903746_chr18:54951709-54958931,enhancer_hit,single
Zfp608_Limb_E11.5,chr18:54898810-54903746_chr18:54951709-54958931,enhancer_hit,single
Zfp703_Limb_Any,chr8:26384014-26386012_chr8:26847482-26849700,enhancer_hit,single
Zfp703_Limb_Any,chr8:26803901-26806165_chr8:27007785-27010795,enhancer_hit,single
Zfp703_Limb_E11.5,chr8:26384014-26386012_chr8:26847482-26849700,enhancer_hit,single
Zfp703_Limb_E11.5,chr8:26803901-26806165_chr8:27007785-27010795,enhancer_hit,single
Zfp704_Forebrain_Any,chr3:9203077-9205357_chr3:9495549-9501674,enhancer_hit,
Zfp809_Heart_Any,chr9:21841980-21844034_chr9:22095601-22096601,enhancer_hit,single
Zfp839_Heart_Any,chr12:110464534-110465610_chr12:110508506-110514003,enhancer_hit,single
Zfp839_Heart_Any,chr12:110508506-110514003_chr12:110608160-110609671,enhancer_hit,single
Zfp839_Heart_Any,chr12:110508506-110514003_chr12:110687026-110689351,enhancer_hit,
Zfp839_Heart_Any,chr12:110531973-110534858_chr12:110608160-110609671,enhancer_hit,double
Zfp839_Heart_Any,chr12:110531973-110534858_chr12:110687026-110689351,enhancer_hit,single
Zfp839_Heart_Any,chr12:110608160-110609671_chr12:110687026-110689351,enhancer_hit,single
Zfp839_Heart_E11.5,chr12:110464534-110465610_chr12:110508506-110514003,enhancer_hit,single
Zfp839_Heart_E11.5,chr12:110508506-110514003_chr12:110608160-110609671,enhancer_hit,single
Zfp839_Heart_E11.5,chr12:110508506-110514003_chr12:110687026-110689351,enhancer_hit,
Zfp839_Heart_E11.5,chr12:110531973-110534858_chr12:110608160-110609671,enhancer_hit,double
Zfp839_Heart_E11.5,chr12:110531973-110534858_chr12:110687026-110689351,enhancer_hit,single
Zfp839_Heart_E11.5,chr12:110608160-110609671_chr12:110687026-110689351,enhancer_hit,single
Zfp846_Forebrain_Any,chr9:20681854-20682854_chr9:20712469-20714575,enhancer_hit,single
Zfp846_Forebrain_E11.5,chr9:20681854-20682854_chr9:20712469-20714575,enhancer_hit,single
Zfpm1_Forebrain_Any,chr8:120490946-120496055_chr8:120496591-120503162,enhancer_hit,single
Zfpm1_Forebrain_Any,chr8:120490946-120496055_chr8:122284640-122333750,enhancer_hit,
Zfpm1_Forebrain_Any,chr8:120496591-120503162_chr8:122284640-122333750,enhancer_hit,
Zfpm1_Forebrain_Any,chr8:120496591-120503162_chr8:123977342-123980622,enhancer_hit,single
Zfpm1_Forebrain_Any,chr8:122284640-122333750_chr8:123977342-123980622,enhancer_hit,single
Zfpm1_Forebrain_E11.5,chr8:120490946-120496055_chr8:120496591-120503162,enhancer_hit,single
Zfpm1_Forebrain_E11.5,chr8:120490946-120496055_chr8:122284640-122333750,enhancer_hit,
Zfpm1_Forebrain_E11.5,chr8:120496591-120503162_chr8:122284640-122333750,enhancer_hit,
Zfpm1_Forebrain_E11.5,chr8:120496591-120503162_chr8:123977342-123980622,enhancer_hit,single
Zfpm1_Forebrain_E11.5,chr8:122284640-122333750_chr8:123977342-123980622,enhancer_hit,single
Zfpm1_Heart_Any,chr8:119669093-119671753_chr8:120490946-120496055,enhancer_hit,single
Zfpm1_Heart_Any,chr8:119669093-119671753_chr8:120496591-120503162,enhancer_hit,single
Zfpm1_Heart_Any,chr8:119669093-119671753_chr8:120541195-120545572,enhancer_hit,
Zfpm1_Heart_Any,chr8:119669093-119671753_chr8:122284640-122333750,enhancer_hit,single
Zfpm1_Heart_Any,chr8:119669093-119671753_chr8:123977342-123980622,enhancer_hit,single
Zfpm1_Heart_Any,chr8:119669093-119671753_chr8:123999499-124000513,enhancer_hit,single
Zfpm1_Heart_Any,chr8:119669093-119671753_chr8:124211693-124213493,enhancer_hit,single
Zfpm1_Heart_Any,chr8:120490946-120496055_chr8:120496591-120503162,enhancer_hit,single
Zfpm1_Heart_Any,chr8:120490946-120496055_chr8:120541195-120545572,enhancer_hit,single
Zfpm1_Heart_Any,chr8:120490946-120496055_chr8:122284640-122333750,enhancer_hit,
Zfpm1_Heart_Any,chr8:120496591-120503162_chr8:120541195-120545572,enhancer_hit,single
Zfpm1_Heart_Any,chr8:120496591-120503162_chr8:122284640-122333750,enhancer_hit,
Zfpm1_Heart_Any,chr8:120496591-120503162_chr8:123977342-123980622,enhancer_hit,single
Zfpm1_Heart_Any,chr8:120496591-120503162_chr8:123999499-124000513,enhancer_hit,single
Zfpm1_Heart_Any,chr8:120496591-120503162_chr8:124211693-124213493,enhancer_hit,single
Zfpm1_Heart_Any,chr8:120541195-120545572_chr8:122284640-122333750,enhancer_hit,single
Zfpm1_Heart_Any,chr8:120541195-120545572_chr8:123977342-123980622,enhancer_hit,single
Zfpm1_Heart_Any,chr8:120541195-120545572_chr8:123999499-124000513,enhancer_hit,single
Zfpm1_Heart_Any,chr8:120541195-120545572_chr8:124211693-124213493,enhancer_hit,
Zfpm1_Heart_Any,chr8:122284640-122333750_chr8:123977342-123980622,enhancer_hit,single
Zfpm1_Heart_Any,chr8:122284640-122333750_chr8:123999499-124000513,enhancer_hit,single
Zfpm1_Heart_Any,chr8:122284640-122333750_chr8:124211693-124213493,enhancer_hit,
Zfpm1_Heart_Any,chr8:123977342-123980622_chr8:123999499-124000513,enhancer_hit,single
Zfpm1_Heart_Any,chr8:123977342-123980622_chr8:124211693-124213493,enhancer_hit,single
Zfpm1_Heart_E11.5,chr8:119669093-119671753_chr8:120490946-120496055,enhancer_hit,single
Zfpm1_Heart_E11.5,chr8:119669093-119671753_chr8:120496591-120503162,enhancer_hit,single
Zfpm1_Heart_E11.5,chr8:119669093-119671753_chr8:120541195-120545572,enhancer_hit,
Zfpm1_Heart_E11.5,chr8:119669093-119671753_chr8:122284640-122333750,enhancer_hit,single
Zfpm1_Heart_E11.5,chr8:119669093-119671753_chr8:123977342-123980622,enhancer_hit,single
Zfpm1_Heart_E11.5,chr8:119669093-119671753_chr8:124211693-124213493,enhancer_hit,single
Zfpm1_Heart_E11.5,chr8:120490946-120496055_chr8:120496591-120503162,enhancer_hit,single
Zfpm1_Heart_E11.5,chr8:120490946-120496055_chr8:120541195-120545572,enhancer_hit,single
Zfpm1_Heart_E11.5,chr8:120490946-120496055_chr8:122284640-122333750,enhancer_hit,
Zfpm1_Heart_E11.5,chr8:120496591-120503162_chr8:120541195-120545572,enhancer_hit,single
Zfpm1_Heart_E11.5,chr8:120496591-120503162_chr8:122284640-122333750,enhancer_hit,
Zfpm1_Heart_E11.5,chr8:120496591-120503162_chr8:123977342-123980622,enhancer_hit,single
Zfpm1_Heart_E11.5,chr8:120496591-120503162_chr8:124211693-124213493,enhancer_hit,single
Zfpm1_Heart_E11.5,chr8:120541195-120545572_chr8:122284640-122333750,enhancer_hit,single
Zfpm1_Heart_E11.5,chr8:120541195-120545572_chr8:123977342-123980622,enhancer_hit,single
Zfpm1_Heart_E11.5,chr8:120541195-120545572_chr8:124211693-124213493,enhancer_hit,
Zfpm1_Heart_E11.5,chr8:122284640-122333750_chr8:123977342-123980622,enhancer_hit,single
Zfpm1_Heart_E11.5,chr8:122284640-122333750_chr8:124211693-124213493,enhancer_hit,
Zfpm1_Heart_E11.5,chr8:123977342-123980622_chr8:124211693-124213493,enhancer_hit,single
Zfyve21_Heart_Any,chr12:111005328-111010629_chr12:111816669-111819562,enhancer_hit,single
Zfyve21_Heart_Any,chr12:111005328-111010629_chr12:112819032-112820491,enhancer_hit,single
Zfyve21_Heart_Any,chr12:111093360-111094917_chr12:112819032-112820491,enhancer_hit,
Zic1_Forebrain_Any,chr9:91349809-91363268_chr9:91381141-91388906,enhancer_hit,single
Zic1_Forebrain_E11.5,chr9:91349809-91363268_chr9:91381141-91388906,enhancer_hit,single
Zmiz1_Forebrain_Any,chr14:24997040-24999567_chr14:25014345-25017702,enhancer_hit,
Zmiz1_Forebrain_E11.5,chr14:24997040-24999567_chr14:25014345-25017702,enhancer_hit,
Zmiz1_Heart_Any,chr14:24997040-24999567_chr14:25014345-25017702,enhancer_hit,
Zmiz1_Heart_Any,chr14:25014345-25017702_chr14:25066863-25069445,enhancer_hit,
Zmiz1_Limb_Any,chr14:24997040-24999567_chr14:25014345-25017702,enhancer_hit,
Zmiz1_Limb_Any,chr14:25014345-25017702_chr14:25066863-25069445,enhancer_hit,
Zmiz1_Limb_E11.5,chr14:24997040-24999567_chr14:25014345-25017702,enhancer_hit,
Zmiz1_Limb_E11.5,chr14:25014345-25017702_chr14:25066863-25069445,enhancer_hit,
1110038F14Rik_Heart_Any,chr15:77295287-77297122_chr15:77347563-77348563,flank,double
1500004A13Rik_Forebrain_Any,chr3:88093929-88095089_chr3:88755419-88759380,flank,double
1700001O22Rik_Heart_Any,chr2:30453231-30454231_chr2:30756294-30761662,flank,double
1700017B05Rik_Heart_Any,chr9:57277430-57280049_chr9:58231482-58233559,flank,double
1700017B05Rik_Heart_E11.5,chr9:57277430-57280049_chr9:58231482-58233559,flank,double
1700042O10Rik_Limb_Any,chr11:11861755-11865622_chr11:11907183-11908539,flank,double
2010111I01Rik_Heart_Any,chr13:62977924-62981080_chr13:63292961-63294647,flank,double
2010111I01Rik_Limb_Any,chr13:62977924-62981080_chr13:63292961-63294647,flank,double
2500004C02Rik_Heart_Any,chr2:153304819-153306014_chr2:153749731-153750731,flank,double
2500004C02Rik_Heart_Any,chr2:153304819-153306014_chr2:154396034-154397346,flank,double
2500004C02Rik_Heart_Any,chr2:153749731-153750731_chr2:154396034-154397346,flank,double
2500004C02Rik_Heart_Any,chr2:153749731-153750731_chr2:154438994-154440929,flank,double
2510009E07Rik_Forebrain_Any,chr16:21607196-21609855_chr16:22097621-22098621,flank,double
2610035F20Rik_Limb_Any,chr14:122401324-122407670_chr14:122413152-122414152,flank,double
2610035F20Rik_Limb_E11.5,chr14:122401324-122407670_chr14:122413152-122414152,flank,double
2610307P16Rik_Forebrain_Any,chr13:28633114-28634292_chr13:28786364-28788320,flank,double
2610307P16Rik_Forebrain_E11.5,chr13:28633114-28634292_chr13:28786364-28788320,flank,double
2610307P16Rik_Limb_Any,chr13:28633114-28634292_chr13:28786364-28788320,flank,double
2610307P16Rik_Limb_E11.5,chr13:28633114-28634292_chr13:28786364-28788320,flank,double
2610524H06Rik_Forebrain_Any,chr5:114545033-114546043_chr5:115475245-115476656,flank,double
4930577N17Rik_Heart_Any,chr3:51194768-51198150_chr3:51302464-51303578,flank,double
6330403A02Rik_Forebrain_Any,chr1:180519711-180521010_chr1:180541146-180542953,flank,double
8430429K09Rik_Forebrain_Any,chr11:4471960-4473555_chr11:4760833-4763407,flank,double
9130011E15Rik_Heart_Any,chr19:45853957-45856375_chr19:45863220-45864220,flank,double
9130011E15Rik_Heart_Any,chr19:45863220-45864220_chr19:45901556-45904454,flank,double
9530068E07Rik_Heart_Any,chr11:52011184-52012317_chr11:52408234-52410385,flank,double
Abcb10_Heart_Any,chr8:122604635-122605669_chr8:123446615-123447725,flank,double
Acaca_Forebrain_Any,chr11:84042215-84044471_chr11:84495611-84497448,flank,double
Acaca_Forebrain_E11.5,chr11:84042215-84044471_chr11:84495611-84497448,flank,double
Acad12_Heart_Any,chr5:121685006-121687501_chr5:121823462-121825171,flank,double
Acad12_Heart_Any,chr5:121823462-121825171_chr5:122090978-122098450,flank,double
Acad12_Heart_E11.5,chr5:121685006-121687501_chr5:121823462-121825171,flank,double
Acad12_Heart_E11.5,chr5:121823462-121825171_chr5:122090978-122098450,flank,double
Acads_Heart_Any,chr5:115165774-115168344_chr5:115312137-115314252,flank,double
Acads_Heart_E11.5,chr5:115165774-115168344_chr5:115312137-115314252,flank,double
Ackr2_Forebrain_Any,chr9:121296889-121301968_chr9:121309455-121318573,flank,double
Ackr2_Forebrain_E11.5,chr9:121296889-121301968_chr9:121309455-121318573,flank,double
Ackr2_Heart_Any,chr9:121296889-121301968_chr9:121309455-121318573,flank,double
Ackr2_Heart_E11.5,chr9:121296889-121301968_chr9:121309455-121318573,flank,double
Ackr2_Limb_Any,chr9:121296889-121301968_chr9:121309455-121318573,flank,double
Acot11_Heart_Any,chr4:107273724-107274868_chr4:107374189-107375189,flank,double
Actn1_Heart_Any,chr12:80270125-80271636_chr12:80360246-80361413,flank,double
Actn4_Limb_Any,chr7:28848899-28850894_chr7:28866728-28867945,flank,double
Adamts9_Heart_Any,chr6:92827068-92828646_chr6:94466921-94467921,flank,double
Adcy6_Heart_Any,chr15:100118643-100119643_chr15:100236730-100238248,flank,double
Adcy6_Heart_Any,chr15:100236730-100238248_chr15:100627224-100629937,flank,double
Adcy6_Heart_Any,chr15:98614148-98617389_chr15:100236730-100238248,flank,double
Adcy6_Heart_Any,chr15:99363735-99365635_chr15:100236730-100238248,flank,double
Adcy6_Heart_E11.5,chr15:100236730-100238248_chr15:100627224-100629937,flank,double
Adcy6_Heart_E11.5,chr15:98614148-98617389_chr15:100236730-100238248,flank,double
Aebp1_Heart_Any,chr11:5851002-5852002_chr11:5855429-5856920,flank,double
Ahdc1_Forebrain_Any,chr4:132982204-132984933_chr4:133002172-133004447,flank,double
Ahdc1_Heart_Any,chr4:132982204-132984933_chr4:133002172-133004447,flank,double
Ahdc1_Heart_E11.5,chr4:132982204-132984933_chr4:133002172-133004447,flank,double
Aif1l_Heart_Any,chr2:31726806-31730129_chr2:31756335-31757442,flank,double
Aif1l_Heart_Any,chr2:31726806-31730129_chr2:32103465-32106629,flank,double
Aif1l_Heart_Any,chr2:31756335-31757442_chr2:32103465-32106629,flank,double
Aif1l_Heart_Any,chr2:31756335-31757442_chr2:32837730-32839890,flank,double
Aif1l_Heart_Any,chr2:32103465-32106629_chr2:32837730-32839890,flank,double
Aif1l_Heart_E11.5,chr2:31726806-31730129_chr2:31756335-31757442,flank,double
Aif1l_Heart_E11.5,chr2:31726806-31730129_chr2:32103465-32106629,flank,double
Aif1l_Heart_E11.5,chr2:31756335-31757442_chr2:32103465-32106629,flank,double
Aif1l_Heart_E11.5,chr2:31756335-31757442_chr2:32837730-32839890,flank,double
Aif1l_Heart_E11.5,chr2:32103465-32106629_chr2:32837730-32839890,flank,double
Aifm2_Heart_Any,chr10:61751063-61752590_chr10:62795701-62796897,flank,double
Aifm2_Heart_Any,chr10:62795701-62796897_chr10:62854446-62856995,flank,double
Akap2_Heart_Any,chr4:57750909-57751909_chr4:57757510-57758510,flank,double
Akap2_Heart_Any,chr4:57754660-57755909_chr4:57827968-57830030,flank,double
Akap2_Heart_Any,chr4:57754660-57755909_chr4:57832518-57835708,flank,double
Akap2_Heart_E11.5,chr4:57754660-57755909_chr4:57827968-57830030,flank,double
Akap2_Heart_E11.5,chr4:57754660-57755909_chr4:57832518-57835708,flank,double
Akip1_Heart_Any,chr7:109565724-109569436_chr7:109635047-109638483,flank,double
Akt3_Forebrain_Any,chr1:177002887-177005365_chr1:177337607-177339718,flank,double
Amer2_Forebrain_Any,chr14:60398212-60400225_chr14:60401884-60403767,flank,double
Apba2_Forebrain_Any,chr7:64521389-64522825_chr7:64579224-64581454,flank,double
Arfgef2_Heart_Any,chr2:166869921-166871447_chr2:166973920-166978491,flank,double
Arfgef2_Heart_Any,chr2:166869921-166871447_chr2:167048064-167049765,flank,double
Arfgef2_Heart_E11.5,chr2:166869921-166871447_chr2:166973920-166978491,flank,double
Arfgef2_Heart_E11.5,chr2:166869921-166871447_chr2:167048064-167049765,flank,double
Arhgef19_Heart_Any,chr4:141352442-141354528_chr4:141733979-141735644,flank,double
Arhgef19_Limb_Any,chr4:141551960-141552960_chr4:141733979-141735644,flank,double
Arid3a_Heart_Any,chr10:80079709-80082417_chr10:80552511-80555103,flank,double
Arid3a_Heart_E11.5,chr10:80079709-80082417_chr10:80552511-80555103,flank,double
Arl4d_Forebrain_Any,chr11:101668040-101669997_chr11:101686405-101691425,flank,double
Arl4d_Forebrain_Any,chr11:101679240-101681459_chr11:101686405-101691425,flank,double
Arl4d_Heart_Any,chr11:101668040-101669997_chr11:101686405-101691425,flank,double
Arl4d_Heart_Any,chr11:101679240-101681459_chr11:101686405-101691425,flank,double
Arl4d_Heart_E11.5,chr11:101668040-101669997_chr11:101686405-101691425,flank,double
Arl4d_Heart_E11.5,chr11:101679240-101681459_chr11:101686405-101691425,flank,double
Atoh8_Heart_Any,chr6:71987406-71992819_chr6:72090979-72093381,flank,double
Atoh8_Heart_E11.5,chr6:71987406-71992819_chr6:72090979-72093381,flank,double
Atoh8_Limb_Any,chr6:71987406-71992819_chr6:72090979-72093381,flank,double
Atp1b2_Forebrain_Any,chr11:69010960-69013008_chr11:69456784-69458081,flank,double
Atp1b2_Heart_Any,chr11:69010960-69013008_chr11:69456784-69458081,flank,double
Atp1b2_Heart_E11.5,chr11:69010960-69013008_chr11:69456784-69458081,flank,double
Atp6v0e_Heart_Any,chr17:25913160-25915033_chr17:26876963-26880393,flank,double
B3gnt3_Heart_Any,chr8:70678553-70680740_chr8:70687172-70688431,flank,double
B430212C06Rik_Heart_Any,chr18:67334686-67337671_chr18:67650196-67651906,flank,double
B430212C06Rik_Heart_E11.5,chr18:67334686-67337671_chr18:67650196-67651906,flank,double
B4galt1_Heart_Any,chr4:40780713-40782487_chr4:40835336-40841188,flank,double
B4galt1_Heart_Any,chr4:40780713-40782487_chr4:40868183-40875172,flank,double
B4galt1_Heart_Any,chr4:40780713-40782487_chr4:40876108-40878340,flank,double
B4galt1_Heart_Any,chr4:40780713-40782487_chr4:41054477-41057926,flank,double
B4galt1_Heart_Any,chr4:40876108-40878340_chr4:41054477-41057926,flank,double
BC028528_Heart_Any,chr3:95120754-95122013_chr3:95955729-95959338,flank,double
BC028528_Heart_E11.5,chr3:95120754-95122013_chr3:95955729-95959338,flank,double
Bcam_Heart_Any,chr7:19753004-19757542_chr7:19938766-19941413,flank,double
Bcam_Heart_E11.5,chr7:19753004-19757542_chr7:19938766-19941413,flank,double
Bcap29_Heart_Any,chr12:31592812-31594173_chr12:31913342-31914342,flank,double
Bik_Heart_Any,chr15:83070269-83071763_chr15:83470856-83472648,flank,double
Bmi1_Forebrain_Any,chr2:17880646-17881908_chr2:17931678-17934387,flank,double
Bmi1_Forebrain_E11.5,chr2:17880646-17881908_chr2:17931678-17934387,flank,double
Bmi1_Heart_Any,chr2:17880646-17881908_chr2:17931678-17934387,flank,double
Bpifb5_Forebrain_Any,chr2:154453788-154456648_chr2:154580529-154581529,flank,double
Bpifb5_Heart_Any,chr2:153139329-153140876_chr2:154453788-154456648,flank,double
Bpifb5_Heart_Any,chr2:154453788-154456648_chr2:154580529-154581529,flank,double
C330013E15Rik_Heart_Any,chr15:98713845-98714943_chr15:100080335-100085299,flank,double
C430049B03Rik_Limb_Any,chrX:51814495-51815495_chrX:53195955-53198920,flank,double
C430049B03Rik_Limb_E11.5,chrX:51814495-51815495_chrX:53195955-53198920,flank,double
Cacnb3_Forebrain_Any,chr15:98968066-98974368_chr15:99859476-99860727,flank,double
Cacnb3_Forebrain_E11.5,chr15:98968066-98974368_chr15:99859476-99860727,flank,double
Camk2d_Heart_Any,chr3:126397353-126398681_chr3:126698452-126700204,flank,double
Camkv_Forebrain_Any,chr9:107649446-107652581_chr9:107733909-107737331,flank,double
Camkv_Limb_Any,chr9:107649446-107652581_chr9:107733909-107737331,flank,double
Capn2_Heart_Any,chr1:182054755-182055755_chr1:182086318-182092938,flank,double
Capn2_Heart_Any,chr1:182054755-182055755_chr1:182148577-182150074,flank,double
Casz1_Heart_Any,chr4:148833073-148837829_chr4:149045180-149047819,flank,double
Cbfa2t2_Forebrain_Any,chr2:154419531-154422625_chr2:154425362-154429466,flank,double
Cbfa2t2_Forebrain_Any,chr2:154419531-154422625_chr2:154464972-154466896,flank,double
Cbfa2t2_Forebrain_Any,chr2:154419531-154422625_chr2:154576331-154578424,flank,double
Cbfa2t2_Forebrain_Any,chr2:154425362-154429466_chr2:154464972-154466896,flank,double
Cbfa2t2_Forebrain_Any,chr2:154425362-154429466_chr2:154576331-154578424,flank,double
Cbfa2t2_Forebrain_Any,chr2:154464972-154466896_chr2:154576331-154578424,flank,double
Cbfa2t2_Forebrain_E11.5,chr2:154419531-154422625_chr2:154425362-154429466,flank,double
Cbfa2t2_Forebrain_E11.5,chr2:154419531-154422625_chr2:154464972-154466896,flank,double
Cbfa2t2_Forebrain_E11.5,chr2:154419531-154422625_chr2:154576331-154578424,flank,double
Cbfa2t2_Forebrain_E11.5,chr2:154425362-154429466_chr2:154464972-154466896,flank,double
Cbfa2t2_Forebrain_E11.5,chr2:154425362-154429466_chr2:154576331-154578424,flank,double
Cbfa2t2_Forebrain_E11.5,chr2:154464972-154466896_chr2:154576331-154578424,flank,double
Cbfa2t2_Limb_Any,chr2:154419531-154422625_chr2:154425362-154429466,flank,double
Ccdc167_Heart_Any,chr17:29822869-29825416_chr17:30163225-30166242,flank,double
Ccdc40_Forebrain_Any,chr11:119362107-119363759_chr11:120267764-120268764,flank,double
Ccdc62_Heart_Any,chr5:123414990-123418145_chr5:123665486-123668598,flank,double
Ccdc62_Heart_Any,chr5:123414990-123418145_chr5:124157959-124159835,flank,double
Ccdc62_Heart_Any,chr5:123414990-123418145_chr5:124293821-124294821,flank,double
Ccdc62_Heart_Any,chr5:123606966-123608212_chr5:123674392-123677288,flank,double
Ccdc62_Heart_Any,chr5:123606966-123608212_chr5:123700029-123701467,flank,double
Ccdc62_Heart_Any,chr5:123606966-123608212_chr5:124059128-124060784,flank,double
Ccdc62_Heart_Any,chr5:123606966-123608212_chr5:124293821-124294821,flank,double
Ccdc62_Heart_Any,chr5:123606966-123608212_chr5:124536571-124537794,flank,double
Ccdc62_Heart_Any,chr5:123658518-123664503_chr5:124293821-124294821,flank,double
Ccdc62_Heart_Any,chr5:123674392-123677288_chr5:123700029-123701467,flank,double
Ccdc62_Heart_Any,chr5:123674392-123677288_chr5:124059128-124060784,flank,double
Ccdc62_Heart_Any,chr5:123674392-123677288_chr5:124157959-124159835,flank,double
Ccdc62_Heart_Any,chr5:123674392-123677288_chr5:124293821-124294821,flank,double
Ccdc62_Heart_Any,chr5:123700029-123701467_chr5:124040936-124053494,flank,double
Ccdc62_Heart_Any,chr5:123700029-123701467_chr5:124059128-124060784,flank,double
Ccdc62_Heart_Any,chr5:123700029-123701467_chr5:124293821-124294821,flank,double
Ccdc62_Heart_Any,chr5:123700029-123701467_chr5:124536571-124537794,flank,double
Ccdc62_Heart_Any,chr5:124040936-124053494_chr5:124059128-124060784,flank,double
Ccdc62_Heart_Any,chr5:124040936-124053494_chr5:124293821-124294821,flank,double
Ccdc62_Heart_Any,chr5:124059128-124060784_chr5:124293821-124294821,flank,double
Ccdc62_Heart_Any,chr5:124059128-124060784_chr5:124536571-124537794,flank,double
Ccdc62_Heart_Any,chr5:124157959-124159835_chr5:124293821-124294821,flank,double
Ccdc62_Heart_Any,chr5:124157959-124159835_chr5:124536571-124537794,flank,double
Ccdc62_Heart_Any,chr5:124293821-124294821_chr5:124536571-124537794,flank,double
Ccdc62_Heart_E11.5,chr5:123606966-123608212_chr5:123700029-123701467,flank,double
Ccdc62_Heart_E11.5,chr5:123606966-123608212_chr5:124536571-124537794,flank,double
Ccdc62_Heart_E11.5,chr5:123700029-123701467_chr5:124040936-124053494,flank,double
Ccdc62_Heart_E11.5,chr5:123700029-123701467_chr5:124536571-124537794,flank,double
Ccdc77_Heart_Any,chr6:120171526-120176746_chr6:120215559-120217911,flank,double
Ccdc77_Heart_E11.5,chr6:120171526-120176746_chr6:120215559-120217911,flank,double
Cd109_Heart_Any,chr9:78845005-78846651_chr9:79637770-79638951,flank,double
Cecr2_Heart_Any,chr6:120538967-120540651_chr6:120603363-120607805,flank,double
Celf1_Forebrain_Any,chr2:90868736-90872385_chr2:90970495-90971859,flank,double
Celf1_Heart_Any,chr2:90868736-90872385_chr2:90970495-90971859,flank,double
Cep85_Heart_Any,chr4:133979623-133981854_chr4:134779251-134780281,flank,double
Chd9_Forebrain_Any,chr8:90853790-90855718_chr8:90860886-90863330,flank,double
Chd9_Forebrain_E11.5,chr8:90853790-90855718_chr8:90860886-90863330,flank,double
Chd9_Heart_Any,chr8:90853790-90855718_chr8:90860886-90863330,flank,double
Chd9_Heart_E11.5,chr8:90853790-90855718_chr8:90860886-90863330,flank,double
Chd9_Limb_Any,chr8:90853790-90855718_chr8:90858977-90860051,flank,double
Chd9_Limb_Any,chr8:90853790-90855718_chr8:90860886-90863330,flank,double
Chd9_Limb_E11.5,chr8:90853790-90855718_chr8:90858977-90860051,flank,double
Chd9_Limb_E11.5,chr8:90853790-90855718_chr8:90860886-90863330,flank,double
Chrnb1_Heart_Any,chr11:69245039-69247174_chr11:69451244-69453978,flank,double
Chrnb1_Limb_Any,chr11:69245039-69247174_chr11:69451244-69453978,flank,double
Chrnb2_Forebrain_Any,chr3:89510882-89512259_chr3:89621551-89623174,flank,double
Cib1_Heart_Any,chr7:80013343-80015329_chr7:80051550-80053949,flank,double
Clic4_Heart_Any,chr4:134292253-134295548_chr4:134298717-134302970,flank,double
Clic4_Heart_Any,chr4:134292253-134295548_chr4:134883065-134885385,flank,double
Clic4_Heart_Any,chr4:134292253-134295548_chr4:135263627-135264627,flank,double
Clic4_Heart_Any,chr4:134298717-134302970_chr4:134883065-134885385,flank,double
Clic4_Heart_Any,chr4:134883065-134885385_chr4:134936707-134939050,flank,double
Clic4_Heart_Any,chr4:134883065-134885385_chr4:135263627-135264627,flank,double
Clic4_Heart_E11.5,chr4:134292253-134295548_chr4:134298717-134302970,flank,double
Cluh_Heart_Any,chr11:74847689-74852220_chr11:75082747-75083804,flank,double
Cluh_Heart_Any,chr11:75082747-75083804_chr11:75209155-75216496,flank,double
Cnn2_Heart_Any,chr10:79839923-79842761_chr10:81334411-81336999,flank,double
Cnn2_Heart_Any,chr10:80946725-80948943_chr10:81334411-81336999,flank,double
Cnn2_Heart_E11.5,chr10:79839923-79842761_chr10:81334411-81336999,flank,double
Cnn2_Heart_E11.5,chr10:80946725-80948943_chr10:81334411-81336999,flank,double
Cnn2_Limb_Any,chr10:79839923-79842761_chr10:81334411-81336999,flank,double
Col8a2_Limb_Any,chr4:126281320-126282904_chr4:126299866-126302478,flank,double
Coro2b_Forebrain_Any,chr9:62476555-62478195_chr9:62501453-62504712,flank,double
Coro2b_Heart_Any,chr9:62476555-62478195_chr9:62501453-62504712,flank,double
Cpne5_Forebrain_Any,chr17:29175752-29177407_chr17:29228896-29230158,flank,double
Crip1_Heart_Any,chr12:111745417-111747067_chr12:111848031-111849069,flank,double
Crip1_Heart_E11.5,chr12:111745417-111747067_chr12:111848031-111849069,flank,double
Cspg4_Forebrain_Any,chr9:56151284-56153746_chr9:56494612-56510422,flank,double
Cspg4_Heart_Any,chr9:56151284-56153746_chr9:56494612-56510422,flank,double
Cspg4_Heart_Any,chr9:56494612-56510422_chr9:56516142-56517564,flank,double
Cspg4_Heart_Any,chr9:56516142-56517564_chr9:56832459-56833459,flank,double
Cspg4_Heart_Any,chr9:56516142-56517564_chr9:56834718-56836063,flank,double
Cspg4_Heart_Any,chr9:56832459-56833459_chr9:56834718-56836063,flank,double
Cspg4_Heart_E11.5,chr9:56151284-56153746_chr9:56494612-56510422,flank,double
Ctnna1_Heart_Any,chr18:35050086-35053498_chr18:35416793-35418531,flank,double
Ctnna1_Heart_Any,chr18:35129327-35131987_chr18:35416793-35418531,flank,double
Cyba_Heart_Any,chr8:122530400-122532714_chr8:122555119-122558219,flank,double
Cyba_Limb_Any,chr8:122523174-122528266_chr8:122564336-122565383,flank,double
Cyba_Limb_Any,chr8:122555119-122558219_chr8:122564336-122565383,flank,double
Cyp27a1_Heart_Any,chr1:74226998-74227998_chr1:74253636-74257417,flank,double
Cyp27a1_Heart_Any,chr1:74226998-74227998_chr1:75239114-75240168,flank,double
Cyp27a1_Heart_Any,chr1:74253636-74257417_chr1:75239114-75240168,flank,double
Cyp46a1_Forebrain_Any,chr12:108392065-108397306_chr12:108482887-108484162,flank,double
Cyp46a1_Forebrain_E11.5,chr12:108392065-108397306_chr12:108482887-108484162,flank,double
Dag1_Heart_Any,chr9:108019737-108021269_chr9:108279667-108281219,flank,double
Dbt_Heart_Any,chr3:116519856-116521176_chr3:116832054-116834211,flank,double
Dennd4a_Heart_Any,chr9:64445425-64448498_chr9:64956135-64957135,flank,double
Dennd4a_Heart_E11.5,chr9:64445425-64448498_chr9:64956135-64957135,flank,double
Des_Heart_Any,chr1:74270680-74272420_chr1:74321073-74323356,flank,double
Des_Heart_Any,chr1:74309098-74310700_chr1:74321073-74323356,flank,double
Dhh_Heart_Any,chr15:100120588-100127217_chr15:100198076-100203452,flank,double
Dhh_Heart_Any,chr15:100120588-100127217_chr15:100527768-100528768,flank,double
Dhh_Heart_Any,chr15:100198076-100203452_chr15:100527768-100528768,flank,double
Dhh_Heart_Any,chr15:99000191-99001647_chr15:100527768-100528768,flank,double
Dhh_Heart_Any,chr15:99469558-99471410_chr15:100527768-100528768,flank,double
Dhh_Heart_E11.5,chr15:100120588-100127217_chr15:100198076-100203452,flank,double
Dlc1_Heart_Any,chr8:36209365-36210564_chr8:36527075-36529476,flank,double
Dlc1_Heart_Any,chr8:36209365-36210564_chr8:36532321-36534233,flank,double
Dlc1_Heart_Any,chr8:36527075-36529476_chr8:36532321-36534233,flank,double
Dlc1_Heart_Any,chr8:36527075-36529476_chr8:36536995-36537995,flank,double
Dlc1_Heart_Any,chr8:36532321-36534233_chr8:36536995-36537995,flank,double
Dlc1_Heart_Any,chr8:36532321-36534233_chr8:36554413-36556981,flank,double
Dlc1_Heart_Any,chr8:36536995-36537995_chr8:36554413-36556981,flank,double
Dlc1_Heart_E11.5,chr8:36527075-36529476_chr8:36532321-36534233,flank,double
Dlc1_Heart_E11.5,chr8:36532321-36534233_chr8:36554413-36556981,flank,double
Dlc1_Limb_Any,chr8:36527075-36529476_chr8:36532321-36534233,flank,double
Dlc1_Limb_Any,chr8:36532321-36534233_chr8:36554413-36556981,flank,double
Dlc1_Limb_E11.5,chr8:36527075-36529476_chr8:36532321-36534233,flank,double
Dll4_Forebrain_Any,chr2:119335437-119338554_chr2:119407187-119409168,flank,double
Dll4_Heart_Any,chr2:119160917-119161917_chr2:119335437-119338554,flank,double
Dll4_Heart_Any,chr2:119335437-119338554_chr2:119407187-119409168,flank,double
Dll4_Heart_E11.5,chr2:119335437-119338554_chr2:119407187-119409168,flank,double
Dysf_Heart_Any,chr6:84015164-84016328_chr6:84190857-84193404,flank,double
Ecm1_Heart_Any,chr3:95053597-95055925_chr3:95761623-95764954,flank,double
Ecm1_Heart_Any,chr3:95053597-95055925_chr3:96127766-96129892,flank,double
Ecm1_Heart_E11.5,chr3:95053597-95055925_chr3:95761623-95764954,flank,double
Ecm1_Heart_E11.5,chr3:95053597-95055925_chr3:96127766-96129892,flank,double
Ecscr_Heart_Any,chr18:35707591-35709112_chr18:35870105-35876267,flank,double
Ecscr_Heart_Any,chr18:35707591-35709112_chr18:35894519-35895922,flank,double
Egfl7_Heart_Any,chr2:25968369-25971436_chr2:26323191-26326338,flank,double
Ehd2_Heart_Any,chr7:16444001-16445857_chr7:16755205-16756422,flank,double
Ehd4_Heart_Any,chr2:120138685-120141166_chr2:120146521-120150033,flank,double
Ehd4_Heart_Any,chr2:120146521-120150033_chr2:120651369-120653466,flank,double
Ehd4_Heart_E11.5,chr2:120138685-120141166_chr2:120146521-120150033,flank,double
Eln_Heart_Any,chr5:134490756-134492748_chr5:134643169-134646342,flank,double
Eln_Heart_Any,chr5:134538928-134542766_chr5:135202190-135203190,flank,double
Eln_Heart_Any,chr5:134555349-134556446_chr5:135202190-135203190,flank,double
Eln_Heart_Any,chr5:134643169-134646342_chr5:135202190-135203190,flank,double
Eng_Heart_Any,chr2:31452607-31455757_chr2:32509013-32511004,flank,double
Eng_Heart_Any,chr2:31452607-31455757_chr2:32610570-32611698,flank,double
Eng_Heart_Any,chr2:31452607-31455757_chr2:32654828-32656843,flank,double
Eng_Heart_Any,chr2:31452607-31455757_chr2:32730205-32737551,flank,double
Eng_Heart_Any,chr2:31452607-31455757_chr2:32834488-32835967,flank,double
Eng_Heart_Any,chr2:31715596-31716929_chr2:31765099-31766099,flank,double
Eng_Heart_Any,chr2:31715596-31716929_chr2:32463851-32466472,flank,double
Eng_Heart_Any,chr2:31715596-31716929_chr2:32509013-32511004,flank,double
Eng_Heart_Any,chr2:31715596-31716929_chr2:32610570-32611698,flank,double
Eng_Heart_Any,chr2:31715596-31716929_chr2:32654828-32656843,flank,double
Eng_Heart_Any,chr2:31715596-31716929_chr2:32658188-32663100,flank,double
Eng_Heart_Any,chr2:31715596-31716929_chr2:32834488-32835967,flank,double
Eng_Heart_Any,chr2:31765099-31766099_chr2:32509013-32511004,flank,double
Eng_Heart_Any,chr2:31765099-31766099_chr2:32610570-32611698,flank,double
Eng_Heart_Any,chr2:31765099-31766099_chr2:32654828-32656843,flank,double
Eng_Heart_Any,chr2:31765099-31766099_chr2:32730205-32737551,flank,double
Eng_Heart_Any,chr2:31765099-31766099_chr2:32834488-32835967,flank,double
Eng_Heart_Any,chr2:32463851-32466472_chr2:32509013-32511004,flank,double
Eng_Heart_Any,chr2:32463851-32466472_chr2:32610570-32611698,flank,double
Eng_Heart_Any,chr2:32509013-32511004_chr2:32610570-32611698,flank,double
Eng_Heart_Any,chr2:32509013-32511004_chr2:32654828-32656843,flank,double
Eng_Heart_Any,chr2:32509013-32511004_chr2:32658188-32663100,flank,double
Eng_Heart_Any,chr2:32509013-32511004_chr2:32730205-32737551,flank,double
Eng_Heart_Any,chr2:32509013-32511004_chr2:32834488-32835967,flank,double
Eng_Heart_Any,chr2:32610570-32611698_chr2:32654828-32656843,flank,double
Eng_Heart_Any,chr2:32610570-32611698_chr2:32658188-32663100,flank,double
Eng_Heart_Any,chr2:32610570-32611698_chr2:32730205-32737551,flank,double
Eng_Heart_Any,chr2:32610570-32611698_chr2:32834488-32835967,flank,double
Eng_Heart_Any,chr2:32730205-32737551_chr2:32834488-32835967,flank,double
Eng_Heart_E11.5,chr2:31715596-31716929_chr2:32463851-32466472,flank,double
Eng_Heart_E11.5,chr2:31715596-31716929_chr2:32509013-32511004,flank,double
Eng_Heart_E11.5,chr2:31715596-31716929_chr2:32654828-32656843,flank,double
Eng_Heart_E11.5,chr2:31715596-31716929_chr2:32658188-32663100,flank,double
Eng_Heart_E11.5,chr2:31715596-31716929_chr2:32834488-32835967,flank,double
Eng_Heart_E11.5,chr2:32463851-32466472_chr2:32509013-32511004,flank,double
Eng_Heart_E11.5,chr2:32509013-32511004_chr2:32654828-32656843,flank,double
Eng_Heart_E11.5,chr2:32509013-32511004_chr2:32658188-32663100,flank,double
Eng_Heart_E11.5,chr2:32509013-32511004_chr2:32730205-32737551,flank,double
Eng_Heart_E11.5,chr2:32509013-32511004_chr2:32834488-32835967,flank,double
Eng_Heart_E11.5,chr2:32730205-32737551_chr2:32834488-32835967,flank,double
Eng_Limb_Any,chr2:32509013-32511004_chr2:32654828-32656843,flank,double
Eng_Limb_Any,chr2:32509013-32511004_chr2:32730205-32737551,flank,double
Eng_Limb_Any,chr2:32509013-32511004_chr2:32834488-32835967,flank,double
Eng_Limb_Any,chr2:32730205-32737551_chr2:32834488-32835967,flank,double
Eng_Limb_E11.5,chr2:32509013-32511004_chr2:32654828-32656843,flank,double
Eng_Limb_E11.5,chr2:32509013-32511004_chr2:32730205-32737551,flank,double
Epb4.1l2_Limb_Any,chr10:25381364-25382364_chr10:25383841-25388067,flank,double
Epb4.1l2_Limb_E11.5,chr10:25381364-25382364_chr10:25383841-25388067,flank,double
Epha5_Forebrain_Any,chr5:85346129-85347129_chr5:85779748-85781645,flank,double
Extl1_Heart_Any,chr4:134950014-134951427_chr4:135297353-135299550,flank,double
Extl1_Heart_E11.5,chr4:134950014-134951427_chr4:135297353-135299550,flank,double
F11r_Heart_Any,chr1:171182822-171187198_chr1:171469512-171471868,flank,double
F11r_Heart_Any,chr1:171446578-171448494_chr1:171451894-171454472,flank,double
F11r_Heart_Any,chr1:171446578-171448494_chr1:171469512-171471868,flank,double
Fam189a2_Heart_Any,chr19:24022786-24025873_chr19:24172576-24175847,flank,double
Fam189a2_Heart_E11.5,chr19:24022786-24025873_chr19:24172576-24175847,flank,double
Fam222a_Forebrain_Any,chr5:114482204-114483204_chr5:114583261-114587069,flank,double
Fam222a_Forebrain_Any,chr5:114482204-114483204_chr5:114587991-114598082,flank,double
Fam222a_Forebrain_E11.5,chr5:114482204-114483204_chr5:114583261-114587069,flank,double
Fam222a_Forebrain_E11.5,chr5:114482204-114483204_chr5:114587991-114598082,flank,double
Fam43a_Heart_Any,chr16:30627281-30628281_chr16:30768540-30769869,flank,double
Fam43a_Heart_E11.5,chr16:30627281-30628281_chr16:30768540-30769869,flank,double
Fam65c_Heart_Any,chr2:168015676-168017733_chr2:168036397-168037520,flank,double
Fbxl16_Forebrain_Any,chr17:25801966-25804338_chr17:26078297-26079387,flank,double
Fermt2_Heart_Any,chr14:45314070-45315070_chr14:45450873-45458558,flank,double
Fgfbp3_Forebrain_Any,chr19:36895686-36897896_chr19:36910174-36911174,flank,double
Fgfbp3_Forebrain_Any,chr19:36903194-36905147_chr19:36910174-36911174,flank,double
Fgfbp3_Forebrain_E11.5,chr19:36895686-36897896_chr19:36910174-36911174,flank,double
Fgfbp3_Forebrain_E11.5,chr19:36903194-36905147_chr19:36910174-36911174,flank,double
Fndc4_Forebrain_Any,chr5:32857319-32858333_chr5:32993869-32995217,flank,double
Fstl1_Heart_Any,chr16:37689263-37691560_chr16:37779372-37781808,flank,double
Fstl1_Heart_Any,chr16:37689263-37691560_chr16:37794198-37795357,flank,double
Fstl1_Heart_Any,chr16:37779372-37781808_chr16:37794198-37795357,flank,double
Fstl1_Heart_E11.5,chr16:37689263-37691560_chr16:37794198-37795357,flank,double
Fstl1_Limb_Any,chr16:37779372-37781808_chr16:37794198-37795357,flank,double
Fubp3_Limb_Any,chr2:32408554-32409963_chr2:32501422-32504228,flank,double
Fubp3_Limb_Any,chr2:32408554-32409963_chr2:32514345-32515397,flank,double
Fubp3_Limb_Any,chr2:32501422-32504228_chr2:32514345-32515397,flank,double
Fubp3_Limb_E11.5,chr2:32408554-32409963_chr2:32501422-32504228,flank,double
Fzd2_Forebrain_Any,chr11:102572767-102573861_chr11:102594407-102597060,flank,double
Fzd2_Forebrain_E11.5,chr11:102572767-102573861_chr11:102594407-102597060,flank,double
Fzd2_Limb_Any,chr11:102572767-102573861_chr11:102594407-102597060,flank,double
Fzd2_Limb_Any,chr11:102572767-102573861_chr11:102637918-102639733,flank,double
Fzd2_Limb_Any,chr11:102594407-102597060_chr11:102637918-102639733,flank,double
Fzd2_Limb_Any,chr11:102629451-102634219_chr11:102637918-102639733,flank,double
Fzd2_Limb_E11.5,chr11:102594407-102597060_chr11:102637918-102639733,flank,double
Fzd2_Limb_E11.5,chr11:102629451-102634219_chr11:102637918-102639733,flank,double
Gata1_Heart_Any,chrX:7836204-7838386_chrX:7992239-7994097,flank,double
Gata1_Heart_E11.5,chrX:7836204-7838386_chrX:7992239-7994097,flank,double
Gata4_Heart_Any,chr14:63217919-63218941_chr14:63221512-63223987,flank,double
Gipr_Heart_Any,chr7:19168992-19173400_chr7:19191053-19192293,flank,double
Glis1_Forebrain_Any,chr4:106826241-106829974_chr4:107589960-107591708,flank,double
Glis1_Limb_Any,chr4:106826241-106829974_chr4:107589960-107591708,flank,double
Glis1_Limb_E11.5,chr4:106826241-106829974_chr4:107589960-107591708,flank,double
Gm11627_Heart_Any,chr11:102581961-102583354_chr11:102796248-102797248,flank,double
Gm11627_Heart_Any,chr11:102581961-102583354_chr11:102799672-102802130,flank,double
Gm11627_Heart_E11.5,chr11:102581961-102583354_chr11:102799672-102802130,flank,double
Gm15910_Heart_Any,chr10:121160589-121162431_chr10:121464531-121465603,flank,double
Gm16907_Limb_Any,chr13:63316857-63317857_chr13:63984155-63995829,flank,double
Gngt2_Heart_Any,chr11:95776458-95779698_chr11:97585884-97586884,flank,double
Gprc5c_Limb_Any,chr11:114819334-114821076_chr11:114846409-114848054,flank,double
Gprc5c_Limb_Any,chr11:114826206-114831327_chr11:114846409-114848054,flank,double
Gprc5c_Limb_E11.5,chr11:114819334-114821076_chr11:114846409-114848054,flank,double
Gprc5c_Limb_E11.5,chr11:114826206-114831327_chr11:114846409-114848054,flank,double
Gramd3_Heart_Any,chr18:56677266-56679947_chr18:56718078-56719078,flank,double
Grap_Heart_Any,chr11:60872424-60873424_chr11:61498812-61499812,flank,double
Grhpr_Heart_Any,chr4:45402359-45404257_chr4:46485151-46486639,flank,double
Gse1_Forebrain_Any,chr8:120470869-120478071_chr8:120503813-120506618,flank,double
Gse1_Forebrain_Any,chr8:120470869-120478071_chr8:120508418-120518114,flank,double
Gse1_Forebrain_E11.5,chr8:120470869-120478071_chr8:120503813-120506618,flank,double
Gse1_Forebrain_E11.5,chr8:120470869-120478071_chr8:120508418-120518114,flank,double
Gse1_Heart_Any,chr8:120470869-120478071_chr8:120503813-120506618,flank,double
Gse1_Heart_Any,chr8:120470869-120478071_chr8:120508418-120518114,flank,double
Gse1_Heart_E11.5,chr8:120470869-120478071_chr8:120503813-120506618,flank,double
Gse1_Heart_E11.5,chr8:120470869-120478071_chr8:120508418-120518114,flank,double
Gse1_Limb_Any,chr8:120470869-120478071_chr8:120503813-120506618,flank,double
Gse1_Limb_Any,chr8:120470869-120478071_chr8:120508418-120518114,flank,double
Gse1_Limb_E11.5,chr8:120470869-120478071_chr8:120503813-120506618,flank,double
Gse1_Limb_E11.5,chr8:120470869-120478071_chr8:120508418-120518114,flank,double
Herc1_Forebrain_Any,chr9:66119628-66121600_chr9:66304184-66306605,flank,double
Hey2_Heart_Any,chr10:30777862-30778862_chr10:31271814-31274635,flank,double
Hic1_Heart_Any,chr11:74962594-74963594_chr11:75000580-75002013,flank,double
Hic1_Heart_Any,chr11:74962594-74963594_chr11:75030780-75035331,flank,double
Hic1_Heart_Any,chr11:74962594-74963594_chr11:75132255-75143504,flank,double
Hs1bp3_Heart_Any,chr12:8371380-8373405_chr12:8509323-8512084,flank,double
Hspb7_Heart_Any,chr4:141578211-141579438_chr4:141609581-141610621,flank,double
Immt_Heart_Any,chr6:71661166-71662729_chr6:71800607-71802283,flank,double
Immt_Heart_E11.5,chr6:71661166-71662729_chr6:71800607-71802283,flank,double
Irak2_Heart_Any,chr6:113611472-113613425_chr6:113643780-113645971,flank,double
Itga5_Heart_Any,chr15:103227192-103230527_chr15:103371137-103372137,flank,double
Itga5_Heart_Any,chr15:103227192-103230527_chr15:103376218-103379798,flank,double
Itgav_Heart_Any,chr2:83708949-83711438_chr2:83738488-83741055,flank,double
Itgb5_Heart_Any,chr16:33920866-33924351_chr16:34065272-34069847,flank,double
Itgb5_Heart_E11.5,chr16:33920866-33924351_chr16:34065272-34069847,flank,double
Kank2_Forebrain_Any,chr9:21747205-21755445_chr9:21766821-21770576,flank,double
Kank2_Heart_Any,chr9:21747205-21755445_chr9:21766821-21770576,flank,double
Kank2_Heart_Any,chr9:21762786-21764258_chr9:21766821-21770576,flank,double
Kank2_Heart_Any,chr9:21762786-21764258_chr9:21857214-21858599,flank,double
Kank2_Heart_Any,chr9:21766821-21770576_chr9:21857214-21858599,flank,double
Kank2_Heart_E11.5,chr9:21747205-21755445_chr9:21766821-21770576,flank,double
Kank2_Heart_E11.5,chr9:21762786-21764258_chr9:21766821-21770576,flank,double
Kank2_Heart_E11.5,chr9:21762786-21764258_chr9:21857214-21858599,flank,double
Kank2_Heart_E11.5,chr9:21766821-21770576_chr9:21857214-21858599,flank,double
Kcnh3_Forebrain_Any,chr15:99017071-99019919_chr15:99798016-99799016,flank,double
Kcnj15_Heart_Any,chr16:96075701-96076701_chr16:96090382-96092533,flank,double
Kcnk3_Heart_Any,chr5:30164550-30166438_chr5:31015409-31016837,flank,double
Kdm1a_Forebrain_Any,chr4:136132509-136134995_chr4:136159054-136160595,flank,double
Kdm1a_Forebrain_E11.5,chr4:136132509-136134995_chr4:136159054-136160595,flank,double
Kxd1_Heart_Any,chr8:70000494-70002830_chr8:70134011-70136120,flank,double
Kxd1_Heart_Any,chr8:70005123-70006123_chr8:70134011-70136120,flank,double
Kxd1_Heart_Any,chr8:70134011-70136120_chr8:70547754-70549006,flank,double
Kxd1_Heart_Any,chr8:70134011-70136120_chr8:70550735-70566269,flank,double
L2hgdh_Heart_Any,chr12:69704637-69705637_chr12:69750751-69752796,flank,double
Lama4_Heart_Any,chr10:37077255-37079908_chr10:38915508-38916508,flank,double
Lamc1_Heart_Any,chr1:152790309-152794098_chr1:153100176-153102046,flank,double
Lamc1_Heart_E11.5,chr1:152790309-152794098_chr1:153100176-153102046,flank,double
Lamc2_Heart_Any,chr1:153179887-153181333_chr1:153200693-153202181,flank,double
Ldlrap1_Heart_Any,chr4:135285326-135288175_chr4:135311915-135315685,flank,double
Ldlrap1_Heart_E11.5,chr4:135285326-135288175_chr4:135311915-135315685,flank,double
Lemd1_Forebrain_Any,chr1:132167288-132169375_chr1:132221258-132223502,flank,double
Litaf_Heart_Any,chr16:10777259-10778467_chr16:10837610-10840075,flank,double
Litaf_Limb_Any,chr16:10837610-10840075_chr16:11316875-11318208,flank,double
Lnx2_Heart_Any,chr5:147055618-147059228_chr5:147069384-147074086,flank,double
Lpar3_Heart_Any,chr3:145959692-145960692_chr3:145971099-145972691,flank,double
Lsamp_Forebrain_Any,chr16:42574870-42576724_chr16:42715742-42719383,flank,double
Lsamp_Forebrain_E11.5,chr16:42574870-42576724_chr16:42715742-42719383,flank,double
Lta4h_Heart_Any,chr10:93227581-93228585_chr10:93355020-93356020,flank,double
Maff_Heart_Any,chr15:80036319-80038426_chr15:80071342-80073312,flank,double
Map3k11_Heart_Any,chr19:5851007-5853206_chr19:5928359-5931028,flank,double
Map3k11_Heart_Any,chr19:5851007-5853206_chr19:5934583-5936401,flank,double
Map3k11_Heart_Any,chr19:5928359-5931028_chr19:5934583-5936401,flank,double
Map3k11_Heart_E11.5,chr19:5851007-5853206_chr19:5928359-5931028,flank,double
Map3k11_Heart_E11.5,chr19:5851007-5853206_chr19:5934583-5936401,flank,double
Map3k11_Heart_E11.5,chr19:5928359-5931028_chr19:5934583-5936401,flank,double
Mark4_Forebrain_Any,chr7:19183964-19185871_chr7:19295403-19296403,flank,double
Mast1_Forebrain_Any,chr8:84633828-84636871_chr8:84876251-84878517,flank,double
Mbnl2_Heart_Any,chr14:120291382-120301585_chr14:120351219-120356939,flank,double
Mbnl2_Heart_E11.5,chr14:120291382-120301585_chr14:120351219-120356939,flank,double
Mbnl2_Limb_Any,chr14:120291382-120301585_chr14:120351219-120356939,flank,double
Mdfi_Heart_Any,chr17:47742921-47743921_chr17:47812405-47816132,flank,double
Mdfi_Heart_Any,chr17:47812405-47816132_chr17:47896870-47901783,flank,double
Mdfi_Heart_E11.5,chr17:47742921-47743921_chr17:47812405-47816132,flank,double
Mdfi_Heart_E11.5,chr17:47812405-47816132_chr17:47896870-47901783,flank,double
Mdfi_Limb_Any,chr17:47812405-47816132_chr17:47896870-47901783,flank,double
Mgat5b_Forebrain_Any,chr11:117046498-117048962_chr11:117626522-117629609,flank,double
Mgat5b_Forebrain_E11.5,chr11:117046498-117048962_chr11:117626522-117629609,flank,double
Mir143hg_Heart_Any,chr18:60900077-60902132_chr18:61570662-61571700,flank,double
Mir143hg_Heart_Any,chr18:60900077-60902132_chr18:61613620-61615225,flank,double
Mir143hg_Heart_Any,chr18:60900077-60902132_chr18:61625723-61629095,flank,double
Mir143hg_Heart_Any,chr18:61570662-61571700_chr18:61625723-61629095,flank,double
Mir143hg_Heart_Any,chr18:61613620-61615225_chr18:61625723-61629095,flank,double
Mir143hg_Limb_Any,chr18:60900077-60902132_chr18:61613620-61615225,flank,double
Mlkl_Heart_Any,chr8:110943843-110945246_chr8:111202783-111204282,flank,double
Mlkl_Heart_Any,chr8:110943843-110945246_chr8:111558609-111562679,flank,double
Mlkl_Heart_E11.5,chr8:110943843-110945246_chr8:111558609-111562679,flank,double
Mmp23_Heart_Any,chr4:155183302-155190949_chr4:155882451-155884884,flank,double
Mmp23_Heart_E11.5,chr4:155183302-155190949_chr4:155882451-155884884,flank,double
Mn1_Forebrain_Any,chr5:111573456-111575391_chr5:111841988-111845790,flank,double
Mrpl10_Heart_Any,chr11:97427030-97430340_chr11:97468119-97469119,flank,double
Mrpl10_Heart_E11.5,chr11:97427030-97430340_chr11:97468119-97469119,flank,double
Mrpl14_Heart_Any,chr17:45608588-45611411_chr17:45765597-45768540,flank,double
Mrpl14_Heart_E11.5,chr17:45608588-45611411_chr17:45765597-45768540,flank,double
Mrpl33_Heart_Any,chr5:32712837-32714457_chr5:33023766-33024766,flank,double
Mrpl4_Heart_Any,chr9:21220437-21222072_chr9:21433073-21434336,flank,double
Msi1_Forebrain_Any,chr5:114466030-114468483_chr5:115362666-115363825,flank,double
Msi1_Forebrain_Any,chr5:114466030-114468483_chr5:115393482-115395430,flank,double
Msi1_Forebrain_Any,chr5:114466030-114468483_chr5:115414950-115415950,flank,double
Msi1_Forebrain_Any,chr5:114579169-114580262_chr5:115362666-115363825,flank,double
Msi1_Forebrain_Any,chr5:114579169-114580262_chr5:115375753-115376753,flank,double
Msi1_Forebrain_Any,chr5:115375753-115376753_chr5:115393482-115395430,flank,double
Msi1_Forebrain_E11.5,chr5:114466030-114468483_chr5:115362666-115363825,flank,double
Msi1_Forebrain_E11.5,chr5:114466030-114468483_chr5:115393482-115395430,flank,double
Msi1_Forebrain_E11.5,chr5:114466030-114468483_chr5:115414950-115415950,flank,double
Msi1_Forebrain_E11.5,chr5:114579169-114580262_chr5:115362666-115363825,flank,double
Msi1_Forebrain_E11.5,chr5:114579169-114580262_chr5:115375753-115376753,flank,double
Msi1_Forebrain_E11.5,chr5:115375753-115376753_chr5:115393482-115395430,flank,double
Mxra8_Heart_Any,chr4:155232710-155238995_chr4:155780739-155781820,flank,double
Mxra8_Limb_Any,chr4:155232710-155238995_chr4:155780739-155781820,flank,double
Mybpc3_Heart_Any,chr2:91022924-91024080_chr2:91516841-91518105,flank,double
Mybpc3_Heart_Any,chr2:91022924-91024080_chr2:91695138-91697280,flank,double
Mybpc3_Heart_Any,chr2:91251738-91253284_chr2:91695138-91697280,flank,double
Mybpc3_Heart_Any,chr2:91516841-91518105_chr2:91695138-91697280,flank,double
Myl12a_Heart_Any,chr17:71101588-71103560_chr17:71117599-71121878,flank,double
Myl12a_Heart_E11.5,chr17:71101588-71103560_chr17:71117599-71121878,flank,double
Mylk_Heart_Any,chr16:34929452-34936829_chr16:34992746-34998539,flank,double
Nav2_Heart_Any,chr7:49340660-49344076_chr7:49501742-49503438,flank,double
Nav2_Heart_Any,chr7:49340660-49344076_chr7:49539550-49542801,flank,double
Nav2_Heart_Any,chr7:49340660-49344076_chr7:49544099-49546256,flank,double
Nav2_Heart_Any,chr7:49501742-49503438_chr7:49544099-49546256,flank,double
Nav2_Heart_E11.5,chr7:49501742-49503438_chr7:49544099-49546256,flank,double
Nav3_Forebrain_Any,chr10:110371984-110373849_chr10:110534180-110535214,flank,double
Necab3_Forebrain_Any,chr2:153508225-153510414_chr2:154459400-154461342,flank,double
Necab3_Forebrain_Any,chr2:154459400-154461342_chr2:154583833-154585190,flank,double
Nek8_Heart_Any,chr11:77790247-77794274_chr11:78087182-78088182,flank,double
Nek8_Heart_Any,chr11:77790247-77794274_chr11:78125298-78127170,flank,double
Nfat5_Heart_Any,chr8:107113677-107116978_chr8:107128566-107130978,flank,double
Nfat5_Heart_Any,chr8:107113677-107116978_chr8:107254205-107255581,flank,double
Nfat5_Heart_Any,chr8:107167222-107168905_chr8:107254205-107255581,flank,double
Nfat5_Heart_E11.5,chr8:107167222-107168905_chr8:107254205-107255581,flank,double
Nfat5_Limb_Any,chr8:107113677-107116978_chr8:107243738-107245170,flank,double
Nfat5_Limb_Any,chr8:107243738-107245170_chr8:107510331-107511907,flank,double
Nfe2l2_Heart_Any,chr2:75612383-75614207_chr2:75691142-75694088,flank,double
Nfkbia_Heart_Any,chr12:55321015-55323018_chr12:55442434-55444525,flank,double
Nfkbia_Heart_Any,chr12:55321015-55323018_chr12:55796956-55797956,flank,double
Nfkbia_Heart_Any,chr12:55442434-55444525_chr12:55796956-55797956,flank,double
Nicn1_Forebrain_Any,chr9:107923798-107925547_chr9:108211918-108214663,flank,double
Nicn1_Heart_Any,chr9:107923798-107925547_chr9:108211918-108214663,flank,double
Nin_Forebrain_Any,chr12:69436071-69438674_chr12:70143007-70145809,flank,double
Nkx2-5_Heart_Any,chr17:26162211-26163522_chr17:26872257-26875709,flank,double
Nnat_Forebrain_Any,chr2:157294238-157297651_chr2:157312274-157318456,flank,double
Nnat_Forebrain_Any,chr2:157294238-157297651_chr2:157349155-157351308,flank,double
Nnat_Forebrain_E11.5,chr2:157294238-157297651_chr2:157312274-157318456,flank,double
Nnat_Forebrain_E11.5,chr2:157294238-157297651_chr2:157349155-157351308,flank,double
Nphp3_Limb_Any,chr9:102681129-102682605_chr9:103375868-103377349,flank,double
Nr0b2_Heart_Any,chr4:132529103-132530186_chr4:133166010-133167239,flank,double
Nr0b2_Heart_Any,chr4:132529103-132530186_chr4:133462260-133464029,flank,double
Nr0b2_Heart_Any,chr4:132746943-132748523_chr4:133153215-133154215,flank,double
Nr0b2_Heart_Any,chr4:132746943-132748523_chr4:133166010-133167239,flank,double
Nr0b2_Heart_Any,chr4:132746943-132748523_chr4:133462260-133464029,flank,double
Nr0b2_Heart_Any,chr4:132746943-132748523_chr4:133490991-133492409,flank,double
Nr0b2_Heart_Any,chr4:132807741-132810120_chr4:133166010-133167239,flank,double
Nr0b2_Heart_Any,chr4:132807741-132810120_chr4:133462260-133464029,flank,double
Nr0b2_Heart_Any,chr4:132807741-132810120_chr4:133490991-133492409,flank,double
Nr0b2_Heart_Any,chr4:132872809-132875288_chr4:133153215-133154215,flank,double
Nr0b2_Heart_Any,chr4:132872809-132875288_chr4:133166010-133167239,flank,double
Nr0b2_Heart_Any,chr4:132872809-132875288_chr4:133462260-133464029,flank,double
Nr0b2_Heart_Any,chr4:132872809-132875288_chr4:133490991-133492409,flank,double
Nr0b2_Heart_Any,chr4:133153215-133154215_chr4:133166010-133167239,flank,double
Nr0b2_Heart_Any,chr4:133153215-133154215_chr4:133462260-133464029,flank,double
Nr0b2_Heart_Any,chr4:133153215-133154215_chr4:133490991-133492409,flank,double
Nr0b2_Heart_Any,chr4:133153215-133154215_chr4:133561449-133564338,flank,double
Nr0b2_Heart_Any,chr4:133166010-133167239_chr4:133462260-133464029,flank,double
Nr0b2_Heart_Any,chr4:133166010-133167239_chr4:133490991-133492409,flank,double
Nr0b2_Heart_Any,chr4:133166010-133167239_chr4:133561449-133564338,flank,double
Nr0b2_Heart_Any,chr4:133462260-133464029_chr4:133490991-133492409,flank,double
Nr0b2_Heart_Any,chr4:133462260-133464029_chr4:133561449-133564338,flank,double
Nr0b2_Heart_Any,chr4:133490991-133492409_chr4:133561449-133564338,flank,double
Nr0b2_Heart_E11.5,chr4:132529103-132530186_chr4:133166010-133167239,flank,double
Nr0b2_Heart_E11.5,chr4:132529103-132530186_chr4:133462260-133464029,flank,double
Nr0b2_Heart_E11.5,chr4:132746943-132748523_chr4:133166010-133167239,flank,double
Nr0b2_Heart_E11.5,chr4:132746943-132748523_chr4:133462260-133464029,flank,double
Nr0b2_Heart_E11.5,chr4:132807741-132810120_chr4:133166010-133167239,flank,double
Nr0b2_Heart_E11.5,chr4:132807741-132810120_chr4:133462260-133464029,flank,double
Nr0b2_Heart_E11.5,chr4:132872809-132875288_chr4:133166010-133167239,flank,double
Nr0b2_Heart_E11.5,chr4:132872809-132875288_chr4:133462260-133464029,flank,double
Nr0b2_Heart_E11.5,chr4:133166010-133167239_chr4:133462260-133464029,flank,double
Nr2f1_Forebrain_Any,chr13:78425918-78428958_chr13:78579809-78582086,flank,double
Nr2f1_Forebrain_E11.5,chr13:78425918-78428958_chr13:78579809-78582086,flank,double
Nrg4_Heart_Any,chr9:55199249-55200249_chr9:55225645-55226645,flank,double
Nrros_Heart_Any,chr16:32112817-32115459_chr16:32433519-32434552,flank,double
Numb_Heart_Any,chr12:83716002-83717002_chr12:84165217-84166977,flank,double
Oaz2_Heart_Any,chr9:65374772-65375824_chr9:65806898-65808374,flank,double
Obsl1_Heart_Any,chr1:75005536-75006536_chr1:75013314-75016792,flank,double
Obsl1_Heart_Any,chr1:75005536-75006536_chr1:75291994-75293992,flank,double
Obsl1_Heart_Any,chr1:75013314-75016792_chr1:75291994-75293992,flank,double
Opn1sw_Limb_Any,chr6:29717283-29720138_chr6:30359115-30360909,flank,double
P2rx4_Heart_Any,chr5:122480653-122483692_chr5:122768687-122771988,flank,double
P2rx4_Heart_E11.5,chr5:122480653-122483692_chr5:122768687-122771988,flank,double
Pabpc4_Heart_Any,chr4:123300404-123302235_chr4:123577337-123578337,flank,double
Pald1_Heart_Any,chr10:61289937-61291408_chr10:61357644-61358644,flank,double
Parva_Heart_Any,chr7:112599200-112600985_chr7:112613626-112615725,flank,double
Pcdh18_Limb_Any,chr3:49586068-49587171_chr3:49886287-49887799,flank,double
Pcdhga12_Forebrain_Any,chr18:37786174-37787174_chr18:37847415-37852160,flank,double
Pcdhga12_Heart_Any,chr18:37786174-37787174_chr18:37847415-37852160,flank,double
Pcdhga12_Limb_Any,chr18:37786174-37787174_chr18:37847415-37852160,flank,double
Pdzd2_Heart_Any,chr15:12065672-12070336_chr15:12284469-12286196,flank,double
Pdzd2_Heart_Any,chr15:12415438-12420471_chr15:12517324-12519128,flank,double
Pdzd2_Limb_Any,chr15:12065672-12070336_chr15:12284469-12286196,flank,double
Pdzd2_Limb_Any,chr15:12084016-12085678_chr15:12517324-12519128,flank,double
Pecam1_Heart_Any,chr11:106657082-106662570_chr11:106966827-106968402,flank,double
Phyhipl_Forebrain_Any,chr10:69463798-69469705_chr10:69689637-69691689,flank,double
Phyhipl_Forebrain_E11.5,chr10:69463798-69469705_chr10:69689637-69691689,flank,double
Piezo1_Heart_Any,chr8:122536000-122539774_chr8:122558869-122559869,flank,double
Piezo1_Heart_Any,chr8:122558869-122559869_chr8:123647719-123650011,flank,double
Piezo1_Heart_E11.5,chr8:122536000-122539774_chr8:122558869-122559869,flank,double
Piezo1_Heart_E11.5,chr8:122558869-122559869_chr8:123647719-123650011,flank,double
Piezo1_Limb_Any,chr8:122536000-122539774_chr8:122615623-122616642,flank,double
Pigq_Heart_Any,chr17:25111749-25113097_chr17:26705249-26708034,flank,double
Pla2g4f_Heart_Any,chr2:119994374-119998950_chr2:120517879-120519426,flank,double
Pla2r1_Heart_Any,chr2:59664362-59665939_chr2:60921951-60925229,flank,double
Pla2r1_Heart_Any,chr2:60729078-60730974_chr2:61044949-61046865,flank,double
Plekha7_Heart_Any,chr7:116201061-116203514_chr7:116279890-116290124,flank,double
Plekha7_Heart_E11.5,chr7:116201061-116203514_chr7:116279890-116290124,flank,double
Plekho2_Heart_Any,chr9:65217189-65219340_chr9:65568245-65570588,flank,double
Plekho2_Limb_Any,chr9:65568245-65570588_chr9:65775955-65777849,flank,double
Pmf1_Heart_Any,chr3:87900510-87902586_chr3:88436081-88438451,flank,double
Pmf1_Heart_E11.5,chr3:87900510-87902586_chr3:88436081-88438451,flank,double
Pomgnt1_Heart_Any,chr4:116182485-116183741_chr4:116299968-116302056,flank,double
Pomgnt1_Limb_Any,chr4:116182485-116183741_chr4:116299968-116302056,flank,double
Pou3f1_Forebrain_Any,chr4:124477139-124478429_chr4:124574672-124576729,flank,double
Pou3f1_Forebrain_Any,chr4:124477139-124478429_chr4:124671542-124675091,flank,double
Pou3f1_Forebrain_E11.5,chr4:124477139-124478429_chr4:124671542-124675091,flank,double
Pparg_Heart_Any,chr6:115432233-115433880_chr6:115522376-115524038,flank,double
Pparg_Heart_Any,chr6:115432233-115433880_chr6:115716451-115718733,flank,double
Ppfibp1_Heart_Any,chr6:146702066-146703066_chr6:146835209-146837620,flank,double
Ppfibp1_Heart_Any,chr6:146702066-146703066_chr6:147144515-147146204,flank,double
Ppfibp1_Heart_Any,chr6:146702066-146703066_chr6:147752159-147753320,flank,double
Ppfibp1_Limb_Any,chr6:146702066-146703066_chr6:147144515-147146204,flank,double
Ppp1r36_Heart_Any,chr12:76477926-76480674_chr12:76505894-76508392,flank,double
Ppp1r36_Limb_Any,chr12:76477926-76480674_chr12:76505894-76508392,flank,double
Ppp2r5a_Heart_Any,chr1:191312152-191313536_chr1:191520417-191521660,flank,double
Pptc7_Heart_Any,chr5:122509288-122512286_chr5:122518007-122521773,flank,double
Pptc7_Heart_E11.5,chr5:122509288-122512286_chr5:122518007-122521773,flank,double
Proser2_Heart_Any,chr2:6047842-6048842_chr2:6117488-6119322,flank,double
Prtg_Forebrain_Any,chr9:72833656-72834866_chr9:72877528-72882153,flank,double
Prtg_Forebrain_E11.5,chr9:72833656-72834866_chr9:72877528-72882153,flank,double
Prtg_Heart_Any,chr9:72779460-72782231_chr9:72877528-72882153,flank,double
Prtg_Heart_Any,chr9:72833656-72834866_chr9:72877528-72882153,flank,double
Prtg_Heart_E11.5,chr9:72779460-72782231_chr9:72877528-72882153,flank,double
Prtg_Heart_E11.5,chr9:72833656-72834866_chr9:72877528-72882153,flank,double
Prtg_Limb_Any,chr9:72835797-72838887_chr9:72877528-72882153,flank,double
Prtg_Limb_E11.5,chr9:72835797-72838887_chr9:72877528-72882153,flank,double
Ptgis_Forebrain_Any,chr2:165830119-165834626_chr2:165998533-166002862,flank,double
Ptgis_Forebrain_Any,chr2:165830119-165834626_chr2:167230121-167233041,flank,double
Ptgis_Forebrain_Any,chr2:165899450-165901658_chr2:166028827-166032601,flank,double
Ptgis_Forebrain_Any,chr2:165998533-166002862_chr2:166028827-166032601,flank,double
Ptgis_Forebrain_Any,chr2:165998533-166002862_chr2:167230121-167233041,flank,double
Ptgis_Forebrain_Any,chr2:166028827-166032601_chr2:167230121-167233041,flank,double
Ptgis_Forebrain_E11.5,chr2:165899450-165901658_chr2:166028827-166032601,flank,double
Ptgis_Forebrain_E11.5,chr2:165998533-166002862_chr2:166028827-166032601,flank,double
Ptgis_Forebrain_E11.5,chr2:165998533-166002862_chr2:167230121-167233041,flank,double
Ptgis_Forebrain_E11.5,chr2:166028827-166032601_chr2:167230121-167233041,flank,double
Ptgis_Heart_Any,chr2:165830119-165834626_chr2:165998533-166002862,flank,double
Ptgis_Heart_Any,chr2:165830119-165834626_chr2:166231982-166233333,flank,double
Ptgis_Heart_Any,chr2:165830119-165834626_chr2:167230121-167233041,flank,double
Ptgis_Heart_Any,chr2:165830119-165834626_chr2:167260679-167262290,flank,double
Ptgis_Heart_Any,chr2:165830119-165834626_chr2:167383270-167384338,flank,double
Ptgis_Heart_Any,chr2:165899450-165901658_chr2:166028827-166032601,flank,double
Ptgis_Heart_Any,chr2:165899450-165901658_chr2:166231982-166233333,flank,double
Ptgis_Heart_Any,chr2:165913777-165915416_chr2:165998533-166002862,flank,double
Ptgis_Heart_Any,chr2:165913777-165915416_chr2:166028827-166032601,flank,double
Ptgis_Heart_Any,chr2:165913777-165915416_chr2:166231982-166233333,flank,double
Ptgis_Heart_Any,chr2:165913777-165915416_chr2:167230121-167233041,flank,double
Ptgis_Heart_Any,chr2:165913777-165915416_chr2:167260679-167262290,flank,double
Ptgis_Heart_Any,chr2:165998533-166002862_chr2:166028827-166032601,flank,double
Ptgis_Heart_Any,chr2:165998533-166002862_chr2:166231982-166233333,flank,double
Ptgis_Heart_Any,chr2:165998533-166002862_chr2:167230121-167233041,flank,double
Ptgis_Heart_Any,chr2:165998533-166002862_chr2:167260679-167262290,flank,double
Ptgis_Heart_Any,chr2:165998533-166002862_chr2:167267392-167268861,flank,double
Ptgis_Heart_Any,chr2:166028827-166032601_chr2:166231982-166233333,flank,double
Ptgis_Heart_Any,chr2:166028827-166032601_chr2:167230121-167233041,flank,double
Ptgis_Heart_Any,chr2:166028827-166032601_chr2:167260679-167262290,flank,double
Ptgis_Heart_Any,chr2:166028827-166032601_chr2:167267392-167268861,flank,double
Ptgis_Heart_Any,chr2:166231982-166233333_chr2:167260679-167262290,flank,double
Ptgis_Heart_Any,chr2:166231982-166233333_chr2:167267392-167268861,flank,double
Ptgis_Heart_Any,chr2:166231982-166233333_chr2:167383270-167384338,flank,double
Ptgis_Heart_Any,chr2:167260679-167262290_chr2:167383270-167384338,flank,double
Ptgis_Heart_E11.5,chr2:165830119-165834626_chr2:167230121-167233041,flank,double
Ptgis_Heart_E11.5,chr2:165899450-165901658_chr2:166028827-166032601,flank,double
Ptgis_Heart_E11.5,chr2:165913777-165915416_chr2:166028827-166032601,flank,double
Ptgis_Heart_E11.5,chr2:165913777-165915416_chr2:167230121-167233041,flank,double
Ptgis_Heart_E11.5,chr2:166028827-166032601_chr2:167230121-167233041,flank,double
Ptgis_Heart_E11.5,chr2:166028827-166032601_chr2:167267392-167268861,flank,double
Ptgis_Limb_Any,chr2:165830119-165834626_chr2:165998533-166002862,flank,double
Ptgis_Limb_Any,chr2:165830119-165834626_chr2:166231982-166233333,flank,double
Ptgis_Limb_Any,chr2:165830119-165834626_chr2:167260679-167262290,flank,double
Ptgis_Limb_Any,chr2:165899450-165901658_chr2:166028827-166032601,flank,double
Ptgis_Limb_Any,chr2:165899450-165901658_chr2:166231982-166233333,flank,double
Ptgis_Limb_Any,chr2:165998533-166002862_chr2:166028827-166032601,flank,double
Ptgis_Limb_Any,chr2:165998533-166002862_chr2:166231982-166233333,flank,double
Ptgis_Limb_Any,chr2:165998533-166002862_chr2:167260679-167262290,flank,double
Ptgis_Limb_Any,chr2:166028827-166032601_chr2:166231982-166233333,flank,double
Ptgis_Limb_Any,chr2:166028827-166032601_chr2:167248769-167253066,flank,double
Ptgis_Limb_Any,chr2:166028827-166032601_chr2:167260679-167262290,flank,double
Ptgis_Limb_Any,chr2:166231982-166233333_chr2:167248769-167253066,flank,double
Ptgis_Limb_Any,chr2:166231982-166233333_chr2:167260679-167262290,flank,double
Ptgis_Limb_Any,chr2:167248769-167253066_chr2:167260679-167262290,flank,double
Ptgis_Limb_E11.5,chr2:165830119-165834626_chr2:166231982-166233333,flank,double
Ptgis_Limb_E11.5,chr2:165899450-165901658_chr2:166028827-166032601,flank,double
Ptgis_Limb_E11.5,chr2:165899450-165901658_chr2:166231982-166233333,flank,double
Ptgis_Limb_E11.5,chr2:166028827-166032601_chr2:166231982-166233333,flank,double
Ptgis_Limb_E11.5,chr2:166028827-166032601_chr2:167248769-167253066,flank,double
Ptgis_Limb_E11.5,chr2:166231982-166233333_chr2:167248769-167253066,flank,double
Ptprs_Forebrain_Any,chr17:56365172-56368462_chr17:56514983-56517528,flank,double
Pygl_Forebrain_Any,chr12:69363981-69365177_chr12:69536010-69539864,flank,double
Pygl_Forebrain_E11.5,chr12:69363981-69365177_chr12:69536010-69539864,flank,double
Pygl_Heart_Any,chr12:69363981-69365177_chr12:69378038-69379038,flank,double
Pygl_Heart_Any,chr12:69363981-69365177_chr12:69536010-69539864,flank,double
Pygl_Heart_Any,chr12:69378038-69379038_chr12:69536010-69539864,flank,double
Pygl_Heart_E11.5,chr12:69363981-69365177_chr12:69378038-69379038,flank,double
Pygl_Heart_E11.5,chr12:69363981-69365177_chr12:69536010-69539864,flank,double
Pygl_Heart_E11.5,chr12:69378038-69379038_chr12:69536010-69539864,flank,double
Pygl_Limb_Any,chr12:69363981-69365177_chr12:69536010-69539864,flank,double
Pygl_Limb_E11.5,chr12:69363981-69365177_chr12:69536010-69539864,flank,double
Rab11fip1_Heart_Any,chr8:27096329-27098729_chr8:27159135-27169405,flank,double
Rab12_Heart_Any,chr17:65570777-65573288_chr17:66503279-66505474,flank,double
Rab20_Heart_Any,chr8:11468950-11475428_chr8:13249241-13251662,flank,double
Rab20_Heart_E11.5,chr8:11468950-11475428_chr8:13249241-13251662,flank,double
Rabgap1l_Heart_Any,chr1:160289864-160290864_chr1:160448224-160449224,flank,double
Racgap1_Heart_Any,chr15:98820472-98821472_chr15:100176892-100178774,flank,double
Rangrf_Heart_Any,chr11:69509987-69511884_chr11:69889492-69890907,flank,double
Rangrf_Heart_E11.5,chr11:69509987-69511884_chr11:69889492-69890907,flank,double
Rarg_Limb_Any,chr15:102261470-102263761_chr15:102376379-102378912,flank,double
Rarg_Limb_Any,chr15:102370005-102371379_chr15:102376379-102378912,flank,double
Rarg_Limb_E11.5,chr15:102370005-102371379_chr15:102376379-102378912,flank,double
Rasd1_Heart_Any,chr11:60333170-60334714_chr11:60357395-60361625,flank,double
Rbfox2_Forebrain_Any,chr15:76986289-76988740_chr15:77353852-77360268,flank,double
Rbfox2_Heart_Any,chr15:77026806-77031598_chr15:77353852-77360268,flank,double
Rbfox2_Heart_E11.5,chr15:77026806-77031598_chr15:77353852-77360268,flank,double
Rbfox2_Limb_Any,chr15:77026806-77031598_chr15:77353852-77360268,flank,double
Rbfox2_Limb_E11.5,chr15:77026806-77031598_chr15:77353852-77360268,flank,double
Rbp7_Heart_Any,chr4:149286333-149287333_chr4:149395136-149404607,flank,double
Rbp7_Heart_Any,chr4:149286333-149287333_chr4:149441901-149442901,flank,double
Rbp7_Heart_Any,chr4:149286333-149287333_chr4:149522425-149523434,flank,double
Rbp7_Heart_Any,chr4:149286333-149287333_chr4:149524713-149530836,flank,double
Rbpms2_Heart_Any,chr9:65247773-65248773_chr9:65649058-65651196,flank,double
Rbpms_Heart_Any,chr8:33815702-33821355_chr8:33960155-33961155,flank,double
Rbpms_Heart_Any,chr8:33822777-33843964_chr8:33960155-33961155,flank,double
Rbpms_Heart_Any,chr8:33845005-33847015_chr8:33894802-33911630,flank,double
Rbpms_Heart_Any,chr8:33894802-33911630_chr8:33960155-33961155,flank,double
Rbpms_Heart_Any,chr8:33912351-33921572_chr8:33960155-33961155,flank,double
Rbpms_Heart_E11.5,chr8:33845005-33847015_chr8:33894802-33911630,flank,double
Rbpms_Limb_Any,chr8:33845005-33847015_chr8:33894802-33911630,flank,double
Rbpms_Limb_E11.5,chr8:33845005-33847015_chr8:33894802-33911630,flank,double
Rilpl1_Heart_Any,chr5:123312824-123314509_chr5:123324216-123328173,flank,double
Rilpl1_Heart_Any,chr5:123312824-123314509_chr5:123423676-123424676,flank,double
Rnf128_Heart_Any,chrX:140501270-140502319_chrX:140503981-140508707,flank,double
Rnft1_Heart_Any,chr11:86645819-86648869_chr11:87024844-87027570,flank,double
Rnft2_Forebrain_Any,chr5:118213842-118215227_chr5:118634914-118636672,flank,double
Rpl7l1_Heart_Any,chr17:47493444-47494444_chr17:47742921-47743921,flank,double
Rpl7l1_Heart_E11.5,chr17:47493444-47494444_chr17:47742921-47743921,flank,double
Samd15_Heart_Any,chr12:86781456-86782632_chr12:86854967-86857719,flank,double
Sarm1_Forebrain_Any,chr11:78886072-78888147_chr11:79609785-79614433,flank,double
Sarm1_Forebrain_Any,chr11:78886072-78888147_chr11:79973123-79975200,flank,double
Sarm1_Forebrain_E11.5,chr11:78886072-78888147_chr11:79609785-79614433,flank,double
Sarm1_Limb_Any,chr11:78886072-78888147_chr11:79609785-79614433,flank,double
Sarm1_Limb_E11.5,chr11:78886072-78888147_chr11:79609785-79614433,flank,double
Sbf2_Forebrain_Any,chr7:109967294-109970198_chr7:110082963-110084015,flank,double
Scfd1_Heart_Any,chr12:51699063-51700858_chr12:51862654-51867699,flank,double
Scfd1_Heart_Any,chr12:51862654-51867699_chr12:51882227-51884406,flank,double
Sec14l1_Heart_Any,chr11:117246279-117249986_chr11:117706665-117708289,flank,double
Sec14l1_Heart_E11.5,chr11:117246279-117249986_chr11:117706665-117708289,flank,double
Sema4d_Forebrain_Any,chr13:51815932-51817836_chr13:52041128-52042929,flank,double
Sema4d_Heart_Any,chr13:51737263-51740095_chr13:52041128-52042929,flank,double
Sema4d_Heart_Any,chr13:51815932-51817836_chr13:52041128-52042929,flank,double
Serinc3_Heart_Any,chr2:163637160-163639093_chr2:163670415-163672755,flank,double
Serinc3_Heart_Any,chr2:163637160-163639093_chr2:163696537-163700275,flank,double
Serinc3_Heart_Any,chr2:163637160-163639093_chr2:163708135-163713803,flank,double
Serinc3_Heart_E11.5,chr2:163637160-163639093_chr2:163670415-163672755,flank,double
Serinc3_Heart_E11.5,chr2:163637160-163639093_chr2:163696537-163700275,flank,double
Serinc3_Heart_E11.5,chr2:163637160-163639093_chr2:163708135-163713803,flank,double
Setbp1_Heart_Any,chr18:78491283-78497420_chr18:79066941-79073060,flank,double
Sh3pxd2a_Heart_Any,chr19:46952928-46953928_chr19:47329897-47331955,flank,double
Sh3pxd2a_Limb_Any,chr19:46952928-46953928_chr19:47329897-47331955,flank,double
Sh3pxd2a_Limb_Any,chr19:46952928-46953928_chr19:47332829-47335816,flank,double
Sh3pxd2a_Limb_Any,chr19:47329897-47331955_chr19:47332829-47335816,flank,double
Sh3pxd2a_Limb_Any,chr19:47329897-47331955_chr19:47498677-47499935,flank,double
Sh3pxd2a_Limb_Any,chr19:47332829-47335816_chr19:47498677-47499935,flank,double
Sh3pxd2a_Limb_E11.5,chr19:47329897-47331955_chr19:47498677-47499935,flank,double
Sh3rf1_Forebrain_Any,chr8:61235817-61237449_chr8:61402432-61405303,flank,double
Sh3rf1_Forebrain_Any,chr8:61315399-61318406_chr8:61402432-61405303,flank,double
Sh3rf1_Forebrain_E11.5,chr8:61315399-61318406_chr8:61402432-61405303,flank,double
Sh3tc1_Heart_Any,chr5:35899436-35902042_chr5:36552428-36555314,flank,double
Sh3tc1_Heart_E11.5,chr5:35899436-35902042_chr5:36552428-36555314,flank,double
Sh3tc1_Limb_Any,chr5:35899436-35902042_chr5:36552428-36555314,flank,double
She_Heart_Any,chr3:89834849-89835849_chr3:90208456-90209626,flank,double
She_Heart_Any,chr3:89834849-89835849_chr3:90445385-90449082,flank,double
Shroom3_Heart_Any,chr5:92761894-92764423_chr5:92879700-92881685,flank,double
Shroom3_Heart_Any,chr5:92761894-92764423_chr5:92885689-92891785,flank,double
Shroom3_Heart_Any,chr5:92772608-92775063_chr5:92795773-92797256,flank,double
Shroom3_Heart_Any,chr5:92772608-92775063_chr5:92840289-92844883,flank,double
Shroom3_Heart_Any,chr5:92772608-92775063_chr5:92913584-92916750,flank,double
Shroom3_Heart_Any,chr5:92795773-92797256_chr5:92913584-92916750,flank,double
Shroom3_Heart_Any,chr5:92913584-92916750_chr5:92920577-92921577,flank,double
Shroom3_Heart_Any,chr5:92913584-92916750_chr5:92923509-92926202,flank,double
Shroom3_Heart_E11.5,chr5:92772608-92775063_chr5:92913584-92916750,flank,double
Shroom3_Heart_E11.5,chr5:92904582-92911920_chr5:92917345-92919909,flank,double
Shroom3_Heart_E11.5,chr5:92913584-92916750_chr5:92917345-92919909,flank,double
Shroom3_Heart_E11.5,chr5:92913584-92916750_chr5:92923509-92926202,flank,double
Slc12a4_Heart_Any,chr8:105593554-105597166_chr8:105714366-105715716,flank,double
Slc12a4_Heart_Any,chr8:105593554-105597166_chr8:105726315-105728677,flank,double
Slc12a4_Heart_Any,chr8:105714366-105715716_chr8:105726315-105728677,flank,double
Slc12a4_Heart_E11.5,chr8:105593554-105597166_chr8:105726315-105728677,flank,double
Slc1a5_Heart_Any,chr7:15953771-15957934_chr7:16294125-16298029,flank,double
Slc1a5_Heart_Any,chr7:15953771-15957934_chr7:16600637-16603556,flank,double
Slc1a5_Heart_Any,chr7:16294125-16298029_chr7:16600637-16603556,flank,double
Slc1a5_Heart_Any,chr7:16294125-16298029_chr7:16791531-16794116,flank,double
Slc1a5_Heart_Any,chr7:16325231-16327276_chr7:16600637-16603556,flank,double
Slc1a5_Heart_Any,chr7:16349327-16350715_chr7:16600637-16603556,flank,double
Slc1a5_Heart_E11.5,chr7:15953771-15957934_chr7:16294125-16298029,flank,double
Slc1a5_Heart_E11.5,chr7:15953771-15957934_chr7:16600637-16603556,flank,double
Slc1a5_Heart_E11.5,chr7:16294125-16298029_chr7:16600637-16603556,flank,double
Slc1a5_Heart_E11.5,chr7:16325231-16327276_chr7:16600637-16603556,flank,double
Slc1a5_Heart_E11.5,chr7:16349327-16350715_chr7:16600637-16603556,flank,double
Slc25a17_Forebrain_Any,chr15:81271907-81273953_chr15:81305363-81306363,flank,double
Slc51a_Heart_Any,chr16:32335583-32336583_chr16:32462607-32464415,flank,double
Slc51a_Heart_Any,chr16:32462607-32464415_chr16:32567862-32568862,flank,double
Smad6_Heart_Any,chr9:63914910-63920782_chr9:63940973-63943914,flank,double
Smad6_Heart_Any,chr9:63924497-63929170_chr9:63940973-63943914,flank,double
Smad6_Heart_E11.5,chr9:63914910-63920782_chr9:63940973-63943914,flank,double
Smad6_Heart_E11.5,chr9:63924497-63929170_chr9:63940973-63943914,flank,double
Smtn_Heart_Any,chr11:4497053-4498451_chr11:4602374-4607819,flank,double
Smyd4_Heart_Any,chr11:74766931-74768309_chr11:75219876-75221203,flank,double
Smyd4_Heart_Any,chr11:74766931-74768309_chr11:75248447-75250687,flank,double
Smyd4_Heart_Any,chr11:75219876-75221203_chr11:75248447-75250687,flank,double
Smyd4_Heart_Any,chr11:75219876-75221203_chr11:75272620-75276312,flank,double
Smyd4_Heart_E11.5,chr11:75219876-75221203_chr11:75248447-75250687,flank,double
Smyd4_Heart_E11.5,chr11:75219876-75221203_chr11:75272620-75276312,flank,double
Snai3_Heart_Any,chr8:121630869-121633048_chr8:123070840-123071840,flank,double
Sntb2_Heart_Any,chr8:106704047-106707029_chr8:106962026-106963026,flank,double
Sntb2_Heart_Any,chr8:106713785-106715258_chr8:106962026-106963026,flank,double
Sntb2_Heart_Any,chr8:106720783-106721783_chr8:106924165-106925913,flank,double
Sntb2_Heart_Any,chr8:106720783-106721783_chr8:106969799-106973256,flank,double
Sntb2_Heart_Any,chr8:106924165-106925913_chr8:106962026-106963026,flank,double
Sntb2_Heart_Any,chr8:106943961-106945922_chr8:106962026-106963026,flank,double
Socs1_Heart_Any,chr16:10843183-10844913_chr16:10848803-10852136,flank,double
Socs1_Heart_Any,chr16:10843183-10844913_chr16:11044845-11047596,flank,double
Socs1_Heart_E11.5,chr16:10843183-10844913_chr16:11044845-11047596,flank,double
Socs1_Limb_Any,chr16:10843183-10844913_chr16:10848803-10852136,flank,double
Sox2ot_Forebrain_Any,chr3:34678736-34680826_chr3:34691733-34692773,flank,double
Sox2ot_Forebrain_E11.5,chr3:34678736-34680826_chr3:34691733-34692773,flank,double
Sox9_Limb_Any,chr11:112055454-112056695_chr11:113438704-113440895,flank,double
Sox9_Limb_E11.5,chr11:112055454-112056695_chr11:113438704-113440895,flank,double
Spata24_Heart_Any,chr18:35729488-35730779_chr18:35822511-35825057,flank,double
Spata24_Heart_Any,chr18:35729488-35730779_chr18:35941267-35943507,flank,double
Spata24_Heart_E11.5,chr18:35729488-35730779_chr18:35941267-35943507,flank,double
Spin1_Limb_Any,chr13:51214445-51215732_chr13:51610817-51611817,flank,double
Spock1_Forebrain_Any,chr13:57190647-57191647_chr13:57459171-57461348,flank,double
Spock1_Forebrain_Any,chr13:57190647-57191647_chr13:57635569-57639697,flank,double
Spon2_Heart_Any,chr5:32472031-32474170_chr5:32632277-32634804,flank,double
Spry1_Limb_Any,chr3:37584957-37588153_chr3:38175068-38176756,flank,double
Spry4_Heart_Any,chr18:38126352-38127975_chr18:38742193-38743383,flank,double
Srf_Heart_Any,chr17:46570242-46572973_chr17:46601679-46603574,flank,double
Srprb_Forebrain_Any,chr9:102720167-102728729_chr9:103398224-103399224,flank,double
Srprb_Forebrain_Any,chr9:103398224-103399224_chr9:103431650-103433142,flank,double
Srprb_Heart_Any,chr9:102720167-102728729_chr9:103398224-103399224,flank,double
Srprb_Heart_Any,chr9:103398224-103399224_chr9:103431650-103433142,flank,double
Srprb_Limb_Any,chr9:102720167-102728729_chr9:103398224-103399224,flank,double
Srprb_Limb_Any,chr9:103398224-103399224_chr9:103431650-103433142,flank,double
Sult5a1_Heart_Any,chr8:122437257-122438947_chr8:123150613-123152014,flank,double
Syde2_Heart_Any,chr3:145952558-145953558_chr3:145961935-145967958,flank,double
Tanc1_Heart_Any,chr2:59696484-59701527_chr2:59741457-59743873,flank,double
Tanc1_Heart_Any,chr2:59741457-59743873_chr2:59823297-59831587,flank,double
Tanc1_Heart_E11.5,chr2:59696484-59701527_chr2:59741457-59743873,flank,double
Tanc1_Heart_E11.5,chr2:59741457-59743873_chr2:59823297-59831587,flank,double
Tanc1_Limb_Any,chr2:59696484-59701527_chr2:59741457-59743873,flank,double
Tanc1_Limb_Any,chr2:59741457-59743873_chr2:59823297-59831587,flank,double
Tanc1_Limb_Any,chr2:59755679-59759480_chr2:59823297-59831587,flank,double
Tanc1_Limb_E11.5,chr2:59696484-59701527_chr2:59741457-59743873,flank,double
Tanc1_Limb_E11.5,chr2:59741457-59743873_chr2:59823297-59831587,flank,double
Tanc1_Limb_E11.5,chr2:59755679-59759480_chr2:59823297-59831587,flank,double
Tbc1d22b_Forebrain_Any,chr17:29588758-29590410_chr17:29720076-29721076,flank,double
Tbc1d22b_Forebrain_Any,chr17:29588758-29590410_chr17:30489533-30490639,flank,double
Tbc1d22b_Forebrain_E11.5,chr17:29588758-29590410_chr17:30489533-30490639,flank,double
Tbc1d8b_Heart_Any,chrX:140509925-140512933_chrX:140535157-140536157,flank,double
Tcf7l1_Heart_Any,chr6:72647264-72650747_chr6:72766101-72771037,flank,double
Tcf7l1_Limb_Any,chr6:72647264-72650747_chr6:72704456-72705997,flank,double
Tcf7l1_Limb_Any,chr6:72647264-72650747_chr6:72766101-72771037,flank,double
Tcf7l1_Limb_E11.5,chr6:72647264-72650747_chr6:72766101-72771037,flank,double
Tfeb_Heart_Any,chr17:47507648-47509869_chr17:47748393-47750413,flank,double
Tfeb_Heart_E11.5,chr17:47507648-47509869_chr17:47748393-47750413,flank,double
Tfrc_Heart_Any,chr16:32519156-32525106_chr16:32653539-32654539,flank,double
Tgfb2_Limb_Any,chr1:185897818-185899690_chr1:186412772-186414585,flank,double
Tgfbr3_Heart_Any,chr5:107078820-107081912_chr5:107182915-107185265,flank,double
Tgfbr3_Heart_Any,chr5:107085863-107089139_chr5:107182915-107185265,flank,double
Tgfbr3_Heart_Any,chr5:107085863-107089139_chr5:107266308-107269453,flank,double
Tgfbr3_Heart_Any,chr5:107177274-107180340_chr5:107182915-107185265,flank,double
Tgfbr3_Heart_Any,chr5:107182915-107185265_chr5:107275475-107277390,flank,double
Tgfbr3_Heart_Any,chr5:107182915-107185265_chr5:107814237-107815528,flank,double
Tgfbr3_Heart_Any,chr5:107250314-107253519_chr5:107260799-107262441,flank,double
Tgfbr3_Limb_Any,chr5:107085863-107089139_chr5:107266308-107269453,flank,double
Tgif1_Forebrain_Any,chr17:70746079-70749195_chr17:70778829-70782532,flank,double
Tgif1_Forebrain_Any,chr17:70771571-70772969_chr17:70778829-70782532,flank,double
Tgif1_Forebrain_E11.5,chr17:70746079-70749195_chr17:70778829-70782532,flank,double
Tgif1_Forebrain_E11.5,chr17:70771571-70772969_chr17:70778829-70782532,flank,double
Tgif1_Limb_Any,chr17:70746079-70749195_chr17:70778829-70782532,flank,double
Timp2_Heart_Any,chr11:118253288-118255531_chr11:118375424-118376464,flank,double
Tmed1_Heart_Any,chr9:21130453-21131929_chr9:21320288-21322747,flank,double
Tmed1_Heart_Any,chr9:21320288-21322747_chr9:21352019-21355284,flank,double
Tmed1_Heart_E11.5,chr9:21320288-21322747_chr9:21352019-21355284,flank,double
Tmed1_Limb_Any,chr9:21130453-21131929_chr9:21320288-21322747,flank,double
Tmed1_Limb_Any,chr9:21320288-21322747_chr9:21352019-21355284,flank,double
Tmem130_Forebrain_Any,chr5:144590524-144591996_chr5:144757532-144759149,flank,double
Tns3_Heart_Any,chr11:8465777-8474857_chr11:8700772-8702535,flank,double
Tns3_Heart_E11.5,chr11:8465777-8474857_chr11:8700772-8702535,flank,double
Trim47_Heart_Any,chr11:115684465-115687516_chr11:116040034-116041034,flank,double
Ube2d1_Forebrain_Any,chr10:69604789-69606045_chr10:69858105-69860238,flank,double
Ube2d1_Forebrain_Any,chr10:69630557-69631760_chr10:69858105-69860238,flank,double
Uncx_Forebrain_Any,chr5:139571952-139572952_chr5:139584208-139586332,flank,double
Uncx_Forebrain_E11.5,chr5:139571952-139572952_chr5:139584208-139586332,flank,double
Upk3b_Heart_Any,chr5:136456070-136459729_chr5:136539405-136541645,flank,double
Upk3b_Heart_E11.5,chr5:136456070-136459729_chr5:136539405-136541645,flank,double
Usp50_Heart_Any,chr2:126815633-126818121_chr2:127237562-127239227,flank,double
Vps37b_Forebrain_Any,chr5:123603403-123604403_chr5:124036086-124037482,flank,double
Vps37b_Forebrain_Any,chr5:123603403-123604403_chr5:124171084-124178657,flank,double
Wasf2_Heart_Any,chr4:132415559-132417910_chr4:132618358-132619358,flank,double
Wasf2_Heart_Any,chr4:132618358-132619358_chr4:133158422-133160147,flank,double
Wasf2_Heart_Any,chr4:132618358-132619358_chr4:133182638-133186681,flank,double
Wbscr27_Heart_Any,chr5:134571236-134573622_chr5:134950627-134952351,flank,double
Wbscr27_Heart_Any,chr5:134571236-134573622_chr5:135028359-135030594,flank,double
Wbscr27_Heart_Any,chr5:134950627-134952351_chr5:135028359-135030594,flank,double
Wdr53_Heart_Any,chr16:32160535-32161535_chr16:32550901-32551965,flank,double
Wnt5b_Heart_Any,chr6:120055585-120056585_chr6:120279098-120280098,flank,double
Wwc2_Heart_Any,chr8:47851399-47853308_chr8:47950860-47952540,flank,double
Wwc2_Heart_Any,chr8:47851399-47853308_chr8:47973704-47975962,flank,double
Wwc2_Heart_Any,chr8:47851399-47853308_chr8:47994233-47995695,flank,double
Wwc2_Heart_Any,chr8:47950860-47952540_chr8:47973704-47975962,flank,double
Wwc2_Heart_Any,chr8:47950860-47952540_chr8:47994233-47995695,flank,double
Wwc2_Heart_Any,chr8:47973704-47975962_chr8:47994233-47995695,flank,double
Wwc2_Heart_E11.5,chr8:47851399-47853308_chr8:47973704-47975962,flank,double
Wwc2_Heart_E11.5,chr8:47851399-47853308_chr8:47994233-47995695,flank,double
Wwc2_Heart_E11.5,chr8:47973704-47975962_chr8:47994233-47995695,flank,double
Wwp2_Limb_Any,chr8:107457394-107458868_chr8:107478329-107479914,flank,double
Wwp2_Limb_E11.5,chr8:107457394-107458868_chr8:107478329-107479914,flank,double
Wwtr1_Heart_Any,chr3:57504176-57507101_chr3:57515339-57516498,flank,double
Ypel2_Heart_Any,chr11:86839151-86841627_chr11:86980597-86982616,flank,double
Ypel2_Heart_Any,chr11:86892831-86899691_chr11:86980597-86982616,flank,double
Ypel2_Limb_Any,chr11:86892831-86899691_chr11:86980597-86982616,flank,double
Zbed3_Heart_Any,chr13:93982729-93984198_chr13:93988806-93990533,flank,double
Zbed3_Heart_E11.5,chr13:93982729-93984198_chr13:93988806-93990533,flank,double
Zbtb42_Heart_Any,chr12:111663051-111666858_chr12:111680604-111684474,flank,double
Zbtb42_Heart_Any,chr12:111680604-111684474_chr12:111704145-111706976,flank,double
Zbtb42_Heart_Any,chr12:111680604-111684474_chr12:111765578-111768104,flank,double
Zbtb42_Heart_Any,chr12:111704145-111706976_chr12:111765578-111768104,flank,double
Zbtb42_Heart_E11.5,chr12:111663051-111666858_chr12:111680604-111684474,flank,double
Zbtb42_Heart_E11.5,chr12:111680604-111684474_chr12:111704145-111706976,flank,double
Zbtb8os_Heart_Any,chr4:129256060-129257878_chr4:129295580-129296658,flank,double
Zdhhc12_Heart_Any,chr2:30184909-30186756_chr2:30407598-30411215,flank,double
Zfhx3_Forebrain_Any,chr8:108758037-108760073_chr8:109231516-109234398,flank,double
Zfhx3_Limb_Any,chr8:108758037-108760073_chr8:108976611-108979609,flank,double
Zfhx3_Limb_E11.5,chr8:108758037-108760073_chr8:108976611-108979609,flank,double
Zfp341_Heart_Any,chr2:153607089-153613288_chr2:154468917-154469917,flank,double
Zfp36_Limb_Any,chr7:28341219-28342814_chr7:28381755-28386830,flank,double
Zfp36_Limb_E11.5,chr7:28341219-28342814_chr7:28381755-28386830,flank,double
Zfp532_Forebrain_Any,chr18:65518746-65524328_chr18:65529482-65531944,flank,double
Zfp532_Forebrain_E11.5,chr18:65518746-65524328_chr18:65529482-65531944,flank,double
Zfp532_Heart_Any,chr18:65518746-65524328_chr18:65529482-65531944,flank,double
Zfp532_Heart_E11.5,chr18:65518746-65524328_chr18:65529482-65531944,flank,double
Zfp532_Limb_Any,chr18:65518746-65524328_chr18:65529482-65531944,flank,double
Zfp532_Limb_Any,chr18:65529482-65531944_chr18:65548845-65550654,flank,double
Zfp532_Limb_E11.5,chr18:65518746-65524328_chr18:65529482-65531944,flank,double
Zfp532_Limb_E11.5,chr18:65529482-65531944_chr18:65548845-65550654,flank,double
Zfp609_Forebrain_Any,chr9:65692354-65694614_chr9:65830913-65833852,flank,double
Zfp609_Forebrain_E11.5,chr9:65692354-65694614_chr9:65830913-65833852,flank,double
Zfp609_Heart_Any,chr9:65692354-65694614_chr9:65830913-65833852,flank,double
Zfp839_Heart_Any,chr12:110464534-110465610_chr12:110608160-110609671,flank,double
Zfp839_Heart_Any,chr12:110464534-110465610_chr12:110775592-110776592,flank,double
Zfp839_Heart_Any,chr12:110531973-110534858_chr12:110775592-110776592,flank,double
Zfp839_Heart_E11.5,chr12:110464534-110465610_chr12:110608160-110609671,flank,double
Zfp960_Limb_Any,chr17:17438308-17439415_chr17:17485801-17486801,flank,double
Zfp960_Limb_E11.5,chr17:17438308-17439415_chr17:17485801-17486801,flank,double
