pair_dir	is_close_gap	is_adjacent_neighbors	LL_hit	RR_hit	LR_hit	RL_hit	LL_RR_double_hit	LR_RL_double_hit	any_double_hit	double_hit_type	best_double_hit_comparison	best_double_hit_evalue	best_double_hit_bitscore	best_double_hit_neg_log10_evalue
NULL/chr2L_1074290-1074681__chr2L_17744617-17744940	False	False	1	1	1	1	1	1	1	BOTH	RL	0.064	27.4	1.193820026016113
NULL/chr2L_1074290-1074681__chr2L_7312164-7312502	False	False	1	0	1	1	0	1	1	LR_RL	RL	0.48	22.9	0.3187587626244128
NULL/chr2L_1074290-1074681__chr2L_8843634-8843738	False	False	1	0	1	1	0	1	1	LR_RL	LR	0.016	29.2	1.7958800173440752
NULL/chr2L_1118230-1118839__chr2L_14484848-14485326	False	False	1	1	1	0	1	0	1	LL_RR	RR	0.12	26.5	0.9208187539523752
NULL/chr2L_1118230-1118839__chr2L_18894563-18895695	False	False	0	0	1	1	0	1	1	LR_RL	RL	0.043	26.5	1.3665315444204136
NULL/chr2L_1118230-1118839__chr2L_7407733-7408080	False	False	1	1	1	1	1	1	1	BOTH	RR	0.034	28.3	1.4685210829577449
NULL/chr2L_1123442-1123872__chr2L_16277332-16277560	False	False	1	1	1	1	1	1	1	BOTH	LR	0.034	28.3	1.4685210829577449
NULL/chr2L_1123442-1123872__chr2L_20473787-20474193	False	False	0	1	0	1	0	0	0	NONE				
NULL/chr2L_1123442-1123872__chr2L_6422856-6423068	False	False	0	1	1	1	0	1	1	LR_RL	RL	0.22	24.7	0.6575773191777937
NULL/chr2L_1123442-1123872__chr2L_7300056-7300353	False	False	1	1	1	1	1	1	1	BOTH	LL	0.12	27.4	0.9208187539523752
NULL/chr2L_1123442-1123872__chr2L_9989401-9989775	False	False	0	1	1	0	0	0	0	NONE				
NULL/chr2L_11415248-11415544__chr2L_14484848-14485326	False	False	0	1	1	1	0	1	1	LR_RL	RL	0.072	26.5	1.1426675035687315
NULL/chr2L_11452852-11453384__chr2L_12090222-12090543	False	False	1	1	1	0	1	0	1	LL_RR	RR	0.018	28.3	1.744727494896694
NULL/chr2L_11458598-11459020__chr2L_14410187-14410566	False	False	1	1	1	1	1	1	1	BOTH	RL	0.064	26.5	1.193820026016113
NULL/chr2L_11458598-11459020__chr2L_14481618-14482010	False	False	1	1	0	1	1	0	1	LL_RR	LL	0.22	24.7	0.6575773191777937
NULL/chr2L_11458598-11459020__chr2L_21835079-21835348	False	False	0	0	0	1	0	0	0	NONE				
NULL/chr2L_1157764-1158130__chr2L_12655423-12655623	False	False	1	1	1	0	1	0	1	LL_RR	RR	0.11	26.5	0.958607314841775
NULL/chr2L_1157764-1158130__chr2L_18894031-18894287	False	False	0	0	1	0	0	0	0	NONE				
NULL/chr2L_1157764-1158130__chr2L_4363652-4364006	False	False	1	0	0	1	0	0	0	NONE				
NULL/chr2L_1162261-1162810__chr2L_15482011-15482211	False	False	0	0	0	0	0	0	0	NONE				
NULL/chr2L_1162261-1162810__chr2L_16277332-16277560	False	False	0	0	1	1	0	1	1	LR_RL	RL	0.008	29.2	2.0969100130080562
NULL/chr2L_1162261-1162810__chr2L_6076424-6076624	False	False	0	1	1	1	0	1	1	LR_RL	RL	0.02	26.5	1.6989700043360187
NULL/chr2L_12003862-12004365__chr2L_14410187-14410566	False	False	1	0	1	1	0	1	1	LR_RL	RL	0.001	32.8	3.0
NULL/chr2L_12003862-12004365__chr2L_18498013-18498258	False	False	0	1	1	0	0	0	0	NONE				
NULL/chr2L_12003862-12004365__chr2L_18894563-18895695	False	False	0	1	1	0	0	0	0	NONE				
NULL/chr2L_12003862-12004365__chr2L_19215078-19215278	False	False	1	1	1	1	1	1	1	BOTH	RL	0.064	27.4	1.193820026016113
NULL/chr2L_12003862-12004365__chr2L_20298155-20298629	False	False	0	1	1	0	0	0	0	NONE				
NULL/chr2L_12003862-12004365__chr2L_21831155-21831728	False	False	1	1	1	1	1	1	1	BOTH	LL	0.064	27.4	1.193820026016113
NULL/chr2L_12003862-12004365__chr2L_21835079-21835348	False	False	1	0	0	1	0	0	0	NONE				
NULL/chr2L_12007022-12007307__chr2L_15475634-15475834	False	False	1	1	1	0	1	0	1	LL_RR	LL	0.064	27.4	1.193820026016113
NULL/chr2L_12007022-12007307__chr2L_18498013-18498258	False	False	1	1	1	1	1	1	1	BOTH	RL	0.065	26.5	1.1870866433571443
NULL/chr2L_12007022-12007307__chr2L_19759686-19760051	False	False	0	1	1	1	0	1	1	LR_RL	RL	0.23	24.7	0.638272163982407
NULL/chr2L_12007022-12007307__chr2L_21836087-21836312	False	False	1	0	1	1	0	1	1	LR_RL	RL	0.58	23.8	0.23657200643706275
NULL/chr2L_12009847-12010112__chr2L_15475634-15475834	False	False	0	1	1	1	0	1	1	LR_RL	LR	0.065	27.4	1.1870866433571443
NULL/chr2L_12080941-12081738__chr2L_14245654-14246036	False	False	1	1	0	1	1	0	1	LL_RR	LL	0.005	30.1	2.3010299956639813
NULL/chr2L_12080941-12081738__chr2L_14434419-14434949	False	False	1	1	1	1	1	1	1	BOTH	RR	0.004	27.4	2.3979400086720375
NULL/chr2L_12082256-12083149__chr2L_15333222-15333912	False	False	0	1	1	0	0	0	0	NONE				
NULL/chr2L_12088676-12088812__chr2L_12594000-12594200	False	False	1	0	1	1	0	1	1	LR_RL	LR	0.000123	35.6	3.910094888560602
NULL/chr2L_12088676-12088812__chr2L_14261983-14262284	False	False	0	1	1	0	0	0	0	NONE				
NULL/chr2L_12088676-12088812__chr2L_14443791-14444179	False	False	0	0	1	0	0	0	0	NONE				
NULL/chr2L_12088676-12088812__chr2L_20473787-20474193	False	False	1	1	0	1	1	0	1	LL_RR	RR	0.27	25.6	0.5686362358410126
NULL/chr2L_12089073-12089963__chr2L_12655423-12655623	False	False	1	0	1	1	0	1	1	LR_RL	LR	0.27	21.1	0.5686362358410126
NULL/chr2L_12594000-12594200__chr2L_18329506-18330029	False	False	1	0	1	1	0	1	1	LR_RL	LR	0.011	29.2	1.958607314841775
NULL/chr2L_12594000-12594200__chr2L_20473787-20474193	False	False	1	1	1	1	1	1	1	BOTH	RR	0.064	26.5	1.193820026016113
NULL/chr2L_12617842-12618274__chr2L_14476624-14476824	False	False	1	1	1	1	1	1	1	BOTH	RL	3.51e-05	37.4	4.454692883534176
NULL/chr2L_12617842-12618274__chr2L_14537085-14537454	False	False	1	0	1	1	0	1	1	LR_RL	LR	0.77	23.8	0.11350927482751812
NULL/chr2L_12617842-12618274__chr2L_17744617-17744940	False	False	1	1	1	1	1	1	1	BOTH	LL	0.018	28.3	1.744727494896694
NULL/chr2L_12617842-12618274__chr2L_21840673-21841262	False	False	0	0	0	0	0	0	0	NONE				
NULL/chr2L_12655423-12655623__chr2L_14446412-14446612	False	False	0	1	1	0	0	0	0	NONE				
NULL/chr2L_13205136-13205433__chr2L_20298155-20298629	False	False	1	1	0	1	1	0	1	LL_RR	RR	0.018	29.2	1.744727494896694
NULL/chr2L_13211918-13212118__chr2L_14238009-14238297	False	False	1	1	1	1	1	1	1	BOTH	LR	0.005	30.1	2.3010299956639813
NULL/chr2L_13215675-13216164__chr2L_14245654-14246036	False	False	1	1	0	1	1	0	1	LL_RR	LL	0.064	26.5	1.193820026016113
NULL/chr2L_13225382-13225582__chr2L_13260602-13260802	False	False	1	1	0	1	1	0	1	LL_RR	RR	0.008	31.0	2.0969100130080562
NULL/chr2L_13225382-13225582__chr2L_14446412-14446612	False	False	0	1	1	0	0	0	0	NONE				
NULL/chr2L_13225382-13225582__chr2L_15323128-15323794	False	False	1	1	1	1	1	1	1	BOTH	LL	0.031	25.6	1.5086383061657274
NULL/chr2L_13225382-13225582__chr2L_21835079-21835348	False	False	0	0	0	0	0	0	0	NONE				
NULL/chr2L_13229384-13229619__chr2L_13254815-13255036	False	False	0	0	0	1	0	0	0	NONE				
NULL/chr2L_13229384-13229619__chr2L_14248855-14249055	False	False	0	1	1	1	0	1	1	LR_RL	RL	0.22	25.6	0.6575773191777937
NULL/chr2L_13229384-13229619__chr2L_14410187-14410566	False	False	1	1	1	1	1	1	1	BOTH	LL	0.008	30.1	2.0969100130080562
NULL/chr2L_13254815-13255036__chr2L_14248855-14249055	False	False	1	1	1	1	1	1	1	BOTH	RR	0.064	27.4	1.193820026016113
NULL/chr2L_13254815-13255036__chr2L_14497639-14498275	False	False	1	1	1	1	1	1	1	BOTH	RL	0.001	31.9	3.0
NULL/chr2L_13260602-13260802__chr2L_14230546-14231007	False	False	1	1	1	1	1	1	1	BOTH	LR	0.018	29.2	1.744727494896694
NULL/chr2L_13260602-13260802__chr2L_14476624-14476824	False	False	1	1	0	1	1	0	1	LL_RR	LL	0.018	28.3	1.744727494896694
NULL/chr2L_14230546-14231007__chr2L_15332558-15332979	False	False	1	1	0	1	1	0	1	LL_RR	LL	0.012	27.4	1.9208187539523751
NULL/chr2L_14238009-14238297__chr2L_20304372-20304698	False	False	1	1	1	1	1	1	1	BOTH	RL	0.018	29.2	1.744727494896694
NULL/chr2L_14245654-14246036__chr2L_14410187-14410566	False	False	1	1	1	1	1	1	1	BOTH	LR	0.001	31.9	3.0
NULL/chr2L_14248855-14249055__chr2L_14453181-14453682	False	False	1	1	1	1	1	1	1	BOTH	LR	0.005	30.1	2.3010299956639813
NULL/chr2L_14248855-14249055__chr2L_15323128-15323794	False	False	0	0	1	0	0	0	0	NONE				
NULL/chr2L_14265078-14265431__chr2L_14443791-14444179	False	False	1	1	1	1	1	1	1	BOTH	RL	0.064	26.5	1.193820026016113
NULL/chr2L_14265078-14265431__chr2L_17736424-17736667	False	False	1	1	1	1	1	1	1	BOTH	LR	0.02	29.2	1.6989700043360187
NULL/chr2L_14265078-14265431__chr2L_21836087-21836312	False	False	0	1	1	1	0	1	1	LR_RL	LR	0.000151	36.5	3.8210230527068307
NULL/chr2L_14267350-14267653__chr2L_21797958-21798158	False	False	1	1	1	1	1	1	1	BOTH	LL	0.018	28.3	1.744727494896694
NULL/chr2L_14434419-14434949__chr2L_21831155-21831728	False	False	1	1	1	1	1	1	1	BOTH	LL	0.22	24.7	0.6575773191777937
NULL/chr2L_14434419-14434949__chr2L_21835353-21835553	False	False	0	0	0	0	0	0	0	NONE				
NULL/chr2L_14435741-14436213__chr2L_15331388-15332093	False	False	1	1	1	0	1	0	1	LL_RR	LL	0.069	25.6	1.1611509092627446
NULL/chr2L_14435741-14436213__chr2L_17744617-17744940	False	False	1	1	0	1	1	0	1	LL_RR	LL	0.24	22.9	0.619788758288394
NULL/chr2L_14443791-14444179__chr2L_18894563-18895695	False	False	1	0	1	0	0	0	0	NONE				
NULL/chr2L_14444805-14445074__chr2L_15333222-15333912	False	False	0	0	1	1	0	1	1	LR_RL	RL	0.002	28.3	2.6989700043360187
NULL/chr2L_14444805-14445074__chr2L_16763500-16763743	False	False	1	1	1	1	1	1	1	BOTH	RR	0.049	25.6	1.3098039199714864
NULL/chr2L_14445719-14445919__chr2L_16762522-16762722	False	False	1	0	1	0	0	0	0	NONE				
NULL/chr2L_14476624-14476824__chr2L_15475634-15475834	False	False	1	0	1	1	0	1	1	LR_RL	RL	0.22	24.7	0.6575773191777937
NULL/chr2L_14476624-14476824__chr2L_18977693-18978042	False	False	0	1	1	0	0	0	0	NONE				
NULL/chr2L_14476624-14476824__chr2L_20468678-20469091	False	False	1	1	1	0	1	0	1	LL_RR	LL	0.018	28.3	1.744727494896694
NULL/chr2L_14476624-14476824__chr2L_21835353-21835553	False	False	0	0	0	0	0	0	0	NONE				
NULL/chr2L_14481618-14482010__chr2L_15323128-15323794	False	False	0	0	0	0	0	0	0	NONE				
NULL/chr2L_14481618-14482010__chr2L_21797958-21798158	False	False	1	0	1	0	0	0	0	NONE				
NULL/chr2L_14484848-14485326__chr2L_21840673-21841262	False	False	0	1	1	0	0	0	0	NONE				
NULL/chr2L_14497639-14498275__chr2L_15475634-15475834	False	False	1	1	1	1	1	1	1	BOTH	RR	0.064	27.4	1.193820026016113
NULL/chr2L_14517261-14517665__chr2L_20298155-20298629	False	False	1	0	0	1	0	0	0	NONE				
NULL/chr2L_14527451-14527987__chr2L_15323946-15324408	False	False	0	1	1	0	0	0	0	NONE				
NULL/chr2L_14540200-14540420__chr2L_16757637-16757844	False	False	1	0	0	1	0	0	0	NONE				
NULL/chr2L_14540200-14540420__chr2L_21835353-21835553	False	False	0	0	0	0	0	0	0	NONE				
NULL/chr2L_15323128-15323794__chr2L_21835079-21835348	False	False	0	0	0	1	0	0	0	NONE				
NULL/chr2L_15323946-15324408__chr2L_16757034-16757234	False	False	0	0	0	1	0	0	0	NONE				
NULL/chr2L_15331388-15332093__chr2L_17744617-17744940	False	False	1	1	1	1	1	1	1	BOTH	LL	0.001	31.9	3.0
NULL/chr2L_15332558-15332979__chr2L_20468678-20469091	False	False	1	0	1	0	0	0	0	NONE				
NULL/chr2L_15333222-15333912__chr2L_18874978-18876337	False	False	0	0	1	0	0	0	0	NONE				
NULL/chr2L_15482011-15482211__chr2L_16276078-16276279	False	False	0	1	1	1	0	1	1	LR_RL	LR	0.093	25.6	1.031517051446065
NULL/chr2L_160687-161034__chr2L_12080941-12081738	False	False	1	0	1	0	0	0	0	NONE				
NULL/chr2L_160687-161034__chr2L_16757637-16757844	False	False	1	1	0	0	1	0	1	LL_RR	RR	0.05	25.6	1.3010299956639813
NULL/chr2L_160687-161034__chr2L_9988598-9989094	False	False	1	0	0	0	0	0	0	NONE				
NULL/chr2L_161603-162045__chr2L_14434419-14434949	False	False	1	1	0	1	1	0	1	LL_RR	RR	0.44	22.9	0.3565473235138126
NULL/chr2L_161603-162045__chr2L_18874978-18876337	False	False	0	1	1	0	0	0	0	NONE				
NULL/chr2L_161603-162045__chr2L_6751919-6752178	False	False	0	1	0	1	0	0	0	NONE				
NULL/chr2L_161603-162045__chr2L_7407733-7408080	False	False	0	1	0	0	0	0	0	NONE				
NULL/chr2L_16276078-16276279__chr2L_18476378-18477012	False	False	1	1	1	0	1	0	1	LL_RR	LL	0.064	26.5	1.193820026016113
NULL/chr2L_16276078-16276279__chr2L_18926370-18926570	False	False	1	1	1	1	1	1	1	BOTH	RL	0.027	26.5	1.5686362358410126
NULL/chr2L_16277332-16277560__chr2L_18315739-18316039	False	False	1	1	1	1	1	1	1	BOTH	RL	0.064	26.5	1.193820026016113
NULL/chr2L_16277332-16277560__chr2L_18874725-18874929	False	False	0	0	0	1	0	0	0	NONE				
NULL/chr2L_16277332-16277560__chr2L_20298155-20298629	False	False	1	1	1	1	1	1	1	BOTH	LR	0.027	26.5	1.5686362358410126
NULL/chr2L_16277332-16277560__chr2L_21835079-21835348	False	False	0	0	0	1	0	0	0	NONE				
NULL/chr2L_1645971-1646171__chr2L_15331388-15332093	False	False	1	1	1	1	1	1	1	BOTH	RL	0.001	31.9	3.0
NULL/chr2L_1645971-1646171__chr2L_17744617-17744940	False	False	1	1	1	1	1	1	1	BOTH	RR	0.018	28.3	1.744727494896694
NULL/chr2L_1645971-1646171__chr2L_4370195-4370400	False	False	1	1	0	1	1	0	1	LL_RR	LL	0.018	28.3	1.744727494896694
NULL/chr2L_1645971-1646171__chr2L_9551353-9551553	False	False	1	1	1	1	1	1	1	BOTH	LR	0.000123	36.5	3.910094888560602
NULL/chr2L_1657116-1657316__chr2L_12088676-12088812	False	False	1	0	1	1	0	1	1	LR_RL	LR	0.022	24.7	1.6575773191777938
NULL/chr2L_1657116-1657316__chr2L_12655423-12655623	False	False	1	1	1	1	1	1	1	BOTH	LL	0.018	28.3	1.744727494896694
NULL/chr2L_1657116-1657316__chr2L_15475634-15475834	False	False	1	0	1	1	0	1	1	LR_RL	LR	0.22	25.6	0.6575773191777937
NULL/chr2L_1657116-1657316__chr2L_18329506-18330029	False	False	1	1	1	1	1	1	1	BOTH	LR	0.000255	34.6	3.593459819566045
NULL/chr2L_1657116-1657316__chr2L_19215078-19215278	False	False	1	1	1	1	1	1	1	BOTH	RR	0.035	27.4	1.4559319556497243
NULL/chr2L_1657116-1657316__chr2L_4282002-4282202	False	False	1	1	1	1	1	1	1	BOTH	LR	0.000123	36.5	3.910094888560602
NULL/chr2L_1657116-1657316__chr2L_8278110-8278488	False	False	1	1	1	1	1	1	1	BOTH	RR	0.000428	33.7	3.3685562309868278
NULL/chr2L_1657116-1657316__chr2L_8840416-8841144	False	False	1	0	1	0	0	0	0	NONE				
NULL/chr2L_166574-166924__chr2L_1645971-1646171	False	False	1	1	1	1	1	1	1	BOTH	LL	0.003	31.9	2.5228787452803374
NULL/chr2L_166574-166924__chr2L_18874725-18874929	False	False	1	0	0	1	0	0	0	NONE				
NULL/chr2L_166574-166924__chr2L_18977693-18978042	False	False	1	1	1	0	1	0	1	LL_RR	LL	0.073	22.9	1.136677139879544
NULL/chr2L_166574-166924__chr2L_21831155-21831728	False	False	1	1	1	1	1	1	1	BOTH	LR	0.009	30.1	2.0457574905606752
NULL/chr2L_166574-166924__chr2L_7808917-7809117	False	False	1	1	1	1	1	1	1	BOTH	LL	0.009	30.1	2.0457574905606752
NULL/chr2L_16757034-16757234__chr2L_16763500-16763743	False	False	1	0	1	0	0	0	0	NONE				
NULL/chr2L_17736424-17736667__chr2L_18874978-18876337	False	False	0	0	1	0	0	0	0	NONE				
NULL/chr2L_17816-18016__chr2L_1074290-1074681	False	False	1	0	0	1	0	0	0	NONE				
NULL/chr2L_17816-18016__chr2L_14265078-14265431	False	False	1	1	1	1	1	1	1	BOTH	LL	0.002	31.9	2.6989700043360187
NULL/chr2L_17816-18016__chr2L_14527451-14527987	False	False	1	1	1	1	1	1	1	BOTH	RL	0.066	27.4	1.1804560644581312
NULL/chr2L_17816-18016__chr2L_6411470-6411744	False	False	1	1	1	1	1	1	1	BOTH	RL	0.019	28.3	1.7212463990471711
NULL/chr2L_17816-18016__chr2L_8846495-8847235	False	False	0	1	1	0	0	0	0	NONE				
NULL/chr2L_18329506-18330029__chr2L_18926370-18926570	False	False	1	1	1	1	1	1	1	BOTH	RR	0.000889	31.9	3.0510982390297863
NULL/chr2L_18329506-18330029__chr2L_21836087-21836312	False	False	1	1	1	0	1	0	1	LL_RR	RR	0.042	26.5	1.3767507096020994
NULL/chr2L_18331524-18331944__chr2L_21797958-21798158	False	False	1	0	1	0	0	0	0	NONE				
NULL/chr2L_18332556-18332942__chr2L_21835353-21835553	False	False	0	0	1	0	0	0	0	NONE				
NULL/chr2L_18874725-18874929__chr2L_21797958-21798158	False	False	1	0	0	0	0	0	0	NONE				
NULL/chr2L_18894031-18894287__chr2L_18926370-18926570	False	False	0	0	0	0	0	0	0	NONE				
NULL/chr2L_18894031-18894287__chr2L_18977693-18978042	False	False	0	0	0	0	0	0	0	NONE				
NULL/chr2L_18894031-18894287__chr2L_20304372-20304698	False	False	0	0	0	0	0	0	0	NONE				
NULL/chr2L_18894031-18894287__chr2L_20473787-20474193	False	False	0	1	0	1	0	0	0	NONE				
NULL/chr2L_19215078-19215278__chr2L_19760541-19760780	False	False	0	1	1	0	0	0	0	NONE				
NULL/chr2L_19215078-19215278__chr2L_21840673-21841262	False	False	1	1	1	1	1	1	1	BOTH	RL	0.005	26.5	2.3010299956639813
NULL/chr2L_19215688-19216293__chr2L_19760541-19760780	False	False	0	1	1	0	0	0	0	NONE				
NULL/chr2L_19759686-19760051__chr2L_21839073-21839412	False	False	0	1	1	1	0	1	1	LR_RL	LR	0.11	24.7	0.958607314841775
NULL/chr2L_20624-20824__chr2L_3101225-3101432	False	False	1	1	1	1	1	1	1	BOTH	RR	0.22	24.7	0.6575773191777937
NULL/chr2L_20624-20824__chr2L_5105118-5105417	False	False	1	1	1	0	1	0	1	LL_RR	LL	0.008	30.1	2.0969100130080562
NULL/chr2L_2162797-2163546__chr2L_17744617-17744940	False	False	1	1	1	0	1	0	1	LL_RR	LL	0.064	27.4	1.193820026016113
NULL/chr2L_2162797-2163546__chr2L_3152131-3152363	False	False	1	0	1	0	0	0	0	NONE				
NULL/chr2L_2162797-2163546__chr2L_6017484-6017937	False	False	1	1	0	0	1	0	1	LL_RR	RR	0.006	28.3	2.221848749616356
NULL/chr2L_2162797-2163546__chr2L_6090073-6090445	False	False	1	0	1	1	0	1	1	LR_RL	RL	0.36	23.8	0.44369749923271273
NULL/chr2L_2164726-2165263__chr2L_13211918-13212118	False	False	0	0	0	1	0	0	0	NONE				
NULL/chr2L_2164726-2165263__chr2L_15332558-15332979	False	False	1	1	1	0	1	0	1	LL_RR	LL	0.23	21.1	0.638272163982407
NULL/chr2L_2164726-2165263__chr2L_18329506-18330029	False	False	1	1	1	1	1	1	1	BOTH	LL	0.1	24.7	1.0
NULL/chr2L_2164726-2165263__chr2L_20473787-20474193	False	False	1	1	0	1	1	0	1	LL_RR	RR	0.064	27.4	1.193820026016113
NULL/chr2L_2164726-2165263__chr2L_6423550-6423750	False	False	0	1	0	1	0	0	0	NONE				
NULL/chr2L_2181980-2182476__chr2L_14453181-14453682	False	False	1	0	0	1	0	0	0	NONE				
NULL/chr2L_2181980-2182476__chr2L_14537085-14537454	False	False	1	0	1	1	0	1	1	LR_RL	LR	0.018	28.3	1.744727494896694
NULL/chr2L_2731925-2732219__chr2L_16757034-16757234	False	False	1	1	0	1	1	0	1	LL_RR	LL	0.22	25.6	0.6575773191777937
NULL/chr2L_2731925-2732219__chr2L_7300056-7300353	False	False	1	0	1	0	0	0	0	NONE				
NULL/chr2L_2731925-2732219__chr2L_7312164-7312502	False	False	1	1	1	1	1	1	1	BOTH	LL	0.003	30.1	2.5228787452803374
NULL/chr2L_2754369-2754751__chr2L_13205136-13205433	False	False	1	1	0	0	1	0	1	LL_RR	RR	3.51e-05	38.3	4.454692883534176
NULL/chr2L_2754369-2754751__chr2L_18977693-18978042	False	False	0	1	1	1	0	1	1	LR_RL	RL	0.041	22.9	1.3872161432802645
NULL/chr2L_3095049-3095273__chr2L_12655423-12655623	False	False	1	1	1	1	1	1	1	BOTH	LL	0.064	27.4	1.193820026016113
NULL/chr2L_3095049-3095273__chr2L_14265078-14265431	False	False	1	1	1	1	1	1	1	BOTH	RL	0.000478	33.7	3.3205721033878812
NULL/chr2L_3095049-3095273__chr2L_3613425-3613748	False	False	1	1	0	0	1	0	1	LL_RR	LL	0.03	29.2	1.5228787452803376
NULL/chr2L_3101225-3101432__chr2L_14431426-14431854	False	False	1	1	1	1	1	1	1	BOTH	LR	0.000428	33.7	3.3685562309868278
NULL/chr2L_3101225-3101432__chr2L_8416468-8416668	False	False	1	1	1	1	1	1	1	BOTH	RR	0.018	29.2	1.744727494896694
NULL/chr2L_3101225-3101432__chr2L_8542173-8542517	False	False	1	1	1	1	1	1	1	BOTH	RR	0.064	27.4	1.193820026016113
NULL/chr2L_3108267-3108563__chr2L_15331388-15332093	False	False	1	1	1	1	1	1	1	BOTH	LR	0.012	26.5	1.9208187539523751
NULL/chr2L_3121835-3122035__chr2L_13254815-13255036	False	False	1	1	1	1	1	1	1	BOTH	RR	0.018	28.3	1.744727494896694
NULL/chr2L_3121835-3122035__chr2L_15322444-15322772	False	False	1	0	1	1	0	1	1	LR_RL	RL	0.064	27.4	1.193820026016113
NULL/chr2L_3121835-3122035__chr2L_19759686-19760051	False	False	0	0	0	0	0	0	0	NONE				
NULL/chr2L_3121835-3122035__chr2L_20339742-20340332	False	False	1	1	1	1	1	1	1	BOTH	LL	0.22	25.6	0.6575773191777937
NULL/chr2L_3121835-3122035__chr2L_5559752-5560284	False	False	0	1	1	1	0	1	1	LR_RL	RL	0.22	25.6	0.6575773191777937
NULL/chr2L_3121835-3122035__chr2L_6411470-6411744	False	False	0	1	1	1	0	1	1	LR_RL	RL	0.064	26.5	1.193820026016113
NULL/chr2L_3152131-3152363__chr2L_11458598-11459020	False	False	0	1	0	0	0	0	0	NONE				
NULL/chr2L_3152131-3152363__chr2L_14447428-14447837	False	False	0	0	1	1	0	1	1	LR_RL	RL	0.39	22.9	0.4089353929735008
NULL/chr2L_3152131-3152363__chr2L_14540200-14540420	False	False	1	1	1	0	1	0	1	LL_RR	RR	0.028	26.5	1.5528419686577808
NULL/chr2L_3153478-3153742__chr2L_15322444-15322772	False	False	1	0	0	1	0	0	0	NONE				
NULL/chr2L_3153478-3153742__chr2L_6015000-6015255	False	False	1	0	0	1	0	0	0	NONE				
NULL/chr2L_3153478-3153742__chr2L_9551353-9551553	False	False	1	1	0	1	1	0	1	LL_RR	RR	0.000428	34.6	3.3685562309868278
NULL/chr2L_3581785-3581985__chr2L_14434419-14434949	False	False	1	0	1	1	0	1	1	LR_RL	RL	0.064	26.5	1.193820026016113
NULL/chr2L_3581785-3581985__chr2L_21840673-21841262	False	False	0	1	1	0	0	0	0	NONE				
NULL/chr2L_3581785-3581985__chr2L_6411470-6411744	False	False	1	1	0	0	1	0	1	LL_RR	RR	0.018	29.2	1.744727494896694
NULL/chr2L_3581785-3581985__chr2L_6422856-6423068	False	False	1	0	1	1	0	1	1	LR_RL	LR	0.15	22.9	0.8239087409443188
NULL/chr2L_3581785-3581985__chr2L_8422167-8422367	False	False	1	1	1	1	1	1	1	BOTH	LR	0.018	29.2	1.744727494896694
NULL/chr2L_3581785-3581985__chr2L_8842046-8842771	False	False	0	1	1	0	0	0	0	NONE				
NULL/chr2L_3581785-3581985__chr2L_9988598-9989094	False	False	1	1	0	1	1	0	1	LL_RR	LL	0.22	24.7	0.6575773191777937
NULL/chr2L_3609083-3609283__chr2L_13260602-13260802	False	False	1	1	1	1	1	1	1	BOTH	RR	0.03	28.3	1.5228787452803376
NULL/chr2L_3609083-3609283__chr2L_16764311-16764631	False	False	1	1	1	0	1	0	1	LL_RR	LL	0.018	28.3	1.744727494896694
NULL/chr2L_3609083-3609283__chr2L_18972587-18973068	False	False	1	1	1	0	1	0	1	LL_RR	RR	0.009	31.0	2.0457574905606752
NULL/chr2L_3609083-3609283__chr2L_4282002-4282202	False	False	1	1	1	0	1	0	1	LL_RR	RR	0.11	26.5	0.958607314841775
NULL/chr2L_3609083-3609283__chr2L_7915086-7915342	False	False	1	0	1	1	0	1	1	LR_RL	RL	0.026	28.3	1.585026652029182
NULL/chr2L_3613425-3613748__chr2L_19215078-19215278	False	False	1	1	1	1	1	1	1	BOTH	RL	0.22	25.6	0.6575773191777937
NULL/chr2L_3613425-3613748__chr2L_6015000-6015255	False	False	1	1	1	0	1	0	1	LL_RR	LL	0.03	28.3	1.5228787452803376
NULL/chr2L_3613425-3613748__chr2L_8841314-8841573	False	False	1	1	1	0	1	0	1	LL_RR	LL	0.28	22.0	0.5528419686577808
NULL/chr2L_3613425-3613748__chr2L_9558167-9558367	False	False	1	1	1	1	1	1	1	BOTH	RR	0.005	30.1	2.3010299956639813
NULL/chr2L_3631721-3632029__chr2L_13215675-13216164	False	False	1	0	1	0	0	0	0	NONE				
NULL/chr2L_3631721-3632029__chr2L_15323946-15324408	False	False	0	0	1	0	0	0	0	NONE				
NULL/chr2L_3631721-3632029__chr2L_18894031-18894287	False	False	0	0	0	0	0	0	0	NONE				
NULL/chr2L_3631721-3632029__chr2L_8809398-8810868	False	False	1	0	1	1	0	1	1	LR_RL	RL	0.22	24.7	0.6575773191777937
NULL/chr2L_3655828-3656265__chr2L_7404967-7405167	False	False	1	1	1	0	1	0	1	LL_RR	RR	0.23	25.6	0.638272163982407
NULL/chr2L_4282002-4282202__chr2L_9558167-9558367	False	False	1	1	1	1	1	1	1	BOTH	LL	2.88e-06	41.0	5.540607512240769
NULL/chr2L_4351796-4352022__chr2L_12082256-12083149	False	False	1	1	0	1	1	0	1	LL_RR	LL	0.55	22.9	0.2596373105057561
NULL/chr2L_4351796-4352022__chr2L_12090222-12090543	False	False	1	1	1	0	1	0	1	LL_RR	RR	0.22	25.6	0.6575773191777937
NULL/chr2L_4351796-4352022__chr2L_14245654-14246036	False	False	1	0	0	0	0	0	0	NONE				
NULL/chr2L_4351796-4352022__chr2L_14476624-14476824	False	False	0	0	1	1	0	1	1	LR_RL	RL	0.000428	34.6	3.3685562309868278
NULL/chr2L_4351796-4352022__chr2L_6019719-6020065	False	False	0	0	1	0	0	0	0	NONE				
NULL/chr2L_4363652-4364006__chr2L_12089073-12089963	False	False	1	0	0	1	0	0	0	NONE				
NULL/chr2L_4363652-4364006__chr2L_20473787-20474193	False	False	0	1	0	1	0	0	0	NONE				
NULL/chr2L_4363652-4364006__chr2L_21835079-21835348	False	False	1	0	0	1	0	0	0	NONE				
NULL/chr2L_4363652-4364006__chr2L_7828777-7829096	False	False	1	0	1	1	0	1	1	LR_RL	LR	0.22	25.6	0.6575773191777937
NULL/chr2L_4363652-4364006__chr2L_8422167-8422367	False	False	1	0	1	1	0	1	1	LR_RL	LR	0.018	28.3	1.744727494896694
NULL/chr2L_4368795-4369066__chr2L_14447428-14447837	False	False	1	0	1	1	0	1	1	LR_RL	RL	0.032	24.7	1.494850021680094
NULL/chr2L_4368795-4369066__chr2L_15331388-15332093	False	False	1	1	1	1	1	1	1	BOTH	RR	0.000426	30.1	3.370590400897281
NULL/chr2L_4368795-4369066__chr2L_20298155-20298629	False	False	1	0	0	1	0	0	0	NONE				
NULL/chr2L_4370195-4370400__chr2L_14245654-14246036	False	False	1	1	1	1	1	1	1	BOTH	RL	0.005	31.0	2.3010299956639813
NULL/chr2L_4370195-4370400__chr2L_7808917-7809117	False	False	1	1	1	1	1	1	1	BOTH	RR	0.082	24.7	1.0861861476162833
NULL/chr2L_4370195-4370400__chr2L_7810046-7810246	False	False	1	1	1	1	1	1	1	BOTH	LR	0.064	27.4	1.193820026016113
NULL/chr2L_5101041-5101539__chr2L_14267350-14267653	False	False	1	0	0	1	0	0	0	NONE				
NULL/chr2L_5101041-5101539__chr2L_16763500-16763743	False	False	1	1	1	1	1	1	1	BOTH	LR	0.004	28.3	2.3979400086720375
NULL/chr2L_5101041-5101539__chr2L_21839073-21839412	False	False	0	0	1	1	0	1	1	LR_RL	RL	0.026	29.2	1.585026652029182
NULL/chr2L_5101041-5101539__chr2L_21840673-21841262	False	False	1	0	1	0	0	0	0	NONE				
NULL/chr2L_5101041-5101539__chr2L_6787279-6787639	False	False	1	1	1	1	1	1	1	BOTH	RR	0.007	31.0	2.154901959985743
NULL/chr2L_5101041-5101539__chr2L_7312164-7312502	False	False	0	0	1	1	0	1	1	LR_RL	RL	0.016	28.3	1.7958800173440752
NULL/chr2L_5105118-5105417__chr2L_14435741-14436213	False	False	0	1	0	1	0	0	0	NONE				
NULL/chr2L_5105118-5105417__chr2L_7915086-7915342	False	False	1	1	1	1	1	1	1	BOTH	LR	0.007	30.1	2.154901959985743
NULL/chr2L_5105118-5105417__chr2L_8416468-8416668	False	False	1	0	1	1	0	1	1	LR_RL	LR	0.026	28.3	1.585026652029182
NULL/chr2L_5245229-5245858__chr2L_7407733-7408080	False	False	1	1	1	1	1	1	1	BOTH	RR	0.053	27.4	1.275724130399211
NULL/chr2L_5245229-5245858__chr2L_8002181-8002417	False	False	0	1	1	1	0	1	1	LR_RL	RL	0.053	27.4	1.275724130399211
NULL/chr2L_5247934-5248134__chr2L_12594000-12594200	False	False	1	1	1	1	1	1	1	BOTH	LR	0.18	25.6	0.744727494896694
NULL/chr2L_5261720-5261920__chr2L_12003862-12004365	False	False	1	1	1	1	1	1	1	BOTH	RL	5.57e-09	50.0	8.254144804826272
NULL/chr2L_5261720-5261920__chr2L_14211117-14211371	False	False	1	1	1	1	1	1	1	BOTH	LL	0.005	31.0	2.3010299956639813
NULL/chr2L_5261720-5261920__chr2L_14446061-14446392	False	False	0	0	0	0	0	0	0	NONE				
NULL/chr2L_5261720-5261920__chr2L_18331524-18331944	False	False	1	1	1	1	1	1	1	BOTH	LL	0.011	29.2	1.958607314841775
NULL/chr2L_5261720-5261920__chr2L_7915086-7915342	False	False	1	1	1	1	1	1	1	BOTH	LL	2.49e-06	41.9	5.603800652904264
NULL/chr2L_5546801-5547067__chr2L_14434419-14434949	False	False	1	1	1	1	1	1	1	BOTH	RL	0.77	23.8	0.11350927482751812
NULL/chr2L_5546801-5547067__chr2L_20473787-20474193	False	False	1	1	1	0	1	0	1	LL_RR	LL	0.01	30.1	2.0
NULL/chr2L_5546801-5547067__chr2L_8789123-8789689	False	False	1	0	1	0	0	0	0	NONE				
NULL/chr2L_5559752-5560284__chr2L_13211918-13212118	False	False	0	1	0	0	0	0	0	NONE				
NULL/chr2L_5559752-5560284__chr2L_14527451-14527987	False	False	0	0	1	1	0	1	1	LR_RL	LR	0.064	26.5	1.193820026016113
NULL/chr2L_6015000-6015255__chr2L_12009847-12010112	False	False	1	1	0	1	1	0	1	LL_RR	RR	0.69	23.8	0.16115090926274472
NULL/chr2L_6015000-6015255__chr2L_12655423-12655623	False	False	1	1	1	1	1	1	1	BOTH	LL	0.005	30.1	2.3010299956639813
NULL/chr2L_6015000-6015255__chr2L_14434419-14434949	False	False	1	1	1	1	1	1	1	BOTH	LR	0.069	24.7	1.1611509092627446
NULL/chr2L_6015000-6015255__chr2L_14537085-14537454	False	False	1	1	1	1	1	1	1	BOTH	LL	0.018	28.3	1.744727494896694
NULL/chr2L_6015000-6015255__chr2L_15332558-15332979	False	False	1	1	1	1	1	1	1	BOTH	LR	0.006	27.4	2.221848749616356
NULL/chr2L_6017484-6017937__chr2L_14431426-14431854	False	False	0	0	1	0	0	0	0	NONE				
NULL/chr2L_6017484-6017937__chr2L_14445719-14445919	False	False	1	0	0	0	0	0	0	NONE				
NULL/chr2L_6017484-6017937__chr2L_14527451-14527987	False	False	1	0	1	1	0	1	1	LR_RL	RL	0.16	24.7	0.7958800173440752
NULL/chr2L_6017484-6017937__chr2L_7277249-7277482	False	False	1	1	0	0	1	0	1	LL_RR	RR	0.045	27.4	1.3467874862246563
NULL/chr2L_6017484-6017937__chr2L_7340816-7341016	False	False	0	0	1	1	0	1	1	LR_RL	RL	0.55	23.8	0.2596373105057561
NULL/chr2L_6019719-6020065__chr2L_13211918-13212118	False	False	1	0	0	0	0	0	0	NONE				
NULL/chr2L_6019719-6020065__chr2L_14265078-14265431	False	False	1	1	1	1	1	1	1	BOTH	LR	0.045	27.4	1.3467874862246563
NULL/chr2L_6019719-6020065__chr2L_7407733-7408080	False	False	1	1	1	0	1	0	1	LL_RR	RR	0.22	24.7	0.6575773191777937
NULL/chr2L_6075442-6075642__chr2L_14537085-14537454	False	False	1	1	1	1	1	1	1	BOTH	RR	0.006	29.2	2.221848749616356
NULL/chr2L_6075442-6075642__chr2L_15323128-15323794	False	False	1	0	0	1	0	0	0	NONE				
NULL/chr2L_6075442-6075642__chr2L_21840673-21841262	False	False	0	1	0	1	0	0	0	NONE				
NULL/chr2L_6075442-6075642__chr2L_7126464-7126736	False	False	1	1	1	1	1	1	1	BOTH	LR	0.005	31.0	2.3010299956639813
NULL/chr2L_6076424-6076624__chr2L_14443791-14444179	False	False	0	0	1	1	0	1	1	LR_RL	RL	8.26e-07	42.8	6.083019952679618
NULL/chr2L_6076424-6076624__chr2L_7912619-7912927	False	False	1	1	1	1	1	1	1	BOTH	LL	0.068	24.7	1.1674910872937636
NULL/chr2L_6090073-6090445__chr2L_14261983-14262284	False	False	1	1	1	0	1	0	1	LL_RR	RR	3.93e-05	38.3	4.405607449624573
NULL/chr2L_6090073-6090445__chr2L_14527451-14527987	False	False	0	1	1	0	0	0	0	NONE				
NULL/chr2L_6411470-6411744__chr2L_14434419-14434949	False	False	1	1	1	0	1	0	1	LL_RR	RR	0.069	24.7	1.1611509092627446
NULL/chr2L_6411470-6411744__chr2L_21839073-21839412	False	False	0	1	0	0	0	0	0	NONE				
NULL/chr2L_6411470-6411744__chr2L_21840673-21841262	False	False	0	0	1	1	0	1	1	LR_RL	RL	0.032	27.4	1.494850021680094
NULL/chr2L_6411470-6411744__chr2L_7401211-7401411	False	False	1	0	0	1	0	0	0	NONE				
NULL/chr2L_6423550-6423750__chr2L_13211918-13212118	False	False	1	0	0	1	0	0	0	NONE				
NULL/chr2L_6423550-6423750__chr2L_14447428-14447837	False	False	0	1	0	0	0	0	0	NONE				
NULL/chr2L_6423550-6423750__chr2L_8840416-8841144	False	False	0	0	0	0	0	0	0	NONE				
NULL/chr2L_6751919-6752178__chr2L_16277332-16277560	False	False	1	1	1	1	1	1	1	BOTH	RL	0.093	24.7	1.031517051446065
NULL/chr2L_6751919-6752178__chr2L_18498013-18498258	False	False	0	1	1	1	0	1	1	LR_RL	RL	0.22	25.6	0.6575773191777937
NULL/chr2L_6751919-6752178__chr2L_18874978-18876337	False	False	0	1	1	0	0	0	0	NONE				
NULL/chr2L_6772280-6772480__chr2L_14238009-14238297	False	False	1	1	1	1	1	1	1	BOTH	LR	0.001	32.8	3.0
NULL/chr2L_6772280-6772480__chr2L_18329506-18330029	False	False	1	1	1	1	1	1	1	BOTH	RR	0.003	30.1	2.5228787452803374
NULL/chr2L_6772280-6772480__chr2L_18332556-18332942	False	False	1	1	1	0	1	0	1	LL_RR	LL	0.19	23.8	0.721246399047171
NULL/chr2L_6772280-6772480__chr2L_18476378-18477012	False	False	1	1	1	1	1	1	1	BOTH	LR	0.22	24.7	0.6575773191777937
NULL/chr2L_6772280-6772480__chr2L_19759686-19760051	False	False	0	1	0	1	0	0	0	NONE				
NULL/chr2L_6787279-6787639__chr2L_7994243-7994806	False	False	1	0	1	1	0	1	1	LR_RL	RL	0.22	25.6	0.6575773191777937
NULL/chr2L_6787279-6787639__chr2L_8840416-8841144	False	False	1	1	0	1	1	0	1	LL_RR	LL	0.064	26.5	1.193820026016113
NULL/chr2L_7126464-7126736__chr2L_14540200-14540420	False	False	1	1	1	1	1	1	1	BOTH	LL	0.005	30.1	2.3010299956639813
NULL/chr2L_7126464-7126736__chr2L_7310393-7310593	False	False	1	1	1	1	1	1	1	BOTH	RL	0.001	32.8	3.0
NULL/chr2L_7126464-7126736__chr2L_8422167-8422367	False	False	1	0	1	1	0	1	1	LR_RL	RL	0.005	31.0	2.3010299956639813
NULL/chr2L_7133794-7134306__chr2L_14431426-14431854	False	False	0	1	1	1	0	1	1	LR_RL	LR	0.77	22.9	0.11350927482751812
NULL/chr2L_7133794-7134306__chr2L_14444805-14445074	False	False	1	1	1	1	1	1	1	BOTH	LL	0.22	24.7	0.6575773191777937
NULL/chr2L_7133794-7134306__chr2L_21831155-21831728	False	False	1	1	1	1	1	1	1	BOTH	LR	0.22	25.6	0.6575773191777937
NULL/chr2L_7133794-7134306__chr2L_7310393-7310593	False	False	1	1	0	1	1	0	1	LL_RR	RR	0.04	27.4	1.3979400086720375
NULL/chr2L_7133794-7134306__chr2L_7340816-7341016	False	False	1	1	1	1	1	1	1	BOTH	LR	0.064	27.4	1.193820026016113
NULL/chr2L_7157539-7157943__chr2L_14431426-14431854	False	False	1	1	1	0	1	0	1	LL_RR	LL	0.22	24.7	0.6575773191777937
NULL/chr2L_7157539-7157943__chr2L_14444805-14445074	False	False	1	1	1	1	1	1	1	BOTH	RL	0.064	26.5	1.193820026016113
NULL/chr2L_7157539-7157943__chr2L_7915086-7915342	False	False	1	1	1	1	1	1	1	BOTH	RR	0.018	28.3	1.744727494896694
NULL/chr2L_7277249-7277482__chr2L_11452852-11453384	False	False	1	1	1	1	1	1	1	BOTH	LL	0.018	28.3	1.744727494896694
NULL/chr2L_7277249-7277482__chr2L_12594000-12594200	False	False	1	1	1	1	1	1	1	BOTH	LL	0.000123	36.5	3.910094888560602
NULL/chr2L_7277249-7277482__chr2L_13225382-13225582	False	False	1	0	0	0	0	0	0	NONE				
NULL/chr2L_7277249-7277482__chr2L_14230546-14231007	False	False	1	1	1	1	1	1	1	BOTH	RL	0.22	24.7	0.6575773191777937
NULL/chr2L_7277249-7277482__chr2L_16757034-16757234	False	False	1	0	0	1	0	0	0	NONE				
NULL/chr2L_7277249-7277482__chr2L_18926370-18926570	False	False	1	1	1	1	1	1	1	BOTH	RL	0.064	27.4	1.193820026016113
NULL/chr2L_7277249-7277482__chr2L_7912619-7912927	False	False	1	1	1	1	1	1	1	BOTH	LR	0.016	28.3	1.7958800173440752
NULL/chr2L_7277249-7277482__chr2L_8002181-8002417	False	False	1	1	1	1	1	1	1	BOTH	LL	0.005	30.1	2.3010299956639813
NULL/chr2L_7300056-7300353__chr2L_14446412-14446612	False	False	0	1	1	0	0	0	0	NONE				
NULL/chr2L_7300056-7300353__chr2L_16762522-16762722	False	False	1	1	1	1	1	1	1	BOTH	LL	0.005	31.0	2.3010299956639813
NULL/chr2L_7300056-7300353__chr2L_18977432-18977644	False	False	1	0	0	1	0	0	0	NONE				
NULL/chr2L_7310393-7310593__chr2L_12594000-12594200	False	False	1	1	1	1	1	1	1	BOTH	LR	3.51e-05	38.3	4.454692883534176
NULL/chr2L_7310393-7310593__chr2L_18972587-18973068	False	False	1	1	1	1	1	1	1	BOTH	RR	0.04	27.4	1.3979400086720375
NULL/chr2L_7310393-7310593__chr2L_21831155-21831728	False	False	1	1	1	0	1	0	1	LL_RR	RR	0.04	27.4	1.3979400086720375
NULL/chr2L_7310393-7310593__chr2L_8278110-8278488	False	False	1	1	1	1	1	1	1	BOTH	LL	0.000428	34.6	3.3685562309868278
NULL/chr2L_7312164-7312502__chr2L_9525656-9525929	False	False	1	1	1	0	1	0	1	LL_RR	LL	0.04	27.4	1.3979400086720375
NULL/chr2L_7340816-7341016__chr2L_13229384-13229619	False	False	0	0	1	1	0	1	1	LR_RL	RL	0.34	24.7	0.46852108295774486
NULL/chr2L_7340816-7341016__chr2L_20339742-20340332	False	False	1	1	1	1	1	1	1	BOTH	LL	0.018	29.2	1.744727494896694
NULL/chr2L_7340816-7341016__chr2L_7808917-7809117	False	False	1	1	1	1	1	1	1	BOTH	RL	0.064	26.5	1.193820026016113
NULL/chr2L_7340816-7341016__chr2L_9988598-9989094	False	False	1	1	0	0	1	0	1	LL_RR	RR	0.32	23.8	0.494850021680094
NULL/chr2L_7398789-7398989__chr2L_11452852-11453384	False	False	1	1	0	1	1	0	1	LL_RR	RR	0.000109	35.6	3.962573502059376
NULL/chr2L_7398789-7398989__chr2L_19215688-19216293	False	False	1	1	1	0	1	0	1	LL_RR	LL	0.000832	30.1	3.079876673709276
NULL/chr2L_7398789-7398989__chr2L_8840416-8841144	False	False	0	0	0	1	0	0	0	NONE				
NULL/chr2L_7401211-7401411__chr2L_13203632-13203855	False	False	1	1	0	0	1	0	1	LL_RR	RR	0.11	24.7	0.958607314841775
NULL/chr2L_7401211-7401411__chr2L_14267350-14267653	False	False	1	1	1	1	1	1	1	BOTH	LL	0.2	25.6	0.6989700043360187
NULL/chr2L_7401211-7401411__chr2L_8841314-8841573	False	False	0	1	0	0	0	0	0	NONE				
NULL/chr2L_7401211-7401411__chr2L_9551353-9551553	False	False	1	0	0	1	0	0	0	NONE				
NULL/chr2L_7404967-7405167__chr2L_12009847-12010112	False	False	1	1	1	1	1	1	1	BOTH	LR	0.22	25.6	0.6575773191777937
NULL/chr2L_7404967-7405167__chr2L_16277332-16277560	False	False	1	1	1	1	1	1	1	BOTH	LR	0.018	28.3	1.744727494896694
NULL/chr2L_7404967-7405167__chr2L_18893905-18894024	False	False	1	0	0	1	0	0	0	NONE				
NULL/chr2L_7404967-7405167__chr2L_8840416-8841144	False	False	0	0	0	1	0	0	0	NONE				
NULL/chr2L_7407733-7408080__chr2L_14481618-14482010	False	False	1	1	1	0	1	0	1	LL_RR	LL	0.23	24.7	0.638272163982407
NULL/chr2L_7810046-7810246__chr2L_16277332-16277560	False	False	1	1	1	1	1	1	1	BOTH	RL	0.000625	32.8	3.2041199826559246
NULL/chr2L_7810046-7810246__chr2L_18329506-18330029	False	False	0	1	1	1	0	1	1	LR_RL	RL	0.064	26.5	1.193820026016113
NULL/chr2L_7810046-7810246__chr2L_18874978-18876337	False	False	0	1	0	0	0	0	0	NONE				
NULL/chr2L_7810046-7810246__chr2L_18894563-18895695	False	False	0	1	1	1	0	1	1	LR_RL	RL	0.29	23.8	0.5376020021010439
NULL/chr2L_7811525-7811900__chr2L_12088676-12088812	False	False	0	0	1	1	0	1	1	LR_RL	LR	0.14	24.7	0.8538719643217619
NULL/chr2L_7811525-7811900__chr2L_12594000-12594200	False	False	1	1	1	1	1	1	1	BOTH	LL	0.00076	32.8	3.1191864077192086
NULL/chr2L_7811525-7811900__chr2L_18476378-18477012	False	False	1	1	1	1	1	1	1	BOTH	RR	0.018	29.2	1.744727494896694
NULL/chr2L_7811525-7811900__chr2L_8840416-8841144	False	False	1	0	0	1	0	0	0	NONE				
NULL/chr2L_7828777-7829096__chr2L_14248855-14249055	False	False	1	1	1	1	1	1	1	BOTH	RL	0.001	31.9	3.0
NULL/chr2L_7828777-7829096__chr2L_14481618-14482010	False	False	1	1	1	1	1	1	1	BOTH	LR	0.005	30.1	2.3010299956639813
NULL/chr2L_7828777-7829096__chr2L_15482011-15482211	False	False	1	1	1	0	1	0	1	LL_RR	LL	0.001	32.8	3.0
NULL/chr2L_7828777-7829096__chr2L_17736424-17736667	False	False	0	0	1	1	0	1	1	LR_RL	LR	0.22	24.7	0.6575773191777937
NULL/chr2L_7912619-7912927__chr2L_14481618-14482010	False	False	0	1	1	1	0	1	1	LR_RL	RL	0.055	26.5	1.2596373105057561
NULL/chr2L_7912619-7912927__chr2L_14497639-14498275	False	False	1	1	1	1	1	1	1	BOTH	LR	0.22	24.7	0.6575773191777937
NULL/chr2L_7912619-7912927__chr2L_15333222-15333912	False	False	1	1	1	0	1	0	1	LL_RR	LL	0.006	26.5	2.221848749616356
NULL/chr2L_7912619-7912927__chr2L_16764311-16764631	False	False	1	1	1	1	1	1	1	BOTH	LL	0.018	28.3	1.744727494896694
NULL/chr2L_7912619-7912927__chr2L_19215078-19215278	False	False	0	1	1	1	0	1	1	LR_RL	LR	0.000832	30.1	3.079876673709276
NULL/chr2L_7912619-7912927__chr2L_21835353-21835553	False	False	0	1	0	0	0	0	0	NONE				
NULL/chr2L_7915086-7915342__chr2L_12617842-12618274	False	False	1	1	0	1	1	0	1	LL_RR	LL	0.004	30.1	2.3979400086720375
NULL/chr2L_7915086-7915342__chr2L_14265078-14265431	False	False	1	1	1	1	1	1	1	BOTH	RL	9.23e-07	42.8	6.034798298974088
NULL/chr2L_7915086-7915342__chr2L_20473787-20474193	False	False	1	1	1	1	1	1	1	BOTH	LL	0.008	31.0	2.0969100130080562
NULL/chr2L_7915086-7915342__chr2L_21831155-21831728	False	False	0	0	1	1	0	1	1	LR_RL	RL	0.064	27.4	1.193820026016113
NULL/chr2L_7994243-7994806__chr2L_15332558-15332979	False	False	1	1	1	1	1	1	1	BOTH	LR	0.006	26.5	2.221848749616356
NULL/chr2L_7994243-7994806__chr2L_18315739-18316039	False	False	1	1	1	1	1	1	1	BOTH	RL	0.018	28.3	1.744727494896694
NULL/chr2L_7994243-7994806__chr2L_19760541-19760780	False	False	0	1	1	0	0	0	0	NONE				
NULL/chr2L_7994243-7994806__chr2L_20473787-20474193	False	False	1	1	1	1	1	1	1	BOTH	LL	0.034	28.3	1.4685210829577449
NULL/chr2L_8002181-8002417__chr2L_18332556-18332942	False	False	1	1	1	0	1	0	1	LL_RR	LL	0.65	22.9	0.18708664335714442
NULL/chr2L_8278110-8278488__chr2L_12003862-12004365	False	False	1	1	0	1	1	0	1	LL_RR	LL	0.77	23.8	0.11350927482751812
NULL/chr2L_8278110-8278488__chr2L_20473787-20474193	False	False	1	1	1	1	1	1	1	BOTH	LL	0.12	26.5	0.9208187539523752
NULL/chr2L_8289769-8290156__chr2L_13203632-13203855	False	False	1	1	1	1	1	1	1	BOTH	LR	0.003	31.0	2.5228787452803374
NULL/chr2L_8416468-8416668__chr2L_18476378-18477012	False	False	1	1	0	1	1	0	1	LL_RR	LL	0.001	31.9	3.0
NULL/chr2L_8416468-8416668__chr2L_18926370-18926570	False	False	1	1	1	1	1	1	1	BOTH	RL	0.001	31.9	3.0
NULL/chr2L_8416468-8416668__chr2L_21736607-21736899	False	False	1	1	0	1	1	0	1	LL_RR	RR	0.018	28.3	1.744727494896694
NULL/chr2L_8422167-8422367__chr2L_14267350-14267653	False	False	1	1	0	1	1	0	1	LL_RR	LL	0.22	24.7	0.6575773191777937
NULL/chr2L_8422167-8422367__chr2L_15482011-15482211	False	False	0	0	0	1	0	0	0	NONE				
NULL/chr2L_8422167-8422367__chr2L_9988598-9989094	False	False	0	0	1	1	0	1	1	LR_RL	LR	0.32	22.9	0.494850021680094
NULL/chr2L_8542173-8542517__chr2L_19760541-19760780	False	False	1	1	1	0	1	0	1	LL_RR	RR	0.005	31.0	2.3010299956639813
NULL/chr2L_8789123-8789689__chr2L_11415248-11415544	False	False	1	1	1	0	1	0	1	LL_RR	RR	0.22	25.6	0.6575773191777937
NULL/chr2L_8789123-8789689__chr2L_12003862-12004365	False	False	1	1	1	1	1	1	1	BOTH	LL	0.064	26.5	1.193820026016113
NULL/chr2L_8789123-8789689__chr2L_13229384-13229619	False	False	1	1	1	1	1	1	1	BOTH	LL	0.028	29.2	1.5528419686577808
NULL/chr2L_8789123-8789689__chr2L_15482011-15482211	False	False	1	1	1	1	1	1	1	BOTH	LL	0.77	22.9	0.11350927482751812
NULL/chr2L_8789123-8789689__chr2L_9988598-9989094	False	False	1	0	1	1	0	1	1	LR_RL	RL	0.22	25.6	0.6575773191777937
NULL/chr2L_8809398-8810868__chr2L_9145723-9146075	False	False	1	1	1	1	1	1	1	BOTH	LL	0.018	28.3	1.744727494896694
NULL/chr2L_8811130-8811511__chr2L_18893905-18894024	False	False	0	0	0	1	0	0	0	NONE				
NULL/chr2L_8840416-8841144__chr2L_17744617-17744940	False	False	1	1	1	0	1	0	1	LL_RR	RR	0.049	22.9	1.3098039199714864
NULL/chr2L_8840416-8841144__chr2L_20468678-20469091	False	False	1	1	1	0	1	0	1	LL_RR	RR	0.008	26.5	2.0969100130080562
NULL/chr2L_8841314-8841573__chr2L_12088676-12088812	False	False	1	0	0	0	0	0	0	NONE				
NULL/chr2L_8841314-8841573__chr2L_16757034-16757234	False	False	1	0	1	0	0	0	0	NONE				
NULL/chr2L_8841314-8841573__chr2L_18874978-18876337	False	False	0	1	0	0	0	0	0	NONE				
NULL/chr2L_8842046-8842771__chr2L_14444805-14445074	False	False	0	1	1	1	0	1	1	LR_RL	RL	0.022	26.5	1.6575773191777938
NULL/chr2L_8842046-8842771__chr2L_19215078-19215278	False	False	1	1	0	1	1	0	1	LL_RR	RR	0.001	28.3	3.0
NULL/chr2L_8843634-8843738__chr2L_14453181-14453682	False	False	1	1	1	1	1	1	1	BOTH	LL	0.006	29.2	2.221848749616356
NULL/chr2L_8843634-8843738__chr2L_9145723-9146075	False	False	0	0	0	0	0	0	0	NONE				
NULL/chr2L_8843634-8843738__chr2L_9558167-9558367	False	False	1	1	1	1	1	1	1	BOTH	RL	0.056	27.4	1.2518119729937995
NULL/chr2L_8845956-8846437__chr2L_18329506-18330029	False	False	0	0	1	1	0	1	1	LR_RL	RL	0.051	22.9	1.2924298239020637
NULL/chr2L_8845956-8846437__chr2L_19759686-19760051	False	False	1	0	0	0	0	0	0	NONE				
NULL/chr2L_8845956-8846437__chr2L_21840673-21841262	False	False	1	0	1	0	0	0	0	NONE				
NULL/chr2L_8845956-8846437__chr2L_9525656-9525929	False	False	1	1	0	0	1	0	1	LL_RR	RR	0.015	22.9	1.8239087409443189
NULL/chr2L_8846495-8847235__chr2L_12655423-12655623	False	False	0	0	0	1	0	0	0	NONE				
NULL/chr2L_8846495-8847235__chr2L_15323128-15323794	False	False	0	1	0	1	0	0	0	NONE				
NULL/chr2L_9145723-9146075__chr2L_14434419-14434949	False	False	1	0	1	1	0	1	1	LR_RL	RL	0.035	28.3	1.4559319556497243
NULL/chr2L_9145723-9146075__chr2L_14517261-14517665	False	False	1	1	1	1	1	1	1	BOTH	RL	0.01	31.0	2.0
NULL/chr2L_9145723-9146075__chr2L_15322444-15322772	False	False	1	1	1	1	1	1	1	BOTH	LR	0.11	26.5	0.958607314841775
NULL/chr2L_9150928-9151180__chr2L_14446061-14446392	False	False	0	0	0	0	0	0	0	NONE				
NULL/chr2L_9150928-9151180__chr2L_18977693-18978042	False	False	0	1	1	0	0	0	0	NONE				
NULL/chr2L_9525656-9525929__chr2L_13203632-13203855	False	False	1	0	0	1	0	0	0	NONE				
NULL/chr2L_9525656-9525929__chr2L_14444805-14445074	False	False	1	1	0	1	1	0	1	LL_RR	LL	0.018	28.3	1.744727494896694
NULL/chr2L_9551353-9551553__chr2L_13260602-13260802	False	False	1	0	1	0	0	0	0	NONE				
NULL/chr2L_9558167-9558367__chr2L_11458598-11459020	False	False	1	1	1	1	1	1	1	BOTH	RL	0.064	27.4	1.193820026016113
NULL/chr2L_9558167-9558367__chr2L_12009847-12010112	False	False	0	1	0	1	0	0	0	NONE				
NULL/chr2L_9558167-9558367__chr2L_12080941-12081738	False	False	0	0	1	1	0	1	1	LR_RL	RL	0.22	25.6	0.6575773191777937
NULL/chr2L_9558167-9558367__chr2L_13211918-13212118	False	False	1	1	1	1	1	1	1	BOTH	LR	0.064	27.4	1.193820026016113
NULL/chr2L_9558167-9558367__chr2L_19759686-19760051	False	False	1	0	0	1	0	0	0	NONE				
NULL/chr2L_9988598-9989094__chr2L_11458598-11459020	False	False	1	0	1	1	0	1	1	LR_RL	LR	0.22	25.6	0.6575773191777937
NULL/chr2L_9988598-9989094__chr2L_12594000-12594200	False	False	1	0	1	1	0	1	1	LR_RL	RL	0.091	25.6	1.0409586076789064
NULL/chr2L_9988598-9989094__chr2L_14484848-14485326	False	False	1	0	1	0	0	0	0	NONE				
NULL/chr2L_9988598-9989094__chr2L_15331388-15332093	False	False	1	0	1	1	0	1	1	LR_RL	RL	0.32	21.1	0.494850021680094
NULL/chr2R_10052571-10053081__chr2R_14976541-14977128	False	False	1	0	1	1	0	1	1	LR_RL	RL	0.22	24.7	0.6575773191777937
NULL/chr2R_10098614-10098835__chr2R_18929511-18929711	False	False	1	1	0	0	1	0	1	LL_RR	LL	0.22	24.7	0.6575773191777937
NULL/chr2R_10098614-10098835__chr2R_22301850-22302125	False	False	1	0	1	1	0	1	1	LR_RL	RL	0.056	24.7	1.2518119729937995
NULL/chr2R_10099473-10099798__chr2R_13195866-13196315	False	False	1	0	0	1	0	0	0	NONE				
NULL/chr2R_10099473-10099798__chr2R_16159018-16159309	False	False	0	1	0	0	0	0	0	NONE				
NULL/chr2R_10099473-10099798__chr2R_24685575-24685932	False	False	0	0	1	0	0	0	0	NONE				
NULL/chr2R_10104067-10104664__chr2R_23948285-23948607	False	False	0	1	1	1	0	1	1	LR_RL	LR	0.064	26.5	1.193820026016113
NULL/chr2R_10109599-10110119__chr2R_10206031-10206422	False	False	1	1	1	1	1	1	1	BOTH	LL	2.88e-06	41.0	5.540607512240769
NULL/chr2R_10110809-10111161__chr2R_10823498-10823995	False	False	1	0	0	1	0	0	0	NONE				
NULL/chr2R_10110809-10111161__chr2R_18900616-18900816	False	False	0	1	0	1	0	0	0	NONE				
NULL/chr2R_10158762-10159202__chr2R_11260888-11261343	False	False	1	1	0	1	1	0	1	LL_RR	RR	0.018	29.2	1.744727494896694
NULL/chr2R_10158762-10159202__chr2R_13195553-13195864	False	False	1	1	1	0	1	0	1	LL_RR	LL	0.085	25.6	1.0705810742857071
NULL/chr2R_10160478-10160690__chr2R_14350087-14350376	False	False	1	0	1	1	0	1	1	LR_RL	LR	0.064	26.5	1.193820026016113
NULL/chr2R_10160478-10160690__chr2R_15757455-15757986	False	False	1	1	1	0	1	0	1	LL_RR	LL	0.064	27.4	1.193820026016113
NULL/chr2R_10160478-10160690__chr2R_16588244-16588444	False	False	0	0	0	0	0	0	0	NONE				
NULL/chr2R_10160478-10160690__chr2R_18900616-18900816	False	False	1	1	1	0	1	0	1	LL_RR	RR	0.018	28.3	1.744727494896694
NULL/chr2R_10160478-10160690__chr2R_22308973-22309246	False	False	1	1	1	0	1	0	1	LL_RR	RR	0.22	24.7	0.6575773191777937
NULL/chr2R_10165838-10166245__chr2R_14877876-14878280	False	False	0	1	0	1	0	0	0	NONE				
NULL/chr2R_10165838-10166245__chr2R_15790355-15790636	False	False	1	0	1	0	0	0	0	NONE				
NULL/chr2R_10165838-10166245__chr2R_17054642-17054966	False	False	1	0	1	0	0	0	0	NONE				
NULL/chr2R_10166703-10167099__chr2R_13199132-13199535	False	False	0	1	0	0	0	0	0	NONE				
NULL/chr2R_10166703-10167099__chr2R_14428730-14429102	False	False	1	1	1	1	1	1	1	BOTH	RR	1.6e-09	52.7	8.795880017344075
NULL/chr2R_10169607-10169832__chr2R_13189815-13190137	False	False	1	1	1	1	1	1	1	BOTH	LR	2.89e-06	41.0	5.539102157243452
NULL/chr2R_10169607-10169832__chr2R_18900616-18900816	False	False	0	1	1	1	0	1	1	LR_RL	RL	0.004	30.1	2.3979400086720375
NULL/chr2R_10179693-10179934__chr2R_10301567-10301767	False	False	1	1	0	1	1	0	1	LL_RR	RR	0.064	27.4	1.193820026016113
NULL/chr2R_10179693-10179934__chr2R_10732567-10732946	False	False	0	0	1	0	0	0	0	NONE				
NULL/chr2R_10179693-10179934__chr2R_15720559-15720844	False	False	1	1	1	1	1	1	1	BOTH	RR	0.22	25.6	0.6575773191777937
NULL/chr2R_10206031-10206422__chr2R_13555091-13555340	False	False	1	0	1	0	0	0	0	NONE				
NULL/chr2R_10273454-10273813__chr2R_18881394-18881804	False	False	1	1	1	1	1	1	1	BOTH	RL	0.018	29.2	1.744727494896694
NULL/chr2R_10301567-10301767__chr2R_12872374-12872767	False	False	1	0	0	1	0	0	0	NONE				
NULL/chr2R_10362752-10363059__chr2R_14874175-14874447	False	False	0	1	0	1	0	0	0	NONE				
NULL/chr2R_10400185-10400401__chr2R_12224142-12224342	False	False	1	1	1	1	1	1	1	BOTH	LL	0.000123	36.5	3.910094888560602
NULL/chr2R_10674070-10674314__chr2R_18881394-18881804	False	False	1	1	1	1	1	1	1	BOTH	RL	0.018	29.2	1.744727494896694
NULL/chr2R_10724722-10724928__chr2R_12873676-12873937	False	False	0	0	1	1	0	1	1	LR_RL	LR	0.77	22.9	0.11350927482751812
NULL/chr2R_10724722-10724928__chr2R_15006081-15006369	False	False	1	1	1	0	1	0	1	LL_RR	LL	0.22	24.7	0.6575773191777937
NULL/chr2R_10724722-10724928__chr2R_24627735-24628074	False	False	1	1	1	0	1	0	1	LL_RR	LL	0.000428	34.6	3.3685562309868278
NULL/chr2R_10732567-10732946__chr2R_11174981-11175181	False	False	1	1	0	1	1	0	1	LL_RR	RR	0.12	24.7	0.9208187539523752
NULL/chr2R_10732567-10732946__chr2R_13196419-13196619	False	False	0	1	1	0	0	0	0	NONE				
NULL/chr2R_10732567-10732946__chr2R_13656883-13657258	False	False	1	0	1	1	0	1	1	LR_RL	LR	0.57	22.9	0.24412514432750865
NULL/chr2R_10732567-10732946__chr2R_24808103-24808896	False	False	0	0	0	0	0	0	0	NONE				
NULL/chr2R_10734849-10735149__chr2R_13189815-13190137	False	False	0	1	0	1	0	0	0	NONE				
NULL/chr2R_10734849-10735149__chr2R_13653626-13653909	False	False	1	1	1	0	1	0	1	LL_RR	RR	0.000509	34.6	3.2932822176632413
NULL/chr2R_10734849-10735149__chr2R_14936533-14936887	False	False	0	0	1	0	0	0	0	NONE				
NULL/chr2R_10734849-10735149__chr2R_16642879-16643383	False	False	1	1	0	1	1	0	1	LL_RR	RR	0.016	24.7	1.7958800173440752
NULL/chr2R_10734849-10735149__chr2R_20562855-20563268	False	False	0	1	1	1	0	1	1	LR_RL	LR	0.35	22.9	0.4559319556497244
NULL/chr2R_10734849-10735149__chr2R_21165406-21165606	False	False	0	1	0	0	0	0	0	NONE				
NULL/chr2R_10823498-10823995__chr2R_11176966-11177231	False	False	1	0	1	1	0	1	1	LR_RL	LR	0.018	29.2	1.744727494896694
NULL/chr2R_10823498-10823995__chr2R_11259263-11259645	False	False	1	0	0	0	0	0	0	NONE				
NULL/chr2R_10823498-10823995__chr2R_13195866-13196315	False	False	1	0	0	0	0	0	0	NONE				
NULL/chr2R_10823498-10823995__chr2R_14350087-14350376	False	False	1	1	0	1	1	0	1	LL_RR	RR	0.34	24.7	0.46852108295774486
NULL/chr2R_10823498-10823995__chr2R_22309744-22310226	False	False	1	1	1	0	1	0	1	LL_RR	RR	0.19	23.8	0.721246399047171
NULL/chr2R_10827814-10828308__chr2R_14350087-14350376	False	False	1	0	1	1	0	1	1	LR_RL	RL	0.018	28.3	1.744727494896694
NULL/chr2R_10827814-10828308__chr2R_18999818-19000573	False	False	1	1	0	1	1	0	1	LL_RR	LL	0.028	28.3	1.5528419686577808
NULL/chr2R_10827814-10828308__chr2R_22311826-22312026	False	False	0	0	0	0	0	0	0	NONE				
NULL/chr2R_11027192-11027545__chr2R_14874175-14874447	False	False	1	1	0	0	1	0	1	LL_RR	RR	0.073	27.4	1.136677139879544
NULL/chr2R_11027192-11027545__chr2R_18959548-18959748	False	False	1	1	1	1	1	1	1	BOTH	RL	0.015	28.3	1.8239087409443189
NULL/chr2R_11027192-11027545__chr2R_21165406-21165606	False	False	1	1	1	1	1	1	1	BOTH	RL	0.18	24.7	0.744727494896694
NULL/chr2R_11029627-11029827__chr2R_16703381-16703786	False	False	1	1	1	1	1	1	1	BOTH	RL	0.000123	36.5	3.910094888560602
NULL/chr2R_11029627-11029827__chr2R_20563710-20563921	False	False	1	1	1	0	1	0	1	LL_RR	RR	0.02	28.3	1.6989700043360187
NULL/chr2R_11029627-11029827__chr2R_20566669-20566882	False	False	1	1	1	1	1	1	1	BOTH	RR	0.001	31.9	3.0
NULL/chr2R_11029627-11029827__chr2R_22311826-22312026	False	False	1	0	0	1	0	0	0	NONE				
NULL/chr2R_11174981-11175181__chr2R_11439695-11439903	False	False	1	1	1	1	1	1	1	BOTH	LR	4.57e-10	53.6	9.34008379993015
NULL/chr2R_11174981-11175181__chr2R_19007537-19007740	False	False	1	1	1	1	1	1	1	BOTH	RR	0.045	26.5	1.3467874862246563
NULL/chr2R_11176966-11177231__chr2R_13199132-13199535	False	False	0	1	0	0	0	0	0	NONE				
NULL/chr2R_11254848-11255163__chr2R_12587132-12587415	False	False	1	0	1	0	0	0	0	NONE				
NULL/chr2R_11254848-11255163__chr2R_13198071-13198730	False	False	1	0	1	0	0	0	0	NONE				
NULL/chr2R_11254848-11255163__chr2R_20558766-20559051	False	False	1	0	0	1	0	0	0	NONE				
NULL/chr2R_11254848-11255163__chr2R_23948285-23948607	False	False	1	0	1	1	0	1	1	LR_RL	LR	0.22	25.6	0.6575773191777937
NULL/chr2R_11254848-11255163__chr2R_24685575-24685932	False	False	0	0	1	0	0	0	0	NONE				
NULL/chr2R_11259263-11259645__chr2R_13189049-13189699	False	False	0	1	0	1	0	0	0	NONE				
NULL/chr2R_11259263-11259645__chr2R_13653626-13653909	False	False	1	1	1	1	1	1	1	BOTH	LR	0.26	24.7	0.585026652029182
NULL/chr2R_11259263-11259645__chr2R_18899660-18899871	False	False	1	1	1	1	1	1	1	BOTH	RL	0.11	25.6	0.958607314841775
NULL/chr2R_11259263-11259645__chr2R_18999818-19000573	False	False	1	1	1	1	1	1	1	BOTH	LL	0.22	24.7	0.6575773191777937
NULL/chr2R_11259263-11259645__chr2R_22671971-22672235	False	False	0	0	1	1	0	1	1	LR_RL	RL	0.38	22.9	0.42021640338318983
NULL/chr2R_11260888-11261343__chr2R_13197479-13197679	False	False	1	1	0	1	1	0	1	LL_RR	RR	0.12	22.9	0.9208187539523752
NULL/chr2R_11260888-11261343__chr2R_15757455-15757986	False	False	0	1	0	1	0	0	0	NONE				
NULL/chr2R_11260888-11261343__chr2R_22018043-22018243	False	False	1	1	1	1	1	1	1	BOTH	LR	0.11	24.7	0.958607314841775
NULL/chr2R_11260888-11261343__chr2R_22309744-22310226	False	False	1	1	0	1	1	0	1	LL_RR	LL	0.003	30.1	2.5228787452803374
NULL/chr2R_11439695-11439903__chr2R_23929145-23929692	False	False	1	1	0	1	1	0	1	LL_RR	LL	0.22	24.7	0.6575773191777937
NULL/chr2R_11467535-11467813__chr2R_12485374-12485574	False	False	1	1	1	0	1	0	1	LL_RR	RR	0.018	29.2	1.744727494896694
NULL/chr2R_11467535-11467813__chr2R_14936533-14936887	False	False	0	1	0	0	0	0	0	NONE				
NULL/chr2R_12215684-12216005__chr2R_13653626-13653909	False	False	1	1	1	1	1	1	1	BOTH	RR	0.002	32.8	2.6989700043360187
NULL/chr2R_12215684-12216005__chr2R_15362583-15363071	False	False	1	1	1	1	1	1	1	BOTH	RR	0.018	28.3	1.744727494896694
NULL/chr2R_12215684-12216005__chr2R_16601060-16601302	False	False	0	1	1	1	0	1	1	LR_RL	LR	0.018	28.3	1.744727494896694
NULL/chr2R_12224142-12224342__chr2R_13196419-13196619	False	False	1	1	1	0	1	0	1	LL_RR	LL	0.029	22.9	1.537602002101044
NULL/chr2R_12224142-12224342__chr2R_16588244-16588444	False	False	1	1	0	1	1	0	1	LL_RR	LL	0.77	22.9	0.11350927482751812
NULL/chr2R_12224142-12224342__chr2R_23924684-23925158	False	False	0	0	1	1	0	1	1	LR_RL	RL	0.22	24.7	0.6575773191777937
NULL/chr2R_12485374-12485574__chr2R_12529393-12529661	False	False	1	1	1	1	1	1	1	BOTH	RL	0.064	26.5	1.193820026016113
NULL/chr2R_12529393-12529661__chr2R_15781976-15782453	False	False	1	1	1	1	1	1	1	BOTH	RR	0.13	24.7	0.8860566476931632
NULL/chr2R_12529393-12529661__chr2R_18881394-18881804	False	False	1	1	1	1	1	1	1	BOTH	LR	0.005	30.1	2.3010299956639813
NULL/chr2R_12529393-12529661__chr2R_19038773-19039303	False	False	1	1	1	1	1	1	1	BOTH	LR	0.02	29.2	1.6989700043360187
NULL/chr2R_12529393-12529661__chr2R_20558766-20559051	False	False	1	0	0	0	0	0	0	NONE				
NULL/chr2R_12529393-12529661__chr2R_20823130-20823330	False	False	1	0	1	1	0	1	1	LR_RL	RL	0.25	24.7	0.6020599913279624
NULL/chr2R_12556332-12556741__chr2R_22263977-22264346	False	False	0	0	0	1	0	0	0	NONE				
NULL/chr2R_12587132-12587415__chr2R_16192711-16192911	False	False	1	1	0	0	1	0	1	LL_RR	LL	0.064	27.4	1.193820026016113
NULL/chr2R_12872374-12872767__chr2R_16643578-16643778	False	False	1	0	0	1	0	0	0	NONE				
NULL/chr2R_12873676-12873937__chr2R_13194170-13194587	False	False	1	0	0	0	0	0	0	NONE				
NULL/chr2R_12873676-12873937__chr2R_20560480-20560860	False	False	0	0	1	0	0	0	0	NONE				
NULL/chr2R_12873676-12873937__chr2R_24696661-24696905	False	False	0	1	0	0	0	0	0	NONE				
NULL/chr2R_13164461-13164824__chr2R_14976541-14977128	False	False	0	1	1	1	0	1	1	LR_RL	RL	0.77	23.8	0.11350927482751812
NULL/chr2R_13164461-13164824__chr2R_22166944-22167150	False	False	0	0	1	1	0	1	1	LR_RL	LR	0.33	22.9	0.4814860601221125
NULL/chr2R_13188356-13188670__chr2R_14977821-14978455	False	False	1	0	0	1	0	0	0	NONE				
NULL/chr2R_13188356-13188670__chr2R_15790355-15790636	False	False	1	1	1	1	1	1	1	BOTH	RR	0.001	31.9	3.0
NULL/chr2R_13188356-13188670__chr2R_20566669-20566882	False	False	1	0	1	0	0	0	0	NONE				
NULL/chr2R_13188356-13188670__chr2R_20943416-20943828	False	False	1	1	1	1	1	1	1	BOTH	LL	0.018	29.2	1.744727494896694
NULL/chr2R_13189049-13189699__chr2R_24685575-24685932	False	False	0	1	1	1	0	1	1	LR_RL	LR	0.77	23.8	0.11350927482751812
NULL/chr2R_13189815-13190137__chr2R_20558766-20559051	False	False	1	0	0	1	0	0	0	NONE				
NULL/chr2R_13189815-13190137__chr2R_20820012-20820311	False	False	1	1	1	1	1	1	1	BOTH	LR	0.006	31.0	2.221848749616356
NULL/chr2R_13189815-13190137__chr2R_22671971-22672235	False	False	1	1	1	1	1	1	1	BOTH	RL	0.000428	33.7	3.3685562309868278
NULL/chr2R_13190587-13190787__chr2R_17054642-17054966	False	False	1	0	0	1	0	0	0	NONE				
NULL/chr2R_13192033-13192233__chr2R_15720559-15720844	False	False	1	1	1	1	1	1	1	BOTH	LR	0.000741	32.8	3.130181792020672
NULL/chr2R_13192033-13192233__chr2R_16588244-16588444	False	False	1	1	1	0	1	0	1	LL_RR	RR	0.17	24.7	0.769551078621726
NULL/chr2R_13192033-13192233__chr2R_17054642-17054966	False	False	1	1	0	0	1	0	1	LL_RR	RR	0.049	26.5	1.3098039199714864
NULL/chr2R_13192033-13192233__chr2R_23903917-23904191	False	False	0	0	1	1	0	1	1	LR_RL	RL	0.17	24.7	0.769551078621726
NULL/chr2R_13192361-13193251__chr2R_16159018-16159309	False	False	1	1	1	1	1	1	1	BOTH	LR	7.22e-08	46.4	7.141462802430361
NULL/chr2R_13192361-13193251__chr2R_16192711-16192911	False	False	1	1	0	0	1	0	1	LL_RR	RR	0.22	24.7	0.6575773191777937
NULL/chr2R_13192361-13193251__chr2R_20558766-20559051	False	False	1	1	0	0	1	0	1	LL_RR	RR	0.058	23.8	1.2365720064370627
NULL/chr2R_13192361-13193251__chr2R_24685575-24685932	False	False	1	1	1	1	1	1	1	BOTH	RL	0.22	25.6	0.6575773191777937
NULL/chr2R_13194170-13194587__chr2R_20562855-20563268	False	False	0	0	0	0	0	0	0	NONE				
NULL/chr2R_13195553-13195864__chr2R_22018043-22018243	False	False	1	1	1	1	1	1	1	BOTH	LL	0.085	24.7	1.0705810742857071
NULL/chr2R_13195866-13196315__chr2R_22166944-22167150	False	False	1	0	1	0	0	0	0	NONE				
NULL/chr2R_13195866-13196315__chr2R_22669923-22670415	False	False	1	0	1	0	0	0	0	NONE				
NULL/chr2R_13196419-13196619__chr2R_18898203-18898705	False	False	0	0	0	1	0	0	0	NONE				
NULL/chr2R_13196419-13196619__chr2R_18999818-19000573	False	False	0	1	0	1	0	0	0	NONE				
NULL/chr2R_13196419-13196619__chr2R_24808103-24808896	False	False	0	0	0	0	0	0	0	NONE				
NULL/chr2R_13197479-13197679__chr2R_16601060-16601302	False	False	1	0	0	1	0	0	0	NONE				
NULL/chr2R_13198071-13198730__chr2R_14340650-14340945	False	False	0	0	0	0	0	0	0	NONE				
NULL/chr2R_13198071-13198730__chr2R_22669923-22670415	False	False	0	1	0	1	0	0	0	NONE				
NULL/chr2R_13199132-13199535__chr2R_14935843-14936180	False	False	1	1	0	0	1	0	1	LL_RR	RR	0.37	21.1	0.431798275933005
NULL/chr2R_13623881-13624272__chr2R_16703381-16703786	False	False	1	1	0	1	1	0	1	LL_RR	LL	0.005	30.1	2.3010299956639813
NULL/chr2R_13623881-13624272__chr2R_20559250-20559450	False	False	0	0	0	0	0	0	0	NONE				
NULL/chr2R_13653626-13653909__chr2R_24808103-24808896	False	False	1	0	1	1	0	1	1	LR_RL	RL	0.076	26.5	1.1191864077192086
NULL/chr2R_13656883-13657258__chr2R_20566669-20566882	False	False	1	1	1	1	1	1	1	BOTH	LR	0.000509	33.7	3.2932822176632413
NULL/chr2R_14340650-14340945__chr2R_23924684-23925158	False	False	0	0	0	1	0	0	0	NONE				
NULL/chr2R_14405171-14405442__chr2R_16437328-16437751	False	False	1	1	1	1	1	1	1	BOTH	RL	0.018	29.2	1.744727494896694
NULL/chr2R_14405171-14405442__chr2R_16601060-16601302	False	False	1	1	1	0	1	0	1	LL_RR	RR	0.064	26.5	1.193820026016113
NULL/chr2R_14405171-14405442__chr2R_22263977-22264346	False	False	1	0	1	1	0	1	1	LR_RL	LR	0.054	25.6	1.2676062401770316
NULL/chr2R_14405171-14405442__chr2R_22264962-22265213	False	False	1	1	0	0	1	0	1	LL_RR	RR	0.005	30.1	2.3010299956639813
NULL/chr2R_14428730-14429102__chr2R_16703381-16703786	False	False	1	1	0	1	1	0	1	LL_RR	LL	0.005	30.1	2.3010299956639813
NULL/chr2R_14874175-14874447__chr2R_14935843-14936180	False	False	1	1	0	0	1	0	1	LL_RR	LL	0.005	30.1	2.3010299956639813
NULL/chr2R_14874175-14874447__chr2R_15790355-15790636	False	False	0	0	1	0	0	0	0	NONE				
NULL/chr2R_14874175-14874447__chr2R_23265755-23266160	False	False	1	0	0	0	0	0	0	NONE				
NULL/chr2R_14935843-14936180__chr2R_16601060-16601302	False	False	1	0	1	0	0	0	0	NONE				
NULL/chr2R_14935843-14936180__chr2R_22168230-22168438	False	False	1	1	1	0	1	0	1	LL_RR	RR	0.03	24.7	1.5228787452803376
NULL/chr2R_14936533-14936887__chr2R_18615551-18615751	False	False	0	0	1	0	0	0	0	NONE				
NULL/chr2R_14936533-14936887__chr2R_18898203-18898705	False	False	1	1	0	1	1	0	1	LL_RR	LL	0.11	22.9	0.958607314841775
NULL/chr2R_14976541-14977128__chr2R_24809499-24809705	False	False	0	0	1	0	0	0	0	NONE				
NULL/chr2R_14977821-14978455__chr2R_16642879-16643383	False	False	1	1	0	1	1	0	1	LL_RR	LL	0.064	26.5	1.193820026016113
NULL/chr2R_14977821-14978455__chr2R_17054642-17054966	False	False	1	1	1	1	1	1	1	BOTH	RR	0.68	23.8	0.16749108729376366
NULL/chr2R_14980641-14981129__chr2R_15722835-15723089	False	False	1	1	1	1	1	1	1	BOTH	LL	0.044	27.4	1.3565473235138126
NULL/chr2R_14980641-14981129__chr2R_22671971-22672235	False	False	1	1	1	1	1	1	1	BOTH	LR	0.000107	35.6	3.9706162223147903
NULL/chr2R_14980641-14981129__chr2R_24685575-24685932	False	False	1	1	0	1	1	0	1	LL_RR	LL	0.055	26.5	1.2596373105057561
NULL/chr2R_15006081-15006369__chr2R_22166944-22167150	False	False	1	0	0	1	0	0	0	NONE				
NULL/chr2R_15006081-15006369__chr2R_22264962-22265213	False	False	1	1	1	0	1	0	1	LL_RR	RR	8.26e-07	42.8	6.083019952679618
NULL/chr2R_15006081-15006369__chr2R_24808103-24808896	False	False	1	0	0	1	0	0	0	NONE				
NULL/chr2R_15362583-15363071__chr2R_17019592-17019979	False	False	1	1	0	1	1	0	1	LL_RR	RR	0.77	23.8	0.11350927482751812
NULL/chr2R_15362583-15363071__chr2R_20563710-20563921	False	False	0	1	1	0	0	0	0	NONE				
NULL/chr2R_15377471-15377749__chr2R_18929511-18929711	False	False	1	1	1	0	1	0	1	LL_RR	LL	0.77	22.9	0.11350927482751812
NULL/chr2R_15720559-15720844__chr2R_24696661-24696905	False	False	1	1	1	1	1	1	1	BOTH	LL	0.001	32.8	3.0
NULL/chr2R_15722835-15723089__chr2R_15781976-15782453	False	False	1	1	1	1	1	1	1	BOTH	LL	0.014	28.3	1.853871964321762
NULL/chr2R_15722835-15723089__chr2R_17054642-17054966	False	False	1	0	1	1	0	1	1	LR_RL	RL	0.22	24.7	0.6575773191777937
NULL/chr2R_15722835-15723089__chr2R_22298445-22298713	False	False	1	0	0	1	0	0	0	NONE				
NULL/chr2R_15722835-15723089__chr2R_22692057-22692354	False	False	1	1	1	1	1	1	1	BOTH	RR	0.064	27.4	1.193820026016113
NULL/chr2R_15757455-15757986__chr2R_20560480-20560860	False	False	0	0	0	1	0	0	0	NONE				
NULL/chr2R_15757455-15757986__chr2R_22309744-22310226	False	False	1	1	1	1	1	1	1	BOTH	RR	0.035	25.6	1.4559319556497243
NULL/chr2R_15757455-15757986__chr2R_24854572-24855864	False	False	1	1	1	0	1	0	1	LL_RR	LL	0.005	30.1	2.3010299956639813
NULL/chr2R_15777722-15778274__chr2R_21164556-21164883	False	False	1	1	1	1	1	1	1	BOTH	RR	0.22	25.6	0.6575773191777937
NULL/chr2R_15781976-15782453__chr2R_22671971-22672235	False	False	1	1	1	1	1	1	1	BOTH	RR	0.036	24.7	1.4436974992327127
NULL/chr2R_15782875-15783226__chr2R_23265755-23266160	False	False	1	1	1	0	1	0	1	LL_RR	RR	0.005	30.1	2.3010299956639813
NULL/chr2R_15790355-15790636__chr2R_24854572-24855864	False	False	1	1	0	1	1	0	1	LL_RR	RR	0.005	30.1	2.3010299956639813
NULL/chr2R_16412035-16412367__chr2R_20562855-20563268	False	False	1	1	1	1	1	1	1	BOTH	RR	0.13	24.7	0.8860566476931632
NULL/chr2R_16412035-16412367__chr2R_23259211-23259587	False	False	0	1	0	1	0	0	0	NONE				
NULL/chr2R_16437328-16437751__chr2R_22320703-22320999	False	False	1	1	1	1	1	1	1	BOTH	LL	0.064	27.4	1.193820026016113
NULL/chr2R_16588244-16588444__chr2R_22308973-22309246	False	False	1	0	0	0	0	0	0	NONE				
NULL/chr2R_16601060-16601302__chr2R_16705772-16705972	False	False	0	1	1	1	0	1	1	LR_RL	RL	0.18	25.6	0.744727494896694
NULL/chr2R_16601060-16601302__chr2R_22263977-22264346	False	False	1	1	0	0	1	0	1	LL_RR	RR	0.19	22.9	0.721246399047171
NULL/chr2R_16642879-16643383__chr2R_24809499-24809705	False	False	1	1	0	0	1	0	1	LL_RR	LL	0.053	24.7	1.275724130399211
NULL/chr2R_16643578-16643778__chr2R_22308973-22309246	False	False	0	1	0	1	0	0	0	NONE				
NULL/chr2R_16705772-16705972__chr2R_17034595-17034875	False	False	1	1	1	1	1	1	1	BOTH	LL	0.05	27.4	1.3010299956639813
NULL/chr2R_17019592-17019979__chr2R_18617352-18617561	False	False	1	0	1	1	0	1	1	LR_RL	RL	0.14	24.7	0.8538719643217619
NULL/chr2R_17019592-17019979__chr2R_20560480-20560860	False	False	1	1	0	1	1	0	1	LL_RR	LL	0.007	29.2	2.154901959985743
NULL/chr2R_17034595-17034875__chr2R_18881394-18881804	False	False	1	1	1	1	1	1	1	BOTH	RL	0.018	28.3	1.744727494896694
NULL/chr2R_17034595-17034875__chr2R_19007537-19007740	False	False	0	1	1	1	0	1	1	LR_RL	LR	0.77	22.9	0.11350927482751812
NULL/chr2R_17054642-17054966__chr2R_20563710-20563921	False	False	0	1	1	0	0	0	0	NONE				
NULL/chr2R_18617352-18617561__chr2R_20563710-20563921	False	False	0	0	1	0	0	0	0	NONE				
NULL/chr2R_18617352-18617561__chr2R_20932829-20933143	False	False	0	0	1	0	0	0	0	NONE				
NULL/chr2R_18617352-18617561__chr2R_22312131-22312433	False	False	0	0	1	0	0	0	0	NONE				
NULL/chr2R_18617926-18618126__chr2R_22669923-22670415	False	False	0	1	0	1	0	0	0	NONE				
NULL/chr2R_18899660-18899871__chr2R_22320703-22320999	False	False	0	0	1	1	0	1	1	LR_RL	LR	0.064	26.5	1.193820026016113
NULL/chr2R_18900616-18900816__chr2R_18948523-18948792	False	False	1	1	0	1	1	0	1	LL_RR	RR	0.001	31.9	3.0
NULL/chr2R_18900616-18900816__chr2R_23259211-23259587	False	False	0	0	0	1	0	0	0	NONE				
NULL/chr2R_18929511-18929711__chr2R_20943416-20943828	False	False	0	1	1	1	0	1	1	LR_RL	LR	0.77	23.8	0.11350927482751812
NULL/chr2R_18948523-18948792__chr2R_22320703-22320999	False	False	1	1	1	1	1	1	1	BOTH	LR	0.018	28.3	1.744727494896694
NULL/chr2R_18999818-19000573__chr2R_20563710-20563921	False	False	1	0	1	0	0	0	0	NONE				
NULL/chr2R_18999818-19000573__chr2R_24809499-24809705	False	False	1	0	1	1	0	1	1	LR_RL	LR	0.22	25.6	0.6575773191777937
NULL/chr2R_19007537-19007740__chr2R_22669923-22670415	False	False	1	1	1	1	1	1	1	BOTH	LR	0.14	24.7	0.8538719643217619
NULL/chr2R_20823130-20823330__chr2R_20943416-20943828	False	False	1	1	1	1	1	1	1	BOTH	RL	0.22	24.7	0.6575773191777937
NULL/chr2R_21164556-21164883__chr2R_22298445-22298713	False	False	0	1	1	1	0	1	1	LR_RL	RL	0.018	28.3	1.744727494896694
NULL/chr2R_22168230-22168438__chr2R_22263977-22264346	False	False	1	1	0	1	1	0	1	LL_RR	LL	0.008	29.2	2.0969100130080562
NULL/chr2R_22168230-22168438__chr2R_23265755-23266160	False	False	0	0	0	0	0	0	0	NONE				
NULL/chr2R_22308973-22309246__chr2R_23929145-23929692	False	False	0	1	0	1	0	0	0	NONE				
NULL/chr2R_22312131-22312433__chr2R_22692057-22692354	False	False	1	1	0	1	1	0	1	LL_RR	LL	0.008	24.7	2.0969100130080562
NULL/chr2R_6148201-6148543__chr2R_10301567-10301767	False	False	1	0	1	0	0	0	0	NONE				
NULL/chr2R_6148201-6148543__chr2R_12215684-12216005	False	False	1	1	1	0	1	0	1	LL_RR	LL	3.51e-05	38.3	4.454692883534176
NULL/chr2R_6219294-6219494__chr2R_10166703-10167099	False	False	1	1	1	1	1	1	1	BOTH	LR	0.064	27.4	1.193820026016113
NULL/chr2R_6219294-6219494__chr2R_13192361-13193251	False	False	1	1	1	1	1	1	1	BOTH	RL	0.006	31.0	2.221848749616356
NULL/chr2R_6219294-6219494__chr2R_13199132-13199535	False	False	0	1	0	1	0	0	0	NONE				
NULL/chr2R_6219294-6219494__chr2R_14976541-14977128	False	False	1	0	1	1	0	1	1	LR_RL	RL	0.018	29.2	1.744727494896694
NULL/chr2R_6219294-6219494__chr2R_24627735-24628074	False	False	1	1	0	1	1	0	1	LL_RR	LL	0.018	28.3	1.744727494896694
NULL/chr2R_6223828-6224166__chr2R_16412035-16412367	False	False	0	1	1	1	0	1	1	LR_RL	RL	0.018	28.3	1.744727494896694
NULL/chr2R_6223828-6224166__chr2R_18881394-18881804	False	False	1	1	1	1	1	1	1	BOTH	RL	0.018	29.2	1.744727494896694
NULL/chr2R_6237153-6237506__chr2R_24685575-24685932	False	False	1	1	1	0	1	0	1	LL_RR	LL	0.018	28.3	1.744727494896694
NULL/chr2R_6237153-6237506__chr2R_6412842-6413057	False	False	1	0	0	1	0	0	0	NONE				
NULL/chr2R_6256635-6257061__chr2R_13198071-13198730	False	False	0	1	1	0	0	0	0	NONE				
NULL/chr2R_6256635-6257061__chr2R_16601060-16601302	False	False	0	1	1	1	0	1	1	LR_RL	LR	0.22	24.7	0.6575773191777937
NULL/chr2R_6256635-6257061__chr2R_9911877-9912145	False	False	0	1	0	1	0	0	0	NONE				
NULL/chr2R_6363538-6363738__chr2R_22310630-22311004	False	False	1	1	1	0	1	0	1	LL_RR	RR	0.002	30.1	2.6989700043360187
NULL/chr2R_6365997-6366271__chr2R_20558766-20559051	False	False	0	0	1	0	0	0	0	NONE				
NULL/chr2R_6365997-6366271__chr2R_23929145-23929692	False	False	1	1	0	0	1	0	1	LL_RR	LL	0.001	31.9	3.0
NULL/chr2R_6411991-6412223__chr2R_10169607-10169832	False	False	1	1	1	1	1	1	1	BOTH	LL	0.001	31.9	3.0
NULL/chr2R_6411991-6412223__chr2R_10734849-10735149	False	False	1	1	1	0	1	0	1	LL_RR	LL	0.048	27.4	1.3187587626244128
NULL/chr2R_6411991-6412223__chr2R_14976541-14977128	False	False	1	1	1	1	1	1	1	BOTH	LR	0.018	28.3	1.744727494896694
NULL/chr2R_6411991-6412223__chr2R_21145088-21145606	False	False	1	0	1	1	0	1	1	LR_RL	LR	0.018	28.3	1.744727494896694
NULL/chr2R_6411991-6412223__chr2R_9562516-9562910	False	False	0	1	1	0	0	0	0	NONE				
NULL/chr2R_6412842-6413057__chr2R_10165838-10166245	False	False	1	0	1	1	0	1	1	LR_RL	RL	0.18	22.0	0.744727494896694
NULL/chr2R_6412842-6413057__chr2R_10301567-10301767	False	False	0	0	1	0	0	0	0	NONE				
NULL/chr2R_6412842-6413057__chr2R_11280746-11281085	False	False	1	1	1	0	1	0	1	LL_RR	RR	0.18	24.7	0.744727494896694
NULL/chr2R_6412842-6413057__chr2R_8266328-8266674	False	False	1	0	1	0	0	0	0	NONE				
NULL/chr2R_6413232-6413731__chr2R_18929511-18929711	False	False	0	1	0	0	0	0	0	NONE				
NULL/chr2R_6436010-6436295__chr2R_11259263-11259645	False	False	1	0	1	0	0	0	0	NONE				
NULL/chr2R_6436010-6436295__chr2R_16642879-16643383	False	False	1	0	0	1	0	0	0	NONE				
NULL/chr2R_6436010-6436295__chr2R_18615551-18615751	False	False	1	1	0	1	1	0	1	LL_RR	RR	0.14	24.7	0.8538719643217619
NULL/chr2R_6436010-6436295__chr2R_21145088-21145606	False	False	0	1	1	0	0	0	0	NONE				
NULL/chr2R_6436010-6436295__chr2R_23929145-23929692	False	False	1	1	0	0	1	0	1	LL_RR	LL	0.22	24.7	0.6575773191777937
NULL/chr2R_6436010-6436295__chr2R_23948285-23948607	False	False	0	1	0	1	0	0	0	NONE				
NULL/chr2R_6436010-6436295__chr2R_8260764-8261094	False	False	1	1	1	1	1	1	1	BOTH	LR	0.27	24.7	0.5686362358410126
NULL/chr2R_6608594-6608985__chr2R_10098614-10098835	False	False	0	1	0	0	0	0	0	NONE				
NULL/chr2R_6608594-6608985__chr2R_10206031-10206422	False	False	1	1	1	1	1	1	1	BOTH	LR	6.78e-08	47.3	7.168770306132937
NULL/chr2R_6608594-6608985__chr2R_11027192-11027545	False	False	1	1	1	1	1	1	1	BOTH	LL	0.001	31.9	3.0
NULL/chr2R_6608594-6608985__chr2R_13192361-13193251	False	False	1	0	1	1	0	1	1	LR_RL	RL	0.006	30.1	2.221848749616356
NULL/chr2R_6608594-6608985__chr2R_13195866-13196315	False	False	0	0	0	0	0	0	0	NONE				
NULL/chr2R_6608594-6608985__chr2R_13594497-13594795	False	False	1	1	1	1	1	1	1	BOTH	RL	0.000123	35.6	3.910094888560602
NULL/chr2R_6608594-6608985__chr2R_9492171-9492437	False	False	1	0	0	1	0	0	0	NONE				
NULL/chr2R_6619868-6620115__chr2R_10731714-10732027	False	False	1	1	1	0	1	0	1	LL_RR	LL	0.22	24.7	0.6575773191777937
NULL/chr2R_6619868-6620115__chr2R_11467535-11467813	False	False	0	1	1	1	0	1	1	LR_RL	RL	0.005	31.0	2.3010299956639813
NULL/chr2R_6619868-6620115__chr2R_12496961-12497161	False	False	0	1	1	1	0	1	1	LR_RL	RL	0.018	28.3	1.744727494896694
NULL/chr2R_6619868-6620115__chr2R_18617926-18618126	False	False	0	1	1	1	0	1	1	LR_RL	LR	0.22	25.6	0.6575773191777937
NULL/chr2R_6619868-6620115__chr2R_21145088-21145606	False	False	1	1	1	1	1	1	1	BOTH	LL	0.22	25.6	0.6575773191777937
NULL/chr2R_6619868-6620115__chr2R_22166944-22167150	False	False	0	1	0	1	0	0	0	NONE				
NULL/chr2R_6619868-6620115__chr2R_24854572-24855864	False	False	1	1	0	0	1	0	1	LL_RR	LL	0.064	27.4	1.193820026016113
NULL/chr2R_6619868-6620115__chr2R_9559487-9559979	False	False	1	1	0	1	1	0	1	LL_RR	LL	0.22	24.7	0.6575773191777937
NULL/chr2R_6626145-6626383__chr2R_15781976-15782453	False	False	1	1	0	1	1	0	1	LL_RR	RR	0.13	22.9	0.8860566476931632
NULL/chr2R_7091539-7091739__chr2R_10301567-10301767	False	False	0	1	1	1	0	1	1	LR_RL	RL	0.018	28.3	1.744727494896694
NULL/chr2R_7091539-7091739__chr2R_18617352-18617561	False	False	0	0	0	1	0	0	0	NONE				
NULL/chr2R_7091539-7091739__chr2R_19038773-19039303	False	False	1	1	0	0	1	0	1	LL_RR	LL	0.77	23.8	0.11350927482751812
NULL/chr2R_7091539-7091739__chr2R_23259211-23259587	False	False	1	1	1	1	1	1	1	BOTH	LL	0.22	25.6	0.6575773191777937
NULL/chr2R_7091539-7091739__chr2R_23924684-23925158	False	False	1	1	0	1	1	0	1	LL_RR	LL	0.22	25.6	0.6575773191777937
NULL/chr2R_7091539-7091739__chr2R_7400926-7401168	False	False	0	0	1	1	0	1	1	LR_RL	RL	0.22	24.7	0.6575773191777937
NULL/chr2R_7110660-7110941__chr2R_12556332-12556741	False	False	1	0	0	1	0	0	0	NONE				
NULL/chr2R_7110660-7110941__chr2R_21145088-21145606	False	False	1	1	1	0	1	0	1	LL_RR	RR	0.034	27.4	1.4685210829577449
NULL/chr2R_7112270-7112595__chr2R_11439695-11439903	False	False	1	1	0	0	1	0	1	LL_RR	RR	0.064	26.5	1.193820026016113
NULL/chr2R_7112270-7112595__chr2R_14936533-14936887	False	False	0	0	1	1	0	1	1	LR_RL	RL	0.009	26.5	2.0457574905606752
NULL/chr2R_7112270-7112595__chr2R_18900616-18900816	False	False	1	1	0	1	1	0	1	LL_RR	RR	0.018	29.2	1.744727494896694
NULL/chr2R_7112270-7112595__chr2R_7415997-7416241	False	False	0	0	1	1	0	1	1	LR_RL	RL	0.064	26.5	1.193820026016113
NULL/chr2R_7112270-7112595__chr2R_9492733-9492933	False	False	0	1	1	0	0	0	0	NONE				
NULL/chr2R_7378288-7378537__chr2R_10827814-10828308	False	False	0	0	1	0	0	0	0	NONE				
NULL/chr2R_7378288-7378537__chr2R_11259263-11259645	False	False	1	0	1	1	0	1	1	LR_RL	LR	0.11	24.7	0.958607314841775
NULL/chr2R_7378288-7378537__chr2R_8046126-8047096	False	False	1	1	1	1	1	1	1	BOTH	RR	0.071	26.5	1.1487416512809248
NULL/chr2R_7378288-7378537__chr2R_8425969-8426169	False	False	1	0	1	1	0	1	1	LR_RL	RL	0.77	23.8	0.11350927482751812
NULL/chr2R_7400926-7401168__chr2R_12496961-12497161	False	False	1	1	1	0	1	0	1	LL_RR	LL	1.01e-05	39.2	4.995678626217358
NULL/chr2R_7400926-7401168__chr2R_22298445-22298713	False	False	1	1	1	1	1	1	1	BOTH	RL	0.064	27.4	1.193820026016113
NULL/chr2R_7415997-7416241__chr2R_10674070-10674314	False	False	1	1	1	0	1	0	1	LL_RR	LL	0.005	30.1	2.3010299956639813
NULL/chr2R_7415997-7416241__chr2R_14877876-14878280	False	False	0	1	1	1	0	1	1	LR_RL	RL	0.3	24.7	0.5228787452803376
NULL/chr2R_7415997-7416241__chr2R_15757455-15757986	False	False	1	1	1	1	1	1	1	BOTH	RL	1.01e-05	39.2	4.995678626217358
NULL/chr2R_7415997-7416241__chr2R_18617926-18618126	False	False	1	1	0	0	1	0	1	LL_RR	LL	0.38	22.9	0.42021640338318983
NULL/chr2R_7415997-7416241__chr2R_22320703-22320999	False	False	1	1	1	1	1	1	1	BOTH	RL	1.01e-05	40.1	4.995678626217358
NULL/chr2R_7775078-7775289__chr2R_11027192-11027545	False	False	1	1	1	1	1	1	1	BOTH	RL	8.26e-07	42.8	6.083019952679618
NULL/chr2R_7775078-7775289__chr2R_13188356-13188670	False	False	0	1	1	0	0	0	0	NONE				
NULL/chr2R_7775078-7775289__chr2R_20558766-20559051	False	False	1	0	0	1	0	0	0	NONE				
NULL/chr2R_7798993-7799522__chr2R_12556332-12556741	False	False	1	0	1	1	0	1	1	LR_RL	RL	0.005	31.0	2.3010299956639813
NULL/chr2R_7798993-7799522__chr2R_14877876-14878280	False	False	0	1	0	1	0	0	0	NONE				
NULL/chr2R_7798993-7799522__chr2R_9374511-9374908	False	False	1	1	0	0	1	0	1	LL_RR	RR	0.22	24.7	0.6575773191777937
NULL/chr2R_8046126-8047096__chr2R_18881394-18881804	False	False	1	1	1	1	1	1	1	BOTH	RL	0.071	26.5	1.1487416512809248
NULL/chr2R_8046126-8047096__chr2R_20820012-20820311	False	False	1	1	1	1	1	1	1	BOTH	RL	0.071	27.4	1.1487416512809248
NULL/chr2R_8049875-8050664__chr2R_11176966-11177231	False	False	1	1	1	1	1	1	1	BOTH	RR	0.005	31.0	2.3010299956639813
NULL/chr2R_8049875-8050664__chr2R_14340650-14340945	False	False	0	1	1	1	0	1	1	LR_RL	RL	0.001	31.9	3.0
NULL/chr2R_8260764-8261094__chr2R_9562516-9562910	False	False	0	0	0	0	0	0	0	NONE				
NULL/chr2R_8264126-8264454__chr2R_22320703-22320999	False	False	1	0	1	1	0	1	1	LR_RL	RL	0.048	27.4	1.3187587626244128
NULL/chr2R_8264126-8264454__chr2R_22669923-22670415	False	False	0	0	1	1	0	1	1	LR_RL	RL	0.048	26.5	1.3187587626244128
NULL/chr2R_8264126-8264454__chr2R_8484944-8485225	False	False	1	1	1	0	1	0	1	LL_RR	LL	0.22	25.6	0.6575773191777937
NULL/chr2R_8266328-8266674__chr2R_15782875-15783226	False	False	1	1	1	0	1	0	1	LL_RR	RR	0.22	24.7	0.6575773191777937
NULL/chr2R_8266328-8266674__chr2R_16643578-16643778	False	False	1	1	1	1	1	1	1	BOTH	LL	0.15	22.9	0.8239087409443188
NULL/chr2R_8425969-8426169__chr2R_12496961-12497161	False	False	1	1	1	1	1	1	1	BOTH	LL	0.018	28.3	1.744727494896694
NULL/chr2R_8425969-8426169__chr2R_12587132-12587415	False	False	1	1	1	1	1	1	1	BOTH	LR	0.005	30.1	2.3010299956639813
NULL/chr2R_8425969-8426169__chr2R_20566669-20566882	False	False	1	1	0	0	1	0	1	LL_RR	LL	0.002	31.9	2.6989700043360187
NULL/chr2R_8425969-8426169__chr2R_23265755-23266160	False	False	1	1	0	1	1	0	1	LL_RR	LL	0.22	24.7	0.6575773191777937
NULL/chr2R_8425969-8426169__chr2R_9176883-9177262	False	False	1	0	1	0	0	0	0	NONE				
NULL/chr2R_8484944-8485225__chr2R_13555091-13555340	False	False	0	0	0	1	0	0	0	NONE				
NULL/chr2R_8484944-8485225__chr2R_16642879-16643383	False	False	1	0	0	0	0	0	0	NONE				
NULL/chr2R_8484944-8485225__chr2R_20820012-20820311	False	False	0	1	1	0	0	0	0	NONE				
NULL/chr2R_8484944-8485225__chr2R_22166944-22167150	False	False	1	0	0	1	0	0	0	NONE				
NULL/chr2R_8486788-8487203__chr2R_12873676-12873937	False	False	0	1	0	1	0	0	0	NONE				
NULL/chr2R_9030972-9031304__chr2R_10273454-10273813	False	False	1	1	1	1	1	1	1	BOTH	RL	0.22	24.7	0.6575773191777937
NULL/chr2R_9030972-9031304__chr2R_14874175-14874447	False	False	0	1	1	1	0	1	1	LR_RL	RL	0.018	29.2	1.744727494896694
NULL/chr2R_9030972-9031304__chr2R_19007537-19007740	False	False	1	1	1	1	1	1	1	BOTH	RR	0.005	30.1	2.3010299956639813
NULL/chr2R_9030972-9031304__chr2R_22263977-22264346	False	False	1	1	1	1	1	1	1	BOTH	LL	1.94e-08	48.2	7.712198270069774
NULL/chr2R_9045494-9045735__chr2R_11467535-11467813	False	False	1	0	1	0	0	0	0	NONE				
NULL/chr2R_9045494-9045735__chr2R_12587132-12587415	False	False	0	1	1	1	0	1	1	LR_RL	LR	0.005	30.1	2.3010299956639813
NULL/chr2R_9045494-9045735__chr2R_14877876-14878280	False	False	1	1	1	1	1	1	1	BOTH	RL	0.025	29.2	1.6020599913279623
NULL/chr2R_9045494-9045735__chr2R_18899660-18899871	False	False	0	0	0	1	0	0	0	NONE				
NULL/chr2R_9045494-9045735__chr2R_22312131-22312433	False	False	0	0	1	0	0	0	0	NONE				
NULL/chr2R_9045494-9045735__chr2R_24854572-24855864	False	False	0	0	0	1	0	0	0	NONE				
NULL/chr2R_9045494-9045735__chr2R_9936639-9936952	False	False	0	0	0	1	0	0	0	NONE				
NULL/chr2R_9168156-9168363__chr2R_10674070-10674314	False	False	1	0	1	1	0	1	1	LR_RL	RL	0.018	29.2	1.744727494896694
NULL/chr2R_9168156-9168363__chr2R_13653626-13653909	False	False	1	1	1	0	1	0	1	LL_RR	RR	0.26	25.6	0.585026652029182
NULL/chr2R_9168156-9168363__chr2R_22301850-22302125	False	False	1	0	1	1	0	1	1	LR_RL	LR	0.22	24.7	0.6575773191777937
NULL/chr2R_9176883-9177262__chr2R_15781976-15782453	False	False	0	1	0	1	0	0	0	NONE				
NULL/chr2R_9176883-9177262__chr2R_16192711-16192911	False	False	1	0	1	0	0	0	0	NONE				
NULL/chr2R_9176883-9177262__chr2R_20823130-20823330	False	False	1	0	1	0	0	0	0	NONE				
NULL/chr2R_9178347-9178768__chr2R_14935843-14936180	False	False	1	0	0	0	0	0	0	NONE				
NULL/chr2R_9178347-9178768__chr2R_9562516-9562910	False	False	0	1	1	0	0	0	0	NONE				
NULL/chr2R_9178347-9178768__chr2R_9936639-9936952	False	False	1	1	0	1	1	0	1	LL_RR	LL	0.096	24.7	1.0177287669604316
NULL/chr2R_9189407-9189607__chr2R_18929511-18929711	False	False	1	0	1	1	0	1	1	LR_RL	RL	3.51e-05	38.3	4.454692883534176
NULL/chr2R_9189407-9189607__chr2R_22028414-22028775	False	False	1	1	1	1	1	1	1	BOTH	RR	0.064	26.5	1.193820026016113
NULL/chr2R_9318986-9319419__chr2R_10109599-10110119	False	False	1	1	0	1	1	0	1	LL_RR	RR	0.21	25.6	0.6777807052660807
NULL/chr2R_9318986-9319419__chr2R_10158762-10159202	False	False	0	0	1	1	0	1	1	LR_RL	RL	0.005	30.1	2.3010299956639813
NULL/chr2R_9318986-9319419__chr2R_13194170-13194587	False	False	0	1	0	1	0	0	0	NONE				
NULL/chr2R_9318986-9319419__chr2R_14428730-14429102	False	False	1	1	1	1	1	1	1	BOTH	RR	0.000428	33.7	3.3685562309868278
NULL/chr2R_9318986-9319419__chr2R_16703381-16703786	False	False	1	1	0	1	1	0	1	LL_RR	RR	0.18	24.7	0.744727494896694
NULL/chr2R_9318986-9319419__chr2R_17054642-17054966	False	False	1	1	0	0	1	0	1	LL_RR	RR	0.22	25.6	0.6575773191777937
NULL/chr2R_9318986-9319419__chr2R_22263977-22264346	False	False	1	1	1	1	1	1	1	BOTH	RL	1.7e-15	72.5	14.769551078621726
NULL/chr2R_9338882-9339082__chr2R_10160478-10160690	False	False	1	0	0	1	0	0	0	NONE				
NULL/chr2R_9338882-9339082__chr2R_12496961-12497161	False	False	1	1	1	1	1	1	1	BOTH	RR	8.26e-07	42.8	6.083019952679618
NULL/chr2R_9338882-9339082__chr2R_13195553-13195864	False	False	1	0	1	0	0	0	0	NONE				
NULL/chr2R_9338882-9339082__chr2R_16192711-16192911	False	False	0	0	0	1	0	0	0	NONE				
NULL/chr2R_9338882-9339082__chr2R_20562855-20563268	False	False	1	1	1	0	1	0	1	LL_RR	LL	0.18	24.7	0.744727494896694
NULL/chr2R_9338882-9339082__chr2R_21164556-21164883	False	False	0	1	0	0	0	0	0	NONE				
NULL/chr2R_9372513-9372734__chr2R_13192361-13193251	False	False	1	0	1	1	0	1	1	LR_RL	RL	0.014	28.3	1.853871964321762
NULL/chr2R_9372513-9372734__chr2R_14980641-14981129	False	False	1	1	1	1	1	1	1	BOTH	RR	0.000303	33.7	3.518557371497695
NULL/chr2R_9374511-9374908__chr2R_14350087-14350376	False	False	1	1	1	1	1	1	1	BOTH	LL	0.045	26.5	1.3467874862246563
NULL/chr2R_9374511-9374908__chr2R_15720559-15720844	False	False	0	1	0	1	0	0	0	NONE				
NULL/chr2R_9374511-9374908__chr2R_18617926-18618126	False	False	1	1	0	0	1	0	1	LL_RR	LL	0.022	25.6	1.6575773191777938
NULL/chr2R_9374511-9374908__chr2R_22309744-22310226	False	False	0	1	0	1	0	0	0	NONE				
NULL/chr2R_9492171-9492437__chr2R_11259263-11259645	False	False	1	0	1	0	0	0	0	NONE				
NULL/chr2R_9492171-9492437__chr2R_18617926-18618126	False	False	1	0	0	0	0	0	0	NONE				
NULL/chr2R_9492171-9492437__chr2R_20823130-20823330	False	False	1	0	1	0	0	0	0	NONE				
NULL/chr2R_9492733-9492933__chr2R_10674070-10674314	False	False	0	1	0	1	0	0	0	NONE				
NULL/chr2R_9492733-9492933__chr2R_10734849-10735149	False	False	0	1	0	1	0	0	0	NONE				
NULL/chr2R_9492733-9492933__chr2R_11259263-11259645	False	False	0	1	0	0	0	0	0	NONE				
NULL/chr2R_9492733-9492933__chr2R_20558766-20559051	False	False	0	1	0	1	0	0	0	NONE				
NULL/chr2R_9555902-9556546__chr2R_10104067-10104664	False	False	1	1	1	0	1	0	1	LL_RR	RR	0.003	30.1	2.5228787452803374
NULL/chr2R_9555902-9556546__chr2R_10109599-10110119	False	False	1	0	1	1	0	1	1	LR_RL	LR	0.06	25.6	1.2218487496163564
NULL/chr2R_9555902-9556546__chr2R_11280746-11281085	False	False	1	0	1	0	0	0	0	NONE				
NULL/chr2R_9555902-9556546__chr2R_16192711-16192911	False	False	0	0	0	0	0	0	0	NONE				
NULL/chr2R_9555902-9556546__chr2R_18948523-18948792	False	False	0	0	1	1	0	1	1	LR_RL	RL	0.38	23.8	0.42021640338318983
NULL/chr2R_9557786-9557986__chr2R_15790355-15790636	False	False	1	1	1	0	1	0	1	LL_RR	RR	0.064	27.4	1.193820026016113
NULL/chr2R_9557786-9557986__chr2R_18948523-18948792	False	False	1	1	1	1	1	1	1	BOTH	RL	0.22	25.6	0.6575773191777937
NULL/chr2R_9557786-9557986__chr2R_22310630-22311004	False	False	1	1	1	1	1	1	1	BOTH	LL	0.035	25.6	1.4559319556497243
NULL/chr2R_9559487-9559979__chr2R_10724722-10724928	False	False	1	1	1	0	1	0	1	LL_RR	LL	0.018	28.3	1.744727494896694
NULL/chr2R_9559487-9559979__chr2R_18999818-19000573	False	False	1	1	1	0	1	0	1	LL_RR	LL	0.22	24.7	0.6575773191777937
NULL/chr2R_9562047-9562495__chr2R_10362752-10363059	False	False	0	0	1	0	0	0	0	NONE				
NULL/chr2R_9562047-9562495__chr2R_11467535-11467813	False	False	1	0	0	0	0	0	0	NONE				
NULL/chr2R_9562047-9562495__chr2R_13164461-13164824	False	False	1	0	0	0	0	0	0	NONE				
NULL/chr2R_9562516-9562910__chr2R_12556332-12556741	False	False	0	0	0	0	0	0	0	NONE				
NULL/chr2R_9562516-9562910__chr2R_15006081-15006369	False	False	0	1	0	1	0	0	0	NONE				
NULL/chr2R_9562516-9562910__chr2R_20566669-20566882	False	False	0	1	0	1	0	0	0	NONE				
NULL/chr2R_9562516-9562910__chr2R_23948285-23948607	False	False	0	0	0	1	0	0	0	NONE				
NULL/chr2R_9567242-9567442__chr2R_10158762-10159202	False	False	0	1	1	0	0	0	0	NONE				
NULL/chr2R_9567242-9567442__chr2R_10169607-10169832	False	False	1	1	1	1	1	1	1	BOTH	LL	1.18e-07	47.3	6.928117992693875
NULL/chr2R_9567242-9567442__chr2R_16642879-16643383	False	False	1	0	1	1	0	1	1	LR_RL	RL	0.22	25.6	0.6575773191777937
NULL/chr2R_9567242-9567442__chr2R_16643578-16643778	False	False	1	1	1	0	1	0	1	LL_RR	RR	0.22	24.7	0.6575773191777937
NULL/chr2R_9567242-9567442__chr2R_20932829-20933143	False	False	1	1	1	1	1	1	1	BOTH	LR	6.1e-05	37.4	4.214670164989233
NULL/chr2R_9567242-9567442__chr2R_22028414-22028775	False	False	0	1	0	1	0	0	0	NONE				
NULL/chr2R_9598105-9598410__chr2R_10827814-10828308	False	False	0	0	0	1	0	0	0	NONE				
NULL/chr2R_9598105-9598410__chr2R_16159018-16159309	False	False	1	0	1	1	0	1	1	LR_RL	RL	0.064	26.5	1.193820026016113
NULL/chr2R_9598105-9598410__chr2R_21145088-21145606	False	False	0	0	0	1	0	0	0	NONE				
NULL/chr2R_9598105-9598410__chr2R_22168230-22168438	False	False	0	1	0	1	0	0	0	NONE				
NULL/chr2R_9598105-9598410__chr2R_22311826-22312026	False	False	0	0	1	0	0	0	0	NONE				
NULL/chr2R_9727517-9727743__chr2R_13190587-13190787	False	False	1	0	1	1	0	1	1	LR_RL	LR	0.38	23.8	0.42021640338318983
NULL/chr2R_9741763-9741963__chr2R_10166703-10167099	False	False	1	1	1	1	1	1	1	BOTH	LR	8.29e-07	42.8	6.081445469449727
NULL/chr2R_9741763-9741963__chr2R_10169607-10169832	False	False	1	1	1	1	1	1	1	BOTH	LL	8.29e-07	42.8	6.081445469449727
NULL/chr2R_9741763-9741963__chr2R_14977821-14978455	False	False	1	1	0	1	1	0	1	LL_RR	RR	0.055	27.4	1.2596373105057561
NULL/chr2R_9741763-9741963__chr2R_22310630-22311004	False	False	0	1	0	0	0	0	0	NONE				
NULL/chr2R_9741763-9741963__chr2R_23259211-23259587	False	False	0	1	1	1	0	1	1	LR_RL	LR	0.22	25.6	0.6575773191777937
NULL/chr2R_9748242-9748798__chr2R_14977821-14978455	False	False	1	1	1	1	1	1	1	BOTH	RR	0.016	28.3	1.7958800173440752
NULL/chr2R_9748242-9748798__chr2R_18899660-18899871	False	False	0	1	1	1	0	1	1	LR_RL	LR	3.51e-05	37.4	4.454692883534176
NULL/chr2R_9748242-9748798__chr2R_22692057-22692354	False	False	1	1	1	1	1	1	1	BOTH	RL	0.22	25.6	0.6575773191777937
NULL/chr2R_9900668-9901086__chr2R_11280746-11281085	False	False	1	1	1	1	1	1	1	BOTH	LR	0.22	24.7	0.6575773191777937
NULL/chr2R_9900668-9901086__chr2R_13192033-13192233	False	False	0	1	1	1	0	1	1	LR_RL	RL	0.031	26.5	1.5086383061657274
NULL/chr2R_9900668-9901086__chr2R_13555091-13555340	False	False	1	0	1	1	0	1	1	LR_RL	LR	0.22	24.7	0.6575773191777937
NULL/chr2R_9911877-9912145__chr2R_13582159-13582576	False	False	1	1	1	0	1	0	1	LL_RR	LL	0.064	26.5	1.193820026016113
NULL/chr2R_9938636-9938836__chr2R_10099473-10099798	False	False	0	1	1	1	0	1	1	LR_RL	RL	0.33	22.9	0.4814860601221125
NULL/chr2R_9938636-9938836__chr2R_11259263-11259645	False	False	0	1	1	0	0	0	0	NONE				
NULL/chr2R_9938636-9938836__chr2R_12224142-12224342	False	False	1	0	1	1	0	1	1	LR_RL	RL	0.031	27.4	1.5086383061657274
NULL/chr2R_9938636-9938836__chr2R_15362583-15363071	False	False	1	1	1	0	1	0	1	LL_RR	RR	0.38	22.9	0.42021640338318983
NULL/chr2R_9938636-9938836__chr2R_19038773-19039303	False	False	1	1	1	0	1	0	1	LL_RR	LL	2.36e-05	37.4	4.627087997029894
NULL/chr2R_9940074-9940569__chr2R_13192361-13193251	False	False	1	1	0	1	1	0	1	LL_RR	LL	0.033	27.4	1.4814860601221125
NULL/chr3L_10718006-10718268__chr3L_11684552-11684880	False	False	1	0	1	1	0	1	1	LR_RL	RL	0.064	26.5	1.193820026016113
NULL/chr3L_10718006-10718268__chr3L_19173146-19173442	False	False	1	1	1	0	1	0	1	LL_RR	LL	0.001	32.8	3.0
NULL/chr3L_10764416-10764696__chr3L_12063986-12064331	False	False	1	1	0	1	1	0	1	LL_RR	RR	0.77	22.9	0.11350927482751812
NULL/chr3L_10764416-10764696__chr3L_12082643-12082843	False	False	1	1	1	1	1	1	1	BOTH	LR	0.22	25.6	0.6575773191777937
NULL/chr3L_10764416-10764696__chr3L_18241081-18241477	False	False	1	1	1	1	1	1	1	BOTH	RL	5.57e-09	50.0	8.254144804826272
NULL/chr3L_1082826-1083401__chr3L_15989718-15989918	False	False	0	1	0	0	0	0	0	NONE				
NULL/chr3L_1091260-1091650__chr3L_16775645-16775870	False	False	0	1	0	0	0	0	0	NONE				
NULL/chr3L_1091260-1091650__chr3L_18969320-18969520	False	False	1	1	1	1	1	1	1	BOTH	LL	0.002	31.9	2.6989700043360187
NULL/chr3L_1091260-1091650__chr3L_19051116-19051316	False	False	1	1	0	1	1	0	1	LL_RR	RR	0.064	26.5	1.193820026016113
NULL/chr3L_1091260-1091650__chr3L_2099069-2099450	False	False	0	1	1	1	0	1	1	LR_RL	LR	0.001	31.9	3.0
NULL/chr3L_1091260-1091650__chr3L_6968332-6968548	False	False	1	1	1	0	1	0	1	LL_RR	RR	0.005	30.1	2.3010299956639813
NULL/chr3L_11066817-11067017__chr3L_11090638-11090925	False	False	1	0	1	0	0	0	0	NONE				
NULL/chr3L_11066817-11067017__chr3L_12658389-12658612	False	False	0	1	1	1	0	1	1	LR_RL	RL	0.018	29.2	1.744727494896694
NULL/chr3L_11066817-11067017__chr3L_12678456-12678703	False	False	1	0	0	1	0	0	0	NONE				
NULL/chr3L_11066817-11067017__chr3L_15048542-15048758	False	False	1	1	1	1	1	1	1	BOTH	RL	0.018	28.3	1.744727494896694
NULL/chr3L_11066817-11067017__chr3L_15062508-15062841	False	False	1	1	1	0	1	0	1	LL_RR	RR	0.26	24.7	0.585026652029182
NULL/chr3L_11066817-11067017__chr3L_15065782-15065982	False	False	1	1	0	1	1	0	1	LL_RR	RR	0.064	26.5	1.193820026016113
NULL/chr3L_11066817-11067017__chr3L_19135570-19135853	False	False	1	1	1	1	1	1	1	BOTH	LL	0.22	25.6	0.6575773191777937
NULL/chr3L_11066817-11067017__chr3L_22893393-22893593	False	False	1	1	1	1	1	1	1	BOTH	LL	0.11	27.4	0.958607314841775
NULL/chr3L_11090638-11090925__chr3L_13500764-13501176	False	False	1	1	1	1	1	1	1	BOTH	RR	0.000428	34.6	3.3685562309868278
NULL/chr3L_11090638-11090925__chr3L_14727354-14728074	False	False	1	1	0	0	1	0	1	LL_RR	RR	8.52e-06	37.4	5.0695604052333
NULL/chr3L_11090638-11090925__chr3L_17019852-17020197	False	False	0	1	0	1	0	0	0	NONE				
NULL/chr3L_11099385-11099783__chr3L_13500764-13501176	False	False	1	0	1	0	0	0	0	NONE				
NULL/chr3L_11099385-11099783__chr3L_15984916-15985116	False	False	0	0	0	0	0	0	0	NONE				
NULL/chr3L_11100667-11101152__chr3L_11973666-11973958	False	False	0	1	1	1	0	1	1	LR_RL	LR	0.22	24.7	0.6575773191777937
NULL/chr3L_11100667-11101152__chr3L_19174386-19174928	False	False	1	0	0	1	0	0	0	NONE				
NULL/chr3L_11105575-11105775__chr3L_13641091-13641350	False	False	1	1	0	0	1	0	1	LL_RR	RR	0.064	27.4	1.193820026016113
NULL/chr3L_11105575-11105775__chr3L_16674720-16675084	False	False	0	1	0	1	0	0	0	NONE				
NULL/chr3L_11224312-11224512__chr3L_22788539-22788804	False	False	1	0	1	1	0	1	1	LR_RL	RL	0.26	22.9	0.585026652029182
NULL/chr3L_11224761-11225250__chr3L_17014763-17015190	False	False	1	1	1	1	1	1	1	BOTH	RL	0.005	30.1	2.3010299956639813
NULL/chr3L_11238445-11238797__chr3L_14524405-14524880	False	False	1	1	1	1	1	1	1	BOTH	LL	0.018	28.3	1.744727494896694
NULL/chr3L_11238445-11238797__chr3L_22773634-22773848	False	False	0	1	1	1	0	1	1	LR_RL	LR	0.005	31.0	2.3010299956639813
NULL/chr3L_11355874-11356295__chr3L_12448941-12449218	False	False	1	1	1	1	1	1	1	BOTH	RR	0.005	31.0	2.3010299956639813
NULL/chr3L_11355874-11356295__chr3L_14922238-14922460	False	False	1	1	1	1	1	1	1	BOTH	RR	0.018	29.2	1.744727494896694
NULL/chr3L_11355874-11356295__chr3L_18244888-18245144	False	False	1	1	1	1	1	1	1	BOTH	LL	0.025	29.2	1.6020599913279623
NULL/chr3L_1167709-1167971__chr3L_12389231-12389431	False	False	1	1	1	1	1	1	1	BOTH	RL	3.51e-05	37.4	4.454692883534176
NULL/chr3L_1167709-1167971__chr3L_18193476-18193931	False	False	1	1	1	1	1	1	1	BOTH	LR	1.01e-05	39.2	4.995678626217358
NULL/chr3L_1167709-1167971__chr3L_22893393-22893593	False	False	0	1	1	1	0	1	1	LR_RL	RL	0.003	32.8	2.5228787452803374
NULL/chr3L_11684552-11684880__chr3L_13657717-13657980	False	False	1	1	1	0	1	0	1	LL_RR	LL	0.012	28.3	1.9208187539523751
NULL/chr3L_11684552-11684880__chr3L_14172843-14173610	False	False	1	0	1	0	0	0	0	NONE				
NULL/chr3L_11685890-11686273__chr3L_14153051-14154215	False	False	1	1	1	1	1	1	1	BOTH	LR	0.089	25.6	1.0506099933550872
NULL/chr3L_11685890-11686273__chr3L_18969320-18969520	False	False	1	1	0	1	1	0	1	LL_RR	LL	0.092	25.6	1.0362121726544447
NULL/chr3L_11685890-11686273__chr3L_19130352-19131228	False	False	1	0	0	1	0	0	0	NONE				
NULL/chr3L_11812108-11812359__chr3L_14931009-14931209	False	False	0	0	1	0	0	0	0	NONE				
NULL/chr3L_11813289-11813573__chr3L_18216020-18216270	False	False	1	0	0	1	0	0	0	NONE				
NULL/chr3L_11973666-11973958__chr3L_13887299-13887499	False	False	0	0	1	0	0	0	0	NONE				
NULL/chr3L_11973666-11973958__chr3L_15048542-15048758	False	False	0	1	0	1	0	0	0	NONE				
NULL/chr3L_12044554-12045005__chr3L_15984572-15984835	False	False	0	0	0	1	0	0	0	NONE				
NULL/chr3L_12044554-12045005__chr3L_19164181-19164596	False	False	1	1	1	1	1	1	1	BOTH	RR	0.017	28.3	1.7695510786217261
NULL/chr3L_12063986-12064331__chr3L_16826033-16826304	False	False	1	0	1	1	0	1	1	LR_RL	RL	0.064	26.5	1.193820026016113
NULL/chr3L_12082643-12082843__chr3L_13270814-13271136	False	False	1	1	1	1	1	1	1	BOTH	LL	0.064	26.5	1.193820026016113
NULL/chr3L_12372005-12372320__chr3L_14635397-14635808	False	False	1	0	1	1	0	1	1	LR_RL	LR	0.017	26.5	1.7695510786217261
NULL/chr3L_12372005-12372320__chr3L_14931009-14931209	False	False	0	1	0	0	0	0	0	NONE				
NULL/chr3L_12372005-12372320__chr3L_16883239-16883440	False	False	1	1	1	0	1	0	1	LL_RR	RR	0.22	24.7	0.6575773191777937
NULL/chr3L_12389231-12389431__chr3L_13886841-13887250	False	False	1	0	0	1	0	0	0	NONE				
NULL/chr3L_12389231-12389431__chr3L_14922238-14922460	False	False	1	1	1	1	1	1	1	BOTH	RR	0.005	30.1	2.3010299956639813
NULL/chr3L_12448941-12449218__chr3L_19051116-19051316	False	False	0	1	1	1	0	1	1	LR_RL	RL	0.001	32.8	3.0
NULL/chr3L_12448941-12449218__chr3L_19137342-19137588	False	False	1	1	1	1	1	1	1	BOTH	RR	0.064	26.5	1.193820026016113
NULL/chr3L_12658389-12658612__chr3L_13641091-13641350	False	False	1	1	1	1	1	1	1	BOTH	RL	0.018	28.3	1.744727494896694
NULL/chr3L_12658389-12658612__chr3L_17019852-17020197	False	False	1	1	1	0	1	0	1	LL_RR	LL	0.034	29.2	1.4685210829577449
NULL/chr3L_13208620-13208905__chr3L_20415984-20416184	False	False	0	1	1	1	0	1	1	LR_RL	RL	0.22	25.6	0.6575773191777937
NULL/chr3L_13231729-13231956__chr3L_16463198-16463716	False	False	1	1	1	1	1	1	1	BOTH	RR	0.064	26.5	1.193820026016113
NULL/chr3L_13270814-13271136__chr3L_16739977-16740479	False	False	1	1	1	1	1	1	1	BOTH	LR	0.001	31.9	3.0
NULL/chr3L_13270814-13271136__chr3L_18288111-18288550	False	False	1	1	1	1	1	1	1	BOTH	RR	0.22	25.6	0.6575773191777937
NULL/chr3L_13500764-13501176__chr3L_14939995-14940646	False	False	1	1	0	1	1	0	1	LL_RR	RR	0.061	25.6	1.214670164989233
NULL/chr3L_13500764-13501176__chr3L_14948136-14948479	False	False	1	1	1	0	1	0	1	LL_RR	RR	0.001	32.8	3.0
NULL/chr3L_13500764-13501176__chr3L_18193476-18193931	False	False	1	1	1	1	1	1	1	BOTH	RL	0.000428	34.6	3.3685562309868278
NULL/chr3L_13500764-13501176__chr3L_18812160-18812714	False	False	1	1	1	1	1	1	1	BOTH	RL	0.005	31.0	2.3010299956639813
NULL/chr3L_13500764-13501176__chr3L_19143539-19143824	False	False	1	1	1	1	1	1	1	BOTH	LR	0.064	27.4	1.193820026016113
NULL/chr3L_13646895-13647219__chr3L_14925390-14925769	False	False	1	1	1	1	1	1	1	BOTH	RR	0.064	26.5	1.193820026016113
NULL/chr3L_13646895-13647219__chr3L_15065782-15065982	False	False	1	1	1	1	1	1	1	BOTH	LR	0.22	24.7	0.6575773191777937
NULL/chr3L_13646895-13647219__chr3L_18812160-18812714	False	False	1	1	1	1	1	1	1	BOTH	LL	0.018	29.2	1.744727494896694
NULL/chr3L_13646895-13647219__chr3L_20457312-20457678	False	False	1	0	0	1	0	0	0	NONE				
NULL/chr3L_13646895-13647219__chr3L_22851931-22852313	False	False	1	1	1	1	1	1	1	BOTH	RL	0.018	28.3	1.744727494896694
NULL/chr3L_13834627-13835094__chr3L_14172843-14173610	False	False	0	1	1	1	0	1	1	LR_RL	LR	0.22	25.6	0.6575773191777937
NULL/chr3L_13887299-13887499__chr3L_14948136-14948479	False	False	0	1	0	1	0	0	0	NONE				
NULL/chr3L_13892257-13892580__chr3L_14244211-14244471	False	False	1	1	1	1	1	1	1	BOTH	LR	0.003	31.9	2.5228787452803374
NULL/chr3L_14152518-14152826__chr3L_15048542-15048758	False	False	1	1	1	1	1	1	1	BOTH	LR	0.001	31.9	3.0
NULL/chr3L_14171965-14172435__chr3L_14922238-14922460	False	False	1	0	1	1	0	1	1	LR_RL	RL	0.12	22.9	0.9208187539523752
NULL/chr3L_14171965-14172435__chr3L_14932705-14933060	False	False	1	0	1	0	0	0	0	NONE				
NULL/chr3L_14171965-14172435__chr3L_18969320-18969520	False	False	1	0	1	1	0	1	1	LR_RL	LR	0.22	24.7	0.6575773191777937
NULL/chr3L_14195647-14195954__chr3L_14636483-14636932	False	False	1	1	1	0	1	0	1	LL_RR	RR	0.005	30.1	2.3010299956639813
NULL/chr3L_14244211-14244471__chr3L_19175349-19175549	False	False	1	1	1	1	1	1	1	BOTH	RR	0.018	28.3	1.744727494896694
NULL/chr3L_14244211-14244471__chr3L_22888570-22889072	False	False	1	1	0	1	1	0	1	LL_RR	RR	0.032	29.2	1.494850021680094
NULL/chr3L_14523287-14523596__chr3L_14572837-14573037	False	False	1	1	1	1	1	1	1	BOTH	LR	0.018	28.3	1.744727494896694
NULL/chr3L_14524405-14524880__chr3L_14936376-14936760	False	False	1	1	1	0	1	0	1	LL_RR	RR	0.4	23.8	0.3979400086720376
NULL/chr3L_14524405-14524880__chr3L_18241081-18241477	False	False	0	0	1	1	0	1	1	LR_RL	LR	0.002	31.9	2.6989700043360187
NULL/chr3L_14524405-14524880__chr3L_19173146-19173442	False	False	1	1	1	1	1	1	1	BOTH	RL	0.064	27.4	1.193820026016113
NULL/chr3L_14571782-14572050__chr3L_20459170-20459888	False	False	1	1	1	0	1	0	1	LL_RR	RR	0.22	24.7	0.6575773191777937
NULL/chr3L_14572837-14573037__chr3L_14939995-14940646	False	False	0	0	0	1	0	0	0	NONE				
NULL/chr3L_14635397-14635808__chr3L_14936376-14936760	False	False	1	1	1	0	1	0	1	LL_RR	RR	0.11	22.9	0.958607314841775
NULL/chr3L_14635397-14635808__chr3L_16674720-16675084	False	False	1	1	1	1	1	1	1	BOTH	RR	0.005	28.3	2.3010299956639813
NULL/chr3L_14635397-14635808__chr3L_18177706-18178000	False	False	1	1	1	1	1	1	1	BOTH	RR	0.005	29.2	2.3010299956639813
NULL/chr3L_14635397-14635808__chr3L_18966539-18966739	False	False	1	1	1	1	1	1	1	BOTH	LL	0.005	30.1	2.3010299956639813
NULL/chr3L_14635397-14635808__chr3L_22893393-22893593	False	False	0	0	1	0	0	0	0	NONE				
NULL/chr3L_14636483-14636932__chr3L_16775645-16775870	False	False	0	0	1	1	0	1	1	LR_RL	LR	0.022	24.7	1.6575773191777938
NULL/chr3L_14636483-14636932__chr3L_22893393-22893593	False	False	0	1	0	1	0	0	0	NONE				
NULL/chr3L_14646221-14646447__chr3L_15989718-15989918	False	False	1	0	1	1	0	1	1	LR_RL	LR	0.064	26.5	1.193820026016113
NULL/chr3L_14727354-14728074__chr3L_16754916-16755182	False	False	1	1	1	1	1	1	1	BOTH	RR	2.44e-06	39.2	5.61261017366127
NULL/chr3L_14728691-14729056__chr3L_19174386-19174928	False	False	0	1	0	1	0	0	0	NONE				
NULL/chr3L_14728691-14729056__chr3L_20457312-20457678	False	False	0	0	0	0	0	0	0	NONE				
NULL/chr3L_14922238-14922460__chr3L_18976381-18976581	False	False	1	1	1	1	1	1	1	BOTH	RL	0.001	31.9	3.0
NULL/chr3L_14928799-14929134__chr3L_18188992-18189399	False	False	1	1	1	1	1	1	1	BOTH	RR	0.003	31.0	2.5228787452803374
NULL/chr3L_14932705-14933060__chr3L_16775645-16775870	False	False	1	1	0	1	1	0	1	LL_RR	RR	0.29	22.9	0.5376020021010439
NULL/chr3L_14939995-14940646__chr3L_15984572-15984835	False	False	0	0	0	0	0	0	0	NONE				
NULL/chr3L_14948136-14948479__chr3L_20415984-20416184	False	False	1	1	1	1	1	1	1	BOTH	LL	0.024	28.3	1.6197887582883939
NULL/chr3L_15048542-15048758__chr3L_18216020-18216270	False	False	1	1	1	1	1	1	1	BOTH	RL	0.016	28.3	1.7958800173440752
NULL/chr3L_15984572-15984835__chr3L_19051116-19051316	False	False	1	0	0	0	0	0	0	NONE				
NULL/chr3L_15989718-15989918__chr3L_18976381-18976581	False	False	1	1	1	0	1	0	1	LL_RR	RR	0.064	27.4	1.193820026016113
NULL/chr3L_16018683-16019261__chr3L_18969320-18969520	False	False	0	1	1	0	0	0	0	NONE				
NULL/chr3L_16045010-16045232__chr3L_16739294-16739644	False	False	1	1	1	0	1	0	1	LL_RR	LL	0.064	26.5	1.193820026016113
NULL/chr3L_16046788-16047125__chr3L_18792529-18792729	False	False	1	1	1	1	1	1	1	BOTH	LR	0.039	27.4	1.408935392973501
NULL/chr3L_16739977-16740479__chr3L_19137342-19137588	False	False	1	0	0	1	0	0	0	NONE				
NULL/chr3L_16826033-16826304__chr3L_19175349-19175549	False	False	1	1	1	0	1	0	1	LL_RR	LL	0.01	26.5	2.0
NULL/chr3L_16883239-16883440__chr3L_19143539-19143824	False	False	1	1	1	1	1	1	1	BOTH	LL	0.22	24.7	0.6575773191777937
NULL/chr3L_17014763-17015190__chr3L_18244888-18245144	False	False	1	0	1	1	0	1	1	LR_RL	RL	0.57	24.7	0.24412514432750865
NULL/chr3L_17014763-17015190__chr3L_18288111-18288550	False	False	1	0	1	1	0	1	1	LR_RL	LR	0.001	31.9	3.0
NULL/chr3L_18177706-18178000__chr3L_18253096-18253493	False	False	1	1	1	1	1	1	1	BOTH	LL	0.005	30.1	2.3010299956639813
NULL/chr3L_18193476-18193931__chr3L_19159338-19159712	False	False	1	1	1	1	1	1	1	BOTH	LL	0.000428	33.7	3.3685562309868278
NULL/chr3L_18193476-18193931__chr3L_19164181-19164596	False	False	1	1	1	1	1	1	1	BOTH	LR	0.001	31.9	3.0
NULL/chr3L_18216020-18216270__chr3L_20448593-20448874	False	False	1	1	1	1	1	1	1	BOTH	LL	0.000428	34.6	3.3685562309868278
NULL/chr3L_18223141-18223473__chr3L_19159338-19159712	False	False	1	1	1	1	1	1	1	BOTH	LL	0.005	31.0	2.3010299956639813
NULL/chr3L_18253096-18253493__chr3L_20459170-20459888	False	False	0	1	1	0	0	0	0	NONE				
NULL/chr3L_18758861-18759061__chr3L_19174386-19174928	False	False	1	1	0	1	1	0	1	LL_RR	RR	0.000855	30.1	3.068033885271827
NULL/chr3L_18792529-18792729__chr3L_22788539-22788804	False	False	1	1	1	1	1	1	1	BOTH	RR	0.000428	34.6	3.3685562309868278
NULL/chr3L_18966539-18966739__chr3L_19130352-19131228	False	False	1	0	1	1	0	1	1	LR_RL	LR	0.064	27.4	1.193820026016113
NULL/chr3L_19130352-19131228__chr3L_20457312-20457678	False	False	1	0	0	0	0	0	0	NONE				
NULL/chr3L_19130352-19131228__chr3L_22888570-22889072	False	False	1	0	1	0	0	0	0	NONE				
NULL/chr3L_19135570-19135853__chr3L_22888570-22889072	False	False	0	0	0	0	0	0	0	NONE				
NULL/chr3L_19159338-19159712__chr3L_22728933-22729192	False	False	1	1	0	0	1	0	1	LL_RR	LL	0.22	25.6	0.6575773191777937
NULL/chr3L_19159338-19159712__chr3L_22946089-22946293	False	False	1	1	1	1	1	1	1	BOTH	LL	0.064	26.5	1.193820026016113
NULL/chr3L_19173146-19173442__chr3L_22893393-22893593	False	False	1	0	1	1	0	1	1	LR_RL	RL	0.032	28.3	1.494850021680094
NULL/chr3L_19175349-19175549__chr3L_22788539-22788804	False	False	1	1	1	1	1	1	1	BOTH	LL	0.01	27.4	2.0
NULL/chr3L_19175349-19175549__chr3L_22851931-22852313	False	False	1	1	1	1	1	1	1	BOTH	RL	3.51e-05	37.4	4.454692883534176
NULL/chr3L_2073248-2073448__chr3L_14727354-14728074	False	False	1	1	0	0	1	0	1	LL_RR	RR	0.65	22.9	0.18708664335714442
NULL/chr3L_2073248-2073448__chr3L_14944241-14944774	False	False	1	1	0	0	1	0	1	LL_RR	LL	0.22	24.7	0.6575773191777937
NULL/chr3L_2073248-2073448__chr3L_17019852-17020197	False	False	1	1	1	0	1	0	1	LL_RR	LL	0.12	26.5	0.9208187539523752
NULL/chr3L_2073248-2073448__chr3L_3384074-3384511	False	False	1	1	0	0	1	0	1	LL_RR	LL	0.005	30.1	2.3010299956639813
NULL/chr3L_2073248-2073448__chr3L_9413206-9413480	False	False	0	0	0	1	0	0	0	NONE				
NULL/chr3L_2091115-2091413__chr3L_12389231-12389431	False	False	0	1	1	1	0	1	1	LR_RL	LR	0.064	26.5	1.193820026016113
NULL/chr3L_2091115-2091413__chr3L_14931009-14931209	False	False	0	0	1	0	0	0	0	NONE				
NULL/chr3L_2098335-2098584__chr3L_13657717-13657980	False	False	1	0	1	1	0	1	1	LR_RL	RL	0.041	27.4	1.3872161432802645
NULL/chr3L_2098335-2098584__chr3L_14931009-14931209	False	False	0	1	1	0	0	0	0	NONE				
NULL/chr3L_2099069-2099450__chr3L_14244211-14244471	False	False	0	1	1	1	0	1	1	LR_RL	RL	0.064	26.5	1.193820026016113
NULL/chr3L_2139317-2139517__chr3L_14944241-14944774	False	False	1	1	0	0	1	0	1	LL_RR	LL	0.22	24.7	0.6575773191777937
NULL/chr3L_2139317-2139517__chr3L_18188992-18189399	False	False	1	1	1	0	1	0	1	LL_RR	RR	0.22	25.6	0.6575773191777937
NULL/chr3L_2139317-2139517__chr3L_18966539-18966739	False	False	1	1	1	0	1	0	1	LL_RR	LL	0.77	22.9	0.11350927482751812
NULL/chr3L_2139317-2139517__chr3L_19130352-19131228	False	False	1	0	1	1	0	1	1	LR_RL	RL	0.064	26.5	1.193820026016113
NULL/chr3L_2139317-2139517__chr3L_19137342-19137588	False	False	0	1	0	0	0	0	0	NONE				
NULL/chr3L_2139317-2139517__chr3L_22946089-22946293	False	False	0	0	0	1	0	0	0	NONE				
NULL/chr3L_22888570-22889072__chr3L_22946089-22946293	False	False	1	0	0	1	0	0	0	NONE				
NULL/chr3L_2362087-2362296__chr3L_16018683-16019261	False	False	1	1	0	1	1	0	1	LL_RR	LL	0.064	27.4	1.193820026016113
NULL/chr3L_2363266-2363496__chr3L_5969720-5970091	False	False	0	1	1	1	0	1	1	LR_RL	LR	0.22	24.7	0.6575773191777937
NULL/chr3L_2383777-2384194__chr3L_14948136-14948479	False	False	0	1	1	0	0	0	0	NONE				
NULL/chr3L_2402613-2402864__chr3L_10764416-10764696	False	False	1	0	1	1	0	1	1	LR_RL	LR	0.018	28.3	1.744727494896694
NULL/chr3L_2402613-2402864__chr3L_15989718-15989918	False	False	0	1	1	0	0	0	0	NONE				
NULL/chr3L_2402613-2402864__chr3L_2533105-2533332	False	False	1	1	0	1	1	0	1	LL_RR	LL	0.005	30.1	2.3010299956639813
NULL/chr3L_247505-247705__chr3L_11973666-11973958	False	False	0	1	1	0	0	0	0	NONE				
NULL/chr3L_247505-247705__chr3L_14938074-14938558	False	False	0	0	0	1	0	0	0	NONE				
NULL/chr3L_247505-247705__chr3L_19164181-19164596	False	False	0	1	1	1	0	1	1	LR_RL	RL	0.22	24.7	0.6575773191777937
NULL/chr3L_247505-247705__chr3L_5991306-5991899	False	False	1	1	1	1	1	1	1	BOTH	LR	0.018	28.3	1.744727494896694
NULL/chr3L_247505-247705__chr3L_647134-647334	False	False	1	0	1	1	0	1	1	LR_RL	LR	0.77	22.9	0.11350927482751812
NULL/chr3L_247505-247705__chr3L_9382596-9382979	False	False	0	1	0	0	0	0	0	NONE				
NULL/chr3L_2533105-2533332__chr3L_14635397-14635808	False	False	1	1	1	1	1	1	1	BOTH	LR	0.017	26.5	1.7695510786217261
NULL/chr3L_2533105-2533332__chr3L_14928799-14929134	False	False	1	0	1	1	0	1	1	LR_RL	LR	0.041	26.5	1.3872161432802645
NULL/chr3L_254348-254880__chr3L_12044554-12045005	False	False	0	1	1	1	0	1	1	LR_RL	RL	0.57	22.9	0.24412514432750865
NULL/chr3L_254348-254880__chr3L_14571782-14572050	False	False	1	1	1	0	1	0	1	LL_RR	RR	0.22	24.7	0.6575773191777937
NULL/chr3L_254348-254880__chr3L_18241081-18241477	False	False	1	1	0	0	1	0	1	LL_RR	LL	0.22	25.6	0.6575773191777937
NULL/chr3L_254348-254880__chr3L_19173146-19173442	False	False	1	1	1	0	1	0	1	LL_RR	LL	0.018	28.3	1.744727494896694
NULL/chr3L_254348-254880__chr3L_774464-774809	False	False	1	0	1	1	0	1	1	LR_RL	RL	0.064	26.5	1.193820026016113
NULL/chr3L_2552007-2552315__chr3L_12487652-12487993	False	False	1	1	1	1	1	1	1	BOTH	RL	0.037	26.5	1.431798275933005
NULL/chr3L_2552007-2552315__chr3L_14572837-14573037	False	False	1	0	1	1	0	1	1	LR_RL	RL	0.13	24.7	0.8860566476931632
NULL/chr3L_2552007-2552315__chr3L_18188992-18189399	False	False	1	1	1	0	1	0	1	LL_RR	LL	0.22	24.7	0.6575773191777937
NULL/chr3L_2552007-2552315__chr3L_9010205-9010405	False	False	1	0	1	0	0	0	0	NONE				
NULL/chr3L_255201-255682__chr3L_14939995-14940646	False	False	1	0	1	1	0	1	1	LR_RL	LR	0.74	22.9	0.13076828026902382
NULL/chr3L_255201-255682__chr3L_9024467-9024945	False	False	1	1	1	0	1	0	1	LL_RR	RR	0.12	26.5	0.9208187539523752
NULL/chr3L_2553779-2553979__chr3L_11100667-11101152	False	False	1	1	0	1	1	0	1	LL_RR	RR	0.22	24.7	0.6575773191777937
NULL/chr3L_2553779-2553979__chr3L_4334437-4334651	False	False	1	1	1	1	1	1	1	BOTH	RR	0.001	32.8	3.0
NULL/chr3L_2562100-2562492__chr3L_14572837-14573037	False	False	1	1	1	1	1	1	1	BOTH	LR	0.064	27.4	1.193820026016113
NULL/chr3L_2562100-2562492__chr3L_16018683-16019261	False	False	1	1	1	1	1	1	1	BOTH	LR	5.57e-09	50.0	8.254144804826272
NULL/chr3L_2562100-2562492__chr3L_19174386-19174928	False	False	0	1	1	0	0	0	0	NONE				
NULL/chr3L_2562100-2562492__chr3L_20457312-20457678	False	False	0	0	1	1	0	1	1	LR_RL	LR	0.46	23.8	0.3372421683184259
NULL/chr3L_2562100-2562492__chr3L_5821284-5821579	False	False	1	1	0	1	1	0	1	LL_RR	LL	0.064	26.5	1.193820026016113
NULL/chr3L_2566292-2566652__chr3L_2836046-2836310	False	False	1	1	1	1	1	1	1	BOTH	LR	0.064	27.4	1.193820026016113
NULL/chr3L_2566292-2566652__chr3L_5961714-5961914	False	False	1	1	1	1	1	1	1	BOTH	LR	0.000647	31.9	3.1890957193312994
NULL/chr3L_2566292-2566652__chr3L_6685484-6685719	False	False	1	1	1	1	1	1	1	BOTH	LL	3.51e-05	37.4	4.454692883534176
NULL/chr3L_2566292-2566652__chr3L_9024467-9024945	False	False	0	1	1	1	0	1	1	LR_RL	RL	0.002	30.1	2.6989700043360187
NULL/chr3L_2568872-2569202__chr3L_12043527-12044019	False	False	1	1	1	1	1	1	1	BOTH	RR	0.047	24.7	1.3279021420642825
NULL/chr3L_2568872-2569202__chr3L_5825323-5825765	False	False	0	1	1	0	0	0	0	NONE				
NULL/chr3L_2574144-2574754__chr3L_11066817-11067017	False	False	1	1	1	1	1	1	1	BOTH	RR	0.005	31.0	2.3010299956639813
NULL/chr3L_2574144-2574754__chr3L_14944241-14944774	False	False	1	1	1	1	1	1	1	BOTH	RL	0.001	31.9	3.0
NULL/chr3L_260322-260568__chr3L_12082643-12082843	False	False	1	1	0	0	1	0	1	LL_RR	LL	0.41	24.7	0.38721614328026455
NULL/chr3L_260322-260568__chr3L_18223141-18223473	False	False	0	0	0	0	0	0	0	NONE				
NULL/chr3L_260322-260568__chr3L_302973-303714	False	False	1	1	1	0	1	0	1	LL_RR	LL	0.41	24.7	0.38721614328026455
NULL/chr3L_260322-260568__chr3L_9382596-9382979	False	False	1	0	1	1	0	1	1	LR_RL	LR	0.057	26.5	1.2441251443275085
NULL/chr3L_266056-266335__chr3L_14936376-14936760	False	False	1	0	0	1	0	0	0	NONE				
NULL/chr3L_266056-266335__chr3L_19143539-19143824	False	False	1	0	0	1	0	0	0	NONE				
NULL/chr3L_266056-266335__chr3L_2732331-2732531	False	False	1	1	1	1	1	1	1	BOTH	RL	0.001	32.8	3.0
NULL/chr3L_266056-266335__chr3L_8994546-8994994	False	False	1	1	1	1	1	1	1	BOTH	LL	0.22	25.6	0.6575773191777937
NULL/chr3L_2728464-2728664__chr3L_14524405-14524880	False	False	1	1	0	1	1	0	1	LL_RR	LL	0.22	25.6	0.6575773191777937
NULL/chr3L_2728464-2728664__chr3L_19175349-19175549	False	False	1	1	1	1	1	1	1	BOTH	LL	0.036	24.7	1.4436974992327127
NULL/chr3L_2728464-2728664__chr3L_20448593-20448874	False	False	1	1	0	1	1	0	1	LL_RR	RR	0.005	30.1	2.3010299956639813
NULL/chr3L_2732331-2732531__chr3L_12678456-12678703	False	False	1	1	1	1	1	1	1	BOTH	RR	0.064	27.4	1.193820026016113
NULL/chr3L_2732331-2732531__chr3L_2836046-2836310	False	False	1	1	1	1	1	1	1	BOTH	LR	1.01e-05	39.2	4.995678626217358
NULL/chr3L_2732331-2732531__chr3L_5991306-5991899	False	False	1	1	1	1	1	1	1	BOTH	RL	0.002	30.1	2.6989700043360187
NULL/chr3L_2745584-2745810__chr3L_16018683-16019261	False	False	1	1	1	1	1	1	1	BOTH	RL	0.064	26.5	1.193820026016113
NULL/chr3L_2745584-2745810__chr3L_3148881-3149344	False	False	1	1	1	1	1	1	1	BOTH	RR	0.000428	33.7	3.3685562309868278
NULL/chr3L_2745584-2745810__chr3L_3322687-3323052	False	False	1	1	1	1	1	1	1	BOTH	RL	0.004	30.1	2.3979400086720375
NULL/chr3L_278317-278724__chr3L_11355874-11356295	False	False	1	0	0	0	0	0	0	NONE				
NULL/chr3L_278317-278724__chr3L_5975471-5975750	False	False	0	0	1	0	0	0	0	NONE				
NULL/chr3L_278816-279016__chr3L_15051009-15051402	False	False	0	0	0	1	0	0	0	NONE				
NULL/chr3L_2836046-2836310__chr3L_15051009-15051402	False	False	1	1	1	1	1	1	1	BOTH	RR	0.001	32.8	3.0
NULL/chr3L_2836046-2836310__chr3L_3384074-3384511	False	False	1	1	1	1	1	1	1	BOTH	RL	2.88e-06	41.9	5.540607512240769
NULL/chr3L_2836046-2836310__chr3L_9442724-9443197	False	False	1	1	1	1	1	1	1	BOTH	RL	3.51e-05	37.4	4.454692883534176
NULL/chr3L_2852084-2852431__chr3L_11105575-11105775	False	False	1	1	1	1	1	1	1	BOTH	RR	0.005	30.1	2.3010299956639813
NULL/chr3L_2890005-2890205__chr3L_14171965-14172435	False	False	1	1	1	1	1	1	1	BOTH	RL	0.005	30.1	2.3010299956639813
NULL/chr3L_2902176-2902376__chr3L_20459170-20459888	False	False	1	1	1	0	1	0	1	LL_RR	RR	0.018	29.2	1.744727494896694
NULL/chr3L_302973-303714__chr3L_13208620-13208905	False	False	1	1	0	1	1	0	1	LL_RR	RR	0.62	22.9	0.20760831050174613
NULL/chr3L_302973-303714__chr3L_14930753-14930953	False	False	1	0	0	1	0	0	0	NONE				
NULL/chr3L_302973-303714__chr3L_5635219-5635576	False	False	1	0	1	0	0	0	0	NONE				
NULL/chr3L_302973-303714__chr3L_575160-575533	False	False	1	1	1	1	1	1	1	BOTH	LR	0.001	31.9	3.0
NULL/chr3L_302973-303714__chr3L_5961714-5961914	False	False	0	1	0	1	0	0	0	NONE				
NULL/chr3L_304295-305216__chr3L_12043527-12044019	False	False	1	1	0	1	1	0	1	LL_RR	RR	0.16	22.9	0.7958800173440752
NULL/chr3L_304295-305216__chr3L_13646895-13647219	False	False	1	1	0	1	1	0	1	LL_RR	LL	0.18	24.7	0.744727494896694
NULL/chr3L_304295-305216__chr3L_14938074-14938558	False	False	1	0	0	1	0	0	0	NONE				
NULL/chr3L_3132600-3133003__chr3L_13646895-13647219	False	False	1	1	0	1	1	0	1	LL_RR	LL	0.77	23.8	0.11350927482751812
NULL/chr3L_3148881-3149344__chr3L_5979576-5979770	False	False	1	1	1	0	1	0	1	LL_RR	RR	0.064	27.4	1.193820026016113
NULL/chr3L_3320367-3320567__chr3L_11330795-11331281	False	False	1	0	1	1	0	1	1	LR_RL	LR	0.22	24.7	0.6575773191777937
NULL/chr3L_3320367-3320567__chr3L_16674720-16675084	False	False	1	1	1	0	1	0	1	LL_RR	LL	0.064	26.5	1.193820026016113
NULL/chr3L_3322687-3323052__chr3L_9446026-9446417	False	False	1	1	1	0	1	0	1	LL_RR	RR	0.22	24.7	0.6575773191777937
NULL/chr3L_3332328-3333012__chr3L_14932705-14933060	False	False	1	1	0	1	1	0	1	LL_RR	LL	0.038	27.4	1.4202164033831899
NULL/chr3L_3332328-3333012__chr3L_15065782-15065982	False	False	0	1	1	1	0	1	1	LR_RL	RL	0.021	28.3	1.6777807052660807
NULL/chr3L_3332328-3333012__chr3L_18177706-18178000	False	False	0	1	0	0	0	0	0	NONE				
NULL/chr3L_3332328-3333012__chr3L_18812160-18812714	False	False	0	1	1	1	0	1	1	LR_RL	LR	0.22	24.7	0.6575773191777937
NULL/chr3L_3332328-3333012__chr3L_22728933-22729192	False	False	0	0	1	1	0	1	1	LR_RL	RL	0.018	29.2	1.744727494896694
NULL/chr3L_3332328-3333012__chr3L_5982072-5982272	False	False	0	1	1	1	0	1	1	LR_RL	LR	0.005	31.0	2.3010299956639813
NULL/chr3L_3384074-3384511__chr3L_11105575-11105775	False	False	1	1	1	0	1	0	1	LL_RR	RR	0.000123	35.6	3.910094888560602
NULL/chr3L_3384074-3384511__chr3L_14948136-14948479	False	False	1	1	1	0	1	0	1	LL_RR	LL	0.000576	34.6	3.239577516576788
NULL/chr3L_3384074-3384511__chr3L_16045010-16045232	False	False	1	1	1	1	1	1	1	BOTH	LL	3.51e-05	37.4	4.454692883534176
NULL/chr3L_3384074-3384511__chr3L_4392038-4392238	False	False	0	1	1	1	0	1	1	LR_RL	LR	0.65	22.9	0.18708664335714442
NULL/chr3L_3384074-3384511__chr3L_6968332-6968548	False	False	0	1	1	1	0	1	1	LR_RL	RL	0.000428	34.6	3.3685562309868278
NULL/chr3L_3997727-3997967__chr3L_13887299-13887499	False	False	0	1	0	0	0	0	0	NONE				
NULL/chr3L_3997727-3997967__chr3L_6962082-6962696	False	False	0	1	1	1	0	1	1	LR_RL	LR	0.004	30.1	2.3979400086720375
NULL/chr3L_4334437-4334651__chr3L_12658389-12658612	False	False	0	1	0	1	0	0	0	NONE				
NULL/chr3L_4334437-4334651__chr3L_14172843-14173610	False	False	0	1	0	1	0	0	0	NONE				
NULL/chr3L_4392038-4392238__chr3L_17014763-17015190	False	False	0	0	1	0	0	0	0	NONE				
NULL/chr3L_4394326-4394609__chr3L_11355874-11356295	False	False	1	1	1	1	1	1	1	BOTH	LL	0.18	25.6	0.744727494896694
NULL/chr3L_4394326-4394609__chr3L_14636483-14636932	False	False	1	1	1	0	1	0	1	LL_RR	LL	0.049	25.6	1.3098039199714864
NULL/chr3L_519120-519320__chr3L_22888570-22889072	False	False	1	1	0	1	1	0	1	LL_RR	LL	0.22	24.7	0.6575773191777937
NULL/chr3L_5635219-5635576__chr3L_13231729-13231956	False	False	1	1	1	0	1	0	1	LL_RR	LL	0.001	31.9	3.0
NULL/chr3L_5635219-5635576__chr3L_5961714-5961914	False	False	1	1	1	0	1	0	1	LL_RR	RR	0.14	22.9	0.8538719643217619
NULL/chr3L_5635883-5636083__chr3L_11224761-11225250	False	False	0	1	1	0	0	0	0	NONE				
NULL/chr3L_5635883-5636083__chr3L_11238445-11238797	False	False	0	1	0	1	0	0	0	NONE				
NULL/chr3L_5635883-5636083__chr3L_11813289-11813573	False	False	0	0	0	0	0	0	0	NONE				
NULL/chr3L_5635883-5636083__chr3L_12658389-12658612	False	False	1	1	1	1	1	1	1	BOTH	RL	0.22	24.7	0.6575773191777937
NULL/chr3L_5635883-5636083__chr3L_16883239-16883440	False	False	1	1	0	1	1	0	1	LL_RR	RR	0.005	31.0	2.3010299956639813
NULL/chr3L_571531-572037__chr3L_15984572-15984835	False	False	0	0	0	1	0	0	0	NONE				
NULL/chr3L_574867-575113__chr3L_5973866-5974081	False	False	0	1	0	1	0	0	0	NONE				
NULL/chr3L_574867-575113__chr3L_731320-731606	False	False	1	1	1	0	1	0	1	LL_RR	RR	0.001	31.9	3.0
NULL/chr3L_575160-575533__chr3L_16776828-16777028	False	False	0	1	1	1	0	1	1	LR_RL	LR	0.22	25.6	0.6575773191777937
NULL/chr3L_575160-575533__chr3L_18223141-18223473	False	False	1	1	1	1	1	1	1	BOTH	RL	0.001	31.9	3.0
NULL/chr3L_575160-575533__chr3L_2362087-2362296	False	False	0	0	1	1	0	1	1	LR_RL	RL	0.001	31.9	3.0
NULL/chr3L_575160-575533__chr3L_593649-593985	False	False	0	1	1	1	0	1	1	LR_RL	LR	0.064	27.4	1.193820026016113
NULL/chr3L_575897-576292__chr3L_18253096-18253493	False	False	1	1	1	1	1	1	1	BOTH	RR	0.005	30.1	2.3010299956639813
NULL/chr3L_575897-576292__chr3L_19175349-19175549	False	False	0	1	1	1	0	1	1	LR_RL	RL	0.13	22.9	0.8860566476931632
NULL/chr3L_5811621-5811828__chr3L_13208620-13208905	False	False	0	1	1	0	0	0	0	NONE				
NULL/chr3L_5811621-5811828__chr3L_22946089-22946293	False	False	1	1	0	1	1	0	1	LL_RR	RR	2.88e-06	41.9	5.540607512240769
NULL/chr3L_5821284-5821579__chr3L_19135570-19135853	False	False	1	1	1	0	1	0	1	LL_RR	LL	1.01e-05	39.2	4.995678626217358
NULL/chr3L_5821284-5821579__chr3L_5963004-5963247	False	False	1	0	1	0	0	0	0	NONE				
NULL/chr3L_5821284-5821579__chr3L_8984193-8984856	False	False	1	1	1	1	1	1	1	BOTH	RR	0.027	28.3	1.5686362358410126
NULL/chr3L_5825323-5825765__chr3L_12487652-12487993	False	False	0	1	1	1	0	1	1	LR_RL	LR	0.33	25.6	0.4814860601221125
NULL/chr3L_5825323-5825765__chr3L_13641091-13641350	False	False	1	1	0	1	1	0	1	LL_RR	RR	0.22	24.7	0.6575773191777937
NULL/chr3L_5825323-5825765__chr3L_14635397-14635808	False	False	1	1	1	1	1	1	1	BOTH	LL	0.095	27.4	1.0222763947111522
NULL/chr3L_5825323-5825765__chr3L_18288111-18288550	False	False	0	1	1	1	0	1	1	LR_RL	LR	0.000642	34.6	3.192464971931147
NULL/chr3L_5825323-5825765__chr3L_20415688-20415906	False	False	1	1	0	1	1	0	1	LL_RR	RR	2.88e-06	41.9	5.540607512240769
NULL/chr3L_5825323-5825765__chr3L_22728933-22729192	False	False	0	1	0	1	0	0	0	NONE				
NULL/chr3L_593649-593985__chr3L_15062508-15062841	False	False	0	1	1	0	0	0	0	NONE				
NULL/chr3L_593649-593985__chr3L_16776828-16777028	False	False	1	0	1	0	0	0	0	NONE				
NULL/chr3L_593649-593985__chr3L_616535-616984	False	False	1	0	1	1	0	1	1	LR_RL	LR	0.12	25.6	0.9208187539523752
NULL/chr3L_5956989-5957371__chr3L_11224312-11224512	False	False	1	1	0	1	1	0	1	LL_RR	LL	0.22	25.6	0.6575773191777937
NULL/chr3L_5956989-5957371__chr3L_18223141-18223473	False	False	1	1	1	1	1	1	1	BOTH	RL	0.005	31.0	2.3010299956639813
NULL/chr3L_5956989-5957371__chr3L_22946089-22946293	False	False	1	1	1	1	1	1	1	BOTH	LL	0.005	31.0	2.3010299956639813
NULL/chr3L_5961714-5961914__chr3L_6964398-6964598	False	False	1	1	0	1	1	0	1	LL_RR	RR	0.028	26.5	1.5528419686577808
NULL/chr3L_5961714-5961914__chr3L_7848370-7848762	False	False	1	1	1	1	1	1	1	BOTH	RL	0.028	27.4	1.5528419686577808
NULL/chr3L_5963004-5963247__chr3L_14925390-14925769	False	False	1	1	1	1	1	1	1	BOTH	RL	0.018	28.3	1.744727494896694
NULL/chr3L_5969720-5970091__chr3L_14524405-14524880	False	False	1	1	0	1	1	0	1	LL_RR	LL	0.22	24.7	0.6575773191777937
NULL/chr3L_5969720-5970091__chr3L_14930753-14930953	False	False	0	1	0	1	0	0	0	NONE				
NULL/chr3L_5969720-5970091__chr3L_9446026-9446417	False	False	1	0	0	1	0	0	0	NONE				
NULL/chr3L_597378-597923__chr3L_1167709-1167971	False	False	1	1	0	0	1	0	1	LL_RR	LL	0.77	22.9	0.11350927482751812
NULL/chr3L_597378-597923__chr3L_2099069-2099450	False	False	1	1	1	0	1	0	1	LL_RR	LL	0.003	29.2	2.5228787452803374
NULL/chr3L_597378-597923__chr3L_22893393-22893593	False	False	0	1	1	1	0	1	1	LR_RL	RL	0.11	27.4	0.958607314841775
NULL/chr3L_5973866-5974081__chr3L_11224761-11225250	False	False	1	0	1	0	0	0	0	NONE				
NULL/chr3L_5973866-5974081__chr3L_12372005-12372320	False	False	1	1	1	0	1	0	1	LL_RR	LL	0.064	27.4	1.193820026016113
NULL/chr3L_5973866-5974081__chr3L_14939995-14940646	False	False	0	0	1	1	0	1	1	LR_RL	RL	0.03	24.7	1.5228787452803376
NULL/chr3L_5973866-5974081__chr3L_16463198-16463716	False	False	1	1	1	1	1	1	1	BOTH	LL	0.064	26.5	1.193820026016113
NULL/chr3L_5973866-5974081__chr3L_19130352-19131228	False	False	1	0	1	1	0	1	1	LR_RL	LR	0.22	24.7	0.6575773191777937
NULL/chr3L_5973866-5974081__chr3L_20459170-20459888	False	False	1	0	1	0	0	0	0	NONE				
NULL/chr3L_5973866-5974081__chr3L_22788539-22788804	False	False	1	1	1	1	1	1	1	BOTH	LL	0.001	31.9	3.0
NULL/chr3L_5974676-5975048__chr3L_12043527-12044019	False	False	1	0	0	1	0	0	0	NONE				
NULL/chr3L_5974676-5975048__chr3L_9019828-9020140	False	False	1	1	0	1	1	0	1	LL_RR	RR	0.093	22.9	1.031517051446065
NULL/chr3L_5975471-5975750__chr3L_13834627-13835094	False	False	1	0	1	0	0	0	0	NONE				
NULL/chr3L_5975471-5975750__chr3L_7848370-7848762	False	False	1	0	0	1	0	0	0	NONE				
NULL/chr3L_5977448-5977703__chr3L_13231729-13231956	False	False	0	1	1	0	0	0	0	NONE				
NULL/chr3L_5977448-5977703__chr3L_14931009-14931209	False	False	0	1	1	1	0	1	1	LR_RL	RL	0.002	26.5	2.6989700043360187
NULL/chr3L_5977448-5977703__chr3L_6968332-6968548	False	False	1	0	0	0	0	0	0	NONE				
NULL/chr3L_5979576-5979770__chr3L_17019852-17020197	False	False	0	0	1	0	0	0	0	NONE				
NULL/chr3L_5982072-5982272__chr3L_12044554-12045005	False	False	0	1	1	1	0	1	1	LR_RL	LR	0.11	27.4	0.958607314841775
NULL/chr3L_5989752-5990383__chr3L_13208620-13208905	False	False	1	1	0	1	1	0	1	LL_RR	LL	0.018	28.3	1.744727494896694
NULL/chr3L_5989752-5990383__chr3L_17014763-17015190	False	False	1	0	1	1	0	1	1	LR_RL	RL	0.28	24.7	0.5528419686577808
NULL/chr3L_5991306-5991899__chr3L_18193476-18193931	False	False	1	1	1	1	1	1	1	BOTH	LL	0.000546	31.9	3.2628073572952627
NULL/chr3L_610451-610651__chr3L_18244888-18245144	False	False	1	1	1	1	1	1	1	BOTH	RR	0.005	31.0	2.3010299956639813
NULL/chr3L_618388-618844__chr3L_13500764-13501176	False	False	1	0	1	1	0	1	1	LR_RL	RL	0.00057	33.7	3.2441251443275085
NULL/chr3L_618388-618844__chr3L_14936376-14936760	False	False	1	1	1	1	1	1	1	BOTH	RR	0.044	27.4	1.3565473235138126
NULL/chr3L_618388-618844__chr3L_6968332-6968548	False	False	1	0	1	0	0	0	0	NONE				
NULL/chr3L_622169-622652__chr3L_11330795-11331281	False	False	1	1	1	1	1	1	1	BOTH	LR	0.00057	34.6	3.2441251443275085
NULL/chr3L_622169-622652__chr3L_11355874-11356295	False	False	1	1	1	1	1	1	1	BOTH	LL	0.000163	36.5	3.7878123955960423
NULL/chr3L_622169-622652__chr3L_12678456-12678703	False	False	1	1	1	0	1	0	1	LL_RR	RR	0.22	25.6	0.6575773191777937
NULL/chr3L_622169-622652__chr3L_13834627-13835094	False	False	1	1	1	1	1	1	1	BOTH	LL	1.34e-05	39.2	4.872895201635193
NULL/chr3L_622169-622652__chr3L_13887299-13887499	False	False	0	0	1	1	0	1	1	LR_RL	RL	7.99e-05	31.0	4.097453220686009
NULL/chr3L_622169-622652__chr3L_18288111-18288550	False	False	0	1	1	1	0	1	1	LR_RL	LR	0.085	27.4	1.0705810742857071
NULL/chr3L_623882-624388__chr3L_13886841-13887250	False	False	0	0	1	1	0	1	1	LR_RL	LR	7.99e-05	31.0	4.097453220686009
NULL/chr3L_623882-624388__chr3L_16463198-16463716	False	False	1	1	1	1	1	1	1	BOTH	RL	0.001	32.8	3.0
NULL/chr3L_623882-624388__chr3L_7848370-7848762	False	False	1	1	1	1	1	1	1	BOTH	RR	0.018	28.3	1.744727494896694
NULL/chr3L_647134-647334__chr3L_731320-731606	False	False	1	0	1	1	0	1	1	LR_RL	LR	0.018	29.2	1.744727494896694
NULL/chr3L_647134-647334__chr3L_9019828-9020140	False	False	1	1	1	1	1	1	1	BOTH	LR	0.046	27.4	1.337242168318426
NULL/chr3L_647134-647334__chr3L_9442724-9443197	False	False	1	0	1	1	0	1	1	LR_RL	LR	0.25	25.6	0.6020599913279624
NULL/chr3L_663582-663782__chr3L_18177706-18178000	False	False	1	1	1	1	1	1	1	BOTH	LL	0.77	23.8	0.11350927482751812
NULL/chr3L_663582-663782__chr3L_8984193-8984856	False	False	1	1	1	1	1	1	1	BOTH	RR	0.22	24.7	0.6575773191777937
NULL/chr3L_665701-666210__chr3L_11105575-11105775	False	False	0	0	1	1	0	1	1	LR_RL	RL	0.39	25.6	0.4089353929735008
NULL/chr3L_665701-666210__chr3L_18966539-18966739	False	False	1	1	0	1	1	0	1	LL_RR	LL	0.22	25.6	0.6575773191777937
NULL/chr3L_665701-666210__chr3L_22946089-22946293	False	False	1	1	0	0	1	0	1	LL_RR	LL	0.064	27.4	1.193820026016113
NULL/chr3L_665701-666210__chr3L_5975471-5975750	False	False	1	1	1	1	1	1	1	BOTH	RR	0.15	25.6	0.8239087409443188
NULL/chr3L_6678365-6678565__chr3L_12043527-12044019	False	False	1	0	1	1	0	1	1	LR_RL	RL	0.22	24.7	0.6575773191777937
NULL/chr3L_6678365-6678565__chr3L_14938074-14938558	False	False	0	1	0	1	0	0	0	NONE				
NULL/chr3L_6685484-6685719__chr3L_13208620-13208905	False	False	1	0	1	1	0	1	1	LR_RL	RL	0.77	23.8	0.11350927482751812
NULL/chr3L_6685484-6685719__chr3L_13834627-13835094	False	False	1	1	1	0	1	0	1	LL_RR	RR	0.22	25.6	0.6575773191777937
NULL/chr3L_668956-669192__chr3L_14171965-14172435	False	False	1	1	0	0	1	0	1	LL_RR	RR	0.035	24.7	1.4559319556497243
NULL/chr3L_668956-669192__chr3L_18177706-18178000	False	False	1	1	0	1	1	0	1	LL_RR	LL	0.064	26.5	1.193820026016113
NULL/chr3L_668956-669192__chr3L_20459170-20459888	False	False	1	1	1	1	1	1	1	BOTH	LR	0.22	24.7	0.6575773191777937
NULL/chr3L_668956-669192__chr3L_5961714-5961914	False	False	0	0	1	0	0	0	0	NONE				
NULL/chr3L_691733-692030__chr3L_16739977-16740479	False	False	1	1	1	1	1	1	1	BOTH	RL	0.22	24.7	0.6575773191777937
NULL/chr3L_691733-692030__chr3L_19151316-19151710	False	False	1	0	1	1	0	1	1	LR_RL	LR	0.22	25.6	0.6575773191777937
NULL/chr3L_691733-692030__chr3L_5977448-5977703	False	False	0	1	0	1	0	0	0	NONE				
NULL/chr3L_691733-692030__chr3L_6961086-6961344	False	False	0	1	0	0	0	0	0	NONE				
NULL/chr3L_6959693-6959979__chr3L_19135570-19135853	False	False	1	1	1	0	1	0	1	LL_RR	LL	0.018	29.2	1.744727494896694
NULL/chr3L_6961086-6961344__chr3L_11330795-11331281	False	False	0	1	0	1	0	0	0	NONE				
NULL/chr3L_6961086-6961344__chr3L_14922238-14922460	False	False	0	1	0	1	0	0	0	NONE				
NULL/chr3L_6961086-6961344__chr3L_17014763-17015190	False	False	0	1	1	1	0	1	1	LR_RL	LR	0.64	23.8	0.1938200260161128
NULL/chr3L_6962082-6962696__chr3L_15051009-15051402	False	False	1	1	1	1	1	1	1	BOTH	LR	0.018	28.3	1.744727494896694
NULL/chr3L_6962082-6962696__chr3L_22946089-22946293	False	False	0	1	1	1	0	1	1	LR_RL	RL	0.000291	34.6	3.5361070110140926
NULL/chr3L_6964398-6964598__chr3L_12047380-12047625	False	False	1	1	1	0	1	0	1	LL_RR	LL	0.5	23.8	0.3010299956639812
NULL/chr3L_6964398-6964598__chr3L_16776828-16777028	False	False	1	0	0	1	0	0	0	NONE				
NULL/chr3L_6968332-6968548__chr3L_13208620-13208905	False	False	1	0	1	1	0	1	1	LR_RL	RL	0.064	27.4	1.193820026016113
NULL/chr3L_6968332-6968548__chr3L_14922238-14922460	False	False	1	1	0	1	1	0	1	LL_RR	RR	0.001	31.9	3.0
NULL/chr3L_6968332-6968548__chr3L_14931009-14931209	False	False	0	0	1	0	0	0	0	NONE				
NULL/chr3L_6968332-6968548__chr3L_18177706-18178000	False	False	1	1	0	1	1	0	1	LL_RR	LL	0.22	24.7	0.6575773191777937
NULL/chr3L_6968332-6968548__chr3L_9010490-9010720	False	False	0	0	0	0	0	0	0	NONE				
NULL/chr3L_709891-710336__chr3L_12044554-12045005	False	False	1	0	1	0	0	0	0	NONE				
NULL/chr3L_709891-710336__chr3L_13231729-13231956	False	False	1	1	1	1	1	1	1	BOTH	LR	0.018	28.3	1.744727494896694
NULL/chr3L_709891-710336__chr3L_18812160-18812714	False	False	1	1	1	1	1	1	1	BOTH	RR	0.018	28.3	1.744727494896694
NULL/chr3L_709891-710336__chr3L_18966539-18966739	False	False	1	1	1	1	1	1	1	BOTH	LR	0.019	29.2	1.7212463990471711
NULL/chr3L_709891-710336__chr3L_3322687-3323052	False	False	1	1	0	1	1	0	1	LL_RR	LL	0.66	23.8	0.1804560644581313
NULL/chr3L_723323-723674__chr3L_14922238-14922460	False	False	1	1	1	1	1	1	1	BOTH	LL	0.064	26.5	1.193820026016113
NULL/chr3L_723323-723674__chr3L_15984916-15985116	False	False	0	1	0	0	0	0	0	NONE				
NULL/chr3L_723323-723674__chr3L_2562100-2562492	False	False	1	1	1	1	1	1	1	BOTH	LL	0.000123	35.6	3.910094888560602
NULL/chr3L_723323-723674__chr3L_6962082-6962696	False	False	0	1	1	1	0	1	1	LR_RL	RL	0.06	26.5	1.2218487496163564
NULL/chr3L_726645-726923__chr3L_11685890-11686273	False	False	0	1	0	0	0	0	0	NONE				
NULL/chr3L_726645-726923__chr3L_14524405-14524880	False	False	1	0	1	1	0	1	1	LR_RL	LR	0.033	26.5	1.4814860601221125
NULL/chr3L_731320-731606__chr3L_16424269-16424469	False	False	0	1	1	1	0	1	1	LR_RL	RL	0.064	27.4	1.193820026016113
NULL/chr3L_754449-754819__chr3L_20415984-20416184	False	False	1	1	1	1	1	1	1	BOTH	LR	0.000123	35.6	3.910094888560602
NULL/chr3L_755481-755805__chr3L_13834627-13835094	False	False	1	0	1	1	0	1	1	LR_RL	LR	0.058	25.6	1.2365720064370627
NULL/chr3L_755481-755805__chr3L_19151316-19151710	False	False	1	1	1	1	1	1	1	BOTH	RR	0.018	28.3	1.744727494896694
NULL/chr3L_774464-774809__chr3L_14195647-14195954	False	False	1	1	1	0	1	0	1	LL_RR	RR	0.064	27.4	1.193820026016113
NULL/chr3L_774464-774809__chr3L_14636483-14636932	False	False	1	1	0	0	1	0	1	LL_RR	RR	0.22	25.6	0.6575773191777937
NULL/chr3L_774464-774809__chr3L_16883239-16883440	False	False	1	1	1	1	1	1	1	BOTH	LR	0.064	26.5	1.193820026016113
NULL/chr3L_774464-774809__chr3L_18976381-18976581	False	False	1	1	1	1	1	1	1	BOTH	RL	0.064	27.4	1.193820026016113
NULL/chr3L_774464-774809__chr3L_5956989-5957371	False	False	1	0	1	1	0	1	1	LR_RL	LR	0.22	25.6	0.6575773191777937
NULL/chr3L_7762555-7762755__chr3L_15065782-15065982	False	False	1	1	1	0	1	0	1	LL_RR	RR	0.77	23.8	0.11350927482751812
NULL/chr3L_7848370-7848762__chr3L_13646895-13647219	False	False	1	1	1	1	1	1	1	BOTH	RR	0.064	26.5	1.193820026016113
NULL/chr3L_7848370-7848762__chr3L_13887299-13887499	False	False	0	1	1	0	0	0	0	NONE				
NULL/chr3L_7848370-7848762__chr3L_15989718-15989918	False	False	1	1	1	0	1	0	1	LL_RR	RR	0.018	28.3	1.744727494896694
NULL/chr3L_7848370-7848762__chr3L_18193476-18193931	False	False	1	1	1	1	1	1	1	BOTH	LL	0.001	31.9	3.0
NULL/chr3L_8984193-8984856__chr3L_11090638-11090925	False	False	0	1	0	1	0	0	0	NONE				
NULL/chr3L_8984193-8984856__chr3L_14153051-14154215	False	False	1	1	1	0	1	0	1	LL_RR	LL	0.019	24.7	1.7212463990471711
NULL/chr3L_8984193-8984856__chr3L_16045010-16045232	False	False	0	0	1	1	0	1	1	LR_RL	LR	0.48	23.8	0.3187587626244128
NULL/chr3L_8984193-8984856__chr3L_19164181-19164596	False	False	1	1	1	1	1	1	1	BOTH	LR	0.064	27.4	1.193820026016113
NULL/chr3L_8994546-8994994__chr3L_11100667-11101152	False	False	1	1	0	0	1	0	1	LL_RR	LL	0.22	25.6	0.6575773191777937
NULL/chr3L_8994546-8994994__chr3L_14928799-14929134	False	False	0	1	1	1	0	1	1	LR_RL	LR	0.041	27.4	1.3872161432802645
NULL/chr3L_8994546-8994994__chr3L_16424269-16424469	False	False	1	1	0	1	1	0	1	LL_RR	LL	0.22	25.6	0.6575773191777937
NULL/chr3L_8994546-8994994__chr3L_19135570-19135853	False	False	0	1	1	1	0	1	1	LR_RL	LR	0.018	28.3	1.744727494896694
NULL/chr3L_9010205-9010405__chr3L_12658389-12658612	False	False	1	0	1	0	0	0	0	NONE				
NULL/chr3L_9010205-9010405__chr3L_14928799-14929134	False	False	1	0	1	0	0	0	0	NONE				
NULL/chr3L_9010205-9010405__chr3L_22851931-22852313	False	False	1	0	0	0	0	0	0	NONE				
NULL/chr3L_9010490-9010720__chr3L_13231729-13231956	False	False	0	1	1	1	0	1	1	LR_RL	RL	0.018	29.2	1.744727494896694
NULL/chr3L_9010490-9010720__chr3L_18177706-18178000	False	False	1	1	0	1	1	0	1	LL_RR	LL	0.08	22.9	1.0969100130080565
NULL/chr3L_9010490-9010720__chr3L_20459170-20459888	False	False	0	1	0	1	0	0	0	NONE				
NULL/chr3L_9019828-9020140__chr3L_11224761-11225250	False	False	1	0	1	1	0	1	1	LR_RL	RL	0.054	22.9	1.2676062401770316
NULL/chr3L_9019828-9020140__chr3L_12372005-12372320	False	False	0	0	0	1	0	0	0	NONE				
NULL/chr3L_9021970-9022336__chr3L_13231729-13231956	False	False	1	1	0	1	1	0	1	LL_RR	LL	0.16	25.6	0.7958800173440752
NULL/chr3L_9021970-9022336__chr3L_18253096-18253493	False	False	1	1	1	1	1	1	1	BOTH	RL	0.015	29.2	1.8239087409443189
NULL/chr3L_9023155-9023452__chr3L_19164181-19164596	False	False	1	0	1	1	0	1	1	LR_RL	RL	0.026	27.4	1.585026652029182
NULL/chr3L_9382596-9382979__chr3L_14925390-14925769	False	False	1	1	1	1	1	1	1	BOTH	LL	0.22	24.7	0.6575773191777937
NULL/chr3L_9384190-9384390__chr3L_12082643-12082843	False	False	1	1	1	0	1	0	1	LL_RR	RR	0.064	26.5	1.193820026016113
NULL/chr3L_9413206-9413480__chr3L_13657717-13657980	False	False	1	0	1	1	0	1	1	LR_RL	RL	0.12	25.6	0.9208187539523752
NULL/chr3L_9413658-9413858__chr3L_15048542-15048758	False	False	0	0	0	1	0	0	0	NONE				
NULL/chr3L_9442724-9443197__chr3L_13892257-13892580	False	False	0	1	1	1	0	1	1	LR_RL	LR	0.064	27.4	1.193820026016113
NULL/chr3L_9446026-9446417__chr3L_11066817-11067017	False	False	1	1	1	1	1	1	1	BOTH	RR	0.001	31.9	3.0
NULL/chr3L_9446026-9446417__chr3L_18193476-18193931	False	False	1	1	1	1	1	1	1	BOTH	LL	0.021	28.3	1.6777807052660807
NULL/chr3R_10030129-10030427__chr3R_29480007-29480263	False	False	1	0	0	1	0	0	0	NONE				
NULL/chr3R_10106432-10106719__chr3R_23300278-23300772	False	False	1	0	0	0	0	0	0	NONE				
NULL/chr3R_10108491-10108933__chr3R_16254794-16255607	False	False	1	1	1	1	1	1	1	BOTH	LL	0.013	28.3	1.8860566476931633
NULL/chr3R_10108491-10108933__chr3R_22053290-22053582	False	False	1	1	1	1	1	1	1	BOTH	RR	0.001	32.8	3.0
NULL/chr3R_10382028-10382228__chr3R_12505525-12505897	False	False	1	0	1	1	0	1	1	LR_RL	LR	0.22	25.6	0.6575773191777937
NULL/chr3R_10382028-10382228__chr3R_16743196-16743622	False	False	1	1	1	1	1	1	1	BOTH	RR	0.022	26.5	1.6575773191777938
NULL/chr3R_10382028-10382228__chr3R_26017398-26017815	False	False	1	1	1	0	1	0	1	LL_RR	RR	0.003	28.3	2.5228787452803374
NULL/chr3R_10385663-10385863__chr3R_15671596-15671796	False	False	1	1	1	0	1	0	1	LL_RR	RR	0.07	24.7	1.154901959985743
NULL/chr3R_10385663-10385863__chr3R_23343757-23344225	False	False	1	1	1	0	1	0	1	LL_RR	LL	0.000116	36.5	3.9355420107730814
NULL/chr3R_10386663-10386863__chr3R_24032072-24032273	False	False	1	1	0	1	1	0	1	LL_RR	LL	0.07	24.7	1.154901959985743
NULL/chr3R_10387951-10388335__chr3R_14332655-14333054	False	False	1	1	1	1	1	1	1	BOTH	RL	0.001	31.9	3.0
NULL/chr3R_10387951-10388335__chr3R_17681245-17681597	False	False	1	1	1	1	1	1	1	BOTH	LR	0.12	24.7	0.9208187539523752
NULL/chr3R_10387951-10388335__chr3R_17705753-17706062	False	False	1	1	1	1	1	1	1	BOTH	LR	0.018	28.3	1.744727494896694
NULL/chr3R_10618771-10619181__chr3R_19165868-19166123	False	False	1	1	1	1	1	1	1	BOTH	LL	0.012	28.3	1.9208187539523751
NULL/chr3R_10618771-10619181__chr3R_30732121-30732337	False	False	0	1	1	0	0	0	0	NONE				
NULL/chr3R_10626588-10627045__chr3R_15587263-15587689	False	False	1	1	0	1	1	0	1	LL_RR	RR	0.064	27.4	1.193820026016113
NULL/chr3R_10626588-10627045__chr3R_21530848-21531048	False	False	1	1	0	1	1	0	1	LL_RR	LL	0.018	28.3	1.744727494896694
NULL/chr3R_10626588-10627045__chr3R_30754912-30755289	False	False	1	1	1	1	1	1	1	BOTH	RL	0.064	26.5	1.193820026016113
NULL/chr3R_10626588-10627045__chr3R_30765989-30766189	False	False	0	1	1	0	0	0	0	NONE				
NULL/chr3R_10645396-10645910__chr3R_14591568-14591768	False	False	0	1	1	0	0	0	0	NONE				
NULL/chr3R_10645396-10645910__chr3R_15671596-15671796	False	False	1	1	1	1	1	1	1	BOTH	RL	0.003	28.3	2.5228787452803374
NULL/chr3R_10777442-10777731__chr3R_29457322-29457679	False	False	1	1	1	1	1	1	1	BOTH	RR	0.018	29.2	1.744727494896694
NULL/chr3R_10792254-10792567__chr3R_16249888-16250609	False	False	1	0	1	0	0	0	0	NONE				
NULL/chr3R_10792254-10792567__chr3R_16254794-16255607	False	False	1	0	1	0	0	0	0	NONE				
NULL/chr3R_10792254-10792567__chr3R_17249151-17249776	False	False	1	0	1	1	0	1	1	LR_RL	RL	0.29	23.8	0.5376020021010439
NULL/chr3R_11351913-11352365__chr3R_13372296-13372496	False	False	0	0	1	0	0	0	0	NONE				
NULL/chr3R_11351913-11352365__chr3R_14586821-14587560	False	False	1	0	0	0	0	0	0	NONE				
NULL/chr3R_11351913-11352365__chr3R_14598420-14598710	False	False	1	0	0	0	0	0	0	NONE				
NULL/chr3R_11351913-11352365__chr3R_16814262-16814590	False	False	1	0	0	0	0	0	0	NONE				
NULL/chr3R_11352401-11352901__chr3R_16756098-16756427	False	False	0	1	0	0	0	0	0	NONE				
NULL/chr3R_11352401-11352901__chr3R_17095604-17095904	False	False	0	0	0	1	0	0	0	NONE				
NULL/chr3R_11353401-11353818__chr3R_16329845-16330045	False	False	1	1	0	0	1	0	1	LL_RR	RR	0.018	28.3	1.744727494896694
NULL/chr3R_11353401-11353818__chr3R_24032072-24032273	False	False	1	1	0	1	1	0	1	LL_RR	LL	0.15	24.7	0.8239087409443188
NULL/chr3R_11353401-11353818__chr3R_29476471-29476689	False	False	0	1	1	1	0	1	1	LR_RL	LR	0.53	23.8	0.27572413039921095
NULL/chr3R_11372382-11372635__chr3R_15587263-15587689	False	False	1	0	1	1	0	1	1	LR_RL	RL	0.77	23.8	0.11350927482751812
NULL/chr3R_11372382-11372635__chr3R_16208035-16208235	False	False	1	1	1	1	1	1	1	BOTH	LL	1.07e-11	59.0	10.97061622231479
NULL/chr3R_11372382-11372635__chr3R_19014156-19014356	False	False	0	1	1	1	0	1	1	LR_RL	LR	0.22	24.7	0.6575773191777937
NULL/chr3R_11372382-11372635__chr3R_23029409-23029889	False	False	1	1	1	1	1	1	1	BOTH	RR	0.018	29.2	1.744727494896694
NULL/chr3R_11851860-11852150__chr3R_16256084-16256284	False	False	0	0	1	0	0	0	0	NONE				
NULL/chr3R_11851860-11852150__chr3R_17249151-17249776	False	False	1	1	1	1	1	1	1	BOTH	LL	0.064	27.4	1.193820026016113
NULL/chr3R_11852470-11852670__chr3R_16073986-16074304	False	False	1	1	0	0	1	0	1	LL_RR	RR	0.001	31.9	3.0
NULL/chr3R_12477322-12477683__chr3R_16256084-16256284	False	False	0	1	0	1	0	0	0	NONE				
NULL/chr3R_12477322-12477683__chr3R_21580239-21580489	False	False	1	1	1	1	1	1	1	BOTH	LR	0.22	25.6	0.6575773191777937
NULL/chr3R_12502172-12502620__chr3R_29457322-29457679	False	False	1	1	1	1	1	1	1	BOTH	RL	0.074	27.4	1.1307682802690238
NULL/chr3R_12505525-12505897__chr3R_15091554-15092117	False	False	1	0	1	1	0	1	1	LR_RL	RL	0.012	28.3	1.9208187539523751
NULL/chr3R_12505525-12505897__chr3R_17346097-17346604	False	False	1	1	1	0	1	0	1	LL_RR	RR	0.22	24.7	0.6575773191777937
NULL/chr3R_12505525-12505897__chr3R_30770192-30770543	False	False	1	1	1	1	1	1	1	BOTH	RR	0.22	25.6	0.6575773191777937
NULL/chr3R_13372296-13372496__chr3R_15668979-15669269	False	False	1	1	1	1	1	1	1	BOTH	LR	0.003	31.0	2.5228787452803374
NULL/chr3R_13372296-13372496__chr3R_16814262-16814590	False	False	0	1	1	1	0	1	1	LR_RL	LR	0.018	28.3	1.744727494896694
NULL/chr3R_13372296-13372496__chr3R_29510492-29510976	False	False	1	0	1	1	0	1	1	LR_RL	RL	0.001	32.8	3.0
NULL/chr3R_13403135-13403355__chr3R_13450374-13450711	False	False	0	1	1	1	0	1	1	LR_RL	LR	0.018	29.2	1.744727494896694
NULL/chr3R_13424734-13425026__chr3R_16242325-16242715	False	False	1	1	1	1	1	1	1	BOTH	RR	0.064	26.5	1.193820026016113
NULL/chr3R_13428342-13429087__chr3R_26018200-26018652	False	False	1	1	1	0	1	0	1	LL_RR	RR	0.001	31.9	3.0
NULL/chr3R_13448995-13449256__chr3R_16938077-16938336	False	False	1	1	0	1	1	0	1	LL_RR	RR	0.018	28.3	1.744727494896694
NULL/chr3R_13448995-13449256__chr3R_17681245-17681597	False	False	0	1	0	1	0	0	0	NONE				
NULL/chr3R_13450374-13450711__chr3R_14717274-14717609	False	False	1	1	1	1	1	1	1	BOTH	RR	2.37e-07	45.5	6.6252516539898965
NULL/chr3R_13450374-13450711__chr3R_17095604-17095904	False	False	0	1	0	1	0	0	0	NONE				
NULL/chr3R_13450374-13450711__chr3R_19165868-19166123	False	False	1	1	1	1	1	1	1	BOTH	RR	0.018	29.2	1.744727494896694
NULL/chr3R_13450374-13450711__chr3R_26010258-26010647	False	False	0	1	1	0	0	0	0	NONE				
NULL/chr3R_13450374-13450711__chr3R_26441174-26441374	False	False	1	1	0	1	1	0	1	LL_RR	LL	0.064	26.5	1.193820026016113
NULL/chr3R_14288142-14288461__chr3R_16921371-16921858	False	False	1	1	1	1	1	1	1	BOTH	RL	0.094	25.6	1.0268721464003014
NULL/chr3R_14332655-14333054__chr3R_15121624-15122081	False	False	1	1	0	1	1	0	1	LL_RR	LL	0.064	26.5	1.193820026016113
NULL/chr3R_14346999-14347237__chr3R_16236366-16236648	False	False	0	1	1	0	0	0	0	NONE				
NULL/chr3R_14346999-14347237__chr3R_17785711-17786086	False	False	1	1	1	1	1	1	1	BOTH	LL	3.42e-14	68.9	13.465973893943865
NULL/chr3R_14346999-14347237__chr3R_19107971-19108412	False	False	1	1	0	1	1	0	1	LL_RR	LL	0.22	24.7	0.6575773191777937
NULL/chr3R_14346999-14347237__chr3R_25851620-25852011	False	False	1	1	1	1	1	1	1	BOTH	LR	0.018	28.3	1.744727494896694
NULL/chr3R_14346999-14347237__chr3R_27636779-27637140	False	False	1	1	0	1	1	0	1	LL_RR	LL	0.064	26.5	1.193820026016113
NULL/chr3R_14370227-14370493__chr3R_16857769-16858049	False	False	1	1	1	1	1	1	1	BOTH	LR	0.000428	33.7	3.3685562309868278
NULL/chr3R_14370227-14370493__chr3R_16904976-16905213	False	False	1	1	1	1	1	1	1	BOTH	LR	3.51e-05	37.4	4.454692883534176
NULL/chr3R_14370227-14370493__chr3R_19092386-19092991	False	False	1	1	1	1	1	1	1	BOTH	RR	0.005	31.0	2.3010299956639813
NULL/chr3R_14370227-14370493__chr3R_21396772-21397111	False	False	1	1	1	1	1	1	1	BOTH	RL	0.22	24.7	0.6575773191777937
NULL/chr3R_14370227-14370493__chr3R_29480007-29480263	False	False	1	1	1	1	1	1	1	BOTH	RL	0.001	31.9	3.0
NULL/chr3R_14372918-14373876__chr3R_15649388-15650148	False	False	0	1	1	1	0	1	1	LR_RL	RL	0.12	24.7	0.9208187539523752
NULL/chr3R_14372918-14373876__chr3R_16737098-16737410	False	False	1	1	1	1	1	1	1	BOTH	LR	0.018	28.3	1.744727494896694
NULL/chr3R_14372918-14373876__chr3R_25880902-25881203	False	False	1	1	1	1	1	1	1	BOTH	RL	0.032	27.4	1.494850021680094
NULL/chr3R_14382371-14382571__chr3R_16234208-16234580	False	False	1	1	1	1	1	1	1	BOTH	LR	0.028	26.5	1.5528419686577808
NULL/chr3R_14382371-14382571__chr3R_18399087-18399506	False	False	1	0	1	1	0	1	1	LR_RL	RL	0.14	24.7	0.8538719643217619
NULL/chr3R_14384206-14384447__chr3R_15089634-15089885	False	False	1	1	0	1	1	0	1	LL_RR	RR	0.13	24.7	0.8860566476931632
NULL/chr3R_14384206-14384447__chr3R_16878885-16879147	False	False	1	1	1	0	1	0	1	LL_RR	LL	0.041	26.5	1.3872161432802645
NULL/chr3R_14384206-14384447__chr3R_21388520-21388798	False	False	1	1	0	1	1	0	1	LL_RR	RR	0.2	25.6	0.6989700043360187
NULL/chr3R_14386667-14387031__chr3R_15309823-15310090	False	False	1	1	1	1	1	1	1	BOTH	RL	0.005	30.1	2.3010299956639813
NULL/chr3R_14386667-14387031__chr3R_20264445-20264645	False	False	1	1	1	1	1	1	1	BOTH	RL	0.018	28.3	1.744727494896694
NULL/chr3R_14386667-14387031__chr3R_30762287-30762650	False	False	1	1	1	1	1	1	1	BOTH	RL	0.000123	35.6	3.910094888560602
NULL/chr3R_14586821-14587560__chr3R_15282470-15282698	False	False	1	1	1	1	1	1	1	BOTH	RL	0.015	28.3	1.8239087409443189
NULL/chr3R_14586821-14587560__chr3R_16256084-16256284	False	False	1	1	0	1	1	0	1	LL_RR	LL	0.14	22.9	0.8538719643217619
NULL/chr3R_14589659-14590058__chr3R_17781166-17781592	False	False	0	0	1	1	0	1	1	LR_RL	LR	0.025	29.2	1.6020599913279623
NULL/chr3R_14589659-14590058__chr3R_29771806-29772210	False	False	1	1	1	1	1	1	1	BOTH	RR	0.005	30.1	2.3010299956639813
NULL/chr3R_14590821-14591563__chr3R_16969808-16970008	False	False	1	0	1	0	0	0	0	NONE				
NULL/chr3R_14591568-14591768__chr3R_16281158-16281613	False	False	0	1	0	1	0	0	0	NONE				
NULL/chr3R_14591568-14591768__chr3R_30781959-30782292	False	False	0	0	0	1	0	0	0	NONE				
NULL/chr3R_14598420-14598710__chr3R_19092386-19092991	False	False	1	1	1	1	1	1	1	BOTH	RR	0.001	32.8	3.0
NULL/chr3R_14624470-14624670__chr3R_16901949-16902502	False	False	1	1	0	1	1	0	1	LL_RR	LL	0.018	29.2	1.744727494896694
NULL/chr3R_14624470-14624670__chr3R_18399087-18399506	False	False	1	1	0	0	1	0	1	LL_RR	RR	0.22	24.7	0.6575773191777937
NULL/chr3R_14650533-14651041__chr3R_17681245-17681597	False	False	1	1	1	1	1	1	1	BOTH	LR	0.12	25.6	0.9208187539523752
NULL/chr3R_14650533-14651041__chr3R_19326610-19326911	False	False	1	1	1	1	1	1	1	BOTH	LL	0.001	31.9	3.0
NULL/chr3R_14650533-14651041__chr3R_19341900-19342100	False	False	1	1	1	1	1	1	1	BOTH	RL	0.005	31.0	2.3010299956639813
NULL/chr3R_14650533-14651041__chr3R_23347543-23347873	False	False	1	1	1	1	1	1	1	BOTH	LL	0.002	32.8	2.6989700043360187
NULL/chr3R_14650533-14651041__chr3R_31701754-31702148	False	False	1	1	1	1	1	1	1	BOTH	LR	0.065	26.5	1.1870866433571443
NULL/chr3R_14675887-14676292__chr3R_16094907-16095107	False	False	1	0	0	1	0	0	0	NONE				
NULL/chr3R_14675887-14676292__chr3R_25879434-25879634	False	False	1	1	1	1	1	1	1	BOTH	LL	0.005	30.1	2.3010299956639813
NULL/chr3R_14713950-14714458__chr3R_15089634-15089885	False	False	1	1	1	1	1	1	1	BOTH	RR	0.004	30.1	2.3979400086720375
NULL/chr3R_14717274-14717609__chr3R_15289850-15290050	False	False	1	1	1	1	1	1	1	BOTH	RL	0.000123	35.6	3.910094888560602
NULL/chr3R_15089634-15089885__chr3R_19014156-19014356	False	False	0	0	1	1	0	1	1	LR_RL	RL	2.34e-05	37.4	4.6307841425898575
NULL/chr3R_15089634-15089885__chr3R_25172238-25174205	False	False	1	1	1	0	1	0	1	LL_RR	RR	2.34e-05	37.4	4.6307841425898575
NULL/chr3R_15089634-15089885__chr3R_29458865-29459227	False	False	1	1	1	1	1	1	1	BOTH	RL	0.012	29.2	1.9208187539523751
NULL/chr3R_15091554-15092117__chr3R_16094907-16095107	False	False	1	1	0	1	1	0	1	LL_RR	LL	0.052	27.4	1.2839966563652008
NULL/chr3R_15091554-15092117__chr3R_19329924-19330208	False	False	1	1	1	1	1	1	1	BOTH	LL	0.042	27.4	1.3767507096020994
NULL/chr3R_15091554-15092117__chr3R_19341900-19342100	False	False	1	1	0	1	1	0	1	LL_RR	LL	0.012	28.3	1.9208187539523751
NULL/chr3R_15121624-15122081__chr3R_23038606-23038806	False	False	1	1	1	1	1	1	1	BOTH	LL	0.14	24.7	0.8538719643217619
NULL/chr3R_15179459-15179659__chr3R_15289850-15290050	False	False	1	1	1	1	1	1	1	BOTH	LR	0.018	29.2	1.744727494896694
NULL/chr3R_15179459-15179659__chr3R_16841943-16842333	False	False	1	1	1	1	1	1	1	BOTH	LR	0.001	31.9	3.0
NULL/chr3R_15179459-15179659__chr3R_29064683-29065106	False	False	1	1	1	1	1	1	1	BOTH	LL	0.064	27.4	1.193820026016113
NULL/chr3R_15280609-15280877__chr3R_16329845-16330045	False	False	1	1	1	0	1	0	1	LL_RR	LL	0.22	24.7	0.6575773191777937
NULL/chr3R_15280609-15280877__chr3R_30770192-30770543	False	False	1	0	1	1	0	1	1	LR_RL	LR	0.018	29.2	1.744727494896694
NULL/chr3R_15282470-15282698__chr3R_23026747-23027256	False	False	0	1	1	1	0	1	1	LR_RL	RL	0.22	24.7	0.6575773191777937
NULL/chr3R_15282470-15282698__chr3R_23037946-23038146	False	False	1	1	0	1	1	0	1	LL_RR	RR	0.49	22.9	0.3098039199714863
NULL/chr3R_15282470-15282698__chr3R_26006043-26006577	False	False	1	1	1	0	1	0	1	LL_RR	LL	0.22	25.6	0.6575773191777937
NULL/chr3R_15282470-15282698__chr3R_29771806-29772210	False	False	1	1	1	1	1	1	1	BOTH	LR	0.001	31.9	3.0
NULL/chr3R_15286228-15286550__chr3R_19326610-19326911	False	False	1	1	1	1	1	1	1	BOTH	LR	0.018	28.3	1.744727494896694
NULL/chr3R_15289850-15290050__chr3R_16256084-16256284	False	False	1	1	1	1	1	1	1	BOTH	LR	0.001	32.8	3.0
NULL/chr3R_15289850-15290050__chr3R_30765989-30766189	False	False	1	1	1	1	1	1	1	BOTH	RR	0.018	28.3	1.744727494896694
NULL/chr3R_15309823-15310090__chr3R_20264445-20264645	False	False	1	1	1	1	1	1	1	BOTH	RL	0.038	26.5	1.4202164033831899
NULL/chr3R_15309823-15310090__chr3R_22042244-22042444	False	False	1	0	1	1	0	1	1	LR_RL	RL	0.47	22.9	0.3279021420642826
NULL/chr3R_15310903-15311103__chr3R_15649388-15650148	False	False	1	0	1	1	0	1	1	LR_RL	RL	0.035	27.4	1.4559319556497243
NULL/chr3R_15310903-15311103__chr3R_18114408-18114870	False	False	1	1	1	1	1	1	1	BOTH	RL	0.000428	33.7	3.3685562309868278
NULL/chr3R_15310903-15311103__chr3R_23026747-23027256	False	False	0	1	1	0	0	0	0	NONE				
NULL/chr3R_15311608-15312057__chr3R_16341799-16342309	False	False	0	1	0	1	0	0	0	NONE				
NULL/chr3R_15311608-15312057__chr3R_25879434-25879634	False	False	1	1	1	0	1	0	1	LL_RR	RR	0.11	24.7	0.958607314841775
NULL/chr3R_15311608-15312057__chr3R_30765989-30766189	False	False	1	0	1	1	0	1	1	LR_RL	RL	0.01	28.3	2.0
NULL/chr3R_15587263-15587689__chr3R_15647486-15647986	False	False	1	0	0	1	0	0	0	NONE				
NULL/chr3R_15639984-15640424__chr3R_17095604-17095904	False	False	1	1	1	1	1	1	1	BOTH	LR	0.001	31.9	3.0
NULL/chr3R_15644040-15644368__chr3R_16715587-16715916	False	False	1	1	1	1	1	1	1	BOTH	RL	0.22	24.7	0.6575773191777937
NULL/chr3R_15644040-15644368__chr3R_21396772-21397111	False	False	1	1	1	1	1	1	1	BOTH	RL	0.064	27.4	1.193820026016113
NULL/chr3R_15649388-15650148__chr3R_18988180-18988605	False	False	1	0	0	1	0	0	0	NONE				
NULL/chr3R_15649388-15650148__chr3R_27636779-27637140	False	False	1	1	1	1	1	1	1	BOTH	RR	0.018	28.3	1.744727494896694
NULL/chr3R_15664641-15665034__chr3R_16249888-16250609	False	False	1	1	0	1	1	0	1	LL_RR	RR	0.22	24.7	0.6575773191777937
NULL/chr3R_15664641-15665034__chr3R_30780915-30781294	False	False	1	1	1	1	1	1	1	BOTH	RL	0.064	27.4	1.193820026016113
NULL/chr3R_15668979-15669269__chr3R_23037946-23038146	False	False	1	0	1	1	0	1	1	LR_RL	LR	0.04	24.7	1.3979400086720375
NULL/chr3R_15670860-15671233__chr3R_29480007-29480263	False	False	1	0	0	1	0	0	0	NONE				
NULL/chr3R_15671596-15671796__chr3R_16743196-16743622	False	False	1	1	1	1	1	1	1	BOTH	RL	0.018	28.3	1.744727494896694
NULL/chr3R_15671596-15671796__chr3R_16969808-16970008	False	False	1	1	0	1	1	0	1	LL_RR	RR	0.064	27.4	1.193820026016113
NULL/chr3R_16072483-16072683__chr3R_16891893-16892448	False	False	1	0	0	1	0	0	0	NONE				
NULL/chr3R_16073986-16074304__chr3R_16764121-16764485	False	False	1	1	1	1	1	1	1	BOTH	LR	0.064	27.4	1.193820026016113
NULL/chr3R_16073986-16074304__chr3R_16920451-16920854	False	False	1	1	1	1	1	1	1	BOTH	LL	0.018	28.3	1.744727494896694
NULL/chr3R_16073986-16074304__chr3R_18049262-18049590	False	False	1	1	1	1	1	1	1	BOTH	RR	0.22	24.7	0.6575773191777937
NULL/chr3R_16091648-16091848__chr3R_23730272-23730626	False	False	0	1	1	1	0	1	1	LR_RL	RL	0.006	30.1	2.221848749616356
NULL/chr3R_16091648-16091848__chr3R_30754912-30755289	False	False	1	1	1	1	1	1	1	BOTH	RL	0.002	32.8	2.6989700043360187
NULL/chr3R_16094907-16095107__chr3R_19165868-19166123	False	False	1	1	1	0	1	0	1	LL_RR	LL	0.64	22.9	0.1938200260161128
NULL/chr3R_16208035-16208235__chr3R_16715587-16715916	False	False	1	1	1	1	1	1	1	BOTH	LL	8.26e-07	42.8	6.083019952679618
NULL/chr3R_16234208-16234580__chr3R_19317230-19317464	False	False	1	0	1	1	0	1	1	LR_RL	RL	0.028	26.5	1.5528419686577808
NULL/chr3R_16234208-16234580__chr3R_29065872-29066072	False	False	1	1	1	1	1	1	1	BOTH	LL	0.006	28.3	2.221848749616356
NULL/chr3R_16235670-16236148__chr3R_19339027-19339227	False	False	1	0	0	0	0	0	0	NONE				
NULL/chr3R_16236366-16236648__chr3R_16341799-16342309	False	False	0	1	0	0	0	0	0	NONE				
NULL/chr3R_16242325-16242715__chr3R_26010258-26010647	False	False	0	0	0	0	0	0	0	NONE				
NULL/chr3R_16249888-16250609__chr3R_16737098-16737410	False	False	1	1	1	0	1	0	1	LL_RR	RR	0.018	29.2	1.744727494896694
NULL/chr3R_16249888-16250609__chr3R_30770192-30770543	False	False	1	1	1	0	1	0	1	LL_RR	RR	0.22	24.7	0.6575773191777937
NULL/chr3R_16254794-16255607__chr3R_16329845-16330045	False	False	0	0	1	1	0	1	1	LR_RL	LR	0.064	27.4	1.193820026016113
NULL/chr3R_16256084-16256284__chr3R_29064683-29065106	False	False	1	0	1	1	0	1	1	LR_RL	RL	0.018	29.2	1.744727494896694
NULL/chr3R_16256084-16256284__chr3R_30762287-30762650	False	False	1	1	1	1	1	1	1	BOTH	LL	0.041	26.5	1.3872161432802645
NULL/chr3R_16341799-16342309__chr3R_17712387-17713045	False	False	1	1	1	1	1	1	1	BOTH	RR	0.001	32.8	3.0
NULL/chr3R_16341799-16342309__chr3R_29771806-29772210	False	False	1	1	1	0	1	0	1	LL_RR	RR	0.21	25.6	0.6777807052660807
NULL/chr3R_16715587-16715916__chr3R_16891893-16892448	False	False	1	1	1	1	1	1	1	BOTH	LR	0.005	30.1	2.3010299956639813
NULL/chr3R_16737098-16737410__chr3R_19339027-19339227	False	False	1	1	1	1	1	1	1	BOTH	RR	0.039	27.4	1.408935392973501
NULL/chr3R_16737098-16737410__chr3R_31704699-31705265	False	False	1	1	1	1	1	1	1	BOTH	RL	0.000437	34.6	3.359518563029578
NULL/chr3R_16756098-16756427__chr3R_19340454-19341279	False	False	1	0	1	1	0	1	1	LR_RL	LR	0.076	23.8	1.1191864077192086
NULL/chr3R_16764121-16764485__chr3R_19343351-19343609	False	False	1	1	1	1	1	1	1	BOTH	LL	0.06	27.4	1.2218487496163564
NULL/chr3R_16764121-16764485__chr3R_23300278-23300772	False	False	1	0	0	1	0	0	0	NONE				
NULL/chr3R_16802761-16803112__chr3R_23300278-23300772	False	False	1	1	1	1	1	1	1	BOTH	RR	0.001	28.3	3.0
NULL/chr3R_16802761-16803112__chr3R_29457322-29457679	False	False	1	1	1	1	1	1	1	BOTH	RL	0.018	29.2	1.744727494896694
NULL/chr3R_16813228-16813680__chr3R_21388520-21388798	False	False	1	0	1	1	0	1	1	LR_RL	RL	0.051	25.6	1.2924298239020637
NULL/chr3R_16813228-16813680__chr3R_21965040-21965240	False	False	1	1	1	0	1	0	1	LL_RR	LL	0.018	28.3	1.744727494896694
NULL/chr3R_16813228-16813680__chr3R_31704699-31705265	False	False	1	0	1	1	0	1	1	LR_RL	RL	0.63	23.8	0.2006594505464183
NULL/chr3R_16814262-16814590__chr3R_25999494-25999722	False	False	1	1	0	0	1	0	1	LL_RR	LL	0.5	22.9	0.3010299956639812
NULL/chr3R_16891893-16892448__chr3R_17082131-17082723	False	False	1	1	1	1	1	1	1	BOTH	LR	0.018	29.2	1.744727494896694
NULL/chr3R_16891893-16892448__chr3R_23730272-23730626	False	False	1	0	1	1	0	1	1	LR_RL	RL	0.22	24.7	0.6575773191777937
NULL/chr3R_16892248-16892452__chr3R_23347543-23347873	False	False	1	1	1	1	1	1	1	BOTH	RL	0.084	27.4	1.0757207139381184
NULL/chr3R_16901949-16902502__chr3R_30764337-30764604	False	False	1	0	0	0	0	0	0	NONE				
NULL/chr3R_16901949-16902502__chr3R_30794867-30795176	False	False	0	1	1	1	0	1	1	LR_RL	LR	0.018	28.3	1.744727494896694
NULL/chr3R_16904976-16905213__chr3R_18399087-18399506	False	False	0	1	1	1	0	1	1	LR_RL	LR	0.22	24.7	0.6575773191777937
NULL/chr3R_16920234-16921056__chr3R_17705753-17706062	False	False	1	1	0	1	1	0	1	LL_RR	LL	0.064	26.5	1.193820026016113
NULL/chr3R_16920234-16921056__chr3R_19300935-19301225	False	False	1	1	1	0	1	0	1	LL_RR	LL	0.22	24.7	0.6575773191777937
NULL/chr3R_16921371-16921858__chr3R_17082131-17082723	False	False	1	1	1	1	1	1	1	BOTH	LR	0.002	29.2	2.6989700043360187
NULL/chr3R_16938077-16938336__chr3R_25880902-25881203	False	False	1	1	1	1	1	1	1	BOTH	LR	0.018	28.3	1.744727494896694
NULL/chr3R_16969808-16970008__chr3R_18049262-18049590	False	False	1	1	1	1	1	1	1	BOTH	LR	0.064	27.4	1.193820026016113
NULL/chr3R_16969808-16970008__chr3R_19326610-19326911	False	False	1	1	1	0	1	0	1	LL_RR	RR	0.064	26.5	1.193820026016113
NULL/chr3R_16969808-16970008__chr3R_19340770-19340970	False	False	1	1	1	1	1	1	1	BOTH	RR	0.005	30.1	2.3010299956639813
NULL/chr3R_16969808-16970008__chr3R_21528496-21528862	False	False	1	1	1	1	1	1	1	BOTH	LR	0.018	28.3	1.744727494896694
NULL/chr3R_17082131-17082723__chr3R_19092386-19092991	False	False	1	0	1	1	0	1	1	LR_RL	LR	0.005	31.0	2.3010299956639813
NULL/chr3R_17082131-17082723__chr3R_21393784-21394075	False	False	1	1	1	0	1	0	1	LL_RR	LL	0.22	25.6	0.6575773191777937
NULL/chr3R_17082131-17082723__chr3R_30762287-30762650	False	False	1	1	1	0	1	0	1	LL_RR	LL	0.001	31.9	3.0
NULL/chr3R_17095604-17095904__chr3R_23300278-23300772	False	False	1	1	1	1	1	1	1	BOTH	LL	0.018	29.2	1.744727494896694
NULL/chr3R_17681245-17681597__chr3R_19317230-19317464	False	False	1	1	1	1	1	1	1	BOTH	RL	0.000819	31.9	3.0867160982395814
NULL/chr3R_17682975-17683237__chr3R_23347543-23347873	False	False	1	1	1	1	1	1	1	BOTH	LL	0.004	31.0	2.3979400086720375
NULL/chr3R_17705753-17706062__chr3R_18049262-18049590	False	False	1	1	1	0	1	0	1	LL_RR	RR	0.22	25.6	0.6575773191777937
NULL/chr3R_17705753-17706062__chr3R_19316385-19316666	False	False	0	1	1	0	0	0	0	NONE				
NULL/chr3R_17705753-17706062__chr3R_29511283-29511790	False	False	0	1	1	0	0	0	0	NONE				
NULL/chr3R_17781166-17781592__chr3R_19346468-19346888	False	False	1	0	0	0	0	0	0	NONE				
NULL/chr3R_17785711-17786086__chr3R_30175122-30175322	False	False	1	0	1	0	0	0	0	NONE				
NULL/chr3R_18114408-18114870__chr3R_20264445-20264645	False	False	1	1	1	1	1	1	1	BOTH	LL	0.001	31.9	3.0
NULL/chr3R_18114408-18114870__chr3R_27636779-27637140	False	False	1	1	1	1	1	1	1	BOTH	LL	0.22	24.7	0.6575773191777937
NULL/chr3R_18412271-18412574__chr3R_29774631-29774899	False	False	0	1	0	1	0	0	0	NONE				
NULL/chr3R_18412271-18412574__chr3R_30762287-30762650	False	False	0	0	0	1	0	0	0	NONE				
NULL/chr3R_18585296-18585648__chr3R_19332565-19332811	False	False	1	1	1	1	1	1	1	BOTH	RR	0.018	28.3	1.744727494896694
NULL/chr3R_18988180-18988605__chr3R_19163765-19164167	False	False	1	1	0	1	1	0	1	LL_RR	RR	0.012	28.3	1.9208187539523751
NULL/chr3R_18988180-18988605__chr3R_19346468-19346888	False	False	1	1	0	1	1	0	1	LL_RR	RR	0.089	27.4	1.0506099933550872
NULL/chr3R_19091653-19091872__chr3R_19300935-19301225	False	False	1	1	0	0	1	0	1	LL_RR	LL	0.064	27.4	1.193820026016113
NULL/chr3R_19092386-19092991__chr3R_21396772-21397111	False	False	1	0	1	1	0	1	1	LR_RL	RL	0.064	27.4	1.193820026016113
NULL/chr3R_19092386-19092991__chr3R_25997262-25997462	False	False	1	1	0	1	1	0	1	LL_RR	RR	0.18	24.7	0.744727494896694
NULL/chr3R_19163765-19164167__chr3R_19317230-19317464	False	False	1	1	1	1	1	1	1	BOTH	RL	2.38e-05	37.4	4.623423042943488
NULL/chr3R_19163765-19164167__chr3R_19332565-19332811	False	False	1	1	1	1	1	1	1	BOTH	RL	0.041	27.4	1.3872161432802645
NULL/chr3R_19163765-19164167__chr3R_27636779-27637140	False	False	1	1	1	1	1	1	1	BOTH	LR	0.018	29.2	1.744727494896694
NULL/chr3R_19165868-19166123__chr3R_23038606-23038806	False	False	0	1	0	0	0	0	0	NONE				
NULL/chr3R_19165868-19166123__chr3R_30174222-30174422	False	False	1	0	0	1	0	0	0	NONE				
NULL/chr3R_19300935-19301225__chr3R_25182580-25184791	False	False	1	1	1	1	1	1	1	BOTH	RR	0.018	28.3	1.744727494896694
NULL/chr3R_19314425-19316093__chr3R_23343757-23344225	False	False	1	0	1	0	0	0	0	NONE				
NULL/chr3R_19314425-19316093__chr3R_24032072-24032273	False	False	1	1	1	0	1	0	1	LL_RR	LL	0.22	24.7	0.6575773191777937
NULL/chr3R_19314425-19316093__chr3R_30781959-30782292	False	False	1	0	1	1	0	1	1	LR_RL	LR	0.22	24.7	0.6575773191777937
NULL/chr3R_19316385-19316666__chr3R_19329924-19330208	False	False	0	1	0	1	0	0	0	NONE				
NULL/chr3R_19317230-19317464__chr3R_29774631-29774899	False	False	1	1	1	1	1	1	1	BOTH	LL	0.001	31.9	3.0
NULL/chr3R_19339027-19339227__chr3R_23029409-23029889	False	False	1	0	1	1	0	1	1	LR_RL	RL	1.86e-05	37.4	4.730487055782084
NULL/chr3R_19339027-19339227__chr3R_23347543-23347873	False	False	1	1	1	1	1	1	1	BOTH	LL	0.000163	36.5	3.7878123955960423
NULL/chr3R_19343351-19343609__chr3R_27659306-27659544	False	False	1	0	0	0	0	0	0	NONE				
NULL/chr3R_19343351-19343609__chr3R_29064683-29065106	False	False	1	0	1	0	0	0	0	NONE				
NULL/chr3R_20264445-20264645__chr3R_23037946-23038146	False	False	1	0	0	1	0	0	0	NONE				
NULL/chr3R_20264445-20264645__chr3R_27659306-27659544	False	False	1	1	1	1	1	1	1	BOTH	LL	0.018	28.3	1.744727494896694
NULL/chr3R_20264445-20264645__chr3R_29480007-29480263	False	False	1	0	0	1	0	0	0	NONE				
NULL/chr3R_20280523-20280723__chr3R_21388520-21388798	False	False	1	1	1	1	1	1	1	BOTH	LR	0.22	24.7	0.6575773191777937
NULL/chr3R_20280523-20280723__chr3R_21528496-21528862	False	False	1	1	1	1	1	1	1	BOTH	RR	0.000428	33.7	3.3685562309868278
NULL/chr3R_21396772-21397111__chr3R_23343757-23344225	False	False	1	0	1	0	0	0	0	NONE				
NULL/chr3R_21396772-21397111__chr3R_30796870-30797305	False	False	1	1	1	1	1	1	1	BOTH	LL	0.064	27.4	1.193820026016113
NULL/chr3R_21426735-21426998__chr3R_23038157-23038558	False	False	1	1	1	1	1	1	1	BOTH	RR	0.018	28.3	1.744727494896694
NULL/chr3R_21426735-21426998__chr3R_30174222-30174422	False	False	0	1	0	1	0	0	0	NONE				
NULL/chr3R_21528496-21528862__chr3R_30794867-30795176	False	False	0	1	1	1	0	1	1	LR_RL	LR	0.77	23.8	0.11350927482751812
NULL/chr3R_21530848-21531048__chr3R_30781959-30782292	False	False	1	0	1	0	0	0	0	NONE				
NULL/chr3R_22042244-22042444__chr3R_29480007-29480263	False	False	1	0	1	1	0	1	1	LR_RL	RL	0.22	24.7	0.6575773191777937
NULL/chr3R_23300278-23300772__chr3R_26009977-26010219	False	False	1	0	0	0	0	0	0	NONE				
NULL/chr3R_23343757-23344225__chr3R_26442751-26442951	False	False	1	1	1	1	1	1	1	BOTH	RR	7.1e-05	33.7	4.1487416512809245
NULL/chr3R_23343757-23344225__chr3R_29064683-29065106	False	False	1	0	0	1	0	0	0	NONE				
NULL/chr3R_23343757-23344225__chr3R_30764337-30764604	False	False	1	1	1	1	1	1	1	BOTH	RL	0.002	32.8	2.6989700043360187
NULL/chr3R_23718371-23718820__chr3R_30781959-30782292	False	False	1	1	0	1	1	0	1	LL_RR	RR	0.064	27.4	1.193820026016113
NULL/chr3R_24021882-24022138__chr3R_25879434-25879634	False	False	1	1	1	1	1	1	1	BOTH	RR	0.032	27.4	1.494850021680094
NULL/chr3R_24021882-24022138__chr3R_25997262-25997462	False	False	1	1	1	1	1	1	1	BOTH	LL	0.018	29.2	1.744727494896694
NULL/chr3R_25172238-25174205__chr3R_26443275-26443523	False	False	0	1	1	1	0	1	1	LR_RL	RL	0.008	27.4	2.0969100130080562
NULL/chr3R_25182580-25184791__chr3R_26442751-26442951	False	False	0	1	1	1	0	1	1	LR_RL	LR	0.000187	31.9	3.728158393463501
NULL/chr3R_25880902-25881203__chr3R_30174222-30174422	False	False	0	1	1	0	0	0	0	NONE				
NULL/chr3R_25999494-25999722__chr3R_30767234-30767502	False	False	0	1	1	1	0	1	1	LR_RL	RL	0.064	26.5	1.193820026016113
NULL/chr3R_26006043-26006577__chr3R_29480007-29480263	False	False	1	1	0	1	1	0	1	LL_RR	RR	0.22	24.7	0.6575773191777937
NULL/chr3R_26009977-26010219__chr3R_30781959-30782292	False	False	1	0	1	0	0	0	0	NONE				
NULL/chr3R_26443275-26443523__chr3R_30770192-30770543	False	False	1	1	1	1	1	1	1	BOTH	RL	2.88e-06	41.9	5.540607512240769
NULL/chr3R_27659306-27659544__chr3R_29476471-29476689	False	False	1	0	1	0	0	0	0	NONE				
NULL/chr3R_27660249-27660711__chr3R_30754912-30755289	False	False	1	0	0	1	0	0	0	NONE				
NULL/chr3R_29065872-29066072__chr3R_30796870-30797305	False	False	1	1	0	1	1	0	1	LL_RR	LL	0.23	23.8	0.638272163982407
NULL/chr3R_29496327-29496564__chr3R_30174222-30174422	False	False	0	1	1	1	0	1	1	LR_RL	RL	0.005	31.0	2.3010299956639813
NULL/chr3R_30175122-30175322__chr3R_30805779-30805979	False	False	0	1	0	1	0	0	0	NONE				
NULL/chr3R_30764337-30764604__chr3R_31701754-31702148	False	False	1	1	1	0	1	0	1	LL_RR	RR	0.12	24.7	0.9208187539523752
NULL/chr3R_4452493-4452808__chr3R_11352401-11352901	False	False	1	1	0	0	1	0	1	LL_RR	LL	0.028	21.1	1.5528419686577808
NULL/chr3R_4452493-4452808__chr3R_4979211-4979648	False	False	1	1	0	1	1	0	1	LL_RR	LL	0.77	22.9	0.11350927482751812
NULL/chr3R_4780432-4780632__chr3R_23343757-23344225	False	False	1	1	1	0	1	0	1	LL_RR	RR	0.002	32.8	2.6989700043360187
NULL/chr3R_4780432-4780632__chr3R_8664993-8665193	False	False	1	1	0	0	1	0	1	LL_RR	RR	0.22	24.7	0.6575773191777937
NULL/chr3R_4806774-4807046__chr3R_25182580-25184791	False	False	1	1	1	1	1	1	1	BOTH	RR	0.064	26.5	1.193820026016113
NULL/chr3R_4840732-4840997__chr3R_15670860-15671233	False	False	1	1	1	0	1	0	1	LL_RR	LL	0.14	25.6	0.8538719643217619
NULL/chr3R_4840732-4840997__chr3R_19340454-19341279	False	False	1	1	1	1	1	1	1	BOTH	LL	0.000428	34.6	3.3685562309868278
NULL/chr3R_4840732-4840997__chr3R_27659306-27659544	False	False	1	0	0	1	0	0	0	NONE				
NULL/chr3R_4840732-4840997__chr3R_9393661-9394054	False	False	1	0	0	1	0	0	0	NONE				
NULL/chr3R_4852430-4852762__chr3R_15664641-15665034	False	False	1	1	1	1	1	1	1	BOTH	LL	0.22	25.6	0.6575773191777937
NULL/chr3R_4852430-4852762__chr3R_4914310-4914978	False	False	1	1	1	1	1	1	1	BOTH	LR	0.22	25.6	0.6575773191777937
NULL/chr3R_4875269-4875597__chr3R_17781166-17781592	False	False	0	1	1	1	0	1	1	LR_RL	RL	0.22	24.7	0.6575773191777937
NULL/chr3R_4878667-4879056__chr3R_13372296-13372496	False	False	0	1	0	1	0	0	0	NONE				
NULL/chr3R_4878667-4879056__chr3R_15644040-15644368	False	False	1	1	1	1	1	1	1	BOTH	RL	1.01e-05	39.2	4.995678626217358
NULL/chr3R_4878667-4879056__chr3R_16756098-16756427	False	False	0	1	1	1	0	1	1	LR_RL	RL	0.064	26.5	1.193820026016113
NULL/chr3R_4878667-4879056__chr3R_19329924-19330208	False	False	1	1	1	1	1	1	1	BOTH	LL	0.018	28.3	1.744727494896694
NULL/chr3R_4913812-4914012__chr3R_23347543-23347873	False	False	1	0	1	1	0	1	1	LR_RL	RL	0.007	30.1	2.154901959985743
NULL/chr3R_4913812-4914012__chr3R_25172238-25174205	False	False	1	1	1	1	1	1	1	BOTH	RL	0.22	24.7	0.6575773191777937
NULL/chr3R_4913812-4914012__chr3R_30175122-30175322	False	False	1	1	0	1	1	0	1	LL_RR	RR	0.22	25.6	0.6575773191777937
NULL/chr3R_4913812-4914012__chr3R_30767234-30767502	False	False	0	1	1	0	0	0	0	NONE				
NULL/chr3R_4913812-4914012__chr3R_7658315-7658594	False	False	0	1	1	1	0	1	1	LR_RL	LR	0.08	27.4	1.0969100130080565
NULL/chr3R_4914310-4914978__chr3R_10626588-10627045	False	False	0	1	1	1	0	1	1	LR_RL	LR	0.005	31.0	2.3010299956639813
NULL/chr3R_4914310-4914978__chr3R_14386667-14387031	False	False	1	1	1	1	1	1	1	BOTH	RL	0.2	24.7	0.6989700043360187
NULL/chr3R_4914310-4914978__chr3R_15282470-15282698	False	False	1	1	1	0	1	0	1	LL_RR	RR	0.22	24.7	0.6575773191777937
NULL/chr3R_4914310-4914978__chr3R_19326610-19326911	False	False	1	1	1	1	1	1	1	BOTH	RL	0.064	27.4	1.193820026016113
NULL/chr3R_4914310-4914978__chr3R_23038606-23038806	False	False	1	1	1	0	1	0	1	LL_RR	RR	0.22	24.7	0.6575773191777937
NULL/chr3R_4914310-4914978__chr3R_23343757-23344225	False	False	1	0	1	1	0	1	1	LR_RL	RL	0.005	30.1	2.3010299956639813
NULL/chr3R_4960008-4960208__chr3R_14370227-14370493	False	False	1	0	1	1	0	1	1	LR_RL	LR	0.005	31.0	2.3010299956639813
NULL/chr3R_4960008-4960208__chr3R_16073986-16074304	False	False	0	1	1	0	0	0	0	NONE				
NULL/chr3R_4974418-4974807__chr3R_16249888-16250609	False	False	0	1	1	1	0	1	1	LR_RL	LR	0.22	25.6	0.6575773191777937
NULL/chr3R_4976947-4977343__chr3R_14370227-14370493	False	False	1	1	1	1	1	1	1	BOTH	LL	0.005	30.1	2.3010299956639813
NULL/chr3R_4976947-4977343__chr3R_16254794-16255607	False	False	1	1	1	1	1	1	1	BOTH	LL	3.51e-05	38.3	4.454692883534176
NULL/chr3R_4976947-4977343__chr3R_19332565-19332811	False	False	1	1	1	0	1	0	1	LL_RR	RR	0.17	25.6	0.769551078621726
NULL/chr3R_4976947-4977343__chr3R_8668848-8669048	False	False	0	1	1	1	0	1	1	LR_RL	RL	0.17	24.7	0.769551078621726
NULL/chr3R_4979211-4979648__chr3R_8285979-8286212	False	False	1	0	1	1	0	1	1	LR_RL	RL	0.24	22.9	0.619788758288394
NULL/chr3R_4980433-4980891__chr3R_16073986-16074304	False	False	1	1	1	1	1	1	1	BOTH	RR	0.001	32.8	3.0
NULL/chr3R_4980433-4980891__chr3R_16981038-16981250	False	False	1	1	0	1	1	0	1	LL_RR	RR	0.064	26.5	1.193820026016113
NULL/chr3R_4980433-4980891__chr3R_19329924-19330208	False	False	0	0	1	1	0	1	1	LR_RL	RL	0.064	27.4	1.193820026016113
NULL/chr3R_4992040-4992492__chr3R_10387951-10388335	False	False	1	1	1	1	1	1	1	BOTH	RR	0.018	28.3	1.744727494896694
NULL/chr3R_4992040-4992492__chr3R_15091554-15092117	False	False	0	1	1	1	0	1	1	LR_RL	RL	0.15	24.7	0.8239087409443188
NULL/chr3R_5670022-5670340__chr3R_10106432-10106719	False	False	1	1	1	1	1	1	1	BOTH	LR	0.013	29.2	1.8860566476931633
NULL/chr3R_5670022-5670340__chr3R_17095604-17095904	False	False	1	1	1	0	1	0	1	LL_RR	RR	0.004	28.3	2.3979400086720375
NULL/chr3R_5670022-5670340__chr3R_6484281-6484481	False	False	1	1	1	0	1	0	1	LL_RR	RR	0.015	28.3	1.8239087409443189
NULL/chr3R_5670936-5671400__chr3R_19163765-19164167	False	False	0	1	1	1	0	1	1	LR_RL	LR	0.01	26.5	2.0
NULL/chr3R_5670936-5671400__chr3R_22042244-22042444	False	False	1	0	1	1	0	1	1	LR_RL	RL	0.38	22.9	0.42021640338318983
NULL/chr3R_5672628-5673052__chr3R_14370227-14370493	False	False	1	0	1	1	0	1	1	LR_RL	LR	0.11	25.6	0.958607314841775
NULL/chr3R_5672628-5673052__chr3R_14713950-14714458	False	False	1	1	1	1	1	1	1	BOTH	RL	0.064	26.5	1.193820026016113
NULL/chr3R_5672628-5673052__chr3R_16841943-16842333	False	False	0	0	0	1	0	0	0	NONE				
NULL/chr3R_5672628-5673052__chr3R_17712387-17713045	False	False	0	1	0	1	0	0	0	NONE				
NULL/chr3R_6353539-6353883__chr3R_13448995-13449256	False	False	0	1	1	0	0	0	0	NONE				
NULL/chr3R_6353539-6353883__chr3R_8684628-8685183	False	False	0	1	1	0	0	0	0	NONE				
NULL/chr3R_6394025-6394569__chr3R_10382028-10382228	False	False	1	0	1	1	0	1	1	LR_RL	LR	0.022	27.4	1.6575773191777938
NULL/chr3R_6394025-6394569__chr3R_23038157-23038558	False	False	1	1	1	1	1	1	1	BOTH	LL	0.001	31.9	3.0
NULL/chr3R_6409760-6410198__chr3R_14386667-14387031	False	False	1	1	1	1	1	1	1	BOTH	RR	0.018	28.3	1.744727494896694
NULL/chr3R_6409760-6410198__chr3R_17705753-17706062	False	False	0	1	1	0	0	0	0	NONE				
NULL/chr3R_6435505-6435705__chr3R_14384206-14384447	False	False	1	1	1	1	1	1	1	BOTH	LL	0.5	23.8	0.3010299956639812
NULL/chr3R_6435505-6435705__chr3R_16256084-16256284	False	False	1	1	1	1	1	1	1	BOTH	LL	0.003	30.1	2.5228787452803374
NULL/chr3R_6435505-6435705__chr3R_16802761-16803112	False	False	1	1	1	1	1	1	1	BOTH	LR	0.22	25.6	0.6575773191777937
NULL/chr3R_6467754-6468039__chr3R_16329845-16330045	False	False	0	1	1	0	0	0	0	NONE				
NULL/chr3R_6467754-6468039__chr3R_16814262-16814590	False	False	1	1	1	1	1	1	1	BOTH	LR	0.018	28.3	1.744727494896694
NULL/chr3R_6467754-6468039__chr3R_16969808-16970008	False	False	1	0	1	1	0	1	1	LR_RL	LR	0.064	27.4	1.193820026016113
NULL/chr3R_6481705-6482044__chr3R_12467679-12468072	False	False	1	1	1	0	1	0	1	LL_RR	RR	0.69	22.9	0.16115090926274472
NULL/chr3R_6484281-6484481__chr3R_30174222-30174422	False	False	1	0	1	1	0	1	1	LR_RL	LR	0.19	23.8	0.721246399047171
NULL/chr3R_6845754-6846203__chr3R_13450374-13450711	False	False	1	1	1	1	1	1	1	BOTH	LR	0.018	28.3	1.744727494896694
NULL/chr3R_6845754-6846203__chr3R_18412271-18412574	False	False	1	1	1	0	1	0	1	LL_RR	RR	0.064	26.5	1.193820026016113
NULL/chr3R_6854324-6854718__chr3R_16091648-16091848	False	False	0	1	1	1	0	1	1	LR_RL	RL	0.77	22.9	0.11350927482751812
NULL/chr3R_6854324-6854718__chr3R_17785711-17786086	False	False	1	1	1	1	1	1	1	BOTH	RR	0.005	30.1	2.3010299956639813
NULL/chr3R_6870932-6871323__chr3R_13428342-13429087	False	False	1	1	1	0	1	0	1	LL_RR	LL	0.22	25.6	0.6575773191777937
NULL/chr3R_6870932-6871323__chr3R_15286228-15286550	False	False	1	1	0	1	1	0	1	LL_RR	LL	0.77	23.8	0.11350927482751812
NULL/chr3R_6870932-6871323__chr3R_22053290-22053582	False	False	0	0	1	1	0	1	1	LR_RL	LR	0.77	23.8	0.11350927482751812
NULL/chr3R_6870932-6871323__chr3R_23723782-23724049	False	False	1	1	0	0	1	0	1	LL_RR	RR	0.018	29.2	1.744727494896694
NULL/chr3R_6881766-6882026__chr3R_10626588-10627045	False	False	1	1	1	1	1	1	1	BOTH	LL	0.018	28.3	1.744727494896694
NULL/chr3R_6881766-6882026__chr3R_15091554-15092117	False	False	1	1	1	1	1	1	1	BOTH	RL	0.012	29.2	1.9208187539523751
NULL/chr3R_6881766-6882026__chr3R_16091648-16091848	False	False	0	1	0	1	0	0	0	NONE				
NULL/chr3R_6881766-6882026__chr3R_19341536-19342363	False	False	0	1	1	0	0	0	0	NONE				
NULL/chr3R_6881766-6882026__chr3R_29510492-29510976	False	False	1	1	1	1	1	1	1	BOTH	RR	0.007	27.4	2.154901959985743
NULL/chr3R_6885321-6885521__chr3R_21965040-21965240	False	False	1	1	0	0	1	0	1	LL_RR	LL	0.018	28.3	1.744727494896694
NULL/chr3R_6885321-6885521__chr3R_8664993-8665193	False	False	1	1	1	0	1	0	1	LL_RR	RR	0.22	24.7	0.6575773191777937
NULL/chr3R_6932962-6933173__chr3R_15671596-15671796	False	False	1	1	1	1	1	1	1	BOTH	LL	0.031	25.6	1.5086383061657274
NULL/chr3R_6966630-6967006__chr3R_15671596-15671796	False	False	1	1	1	1	1	1	1	BOTH	LL	0.031	27.4	1.5086383061657274
NULL/chr3R_6970146-6970346__chr3R_13448043-13448596	False	False	1	0	0	1	0	0	0	NONE				
NULL/chr3R_6970146-6970346__chr3R_21965040-21965240	False	False	1	1	1	1	1	1	1	BOTH	RL	0.001	31.9	3.0
NULL/chr3R_7108574-7109019__chr3R_23723782-23724049	False	False	1	1	1	1	1	1	1	BOTH	RL	0.002	31.9	2.6989700043360187
NULL/chr3R_7113126-7113381__chr3R_15643161-15643399	False	False	1	1	1	1	1	1	1	BOTH	LL	0.03	28.3	1.5228787452803376
NULL/chr3R_7113126-7113381__chr3R_19326610-19326911	False	False	1	0	1	1	0	1	1	LR_RL	RL	0.000428	34.6	3.3685562309868278
NULL/chr3R_7113126-7113381__chr3R_30770192-30770543	False	False	1	1	0	1	1	0	1	LL_RR	LL	0.009	31.0	2.0457574905606752
NULL/chr3R_7658315-7658594__chr3R_23029409-23029889	False	False	1	1	1	1	1	1	1	BOTH	LL	0.004	30.1	2.3979400086720375
NULL/chr3R_7658315-7658594__chr3R_29476471-29476689	False	False	1	1	1	1	1	1	1	BOTH	LR	0.005	31.0	2.3010299956639813
NULL/chr3R_7658315-7658594__chr3R_8700981-8701661	False	False	1	1	1	1	1	1	1	BOTH	LL	0.064	26.5	1.193820026016113
NULL/chr3R_7661745-7661946__chr3R_23029409-23029889	False	False	1	1	1	1	1	1	1	BOTH	LL	0.24	24.7	0.619788758288394
NULL/chr3R_8275099-8275299__chr3R_15639984-15640424	False	False	1	1	1	1	1	1	1	BOTH	LL	0.064	26.5	1.193820026016113
NULL/chr3R_8275099-8275299__chr3R_16249888-16250609	False	False	1	1	1	1	1	1	1	BOTH	LR	0.064	27.4	1.193820026016113
NULL/chr3R_8285979-8286212__chr3R_8846388-8846652	False	False	1	1	1	1	1	1	1	BOTH	RR	0.064	27.4	1.193820026016113
NULL/chr3R_8664009-8664210__chr3R_10030129-10030427	False	False	0	1	0	1	0	0	0	NONE				
NULL/chr3R_8664009-8664210__chr3R_19163765-19164167	False	False	1	1	0	1	1	0	1	LL_RR	RR	0.16	23.8	0.7958800173440752
NULL/chr3R_8664993-8665193__chr3R_17095604-17095904	False	False	0	1	1	1	0	1	1	LR_RL	RL	0.005	31.0	2.3010299956639813
NULL/chr3R_8668848-8669048__chr3R_13428342-13429087	False	False	0	0	1	1	0	1	1	LR_RL	RL	0.000428	33.7	3.3685562309868278
NULL/chr3R_8668848-8669048__chr3R_16091648-16091848	False	False	1	1	1	0	1	0	1	LL_RR	RR	0.022	28.3	1.6575773191777938
NULL/chr3R_8669125-8669443__chr3R_10536788-10537065	False	False	1	1	1	1	1	1	1	BOTH	RL	0.001	32.8	3.0
NULL/chr3R_8669125-8669443__chr3R_11351913-11352365	False	False	1	0	0	0	0	0	0	NONE				
NULL/chr3R_8669125-8669443__chr3R_8812222-8812640	False	False	0	1	0	1	0	0	0	NONE				
NULL/chr3R_8684628-8685183__chr3R_14589659-14590058	False	False	1	1	1	1	1	1	1	BOTH	RR	0.018	28.3	1.744727494896694
NULL/chr3R_8684628-8685183__chr3R_21534979-21535407	False	False	0	1	1	0	0	0	0	NONE				
NULL/chr3R_8700981-8701661__chr3R_29457322-29457679	False	False	1	1	1	1	1	1	1	BOTH	RL	0.018	29.2	1.744727494896694
NULL/chr3R_8700981-8701661__chr3R_29771806-29772210	False	False	1	1	1	1	1	1	1	BOTH	RR	0.062	27.4	1.207608310501746
NULL/chr3R_8801188-8801499__chr3R_11351913-11352365	False	False	0	0	0	0	0	0	0	NONE				
NULL/chr3R_8801188-8801499__chr3R_17067702-17068049	False	False	1	0	1	1	0	1	1	LR_RL	LR	0.018	29.2	1.744727494896694
NULL/chr3R_8801188-8801499__chr3R_29510492-29510976	False	False	1	0	1	1	0	1	1	LR_RL	LR	0.32	22.9	0.494850021680094
NULL/chr3R_8801188-8801499__chr3R_9417532-9417927	False	False	0	1	1	1	0	1	1	LR_RL	LR	0.064	27.4	1.193820026016113
NULL/chr3R_8812222-8812640__chr3R_15089634-15089885	False	False	1	1	1	1	1	1	1	BOTH	LR	0.042	26.5	1.3767507096020994
NULL/chr3R_8812222-8812640__chr3R_19329924-19330208	False	False	1	1	1	1	1	1	1	BOTH	LL	0.000123	35.6	3.910094888560602
NULL/chr3R_8812222-8812640__chr3R_29496327-29496564	False	False	1	1	1	1	1	1	1	BOTH	RL	0.001	31.9	3.0
NULL/chr3R_8846388-8846652__chr3R_13403135-13403355	False	False	1	1	1	1	1	1	1	BOTH	RL	0.001	32.8	3.0
NULL/chr3R_8846388-8846652__chr3R_8857786-8857986	False	False	1	1	1	1	1	1	1	BOTH	RL	1.01e-05	39.2	4.995678626217358
NULL/chr3R_8849790-8850241__chr3R_14590821-14591563	False	False	1	0	0	1	0	0	0	NONE				
NULL/chr3R_8864161-8864361__chr3R_18399087-18399506	False	False	1	1	1	1	1	1	1	BOTH	RR	0.22	25.6	0.6575773191777937
NULL/chr3R_8864161-8864361__chr3R_29476471-29476689	False	False	1	0	1	1	0	1	1	LR_RL	LR	0.005	31.0	2.3010299956639813
NULL/chr3R_9393661-9394054__chr3R_19317753-19317953	False	False	1	0	0	0	0	0	0	NONE				
NULL/chr3R_9393661-9394054__chr3R_21388520-21388798	False	False	1	0	1	0	0	0	0	NONE				
NULL/chr3R_9393661-9394054__chr3R_30732121-30732337	False	False	1	0	1	0	0	0	0	NONE				
NULL/chr3R_9394057-9394430__chr3R_14624470-14624670	False	False	0	1	0	1	0	0	0	NONE				
NULL/chr3R_9394057-9394430__chr3R_25851620-25852011	False	False	0	1	0	1	0	0	0	NONE				
NULL/chr3R_9417532-9417927__chr3R_19343988-19344362	False	False	1	1	0	1	1	0	1	LL_RR	LL	0.033	25.6	1.4814860601221125
NULL/chr3R_9436206-9436581__chr3R_10793522-10793813	False	False	0	1	1	1	0	1	1	LR_RL	RL	0.13	24.7	0.8860566476931632
NULL/chr3R_9436206-9436581__chr3R_16892248-16892452	False	False	1	1	1	1	1	1	1	BOTH	LR	0.005	31.0	2.3010299956639813
NULL/chr3R_9437719-9437919__chr3R_13403135-13403355	False	False	1	1	1	1	1	1	1	BOTH	RL	3.51e-05	38.3	4.454692883534176
NULL/chr3R_9437719-9437919__chr3R_19300935-19301225	False	False	0	1	0	1	0	0	0	NONE				
NULL/chr3R_9918181-9918520__chr3R_16841943-16842333	False	False	0	0	1	1	0	1	1	LR_RL	LR	0.064	26.5	1.193820026016113
NULL/chr4_225484-225868__chr4_723852-724124	False	False	1	1	1	1	1	1	1	BOTH	RL	0.000428	33.7	3.3685562309868278
NULL/chr4_225484-225868__chr4_725008-725208	False	False	1	1	1	1	1	1	1	BOTH	RL	0.078	25.6	1.1079053973095196
NULL/chr4_276036-276284__chr4_723852-724124	False	False	1	1	1	1	1	1	1	BOTH	LR	0.078	25.6	1.1079053973095196
NULL/chr4_276036-276284__chr4_725008-725208	False	False	1	1	1	1	1	1	1	BOTH	RR	0.064	27.4	1.193820026016113
NULL/chrX_10688693-10688893__chrX_14655967-14656167	False	False	1	1	1	1	1	1	1	BOTH	RL	0.22	24.7	0.6575773191777937
NULL/chrX_10688693-10688893__chrX_18147841-18148227	False	False	1	1	1	1	1	1	1	BOTH	LL	0.041	25.6	1.3872161432802645
NULL/chrX_12516060-12516615__chrX_16040766-16041067	False	False	1	1	1	1	1	1	1	BOTH	LL	0.77	23.8	0.11350927482751812
NULL/chrX_12516060-12516615__chrX_16750137-16750514	False	False	1	1	1	1	1	1	1	BOTH	LR	2.21e-06	39.2	5.655607726314889
NULL/chrX_12516060-12516615__chrX_18715355-18715555	False	False	1	1	1	1	1	1	1	BOTH	RL	0.029	27.4	1.537602002101044
NULL/chrX_12551912-12552112__chrX_13214681-13214911	False	False	1	1	1	0	1	0	1	LL_RR	RR	0.064	26.5	1.193820026016113
NULL/chrX_12673789-12674154__chrX_13337480-13337751	False	False	1	1	1	1	1	1	1	BOTH	RL	0.000839	31.9	3.0762380391712996
NULL/chrX_12673789-12674154__chrX_16714979-16715355	False	False	1	1	1	1	1	1	1	BOTH	LR	0.000123	36.5	3.910094888560602
NULL/chrX_12675733-12676468__chrX_16751072-16751473	False	False	1	1	1	1	1	1	1	BOTH	RL	5.19e-08	45.5	7.284832642151542
NULL/chrX_12675733-12676468__chrX_18056747-18057063	False	False	1	1	1	1	1	1	1	BOTH	RL	2.37e-07	44.6	6.6252516539898965
NULL/chrX_12675733-12676468__chrX_20587174-20587464	False	False	1	1	1	1	1	1	1	BOTH	LR	0.011	28.3	1.958607314841775
NULL/chrX_12676886-12677437__chrX_13051960-13052281	False	False	1	1	1	1	1	1	1	BOTH	RL	0.000428	33.7	3.3685562309868278
NULL/chrX_12676886-12677437__chrX_13566080-13566336	False	False	1	1	1	1	1	1	1	BOTH	RL	0.000428	33.7	3.3685562309868278
NULL/chrX_12676886-12677437__chrX_20583131-20583750	False	False	1	1	1	1	1	1	1	BOTH	RR	0.025	28.3	1.6020599913279623
NULL/chrX_12691690-12692049__chrX_13070183-13070515	False	False	1	1	1	1	1	1	1	BOTH	LL	6.78e-08	46.4	7.168770306132937
NULL/chrX_12691690-12692049__chrX_13217664-13218019	False	False	0	1	1	0	0	0	0	NONE				
NULL/chrX_12691690-12692049__chrX_20730577-20730852	False	False	1	0	1	0	0	0	0	NONE				
NULL/chrX_12692632-12693074__chrX_13541354-13541663	False	False	0	0	1	0	0	0	0	NONE				
NULL/chrX_12693668-12694287__chrX_13337480-13337751	False	False	0	1	1	1	0	1	1	LR_RL	RL	0.057	27.4	1.2441251443275085
NULL/chrX_12693668-12694287__chrX_18148950-18149279	False	False	0	1	1	1	0	1	1	LR_RL	RL	0.22	23.8	0.6575773191777937
NULL/chrX_12693668-12694287__chrX_18714009-18714209	False	False	1	1	1	0	1	0	1	LL_RR	RR	0.008	28.3	2.0969100130080562
NULL/chrX_13051960-13052281__chrX_13540438-13540671	False	False	1	0	0	1	0	0	0	NONE				
NULL/chrX_13051960-13052281__chrX_17667811-17668233	False	False	0	1	1	0	0	0	0	NONE				
NULL/chrX_13051960-13052281__chrX_19656920-19657594	False	False	0	1	1	0	0	0	0	NONE				
NULL/chrX_13070183-13070515__chrX_13214681-13214911	False	False	0	1	1	1	0	1	1	LR_RL	LR	0.000123	36.5	3.910094888560602
NULL/chrX_13070183-13070515__chrX_16108626-16109199	False	False	1	1	1	1	1	1	1	BOTH	RR	0.064	27.4	1.193820026016113
NULL/chrX_13078529-13078729__chrX_16773523-16773913	False	False	1	1	1	1	1	1	1	BOTH	LR	0.000123	35.6	3.910094888560602
NULL/chrX_13078529-13078729__chrX_19653071-19653752	False	False	1	0	0	1	0	0	0	NONE				
NULL/chrX_13214172-13214372__chrX_16714138-16714498	False	False	0	0	0	0	0	0	0	NONE				
NULL/chrX_13214172-13214372__chrX_19653071-19653752	False	False	1	0	1	0	0	0	0	NONE				
NULL/chrX_13214172-13214372__chrX_19713152-19713438	False	False	1	0	0	1	0	0	0	NONE				
NULL/chrX_13217664-13218019__chrX_18147841-18148227	False	False	0	1	0	1	0	0	0	NONE				
NULL/chrX_13337480-13337751__chrX_13566080-13566336	False	False	1	1	1	1	1	1	1	BOTH	LL	3.14e-05	37.4	4.503070351926785
NULL/chrX_13337480-13337751__chrX_16751072-16751473	False	False	1	1	1	1	1	1	1	BOTH	RL	9.38e-05	34.6	4.027797161620936
NULL/chrX_13337480-13337751__chrX_16773523-16773913	False	False	1	1	1	1	1	1	1	BOTH	LR	0.016	29.2	1.7958800173440752
NULL/chrX_13337480-13337751__chrX_17667811-17668233	False	False	0	0	0	1	0	0	0	NONE				
NULL/chrX_13337480-13337751__chrX_18040570-18040954	False	False	1	1	0	1	1	0	1	LL_RR	LL	0.016	28.3	1.7958800173440752
NULL/chrX_13337480-13337751__chrX_18056747-18057063	False	False	1	1	1	1	1	1	1	BOTH	LR	0.000231	34.6	3.6363880201078556
NULL/chrX_13337480-13337751__chrX_18148950-18149279	False	False	0	1	1	1	0	1	1	LR_RL	LR	0.057	27.4	1.2441251443275085
NULL/chrX_13337480-13337751__chrX_19713966-19714243	False	False	0	1	1	0	0	0	0	NONE				
NULL/chrX_13337480-13337751__chrX_20587174-20587464	False	False	1	1	1	1	1	1	1	BOTH	LL	0.078	26.5	1.1079053973095196
NULL/chrX_13540438-13540671__chrX_19544220-19544470	False	False	1	0	0	1	0	0	0	NONE				
NULL/chrX_13541354-13541663__chrX_19236806-19237421	False	False	1	1	1	1	1	1	1	BOTH	RL	0.005	30.1	2.3010299956639813
NULL/chrX_13544237-13544746__chrX_14593777-14594065	False	False	1	1	1	1	1	1	1	BOTH	RL	2.88e-06	41.9	5.540607512240769
NULL/chrX_13566080-13566336__chrX_16259170-16259635	False	False	1	1	0	1	1	0	1	LL_RR	RR	0.018	29.2	1.744727494896694
NULL/chrX_14655967-14656167__chrX_16108626-16109199	False	False	0	1	1	1	0	1	1	LR_RL	RL	0.22	25.6	0.6575773191777937
NULL/chrX_16040766-16041067__chrX_16773523-16773913	False	False	0	1	1	0	0	0	0	NONE				
NULL/chrX_16040766-16041067__chrX_17667811-17668233	False	False	0	1	1	0	0	0	0	NONE				
NULL/chrX_16040766-16041067__chrX_18714009-18714209	False	False	0	0	1	0	0	0	0	NONE				
NULL/chrX_16080250-16080450__chrX_16259170-16259635	False	False	1	1	1	1	1	1	1	BOTH	RL	3.51e-05	37.4	4.454692883534176
NULL/chrX_16080250-16080450__chrX_16749348-16749563	False	False	1	1	1	1	1	1	1	BOTH	RR	0.000478	34.6	3.3205721033878812
NULL/chrX_16080250-16080450__chrX_18077576-18077881	False	False	1	1	1	1	1	1	1	BOTH	LR	0.005	30.1	2.3010299956639813
NULL/chrX_16080250-16080450__chrX_18147841-18148227	False	False	0	1	1	1	0	1	1	LR_RL	RL	0.001	31.0	3.0
NULL/chrX_16108626-16109199__chrX_16629633-16629833	False	False	0	0	1	0	0	0	0	NONE				
NULL/chrX_16108626-16109199__chrX_19623427-19623800	False	False	1	1	1	1	1	1	1	BOTH	RR	0.018	29.2	1.744727494896694
NULL/chrX_16272729-16273509__chrX_16703281-16703660	False	False	1	1	1	1	1	1	1	BOTH	LR	0.064	26.5	1.193820026016113
NULL/chrX_16272729-16273509__chrX_16714979-16715355	False	False	1	1	1	0	1	0	1	LL_RR	RR	0.22	24.7	0.6575773191777937
NULL/chrX_16272729-16273509__chrX_20718699-20718899	False	False	0	1	0	1	0	0	0	NONE				
NULL/chrX_16618927-16619240__chrX_16752356-16752964	False	False	1	0	0	1	0	0	0	NONE				
NULL/chrX_16618927-16619240__chrX_18058581-18058805	False	False	1	1	1	1	1	1	1	BOTH	LR	0.005	31.0	2.3010299956639813
NULL/chrX_16618927-16619240__chrX_19544519-19544719	False	False	0	1	1	0	0	0	0	NONE				
NULL/chrX_16630526-16630911__chrX_16732709-16733041	False	False	0	0	0	0	0	0	0	NONE				
NULL/chrX_16630526-16630911__chrX_19713152-19713438	False	False	0	0	0	0	0	0	0	NONE				
NULL/chrX_16714138-16714498__chrX_18147841-18148227	False	False	0	1	0	0	0	0	0	NONE				
NULL/chrX_16714979-16715355__chrX_17660173-17660373	False	False	0	1	0	1	0	0	0	NONE				
NULL/chrX_16732709-16733041__chrX_19544519-19544719	False	False	0	1	1	0	0	0	0	NONE				
NULL/chrX_16749348-16749563__chrX_20587174-20587464	False	False	1	1	1	1	1	1	1	BOTH	LL	0.025	29.2	1.6020599913279623
NULL/chrX_16752356-16752964__chrX_20583131-20583750	False	False	1	1	1	1	1	1	1	BOTH	LR	0.028	29.2	1.5528419686577808
NULL/chrX_16773523-16773913__chrX_18058581-18058805	False	False	1	1	1	1	1	1	1	BOTH	LL	0.001	31.9	3.0
NULL/chrX_17650510-17650710__chrX_18715355-18715555	False	False	0	1	1	1	0	1	1	LR_RL	RL	0.008	28.3	2.0969100130080562
NULL/chrX_18056747-18057063__chrX_18737813-18738119	False	False	1	1	1	1	1	1	1	BOTH	RL	0.13	24.7	0.8860566476931632
NULL/chrX_18077576-18077881__chrX_19544220-19544470	False	False	0	0	0	1	0	0	0	NONE				
NULL/chrX_18146945-18147372__chrX_18737813-18738119	False	False	1	1	0	1	1	0	1	LL_RR	LL	0.064	26.5	1.193820026016113
NULL/chrX_18147841-18148227__chrX_20587174-20587464	False	False	1	1	1	1	1	1	1	BOTH	LL	3.08e-05	35.6	4.511449283499556
NULL/chrX_18737813-18738119__chrX_20718699-20718899	False	False	0	1	1	1	0	1	1	LR_RL	LR	0.77	23.8	0.11350927482751812
NULL/chrX_1936833-1937033__chrX_13051960-13052281	False	False	0	1	0	1	0	0	0	NONE				
NULL/chrX_1936833-1937033__chrX_18146945-18147372	False	False	1	0	0	1	0	0	0	NONE				
NULL/chrX_1936833-1937033__chrX_19544220-19544470	False	False	1	0	0	0	0	0	0	NONE				
NULL/chrX_1947402-1947602__chrX_16750137-16750514	False	False	0	0	1	0	0	0	0	NONE				
NULL/chrX_1947402-1947602__chrX_19712135-19712461	False	False	1	1	1	1	1	1	1	BOTH	RL	3.51e-05	38.3	4.454692883534176
NULL/chrX_1947402-1947602__chrX_2014352-2014702	False	False	1	1	1	1	1	1	1	BOTH	LR	0.064	26.5	1.193820026016113
NULL/chrX_1947402-1947602__chrX_5291739-5291939	False	False	1	1	1	1	1	1	1	BOTH	RL	1.94e-08	49.1	7.712198270069774
NULL/chrX_1947402-1947602__chrX_7617780-7617980	False	False	1	1	1	1	1	1	1	BOTH	RR	0.001	31.9	3.0
NULL/chrX_19544220-19544470__chrX_20583131-20583750	False	False	1	0	0	0	0	0	0	NONE				
NULL/chrX_19544519-19544719__chrX_19713152-19713438	False	False	1	0	0	1	0	0	0	NONE				
NULL/chrX_19623427-19623800__chrX_19653071-19653752	False	False	0	1	1	1	0	1	1	LR_RL	RL	0.018	29.2	1.744727494896694
NULL/chrX_1994981-1995181__chrX_2937051-2937571	False	False	1	0	1	0	0	0	0	NONE				
NULL/chrX_1994981-1995181__chrX_7177324-7177678	False	False	1	0	1	0	0	0	0	NONE				
NULL/chrX_1995248-1995488__chrX_13214681-13214911	False	False	0	0	0	1	0	0	0	NONE				
NULL/chrX_1995248-1995488__chrX_14593777-14594065	False	False	0	0	0	1	0	0	0	NONE				
NULL/chrX_1995248-1995488__chrX_16272729-16273509	False	False	0	1	0	1	0	0	0	NONE				
NULL/chrX_1995994-1996521__chrX_19544220-19544470	False	False	0	0	0	0	0	0	0	NONE				
NULL/chrX_1995994-1996521__chrX_2097213-2097718	False	False	1	1	0	1	1	0	1	LL_RR	LL	2e-06	39.2	5.698970004336019
NULL/chrX_1995994-1996521__chrX_3329089-3329713	False	False	1	1	1	1	1	1	1	BOTH	LL	8.48e-05	33.7	4.071604147743286
NULL/chrX_1995994-1996521__chrX_7580532-7580795	False	False	1	1	0	0	1	0	1	LL_RR	LL	0.004	30.1	2.3979400086720375
NULL/chrX_2012689-2013147__chrX_3058248-3058549	False	False	1	1	1	1	1	1	1	BOTH	LR	0.001	31.9	3.0
NULL/chrX_2012689-2013147__chrX_5921626-5922043	False	False	1	1	1	1	1	1	1	BOTH	LL	0.001	31.9	3.0
NULL/chrX_2012689-2013147__chrX_9609591-9609868	False	False	1	1	1	1	1	1	1	BOTH	LL	0.018	28.3	1.744727494896694
NULL/chrX_2014352-2014702__chrX_16272729-16273509	False	False	0	0	0	0	0	0	0	NONE				
NULL/chrX_2014352-2014702__chrX_18056747-18057063	False	False	1	0	1	0	0	0	0	NONE				
NULL/chrX_2014352-2014702__chrX_2124693-2125061	False	False	1	1	1	1	1	1	1	BOTH	LL	0.11	25.6	0.958607314841775
NULL/chrX_2014352-2014702__chrX_8653859-8654855	False	False	1	0	1	0	0	0	0	NONE				
NULL/chrX_2097213-2097718__chrX_16040766-16041067	False	False	0	0	0	0	0	0	0	NONE				
NULL/chrX_2097213-2097718__chrX_2432829-2432949	False	False	1	0	0	0	0	0	0	NONE				
NULL/chrX_2097213-2097718__chrX_2440952-2442340	False	False	1	0	0	0	0	0	0	NONE				
NULL/chrX_2097213-2097718__chrX_7657369-7657569	False	False	1	1	0	1	1	0	1	LL_RR	LL	0.13	25.6	0.8860566476931632
NULL/chrX_2098250-2098696__chrX_19544220-19544470	False	False	0	0	0	0	0	0	0	NONE				
NULL/chrX_2098250-2098696__chrX_2432829-2432949	False	False	0	0	0	0	0	0	0	NONE				
NULL/chrX_2098250-2098696__chrX_3124946-3125240	False	False	0	1	0	1	0	0	0	NONE				
NULL/chrX_2098250-2098696__chrX_3306185-3306699	False	False	0	1	1	1	0	1	1	LR_RL	LR	7.33e-06	38.3	5.134896025358872
NULL/chrX_2098250-2098696__chrX_3411043-3411363	False	False	0	1	0	1	0	0	0	NONE				
NULL/chrX_2098250-2098696__chrX_7617780-7617980	False	False	1	1	0	1	1	0	1	LL_RR	RR	0.000253	34.6	3.596879478824182
NULL/chrX_2100179-2100460__chrX_17667811-17668233	False	False	0	1	1	1	0	1	1	LR_RL	LR	0.13	24.7	0.8860566476931632
NULL/chrX_2100179-2100460__chrX_3256916-3257157	False	False	1	1	1	1	1	1	1	BOTH	LR	2.07e-05	37.4	4.684029654543083
NULL/chrX_2124693-2125061__chrX_16714138-16714498	False	False	0	1	0	0	0	0	0	NONE				
NULL/chrX_2124693-2125061__chrX_4157262-4157462	False	False	0	1	1	0	0	0	0	NONE				
NULL/chrX_2124693-2125061__chrX_8643101-8643868	False	False	1	1	1	1	1	1	1	BOTH	LL	3.51e-05	38.3	4.454692883534176
NULL/chrX_2270820-2271020__chrX_10688693-10688893	False	False	1	1	1	1	1	1	1	BOTH	LR	0.018	28.3	1.744727494896694
NULL/chrX_2270820-2271020__chrX_2479970-2480240	False	False	1	0	1	1	0	1	1	LR_RL	RL	0.028	27.4	1.5528419686577808
NULL/chrX_2282017-2282260__chrX_4157881-4158081	False	False	1	1	1	1	1	1	1	BOTH	RR	0.001	32.8	3.0
NULL/chrX_2282017-2282260__chrX_8371202-8371498	False	False	1	1	1	1	1	1	1	BOTH	LR	2.88e-06	41.0	5.540607512240769
NULL/chrX_2294580-2295057__chrX_13544237-13544746	False	False	0	1	1	1	0	1	1	LR_RL	LR	0.000123	36.5	3.910094888560602
NULL/chrX_2294580-2295057__chrX_14655967-14656167	False	False	1	1	0	1	1	0	1	LL_RR	LL	0.064	26.5	1.193820026016113
NULL/chrX_2294580-2295057__chrX_17660173-17660373	False	False	1	0	1	1	0	1	1	LR_RL	LR	2.88e-06	41.0	5.540607512240769
NULL/chrX_2294580-2295057__chrX_18040570-18040954	False	False	1	1	1	0	1	0	1	LL_RR	LL	0.22	25.6	0.6575773191777937
NULL/chrX_2294580-2295057__chrX_2440952-2442340	False	False	1	0	1	1	0	1	1	LR_RL	RL	0.27	23.8	0.5686362358410126
NULL/chrX_2294580-2295057__chrX_2942451-2942688	False	False	1	0	1	0	0	0	0	NONE				
NULL/chrX_2294580-2295057__chrX_7654331-7654569	False	False	1	1	1	1	1	1	1	BOTH	LL	0.018	28.3	1.744727494896694
NULL/chrX_2296356-2296737__chrX_12516060-12516615	False	False	1	1	1	1	1	1	1	BOTH	LL	5.2e-06	40.1	5.2839966563652006
NULL/chrX_2296356-2296737__chrX_18077576-18077881	False	False	1	1	1	1	1	1	1	BOTH	LR	6.33e-05	35.6	4.198596289982645
NULL/chrX_2296356-2296737__chrX_20583131-20583750	False	False	1	1	1	1	1	1	1	BOTH	LL	0.000772	32.8	3.112382699664264
NULL/chrX_2296356-2296737__chrX_20718699-20718899	False	False	0	1	1	1	0	1	1	LR_RL	RL	0.000123	35.6	3.910094888560602
NULL/chrX_2296356-2296737__chrX_4157881-4158081	False	False	0	1	0	0	0	0	0	NONE				
NULL/chrX_2428917-2429320__chrX_4140118-4140318	False	False	1	1	1	0	1	0	1	LL_RR	LL	0.064	26.5	1.193820026016113
NULL/chrX_2428917-2429320__chrX_5946021-5946311	False	False	1	0	1	0	0	0	0	NONE				
NULL/chrX_2428917-2429320__chrX_7248231-7248431	False	False	1	0	1	1	0	1	1	LR_RL	RL	0.053	25.6	1.275724130399211
NULL/chrX_2428917-2429320__chrX_8395325-8395635	False	False	1	1	1	1	1	1	1	BOTH	LL	0.000123	35.6	3.910094888560602
NULL/chrX_2429927-2430850__chrX_18714009-18714209	False	False	1	1	0	1	1	0	1	LL_RR	RR	0.28	21.1	0.5528419686577808
NULL/chrX_2429927-2430850__chrX_18715355-18715555	False	False	0	1	0	1	0	0	0	NONE				
NULL/chrX_2429927-2430850__chrX_3104146-3104671	False	False	0	1	1	1	0	1	1	LR_RL	LR	0.004	28.3	2.3979400086720375
NULL/chrX_2431435-2431676__chrX_7048274-7048583	False	False	1	1	1	0	1	0	1	LL_RR	LL	0.1	23.8	1.0
NULL/chrX_2431435-2431676__chrX_8643101-8643868	False	False	1	1	1	0	1	0	1	LL_RR	LL	0.051	24.7	1.2924298239020637
NULL/chrX_2431852-2432159__chrX_16750137-16750514	False	False	0	0	0	0	0	0	0	NONE				
NULL/chrX_2431852-2432159__chrX_20587174-20587464	False	False	0	1	1	1	0	1	1	LR_RL	LR	0.051	23.8	1.2924298239020637
NULL/chrX_2431852-2432159__chrX_3103482-3103682	False	False	0	0	0	0	0	0	0	NONE				
NULL/chrX_2431852-2432159__chrX_3104146-3104671	False	False	0	1	1	0	0	0	0	NONE				
NULL/chrX_2431852-2432159__chrX_3328623-3328837	False	False	0	1	1	1	0	1	1	LR_RL	RL	0.005	28.3	2.3010299956639813
NULL/chrX_2431852-2432159__chrX_6565029-6565230	False	False	0	0	0	0	0	0	0	NONE				
NULL/chrX_2432829-2432949__chrX_12676886-12677437	False	False	0	0	0	1	0	0	0	NONE				
NULL/chrX_2434977-2435401__chrX_16040766-16041067	False	False	0	1	0	1	0	0	0	NONE				
NULL/chrX_2434977-2435401__chrX_8405949-8406843	False	False	1	1	1	1	1	1	1	BOTH	LR	0.051	27.4	1.2924298239020637
NULL/chrX_2434977-2435401__chrX_8643101-8643868	False	False	1	1	1	1	1	1	1	BOTH	RR	0.15	25.6	0.8239087409443188
NULL/chrX_2434977-2435401__chrX_9609591-9609868	False	False	1	0	0	0	0	0	0	NONE				
NULL/chrX_2437107-2437533__chrX_16040766-16041067	False	False	1	1	1	0	1	0	1	LL_RR	LL	0.043	26.5	1.3665315444204136
NULL/chrX_2437107-2437533__chrX_18058581-18058805	False	False	0	0	1	1	0	1	1	LR_RL	RL	0.13	23.8	0.8860566476931632
NULL/chrX_2437107-2437533__chrX_3123638-3124075	False	False	0	0	0	1	0	0	0	NONE				
NULL/chrX_2438227-2439238__chrX_13540438-13540671	False	False	0	1	0	1	0	0	0	NONE				
NULL/chrX_2438227-2439238__chrX_18737813-18738119	False	False	1	0	1	1	0	1	1	LR_RL	LR	0.21	22.9	0.6777807052660807
NULL/chrX_2438227-2439238__chrX_3035626-3035842	False	False	1	0	0	0	0	0	0	NONE				
NULL/chrX_2438227-2439238__chrX_7654331-7654569	False	False	1	0	0	0	0	0	0	NONE				
NULL/chrX_2440952-2442340__chrX_13070183-13070515	False	False	1	1	1	1	1	1	1	BOTH	LL	0.15	25.6	0.8239087409443188
NULL/chrX_2440952-2442340__chrX_2478545-2478872	False	False	1	1	1	1	1	1	1	BOTH	RL	0.064	27.4	1.193820026016113
NULL/chrX_2478545-2478872__chrX_16629633-16629833	False	False	0	0	0	1	0	0	0	NONE				
NULL/chrX_2478545-2478872__chrX_19544220-19544470	False	False	1	0	0	1	0	0	0	NONE				
NULL/chrX_2478545-2478872__chrX_3059091-3059476	False	False	1	1	1	1	1	1	1	BOTH	LR	1.01e-05	40.1	4.995678626217358
NULL/chrX_2478545-2478872__chrX_3100007-3100398	False	False	1	1	1	1	1	1	1	BOTH	LL	1.6e-09	51.8	8.795880017344075
NULL/chrX_2478545-2478872__chrX_6565029-6565230	False	False	1	0	0	1	0	0	0	NONE				
NULL/chrX_2478545-2478872__chrX_8371202-8371498	False	False	1	1	1	1	1	1	1	BOTH	LL	6.78e-08	46.4	7.168770306132937
NULL/chrX_2478545-2478872__chrX_8395325-8395635	False	False	1	1	1	1	1	1	1	BOTH	LL	8.26e-07	42.8	6.083019952679618
NULL/chrX_2479970-2480240__chrX_16749348-16749563	False	False	1	1	1	1	1	1	1	BOTH	LL	0.000652	32.8	3.18575240426808
NULL/chrX_2479970-2480240__chrX_3035626-3035842	False	False	1	1	0	1	1	0	1	LL_RR	LL	4.39e-06	40.1	5.357535479757878
NULL/chrX_2479970-2480240__chrX_7271398-7271982	False	False	1	1	1	1	1	1	1	BOTH	RL	2.37e-07	44.6	6.6252516539898965
NULL/chrX_2479970-2480240__chrX_8653859-8654855	False	False	1	0	1	0	0	0	0	NONE				
NULL/chrX_2942451-2942688__chrX_13051960-13052281	False	False	1	1	1	1	1	1	1	BOTH	LL	1.01e-05	40.1	4.995678626217358
NULL/chrX_2942451-2942688__chrX_13214172-13214372	False	False	1	1	1	1	1	1	1	BOTH	RR	0.026	26.5	1.585026652029182
NULL/chrX_2942451-2942688__chrX_9537260-9537482	False	False	1	1	1	1	1	1	1	BOTH	LR	5.57e-09	50.9	8.254144804826272
NULL/chrX_2944529-2944919__chrX_12551912-12552112	False	False	1	1	1	1	1	1	1	BOTH	LR	0.064	27.4	1.193820026016113
NULL/chrX_2944529-2944919__chrX_13128708-13129040	False	False	1	0	0	0	0	0	0	NONE				
NULL/chrX_2944529-2944919__chrX_18715355-18715555	False	False	1	0	1	0	0	0	0	NONE				
NULL/chrX_2944529-2944919__chrX_19656920-19657594	False	False	1	1	1	1	1	1	1	BOTH	LR	0.064	26.5	1.193820026016113
NULL/chrX_2944529-2944919__chrX_3058248-3058549	False	False	1	1	1	1	1	1	1	BOTH	RR	0.018	28.3	1.744727494896694
NULL/chrX_2944529-2944919__chrX_4157881-4158081	False	False	1	1	1	1	1	1	1	BOTH	RR	0.005	30.1	2.3010299956639813
NULL/chrX_2944529-2944919__chrX_7617780-7617980	False	False	1	1	0	0	1	0	1	LL_RR	RR	0.064	27.4	1.193820026016113
NULL/chrX_2944529-2944919__chrX_8394680-8394949	False	False	1	1	1	1	1	1	1	BOTH	LL	0.000428	34.6	3.3685562309868278
NULL/chrX_2944529-2944919__chrX_8405949-8406843	False	False	1	1	1	1	1	1	1	BOTH	RL	0.064	26.5	1.193820026016113
NULL/chrX_3035626-3035842__chrX_16714138-16714498	False	False	1	0	1	0	0	0	0	NONE				
NULL/chrX_3035626-3035842__chrX_19712135-19712461	False	False	1	1	1	1	1	1	1	BOTH	LR	0.005	28.3	2.3010299956639813
NULL/chrX_3036092-3036292__chrX_3413665-3413865	False	False	0	1	0	1	0	0	0	NONE				
NULL/chrX_3036092-3036292__chrX_4157881-4158081	False	False	0	1	0	1	0	0	0	NONE				
NULL/chrX_3044554-3044926__chrX_10688693-10688893	False	False	1	1	1	1	1	1	1	BOTH	LR	8.26e-07	42.8	6.083019952679618
NULL/chrX_3044554-3044926__chrX_12691690-12692049	False	False	1	1	0	1	1	0	1	LL_RR	LL	8.26e-07	42.8	6.083019952679618
NULL/chrX_3044554-3044926__chrX_5291739-5291939	False	False	1	1	1	1	1	1	1	BOTH	LL	4.88e-16	73.4	15.311580177997289
NULL/chrX_3058248-3058549__chrX_4157262-4157462	False	False	1	1	1	0	1	0	1	LL_RR	LL	0.1	23.8	1.0
NULL/chrX_3058248-3058549__chrX_9651073-9651377	False	False	1	1	1	1	1	1	1	BOTH	LL	0.064	26.5	1.193820026016113
NULL/chrX_3059091-3059476__chrX_12676886-12677437	False	False	1	1	1	1	1	1	1	BOTH	RL	3.51e-05	38.3	4.454692883534176
NULL/chrX_3059091-3059476__chrX_16040766-16041067	False	False	1	1	1	1	1	1	1	BOTH	LL	0.77	22.9	0.11350927482751812
NULL/chrX_3059091-3059476__chrX_7140434-7140797	False	False	1	1	1	1	1	1	1	BOTH	LL	0.005	30.1	2.3010299956639813
NULL/chrX_3096802-3097002__chrX_16750137-16750514	False	False	1	1	1	1	1	1	1	BOTH	RR	6.32e-07	41.9	6.199282921717615
NULL/chrX_3096802-3097002__chrX_17660173-17660373	False	False	1	1	1	1	1	1	1	BOTH	LR	4.57e-10	54.5	9.34008379993015
NULL/chrX_3096802-3097002__chrX_19238211-19238765	False	False	0	1	1	0	0	0	0	NONE				
NULL/chrX_3096802-3097002__chrX_3102934-3103204	False	False	1	1	1	1	1	1	1	BOTH	RR	3.74e-06	38.3	5.42712839779952
NULL/chrX_3096802-3097002__chrX_3104146-3104671	False	False	0	1	1	0	0	0	0	NONE				
NULL/chrX_3096802-3097002__chrX_9645073-9645375	False	False	1	1	1	1	1	1	1	BOTH	RR	0.001	31.9	3.0
NULL/chrX_3100007-3100398__chrX_12692632-12693074	False	False	1	0	1	0	0	0	0	NONE				
NULL/chrX_3100007-3100398__chrX_13335047-13335247	False	False	1	1	1	1	1	1	1	BOTH	LL	0.018	29.2	1.744727494896694
NULL/chrX_3100007-3100398__chrX_18146945-18147372	False	False	1	1	1	1	1	1	1	BOTH	RL	0.001	32.8	3.0
NULL/chrX_3100007-3100398__chrX_8653859-8654855	False	False	1	1	1	1	1	1	1	BOTH	LR	2.37e-07	44.6	6.6252516539898965
NULL/chrX_3102934-3103204__chrX_18056747-18057063	False	False	1	1	1	1	1	1	1	BOTH	RR	9.66e-05	34.6	4.015022873584507
NULL/chrX_3102934-3103204__chrX_20730577-20730852	False	False	1	1	1	1	1	1	1	BOTH	RL	0.000159	34.6	3.7986028756795487
NULL/chrX_3102934-3103204__chrX_5921626-5922043	False	False	1	1	1	1	1	1	1	BOTH	RR	0.000555	32.8	3.2557070168773237
NULL/chrX_3102934-3103204__chrX_7248231-7248431	False	False	1	1	1	1	1	1	1	BOTH	RL	0.000555	31.0	3.2557070168773237
NULL/chrX_3102934-3103204__chrX_7555826-7556105	False	False	1	1	1	1	1	1	1	BOTH	RL	0.000159	32.8	3.7986028756795487
NULL/chrX_3102934-3103204__chrX_8394680-8394949	False	False	1	1	1	1	1	1	1	BOTH	LR	3.51e-05	38.3	4.454692883534176
NULL/chrX_3103482-3103682__chrX_10723377-10723600	False	False	1	0	1	0	0	0	0	NONE				
NULL/chrX_3103482-3103682__chrX_8371202-8371498	False	False	1	0	1	0	0	0	0	NONE				
NULL/chrX_3103482-3103682__chrX_9535552-9535936	False	False	1	0	1	0	0	0	0	NONE				
NULL/chrX_3103691-3103945__chrX_12675733-12676468	False	False	0	1	0	0	0	0	0	NONE				
NULL/chrX_3103691-3103945__chrX_16714979-16715355	False	False	0	1	0	0	0	0	0	NONE				
NULL/chrX_3103691-3103945__chrX_18040570-18040954	False	False	0	1	0	0	0	0	0	NONE				
NULL/chrX_3103691-3103945__chrX_18148950-18149279	False	False	0	1	0	0	0	0	0	NONE				
NULL/chrX_3103691-3103945__chrX_19236806-19237421	False	False	0	0	0	0	0	0	0	NONE				
NULL/chrX_3103691-3103945__chrX_7660283-7660576	False	False	0	0	0	0	0	0	0	NONE				
NULL/chrX_3103691-3103945__chrX_9609591-9609868	False	False	0	0	0	1	0	0	0	NONE				
NULL/chrX_3104146-3104671__chrX_13540438-13540671	False	False	0	1	1	1	0	1	1	LR_RL	RL	5.57e-09	50.9	8.254144804826272
NULL/chrX_3104146-3104671__chrX_19544220-19544470	False	False	1	0	0	0	0	0	0	NONE				
NULL/chrX_3123638-3124075__chrX_13217305-13217505	False	False	1	0	0	0	0	0	0	NONE				
NULL/chrX_3123638-3124075__chrX_16631143-16631343	False	False	0	1	1	0	0	0	0	NONE				
NULL/chrX_3123638-3124075__chrX_18077576-18077881	False	False	0	1	1	1	0	1	1	LR_RL	LR	0.018	28.3	1.744727494896694
NULL/chrX_3123638-3124075__chrX_5295134-5295334	False	False	1	1	1	0	1	0	1	LL_RR	LL	4.49e-05	38.3	4.347753658996677
NULL/chrX_3123638-3124075__chrX_5915683-5915953	False	False	0	0	1	1	0	1	1	LR_RL	LR	0.005	31.0	2.3010299956639813
NULL/chrX_3124946-3125240__chrX_12516060-12516615	False	False	0	1	0	1	0	0	0	NONE				
NULL/chrX_3124946-3125240__chrX_13051960-13052281	False	False	0	1	1	1	0	1	1	LR_RL	RL	0.22	24.7	0.6575773191777937
NULL/chrX_3124946-3125240__chrX_9534593-9534973	False	False	1	1	1	1	1	1	1	BOTH	RL	2.37e-07	44.6	6.6252516539898965
NULL/chrX_3256916-3257157__chrX_16259170-16259635	False	False	1	1	1	1	1	1	1	BOTH	RL	3.51e-05	38.3	4.454692883534176
NULL/chrX_3256916-3257157__chrX_16631143-16631343	False	False	0	1	1	1	0	1	1	LR_RL	LR	0.005	30.1	2.3010299956639813
NULL/chrX_3256916-3257157__chrX_6565029-6565230	False	False	1	1	0	1	1	0	1	LL_RR	RR	0.064	26.5	1.193820026016113
NULL/chrX_3306185-3306699__chrX_13214681-13214911	False	False	1	1	0	0	1	0	1	LL_RR	RR	0.22	24.7	0.6575773191777937
NULL/chrX_3306185-3306699__chrX_16714138-16714498	False	False	0	0	1	0	0	0	0	NONE				
NULL/chrX_3306185-3306699__chrX_17650510-17650710	False	False	0	1	1	1	0	1	1	LR_RL	LR	0.064	27.4	1.193820026016113
NULL/chrX_3306185-3306699__chrX_18040570-18040954	False	False	1	1	1	1	1	1	1	BOTH	LR	0.018	29.2	1.744727494896694
NULL/chrX_3306185-3306699__chrX_19623427-19623800	False	False	0	1	1	1	0	1	1	LR_RL	RL	0.018	28.3	1.744727494896694
NULL/chrX_3306185-3306699__chrX_8396414-8396775	False	False	1	1	1	1	1	1	1	BOTH	RR	1.94e-08	49.1	7.712198270069774
NULL/chrX_3328623-3328837__chrX_12673789-12674154	False	False	1	1	1	1	1	1	1	BOTH	RL	3.8e-05	38.3	4.42021640338319
NULL/chrX_3328623-3328837__chrX_13335047-13335247	False	False	1	1	1	1	1	1	1	BOTH	RR	0.001	31.9	3.0
NULL/chrX_3328623-3328837__chrX_7048274-7048583	False	False	1	1	1	1	1	1	1	BOTH	LR	0.000123	36.5	3.910094888560602
NULL/chrX_3328623-3328837__chrX_7657369-7657569	False	False	1	1	1	1	1	1	1	BOTH	LL	0.000258	33.7	3.58838029403677
NULL/chrX_3329089-3329713__chrX_13214172-13214372	False	False	1	1	0	1	1	0	1	LL_RR	LL	0.064	27.4	1.193820026016113
NULL/chrX_3329089-3329713__chrX_7248231-7248431	False	False	1	1	1	1	1	1	1	BOTH	LR	1.6e-09	51.8	8.795880017344075
NULL/chrX_3331542-3331742__chrX_10723377-10723600	False	False	1	1	1	1	1	1	1	BOTH	RR	5.57e-09	50.0	8.254144804826272
NULL/chrX_3331542-3331742__chrX_12692632-12693074	False	False	1	1	1	0	1	0	1	LL_RR	RR	0.015	26.5	1.8239087409443189
NULL/chrX_3331542-3331742__chrX_14567039-14567412	False	False	1	1	1	1	1	1	1	BOTH	RL	3.75e-11	58.1	10.425968732272281
NULL/chrX_3331542-3331742__chrX_18040570-18040954	False	False	1	1	1	1	1	1	1	BOTH	RL	3.51e-05	37.4	4.454692883534176
NULL/chrX_3331542-3331742__chrX_19712135-19712461	False	False	1	1	1	0	1	0	1	LL_RR	LL	0.000133	35.6	3.876148359032914
NULL/chrX_3331542-3331742__chrX_5946021-5946311	False	False	1	1	1	1	1	1	1	BOTH	RR	0.000428	34.6	3.3685562309868278
NULL/chrX_3331542-3331742__chrX_7177324-7177678	False	False	1	1	1	1	1	1	1	BOTH	RR	0.000123	35.6	3.910094888560602
NULL/chrX_3411043-3411363__chrX_16618927-16619240	False	False	1	1	1	1	1	1	1	BOTH	RL	7.6e-07	43.7	6.119186407719209
NULL/chrX_3411043-3411363__chrX_9609591-9609868	False	False	1	0	1	1	0	1	1	LR_RL	RL	0.005	30.1	2.3010299956639813
NULL/chrX_3413665-3413865__chrX_12676886-12677437	False	False	1	1	1	1	1	1	1	BOTH	LL	2.18e-07	44.6	6.661543506395395
NULL/chrX_3413665-3413865__chrX_19544519-19544719	False	False	0	1	1	0	0	0	0	NONE				
NULL/chrX_3413665-3413865__chrX_19653071-19653752	False	False	1	1	0	0	1	0	1	LL_RR	RR	0.031	29.2	1.5086383061657274
NULL/chrX_372134-372334__chrX_13214172-13214372	False	False	1	1	1	1	1	1	1	BOTH	RL	0.018	28.3	1.744727494896694
NULL/chrX_372134-372334__chrX_13566080-13566336	False	False	1	1	1	1	1	1	1	BOTH	RR	0.063	27.4	1.2006594505464183
NULL/chrX_372134-372334__chrX_16751072-16751473	False	False	1	1	0	1	1	0	1	LL_RR	RR	0.006	28.3	2.221848749616356
NULL/chrX_372134-372334__chrX_16773523-16773913	False	False	1	1	1	1	1	1	1	BOTH	RR	3.46e-05	38.3	4.460923901207224
NULL/chrX_372134-372334__chrX_18146945-18147372	False	False	1	1	1	1	1	1	1	BOTH	RL	0.001	31.9	3.0
NULL/chrX_372134-372334__chrX_18737813-18738119	False	False	1	1	1	1	1	1	1	BOTH	RR	0.063	27.4	1.2006594505464183
NULL/chrX_372134-372334__chrX_20718699-20718899	False	False	1	1	1	1	1	1	1	BOTH	RR	0.000121	35.6	3.9172146296835497
NULL/chrX_372134-372334__chrX_3256916-3257157	False	False	1	1	1	1	1	1	1	BOTH	LL	2.37e-07	45.5	6.6252516539898965
NULL/chrX_374797-375243__chrX_13217305-13217505	False	False	1	0	1	1	0	1	1	LR_RL	RL	0.061	27.4	1.214670164989233
NULL/chrX_374797-375243__chrX_586878-588097	False	False	1	1	1	1	1	1	1	BOTH	RR	0.064	27.4	1.193820026016113
NULL/chrX_4140118-4140318__chrX_18737813-18738119	False	False	1	1	1	1	1	1	1	BOTH	LL	0.001	31.9	3.0
NULL/chrX_4140118-4140318__chrX_7650029-7650229	False	False	1	1	1	1	1	1	1	BOTH	RR	5.57e-09	50.0	8.254144804826272
NULL/chrX_4145024-4145343__chrX_5946021-5946311	False	False	1	1	1	1	1	1	1	BOTH	LR	0.064	26.5	1.193820026016113
NULL/chrX_4145024-4145343__chrX_7555826-7556105	False	False	1	1	0	1	1	0	1	LL_RR	LL	0.22	24.7	0.6575773191777937
NULL/chrX_4156826-4157158__chrX_12516060-12516615	False	False	1	0	1	0	0	0	0	NONE				
NULL/chrX_4156826-4157158__chrX_19656920-19657594	False	False	1	0	1	0	0	0	0	NONE				
NULL/chrX_4156826-4157158__chrX_7617780-7617980	False	False	1	1	1	0	1	0	1	LL_RR	LL	0.005	31.0	2.3010299956639813
NULL/chrX_4157262-4157462__chrX_18737813-18738119	False	False	1	1	0	1	1	0	1	LL_RR	RR	0.036	24.7	1.4436974992327127
NULL/chrX_4157881-4158081__chrX_13335047-13335247	False	False	1	0	1	1	0	1	1	LR_RL	LR	0.11	25.6	0.958607314841775
NULL/chrX_4157881-4158081__chrX_16751072-16751473	False	False	1	1	1	1	1	1	1	BOTH	LR	0.000298	30.1	3.5257837359237447
NULL/chrX_4157881-4158081__chrX_19544519-19544719	False	False	0	1	1	0	0	0	0	NONE				
NULL/chrX_4157881-4158081__chrX_7650029-7650229	False	False	1	1	1	1	1	1	1	BOTH	RR	0.001	31.9	3.0
NULL/chrX_4157881-4158081__chrX_8371202-8371498	False	False	1	1	1	1	1	1	1	BOTH	RR	1.01e-05	40.1	4.995678626217358
NULL/chrX_4157881-4158081__chrX_9537260-9537482	False	False	1	1	1	1	1	1	1	BOTH	LR	0.000244	31.9	3.612610173661271
NULL/chrX_419897-420154__chrX_12676886-12677437	False	False	1	1	1	0	1	0	1	LL_RR	RR	0.41	22.9	0.38721614328026455
NULL/chrX_419897-420154__chrX_7177324-7177678	False	False	1	0	1	1	0	1	1	LR_RL	RL	0.41	23.8	0.38721614328026455
NULL/chrX_421493-421767__chrX_10688693-10688893	False	False	1	1	1	1	1	1	1	BOTH	LR	0.003	30.1	2.5228787452803374
NULL/chrX_421493-421767__chrX_10723377-10723600	False	False	1	1	1	1	1	1	1	BOTH	RL	0.064	27.4	1.193820026016113
NULL/chrX_421493-421767__chrX_13078529-13078729	False	False	1	1	1	1	1	1	1	BOTH	RL	0.064	27.4	1.193820026016113
NULL/chrX_421493-421767__chrX_2428917-2429320	False	False	0	1	0	1	0	0	0	NONE				
NULL/chrX_421493-421767__chrX_7177324-7177678	False	False	1	0	0	1	0	0	0	NONE				
NULL/chrX_421493-421767__chrX_7248231-7248431	False	False	0	1	0	1	0	0	0	NONE				
NULL/chrX_421493-421767__chrX_9651073-9651377	False	False	0	1	1	1	0	1	1	LR_RL	LR	0.41	22.9	0.38721614328026455
NULL/chrX_5291739-5291939__chrX_13051960-13052281	False	False	1	1	1	1	1	1	1	BOTH	RL	0.000547	34.6	3.262012673666569
NULL/chrX_5295134-5295334__chrX_13070183-13070515	False	False	1	1	1	1	1	1	1	BOTH	RR	1.07e-11	59.0	10.97061622231479
NULL/chrX_5295134-5295334__chrX_13078529-13078729	False	False	1	1	1	1	1	1	1	BOTH	RR	2.37e-07	44.6	6.6252516539898965
NULL/chrX_5295134-5295334__chrX_18058581-18058805	False	False	1	1	1	1	1	1	1	BOTH	RL	6.09e-06	39.2	5.215382707367125
NULL/chrX_5295134-5295334__chrX_19544220-19544470	False	False	1	0	0	1	0	0	0	NONE				
NULL/chrX_5295134-5295334__chrX_7271398-7271982	False	False	1	1	1	1	1	1	1	BOTH	RL	2.37e-07	44.6	6.6252516539898965
NULL/chrX_583829-584563__chrX_3328623-3328837	False	False	1	1	1	1	1	1	1	BOTH	LR	3.12e-06	41.0	5.505845405981558
NULL/chrX_583829-584563__chrX_7555826-7556105	False	False	1	1	1	1	1	1	1	BOTH	LR	0.064	27.4	1.193820026016113
NULL/chrX_586024-586643__chrX_18714009-18714209	False	False	1	0	1	0	0	0	0	NONE				
NULL/chrX_586024-586643__chrX_2296356-2296737	False	False	1	0	0	0	0	0	0	NONE				
NULL/chrX_586024-586643__chrX_3035626-3035842	False	False	1	0	1	0	0	0	0	NONE				
NULL/chrX_586024-586643__chrX_5295134-5295334	False	False	1	0	1	0	0	0	0	NONE				
NULL/chrX_586878-588097__chrX_18715355-18715555	False	False	0	1	1	1	0	1	1	LR_RL	RL	0.029	26.5	1.537602002101044
NULL/chrX_586878-588097__chrX_2282017-2282260	False	False	0	0	0	1	0	0	0	NONE				
NULL/chrX_586878-588097__chrX_2437107-2437533	False	False	0	1	0	1	0	0	0	NONE				
NULL/chrX_586878-588097__chrX_7248231-7248431	False	False	1	1	0	1	1	0	1	LL_RR	RR	0.064	26.5	1.193820026016113
NULL/chrX_586878-588097__chrX_9709480-9709680	False	False	0	0	0	1	0	0	0	NONE				
NULL/chrX_5915683-5915953__chrX_6572042-6572321	False	False	1	1	0	1	1	0	1	LL_RR	RR	0.064	26.5	1.193820026016113
NULL/chrX_5915683-5915953__chrX_8394680-8394949	False	False	0	1	1	1	0	1	1	LR_RL	LR	0.000428	33.7	3.3685562309868278
NULL/chrX_5921626-5922043__chrX_16749348-16749563	False	False	1	1	1	1	1	1	1	BOTH	RR	0.000137	35.6	3.8632794328435933
NULL/chrX_5921626-5922043__chrX_19712135-19712461	False	False	1	1	1	1	1	1	1	BOTH	RR	0.005	29.2	2.3010299956639813
NULL/chrX_5946021-5946311__chrX_16618927-16619240	False	False	1	1	1	1	1	1	1	BOTH	LL	2.37e-07	44.6	6.6252516539898965
NULL/chrX_5946021-5946311__chrX_16714979-16715355	False	False	0	1	1	1	0	1	1	LR_RL	LR	0.22	24.7	0.6575773191777937
NULL/chrX_6565029-6565230__chrX_7657369-7657569	False	False	0	1	1	0	0	0	0	NONE				
NULL/chrX_6572042-6572321__chrX_12516060-12516615	False	False	1	1	1	1	1	1	1	BOTH	LL	1.01e-05	39.2	4.995678626217358
NULL/chrX_6572042-6572321__chrX_16618927-16619240	False	False	1	1	1	1	1	1	1	BOTH	LL	0.000123	36.5	3.910094888560602
NULL/chrX_6572042-6572321__chrX_7140434-7140797	False	False	1	1	0	1	1	0	1	LL_RR	RR	0.064	26.5	1.193820026016113
NULL/chrX_6572042-6572321__chrX_8394680-8394949	False	False	1	1	1	1	1	1	1	BOTH	LL	3.51e-05	37.4	4.454692883534176
NULL/chrX_664986-665230__chrX_13214681-13214911	False	False	1	1	1	1	1	1	1	BOTH	LL	0.008	26.5	2.0969100130080562
NULL/chrX_664986-665230__chrX_2944529-2944919	False	False	0	0	1	1	0	1	1	LR_RL	RL	0.77	23.8	0.11350927482751812
NULL/chrX_664986-665230__chrX_3100007-3100398	False	False	1	1	1	1	1	1	1	BOTH	LL	0.018	29.2	1.744727494896694
NULL/chrX_664986-665230__chrX_3417229-3417559	False	False	0	0	0	1	0	0	0	NONE				
NULL/chrX_7046483-7046845__chrX_16714138-16714498	False	False	0	0	1	0	0	0	0	NONE				
NULL/chrX_7048274-7048583__chrX_13544237-13544746	False	False	0	1	1	1	0	1	1	LR_RL	LR	0.13	24.7	0.8860566476931632
NULL/chrX_7048274-7048583__chrX_13566080-13566336	False	False	0	1	1	1	0	1	1	LR_RL	RL	0.005	30.1	2.3010299956639813
NULL/chrX_7140434-7140797__chrX_19653071-19653752	False	False	0	1	1	1	0	1	1	LR_RL	RL	0.77	23.8	0.11350927482751812
NULL/chrX_7140434-7140797__chrX_9609591-9609868	False	False	1	0	1	1	0	1	1	LR_RL	RL	0.005	30.1	2.3010299956639813
NULL/chrX_7177324-7177678__chrX_12676886-12677437	False	False	1	1	1	1	1	1	1	BOTH	LR	3.51e-05	38.3	4.454692883534176
NULL/chrX_7177324-7177678__chrX_13214172-13214372	False	False	1	0	0	0	0	0	0	NONE				
NULL/chrX_7248231-7248431__chrX_12551912-12552112	False	False	1	1	1	1	1	1	1	BOTH	LL	0.001	31.9	3.0
NULL/chrX_7248231-7248431__chrX_13540438-13540671	False	False	1	1	1	1	1	1	1	BOTH	LL	5.57e-09	50.9	8.254144804826272
NULL/chrX_7271398-7271982__chrX_10688693-10688893	False	False	1	1	1	1	1	1	1	BOTH	LR	0.005	31.0	2.3010299956639813
NULL/chrX_7271398-7271982__chrX_13335047-13335247	False	False	1	1	1	1	1	1	1	BOTH	LR	0.2	24.7	0.6989700043360187
NULL/chrX_7271398-7271982__chrX_8394680-8394949	False	False	1	1	1	1	1	1	1	BOTH	LL	3.51e-05	38.3	4.454692883534176
NULL/chrX_7271398-7271982__chrX_9645073-9645375	False	False	1	1	1	1	1	1	1	BOTH	LL	1.01e-05	39.2	4.995678626217358
NULL/chrX_735534-735828__chrX_9537260-9537482	False	False	0	1	1	1	0	1	1	LR_RL	LR	0.064	26.5	1.193820026016113
NULL/chrX_7555826-7556105__chrX_16108626-16109199	False	False	1	1	1	1	1	1	1	BOTH	LL	5.57e-09	50.9	8.254144804826272
NULL/chrX_7555826-7556105__chrX_16714979-16715355	False	False	1	1	1	0	1	0	1	LL_RR	RR	0.018	29.2	1.744727494896694
NULL/chrX_7555826-7556105__chrX_20730577-20730852	False	False	1	1	1	0	1	0	1	LL_RR	LL	0.064	27.4	1.193820026016113
NULL/chrX_7555826-7556105__chrX_8643101-8643868	False	False	1	1	1	1	1	1	1	BOTH	LR	0.005	31.0	2.3010299956639813
NULL/chrX_7573472-7573775__chrX_16714138-16714498	False	False	0	1	1	0	0	0	0	NONE				
NULL/chrX_7573472-7573775__chrX_16750137-16750514	False	False	1	1	1	1	1	1	1	BOTH	LR	0.000327	31.9	3.485452247339714
NULL/chrX_7573472-7573775__chrX_7655607-7655855	False	False	1	1	1	1	1	1	1	BOTH	RR	0.011	29.2	1.958607314841775
NULL/chrX_7580532-7580795__chrX_12551912-12552112	False	False	1	1	1	0	1	0	1	LL_RR	LL	0.018	28.3	1.744727494896694
NULL/chrX_7580532-7580795__chrX_9709480-9709680	False	False	1	1	1	1	1	1	1	BOTH	LL	0.034	25.6	1.4685210829577449
NULL/chrX_759222-759589__chrX_13128708-13129040	False	False	1	1	1	1	1	1	1	BOTH	LR	0.064	26.5	1.193820026016113
NULL/chrX_759222-759589__chrX_2431852-2432159	False	False	0	0	1	0	0	0	0	NONE				
NULL/chrX_759222-759589__chrX_3102934-3103204	False	False	1	0	0	1	0	0	0	NONE				
NULL/chrX_7617780-7617980__chrX_16040766-16041067	False	False	1	1	1	1	1	1	1	BOTH	LL	0.77	23.8	0.11350927482751812
NULL/chrX_7617780-7617980__chrX_19238211-19238765	False	False	1	1	1	1	1	1	1	BOTH	LL	0.02	26.5	1.6989700043360187
NULL/chrX_7617780-7617980__chrX_19623427-19623800	False	False	0	1	1	1	0	1	1	LR_RL	RL	0.22	24.7	0.6575773191777937
NULL/chrX_7617780-7617980__chrX_9535552-9535936	False	False	1	1	1	1	1	1	1	BOTH	RR	1.52e-06	41.0	5.818156412055227
NULL/chrX_7650029-7650229__chrX_12551912-12552112	False	False	1	0	1	1	0	1	1	LR_RL	RL	1.01e-05	39.2	4.995678626217358
NULL/chrX_7650029-7650229__chrX_13540438-13540671	False	False	1	1	1	1	1	1	1	BOTH	LL	3.51e-05	37.4	4.454692883534176
NULL/chrX_7650029-7650229__chrX_16773523-16773913	False	False	1	1	1	1	1	1	1	BOTH	RR	2.88e-06	41.9	5.540607512240769
NULL/chrX_7654331-7654569__chrX_16630526-16630911	False	False	0	0	0	1	0	0	0	NONE				
NULL/chrX_7654331-7654569__chrX_9537260-9537482	False	False	1	1	1	1	1	1	1	BOTH	LL	0.12	24.7	0.9208187539523752
NULL/chrX_7655607-7655855__chrX_12516060-12516615	False	False	1	1	1	1	1	1	1	BOTH	RL	0.001	32.8	3.0
NULL/chrX_7655607-7655855__chrX_16259170-16259635	False	False	1	1	1	1	1	1	1	BOTH	LL	0.091	25.6	1.0409586076789064
NULL/chrX_7655607-7655855__chrX_8371202-8371498	False	False	1	1	1	1	1	1	1	BOTH	LL	0.000616	31.9	3.2104192878355744
NULL/chrX_7657369-7657569__chrX_19653071-19653752	False	False	0	1	0	0	0	0	0	NONE				
NULL/chrX_7657369-7657569__chrX_8394680-8394949	False	False	1	1	1	1	1	1	1	BOTH	LL	0.011	29.2	1.958607314841775
NULL/chrX_7660283-7660576__chrX_9708888-9709088	False	False	1	1	1	1	1	1	1	BOTH	LR	0.003	28.3	2.5228787452803374
NULL/chrX_7686560-7686932__chrX_12676886-12677437	False	False	1	1	1	1	1	1	1	BOTH	RR	4.57e-10	53.6	9.34008379993015
NULL/chrX_7686560-7686932__chrX_17650510-17650710	False	False	1	1	1	1	1	1	1	BOTH	RR	6.78e-08	46.4	7.168770306132937
NULL/chrX_799237-799607__chrX_12516060-12516615	False	False	1	1	1	1	1	1	1	BOTH	RR	8.26e-07	42.8	6.083019952679618
NULL/chrX_799237-799607__chrX_13544237-13544746	False	False	1	1	1	1	1	1	1	BOTH	LR	0.000123	35.6	3.910094888560602
NULL/chrX_799237-799607__chrX_16259170-16259635	False	False	1	1	1	1	1	1	1	BOTH	RR	0.005	30.1	2.3010299956639813
NULL/chrX_799237-799607__chrX_16749348-16749563	False	False	1	1	1	0	1	0	1	LL_RR	RR	0.25	24.7	0.6020599913279624
NULL/chrX_799237-799607__chrX_18077576-18077881	False	False	0	1	1	1	0	1	1	LR_RL	LR	0.064	27.4	1.193820026016113
NULL/chrX_799237-799607__chrX_2097213-2097718	False	False	0	0	0	0	0	0	0	NONE				
NULL/chrX_799237-799607__chrX_2478545-2478872	False	False	0	0	1	1	0	1	1	LR_RL	LR	0.34	22.9	0.46852108295774486
NULL/chrX_799237-799607__chrX_3331542-3331742	False	False	1	1	1	1	1	1	1	BOTH	LR	0.064	27.4	1.193820026016113
NULL/chrX_799237-799607__chrX_7271398-7271982	False	False	1	1	1	1	1	1	1	BOTH	RL	0.001	31.9	3.0
NULL/chrX_8371202-8371498__chrX_19712135-19712461	False	False	1	1	1	1	1	1	1	BOTH	RL	0.005	30.1	2.3010299956639813
NULL/chrX_8371202-8371498__chrX_8396414-8396775	False	False	1	1	1	1	1	1	1	BOTH	RR	4.57e-10	53.6	9.34008379993015
NULL/chrX_8371202-8371498__chrX_9651073-9651377	False	False	1	1	1	1	1	1	1	BOTH	RR	2.88e-06	41.0	5.540607512240769
NULL/chrX_8394680-8394949__chrX_13128708-13129040	False	False	1	1	1	1	1	1	1	BOTH	LL	2.3600000000000002e-64	233.0	63.627087997029896
NULL/chrX_8394680-8394949__chrX_13335047-13335247	False	False	1	1	1	1	1	1	1	BOTH	LL	5.9399999999999994e-34	133.0	33.22621355501881
NULL/chrX_8394680-8394949__chrX_13541354-13541663	False	False	1	1	1	1	1	1	1	BOTH	LR	0.005	30.1	2.3010299956639813
NULL/chrX_8394680-8394949__chrX_13566080-13566336	False	False	1	1	1	1	1	1	1	BOTH	LL	2.37e-07	45.5	6.6252516539898965
NULL/chrX_8394680-8394949__chrX_18737813-18738119	False	False	1	1	1	1	1	1	1	BOTH	LL	0.018	29.2	1.744727494896694
NULL/chrX_8395325-8395635__chrX_19717880-19718080	False	False	1	0	1	1	0	1	1	LR_RL	LR	4.57e-10	54.5	9.34008379993015
NULL/chrX_8395325-8395635__chrX_9535552-9535936	False	False	1	1	1	0	1	0	1	LL_RR	LL	1.27e-47	177.0	46.89619627904404
NULL/chrX_8396414-8396775__chrX_13070183-13070515	False	False	0	1	1	1	0	1	1	LR_RL	LR	0.068	24.7	1.1674910872937636
NULL/chrX_8643101-8643868__chrX_13214172-13214372	False	False	1	1	0	1	1	0	1	LL_RR	RR	0.026	26.5	1.585026652029182
NULL/chrX_8653859-8654855__chrX_16750137-16750514	False	False	1	1	1	1	1	1	1	BOTH	LR	0.001	30.1	3.0
NULL/chrX_9535552-9535936__chrX_19544220-19544470	False	False	0	0	0	1	0	0	0	NONE				
NULL/chrX_9537260-9537482__chrX_13335047-13335247	False	False	1	1	1	1	1	1	1	BOTH	LR	0.000703	32.8	3.153044674980176
NULL/chrX_9537260-9537482__chrX_9651073-9651377	False	False	1	1	1	1	1	1	1	BOTH	LR	0.12	25.6	0.9208187539523752
NULL/chrX_9609591-9609868__chrX_13070183-13070515	False	False	0	1	1	1	0	1	1	LR_RL	LR	0.22	24.7	0.6575773191777937
NULL/chrX_9645073-9645375__chrX_10723377-10723600	False	False	1	1	1	1	1	1	1	BOTH	LR	1.01e-05	39.2	4.995678626217358
NULL/chrX_9645073-9645375__chrX_17650510-17650710	False	False	0	1	1	1	0	1	1	LR_RL	RL	0.064	27.4	1.193820026016113
NULL/chrX_9651073-9651377__chrX_12676886-12677437	False	False	1	1	1	1	1	1	1	BOTH	RL	0.018	28.3	1.744727494896694
NULL/chrX_9680427-9680627__chrX_14655967-14656167	False	False	1	1	1	0	1	0	1	LL_RR	LL	0.018	28.3	1.744727494896694
NULL/chrX_9680427-9680627__chrX_18737813-18738119	False	False	0	1	1	1	0	1	1	LR_RL	RL	0.22	24.7	0.6575773191777937
NULL/chrX_9680427-9680627__chrX_19712135-19712461	False	False	1	1	1	1	1	1	1	BOTH	RR	0.001	31.0	3.0
NULL/chrX_9708888-9709088__chrX_13051960-13052281	False	False	1	1	1	0	1	0	1	LL_RR	LL	2.88e-06	41.9	5.540607512240769
NULL/chrX_9708888-9709088__chrX_13566080-13566336	False	False	1	1	1	1	1	1	1	BOTH	RL	0.003	31.0	2.5228787452803374
NULL/chrX_9708888-9709088__chrX_18714009-18714209	False	False	1	0	1	0	0	0	0	NONE				
NULL/chrX_9709480-9709680__chrX_16703281-16703660	False	False	1	0	0	0	0	0	0	NONE				
NULL/chrX_9709480-9709680__chrX_19623427-19623800	False	False	0	1	1	1	0	1	1	LR_RL	LR	0.12	24.7	0.9208187539523752
