set,cohort,pair_dir,nameA,nameB,percent_identity,alignment_score,aligner,gapopen,gapextend,cosine,pearson_r,spearman_r,kmer_combined,pair_key,pair_key_norm
enhancer_hit,enhancer_hit,/Users/jillianness/Desktop/SEbirthanalysis1024/new_LASTZ_analysis/enhancer_extraction/enhancer_pairs/FBgn0002931_Spearman/chr2L_17816-18016__chr2L_20624-20824,chr2L_17816-18016,chr2L_20624-20824,96.6,976.0,needle,10,0.5,0.9575578226587432,0.9556146607540806,0.9524491830851364,0.9552072221659867,chr2L_17816-18016__chr2L_20624-20824,
enhancer_hit,enhancer_hit,/Users/jillianness/Desktop/SEbirthanalysis1024/new_LASTZ_analysis/enhancer_extraction/enhancer_pairs/FBgn0004009_Spearman/chr2L_7310393-7310593__chr2L_7312164-7312502,chr2L_7310393-7310593,chr2L_7312164-7312502,85.2,197.5,needle,10,0.5,0.1049221084157769,0.054270062,0.029236079,0.062809416,chr2L_7310393-7310593__chr2L_7312164-7312502,
enhancer_hit,enhancer_hit,/Users/jillianness/Desktop/SEbirthanalysis1024/new_LASTZ_analysis/enhancer_extraction/enhancer_pairs/FBgn0038056_sm/chr3R_12502172-12502620__chr3R_12505525-12505897,chr3R_12502172-12502620,chr3R_12505525-12505897,83.0,1860.0,needle,10,0.5,0.9331171812438764,0.9277579786096484,0.925545295,0.9288068181771942,chr3R_12502172-12502620__chr3R_12505525-12505897,
enhancer_hit,enhancer_hit,/Users/jillianness/Desktop/SEbirthanalysis1024/new_LASTZ_analysis/enhancer_extraction/enhancer_pairs/FBgn0037816_Spearman/chr3R_10382028-10382228__chr3R_10385663-10385863,chr3R_10382028-10382228,chr3R_10385663-10385863,78.6,880.0,needle,10,0.5,0.8800990167093832,0.8742669692063947,0.8775121963195569,0.8772927274117782,chr3R_10382028-10382228__chr3R_10385663-10385863,
enhancer_hit,enhancer_hit,/Users/jillianness/Desktop/SEbirthanalysis1024/new_LASTZ_analysis/enhancer_extraction/enhancer_pairs/FBgn0037816_Spearman/chr3R_10383102-10383302__chr3R_10386663-10386863,chr3R_10383102-10383302,chr3R_10386663-10386863,60.0,750.0,needle,10,0.5,0.7410944155933632,0.7308040801707689,0.7399022261155879,0.737266907,chr3R_10383102-10383302__chr3R_10386663-10386863,
enhancer_hit,enhancer_hit,/Users/jillianness/Desktop/SEbirthanalysis1024/new_LASTZ_analysis/enhancer_extraction/enhancer_pairs/FBgn0036460_Spearman/chr3L_14918179-14918521__chr3L_14928799-14929134,chr3L_14918179-14918521,chr3L_14928799-14929134,48.2,370.0,needle,10,0.5,0.3287274700586848,0.291170102,0.1946164021472046,0.2715046580952434,chr3L_14918179-14918521__chr3L_14928799-14929134,
neither,neither,/Users/jillianness/Desktop/SEbirthanalysis1024/new_LASTZ_analysis/enhancer_extraction/enhancer_pairs/FBgn0028369_Spearman/chrX_3103482-3103682__chrX_3103691-3103945,chrX_3103482-3103682,chrX_3103691-3103945,48.1,241.0,needle,10,0.5,0.1490266004881468,0.1150757505668023,0.1046140278759613,0.1229054596436368,chrX_3103482-3103682__chrX_3103691-3103945,
neither,neither,/Users/jillianness/Desktop/SEbirthanalysis1024/new_LASTZ_analysis/enhancer_extraction/enhancer_pairs/FBgn0037608_vm/chr3R_8664009-8664210__chr3R_8664993-8665193,chr3R_8664009-8664210,chr3R_8664993-8665193,47.4,185.5,needle,10,0.5,0.074279736,0.032362864,0.036802078,0.047814893,chr3R_8664009-8664210__chr3R_8664993-8665193,
neither,neither,/Users/jillianness/Desktop/SEbirthanalysis1024/new_LASTZ_analysis/enhancer_extraction/enhancer_pairs/FBgn0036460_Spearman/chr3L_14922238-14922460__chr3L_14930753-14930953,chr3L_14922238-14922460,chr3L_14930753-14930953,47.3,219.0,needle,10,0.5,0.1849538623444938,0.149643369,0.0995079,0.1447017106334623,chr3L_14922238-14922460__chr3L_14930753-14930953,
neither,neither,/Users/jillianness/Desktop/SEbirthanalysis1024/new_LASTZ_analysis/enhancer_extraction/enhancer_pairs/FBgn0263118_Spearman/chr3R_26441174-26441374__chr3R_26442751-26442951,chr3R_26441174-26441374,chr3R_26442751-26442951,47.2,179.0,needle,10,0.5,0.085106383,0.047477921,0.049574133,0.060719479,chr3R_26441174-26441374__chr3R_26442751-26442951,
neither,neither,/Users/jillianness/Desktop/SEbirthanalysis1024/new_LASTZ_analysis/enhancer_extraction/enhancer_pairs/FBgn0000406_vm_sm/chr2L_16757637-16757844__chr2L_16762522-16762722,chr2L_16757637-16757844,chr2L_16762522-16762722,47.2,150.5,needle,10,0.5,0.027954861,-0.010875666,-0.007191401,0.003295931,chr2L_16757637-16757844__chr2L_16762522-16762722,
neither,neither,/Users/jillianness/Desktop/SEbirthanalysis1024/new_LASTZ_analysis/enhancer_extraction/enhancer_pairs/FBgn0034739_vm/chr2R_22166944-22167150__chr2R_22168230-22168438,chr2R_22166944-22167150,chr2R_22168230-22168438,46.6,213.5,needle,10,0.5,0.049166461,0.004857687,9.095551032678676e-05,0.018038368,chr2R_22166944-22167150__chr2R_22168230-22168438,
enhancer_hit,enhancer_hit,/Users/jillianness/Desktop/SEbirthanalysis1024/new_LASTZ_analysis/enhancer_extraction/enhancer_pairs/FBgn0028369_Spearman/chrX_3102934-3103204__chrX_3103691-3103945,chrX_3102934-3103204,chrX_3103691-3103945,46.3,269.5,needle,10,0.5,0.1724145049497162,0.1322584704709054,0.096018243,0.1335637393326289,chrX_3102934-3103204__chrX_3103691-3103945,
neither,neither,/Users/jillianness/Desktop/SEbirthanalysis1024/new_LASTZ_analysis/enhancer_extraction/enhancer_pairs/FBgn0261439_vm_sm/chr2R_19038773-19039303__chr2R_19042052-19042549,chr2R_19038773-19039303,chr2R_19042052-19042549,45.8,444.0,needle,10,0.5,0.1515292711442054,0.060911378,0.074060772,0.095500474,chr2R_19038773-19039303__chr2R_19042052-19042549,
neither,neither,/Users/jillianness/Desktop/SEbirthanalysis1024/new_LASTZ_analysis/enhancer_extraction/enhancer_pairs/FBgn0000014_vm/chr3R_16737098-16737410__chr3R_16814262-16814590,chr3R_16737098-16737410,chr3R_16814262-16814590,45.4,281.0,needle,10,0.5,0.066236778,-0.003743431,-0.003482189,0.019670386,chr3R_16737098-16737410__chr3R_16814262-16814590,
neither,neither,/Users/jillianness/Desktop/SEbirthanalysis1024/new_LASTZ_analysis/enhancer_extraction/enhancer_pairs/FBgn0034432_sm/chr2R_18929511-18929711__chr2R_18948523-18948792,chr2R_18929511-18929711,chr2R_18948523-18948792,45.2,208.5,needle,10,0.5,0.1189670136765089,0.077176868,0.071425551,0.089189811,chr2R_18929511-18929711__chr2R_18948523-18948792,
neither,neither,/Users/jillianness/Desktop/SEbirthanalysis1024/new_LASTZ_analysis/enhancer_extraction/enhancer_pairs/FBgn0004169_vm_sm/chrX_13540438-13540671__chrX_13566080-13566336,chrX_13540438-13540671,chrX_13566080-13566336,45.1,227.0,needle,10,0.5,0.090716765,0.042155612,0.024597595,0.052489991,chrX_13540438-13540671__chrX_13566080-13566336,
neither,neither,/Users/jillianness/Desktop/SEbirthanalysis1024/new_LASTZ_analysis/enhancer_extraction/enhancer_pairs/FBgn0014877_Spearman/chr2R_13190587-13190787__chr2R_13196419-13196619,chr2R_13190587-13190787,chr2R_13196419-13196619,45.1,173.5,needle,10,0.5,0.050280756,0.00819443,0.004944337,0.021139841,chr2R_13190587-13190787__chr2R_13196419-13196619,
neither,neither,/Users/jillianness/Desktop/SEbirthanalysis1024/new_LASTZ_analysis/enhancer_extraction/enhancer_pairs/FBgn0036460_Spearman/chr3L_14925390-14925769__chr3L_14936376-14936760,chr3L_14925390-14925769,chr3L_14936376-14936760,45.1,356.0,needle,10,0.5,0.1123545762841176,0.034115997,0.036851359,0.061107311,chr3L_14925390-14925769__chr3L_14936376-14936760,
enhancer_hit,enhancer_hit,/Users/jillianness/Desktop/SEbirthanalysis1024/new_LASTZ_analysis/enhancer_extraction/enhancer_pairs/FBgn0003002_Spearman/chr3R_4913812-4914012__chr3R_4960008-4960208,chr3R_4913812-4914012,chr3R_4960008-4960208,45.0,175.5,needle,10,0.5,0.1097539297219163,0.070288701,0.040380719,0.07347445,chr3R_4913812-4914012__chr3R_4960008-4960208,
neither,neither,/Users/jillianness/Desktop/SEbirthanalysis1024/new_LASTZ_analysis/enhancer_extraction/enhancer_pairs/FBgn0034432_sm/chr2R_18929511-18929711__chr2R_18959548-18959748,chr2R_18929511-18929711,chr2R_18959548-18959748,44.7,197.5,needle,10,0.5,0.098726996,0.061321997,0.04226871,0.067439234,chr2R_18929511-18929711__chr2R_18959548-18959748,
neither,neither,/Users/jillianness/Desktop/SEbirthanalysis1024/new_LASTZ_analysis/enhancer_extraction/enhancer_pairs/FBgn0030864_sm/chrX_17650510-17650710__chrX_17660173-17660373,chrX_17650510-17650710,chrX_17660173-17660373,44.7,182.0,needle,10,0.5,0.1213890858734144,0.083130724,0.080212921,0.09491091,chrX_17650510-17650710__chrX_17660173-17660373,
neither,neither,/Users/jillianness/Desktop/SEbirthanalysis1024/new_LASTZ_analysis/enhancer_extraction/enhancer_pairs/FBgn0003889_sm/chr3R_9394057-9394430__chr3R_9417532-9417927,chr3R_9394057-9394430,chr3R_9417532-9417927,44.6,319.0,needle,10,0.5,0.068317733,-0.002246007,-0.000199321,0.021957468,chr3R_9394057-9394430__chr3R_9417532-9417927,
enhancer_hit,enhancer_hit,/Users/jillianness/Desktop/SEbirthanalysis1024/new_LASTZ_analysis/enhancer_extraction/enhancer_pairs/FBgn0033998_vm/chr2R_14874175-14874447__chr2R_14877876-14878280,chr2R_14874175-14874447,chr2R_14877876-14878280,44.5,564.5,needle,10,0.5,0.1827561577162495,0.1162361008706677,0.1057089719369045,0.1349004101746072,chr2R_14874175-14874447__chr2R_14877876-14878280,
neither,neither,/Users/jillianness/Desktop/SEbirthanalysis1024/new_LASTZ_analysis/enhancer_extraction/enhancer_pairs/FBgn0029504_sm/chrX_7555826-7556105__chrX_7580532-7580795,chrX_7555826-7556105,chrX_7580532-7580795,44.4,222.5,needle,10,0.5,0.076125023,0.01744953,0.021369293,0.038314615,chrX_7555826-7556105__chrX_7580532-7580795,
neither,neither,/Users/jillianness/Desktop/SEbirthanalysis1024/new_LASTZ_analysis/enhancer_extraction/enhancer_pairs/FBgn0003721_vm_sm/chr3R_15282470-15282698__chr3R_15309823-15310090,chr3R_15282470-15282698,chr3R_15309823-15310090,44.3,240.0,needle,10,0.5,0.089335866,0.040427474,0.050747843,0.060170394,chr3R_15282470-15282698__chr3R_15309823-15310090,
neither,neither,/Users/jillianness/Desktop/SEbirthanalysis1024/new_LASTZ_analysis/enhancer_extraction/enhancer_pairs/FBgn0000463_Spearman/chr3R_19317230-19317464__chr3R_19329924-19330208,chr3R_19317230-19317464,chr3R_19329924-19330208,44.3,215.0,needle,10,0.5,0.064121529,0.012119121,0.021234921,0.032491857,chr3R_19317230-19317464__chr3R_19329924-19330208,
neither,neither,/Users/jillianness/Desktop/SEbirthanalysis1024/new_LASTZ_analysis/enhancer_extraction/enhancer_pairs/FBgn0261245_vm_sm/chrX_16629633-16629833__chrX_16631143-16631343,chrX_16629633-16629833,chrX_16631143-16631343,44.2,175.0,needle,10,0.5,0.042823116,0.003195824,0.007889847,0.017969596,chrX_16629633-16629833__chrX_16631143-16631343,
neither,neither,/Users/jillianness/Desktop/SEbirthanalysis1024/new_LASTZ_analysis/enhancer_extraction/enhancer_pairs/FBgn0260642_sm/chr3R_6932962-6933173__chr3R_6970146-6970346,chr3R_6932962-6933173,chr3R_6970146-6970346,44.1,201.0,needle,10,0.5,0.080895453,0.042940308,0.056341275,0.060059012,chr3R_6932962-6933173__chr3R_6970146-6970346,
neither,neither,/Users/jillianness/Desktop/SEbirthanalysis1024/new_LASTZ_analysis/enhancer_extraction/enhancer_pairs/FBgn0031037_sm/chrX_19544220-19544470__chrX_19544519-19544719,chrX_19544220-19544470,chrX_19544519-19544719,44.1,295.0,needle,10,0.5,0.6958223032179465,0.6912487084113839,0.189528153,0.5255330549634004,chrX_19544220-19544470__chrX_19544519-19544719,
neither,neither,/Users/jillianness/Desktop/SEbirthanalysis1024/new_LASTZ_analysis/enhancer_extraction/enhancer_pairs/FBgn0036460_Spearman/chr3L_14928799-14929134__chr3L_14932705-14933060,chr3L_14928799-14929134,chr3L_14932705-14933060,44.1,333.0,needle,10,0.5,0.2202297237470897,0.1675000154802987,0.075852074,0.1545272710075505,chr3L_14928799-14929134__chr3L_14932705-14933060,
neither,neither,/Users/jillianness/Desktop/SEbirthanalysis1024/new_LASTZ_analysis/enhancer_extraction/enhancer_pairs/FBgn0035956_Spearman/chr3L_9010205-9010405__chr3L_9010490-9010720,chr3L_9010205-9010405,chr3L_9010490-9010720,44.0,209.0,needle,10,0.5,0.1204793179582257,0.079519723,0.090094145,0.096697729,chr3L_9010205-9010405__chr3L_9010490-9010720,
neither,neither,/Users/jillianness/Desktop/SEbirthanalysis1024/new_LASTZ_analysis/enhancer_extraction/enhancer_pairs/FBgn0031908_sm/chr2L_7340816-7341016__chr2L_7404967-7405167,chr2L_7340816-7341016,chr2L_7404967-7405167,44.0,159.5,needle,10,0.5,0.079200361,0.042134073,0.049047791,0.056794075,chr2L_7340816-7341016__chr2L_7404967-7405167,
neither,neither,/Users/jillianness/Desktop/SEbirthanalysis1024/new_LASTZ_analysis/enhancer_extraction/enhancer_pairs/FBgn0030794_vm/chrX_16750137-16750514__chrX_16773523-16773913,chrX_16750137-16750514,chrX_16773523-16773913,43.9,354.0,needle,10,0.5,0.1675830920187501,0.1074841668923358,0.094772886,0.1232800484188158,chrX_16750137-16750514__chrX_16773523-16773913,
neither,neither,/Users/jillianness/Desktop/SEbirthanalysis1024/new_LASTZ_analysis/enhancer_extraction/enhancer_pairs/FBgn0039667_vm_sm/chr3R_29476471-29476689__chr3R_29496327-29496564,chr3R_29476471-29476689,chr3R_29496327-29496564,43.9,180.0,needle,10,0.5,0.054386262,0.007889547,0.008560651,0.023612153,chr3R_29476471-29476689__chr3R_29496327-29496564,
neither,neither,/Users/jillianness/Desktop/SEbirthanalysis1024/new_LASTZ_analysis/enhancer_extraction/enhancer_pairs/FBgn0037835_vm_sm/chr3R_10777442-10777731__chr3R_10792254-10792567,chr3R_10777442-10777731,chr3R_10792254-10792567,43.8,262.0,needle,10,0.5,0.076664956,0.017064473,0.01666055,0.03679666,chr3R_10777442-10777731__chr3R_10792254-10792567,
neither,neither,/Users/jillianness/Desktop/SEbirthanalysis1024/new_LASTZ_analysis/enhancer_extraction/enhancer_pairs/FBgn0037835_vm_sm/chr3R_10777442-10777731__chr3R_10793522-10793813,chr3R_10777442-10777731,chr3R_10793522-10793813,43.7,255.0,needle,10,0.5,0.1013093534631004,0.039033372,0.048303244,0.06288199,chr3R_10777442-10777731__chr3R_10793522-10793813,
neither,neither,/Users/jillianness/Desktop/SEbirthanalysis1024/new_LASTZ_analysis/enhancer_extraction/enhancer_pairs/FBgn0029755_sm/chrX_5291739-5291939__chrX_5295134-5295334,chrX_5291739-5291939,chrX_5295134-5295334,43.7,190.5,needle,10,0.5,0.1205056698390745,0.091472109,0.058400751,0.090126177,chrX_5291739-5291939__chrX_5295134-5295334,
neither,neither,/Users/jillianness/Desktop/SEbirthanalysis1024/new_LASTZ_analysis/enhancer_extraction/enhancer_pairs/FBgn0020257_Spearman/chr2R_22309744-22310226__chr2R_22310630-22311004,chr2R_22309744-22310226,chr2R_22310630-22311004,43.6,381.0,needle,10,0.5,0.1025671230090722,0.017685587,0.013198553,0.044483754,chr2R_22309744-22310226__chr2R_22310630-22311004,
neither,neither,/Users/jillianness/Desktop/SEbirthanalysis1024/new_LASTZ_analysis/enhancer_extraction/enhancer_pairs/FBgn0004858_Spearman/chr2L_14431426-14431854__chr2L_14447428-14447837,chr2L_14431426-14431854,chr2L_14447428-14447837,43.4,359.5,needle,10,0.5,0.1319085829607807,0.05023743,0.057777853,0.079974622,chr2L_14431426-14431854__chr2L_14447428-14447837,
neither,neither,/Users/jillianness/Desktop/SEbirthanalysis1024/new_LASTZ_analysis/enhancer_extraction/enhancer_pairs/FBgn0034412_sm/chr2R_18615551-18615751__chr2R_18617926-18618126,chr2R_18615551-18615751,chr2R_18617926-18618126,43.3,142.5,needle,10,0.5,0.028985507,-0.016606841,-0.015189367,-0.0009369,chr2R_18615551-18615751__chr2R_18617926-18618126,
neither,neither,/Users/jillianness/Desktop/SEbirthanalysis1024/new_LASTZ_analysis/enhancer_extraction/enhancer_pairs/FBgn0036460_Spearman/chr3L_14925390-14925769__chr3L_14932705-14933060,chr3L_14925390-14925769,chr3L_14932705-14933060,43.3,293.0,needle,10,0.5,0.074987735,0.000106417,0.001027609,0.02537392,chr3L_14925390-14925769__chr3L_14932705-14933060,
neither,neither,/Users/jillianness/Desktop/SEbirthanalysis1024/new_LASTZ_analysis/enhancer_extraction/enhancer_pairs/FBgn0000463_Spearman/chr3R_19332565-19332811__chr3R_19343351-19343609,chr3R_19332565-19332811,chr3R_19343351-19343609,43.3,205.0,needle,10,0.5,0.047153785,-0.00723133,-0.00176557,0.012718961,chr3R_19332565-19332811__chr3R_19343351-19343609,
neither,neither,/Users/jillianness/Desktop/SEbirthanalysis1024/new_LASTZ_analysis/enhancer_extraction/enhancer_pairs/FBgn0016930_vm/chr2L_14230546-14231007__chr2L_14267350-14267653,chr2L_14230546-14231007,chr2L_14267350-14267653,43.2,266.0,needle,10,0.5,0.1213755930862604,0.050668906,0.042640899,0.071561799,chr2L_14230546-14231007__chr2L_14267350-14267653,
neither,neither,/Users/jillianness/Desktop/SEbirthanalysis1024/new_LASTZ_analysis/enhancer_extraction/enhancer_pairs/FBgn0014877_Spearman/chr2R_13195866-13196315__chr2R_13199132-13199535,chr2R_13195866-13196315,chr2R_13199132-13199535,43.1,356.0,needle,10,0.5,0.1166089887187089,0.034288193,0.034988534,0.061961905,chr2R_13195866-13196315__chr2R_13199132-13199535,
neither,neither,/Users/jillianness/Desktop/SEbirthanalysis1024/new_LASTZ_analysis/enhancer_extraction/enhancer_pairs/FBgn0023540_vm/chrX_2097213-2097718__chrX_2098250-2098696,chrX_2097213-2097718,chrX_2098250-2098696,43.1,380.5,needle,10,0.5,0.072439393,-0.017795693,-0.008758563,0.015295046,chrX_2097213-2097718__chrX_2098250-2098696,
neither,neither,/Users/jillianness/Desktop/SEbirthanalysis1024/new_LASTZ_analysis/enhancer_extraction/enhancer_pairs/FBgn0016930_vm/chr2L_14230546-14231007__chr2L_14245654-14246036,chr2L_14230546-14231007,chr2L_14245654-14246036,43.0,364.0,needle,10,0.5,0.1983610597151255,0.12396999,0.1145325357428596,0.1456211952925353,chr2L_14230546-14231007__chr2L_14245654-14246036,
neither,neither,/Users/jillianness/Desktop/SEbirthanalysis1024/new_LASTZ_analysis/enhancer_extraction/enhancer_pairs/FBgn0021768_sm/chr3L_16739294-16739644__chr3L_16754916-16755182,chr3L_16739294-16739644,chr3L_16754916-16755182,43.0,286.0,needle,10,0.5,0.093687378,0.035261415,0.035309762,0.054752852,chr3L_16739294-16739644__chr3L_16754916-16755182,
neither,neither,/Users/jillianness/Desktop/SEbirthanalysis1024/new_LASTZ_analysis/enhancer_extraction/enhancer_pairs/Optix/chr2R_8046126-8047096__chr2R_8049875-8050664,chr2R_8046126-8047096,chr2R_8049875-8050664,43.0,778.5,needle,10,0.5,0.2003023523501132,0.043816049,0.038990921,0.094369774,chr2R_8046126-8047096__chr2R_8049875-8050664,
neither,neither,/Users/jillianness/Desktop/SEbirthanalysis1024/new_LASTZ_analysis/enhancer_extraction/enhancer_pairs/FBgn0000014_Spearman/chr3R_16764121-16764485__chr3R_16857769-16858049,chr3R_16764121-16764485,chr3R_16857769-16858049,43.0,332.5,needle,10,0.5,0.1864477910769821,0.134671253,0.09245757,0.1378588712195046,chr3R_16764121-16764485__chr3R_16857769-16858049,
neither,neither,/Users/jillianness/Desktop/SEbirthanalysis1024/new_LASTZ_analysis/enhancer_extraction/enhancer_pairs/FBgn0000463_meso/chr3R_19346468-19346888__chr3R_19350401-19350687,chr3R_19346468-19346888,chr3R_19350401-19350687,43.0,313.5,needle,10,0.5,0.159096216,0.095162781,0.068896692,0.1077185630202223,chr3R_19346468-19346888__chr3R_19350401-19350687,
neither,neither,/Users/jillianness/Desktop/SEbirthanalysis1024/new_LASTZ_analysis/enhancer_extraction/enhancer_pairs/FBgn0000014_vm/chr3R_16737098-16737410__chr3R_16813228-16813680,chr3R_16737098-16737410,chr3R_16813228-16813680,42.8,379.5,needle,10,0.5,0.1362396145834651,0.069905733,0.066472316,0.090872555,chr3R_16737098-16737410__chr3R_16813228-16813680,
neither,neither,/Users/jillianness/Desktop/SEbirthanalysis1024/new_LASTZ_analysis/enhancer_extraction/enhancer_pairs/FBgn0005771_meso/chr2L_14435741-14436213__chr2L_14517261-14517665,chr2L_14435741-14436213,chr2L_14517261-14517665,42.8,389.5,needle,10,0.5,0.1459251993630088,0.067595259,0.064697295,0.092739251,chr2L_14435741-14436213__chr2L_14517261-14517665,
neither,neither,/Users/jillianness/Desktop/SEbirthanalysis1024/new_LASTZ_analysis/enhancer_extraction/enhancer_pairs/FBgn0032961_Spearman/chr2L_21831155-21831728__chr2L_21840673-21841262,chr2L_21831155-21831728,chr2L_21840673-21841262,42.8,482.0,needle,10,0.5,0.1652823178706759,0.058482328,0.054154195,0.092639613,chr2L_21831155-21831728__chr2L_21840673-21841262,
neither,neither,/Users/jillianness/Desktop/SEbirthanalysis1024/new_LASTZ_analysis/enhancer_extraction/enhancer_pairs/FBgn0003997_meso/chr3L_18188992-18189399__chr3L_18288111-18288550,chr3L_18188992-18189399,chr3L_18288111-18288550,42.8,368.5,needle,10,0.5,0.2171672016736605,0.1540636816816604,0.09156351,0.154264798,chr3L_18188992-18189399__chr3L_18288111-18288550,
neither,neither,/Users/jillianness/Desktop/SEbirthanalysis1024/new_LASTZ_analysis/enhancer_extraction/enhancer_pairs/FBgn0016797_vm/chr3L_19135570-19135853__chr3L_19164181-19164596,chr3L_19135570-19135853,chr3L_19164181-19164596,42.8,340.0,needle,10,0.5,0.1640236029352664,0.1039693262447245,0.086096851,0.1180299266990231,chr3L_19135570-19135853__chr3L_19164181-19164596,
neither,neither,/Users/jillianness/Desktop/SEbirthanalysis1024/new_LASTZ_analysis/enhancer_extraction/enhancer_pairs/FBgn0036460_Spearman/chr3L_14930753-14930953__chr3L_14931009-14931209,chr3L_14930753-14930953,chr3L_14931009-14931209,42.7,135.0,needle,10,0.5,0.038802116,-0.001273002,0.00602776,0.014518958,chr3L_14930753-14930953__chr3L_14931009-14931209,
neither,neither,/Users/jillianness/Desktop/SEbirthanalysis1024/new_LASTZ_analysis/enhancer_extraction/enhancer_pairs/FBgn0000463_Spearman/chr3R_19326610-19326911__chr3R_19350401-19350687,chr3R_19326610-19326911,chr3R_19350401-19350687,42.7,195.5,needle,10,0.5,0.104516438,0.050026894,0.013529602,0.056024311,chr3R_19326610-19326911__chr3R_19350401-19350687,
neither,neither,/Users/jillianness/Desktop/SEbirthanalysis1024/new_LASTZ_analysis/enhancer_extraction/enhancer_pairs/FBgn0003721_vm_sm/chr3R_15280609-15280877__chr3R_15309823-15310090,chr3R_15280609-15280877,chr3R_15309823-15310090,42.6,253.5,needle,10,0.5,0.1660414868561046,0.1205548191666328,0.075970257,0.1208555210505001,chr3R_15280609-15280877__chr3R_15309823-15310090,
neither,neither,/Users/jillianness/Desktop/SEbirthanalysis1024/new_LASTZ_analysis/enhancer_extraction/enhancer_pairs/FBgn0034412_sm/chr2R_18617352-18617561__chr2R_18617926-18618126,chr2R_18617352-18617561,chr2R_18617926-18618126,42.6,157.0,needle,10,0.5,0.047512506,0.001435014,0.004280045,0.017742522,chr2R_18617352-18617561__chr2R_18617926-18618126,
neither,neither,/Users/jillianness/Desktop/SEbirthanalysis1024/new_LASTZ_analysis/enhancer_extraction/enhancer_pairs/FBgn0034438_vm/chr2R_18959548-18959748__chr2R_19007537-19007740,chr2R_18959548-18959748,chr2R_19007537-19007740,42.6,151.5,needle,10,0.5,0.04978344,0.007440987,0.008054548,0.021759658,chr2R_18959548-18959748__chr2R_19007537-19007740,
neither,neither,/Users/jillianness/Desktop/SEbirthanalysis1024/new_LASTZ_analysis/enhancer_extraction/enhancer_pairs/FBgn0000097_meso/chr2L_2164726-2165263__chr2L_2181980-2182476,chr2L_2164726-2165263,chr2L_2181980-2182476,42.6,426.0,needle,10,0.5,0.1693285648420187,0.073096524,0.060095958,0.1008403491228837,chr2L_2164726-2165263__chr2L_2181980-2182476,
neither,neither,/Users/jillianness/Desktop/SEbirthanalysis1024/new_LASTZ_analysis/enhancer_extraction/enhancer_pairs/FBgn0036557_Spearman/chr3L_15984572-15984835__chr3L_15989718-15989918,chr3L_15984572-15984835,chr3L_15989718-15989918,42.6,196.5,needle,10,0.5,0.052856011,0.003071247,0.004229175,0.020052144,chr3L_15984572-15984835__chr3L_15989718-15989918,
neither,neither,/Users/jillianness/Desktop/SEbirthanalysis1024/new_LASTZ_analysis/enhancer_extraction/enhancer_pairs/FBgn0003997_Spearman/chr3L_18188992-18189399__chr3L_18193476-18193931,chr3L_18188992-18189399,chr3L_18193476-18193931,42.6,400.0,needle,10,0.5,0.207542939,0.145900295,0.1088936063003732,0.1541122802105997,chr3L_18188992-18189399__chr3L_18193476-18193931,
neither,neither,/Users/jillianness/Desktop/SEbirthanalysis1024/new_LASTZ_analysis/enhancer_extraction/enhancer_pairs/FBgn0038473_vm/chr3R_17067702-17068049__chr3R_17095604-17095904,chr3R_17067702-17068049,chr3R_17095604-17095904,42.5,303.5,needle,10,0.5,0.1401106757802837,0.080232319,0.058787407,0.093043467,chr3R_17067702-17068049__chr3R_17095604-17095904,
neither,neither,/Users/jillianness/Desktop/SEbirthanalysis1024/new_LASTZ_analysis/enhancer_extraction/enhancer_pairs/FBgn0016715_sm/chr3L_574867-575113__chr3L_610451-610651,chr3L_574867-575113,chr3L_610451-610651,42.5,183.5,needle,10,0.5,0.056494342,0.010692322,0.005793029,0.024326564,chr3L_574867-575113__chr3L_610451-610651,
enhancer_hit,enhancer_hit,/Users/jillianness/Desktop/SEbirthanalysis1024/new_LASTZ_analysis/enhancer_extraction/enhancer_pairs/FBgn0020257_Spearman/chr2R_22301850-22302125__chr2R_22312131-22312433,chr2R_22301850-22302125,chr2R_22312131-22312433,42.4,239.0,needle,10,0.5,0.1275522760676901,0.080731456,0.080108944,0.096130892,chr2R_22301850-22302125__chr2R_22312131-22312433,
neither,neither,/Users/jillianness/Desktop/SEbirthanalysis1024/new_LASTZ_analysis/enhancer_extraction/enhancer_pairs/FBgn0037439_sm/chr3R_6394025-6394569__chr3R_6409760-6410198,chr3R_6394025-6394569,chr3R_6409760-6410198,42.4,411.5,needle,10,0.5,0.1332113927730375,0.049392255,0.052012347,0.078205332,chr3R_6394025-6394569__chr3R_6409760-6410198,
neither,neither,/Users/jillianness/Desktop/SEbirthanalysis1024/new_LASTZ_analysis/enhancer_extraction/enhancer_pairs/FBgn0000479_sm/chrX_3256916-3257157__chrX_3328623-3328837,chrX_3256916-3257157,chrX_3328623-3328837,42.4,189.5,needle,10,0.5,0.068608403,0.023802373,0.020299054,0.037569943,chrX_3256916-3257157__chrX_3328623-3328837,
neither,neither,/Users/jillianness/Desktop/SEbirthanalysis1024/new_LASTZ_analysis/enhancer_extraction/enhancer_pairs/FBgn0026320_meso/chr3L_14936376-14936760__chr3L_14948136-14948479,chr3L_14936376-14936760,chr3L_14948136-14948479,42.4,328.0,needle,10,0.5,0.1152561571642195,0.04501335,0.044106456,0.068125321,chr3L_14936376-14936760__chr3L_14948136-14948479,
neither,neither,/Users/jillianness/Desktop/SEbirthanalysis1024/new_LASTZ_analysis/enhancer_extraction/enhancer_pairs/FBgn0000667_vm/chrX_1967981-1968192__chrX_1995248-1995488,chrX_1967981-1968192,chrX_1995248-1995488,42.4,193.5,needle,10,0.5,0.069250027,0.022173104,0.027137231,0.039520121,chrX_1967981-1968192__chrX_1995248-1995488,
neither,neither,/Users/jillianness/Desktop/SEbirthanalysis1024/new_LASTZ_analysis/enhancer_extraction/enhancer_pairs/FBgn0033581_vm/chr2R_10724722-10724928__chr2R_10731714-10732027,chr2R_10724722-10724928,chr2R_10731714-10732027,42.4,192.5,needle,10,0.5,0.046136787,-0.0127271,-0.0149558,0.006151296,chr2R_10724722-10724928__chr2R_10731714-10732027,
neither,neither,/Users/jillianness/Desktop/SEbirthanalysis1024/new_LASTZ_analysis/enhancer_extraction/enhancer_pairs/FBgn0004606_vm/chr3R_30767234-30767502__chr3R_30805779-30805979,chr3R_30767234-30767502,chr3R_30805779-30805979,42.4,158.0,needle,10,0.5,0.050057421,0.001940912,-0.000418506,0.017193276,chr3R_30767234-30767502__chr3R_30805779-30805979,
neither,neither,/Users/jillianness/Desktop/SEbirthanalysis1024/new_LASTZ_analysis/enhancer_extraction/enhancer_pairs/FBgn0036460_Spearman/chr3L_14925390-14925769__chr3L_14928799-14929134,chr3L_14925390-14925769,chr3L_14928799-14929134,42.4,303.0,needle,10,0.5,0.1373296763772114,0.072344431,0.057486483,0.08905353,chr3L_14925390-14925769__chr3L_14928799-14929134,
neither,neither,/Users/jillianness/Desktop/SEbirthanalysis1024/new_LASTZ_analysis/enhancer_extraction/enhancer_pairs/FBgn0036460_Spearman/chr3L_14928799-14929134__chr3L_14948136-14948479,chr3L_14928799-14929134,chr3L_14948136-14948479,42.3,340.5,needle,10,0.5,0.1964763119983439,0.1418404485351435,0.1175530374215152,0.1519565993183342,chr3L_14928799-14929134__chr3L_14948136-14948479,
neither,neither,/Users/jillianness/Desktop/SEbirthanalysis1024/new_LASTZ_analysis/enhancer_extraction/enhancer_pairs/FBgn0086906_Spearman/chr3L_2091115-2091413__chr3L_2098335-2098584,chr3L_2091115-2091413,chr3L_2098335-2098584,42.3,188.0,needle,10,0.5,0.082340635,0.023896519,0.017565509,0.041267554,chr3L_2091115-2091413__chr3L_2098335-2098584,
neither,neither,/Users/jillianness/Desktop/SEbirthanalysis1024/new_LASTZ_analysis/enhancer_extraction/enhancer_pairs/FBgn0000014_meso/chr3R_16744397-16744662__chr3R_16892248-16892452,chr3R_16744397-16744662,chr3R_16892248-16892452,42.3,179.0,needle,10,0.5,0.095009544,0.051260693,0.065036536,0.070435591,chr3R_16744397-16744662__chr3R_16892248-16892452,
neither,neither,/Users/jillianness/Desktop/SEbirthanalysis1024/new_LASTZ_analysis/enhancer_extraction/enhancer_pairs/FBgn0004858_Spearman/chr2L_14447428-14447837__chr2L_14484848-14485326,chr2L_14447428-14447837,chr2L_14484848-14485326,42.2,381.0,needle,10,0.5,0.1257081287322294,0.040446666,0.032718519,0.066291104,chr2L_14447428-14447837__chr2L_14484848-14485326,
neither,neither,/Users/jillianness/Desktop/SEbirthanalysis1024/new_LASTZ_analysis/enhancer_extraction/enhancer_pairs/FBgn0034135_vm/chr2R_16159018-16159309__chr2R_16192711-16192911,chr2R_16159018-16159309,chr2R_16192711-16192911,42.2,180.0,needle,10,0.5,0.040429156,-0.010121598,-0.008652114,0.007218481,chr2R_16159018-16159309__chr2R_16192711-16192911,
neither,neither,/Users/jillianness/Desktop/SEbirthanalysis1024/new_LASTZ_analysis/enhancer_extraction/enhancer_pairs/FBgn0000463_Spearman/chr3R_19317230-19317464__chr3R_19350401-19350687,chr3R_19317230-19317464,chr3R_19350401-19350687,42.2,241.5,needle,10,0.5,0.1037218158951163,0.052257205,0.023542536,0.059840519,chr3R_19317230-19317464__chr3R_19350401-19350687,
neither,neither,/Users/jillianness/Desktop/SEbirthanalysis1024/new_LASTZ_analysis/enhancer_extraction/enhancer_pairs/FBgn0004606_meso/chr3R_30762287-30762650__chr3R_30770192-30770543,chr3R_30762287-30762650,chr3R_30770192-30770543,42.2,277.0,needle,10,0.5,0.1028083435549864,0.036228079,0.05019225,0.063076224,chr3R_30762287-30762650__chr3R_30770192-30770543,
enhancer_hit,enhancer_hit,/Users/jillianness/Desktop/SEbirthanalysis1024/new_LASTZ_analysis/enhancer_extraction/enhancer_pairs/FBgn0028369_Spearman/chrX_3100007-3100398__chrX_3104146-3104671,chrX_3100007-3100398,chrX_3104146-3104671,42.1,412.0,needle,10,0.5,0.5099487727851219,0.4898543920741344,0.069525959,0.3564430412630078,chrX_3100007-3100398__chrX_3104146-3104671,
neither,neither,/Users/jillianness/Desktop/SEbirthanalysis1024/new_LASTZ_analysis/enhancer_extraction/enhancer_pairs/FBgn0036460_Spearman/chr3L_14922238-14922460__chr3L_14928799-14929134,chr3L_14922238-14922460,chr3L_14928799-14929134,42.1,323.5,needle,10,0.5,0.2222564286754722,0.1804638626880753,0.1571401634560039,0.1866201516065171,chr3L_14922238-14922460__chr3L_14928799-14929134,
neither,neither,/Users/jillianness/Desktop/SEbirthanalysis1024/new_LASTZ_analysis/enhancer_extraction/enhancer_pairs/FBgn0037816_Spearman/chr3R_10382028-10382228__chr3R_10386663-10386863,chr3R_10382028-10382228,chr3R_10386663-10386863,42.0,185.5,needle,10,0.5,0.089847823,0.048063479,0.041112564,0.059674622,chr3R_10382028-10382228__chr3R_10386663-10386863,
neither,neither,/Users/jillianness/Desktop/SEbirthanalysis1024/new_LASTZ_analysis/enhancer_extraction/enhancer_pairs/FBgn0003062_sm/chr2R_22671971-22672235__chr2R_22692057-22692354,chr2R_22671971-22672235,chr2R_22692057-22692354,41.9,193.0,needle,10,0.5,0.057806437,-0.001584052,-0.000459061,0.018587775,chr2R_22671971-22672235__chr2R_22692057-22692354,
neither,neither,/Users/jillianness/Desktop/SEbirthanalysis1024/new_LASTZ_analysis/enhancer_extraction/enhancer_pairs/FBgn0263118_Spearman/chr3R_26442751-26442951__chr3R_26443275-26443523,chr3R_26442751-26442951,chr3R_26443275-26443523,41.9,194.5,needle,10,0.5,0.139667188,0.1014742062477564,0.086111913,0.109084436,chr3R_26442751-26442951__chr3R_26443275-26443523,
neither,neither,/Users/jillianness/Desktop/SEbirthanalysis1024/new_LASTZ_analysis/enhancer_extraction/enhancer_pairs/FBgn0037443_Spearman/chr3R_6435505-6435705__chr3R_6484281-6484481,chr3R_6435505-6435705,chr3R_6484281-6484481,41.9,156.0,needle,10,0.5,0.063937606,0.022494223,0.021698284,0.036043371,chr3R_6435505-6435705__chr3R_6484281-6484481,
neither,neither,/Users/jillianness/Desktop/SEbirthanalysis1024/new_LASTZ_analysis/enhancer_extraction/enhancer_pairs/FBgn0020762_meso/chr2L_4282002-4282202__chr2L_4370195-4370400,chr2L_4282002-4282202,chr2L_4370195-4370400,41.9,133.0,needle,10,0.5,0.046012162,0.002302644,0.002340772,0.016885193,chr2L_4282002-4282202__chr2L_4370195-4370400,
neither,neither,/Users/jillianness/Desktop/SEbirthanalysis1024/new_LASTZ_analysis/enhancer_extraction/enhancer_pairs/FBgn0037892_Spearman/chr3R_11351913-11352365__chr3R_11353401-11353818,chr3R_11351913-11352365,chr3R_11353401-11353818,41.9,402.5,needle,10,0.5,0.1692347194642497,0.1110795625930463,0.1164634589880452,0.1322592470151137,chr3R_11351913-11352365__chr3R_11353401-11353818,
neither,neither,/Users/jillianness/Desktop/SEbirthanalysis1024/new_LASTZ_analysis/enhancer_extraction/enhancer_pairs/FBgn0000044_sm/chr2R_20558766-20559051__chr2R_20560480-20560860,chr2R_20558766-20559051,chr2R_20560480-20560860,41.8,251.5,needle,10,0.5,0.056927504,-0.013523905,-0.015315669,0.009362643,chr2R_20558766-20559051__chr2R_20560480-20560860,
neither,neither,/Users/jillianness/Desktop/SEbirthanalysis1024/new_LASTZ_analysis/enhancer_extraction/enhancer_pairs/FBgn0028369_meso_sm/chrX_2944529-2944919__chrX_3044554-3044926,chrX_2944529-2944919,chrX_3044554-3044926,41.8,311.0,needle,10,0.5,0.1476246249505515,0.0846678,0.063580149,0.098624191,chrX_2944529-2944919__chrX_3044554-3044926,
neither,neither,/Users/jillianness/Desktop/SEbirthanalysis1024/new_LASTZ_analysis/enhancer_extraction/enhancer_pairs/FBgn0003285_vm/chrX_3035626-3035842__chrX_3036092-3036292,chrX_3035626-3035842,chrX_3036092-3036292,41.7,151.5,needle,10,0.5,0.034925459,-0.004220437,0.000594221,0.010433081,chrX_3035626-3035842__chrX_3036092-3036292,
neither,neither,/Users/jillianness/Desktop/SEbirthanalysis1024/new_LASTZ_analysis/enhancer_extraction/enhancer_pairs/FBgn0052296_vm_sm/chr3L_2728464-2728664__chr3L_2745584-2745810,chr3L_2728464-2728664,chr3L_2745584-2745810,41.7,155.5,needle,10,0.5,0.034151567,-0.011269406,-0.008231384,0.004883593,chr3L_2728464-2728664__chr3L_2745584-2745810,
neither,neither,/Users/jillianness/Desktop/SEbirthanalysis1024/new_LASTZ_analysis/enhancer_extraction/enhancer_pairs/FBgn0003997_Spearman/chr3L_18177706-18178000__chr3L_18244888-18245144,chr3L_18177706-18178000,chr3L_18244888-18245144,41.7,227.5,needle,10,0.5,0.1102195278305273,0.056037867,0.038244377,0.068167257,chr3L_18177706-18178000__chr3L_18244888-18245144,
neither,neither,/Users/jillianness/Desktop/SEbirthanalysis1024/new_LASTZ_analysis/enhancer_extraction/enhancer_pairs/FBgn0016794_vm/chr3L_2533105-2533332__chr3L_2552007-2552315,chr3L_2533105-2533332,chr3L_2552007-2552315,41.6,245.0,needle,10,0.5,0.1227814407410114,0.076239328,0.072785063,0.090601944,chr3L_2533105-2533332__chr3L_2552007-2552315,
neither,neither,/Users/jillianness/Desktop/SEbirthanalysis1024/new_LASTZ_analysis/enhancer_extraction/enhancer_pairs/FBgn0031505_vm_sm/chr2L_3101225-3101432__chr2L_3121835-3122035,chr2L_3101225-3101432,chr2L_3121835-3122035,41.6,178.5,needle,10,0.5,0.062921507,0.020590896,0.019574834,0.034362413,chr2L_3101225-3101432__chr2L_3121835-3122035,
neither,neither,/Users/jillianness/Desktop/SEbirthanalysis1024/new_LASTZ_analysis/enhancer_extraction/enhancer_pairs/FBgn0034412_sm/chr2R_18615551-18615751__chr2R_18617352-18617561,chr2R_18615551-18615751,chr2R_18617352-18617561,41.6,188.0,needle,10,0.5,0.061766258,0.016378612,0.01532517,0.03115668,chr2R_18615551-18615751__chr2R_18617352-18617561,
neither,neither,/Users/jillianness/Desktop/SEbirthanalysis1024/new_LASTZ_analysis/enhancer_extraction/enhancer_pairs/FBgn0020762_Spearman/chr2L_4351796-4352022__chr2L_4370195-4370400,chr2L_4351796-4352022,chr2L_4370195-4370400,41.6,166.5,needle,10,0.5,0.043208741,-0.00358557,0.001182103,0.013601758,chr2L_4351796-4352022__chr2L_4370195-4370400,
enhancer_hit,enhancer_hit,/Users/jillianness/Desktop/SEbirthanalysis1024/new_LASTZ_analysis/enhancer_extraction/enhancer_pairs/FBgn0003254_sm/chr2R_18881394-18881804__chr2R_18898203-18898705,chr2R_18881394-18881804,chr2R_18898203-18898705,41.5,353.5,needle,10,0.5,0.1189445254841516,0.031931443,0.034140458,0.061672142,chr2R_18881394-18881804__chr2R_18898203-18898705,
neither,neither,/Users/jillianness/Desktop/SEbirthanalysis1024/new_LASTZ_analysis/enhancer_extraction/enhancer_pairs/FBgn0016794_vm/chr3L_2552007-2552315__chr3L_2568872-2569202,chr3L_2552007-2552315,chr3L_2568872-2569202,41.5,237.5,needle,10,0.5,0.226703129,0.1768882334221516,0.069503619,0.157698327,chr3L_2552007-2552315__chr3L_2568872-2569202,
neither,neither,/Users/jillianness/Desktop/SEbirthanalysis1024/new_LASTZ_analysis/enhancer_extraction/enhancer_pairs/FBgn0015773_vm/chrX_14567039-14567412__chrX_14593777-14594065,chrX_14567039-14567412,chrX_14593777-14594065,41.5,290.0,needle,10,0.5,0.1163999615504706,0.07210765,0.072503769,0.087003793,chrX_14567039-14567412__chrX_14593777-14594065,
neither,neither,/Users/jillianness/Desktop/SEbirthanalysis1024/new_LASTZ_analysis/enhancer_extraction/enhancer_pairs/FBgn0016794_Spearman/chr3L_2553779-2553979__chr3L_2568872-2569202,chr3L_2553779-2553979,chr3L_2568872-2569202,41.5,189.5,needle,10,0.5,0.1856867731353506,0.1435498538926381,0.047453669,0.1255634319306473,chr3L_2553779-2553979__chr3L_2568872-2569202,
neither,neither,/Users/jillianness/Desktop/SEbirthanalysis1024/new_LASTZ_analysis/enhancer_extraction/enhancer_pairs/FBgn0000404_meso/chr3L_11812108-11812359__chr3L_11813289-11813573,chr3L_11812108-11812359,chr3L_11813289-11813573,41.5,223.0,needle,10,0.5,0.1052966318963222,0.047337887,0.054331173,0.068988564,chr3L_11812108-11812359__chr3L_11813289-11813573,
neither,neither,/Users/jillianness/Desktop/SEbirthanalysis1024/new_LASTZ_analysis/enhancer_extraction/enhancer_pairs/FBgn0053207_sm/chr3R_15587263-15587689__chr3R_15639984-15640424,chr3R_15587263-15587689,chr3R_15639984-15640424,41.4,358.5,needle,10,0.5,0.091114192,0.004859243,0.019469628,0.038481021,chr3R_15587263-15587689__chr3R_15639984-15640424,
neither,neither,/Users/jillianness/Desktop/SEbirthanalysis1024/new_LASTZ_analysis/enhancer_extraction/enhancer_pairs/FBgn0000463_Spearman/chr3R_19287679-19287954__chr3R_19343351-19343609,chr3R_19287679-19287954,chr3R_19343351-19343609,41.3,230.5,needle,10,0.5,0.078431373,0.025310031,0.03029819,0.044679864,chr3R_19287679-19287954__chr3R_19343351-19343609,
neither,neither,/Users/jillianness/Desktop/SEbirthanalysis1024/new_LASTZ_analysis/enhancer_extraction/enhancer_pairs/FBgn0023540_vm/chrX_2098250-2098696__chrX_2124693-2125061,chrX_2098250-2098696,chrX_2124693-2125061,41.3,327.5,needle,10,0.5,0.1234048104198953,0.051962441,0.042889076,0.072752109,chrX_2098250-2098696__chrX_2124693-2125061,
Flank,Flank,/Users/jillianness/Desktop/SEbirthanalysis1024/new_LASTZ_analysis/enhancer_extraction/enhancer_pairs/FBgn0021906_Spearman/chr2L_1645971-1646171__chr2L_1657116-1657316,chr2L_1645971-1646171,chr2L_1657116-1657316,41.2,156.5,needle,10,0.5,0.035976591,-0.006025229,-0.008163978,0.007262461,chr2L_1645971-1646171__chr2L_1657116-1657316,
neither,neither,/Users/jillianness/Desktop/SEbirthanalysis1024/new_LASTZ_analysis/enhancer_extraction/enhancer_pairs/SoxN/chr2L_8840416-8841144__chr2L_8842046-8842771,chr2L_8840416-8841144,chr2L_8842046-8842771,41.2,583.0,needle,10,0.5,0.2257934098249039,0.1084336503233902,0.1060566604046855,0.1467612401843265,chr2L_8840416-8841144__chr2L_8842046-8842771,
neither,neither,/Users/jillianness/Desktop/SEbirthanalysis1024/new_LASTZ_analysis/enhancer_extraction/enhancer_pairs/FBgn0003889_sm/chr3R_9393661-9394054__chr3R_9394057-9394430,chr3R_9393661-9394054,chr3R_9394057-9394430,41.2,309.5,needle,10,0.5,0.1316588577880532,0.062255293,0.063441119,0.08578509,chr3R_9393661-9394054__chr3R_9394057-9394430,
neither,neither,/Users/jillianness/Desktop/SEbirthanalysis1024/new_LASTZ_analysis/enhancer_extraction/enhancer_pairs/FBgn0034432_sm/chr2R_18948523-18948792__chr2R_18959548-18959748,chr2R_18948523-18948792,chr2R_18959548-18959748,41.2,220.0,needle,10,0.5,0.1949031587995077,0.157437367,0.075865264,0.1427352634595982,chr2R_18948523-18948792__chr2R_18959548-18959748,
neither,neither,/Users/jillianness/Desktop/SEbirthanalysis1024/new_LASTZ_analysis/enhancer_extraction/enhancer_pairs/FBgn0014877_vm_sm/chr2R_13164461-13164824__chr2R_13189815-13190137,chr2R_13164461-13164824,chr2R_13189815-13190137,41.2,284.0,needle,10,0.5,0.1148914193648068,0.050600677,0.03144121,0.065644435,chr2R_13164461-13164824__chr2R_13189815-13190137,
neither,neither,/Users/jillianness/Desktop/SEbirthanalysis1024/new_LASTZ_analysis/enhancer_extraction/enhancer_pairs/FBgn0037635_vm/chr3R_8801188-8801499__chr3R_8812222-8812640,chr3R_8801188-8801499,chr3R_8812222-8812640,41.2,319.5,needle,10,0.5,0.1015113754300495,0.032672509,0.032827347,0.05567041,chr3R_8801188-8801499__chr3R_8812222-8812640,
neither,neither,/Users/jillianness/Desktop/SEbirthanalysis1024/new_LASTZ_analysis/enhancer_extraction/enhancer_pairs/FBgn0032129_sm/chr2L_9525656-9525929__chr2L_9558167-9558367,chr2L_9525656-9525929,chr2L_9558167-9558367,41.2,209.0,needle,10,0.5,0.099816506,0.051518612,0.045630086,0.065655068,chr2L_9525656-9525929__chr2L_9558167-9558367,
neither,neither,/Users/jillianness/Desktop/SEbirthanalysis1024/new_LASTZ_analysis/enhancer_extraction/enhancer_pairs/FBgn0038788_Spearman/chr3R_20264445-20264645__chr3R_20280523-20280723,chr3R_20264445-20264645,chr3R_20280523-20280723,41.2,158.5,needle,10,0.5,0.1522460298499216,0.1221244929209815,0.054601463,0.1096573286906917,chr3R_20264445-20264645__chr3R_20280523-20280723,
neither,neither,/Users/jillianness/Desktop/SEbirthanalysis1024/new_LASTZ_analysis/enhancer_extraction/enhancer_pairs/FBgn0035539_vm/chr3L_4392038-4392238__chr3L_4394326-4394609,chr3L_4392038-4392238,chr3L_4394326-4394609,41.2,197.5,needle,10,0.5,0.077773549,0.024972143,0.029647572,0.044131088,chr3L_4392038-4392238__chr3L_4394326-4394609,
neither,neither,/Users/jillianness/Desktop/SEbirthanalysis1024/new_LASTZ_analysis/enhancer_extraction/enhancer_pairs/FBgn0036557_Spearman/chr3L_15984916-15985116__chr3L_15989718-15989918,chr3L_15984916-15985116,chr3L_15989718-15989918,41.2,201.5,needle,10,0.5,0.079812207,0.03787887,0.031695347,0.049795474,chr3L_15984916-15985116__chr3L_15989718-15989918,
neither,neither,/Users/jillianness/Desktop/SEbirthanalysis1024/new_LASTZ_analysis/enhancer_extraction/enhancer_pairs/FBgn0020766_vm_sm/chr2R_13555091-13555340__chr2R_13594497-13594795,chr2R_13555091-13555340,chr2R_13594497-13594795,41.1,209.0,needle,10,0.5,0.1019946556625136,0.047306218,0.062652604,0.070651159,chr2R_13555091-13555340__chr2R_13594497-13594795,
neither,neither,/Users/jillianness/Desktop/SEbirthanalysis1024/new_LASTZ_analysis/enhancer_extraction/enhancer_pairs/FBgn0000014_Spearman/chr3R_16878885-16879147__chr3R_16882506-16882728,chr3R_16878885-16879147,chr3R_16882506-16882728,41.1,166.0,needle,10,0.5,0.064109875,0.013457555,0.018851955,0.032139795,chr3R_16878885-16879147__chr3R_16882506-16882728,
neither,neither,/Users/jillianness/Desktop/SEbirthanalysis1024/new_LASTZ_analysis/enhancer_extraction/enhancer_pairs/FBgn0022960_Spearman/chr2R_6619868-6620115__chr2R_6626145-6626383,chr2R_6619868-6620115,chr2R_6626145-6626383,41.1,210.5,needle,10,0.5,0.1208060840298056,0.088081599,0.088821915,0.099236533,chr2R_6619868-6620115__chr2R_6626145-6626383,
neither,neither,/Users/jillianness/Desktop/SEbirthanalysis1024/new_LASTZ_analysis/enhancer_extraction/enhancer_pairs/FBgn0086906_sm/chr3L_2073248-2073448__chr3L_2139317-2139517,chr3L_2073248-2073448,chr3L_2139317-2139517,41.1,155.0,needle,10,0.5,0.057973721,0.013740335,0.017994265,0.029902774,chr3L_2073248-2073448__chr3L_2139317-2139517,
enhancer_hit,enhancer_hit,/Users/jillianness/Desktop/SEbirthanalysis1024/new_LASTZ_analysis/enhancer_extraction/enhancer_pairs/FBgn0003889_sm/chr3R_9393661-9394054__chr3R_9417532-9417927,chr3R_9393661-9394054,chr3R_9417532-9417927,41.0,286.0,needle,10,0.5,0.1105981649595471,0.037797775,0.046816284,0.065070741,chr3R_9393661-9394054__chr3R_9417532-9417927,
neither,neither,/Users/jillianness/Desktop/SEbirthanalysis1024/new_LASTZ_analysis/enhancer_extraction/enhancer_pairs/FBgn0000575_meso/chr3L_723323-723674__chr3L_726645-726923,chr3L_723323-723674,chr3L_726645-726923,41.0,235.5,needle,10,0.5,0.077280277,0.014558973,0.025359432,0.039066227,chr3L_723323-723674__chr3L_726645-726923,
neither,neither,/Users/jillianness/Desktop/SEbirthanalysis1024/new_LASTZ_analysis/enhancer_extraction/enhancer_pairs/FBgn0033504_vm/chr2R_9900668-9901086__chr2R_9911877-9912145,chr2R_9900668-9901086,chr2R_9911877-9912145,41.0,237.5,needle,10,0.5,0.048316971,-0.020532678,-0.021146988,0.002212435,chr2R_9900668-9901086__chr2R_9911877-9912145,
neither,neither,/Users/jillianness/Desktop/SEbirthanalysis1024/new_LASTZ_analysis/enhancer_extraction/enhancer_pairs/FBgn0010235_Spearman/chr3L_12658389-12658612__chr3L_12678456-12678703,chr3L_12658389-12658612,chr3L_12678456-12678703,41.0,187.0,needle,10,0.5,0.058110079,0.021547169,0.027807214,0.035821487,chr3L_12658389-12658612__chr3L_12678456-12678703,
neither,neither,/Users/jillianness/Desktop/SEbirthanalysis1024/new_LASTZ_analysis/enhancer_extraction/enhancer_pairs/prd/chr2L_12080941-12081738__chr2L_12082256-12083149,chr2L_12080941-12081738,chr2L_12082256-12083149,41.0,678.0,needle,10,0.5,0.1691829523733499,0.0183063,0.015893101,0.067794118,chr2L_12080941-12081738__chr2L_12082256-12083149,
neither,neither,/Users/jillianness/Desktop/SEbirthanalysis1024/new_LASTZ_analysis/enhancer_extraction/enhancer_pairs/FBgn0000014_vm/chr3R_16737098-16737410__chr3R_16841943-16842333,chr3R_16737098-16737410,chr3R_16841943-16842333,40.9,306.0,needle,10,0.5,0.073135474,-0.0024191,-0.006168626,0.021515916,chr3R_16737098-16737410__chr3R_16841943-16842333,
neither,neither,/Users/jillianness/Desktop/SEbirthanalysis1024/new_LASTZ_analysis/enhancer_extraction/enhancer_pairs/FBgn0031505_vm_sm/chr2L_3095049-3095273__chr2L_3101225-3101432,chr2L_3095049-3095273,chr2L_3101225-3101432,40.9,185.5,needle,10,0.5,0.085677733,0.045536103,0.044655906,0.058623247,chr2L_3095049-3095273__chr2L_3101225-3101432,
neither,neither,/Users/jillianness/Desktop/SEbirthanalysis1024/new_LASTZ_analysis/enhancer_extraction/enhancer_pairs/DI/chr3R_19340454-19341279__chr3R_19341536-19342363,chr3R_19340454-19341279,chr3R_19341536-19342363,40.9,716.5,needle,10,0.5,0.1978267339533933,0.059282023,0.033338935,0.096815897,chr3R_19340454-19341279__chr3R_19341536-19342363,
neither,neither,/Users/jillianness/Desktop/SEbirthanalysis1024/new_LASTZ_analysis/enhancer_extraction/enhancer_pairs/FBgn0033638_sm/chr2R_11254848-11255163__chr2R_11280746-11281085,chr2R_11254848-11255163,chr2R_11280746-11281085,40.9,260.5,needle,10,0.5,0.082052361,0.018434215,0.018653954,0.03971351,chr2R_11254848-11255163__chr2R_11280746-11281085,
neither,neither,/Users/jillianness/Desktop/SEbirthanalysis1024/new_LASTZ_analysis/enhancer_extraction/enhancer_pairs/FBgn0037561_Spearman/chr3R_8275099-8275299__chr3R_8285979-8286212,chr3R_8275099-8275299,chr3R_8285979-8286212,40.9,169.5,needle,10,0.5,0.065944419,0.019138395,0.010269903,0.031784239,chr3R_8275099-8275299__chr3R_8285979-8286212,
neither,neither,/Users/jillianness/Desktop/SEbirthanalysis1024/new_LASTZ_analysis/enhancer_extraction/enhancer_pairs/FBgn0000463_Spearman/chr3R_19343351-19343609__chr3R_19343988-19344362,chr3R_19343351-19343609,chr3R_19343988-19344362,40.9,249.0,needle,10,0.5,0.1276984835083435,0.068839159,0.050490173,0.082342605,chr3R_19343351-19343609__chr3R_19343988-19344362,
neither,neither,/Users/jillianness/Desktop/SEbirthanalysis1024/new_LASTZ_analysis/enhancer_extraction/enhancer_pairs/FBgn0003002_Spearman/chr3R_4835379-4835784__chr3R_4852430-4852762,chr3R_4835379-4835784,chr3R_4852430-4852762,40.8,299.0,needle,10,0.5,0.1099905763528942,0.036424165,0.037165512,0.061193418,chr3R_4835379-4835784__chr3R_4852430-4852762,
neither,neither,/Users/jillianness/Desktop/SEbirthanalysis1024/new_LASTZ_analysis/enhancer_extraction/enhancer_pairs/FBgn0002733_Spearman/chr3R_26010258-26010647__chr3R_26017398-26017815,chr3R_26010258-26010647,chr3R_26017398-26017815,40.8,304.5,needle,10,0.5,0.094629127,0.012611173,0.010303528,0.039181276,chr3R_26010258-26010647__chr3R_26017398-26017815,
neither,neither,/Users/jillianness/Desktop/SEbirthanalysis1024/new_LASTZ_analysis/enhancer_extraction/enhancer_pairs/dan/chr3R_25172238-25174205__chr3R_25182580-25184791,chr3R_25172238-25174205,chr3R_25182580-25184791,40.8,1687.5,needle,10,0.5,0.3572452103006797,0.1104942747224238,0.1023029427639301,0.1900141425956778,chr3R_25172238-25174205__chr3R_25182580-25184791,
neither,neither,/Users/jillianness/Desktop/SEbirthanalysis1024/new_LASTZ_analysis/enhancer_extraction/enhancer_pairs/FBgn0035656_Spearman/chr3L_5973866-5974081__chr3L_5977448-5977703,chr3L_5973866-5974081,chr3L_5977448-5977703,40.8,188.0,needle,10,0.5,0.090008712,0.041953428,0.030450667,0.054137602,chr3L_5973866-5974081__chr3L_5977448-5977703,
neither,neither,/Users/jillianness/Desktop/SEbirthanalysis1024/new_LASTZ_analysis/enhancer_extraction/enhancer_pairs/FBgn0014877_Spearman/chr2R_13190587-13190787__chr2R_13197479-13197679,chr2R_13190587-13190787,chr2R_13197479-13197679,40.8,150.0,needle,10,0.5,0.032956963,-0.011243676,-0.008237743,0.004491848,chr2R_13190587-13190787__chr2R_13197479-13197679,
neither,neither,/Users/jillianness/Desktop/SEbirthanalysis1024/new_LASTZ_analysis/enhancer_extraction/enhancer_pairs/FBgn0000463_sm/chr3R_19300935-19301225__chr3R_19350401-19350687,chr3R_19300935-19301225,chr3R_19350401-19350687,40.8,201.5,needle,10,0.5,0.075714098,0.029401334,0.008065399,0.037726944,chr3R_19300935-19301225__chr3R_19350401-19350687,
neither,neither,/Users/jillianness/Desktop/SEbirthanalysis1024/new_LASTZ_analysis/enhancer_extraction/enhancer_pairs/FBgn0026761_sm/chr2R_6148201-6148543__chr2R_6148968-6149343,chr2R_6148201-6148543,chr2R_6148968-6149343,40.8,245.5,needle,10,0.5,0.1019273371478304,0.030287363,0.029400473,0.053871724,chr2R_6148201-6148543__chr2R_6148968-6149343,
neither,neither,/Users/jillianness/Desktop/SEbirthanalysis1024/new_LASTZ_analysis/enhancer_extraction/enhancer_pairs/FBgn0016041_sm/chrX_7650029-7650229__chrX_7660283-7660576,chrX_7650029-7650229,chrX_7660283-7660576,40.7,192.0,needle,10,0.5,0.062478047,0.012742358,0.010570181,0.028596862,chrX_7650029-7650229__chrX_7660283-7660576,
neither,neither,/Users/jillianness/Desktop/SEbirthanalysis1024/new_LASTZ_analysis/enhancer_extraction/enhancer_pairs/FBgn0037835_vm_sm/chr3R_10792254-10792567__chr3R_10793522-10793813,chr3R_10792254-10792567,chr3R_10793522-10793813,40.7,239.0,needle,10,0.5,0.1015540062999443,0.043534483,0.061513358,0.068867282,chr3R_10792254-10792567__chr3R_10793522-10793813,
neither,neither,/Users/jillianness/Desktop/SEbirthanalysis1024/new_LASTZ_analysis/enhancer_extraction/enhancer_pairs/FBgn0004895_vm/chr3L_3997727-3997967__chr3L_4000780-4001108,chr3L_3997727-3997967,chr3L_4000780-4001108,40.7,234.0,needle,10,0.5,0.1205077628416511,0.072375403,0.086693469,0.093192212,chr3L_3997727-3997967__chr3L_4000780-4001108,
neither,neither,/Users/jillianness/Desktop/SEbirthanalysis1024/new_LASTZ_analysis/enhancer_extraction/enhancer_pairs/tup/chr2L_18874978-18876337__chr2L_18894563-18895695,chr2L_18874978-18876337,chr2L_18894563-18895695,40.7,955.0,needle,10,0.5,0.2579281542030529,0.056490536,0.037326476,0.1172483887063598,chr2L_18874978-18876337__chr2L_18894563-18895695,
neither,neither,/Users/jillianness/Desktop/SEbirthanalysis1024/new_LASTZ_analysis/enhancer_extraction/enhancer_pairs/tup/chr2L_18874725-18874929__chr2L_18894031-18894287,chr2L_18874725-18874929,chr2L_18894031-18894287,40.7,153.5,needle,10,0.5,0.020160471,-0.030510204,-0.030156079,-0.013501937,chr2L_18874725-18874929__chr2L_18894031-18894287,
neither,neither,/Users/jillianness/Desktop/SEbirthanalysis1024/new_LASTZ_analysis/enhancer_extraction/enhancer_pairs/FBgn0000463_Spearman/chr3R_19340770-19340970__chr3R_19343351-19343609,chr3R_19340770-19340970,chr3R_19343351-19343609,40.7,193.0,needle,10,0.5,0.1245265286487428,0.082903326,0.070988762,0.092806206,chr3R_19340770-19340970__chr3R_19343351-19343609,
neither,neither,/Users/jillianness/Desktop/SEbirthanalysis1024/new_LASTZ_analysis/enhancer_extraction/enhancer_pairs/FBgn0021768_sm/chr3L_16754916-16755182__chr3L_16776828-16777028,chr3L_16754916-16755182,chr3L_16776828-16777028,40.6,145.5,needle,10,0.5,0.040273591,-0.005472159,-0.00687446,0.009308991,chr3L_16754916-16755182__chr3L_16776828-16777028,
neither,neither,/Users/jillianness/Desktop/SEbirthanalysis1024/new_LASTZ_analysis/enhancer_extraction/enhancer_pairs/FBgn0003721_vm_sm/chr3R_15282470-15282698__chr3R_15289850-15290050,chr3R_15282470-15282698,chr3R_15289850-15290050,40.6,183.5,needle,10,0.5,0.065179822,0.019970262,0.018520997,0.034557027,chr3R_15282470-15282698__chr3R_15289850-15290050,
neither,neither,/Users/jillianness/Desktop/SEbirthanalysis1024/new_LASTZ_analysis/enhancer_extraction/enhancer_pairs/FBgn0033504_vm/chr2R_9936639-9936952__chr2R_9938636-9938836,chr2R_9936639-9936952,chr2R_9938636-9938836,40.6,233.5,needle,10,0.5,0.1339373931502031,0.0869554,0.0694263,0.096773031,chr2R_9936639-9936952__chr2R_9938636-9938836,
neither,neither,/Users/jillianness/Desktop/SEbirthanalysis1024/new_LASTZ_analysis/enhancer_extraction/enhancer_pairs/FBgn0000014_Spearman/chr3R_16802761-16803112__chr3R_16857769-16858049,chr3R_16802761-16803112,chr3R_16857769-16858049,40.6,266.5,needle,10,0.5,0.1009111965492937,0.041838618,0.052929582,0.065226466,chr3R_16802761-16803112__chr3R_16857769-16858049,
neither,neither,/Users/jillianness/Desktop/SEbirthanalysis1024/new_LASTZ_analysis/enhancer_extraction/enhancer_pairs/FBgn0003118_Spearman/chr3R_23300278-23300772__chr3R_23343757-23344225,chr3R_23300278-23300772,chr3R_23343757-23344225,40.6,293.5,needle,10,0.5,0.089802953,0.007710135,0.020406589,0.039306559,chr3R_23300278-23300772__chr3R_23343757-23344225,
neither,neither,/Users/jillianness/Desktop/SEbirthanalysis1024/new_LASTZ_analysis/enhancer_extraction/enhancer_pairs/gt/chrX_2431852-2432159__chrX_2437107-2437533,chrX_2431852-2432159,chrX_2437107-2437533,40.5,280.0,needle,10,0.5,0.113847688,0.043464796,0.055738157,0.07101688,chrX_2431852-2432159__chrX_2437107-2437533,
neither,neither,/Users/jillianness/Desktop/SEbirthanalysis1024/new_LASTZ_analysis/enhancer_extraction/enhancer_pairs/FBgn0004169_vm_sm/chrX_13540438-13540671__chrX_13541354-13541663,chrX_13540438-13540671,chrX_13541354-13541663,40.5,209.0,needle,10,0.5,0.1249729571855001,0.07343278,0.07551978,0.091308506,chrX_13540438-13540671__chrX_13541354-13541663,
neither,neither,/Users/jillianness/Desktop/SEbirthanalysis1024/new_LASTZ_analysis/enhancer_extraction/enhancer_pairs/FBgn0005631_sm/chr2R_22308973-22309246__chr2R_22320703-22320999,chr2R_22308973-22309246,chr2R_22320703-22320999,40.5,222.5,needle,10,0.5,0.06644106,0.006598743,0.009366362,0.027468722,chr2R_22308973-22309246__chr2R_22320703-22320999,
neither,neither,/Users/jillianness/Desktop/SEbirthanalysis1024/new_LASTZ_analysis/enhancer_extraction/enhancer_pairs/FBgn0052528_Spearman/chrX_19713966-19714243__chrX_19717880-19718080,chrX_19713966-19714243,chrX_19717880-19718080,40.5,209.5,needle,10,0.5,0.1078952009818593,0.061098224,0.055958794,0.074984073,chrX_19713966-19714243__chrX_19717880-19718080,
neither,neither,/Users/jillianness/Desktop/SEbirthanalysis1024/new_LASTZ_analysis/enhancer_extraction/enhancer_pairs/FBgn0000463_Spearman/chr3R_19287679-19287954__chr3R_19329924-19330208,chr3R_19287679-19287954,chr3R_19329924-19330208,40.5,194.5,needle,10,0.5,0.066381999,0.011529141,0.008707535,0.028872892,chr3R_19287679-19287954__chr3R_19329924-19330208,
neither,neither,/Users/jillianness/Desktop/SEbirthanalysis1024/new_LASTZ_analysis/enhancer_extraction/enhancer_pairs/FBgn0021767_sm/chrX_8371202-8371498__chrX_8394680-8394949,chrX_8371202-8371498,chrX_8394680-8394949,40.4,239.5,needle,10,0.5,0.1176613881943008,0.076061449,0.059749633,0.084490823,chrX_8371202-8371498__chrX_8394680-8394949,
neither,neither,/Users/jillianness/Desktop/SEbirthanalysis1024/new_LASTZ_analysis/enhancer_extraction/enhancer_pairs/FBgn0010341_Spearman/chrX_19653071-19653752__chrX_19656920-19657594,chrX_19653071-19653752,chrX_19656920-19657594,40.4,569.0,needle,10,0.5,0.1666799880995412,0.037376504,0.044932789,0.082996427,chrX_19653071-19653752__chrX_19656920-19657594,
neither,neither,/Users/jillianness/Desktop/SEbirthanalysis1024/new_LASTZ_analysis/enhancer_extraction/enhancer_pairs/FBgn0037635_vm/chr3R_8801188-8801499__chr3R_8846388-8846652,chr3R_8801188-8801499,chr3R_8846388-8846652,40.4,234.5,needle,10,0.5,0.078350082,0.029338103,0.039936744,0.04920831,chr3R_8801188-8801499__chr3R_8846388-8846652,
neither,neither,/Users/jillianness/Desktop/SEbirthanalysis1024/new_LASTZ_analysis/enhancer_extraction/enhancer_pairs/FBgn0013718_sm/chr3L_14195647-14195954__chr3L_14244211-14244471,chr3L_14195647-14195954,chr3L_14244211-14244471,40.4,189.5,needle,10,0.5,0.076421517,0.020104185,0.028402597,0.041642766,chr3L_14195647-14195954__chr3L_14244211-14244471,
neither,neither,/Users/jillianness/Desktop/SEbirthanalysis1024/new_LASTZ_analysis/enhancer_extraction/enhancer_pairs/FBgn0000463_Spearman/chr3R_19339027-19339227__chr3R_19340770-19340970,chr3R_19339027-19339227,chr3R_19340770-19340970,40.4,150.5,needle,10,0.5,0.043749957,0.0032679,0.010482643,0.019166834,chr3R_19339027-19339227__chr3R_19340770-19340970,
enhancer_hit,enhancer_hit,/Users/jillianness/Desktop/SEbirthanalysis1024/new_LASTZ_analysis/enhancer_extraction/enhancer_pairs/FBgn0020647_vm/chr3R_24021882-24022138__chr3R_24032072-24032273,chr3R_24021882-24022138,chr3R_24032072-24032273,40.3,176.5,needle,10,0.5,0.1339472816394578,0.089594277,0.07260065,0.098714069,chr3R_24021882-24022138__chr3R_24032072-24032273,
neither,neither,/Users/jillianness/Desktop/SEbirthanalysis1024/new_LASTZ_analysis/enhancer_extraction/enhancer_pairs/FBgn0013750_sm/chr2R_14935843-14936180__chr2R_14936533-14936887,chr2R_14935843-14936180,chr2R_14936533-14936887,40.3,273.0,needle,10,0.5,0.1152445280244928,0.046144669,0.043205215,0.068198137,chr2R_14935843-14936180__chr2R_14936533-14936887,
neither,neither,/Users/jillianness/Desktop/SEbirthanalysis1024/new_LASTZ_analysis/enhancer_extraction/enhancer_pairs/FBgn0003721_vm_sm/chr3R_15286228-15286550__chr3R_15311608-15312057,chr3R_15286228-15286550,chr3R_15311608-15312057,40.3,320.5,needle,10,0.5,0.1611641142871661,0.099704551,0.071253387,0.1107073505991422,chr3R_15286228-15286550__chr3R_15311608-15312057,
neither,neither,/Users/jillianness/Desktop/SEbirthanalysis1024/new_LASTZ_analysis/enhancer_extraction/enhancer_pairs/FBgn0035656_Spearman/chr3L_5961714-5961914__chr3L_5975471-5975750,chr3L_5961714-5961914,chr3L_5975471-5975750,40.3,173.5,needle,10,0.5,0.065428184,0.016038722,0.017179073,0.032881993,chr3L_5961714-5961914__chr3L_5975471-5975750,
neither,neither,/Users/jillianness/Desktop/SEbirthanalysis1024/new_LASTZ_analysis/enhancer_extraction/enhancer_pairs/FBgn0035656_Spearman/chr3L_5963004-5963247__chr3L_5973866-5974081,chr3L_5963004-5963247,chr3L_5973866-5974081,40.3,195.0,needle,10,0.5,0.086815411,0.038303138,0.047642887,0.057587145,chr3L_5963004-5963247__chr3L_5973866-5974081,
neither,neither,/Users/jillianness/Desktop/SEbirthanalysis1024/new_LASTZ_analysis/enhancer_extraction/enhancer_pairs/FBgn0010379_sm/chr3R_16072483-16072683__chr3R_16091648-16091848,chr3R_16072483-16072683,chr3R_16091648-16091848,40.3,166.5,needle,10,0.5,0.1093363881815006,0.085869331,0.039715336,0.078307018,chr3R_16072483-16072683__chr3R_16091648-16091848,
neither,neither,/Users/jillianness/Desktop/SEbirthanalysis1024/new_LASTZ_analysis/enhancer_extraction/enhancer_pairs/FBgn0003002_vm/chr3R_4875269-4875597__chr3R_4878667-4879056,chr3R_4875269-4875597,chr3R_4878667-4879056,40.3,271.5,needle,10,0.5,0.100739993,0.030314576,0.035579522,0.055544697,chr3R_4875269-4875597__chr3R_4878667-4879056,
neither,neither,/Users/jillianness/Desktop/SEbirthanalysis1024/new_LASTZ_analysis/enhancer_extraction/enhancer_pairs/FBgn0000479_sm/chrX_3036092-3036292__chrX_3256916-3257157,chrX_3036092-3036292,chrX_3256916-3257157,40.3,238.0,needle,10,0.5,0.1351119742618565,0.095915419,0.087110672,0.1060460217047389,chrX_3036092-3036292__chrX_3256916-3257157,
neither,neither,/Users/jillianness/Desktop/SEbirthanalysis1024/new_LASTZ_analysis/enhancer_extraction/enhancer_pairs/FBgn0027339_sm/chr3L_22728933-22729192__chr3L_22788539-22788804,chr3L_22728933-22729192,chr3L_22788539-22788804,40.3,235.0,needle,10,0.5,0.047794118,-0.012205491,-0.009562634,0.008675331,chr3L_22728933-22729192__chr3L_22788539-22788804,
neither,neither,/Users/jillianness/Desktop/SEbirthanalysis1024/new_LASTZ_analysis/enhancer_extraction/enhancer_pairs/FBgn0023095_sm/chr3L_13231729-13231956__chr3L_13270814-13271136,chr3L_13231729-13231956,chr3L_13270814-13271136,40.2,251.5,needle,10,0.5,0.1011366767508018,0.047807553,0.048519983,0.065821404,chr3L_13231729-13231956__chr3L_13270814-13271136,
neither,neither,/Users/jillianness/Desktop/SEbirthanalysis1024/new_LASTZ_analysis/enhancer_extraction/enhancer_pairs/FBgn0033638_sm/chr2R_11254848-11255163__chr2R_11260888-11261343,chr2R_11254848-11255163,chr2R_11260888-11261343,40.2,302.0,needle,10,0.5,0.1942611911844508,0.145083877,0.040639926,0.1266616645091153,chr2R_11254848-11255163__chr2R_11260888-11261343,
neither,neither,/Users/jillianness/Desktop/SEbirthanalysis1024/new_LASTZ_analysis/enhancer_extraction/enhancer_pairs/esg/chr2L_15322444-15322772__chr2L_15323946-15324408,chr2L_15322444-15322772,chr2L_15323946-15324408,40.2,285.5,needle,10,0.5,0.1160956296122574,0.048720177,0.065741461,0.076852422,chr2L_15322444-15322772__chr2L_15323946-15324408,
neither,neither,/Users/jillianness/Desktop/SEbirthanalysis1024/new_LASTZ_analysis/enhancer_extraction/enhancer_pairs/FBgn0036460_Spearman/chr3L_14936376-14936760__chr3L_14938074-14938558,chr3L_14936376-14936760,chr3L_14938074-14938558,40.2,300.0,needle,10,0.5,0.1081704101854307,0.024678137,0.023302503,0.05205035,chr3L_14936376-14936760__chr3L_14938074-14938558,
neither,neither,/Users/jillianness/Desktop/SEbirthanalysis1024/new_LASTZ_analysis/enhancer_extraction/enhancer_pairs/FBgn0000463_Spearman/chr3R_19317230-19317464__chr3R_19339027-19339227,chr3R_19317230-19317464,chr3R_19339027-19339227,40.2,172.5,needle,10,0.5,0.046614773,0.000435019,-0.003743795,0.014435332,chr3R_19317230-19317464__chr3R_19339027-19339227,
Flank,Flank,/Users/jillianness/Desktop/SEbirthanalysis1024/new_LASTZ_analysis/enhancer_extraction/enhancer_pairs/FBgn0035379_sm/chr3L_2836046-2836310__chr3L_2902176-2902376,chr3L_2836046-2836310,chr3L_2902176-2902376,40.1,164.0,needle,10,0.5,0.1050710929712138,0.059971959,0.065532404,0.076858485,chr3L_2836046-2836310__chr3L_2902176-2902376,
neither,neither,/Users/jillianness/Desktop/SEbirthanalysis1024/new_LASTZ_analysis/enhancer_extraction/enhancer_pairs/FBgn0000014_vm/chr3R_16814262-16814590__chr3R_16841943-16842333,chr3R_16814262-16814590,chr3R_16841943-16842333,40.1,279.0,needle,10,0.5,0.1271241663347535,0.057159316,0.030494142,0.071592542,chr3R_16814262-16814590__chr3R_16841943-16842333,
neither,neither,/Users/jillianness/Desktop/SEbirthanalysis1024/new_LASTZ_analysis/enhancer_extraction/enhancer_pairs/FBgn0035656_Spearman/chr3L_5969720-5970091__chr3L_5974676-5975048,chr3L_5969720-5970091,chr3L_5974676-5975048,40.1,274.0,needle,10,0.5,0.063536796,-0.00635915,0.004951248,0.020709631,chr3L_5969720-5970091__chr3L_5974676-5975048,
neither,neither,/Users/jillianness/Desktop/SEbirthanalysis1024/new_LASTZ_analysis/enhancer_extraction/enhancer_pairs/FBgn0002772_vm_sm/chr3R_27636779-27637140__chr3R_27660249-27660711,chr3R_27636779-27637140,chr3R_27660249-27660711,40.1,288.5,needle,10,0.5,0.1410246616094959,0.067473891,0.059628918,0.089375823,chr3R_27636779-27637140__chr3R_27660249-27660711,
neither,neither,/Users/jillianness/Desktop/SEbirthanalysis1024/new_LASTZ_analysis/enhancer_extraction/enhancer_pairs/FBgn0045759_vm/chr3L_6959693-6959979__chr3L_6968332-6968548,chr3L_6959693-6959979,chr3L_6968332-6968548,40.1,171.5,needle,10,0.5,0.076136447,0.024978957,0.028669711,0.043261705,chr3L_6959693-6959979__chr3L_6968332-6968548,
enhancer_hit,enhancer_hit,/Users/jillianness/Desktop/SEbirthanalysis1024/new_LASTZ_analysis/enhancer_extraction/enhancer_pairs/FBgn0038056_sm/chr3R_12467679-12468072__chr3R_12505525-12505897,chr3R_12467679-12468072,chr3R_12505525-12505897,40.0,330.0,needle,10,0.5,0.1907268015966845,0.1285993256968981,0.1459567109070586,0.1550942794002137,chr3R_12467679-12468072__chr3R_12505525-12505897,
neither,neither,/Users/jillianness/Desktop/SEbirthanalysis1024/new_LASTZ_analysis/enhancer_extraction/enhancer_pairs/FBgn0030794_vm/chrX_16751072-16751473__chrX_16773523-16773913,chrX_16751072-16751473,chrX_16773523-16773913,40.0,301.5,needle,10,0.5,0.1555878384605604,0.097516394,0.077015213,0.1100398150249893,chrX_16751072-16751473__chrX_16773523-16773913,
neither,neither,/Users/jillianness/Desktop/SEbirthanalysis1024/new_LASTZ_analysis/enhancer_extraction/enhancer_pairs/gt/chrX_2434977-2435401__chrX_2437107-2437533,chrX_2434977-2435401,chrX_2437107-2437533,40.0,338.5,needle,10,0.5,0.1165268239814918,0.035890234,0.035814037,0.062743698,chrX_2434977-2435401__chrX_2437107-2437533,
neither,neither,/Users/jillianness/Desktop/SEbirthanalysis1024/new_LASTZ_analysis/enhancer_extraction/enhancer_pairs/FBgn0016041_sm/chrX_7650029-7650229__chrX_7654331-7654569,chrX_7650029-7650229,chrX_7654331-7654569,40.0,181.5,needle,10,0.5,0.1373129907178481,0.095593874,0.075580343,0.1028290692759256,chrX_7650029-7650229__chrX_7654331-7654569,
neither,neither,/Users/jillianness/Desktop/SEbirthanalysis1024/new_LASTZ_analysis/enhancer_extraction/enhancer_pairs/FBgn0000479_sm/chrX_3035626-3035842__chrX_3331542-3331742,chrX_3035626-3035842,chrX_3331542-3331742,40.0,201.5,needle,10,0.5,0.103463655,0.071301989,0.078672355,0.084479333,chrX_3035626-3035842__chrX_3331542-3331742,
neither,neither,/Users/jillianness/Desktop/SEbirthanalysis1024/new_LASTZ_analysis/enhancer_extraction/enhancer_pairs/FBgn0039039_vm/chr3R_23026747-23027256__chr3R_23029409-23029889,chr3R_23026747-23027256,chr3R_23029409-23029889,40.0,346.0,needle,10,0.5,0.1494247,0.060211782,0.06384765,0.091161377,chr3R_23026747-23027256__chr3R_23029409-23029889,
neither,neither,/Users/jillianness/Desktop/SEbirthanalysis1024/new_LASTZ_analysis/enhancer_extraction/enhancer_pairs/prd/chr2L_12082256-12083149__chr2L_12089073-12089963,chr2L_12082256-12083149,chr2L_12089073-12089963,40.0,694.5,needle,10,0.5,0.2134562757585875,0.056355576,0.048609121,0.1061403240347737,chr2L_12082256-12083149__chr2L_12089073-12089963,
neither,neither,/Users/jillianness/Desktop/SEbirthanalysis1024/new_LASTZ_analysis/enhancer_extraction/enhancer_pairs/FBgn0027084_Spearman/chrX_9651073-9651377__chrX_9680427-9680627,chrX_9651073-9651377,chrX_9680427-9680627,40.0,193.0,needle,10,0.5,0.04635228,-0.000815249,0.00261479,0.016050607,chrX_9651073-9651377__chrX_9680427-9680627,
neither,neither,/Users/jillianness/Desktop/SEbirthanalysis1024/new_LASTZ_analysis/enhancer_extraction/enhancer_pairs/FBgn0028369_Spearman/chrX_3103691-3103945__chrX_3124946-3125240,chrX_3103691-3103945,chrX_3124946-3125240,40.0,265.5,needle,10,0.5,0.089932805,0.049337368,0.074241788,0.071170654,chrX_3103691-3103945__chrX_3124946-3125240,
neither,neither,/Users/jillianness/Desktop/SEbirthanalysis1024/new_LASTZ_analysis/enhancer_extraction/enhancer_pairs/FBgn0026761_sm/chr2R_6148968-6149343__chr2R_6223828-6224166,chr2R_6148968-6149343,chr2R_6223828-6224166,40.0,260.5,needle,10,0.5,0.1161881454303279,0.048311125,0.048013987,0.070837752,chr2R_6148968-6149343__chr2R_6223828-6224166,
enhancer_hit,enhancer_hit,/Users/jillianness/Desktop/SEbirthanalysis1024/new_LASTZ_analysis/enhancer_extraction/enhancer_pairs/FBgn0038056_sm/chr3R_12467679-12468072__chr3R_12502172-12502620,chr3R_12467679-12468072,chr3R_12502172-12502620,39.9,351.5,needle,10,0.5,0.2042301344104692,0.1389507002612565,0.1412209605518545,0.1614672650745267,chr3R_12467679-12468072__chr3R_12502172-12502620,
enhancer_hit,enhancer_hit,/Users/jillianness/Desktop/SEbirthanalysis1024/new_LASTZ_analysis/enhancer_extraction/enhancer_pairs/FBgn0016794_vm/chr3L_2562100-2562492__chr3L_2566292-2566652,chr3L_2562100-2562492,chr3L_2566292-2566652,39.9,365.0,needle,10,0.5,0.2271357764088003,0.1848389532642542,0.078000062,0.1633249306326533,chr3L_2562100-2562492__chr3L_2566292-2566652,
neither,neither,/Users/jillianness/Desktop/SEbirthanalysis1024/new_LASTZ_analysis/enhancer_extraction/enhancer_pairs/FBgn0004858_Spearman/chr2L_14431426-14431854__chr2L_14443791-14444179,chr2L_14431426-14431854,chr2L_14443791-14444179,39.9,280.0,needle,10,0.5,0.1016549044930384,0.029414764,0.029291787,0.053453818,chr2L_14431426-14431854__chr2L_14443791-14444179,
neither,neither,/Users/jillianness/Desktop/SEbirthanalysis1024/new_LASTZ_analysis/enhancer_extraction/enhancer_pairs/gt/chrX_2429927-2430850__chrX_2438227-2439238,chrX_2429927-2430850,chrX_2438227-2439238,39.9,779.5,needle,10,0.5,0.2193716645330799,0.062124898,0.049733148,0.1104099034371002,chrX_2429927-2430850__chrX_2438227-2439238,
neither,neither,/Users/jillianness/Desktop/SEbirthanalysis1024/new_LASTZ_analysis/enhancer_extraction/enhancer_pairs/FBgn0004028_sm/chrX_18058581-18058805__chrX_18077576-18077881,chrX_18058581-18058805,chrX_18077576-18077881,39.9,148.5,needle,10,0.5,0.047465978,-0.003473701,0.001769138,0.015253805,chrX_18058581-18058805__chrX_18077576-18077881,
neither,neither,/Users/jillianness/Desktop/SEbirthanalysis1024/new_LASTZ_analysis/enhancer_extraction/enhancer_pairs/FBgn0005771_meso/chr2L_14446061-14446392__chr2L_14517261-14517665,chr2L_14446061-14446392,chr2L_14517261-14517665,39.9,333.5,needle,10,0.5,0.1114456630154136,0.04520968,0.037848928,0.064834757,chr2L_14446061-14446392__chr2L_14517261-14517665,
neither,neither,/Users/jillianness/Desktop/SEbirthanalysis1024/new_LASTZ_analysis/enhancer_extraction/enhancer_pairs/FBgn0031895_vm/chr2L_7126464-7126736__chr2L_7157539-7157943,chr2L_7126464-7126736,chr2L_7157539-7157943,39.9,247.5,needle,10,0.5,0.080016503,0.01145353,0.006425799,0.032631944,chr2L_7126464-7126736__chr2L_7157539-7157943,
neither,neither,/Users/jillianness/Desktop/SEbirthanalysis1024/new_LASTZ_analysis/enhancer_extraction/enhancer_pairs/FBgn0001091_vm/chr2R_7378288-7378537__chr2R_7415997-7416241,chr2R_7378288-7378537,chr2R_7415997-7416241,39.9,169.5,needle,10,0.5,0.065845335,0.014520506,0.019530212,0.033298684,chr2R_7378288-7378537__chr2R_7415997-7416241,
neither,neither,/Users/jillianness/Desktop/SEbirthanalysis1024/new_LASTZ_analysis/enhancer_extraction/enhancer_pairs/FBgn0028369_Spearman/chrX_3102934-3103204__chrX_3103482-3103682,chrX_3102934-3103204,chrX_3103482-3103682,39.9,208.5,needle,10,0.5,0.129961265,0.09284682,0.081031849,0.1012799779809729,chrX_3102934-3103204__chrX_3103482-3103682,
neither,neither,/Users/jillianness/Desktop/SEbirthanalysis1024/new_LASTZ_analysis/enhancer_extraction/enhancer_pairs/FBgn0016797_vm/chr3L_19135570-19135853__chr3L_19159338-19159712,chr3L_19135570-19135853,chr3L_19159338-19159712,39.9,241.5,needle,10,0.5,0.058766858,-0.005583128,-0.002593966,0.016863255,chr3L_19135570-19135853__chr3L_19159338-19159712,
neither,neither,/Users/jillianness/Desktop/SEbirthanalysis1024/new_LASTZ_analysis/enhancer_extraction/enhancer_pairs/Abd-B/chr3R_16901949-16902502__chr3R_16921371-16921858,chr3R_16901949-16902502,chr3R_16921371-16921858,39.8,398.5,needle,10,0.5,0.1343465299739044,0.034798581,0.03038821,0.066511107,chr3R_16901949-16902502__chr3R_16921371-16921858,
neither,neither,/Users/jillianness/Desktop/SEbirthanalysis1024/new_LASTZ_analysis/enhancer_extraction/enhancer_pairs/FBgn0016930_vm/chr2L_14238009-14238297__chr2L_14267350-14267653,chr2L_14238009-14238297,chr2L_14267350-14267653,39.8,272.0,needle,10,0.5,0.1146563012473816,0.057612974,0.0438524,0.072040559,chr2L_14238009-14238297__chr2L_14267350-14267653,
neither,neither,/Users/jillianness/Desktop/SEbirthanalysis1024/new_LASTZ_analysis/enhancer_extraction/enhancer_pairs/FBgn0033581_sm/chr2R_10731714-10732027__chr2R_10732567-10732946,chr2R_10731714-10732027,chr2R_10732567-10732946,39.8,234.0,needle,10,0.5,0.073817242,-0.000350415,0.002408703,0.025291844,chr2R_10731714-10732027__chr2R_10732567-10732946,
neither,neither,/Users/jillianness/Desktop/SEbirthanalysis1024/new_LASTZ_analysis/enhancer_extraction/enhancer_pairs/FBgn0027088_sm/chr3L_15058846-15059046__chr3L_15065782-15065982,chr3L_15058846-15059046,chr3L_15065782-15065982,39.8,166.5,needle,10,0.5,0.068970767,0.032534929,0.046890427,0.049465375,chr3L_15058846-15059046__chr3L_15065782-15065982,
neither,neither,/Users/jillianness/Desktop/SEbirthanalysis1024/new_LASTZ_analysis/enhancer_extraction/enhancer_pairs/FBgn0003997_Spearman/chr3L_18193476-18193931__chr3L_18241081-18241477,chr3L_18193476-18193931,chr3L_18241081-18241477,39.8,357.0,needle,10,0.5,0.1656262724166611,0.09653063,0.098234349,0.1201304170798204,chr3L_18193476-18193931__chr3L_18241081-18241477,
neither,neither,/Users/jillianness/Desktop/SEbirthanalysis1024/new_LASTZ_analysis/enhancer_extraction/enhancer_pairs/FBgn0036133_sm/chr3L_11090638-11090925__chr3L_11099385-11099783,chr3L_11090638-11090925,chr3L_11099385-11099783,39.8,253.5,needle,10,0.5,0.059415207,-0.014745828,-0.009064003,0.011868459,chr3L_11090638-11090925__chr3L_11099385-11099783,
neither,neither,/Users/jillianness/Desktop/SEbirthanalysis1024/new_LASTZ_analysis/enhancer_extraction/enhancer_pairs/FBgn0002773_vm_sm/chr3R_30174222-30174422__chr3R_30175122-30175322,chr3R_30174222-30174422,chr3R_30175122-30175322,39.8,162.0,needle,10,0.5,0.078772112,0.037364578,0.038064302,0.051400331,chr3R_30174222-30174422__chr3R_30175122-30175322,
neither,neither,/Users/jillianness/Desktop/SEbirthanalysis1024/new_LASTZ_analysis/enhancer_extraction/enhancer_pairs/FBgn0000463_Spearman/chr3R_19326610-19326911__chr3R_19343988-19344362,chr3R_19326610-19326911,chr3R_19343988-19344362,39.8,297.5,needle,10,0.5,0.079063294,0.016223895,0.021093466,0.038793552,chr3R_19326610-19326911__chr3R_19343988-19344362,
neither,neither,/Users/jillianness/Desktop/SEbirthanalysis1024/new_LASTZ_analysis/enhancer_extraction/enhancer_pairs/FBgn0000463_Spearman/chr3R_19326610-19326911__chr3R_19332565-19332811,chr3R_19326610-19326911,chr3R_19332565-19332811,39.8,212.5,needle,10,0.5,0.1158265143549587,0.064842025,0.067037915,0.082568818,chr3R_19326610-19326911__chr3R_19332565-19332811,
neither,neither,/Users/jillianness/Desktop/SEbirthanalysis1024/new_LASTZ_analysis/enhancer_extraction/enhancer_pairs/FBgn0260642_sm/chr3R_6854324-6854718__chr3R_6966630-6967006,chr3R_6854324-6854718,chr3R_6966630-6967006,39.7,285.0,needle,10,0.5,0.1495821207814101,0.073267283,0.066123008,0.096324137,chr3R_6854324-6854718__chr3R_6966630-6967006,
neither,neither,/Users/jillianness/Desktop/SEbirthanalysis1024/new_LASTZ_analysis/enhancer_extraction/enhancer_pairs/FBgn0031505_vm_sm/chr2L_3095049-3095273__chr2L_3108267-3108563,chr2L_3095049-3095273,chr2L_3108267-3108563,39.7,261.0,needle,10,0.5,0.1308296948221037,0.086658444,0.069609248,0.095699129,chr2L_3095049-3095273__chr2L_3108267-3108563,
neither,neither,/Users/jillianness/Desktop/SEbirthanalysis1024/new_LASTZ_analysis/enhancer_extraction/enhancer_pairs/FBgn0029830_vm/chrX_5915683-5915953__chrX_5946021-5946311,chrX_5915683-5915953,chrX_5946021-5946311,39.7,221.0,needle,10,0.5,0.049743443,-0.008046667,-0.005621214,0.012025187,chrX_5915683-5915953__chrX_5946021-5946311,
neither,neither,/Users/jillianness/Desktop/SEbirthanalysis1024/new_LASTZ_analysis/enhancer_extraction/enhancer_pairs/SoxN/chr2L_8842046-8842771__chr2L_8846495-8847235,chr2L_8842046-8842771,chr2L_8846495-8847235,39.7,570.0,needle,10,0.5,0.1413266815306887,0.002258037,0.004184691,0.04925647,chr2L_8842046-8842771__chr2L_8846495-8847235,
neither,neither,/Users/jillianness/Desktop/SEbirthanalysis1024/new_LASTZ_analysis/enhancer_extraction/enhancer_pairs/FBgn0003721_vm_sm/chr3R_15286228-15286550__chr3R_15309823-15310090,chr3R_15286228-15286550,chr3R_15309823-15310090,39.7,256.5,needle,10,0.5,0.1324411345474908,0.081030911,0.06412409,0.092532045,chr3R_15286228-15286550__chr3R_15309823-15310090,
neither,neither,/Users/jillianness/Desktop/SEbirthanalysis1024/new_LASTZ_analysis/enhancer_extraction/enhancer_pairs/FBgn0001170_vm/chr2L_6017484-6017937__chr2L_6019719-6020065,chr2L_6017484-6017937,chr2L_6019719-6020065,39.7,348.5,needle,10,0.5,0.087515802,0.014418589,0.023247895,0.041727429,chr2L_6017484-6017937__chr2L_6019719-6020065,
neither,neither,/Users/jillianness/Desktop/SEbirthanalysis1024/new_LASTZ_analysis/enhancer_extraction/enhancer_pairs/FBgn0033581_vm/chr2R_10674070-10674314__chr2R_10724722-10724928,chr2R_10674070-10674314,chr2R_10724722-10724928,39.7,167.5,needle,10,0.5,0.069707016,0.019614744,0.018947253,0.036089671,chr2R_10674070-10674314__chr2R_10724722-10724928,
neither,neither,/Users/jillianness/Desktop/SEbirthanalysis1024/new_LASTZ_analysis/enhancer_extraction/enhancer_pairs/FBgn0261439_vm_sm/chr2R_18999818-19000573__chr2R_19038773-19039303,chr2R_18999818-19000573,chr2R_19038773-19039303,39.7,500.5,needle,10,0.5,0.1487842389896012,0.033639647,0.026634877,0.069686254,chr2R_18999818-19000573__chr2R_19038773-19039303,
Flank,Flank,/Users/jillianness/Desktop/SEbirthanalysis1024/new_LASTZ_analysis/enhancer_extraction/enhancer_pairs/FBgn0004110_vm/chr3R_21393784-21394075__chr3R_21426735-21426998,chr3R_21393784-21394075,chr3R_21426735-21426998,39.6,235.5,needle,10,0.5,0.094173715,0.037898809,0.030176068,0.054082864,chr3R_21393784-21394075__chr3R_21426735-21426998,
Flank,Flank,/Users/jillianness/Desktop/SEbirthanalysis1024/new_LASTZ_analysis/enhancer_extraction/enhancer_pairs/FBgn0001147_sm/chr2R_24627735-24628074__chr2R_24685575-24685932,chr2R_24627735-24628074,chr2R_24685575-24685932,72.2,252.5,needle,10,0.5,0.097943349,0.02588108,0.020147784,0.047990738,chr2R_24627735-24628074__chr2R_24685575-24685932,
Flank,Flank,/Users/jillianness/Desktop/SEbirthanalysis1024/new_LASTZ_analysis/enhancer_extraction/enhancer_pairs/FBgn0032487_Spearman/chr2L_13225382-13225582__chr2L_13229384-13229619,chr2L_13225382-13225582,chr2L_13229384-13229619,39.6,174.5,needle,10,0.5,0.046431278,0.000222589,0.006379839,0.017677902,chr2L_13225382-13225582__chr2L_13229384-13229619,
neither,neither,/Users/jillianness/Desktop/SEbirthanalysis1024/new_LASTZ_analysis/enhancer_extraction/enhancer_pairs/FBgn0002733_Spearman/chr3R_26017398-26017815__chr3R_26018200-26018652,chr3R_26017398-26017815,chr3R_26018200-26018652,39.6,278.0,needle,10,0.5,0.1173325280570048,0.035248493,0.024531247,0.059037423,chr3R_26017398-26017815__chr3R_26018200-26018652,
neither,neither,/Users/jillianness/Desktop/SEbirthanalysis1024/new_LASTZ_analysis/enhancer_extraction/enhancer_pairs/FBgn0031908_sm/chr2L_7401211-7401411__chr2L_7404967-7405167,chr2L_7401211-7401411,chr2L_7404967-7405167,39.6,134.5,needle,10,0.5,0.0535433,0.015916542,0.020441704,0.029967182,chr2L_7401211-7401411__chr2L_7404967-7405167,
neither,neither,/Users/jillianness/Desktop/SEbirthanalysis1024/new_LASTZ_analysis/enhancer_extraction/enhancer_pairs/FBgn0027111_vm/chr3L_254348-254880__chr3L_278317-278724,chr3L_254348-254880,chr3L_278317-278724,39.6,337.0,needle,10,0.5,0.08250757,-0.021284678,-0.021949387,0.013091168,chr3L_254348-254880__chr3L_278317-278724,
neither,neither,/Users/jillianness/Desktop/SEbirthanalysis1024/new_LASTZ_analysis/enhancer_extraction/enhancer_pairs/FBgn0035656_Spearman/chr3L_5956989-5957371__chr3L_5974676-5975048,chr3L_5956989-5957371,chr3L_5974676-5975048,39.6,321.0,needle,10,0.5,0.09126833,0.027475992,0.04149933,0.053414551,chr3L_5956989-5957371__chr3L_5974676-5975048,
neither,neither,/Users/jillianness/Desktop/SEbirthanalysis1024/new_LASTZ_analysis/enhancer_extraction/enhancer_pairs/FBgn0035656_Spearman/chr3L_5974676-5975048__chr3L_5975471-5975750,chr3L_5974676-5975048,chr3L_5975471-5975750,39.6,266.5,needle,10,0.5,0.1275693847220453,0.070495234,0.047579319,0.081881313,chr3L_5974676-5975048__chr3L_5975471-5975750,
neither,neither,/Users/jillianness/Desktop/SEbirthanalysis1024/new_LASTZ_analysis/enhancer_extraction/enhancer_pairs/FBgn0033581_vm/chr2R_10674070-10674314__chr2R_10732567-10732946,chr2R_10674070-10674314,chr2R_10732567-10732946,39.6,243.0,needle,10,0.5,0.059747562,-0.005832355,-0.002390659,0.017174849,chr2R_10674070-10674314__chr2R_10732567-10732946,
neither,neither,/Users/jillianness/Desktop/SEbirthanalysis1024/new_LASTZ_analysis/enhancer_extraction/enhancer_pairs/FBgn0033581_vm/chr2R_10674070-10674314__chr2R_10731714-10732027,chr2R_10674070-10674314,chr2R_10731714-10732027,39.6,223.0,needle,10,0.5,0.082411479,0.022074387,0.025621945,0.043369271,chr2R_10674070-10674314__chr2R_10731714-10732027,
neither,neither,/Users/jillianness/Desktop/SEbirthanalysis1024/new_LASTZ_analysis/enhancer_extraction/enhancer_pairs/FBgn0037816_Spearman/chr3R_10382028-10382228__chr3R_10383102-10383302,chr3R_10382028-10382228,chr3R_10383102-10383302,39.6,160.0,needle,10,0.5,0.062219764,0.021872373,0.016024606,0.033372248,chr3R_10382028-10382228__chr3R_10383102-10383302,
neither,neither,/Users/jillianness/Desktop/SEbirthanalysis1024/new_LASTZ_analysis/enhancer_extraction/enhancer_pairs/FBgn0036460_Spearman/chr3L_14938074-14938558__chr3L_14948136-14948479,chr3L_14938074-14938558,chr3L_14948136-14948479,39.6,340.5,needle,10,0.5,0.1328422328310143,0.057952464,0.0649756,0.085256765,chr3L_14938074-14938558__chr3L_14948136-14948479,
neither,neither,/Users/jillianness/Desktop/SEbirthanalysis1024/new_LASTZ_analysis/enhancer_extraction/enhancer_pairs/FBgn0000635_sm/chrX_4140118-4140318__chrX_4145024-4145343,chrX_4140118-4140318,chrX_4145024-4145343,39.6,205.5,needle,10,0.5,0.061952988,0.022599197,0.040706089,0.041752758,chrX_4140118-4140318__chrX_4145024-4145343,
neither,neither,/Users/jillianness/Desktop/SEbirthanalysis1024/new_LASTZ_analysis/enhancer_extraction/enhancer_pairs/FBgn0016930_vm/chr2L_14211117-14211371__chr2L_14238009-14238297,chr2L_14211117-14211371,chr2L_14238009-14238297,39.5,232.5,needle,10,0.5,0.090644354,0.034905399,0.028986762,0.051512172,chr2L_14211117-14211371__chr2L_14238009-14238297,
neither,neither,/Users/jillianness/Desktop/SEbirthanalysis1024/new_LASTZ_analysis/enhancer_extraction/enhancer_pairs/SoxN/chr2L_8811130-8811511__chr2L_8841314-8841573,chr2L_8811130-8811511,chr2L_8841314-8841573,39.5,223.0,needle,10,0.5,0.045769616,-0.022444079,-0.024111375,-0.000261946,chr2L_8811130-8811511__chr2L_8841314-8841573,
neither,neither,/Users/jillianness/Desktop/SEbirthanalysis1024/new_LASTZ_analysis/enhancer_extraction/enhancer_pairs/SoxN/chr2L_8840416-8841144__chr2L_8846495-8847235,chr2L_8840416-8841144,chr2L_8846495-8847235,39.5,564.5,needle,10,0.5,0.1802138434827587,0.047694429,0.044671943,0.090860072,chr2L_8840416-8841144__chr2L_8846495-8847235,
neither,neither,/Users/jillianness/Desktop/SEbirthanalysis1024/new_LASTZ_analysis/enhancer_extraction/enhancer_pairs/FBgn0035656_Spearman/chr3L_5969720-5970091__chr3L_5973866-5974081,chr3L_5969720-5970091,chr3L_5973866-5974081,39.5,204.0,needle,10,0.5,0.03938005,-0.023686947,-0.024326872,-0.002877923,chr3L_5969720-5970091__chr3L_5973866-5974081,
neither,neither,/Users/jillianness/Desktop/SEbirthanalysis1024/new_LASTZ_analysis/enhancer_extraction/enhancer_pairs/FBgn0026409_sm/chr3L_14523287-14523596__chr3L_14571782-14572050,chr3L_14523287-14523596,chr3L_14571782-14572050,39.5,279.0,needle,10,0.5,0.1728489250548348,0.1227305845274962,0.098942389,0.1315072994785056,chr3L_14523287-14523596__chr3L_14571782-14572050,
neither,neither,/Users/jillianness/Desktop/SEbirthanalysis1024/new_LASTZ_analysis/enhancer_extraction/enhancer_pairs/FBgn0036460_Spearman/chr3L_14928799-14929134__chr3L_14936376-14936760,chr3L_14928799-14929134,chr3L_14936376-14936760,39.5,293.5,needle,10,0.5,0.1414163680936034,0.078301895,0.055821701,0.091846655,chr3L_14928799-14929134__chr3L_14936376-14936760,
neither,neither,/Users/jillianness/Desktop/SEbirthanalysis1024/new_LASTZ_analysis/enhancer_extraction/enhancer_pairs/FBgn0011656_sm/chr2R_9559487-9559979__chr2R_9562047-9562495,chr2R_9559487-9559979,chr2R_9562047-9562495,39.5,391.5,needle,10,0.5,0.1074544447675565,0.009061597,0.005645966,0.040720669,chr2R_9559487-9559979__chr2R_9562047-9562495,
enhancer_hit,enhancer_hit,/Users/jillianness/Desktop/SEbirthanalysis1024/new_LASTZ_analysis/enhancer_extraction/enhancer_pairs/FBgn0003984_vm/chr3L_5811621-5811828__chr3L_5821284-5821579,chr3L_5811621-5811828,chr3L_5821284-5821579,39.4,146.0,needle,10,0.5,0.047245559,-0.004993842,-0.012042303,0.010069804,chr3L_5811621-5811828__chr3L_5821284-5821579,
enhancer_hit,enhancer_hit,/Users/jillianness/Desktop/SEbirthanalysis1024/new_LASTZ_analysis/enhancer_extraction/enhancer_pairs/FBgn0004456_sm/chrX_13128708-13129040__chrX_13214681-13214911,chrX_13128708-13129040,chrX_13214681-13214911,39.4,248.0,needle,10,0.5,0.087632433,0.040466321,0.0330925,0.053730418,chrX_13128708-13129040__chrX_13214681-13214911,
neither,neither,/Users/jillianness/Desktop/SEbirthanalysis1024/new_LASTZ_analysis/enhancer_extraction/enhancer_pairs/FBgn0042650_vm/chrX_16040766-16041067__chrX_16080250-16080450,chrX_16040766-16041067,chrX_16080250-16080450,39.4,178.0,needle,10,0.5,0.043883872,-0.003870413,0.003145442,0.0143863,chrX_16040766-16041067__chrX_16080250-16080450,
neither,neither,/Users/jillianness/Desktop/SEbirthanalysis1024/new_LASTZ_analysis/enhancer_extraction/enhancer_pairs/FBgn0004110_vm/chr3R_21388520-21388798__chr3R_21426735-21426998,chr3R_21388520-21388798,chr3R_21426735-21426998,39.4,181.5,needle,10,0.5,0.070356595,0.013526466,0.011772688,0.03188525,chr3R_21388520-21388798__chr3R_21426735-21426998,
neither,neither,/Users/jillianness/Desktop/SEbirthanalysis1024/new_LASTZ_analysis/enhancer_extraction/enhancer_pairs/SoxN/chr2L_8789123-8789689__chr2L_8840416-8841144,chr2L_8789123-8789689,chr2L_8840416-8841144,39.4,498.0,needle,10,0.5,0.1564443668181842,0.036017063,0.036137571,0.076199667,chr2L_8789123-8789689__chr2L_8840416-8841144,
neither,neither,/Users/jillianness/Desktop/SEbirthanalysis1024/new_LASTZ_analysis/enhancer_extraction/enhancer_pairs/FBgn0038925_vm_sm/chr3R_21965040-21965240__chr3R_22053290-22053582,chr3R_21965040-21965240,chr3R_22053290-22053582,39.4,186.0,needle,10,0.5,0.084399046,0.033784965,0.040479151,0.052887721,chr3R_21965040-21965240__chr3R_22053290-22053582,
neither,neither,/Users/jillianness/Desktop/SEbirthanalysis1024/new_LASTZ_analysis/enhancer_extraction/enhancer_pairs/FBgn0005630_sm/chr2R_10165838-10166245__chr2R_10166703-10167099,chr2R_10165838-10166245,chr2R_10166703-10167099,39.4,352.5,needle,10,0.5,0.1176476644065914,0.038744745,0.030731301,0.06237457,chr2R_10165838-10166245__chr2R_10166703-10167099,
neither,neither,/Users/jillianness/Desktop/SEbirthanalysis1024/new_LASTZ_analysis/enhancer_extraction/enhancer_pairs/FBgn0036460_Spearman/chr3L_14938074-14938558__chr3L_14939995-14940646,chr3L_14938074-14938558,chr3L_14939995-14940646,39.4,415.0,needle,10,0.5,0.1496767023490353,0.046029002,0.054557185,0.083420963,chr3L_14938074-14938558__chr3L_14939995-14940646,
neither,neither,/Users/jillianness/Desktop/SEbirthanalysis1024/new_LASTZ_analysis/enhancer_extraction/enhancer_pairs/FBgn0004167_vm/chr3L_3332328-3333012__chr3L_3384074-3384511,chr3L_3332328-3333012,chr3L_3384074-3384511,39.4,403.0,needle,10,0.5,0.1122402585315866,0.007258436,0.012016703,0.043838466,chr3L_3332328-3333012__chr3L_3384074-3384511,
neither,neither,/Users/jillianness/Desktop/SEbirthanalysis1024/new_LASTZ_analysis/enhancer_extraction/enhancer_pairs/FBgn0029939_Spearman/chrX_7046483-7046845__chrX_7048274-7048583,chrX_7046483-7046845,chrX_7048274-7048583,39.4,282.0,needle,10,0.5,0.098578008,0.032049944,0.048013191,0.059547048,chrX_7046483-7046845__chrX_7048274-7048583,
neither,neither,/Users/jillianness/Desktop/SEbirthanalysis1024/new_LASTZ_analysis/enhancer_extraction/enhancer_pairs/FBgn0032487_Spearman/chr2L_13211918-13212118__chr2L_13225382-13225582,chr2L_13211918-13212118,chr2L_13225382-13225582,39.4,130.5,needle,10,0.5,0.034160976,-0.0116726,-0.020592466,0.00063197,chr2L_13211918-13212118__chr2L_13225382-13225582,
neither,neither,/Users/jillianness/Desktop/SEbirthanalysis1024/new_LASTZ_analysis/enhancer_extraction/enhancer_pairs/FBgn0000635_sm/chrX_4140118-4140318__chrX_4157262-4157462,chrX_4140118-4140318,chrX_4157262-4157462,39.4,188.5,needle,10,0.5,0.1133603238866396,0.078734747,0.081925944,0.091340338,chrX_4140118-4140318__chrX_4157262-4157462,
enhancer_hit,enhancer_hit,/Users/jillianness/Desktop/SEbirthanalysis1024/new_LASTZ_analysis/enhancer_extraction/enhancer_pairs/FBgn0016715_vm/chr3L_575160-575533__chr3L_622169-622652,chr3L_575160-575533,chr3L_622169-622652,39.3,347.5,needle,10,0.5,0.15610327,0.088373839,0.071272297,0.1052498021617446,chr3L_575160-575533__chr3L_622169-622652,
neither,neither,/Users/jillianness/Desktop/SEbirthanalysis1024/new_LASTZ_analysis/enhancer_extraction/enhancer_pairs/FBgn0041096_vm_sm/chr3L_11973666-11973958__chr3L_12047380-12047625,chr3L_11973666-11973958,chr3L_12047380-12047625,39.3,210.5,needle,10,0.5,0.083797038,0.035293617,0.050781475,0.056624043,chr3L_11973666-11973958__chr3L_12047380-12047625,
neither,neither,/Users/jillianness/Desktop/SEbirthanalysis1024/new_LASTZ_analysis/enhancer_extraction/enhancer_pairs/SoxN/chr2L_8789123-8789689__chr2L_8845956-8846437,chr2L_8789123-8789689,chr2L_8845956-8846437,39.3,431.0,needle,10,0.5,0.1694804883147809,0.070814207,0.056026493,0.09877373,chr2L_8789123-8789689__chr2L_8845956-8846437,
neither,neither,/Users/jillianness/Desktop/SEbirthanalysis1024/new_LASTZ_analysis/enhancer_extraction/enhancer_pairs/FBgn0001250_sm/chrX_16703281-16703660__chrX_16732709-16733041,chrX_16703281-16703660,chrX_16732709-16733041,39.3,292.5,needle,10,0.5,0.068005826,-0.002164488,0.00116969,0.02233701,chrX_16703281-16703660__chrX_16732709-16733041,
neither,neither,/Users/jillianness/Desktop/SEbirthanalysis1024/new_LASTZ_analysis/enhancer_extraction/enhancer_pairs/FBgn0005771_meso/chr2L_14434419-14434949__chr2L_14435741-14436213,chr2L_14434419-14434949,chr2L_14435741-14436213,39.3,397.0,needle,10,0.5,0.1294038037596408,0.043230888,0.031235451,0.067956714,chr2L_14434419-14434949__chr2L_14435741-14436213,
neither,neither,/Users/jillianness/Desktop/SEbirthanalysis1024/new_LASTZ_analysis/enhancer_extraction/enhancer_pairs/FBgn0016715_sm/chr3L_597378-597923__chr3L_616535-616984,chr3L_597378-597923,chr3L_616535-616984,39.3,329.5,needle,10,0.5,0.1057540690022309,0.0100054,0.019096603,0.044952024,chr3L_597378-597923__chr3L_616535-616984,
neither,neither,/Users/jillianness/Desktop/SEbirthanalysis1024/new_LASTZ_analysis/enhancer_extraction/enhancer_pairs/FBgn0036460_Spearman/chr3L_14925390-14925769__chr3L_14941342-14941625,chr3L_14925390-14925769,chr3L_14941342-14941625,39.3,227.5,needle,10,0.5,0.059338135,-0.013355703,-0.010787705,0.011731576,chr3L_14925390-14925769__chr3L_14941342-14941625,
neither,neither,/Users/jillianness/Desktop/SEbirthanalysis1024/new_LASTZ_analysis/enhancer_extraction/enhancer_pairs/FBgn0036460_Spearman/chr3L_14925390-14925769__chr3L_14948136-14948479,chr3L_14925390-14925769,chr3L_14948136-14948479,39.3,313.5,needle,10,0.5,0.1121964568366958,0.039943487,0.03191104,0.061350328,chr3L_14925390-14925769__chr3L_14948136-14948479,
neither,neither,/Users/jillianness/Desktop/SEbirthanalysis1024/new_LASTZ_analysis/enhancer_extraction/enhancer_pairs/FBgn0036460_Spearman/chr3L_14918179-14918521__chr3L_14948136-14948479,chr3L_14918179-14918521,chr3L_14948136-14948479,39.3,302.5,needle,10,0.5,0.2214416947531763,0.1745492947497414,0.1270198625008902,0.1743369506679359,chr3L_14918179-14918521__chr3L_14948136-14948479,
neither,neither,/Users/jillianness/Desktop/SEbirthanalysis1024/new_LASTZ_analysis/enhancer_extraction/enhancer_pairs/FBgn0020257_Spearman/chr2R_22310630-22311004__chr2R_22312131-22312433,chr2R_22310630-22311004,chr2R_22312131-22312433,39.3,253.0,needle,10,0.5,0.1082733468422953,0.052360124,0.041429066,0.067354179,chr2R_22310630-22311004__chr2R_22312131-22312433,
neither,neither,/Users/jillianness/Desktop/SEbirthanalysis1024/new_LASTZ_analysis/enhancer_extraction/enhancer_pairs/FBgn0000463_Spearman/chr3R_19332565-19332811__chr3R_19340770-19340970,chr3R_19332565-19332811,chr3R_19340770-19340970,39.3,179.5,needle,10,0.5,0.059334905,0.014624134,0.020098791,0.03135261,chr3R_19332565-19332811__chr3R_19340770-19340970,
neither,neither,/Users/jillianness/Desktop/SEbirthanalysis1024/new_LASTZ_analysis/enhancer_extraction/enhancer_pairs/FBgn0004606_meso/chr3R_30754912-30755289__chr3R_30770192-30770543,chr3R_30754912-30755289,chr3R_30770192-30770543,39.3,295.0,needle,10,0.5,0.092715458,0.025092885,0.032569325,0.050125889,chr3R_30754912-30755289__chr3R_30770192-30770543,
enhancer_hit,enhancer_hit,/Users/jillianness/Desktop/SEbirthanalysis1024/new_LASTZ_analysis/enhancer_extraction/enhancer_pairs/FBgn0038536_vm_sm/chr3R_17681245-17681597__chr3R_17682975-17683237,chr3R_17681245-17681597,chr3R_17682975-17683237,39.2,206.5,needle,10,0.5,0.091468512,0.029101788,0.022921849,0.047830716,chr3R_17681245-17681597__chr3R_17682975-17683237,
neither,neither,/Users/jillianness/Desktop/SEbirthanalysis1024/new_LASTZ_analysis/enhancer_extraction/enhancer_pairs/FBgn0004858_Spearman/chr2L_14443791-14444179__chr2L_14447428-14447837,chr2L_14443791-14444179,chr2L_14447428-14447837,39.2,309.5,needle,10,0.5,0.1424683855649251,0.074281026,0.045228845,0.087326085,chr2L_14443791-14444179__chr2L_14447428-14447837,
neither,neither,/Users/jillianness/Desktop/SEbirthanalysis1024/new_LASTZ_analysis/enhancer_extraction/enhancer_pairs/FBgn0027088_sm/chr3L_15058846-15059046__chr3L_15062508-15062841,chr3L_15058846-15059046,chr3L_15062508-15062841,39.2,236.0,needle,10,0.5,0.1565223166958901,0.1135002392395699,0.063718577,0.111247044,chr3L_15058846-15059046__chr3L_15062508-15062841,
neither,neither,/Users/jillianness/Desktop/SEbirthanalysis1024/new_LASTZ_analysis/enhancer_extraction/enhancer_pairs/FBgn0000044_sm/chr2R_20558766-20559051__chr2R_20566669-20566882,chr2R_20558766-20559051,chr2R_20566669-20566882,39.2,201.5,needle,10,0.5,0.083819813,0.035964644,0.034928444,0.051570967,chr2R_20558766-20559051__chr2R_20566669-20566882,
neither,neither,/Users/jillianness/Desktop/SEbirthanalysis1024/new_LASTZ_analysis/enhancer_extraction/enhancer_pairs/FBgn0036460_Spearman/chr3L_14938074-14938558__chr3L_14944241-14944774,chr3L_14938074-14938558,chr3L_14944241-14944774,39.2,386.0,needle,10,0.5,0.1730961020518662,0.085865635,0.051823007,0.1035949146569479,chr3L_14938074-14938558__chr3L_14944241-14944774,
neither,neither,/Users/jillianness/Desktop/SEbirthanalysis1024/new_LASTZ_analysis/enhancer_extraction/enhancer_pairs/FBgn0036460_Spearman/chr3L_14918179-14918521__chr3L_14938074-14938558,chr3L_14918179-14918521,chr3L_14938074-14938558,39.2,310.0,needle,10,0.5,0.1431221860432137,0.082572832,0.068266714,0.097987244,chr3L_14918179-14918521__chr3L_14938074-14938558,
neither,neither,/Users/jillianness/Desktop/SEbirthanalysis1024/new_LASTZ_analysis/enhancer_extraction/enhancer_pairs/tup/chr2L_18874725-18874929__chr2L_18893905-18894024,chr2L_18874725-18874929,chr2L_18893905-18894024,39.2,120.5,needle,10,0.5,0.025010749,-0.009984346,-0.008849488,0.002058972,chr2L_18874725-18874929__chr2L_18893905-18894024,
neither,neither,/Users/jillianness/Desktop/SEbirthanalysis1024/new_LASTZ_analysis/enhancer_extraction/enhancer_pairs/FBgn0005536_vm_sm/chr3L_16045010-16045232__chr3L_16046788-16047125,chr3L_16045010-16045232,chr3L_16046788-16047125,39.2,234.0,needle,10,0.5,0.08004092,0.02275428,0.026593027,0.043129409,chr3L_16045010-16045232__chr3L_16046788-16047125,
neither,neither,/Users/jillianness/Desktop/SEbirthanalysis1024/new_LASTZ_analysis/enhancer_extraction/enhancer_pairs/FBgn0037637_sm/chr3R_8812222-8812640__chr3R_8849790-8850241,chr3R_8812222-8812640,chr3R_8849790-8850241,39.2,341.0,needle,10,0.5,0.1936030810858106,0.1199384998452023,0.058476929,0.1240061700399939,chr3R_8812222-8812640__chr3R_8849790-8850241,
neither,neither,/Users/jillianness/Desktop/SEbirthanalysis1024/new_LASTZ_analysis/enhancer_extraction/enhancer_pairs/FBgn0035656_Spearman/chr3L_5963004-5963247__chr3L_5977448-5977703,chr3L_5963004-5963247,chr3L_5977448-5977703,39.1,219.0,needle,10,0.5,0.1200433606333459,0.073902773,0.082989755,0.092311963,chr3L_5963004-5963247__chr3L_5977448-5977703,
neither,neither,/Users/jillianness/Desktop/SEbirthanalysis1024/new_LASTZ_analysis/enhancer_extraction/enhancer_pairs/FBgn0035656_Spearman/chr3L_5973866-5974081__chr3L_5975471-5975750,chr3L_5973866-5974081,chr3L_5975471-5975750,39.1,201.5,needle,10,0.5,0.085268756,0.032600943,0.036768478,0.051546059,chr3L_5973866-5974081__chr3L_5975471-5975750,
neither,neither,/Users/jillianness/Desktop/SEbirthanalysis1024/new_LASTZ_analysis/enhancer_extraction/enhancer_pairs/FBgn0033581_vm/chr2R_10674070-10674314__chr2R_10734849-10735149,chr2R_10674070-10674314,chr2R_10734849-10735149,39.1,211.0,needle,10,0.5,0.076358055,0.017675558,0.021693722,0.038575778,chr2R_10674070-10674314__chr2R_10734849-10735149,
neither,neither,/Users/jillianness/Desktop/SEbirthanalysis1024/new_LASTZ_analysis/enhancer_extraction/enhancer_pairs/FBgn0036557_Spearman/chr3L_15984572-15984835__chr3L_15984916-15985116,chr3L_15984572-15984835,chr3L_15984916-15985116,39.1,193.0,needle,10,0.5,0.073185245,0.024480075,0.019571891,0.039079071,chr3L_15984572-15984835__chr3L_15984916-15985116,
neither,neither,/Users/jillianness/Desktop/SEbirthanalysis1024/new_LASTZ_analysis/enhancer_extraction/enhancer_pairs/FBgn0004606_Spearman/chr3R_30732121-30732337__chr3R_30794867-30795176,chr3R_30732121-30732337,chr3R_30794867-30795176,39.1,205.0,needle,10,0.5,0.09231646,0.040992166,0.007890437,0.047066354,chr3R_30732121-30732337__chr3R_30794867-30795176,
neither,neither,/Users/jillianness/Desktop/SEbirthanalysis1024/new_LASTZ_analysis/enhancer_extraction/enhancer_pairs/bab2/chr3L_1082826-1083401__chr3L_1091260-1091650,chr3L_1082826-1083401,chr3L_1091260-1091650,39.1,457.5,needle,10,0.5,0.1637376234099126,0.089161299,0.061911659,0.10493686,chr3L_1082826-1083401__chr3L_1091260-1091650,
neither,neither,/Users/jillianness/Desktop/SEbirthanalysis1024/new_LASTZ_analysis/enhancer_extraction/enhancer_pairs/FBgn0033454_Spearman/chr2R_9492171-9492437__chr2R_9492733-9492933,chr2R_9492171-9492437,chr2R_9492733-9492933,39.1,176.0,needle,10,0.5,0.057998986,0.010458957,0.006249842,0.024902595,chr2R_9492171-9492437__chr2R_9492733-9492933,
neither,neither,/Users/jillianness/Desktop/SEbirthanalysis1024/new_LASTZ_analysis/enhancer_extraction/enhancer_pairs/FBgn0000463_Spearman/chr3R_19317230-19317464__chr3R_19332565-19332811,chr3R_19317230-19317464,chr3R_19332565-19332811,39.1,193.0,needle,10,0.5,0.057472952,0.006166027,0.013258579,0.025632519,chr3R_19317230-19317464__chr3R_19332565-19332811,
enhancer_hit,enhancer_hit,/Users/jillianness/Desktop/SEbirthanalysis1024/new_LASTZ_analysis/enhancer_extraction/enhancer_pairs/FBgn0000463_Spearman/chr3R_19332565-19332811__chr3R_19350401-19350687,chr3R_19332565-19332811,chr3R_19350401-19350687,39.0,211.5,needle,10,0.5,0.044603015,-0.012853384,-0.008653264,0.007698789,chr3R_19332565-19332811__chr3R_19350401-19350687,
neither,neither,/Users/jillianness/Desktop/SEbirthanalysis1024/new_LASTZ_analysis/enhancer_extraction/enhancer_pairs/FBgn0041096_vm_sm/chr3L_11973666-11973958__chr3L_12044554-12045005,chr3L_11973666-11973958,chr3L_12044554-12045005,39.0,321.5,needle,10,0.5,0.125219845,0.052612481,0.054390652,0.077407659,chr3L_11973666-11973958__chr3L_12044554-12045005,
neither,neither,/Users/jillianness/Desktop/SEbirthanalysis1024/new_LASTZ_analysis/enhancer_extraction/enhancer_pairs/FBgn0016794_vm/chr3L_2533105-2533332__chr3L_2568872-2569202,chr3L_2533105-2533332,chr3L_2568872-2569202,39.0,225.5,needle,10,0.5,0.092551165,0.040446163,0.052682505,0.061893278,chr3L_2533105-2533332__chr3L_2568872-2569202,
neither,neither,/Users/jillianness/Desktop/SEbirthanalysis1024/new_LASTZ_analysis/enhancer_extraction/enhancer_pairs/FBgn0016041_sm/chrX_7654331-7654569__chrX_7655607-7655855,chrX_7654331-7654569,chrX_7655607-7655855,39.0,233.5,needle,10,0.5,0.1218534046999765,0.078765948,0.049601068,0.083406807,chrX_7654331-7654569__chrX_7655607-7655855,
neither,neither,/Users/jillianness/Desktop/SEbirthanalysis1024/new_LASTZ_analysis/enhancer_extraction/enhancer_pairs/FBgn0004028_sm/chrX_18056747-18057063__chrX_18077576-18077881,chrX_18056747-18057063,chrX_18077576-18077881,39.0,252.0,needle,10,0.5,0.070295139,0.003834081,0.006627597,0.026918939,chrX_18056747-18057063__chrX_18077576-18077881,
neither,neither,/Users/jillianness/Desktop/SEbirthanalysis1024/new_LASTZ_analysis/enhancer_extraction/enhancer_pairs/oc/chrX_8643101-8643868__chrX_8653859-8654855,chrX_8643101-8643868,chrX_8653859-8654855,39.0,689.5,needle,10,0.5,0.1779248617876726,0.03235927,0.04514699,0.085143707,chrX_8643101-8643868__chrX_8653859-8654855,
neither,neither,/Users/jillianness/Desktop/SEbirthanalysis1024/new_LASTZ_analysis/enhancer_extraction/enhancer_pairs/FBgn0040071_Spearman/chr3R_16234208-16234580__chr3R_16236366-16236648,chr3R_16234208-16234580,chr3R_16236366-16236648,39.0,223.0,needle,10,0.5,0.070375291,0.010803798,-0.001660304,0.026506262,chr3R_16234208-16234580__chr3R_16236366-16236648,
neither,neither,/Users/jillianness/Desktop/SEbirthanalysis1024/new_LASTZ_analysis/enhancer_extraction/enhancer_pairs/FBgn0040071_Spearman/chr3R_16208035-16208235__chr3R_16256084-16256284,chr3R_16208035-16208235,chr3R_16256084-16256284,39.0,166.5,needle,10,0.5,0.071526765,0.028523591,0.0352978,0.045116052,chr3R_16208035-16208235__chr3R_16256084-16256284,
neither,neither,/Users/jillianness/Desktop/SEbirthanalysis1024/new_LASTZ_analysis/enhancer_extraction/enhancer_pairs/FBgn0038925_vm_sm/chr3R_21965040-21965240__chr3R_22042244-22042444,chr3R_21965040-21965240,chr3R_22042244-22042444,39.0,149.5,needle,10,0.5,0.06648176,0.026425603,0.039988844,0.044298736,chr3R_21965040-21965240__chr3R_22042244-22042444,
neither,neither,/Users/jillianness/Desktop/SEbirthanalysis1024/new_LASTZ_analysis/enhancer_extraction/enhancer_pairs/FBgn0038925_vm_sm/chr3R_22042244-22042444__chr3R_22053290-22053582,chr3R_22042244-22042444,chr3R_22053290-22053582,39.0,228.5,needle,10,0.5,0.1340008126209785,0.089060836,0.065815837,0.096292495,chr3R_22042244-22042444__chr3R_22053290-22053582,
neither,neither,/Users/jillianness/Desktop/SEbirthanalysis1024/new_LASTZ_analysis/enhancer_extraction/enhancer_pairs/FBgn0014877_Spearman/chr2R_13188356-13188670__chr2R_13199132-13199535,chr2R_13188356-13188670,chr2R_13199132-13199535,39.0,212.5,needle,10,0.5,0.062611774,-0.002368234,0.003754637,0.021332725,chr2R_13188356-13188670__chr2R_13199132-13199535,
neither,neither,/Users/jillianness/Desktop/SEbirthanalysis1024/new_LASTZ_analysis/enhancer_extraction/enhancer_pairs/FBgn0037358_vm/chr3R_5670022-5670340__chr3R_5670936-5671400,chr3R_5670022-5670340,chr3R_5670936-5671400,39.0,283.0,needle,10,0.5,0.1216900849226458,0.055746369,0.039037771,0.072158075,chr3R_5670022-5670340__chr3R_5670936-5671400,
neither,neither,/Users/jillianness/Desktop/SEbirthanalysis1024/new_LASTZ_analysis/enhancer_extraction/enhancer_pairs/FBgn0000406_vm_sm/chr2L_16757637-16757844__chr2L_16763500-16763743,chr2L_16757637-16757844,chr2L_16763500-16763743,39.0,161.5,needle,10,0.5,0.030024397,-0.021400085,-0.020019105,-0.003798264,chr2L_16757637-16757844__chr2L_16763500-16763743,
neither,neither,/Users/jillianness/Desktop/SEbirthanalysis1024/new_LASTZ_analysis/enhancer_extraction/enhancer_pairs/FBgn0020762_meso/chr2L_4368795-4369066__chr2L_4370195-4370400,chr2L_4368795-4369066,chr2L_4370195-4370400,39.0,202.0,needle,10,0.5,0.07758935,0.028664044,0.035846699,0.047366698,chr2L_4368795-4369066__chr2L_4370195-4370400,
neither,neither,/Users/jillianness/Desktop/SEbirthanalysis1024/new_LASTZ_analysis/enhancer_extraction/enhancer_pairs/FBgn0003169_Spearman/chr3R_14591568-14591768__chr3R_14597044-14597244,chr3R_14591568-14591768,chr3R_14597044-14597244,39.0,162.5,needle,10,0.5,0.068996931,0.030172309,0.031711603,0.043626948,chr3R_14591568-14591768__chr3R_14597044-14597244,
neither,neither,/Users/jillianness/Desktop/SEbirthanalysis1024/new_LASTZ_analysis/enhancer_extraction/enhancer_pairs/FBgn0001235_meso/chr3R_10618771-10619181__chr3R_10626588-10627045,chr3R_10618771-10619181,chr3R_10626588-10627045,39.0,323.5,needle,10,0.5,0.094058359,0.007106143,0.012655833,0.037940112,chr3R_10618771-10619181__chr3R_10626588-10627045,
neither,neither,/Users/jillianness/Desktop/SEbirthanalysis1024/new_LASTZ_analysis/enhancer_extraction/enhancer_pairs/FBgn0000463_Spearman/chr3R_19287679-19287954__chr3R_19340770-19340970,chr3R_19287679-19287954,chr3R_19340770-19340970,39.0,212.5,needle,10,0.5,0.081969483,0.037926768,0.051571168,0.057155806,chr3R_19287679-19287954__chr3R_19340770-19340970,
neither,neither,/Users/jillianness/Desktop/SEbirthanalysis1024/new_LASTZ_analysis/enhancer_extraction/enhancer_pairs/FBgn0016797_vm/chr3L_19159338-19159712__chr3L_19164181-19164596,chr3L_19159338-19159712,chr3L_19164181-19164596,39.0,259.0,needle,10,0.5,0.066709833,-0.008599632,-0.001210675,0.018966509,chr3L_19159338-19159712__chr3L_19164181-19164596,
neither,neither,/Users/jillianness/Desktop/SEbirthanalysis1024/new_LASTZ_analysis/enhancer_extraction/enhancer_pairs/gt/chrX_2438227-2439238__chrX_2440952-2442340,chrX_2438227-2439238,chrX_2440952-2442340,38.9,861.0,needle,10,0.5,0.2119726230423069,0.025384992,0.014831325,0.08406298,chrX_2438227-2439238__chrX_2440952-2442340,
neither,neither,/Users/jillianness/Desktop/SEbirthanalysis1024/new_LASTZ_analysis/enhancer_extraction/enhancer_pairs/FBgn0035656_Spearman/chr3L_5956989-5957371__chr3L_5969720-5970091,chr3L_5956989-5957371,chr3L_5969720-5970091,38.9,316.5,needle,10,0.5,0.1423485330010277,0.077289423,0.084439455,0.1013591367727855,chr3L_5956989-5957371__chr3L_5969720-5970091,
neither,neither,/Users/jillianness/Desktop/SEbirthanalysis1024/new_LASTZ_analysis/enhancer_extraction/enhancer_pairs/FBgn0004858_Spearman/chr2L_14443791-14444179__chr2L_14484848-14485326,chr2L_14443791-14444179,chr2L_14484848-14485326,38.8,313.5,needle,10,0.5,0.1078580617226302,0.033546563,0.023556795,0.05498714,chr2L_14443791-14444179__chr2L_14484848-14485326,
neither,neither,/Users/jillianness/Desktop/SEbirthanalysis1024/new_LASTZ_analysis/enhancer_extraction/enhancer_pairs/FBgn0033504_vm/chr2R_9900668-9901086__chr2R_9940074-9940569,chr2R_9900668-9901086,chr2R_9940074-9940569,38.8,346.0,needle,10,0.5,0.1212923840363645,0.033558383,0.047653125,0.067501297,chr2R_9900668-9901086__chr2R_9940074-9940569,
neither,neither,/Users/jillianness/Desktop/SEbirthanalysis1024/new_LASTZ_analysis/enhancer_extraction/enhancer_pairs/FBgn0014877_Spearman/chr2R_13196419-13196619__chr2R_13197479-13197679,chr2R_13196419-13196619,chr2R_13197479-13197679,38.8,119.5,needle,10,0.5,0.064067399,0.019194729,0.017132936,0.033465022,chr2R_13196419-13196619__chr2R_13197479-13197679,
neither,neither,/Users/jillianness/Desktop/SEbirthanalysis1024/new_LASTZ_analysis/enhancer_extraction/enhancer_pairs/FBgn0035335_sm/chr3L_2362087-2362296__chr3L_2402613-2402864,chr3L_2362087-2362296,chr3L_2402613-2402864,38.8,171.0,needle,10,0.5,0.063733471,0.018661363,0.019579755,0.03399153,chr3L_2362087-2362296__chr3L_2402613-2402864,
neither,neither,/Users/jillianness/Desktop/SEbirthanalysis1024/new_LASTZ_analysis/enhancer_extraction/enhancer_pairs/FBgn0020762_meso/chr2L_4363652-4364006__chr2L_4368795-4369066,chr2L_4363652-4364006,chr2L_4368795-4369066,38.8,236.0,needle,10,0.5,0.060265755,-0.00511121,-0.000190165,0.01832146,chr2L_4363652-4364006__chr2L_4368795-4369066,
neither,neither,/Users/jillianness/Desktop/SEbirthanalysis1024/new_LASTZ_analysis/enhancer_extraction/enhancer_pairs/FBgn0001091_vm/chr2R_7378288-7378537__chr2R_7400926-7401168,chr2R_7378288-7378537,chr2R_7400926-7401168,38.8,156.5,needle,10,0.5,0.060780988,0.01376626,0.01673953,0.030428926,chr2R_7378288-7378537__chr2R_7400926-7401168,
neither,neither,/Users/jillianness/Desktop/SEbirthanalysis1024/new_LASTZ_analysis/enhancer_extraction/enhancer_pairs/FBgn0036460_Spearman/chr3L_14918179-14918521__chr3L_14925390-14925769,chr3L_14918179-14918521,chr3L_14925390-14925769,38.8,241.0,needle,10,0.5,0.1122224650562813,0.052895918,0.020697595,0.061938659,chr3L_14918179-14918521__chr3L_14925390-14925769,
neither,neither,/Users/jillianness/Desktop/SEbirthanalysis1024/new_LASTZ_analysis/enhancer_extraction/enhancer_pairs/FBgn0036194_sm/chr3L_11684552-11684880__chr3L_11685890-11686273,chr3L_11684552-11684880,chr3L_11685890-11686273,38.8,257.0,needle,10,0.5,0.101029974,0.029777314,0.043585382,0.05813089,chr3L_11684552-11684880__chr3L_11685890-11686273,
enhancer_hit,enhancer_hit,/Users/jillianness/Desktop/SEbirthanalysis1024/new_LASTZ_analysis/enhancer_extraction/enhancer_pairs/FBgn0016930_vm/chr2L_14211117-14211371__chr2L_14248855-14249055,chr2L_14211117-14211371,chr2L_14248855-14249055,38.7,166.5,needle,10,0.5,0.1088476059520168,0.062333923,0.055867579,0.075683036,chr2L_14211117-14211371__chr2L_14248855-14249055,
enhancer_hit,enhancer_hit,/Users/jillianness/Desktop/SEbirthanalysis1024/new_LASTZ_analysis/enhancer_extraction/enhancer_pairs/FBgn0022029_vm/chr2R_17019592-17019979__chr2R_17054642-17054966,chr2R_17019592-17019979,chr2R_17054642-17054966,38.7,325.5,needle,10,0.5,0.1984286322540349,0.1530871066528611,0.057899561,0.1364717667362457,chr2R_17019592-17019979__chr2R_17054642-17054966,
Flank,Flank,/Users/jillianness/Desktop/SEbirthanalysis1024/new_LASTZ_analysis/enhancer_extraction/enhancer_pairs/FBgn0033654_vm_sm/chr2R_11439695-11439903__chr2R_11467535-11467813,chr2R_11439695-11439903,chr2R_11467535-11467813,38.7,217.5,needle,10,0.5,0.091994491,0.044453064,0.045363296,0.060603617,chr2R_11439695-11439903__chr2R_11467535-11467813,
Flank,Flank,/Users/jillianness/Desktop/SEbirthanalysis1024/new_LASTZ_analysis/enhancer_extraction/enhancer_pairs/FBgn0086906_sm/chr3L_2098335-2098584__chr3L_2099069-2099450,chr3L_2098335-2098584,chr3L_2099069-2099450,38.7,245.5,needle,10,0.5,0.097665627,0.033655326,0.026835839,0.052718931,chr3L_2098335-2098584__chr3L_2099069-2099450,
neither,neither,/Users/jillianness/Desktop/SEbirthanalysis1024/new_LASTZ_analysis/enhancer_extraction/enhancer_pairs/FBgn0035162_vm/chr3L_754449-754819__chr3L_755481-755805,chr3L_754449-754819,chr3L_755481-755805,38.7,329.5,needle,10,0.5,0.1637579359886729,0.097040895,0.089188542,0.1166624574958816,chr3L_754449-754819__chr3L_755481-755805,
neither,neither,/Users/jillianness/Desktop/SEbirthanalysis1024/new_LASTZ_analysis/enhancer_extraction/enhancer_pairs/FBgn0031228_sm/chr2L_160687-161034__chr2L_166574-166924,chr2L_160687-161034,chr2L_166574-166924,38.7,270.0,needle,10,0.5,0.1529745724513418,0.1042433839154144,0.06775231,0.1083234220987364,chr2L_160687-161034__chr2L_166574-166924,
neither,neither,/Users/jillianness/Desktop/SEbirthanalysis1024/new_LASTZ_analysis/enhancer_extraction/enhancer_pairs/FBgn0053207_Spearman/chr3R_15647486-15647986__chr3R_15649388-15650148,chr3R_15647486-15647986,chr3R_15649388-15650148,38.7,567.0,needle,10,0.5,0.3175823228115499,0.2462527939751675,0.061258806,0.2083646410615617,chr3R_15647486-15647986__chr3R_15649388-15650148,
neither,neither,/Users/jillianness/Desktop/SEbirthanalysis1024/new_LASTZ_analysis/enhancer_extraction/enhancer_pairs/FBgn0040071_Spearman/chr3R_16234208-16234580__chr3R_16242325-16242715,chr3R_16234208-16234580,chr3R_16242325-16242715,38.7,299.5,needle,10,0.5,0.089850009,0.020878792,0.0319684,0.047565734,chr3R_16234208-16234580__chr3R_16242325-16242715,
neither,neither,/Users/jillianness/Desktop/SEbirthanalysis1024/new_LASTZ_analysis/enhancer_extraction/enhancer_pairs/FBgn0037439_sm/chr3R_6353539-6353883__chr3R_6409760-6410198,chr3R_6353539-6353883,chr3R_6409760-6410198,38.7,304.5,needle,10,0.5,0.1503186600351754,0.083609152,0.079175696,0.1043678360642655,chr3R_6353539-6353883__chr3R_6409760-6410198,
neither,neither,/Users/jillianness/Desktop/SEbirthanalysis1024/new_LASTZ_analysis/enhancer_extraction/enhancer_pairs/FBgn0037275_sm/chr3R_4780432-4780632__chr3R_4806774-4807046,chr3R_4780432-4780632,chr3R_4806774-4807046,38.7,157.0,needle,10,0.5,0.082287806,0.031660613,0.038482488,0.050810302,chr3R_4780432-4780632__chr3R_4806774-4807046,
neither,neither,/Users/jillianness/Desktop/SEbirthanalysis1024/new_LASTZ_analysis/enhancer_extraction/enhancer_pairs/FBgn0011286_sm/chr2R_8425969-8426169__chr2R_8484944-8485225,chr2R_8425969-8426169,chr2R_8484944-8485225,38.7,199.5,needle,10,0.5,0.1105519662088806,0.061911813,0.048863439,0.073775739,chr2R_8425969-8426169__chr2R_8484944-8485225,
neither,neither,/Users/jillianness/Desktop/SEbirthanalysis1024/new_LASTZ_analysis/enhancer_extraction/enhancer_pairs/FBgn0033638_sm/chr2R_11259263-11259645__chr2R_11280746-11281085,chr2R_11259263-11259645,chr2R_11280746-11281085,38.7,253.5,needle,10,0.5,0.074697066,0.003164364,0.011300912,0.029720781,chr2R_11259263-11259645__chr2R_11280746-11281085,
neither,neither,/Users/jillianness/Desktop/SEbirthanalysis1024/new_LASTZ_analysis/enhancer_extraction/enhancer_pairs/FBgn0001124_Spearman/chr2R_15781976-15782453__chr2R_15782875-15783226,chr2R_15781976-15782453,chr2R_15782875-15783226,38.7,282.5,needle,10,0.5,0.0885422,0.00490344,0.006281705,0.033242449,chr2R_15781976-15782453__chr2R_15782875-15783226,
neither,neither,/Users/jillianness/Desktop/SEbirthanalysis1024/new_LASTZ_analysis/enhancer_extraction/enhancer_pairs/FBgn0038252_sm/chr3R_14675887-14676292__chr3R_14713950-14714458,chr3R_14675887-14676292,chr3R_14713950-14714458,38.7,355.0,needle,10,0.5,0.1212218346669542,0.046521613,0.055240396,0.074327948,chr3R_14675887-14676292__chr3R_14713950-14714458,
neither,neither,/Users/jillianness/Desktop/SEbirthanalysis1024/new_LASTZ_analysis/enhancer_extraction/enhancer_pairs/FBgn0000463_Spearman/chr3R_19329924-19330208__chr3R_19332565-19332811,chr3R_19329924-19330208,chr3R_19332565-19332811,38.7,184.0,needle,10,0.5,0.1071697592190577,0.055229414,0.060769273,0.074389482,chr3R_19329924-19330208__chr3R_19332565-19332811,
Flank,Flank,/Users/jillianness/Desktop/SEbirthanalysis1024/new_LASTZ_analysis/enhancer_extraction/enhancer_pairs/FBgn0000479_sm/chrX_3256916-3257157__chrX_3331542-3331742,chrX_3256916-3257157,chrX_3331542-3331742,38.6,157.5,needle,10,0.5,0.051461686,0.013445062,0.006427563,0.023778104,chrX_3256916-3257157__chrX_3331542-3331742,
neither,neither,/Users/jillianness/Desktop/SEbirthanalysis1024/new_LASTZ_analysis/enhancer_extraction/enhancer_pairs/FBgn0031228_sm/chr2L_160687-161034__chr2L_161603-162045,chr2L_160687-161034,chr2L_161603-162045,38.6,329.0,needle,10,0.5,0.1655626831875018,0.1035674541170098,0.1153025342513033,0.1281442238519383,chr2L_160687-161034__chr2L_161603-162045,
neither,neither,/Users/jillianness/Desktop/SEbirthanalysis1024/new_LASTZ_analysis/enhancer_extraction/enhancer_pairs/FBgn0016694_vm/chr3L_7818834-7819086__chr3L_7848370-7848762,chr3L_7818834-7819086,chr3L_7848370-7848762,38.6,287.0,needle,10,0.5,0.1336151311307026,0.096870626,0.1041580214036067,0.1115479262668823,chr3L_7818834-7819086__chr3L_7848370-7848762,
neither,neither,/Users/jillianness/Desktop/SEbirthanalysis1024/new_LASTZ_analysis/enhancer_extraction/enhancer_pairs/FBgn0031908_sm/chr2L_7340816-7341016__chr2L_7401211-7401411,chr2L_7340816-7341016,chr2L_7401211-7401411,38.6,152.5,needle,10,0.5,0.080005761,0.044522842,0.057985071,0.060837891,chr2L_7340816-7341016__chr2L_7401211-7401411,
neither,neither,/Users/jillianness/Desktop/SEbirthanalysis1024/new_LASTZ_analysis/enhancer_extraction/enhancer_pairs/FBgn0016715_sm/chr3L_597378-597923__chr3L_622169-622652,chr3L_597378-597923,chr3L_622169-622652,38.6,343.5,needle,10,0.5,0.07822248,-0.024889929,-0.019152576,0.011393325,chr3L_597378-597923__chr3L_622169-622652,
neither,neither,/Users/jillianness/Desktop/SEbirthanalysis1024/new_LASTZ_analysis/enhancer_extraction/enhancer_pairs/FBgn0036460_Spearman/chr3L_14925390-14925769__chr3L_14938074-14938558,chr3L_14925390-14925769,chr3L_14938074-14938558,38.6,329.5,needle,10,0.5,0.1021512959600037,0.015947297,0.009555939,0.042551511,chr3L_14925390-14925769__chr3L_14938074-14938558,
neither,neither,/Users/jillianness/Desktop/SEbirthanalysis1024/new_LASTZ_analysis/enhancer_extraction/enhancer_pairs/FBgn0036460_Spearman/chr3L_14932705-14933060__chr3L_14938074-14938558,chr3L_14932705-14933060,chr3L_14938074-14938558,38.6,323.0,needle,10,0.5,0.1527700670686811,0.080039336,0.065943534,0.099584312,chr3L_14932705-14933060__chr3L_14938074-14938558,
neither,neither,/Users/jillianness/Desktop/SEbirthanalysis1024/new_LASTZ_analysis/enhancer_extraction/enhancer_pairs/FBgn0003499_sm/chr3R_18049262-18049590__chr3R_18114408-18114870,chr3R_18049262-18049590,chr3R_18114408-18114870,38.5,239.0,needle,10,0.5,0.053958493,-0.01163806,-3.02e-05,0.014096755,chr3R_18049262-18049590__chr3R_18114408-18114870,
neither,neither,/Users/jillianness/Desktop/SEbirthanalysis1024/new_LASTZ_analysis/enhancer_extraction/enhancer_pairs/FBgn0035656_Spearman/chr3L_5973866-5974081__chr3L_5982072-5982272,chr3L_5973866-5974081,chr3L_5982072-5982272,38.5,192.0,needle,10,0.5,0.060059164,0.014546118,0.019462197,0.031355826,chr3L_5973866-5974081__chr3L_5982072-5982272,
neither,neither,/Users/jillianness/Desktop/SEbirthanalysis1024/new_LASTZ_analysis/enhancer_extraction/enhancer_pairs/FBgn0027088_sm/chr3L_15048542-15048758__chr3L_15065782-15065982,chr3L_15048542-15048758,chr3L_15065782-15065982,38.5,147.0,needle,10,0.5,0.038793464,-0.004709578,0.001135402,0.011739763,chr3L_15048542-15048758__chr3L_15065782-15065982,
neither,neither,/Users/jillianness/Desktop/SEbirthanalysis1024/new_LASTZ_analysis/enhancer_extraction/enhancer_pairs/FBgn0086906_sm/chr3L_2073248-2073448__chr3L_2098335-2098584,chr3L_2073248-2073448,chr3L_2098335-2098584,38.5,189.0,needle,10,0.5,0.042663421,-0.00725647,-0.004032945,0.010458002,chr3L_2073248-2073448__chr3L_2098335-2098584,
neither,neither,/Users/jillianness/Desktop/SEbirthanalysis1024/new_LASTZ_analysis/enhancer_extraction/enhancer_pairs/FBgn0005630_sm/chr2R_10158762-10159202__chr2R_10165838-10166245,chr2R_10158762-10159202,chr2R_10165838-10166245,38.5,324.0,needle,10,0.5,0.1297951028681355,0.052594348,0.044435988,0.07560848,chr2R_10158762-10159202__chr2R_10165838-10166245,
neither,neither,/Users/jillianness/Desktop/SEbirthanalysis1024/new_LASTZ_analysis/enhancer_extraction/enhancer_pairs/FBgn0031008_sm/chrX_19236806-19237421__chrX_19238211-19238765,chrX_19236806-19237421,chrX_19238211-19238765,38.5,416.0,needle,10,0.5,0.1293930175082452,0.010428515,-0.000475282,0.04644875,chrX_19236806-19237421__chrX_19238211-19238765,
neither,neither,/Users/jillianness/Desktop/SEbirthanalysis1024/new_LASTZ_analysis/enhancer_extraction/enhancer_pairs/FBgn0000463_Spearman/chr3R_19287679-19287954__chr3R_19317230-19317464,chr3R_19287679-19287954,chr3R_19317230-19317464,38.5,158.0,needle,10,0.5,0.031068488,-0.022199516,-0.018179596,-0.003103541,chr3R_19287679-19287954__chr3R_19317230-19317464,
neither,neither,/Users/jillianness/Desktop/SEbirthanalysis1024/new_LASTZ_analysis/enhancer_extraction/enhancer_pairs/FBgn0032487_Spearman/chr2L_13211918-13212118__chr2L_13229384-13229619,chr2L_13211918-13212118,chr2L_13229384-13229619,38.5,159.0,needle,10,0.5,0.056503584,0.00935686,0.010183612,0.025348019,chr2L_13211918-13212118__chr2L_13229384-13229619,
neither,neither,/Users/jillianness/Desktop/SEbirthanalysis1024/new_LASTZ_analysis/enhancer_extraction/enhancer_pairs/FBgn0031908_sm/chr2L_7340816-7341016__chr2L_7398789-7398989,chr2L_7340816-7341016,chr2L_7398789-7398989,38.4,139.0,needle,10,0.5,0.1084372329150152,0.073908828,0.07575292,0.086032994,chr2L_7340816-7341016__chr2L_7398789-7398989,
neither,neither,/Users/jillianness/Desktop/SEbirthanalysis1024/new_LASTZ_analysis/enhancer_extraction/enhancer_pairs/FBgn0038925_vm_sm/chr3R_21965040-21965240__chr3R_22047297-22047620,chr3R_21965040-21965240,chr3R_22047297-22047620,38.4,205.0,needle,10,0.5,0.1216934091167703,0.075705372,0.084302641,0.093900474,chr3R_21965040-21965240__chr3R_22047297-22047620,
neither,neither,/Users/jillianness/Desktop/SEbirthanalysis1024/new_LASTZ_analysis/enhancer_extraction/enhancer_pairs/FBgn0033426_vm_sm/chr2R_9168156-9168363__chr2R_9189407-9189607,chr2R_9168156-9168363,chr2R_9189407-9189607,38.4,188.5,needle,10,0.5,0.069628249,0.026158624,0.023403452,0.039730108,chr2R_9168156-9168363__chr2R_9189407-9189607,
neither,neither,/Users/jillianness/Desktop/SEbirthanalysis1024/new_LASTZ_analysis/enhancer_extraction/enhancer_pairs/FBgn0004110_vm/chr3R_21388520-21388798__chr3R_21396772-21397111,chr3R_21388520-21388798,chr3R_21396772-21397111,38.3,256.5,needle,10,0.5,0.095391389,0.028880467,0.03112537,0.051799075,chr3R_21388520-21388798__chr3R_21396772-21397111,
neither,neither,/Users/jillianness/Desktop/SEbirthanalysis1024/new_LASTZ_analysis/enhancer_extraction/enhancer_pairs/FBgn0001319_Spearman/chr2R_14405171-14405442__chr2R_14428730-14429102,chr2R_14405171-14405442,chr2R_14428730-14429102,38.3,252.0,needle,10,0.5,0.1192128665750106,0.056964232,0.044872438,0.073683179,chr2R_14405171-14405442__chr2R_14428730-14429102,
neither,neither,/Users/jillianness/Desktop/SEbirthanalysis1024/new_LASTZ_analysis/enhancer_extraction/enhancer_pairs/FBgn0027339_sm/chr3L_22728933-22729192__chr3L_22773634-22773848,chr3L_22728933-22729192,chr3L_22773634-22773848,38.3,156.0,needle,10,0.5,0.039894181,-0.012459026,-0.009321931,0.006037742,chr3L_22728933-22729192__chr3L_22773634-22773848,
neither,neither,/Users/jillianness/Desktop/SEbirthanalysis1024/new_LASTZ_analysis/enhancer_extraction/enhancer_pairs/FBgn0000180_Spearman/chr2L_9988598-9989094__chr2L_9989401-9989775,chr2L_9988598-9989094,chr2L_9989401-9989775,38.3,331.0,needle,10,0.5,0.1501816566197288,0.074300659,0.053739129,0.092740481,chr2L_9988598-9989094__chr2L_9989401-9989775,
neither,neither,/Users/jillianness/Desktop/SEbirthanalysis1024/new_LASTZ_analysis/enhancer_extraction/enhancer_pairs/FBgn0036460_Spearman/chr3L_14928799-14929134__chr3L_14944241-14944774,chr3L_14928799-14929134,chr3L_14944241-14944774,38.3,322.0,needle,10,0.5,0.2065407673152468,0.1413121147496474,0.109352395,0.1524017590507827,chr3L_14928799-14929134__chr3L_14944241-14944774,
neither,neither,/Users/jillianness/Desktop/SEbirthanalysis1024/new_LASTZ_analysis/enhancer_extraction/enhancer_pairs/FBgn0004858_Spearman/chr2L_14431426-14431854__chr2L_14484848-14485326,chr2L_14431426-14431854,chr2L_14484848-14485326,38.2,346.0,needle,10,0.5,0.1175813207238312,0.030584853,0.03416242,0.060776198,chr2L_14431426-14431854__chr2L_14484848-14485326,
neither,neither,/Users/jillianness/Desktop/SEbirthanalysis1024/new_LASTZ_analysis/enhancer_extraction/enhancer_pairs/gt/chrX_2428917-2429320__chrX_2437107-2437533,chrX_2428917-2429320,chrX_2437107-2437533,38.2,310.5,needle,10,0.5,0.123897781,0.044509814,0.028803625,0.065737073,chrX_2428917-2429320__chrX_2437107-2437533,
neither,neither,/Users/jillianness/Desktop/SEbirthanalysis1024/new_LASTZ_analysis/enhancer_extraction/enhancer_pairs/FBgn0002733_Spearman/chr3R_26006043-26006577__chr3R_26018200-26018652,chr3R_26006043-26006577,chr3R_26018200-26018652,38.2,350.5,needle,10,0.5,0.1375559607148223,0.05511855,0.067037985,0.086570832,chr3R_26006043-26006577__chr3R_26018200-26018652,
neither,neither,/Users/jillianness/Desktop/SEbirthanalysis1024/new_LASTZ_analysis/enhancer_extraction/enhancer_pairs/FBgn0039039_Spearman/chr3R_23037946-23038146__chr3R_23038606-23038806,chr3R_23037946-23038146,chr3R_23038606-23038806,38.2,142.5,needle,10,0.5,0.077898084,0.045014375,0.031711627,0.051541362,chr3R_23037946-23038146__chr3R_23038606-23038806,
neither,neither,/Users/jillianness/Desktop/SEbirthanalysis1024/new_LASTZ_analysis/enhancer_extraction/enhancer_pairs/FBgn0030480_sm/chrX_13335047-13335247__chrX_13337480-13337751,chrX_13335047-13335247,chrX_13337480-13337751,38.2,179.0,needle,10,0.5,0.088047026,0.04161105,0.039633784,0.05643062,chrX_13335047-13335247__chrX_13337480-13337751,
neither,neither,/Users/jillianness/Desktop/SEbirthanalysis1024/new_LASTZ_analysis/enhancer_extraction/enhancer_pairs/FBgn0030451_sm/chrX_13051960-13052281__chrX_13070183-13070515,chrX_13051960-13052281,chrX_13070183-13070515,38.2,253.0,needle,10,0.5,0.1384609842932086,0.077676118,0.080369898,0.098835667,chrX_13051960-13052281__chrX_13070183-13070515,
neither,neither,/Users/jillianness/Desktop/SEbirthanalysis1024/new_LASTZ_analysis/enhancer_extraction/enhancer_pairs/FBgn0001235_meso/chr3R_10618771-10619181__chr3R_10645396-10645910,chr3R_10618771-10619181,chr3R_10645396-10645910,38.2,347.5,needle,10,0.5,0.1404732937369398,0.058298087,0.041210165,0.079993849,chr3R_10618771-10619181__chr3R_10645396-10645910,
neither,neither,/Users/jillianness/Desktop/SEbirthanalysis1024/new_LASTZ_analysis/enhancer_extraction/enhancer_pairs/FBgn0041604_sm/chr3L_14635397-14635808__chr3L_14636483-14636932,chr3L_14635397-14635808,chr3L_14636483-14636932,38.2,370.5,needle,10,0.5,0.18379721,0.1134992336183748,0.091096144,0.1294641959890688,chr3L_14635397-14635808__chr3L_14636483-14636932,
neither,neither,/Users/jillianness/Desktop/SEbirthanalysis1024/new_LASTZ_analysis/enhancer_extraction/enhancer_pairs/FBgn0003731_Spearman/chr2R_21145088-21145606__chr2R_21164556-21164883,chr2R_21145088-21145606,chr2R_21164556-21164883,38.1,304.0,needle,10,0.5,0.066654183,-0.02202102,-0.025920932,0.00623741,chr2R_21145088-21145606__chr2R_21164556-21164883,
neither,neither,/Users/jillianness/Desktop/SEbirthanalysis1024/new_LASTZ_analysis/enhancer_extraction/enhancer_pairs/FBgn0002922_vm/chr3R_23718371-23718820__chr3R_23730272-23730626,chr3R_23718371-23718820,chr3R_23730272-23730626,38.1,281.5,needle,10,0.5,0.1350225186336053,0.055996922,0.0403294,0.07711628,chr3R_23718371-23718820__chr3R_23730272-23730626,
neither,neither,/Users/jillianness/Desktop/SEbirthanalysis1024/new_LASTZ_analysis/enhancer_extraction/enhancer_pairs/FBgn0027088_sm/chr3L_15051009-15051402__chr3L_15062508-15062841,chr3L_15051009-15051402,chr3L_15062508-15062841,38.1,308.5,needle,10,0.5,0.1018075187671413,0.026738558,0.037234001,0.055260026,chr3L_15051009-15051402__chr3L_15062508-15062841,
neither,neither,/Users/jillianness/Desktop/SEbirthanalysis1024/new_LASTZ_analysis/enhancer_extraction/enhancer_pairs/FBgn0052344_sm/chr3L_302973-303714__chr3L_304295-305216,chr3L_302973-303714,chr3L_304295-305216,38.1,556.0,needle,10,0.5,0.1479680620317995,0.007425583,0.007379799,0.054257815,chr3L_302973-303714__chr3L_304295-305216,
neither,neither,/Users/jillianness/Desktop/SEbirthanalysis1024/new_LASTZ_analysis/enhancer_extraction/enhancer_pairs/prd/chr2L_12080941-12081738__chr2L_12089073-12089963,chr2L_12080941-12081738,chr2L_12089073-12089963,38.1,641.0,needle,10,0.5,0.23376232,0.093866229,0.082857848,0.1368287989351831,chr2L_12080941-12081738__chr2L_12089073-12089963,
neither,neither,/Users/jillianness/Desktop/SEbirthanalysis1024/new_LASTZ_analysis/enhancer_extraction/enhancer_pairs/FBgn0004858_vm_sm/chr2L_14410187-14410566__chr2L_14453181-14453682,chr2L_14410187-14410566,chr2L_14453181-14453682,38.1,341.5,needle,10,0.5,0.1224704881680988,0.047000211,0.034525023,0.067998574,chr2L_14410187-14410566__chr2L_14453181-14453682,
neither,neither,/Users/jillianness/Desktop/SEbirthanalysis1024/new_LASTZ_analysis/enhancer_extraction/enhancer_pairs/FBgn0027111_sm/chr3L_266056-266335__chr3L_278816-279016,chr3L_266056-266335,chr3L_278816-279016,38.1,200.5,needle,10,0.5,0.048478617,-0.004457529,-0.000879383,0.014380568,chr3L_266056-266335__chr3L_278816-279016,
neither,neither,/Users/jillianness/Desktop/SEbirthanalysis1024/new_LASTZ_analysis/enhancer_extraction/enhancer_pairs/FBgn0000463_Spearman/chr3R_19329924-19330208__chr3R_19350401-19350687,chr3R_19329924-19330208,chr3R_19350401-19350687,38.1,202.0,needle,10,0.5,0.1299473254338734,0.076533736,0.077948527,0.094809863,chr3R_19329924-19330208__chr3R_19350401-19350687,
enhancer_hit,enhancer_hit,/Users/jillianness/Desktop/SEbirthanalysis1024/new_LASTZ_analysis/enhancer_extraction/enhancer_pairs/gt/chrX_2429927-2430850__chrX_2440952-2442340,chrX_2429927-2430850,chrX_2440952-2442340,38.0,872.5,needle,10,0.5,0.2624703644092196,0.090601004,0.068351385,0.1404742513541388,chrX_2429927-2430850__chrX_2440952-2442340,
neither,neither,/Users/jillianness/Desktop/SEbirthanalysis1024/new_LASTZ_analysis/enhancer_extraction/enhancer_pairs/FBgn0004110_vm/chr3R_21388520-21388798__chr3R_21393784-21394075,chr3R_21388520-21388798,chr3R_21393784-21394075,38.0,214.0,needle,10,0.5,0.088713136,0.027824534,0.030365031,0.048967567,chr3R_21388520-21388798__chr3R_21393784-21394075,
neither,neither,/Users/jillianness/Desktop/SEbirthanalysis1024/new_LASTZ_analysis/enhancer_extraction/enhancer_pairs/SoxN/chr2L_8811130-8811511__chr2L_8845956-8846437,chr2L_8811130-8811511,chr2L_8845956-8846437,38.0,389.0,needle,10,0.5,0.1452455374915844,0.06509659,0.047673294,0.086005141,chr2L_8811130-8811511__chr2L_8845956-8846437,
neither,neither,/Users/jillianness/Desktop/SEbirthanalysis1024/new_LASTZ_analysis/enhancer_extraction/enhancer_pairs/FBgn0016041_sm/chrX_7617780-7617980__chrX_7654331-7654569,chrX_7617780-7617980,chrX_7654331-7654569,38.0,150.0,needle,10,0.5,0.034353397,-0.008347358,-0.005390631,0.006871803,chrX_7617780-7617980__chrX_7654331-7654569,
neither,neither,/Users/jillianness/Desktop/SEbirthanalysis1024/new_LASTZ_analysis/enhancer_extraction/enhancer_pairs/FBgn0264001_vm/chr3L_13641091-13641350__chr3L_13646895-13647219,chr3L_13641091-13641350,chr3L_13646895-13647219,38.0,202.5,needle,10,0.5,0.1111895188090605,0.053380089,0.047870711,0.070813439,chr3L_13641091-13641350__chr3L_13646895-13647219,
neither,neither,/Users/jillianness/Desktop/SEbirthanalysis1024/new_LASTZ_analysis/enhancer_extraction/enhancer_pairs/FBgn0261648_vm/chr2L_11415248-11415544__chr2L_11458598-11459020,chr2L_11415248-11415544,chr2L_11458598-11459020,38.0,266.5,needle,10,0.5,0.1227885082248082,0.052501868,0.057582291,0.077624222,chr2L_11415248-11415544__chr2L_11458598-11459020,
neither,neither,/Users/jillianness/Desktop/SEbirthanalysis1024/new_LASTZ_analysis/enhancer_extraction/enhancer_pairs/FBgn0005630_sm/chr2R_10158762-10159202__chr2R_10166703-10167099,chr2R_10158762-10159202,chr2R_10166703-10167099,38.0,348.5,needle,10,0.5,0.1236714030533687,0.048496711,0.046140162,0.072769425,chr2R_10158762-10159202__chr2R_10166703-10167099,
neither,neither,/Users/jillianness/Desktop/SEbirthanalysis1024/new_LASTZ_analysis/enhancer_extraction/enhancer_pairs/FBgn0016926_vm/chr2L_1074290-1074681__chr2L_1123442-1123872,chr2L_1074290-1074681,chr2L_1123442-1123872,38.0,282.5,needle,10,0.5,0.1242296957401331,0.052835269,0.027528274,0.068197746,chr2L_1074290-1074681__chr2L_1123442-1123872,
neither,neither,/Users/jillianness/Desktop/SEbirthanalysis1024/new_LASTZ_analysis/enhancer_extraction/enhancer_pairs/FBgn0020257_Spearman/chr2R_22301850-22302125__chr2R_22311826-22312026,chr2R_22301850-22302125,chr2R_22311826-22312026,38.0,136.5,needle,10,0.5,0.041516825,-0.007359461,-0.010444857,0.007904169,chr2R_22301850-22302125__chr2R_22311826-22312026,
neither,neither,/Users/jillianness/Desktop/SEbirthanalysis1024/new_LASTZ_analysis/enhancer_extraction/enhancer_pairs/FBgn0026261_vm/chr2R_22263977-22264346__chr2R_22264962-22265213,chr2R_22263977-22264346,chr2R_22264962-22265213,38.0,206.5,needle,10,0.5,0.070105706,0.020123401,0.024851849,0.038360318,chr2R_22263977-22264346__chr2R_22264962-22265213,
neither,neither,/Users/jillianness/Desktop/SEbirthanalysis1024/new_LASTZ_analysis/enhancer_extraction/enhancer_pairs/FBgn0011722_sm/chr2L_6411470-6411744__chr2L_6422856-6423068,chr2L_6411470-6411744,chr2L_6422856-6423068,38.0,195.5,needle,10,0.5,0.075773342,0.025600027,0.027839809,0.043071059,chr2L_6411470-6411744__chr2L_6422856-6423068,
Flank,Flank,/Users/jillianness/Desktop/SEbirthanalysis1024/new_LASTZ_analysis/enhancer_extraction/enhancer_pairs/FBgn0035956_Spearman/chr3L_8984193-8984856__chr3L_8994546-8994994,chr3L_8984193-8984856,chr3L_8994546-8994994,37.9,431.5,needle,10,0.5,0.1279112644705724,0.019052971,0.011139074,0.052701103,chr3L_8984193-8984856__chr3L_8994546-8994994,
neither,neither,/Users/jillianness/Desktop/SEbirthanalysis1024/new_LASTZ_analysis/enhancer_extraction/enhancer_pairs/FBgn0023095_sm/chr3L_13208620-13208905__chr3L_13270814-13271136,chr3L_13208620-13208905,chr3L_13270814-13271136,37.9,175.0,needle,10,0.5,0.061588979,0.003783546,0.005457201,0.023609909,chr3L_13208620-13208905__chr3L_13270814-13271136,
neither,neither,/Users/jillianness/Desktop/SEbirthanalysis1024/new_LASTZ_analysis/enhancer_extraction/enhancer_pairs/FBgn0035956_Spearman/chr3L_8994546-8994994__chr3L_9023155-9023452,chr3L_8994546-8994994,chr3L_9023155-9023452,37.9,256.5,needle,10,0.5,0.063068538,-0.014686181,-0.014516007,0.011288783,chr3L_8994546-8994994__chr3L_9023155-9023452,
neither,neither,/Users/jillianness/Desktop/SEbirthanalysis1024/new_LASTZ_analysis/enhancer_extraction/enhancer_pairs/FBgn0031505_vm/chr2L_3152131-3152363__chr2L_3153478-3153742,chr2L_3152131-3152363,chr2L_3153478-3153742,37.9,188.0,needle,10,0.5,0.1334154857338162,0.087494593,0.049080688,0.089996922,chr2L_3152131-3152363__chr2L_3153478-3153742,
neither,neither,/Users/jillianness/Desktop/SEbirthanalysis1024/new_LASTZ_analysis/enhancer_extraction/enhancer_pairs/FBgn0259678_sm/chr2R_9318986-9319419__chr2R_9374511-9374908,chr2R_9318986-9319419,chr2R_9374511-9374908,37.9,308.5,needle,10,0.5,0.074988908,-0.00409584,-0.007124484,0.021256195,chr2R_9318986-9319419__chr2R_9374511-9374908,
neither,neither,/Users/jillianness/Desktop/SEbirthanalysis1024/new_LASTZ_analysis/enhancer_extraction/enhancer_pairs/FBgn0010379_sm/chr3R_16072483-16072683__chr3R_16073986-16074304,chr3R_16072483-16072683,chr3R_16073986-16074304,37.9,210.5,needle,10,0.5,0.079709612,0.051204155,0.092952319,0.074622029,chr3R_16072483-16072683__chr3R_16073986-16074304,
neither,neither,/Users/jillianness/Desktop/SEbirthanalysis1024/new_LASTZ_analysis/enhancer_extraction/enhancer_pairs/FBgn0036460_Spearman/chr3L_14932705-14933060__chr3L_14944241-14944774,chr3L_14932705-14933060,chr3L_14944241-14944774,37.9,344.0,needle,10,0.5,0.1356116754137105,0.058932305,0.067384989,0.087309656,chr3L_14932705-14933060__chr3L_14944241-14944774,
neither,neither,/Users/jillianness/Desktop/SEbirthanalysis1024/new_LASTZ_analysis/enhancer_extraction/enhancer_pairs/FBgn0029526_Spearman/chrX_419897-420154__chrX_421493-421767,chrX_419897-420154,chrX_421493-421767,37.9,193.0,needle,10,0.5,0.05195765,0.018257631,0.028266504,0.032827262,chrX_419897-420154__chrX_421493-421767,
neither,neither,/Users/jillianness/Desktop/SEbirthanalysis1024/new_LASTZ_analysis/enhancer_extraction/enhancer_pairs/FBgn0016715_vm/chr3L_571531-572037__chr3L_622169-622652,chr3L_571531-572037,chr3L_622169-622652,37.9,339.5,needle,10,0.5,0.1434542403920498,0.052072935,0.050067459,0.081864878,chr3L_571531-572037__chr3L_622169-622652,
neither,neither,/Users/jillianness/Desktop/SEbirthanalysis1024/new_LASTZ_analysis/enhancer_extraction/enhancer_pairs/FBgn0000463_Spearman/chr3R_19332565-19332811__chr3R_19343988-19344362,chr3R_19332565-19332811,chr3R_19343988-19344362,37.9,204.5,needle,10,0.5,0.05238072,-0.011538502,-0.010944569,0.009965883,chr3R_19332565-19332811__chr3R_19343988-19344362,
neither,neither,/Users/jillianness/Desktop/SEbirthanalysis1024/new_LASTZ_analysis/enhancer_extraction/enhancer_pairs/FBgn0004858_Spearman/chr2L_14481618-14482010__chr2L_14484848-14485326,chr2L_14481618-14482010,chr2L_14484848-14485326,37.8,333.0,needle,10,0.5,0.1117993229323072,0.031136309,0.040938022,0.061291218,chr2L_14481618-14482010__chr2L_14484848-14485326,
neither,neither,/Users/jillianness/Desktop/SEbirthanalysis1024/new_LASTZ_analysis/enhancer_extraction/enhancer_pairs/SoxN/chr2L_8789123-8789689__chr2L_8846495-8847235,chr2L_8789123-8789689,chr2L_8846495-8847235,37.8,476.5,needle,10,0.5,0.1550666302389561,0.026276192,0.026603165,0.069315329,chr2L_8789123-8789689__chr2L_8846495-8847235,
neither,neither,/Users/jillianness/Desktop/SEbirthanalysis1024/new_LASTZ_analysis/enhancer_extraction/enhancer_pairs/FBgn0033426_Spearman/chr2R_9176883-9177262__chr2R_9178347-9178768,chr2R_9176883-9177262,chr2R_9178347-9178768,37.8,278.0,needle,10,0.5,0.081143837,-0.00758814,-0.004971804,0.022861298,chr2R_9176883-9177262__chr2R_9178347-9178768,
neither,neither,/Users/jillianness/Desktop/SEbirthanalysis1024/new_LASTZ_analysis/enhancer_extraction/enhancer_pairs/FBgn0035656_Spearman/chr3L_5956989-5957371__chr3L_5975471-5975750,chr3L_5956989-5957371,chr3L_5975471-5975750,37.8,253.5,needle,10,0.5,0.1038402212291662,0.044254252,0.044546327,0.0642136,chr3L_5956989-5957371__chr3L_5975471-5975750,
neither,neither,/Users/jillianness/Desktop/SEbirthanalysis1024/new_LASTZ_analysis/enhancer_extraction/enhancer_pairs/FBgn0031307_sm/chr2L_1118230-1118839__chr2L_1123442-1123872,chr2L_1118230-1118839,chr2L_1123442-1123872,37.8,370.0,needle,10,0.5,0.1168688941144635,0.030267552,-0.002743723,0.048130908,chr2L_1118230-1118839__chr2L_1123442-1123872,
neither,neither,/Users/jillianness/Desktop/SEbirthanalysis1024/new_LASTZ_analysis/enhancer_extraction/enhancer_pairs/FBgn0000479_sm/chrX_3096802-3097002__chrX_3256916-3257157,chrX_3096802-3097002,chrX_3256916-3257157,37.8,150.0,needle,10,0.5,0.070656911,0.025133277,0.016868317,0.037552835,chrX_3096802-3097002__chrX_3256916-3257157,
neither,neither,/Users/jillianness/Desktop/SEbirthanalysis1024/new_LASTZ_analysis/enhancer_extraction/enhancer_pairs/FBgn0020269_sm/chr2R_14340650-14340945__chr2R_14350087-14350376,chr2R_14340650-14340945,chr2R_14350087-14350376,37.8,215.5,needle,10,0.5,0.097694446,0.048509307,0.042493246,0.062898999,chr2R_14340650-14340945__chr2R_14350087-14350376,
neither,neither,/Users/jillianness/Desktop/SEbirthanalysis1024/new_LASTZ_analysis/enhancer_extraction/enhancer_pairs/FBgn0035335_Spearman/chr3L_2363266-2363496__chr3L_2402613-2402864,chr3L_2363266-2363496,chr3L_2402613-2402864,37.8,173.5,needle,10,0.5,0.070506874,0.021435886,0.016372101,0.036104954,chr3L_2363266-2363496__chr3L_2402613-2402864,
neither,neither,/Users/jillianness/Desktop/SEbirthanalysis1024/new_LASTZ_analysis/enhancer_extraction/enhancer_pairs/FBgn0000463_Spearman/chr3R_19329924-19330208__chr3R_19343988-19344362,chr3R_19329924-19330208,chr3R_19343988-19344362,37.8,265.0,needle,10,0.5,0.1179057030041438,0.057205277,0.047519321,0.0742101,chr3R_19329924-19330208__chr3R_19343988-19344362,
neither,neither,/Users/jillianness/Desktop/SEbirthanalysis1024/new_LASTZ_analysis/enhancer_extraction/enhancer_pairs/FBgn0051368_vm/chr3R_11851860-11852150__chr3R_11852470-11852670,chr3R_11851860-11852150,chr3R_11852470-11852670,37.8,222.0,needle,10,0.5,0.093201219,0.0449138,0.044170038,0.060761686,chr3R_11851860-11852150__chr3R_11852470-11852670,
enhancer_hit,enhancer_hit,/Users/jillianness/Desktop/SEbirthanalysis1024/new_LASTZ_analysis/enhancer_extraction/enhancer_pairs/FBgn0031895_vm/chr2L_7133794-7134306__chr2L_7157539-7157943,chr2L_7133794-7134306,chr2L_7157539-7157943,37.7,372.0,needle,10,0.5,0.1742797792711046,0.096519462,0.088862996,0.1198874124870326,chr2L_7133794-7134306__chr2L_7157539-7157943,
neither,neither,/Users/jillianness/Desktop/SEbirthanalysis1024/new_LASTZ_analysis/enhancer_extraction/enhancer_pairs/FBgn0027111_Spearman/chr3L_247505-247705__chr3L_260322-260568,chr3L_247505-247705,chr3L_260322-260568,37.7,142.5,needle,10,0.5,0.066120783,0.019658043,0.014686762,0.033488529,chr3L_247505-247705__chr3L_260322-260568,
neither,neither,/Users/jillianness/Desktop/SEbirthanalysis1024/new_LASTZ_analysis/enhancer_extraction/enhancer_pairs/FBgn0004652_sm/chr3R_18584104-18584359__chr3R_18585296-18585648,chr3R_18584104-18584359,chr3R_18585296-18585648,37.7,218.5,needle,10,0.5,0.1197972094258126,0.065946167,0.074951939,0.086898439,chr3R_18584104-18584359__chr3R_18585296-18585648,
neither,neither,/Users/jillianness/Desktop/SEbirthanalysis1024/new_LASTZ_analysis/enhancer_extraction/enhancer_pairs/FBgn0004858_Spearman/chr2L_14446061-14446392__chr2L_14447428-14447837,chr2L_14446061-14446392,chr2L_14447428-14447837,37.7,286.5,needle,10,0.5,0.1243516699998793,0.05576126,0.049319016,0.076477315,chr2L_14446061-14446392__chr2L_14447428-14447837,
neither,neither,/Users/jillianness/Desktop/SEbirthanalysis1024/new_LASTZ_analysis/enhancer_extraction/enhancer_pairs/gt/chrX_2431852-2432159__chrX_2434977-2435401,chrX_2431852-2432159,chrX_2434977-2435401,37.7,262.0,needle,10,0.5,0.1023532631438318,0.032872577,0.014107749,0.049777863,chrX_2431852-2432159__chrX_2434977-2435401,
neither,neither,/Users/jillianness/Desktop/SEbirthanalysis1024/new_LASTZ_analysis/enhancer_extraction/enhancer_pairs/FBgn0004028_sm/chrX_18040570-18040954__chrX_18056747-18057063,chrX_18040570-18040954,chrX_18056747-18057063,37.7,272.5,needle,10,0.5,0.104736302,0.043396753,0.036691618,0.061608225,chrX_18040570-18040954__chrX_18056747-18057063,
neither,neither,/Users/jillianness/Desktop/SEbirthanalysis1024/new_LASTZ_analysis/enhancer_extraction/enhancer_pairs/FBgn0085387_sm/chrX_20718699-20718899__chrX_20730577-20730852,chrX_20718699-20718899,chrX_20730577-20730852,37.7,175.5,needle,10,0.5,0.026541059,-0.02336098,-0.021052392,-0.005957438,chrX_20718699-20718899__chrX_20730577-20730852,
neither,neither,/Users/jillianness/Desktop/SEbirthanalysis1024/new_LASTZ_analysis/enhancer_extraction/enhancer_pairs/vnd/chrX_583829-584563__chrX_586024-586643,chrX_583829-584563,chrX_586024-586643,37.7,538.5,needle,10,0.5,0.1944491331857056,0.077838405,0.078773937,0.1170204916428425,chrX_583829-584563__chrX_586024-586643,
neither,neither,/Users/jillianness/Desktop/SEbirthanalysis1024/new_LASTZ_analysis/enhancer_extraction/enhancer_pairs/FBgn0016715_vm/chr3L_575160-575533__chr3L_618388-618844,chr3L_575160-575533,chr3L_618388-618844,37.7,321.5,needle,10,0.5,0.1494154862235299,0.082631621,0.077733863,0.1032603234744251,chr3L_575160-575533__chr3L_618388-618844,
neither,neither,/Users/jillianness/Desktop/SEbirthanalysis1024/new_LASTZ_analysis/enhancer_extraction/enhancer_pairs/FBgn0031505_vm_sm/chr2L_3101225-3101432__chr2L_3108267-3108563,chr2L_3101225-3101432,chr2L_3108267-3108563,37.6,215.5,needle,10,0.5,0.090073862,0.040483036,0.044658574,0.058405157,chr2L_3101225-3101432__chr2L_3108267-3108563,
neither,neither,/Users/jillianness/Desktop/SEbirthanalysis1024/new_LASTZ_analysis/enhancer_extraction/enhancer_pairs/FBgn0000014_Spearman/chr3R_16743196-16743622__chr3R_16802761-16803112,chr3R_16743196-16743622,chr3R_16802761-16803112,37.6,318.5,needle,10,0.5,0.1452589173446656,0.072697816,0.056569711,0.091508815,chr3R_16743196-16743622__chr3R_16802761-16803112,
neither,neither,/Users/jillianness/Desktop/SEbirthanalysis1024/new_LASTZ_analysis/enhancer_extraction/enhancer_pairs/FBgn0016794_Spearman/chr3L_2552007-2552315__chr3L_2553779-2553979,chr3L_2552007-2552315,chr3L_2553779-2553979,37.6,230.0,needle,10,0.5,0.1624558114005732,0.1222424751003347,0.012239102,0.09897913,chr3L_2552007-2552315__chr3L_2553779-2553979,
neither,neither,/Users/jillianness/Desktop/SEbirthanalysis1024/new_LASTZ_analysis/enhancer_extraction/enhancer_pairs/esg/chr2L_15323128-15323794__chr2L_15333222-15333912,chr2L_15323128-15323794,chr2L_15333222-15333912,37.6,482.5,needle,10,0.5,0.1481937646601035,0.020896243,0.026947678,0.065345895,chr2L_15323128-15323794__chr2L_15333222-15333912,
neither,neither,/Users/jillianness/Desktop/SEbirthanalysis1024/new_LASTZ_analysis/enhancer_extraction/enhancer_pairs/FBgn0036460_Spearman/chr3L_14932705-14933060__chr3L_14936376-14936760,chr3L_14932705-14933060,chr3L_14936376-14936760,37.6,310.0,needle,10,0.5,0.1491526375898912,0.081985825,0.071037131,0.1007251976840541,chr3L_14932705-14933060__chr3L_14936376-14936760,
neither,neither,/Users/jillianness/Desktop/SEbirthanalysis1024/new_LASTZ_analysis/enhancer_extraction/enhancer_pairs/FBgn0004456_sm/chrX_13217305-13217505__chrX_13217664-13218019,chrX_13217305-13217505,chrX_13217664-13218019,37.6,256.5,needle,10,0.5,0.085072157,0.027688625,0.035793699,0.049518161,chrX_13217305-13217505__chrX_13217664-13218019,
neither,neither,/Users/jillianness/Desktop/SEbirthanalysis1024/new_LASTZ_analysis/enhancer_extraction/enhancer_pairs/FBgn0029939_Spearman/chrX_7046483-7046845__chrX_7140434-7140797,chrX_7046483-7046845,chrX_7140434-7140797,37.6,261.0,needle,10,0.5,0.1285737245512955,0.066150363,0.064062601,0.08626223,chrX_7046483-7046845__chrX_7140434-7140797,
neither,neither,/Users/jillianness/Desktop/SEbirthanalysis1024/new_LASTZ_analysis/enhancer_extraction/enhancer_pairs/FBgn0000014_vm/chr3R_16813228-16813680__chr3R_16814262-16814590,chr3R_16813228-16813680,chr3R_16814262-16814590,37.5,263.5,needle,10,0.5,0.1075900025668314,0.040181891,0.038010309,0.061927401,chr3R_16813228-16813680__chr3R_16814262-16814590,
neither,neither,/Users/jillianness/Desktop/SEbirthanalysis1024/new_LASTZ_analysis/enhancer_extraction/enhancer_pairs/SoxN/chr2L_8789123-8789689__chr2L_8842046-8842771,chr2L_8789123-8789689,chr2L_8842046-8842771,37.5,521.0,needle,10,0.5,0.170026667,0.051333863,0.049042549,0.09013436,chr2L_8789123-8789689__chr2L_8842046-8842771,
neither,neither,/Users/jillianness/Desktop/SEbirthanalysis1024/new_LASTZ_analysis/enhancer_extraction/enhancer_pairs/FBgn0032961_Spearman/chr2L_21835079-21835348__chr2L_21839073-21839412,chr2L_21835079-21835348,chr2L_21839073-21839412,37.5,223.0,needle,10,0.5,0.088693725,0.024487641,0.027874269,0.047018545,chr2L_21835079-21835348__chr2L_21839073-21839412,
neither,neither,/Users/jillianness/Desktop/SEbirthanalysis1024/new_LASTZ_analysis/enhancer_extraction/enhancer_pairs/FBgn0015799_sm/chrX_759222-759589__chrX_799237-799607,chrX_759222-759589,chrX_799237-799607,37.5,271.5,needle,10,0.5,0.086912416,0.009797196,0.012381085,0.036363566,chrX_759222-759589__chrX_799237-799607,
neither,neither,/Users/jillianness/Desktop/SEbirthanalysis1024/new_LASTZ_analysis/enhancer_extraction/enhancer_pairs/FBgn0029665_sm/chrX_3411043-3411363__chrX_3413665-3413865,chrX_3411043-3411363,chrX_3413665-3413865,37.5,203.5,needle,10,0.5,0.076814035,0.028156724,0.019401512,0.041457424,chrX_3411043-3411363__chrX_3413665-3413865,
neither,neither,/Users/jillianness/Desktop/SEbirthanalysis1024/new_LASTZ_analysis/enhancer_extraction/enhancer_pairs/FBgn0014877_Spearman/chr2R_13192033-13192233__chr2R_13197479-13197679,chr2R_13192033-13192233,chr2R_13197479-13197679,37.5,133.5,needle,10,0.5,0.042963588,0.003208393,0.006021102,0.017397694,chr2R_13192033-13192233__chr2R_13197479-13197679,
neither,neither,/Users/jillianness/Desktop/SEbirthanalysis1024/new_LASTZ_analysis/enhancer_extraction/enhancer_pairs/FBgn0000116_Spearman/chr3L_9019828-9020140__chr3L_9021970-9022336,chr3L_9019828-9020140,chr3L_9021970-9022336,37.5,211.5,needle,10,0.5,0.076815614,0.016710637,0.018537556,0.037354602,chr3L_9019828-9020140__chr3L_9021970-9022336,
neither,neither,/Users/jillianness/Desktop/SEbirthanalysis1024/new_LASTZ_analysis/enhancer_extraction/enhancer_pairs/FBgn0026320_meso/chr3L_14936376-14936760__chr3L_14944241-14944774,chr3L_14936376-14936760,chr3L_14944241-14944774,37.5,341.0,needle,10,0.5,0.095724027,0.008215071,0.000330378,0.034756492,chr3L_14936376-14936760__chr3L_14944241-14944774,
neither,neither,/Users/jillianness/Desktop/SEbirthanalysis1024/new_LASTZ_analysis/enhancer_extraction/enhancer_pairs/FBgn0034158_sm/chr2R_16412035-16412367__chr2R_16437328-16437751,chr2R_16412035-16412367,chr2R_16437328-16437751,37.5,323.0,needle,10,0.5,0.152005242,0.084739467,0.077555029,0.1047665796035266,chr2R_16412035-16412367__chr2R_16437328-16437751,
neither,neither,/Users/jillianness/Desktop/SEbirthanalysis1024/new_LASTZ_analysis/enhancer_extraction/enhancer_pairs/FBgn0004606_vm/chr3R_30767234-30767502__chr3R_30781959-30782292,chr3R_30767234-30767502,chr3R_30781959-30782292,37.5,229.5,needle,10,0.5,0.1054293390307237,0.04484279,0.03768281,0.062651646,chr3R_30767234-30767502__chr3R_30781959-30782292,
neither,neither,/Users/jillianness/Desktop/SEbirthanalysis1024/new_LASTZ_analysis/enhancer_extraction/enhancer_pairs/FBgn0005771_Spearman/chr2L_14481618-14482010__chr2L_14517261-14517665,chr2L_14481618-14482010,chr2L_14517261-14517665,37.5,293.5,needle,10,0.5,0.1515262833314559,0.081576473,0.052015254,0.095039337,chr2L_14481618-14482010__chr2L_14517261-14517665,
neither,neither,/Users/jillianness/Desktop/SEbirthanalysis1024/new_LASTZ_analysis/enhancer_extraction/enhancer_pairs/FBgn0000463_Spearman/chr3R_19340770-19340970__chr3R_19350401-19350687,chr3R_19340770-19340970,chr3R_19350401-19350687,37.5,181.5,needle,10,0.5,0.071388063,0.024855737,0.031207522,0.042483774,chr3R_19340770-19340970__chr3R_19350401-19350687,
enhancer_hit,enhancer_hit,/Users/jillianness/Desktop/SEbirthanalysis1024/new_LASTZ_analysis/enhancer_extraction/enhancer_pairs/FBgn0000014_vm/chr3R_16814262-16814590__chr3R_16904976-16905213,chr3R_16814262-16814590,chr3R_16904976-16905213,37.4,233.0,needle,10,0.5,0.1442764990793502,0.092281335,0.061336334,0.099298056,chr3R_16814262-16814590__chr3R_16904976-16905213,
neither,neither,/Users/jillianness/Desktop/SEbirthanalysis1024/new_LASTZ_analysis/enhancer_extraction/enhancer_pairs/FBgn0033891_sm/chr2R_13653626-13653909__chr2R_13656883-13657258,chr2R_13653626-13653909,chr2R_13656883-13657258,37.4,236.0,needle,10,0.5,0.08749442,0.020235008,0.03197942,0.046569616,chr2R_13653626-13653909__chr2R_13656883-13657258,
neither,neither,/Users/jillianness/Desktop/SEbirthanalysis1024/new_LASTZ_analysis/enhancer_extraction/enhancer_pairs/FBgn0016794_vm/chr3L_2562100-2562492__chr3L_2568872-2569202,chr3L_2562100-2562492,chr3L_2568872-2569202,37.4,228.5,needle,10,0.5,0.060453232,-0.008913218,-0.009611216,0.013976266,chr3L_2562100-2562492__chr3L_2568872-2569202,
neither,neither,/Users/jillianness/Desktop/SEbirthanalysis1024/new_LASTZ_analysis/enhancer_extraction/enhancer_pairs/FBgn0004028_sm/chrX_18040570-18040954__chrX_18077576-18077881,chrX_18040570-18040954,chrX_18077576-18077881,37.4,227.5,needle,10,0.5,0.059225974,-0.004277059,0.007247688,0.020732201,chrX_18040570-18040954__chrX_18077576-18077881,
neither,neither,/Users/jillianness/Desktop/SEbirthanalysis1024/new_LASTZ_analysis/enhancer_extraction/enhancer_pairs/FBgn0050021_sm/chr2R_10823498-10823995__chr2R_10827814-10828308,chr2R_10823498-10823995,chr2R_10827814-10828308,37.4,420.0,needle,10,0.5,0.1545012275403118,0.061973272,0.055852801,0.090775767,chr2R_10823498-10823995__chr2R_10827814-10828308,
neither,neither,/Users/jillianness/Desktop/SEbirthanalysis1024/new_LASTZ_analysis/enhancer_extraction/enhancer_pairs/FBgn0035656_Spearman/chr3L_5961714-5961914__chr3L_5973866-5974081,chr3L_5961714-5961914,chr3L_5973866-5974081,37.4,170.5,needle,10,0.5,0.05152352,0.004926907,0.003091063,0.019847163,chr3L_5961714-5961914__chr3L_5973866-5974081,
neither,neither,/Users/jillianness/Desktop/SEbirthanalysis1024/new_LASTZ_analysis/enhancer_extraction/enhancer_pairs/FBgn0005631_sm/chr2R_22298445-22298713__chr2R_22308973-22309246,chr2R_22298445-22298713,chr2R_22308973-22309246,37.4,181.0,needle,10,0.5,0.079818857,0.026327298,0.031001048,0.045715734,chr2R_22298445-22298713__chr2R_22308973-22309246,
neither,neither,/Users/jillianness/Desktop/SEbirthanalysis1024/new_LASTZ_analysis/enhancer_extraction/enhancer_pairs/FBgn0035153_sm/chr3L_668956-669192__chr3L_691733-692030,chr3L_668956-669192,chr3L_691733-692030,37.4,180.5,needle,10,0.5,0.074233222,0.017016743,0.012790784,0.03468025,chr3L_668956-669192__chr3L_691733-692030,
neither,neither,/Users/jillianness/Desktop/SEbirthanalysis1024/new_LASTZ_analysis/enhancer_extraction/enhancer_pairs/FBgn0000577_Spearman/chr2R_11174981-11175181__chr2R_11176966-11177231,chr2R_11174981-11175181,chr2R_11176966-11177231,37.4,147.5,needle,10,0.5,0.033742672,-0.013282146,-0.013343973,0.002372184,chr2R_11174981-11175181__chr2R_11176966-11177231,
neither,neither,/Users/jillianness/Desktop/SEbirthanalysis1024/new_LASTZ_analysis/enhancer_extraction/enhancer_pairs/FBgn0001122_Spearman/chr2R_10104067-10104664__chr2R_10109599-10110119,chr2R_10104067-10104664,chr2R_10109599-10110119,37.4,480.0,needle,10,0.5,0.3198680954426099,0.2552200890846631,0.1550109390198133,0.2433663745156954,chr2R_10104067-10104664__chr2R_10109599-10110119,
neither,neither,/Users/jillianness/Desktop/SEbirthanalysis1024/new_LASTZ_analysis/enhancer_extraction/enhancer_pairs/FBgn0037892_Spearman/chr3R_11352401-11352901__chr3R_11353401-11353818,chr3R_11352401-11352901,chr3R_11353401-11353818,37.4,398.5,needle,10,0.5,0.1370597542619384,0.058729408,0.045771538,0.080520233,chr3R_11352401-11352901__chr3R_11353401-11353818,
neither,neither,/Users/jillianness/Desktop/SEbirthanalysis1024/new_LASTZ_analysis/enhancer_extraction/enhancer_pairs/FBgn0041096_vm_sm/chr3L_12043527-12044019__chr3L_12044554-12045005,chr3L_12043527-12044019,chr3L_12044554-12045005,37.3,365.5,needle,10,0.5,0.1359167543667108,0.051527689,0.046844346,0.078096263,chr3L_12043527-12044019__chr3L_12044554-12045005,
neither,neither,/Users/jillianness/Desktop/SEbirthanalysis1024/new_LASTZ_analysis/enhancer_extraction/enhancer_pairs/FBgn0001147_sm/chr2R_24685575-24685932__chr2R_24696661-24696905,chr2R_24685575-24685932,chr2R_24696661-24696905,37.3,215.0,needle,10,0.5,0.08554415,0.024365629,0.027244934,0.045718238,chr2R_24685575-24685932__chr2R_24696661-24696905,
neither,neither,/Users/jillianness/Desktop/SEbirthanalysis1024/new_LASTZ_analysis/enhancer_extraction/enhancer_pairs/FBgn0002733_Spearman/chr3R_25999494-25999722__chr3R_26009977-26010219,chr3R_25999494-25999722,chr3R_26009977-26010219,37.3,180.5,needle,10,0.5,0.067460849,0.017137185,0.020695573,0.035097869,chr3R_25999494-25999722__chr3R_26009977-26010219,
neither,neither,/Users/jillianness/Desktop/SEbirthanalysis1024/new_LASTZ_analysis/enhancer_extraction/enhancer_pairs/FBgn0002733_Spearman/chr3R_26002453-26002853__chr3R_26018200-26018652,chr3R_26002453-26002853,chr3R_26018200-26018652,37.3,258.0,needle,10,0.5,0.048866427,-0.020498178,-0.012384122,0.005328042,chr3R_26002453-26002853__chr3R_26018200-26018652,
neither,neither,/Users/jillianness/Desktop/SEbirthanalysis1024/new_LASTZ_analysis/enhancer_extraction/enhancer_pairs/FBgn0053207_Spearman/chr3R_15668979-15669269__chr3R_15671596-15671796,chr3R_15668979-15669269,chr3R_15671596-15671796,37.3,164.0,needle,10,0.5,0.049495534,-0.002283412,0.003179636,0.016797253,chr3R_15668979-15669269__chr3R_15671596-15671796,
neither,neither,/Users/jillianness/Desktop/SEbirthanalysis1024/new_LASTZ_analysis/enhancer_extraction/enhancer_pairs/FBgn0053207_Spearman/chr3R_15639984-15640424__chr3R_15668979-15669269,chr3R_15639984-15640424,chr3R_15668979-15669269,37.3,264.5,needle,10,0.5,0.063692784,-0.011304101,-0.010369348,0.014006445,chr3R_15639984-15640424__chr3R_15668979-15669269,
neither,neither,/Users/jillianness/Desktop/SEbirthanalysis1024/new_LASTZ_analysis/enhancer_extraction/enhancer_pairs/FBgn0036460_Spearman/chr3L_14918179-14918521__chr3L_14936376-14936760,chr3L_14918179-14918521,chr3L_14936376-14936760,37.3,246.0,needle,10,0.5,0.1574178028640778,0.1025722174539332,0.05252659,0.1041722034962955,chr3L_14918179-14918521__chr3L_14936376-14936760,
neither,neither,/Users/jillianness/Desktop/SEbirthanalysis1024/new_LASTZ_analysis/enhancer_extraction/enhancer_pairs/FBgn0004858_Spearman/chr2L_14431426-14431854__chr2L_14481618-14482010,chr2L_14431426-14431854,chr2L_14481618-14482010,37.2,281.5,needle,10,0.5,0.1189634607095889,0.041753654,0.044452887,0.068390001,chr2L_14431426-14431854__chr2L_14481618-14482010,
neither,neither,/Users/jillianness/Desktop/SEbirthanalysis1024/new_LASTZ_analysis/enhancer_extraction/enhancer_pairs/FBgn0020513_vm/chrX_12691690-12692049__chrX_12692632-12693074,chrX_12691690-12692049,chrX_12692632-12693074,37.2,367.5,needle,10,0.5,0.1845262507263815,0.1357904817212821,0.1054251769061517,0.1419139697846051,chrX_12691690-12692049__chrX_12692632-12693074,
neither,neither,/Users/jillianness/Desktop/SEbirthanalysis1024/new_LASTZ_analysis/enhancer_extraction/enhancer_pairs/FBgn0016715_sm/chr3L_616535-616984__chr3L_622169-622652,chr3L_616535-616984,chr3L_622169-622652,37.2,273.0,needle,10,0.5,0.086258195,-0.003437788,-0.004959386,0.025953674,chr3L_616535-616984__chr3L_622169-622652,
neither,neither,/Users/jillianness/Desktop/SEbirthanalysis1024/new_LASTZ_analysis/enhancer_extraction/enhancer_pairs/FBgn0000014_Spearman/chr3R_16857769-16858049__chr3R_16878885-16879147,chr3R_16857769-16858049,chr3R_16878885-16879147,37.2,181.0,needle,10,0.5,0.04726033,-0.007512298,-0.002398585,0.012449816,chr3R_16857769-16858049__chr3R_16878885-16879147,
neither,neither,/Users/jillianness/Desktop/SEbirthanalysis1024/new_LASTZ_analysis/enhancer_extraction/enhancer_pairs/FBgn0000014_Spearman/chr3R_16857769-16858049__chr3R_16920451-16920854,chr3R_16857769-16858049,chr3R_16920451-16920854,37.2,273.0,needle,10,0.5,0.081421192,0.016617404,0.008772366,0.035603654,chr3R_16857769-16858049__chr3R_16920451-16920854,
neither,neither,/Users/jillianness/Desktop/SEbirthanalysis1024/new_LASTZ_analysis/enhancer_extraction/enhancer_pairs/FBgn0014877_Spearman/chr2R_13188356-13188670__chr2R_13195866-13196315,chr2R_13188356-13188670,chr2R_13195866-13196315,37.2,277.5,needle,10,0.5,0.1004999435994094,0.02957299,0.039319843,0.056464259,chr2R_13188356-13188670__chr2R_13195866-13196315,
neither,neither,/Users/jillianness/Desktop/SEbirthanalysis1024/new_LASTZ_analysis/enhancer_extraction/enhancer_pairs/FBgn0052982_meso/chr2L_9145723-9146075__chr2L_9150928-9151180,chr2L_9145723-9146075,chr2L_9150928-9151180,37.2,274.5,needle,10,0.5,0.1202296777194343,0.061269825,0.069030136,0.083509879,chr2L_9145723-9146075__chr2L_9150928-9151180,
neither,neither,/Users/jillianness/Desktop/SEbirthanalysis1024/new_LASTZ_analysis/enhancer_extraction/enhancer_pairs/CG10479/chr3L_5989752-5990383__chr3L_5991306-5991899,chr3L_5989752-5990383,chr3L_5991306-5991899,37.2,445.0,needle,10,0.5,0.1651663013496977,0.050604568,0.024018617,0.079929829,chr3L_5989752-5990383__chr3L_5991306-5991899,
neither,neither,/Users/jillianness/Desktop/SEbirthanalysis1024/new_LASTZ_analysis/enhancer_extraction/enhancer_pairs/FBgn0001122_vm/chr2R_10052571-10053081__chr2R_10109599-10110119,chr2R_10052571-10053081,chr2R_10109599-10110119,37.2,394.0,needle,10,0.5,0.177023081,0.1005939957174832,0.090672051,0.1227630428390794,chr2R_10052571-10053081__chr2R_10109599-10110119,
neither,neither,/Users/jillianness/Desktop/SEbirthanalysis1024/new_LASTZ_analysis/enhancer_extraction/enhancer_pairs/FBgn0001122_Spearman/chr2R_10099473-10099798__chr2R_10109599-10110119,chr2R_10099473-10099798,chr2R_10109599-10110119,37.2,344.0,needle,10,0.5,0.1058141516556769,0.038724319,0.031643435,0.058727302,chr2R_10099473-10099798__chr2R_10109599-10110119,
neither,neither,/Users/jillianness/Desktop/SEbirthanalysis1024/new_LASTZ_analysis/enhancer_extraction/enhancer_pairs/FBgn0016930_vm/chr2L_14211117-14211371__chr2L_14267350-14267653,chr2L_14211117-14211371,chr2L_14267350-14267653,37.1,261.5,needle,10,0.5,0.121892581,0.067722739,0.065096304,0.084903875,chr2L_14211117-14211371__chr2L_14267350-14267653,
neither,neither,/Users/jillianness/Desktop/SEbirthanalysis1024/new_LASTZ_analysis/enhancer_extraction/enhancer_pairs/FBgn0032820_vm_sm/chr2L_19759686-19760051__chr2L_19760541-19760780,chr2L_19759686-19760051,chr2L_19760541-19760780,37.1,229.0,needle,10,0.5,0.1175680503190992,0.059321858,0.059798771,0.078896226,chr2L_19759686-19760051__chr2L_19760541-19760780,
neither,neither,/Users/jillianness/Desktop/SEbirthanalysis1024/new_LASTZ_analysis/enhancer_extraction/enhancer_pairs/FBgn0021768_sm/chr3L_16775645-16775870__chr3L_16776828-16777028,chr3L_16775645-16775870,chr3L_16776828-16777028,37.1,91.5,needle,10,0.5,0.053831266,0.010939804,0.005228293,0.023333121,chr3L_16775645-16775870__chr3L_16776828-16777028,
neither,neither,/Users/jillianness/Desktop/SEbirthanalysis1024/new_LASTZ_analysis/enhancer_extraction/enhancer_pairs/FBgn0020766_Spearman/chr2R_13582159-13582576__chr2R_13623881-13624272,chr2R_13582159-13582576,chr2R_13623881-13624272,37.1,304.5,needle,10,0.5,0.1652154972756972,0.101914046,0.097152734,0.121427426,chr2R_13582159-13582576__chr2R_13623881-13624272,
neither,neither,/Users/jillianness/Desktop/SEbirthanalysis1024/new_LASTZ_analysis/enhancer_extraction/enhancer_pairs/FBgn0035656_Spearman/chr3L_5977448-5977703__chr3L_5982072-5982272,chr3L_5977448-5977703,chr3L_5982072-5982272,37.1,154.5,needle,10,0.5,0.065159452,0.020478248,0.019429093,0.035022265,chr3L_5977448-5977703__chr3L_5982072-5982272,
neither,neither,/Users/jillianness/Desktop/SEbirthanalysis1024/new_LASTZ_analysis/enhancer_extraction/enhancer_pairs/FBgn0014877_sm/chr2R_13194170-13194587__chr2R_13195553-13195864,chr2R_13194170-13194587,chr2R_13195553-13195864,37.1,235.0,needle,10,0.5,0.074231755,0.003050325,-0.000322262,0.025653273,chr2R_13194170-13194587__chr2R_13195553-13195864,
neither,neither,/Users/jillianness/Desktop/SEbirthanalysis1024/new_LASTZ_analysis/enhancer_extraction/enhancer_pairs/FBgn0000479_sm/chrX_3096802-3097002__chrX_3331542-3331742,chrX_3096802-3097002,chrX_3331542-3331742,37.1,145.5,needle,10,0.5,0.028746767,-0.009756487,-0.012241629,0.00224955,chrX_3096802-3097002__chrX_3331542-3331742,
neither,neither,/Users/jillianness/Desktop/SEbirthanalysis1024/new_LASTZ_analysis/enhancer_extraction/enhancer_pairs/FBgn0000406_vm_sm/chr2L_16757637-16757844__chr2L_16764311-16764631,chr2L_16757637-16757844,chr2L_16764311-16764631,37.1,214.0,needle,10,0.5,0.1070394949323946,0.052798212,0.051008203,0.07028197,chr2L_16757637-16757844__chr2L_16764311-16764631,
neither,neither,/Users/jillianness/Desktop/SEbirthanalysis1024/new_LASTZ_analysis/enhancer_extraction/enhancer_pairs/FBgn0000667_vm/chrX_1967981-1968192__chrX_1994981-1995181,chrX_1967981-1968192,chrX_1994981-1995181,37.1,150.0,needle,10,0.5,0.034286274,-0.003198212,0.002144748,0.011077603,chrX_1967981-1968192__chrX_1994981-1995181,
neither,neither,/Users/jillianness/Desktop/SEbirthanalysis1024/new_LASTZ_analysis/enhancer_extraction/enhancer_pairs/FBgn0000636_vm/chr2L_18315739-18316039__chr2L_18332556-18332942,chr2L_18315739-18316039,chr2L_18332556-18332942,37.1,264.0,needle,10,0.5,0.092949439,0.021659248,0.019942963,0.04485055,chr2L_18315739-18316039__chr2L_18332556-18332942,
neither,neither,/Users/jillianness/Desktop/SEbirthanalysis1024/new_LASTZ_analysis/enhancer_extraction/enhancer_pairs/FBgn0020762_meso/chr2L_4282002-4282202__chr2L_4368795-4369066,chr2L_4282002-4282202,chr2L_4368795-4369066,37.1,190.5,needle,10,0.5,0.1169906596215874,0.069490487,0.065273512,0.08391822,chr2L_4282002-4282202__chr2L_4368795-4369066,
neither,neither,/Users/jillianness/Desktop/SEbirthanalysis1024/new_LASTZ_analysis/enhancer_extraction/enhancer_pairs/FBgn0037816_Spearman/chr3R_10383102-10383302__chr3R_10385663-10385863,chr3R_10383102-10383302,chr3R_10385663-10385863,37.1,146.5,needle,10,0.5,0.065671461,0.026095963,0.022541509,0.038102978,chr3R_10383102-10383302__chr3R_10385663-10385863,
neither,neither,/Users/jillianness/Desktop/SEbirthanalysis1024/new_LASTZ_analysis/enhancer_extraction/enhancer_pairs/FBgn0003118_Spearman/chr3R_23343757-23344225__chr3R_23347543-23347873,chr3R_23343757-23344225,chr3R_23347543-23347873,37.1,300.0,needle,10,0.5,0.1045136827101342,0.031632946,0.020181686,0.052109438,chr3R_23343757-23344225__chr3R_23347543-23347873,
neither,neither,/Users/jillianness/Desktop/SEbirthanalysis1024/new_LASTZ_analysis/enhancer_extraction/enhancer_pairs/FBgn0023540_vm/chrX_2097213-2097718__chrX_2124693-2125061,chrX_2097213-2097718,chrX_2124693-2125061,37.1,327.0,needle,10,0.5,0.1330905791011382,0.046655047,0.043620353,0.074455327,chrX_2097213-2097718__chrX_2124693-2125061,
neither,neither,/Users/jillianness/Desktop/SEbirthanalysis1024/new_LASTZ_analysis/enhancer_extraction/enhancer_pairs/FBgn0003984_vm/chr3L_5821284-5821579__chr3L_5825323-5825765,chr3L_5821284-5821579,chr3L_5825323-5825765,37.0,273.0,needle,10,0.5,0.1344626728423271,0.06377131,0.053062898,0.083765627,chr3L_5821284-5821579__chr3L_5825323-5825765,
neither,neither,/Users/jillianness/Desktop/SEbirthanalysis1024/new_LASTZ_analysis/enhancer_extraction/enhancer_pairs/FBgn0000479_sm/chrX_3035626-3035842__chrX_3256916-3257157,chrX_3035626-3035842,chrX_3256916-3257157,37.0,123.0,needle,10,0.5,0.04537584,0.003072827,-0.001793883,0.015551595,chrX_3035626-3035842__chrX_3256916-3257157,
neither,neither,/Users/jillianness/Desktop/SEbirthanalysis1024/new_LASTZ_analysis/enhancer_extraction/enhancer_pairs/FBgn0010424_sm/chr3L_17014763-17015190__chr3L_17019852-17020197,chr3L_17014763-17015190,chr3L_17019852-17020197,37.0,263.0,needle,10,0.5,0.066534023,-0.009357042,-0.003765609,0.017803791,chr3L_17014763-17015190__chr3L_17019852-17020197,
neither,neither,/Users/jillianness/Desktop/SEbirthanalysis1024/new_LASTZ_analysis/enhancer_extraction/enhancer_pairs/FBgn0016926_vm/chr2L_1074290-1074681__chr2L_1118230-1118839,chr2L_1074290-1074681,chr2L_1118230-1118839,37.0,437.5,needle,10,0.5,0.1951666175688466,0.1219910136544521,0.076632278,0.1312633031174136,chr2L_1074290-1074681__chr2L_1118230-1118839,
neither,neither,/Users/jillianness/Desktop/SEbirthanalysis1024/new_LASTZ_analysis/enhancer_extraction/enhancer_pairs/FBgn0038252_sm/chr3R_14675887-14676292__chr3R_14717274-14717609,chr3R_14675887-14676292,chr3R_14717274-14717609,37.0,309.5,needle,10,0.5,0.082003836,0.011394243,0.008678796,0.034025625,chr3R_14675887-14676292__chr3R_14717274-14717609,
neither,neither,/Users/jillianness/Desktop/SEbirthanalysis1024/new_LASTZ_analysis/enhancer_extraction/enhancer_pairs/FBgn0011656_sm/chr2R_9555902-9556546__chr2R_9562047-9562495,chr2R_9555902-9556546,chr2R_9562047-9562495,37.0,412.0,needle,10,0.5,0.1297232645314059,0.021448548,0.01389362,0.055021811,chr2R_9555902-9556546__chr2R_9562047-9562495,
neither,neither,/Users/jillianness/Desktop/SEbirthanalysis1024/new_LASTZ_analysis/enhancer_extraction/enhancer_pairs/FBgn0000463_Spearman/chr3R_19287679-19287954__chr3R_19332565-19332811,chr3R_19287679-19287954,chr3R_19332565-19332811,37.0,214.5,needle,10,0.5,0.071939749,0.018526541,0.018829069,0.036431786,chr3R_19287679-19287954__chr3R_19332565-19332811,
neither,neither,/Users/jillianness/Desktop/SEbirthanalysis1024/new_LASTZ_analysis/enhancer_extraction/enhancer_pairs/FBgn0000463_Spearman/chr3R_19343988-19344362__chr3R_19346468-19346888,chr3R_19343988-19344362,chr3R_19346468-19346888,37.0,310.5,needle,10,0.5,0.1328307167281328,0.05863612,0.030439192,0.073968676,chr3R_19343988-19344362__chr3R_19346468-19346888,
neither,neither,/Users/jillianness/Desktop/SEbirthanalysis1024/new_LASTZ_analysis/enhancer_extraction/enhancer_pairs/Abd-B/chr3R_16891893-16892448__chr3R_16921371-16921858,chr3R_16891893-16892448,chr3R_16921371-16921858,36.9,402.5,needle,10,0.5,0.1352250733397231,0.0332901,0.032702593,0.067072589,chr3R_16891893-16892448__chr3R_16921371-16921858,
neither,neither,/Users/jillianness/Desktop/SEbirthanalysis1024/new_LASTZ_analysis/enhancer_extraction/enhancer_pairs/FBgn0016930_vm/chr2L_14245654-14246036__chr2L_14267350-14267653,chr2L_14245654-14246036,chr2L_14267350-14267653,36.9,225.0,needle,10,0.5,0.083475049,0.015155171,0.014223308,0.037617843,chr2L_14245654-14246036__chr2L_14267350-14267653,
neither,neither,/Users/jillianness/Desktop/SEbirthanalysis1024/new_LASTZ_analysis/enhancer_extraction/enhancer_pairs/FBgn0000721_Spearman/chr2L_3609083-3609283__chr2L_3613425-3613748,chr2L_3609083-3609283,chr2L_3613425-3613748,36.9,178.5,needle,10,0.5,0.088728385,0.037057537,0.043671519,0.056485814,chr2L_3609083-3609283__chr2L_3613425-3613748,
neither,neither,/Users/jillianness/Desktop/SEbirthanalysis1024/new_LASTZ_analysis/enhancer_extraction/enhancer_pairs/FBgn0021768_sm/chr3L_16754916-16755182__chr3L_16775645-16775870,chr3L_16754916-16755182,chr3L_16775645-16775870,36.9,129.5,needle,10,0.5,0.036840472,-0.015611787,-0.020005489,0.000407732,chr3L_16754916-16755182__chr3L_16775645-16775870,
neither,neither,/Users/jillianness/Desktop/SEbirthanalysis1024/new_LASTZ_analysis/enhancer_extraction/enhancer_pairs/FBgn0020513_vm/chrX_12692632-12693074__chrX_12693668-12694287,chrX_12692632-12693074,chrX_12693668-12694287,36.9,325.5,needle,10,0.5,0.060403698,-0.005970492,-0.021200796,0.01107747,chrX_12692632-12693074__chrX_12693668-12694287,
neither,neither,/Users/jillianness/Desktop/SEbirthanalysis1024/new_LASTZ_analysis/enhancer_extraction/enhancer_pairs/FBgn0027088_sm/chr3L_15048542-15048758__chr3L_15058846-15059046,chr3L_15048542-15048758,chr3L_15058846-15059046,36.9,114.0,needle,10,0.5,0.02019827,-0.021251855,-0.017867655,-0.00630708,chr3L_15048542-15048758__chr3L_15058846-15059046,
neither,neither,/Users/jillianness/Desktop/SEbirthanalysis1024/new_LASTZ_analysis/enhancer_extraction/enhancer_pairs/FBgn0004456_sm/chrX_13128708-13129040__chrX_13217305-13217505,chrX_13128708-13129040,chrX_13217305-13217505,36.9,174.0,needle,10,0.5,0.044005643,-0.009178415,-0.007841066,0.008995388,chrX_13128708-13129040__chrX_13217305-13217505,
neither,neither,/Users/jillianness/Desktop/SEbirthanalysis1024/new_LASTZ_analysis/enhancer_extraction/enhancer_pairs/FBgn0000463_Spearman/chr3R_19326610-19326911__chr3R_19329924-19330208,chr3R_19326610-19326911,chr3R_19329924-19330208,36.9,199.5,needle,10,0.5,0.041359525,-0.015071388,-0.004924934,0.007121068,chr3R_19326610-19326911__chr3R_19329924-19330208,
Flank,Flank,/Users/jillianness/Desktop/SEbirthanalysis1024/new_LASTZ_analysis/enhancer_extraction/enhancer_pairs/FBgn0036460_Spearman/chr3L_14918179-14918521__chr3L_14922238-14922460,chr3L_14918179-14918521,chr3L_14922238-14922460,36.8,314.5,needle,10,0.5,0.1794500191296019,0.1400977579092147,0.1305578836012887,0.1500352202133684,chr3L_14918179-14918521__chr3L_14922238-14922460,
neither,neither,/Users/jillianness/Desktop/SEbirthanalysis1024/new_LASTZ_analysis/enhancer_extraction/enhancer_pairs/FBgn0000575_meso/chr3L_726050-726267__chr3L_726645-726923,chr3L_726050-726267,chr3L_726645-726923,36.8,174.0,needle,10,0.5,0.089572176,0.036568753,0.031501655,0.052547528,chr3L_726050-726267__chr3L_726645-726923,
neither,neither,/Users/jillianness/Desktop/SEbirthanalysis1024/new_LASTZ_analysis/enhancer_extraction/enhancer_pairs/FBgn0038293_sm/chr3R_15091554-15092117__chr3R_15121624-15122081,chr3R_15091554-15092117,chr3R_15121624-15122081,36.8,353.0,needle,10,0.5,0.1957645474194964,0.1106899519462794,0.064646022,0.1237001737477208,chr3R_15091554-15092117__chr3R_15121624-15122081,
neither,neither,/Users/jillianness/Desktop/SEbirthanalysis1024/new_LASTZ_analysis/enhancer_extraction/enhancer_pairs/FBgn0053207_sm/chr3R_15587263-15587689__chr3R_15664641-15665034,chr3R_15587263-15587689,chr3R_15664641-15665034,36.8,313.0,needle,10,0.5,0.1042192847433629,0.032436274,0.011026186,0.049227248,chr3R_15587263-15587689__chr3R_15664641-15665034,
neither,neither,/Users/jillianness/Desktop/SEbirthanalysis1024/new_LASTZ_analysis/enhancer_extraction/enhancer_pairs/FBgn0031505_vm_sm/chr2L_3108267-3108563__chr2L_3121835-3122035,chr2L_3108267-3108563,chr2L_3121835-3122035,36.8,208.0,needle,10,0.5,0.09706141,0.049780206,0.035526654,0.060789423,chr2L_3108267-3108563__chr2L_3121835-3122035,
neither,neither,/Users/jillianness/Desktop/SEbirthanalysis1024/new_LASTZ_analysis/enhancer_extraction/enhancer_pairs/FBgn0005771_meso/chr2L_14435741-14436213__chr2L_14446061-14446392,chr2L_14435741-14436213,chr2L_14446061-14446392,36.8,342.5,needle,10,0.5,0.078867583,0.004011329,0.003005729,0.028628214,chr2L_14435741-14436213__chr2L_14446061-14446392,
neither,neither,/Users/jillianness/Desktop/SEbirthanalysis1024/new_LASTZ_analysis/enhancer_extraction/enhancer_pairs/FBgn0014877_Spearman/chr2R_13188356-13188670__chr2R_13196419-13196619,chr2R_13188356-13188670,chr2R_13196419-13196619,36.8,214.0,needle,10,0.5,0.09123965,0.043716285,0.037624136,0.05752669,chr2R_13188356-13188670__chr2R_13196419-13196619,
neither,neither,/Users/jillianness/Desktop/SEbirthanalysis1024/new_LASTZ_analysis/enhancer_extraction/enhancer_pairs/FBgn0000116_Spearman/chr3L_9021970-9022336__chr3L_9024467-9024945,chr3L_9021970-9022336,chr3L_9024467-9024945,36.8,240.5,needle,10,0.5,0.076415043,-0.001391353,-0.003706592,0.023772366,chr3L_9021970-9022336__chr3L_9024467-9024945,
neither,neither,/Users/jillianness/Desktop/SEbirthanalysis1024/new_LASTZ_analysis/enhancer_extraction/enhancer_pairs/FBgn0001122_Spearman/chr2R_10099473-10099798__chr2R_10110809-10111161,chr2R_10099473-10099798,chr2R_10110809-10111161,36.8,255.5,needle,10,0.5,0.09106025,0.019902179,0.020031593,0.043664674,chr2R_10099473-10099798__chr2R_10110809-10111161,
neither,neither,/Users/jillianness/Desktop/SEbirthanalysis1024/new_LASTZ_analysis/enhancer_extraction/enhancer_pairs/FBgn0035144_vm_sm/chr3L_575897-576292__chr3L_593649-593985,chr3L_575897-576292,chr3L_593649-593985,36.7,276.0,needle,10,0.5,0.1060011359313421,0.037593859,0.048707821,0.064100939,chr3L_575897-576292__chr3L_593649-593985,
neither,neither,/Users/jillianness/Desktop/SEbirthanalysis1024/new_LASTZ_analysis/enhancer_extraction/enhancer_pairs/FBgn0040066_sm/chrX_2478545-2478872__chrX_2479970-2480240,chrX_2478545-2478872,chrX_2479970-2480240,36.7,186.5,needle,10,0.5,0.069748799,0.029458157,0.023205785,0.040804247,chrX_2478545-2478872__chrX_2479970-2480240,
neither,neither,/Users/jillianness/Desktop/SEbirthanalysis1024/new_LASTZ_analysis/enhancer_extraction/enhancer_pairs/FBgn0039039_sm/chr3R_23026747-23027256__chr3R_23038157-23038558,chr3R_23026747-23027256,chr3R_23038157-23038558,36.7,281.5,needle,10,0.5,0.097075459,0.008596564,0.0102619,0.038644641,chr3R_23026747-23027256__chr3R_23038157-23038558,
neither,neither,/Users/jillianness/Desktop/SEbirthanalysis1024/new_LASTZ_analysis/enhancer_extraction/enhancer_pairs/FBgn0031857_sm/chr2L_6751919-6752178__chr2L_6772280-6772480,chr2L_6751919-6752178,chr2L_6772280-6772480,36.7,180.0,needle,10,0.5,0.078248076,0.03250217,0.014588478,0.041779575,chr2L_6751919-6752178__chr2L_6772280-6772480,
neither,neither,/Users/jillianness/Desktop/SEbirthanalysis1024/new_LASTZ_analysis/enhancer_extraction/enhancer_pairs/FBgn0038546_vm/chr3R_17781166-17781592__chr3R_17785711-17786086,chr3R_17781166-17781592,chr3R_17785711-17786086,36.7,318.0,needle,10,0.5,0.1252284279757732,0.051168163,0.046119041,0.074171877,chr3R_17781166-17781592__chr3R_17785711-17786086,
neither,neither,/Users/jillianness/Desktop/SEbirthanalysis1024/new_LASTZ_analysis/enhancer_extraction/enhancer_pairs/FBgn0031959_sm/chr2L_7912619-7912927__chr2L_7915086-7915342,chr2L_7912619-7912927,chr2L_7915086-7915342,36.7,178.0,needle,10,0.5,0.1105315102611406,0.058316145,0.054642544,0.074496733,chr2L_7912619-7912927__chr2L_7915086-7915342,
neither,neither,/Users/jillianness/Desktop/SEbirthanalysis1024/new_LASTZ_analysis/enhancer_extraction/enhancer_pairs/FBgn0003866_meso/chr2L_21797958-21798158__chr2L_21835079-21835348,chr2L_21797958-21798158,chr2L_21835079-21835348,36.7,145.0,needle,10,0.5,0.050449222,0.005410112,-0.011688496,0.014723613,chr2L_21797958-21798158__chr2L_21835079-21835348,
neither,neither,/Users/jillianness/Desktop/SEbirthanalysis1024/new_LASTZ_analysis/enhancer_extraction/enhancer_pairs/FBgn0027339_sm/chr3L_22773634-22773848__chr3L_22788539-22788804,chr3L_22773634-22773848,chr3L_22788539-22788804,36.7,167.0,needle,10,0.5,0.051862436,-0.001123642,-0.001581718,0.016385692,chr3L_22773634-22773848__chr3L_22788539-22788804,
neither,neither,/Users/jillianness/Desktop/SEbirthanalysis1024/new_LASTZ_analysis/enhancer_extraction/enhancer_pairs/FBgn0035153_sm/chr3L_647134-647334__chr3L_691733-692030,chr3L_647134-647334,chr3L_691733-692030,36.7,190.5,needle,10,0.5,0.1111111111111111,0.069016763,0.025133472,0.068420449,chr3L_647134-647334__chr3L_691733-692030,
neither,neither,/Users/jillianness/Desktop/SEbirthanalysis1024/new_LASTZ_analysis/enhancer_extraction/enhancer_pairs/FBgn0000015_sm/chr3R_16904976-16905213__chr3R_16969808-16970008,chr3R_16904976-16905213,chr3R_16969808-16970008,36.7,168.5,needle,10,0.5,0.084911079,0.044179136,0.043434236,0.05750815,chr3R_16904976-16905213__chr3R_16969808-16970008,
neither,neither,/Users/jillianness/Desktop/SEbirthanalysis1024/new_LASTZ_analysis/enhancer_extraction/enhancer_pairs/FBgn0036460_Spearman/chr3L_14918179-14918521__chr3L_14932705-14933060,chr3L_14918179-14918521,chr3L_14932705-14933060,36.7,294.5,needle,10,0.5,0.181235143,0.1321268416895856,0.084661275,0.1326744200339123,chr3L_14918179-14918521__chr3L_14932705-14933060,
neither,neither,/Users/jillianness/Desktop/SEbirthanalysis1024/new_LASTZ_analysis/enhancer_extraction/enhancer_pairs/FBgn0004167_vm/chr3L_3320367-3320567__chr3L_3322687-3323052,chr3L_3320367-3320567,chr3L_3322687-3323052,36.7,239.5,needle,10,0.5,0.053624121,-0.00817258,-0.005199982,0.013417186,chr3L_3320367-3320567__chr3L_3322687-3323052,
neither,neither,/Users/jillianness/Desktop/SEbirthanalysis1024/new_LASTZ_analysis/enhancer_extraction/enhancer_pairs/FBgn0004606_Spearman/chr3R_30765989-30766189__chr3R_30794867-30795176,chr3R_30765989-30766189,chr3R_30794867-30795176,36.7,168.0,needle,10,0.5,0.063752872,0.013181833,0.00839873,0.028444479,chr3R_30765989-30766189__chr3R_30794867-30795176,
neither,neither,/Users/jillianness/Desktop/SEbirthanalysis1024/new_LASTZ_analysis/enhancer_extraction/enhancer_pairs/FBgn0028369_Spearman/chrX_3102934-3103204__chrX_3124946-3125240,chrX_3102934-3103204,chrX_3124946-3125240,36.7,228.0,needle,10,0.5,0.078003551,0.033980315,0.049045515,0.05367646,chrX_3102934-3103204__chrX_3124946-3125240,
neither,neither,/Users/jillianness/Desktop/SEbirthanalysis1024/new_LASTZ_analysis/enhancer_extraction/enhancer_pairs/FBgn0001186_sm/chrX_9537260-9537482__chrX_9609591-9609868,chrX_9537260-9537482,chrX_9609591-9609868,36.7,171.0,needle,10,0.5,0.054070996,0.00224311,0.010135042,0.022149716,chrX_9537260-9537482__chrX_9609591-9609868,
neither,neither,/Users/jillianness/Desktop/SEbirthanalysis1024/new_LASTZ_analysis/enhancer_extraction/enhancer_pairs/FBgn0025874_sm/chr3L_13886841-13887250__chr3L_13892257-13892580,chr3L_13886841-13887250,chr3L_13892257-13892580,36.6,207.5,needle,10,0.5,0.09081355,0.026315493,0.039592694,0.052240579,chr3L_13886841-13887250__chr3L_13892257-13892580,
neither,neither,/Users/jillianness/Desktop/SEbirthanalysis1024/new_LASTZ_analysis/enhancer_extraction/enhancer_pairs/FBgn0040305_vm/chr3L_9413206-9413480__chr3L_9413658-9413858,chr3L_9413206-9413480,chr3L_9413658-9413858,36.6,190.5,needle,10,0.5,0.031035039,-0.019626268,-0.01772865,-0.002106626,chr3L_9413206-9413480__chr3L_9413658-9413858,
neither,neither,/Users/jillianness/Desktop/SEbirthanalysis1024/new_LASTZ_analysis/enhancer_extraction/enhancer_pairs/esg/chr2L_15323946-15324408__chr2L_15333222-15333912,chr2L_15323946-15324408,chr2L_15333222-15333912,36.6,446.0,needle,10,0.5,0.1807787024991267,0.083570346,0.077300319,0.1138831222700077,chr2L_15323946-15324408__chr2L_15333222-15333912,
neither,neither,/Users/jillianness/Desktop/SEbirthanalysis1024/new_LASTZ_analysis/enhancer_extraction/enhancer_pairs/FBgn0004456_sm/chrX_13128708-13129040__chrX_13217664-13218019,chrX_13128708-13129040,chrX_13217664-13218019,36.6,251.5,needle,10,0.5,0.047275644,-0.020110436,-0.014867225,0.004099327,chrX_13128708-13129040__chrX_13217664-13218019,
neither,neither,/Users/jillianness/Desktop/SEbirthanalysis1024/new_LASTZ_analysis/enhancer_extraction/enhancer_pairs/FBgn0004606_Spearman/chr3R_30732121-30732337__chr3R_30765989-30766189,chr3R_30732121-30732337,chr3R_30765989-30766189,36.6,147.0,needle,10,0.5,0.083752468,0.041303855,0.038377115,0.054477813,chr3R_30732121-30732337__chr3R_30765989-30766189,
neither,neither,/Users/jillianness/Desktop/SEbirthanalysis1024/new_LASTZ_analysis/enhancer_extraction/enhancer_pairs/FBgn0003997_Spearman/chr3L_18177706-18178000__chr3L_18241081-18241477,chr3L_18177706-18178000,chr3L_18241081-18241477,36.6,234.5,needle,10,0.5,0.085741477,0.0151606,0.013726042,0.038209373,chr3L_18177706-18178000__chr3L_18241081-18241477,
neither,neither,/Users/jillianness/Desktop/SEbirthanalysis1024/new_LASTZ_analysis/enhancer_extraction/enhancer_pairs/FBgn0003285_Spearman/chrX_3059091-3059476__chrX_3103691-3103945,chrX_3059091-3059476,chrX_3103691-3103945,36.6,261.0,needle,10,0.5,0.1180747998380277,0.063918666,0.070349811,0.084114425,chrX_3059091-3059476__chrX_3103691-3103945,
neither,neither,/Users/jillianness/Desktop/SEbirthanalysis1024/new_LASTZ_analysis/enhancer_extraction/enhancer_pairs/FBgn0000463_Spearman/chr3R_19317230-19317464__chr3R_19346468-19346888,chr3R_19317230-19317464,chr3R_19346468-19346888,36.6,233.0,needle,10,0.5,0.061073658,-0.003575563,0.000327833,0.019275309,chr3R_19317230-19317464__chr3R_19346468-19346888,
neither,neither,/Users/jillianness/Desktop/SEbirthanalysis1024/new_LASTZ_analysis/enhancer_extraction/enhancer_pairs/FBgn0004858_Spearman/chr2L_14446061-14446392__chr2L_14484848-14485326,chr2L_14446061-14446392,chr2L_14484848-14485326,36.5,277.5,needle,10,0.5,0.1229374064345171,0.051022767,0.054673157,0.07621111,chr2L_14446061-14446392__chr2L_14484848-14485326,
neither,neither,/Users/jillianness/Desktop/SEbirthanalysis1024/new_LASTZ_analysis/enhancer_extraction/enhancer_pairs/FBgn0005631_sm/chr2R_22298445-22298713__chr2R_22320703-22320999,chr2R_22298445-22298713,chr2R_22320703-22320999,36.5,201.0,needle,10,0.5,0.096973704,0.042784178,0.042610298,0.060789393,chr2R_22298445-22298713__chr2R_22320703-22320999,
neither,neither,/Users/jillianness/Desktop/SEbirthanalysis1024/new_LASTZ_analysis/enhancer_extraction/enhancer_pairs/FBgn0000636_vm/chr2L_18329506-18330029__chr2L_18332556-18332942,chr2L_18329506-18330029,chr2L_18332556-18332942,36.5,417.0,needle,10,0.5,0.1475273577102676,0.066651615,0.053559163,0.089246045,chr2L_18329506-18330029__chr2L_18332556-18332942,
neither,neither,/Users/jillianness/Desktop/SEbirthanalysis1024/new_LASTZ_analysis/enhancer_extraction/enhancer_pairs/FBgn0039667_Spearman/chr3R_29510492-29510976__chr3R_29511283-29511790,chr3R_29510492-29510976,chr3R_29511283-29511790,36.5,349.5,needle,10,0.5,0.1522597758858419,0.065262712,0.062389306,0.093303931,chr3R_29510492-29510976__chr3R_29511283-29511790,
neither,neither,/Users/jillianness/Desktop/SEbirthanalysis1024/new_LASTZ_analysis/enhancer_extraction/enhancer_pairs/FBgn0003118_Spearman/chr3R_23300278-23300772__chr3R_23347543-23347873,chr3R_23300278-23300772,chr3R_23347543-23347873,36.5,295.5,needle,10,0.5,0.1083396997212413,0.038680969,0.031831844,0.059617504,chr3R_23300278-23300772__chr3R_23347543-23347873,
neither,neither,/Users/jillianness/Desktop/SEbirthanalysis1024/new_LASTZ_analysis/enhancer_extraction/enhancer_pairs/FBgn0036282_sm/chr3L_12382640-12382989__chr3L_12389231-12389431,chr3L_12382640-12382989,chr3L_12389231-12389431,36.5,162.0,needle,10,0.5,0.088604261,0.040666853,0.029286004,0.052852373,chr3L_12382640-12382989__chr3L_12389231-12389431,
neither,neither,/Users/jillianness/Desktop/SEbirthanalysis1024/new_LASTZ_analysis/enhancer_extraction/enhancer_pairs/FBgn0036460_Spearman/chr3L_14941342-14941625__chr3L_14948136-14948479,chr3L_14941342-14941625,chr3L_14948136-14948479,36.5,211.5,needle,10,0.5,0.07098607,0.006256047,0.008261159,0.028501092,chr3L_14941342-14941625__chr3L_14948136-14948479,
neither,neither,/Users/jillianness/Desktop/SEbirthanalysis1024/new_LASTZ_analysis/enhancer_extraction/enhancer_pairs/FBgn0029939_Spearman/chrX_7048274-7048583__chrX_7140434-7140797,chrX_7048274-7048583,chrX_7140434-7140797,36.5,208.5,needle,10,0.5,0.087826791,0.026424165,0.041010637,0.051753864,chrX_7048274-7048583__chrX_7140434-7140797,
neither,neither,/Users/jillianness/Desktop/SEbirthanalysis1024/new_LASTZ_analysis/enhancer_extraction/enhancer_pairs/FBgn0004652_sm/chr3R_18399087-18399506__chr3R_18412271-18412574,chr3R_18399087-18399506,chr3R_18412271-18412574,36.4,272.5,needle,10,0.5,0.1252202739550507,0.059670788,0.046918805,0.077269956,chr3R_18399087-18399506__chr3R_18412271-18412574,
neither,neither,/Users/jillianness/Desktop/SEbirthanalysis1024/new_LASTZ_analysis/enhancer_extraction/enhancer_pairs/FBgn0004858_Spearman/chr2L_14443791-14444179__chr2L_14446061-14446392,chr2L_14443791-14444179,chr2L_14446061-14446392,36.4,266.0,needle,10,0.5,0.1094476139658431,0.049622928,0.047993032,0.069021191,chr2L_14443791-14444179__chr2L_14446061-14446392,
neither,neither,/Users/jillianness/Desktop/SEbirthanalysis1024/new_LASTZ_analysis/enhancer_extraction/enhancer_pairs/FBgn0264001_vm/chr3L_13655496-13656117__chr3L_13834627-13835094,chr3L_13655496-13656117,chr3L_13834627-13835094,36.4,415.0,needle,10,0.5,0.1477881927798124,0.049252561,0.05390847,0.083649741,chr3L_13655496-13656117__chr3L_13834627-13835094,
neither,neither,/Users/jillianness/Desktop/SEbirthanalysis1024/new_LASTZ_analysis/enhancer_extraction/enhancer_pairs/FBgn0000014_Spearman/chr3R_16802761-16803112__chr3R_16878885-16879147,chr3R_16802761-16803112,chr3R_16878885-16879147,36.4,195.5,needle,10,0.5,0.082229263,0.019743264,0.023576428,0.041849652,chr3R_16802761-16803112__chr3R_16878885-16879147,
neither,neither,/Users/jillianness/Desktop/SEbirthanalysis1024/new_LASTZ_analysis/enhancer_extraction/enhancer_pairs/FBgn0016694_sm/chr3L_7762555-7762755__chr3L_7818834-7819086,chr3L_7762555-7762755,chr3L_7818834-7819086,36.4,157.0,needle,10,0.5,0.072962485,0.038638777,0.019932496,0.043844586,chr3L_7762555-7762755__chr3L_7818834-7819086,
neither,neither,/Users/jillianness/Desktop/SEbirthanalysis1024/new_LASTZ_analysis/enhancer_extraction/enhancer_pairs/FBgn0028369_Spearman/chrX_3100007-3100398__chrX_3103691-3103945,chrX_3100007-3100398,chrX_3103691-3103945,36.4,199.0,needle,10,0.5,0.073995656,0.038493536,0.075608099,0.062699097,chrX_3100007-3100398__chrX_3103691-3103945,
neither,neither,/Users/jillianness/Desktop/SEbirthanalysis1024/new_LASTZ_analysis/enhancer_extraction/enhancer_pairs/FBgn0038252_sm/chr3R_14713950-14714458__chr3R_14717274-14717609,chr3R_14713950-14714458,chr3R_14717274-14717609,36.4,302.0,needle,10,0.5,0.090420372,0.01690959,0.02334465,0.043558204,chr3R_14713950-14714458__chr3R_14717274-14717609,
neither,neither,/Users/jillianness/Desktop/SEbirthanalysis1024/new_LASTZ_analysis/enhancer_extraction/enhancer_pairs/FBgn0000046_vm/chr3R_13424734-13425026__chr3R_13448995-13449256,chr3R_13424734-13425026,chr3R_13448995-13449256,36.4,183.0,needle,10,0.5,0.079189298,0.023720037,0.024272652,0.042393996,chr3R_13424734-13425026__chr3R_13448995-13449256,
neither,neither,/Users/jillianness/Desktop/SEbirthanalysis1024/new_LASTZ_analysis/enhancer_extraction/enhancer_pairs/FBgn0000463_Spearman/chr3R_19343988-19344362__chr3R_19350401-19350687,chr3R_19343988-19344362,chr3R_19350401-19350687,36.4,267.0,needle,10,0.5,0.1050353675880588,0.041326098,0.03146791,0.059276459,chr3R_19343988-19344362__chr3R_19350401-19350687,
neither,neither,/Users/jillianness/Desktop/SEbirthanalysis1024/new_LASTZ_analysis/enhancer_extraction/enhancer_pairs/FBgn0002561_Spearman/chrX_374797-375243__chrX_421493-421767,chrX_374797-375243,chrX_421493-421767,36.3,317.5,needle,10,0.5,0.1134226951619385,0.04538868,0.035686303,0.064832559,chrX_374797-375243__chrX_421493-421767,
neither,neither,/Users/jillianness/Desktop/SEbirthanalysis1024/new_LASTZ_analysis/enhancer_extraction/enhancer_pairs/FBgn0036133_vm/chr3L_11099385-11099783__chr3L_11100667-11101152,chr3L_11099385-11099783,chr3L_11100667-11101152,36.3,353.0,needle,10,0.5,0.1458973304832155,0.058025586,0.058323815,0.087415577,chr3L_11099385-11099783__chr3L_11100667-11101152,
neither,neither,/Users/jillianness/Desktop/SEbirthanalysis1024/new_LASTZ_analysis/enhancer_extraction/enhancer_pairs/FBgn0016715_sm/chr3L_597378-597923__chr3L_618388-618844,chr3L_597378-597923,chr3L_618388-618844,36.3,323.5,needle,10,0.5,0.07787201,-0.022910544,-0.013704551,0.013752305,chr3L_597378-597923__chr3L_618388-618844,
neither,neither,/Users/jillianness/Desktop/SEbirthanalysis1024/new_LASTZ_analysis/enhancer_extraction/enhancer_pairs/FBgn0032497_sm/chr2L_13254815-13255036__chr2L_13260602-13260802,chr2L_13254815-13255036,chr2L_13260602-13260802,36.3,161.5,needle,10,0.5,0.042299277,-0.001252433,-0.002097554,0.012983097,chr2L_13254815-13255036__chr2L_13260602-13260802,
neither,neither,/Users/jillianness/Desktop/SEbirthanalysis1024/new_LASTZ_analysis/enhancer_extraction/enhancer_pairs/FBgn0000479_sm/chrX_3035626-3035842__chrX_3096802-3097002,chrX_3035626-3035842,chrX_3096802-3097002,36.3,142.0,needle,10,0.5,0.020890534,-0.022007306,-0.019962548,-0.00702644,chrX_3035626-3035842__chrX_3096802-3097002,
neither,neither,/Users/jillianness/Desktop/SEbirthanalysis1024/new_LASTZ_analysis/enhancer_extraction/enhancer_pairs/FBgn0037816_Spearman/chr3R_10385663-10385863__chr3R_10386663-10386863,chr3R_10385663-10385863,chr3R_10386663-10386863,36.3,157.5,needle,10,0.5,0.093168488,0.052182636,0.047686791,0.064345972,chr3R_10385663-10385863__chr3R_10386663-10386863,
neither,neither,/Users/jillianness/Desktop/SEbirthanalysis1024/new_LASTZ_analysis/enhancer_extraction/enhancer_pairs/FBgn0003997_Spearman/chr3L_18188992-18189399__chr3L_18244888-18245144,chr3L_18188992-18189399,chr3L_18244888-18245144,36.3,257.0,needle,10,0.5,0.1516399449379285,0.095405952,0.1147422058937736,0.1205960341839969,chr3L_18188992-18189399__chr3L_18244888-18245144,
neither,neither,/Users/jillianness/Desktop/SEbirthanalysis1024/new_LASTZ_analysis/enhancer_extraction/enhancer_pairs/FBgn0000463_Spearman/chr3R_19287679-19287954__chr3R_19343988-19344362,chr3R_19287679-19287954,chr3R_19343988-19344362,36.3,218.5,needle,10,0.5,0.068167548,0.004698072,0.007562919,0.026809513,chr3R_19287679-19287954__chr3R_19343988-19344362,
Flank,Flank,/Users/jillianness/Desktop/SEbirthanalysis1024/new_LASTZ_analysis/enhancer_extraction/enhancer_pairs/FBgn0053207_sm/chr3R_15639984-15640424__chr3R_15664641-15665034,chr3R_15639984-15640424,chr3R_15664641-15665034,36.2,279.0,needle,10,0.5,0.058071921,-0.018075993,-0.012119438,0.009292164,chr3R_15639984-15640424__chr3R_15664641-15665034,
neither,neither,/Users/jillianness/Desktop/SEbirthanalysis1024/new_LASTZ_analysis/enhancer_extraction/enhancer_pairs/FBgn0032961_Spearman/chr2L_21839073-21839412__chr2L_21840673-21841262,chr2L_21839073-21839412,chr2L_21840673-21841262,36.2,356.0,needle,10,0.5,0.1125910687365881,0.020497252,0.021740709,0.051609677,chr2L_21839073-21839412__chr2L_21840673-21841262,
neither,neither,/Users/jillianness/Desktop/SEbirthanalysis1024/new_LASTZ_analysis/enhancer_extraction/enhancer_pairs/FBgn0000014_Spearman/chr3R_16764121-16764485__chr3R_16802761-16803112,chr3R_16764121-16764485,chr3R_16802761-16803112,36.2,236.0,needle,10,0.5,0.088052654,0.01912743,0.015370526,0.040850203,chr3R_16764121-16764485__chr3R_16802761-16803112,
neither,neither,/Users/jillianness/Desktop/SEbirthanalysis1024/new_LASTZ_analysis/enhancer_extraction/enhancer_pairs/FBgn0000014_Spearman/chr3R_16802761-16803112__chr3R_16920451-16920854,chr3R_16802761-16803112,chr3R_16920451-16920854,36.2,327.0,needle,10,0.5,0.1310874896069593,0.058286009,0.060181059,0.083184853,chr3R_16802761-16803112__chr3R_16920451-16920854,
neither,neither,/Users/jillianness/Desktop/SEbirthanalysis1024/new_LASTZ_analysis/enhancer_extraction/enhancer_pairs/FBgn0003721_Spearman/chr3R_15282470-15282698__chr3R_15310903-15311103,chr3R_15282470-15282698,chr3R_15310903-15311103,36.2,162.5,needle,10,0.5,0.068553403,0.026902705,0.022516988,0.039324365,chr3R_15282470-15282698__chr3R_15310903-15311103,
neither,neither,/Users/jillianness/Desktop/SEbirthanalysis1024/new_LASTZ_analysis/enhancer_extraction/enhancer_pairs/FBgn0010379_sm/chr3R_16073986-16074304__chr3R_16094907-16095107,chr3R_16073986-16074304,chr3R_16094907-16095107,36.2,169.0,needle,10,0.5,0.1110916921204623,0.062640978,0.064859604,0.079530758,chr3R_16073986-16074304__chr3R_16094907-16095107,
neither,neither,/Users/jillianness/Desktop/SEbirthanalysis1024/new_LASTZ_analysis/enhancer_extraction/enhancer_pairs/FBgn0000406_vm_sm/chr2L_16763500-16763743__chr2L_16764311-16764631,chr2L_16763500-16763743,chr2L_16764311-16764631,36.2,189.5,needle,10,0.5,0.054207086,-0.008324027,-0.004013419,0.013956547,chr2L_16763500-16763743__chr2L_16764311-16764631,
neither,neither,/Users/jillianness/Desktop/SEbirthanalysis1024/new_LASTZ_analysis/enhancer_extraction/enhancer_pairs/FBgn0000636_vm/chr2L_18315739-18316039__chr2L_18331524-18331944,chr2L_18315739-18316039,chr2L_18331524-18331944,36.2,243.0,needle,10,0.5,0.1445303288799733,0.089145832,0.098863948,0.1108467030345377,chr2L_18315739-18316039__chr2L_18331524-18331944,
neither,neither,/Users/jillianness/Desktop/SEbirthanalysis1024/new_LASTZ_analysis/enhancer_extraction/enhancer_pairs/FBgn0003997_vm/chr3L_18223141-18223473__chr3L_18253096-18253493,chr3L_18223141-18223473,chr3L_18253096-18253493,36.2,254.0,needle,10,0.5,0.096294151,0.029849469,0.033342127,0.053161916,chr3L_18223141-18223473__chr3L_18253096-18253493,
neither,neither,/Users/jillianness/Desktop/SEbirthanalysis1024/new_LASTZ_analysis/enhancer_extraction/enhancer_pairs/FBgn0003997_Spearman/chr3L_18193476-18193931__chr3L_18244888-18245144,chr3L_18193476-18193931,chr3L_18244888-18245144,36.2,301.0,needle,10,0.5,0.1510976808030269,0.095759807,0.084718181,0.1105252229391282,chr3L_18193476-18193931__chr3L_18244888-18245144,
neither,neither,/Users/jillianness/Desktop/SEbirthanalysis1024/new_LASTZ_analysis/enhancer_extraction/enhancer_pairs/FBgn0028369_Spearman/chrX_3102934-3103204__chrX_3123638-3124075,chrX_3102934-3103204,chrX_3123638-3124075,36.2,276.5,needle,10,0.5,0.1592666984112062,0.099771018,0.099647732,0.1195618161580819,chrX_3102934-3103204__chrX_3123638-3124075,
enhancer_hit,enhancer_hit,/Users/jillianness/Desktop/SEbirthanalysis1024/new_LASTZ_analysis/enhancer_extraction/enhancer_pairs/FBgn0261286_vm/chr3R_16249888-16250609__chr3R_16281158-16281613,chr3R_16249888-16250609,chr3R_16281158-16281613,36.1,492.5,needle,10,0.5,0.253345288,0.1840542708749097,0.1443145292776176,0.1939046962024454,chr3R_16249888-16250609__chr3R_16281158-16281613,
enhancer_hit,enhancer_hit,/Users/jillianness/Desktop/SEbirthanalysis1024/new_LASTZ_analysis/enhancer_extraction/enhancer_pairs/FBgn0001250_Spearman/chrX_16714138-16714498__chrX_16714979-16715355,chrX_16714138-16714498,chrX_16714979-16715355,36.1,271.5,needle,10,0.5,0.1021199235811107,0.046241237,0.021348972,0.056570044,chrX_16714138-16714498__chrX_16714979-16715355,
neither,neither,/Users/jillianness/Desktop/SEbirthanalysis1024/new_LASTZ_analysis/enhancer_extraction/enhancer_pairs/FBgn0004858_Spearman/chr2L_14446061-14446392__chr2L_14481618-14482010,chr2L_14446061-14446392,chr2L_14481618-14482010,36.1,256.0,needle,10,0.5,0.090686217,0.024215592,0.033039844,0.049313884,chr2L_14446061-14446392__chr2L_14481618-14482010,
neither,neither,/Users/jillianness/Desktop/SEbirthanalysis1024/new_LASTZ_analysis/enhancer_extraction/enhancer_pairs/FBgn0000575_meso/chr3L_709891-710336__chr3L_726645-726923,chr3L_709891-710336,chr3L_726645-726923,36.1,265.0,needle,10,0.5,0.065938506,-0.012397817,-0.011955874,0.013861605,chr3L_709891-710336__chr3L_726645-726923,
neither,neither,/Users/jillianness/Desktop/SEbirthanalysis1024/new_LASTZ_analysis/enhancer_extraction/enhancer_pairs/FBgn0264001_vm/chr3L_13500764-13501176__chr3L_13641091-13641350,chr3L_13500764-13501176,chr3L_13641091-13641350,36.1,268.0,needle,10,0.5,0.083664205,0.018955404,0.024804427,0.042474679,chr3L_13500764-13501176__chr3L_13641091-13641350,
neither,neither,/Users/jillianness/Desktop/SEbirthanalysis1024/new_LASTZ_analysis/enhancer_extraction/enhancer_pairs/FBgn0004169_vm_sm/chrX_13541354-13541663__chrX_13566080-13566336,chrX_13541354-13541663,chrX_13566080-13566336,36.1,235.0,needle,10,0.5,0.1212477548060154,0.068675773,0.068939009,0.086287513,chrX_13541354-13541663__chrX_13566080-13566336,
neither,neither,/Users/jillianness/Desktop/SEbirthanalysis1024/new_LASTZ_analysis/enhancer_extraction/enhancer_pairs/FBgn0040071_Spearman/chr3R_16235670-16236148__chr3R_16254794-16255607,chr3R_16235670-16236148,chr3R_16254794-16255607,36.1,471.5,needle,10,0.5,0.2152712385968773,0.1247056026996303,0.1241181680056282,0.1546983364340452,chr3R_16235670-16236148__chr3R_16254794-16255607,
neither,neither,/Users/jillianness/Desktop/SEbirthanalysis1024/new_LASTZ_analysis/enhancer_extraction/enhancer_pairs/vnd/chrX_583829-584563__chrX_586878-588097,chrX_583829-584563,chrX_586878-588097,36.1,663.0,needle,10,0.5,0.2760804876481506,0.130128532,0.1062389581369592,0.1708159926788319,chrX_583829-584563__chrX_586878-588097,
neither,neither,/Users/jillianness/Desktop/SEbirthanalysis1024/new_LASTZ_analysis/enhancer_extraction/enhancer_pairs/FBgn0014877_Spearman/chr2R_13192033-13192233__chr2R_13196419-13196619,chr2R_13192033-13192233,chr2R_13196419-13196619,36.1,124.0,needle,10,0.5,0.041711952,0.003110512,0.001872084,0.015564849,chr2R_13192033-13192233__chr2R_13196419-13196619,
neither,neither,/Users/jillianness/Desktop/SEbirthanalysis1024/new_LASTZ_analysis/enhancer_extraction/enhancer_pairs/FBgn0003118_Spearman/chr3R_23300984-23301221__chr3R_23347543-23347873,chr3R_23300984-23301221,chr3R_23347543-23347873,36.1,177.0,needle,10,0.5,0.084025379,0.030496861,0.033423632,0.049315291,chr3R_23300984-23301221__chr3R_23347543-23347873,
neither,neither,/Users/jillianness/Desktop/SEbirthanalysis1024/new_LASTZ_analysis/enhancer_extraction/enhancer_pairs/FBgn0016930_Spearman/chr2L_14261983-14262284__chr2L_14265078-14265431,chr2L_14261983-14262284,chr2L_14265078-14265431,36.1,256.0,needle,10,0.5,0.1167803254271676,0.053618156,0.074209437,0.081535973,chr2L_14261983-14262284__chr2L_14265078-14265431,
Flank,Flank,/Users/jillianness/Desktop/SEbirthanalysis1024/new_LASTZ_analysis/enhancer_extraction/enhancer_pairs/FBgn0030451_sm/chrX_13051960-13052281__chrX_13078529-13078729,chrX_13051960-13052281,chrX_13078529-13078729,36.0,231.0,needle,10,0.5,0.1914460334151826,0.1461412896883866,0.1286655482397433,0.1554176237811041,chrX_13051960-13052281__chrX_13078529-13078729,
neither,neither,/Users/jillianness/Desktop/SEbirthanalysis1024/new_LASTZ_analysis/enhancer_extraction/enhancer_pairs/FBgn0016794_vm/chr3L_2566292-2566652__chr3L_2568872-2569202,chr3L_2566292-2566652,chr3L_2568872-2569202,36.0,244.5,needle,10,0.5,0.069076336,0.020234179,0.010740183,0.033350233,chr3L_2566292-2566652__chr3L_2568872-2569202,
neither,neither,/Users/jillianness/Desktop/SEbirthanalysis1024/new_LASTZ_analysis/enhancer_extraction/enhancer_pairs/FBgn0016041_sm/chrX_7655607-7655855__chrX_7657369-7657569,chrX_7655607-7655855,chrX_7657369-7657569,36.0,192.0,needle,10,0.5,0.090117663,0.05211436,0.030458795,0.057563606,chrX_7655607-7655855__chrX_7657369-7657569,
neither,neither,/Users/jillianness/Desktop/SEbirthanalysis1024/new_LASTZ_analysis/enhancer_extraction/enhancer_pairs/FBgn0264001_vm/chr3L_13500764-13501176__chr3L_13834627-13835094,chr3L_13500764-13501176,chr3L_13834627-13835094,36.0,193.0,needle,10,0.5,0.078956655,-0.005829229,-0.005700307,0.022475706,chr3L_13500764-13501176__chr3L_13834627-13835094,
neither,neither,/Users/jillianness/Desktop/SEbirthanalysis1024/new_LASTZ_analysis/enhancer_extraction/enhancer_pairs/FBgn0035656_Spearman/chr3L_5963004-5963247__chr3L_5982072-5982272,chr3L_5963004-5963247,chr3L_5982072-5982272,36.0,194.0,needle,10,0.5,0.068833245,0.024064122,0.032048052,0.041648473,chr3L_5963004-5963247__chr3L_5982072-5982272,
neither,neither,/Users/jillianness/Desktop/SEbirthanalysis1024/new_LASTZ_analysis/enhancer_extraction/enhancer_pairs/FBgn0016930_sm/chr2L_14238009-14238297__chr2L_14265078-14265431,chr2L_14238009-14238297,chr2L_14265078-14265431,36.0,211.0,needle,10,0.5,0.075786475,0.011455677,0.003442615,0.030228255,chr2L_14238009-14238297__chr2L_14265078-14265431,
neither,neither,/Users/jillianness/Desktop/SEbirthanalysis1024/new_LASTZ_analysis/enhancer_extraction/enhancer_pairs/FBgn0036152_sm/chr3L_11238445-11238797__chr3L_11355874-11356295,chr3L_11238445-11238797,chr3L_11355874-11356295,36.0,288.0,needle,10,0.5,0.097513645,0.029485792,0.031791154,0.052930197,chr3L_11238445-11238797__chr3L_11355874-11356295,
neither,neither,/Users/jillianness/Desktop/SEbirthanalysis1024/new_LASTZ_analysis/enhancer_extraction/enhancer_pairs/FBgn0028369_Spearman/chrX_3100007-3100398__chrX_3123638-3124075,chrX_3100007-3100398,chrX_3123638-3124075,36.0,261.5,needle,10,0.5,0.123725609,0.075285718,0.073348026,0.090786451,chrX_3100007-3100398__chrX_3123638-3124075,
enhancer_hit,enhancer_hit,/Users/jillianness/Desktop/SEbirthanalysis1024/new_LASTZ_analysis/enhancer_extraction/enhancer_pairs/FBgn0000014_vm/chr3R_16813228-16813680__chr3R_16841943-16842333,chr3R_16813228-16813680,chr3R_16841943-16842333,35.9,346.5,needle,10,0.5,0.106617588,0.033218839,0.034762058,0.058199495,chr3R_16813228-16813680__chr3R_16841943-16842333,
neither,neither,/Users/jillianness/Desktop/SEbirthanalysis1024/new_LASTZ_analysis/enhancer_extraction/enhancer_pairs/FBgn0000575_meso/chr3L_723323-723674__chr3L_731320-731606,chr3L_723323-723674,chr3L_731320-731606,35.9,218.5,needle,10,0.5,0.087441486,0.024146001,0.027006861,0.046198116,chr3L_723323-723674__chr3L_731320-731606,
neither,neither,/Users/jillianness/Desktop/SEbirthanalysis1024/new_LASTZ_analysis/enhancer_extraction/enhancer_pairs/FBgn0003062_sm/chr2R_22669923-22670415__chr2R_22692057-22692354,chr2R_22669923-22670415,chr2R_22692057-22692354,35.9,289.0,needle,10,0.5,0.1081530800513055,0.027045868,0.027057133,0.05408536,chr2R_22669923-22670415__chr2R_22692057-22692354,
neither,neither,/Users/jillianness/Desktop/SEbirthanalysis1024/new_LASTZ_analysis/enhancer_extraction/enhancer_pairs/FBgn0016797_Spearman/chr3L_19137342-19137588__chr3L_19173146-19173442,chr3L_19137342-19137588,chr3L_19173146-19173442,35.9,185.5,needle,10,0.5,0.091060147,0.041305286,0.058204987,0.063523473,chr3L_19137342-19137588__chr3L_19173146-19173442,
neither,neither,/Users/jillianness/Desktop/SEbirthanalysis1024/new_LASTZ_analysis/enhancer_extraction/enhancer_pairs/FBgn0020497_Spearman/chr2L_8416468-8416668__chr2L_8422167-8422367,chr2L_8416468-8416668,chr2L_8422167-8422367,35.9,145.0,needle,10,0.5,0.045552368,0.015827179,0.022662088,0.028013879,chr2L_8416468-8416668__chr2L_8422167-8422367,
neither,neither,/Users/jillianness/Desktop/SEbirthanalysis1024/new_LASTZ_analysis/enhancer_extraction/enhancer_pairs/FBgn0002922_vm/chr3R_23723782-23724049__chr3R_23730272-23730626,chr3R_23723782-23724049,chr3R_23730272-23730626,35.9,233.0,needle,10,0.5,0.1145200925729904,0.057226445,0.042764678,0.071503738,chr3R_23723782-23724049__chr3R_23730272-23730626,
neither,neither,/Users/jillianness/Desktop/SEbirthanalysis1024/new_LASTZ_analysis/enhancer_extraction/enhancer_pairs/FBgn0029504_sm/chrX_7555826-7556105__chrX_7573472-7573775,chrX_7555826-7556105,chrX_7573472-7573775,35.9,182.5,needle,10,0.5,0.063037508,0.00627875,0.011462965,0.026926408,chrX_7555826-7556105__chrX_7573472-7573775,
neither,neither,/Users/jillianness/Desktop/SEbirthanalysis1024/new_LASTZ_analysis/enhancer_extraction/enhancer_pairs/FBgn0033638_sm/chr2R_11254848-11255163__chr2R_11259263-11259645,chr2R_11254848-11255163,chr2R_11259263-11259645,35.9,203.5,needle,10,0.5,0.04412452,-0.02371862,-0.025517543,-0.001703881,chr2R_11254848-11255163__chr2R_11259263-11259645,
neither,neither,/Users/jillianness/Desktop/SEbirthanalysis1024/new_LASTZ_analysis/enhancer_extraction/enhancer_pairs/D/chr3L_14171965-14172435__chr3L_14172843-14173610,chr3L_14171965-14172435,chr3L_14172843-14173610,35.9,422.5,needle,10,0.5,0.1291234326502078,0.028792642,0.016248926,0.058055,chr3L_14171965-14172435__chr3L_14172843-14173610,
neither,neither,/Users/jillianness/Desktop/SEbirthanalysis1024/new_LASTZ_analysis/enhancer_extraction/enhancer_pairs/FBgn0261439_vm_sm/chr2R_18999818-19000573__chr2R_19042052-19042549,chr2R_18999818-19000573,chr2R_19042052-19042549,35.9,427.5,needle,10,0.5,0.1758352252041576,0.074987259,0.077977028,0.1095998373791847,chr2R_18999818-19000573__chr2R_19042052-19042549,
neither,neither,/Users/jillianness/Desktop/SEbirthanalysis1024/new_LASTZ_analysis/enhancer_extraction/enhancer_pairs/FBgn0016797_vm/chr3L_19159338-19159712__chr3L_19175349-19175549,chr3L_19159338-19159712,chr3L_19175349-19175549,35.9,237.5,needle,10,0.5,0.1262357373385418,0.07509768,0.070056258,0.090463225,chr3L_19159338-19159712__chr3L_19175349-19175549,
enhancer_hit,enhancer_hit,/Users/jillianness/Desktop/SEbirthanalysis1024/new_LASTZ_analysis/enhancer_extraction/enhancer_pairs/FBgn0016120_sm/chr3R_19092386-19092991__chr3R_19107971-19108412,chr3R_19092386-19092991,chr3R_19107971-19108412,35.8,378.0,needle,10,0.5,0.1367273088865658,0.048321062,0.038165821,0.07440473,chr3R_19092386-19092991__chr3R_19107971-19108412,
neither,neither,/Users/jillianness/Desktop/SEbirthanalysis1024/new_LASTZ_analysis/enhancer_extraction/enhancer_pairs/FBgn0016078_vm/chr2R_9030972-9031304__chr2R_9045494-9045735,chr2R_9030972-9031304,chr2R_9045494-9045735,35.8,144.5,needle,10,0.5,0.027870323,-0.032378829,-0.038128516,-0.014212341,chr2R_9030972-9031304__chr2R_9045494-9045735,
neither,neither,/Users/jillianness/Desktop/SEbirthanalysis1024/new_LASTZ_analysis/enhancer_extraction/enhancer_pairs/FBgn0053207_Spearman/chr3R_15643161-15643399__chr3R_15668979-15669269,chr3R_15643161-15643399,chr3R_15668979-15669269,35.8,169.5,needle,10,0.5,0.067464082,0.013524547,0.01340123,0.031463286,chr3R_15643161-15643399__chr3R_15668979-15669269,
neither,neither,/Users/jillianness/Desktop/SEbirthanalysis1024/new_LASTZ_analysis/enhancer_extraction/enhancer_pairs/FBgn0032961_Spearman/chr2L_21835353-21835553__chr2L_21836087-21836312,chr2L_21835353-21835553,chr2L_21836087-21836312,35.8,128.5,needle,10,0.5,0.021444025,-0.024582159,-0.023048052,-0.008728729,chr2L_21835353-21835553__chr2L_21836087-21836312,
neither,neither,/Users/jillianness/Desktop/SEbirthanalysis1024/new_LASTZ_analysis/enhancer_extraction/enhancer_pairs/FBgn0003502_sm/chr2L_8278110-8278488__chr2L_8289769-8290156,chr2L_8278110-8278488,chr2L_8289769-8290156,35.8,293.0,needle,10,0.5,0.1468968294556188,0.079720927,0.059142724,0.095253494,chr2L_8278110-8278488__chr2L_8289769-8290156,
neither,neither,/Users/jillianness/Desktop/SEbirthanalysis1024/new_LASTZ_analysis/enhancer_extraction/enhancer_pairs/FBgn0000463_Spearman/chr3R_19287679-19287954__chr3R_19339027-19339227,chr3R_19287679-19287954,chr3R_19339027-19339227,35.8,171.0,needle,10,0.5,0.041677432,-0.007387065,-0.005645019,0.009548449,chr3R_19287679-19287954__chr3R_19339027-19339227,
enhancer_hit,enhancer_hit,/Users/jillianness/Desktop/SEbirthanalysis1024/new_LASTZ_analysis/enhancer_extraction/enhancer_pairs/FBgn0033782_vm_sm/chr2R_12529393-12529661__chr2R_12587132-12587415,chr2R_12529393-12529661,chr2R_12587132-12587415,35.7,223.5,needle,10,0.5,0.1173762067586249,0.067285005,0.046675831,0.077112347,chr2R_12529393-12529661__chr2R_12587132-12587415,
neither,neither,/Users/jillianness/Desktop/SEbirthanalysis1024/new_LASTZ_analysis/enhancer_extraction/enhancer_pairs/FBgn0000575_meso/chr3L_723323-723674__chr3L_726050-726267,chr3L_723323-723674,chr3L_726050-726267,35.7,221.0,needle,10,0.5,0.1308869159940885,0.07824075,0.068730892,0.092619519,chr3L_723323-723674__chr3L_726050-726267,
neither,neither,/Users/jillianness/Desktop/SEbirthanalysis1024/new_LASTZ_analysis/enhancer_extraction/enhancer_pairs/FBgn0016041_sm/chrX_7654331-7654569__chrX_7660283-7660576,chrX_7654331-7654569,chrX_7660283-7660576,35.7,185.0,needle,10,0.5,0.075024612,0.020294231,0.0282078,0.041175547,chrX_7654331-7654569__chrX_7660283-7660576,
neither,neither,/Users/jillianness/Desktop/SEbirthanalysis1024/new_LASTZ_analysis/enhancer_extraction/enhancer_pairs/FBgn0264001_vm/chr3L_13646895-13647219__chr3L_13657717-13657980,chr3L_13646895-13647219,chr3L_13657717-13657980,35.7,183.5,needle,10,0.5,0.072888757,0.012642918,0.0099786,0.031836758,chr3L_13646895-13647219__chr3L_13657717-13657980,
neither,neither,/Users/jillianness/Desktop/SEbirthanalysis1024/new_LASTZ_analysis/enhancer_extraction/enhancer_pairs/FBgn0003889_sm/chr3R_9417532-9417927__chr3R_9436206-9436581,chr3R_9417532-9417927,chr3R_9436206-9436581,35.7,257.0,needle,10,0.5,0.080860582,0.006373622,0.005469433,0.030901212,chr3R_9417532-9417927__chr3R_9436206-9436581,
neither,neither,/Users/jillianness/Desktop/SEbirthanalysis1024/new_LASTZ_analysis/enhancer_extraction/enhancer_pairs/FBgn0016715_sm/chr3L_616535-616984__chr3L_618388-618844,chr3L_616535-616984,chr3L_618388-618844,35.7,226.5,needle,10,0.5,0.1002689381817387,0.013956607,0.012457526,0.04222769,chr3L_616535-616984__chr3L_618388-618844,
neither,neither,/Users/jillianness/Desktop/SEbirthanalysis1024/new_LASTZ_analysis/enhancer_extraction/enhancer_pairs/FBgn0014877_sm/chr2R_13192361-13193251__chr2R_13198071-13198730,chr2R_13192361-13193251,chr2R_13198071-13198730,35.7,478.5,needle,10,0.5,0.2090781456275951,0.097207629,0.093720834,0.1333355364196459,chr2R_13192361-13193251__chr2R_13198071-13198730,
neither,neither,/Users/jillianness/Desktop/SEbirthanalysis1024/new_LASTZ_analysis/enhancer_extraction/enhancer_pairs/FBgn0000014_Spearman/chr3R_16743196-16743622__chr3R_16764121-16764485,chr3R_16743196-16743622,chr3R_16764121-16764485,35.7,305.5,needle,10,0.5,0.1112584094716854,0.038152337,0.014020289,0.054477012,chr3R_16743196-16743622__chr3R_16764121-16764485,
neither,neither,/Users/jillianness/Desktop/SEbirthanalysis1024/new_LASTZ_analysis/enhancer_extraction/enhancer_pairs/FBgn0011638_sm/chr2L_20298155-20298629__chr2L_20339742-20340332,chr2L_20298155-20298629,chr2L_20339742-20340332,35.7,414.5,needle,10,0.5,0.1510338842685009,0.048676059,0.033460556,0.0777235,chr2L_20298155-20298629__chr2L_20339742-20340332,
neither,neither,/Users/jillianness/Desktop/SEbirthanalysis1024/new_LASTZ_analysis/enhancer_extraction/enhancer_pairs/FBgn0000228_sm/chr2L_5247934-5248134__chr2L_5261720-5261920,chr2L_5247934-5248134,chr2L_5261720-5261920,35.7,172.0,needle,10,0.5,0.044099956,0.007149642,0.013856991,0.021702196,chr2L_5247934-5248134__chr2L_5261720-5261920,
neither,neither,/Users/jillianness/Desktop/SEbirthanalysis1024/new_LASTZ_analysis/enhancer_extraction/enhancer_pairs/FBgn0000463_Spearman/chr3R_19317230-19317464__chr3R_19340770-19340970,chr3R_19317230-19317464,chr3R_19340770-19340970,35.7,149.0,needle,10,0.5,0.063777423,0.021252264,0.019745274,0.034924987,chr3R_19317230-19317464__chr3R_19340770-19340970,
enhancer_hit,enhancer_hit,/Users/jillianness/Desktop/SEbirthanalysis1024/new_LASTZ_analysis/enhancer_extraction/enhancer_pairs/FBgn0028369_meso_sm/chrX_2944529-2944919__chrX_3104146-3104671,chrX_2944529-2944919,chrX_3104146-3104671,35.6,309.5,needle,10,0.5,0.1651694903693931,0.114492276,0.057554187,0.1124053176230981,chrX_2944529-2944919__chrX_3104146-3104671,
neither,neither,/Users/jillianness/Desktop/SEbirthanalysis1024/new_LASTZ_analysis/enhancer_extraction/enhancer_pairs/FBgn0037443_Spearman/chr3R_6435505-6435705__chr3R_6481705-6482044,chr3R_6435505-6435705,chr3R_6481705-6482044,35.6,224.0,needle,10,0.5,0.080762772,0.028849891,0.029765989,0.046459551,chr3R_6435505-6435705__chr3R_6481705-6482044,
neither,neither,/Users/jillianness/Desktop/SEbirthanalysis1024/new_LASTZ_analysis/enhancer_extraction/enhancer_pairs/FBgn0053207_Spearman/chr3R_15668979-15669269__chr3R_15670860-15671233,chr3R_15668979-15669269,chr3R_15670860-15671233,35.6,232.5,needle,10,0.5,0.055288051,-0.013003954,-0.007280873,0.011667741,chr3R_15668979-15669269__chr3R_15670860-15671233,
neither,neither,/Users/jillianness/Desktop/SEbirthanalysis1024/new_LASTZ_analysis/enhancer_extraction/enhancer_pairs/FBgn0261648_vm/chr2L_11452852-11453384__chr2L_11458598-11459020,chr2L_11452852-11453384,chr2L_11458598-11459020,35.6,354.5,needle,10,0.5,0.1361610085079534,0.042970826,0.042471523,0.073867786,chr2L_11452852-11453384__chr2L_11458598-11459020,
neither,neither,/Users/jillianness/Desktop/SEbirthanalysis1024/new_LASTZ_analysis/enhancer_extraction/enhancer_pairs/FBgn0032129_sm/chr2L_9525656-9525929__chr2L_9551353-9551553,chr2L_9525656-9525929,chr2L_9551353-9551553,35.6,160.0,needle,10,0.5,0.024073682,-0.028591641,-0.027829439,-0.010782466,chr2L_9525656-9525929__chr2L_9551353-9551553,
neither,neither,/Users/jillianness/Desktop/SEbirthanalysis1024/new_LASTZ_analysis/enhancer_extraction/enhancer_pairs/FBgn0000463_sm/chr3R_19287679-19287954__chr3R_19300935-19301225,chr3R_19287679-19287954,chr3R_19300935-19301225,35.6,161.5,needle,10,0.5,0.031702037,-0.014801197,-0.013398687,0.001167384,chr3R_19287679-19287954__chr3R_19300935-19301225,
neither,neither,/Users/jillianness/Desktop/SEbirthanalysis1024/new_LASTZ_analysis/enhancer_extraction/enhancer_pairs/FBgn0004652_sm/chr3R_18399087-18399506__chr3R_18584104-18584359,chr3R_18399087-18399506,chr3R_18584104-18584359,35.5,196.5,needle,10,0.5,0.092864291,0.025680672,0.031804417,0.05011646,chr3R_18399087-18399506__chr3R_18584104-18584359,
neither,neither,/Users/jillianness/Desktop/SEbirthanalysis1024/new_LASTZ_analysis/enhancer_extraction/enhancer_pairs/FBgn0264001_vm/chr3L_13641091-13641350__chr3L_13657717-13657980,chr3L_13641091-13641350,chr3L_13657717-13657980,35.5,200.0,needle,10,0.5,0.074084573,0.021358915,0.027608181,0.041017223,chr3L_13641091-13641350__chr3L_13657717-13657980,
neither,neither,/Users/jillianness/Desktop/SEbirthanalysis1024/new_LASTZ_analysis/enhancer_extraction/enhancer_pairs/FBgn0015609_meso/chr2L_17736424-17736667__chr2L_17744617-17744940,chr2L_17736424-17736667,chr2L_17744617-17744940,35.5,213.0,needle,10,0.5,0.1093796201683092,0.053121057,0.059942653,0.074147776,chr2L_17736424-17736667__chr2L_17744617-17744940,
neither,neither,/Users/jillianness/Desktop/SEbirthanalysis1024/new_LASTZ_analysis/enhancer_extraction/enhancer_pairs/FBgn0040071_Spearman/chr3R_16235670-16236148__chr3R_16242325-16242715,chr3R_16235670-16236148,chr3R_16242325-16242715,35.5,295.0,needle,10,0.5,0.099969993,0.026648635,0.032917725,0.053178785,chr3R_16235670-16236148__chr3R_16242325-16242715,
neither,neither,/Users/jillianness/Desktop/SEbirthanalysis1024/new_LASTZ_analysis/enhancer_extraction/enhancer_pairs/FBgn0038925_vm_sm/chr3R_22042244-22042444__chr3R_22047297-22047620,chr3R_22042244-22042444,chr3R_22047297-22047620,35.5,205.0,needle,10,0.5,0.1148835663108638,0.071292478,0.057515586,0.081230544,chr3R_22042244-22042444__chr3R_22047297-22047620,
neither,neither,/Users/jillianness/Desktop/SEbirthanalysis1024/new_LASTZ_analysis/enhancer_extraction/enhancer_pairs/FBgn0000014_Spearman/chr3R_16764121-16764485__chr3R_16920451-16920854,chr3R_16764121-16764485,chr3R_16920451-16920854,35.5,279.5,needle,10,0.5,0.086116546,0.011915067,0.012993905,0.037008506,chr3R_16764121-16764485__chr3R_16920451-16920854,
neither,neither,/Users/jillianness/Desktop/SEbirthanalysis1024/new_LASTZ_analysis/enhancer_extraction/enhancer_pairs/FBgn0261245_vm_sm/chrX_16618927-16619240__chrX_16631143-16631343,chrX_16618927-16619240,chrX_16631143-16631343,35.5,192.0,needle,10,0.5,0.066948213,0.025359762,0.028307307,0.040205094,chrX_16618927-16619240__chrX_16631143-16631343,
neither,neither,/Users/jillianness/Desktop/SEbirthanalysis1024/new_LASTZ_analysis/enhancer_extraction/enhancer_pairs/FBgn0003169_Spearman/chr3R_14597044-14597244__chr3R_14624470-14624670,chr3R_14597044-14597244,chr3R_14624470-14624670,35.5,146.0,needle,10,0.5,0.075124823,0.041730529,0.043928276,0.053594543,chr3R_14597044-14597244__chr3R_14624470-14624670,
neither,neither,/Users/jillianness/Desktop/SEbirthanalysis1024/new_LASTZ_analysis/enhancer_extraction/enhancer_pairs/FBgn0053144_vm/chr2R_10362752-10363059__chr2R_10400185-10400401,chr2R_10362752-10363059,chr2R_10400185-10400401,35.5,205.0,needle,10,0.5,0.069354198,0.016294329,0.019307477,0.034985335,chr2R_10362752-10363059__chr2R_10400185-10400401,
neither,neither,/Users/jillianness/Desktop/SEbirthanalysis1024/new_LASTZ_analysis/enhancer_extraction/enhancer_pairs/FBgn0000463_sm/chr3R_19287679-19287954__chr3R_19350401-19350687,chr3R_19287679-19287954,chr3R_19350401-19350687,35.5,179.0,needle,10,0.5,0.061823876,0.004843428,0.012745849,0.026471051,chr3R_19287679-19287954__chr3R_19350401-19350687,
neither,neither,/Users/jillianness/Desktop/SEbirthanalysis1024/new_LASTZ_analysis/enhancer_extraction/enhancer_pairs/FBgn0004858_Spearman/chr2L_14431426-14431854__chr2L_14446061-14446392,chr2L_14431426-14431854,chr2L_14446061-14446392,35.4,274.0,needle,10,0.5,0.069787533,-0.003927152,-0.006555093,0.019768429,chr2L_14431426-14431854__chr2L_14446061-14446392,
neither,neither,/Users/jillianness/Desktop/SEbirthanalysis1024/new_LASTZ_analysis/enhancer_extraction/enhancer_pairs/FBgn0002733_Spearman/chr3R_25997262-25997462__chr3R_25999494-25999722,chr3R_25997262-25997462,chr3R_25999494-25999722,35.4,137.5,needle,10,0.5,0.038410714,-0.007226808,-0.007213212,0.007990231,chr3R_25997262-25997462__chr3R_25999494-25999722,
neither,neither,/Users/jillianness/Desktop/SEbirthanalysis1024/new_LASTZ_analysis/enhancer_extraction/enhancer_pairs/FBgn0030151_Spearman/chrX_9680427-9680627__chrX_9709480-9709680,chrX_9680427-9680627,chrX_9709480-9709680,35.4,152.5,needle,10,0.5,0.021452116,-0.019146977,-0.019269521,-0.005654794,chrX_9680427-9680627__chrX_9709480-9709680,
neither,neither,/Users/jillianness/Desktop/SEbirthanalysis1024/new_LASTZ_analysis/enhancer_extraction/enhancer_pairs/FBgn0027088_sm/chr3L_15062508-15062841__chr3L_15065782-15065982,chr3L_15062508-15062841,chr3L_15065782-15065982,35.4,231.0,needle,10,0.5,0.1002073095480849,0.050793582,0.054622787,0.068541226,chr3L_15062508-15062841__chr3L_15065782-15065982,
neither,neither,/Users/jillianness/Desktop/SEbirthanalysis1024/new_LASTZ_analysis/enhancer_extraction/enhancer_pairs/FBgn0000406_vm_sm/chr2L_16762522-16762722__chr2L_16764311-16764631,chr2L_16762522-16762722,chr2L_16764311-16764631,35.4,175.5,needle,10,0.5,0.1009413498572615,0.056540273,0.076173023,0.077884882,chr2L_16762522-16762722__chr2L_16764311-16764631,
neither,neither,/Users/jillianness/Desktop/SEbirthanalysis1024/new_LASTZ_analysis/enhancer_extraction/enhancer_pairs/FBgn0003448_meso/chr2L_15475634-15475834__chr2L_15482011-15482211,chr2L_15475634-15475834,chr2L_15482011-15482211,35.4,136.5,needle,10,0.5,0.011643924,-0.025327638,-0.029602455,-0.014428723,chr2L_15475634-15475834__chr2L_15482011-15482211,
neither,neither,/Users/jillianness/Desktop/SEbirthanalysis1024/new_LASTZ_analysis/enhancer_extraction/enhancer_pairs/FBgn0004456_sm/chrX_13214681-13214911__chrX_13217664-13218019,chrX_13214681-13214911,chrX_13217664-13218019,35.4,147.0,needle,10,0.5,0.017205897,-0.04024971,-0.040825151,-0.021289654,chrX_13214681-13214911__chrX_13217664-13218019,
neither,neither,/Users/jillianness/Desktop/SEbirthanalysis1024/new_LASTZ_analysis/enhancer_extraction/enhancer_pairs/FBgn0001122_Spearman/chr2R_10098614-10098835__chr2R_10099473-10099798,chr2R_10098614-10098835,chr2R_10099473-10099798,35.4,170.0,needle,10,0.5,0.048025641,-0.00635719,-0.005144965,0.012174495,chr2R_10098614-10098835__chr2R_10099473-10099798,
neither,neither,/Users/jillianness/Desktop/SEbirthanalysis1024/new_LASTZ_analysis/enhancer_extraction/enhancer_pairs/D/chr3L_14153051-14154215__chr3L_14172843-14173610,chr3L_14153051-14154215,chr3L_14172843-14173610,35.4,733.0,needle,10,0.5,0.2568852115587783,0.1132338495256571,0.084197332,0.1514387976424898,chr3L_14153051-14154215__chr3L_14172843-14173610,
neither,neither,/Users/jillianness/Desktop/SEbirthanalysis1024/new_LASTZ_analysis/enhancer_extraction/enhancer_pairs/FBgn0037001_vm/chr3L_20415688-20415906__chr3L_20448593-20448874,chr3L_20415688-20415906,chr3L_20448593-20448874,35.4,188.0,needle,10,0.5,0.062321696,0.022644254,0.036910813,0.040625588,chr3L_20415688-20415906__chr3L_20448593-20448874,
neither,neither,/Users/jillianness/Desktop/SEbirthanalysis1024/new_LASTZ_analysis/enhancer_extraction/enhancer_pairs/FBgn0000635_sm/chrX_4145024-4145343__chrX_4157262-4157462,chrX_4145024-4145343,chrX_4157262-4157462,35.4,185.0,needle,10,0.5,0.05925938,0.019792286,0.005789073,0.028280247,chrX_4145024-4145343__chrX_4157262-4157462,
enhancer_hit,enhancer_hit,/Users/jillianness/Desktop/SEbirthanalysis1024/new_LASTZ_analysis/enhancer_extraction/enhancer_pairs/FBgn0002733_Spearman/chr3R_26010258-26010647__chr3R_26018200-26018652,chr3R_26010258-26010647,chr3R_26018200-26018652,35.3,319.0,needle,10,0.5,0.1460331079512367,0.073330564,0.062336384,0.093900019,chr3R_26010258-26010647__chr3R_26018200-26018652,
enhancer_hit,enhancer_hit,/Users/jillianness/Desktop/SEbirthanalysis1024/new_LASTZ_analysis/enhancer_extraction/enhancer_pairs/FBgn0024321_sm/chr3R_14346999-14347237__chr3R_14370227-14370493,chr3R_14346999-14347237,chr3R_14370227-14370493,35.3,221.0,needle,10,0.5,0.1945073127707175,0.156444092,0.090312973,0.1470881257289909,chr3R_14346999-14347237__chr3R_14370227-14370493,
enhancer_hit,enhancer_hit,/Users/jillianness/Desktop/SEbirthanalysis1024/new_LASTZ_analysis/enhancer_extraction/enhancer_pairs/FBgn0000014_Spearman/chr3R_16857769-16858049__chr3R_16882506-16882728,chr3R_16857769-16858049,chr3R_16882506-16882728,35.3,139.0,needle,10,0.5,0.047740992,-0.002042281,-0.005318692,0.013460006,chr3R_16857769-16858049__chr3R_16882506-16882728,
neither,neither,/Users/jillianness/Desktop/SEbirthanalysis1024/new_LASTZ_analysis/enhancer_extraction/enhancer_pairs/FBgn0035956_Spearman/chr3L_9010490-9010720__chr3L_9023155-9023452,chr3L_9010490-9010720,chr3L_9023155-9023452,35.3,182.0,needle,10,0.5,0.090960149,0.039060442,0.041912847,0.057311146,chr3L_9010490-9010720__chr3L_9023155-9023452,
neither,neither,/Users/jillianness/Desktop/SEbirthanalysis1024/new_LASTZ_analysis/enhancer_extraction/enhancer_pairs/FBgn0000015_vm/chr3R_16938077-16938336__chr3R_16981038-16981250,chr3R_16938077-16938336,chr3R_16981038-16981250,35.3,176.0,needle,10,0.5,0.081433657,0.041355926,0.021015486,0.047935023,chr3R_16938077-16938336__chr3R_16981038-16981250,
neither,neither,/Users/jillianness/Desktop/SEbirthanalysis1024/new_LASTZ_analysis/enhancer_extraction/enhancer_pairs/FBgn0037248_Spearman/chr3R_4433712-4433912__chr3R_4452493-4452808,chr3R_4433712-4433912,chr3R_4452493-4452808,35.3,202.0,needle,10,0.5,0.072449122,0.022700792,0.027150727,0.04076688,chr3R_4433712-4433912__chr3R_4452493-4452808,
neither,neither,/Users/jillianness/Desktop/SEbirthanalysis1024/new_LASTZ_analysis/enhancer_extraction/enhancer_pairs/FBgn0036290_vm/chr3L_12448941-12449218__chr3L_12487652-12487993,chr3L_12448941-12449218,chr3L_12487652-12487993,35.3,292.5,needle,10,0.5,0.1480749063094717,0.097538313,0.1003674039390173,0.1153268743901963,chr3L_12448941-12449218__chr3L_12487652-12487993,
neither,neither,/Users/jillianness/Desktop/SEbirthanalysis1024/new_LASTZ_analysis/enhancer_extraction/enhancer_pairs/FBgn0002789_vm_sm/chr2R_12872374-12872767__chr2R_12873676-12873937,chr2R_12872374-12872767,chr2R_12873676-12873937,35.3,213.0,needle,10,0.5,0.059219098,0.001884972,0.00877186,0.023291977,chr2R_12872374-12872767__chr2R_12873676-12873937,
neither,neither,/Users/jillianness/Desktop/SEbirthanalysis1024/new_LASTZ_analysis/enhancer_extraction/enhancer_pairs/FBgn0036460_Spearman/chr3L_14922238-14922460__chr3L_14932705-14933060,chr3L_14922238-14922460,chr3L_14932705-14933060,35.3,235.0,needle,10,0.5,0.1266009799213956,0.076273987,0.071214744,0.091363237,chr3L_14922238-14922460__chr3L_14932705-14933060,
neither,neither,/Users/jillianness/Desktop/SEbirthanalysis1024/new_LASTZ_analysis/enhancer_extraction/enhancer_pairs/FBgn0260642_Spearman/chr3R_6854324-6854718__chr3R_6881766-6882026,chr3R_6854324-6854718,chr3R_6881766-6882026,35.3,216.0,needle,10,0.5,0.1185437090550172,0.06006299,0.058139312,0.078915337,chr3R_6854324-6854718__chr3R_6881766-6882026,
neither,neither,/Users/jillianness/Desktop/SEbirthanalysis1024/new_LASTZ_analysis/enhancer_extraction/enhancer_pairs/FBgn0020257_Spearman/chr2R_22301850-22302125__chr2R_22310630-22311004,chr2R_22301850-22302125,chr2R_22310630-22311004,35.3,224.0,needle,10,0.5,0.1061068353504294,0.042795136,0.053893128,0.067598367,chr2R_22301850-22302125__chr2R_22310630-22311004,
neither,neither,/Users/jillianness/Desktop/SEbirthanalysis1024/new_LASTZ_analysis/enhancer_extraction/enhancer_pairs/FBgn0000463_Spearman/chr3R_19326610-19326911__chr3R_19346468-19346888,chr3R_19326610-19326911,chr3R_19346468-19346888,35.3,256.5,needle,10,0.5,0.1179420352653448,0.053657395,0.042963972,0.071521134,chr3R_19326610-19326911__chr3R_19346468-19346888,
neither,neither,/Users/jillianness/Desktop/SEbirthanalysis1024/new_LASTZ_analysis/enhancer_extraction/enhancer_pairs/FBgn0001186_sm/chrX_9534593-9534973__chrX_9537260-9537482,chrX_9534593-9534973,chrX_9537260-9537482,35.3,219.0,needle,10,0.5,0.098063071,0.044929008,0.034663518,0.059218532,chrX_9534593-9534973__chrX_9537260-9537482,
neither,neither,/Users/jillianness/Desktop/SEbirthanalysis1024/new_LASTZ_analysis/enhancer_extraction/enhancer_pairs/FBgn0001186_sm/chrX_9534593-9534973__chrX_9535552-9535936,chrX_9534593-9534973,chrX_9535552-9535936,35.3,252.0,needle,10,0.5,0.1314043167291044,0.074376586,0.064579353,0.090120085,chrX_9534593-9534973__chrX_9535552-9535936,
neither,neither,/Users/jillianness/Desktop/SEbirthanalysis1024/new_LASTZ_analysis/enhancer_extraction/enhancer_pairs/FBgn0000635_sm/chrX_4145024-4145343__chrX_4156826-4157158,chrX_4145024-4145343,chrX_4156826-4157158,35.3,261.5,needle,10,0.5,0.1016168991701771,0.057995154,0.06039172,0.073334591,chrX_4145024-4145343__chrX_4156826-4157158,
enhancer_hit,enhancer_hit,/Users/jillianness/Desktop/SEbirthanalysis1024/new_LASTZ_analysis/enhancer_extraction/enhancer_pairs/FBgn0004456_sm/chrX_13214681-13214911__chrX_13217305-13217505,chrX_13214681-13214911,chrX_13217305-13217505,35.2,89.0,needle,10,0.5,0.004106612,-0.041721901,-0.04462761,-0.0274143,chrX_13214681-13214911__chrX_13217305-13217505,
neither,neither,/Users/jillianness/Desktop/SEbirthanalysis1024/new_LASTZ_analysis/enhancer_extraction/enhancer_pairs/FBgn0035956_Spearman/chr3L_8994546-8994994__chr3L_9024467-9024945,chr3L_8994546-8994994,chr3L_9024467-9024945,35.2,279.0,needle,10,0.5,0.073695846,-0.020105674,-0.019832328,0.011252614,chr3L_8994546-8994994__chr3L_9024467-9024945,
neither,neither,/Users/jillianness/Desktop/SEbirthanalysis1024/new_LASTZ_analysis/enhancer_extraction/enhancer_pairs/FBgn0035162_vm/chr3L_755481-755805__chr3L_774464-774809,chr3L_755481-755805,chr3L_774464-774809,35.2,220.5,needle,10,0.5,0.072194687,0.004208199,-0.003847067,0.024185273,chr3L_755481-755805__chr3L_774464-774809,
neither,neither,/Users/jillianness/Desktop/SEbirthanalysis1024/new_LASTZ_analysis/enhancer_extraction/enhancer_pairs/FBgn0004606_sm/chr3R_30770192-30770543__chr3R_30805779-30805979,chr3R_30770192-30770543,chr3R_30805779-30805979,35.2,175.0,needle,10,0.5,0.052045965,0.001704653,0.001464855,0.018405157,chr3R_30770192-30770543__chr3R_30805779-30805979,
neither,neither,/Users/jillianness/Desktop/SEbirthanalysis1024/new_LASTZ_analysis/enhancer_extraction/enhancer_pairs/FBgn0000261_sm/chr3L_18758861-18759061__chr3L_18792529-18792729,chr3L_18758861-18759061,chr3L_18792529-18792729,35.2,142.0,needle,10,0.5,0.09958203,0.061875333,0.062815141,0.074757502,chr3L_18758861-18759061__chr3L_18792529-18792729,
neither,neither,/Users/jillianness/Desktop/SEbirthanalysis1024/new_LASTZ_analysis/enhancer_extraction/enhancer_pairs/FBgn0053207_Spearman/chr3R_15639984-15640424__chr3R_15647486-15647986,chr3R_15639984-15640424,chr3R_15647486-15647986,35.2,361.0,needle,10,0.5,0.1156511253475938,0.037649219,0.04845208,0.067250808,chr3R_15639984-15640424__chr3R_15647486-15647986,
neither,neither,/Users/jillianness/Desktop/SEbirthanalysis1024/new_LASTZ_analysis/enhancer_extraction/enhancer_pairs/FBgn0001235_meso/chr3R_10626588-10627045__chr3R_10645396-10645910,chr3R_10626588-10627045,chr3R_10645396-10645910,35.2,341.0,needle,10,0.5,0.1418732715992086,0.051932485,0.068147194,0.08731765,chr3R_10626588-10627045__chr3R_10645396-10645910,
neither,neither,/Users/jillianness/Desktop/SEbirthanalysis1024/new_LASTZ_analysis/enhancer_extraction/enhancer_pairs/FBgn0003997_Spearman/chr3L_18177706-18178000__chr3L_18193476-18193931,chr3L_18177706-18178000,chr3L_18193476-18193931,35.2,283.5,needle,10,0.5,0.1362494822126409,0.074677161,0.082875427,0.097934024,chr3L_18177706-18178000__chr3L_18193476-18193931,
neither,neither,/Users/jillianness/Desktop/SEbirthanalysis1024/new_LASTZ_analysis/enhancer_extraction/enhancer_pairs/FBgn0033426_vm_sm/chr2R_9176883-9177262__chr2R_9189407-9189607,chr2R_9176883-9177262,chr2R_9189407-9189607,35.2,189.0,needle,10,0.5,0.059944078,0.000692495,0.000456598,0.02036439,chr2R_9176883-9177262__chr2R_9189407-9189607,
neither,neither,/Users/jillianness/Desktop/SEbirthanalysis1024/new_LASTZ_analysis/enhancer_extraction/enhancer_pairs/FBgn0000463_Spearman/chr3R_19339027-19339227__chr3R_19343351-19343609,chr3R_19339027-19339227,chr3R_19343351-19343609,35.2,147.0,needle,10,0.5,0.036105583,-0.012838937,-0.008903057,0.004787863,chr3R_19339027-19339227__chr3R_19343351-19343609,
neither,neither,/Users/jillianness/Desktop/SEbirthanalysis1024/new_LASTZ_analysis/enhancer_extraction/enhancer_pairs/FBgn0000635_sm/chrX_4140118-4140318__chrX_4156826-4157158,chrX_4140118-4140318,chrX_4156826-4157158,35.2,210.0,needle,10,0.5,0.1027480517387532,0.062235228,0.045682076,0.070221785,chrX_4140118-4140318__chrX_4156826-4157158,
neither,neither,/Users/jillianness/Desktop/SEbirthanalysis1024/new_LASTZ_analysis/enhancer_extraction/enhancer_pairs/FBgn0000575_meso/chr3L_709891-710336__chr3L_723323-723674,chr3L_709891-710336,chr3L_723323-723674,35.1,276.0,needle,10,0.5,0.1318851870155642,0.056130255,0.050836239,0.079617227,chr3L_709891-710336__chr3L_723323-723674,
neither,neither,/Users/jillianness/Desktop/SEbirthanalysis1024/new_LASTZ_analysis/enhancer_extraction/enhancer_pairs/FBgn0033179_Spearman/chr2R_7110660-7110941__chr2R_7112270-7112595,chr2R_7110660-7110941,chr2R_7112270-7112595,35.1,235.5,needle,10,0.5,0.1129036506400827,0.053847194,0.040354825,0.069035223,chr2R_7110660-7110941__chr2R_7112270-7112595,
neither,neither,/Users/jillianness/Desktop/SEbirthanalysis1024/new_LASTZ_analysis/enhancer_extraction/enhancer_pairs/FBgn0035656_Spearman/chr3L_5969720-5970091__chr3L_5977448-5977703,chr3L_5969720-5970091,chr3L_5977448-5977703,35.1,169.5,needle,10,0.5,0.070788211,0.010628879,0.023637765,0.035018285,chr3L_5969720-5970091__chr3L_5977448-5977703,
neither,neither,/Users/jillianness/Desktop/SEbirthanalysis1024/new_LASTZ_analysis/enhancer_extraction/enhancer_pairs/FBgn0035335_sm/chr3L_2362087-2362296__chr3L_2383777-2384194,chr3L_2362087-2362296,chr3L_2383777-2384194,35.1,221.0,needle,10,0.5,0.081818182,0.021056453,0.012922207,0.038598947,chr3L_2362087-2362296__chr3L_2383777-2384194,
neither,neither,/Users/jillianness/Desktop/SEbirthanalysis1024/new_LASTZ_analysis/enhancer_extraction/enhancer_pairs/FBgn0000044_sm/chr2R_20559250-20559450__chr2R_20563710-20563921,chr2R_20559250-20559450,chr2R_20563710-20563921,35.1,129.5,needle,10,0.5,0.0556918,0.010663721,0.015715381,0.027356967,chr2R_20559250-20559450__chr2R_20563710-20563921,
neither,neither,/Users/jillianness/Desktop/SEbirthanalysis1024/new_LASTZ_analysis/enhancer_extraction/enhancer_pairs/FBgn0004009_Spearman/chr2L_7300056-7300353__chr2L_7312164-7312502,chr2L_7300056-7300353,chr2L_7312164-7312502,35.1,206.0,needle,10,0.5,0.085604009,0.021458114,0.021199555,0.042753893,chr2L_7300056-7300353__chr2L_7312164-7312502,
neither,neither,/Users/jillianness/Desktop/SEbirthanalysis1024/new_LASTZ_analysis/enhancer_extraction/enhancer_pairs/FBgn0016715_vm/chr3L_571531-572037__chr3L_575160-575533,chr3L_571531-572037,chr3L_575160-575533,35.1,258.5,needle,10,0.5,0.1046754207847673,0.029822869,0.016450369,0.05031622,chr3L_571531-572037__chr3L_575160-575533,
neither,neither,/Users/jillianness/Desktop/SEbirthanalysis1024/new_LASTZ_analysis/enhancer_extraction/enhancer_pairs/FBgn0028895_meso/chr2L_16276078-16276279__chr2L_16277332-16277560,chr2L_16276078-16276279,chr2L_16277332-16277560,35.1,133.5,needle,10,0.5,0.016942449,-0.009189922,-0.008652063,-0.000299845,chr2L_16276078-16276279__chr2L_16277332-16277560,
Flank,Flank,/Users/jillianness/Desktop/SEbirthanalysis1024/new_LASTZ_analysis/enhancer_extraction/enhancer_pairs/FBgn0037635_vm/chr3R_8812222-8812640__chr3R_8846388-8846652,chr3R_8812222-8812640,chr3R_8846388-8846652,35.0,229.0,needle,10,0.5,0.1046959897398589,0.050811367,0.060075384,0.071860914,chr3R_8812222-8812640__chr3R_8846388-8846652,
neither,neither,/Users/jillianness/Desktop/SEbirthanalysis1024/new_LASTZ_analysis/enhancer_extraction/enhancer_pairs/FBgn0000014_vm/chr3R_16841943-16842333__chr3R_16904976-16905213,chr3R_16841943-16842333,chr3R_16904976-16905213,35.0,218.0,needle,10,0.5,0.1080985937490011,0.049227518,0.051915275,0.069747129,chr3R_16841943-16842333__chr3R_16904976-16905213,
neither,neither,/Users/jillianness/Desktop/SEbirthanalysis1024/new_LASTZ_analysis/enhancer_extraction/enhancer_pairs/FBgn0001170_vm/chr2L_6015000-6015255__chr2L_6017484-6017937,chr2L_6015000-6015255,chr2L_6017484-6017937,35.0,244.0,needle,10,0.5,0.1302570691505004,0.069055493,0.052655536,0.083989366,chr2L_6015000-6015255__chr2L_6017484-6017937,
neither,neither,/Users/jillianness/Desktop/SEbirthanalysis1024/new_LASTZ_analysis/enhancer_extraction/enhancer_pairs/FBgn0032961_Spearman/chr2L_21836087-21836312__chr2L_21839073-21839412,chr2L_21836087-21836312,chr2L_21839073-21839412,35.0,168.0,needle,10,0.5,0.057607594,-0.003396091,-0.001996412,0.01740503,chr2L_21836087-21836312__chr2L_21839073-21839412,
neither,neither,/Users/jillianness/Desktop/SEbirthanalysis1024/new_LASTZ_analysis/enhancer_extraction/enhancer_pairs/FBgn0016715_sm/chr3L_618388-618844__chr3L_622169-622652,chr3L_618388-618844,chr3L_622169-622652,35.0,363.5,needle,10,0.5,0.1747101558003899,0.092050767,0.054411965,0.1070576290933563,chr3L_618388-618844__chr3L_622169-622652,
neither,neither,/Users/jillianness/Desktop/SEbirthanalysis1024/new_LASTZ_analysis/enhancer_extraction/enhancer_pairs/FBgn0000014_Spearman/chr3R_16743196-16743622__chr3R_16857769-16858049,chr3R_16743196-16743622,chr3R_16857769-16858049,35.0,240.0,needle,10,0.5,0.077920177,0.012005171,0.018298535,0.036074628,chr3R_16743196-16743622__chr3R_16857769-16858049,
neither,neither,/Users/jillianness/Desktop/SEbirthanalysis1024/new_LASTZ_analysis/enhancer_extraction/enhancer_pairs/FBgn0003285_vm/chrX_2942451-2942688__chrX_3036092-3036292,chrX_2942451-2942688,chrX_3036092-3036292,35.0,205.5,needle,10,0.5,0.1248174632879185,0.086666529,0.1128760842659347,0.1081200255315887,chrX_2942451-2942688__chrX_3036092-3036292,
neither,neither,/Users/jillianness/Desktop/SEbirthanalysis1024/new_LASTZ_analysis/enhancer_extraction/enhancer_pairs/FBgn0000636_vm/chr2L_18331524-18331944__chr2L_18332556-18332942,chr2L_18331524-18331944,chr2L_18332556-18332942,35.0,288.5,needle,10,0.5,0.1353672782693619,0.075035527,0.069867902,0.093423569,chr2L_18331524-18331944__chr2L_18332556-18332942,
neither,neither,/Users/jillianness/Desktop/SEbirthanalysis1024/new_LASTZ_analysis/enhancer_extraction/enhancer_pairs/FBgn0027084_Spearman/chrX_9645073-9645375__chrX_9680427-9680627,chrX_9645073-9645375,chrX_9680427-9680627,35.0,182.5,needle,10,0.5,0.074137662,0.022940512,0.024648601,0.040575592,chrX_9645073-9645375__chrX_9680427-9680627,
neither,neither,/Users/jillianness/Desktop/SEbirthanalysis1024/new_LASTZ_analysis/enhancer_extraction/enhancer_pairs/FBgn0036133_sm/chr3L_11090638-11090925__chr3L_11100667-11101152,chr3L_11090638-11090925,chr3L_11100667-11101152,35.0,273.5,needle,10,0.5,0.1234060161998109,0.045691278,0.033197341,0.067431545,chr3L_11090638-11090925__chr3L_11100667-11101152,
neither,neither,/Users/jillianness/Desktop/SEbirthanalysis1024/new_LASTZ_analysis/enhancer_extraction/enhancer_pairs/FBgn0026761_sm/chr2R_6148201-6148543__chr2R_6223828-6224166,chr2R_6148201-6148543,chr2R_6223828-6224166,35.0,225.5,needle,10,0.5,0.092808476,0.023863466,0.012705049,0.043125664,chr2R_6148201-6148543__chr2R_6223828-6224166,
neither,neither,/Users/jillianness/Desktop/SEbirthanalysis1024/new_LASTZ_analysis/enhancer_extraction/enhancer_pairs/FBgn0041096_vm_sm/chr3L_12044554-12045005__chr3L_12047380-12047625,chr3L_12044554-12045005,chr3L_12047380-12047625,34.9,262.0,needle,10,0.5,0.1734586754472433,0.1202810068936471,0.092766472,0.1288353847517832,chr3L_12044554-12045005__chr3L_12047380-12047625,
neither,neither,/Users/jillianness/Desktop/SEbirthanalysis1024/new_LASTZ_analysis/enhancer_extraction/enhancer_pairs/FBgn0004858_Spearman/chr2L_14445719-14445919__chr2L_14446061-14446392,chr2L_14445719-14445919,chr2L_14446061-14446392,34.9,187.0,needle,10,0.5,0.071049007,0.019583901,0.0218512,0.037494702,chr2L_14445719-14445919__chr2L_14446061-14446392,
neither,neither,/Users/jillianness/Desktop/SEbirthanalysis1024/new_LASTZ_analysis/enhancer_extraction/enhancer_pairs/FBgn0016794_vm/chr3L_2562100-2562492__chr3L_2574144-2574754,chr3L_2562100-2562492,chr3L_2574144-2574754,34.9,232.0,needle,10,0.5,0.050085166,-0.034563975,-0.033788332,-0.006089047,chr3L_2562100-2562492__chr3L_2574144-2574754,
neither,neither,/Users/jillianness/Desktop/SEbirthanalysis1024/new_LASTZ_analysis/enhancer_extraction/enhancer_pairs/FBgn0016041_sm/chrX_7617780-7617980__chrX_7657369-7657569,chrX_7617780-7617980,chrX_7657369-7657569,34.9,143.5,needle,10,0.5,0.1133513206154418,0.079969034,0.057124249,0.083481535,chrX_7617780-7617980__chrX_7657369-7657569,
neither,neither,/Users/jillianness/Desktop/SEbirthanalysis1024/new_LASTZ_analysis/enhancer_extraction/enhancer_pairs/FBgn0002733_Spearman/chr3R_26006043-26006577__chr3R_26017398-26017815,chr3R_26006043-26006577,chr3R_26017398-26017815,34.9,319.5,needle,10,0.5,0.1111305402887254,0.020644051,0.016523055,0.049432549,chr3R_26006043-26006577__chr3R_26017398-26017815,
neither,neither,/Users/jillianness/Desktop/SEbirthanalysis1024/new_LASTZ_analysis/enhancer_extraction/enhancer_pairs/FBgn0053207_Spearman/chr3R_15670860-15671233__chr3R_15671596-15671796,chr3R_15670860-15671233,chr3R_15671596-15671796,34.9,207.0,needle,10,0.5,0.072622808,0.018358569,0.030813043,0.04059814,chr3R_15670860-15671233__chr3R_15671596-15671796,
neither,neither,/Users/jillianness/Desktop/SEbirthanalysis1024/new_LASTZ_analysis/enhancer_extraction/enhancer_pairs/FBgn0035656_Spearman/chr3L_5956989-5957371__chr3L_5973866-5974081,chr3L_5956989-5957371,chr3L_5973866-5974081,34.9,225.0,needle,10,0.5,0.08124132,0.02452288,0.018273713,0.041345971,chr3L_5956989-5957371__chr3L_5973866-5974081,
neither,neither,/Users/jillianness/Desktop/SEbirthanalysis1024/new_LASTZ_analysis/enhancer_extraction/enhancer_pairs/FBgn0010379_sm/chr3R_16073986-16074304__chr3R_16091648-16091848,chr3R_16073986-16074304,chr3R_16091648-16091848,34.9,190.5,needle,10,0.5,0.069102461,0.018586676,0.019143441,0.035610859,chr3R_16073986-16074304__chr3R_16091648-16091848,
neither,neither,/Users/jillianness/Desktop/SEbirthanalysis1024/new_LASTZ_analysis/enhancer_extraction/enhancer_pairs/FBgn0016930_sm/chr2L_14245654-14246036__chr2L_14265078-14265431,chr2L_14245654-14246036,chr2L_14265078-14265431,34.9,189.0,needle,10,0.5,0.062879178,-0.012660937,-0.012319898,0.012632781,chr2L_14245654-14246036__chr2L_14265078-14265431,
neither,neither,/Users/jillianness/Desktop/SEbirthanalysis1024/new_LASTZ_analysis/enhancer_extraction/enhancer_pairs/FBgn0037635_vm/chr3R_8801188-8801499__chr3R_8864161-8864361,chr3R_8801188-8801499,chr3R_8864161-8864361,34.9,178.0,needle,10,0.5,0.059044153,0.008909758,0.008441303,0.025465071,chr3R_8801188-8801499__chr3R_8864161-8864361,
neither,neither,/Users/jillianness/Desktop/SEbirthanalysis1024/new_LASTZ_analysis/enhancer_extraction/enhancer_pairs/FBgn0035153_Spearman/chr3L_663582-663782__chr3L_668956-669192,chr3L_663582-663782,chr3L_668956-669192,34.9,157.0,needle,10,0.5,0.06122653,0.017116872,0.018578557,0.03230732,chr3L_663582-663782__chr3L_668956-669192,
neither,neither,/Users/jillianness/Desktop/SEbirthanalysis1024/new_LASTZ_analysis/enhancer_extraction/enhancer_pairs/FBgn0000463_Spearman/chr3R_19332565-19332811__chr3R_19346468-19346888,chr3R_19332565-19332811,chr3R_19346468-19346888,34.9,231.0,needle,10,0.5,0.1101953463242667,0.046110956,0.022898022,0.059734775,chr3R_19332565-19332811__chr3R_19346468-19346888,
neither,neither,/Users/jillianness/Desktop/SEbirthanalysis1024/new_LASTZ_analysis/enhancer_extraction/enhancer_pairs/FBgn0000463_Spearman/chr3R_19317230-19317464__chr3R_19343351-19343609,chr3R_19317230-19317464,chr3R_19343351-19343609,34.9,119.0,needle,10,0.5,0.032896046,-0.019831126,-0.02060664,-0.002513906,chr3R_19317230-19317464__chr3R_19343351-19343609,
neither,neither,/Users/jillianness/Desktop/SEbirthanalysis1024/new_LASTZ_analysis/enhancer_extraction/enhancer_pairs/FBgn0037608_vm/chr3R_8664009-8664210__chr3R_8668848-8669048,chr3R_8664009-8664210,chr3R_8668848-8669048,34.8,184.0,needle,10,0.5,0.1308051809786788,0.095190166,0.074583313,0.100192887,chr3R_8664009-8664210__chr3R_8668848-8669048,
neither,neither,/Users/jillianness/Desktop/SEbirthanalysis1024/new_LASTZ_analysis/enhancer_extraction/enhancer_pairs/FBgn0030794_vm/chrX_16751072-16751473__chrX_16752356-16752964,chrX_16751072-16751473,chrX_16752356-16752964,34.8,409.0,needle,10,0.5,0.1947762018668192,0.1250322680860318,0.1080435165987404,0.1426173288505304,chrX_16751072-16751473__chrX_16752356-16752964,
neither,neither,/Users/jillianness/Desktop/SEbirthanalysis1024/new_LASTZ_analysis/enhancer_extraction/enhancer_pairs/gt/chrX_2428917-2429320__chrX_2431435-2431676,chrX_2428917-2429320,chrX_2431435-2431676,34.8,228.0,needle,10,0.5,0.081483535,0.015825842,0.02080077,0.039370049,chrX_2428917-2429320__chrX_2431435-2431676,
neither,neither,/Users/jillianness/Desktop/SEbirthanalysis1024/new_LASTZ_analysis/enhancer_extraction/enhancer_pairs/FBgn0016041_sm/chrX_7657369-7657569__chrX_7660283-7660576,chrX_7657369-7657569,chrX_7660283-7660576,34.8,172.5,needle,10,0.5,0.059365127,0.01208201,0.013925836,0.028457658,chrX_7657369-7657569__chrX_7660283-7660576,
neither,neither,/Users/jillianness/Desktop/SEbirthanalysis1024/new_LASTZ_analysis/enhancer_extraction/enhancer_pairs/FBgn0016041_sm/chrX_7660283-7660576__chrX_7686560-7686932,chrX_7660283-7660576,chrX_7686560-7686932,34.8,221.5,needle,10,0.5,0.086439578,0.02022185,0.015172306,0.040611245,chrX_7660283-7660576__chrX_7686560-7686932,
neither,neither,/Users/jillianness/Desktop/SEbirthanalysis1024/new_LASTZ_analysis/enhancer_extraction/enhancer_pairs/FBgn0010379_sm/chr3R_16091648-16091848__chr3R_16094907-16095107,chr3R_16091648-16091848,chr3R_16094907-16095107,34.8,118.0,needle,10,0.5,0.028571753,-0.01635883,-0.019870707,-0.002552595,chr3R_16091648-16091848__chr3R_16094907-16095107,
neither,neither,/Users/jillianness/Desktop/SEbirthanalysis1024/new_LASTZ_analysis/enhancer_extraction/enhancer_pairs/FBgn0030955_Spearman/chrX_18714009-18714209__chrX_18715355-18715555,chrX_18714009-18714209,chrX_18715355-18715555,34.8,156.5,needle,10,0.5,0.043902439,-0.001448254,0.000908206,0.01445413,chrX_18714009-18714209__chrX_18715355-18715555,
neither,neither,/Users/jillianness/Desktop/SEbirthanalysis1024/new_LASTZ_analysis/enhancer_extraction/enhancer_pairs/FBgn0033581_vm/chr2R_10731714-10732027__chr2R_10734849-10735149,chr2R_10731714-10732027,chr2R_10734849-10735149,34.8,239.0,needle,10,0.5,0.058196299,-0.010459291,-0.005551868,0.014061714,chr2R_10731714-10732027__chr2R_10734849-10735149,
neither,neither,/Users/jillianness/Desktop/SEbirthanalysis1024/new_LASTZ_analysis/enhancer_extraction/enhancer_pairs/FBgn0039667_vm/chr3R_29458865-29459227__chr3R_29480007-29480263,chr3R_29458865-29459227,chr3R_29480007-29480263,34.8,306.5,needle,10,0.5,0.1790288586003535,0.1256775258933119,0.095914751,0.1335403784621615,chr3R_29458865-29459227__chr3R_29480007-29480263,
neither,neither,/Users/jillianness/Desktop/SEbirthanalysis1024/new_LASTZ_analysis/enhancer_extraction/enhancer_pairs/FBgn0036460_Spearman/chr3L_14922238-14922460__chr3L_14936376-14936760,chr3L_14922238-14922460,chr3L_14936376-14936760,34.8,231.0,needle,10,0.5,0.1235171247725935,0.068711774,0.040003643,0.077410847,chr3L_14922238-14922460__chr3L_14936376-14936760,
neither,neither,/Users/jillianness/Desktop/SEbirthanalysis1024/new_LASTZ_analysis/enhancer_extraction/enhancer_pairs/FBgn0036460_Spearman/chr3L_14936376-14936760__chr3L_14941342-14941625,chr3L_14936376-14936760,chr3L_14941342-14941625,34.8,209.0,needle,10,0.5,0.1008238017162373,0.033065233,0.043647961,0.059178999,chr3L_14936376-14936760__chr3L_14941342-14941625,
neither,neither,/Users/jillianness/Desktop/SEbirthanalysis1024/new_LASTZ_analysis/enhancer_extraction/enhancer_pairs/FBgn0004606_meso/chr3R_30754912-30755289__chr3R_30762287-30762650,chr3R_30754912-30755289,chr3R_30762287-30762650,34.8,272.0,needle,10,0.5,0.096166508,0.023467735,0.023458482,0.047697575,chr3R_30754912-30755289__chr3R_30762287-30762650,
enhancer_hit,enhancer_hit,/Users/jillianness/Desktop/SEbirthanalysis1024/new_LASTZ_analysis/enhancer_extraction/enhancer_pairs/FBgn0002733_Spearman/chr3R_26002453-26002853__chr3R_26017398-26017815,chr3R_26002453-26002853,chr3R_26017398-26017815,34.7,324.0,needle,10,0.5,0.1575373633581141,0.092424299,0.029674016,0.093211893,chr3R_26002453-26002853__chr3R_26017398-26017815,
neither,neither,/Users/jillianness/Desktop/SEbirthanalysis1024/new_LASTZ_analysis/enhancer_extraction/enhancer_pairs/FBgn0035956_Spearman/chr3L_8994546-8994994__chr3L_9010490-9010720,chr3L_8994546-8994994,chr3L_9010490-9010720,34.7,249.0,needle,10,0.5,0.056631759,-0.009669324,-0.016046981,0.010305151,chr3L_8994546-8994994__chr3L_9010490-9010720,
neither,neither,/Users/jillianness/Desktop/SEbirthanalysis1024/new_LASTZ_analysis/enhancer_extraction/enhancer_pairs/FBgn0016930_vm/chr2L_14238009-14238297__chr2L_14248855-14249055,chr2L_14238009-14238297,chr2L_14248855-14249055,34.7,195.5,needle,10,0.5,0.088249654,0.038573205,0.037799085,0.054873982,chr2L_14238009-14238297__chr2L_14248855-14249055,
neither,neither,/Users/jillianness/Desktop/SEbirthanalysis1024/new_LASTZ_analysis/enhancer_extraction/enhancer_pairs/FBgn0030794_vm/chrX_16750137-16750514__chrX_16752356-16752964,chrX_16750137-16750514,chrX_16752356-16752964,34.7,340.0,needle,10,0.5,0.1497791745618699,0.072203494,0.06141444,0.094465703,chrX_16750137-16750514__chrX_16752356-16752964,
neither,neither,/Users/jillianness/Desktop/SEbirthanalysis1024/new_LASTZ_analysis/enhancer_extraction/enhancer_pairs/FBgn0004858_Spearman/chr2L_14447428-14447837__chr2L_14481618-14482010,chr2L_14447428-14447837,chr2L_14481618-14482010,34.7,298.5,needle,10,0.5,0.1233316823083614,0.047325273,0.039658301,0.070105086,chr2L_14447428-14447837__chr2L_14481618-14482010,
neither,neither,/Users/jillianness/Desktop/SEbirthanalysis1024/new_LASTZ_analysis/enhancer_extraction/enhancer_pairs/FBgn0016041_sm/chrX_7650029-7650229__chrX_7657369-7657569,chrX_7650029-7650229,chrX_7657369-7657569,34.7,110.5,needle,10,0.5,0.063913169,0.025362112,0.026528555,0.038601279,chrX_7650029-7650229__chrX_7657369-7657569,
neither,neither,/Users/jillianness/Desktop/SEbirthanalysis1024/new_LASTZ_analysis/enhancer_extraction/enhancer_pairs/FBgn0016041_sm/chrX_7650029-7650229__chrX_7655607-7655855,chrX_7650029-7650229,chrX_7655607-7655855,34.7,177.0,needle,10,0.5,0.043773761,0.001642995,0.00923879,0.018218516,chrX_7650029-7650229__chrX_7655607-7655855,
neither,neither,/Users/jillianness/Desktop/SEbirthanalysis1024/new_LASTZ_analysis/enhancer_extraction/enhancer_pairs/FBgn0031313_vm_sm/chr2L_1157764-1158130__chr2L_1162261-1162810,chr2L_1157764-1158130,chr2L_1162261-1162810,34.7,281.0,needle,10,0.5,0.073145649,-0.011320864,-0.009953081,0.017290568,chr2L_1157764-1158130__chr2L_1162261-1162810,
neither,neither,/Users/jillianness/Desktop/SEbirthanalysis1024/new_LASTZ_analysis/enhancer_extraction/enhancer_pairs/FBgn0000721_vm/chr2L_3628830-3629162__chr2L_3631721-3632029,chr2L_3628830-3629162,chr2L_3631721-3632029,34.7,245.5,needle,10,0.5,0.1031425253793636,0.038294664,0.029119506,0.056852232,chr2L_3628830-3629162__chr2L_3631721-3632029,
neither,neither,/Users/jillianness/Desktop/SEbirthanalysis1024/new_LASTZ_analysis/enhancer_extraction/enhancer_pairs/FBgn0261565_vm_sm/chr3L_16826033-16826304__chr3L_16883239-16883440,chr3L_16826033-16826304,chr3L_16883239-16883440,34.7,176.0,needle,10,0.5,0.089148499,0.03963675,0.03543934,0.05474153,chr3L_16826033-16826304__chr3L_16883239-16883440,
neither,neither,/Users/jillianness/Desktop/SEbirthanalysis1024/new_LASTZ_analysis/enhancer_extraction/enhancer_pairs/FBgn0027111_sm/chr3L_254348-254880__chr3L_266056-266335,chr3L_254348-254880,chr3L_266056-266335,34.7,263.5,needle,10,0.5,0.1085122058714667,0.025819387,0.024225133,0.052852242,chr3L_254348-254880__chr3L_266056-266335,
neither,neither,/Users/jillianness/Desktop/SEbirthanalysis1024/new_LASTZ_analysis/enhancer_extraction/enhancer_pairs/FBgn0052528_meso/chrX_19712135-19712461__chrX_19713152-19713438,chrX_19712135-19712461,chrX_19713152-19713438,34.7,177.5,needle,10,0.5,0.051333119,-5.34e-05,0.002295661,0.017858443,chrX_19712135-19712461__chrX_19713152-19713438,
neither,neither,/Users/jillianness/Desktop/SEbirthanalysis1024/new_LASTZ_analysis/enhancer_extraction/enhancer_pairs/FBgn0000463_Spearman/chr3R_19332565-19332811__chr3R_19339027-19339227,chr3R_19332565-19332811,chr3R_19339027-19339227,34.7,165.0,needle,10,0.5,0.063080359,0.015587637,0.017775321,0.032147772,chr3R_19332565-19332811__chr3R_19339027-19339227,
enhancer_hit,enhancer_hit,/Users/jillianness/Desktop/SEbirthanalysis1024/new_LASTZ_analysis/enhancer_extraction/enhancer_pairs/FBgn0020235_Spearman/chr3R_29771806-29772210__chr3R_29774631-29774899,chr3R_29771806-29772210,chr3R_29774631-29774899,34.6,291.5,needle,10,0.5,0.1661396405623304,0.1068501230014277,0.069344407,0.1141113901274672,chr3R_29771806-29772210__chr3R_29774631-29774899,
neither,neither,/Users/jillianness/Desktop/SEbirthanalysis1024/new_LASTZ_analysis/enhancer_extraction/enhancer_pairs/FBgn0016930_vm/chr2L_14248855-14249055__chr2L_14267350-14267653,chr2L_14248855-14249055,chr2L_14267350-14267653,34.6,197.0,needle,10,0.5,0.073321587,0.02249633,0.021825311,0.039214409,chr2L_14248855-14249055__chr2L_14267350-14267653,
neither,neither,/Users/jillianness/Desktop/SEbirthanalysis1024/new_LASTZ_analysis/enhancer_extraction/enhancer_pairs/FBgn0024321_sm/chr3R_14370227-14370493__chr3R_14384206-14384447,chr3R_14370227-14370493,chr3R_14384206-14384447,34.6,114.5,needle,10,0.5,0.032922585,-0.008695544,0.001708067,0.008645036,chr3R_14370227-14370493__chr3R_14384206-14384447,
neither,neither,/Users/jillianness/Desktop/SEbirthanalysis1024/new_LASTZ_analysis/enhancer_extraction/enhancer_pairs/FBgn0010379_sm/chr3R_16072483-16072683__chr3R_16094907-16095107,chr3R_16072483-16072683,chr3R_16094907-16095107,34.6,111.0,needle,10,0.5,0.019718153,-0.006631234,-0.003320676,0.003255414,chr3R_16072483-16072683__chr3R_16094907-16095107,
neither,neither,/Users/jillianness/Desktop/SEbirthanalysis1024/new_LASTZ_analysis/enhancer_extraction/enhancer_pairs/FBgn0000667_vm/chrX_1947402-1947602__chrX_1967981-1968192,chrX_1947402-1947602,chrX_1967981-1968192,34.6,142.5,needle,10,0.5,0.06293417,0.022734202,0.01716355,0.034277307,chrX_1947402-1947602__chrX_1967981-1968192,
neither,neither,/Users/jillianness/Desktop/SEbirthanalysis1024/new_LASTZ_analysis/enhancer_extraction/enhancer_pairs/FBgn0032444_sm/chr2L_12594000-12594200__chr2L_12655423-12655623,chr2L_12594000-12594200,chr2L_12655423-12655623,34.6,121.5,needle,10,0.5,0.035688847,0.008332357,0.034869998,0.026297067,chr2L_12594000-12594200__chr2L_12655423-12655623,
neither,neither,/Users/jillianness/Desktop/SEbirthanalysis1024/new_LASTZ_analysis/enhancer_extraction/enhancer_pairs/FBgn0035335_sm/chr3L_2383777-2384194__chr3L_2402613-2402864,chr3L_2383777-2384194,chr3L_2402613-2402864,34.6,184.0,needle,10,0.5,0.049487166,-0.019967415,-0.016763662,0.00425203,chr3L_2383777-2384194__chr3L_2402613-2402864,
neither,neither,/Users/jillianness/Desktop/SEbirthanalysis1024/new_LASTZ_analysis/enhancer_extraction/enhancer_pairs/FBgn0020762_meso/chr2L_4363652-4364006__chr2L_4370195-4370400,chr2L_4363652-4364006,chr2L_4370195-4370400,34.6,201.5,needle,10,0.5,0.07528329,0.020699564,0.02691073,0.040964528,chr2L_4363652-4364006__chr2L_4370195-4370400,
neither,neither,/Users/jillianness/Desktop/SEbirthanalysis1024/new_LASTZ_analysis/enhancer_extraction/enhancer_pairs/FBgn0036460_Spearman/chr3L_14932705-14933060__chr3L_14948136-14948479,chr3L_14932705-14933060,chr3L_14948136-14948479,34.6,298.0,needle,10,0.5,0.13422507,0.071045362,0.071031684,0.092100705,chr3L_14932705-14933060__chr3L_14948136-14948479,
neither,neither,/Users/jillianness/Desktop/SEbirthanalysis1024/new_LASTZ_analysis/enhancer_extraction/enhancer_pairs/FBgn0004009_Spearman/chr2L_7300056-7300353__chr2L_7310393-7310593,chr2L_7300056-7300353,chr2L_7310393-7310593,34.6,160.5,needle,10,0.5,0.022150629,-0.030783393,-0.029704187,-0.012778984,chr2L_7300056-7300353__chr2L_7310393-7310593,
neither,neither,/Users/jillianness/Desktop/SEbirthanalysis1024/new_LASTZ_analysis/enhancer_extraction/enhancer_pairs/FBgn0037447_vm_sm/chr3R_6467754-6468039__chr3R_6481705-6482044,chr3R_6467754-6468039,chr3R_6481705-6482044,34.5,196.5,needle,10,0.5,0.082000276,0.020903638,0.030670184,0.044524699,chr3R_6467754-6468039__chr3R_6481705-6482044,
neither,neither,/Users/jillianness/Desktop/SEbirthanalysis1024/new_LASTZ_analysis/enhancer_extraction/enhancer_pairs/FBgn0035162_vm/chr3L_754449-754819__chr3L_774464-774809,chr3L_754449-754819,chr3L_774464-774809,34.5,244.5,needle,10,0.5,0.1294840087007958,0.063921996,0.056468382,0.083291462,chr3L_754449-754819__chr3L_774464-774809,
neither,neither,/Users/jillianness/Desktop/SEbirthanalysis1024/new_LASTZ_analysis/enhancer_extraction/enhancer_pairs/FBgn0011656_Spearman/chr2R_9559487-9559979__chr2R_9598105-9598410,chr2R_9559487-9559979,chr2R_9598105-9598410,34.5,285.5,needle,10,0.5,0.1101575947054084,0.029051561,0.024942897,0.054717351,chr2R_9559487-9559979__chr2R_9598105-9598410,
neither,neither,/Users/jillianness/Desktop/SEbirthanalysis1024/new_LASTZ_analysis/enhancer_extraction/enhancer_pairs/FBgn0031908_sm/chr2L_7398789-7398989__chr2L_7401211-7401411,chr2L_7398789-7398989,chr2L_7401211-7401411,34.5,177.5,needle,10,0.5,0.095238845,0.060633185,0.06507072,0.073647583,chr2L_7398789-7398989__chr2L_7401211-7401411,
neither,neither,/Users/jillianness/Desktop/SEbirthanalysis1024/new_LASTZ_analysis/enhancer_extraction/enhancer_pairs/FBgn0053207_Spearman/chr3R_15647486-15647986__chr3R_15670860-15671233,chr3R_15647486-15647986,chr3R_15670860-15671233,34.5,277.5,needle,10,0.5,0.096119541,0.024202115,0.00871732,0.043012992,chr3R_15647486-15647986__chr3R_15670860-15671233,
neither,neither,/Users/jillianness/Desktop/SEbirthanalysis1024/new_LASTZ_analysis/enhancer_extraction/enhancer_pairs/FBgn0033504_vm/chr2R_9936639-9936952__chr2R_9940074-9940569,chr2R_9936639-9936952,chr2R_9940074-9940569,34.5,313.0,needle,10,0.5,0.092833388,0.010279966,0.011904128,0.038339161,chr2R_9936639-9936952__chr2R_9940074-9940569,
neither,neither,/Users/jillianness/Desktop/SEbirthanalysis1024/new_LASTZ_analysis/enhancer_extraction/enhancer_pairs/FBgn0024321_sm/chr3R_14382371-14382571__chr3R_14384206-14384447,chr3R_14382371-14382571,chr3R_14384206-14384447,34.5,158.0,needle,10,0.5,0.025933445,-0.000570943,0.003324952,0.009562485,chr3R_14382371-14382571__chr3R_14384206-14384447,
neither,neither,/Users/jillianness/Desktop/SEbirthanalysis1024/new_LASTZ_analysis/enhancer_extraction/enhancer_pairs/FBgn0000014_Spearman/chr3R_16743196-16743622__chr3R_16920451-16920854,chr3R_16743196-16743622,chr3R_16920451-16920854,34.5,282.5,needle,10,0.5,0.1329168315347619,0.053763435,0.046995171,0.077891813,chr3R_16743196-16743622__chr3R_16920451-16920854,
neither,neither,/Users/jillianness/Desktop/SEbirthanalysis1024/new_LASTZ_analysis/enhancer_extraction/enhancer_pairs/FBgn0250906_sm/chr2L_2731925-2732219__chr2L_2754369-2754751,chr2L_2731925-2732219,chr2L_2754369-2754751,34.5,233.5,needle,10,0.5,0.08347585,0.017358911,0.010046772,0.036960511,chr2L_2731925-2732219__chr2L_2754369-2754751,
neither,neither,/Users/jillianness/Desktop/SEbirthanalysis1024/new_LASTZ_analysis/enhancer_extraction/enhancer_pairs/FBgn0003118_Spearman/chr3R_23300984-23301221__chr3R_23343757-23344225,chr3R_23300984-23301221,chr3R_23343757-23344225,34.5,265.5,needle,10,0.5,0.1586997049040751,0.102434445,0.061670826,0.1076016585986556,chr3R_23300984-23301221__chr3R_23343757-23344225,
neither,neither,/Users/jillianness/Desktop/SEbirthanalysis1024/new_LASTZ_analysis/enhancer_extraction/enhancer_pairs/FBgn0036460_Spearman/chr3L_14925390-14925769__chr3L_14944241-14944774,chr3L_14925390-14925769,chr3L_14944241-14944774,34.5,320.0,needle,10,0.5,0.1273524362605361,0.040756288,0.028439079,0.065515935,chr3L_14925390-14925769__chr3L_14944241-14944774,
neither,neither,/Users/jillianness/Desktop/SEbirthanalysis1024/new_LASTZ_analysis/enhancer_extraction/enhancer_pairs/FBgn0016715_vm/chr3L_571531-572037__chr3L_618388-618844,chr3L_571531-572037,chr3L_618388-618844,34.5,313.5,needle,10,0.5,0.1026817863671763,0.009140982,0.000657671,0.03749348,chr3L_571531-572037__chr3L_618388-618844,
neither,neither,/Users/jillianness/Desktop/SEbirthanalysis1024/new_LASTZ_analysis/enhancer_extraction/enhancer_pairs/FBgn0032731_vm/chr2L_18977432-18977644__chr2L_18977693-18978042,chr2L_18977432-18977644,chr2L_18977693-18978042,34.5,243.0,needle,10,0.5,0.2159444968811773,0.1718206180744766,0.146468936,0.1780780171485649,chr2L_18977432-18977644__chr2L_18977693-18978042,
neither,neither,/Users/jillianness/Desktop/SEbirthanalysis1024/new_LASTZ_analysis/enhancer_extraction/enhancer_pairs/FBgn0040071_sm/chr3R_16242325-16242715__chr3R_16281158-16281613,chr3R_16242325-16242715,chr3R_16281158-16281613,34.5,285.5,needle,10,0.5,0.1708136891093567,0.1062404540254585,0.079578441,0.1188775281823764,chr3R_16242325-16242715__chr3R_16281158-16281613,
enhancer_hit,enhancer_hit,/Users/jillianness/Desktop/SEbirthanalysis1024/new_LASTZ_analysis/enhancer_extraction/enhancer_pairs/FBgn0005630_meso/chr2R_10160478-10160690__chr2R_10206031-10206422,chr2R_10160478-10160690,chr2R_10206031-10206422,34.4,236.5,needle,10,0.5,0.107349773,0.055343332,0.061874118,0.074855741,chr2R_10160478-10160690__chr2R_10206031-10206422,
neither,neither,/Users/jillianness/Desktop/SEbirthanalysis1024/new_LASTZ_analysis/enhancer_extraction/enhancer_pairs/FBgn0016930_vm/chr2L_14230546-14231007__chr2L_14238009-14238297,chr2L_14230546-14231007,chr2L_14238009-14238297,34.4,278.5,needle,10,0.5,0.115270189,0.044532617,0.044699525,0.068167444,chr2L_14230546-14231007__chr2L_14238009-14238297,
neither,neither,/Users/jillianness/Desktop/SEbirthanalysis1024/new_LASTZ_analysis/enhancer_extraction/enhancer_pairs/FBgn0003889_sm/chr3R_9393661-9394054__chr3R_9436206-9436581,chr3R_9393661-9394054,chr3R_9436206-9436581,34.4,262.0,needle,10,0.5,0.087704471,0.009645834,0.011165073,0.036171793,chr3R_9393661-9394054__chr3R_9436206-9436581,
neither,neither,/Users/jillianness/Desktop/SEbirthanalysis1024/new_LASTZ_analysis/enhancer_extraction/enhancer_pairs/FBgn0033504_vm/chr2R_9911877-9912145__chr2R_9936639-9936952,chr2R_9911877-9912145,chr2R_9936639-9936952,34.4,199.0,needle,10,0.5,0.07206173,0.010771986,-0.000867597,0.02732204,chr2R_9911877-9912145__chr2R_9936639-9936952,
neither,neither,/Users/jillianness/Desktop/SEbirthanalysis1024/new_LASTZ_analysis/enhancer_extraction/enhancer_pairs/FBgn0000721_vm/chr2L_3581785-3581985__chr2L_3628830-3629162,chr2L_3581785-3581985,chr2L_3628830-3629162,34.4,211.5,needle,10,0.5,0.089352355,0.037961102,0.034480326,0.053931261,chr2L_3581785-3581985__chr2L_3628830-3629162,
neither,neither,/Users/jillianness/Desktop/SEbirthanalysis1024/new_LASTZ_analysis/enhancer_extraction/enhancer_pairs/FBgn0261836_vm_sm/chr2L_5101041-5101539__chr2L_5105118-5105417,chr2L_5101041-5101539,chr2L_5105118-5105417,34.4,253.0,needle,10,0.5,0.095912376,0.025604882,0.026923978,0.049480412,chr2L_5101041-5101539__chr2L_5105118-5105417,
neither,neither,/Users/jillianness/Desktop/SEbirthanalysis1024/new_LASTZ_analysis/enhancer_extraction/enhancer_pairs/FBgn0036460_Spearman/chr3L_14931009-14931209__chr3L_14941342-14941625,chr3L_14931009-14931209,chr3L_14941342-14941625,34.4,143.5,needle,10,0.5,0.045680571,-0.004956217,-0.003542493,0.012393954,chr3L_14931009-14931209__chr3L_14941342-14941625,
neither,neither,/Users/jillianness/Desktop/SEbirthanalysis1024/new_LASTZ_analysis/enhancer_extraction/enhancer_pairs/FBgn0036460_Spearman/chr3L_14925390-14925769__chr3L_14930753-14930953,chr3L_14925390-14925769,chr3L_14930753-14930953,34.4,222.5,needle,10,0.5,0.092805821,0.038164531,0.044394559,0.05845497,chr3L_14925390-14925769__chr3L_14930753-14930953,
neither,neither,/Users/jillianness/Desktop/SEbirthanalysis1024/new_LASTZ_analysis/enhancer_extraction/enhancer_pairs/FBgn0000575_meso/chr3L_726645-726923__chr3L_731320-731606,chr3L_726645-726923,chr3L_731320-731606,34.3,176.5,needle,10,0.5,0.046669,-0.016813208,-0.01322224,0.005544517,chr3L_726645-726923__chr3L_731320-731606,
neither,neither,/Users/jillianness/Desktop/SEbirthanalysis1024/new_LASTZ_analysis/enhancer_extraction/enhancer_pairs/FBgn0260642_sm/chr3R_6932962-6933173__chr3R_6966630-6967006,chr3R_6932962-6933173,chr3R_6966630-6967006,34.3,214.5,needle,10,0.5,0.073316852,0.014760091,0.013882081,0.033986341,chr3R_6932962-6933173__chr3R_6966630-6967006,
neither,neither,/Users/jillianness/Desktop/SEbirthanalysis1024/new_LASTZ_analysis/enhancer_extraction/enhancer_pairs/hb/chr3R_8689217-8690108__chr3R_8700981-8701661,chr3R_8689217-8690108,chr3R_8700981-8701661,34.3,503.0,needle,10,0.5,0.1590630154289837,0.016311929,0.002367822,0.059247589,chr3R_8689217-8690108__chr3R_8700981-8701661,
neither,neither,/Users/jillianness/Desktop/SEbirthanalysis1024/new_LASTZ_analysis/enhancer_extraction/enhancer_pairs/SoxN/chr2L_8789123-8789689__chr2L_8811130-8811511,chr2L_8789123-8789689,chr2L_8811130-8811511,34.3,318.0,needle,10,0.5,0.1303102176979181,0.03819804,0.021211834,0.06324003,chr2L_8789123-8789689__chr2L_8811130-8811511,
neither,neither,/Users/jillianness/Desktop/SEbirthanalysis1024/new_LASTZ_analysis/enhancer_extraction/enhancer_pairs/FBgn0002733_Spearman/chr3R_25999494-25999722__chr3R_26002453-26002853,chr3R_25999494-25999722,chr3R_26002453-26002853,34.3,218.0,needle,10,0.5,0.075691074,0.024473697,0.038199949,0.046121573,chr3R_25999494-25999722__chr3R_26002453-26002853,
neither,neither,/Users/jillianness/Desktop/SEbirthanalysis1024/new_LASTZ_analysis/enhancer_extraction/enhancer_pairs/FBgn0000721_vm/chr2L_3628830-3629162__chr2L_3655828-3656265,chr2L_3628830-3629162,chr2L_3655828-3656265,34.3,255.0,needle,10,0.5,0.1913099537401783,0.1288357474005833,0.085602842,0.1352495145328573,chr2L_3628830-3629162__chr2L_3655828-3656265,
neither,neither,/Users/jillianness/Desktop/SEbirthanalysis1024/new_LASTZ_analysis/enhancer_extraction/enhancer_pairs/FBgn0001170_vm/chr2L_6015000-6015255__chr2L_6019719-6020065,chr2L_6015000-6015255,chr2L_6019719-6020065,34.3,238.0,needle,10,0.5,0.093700862,0.04023957,0.033255307,0.055731913,chr2L_6015000-6015255__chr2L_6019719-6020065,
neither,neither,/Users/jillianness/Desktop/SEbirthanalysis1024/new_LASTZ_analysis/enhancer_extraction/enhancer_pairs/FBgn0030151_Spearman/chrX_9680427-9680627__chrX_9708888-9709088,chrX_9680427-9680627,chrX_9708888-9709088,34.3,127.0,needle,10,0.5,0.055987174,0.016678313,0.021591257,0.031418915,chrX_9680427-9680627__chrX_9708888-9709088,
neither,neither,/Users/jillianness/Desktop/SEbirthanalysis1024/new_LASTZ_analysis/enhancer_extraction/enhancer_pairs/FBgn0022029_vm/chr2R_17034595-17034875__chr2R_17054642-17054966,chr2R_17034595-17034875,chr2R_17054642-17054966,34.3,236.0,needle,10,0.5,0.04946691,-0.013707658,-0.009794785,0.008654822,chr2R_17034595-17034875__chr2R_17054642-17054966,
neither,neither,/Users/jillianness/Desktop/SEbirthanalysis1024/new_LASTZ_analysis/enhancer_extraction/enhancer_pairs/FBgn0000479_sm/chrX_3036092-3036292__chrX_3328623-3328837,chrX_3036092-3036292,chrX_3328623-3328837,34.3,171.0,needle,10,0.5,0.1313665464906334,0.093135906,0.071383951,0.098628801,chrX_3036092-3036292__chrX_3328623-3328837,
neither,neither,/Users/jillianness/Desktop/SEbirthanalysis1024/new_LASTZ_analysis/enhancer_extraction/enhancer_pairs/FBgn0026320_meso/chr3L_14939995-14940646__chr3L_14944241-14944774,chr3L_14939995-14940646,chr3L_14944241-14944774,34.3,392.0,needle,10,0.5,0.096889788,-0.017105861,-0.008663187,0.023706913,chr3L_14939995-14940646__chr3L_14944241-14944774,
neither,neither,/Users/jillianness/Desktop/SEbirthanalysis1024/new_LASTZ_analysis/enhancer_extraction/enhancer_pairs/FBgn0000463_sm/chr3R_19317753-19317953__chr3R_19350401-19350687,chr3R_19317753-19317953,chr3R_19350401-19350687,34.3,156.0,needle,10,0.5,0.064812363,0.014562454,0.009765948,0.029713588,chr3R_19317753-19317953__chr3R_19350401-19350687,
neither,neither,/Users/jillianness/Desktop/SEbirthanalysis1024/new_LASTZ_analysis/enhancer_extraction/enhancer_pairs/FBgn0028369_Spearman/chrX_3123638-3124075__chrX_3124946-3125240,chrX_3123638-3124075,chrX_3124946-3125240,34.3,260.0,needle,10,0.5,0.1246624713240523,0.067853498,0.045128937,0.079214969,chrX_3123638-3124075__chrX_3124946-3125240,
neither,neither,/Users/jillianness/Desktop/SEbirthanalysis1024/new_LASTZ_analysis/enhancer_extraction/enhancer_pairs/FBgn0035956_Spearman/chr3L_8984193-8984856__chr3L_9024467-9024945,chr3L_8984193-8984856,chr3L_9024467-9024945,34.2,351.5,needle,10,0.5,0.1082985349837161,-0.001601339,0.007265216,0.037987471,chr3L_8984193-8984856__chr3L_9024467-9024945,
neither,neither,/Users/jillianness/Desktop/SEbirthanalysis1024/new_LASTZ_analysis/enhancer_extraction/enhancer_pairs/Abd-B/chr3R_16891893-16892448__chr3R_16920234-16921056,chr3R_16891893-16892448,chr3R_16920234-16921056,34.2,493.5,needle,10,0.5,0.2049443141490465,0.089477242,0.051643651,0.115355069,chr3R_16891893-16892448__chr3R_16920234-16921056,
neither,neither,/Users/jillianness/Desktop/SEbirthanalysis1024/new_LASTZ_analysis/enhancer_extraction/enhancer_pairs/SoxN/chr2L_8840416-8841144__chr2L_8845956-8846437,chr2L_8840416-8841144,chr2L_8845956-8846437,34.2,446.0,needle,10,0.5,0.1423353161746136,0.034478926,0.02713786,0.067984034,chr2L_8840416-8841144__chr2L_8845956-8846437,
neither,neither,/Users/jillianness/Desktop/SEbirthanalysis1024/new_LASTZ_analysis/enhancer_extraction/enhancer_pairs/FBgn0016715_sm/chr3L_574867-575113__chr3L_622169-622652,chr3L_574867-575113,chr3L_622169-622652,34.2,279.0,needle,10,0.5,0.1286195621008168,0.065036088,0.067636502,0.087097384,chr3L_574867-575113__chr3L_622169-622652,
neither,neither,/Users/jillianness/Desktop/SEbirthanalysis1024/new_LASTZ_analysis/enhancer_extraction/enhancer_pairs/FBgn0014877_sm/chr2R_13194170-13194587__chr2R_13199132-13199535,chr2R_13194170-13194587,chr2R_13199132-13199535,34.2,252.0,needle,10,0.5,0.095623447,0.020641723,0.012531958,0.042932376,chr2R_13194170-13194587__chr2R_13199132-13199535,
neither,neither,/Users/jillianness/Desktop/SEbirthanalysis1024/new_LASTZ_analysis/enhancer_extraction/enhancer_pairs/FBgn0011656_vm/chr2R_9562047-9562495__chr2R_9562516-9562910,chr2R_9562047-9562495,chr2R_9562516-9562910,34.2,311.5,needle,10,0.5,0.1389504476894701,0.055283829,0.045138698,0.079790991,chr2R_9562047-9562495__chr2R_9562516-9562910,
neither,neither,/Users/jillianness/Desktop/SEbirthanalysis1024/new_LASTZ_analysis/enhancer_extraction/enhancer_pairs/FBgn0000667_vm/chrX_1994981-1995181__chrX_1995248-1995488,chrX_1994981-1995181,chrX_1995248-1995488,34.2,190.0,needle,10,0.5,0.093855686,0.058626956,0.047827491,0.066770044,chrX_1994981-1995181__chrX_1995248-1995488,
neither,neither,/Users/jillianness/Desktop/SEbirthanalysis1024/new_LASTZ_analysis/enhancer_extraction/enhancer_pairs/FBgn0001122_Spearman/chr2R_10098614-10098835__chr2R_10110809-10111161,chr2R_10098614-10098835,chr2R_10110809-10111161,34.2,192.5,needle,10,0.5,0.043697969,-0.014271042,-0.01109105,0.006111959,chr2R_10098614-10098835__chr2R_10110809-10111161,
neither,neither,/Users/jillianness/Desktop/SEbirthanalysis1024/new_LASTZ_analysis/enhancer_extraction/enhancer_pairs/FBgn0004652_sm/chr3R_18399087-18399506__chr3R_18585296-18585648,chr3R_18399087-18399506,chr3R_18585296-18585648,34.1,316.5,needle,10,0.5,0.1562837831453393,0.088913329,0.043353407,0.096183506,chr3R_18399087-18399506__chr3R_18585296-18585648,
neither,neither,/Users/jillianness/Desktop/SEbirthanalysis1024/new_LASTZ_analysis/enhancer_extraction/enhancer_pairs/FBgn0260642_sm/chr3R_6854324-6854718__chr3R_6870932-6871323,chr3R_6854324-6854718,chr3R_6870932-6871323,34.1,330.0,needle,10,0.5,0.1537550397884138,0.085037326,0.079356427,0.1060495973583176,chr3R_6854324-6854718__chr3R_6870932-6871323,
neither,neither,/Users/jillianness/Desktop/SEbirthanalysis1024/new_LASTZ_analysis/enhancer_extraction/enhancer_pairs/FBgn0024321_sm/chr3R_14384206-14384447__chr3R_14386667-14387031,chr3R_14384206-14384447,chr3R_14386667-14387031,34.1,183.5,needle,10,0.5,0.1032234990958357,0.058638449,0.073144723,0.078335557,chr3R_14384206-14384447__chr3R_14386667-14387031,
neither,neither,/Users/jillianness/Desktop/SEbirthanalysis1024/new_LASTZ_analysis/enhancer_extraction/enhancer_pairs/FBgn0035656_Spearman/chr3L_5961714-5961914__chr3L_5974676-5975048,chr3L_5961714-5961914,chr3L_5974676-5975048,34.1,192.0,needle,10,0.5,0.075572169,0.024054291,0.018090937,0.039239133,chr3L_5961714-5961914__chr3L_5974676-5975048,
neither,neither,/Users/jillianness/Desktop/SEbirthanalysis1024/new_LASTZ_analysis/enhancer_extraction/enhancer_pairs/FBgn0036282_sm/chr3L_12372005-12372320__chr3L_12382640-12382989,chr3L_12372005-12372320,chr3L_12382640-12382989,34.1,260.0,needle,10,0.5,0.065127138,-0.002893274,-0.000240358,0.020664502,chr3L_12372005-12372320__chr3L_12382640-12382989,
neither,neither,/Users/jillianness/Desktop/SEbirthanalysis1024/new_LASTZ_analysis/enhancer_extraction/enhancer_pairs/FBgn0027356_sm/chr2R_12215684-12216005__chr2R_12224142-12224342,chr2R_12215684-12216005,chr2R_12224142-12224342,34.1,180.0,needle,10,0.5,0.080933419,0.031861247,0.021520549,0.044771739,chr2R_12215684-12216005__chr2R_12224142-12224342,
neither,neither,/Users/jillianness/Desktop/SEbirthanalysis1024/new_LASTZ_analysis/enhancer_extraction/enhancer_pairs/FBgn0005771_Spearman/chr2L_14497639-14498275__chr2L_14517261-14517665,chr2L_14497639-14498275,chr2L_14517261-14517665,34.1,420.0,needle,10,0.5,0.2067521933578051,0.1245870158736091,0.082355895,0.1378983681061251,chr2L_14497639-14498275__chr2L_14517261-14517665,
neither,neither,/Users/jillianness/Desktop/SEbirthanalysis1024/new_LASTZ_analysis/enhancer_extraction/enhancer_pairs/FBgn0014877_vm/chr2R_13189049-13189699__chr2R_13192361-13193251,chr2R_13189049-13189699,chr2R_13192361-13193251,34.1,509.5,needle,10,0.5,0.2450905948947719,0.1310634616220573,0.071834252,0.1493294360702113,chr2R_13189049-13189699__chr2R_13192361-13193251,
neither,neither,/Users/jillianness/Desktop/SEbirthanalysis1024/new_LASTZ_analysis/enhancer_extraction/enhancer_pairs/FBgn0011656_sm/chr2R_9555902-9556546__chr2R_9559487-9559979,chr2R_9555902-9556546,chr2R_9559487-9559979,34.1,426.0,needle,10,0.5,0.1331709786028915,0.019113896,0.006187912,0.052824262,chr2R_9555902-9556546__chr2R_9559487-9559979,
enhancer_hit,enhancer_hit,/Users/jillianness/Desktop/SEbirthanalysis1024/new_LASTZ_analysis/enhancer_extraction/enhancer_pairs/FBgn0000463_Spearman/chr3R_19343351-19343609__chr3R_19350401-19350687,chr3R_19343351-19343609,chr3R_19350401-19350687,34.0,166.0,needle,10,0.5,0.049095431,-0.008178738,-0.013736822,0.009059957,chr3R_19343351-19343609__chr3R_19350401-19350687,
neither,neither,/Users/jillianness/Desktop/SEbirthanalysis1024/new_LASTZ_analysis/enhancer_extraction/enhancer_pairs/FBgn0035144_vm_sm/chr3L_519120-519320__chr3L_593649-593985,chr3L_519120-519320,chr3L_593649-593985,34.0,172.0,needle,10,0.5,0.08538592,0.033432249,0.025216538,0.048011569,chr3L_519120-519320__chr3L_593649-593985,
neither,neither,/Users/jillianness/Desktop/SEbirthanalysis1024/new_LASTZ_analysis/enhancer_extraction/enhancer_pairs/FBgn0035656_Spearman/chr3L_5961714-5961914__chr3L_5963004-5963247,chr3L_5961714-5961914,chr3L_5963004-5963247,34.0,167.0,needle,10,0.5,0.08210247,0.037330505,0.032133592,0.050522189,chr3L_5961714-5961914__chr3L_5963004-5963247,
neither,neither,/Users/jillianness/Desktop/SEbirthanalysis1024/new_LASTZ_analysis/enhancer_extraction/enhancer_pairs/FBgn0004432_Spearman/chrX_16259170-16259635__chrX_16272729-16273509,chrX_16259170-16259635,chrX_16272729-16273509,34.0,439.0,needle,10,0.5,0.1061579811011191,0.00880298,0.018718594,0.044559852,chrX_16259170-16259635__chrX_16272729-16273509,
neither,neither,/Users/jillianness/Desktop/SEbirthanalysis1024/new_LASTZ_analysis/enhancer_extraction/enhancer_pairs/FBgn0000015_sm/chr3R_16938077-16938336__chr3R_16969808-16970008,chr3R_16938077-16938336,chr3R_16969808-16970008,34.0,151.0,needle,10,0.5,0.041117834,0.0029852,0.00118277,0.015095268,chr3R_16938077-16938336__chr3R_16969808-16970008,
neither,neither,/Users/jillianness/Desktop/SEbirthanalysis1024/new_LASTZ_analysis/enhancer_extraction/enhancer_pairs/FBgn0003997_vm/chr3L_18216020-18216270__chr3L_18253096-18253493,chr3L_18216020-18216270,chr3L_18253096-18253493,34.0,255.5,needle,10,0.5,0.081043051,0.021043367,0.035351566,0.045812662,chr3L_18216020-18216270__chr3L_18253096-18253493,
neither,neither,/Users/jillianness/Desktop/SEbirthanalysis1024/new_LASTZ_analysis/enhancer_extraction/enhancer_pairs/Abd-B/chr3R_16891893-16892448__chr3R_16901949-16902502,chr3R_16891893-16892448,chr3R_16901949-16902502,33.9,392.0,needle,10,0.5,0.1394264016606686,0.03880019,-0.01321939,0.055002401,chr3R_16891893-16892448__chr3R_16901949-16902502,
neither,neither,/Users/jillianness/Desktop/SEbirthanalysis1024/new_LASTZ_analysis/enhancer_extraction/enhancer_pairs/FBgn0000575_meso/chr3L_726050-726267__chr3L_731320-731606,chr3L_726050-726267,chr3L_731320-731606,33.9,179.0,needle,10,0.5,0.061691053,0.00595061,0.010295887,0.025979183,chr3L_726050-726267__chr3L_731320-731606,
neither,neither,/Users/jillianness/Desktop/SEbirthanalysis1024/new_LASTZ_analysis/enhancer_extraction/enhancer_pairs/SoxN/chr2L_8809398-8810868__chr2L_8846495-8847235,chr2L_8809398-8810868,chr2L_8846495-8847235,33.9,771.5,needle,10,0.5,0.2324829211753834,0.055858862,0.065843955,0.1180619125013117,chr2L_8809398-8810868__chr2L_8846495-8847235,
neither,neither,/Users/jillianness/Desktop/SEbirthanalysis1024/new_LASTZ_analysis/enhancer_extraction/enhancer_pairs/FBgn0053207_Spearman/chr3R_15639984-15640424__chr3R_15649388-15650148,chr3R_15639984-15640424,chr3R_15649388-15650148,33.9,399.0,needle,10,0.5,0.160612534,0.064314032,0.065204311,0.096710292,chr3R_15639984-15640424__chr3R_15649388-15650148,
neither,neither,/Users/jillianness/Desktop/SEbirthanalysis1024/new_LASTZ_analysis/enhancer_extraction/enhancer_pairs/FBgn0024321_sm/chr3R_14370227-14370493__chr3R_14386667-14387031,chr3R_14370227-14370493,chr3R_14386667-14387031,33.9,168.0,needle,10,0.5,0.070623463,0.019537208,0.002097963,0.030752878,chr3R_14370227-14370493__chr3R_14386667-14387031,
neither,neither,/Users/jillianness/Desktop/SEbirthanalysis1024/new_LASTZ_analysis/enhancer_extraction/enhancer_pairs/FBgn0262656_Spearman/chrX_3306185-3306699__chrX_3329089-3329713,chrX_3306185-3306699,chrX_3329089-3329713,33.9,455.0,needle,10,0.5,0.2526551331960493,0.1819994741999706,0.064180351,0.166278319,chrX_3306185-3306699__chrX_3329089-3329713,
neither,neither,/Users/jillianness/Desktop/SEbirthanalysis1024/new_LASTZ_analysis/enhancer_extraction/enhancer_pairs/FBgn0086906_sm/chr3L_2098335-2098584__chr3L_2139317-2139517,chr3L_2098335-2098584,chr3L_2139317-2139517,33.9,180.5,needle,10,0.5,0.076055735,0.028373482,0.02714866,0.043859292,chr3L_2098335-2098584__chr3L_2139317-2139517,
neither,neither,/Users/jillianness/Desktop/SEbirthanalysis1024/new_LASTZ_analysis/enhancer_extraction/enhancer_pairs/DII/chr2R_24808103-24808896__chr2R_24854572-24855864,chr2R_24808103-24808896,chr2R_24854572-24855864,33.9,639.5,needle,10,0.5,0.1860332909681795,0.011657693,0.006301434,0.067997473,chr2R_24808103-24808896__chr2R_24854572-24855864,
neither,neither,/Users/jillianness/Desktop/SEbirthanalysis1024/new_LASTZ_analysis/enhancer_extraction/enhancer_pairs/FBgn0036460_Spearman/chr3L_14922238-14922460__chr3L_14925390-14925769,chr3L_14922238-14922460,chr3L_14925390-14925769,33.9,192.0,needle,10,0.5,0.079287457,0.020147162,0.028116173,0.04251693,chr3L_14922238-14922460__chr3L_14925390-14925769,
neither,neither,/Users/jillianness/Desktop/SEbirthanalysis1024/new_LASTZ_analysis/enhancer_extraction/enhancer_pairs/FBgn0036460_Spearman/chr3L_14928799-14929134__chr3L_14938074-14938558,chr3L_14928799-14929134,chr3L_14938074-14938558,33.9,331.0,needle,10,0.5,0.1344563587068094,0.065300415,0.059504162,0.086420312,chr3L_14928799-14929134__chr3L_14938074-14938558,
neither,neither,/Users/jillianness/Desktop/SEbirthanalysis1024/new_LASTZ_analysis/enhancer_extraction/enhancer_pairs/FBgn0004606_Spearman/chr3R_30764337-30764604__chr3R_30765989-30766189,chr3R_30764337-30764604,chr3R_30765989-30766189,33.9,153.5,needle,10,0.5,0.042492268,-0.005981346,-0.009521537,0.008996462,chr3R_30764337-30764604__chr3R_30765989-30766189,
neither,neither,/Users/jillianness/Desktop/SEbirthanalysis1024/new_LASTZ_analysis/enhancer_extraction/enhancer_pairs/FBgn0020762_Spearman/chr2L_4351796-4352022__chr2L_4363652-4364006,chr2L_4351796-4352022,chr2L_4363652-4364006,33.9,184.5,needle,10,0.5,0.051141185,-0.009636574,-0.007443581,0.011353676,chr2L_4351796-4352022__chr2L_4363652-4364006,
neither,neither,/Users/jillianness/Desktop/SEbirthanalysis1024/new_LASTZ_analysis/enhancer_extraction/enhancer_pairs/FBgn0023095_sm/chr3L_13208620-13208905__chr3L_13231729-13231956,chr3L_13208620-13208905,chr3L_13231729-13231956,33.8,164.5,needle,10,0.5,0.1025978352085154,0.05670217,0.031075408,0.063458471,chr3L_13208620-13208905__chr3L_13231729-13231956,
neither,neither,/Users/jillianness/Desktop/SEbirthanalysis1024/new_LASTZ_analysis/enhancer_extraction/enhancer_pairs/FBgn0021768_sm/chr3L_16739294-16739644__chr3L_16775645-16775870,chr3L_16739294-16739644,chr3L_16775645-16775870,33.8,122.5,needle,10,0.5,0.00934947,-0.051408963,-0.053806558,-0.03195535,chr3L_16739294-16739644__chr3L_16775645-16775870,
neither,neither,/Users/jillianness/Desktop/SEbirthanalysis1024/new_LASTZ_analysis/enhancer_extraction/enhancer_pairs/FBgn0038146_sm/chr3R_13372296-13372496__chr3R_13403135-13403355,chr3R_13372296-13372496,chr3R_13403135-13403355,33.8,170.5,needle,10,0.5,0.1020952589687895,0.06293137,0.064580943,0.076535857,chr3R_13372296-13372496__chr3R_13403135-13403355,
neither,neither,/Users/jillianness/Desktop/SEbirthanalysis1024/new_LASTZ_analysis/enhancer_extraction/enhancer_pairs/FBgn0002733_Spearman/chr3R_25999494-25999722__chr3R_26010258-26010647,chr3R_25999494-25999722,chr3R_26010258-26010647,33.8,189.0,needle,10,0.5,0.1072982242290833,0.049777242,0.046412242,0.067829236,chr3R_25999494-25999722__chr3R_26010258-26010647,
neither,neither,/Users/jillianness/Desktop/SEbirthanalysis1024/new_LASTZ_analysis/enhancer_extraction/enhancer_pairs/FBgn0031908_sm/chr2L_7340816-7341016__chr2L_7407733-7408080,chr2L_7340816-7341016,chr2L_7407733-7408080,33.8,217.5,needle,10,0.5,0.097892676,0.049136063,0.030824846,0.059284528,chr2L_7340816-7341016__chr2L_7407733-7408080,
neither,neither,/Users/jillianness/Desktop/SEbirthanalysis1024/new_LASTZ_analysis/enhancer_extraction/enhancer_pairs/FBgn0040071_Spearman/chr3R_16236366-16236648__chr3R_16242325-16242715,chr3R_16236366-16236648,chr3R_16242325-16242715,33.8,266.0,needle,10,0.5,0.1078218124056009,0.049877577,0.045508154,0.067735848,chr3R_16236366-16236648__chr3R_16242325-16242715,
neither,neither,/Users/jillianness/Desktop/SEbirthanalysis1024/new_LASTZ_analysis/enhancer_extraction/enhancer_pairs/FBgn0004606_vm/chr3R_30781959-30782292__chr3R_30796870-30797305,chr3R_30781959-30782292,chr3R_30796870-30797305,33.8,251.0,needle,10,0.5,0.072929811,-0.001004484,-0.00186932,0.023352002,chr3R_30781959-30782292__chr3R_30796870-30797305,
neither,neither,/Users/jillianness/Desktop/SEbirthanalysis1024/new_LASTZ_analysis/enhancer_extraction/enhancer_pairs/FBgn0028369_Spearman/chrX_3100007-3100398__chrX_3102934-3103204,chrX_3100007-3100398,chrX_3102934-3103204,33.8,232.0,needle,10,0.5,0.080524219,0.042827617,0.090719362,0.071357066,chrX_3100007-3100398__chrX_3102934-3103204,
neither,neither,/Users/jillianness/Desktop/SEbirthanalysis1024/new_LASTZ_analysis/enhancer_extraction/enhancer_pairs/FBgn0001122_Spearman/chr2R_10099473-10099798__chr2R_10104067-10104664,chr2R_10099473-10099798,chr2R_10104067-10104664,33.8,319.5,needle,10,0.5,0.1136099980513671,0.030140836,0.033805814,0.059185549,chr2R_10099473-10099798__chr2R_10104067-10104664,
neither,neither,/Users/jillianness/Desktop/SEbirthanalysis1024/new_LASTZ_analysis/enhancer_extraction/enhancer_pairs/FBgn0016797_vm/chr3L_19159338-19159712__chr3L_19174386-19174928,chr3L_19159338-19159712,chr3L_19174386-19174928,33.8,397.0,needle,10,0.5,0.1831330164656267,0.1095152531156743,0.090727186,0.1277918183872138,chr3L_19159338-19159712__chr3L_19174386-19174928,
neither,neither,/Users/jillianness/Desktop/SEbirthanalysis1024/new_LASTZ_analysis/enhancer_extraction/enhancer_pairs/FBgn0004858_Spearman/chr2L_14446061-14446392__chr2L_14446412-14446612,chr2L_14446061-14446392,chr2L_14446412-14446612,33.7,205.0,needle,10,0.5,0.1271701568915748,0.080738971,0.084573035,0.097494055,chr2L_14446061-14446392__chr2L_14446412-14446612,
neither,neither,/Users/jillianness/Desktop/SEbirthanalysis1024/new_LASTZ_analysis/enhancer_extraction/enhancer_pairs/FBgn0016794_vm/chr3L_2552007-2552315__chr3L_2562100-2562492,chr3L_2552007-2552315,chr3L_2562100-2562492,33.7,204.0,needle,10,0.5,0.051238416,-0.013400185,-0.005281234,0.010852332,chr3L_2552007-2552315__chr3L_2562100-2562492,
neither,neither,/Users/jillianness/Desktop/SEbirthanalysis1024/new_LASTZ_analysis/enhancer_extraction/enhancer_pairs/FBgn0038473_vm/chr3R_17082131-17082723__chr3R_17095604-17095904,chr3R_17082131-17082723,chr3R_17095604-17095904,33.7,316.5,needle,10,0.5,0.1066196805076955,0.025382244,0.017335312,0.049779079,chr3R_17082131-17082723__chr3R_17095604-17095904,
neither,neither,/Users/jillianness/Desktop/SEbirthanalysis1024/new_LASTZ_analysis/enhancer_extraction/enhancer_pairs/FBgn0053207_Spearman/chr3R_15647486-15647986__chr3R_15668979-15669269,chr3R_15647486-15647986,chr3R_15668979-15669269,33.7,222.0,needle,10,0.5,0.1039117125505646,0.037691122,0.046940328,0.062847721,chr3R_15647486-15647986__chr3R_15668979-15669269,
neither,neither,/Users/jillianness/Desktop/SEbirthanalysis1024/new_LASTZ_analysis/enhancer_extraction/enhancer_pairs/FBgn0040071_Spearman/chr3R_16208035-16208235__chr3R_16234208-16234580,chr3R_16208035-16208235,chr3R_16234208-16234580,33.7,216.0,needle,10,0.5,0.1051603952689763,0.054145311,0.067510166,0.075605291,chr3R_16208035-16208235__chr3R_16234208-16234580,
neither,neither,/Users/jillianness/Desktop/SEbirthanalysis1024/new_LASTZ_analysis/enhancer_extraction/enhancer_pairs/FBgn0005771_meso/chr2L_14434419-14434949__chr2L_14517261-14517665,chr2L_14434419-14434949,chr2L_14517261-14517665,33.6,396.0,needle,10,0.5,0.2048699240189681,0.1327872533292233,0.078040541,0.1385659061620877,chr2L_14434419-14434949__chr2L_14517261-14517665,
neither,neither,/Users/jillianness/Desktop/SEbirthanalysis1024/new_LASTZ_analysis/enhancer_extraction/enhancer_pairs/FBgn0035656_Spearman/chr3L_5961714-5961914__chr3L_5982072-5982272,chr3L_5961714-5961914,chr3L_5982072-5982272,33.6,167.0,needle,10,0.5,0.082576627,0.041766947,0.044051127,0.056131567,chr3L_5961714-5961914__chr3L_5982072-5982272,
neither,neither,/Users/jillianness/Desktop/SEbirthanalysis1024/new_LASTZ_analysis/enhancer_extraction/enhancer_pairs/FBgn0032393_vm/chr2L_12003862-12004365__chr2L_12009847-12010112,chr2L_12003862-12004365,chr2L_12009847-12010112,33.6,271.0,needle,10,0.5,0.1125019464172946,0.046092996,0.068135071,0.075576671,chr2L_12003862-12004365__chr2L_12009847-12010112,
neither,neither,/Users/jillianness/Desktop/SEbirthanalysis1024/new_LASTZ_analysis/enhancer_extraction/enhancer_pairs/FBgn0000044_sm/chr2R_20563710-20563921__chr2R_20566669-20566882,chr2R_20563710-20563921,chr2R_20566669-20566882,33.6,97.5,needle,10,0.5,0.035174436,-0.011342984,-0.018370118,0.001820445,chr2R_20563710-20563921__chr2R_20566669-20566882,
neither,neither,/Users/jillianness/Desktop/SEbirthanalysis1024/new_LASTZ_analysis/enhancer_extraction/enhancer_pairs/FBgn0036460_Spearman/chr3L_14932705-14933060__chr3L_14939995-14940646,chr3L_14932705-14933060,chr3L_14939995-14940646,33.6,299.0,needle,10,0.5,0.099343494,0.007094518,0.001623843,0.036020618,chr3L_14932705-14933060__chr3L_14939995-14940646,
neither,neither,/Users/jillianness/Desktop/SEbirthanalysis1024/new_LASTZ_analysis/enhancer_extraction/enhancer_pairs/FBgn0036460_Spearman/chr3L_14941342-14941625__chr3L_14944241-14944774,chr3L_14941342-14941625,chr3L_14944241-14944774,33.6,277.0,needle,10,0.5,0.093751585,0.016985016,0.001626147,0.037454249,chr3L_14941342-14941625__chr3L_14944241-14944774,
neither,neither,/Users/jillianness/Desktop/SEbirthanalysis1024/new_LASTZ_analysis/enhancer_extraction/enhancer_pairs/FBgn0004606_Spearman/chr3R_30764337-30764604__chr3R_30780915-30781294,chr3R_30764337-30764604,chr3R_30780915-30781294,33.6,245.0,needle,10,0.5,0.090763525,0.026758351,0.024733996,0.047418624,chr3R_30764337-30764604__chr3R_30780915-30781294,
neither,neither,/Users/jillianness/Desktop/SEbirthanalysis1024/new_LASTZ_analysis/enhancer_extraction/enhancer_pairs/FBgn0000046_vm/chr3R_13424734-13425026__chr3R_13448043-13448596,chr3R_13424734-13425026,chr3R_13448043-13448596,33.6,333.5,needle,10,0.5,0.1541820099677079,0.082008799,0.064758966,0.100316592,chr3R_13424734-13425026__chr3R_13448043-13448596,
neither,neither,/Users/jillianness/Desktop/SEbirthanalysis1024/new_LASTZ_analysis/enhancer_extraction/enhancer_pairs/FBgn0016797_vm/chr3L_19135570-19135853__chr3L_19175349-19175549,chr3L_19135570-19135853,chr3L_19175349-19175549,33.6,143.5,needle,10,0.5,0.090376411,0.042688713,0.05070358,0.061256235,chr3L_19135570-19135853__chr3L_19175349-19175549,
neither,neither,/Users/jillianness/Desktop/SEbirthanalysis1024/new_LASTZ_analysis/enhancer_extraction/enhancer_pairs/FBgn0001186_sm/chrX_9535552-9535936__chrX_9537260-9537482,chrX_9535552-9535936,chrX_9537260-9537482,33.6,194.0,needle,10,0.5,0.060991653,0.008184481,0.013572105,0.027582746,chrX_9535552-9535936__chrX_9537260-9537482,
neither,neither,/Users/jillianness/Desktop/SEbirthanalysis1024/new_LASTZ_analysis/enhancer_extraction/enhancer_pairs/FBgn0037816_sm/chr3R_10387951-10388335__chr3R_10536788-10537065,chr3R_10387951-10388335,chr3R_10536788-10537065,33.5,234.0,needle,10,0.5,0.067757493,0.007306697,0.011347705,0.028803965,chr3R_10387951-10388335__chr3R_10536788-10537065,
neither,neither,/Users/jillianness/Desktop/SEbirthanalysis1024/new_LASTZ_analysis/enhancer_extraction/enhancer_pairs/SoxN/chr2L_8842046-8842771__chr2L_8845956-8846437,chr2L_8842046-8842771,chr2L_8845956-8846437,33.5,426.0,needle,10,0.5,0.1204052435752379,0.009551325,0.009795179,0.046583916,chr2L_8842046-8842771__chr2L_8845956-8846437,
neither,neither,/Users/jillianness/Desktop/SEbirthanalysis1024/new_LASTZ_analysis/enhancer_extraction/enhancer_pairs/FBgn0033504_vm/chr2R_9900668-9901086__chr2R_9936639-9936952,chr2R_9900668-9901086,chr2R_9936639-9936952,33.5,249.0,needle,10,0.5,0.058322218,-0.018551385,-0.012677196,0.009031212,chr2R_9900668-9901086__chr2R_9936639-9936952,
neither,neither,/Users/jillianness/Desktop/SEbirthanalysis1024/new_LASTZ_analysis/enhancer_extraction/enhancer_pairs/FBgn0016122_vm/chr2L_8542173-8542517__chr2L_8581723-8582037,chr2L_8542173-8542517,chr2L_8581723-8582037,33.5,205.5,needle,10,0.5,0.087212823,0.021048184,0.019479047,0.042580018,chr2L_8542173-8542517__chr2L_8581723-8582037,
neither,neither,/Users/jillianness/Desktop/SEbirthanalysis1024/new_LASTZ_analysis/enhancer_extraction/enhancer_pairs/FBgn0261245_vm_sm/chrX_16618927-16619240__chrX_16629633-16629833,chrX_16618927-16619240,chrX_16629633-16629833,33.5,152.0,needle,10,0.5,0.03414141,-0.011912958,-0.006646877,0.005193858,chrX_16618927-16619240__chrX_16629633-16629833,
neither,neither,/Users/jillianness/Desktop/SEbirthanalysis1024/new_LASTZ_analysis/enhancer_extraction/enhancer_pairs/FBgn0003567_sm/chr3R_14288142-14288461__chr3R_14332655-14333054,chr3R_14288142-14288461,chr3R_14332655-14333054,33.5,250.5,needle,10,0.5,0.104586392,0.029847731,0.016840332,0.050424818,chr3R_14288142-14288461__chr3R_14332655-14333054,
neither,neither,/Users/jillianness/Desktop/SEbirthanalysis1024/new_LASTZ_analysis/enhancer_extraction/enhancer_pairs/FBgn0001091_vm/chr2R_7400926-7401168__chr2R_7415997-7416241,chr2R_7400926-7401168,chr2R_7415997-7416241,33.5,166.0,needle,10,0.5,0.045283524,-0.003033947,0.00304314,0.015097572,chr2R_7400926-7401168__chr2R_7415997-7416241,
neither,neither,/Users/jillianness/Desktop/SEbirthanalysis1024/new_LASTZ_analysis/enhancer_extraction/enhancer_pairs/FBgn0036460_Spearman/chr3L_14925390-14925769__chr3L_14939995-14940646,chr3L_14925390-14925769,chr3L_14939995-14940646,33.5,343.0,needle,10,0.5,0.078480626,-0.027269204,-0.024270587,0.008980278,chr3L_14925390-14925769__chr3L_14939995-14940646,
neither,neither,/Users/jillianness/Desktop/SEbirthanalysis1024/new_LASTZ_analysis/enhancer_extraction/enhancer_pairs/FBgn0004101_vm_sm/chr2R_23924684-23925158__chr2R_23948285-23948607,chr2R_23924684-23925158,chr2R_23948285-23948607,33.5,272.5,needle,10,0.5,0.1026832733456487,0.021687111,0.020149301,0.048173228,chr2R_23924684-23925158__chr2R_23948285-23948607,
neither,neither,/Users/jillianness/Desktop/SEbirthanalysis1024/new_LASTZ_analysis/enhancer_extraction/enhancer_pairs/FBgn0003997_Spearman/chr3L_18188992-18189399__chr3L_18241081-18241477,chr3L_18188992-18189399,chr3L_18241081-18241477,33.5,321.0,needle,10,0.5,0.2025628324551764,0.1353725364356608,0.104986577,0.1476406486535003,chr3L_18188992-18189399__chr3L_18241081-18241477,
neither,neither,/Users/jillianness/Desktop/SEbirthanalysis1024/new_LASTZ_analysis/enhancer_extraction/enhancer_pairs/FBgn0001122_Spearman/chr2R_10104067-10104664__chr2R_10110809-10111161,chr2R_10104067-10104664,chr2R_10110809-10111161,33.5,304.0,needle,10,0.5,0.1089404770221972,0.01970325,0.019095134,0.049246287,chr2R_10104067-10104664__chr2R_10110809-10111161,
neither,neither,/Users/jillianness/Desktop/SEbirthanalysis1024/new_LASTZ_analysis/enhancer_extraction/enhancer_pairs/FBgn0033782_vm_sm/chr2R_12529393-12529661__chr2R_12556332-12556741,chr2R_12529393-12529661,chr2R_12556332-12556741,33.5,190.0,needle,10,0.5,0.061647692,0.002574715,0.007571393,0.023931267,chr2R_12529393-12529661__chr2R_12556332-12556741,
enhancer_hit,enhancer_hit,/Users/jillianness/Desktop/SEbirthanalysis1024/new_LASTZ_analysis/enhancer_extraction/enhancer_pairs/FBgn0036460_Spearman/chr3L_14928799-14929134__chr3L_14930753-14930953,chr3L_14928799-14929134,chr3L_14930753-14930953,33.4,248.0,needle,10,0.5,0.1657221579473297,0.1236029858765808,0.079976344,0.1231004958982651,chr3L_14928799-14929134__chr3L_14930753-14930953,
neither,neither,/Users/jillianness/Desktop/SEbirthanalysis1024/new_LASTZ_analysis/enhancer_extraction/enhancer_pairs/FBgn0033179_Spearman/chr2R_7091539-7091739__chr2R_7110660-7110941,chr2R_7091539-7091739,chr2R_7110660-7110941,33.4,174.5,needle,10,0.5,0.059707434,0.007817326,-0.000771831,0.022250977,chr2R_7091539-7091739__chr2R_7110660-7110941,
neither,neither,/Users/jillianness/Desktop/SEbirthanalysis1024/new_LASTZ_analysis/enhancer_extraction/enhancer_pairs/FBgn0016041_sm/chrX_7655607-7655855__chrX_7686560-7686932,chrX_7655607-7655855,chrX_7686560-7686932,33.4,183.5,needle,10,0.5,0.044197908,-0.013186144,-0.008717117,0.007431549,chrX_7655607-7655855__chrX_7686560-7686932,
neither,neither,/Users/jillianness/Desktop/SEbirthanalysis1024/new_LASTZ_analysis/enhancer_extraction/enhancer_pairs/FBgn0016797_Spearman/chr3L_19151316-19151710__chr3L_19173146-19173442,chr3L_19151316-19151710,chr3L_19173146-19173442,33.4,231.0,needle,10,0.5,0.053850929,-0.006041018,-0.005156972,0.014217646,chr3L_19151316-19151710__chr3L_19173146-19173442,
neither,neither,/Users/jillianness/Desktop/SEbirthanalysis1024/new_LASTZ_analysis/enhancer_extraction/enhancer_pairs/FBgn0003002_Spearman/chr3R_4852430-4852762__chr3R_4960008-4960208,chr3R_4852430-4852762,chr3R_4960008-4960208,33.4,199.5,needle,10,0.5,0.054274134,-0.002180024,0.002914106,0.018336072,chr3R_4852430-4852762__chr3R_4960008-4960208,
neither,neither,/Users/jillianness/Desktop/SEbirthanalysis1024/new_LASTZ_analysis/enhancer_extraction/enhancer_pairs/FBgn0031908_sm/chr2L_7398789-7398989__chr2L_7407733-7408080,chr2L_7398789-7398989,chr2L_7407733-7408080,33.4,220.5,needle,10,0.5,0.1033746524267504,0.055349215,0.079989758,0.079571209,chr2L_7398789-7398989__chr2L_7407733-7408080,
neither,neither,/Users/jillianness/Desktop/SEbirthanalysis1024/new_LASTZ_analysis/enhancer_extraction/enhancer_pairs/FBgn0035656_Spearman/chr3L_5975471-5975750__chr3L_5982072-5982272,chr3L_5975471-5975750,chr3L_5982072-5982272,33.4,165.0,needle,10,0.5,0.030368898,-0.020161865,-0.016698138,-0.002163702,chr3L_5975471-5975750__chr3L_5982072-5982272,
neither,neither,/Users/jillianness/Desktop/SEbirthanalysis1024/new_LASTZ_analysis/enhancer_extraction/enhancer_pairs/FBgn0003002_vm/chr3R_4878667-4879056__chr3R_4914310-4914978,chr3R_4878667-4879056,chr3R_4914310-4914978,33.4,347.0,needle,10,0.5,0.1434970708640954,0.050599656,0.047969204,0.080688644,chr3R_4878667-4879056__chr3R_4914310-4914978,
neither,neither,/Users/jillianness/Desktop/SEbirthanalysis1024/new_LASTZ_analysis/enhancer_extraction/enhancer_pairs/FBgn0033581_vm/chr2R_10724722-10724928__chr2R_10734849-10735149,chr2R_10724722-10724928,chr2R_10734849-10735149,33.4,165.5,needle,10,0.5,0.027203191,-0.030810042,-0.030001985,-0.011202945,chr2R_10724722-10724928__chr2R_10734849-10735149,
neither,neither,/Users/jillianness/Desktop/SEbirthanalysis1024/new_LASTZ_analysis/enhancer_extraction/enhancer_pairs/FBgn0028369_Spearman/chrX_3103482-3103682__chrX_3124946-3125240,chrX_3103482-3103682,chrX_3124946-3125240,33.4,195.5,needle,10,0.5,0.1016832763536077,0.06639735,0.041835437,0.069972021,chrX_3103482-3103682__chrX_3124946-3125240,
neither,neither,/Users/jillianness/Desktop/SEbirthanalysis1024/new_LASTZ_analysis/enhancer_extraction/enhancer_pairs/FBgn0001186_sm/chrX_9535552-9535936__chrX_9609591-9609868,chrX_9535552-9535936,chrX_9609591-9609868,33.4,204.5,needle,10,0.5,0.041123123,-0.01737547,-0.016772073,0.002325193,chrX_9535552-9535936__chrX_9609591-9609868,
enhancer_hit,enhancer_hit,/Users/jillianness/Desktop/SEbirthanalysis1024/new_LASTZ_analysis/enhancer_extraction/enhancer_pairs/FBgn0034013_meso/chr2R_14977821-14978455__chr2R_14980641-14981129,chr2R_14977821-14978455,chr2R_14980641-14981129,33.3,427.5,needle,10,0.5,0.1748721619481453,0.091449436,0.063003866,0.1097751544451707,chr2R_14977821-14978455__chr2R_14980641-14981129,
Flank,Flank,/Users/jillianness/Desktop/SEbirthanalysis1024/new_LASTZ_analysis/enhancer_extraction/enhancer_pairs/FBgn0041096_Spearman/chr3L_12063986-12064331__chr3L_12082643-12082843,chr3L_12063986-12064331,chr3L_12082643-12082843,33.3,195.0,needle,10,0.5,0.05254126,-0.000647223,0.002068964,0.017987667,chr3L_12063986-12064331__chr3L_12082643-12082843,
neither,neither,/Users/jillianness/Desktop/SEbirthanalysis1024/new_LASTZ_analysis/enhancer_extraction/enhancer_pairs/FBgn0260642_sm/chr3R_6870932-6871323__chr3R_6966630-6967006,chr3R_6870932-6871323,chr3R_6966630-6967006,33.3,278.0,needle,10,0.5,0.1198966875881189,0.050052581,0.033331836,0.067760368,chr3R_6870932-6871323__chr3R_6966630-6967006,
neither,neither,/Users/jillianness/Desktop/SEbirthanalysis1024/new_LASTZ_analysis/enhancer_extraction/enhancer_pairs/FBgn0031908_sm/chr2L_7401211-7401411__chr2L_7407733-7408080,chr2L_7401211-7401411,chr2L_7407733-7408080,33.3,213.0,needle,10,0.5,0.1622482668246984,0.1177663854274552,0.088148149,0.1227209338618223,chr2L_7401211-7401411__chr2L_7407733-7408080,
neither,neither,/Users/jillianness/Desktop/SEbirthanalysis1024/new_LASTZ_analysis/enhancer_extraction/enhancer_pairs/FBgn0053207_Spearman/chr3R_15639984-15640424__chr3R_15643161-15643399,chr3R_15639984-15640424,chr3R_15643161-15643399,33.3,245.5,needle,10,0.5,0.096310089,0.034213682,0.030010276,0.053511349,chr3R_15639984-15640424__chr3R_15643161-15643399,
neither,neither,/Users/jillianness/Desktop/SEbirthanalysis1024/new_LASTZ_analysis/enhancer_extraction/enhancer_pairs/FBgn0040071_Spearman/chr3R_16208035-16208235__chr3R_16236366-16236648,chr3R_16208035-16208235,chr3R_16236366-16236648,33.3,174.5,needle,10,0.5,0.063904162,0.01793103,0.009941257,0.03059215,chr3R_16208035-16208235__chr3R_16236366-16236648,
neither,neither,/Users/jillianness/Desktop/SEbirthanalysis1024/new_LASTZ_analysis/enhancer_extraction/enhancer_pairs/FBgn0014877_Spearman/chr2R_13190587-13190787__chr2R_13192033-13192233,chr2R_13190587-13190787,chr2R_13192033-13192233,33.3,112.5,needle,10,0.5,0.023909317,-0.013589058,-0.013913207,-0.001197649,chr2R_13190587-13190787__chr2R_13192033-13192233,
neither,neither,/Users/jillianness/Desktop/SEbirthanalysis1024/new_LASTZ_analysis/enhancer_extraction/enhancer_pairs/FBgn0027088_sm/chr3L_15051009-15051402__chr3L_15058846-15059046,chr3L_15051009-15051402,chr3L_15058846-15059046,33.3,207.0,needle,10,0.5,0.07540046,0.020990576,0.025548014,0.04064635,chr3L_15051009-15051402__chr3L_15058846-15059046,
neither,neither,/Users/jillianness/Desktop/SEbirthanalysis1024/new_LASTZ_analysis/enhancer_extraction/enhancer_pairs/FBgn0261648_vm/chr2L_11415248-11415544__chr2L_11452852-11453384,chr2L_11415248-11415544,chr2L_11452852-11453384,33.3,296.5,needle,10,0.5,0.099699875,0.018330251,0.017458636,0.045162921,chr2L_11415248-11415544__chr2L_11452852-11453384,
neither,neither,/Users/jillianness/Desktop/SEbirthanalysis1024/new_LASTZ_analysis/enhancer_extraction/enhancer_pairs/FBgn0025632_vm/chrX_2012689-2013147__chrX_2014352-2014702,chrX_2012689-2013147,chrX_2014352-2014702,33.3,209.0,needle,10,0.5,0.051503182,-0.022985187,-0.021248058,0.002423312,chrX_2012689-2013147__chrX_2014352-2014702,
neither,neither,/Users/jillianness/Desktop/SEbirthanalysis1024/new_LASTZ_analysis/enhancer_extraction/enhancer_pairs/FBgn0000463_Spearman/chr3R_19287679-19287954__chr3R_19326610-19326911,chr3R_19287679-19287954,chr3R_19326610-19326911,33.3,201.0,needle,10,0.5,0.047946902,-0.007496613,-0.002592465,0.012619275,chr3R_19287679-19287954__chr3R_19326610-19326911,
Flank,Flank,/Users/jillianness/Desktop/SEbirthanalysis1024/new_LASTZ_analysis/enhancer_extraction/enhancer_pairs/FBgn0015019_Spearman/chr3R_16715587-16715916__chr3R_16744397-16744662,chr3R_16715587-16715916,chr3R_16744397-16744662,33.2,245.5,needle,10,0.5,0.1598405032727515,0.1064494264800196,0.065495697,0.1105952089674338,chr3R_16715587-16715916__chr3R_16744397-16744662,
neither,neither,/Users/jillianness/Desktop/SEbirthanalysis1024/new_LASTZ_analysis/enhancer_extraction/enhancer_pairs/FBgn0035710_sm/chr3L_6678365-6678565__chr3L_6685484-6685719,chr3L_6678365-6678565,chr3L_6685484-6685719,33.2,167.5,needle,10,0.5,0.077147423,0.031708673,0.032222003,0.047026033,chr3L_6678365-6678565__chr3L_6685484-6685719,
neither,neither,/Users/jillianness/Desktop/SEbirthanalysis1024/new_LASTZ_analysis/enhancer_extraction/enhancer_pairs/FBgn0036099_sm/chr3L_10718006-10718268__chr3L_10764416-10764696,chr3L_10718006-10718268,chr3L_10764416-10764696,33.2,213.0,needle,10,0.5,0.079390153,0.021087838,0.022104094,0.040860695,chr3L_10718006-10718268__chr3L_10764416-10764696,
neither,neither,/Users/jillianness/Desktop/SEbirthanalysis1024/new_LASTZ_analysis/enhancer_extraction/enhancer_pairs/FBgn0040389_Spearman/chrX_2270820-2271020__chrX_2282017-2282260,chrX_2270820-2271020,chrX_2282017-2282260,33.2,129.0,needle,10,0.5,0.027117969,-0.025399014,-0.024993134,-0.00775806,chrX_2270820-2271020__chrX_2282017-2282260,
neither,neither,/Users/jillianness/Desktop/SEbirthanalysis1024/new_LASTZ_analysis/enhancer_extraction/enhancer_pairs/FBgn0000667_vm/chrX_1947402-1947602__chrX_1995248-1995488,chrX_1947402-1947602,chrX_1995248-1995488,33.2,125.0,needle,10,0.5,0.047991395,0.006982303,0.012578395,0.022517364,chrX_1947402-1947602__chrX_1995248-1995488,
neither,neither,/Users/jillianness/Desktop/SEbirthanalysis1024/new_LASTZ_analysis/enhancer_extraction/enhancer_pairs/FBgn0037635_vm/chr3R_8846388-8846652__chr3R_8864161-8864361,chr3R_8846388-8846652,chr3R_8864161-8864361,33.2,136.0,needle,10,0.5,0.068956315,0.029669309,0.03652986,0.045051828,chr3R_8846388-8846652__chr3R_8864161-8864361,
neither,neither,/Users/jillianness/Desktop/SEbirthanalysis1024/new_LASTZ_analysis/enhancer_extraction/enhancer_pairs/FBgn0028369_Spearman/chrX_3100007-3100398__chrX_3124946-3125240,chrX_3100007-3100398,chrX_3124946-3125240,33.2,292.0,needle,10,0.5,0.4660962841355542,0.4461275177453923,0.025946232,0.3127233447265104,chrX_3100007-3100398__chrX_3124946-3125240,
neither,neither,/Users/jillianness/Desktop/SEbirthanalysis1024/new_LASTZ_analysis/enhancer_extraction/enhancer_pairs/FBgn0001122_Spearman/chr2R_10099473-10099798__chr2R_10160478-10160690,chr2R_10099473-10099798,chr2R_10160478-10160690,33.2,170.0,needle,10,0.5,0.090450241,0.036274626,0.029517797,0.052080888,chr2R_10099473-10099798__chr2R_10160478-10160690,
neither,neither,/Users/jillianness/Desktop/SEbirthanalysis1024/new_LASTZ_analysis/enhancer_extraction/enhancer_pairs/FBgn0037892_Spearman/chr3R_11351913-11352365__chr3R_11352401-11352901,chr3R_11351913-11352365,chr3R_11352401-11352901,33.2,381.0,needle,10,0.5,0.2033682768358437,0.1453543873034652,0.1206970722809792,0.1564732454734293,chr3R_11351913-11352365__chr3R_11352401-11352901,
neither,neither,/Users/jillianness/Desktop/SEbirthanalysis1024/new_LASTZ_analysis/enhancer_extraction/enhancer_pairs/FBgn0030794_vm/chrX_16750137-16750514__chrX_16751072-16751473,chrX_16750137-16750514,chrX_16751072-16751473,33.1,286.5,needle,10,0.5,0.167325783,0.1062126061432161,0.058362025,0.1106334711836181,chrX_16750137-16750514__chrX_16751072-16751473,
neither,neither,/Users/jillianness/Desktop/SEbirthanalysis1024/new_LASTZ_analysis/enhancer_extraction/enhancer_pairs/SoxN/chr2L_8845956-8846437__chr2L_8846495-8847235,chr2L_8845956-8846437,chr2L_8846495-8847235,33.1,456.0,needle,10,0.5,0.1468699189755571,0.032469965,0.021018203,0.066786029,chr2L_8845956-8846437__chr2L_8846495-8847235,
neither,neither,/Users/jillianness/Desktop/SEbirthanalysis1024/new_LASTZ_analysis/enhancer_extraction/enhancer_pairs/FBgn0003721_vm_sm/chr3R_15309823-15310090__chr3R_15311608-15312057,chr3R_15309823-15310090,chr3R_15311608-15312057,33.1,261.5,needle,10,0.5,0.1063175376098355,0.043600926,0.029910829,0.059943098,chr3R_15309823-15310090__chr3R_15311608-15312057,
neither,neither,/Users/jillianness/Desktop/SEbirthanalysis1024/new_LASTZ_analysis/enhancer_extraction/enhancer_pairs/FBgn0003169_Spearman/chr3R_14591568-14591768__chr3R_14624470-14624670,chr3R_14591568-14591768,chr3R_14624470-14624670,33.1,113.0,needle,10,0.5,0.040090222,0.006477412,0.014329414,0.020299016,chr3R_14591568-14591768__chr3R_14624470-14624670,
neither,neither,/Users/jillianness/Desktop/SEbirthanalysis1024/new_LASTZ_analysis/enhancer_extraction/enhancer_pairs/FBgn0036460_Spearman/chr3L_14922238-14922460__chr3L_14941342-14941625,chr3L_14922238-14922460,chr3L_14941342-14941625,33.1,183.0,needle,10,0.5,0.05680191,0.004768881,0.006129707,0.022566832,chr3L_14922238-14922460__chr3L_14941342-14941625,
enhancer_hit,enhancer_hit,/Users/jillianness/Desktop/SEbirthanalysis1024/new_LASTZ_analysis/enhancer_extraction/enhancer_pairs/FBgn0020513_vm/chrX_12676886-12677437__chrX_12693668-12694287,chrX_12676886-12677437,chrX_12693668-12694287,33.0,430.5,needle,10,0.5,0.2037573911784714,0.1411024008749555,0.1216716630875658,0.1555104850469975,chrX_12676886-12677437__chrX_12693668-12694287,
neither,neither,/Users/jillianness/Desktop/SEbirthanalysis1024/new_LASTZ_analysis/enhancer_extraction/enhancer_pairs/FBgn0004110_vm/chr3R_21396772-21397111__chr3R_21426735-21426998,chr3R_21396772-21397111,chr3R_21426735-21426998,33.0,190.5,needle,10,0.5,0.082114297,0.0193925,0.012829172,0.03811199,chr3R_21396772-21397111__chr3R_21426735-21426998,
neither,neither,/Users/jillianness/Desktop/SEbirthanalysis1024/new_LASTZ_analysis/enhancer_extraction/enhancer_pairs/FBgn0053207_Spearman/chr3R_15643161-15643399__chr3R_15671596-15671796,chr3R_15643161-15643399,chr3R_15671596-15671796,33.0,151.5,needle,10,0.5,0.048546406,0.003843997,-0.001883759,0.016835548,chr3R_15643161-15643399__chr3R_15671596-15671796,
neither,neither,/Users/jillianness/Desktop/SEbirthanalysis1024/new_LASTZ_analysis/enhancer_extraction/enhancer_pairs/FBgn0035656_Spearman/chr3L_5969720-5970091__chr3L_5975471-5975750,chr3L_5969720-5970091,chr3L_5975471-5975750,33.0,209.5,needle,10,0.5,0.086287542,0.021713565,0.013219913,0.040407007,chr3L_5969720-5970091__chr3L_5975471-5975750,
neither,neither,/Users/jillianness/Desktop/SEbirthanalysis1024/new_LASTZ_analysis/enhancer_extraction/enhancer_pairs/FBgn0004456_Spearman/chrX_13214172-13214372__chrX_13214681-13214911,chrX_13214172-13214372,chrX_13214681-13214911,33.0,188.0,needle,10,0.5,0.1134710002448466,0.074689569,0.06160137,0.08325398,chrX_13214172-13214372__chrX_13214681-13214911,
neither,neither,/Users/jillianness/Desktop/SEbirthanalysis1024/new_LASTZ_analysis/enhancer_extraction/enhancer_pairs/FBgn0037439_sm/chr3R_6353539-6353883__chr3R_6394025-6394569,chr3R_6353539-6353883,chr3R_6394025-6394569,33.0,301.5,needle,10,0.5,0.1528997386732333,0.071866294,0.06860551,0.097790514,chr3R_6353539-6353883__chr3R_6394025-6394569,
neither,neither,/Users/jillianness/Desktop/SEbirthanalysis1024/new_LASTZ_analysis/enhancer_extraction/enhancer_pairs/FBgn0030955_Spearman/chrX_18714009-18714209__chrX_18737813-18738119,chrX_18714009-18714209,chrX_18737813-18738119,33.0,182.0,needle,10,0.5,0.083096593,0.040794128,0.060632958,0.061507893,chrX_18714009-18714209__chrX_18737813-18738119,
neither,neither,/Users/jillianness/Desktop/SEbirthanalysis1024/new_LASTZ_analysis/enhancer_extraction/enhancer_pairs/FBgn0022029_vm/chr2R_17019592-17019979__chr2R_17034595-17034875,chr2R_17019592-17019979,chr2R_17034595-17034875,33.0,208.0,needle,10,0.5,0.095374536,0.044598748,0.067847084,0.069273456,chr2R_17019592-17019979__chr2R_17034595-17034875,
neither,neither,/Users/jillianness/Desktop/SEbirthanalysis1024/new_LASTZ_analysis/enhancer_extraction/enhancer_pairs/FBgn0000181_Spearman/chr2R_12485374-12485574__chr2R_12496961-12497161,chr2R_12485374-12485574,chr2R_12496961-12497161,33.0,135.5,needle,10,0.5,0.045817121,0.003429423,0.007530917,0.01892582,chr2R_12485374-12485574__chr2R_12496961-12497161,
neither,neither,/Users/jillianness/Desktop/SEbirthanalysis1024/new_LASTZ_analysis/enhancer_extraction/enhancer_pairs/FBgn0033638_sm/chr2R_11260888-11261343__chr2R_11280746-11281085,chr2R_11260888-11261343,chr2R_11280746-11281085,33.0,317.5,needle,10,0.5,0.1511142376205576,0.094759135,0.1044555718310402,0.1167763147798381,chr2R_11260888-11261343__chr2R_11280746-11281085,
neither,neither,/Users/jillianness/Desktop/SEbirthanalysis1024/new_LASTZ_analysis/enhancer_extraction/enhancer_pairs/FBgn0036460_Spearman/chr3L_14931009-14931209__chr3L_14932705-14933060,chr3L_14931009-14931209,chr3L_14932705-14933060,33.0,204.5,needle,10,0.5,0.069454217,0.017819139,0.019974062,0.035749139,chr3L_14931009-14931209__chr3L_14932705-14933060,
neither,neither,/Users/jillianness/Desktop/SEbirthanalysis1024/new_LASTZ_analysis/enhancer_extraction/enhancer_pairs/FBgn0004606_Spearman/chr3R_30764337-30764604__chr3R_30794867-30795176,chr3R_30764337-30764604,chr3R_30794867-30795176,33.0,171.0,needle,10,0.5,0.1048712970224236,0.049496626,0.056155943,0.070174622,chr3R_30764337-30764604__chr3R_30794867-30795176,
neither,neither,/Users/jillianness/Desktop/SEbirthanalysis1024/new_LASTZ_analysis/enhancer_extraction/enhancer_pairs/FBgn0000463_Spearman/chr3R_19329924-19330208__chr3R_19346468-19346888,chr3R_19329924-19330208,chr3R_19346468-19346888,33.0,250.0,needle,10,0.5,0.1286047938470017,0.064536608,0.036457878,0.076533093,chr3R_19329924-19330208__chr3R_19346468-19346888,
neither,neither,/Users/jillianness/Desktop/SEbirthanalysis1024/new_LASTZ_analysis/enhancer_extraction/enhancer_pairs/FBgn0016041_sm/chrX_7654331-7654569__chrX_7657369-7657569,chrX_7654331-7654569,chrX_7657369-7657569,32.9,199.0,needle,10,0.5,0.079073623,0.036853742,0.02638464,0.047437335,chrX_7654331-7654569__chrX_7657369-7657569,
neither,neither,/Users/jillianness/Desktop/SEbirthanalysis1024/new_LASTZ_analysis/enhancer_extraction/enhancer_pairs/FBgn0016041_sm/chrX_7655607-7655855__chrX_7660283-7660576,chrX_7655607-7655855,chrX_7660283-7660576,32.9,183.0,needle,10,0.5,0.059792402,0.00918913,0.019084335,0.029355289,chrX_7655607-7655855__chrX_7660283-7660576,
neither,neither,/Users/jillianness/Desktop/SEbirthanalysis1024/new_LASTZ_analysis/enhancer_extraction/enhancer_pairs/FBgn0002733_Spearman/chr3R_26002453-26002853__chr3R_26010258-26010647,chr3R_26002453-26002853,chr3R_26010258-26010647,32.9,285.5,needle,10,0.5,0.12002428,0.057546079,0.038232754,0.071934371,chr3R_26002453-26002853__chr3R_26010258-26010647,
neither,neither,/Users/jillianness/Desktop/SEbirthanalysis1024/new_LASTZ_analysis/enhancer_extraction/enhancer_pairs/FBgn0014877_sm/chr2R_13195553-13195864__chr2R_13199132-13199535,chr2R_13195553-13195864,chr2R_13199132-13199535,32.9,222.5,needle,10,0.5,0.099500368,0.031268611,0.028830556,0.053199845,chr2R_13195553-13195864__chr2R_13199132-13199535,
neither,neither,/Users/jillianness/Desktop/SEbirthanalysis1024/new_LASTZ_analysis/enhancer_extraction/enhancer_pairs/FBgn0000014_Spearman/chr3R_16743196-16743622__chr3R_16878885-16879147,chr3R_16743196-16743622,chr3R_16878885-16879147,32.9,239.0,needle,10,0.5,0.1018387848402476,0.035355938,0.024655188,0.05394997,chr3R_16743196-16743622__chr3R_16878885-16879147,
neither,neither,/Users/jillianness/Desktop/SEbirthanalysis1024/new_LASTZ_analysis/enhancer_extraction/enhancer_pairs/FBgn0000636_vm/chr2L_18315739-18316039__chr2L_18329506-18330029,chr2L_18315739-18316039,chr2L_18329506-18330029,32.9,309.5,needle,10,0.5,0.1428497811739627,0.06765539,0.036765134,0.082423435,chr2L_18315739-18316039__chr2L_18329506-18330029,
neither,neither,/Users/jillianness/Desktop/SEbirthanalysis1024/new_LASTZ_analysis/enhancer_extraction/enhancer_pairs/FBgn0000463_Spearman/chr3R_19339027-19339227__chr3R_19343988-19344362,chr3R_19339027-19339227,chr3R_19343988-19344362,32.9,193.0,needle,10,0.5,0.1094300295715999,0.05618993,0.038886089,0.068168683,chr3R_19339027-19339227__chr3R_19343988-19344362,
neither,neither,/Users/jillianness/Desktop/SEbirthanalysis1024/new_LASTZ_analysis/enhancer_extraction/enhancer_pairs/FBgn0260642_sm/chr3R_6854324-6854718__chr3R_6932962-6933173,chr3R_6854324-6854718,chr3R_6932962-6933173,32.8,244.0,needle,10,0.5,0.083883299,0.024688246,0.02699602,0.045189188,chr3R_6854324-6854718__chr3R_6932962-6933173,
neither,neither,/Users/jillianness/Desktop/SEbirthanalysis1024/new_LASTZ_analysis/enhancer_extraction/enhancer_pairs/SoxN/chr2L_8811130-8811511__chr2L_8842046-8842771,chr2L_8811130-8811511,chr2L_8842046-8842771,32.8,389.0,needle,10,0.5,0.1299020126283763,0.032284362,0.03234841,0.064844928,chr2L_8811130-8811511__chr2L_8842046-8842771,
neither,neither,/Users/jillianness/Desktop/SEbirthanalysis1024/new_LASTZ_analysis/enhancer_extraction/enhancer_pairs/FBgn0002733_Spearman/chr3R_26009977-26010219__chr3R_26017398-26017815,chr3R_26009977-26010219,chr3R_26017398-26017815,32.8,223.0,needle,10,0.5,0.0647451,-0.005834926,-0.003244327,0.018555282,chr3R_26009977-26010219__chr3R_26017398-26017815,
neither,neither,/Users/jillianness/Desktop/SEbirthanalysis1024/new_LASTZ_analysis/enhancer_extraction/enhancer_pairs/FBgn0038244_meso_sm/chr3R_14586821-14587560__chr3R_14589659-14590058,chr3R_14586821-14587560,chr3R_14589659-14590058,32.8,398.5,needle,10,0.5,0.2250572918660412,0.1474238570248911,0.047814213,0.1400984539459926,chr3R_14586821-14587560__chr3R_14589659-14590058,
neither,neither,/Users/jillianness/Desktop/SEbirthanalysis1024/new_LASTZ_analysis/enhancer_extraction/enhancer_pairs/FBgn0027088_sm/chr3L_15048542-15048758__chr3L_15062508-15062841,chr3L_15048542-15048758,chr3L_15062508-15062841,32.8,156.0,needle,10,0.5,0.046562277,-0.010218146,-0.007464263,0.009626623,chr3L_15048542-15048758__chr3L_15062508-15062841,
neither,neither,/Users/jillianness/Desktop/SEbirthanalysis1024/new_LASTZ_analysis/enhancer_extraction/enhancer_pairs/FBgn0005771_Spearman/chr2L_14517261-14517665__chr2L_14540200-14540420,chr2L_14517261-14517665,chr2L_14540200-14540420,32.8,224.0,needle,10,0.5,0.1263989897090126,0.069218441,0.060498523,0.085371985,chr2L_14517261-14517665__chr2L_14540200-14540420,
neither,neither,/Users/jillianness/Desktop/SEbirthanalysis1024/new_LASTZ_analysis/enhancer_extraction/enhancer_pairs/FBgn0022960_vm_sm/chr2R_6608594-6608985__chr2R_6626145-6626383,chr2R_6608594-6608985,chr2R_6626145-6626383,32.7,208.5,needle,10,0.5,0.07274999,0.029953899,0.044953464,0.049219118,chr2R_6608594-6608985__chr2R_6626145-6626383,
neither,neither,/Users/jillianness/Desktop/SEbirthanalysis1024/new_LASTZ_analysis/enhancer_extraction/enhancer_pairs/FBgn0000414_sm/chr3L_16674720-16675084__chr3L_16680906-16681461,chr3L_16674720-16675084,chr3L_16680906-16681461,32.7,283.5,needle,10,0.5,0.078058572,-0.015134005,-0.011476936,0.01714921,chr3L_16674720-16675084__chr3L_16680906-16681461,
neither,neither,/Users/jillianness/Desktop/SEbirthanalysis1024/new_LASTZ_analysis/enhancer_extraction/enhancer_pairs/FBgn0016715_sm/chr3L_574867-575113__chr3L_618388-618844,chr3L_574867-575113,chr3L_618388-618844,32.7,256.0,needle,10,0.5,0.095711204,0.031042689,0.036491151,0.054415015,chr3L_574867-575113__chr3L_618388-618844,
Flank,Flank,/Users/jillianness/Desktop/SEbirthanalysis1024/new_LASTZ_analysis/enhancer_extraction/enhancer_pairs/FBgn0027088_sm/chr3L_15048542-15048758__chr3L_15051009-15051402,chr3L_15048542-15048758,chr3L_15051009-15051402,32.6,211.0,needle,10,0.5,0.048064581,-0.017137955,-0.013022362,0.005968088,chr3L_15048542-15048758__chr3L_15051009-15051402,
neither,neither,/Users/jillianness/Desktop/SEbirthanalysis1024/new_LASTZ_analysis/enhancer_extraction/enhancer_pairs/FBgn0000014_Spearman/chr3R_16882506-16882728__chr3R_16920451-16920854,chr3R_16882506-16882728,chr3R_16920451-16920854,32.6,226.0,needle,10,0.5,0.073830199,0.012363485,0.008443054,0.03154558,chr3R_16882506-16882728__chr3R_16920451-16920854,
neither,neither,/Users/jillianness/Desktop/SEbirthanalysis1024/new_LASTZ_analysis/enhancer_extraction/enhancer_pairs/FBgn0035153_sm/chr3L_647134-647334__chr3L_668956-669192,chr3L_647134-647334,chr3L_668956-669192,32.6,140.5,needle,10,0.5,0.044914219,0.003919434,0.007812465,0.018882039,chr3L_647134-647334__chr3L_668956-669192,
neither,neither,/Users/jillianness/Desktop/SEbirthanalysis1024/new_LASTZ_analysis/enhancer_extraction/enhancer_pairs/FBgn0037637_sm/chr3R_8857786-8857986__chr3R_8864161-8864361,chr3R_8857786-8857986,chr3R_8864161-8864361,32.6,135.5,needle,10,0.5,0.060133775,0.02824448,0.051371117,0.046583124,chr3R_8857786-8857986__chr3R_8864161-8864361,
neither,neither,/Users/jillianness/Desktop/SEbirthanalysis1024/new_LASTZ_analysis/enhancer_extraction/enhancer_pairs/FBgn0264001_vm/chr3L_13646895-13647219__chr3L_13834627-13835094,chr3L_13646895-13647219,chr3L_13834627-13835094,32.5,274.0,needle,10,0.5,0.1149655686912018,0.040068953,0.05145577,0.068830098,chr3L_13646895-13647219__chr3L_13834627-13835094,
neither,neither,/Users/jillianness/Desktop/SEbirthanalysis1024/new_LASTZ_analysis/enhancer_extraction/enhancer_pairs/FBgn0024321_sm/chr3R_14382371-14382571__chr3R_14386667-14387031,chr3R_14382371-14382571,chr3R_14386667-14387031,32.5,139.0,needle,10,0.5,0.048942051,0.016120383,0.026209623,0.030424019,chr3R_14382371-14382571__chr3R_14386667-14387031,
neither,neither,/Users/jillianness/Desktop/SEbirthanalysis1024/new_LASTZ_analysis/enhancer_extraction/enhancer_pairs/FBgn0014877_Spearman/chr2R_13194170-13194587__chr2R_13195866-13196315,chr2R_13194170-13194587,chr2R_13195866-13196315,32.5,310.5,needle,10,0.5,0.1025699724623943,0.017677534,0.031253319,0.050500275,chr2R_13194170-13194587__chr2R_13195866-13196315,
neither,neither,/Users/jillianness/Desktop/SEbirthanalysis1024/new_LASTZ_analysis/enhancer_extraction/enhancer_pairs/FBgn0261800_sm/chr2L_7808917-7809117__chr2L_7810046-7810246,chr2L_7808917-7809117,chr2L_7810046-7810246,32.5,149.0,needle,10,0.5,0.08185963,0.04138909,0.034204824,0.052484514,chr2L_7808917-7809117__chr2L_7810046-7810246,
neither,neither,/Users/jillianness/Desktop/SEbirthanalysis1024/new_LASTZ_analysis/enhancer_extraction/enhancer_pairs/FBgn0261286_vm/chr3R_16234208-16234580__chr3R_16281158-16281613,chr3R_16234208-16234580,chr3R_16281158-16281613,32.5,253.5,needle,10,0.5,0.086654708,0.01652961,0.02734139,0.043508569,chr3R_16234208-16234580__chr3R_16281158-16281613,
neither,neither,/Users/jillianness/Desktop/SEbirthanalysis1024/new_LASTZ_analysis/enhancer_extraction/enhancer_pairs/FBgn0045759_vm/chr3L_6961086-6961344__chr3L_6968332-6968548,chr3L_6961086-6961344,chr3L_6968332-6968548,32.5,135.0,needle,10,0.5,0.048999422,-0.000130663,0.007741785,0.018870181,chr3L_6961086-6961344__chr3L_6968332-6968548,
neither,neither,/Users/jillianness/Desktop/SEbirthanalysis1024/new_LASTZ_analysis/enhancer_extraction/enhancer_pairs/D/chr3L_14152518-14152826__chr3L_14171965-14172435,chr3L_14152518-14152826,chr3L_14171965-14172435,32.5,270.0,needle,10,0.5,0.074727244,0.003582293,0.015030408,0.031113315,chr3L_14152518-14152826__chr3L_14171965-14172435,
enhancer_hit,enhancer_hit,/Users/jillianness/Desktop/SEbirthanalysis1024/new_LASTZ_analysis/enhancer_extraction/enhancer_pairs/FBgn0000636_vm/chr2L_18329506-18330029__chr2L_18331524-18331944,chr2L_18329506-18330029,chr2L_18331524-18331944,32.4,314.5,needle,10,0.5,0.1572119211917984,0.091766171,0.05105945,0.1000125139915917,chr2L_18329506-18330029__chr2L_18331524-18331944,
neither,neither,/Users/jillianness/Desktop/SEbirthanalysis1024/new_LASTZ_analysis/enhancer_extraction/enhancer_pairs/FBgn0000406_Spearman/chr2L_16757034-16757234__chr2L_16764311-16764631,chr2L_16757034-16757234,chr2L_16764311-16764631,32.4,169.0,needle,10,0.5,0.075794016,0.020135498,0.021861156,0.039263557,chr2L_16757034-16757234__chr2L_16764311-16764631,
neither,neither,/Users/jillianness/Desktop/SEbirthanalysis1024/new_LASTZ_analysis/enhancer_extraction/enhancer_pairs/FBgn0002733_Spearman/chr3R_26009977-26010219__chr3R_26010258-26010647,chr3R_26009977-26010219,chr3R_26010258-26010647,32.4,202.5,needle,10,0.5,0.098990411,0.036712136,0.023272406,0.052991651,chr3R_26009977-26010219__chr3R_26010258-26010647,
neither,neither,/Users/jillianness/Desktop/SEbirthanalysis1024/new_LASTZ_analysis/enhancer_extraction/enhancer_pairs/FBgn0000014_Spearman/chr3R_16802761-16803112__chr3R_16882506-16882728,chr3R_16802761-16803112,chr3R_16882506-16882728,32.4,189.0,needle,10,0.5,0.1017129507405679,0.046208284,0.047147836,0.065023024,chr3R_16802761-16803112__chr3R_16882506-16882728,
neither,neither,/Users/jillianness/Desktop/SEbirthanalysis1024/new_LASTZ_analysis/enhancer_extraction/enhancer_pairs/FBgn0032129_sm/chr2L_9551353-9551553__chr2L_9558167-9558367,chr2L_9551353-9551553,chr2L_9558167-9558367,32.4,137.0,needle,10,0.5,0.058824236,0.013951503,0.011903847,0.028226529,chr2L_9551353-9551553__chr2L_9558167-9558367,
neither,neither,/Users/jillianness/Desktop/SEbirthanalysis1024/new_LASTZ_analysis/enhancer_extraction/enhancer_pairs/FBgn0036460_Spearman/chr3L_14930753-14930953__chr3L_14932705-14933060,chr3L_14930753-14930953,chr3L_14932705-14933060,32.4,221.5,needle,10,0.5,0.129766916,0.082711765,0.076370924,0.096283201,chr3L_14930753-14930953__chr3L_14932705-14933060,
neither,neither,/Users/jillianness/Desktop/SEbirthanalysis1024/new_LASTZ_analysis/enhancer_extraction/enhancer_pairs/FBgn0004606_Spearman/chr3R_30732121-30732337__chr3R_30764337-30764604,chr3R_30732121-30732337,chr3R_30764337-30764604,32.4,171.5,needle,10,0.5,0.1230606757351449,0.076600226,0.07679815,0.092153017,chr3R_30732121-30732337__chr3R_30764337-30764604,
Flank,Flank,/Users/jillianness/Desktop/SEbirthanalysis1024/new_LASTZ_analysis/enhancer_extraction/enhancer_pairs/FBgn0000463_sm/chr3R_19300935-19301225__chr3R_19317753-19317953,chr3R_19300935-19301225,chr3R_19317753-19317953,32.3,175.0,needle,10,0.5,0.096244628,0.057800619,0.061912936,0.071986061,chr3R_19300935-19301225__chr3R_19317753-19317953,
neither,neither,/Users/jillianness/Desktop/SEbirthanalysis1024/new_LASTZ_analysis/enhancer_extraction/enhancer_pairs/Abd-B/chr3R_16901949-16902502__chr3R_16920234-16921056,chr3R_16901949-16902502,chr3R_16920234-16921056,32.3,514.5,needle,10,0.5,0.1716356856037057,0.054281011,0.037552874,0.087823191,chr3R_16901949-16902502__chr3R_16920234-16921056,
neither,neither,/Users/jillianness/Desktop/SEbirthanalysis1024/new_LASTZ_analysis/enhancer_extraction/enhancer_pairs/FBgn0016930_vm/chr2L_14238009-14238297__chr2L_14245654-14246036,chr2L_14238009-14238297,chr2L_14245654-14246036,32.3,229.0,needle,10,0.5,0.1376668587900211,0.073851156,0.076525973,0.096014662,chr2L_14238009-14238297__chr2L_14245654-14246036,
neither,neither,/Users/jillianness/Desktop/SEbirthanalysis1024/new_LASTZ_analysis/enhancer_extraction/enhancer_pairs/FBgn0260642_sm/chr3R_6966630-6967006__chr3R_6970146-6970346,chr3R_6966630-6967006,chr3R_6970146-6970346,32.3,208.5,needle,10,0.5,0.088242964,0.036641675,0.046242884,0.057042508,chr3R_6966630-6967006__chr3R_6970146-6970346,
neither,neither,/Users/jillianness/Desktop/SEbirthanalysis1024/new_LASTZ_analysis/enhancer_extraction/enhancer_pairs/gt/chrX_2431435-2431676__chrX_2431852-2432159,chrX_2431435-2431676,chrX_2431852-2432159,32.3,191.0,needle,10,0.5,0.081559087,0.023840563,0.026530107,0.043976586,chrX_2431435-2431676__chrX_2431852-2432159,
neither,neither,/Users/jillianness/Desktop/SEbirthanalysis1024/new_LASTZ_analysis/enhancer_extraction/enhancer_pairs/FBgn0003889_sm/chr3R_9394057-9394430__chr3R_9436206-9436581,chr3R_9394057-9394430,chr3R_9436206-9436581,32.3,285.0,needle,10,0.5,0.1147257328129587,0.044667622,0.044746972,0.068046775,chr3R_9394057-9394430__chr3R_9436206-9436581,
neither,neither,/Users/jillianness/Desktop/SEbirthanalysis1024/new_LASTZ_analysis/enhancer_extraction/enhancer_pairs/FBgn0000721_vm/chr2L_3581785-3581985__chr2L_3631721-3632029,chr2L_3581785-3581985,chr2L_3631721-3632029,32.3,156.0,needle,10,0.5,0.064320591,0.013489686,0.004016633,0.027275637,chr2L_3581785-3581985__chr2L_3631721-3632029,
neither,neither,/Users/jillianness/Desktop/SEbirthanalysis1024/new_LASTZ_analysis/enhancer_extraction/enhancer_pairs/FBgn0016694_sm/chr3L_7762555-7762755__chr3L_7848370-7848762,chr3L_7762555-7762755,chr3L_7848370-7848762,32.3,188.5,needle,10,0.5,0.054126661,0.001732533,0.006830883,0.020896692,chr3L_7762555-7762755__chr3L_7848370-7848762,
neither,neither,/Users/jillianness/Desktop/SEbirthanalysis1024/new_LASTZ_analysis/enhancer_extraction/enhancer_pairs/FBgn0020257_Spearman/chr2R_22301850-22302125__chr2R_22309744-22310226,chr2R_22301850-22302125,chr2R_22309744-22310226,32.3,215.5,needle,10,0.5,0.066338047,-0.008841057,0.002416197,0.019971062,chr2R_22301850-22302125__chr2R_22309744-22310226,
neither,neither,/Users/jillianness/Desktop/SEbirthanalysis1024/new_LASTZ_analysis/enhancer_extraction/enhancer_pairs/FBgn0029939_Spearman/chrX_7048274-7048583__chrX_7177324-7177678,chrX_7048274-7048583,chrX_7177324-7177678,32.3,225.5,needle,10,0.5,0.033645353,-0.035793572,-0.034943365,-0.012363862,chrX_7048274-7048583__chrX_7177324-7177678,
enhancer_hit,enhancer_hit,/Users/jillianness/Desktop/SEbirthanalysis1024/new_LASTZ_analysis/enhancer_extraction/enhancer_pairs/FBgn0000463_Spearman/chr3R_19340770-19340970__chr3R_19343988-19344362,chr3R_19340770-19340970,chr3R_19343988-19344362,32.2,203.5,needle,10,0.5,0.075685677,0.023844664,0.015339147,0.038289829,chr3R_19340770-19340970__chr3R_19343988-19344362,
neither,neither,/Users/jillianness/Desktop/SEbirthanalysis1024/new_LASTZ_analysis/enhancer_extraction/enhancer_pairs/FBgn0030794_vm/chrX_16752356-16752964__chrX_16773523-16773913,chrX_16752356-16752964,chrX_16773523-16773913,32.2,419.0,needle,10,0.5,0.2542900645684626,0.1909587099463925,0.1485426794245245,0.1979304846464598,chrX_16752356-16752964__chrX_16773523-16773913,
neither,neither,/Users/jillianness/Desktop/SEbirthanalysis1024/new_LASTZ_analysis/enhancer_extraction/enhancer_pairs/FBgn0004169_vm_sm/chrX_13541354-13541663__chrX_13544237-13544746,chrX_13541354-13541663,chrX_13544237-13544746,32.2,305.5,needle,10,0.5,0.096479732,0.023062446,0.025942469,0.048494882,chrX_13541354-13541663__chrX_13544237-13544746,
neither,neither,/Users/jillianness/Desktop/SEbirthanalysis1024/new_LASTZ_analysis/enhancer_extraction/enhancer_pairs/FBgn0001122_Spearman/chr2R_10098614-10098835__chr2R_10160478-10160690,chr2R_10098614-10098835,chr2R_10160478-10160690,32.2,117.5,needle,10,0.5,0.012163006,-0.033581686,-0.03394252,-0.018453733,chr2R_10098614-10098835__chr2R_10160478-10160690,
neither,neither,/Users/jillianness/Desktop/SEbirthanalysis1024/new_LASTZ_analysis/enhancer_extraction/enhancer_pairs/FBgn0000463_Spearman/chr3R_19329924-19330208__chr3R_19339027-19339227,chr3R_19329924-19330208,chr3R_19339027-19339227,32.2,196.0,needle,10,0.5,0.048153102,-0.001100948,0.007100011,0.018050722,chr3R_19329924-19330208__chr3R_19339027-19339227,
neither,neither,/Users/jillianness/Desktop/SEbirthanalysis1024/new_LASTZ_analysis/enhancer_extraction/enhancer_pairs/FBgn0023540_vm/chrX_2098250-2098696__chrX_2100179-2100460,chrX_2098250-2098696,chrX_2100179-2100460,32.2,238.0,needle,10,0.5,0.1351158931527847,0.074212423,0.063050603,0.090792973,chrX_2098250-2098696__chrX_2100179-2100460,
neither,neither,/Users/jillianness/Desktop/SEbirthanalysis1024/new_LASTZ_analysis/enhancer_extraction/enhancer_pairs/FBgn0003721_vm_sm/chr3R_15280609-15280877__chr3R_15282470-15282698,chr3R_15280609-15280877,chr3R_15282470-15282698,32.1,193.5,needle,10,0.5,0.099417145,0.05292883,0.057788836,0.070044937,chr3R_15280609-15280877__chr3R_15282470-15282698,
neither,neither,/Users/jillianness/Desktop/SEbirthanalysis1024/new_LASTZ_analysis/enhancer_extraction/enhancer_pairs/FBgn0032961_Spearman/chr2L_21835079-21835348__chr2L_21836087-21836312,chr2L_21835079-21835348,chr2L_21836087-21836312,32.1,187.5,needle,10,0.5,0.1063964096359308,0.057367854,0.058002138,0.073922134,chr2L_21835079-21835348__chr2L_21836087-21836312,
neither,neither,/Users/jillianness/Desktop/SEbirthanalysis1024/new_LASTZ_analysis/enhancer_extraction/enhancer_pairs/FBgn0016930_sm/chr2L_14248855-14249055__chr2L_14265078-14265431,chr2L_14248855-14249055,chr2L_14265078-14265431,32.1,182.5,needle,10,0.5,0.03375221,-0.023518613,-0.019757881,-0.003174761,chr2L_14248855-14249055__chr2L_14265078-14265431,
neither,neither,/Users/jillianness/Desktop/SEbirthanalysis1024/new_LASTZ_analysis/enhancer_extraction/enhancer_pairs/FBgn0033581_vm/chr2R_10732567-10732946__chr2R_10734849-10735149,chr2R_10732567-10732946,chr2R_10734849-10735149,32.1,248.5,needle,10,0.5,0.090601296,0.020285698,0.021409661,0.044098885,chr2R_10732567-10732946__chr2R_10734849-10735149,
neither,neither,/Users/jillianness/Desktop/SEbirthanalysis1024/new_LASTZ_analysis/enhancer_extraction/enhancer_pairs/FBgn0038292_vm/chr3R_15089634-15089885__chr3R_15121624-15122081,chr3R_15089634-15089885,chr3R_15121624-15122081,32.1,232.5,needle,10,0.5,0.091016463,0.027936303,0.029128964,0.049360577,chr3R_15089634-15089885__chr3R_15121624-15122081,
neither,neither,/Users/jillianness/Desktop/SEbirthanalysis1024/new_LASTZ_analysis/enhancer_extraction/enhancer_pairs/FBgn0036460_Spearman/chr3L_14918179-14918521__chr3L_14930753-14930953,chr3L_14918179-14918521,chr3L_14930753-14930953,32.1,238.0,needle,10,0.5,0.1076097298067979,0.067370391,0.067563687,0.080847936,chr3L_14918179-14918521__chr3L_14930753-14930953,
neither,neither,/Users/jillianness/Desktop/SEbirthanalysis1024/new_LASTZ_analysis/enhancer_extraction/enhancer_pairs/FBgn0004580_sm/chr2R_16588244-16588444__chr2R_16601060-16601302,chr2R_16588244-16588444,chr2R_16601060-16601302,32.1,145.5,needle,10,0.5,0.053938194,0.007474086,-0.001201086,0.020070398,chr2R_16588244-16588444__chr2R_16601060-16601302,
neither,neither,/Users/jillianness/Desktop/SEbirthanalysis1024/new_LASTZ_analysis/enhancer_extraction/enhancer_pairs/FBgn0000463_Spearman/chr3R_19343351-19343609__chr3R_19346468-19346888,chr3R_19343351-19343609,chr3R_19346468-19346888,32.1,221.5,needle,10,0.5,0.099865576,0.034912707,0.030157464,0.054978582,chr3R_19343351-19343609__chr3R_19346468-19346888,
enhancer_hit,enhancer_hit,/Users/jillianness/Desktop/SEbirthanalysis1024/new_LASTZ_analysis/enhancer_extraction/enhancer_pairs/FBgn0030900_Spearman/chrX_18147841-18148227__chrX_18148950-18149279,chrX_18147841-18148227,chrX_18148950-18149279,32.0,244.0,needle,10,0.5,0.094812716,0.028747893,0.036449905,0.053336838,chrX_18147841-18148227__chrX_18148950-18149279,
neither,neither,/Users/jillianness/Desktop/SEbirthanalysis1024/new_LASTZ_analysis/enhancer_extraction/enhancer_pairs/FBgn0264001_vm/chr3L_13500764-13501176__chr3L_13657717-13657980,chr3L_13500764-13501176,chr3L_13657717-13657980,32.0,222.5,needle,10,0.5,0.1079759306609293,0.045107488,0.0253193,0.059467573,chr3L_13500764-13501176__chr3L_13657717-13657980,
neither,neither,/Users/jillianness/Desktop/SEbirthanalysis1024/new_LASTZ_analysis/enhancer_extraction/enhancer_pairs/FBgn0001124_vm_sm/chr2R_15757455-15757986__chr2R_15777722-15778274,chr2R_15757455-15757986,chr2R_15777722-15778274,32.0,321.0,needle,10,0.5,0.1042985472997516,0.00283155,0.005212301,0.037447466,chr2R_15757455-15757986__chr2R_15777722-15778274,
neither,neither,/Users/jillianness/Desktop/SEbirthanalysis1024/new_LASTZ_analysis/enhancer_extraction/enhancer_pairs/FBgn0026320_meso/chr3L_14944241-14944774__chr3L_14948136-14948479,chr3L_14944241-14944774,chr3L_14948136-14948479,32.0,339.0,needle,10,0.5,0.1242112140893177,0.04605735,0.044025891,0.071431485,chr3L_14944241-14944774__chr3L_14948136-14948479,
neither,neither,/Users/jillianness/Desktop/SEbirthanalysis1024/new_LASTZ_analysis/enhancer_extraction/enhancer_pairs/FBgn0082585_Spearman/chr2R_11027192-11027545__chr2R_11029627-11029827,chr2R_11027192-11027545,chr2R_11029627-11029827,32.0,177.0,needle,10,0.5,0.053574931,0.007197933,0.022086259,0.027619708,chr2R_11027192-11027545__chr2R_11029627-11029827,
neither,neither,/Users/jillianness/Desktop/SEbirthanalysis1024/new_LASTZ_analysis/enhancer_extraction/enhancer_pairs/FBgn0036460_Spearman/chr3L_14932705-14933060__chr3L_14941342-14941625,chr3L_14932705-14933060,chr3L_14941342-14941625,32.0,227.5,needle,10,0.5,0.076385356,0.012384239,0.004669747,0.031146447,chr3L_14932705-14933060__chr3L_14941342-14941625,
neither,neither,/Users/jillianness/Desktop/SEbirthanalysis1024/new_LASTZ_analysis/enhancer_extraction/enhancer_pairs/FBgn0004167_vm/chr3L_3322687-3323052__chr3L_3384074-3384511,chr3L_3322687-3323052,chr3L_3384074-3384511,32.0,249.5,needle,10,0.5,0.077436895,-0.009895247,-0.003301094,0.021413518,chr3L_3322687-3323052__chr3L_3384074-3384511,
neither,neither,/Users/jillianness/Desktop/SEbirthanalysis1024/new_LASTZ_analysis/enhancer_extraction/enhancer_pairs/FBgn0004606_Spearman/chr3R_30765989-30766189__chr3R_30780915-30781294,chr3R_30765989-30766189,chr3R_30780915-30781294,32.0,183.0,needle,10,0.5,0.1040365752854493,0.049142094,0.053167355,0.068782008,chr3R_30765989-30766189__chr3R_30780915-30781294,
neither,neither,/Users/jillianness/Desktop/SEbirthanalysis1024/new_LASTZ_analysis/enhancer_extraction/enhancer_pairs/FBgn0016794_vm/chr3L_2568872-2569202__chr3L_2574144-2574754,chr3L_2568872-2569202,chr3L_2574144-2574754,31.9,296.0,needle,10,0.5,0.147241288,0.075531905,0.072194377,0.098322523,chr3L_2568872-2569202__chr3L_2574144-2574754,
neither,neither,/Users/jillianness/Desktop/SEbirthanalysis1024/new_LASTZ_analysis/enhancer_extraction/enhancer_pairs/DI/chr3R_19314425-19316093__chr3R_19340454-19341279,chr3R_19314425-19316093,chr3R_19340454-19341279,31.9,749.5,needle,10,0.5,0.23831564,0.081717453,0.079191924,0.1330750057502802,chr3R_19314425-19316093__chr3R_19340454-19341279,
neither,neither,/Users/jillianness/Desktop/SEbirthanalysis1024/new_LASTZ_analysis/enhancer_extraction/enhancer_pairs/FBgn0000116_Spearman/chr3L_9019828-9020140__chr3L_9024467-9024945,chr3L_9019828-9020140,chr3L_9024467-9024945,31.9,291.5,needle,10,0.5,0.1351375100630425,0.068697078,0.02261011,0.075481566,chr3L_9019828-9020140__chr3L_9024467-9024945,
neither,neither,/Users/jillianness/Desktop/SEbirthanalysis1024/new_LASTZ_analysis/enhancer_extraction/enhancer_pairs/FBgn0000044_sm/chr2R_20559250-20559450__chr2R_20560480-20560860,chr2R_20559250-20559450,chr2R_20560480-20560860,31.9,181.0,needle,10,0.5,0.057082022,-0.003058651,0.003355474,0.019126282,chr2R_20559250-20559450__chr2R_20560480-20560860,
neither,neither,/Users/jillianness/Desktop/SEbirthanalysis1024/new_LASTZ_analysis/enhancer_extraction/enhancer_pairs/FBgn0000044_sm/chr2R_20560480-20560860__chr2R_20562855-20563268,chr2R_20560480-20560860,chr2R_20562855-20563268,31.9,262.0,needle,10,0.5,0.09914314,0.027103506,0.037886674,0.054711107,chr2R_20560480-20560860__chr2R_20562855-20563268,
neither,neither,/Users/jillianness/Desktop/SEbirthanalysis1024/new_LASTZ_analysis/enhancer_extraction/enhancer_pairs/bab2/chr3L_1091260-1091650__chr3L_1167709-1167971,chr3L_1091260-1091650,chr3L_1167709-1167971,31.9,195.5,needle,10,0.5,0.046892653,-0.017122639,-0.010501072,0.006422981,chr3L_1091260-1091650__chr3L_1167709-1167971,
neither,neither,/Users/jillianness/Desktop/SEbirthanalysis1024/new_LASTZ_analysis/enhancer_extraction/enhancer_pairs/FBgn0003997_Spearman/chr3L_18177706-18178000__chr3L_18188992-18189399,chr3L_18177706-18178000,chr3L_18188992-18189399,31.9,253.5,needle,10,0.5,0.1430494644473511,0.080916971,0.062635403,0.095533946,chr3L_18177706-18178000__chr3L_18188992-18189399,
neither,neither,/Users/jillianness/Desktop/SEbirthanalysis1024/new_LASTZ_analysis/enhancer_extraction/enhancer_pairs/FBgn0260642_sm/chr3R_6854324-6854718__chr3R_6970146-6970346,chr3R_6854324-6854718,chr3R_6970146-6970346,31.8,246.0,needle,10,0.5,0.1275223517769519,0.077260392,0.089870176,0.09821764,chr3R_6854324-6854718__chr3R_6970146-6970346,
neither,neither,/Users/jillianness/Desktop/SEbirthanalysis1024/new_LASTZ_analysis/enhancer_extraction/enhancer_pairs/FBgn0024321_sm/chr3R_14346999-14347237__chr3R_14386667-14387031,chr3R_14346999-14347237,chr3R_14386667-14387031,31.8,148.5,needle,10,0.5,0.068607739,0.017641298,0.028123105,0.038124047,chr3R_14346999-14347237__chr3R_14386667-14387031,
neither,neither,/Users/jillianness/Desktop/SEbirthanalysis1024/new_LASTZ_analysis/enhancer_extraction/enhancer_pairs/FBgn0000721_vm/chr2L_3631721-3632029__chr2L_3655828-3656265,chr2L_3631721-3632029,chr2L_3655828-3656265,31.8,263.5,needle,10,0.5,0.1102718812664246,0.044237514,0.046591096,0.067033497,chr2L_3631721-3632029__chr2L_3655828-3656265,
neither,neither,/Users/jillianness/Desktop/SEbirthanalysis1024/new_LASTZ_analysis/enhancer_extraction/enhancer_pairs/FBgn0040071_Spearman/chr3R_16236366-16236648__chr3R_16256084-16256284,chr3R_16236366-16236648,chr3R_16256084-16256284,31.8,118.0,needle,10,0.5,0.063602642,0.015006345,0.025229344,0.034612777,chr3R_16236366-16236648__chr3R_16256084-16256284,
neither,neither,/Users/jillianness/Desktop/SEbirthanalysis1024/new_LASTZ_analysis/enhancer_extraction/enhancer_pairs/FBgn0261245_vm_sm/chrX_16618927-16619240__chrX_16630526-16630911,chrX_16618927-16619240,chrX_16630526-16630911,31.8,222.0,needle,10,0.5,0.1495849433835093,0.09444409,0.057238358,0.100422464,chrX_16618927-16619240__chrX_16630526-16630911,
neither,neither,/Users/jillianness/Desktop/SEbirthanalysis1024/new_LASTZ_analysis/enhancer_extraction/enhancer_pairs/FBgn0027088_sm/chr3L_15051009-15051402__chr3L_15065782-15065982,chr3L_15051009-15051402,chr3L_15065782-15065982,31.8,206.5,needle,10,0.5,0.1061988488107183,0.049970494,0.044916451,0.067028598,chr3L_15051009-15051402__chr3L_15065782-15065982,
neither,neither,/Users/jillianness/Desktop/SEbirthanalysis1024/new_LASTZ_analysis/enhancer_extraction/enhancer_pairs/FBgn0005630_Spearman/chr2R_10166703-10167099__chr2R_10169607-10169832,chr2R_10166703-10167099,chr2R_10169607-10169832,31.8,201.5,needle,10,0.5,0.090941391,0.033336269,0.016445923,0.046907861,chr2R_10166703-10167099__chr2R_10169607-10169832,
neither,neither,/Users/jillianness/Desktop/SEbirthanalysis1024/new_LASTZ_analysis/enhancer_extraction/enhancer_pairs/FBgn0011722_sm/chr2L_6411470-6411744__chr2L_6423550-6423750,chr2L_6411470-6411744,chr2L_6423550-6423750,31.8,171.0,needle,10,0.5,0.019812743,-0.032608178,-0.032207138,-0.015000858,chr2L_6411470-6411744__chr2L_6423550-6423750,
enhancer_hit,enhancer_hit,/Users/jillianness/Desktop/SEbirthanalysis1024/new_LASTZ_analysis/enhancer_extraction/enhancer_pairs/FBgn0003721_vm_sm/chr3R_15282470-15282698__chr3R_15286228-15286550,chr3R_15282470-15282698,chr3R_15286228-15286550,31.7,218.0,needle,10,0.5,0.1107451184808149,0.060901656,0.06656023,0.079402335,chr3R_15282470-15282698__chr3R_15286228-15286550,
neither,neither,/Users/jillianness/Desktop/SEbirthanalysis1024/new_LASTZ_analysis/enhancer_extraction/enhancer_pairs/FBgn0000014_vm/chr3R_16737098-16737410__chr3R_16904976-16905213,chr3R_16737098-16737410,chr3R_16904976-16905213,31.7,180.0,needle,10,0.5,0.1340426574856981,0.08056132,0.073477451,0.096027143,chr3R_16737098-16737410__chr3R_16904976-16905213,
neither,neither,/Users/jillianness/Desktop/SEbirthanalysis1024/new_LASTZ_analysis/enhancer_extraction/enhancer_pairs/FBgn0004858_Spearman/chr2L_14443791-14444179__chr2L_14446412-14446612,chr2L_14443791-14444179,chr2L_14446412-14446612,31.7,177.0,needle,10,0.5,0.042220033,-0.009607119,-0.015893583,0.00557311,chr2L_14443791-14444179__chr2L_14446412-14446612,
neither,neither,/Users/jillianness/Desktop/SEbirthanalysis1024/new_LASTZ_analysis/enhancer_extraction/enhancer_pairs/FBgn0035379_sm/chr3L_2852084-2852431__chr3L_2890005-2890205,chr3L_2852084-2852431,chr3L_2890005-2890205,31.7,272.0,needle,10,0.5,0.2142344844851768,0.1745718652747566,0.1627403214351963,0.1838488903983765,chr3L_2852084-2852431__chr3L_2890005-2890205,
neither,neither,/Users/jillianness/Desktop/SEbirthanalysis1024/new_LASTZ_analysis/enhancer_extraction/enhancer_pairs/FBgn0003721_vm_sm/chr3R_15280609-15280877__chr3R_15286228-15286550,chr3R_15280609-15280877,chr3R_15286228-15286550,31.7,245.0,needle,10,0.5,0.182645171,0.1361248744873945,0.095054166,0.1379414036228676,chr3R_15280609-15280877__chr3R_15286228-15286550,
neither,neither,/Users/jillianness/Desktop/SEbirthanalysis1024/new_LASTZ_analysis/enhancer_extraction/enhancer_pairs/FBgn0003721_vm_sm/chr3R_15280609-15280877__chr3R_15289850-15290050,chr3R_15280609-15280877,chr3R_15289850-15290050,31.7,172.0,needle,10,0.5,0.071041566,0.025418486,0.041495112,0.045985055,chr3R_15280609-15280877__chr3R_15289850-15290050,
neither,neither,/Users/jillianness/Desktop/SEbirthanalysis1024/new_LASTZ_analysis/enhancer_extraction/enhancer_pairs/FBgn0035656_Spearman/chr3L_5963004-5963247__chr3L_5975471-5975750,chr3L_5963004-5963247,chr3L_5975471-5975750,31.7,193.5,needle,10,0.5,0.091715851,0.039793122,0.016519676,0.049342883,chr3L_5963004-5963247__chr3L_5975471-5975750,
neither,neither,/Users/jillianness/Desktop/SEbirthanalysis1024/new_LASTZ_analysis/enhancer_extraction/enhancer_pairs/FBgn0003002_vm/chr3R_4875269-4875597__chr3R_4914310-4914978,chr3R_4875269-4875597,chr3R_4914310-4914978,31.7,308.0,needle,10,0.5,0.093414879,0.001400149,0.016347896,0.037054308,chr3R_4875269-4875597__chr3R_4914310-4914978,
neither,neither,/Users/jillianness/Desktop/SEbirthanalysis1024/new_LASTZ_analysis/enhancer_extraction/enhancer_pairs/FBgn0000044_sm/chr2R_20558766-20559051__chr2R_20563710-20563921,chr2R_20558766-20559051,chr2R_20563710-20563921,31.7,148.0,needle,10,0.5,0.048708615,-0.004280737,-0.007171559,0.012418773,chr2R_20558766-20559051__chr2R_20563710-20563921,
neither,neither,/Users/jillianness/Desktop/SEbirthanalysis1024/new_LASTZ_analysis/enhancer_extraction/enhancer_pairs/FBgn0038498_vm_sm/chr3R_17249151-17249776__chr3R_17346097-17346604,chr3R_17249151-17249776,chr3R_17346097-17346604,31.7,358.0,needle,10,0.5,0.1358894861509056,0.046373341,0.038907141,0.073723323,chr3R_17249151-17249776__chr3R_17346097-17346604,
neither,neither,/Users/jillianness/Desktop/SEbirthanalysis1024/new_LASTZ_analysis/enhancer_extraction/enhancer_pairs/FBgn0042650_vm/chrX_16040766-16041067__chrX_16108626-16109199,chrX_16040766-16041067,chrX_16108626-16109199,31.6,324.5,needle,10,0.5,0.11152549,0.046507749,0.067321729,0.075118323,chrX_16040766-16041067__chrX_16108626-16109199,
neither,neither,/Users/jillianness/Desktop/SEbirthanalysis1024/new_LASTZ_analysis/enhancer_extraction/enhancer_pairs/FBgn0003062_sm/chr2R_22669923-22670415__chr2R_22671971-22672235,chr2R_22669923-22670415,chr2R_22671971-22672235,31.6,235.5,needle,10,0.5,0.1012660592725361,0.027426777,0.024967918,0.051220251,chr2R_22669923-22670415__chr2R_22671971-22672235,
neither,neither,/Users/jillianness/Desktop/SEbirthanalysis1024/new_LASTZ_analysis/enhancer_extraction/enhancer_pairs/FBgn0037443_Spearman/chr3R_6435505-6435705__chr3R_6467754-6468039,chr3R_6435505-6435705,chr3R_6467754-6468039,31.6,200.5,needle,10,0.5,0.1165572243225546,0.071519394,0.062544853,0.083540491,chr3R_6435505-6435705__chr3R_6467754-6468039,
neither,neither,/Users/jillianness/Desktop/SEbirthanalysis1024/new_LASTZ_analysis/enhancer_extraction/enhancer_pairs/FBgn0032485_sm/chr2L_13203632-13203855__chr2L_13205136-13205433,chr2L_13203632-13203855,chr2L_13205136-13205433,31.6,188.0,needle,10,0.5,0.053362202,-0.002038289,-0.000334037,0.016996625,chr2L_13203632-13203855__chr2L_13205136-13205433,
neither,neither,/Users/jillianness/Desktop/SEbirthanalysis1024/new_LASTZ_analysis/enhancer_extraction/enhancer_pairs/FBgn0036460_Spearman/chr3L_14925390-14925769__chr3L_14931009-14931209,chr3L_14925390-14925769,chr3L_14931009-14931209,31.6,171.5,needle,10,0.5,0.1046377618431383,0.049490774,0.040355376,0.064827971,chr3L_14925390-14925769__chr3L_14931009-14931209,
neither,neither,/Users/jillianness/Desktop/SEbirthanalysis1024/new_LASTZ_analysis/enhancer_extraction/enhancer_pairs/FBgn0020257_Spearman/chr2R_22309744-22310226__chr2R_22312131-22312433,chr2R_22309744-22310226,chr2R_22312131-22312433,31.6,246.0,needle,10,0.5,0.098134463,0.034023444,0.02107466,0.051077522,chr2R_22309744-22310226__chr2R_22312131-22312433,
neither,neither,/Users/jillianness/Desktop/SEbirthanalysis1024/new_LASTZ_analysis/enhancer_extraction/enhancer_pairs/FBgn0023540_vm/chrX_2100179-2100460__chrX_2124693-2125061,chrX_2100179-2100460,chrX_2124693-2125061,31.6,201.5,needle,10,0.5,0.074379319,0.007508165,0.00843068,0.030106055,chrX_2100179-2100460__chrX_2124693-2125061,
neither,neither,/Users/jillianness/Desktop/SEbirthanalysis1024/new_LASTZ_analysis/enhancer_extraction/enhancer_pairs/FBgn0000635_sm/chrX_4156826-4157158__chrX_4157262-4157462,chrX_4156826-4157158,chrX_4157262-4157462,31.6,215.5,needle,10,0.5,0.049985539,0.007063114,-0.008611919,0.016145578,chrX_4156826-4157158__chrX_4157262-4157462,
enhancer_hit,enhancer_hit,/Users/jillianness/Desktop/SEbirthanalysis1024/new_LASTZ_analysis/enhancer_extraction/enhancer_pairs/FBgn0000014_Spearman/chr3R_16878885-16879147__chr3R_16920451-16920854,chr3R_16878885-16879147,chr3R_16920451-16920854,31.5,260.5,needle,10,0.5,0.1227859398612338,0.058729391,0.060414906,0.080643412,chr3R_16878885-16879147__chr3R_16920451-16920854,
Flank,Flank,/Users/jillianness/Desktop/SEbirthanalysis1024/new_LASTZ_analysis/enhancer_extraction/enhancer_pairs/FBgn0004606_vm/chr3R_30767234-30767502__chr3R_30796870-30797305,chr3R_30767234-30767502,chr3R_30796870-30797305,31.5,234.0,needle,10,0.5,0.076915263,0.009038255,0.006615729,0.030856416,chr3R_30767234-30767502__chr3R_30796870-30797305,
neither,neither,/Users/jillianness/Desktop/SEbirthanalysis1024/new_LASTZ_analysis/enhancer_extraction/enhancer_pairs/FBgn0003889_sm/chr3R_9394057-9394430__chr3R_9437719-9437919,chr3R_9394057-9394430,chr3R_9437719-9437919,31.5,213.0,needle,10,0.5,0.087160193,0.034563896,0.043843451,0.05518918,chr3R_9394057-9394430__chr3R_9437719-9437919,
neither,neither,/Users/jillianness/Desktop/SEbirthanalysis1024/new_LASTZ_analysis/enhancer_extraction/enhancer_pairs/FBgn0003721_vm_sm/chr3R_15282470-15282698__chr3R_15311608-15312057,chr3R_15282470-15282698,chr3R_15311608-15312057,31.5,241.5,needle,10,0.5,0.1108041354864657,0.051855497,0.038170793,0.066943475,chr3R_15282470-15282698__chr3R_15311608-15312057,
neither,neither,/Users/jillianness/Desktop/SEbirthanalysis1024/new_LASTZ_analysis/enhancer_extraction/enhancer_pairs/FBgn0036838_Spearman/chr3L_18966539-18966739__chr3L_18969320-18969520,chr3L_18966539-18966739,chr3L_18969320-18969520,31.5,154.0,needle,10,0.5,0.056148993,0.013289023,0.008299586,0.025912534,chr3L_18966539-18966739__chr3L_18969320-18969520,
neither,neither,/Users/jillianness/Desktop/SEbirthanalysis1024/new_LASTZ_analysis/enhancer_extraction/enhancer_pairs/FBgn0002733_Spearman/chr3R_26002453-26002853__chr3R_26009977-26010219,chr3R_26002453-26002853,chr3R_26009977-26010219,31.5,235.0,needle,10,0.5,0.080894746,0.026344961,0.026409916,0.044549874,chr3R_26002453-26002853__chr3R_26009977-26010219,
neither,neither,/Users/jillianness/Desktop/SEbirthanalysis1024/new_LASTZ_analysis/enhancer_extraction/enhancer_pairs/FBgn0032961_Spearman/chr2L_21835079-21835348__chr2L_21840673-21841262,chr2L_21835079-21835348,chr2L_21840673-21841262,31.5,285.5,needle,10,0.5,0.1154837838648179,0.038283988,0.036128342,0.063298704,chr2L_21835079-21835348__chr2L_21840673-21841262,
neither,neither,/Users/jillianness/Desktop/SEbirthanalysis1024/new_LASTZ_analysis/enhancer_extraction/enhancer_pairs/FBgn0030151_Spearman/chrX_9708888-9709088__chrX_9709480-9709680,chrX_9708888-9709088,chrX_9709480-9709680,31.5,164.5,needle,10,0.5,0.064394401,0.030294899,0.030883622,0.041857641,chrX_9708888-9709088__chrX_9709480-9709680,
neither,neither,/Users/jillianness/Desktop/SEbirthanalysis1024/new_LASTZ_analysis/enhancer_extraction/enhancer_pairs/FBgn0039863_Spearman/chr3R_31701754-31702148__chr3R_31704699-31705265,chr3R_31701754-31702148,chr3R_31704699-31705265,31.5,290.0,needle,10,0.5,0.1058472950013936,0.023679501,0.028217698,0.052581498,chr3R_31701754-31702148__chr3R_31704699-31705265,
neither,neither,/Users/jillianness/Desktop/SEbirthanalysis1024/new_LASTZ_analysis/enhancer_extraction/enhancer_pairs/FBgn0034013_meso/chr2R_14980641-14981129__chr2R_15006081-15006369,chr2R_14980641-14981129,chr2R_15006081-15006369,31.5,267.5,needle,10,0.5,0.1570542958179808,0.1032232745168037,0.080972884,0.1137501515622415,chr2R_14980641-14981129__chr2R_15006081-15006369,
neither,neither,/Users/jillianness/Desktop/SEbirthanalysis1024/new_LASTZ_analysis/enhancer_extraction/enhancer_pairs/gt/chrX_2428917-2429320__chrX_2434977-2435401,chrX_2428917-2429320,chrX_2434977-2435401,31.4,275.0,needle,10,0.5,0.081673955,0.000621358,0.014539797,0.03227837,chrX_2428917-2429320__chrX_2434977-2435401,
neither,neither,/Users/jillianness/Desktop/SEbirthanalysis1024/new_LASTZ_analysis/enhancer_extraction/enhancer_pairs/FBgn0035656_Spearman/chr3L_5956989-5957371__chr3L_5977448-5977703,chr3L_5956989-5957371,chr3L_5977448-5977703,31.4,195.5,needle,10,0.5,0.1847300296034079,0.1351414400097716,0.028226528,0.1160326659311423,chr3L_5956989-5957371__chr3L_5977448-5977703,
neither,neither,/Users/jillianness/Desktop/SEbirthanalysis1024/new_LASTZ_analysis/enhancer_extraction/enhancer_pairs/FBgn0035656_Spearman/chr3L_5956989-5957371__chr3L_5963004-5963247,chr3L_5956989-5957371,chr3L_5963004-5963247,31.4,246.0,needle,10,0.5,0.1371291995493687,0.084282758,0.098687617,0.1066998583459342,chr3L_5956989-5957371__chr3L_5963004-5963247,
neither,neither,/Users/jillianness/Desktop/SEbirthanalysis1024/new_LASTZ_analysis/enhancer_extraction/enhancer_pairs/FBgn0033310_Spearman/chr2R_8264126-8264454__chr2R_8266328-8266674,chr2R_8264126-8264454,chr2R_8266328-8266674,31.4,229.5,needle,10,0.5,0.1351395773418054,0.067361902,0.066348139,0.089616539,chr2R_8264126-8264454__chr2R_8266328-8266674,
neither,neither,/Users/jillianness/Desktop/SEbirthanalysis1024/new_LASTZ_analysis/enhancer_extraction/enhancer_pairs/FBgn0000463_Spearman/chr3R_19339027-19339227__chr3R_19350401-19350687,chr3R_19339027-19339227,chr3R_19350401-19350687,31.4,179.0,needle,10,0.5,0.030357744,-0.021514059,-0.019411453,-0.003522589,chr3R_19339027-19339227__chr3R_19350401-19350687,
neither,neither,/Users/jillianness/Desktop/SEbirthanalysis1024/new_LASTZ_analysis/enhancer_extraction/enhancer_pairs/gt/chrX_2428917-2429320__chrX_2431852-2432159,chrX_2428917-2429320,chrX_2431852-2432159,31.3,209.5,needle,10,0.5,0.068118658,-0.003525106,-0.011490688,0.017700954,chrX_2428917-2429320__chrX_2431852-2432159,
neither,neither,/Users/jillianness/Desktop/SEbirthanalysis1024/new_LASTZ_analysis/enhancer_extraction/enhancer_pairs/FBgn0005771_meso/chr2L_14434419-14434949__chr2L_14446061-14446392,chr2L_14434419-14434949,chr2L_14446061-14446392,31.3,280.5,needle,10,0.5,0.096124068,0.023525032,0.014349979,0.04466636,chr2L_14434419-14434949__chr2L_14446061-14446392,
neither,neither,/Users/jillianness/Desktop/SEbirthanalysis1024/new_LASTZ_analysis/enhancer_extraction/enhancer_pairs/FBgn0000014_Spearman/chr3R_16764121-16764485__chr3R_16882506-16882728,chr3R_16764121-16764485,chr3R_16882506-16882728,31.3,155.5,needle,10,0.5,0.065461986,0.00941183,0.013827147,0.029566988,chr3R_16764121-16764485__chr3R_16882506-16882728,
neither,neither,/Users/jillianness/Desktop/SEbirthanalysis1024/new_LASTZ_analysis/enhancer_extraction/enhancer_pairs/FBgn0002772_vm_sm/chr3R_27659306-27659544__chr3R_27660249-27660711,chr3R_27659306-27659544,chr3R_27660249-27660711,31.3,238.0,needle,10,0.5,0.1319874812827167,0.072114533,0.055692542,0.086598185,chr3R_27659306-27659544__chr3R_27660249-27660711,
neither,neither,/Users/jillianness/Desktop/SEbirthanalysis1024/new_LASTZ_analysis/enhancer_extraction/enhancer_pairs/FBgn0020762_meso/chr2L_4282002-4282202__chr2L_4363652-4364006,chr2L_4282002-4282202,chr2L_4363652-4364006,31.3,197.5,needle,10,0.5,0.030633339,-0.027524132,-0.025475353,-0.007455382,chr2L_4282002-4282202__chr2L_4363652-4364006,
enhancer_hit,enhancer_hit,/Users/jillianness/Desktop/SEbirthanalysis1024/new_LASTZ_analysis/enhancer_extraction/enhancer_pairs/FBgn0036460_Spearman/chr3L_14928799-14929134__chr3L_14941342-14941625,chr3L_14928799-14929134,chr3L_14941342-14941625,31.2,212.0,needle,10,0.5,0.1192276208095664,0.06232007,0.042558606,0.074702099,chr3L_14928799-14929134__chr3L_14941342-14941625,
neither,neither,/Users/jillianness/Desktop/SEbirthanalysis1024/new_LASTZ_analysis/enhancer_extraction/enhancer_pairs/FBgn0016794_vm/chr3L_2552007-2552315__chr3L_2566292-2566652,chr3L_2552007-2552315,chr3L_2566292-2566652,31.2,149.0,needle,10,0.5,0.029958889,-0.017128902,-0.00357331,0.003085559,chr3L_2552007-2552315__chr3L_2566292-2566652,
neither,neither,/Users/jillianness/Desktop/SEbirthanalysis1024/new_LASTZ_analysis/enhancer_extraction/enhancer_pairs/FBgn0035379_sm/chr3L_2836046-2836310__chr3L_2852084-2852431,chr3L_2836046-2836310,chr3L_2852084-2852431,31.2,186.5,needle,10,0.5,0.073902041,0.017849497,0.023971538,0.038574359,chr3L_2836046-2836310__chr3L_2852084-2852431,
neither,neither,/Users/jillianness/Desktop/SEbirthanalysis1024/new_LASTZ_analysis/enhancer_extraction/enhancer_pairs/SoxN/chr2L_8809398-8810868__chr2L_8840416-8841144,chr2L_8809398-8810868,chr2L_8840416-8841144,31.2,738.0,needle,10,0.5,0.2663329858123587,0.1097842882225648,0.087862304,0.1546598592986904,chr2L_8809398-8810868__chr2L_8840416-8841144,
neither,neither,/Users/jillianness/Desktop/SEbirthanalysis1024/new_LASTZ_analysis/enhancer_extraction/enhancer_pairs/FBgn0032961_Spearman/chr2L_21835353-21835553__chr2L_21839073-21839412,chr2L_21835353-21835553,chr2L_21839073-21839412,31.2,162.5,needle,10,0.5,0.039327371,-0.018632839,-0.015178454,0.001838693,chr2L_21835353-21835553__chr2L_21839073-21839412,
neither,neither,/Users/jillianness/Desktop/SEbirthanalysis1024/new_LASTZ_analysis/enhancer_extraction/enhancer_pairs/FBgn0259678_sm/chr2R_9372513-9372734__chr2R_9374511-9374908,chr2R_9372513-9372734,chr2R_9374511-9374908,31.2,210.5,needle,10,0.5,0.06709313,0.004342057,0.013670282,0.02836849,chr2R_9372513-9372734__chr2R_9374511-9374908,
neither,neither,/Users/jillianness/Desktop/SEbirthanalysis1024/new_LASTZ_analysis/enhancer_extraction/enhancer_pairs/FBgn0036460_Spearman/chr3L_14928799-14929134__chr3L_14939995-14940646,chr3L_14928799-14929134,chr3L_14939995-14940646,31.2,322.5,needle,10,0.5,0.1053659038029405,0.02022469,0.015408464,0.046999686,chr3L_14928799-14929134__chr3L_14939995-14940646,
neither,neither,/Users/jillianness/Desktop/SEbirthanalysis1024/new_LASTZ_analysis/enhancer_extraction/enhancer_pairs/FBgn0005771_Spearman/chr2L_14481618-14482010__chr2L_14497639-14498275,chr2L_14481618-14482010,chr2L_14497639-14498275,31.2,339.5,needle,10,0.5,0.235626634,0.1581908020637826,0.076613452,0.1568102957003211,chr2L_14481618-14482010__chr2L_14497639-14498275,
neither,neither,/Users/jillianness/Desktop/SEbirthanalysis1024/new_LASTZ_analysis/enhancer_extraction/enhancer_pairs/FBgn0000463_Spearman/chr3R_19326610-19326911__chr3R_19343351-19343609,chr3R_19326610-19326911,chr3R_19343351-19343609,31.2,162.0,needle,10,0.5,0.029863123,-0.026164888,-0.021845206,-0.006048991,chr3R_19326610-19326911__chr3R_19343351-19343609,
enhancer_hit,enhancer_hit,/Users/jillianness/Desktop/SEbirthanalysis1024/new_LASTZ_analysis/enhancer_extraction/enhancer_pairs/gt/chrX_2429927-2430850__chrX_2437107-2437533,chrX_2429927-2430850,chrX_2437107-2437533,31.1,444.0,needle,10,0.5,0.165411161,0.05297708,0.046314188,0.088234143,chrX_2429927-2430850__chrX_2437107-2437533,
enhancer_hit,enhancer_hit,/Users/jillianness/Desktop/SEbirthanalysis1024/new_LASTZ_analysis/enhancer_extraction/enhancer_pairs/FBgn0024321_sm/chr3R_14370227-14370493__chr3R_14382371-14382571,chr3R_14370227-14370493,chr3R_14382371-14382571,31.1,150.0,needle,10,0.5,0.035122064,0.006227878,0.008114657,0.0164882,chr3R_14370227-14370493__chr3R_14382371-14382571,
enhancer_hit,enhancer_hit,/Users/jillianness/Desktop/SEbirthanalysis1024/new_LASTZ_analysis/enhancer_extraction/enhancer_pairs/FBgn0036460_Spearman/chr3L_14918179-14918521__chr3L_14939995-14940646,chr3L_14918179-14918521,chr3L_14939995-14940646,31.1,224.5,needle,10,0.5,0.082101729,0.004584221,0.021434029,0.036039993,chr3L_14918179-14918521__chr3L_14939995-14940646,
neither,neither,/Users/jillianness/Desktop/SEbirthanalysis1024/new_LASTZ_analysis/enhancer_extraction/enhancer_pairs/FBgn0004858_Spearman/chr2L_14446412-14446612__chr2L_14447428-14447837,chr2L_14446412-14446612,chr2L_14447428-14447837,31.1,190.5,needle,10,0.5,0.1232667102722731,0.068332063,0.056126947,0.08257524,chr2L_14446412-14446612__chr2L_14447428-14447837,
neither,neither,/Users/jillianness/Desktop/SEbirthanalysis1024/new_LASTZ_analysis/enhancer_extraction/enhancer_pairs/FBgn0016794_vm/chr3L_2552007-2552315__chr3L_2574144-2574754,chr3L_2552007-2552315,chr3L_2574144-2574754,31.1,343.0,needle,10,0.5,0.1593806191886053,0.09435673,0.084591171,0.1127761735975961,chr3L_2552007-2552315__chr3L_2574144-2574754,
neither,neither,/Users/jillianness/Desktop/SEbirthanalysis1024/new_LASTZ_analysis/enhancer_extraction/enhancer_pairs/FBgn0264001_vm/chr3L_13500764-13501176__chr3L_13646895-13647219,chr3L_13500764-13501176,chr3L_13646895-13647219,31.1,203.5,needle,10,0.5,0.056590712,-0.019621549,-0.019027095,0.005980689,chr3L_13500764-13501176__chr3L_13646895-13647219,
neither,neither,/Users/jillianness/Desktop/SEbirthanalysis1024/new_LASTZ_analysis/enhancer_extraction/enhancer_pairs/FBgn0003002_Spearman/chr3R_4835379-4835784__chr3R_4960008-4960208,chr3R_4835379-4835784,chr3R_4960008-4960208,31.1,184.5,needle,10,0.5,0.08938892,0.030544228,0.04097234,0.053635162,chr3R_4835379-4835784__chr3R_4960008-4960208,
neither,neither,/Users/jillianness/Desktop/SEbirthanalysis1024/new_LASTZ_analysis/enhancer_extraction/enhancer_pairs/FBgn0002733_Spearman/chr3R_25997262-25997462__chr3R_26010258-26010647,chr3R_25997262-25997462,chr3R_26010258-26010647,31.1,212.0,needle,10,0.5,0.1377760979345645,0.085658298,0.071623291,0.098352562,chr3R_25997262-25997462__chr3R_26010258-26010647,
neither,neither,/Users/jillianness/Desktop/SEbirthanalysis1024/new_LASTZ_analysis/enhancer_extraction/enhancer_pairs/FBgn0040389_sm/chrX_2294580-2295057__chrX_2296356-2296737,chrX_2294580-2295057,chrX_2296356-2296737,31.1,311.5,needle,10,0.5,0.2105965372321305,0.1484443075811352,0.025604603,0.1282151493839101,chrX_2294580-2295057__chrX_2296356-2296737,
neither,neither,/Users/jillianness/Desktop/SEbirthanalysis1024/new_LASTZ_analysis/enhancer_extraction/enhancer_pairs/FBgn0261245_vm_sm/chrX_16630526-16630911__chrX_16631143-16631343,chrX_16630526-16630911,chrX_16631143-16631343,31.1,145.5,needle,10,0.5,0.032431872,-0.022169847,-0.014954997,-0.001564324,chrX_16630526-16630911__chrX_16631143-16631343,
neither,neither,/Users/jillianness/Desktop/SEbirthanalysis1024/new_LASTZ_analysis/enhancer_extraction/enhancer_pairs/FBgn0000044_sm/chr2R_20560480-20560860__chr2R_20566669-20566882,chr2R_20560480-20560860,chr2R_20566669-20566882,31.1,182.0,needle,10,0.5,0.069984241,0.010052596,-0.010319194,0.023239214,chr2R_20560480-20560860__chr2R_20566669-20566882,
neither,neither,/Users/jillianness/Desktop/SEbirthanalysis1024/new_LASTZ_analysis/enhancer_extraction/enhancer_pairs/esg/chr2L_15323128-15323794__chr2L_15323946-15324408,chr2L_15323128-15323794,chr2L_15323946-15324408,31.1,386.0,needle,10,0.5,0.1595804198712894,0.059052531,0.037368304,0.085333752,chr2L_15323128-15323794__chr2L_15323946-15324408,
neither,neither,/Users/jillianness/Desktop/SEbirthanalysis1024/new_LASTZ_analysis/enhancer_extraction/enhancer_pairs/FBgn0036460_Spearman/chr3L_14930753-14930953__chr3L_14936376-14936760,chr3L_14930753-14930953,chr3L_14936376-14936760,31.1,212.5,needle,10,0.5,0.1111031736393286,0.058916612,0.06013373,0.076717839,chr3L_14930753-14930953__chr3L_14936376-14936760,
neither,neither,/Users/jillianness/Desktop/SEbirthanalysis1024/new_LASTZ_analysis/enhancer_extraction/enhancer_pairs/FBgn0014863_vm/chr3R_7108574-7109019__chr3R_7113126-7113381,chr3R_7108574-7109019,chr3R_7113126-7113381,31.1,238.5,needle,10,0.5,0.08893203,0.026133553,0.021810806,0.045625463,chr3R_7108574-7109019__chr3R_7113126-7113381,
neither,neither,/Users/jillianness/Desktop/SEbirthanalysis1024/new_LASTZ_analysis/enhancer_extraction/enhancer_pairs/FBgn0016794_vm/chr3L_2533105-2533332__chr3L_2562100-2562492,chr3L_2533105-2533332,chr3L_2562100-2562492,31.0,134.0,needle,10,0.5,0.027284343,-0.031819568,-0.031477391,-0.012004206,chr3L_2533105-2533332__chr3L_2562100-2562492,
neither,neither,/Users/jillianness/Desktop/SEbirthanalysis1024/new_LASTZ_analysis/enhancer_extraction/enhancer_pairs/gt/chrX_2431435-2431676__chrX_2434977-2435401,chrX_2431435-2431676,chrX_2434977-2435401,31.0,195.0,needle,10,0.5,0.047304419,-0.021334845,-0.021829372,0.001380067,chrX_2431435-2431676__chrX_2434977-2435401,
neither,neither,/Users/jillianness/Desktop/SEbirthanalysis1024/new_LASTZ_analysis/enhancer_extraction/enhancer_pairs/FBgn0002941_sm/chr3R_21528496-21528862__chr3R_21580239-21580489,chr3R_21528496-21528862,chr3R_21580239-21580489,31.0,171.5,needle,10,0.5,0.041552555,-0.01543768,-0.007271453,0.006281141,chr3R_21528496-21528862__chr3R_21580239-21580489,
neither,neither,/Users/jillianness/Desktop/SEbirthanalysis1024/new_LASTZ_analysis/enhancer_extraction/enhancer_pairs/FBgn0002733_Spearman/chr3R_26002453-26002853__chr3R_26006043-26006577,chr3R_26002453-26002853,chr3R_26006043-26006577,31.0,266.5,needle,10,0.5,0.062193366,-0.012549119,-0.008601302,0.013680981,chr3R_26002453-26002853__chr3R_26006043-26006577,
neither,neither,/Users/jillianness/Desktop/SEbirthanalysis1024/new_LASTZ_analysis/enhancer_extraction/enhancer_pairs/FBgn0032961_Spearman/chr2L_21831155-21831728__chr2L_21839073-21839412,chr2L_21831155-21831728,chr2L_21839073-21839412,31.0,349.5,needle,10,0.5,0.1241948905024405,0.034698175,0.042868807,0.067253957,chr2L_21831155-21831728__chr2L_21839073-21839412,
neither,neither,/Users/jillianness/Desktop/SEbirthanalysis1024/new_LASTZ_analysis/enhancer_extraction/enhancer_pairs/FBgn0261800_sm/chr2L_7810046-7810246__chr2L_7811525-7811900,chr2L_7810046-7810246,chr2L_7811525-7811900,31.0,190.5,needle,10,0.5,0.092637609,0.040545689,0.027474771,0.05355269,chr2L_7810046-7810246__chr2L_7811525-7811900,
neither,neither,/Users/jillianness/Desktop/SEbirthanalysis1024/new_LASTZ_analysis/enhancer_extraction/enhancer_pairs/FBgn0000044_sm/chr2R_20558766-20559051__chr2R_20559250-20559450,chr2R_20558766-20559051,chr2R_20559250-20559450,31.0,115.5,needle,10,0.5,0.018432248,-0.032314649,-0.031312444,-0.015064948,chr2R_20558766-20559051__chr2R_20559250-20559450,
neither,neither,/Users/jillianness/Desktop/SEbirthanalysis1024/new_LASTZ_analysis/enhancer_extraction/enhancer_pairs/FBgn0001122_Spearman/chr2R_10109599-10110119__chr2R_10110809-10111161,chr2R_10109599-10110119,chr2R_10110809-10111161,31.0,290.5,needle,10,0.5,0.079480956,0.006154884,0.015952817,0.033862886,chr2R_10109599-10110119__chr2R_10110809-10111161,
neither,neither,/Users/jillianness/Desktop/SEbirthanalysis1024/new_LASTZ_analysis/enhancer_extraction/enhancer_pairs/gt/chrX_2434977-2435401__chrX_2438227-2439238,chrX_2434977-2435401,chrX_2438227-2439238,30.9,423.0,needle,10,0.5,0.1452591109517576,0.031555537,0.027449994,0.068088214,chrX_2434977-2435401__chrX_2438227-2439238,
neither,neither,/Users/jillianness/Desktop/SEbirthanalysis1024/new_LASTZ_analysis/enhancer_extraction/enhancer_pairs/FBgn0037358_vm/chr3R_5670936-5671400__chr3R_5672628-5673052,chr3R_5670936-5671400,chr3R_5672628-5673052,30.9,305.5,needle,10,0.5,0.1053615235911819,0.020336585,0.019599976,0.048432695,chr3R_5670936-5671400__chr3R_5672628-5673052,
neither,neither,/Users/jillianness/Desktop/SEbirthanalysis1024/new_LASTZ_analysis/enhancer_extraction/enhancer_pairs/FBgn0004167_vm/chr3L_3322687-3323052__chr3L_3332328-3333012,chr3L_3322687-3323052,chr3L_3332328-3333012,30.9,300.0,needle,10,0.5,0.1080724018838448,0.006365577,0.00427528,0.039571086,chr3L_3322687-3323052__chr3L_3332328-3333012,
neither,neither,/Users/jillianness/Desktop/SEbirthanalysis1024/new_LASTZ_analysis/enhancer_extraction/enhancer_pairs/FBgn0037637_sm/chr3R_8849790-8850241__chr3R_8857786-8857986,chr3R_8849790-8850241,chr3R_8857786-8857986,30.9,194.0,needle,10,0.5,0.056753141,0.009073122,0.033804622,0.033210295,chr3R_8849790-8850241__chr3R_8857786-8857986,
neither,neither,/Users/jillianness/Desktop/SEbirthanalysis1024/new_LASTZ_analysis/enhancer_extraction/enhancer_pairs/FBgn0010341_sm/chrX_19623427-19623800__chrX_19656920-19657594,chrX_19623427-19623800,chrX_19656920-19657594,30.9,407.0,needle,10,0.5,0.1240467321251717,0.024483824,0.030040499,0.059523685,chrX_19623427-19623800__chrX_19656920-19657594,
neither,neither,/Users/jillianness/Desktop/SEbirthanalysis1024/new_LASTZ_analysis/enhancer_extraction/enhancer_pairs/FBgn0041096_vm_sm/chr3L_12043527-12044019__chr3L_12047380-12047625,chr3L_12043527-12044019,chr3L_12047380-12047625,30.8,226.0,needle,10,0.5,0.036815282,-0.022989943,-0.025745237,-0.003973299,chr3L_12043527-12044019__chr3L_12047380-12047625,
neither,neither,/Users/jillianness/Desktop/SEbirthanalysis1024/new_LASTZ_analysis/enhancer_extraction/enhancer_pairs/FBgn0261800_sm/chr2L_7808917-7809117__chr2L_7811525-7811900,chr2L_7808917-7809117,chr2L_7811525-7811900,30.8,172.0,needle,10,0.5,0.060567941,0.004688152,0.013752982,0.026336359,chr2L_7808917-7809117__chr2L_7811525-7811900,
neither,neither,/Users/jillianness/Desktop/SEbirthanalysis1024/new_LASTZ_analysis/enhancer_extraction/enhancer_pairs/FBgn0000406_vm_sm/chr2L_16762522-16762722__chr2L_16763500-16763743,chr2L_16762522-16762722,chr2L_16763500-16763743,30.8,117.0,needle,10,0.5,0.025659452,-0.016589839,-0.014233654,-0.001721347,chr2L_16762522-16762722__chr2L_16763500-16763743,
neither,neither,/Users/jillianness/Desktop/SEbirthanalysis1024/new_LASTZ_analysis/enhancer_extraction/enhancer_pairs/FBgn0027084_Spearman/chrX_9645073-9645375__chrX_9651073-9651377,chrX_9645073-9645375,chrX_9651073-9651377,30.8,180.5,needle,10,0.5,0.055351386,0.000850737,-0.002764842,0.017812427,chrX_9645073-9645375__chrX_9651073-9651377,
neither,neither,/Users/jillianness/Desktop/SEbirthanalysis1024/new_LASTZ_analysis/enhancer_extraction/enhancer_pairs/FBgn0004858_Spearman/chr2L_14443791-14444179__chr2L_14481618-14482010,chr2L_14443791-14444179,chr2L_14481618-14482010,30.7,265.5,needle,10,0.5,0.080188748,0.011925658,0.015715417,0.035943274,chr2L_14443791-14444179__chr2L_14481618-14482010,
neither,neither,/Users/jillianness/Desktop/SEbirthanalysis1024/new_LASTZ_analysis/enhancer_extraction/enhancer_pairs/gt/chrX_2429927-2430850__chrX_2434977-2435401,chrX_2429927-2430850,chrX_2434977-2435401,30.7,364.5,needle,10,0.5,0.1337467710180847,0.019938475,0.032035381,0.061906876,chrX_2429927-2430850__chrX_2434977-2435401,
neither,neither,/Users/jillianness/Desktop/SEbirthanalysis1024/new_LASTZ_analysis/enhancer_extraction/enhancer_pairs/FBgn0016041_sm/chrX_7617780-7617980__chrX_7660283-7660576,chrX_7617780-7617980,chrX_7660283-7660576,30.7,157.5,needle,10,0.5,0.060684884,0.015190768,0.025439955,0.033771869,chrX_7617780-7617980__chrX_7660283-7660576,
neither,neither,/Users/jillianness/Desktop/SEbirthanalysis1024/new_LASTZ_analysis/enhancer_extraction/enhancer_pairs/FBgn0003889_sm/chr3R_9417532-9417927__chr3R_9437719-9437919,chr3R_9417532-9417927,chr3R_9437719-9437919,30.7,202.5,needle,10,0.5,0.087067067,0.033240832,0.025183959,0.048497286,chr3R_9417532-9417927__chr3R_9437719-9437919,
neither,neither,/Users/jillianness/Desktop/SEbirthanalysis1024/new_LASTZ_analysis/enhancer_extraction/enhancer_pairs/FBgn0086906_sm/chr3L_2099069-2099450__chr3L_2139317-2139517,chr3L_2099069-2099450,chr3L_2139317-2139517,30.7,203.5,needle,10,0.5,0.063675983,0.003932549,0.010923101,0.026177211,chr3L_2099069-2099450__chr3L_2139317-2139517,
neither,neither,/Users/jillianness/Desktop/SEbirthanalysis1024/new_LASTZ_analysis/enhancer_extraction/enhancer_pairs/FBgn0036460_Spearman/chr3L_14918179-14918521__chr3L_14944241-14944774,chr3L_14918179-14918521,chr3L_14944241-14944774,30.7,348.5,needle,10,0.5,0.2093940400966548,0.1521539977134928,0.12952794,0.1636919925198645,chr3L_14918179-14918521__chr3L_14944241-14944774,
neither,neither,/Users/jillianness/Desktop/SEbirthanalysis1024/new_LASTZ_analysis/enhancer_extraction/enhancer_pairs/FBgn0004858_Spearman/chr2L_14431426-14431854__chr2L_14446412-14446612,chr2L_14431426-14431854,chr2L_14446412-14446612,30.6,189.0,needle,10,0.5,0.083230553,0.024976914,0.035404456,0.047870641,chr2L_14431426-14431854__chr2L_14446412-14446612,
neither,neither,/Users/jillianness/Desktop/SEbirthanalysis1024/new_LASTZ_analysis/enhancer_extraction/enhancer_pairs/FBgn0004858_Spearman/chr2L_14445719-14445919__chr2L_14447428-14447837,chr2L_14445719-14445919,chr2L_14447428-14447837,30.6,196.0,needle,10,0.5,0.1055158909305437,0.047078276,0.04019833,0.064264166,chr2L_14445719-14445919__chr2L_14447428-14447837,
neither,neither,/Users/jillianness/Desktop/SEbirthanalysis1024/new_LASTZ_analysis/enhancer_extraction/enhancer_pairs/FBgn0040071_Spearman/chr3R_16242325-16242715__chr3R_16254794-16255607,chr3R_16242325-16242715,chr3R_16254794-16255607,30.6,286.0,needle,10,0.5,0.127241613,0.031970314,0.010512993,0.056574973,chr3R_16242325-16242715__chr3R_16254794-16255607,
neither,neither,/Users/jillianness/Desktop/SEbirthanalysis1024/new_LASTZ_analysis/enhancer_extraction/enhancer_pairs/FBgn0035656_Spearman/chr3L_5969720-5970091__chr3L_5982072-5982272,chr3L_5969720-5970091,chr3L_5982072-5982272,30.6,196.0,needle,10,0.5,0.099638803,0.046344499,0.044601525,0.063528276,chr3L_5969720-5970091__chr3L_5982072-5982272,
neither,neither,/Users/jillianness/Desktop/SEbirthanalysis1024/new_LASTZ_analysis/enhancer_extraction/enhancer_pairs/FBgn0036460_Spearman/chr3L_14930753-14930953__chr3L_14948136-14948479,chr3L_14930753-14930953,chr3L_14948136-14948479,30.6,199.0,needle,10,0.5,0.086827942,0.037078454,0.022163423,0.04868994,chr3L_14930753-14930953__chr3L_14948136-14948479,
neither,neither,/Users/jillianness/Desktop/SEbirthanalysis1024/new_LASTZ_analysis/enhancer_extraction/enhancer_pairs/FBgn0014877_Spearman/chr2R_13197479-13197679__chr2R_13199132-13199535,chr2R_13197479-13197679,chr2R_13199132-13199535,30.5,204.5,needle,10,0.5,0.085015022,0.027013761,0.037253209,0.049760664,chr2R_13197479-13197679__chr2R_13199132-13199535,
neither,neither,/Users/jillianness/Desktop/SEbirthanalysis1024/new_LASTZ_analysis/enhancer_extraction/enhancer_pairs/FBgn0039667_vm_sm/chr3R_29457322-29457679__chr3R_29496327-29496564,chr3R_29457322-29457679,chr3R_29496327-29496564,30.5,211.5,needle,10,0.5,0.077167984,0.019144426,0.022007313,0.039439908,chr3R_29457322-29457679__chr3R_29496327-29496564,
neither,neither,/Users/jillianness/Desktop/SEbirthanalysis1024/new_LASTZ_analysis/enhancer_extraction/enhancer_pairs/FBgn0086906_sm/chr3L_2073248-2073448__chr3L_2099069-2099450,chr3L_2073248-2073448,chr3L_2099069-2099450,30.5,196.5,needle,10,0.5,0.04060687,-0.021316199,-0.018548878,0.000247264,chr3L_2073248-2073448__chr3L_2099069-2099450,
neither,neither,/Users/jillianness/Desktop/SEbirthanalysis1024/new_LASTZ_analysis/enhancer_extraction/enhancer_pairs/FBgn0003254_vm/chr2R_18881394-18881804__chr2R_18899660-18899871,chr2R_18881394-18881804,chr2R_18899660-18899871,30.5,178.0,needle,10,0.5,0.068323355,0.013446365,0.008621631,0.03013045,chr2R_18881394-18881804__chr2R_18899660-18899871,
neither,neither,/Users/jillianness/Desktop/SEbirthanalysis1024/new_LASTZ_analysis/enhancer_extraction/enhancer_pairs/FBgn0004620_sm/chr2L_5546801-5547067__chr2L_5559752-5560284,chr2L_5546801-5547067,chr2L_5559752-5560284,30.5,290.0,needle,10,0.5,0.1907971430317806,0.1264186191139004,0.079388603,0.1322014549553007,chr2L_5546801-5547067__chr2L_5559752-5560284,
neither,neither,/Users/jillianness/Desktop/SEbirthanalysis1024/new_LASTZ_analysis/enhancer_extraction/enhancer_pairs/SoxN/chr2L_8809398-8810868__chr2L_8842046-8842771,chr2L_8809398-8810868,chr2L_8842046-8842771,30.4,647.0,needle,10,0.5,0.2595916418392944,0.1011835529811045,0.086907068,0.1492274210217656,chr2L_8809398-8810868__chr2L_8842046-8842771,
neither,neither,/Users/jillianness/Desktop/SEbirthanalysis1024/new_LASTZ_analysis/enhancer_extraction/enhancer_pairs/SoxN/chr2L_8811130-8811511__chr2L_8840416-8841144,chr2L_8811130-8811511,chr2L_8840416-8841144,30.4,369.5,needle,10,0.5,0.1701927196774939,0.077458693,0.054957239,0.1008695505158381,chr2L_8811130-8811511__chr2L_8840416-8841144,
neither,neither,/Users/jillianness/Desktop/SEbirthanalysis1024/new_LASTZ_analysis/enhancer_extraction/enhancer_pairs/FBgn0035656_Spearman/chr3L_5975471-5975750__chr3L_5977448-5977703,chr3L_5975471-5975750,chr3L_5977448-5977703,30.4,199.0,needle,10,0.5,0.096467511,0.045126644,0.043588112,0.061727422,chr3L_5975471-5975750__chr3L_5977448-5977703,
neither,neither,/Users/jillianness/Desktop/SEbirthanalysis1024/new_LASTZ_analysis/enhancer_extraction/enhancer_pairs/FBgn0030955_Spearman/chrX_18715355-18715555__chrX_18737813-18738119,chrX_18715355-18715555,chrX_18737813-18738119,30.4,169.0,needle,10,0.5,0.046164774,0.002157733,-0.000258876,0.01602121,chrX_18715355-18715555__chrX_18737813-18738119,
neither,neither,/Users/jillianness/Desktop/SEbirthanalysis1024/new_LASTZ_analysis/enhancer_extraction/enhancer_pairs/FBgn0011286_sm/chr2R_8484944-8485225__chr2R_8486788-8487203,chr2R_8484944-8485225,chr2R_8486788-8487203,30.4,238.5,needle,10,0.5,0.08078397,0.009488033,0.007407512,0.032559838,chr2R_8484944-8485225__chr2R_8486788-8487203,
neither,neither,/Users/jillianness/Desktop/SEbirthanalysis1024/new_LASTZ_analysis/enhancer_extraction/enhancer_pairs/FBgn0036460_Spearman/chr3L_14931009-14931209__chr3L_14948136-14948479,chr3L_14931009-14931209,chr3L_14948136-14948479,30.4,134.5,needle,10,0.5,0.059146561,0.006634929,0.01527582,0.027019103,chr3L_14931009-14931209__chr3L_14948136-14948479,
neither,neither,/Users/jillianness/Desktop/SEbirthanalysis1024/new_LASTZ_analysis/enhancer_extraction/enhancer_pairs/FBgn0000463_Spearman/chr3R_19287679-19287954__chr3R_19346468-19346888,chr3R_19287679-19287954,chr3R_19346468-19346888,30.4,226.5,needle,10,0.5,0.071979136,0.004385559,-0.018111427,0.019417756,chr3R_19287679-19287954__chr3R_19346468-19346888,
neither,neither,/Users/jillianness/Desktop/SEbirthanalysis1024/new_LASTZ_analysis/enhancer_extraction/enhancer_pairs/Abd-B/chr3R_16920234-16921056__chr3R_16921371-16921858,chr3R_16920234-16921056,chr3R_16921371-16921858,30.3,444.5,needle,10,0.5,0.2225804120510413,0.1116950657841951,0.1009722149831575,0.1450825642727979,chr3R_16920234-16921056__chr3R_16921371-16921858,
neither,neither,/Users/jillianness/Desktop/SEbirthanalysis1024/new_LASTZ_analysis/enhancer_extraction/enhancer_pairs/FBgn0005771_vm/chr2L_14476624-14476824__chr2L_14537085-14537454,chr2L_14476624-14476824,chr2L_14537085-14537454,30.3,183.5,needle,10,0.5,0.079351885,0.025848822,0.002614353,0.035938353,chr2L_14476624-14476824__chr2L_14537085-14537454,
neither,neither,/Users/jillianness/Desktop/SEbirthanalysis1024/new_LASTZ_analysis/enhancer_extraction/enhancer_pairs/FBgn0000575_meso/chr3L_709891-710336__chr3L_731320-731606,chr3L_709891-710336,chr3L_731320-731606,30.3,230.5,needle,10,0.5,0.1070631117021748,0.030721969,0.025262325,0.054349135,chr3L_709891-710336__chr3L_731320-731606,
neither,neither,/Users/jillianness/Desktop/SEbirthanalysis1024/new_LASTZ_analysis/enhancer_extraction/enhancer_pairs/FBgn0021768_sm/chr3L_16739294-16739644__chr3L_16776828-16777028,chr3L_16739294-16739644,chr3L_16776828-16777028,30.3,217.0,needle,10,0.5,0.077429816,0.028048756,0.039396207,0.048291593,chr3L_16739294-16739644__chr3L_16776828-16777028,
neither,neither,/Users/jillianness/Desktop/SEbirthanalysis1024/new_LASTZ_analysis/enhancer_extraction/enhancer_pairs/FBgn0016797_Spearman/chr3L_19137342-19137588__chr3L_19151316-19151710,chr3L_19137342-19137588,chr3L_19151316-19151710,30.3,234.0,needle,10,0.5,0.2196061128212267,0.1815995539147291,0.1216930874844412,0.1742995847401323,chr3L_19137342-19137588__chr3L_19151316-19151710,
neither,neither,/Users/jillianness/Desktop/SEbirthanalysis1024/new_LASTZ_analysis/enhancer_extraction/enhancer_pairs/FBgn0000667_vm/chrX_1947402-1947602__chrX_1994981-1995181,chrX_1947402-1947602,chrX_1994981-1995181,30.3,119.0,needle,10,0.5,0.1173831342036742,0.088172121,0.031840906,0.079132054,chrX_1947402-1947602__chrX_1994981-1995181,
neither,neither,/Users/jillianness/Desktop/SEbirthanalysis1024/new_LASTZ_analysis/enhancer_extraction/enhancer_pairs/FBgn0000044_sm/chr2R_20560480-20560860__chr2R_20563710-20563921,chr2R_20560480-20560860,chr2R_20563710-20563921,30.3,211.0,needle,10,0.5,0.037540257,-0.028749788,-0.030974942,-0.007394824,chr2R_20560480-20560860__chr2R_20563710-20563921,
neither,neither,/Users/jillianness/Desktop/SEbirthanalysis1024/new_LASTZ_analysis/enhancer_extraction/enhancer_pairs/FBgn0036460_Spearman/chr3L_14922238-14922460__chr3L_14948136-14948479,chr3L_14922238-14922460,chr3L_14948136-14948479,30.3,241.0,needle,10,0.5,0.1593503451264664,0.1107073250944892,0.1152672492143693,0.1284416398117749,chr3L_14922238-14922460__chr3L_14948136-14948479,
neither,neither,/Users/jillianness/Desktop/SEbirthanalysis1024/new_LASTZ_analysis/enhancer_extraction/enhancer_pairs/FBgn0005771_Spearman/chr2L_14481618-14482010__chr2L_14540200-14540420,chr2L_14481618-14482010,chr2L_14540200-14540420,30.3,165.5,needle,10,0.5,0.083310092,0.024378583,0.014321454,0.040670043,chr2L_14481618-14482010__chr2L_14540200-14540420,
neither,neither,/Users/jillianness/Desktop/SEbirthanalysis1024/new_LASTZ_analysis/enhancer_extraction/enhancer_pairs/FBgn0035656_Spearman/chr3L_5961714-5961914__chr3L_5977448-5977703,chr3L_5961714-5961914,chr3L_5977448-5977703,30.2,139.0,needle,10,0.5,0.027202164,-0.019974869,-0.017500169,-0.003424292,chr3L_5961714-5961914__chr3L_5977448-5977703,
neither,neither,/Users/jillianness/Desktop/SEbirthanalysis1024/new_LASTZ_analysis/enhancer_extraction/enhancer_pairs/FBgn0083981_vm/chrX_20583131-20583750__chrX_20587174-20587464,chrX_20583131-20583750,chrX_20587174-20587464,30.2,281.5,needle,10,0.5,0.092566566,0.014706771,0.027976113,0.04508315,chrX_20583131-20583750__chrX_20587174-20587464,
neither,neither,/Users/jillianness/Desktop/SEbirthanalysis1024/new_LASTZ_analysis/enhancer_extraction/enhancer_pairs/FBgn0000044_sm/chr2R_20562855-20563268__chr2R_20563710-20563921,chr2R_20562855-20563268,chr2R_20563710-20563921,30.2,204.0,needle,10,0.5,0.095922456,0.0420768,0.007327282,0.048442179,chr2R_20562855-20563268__chr2R_20563710-20563921,
neither,neither,/Users/jillianness/Desktop/SEbirthanalysis1024/new_LASTZ_analysis/enhancer_extraction/enhancer_pairs/FBgn0032487_Spearman/chr2L_13215675-13216164__chr2L_13225382-13225582,chr2L_13215675-13216164,chr2L_13225382-13225582,30.2,245.0,needle,10,0.5,0.087274228,0.021848056,0.028154431,0.045758905,chr2L_13215675-13216164__chr2L_13225382-13225582,
enhancer_hit,enhancer_hit,/Users/jillianness/Desktop/SEbirthanalysis1024/new_LASTZ_analysis/enhancer_extraction/enhancer_pairs/FBgn0053207_Spearman/chr3R_15643161-15643399__chr3R_15670860-15671233,chr3R_15643161-15643399,chr3R_15670860-15671233,30.1,198.5,needle,10,0.5,0.1286835374788896,0.074592695,0.04321482,0.082163684,chr3R_15643161-15643399__chr3R_15670860-15671233,
neither,neither,/Users/jillianness/Desktop/SEbirthanalysis1024/new_LASTZ_analysis/enhancer_extraction/enhancer_pairs/FBgn0016930_vm/chr2L_14245654-14246036__chr2L_14248855-14249055,chr2L_14245654-14246036,chr2L_14248855-14249055,30.1,195.0,needle,10,0.5,0.069328833,0.010740528,0.020103999,0.03339112,chr2L_14245654-14246036__chr2L_14248855-14249055,
neither,neither,/Users/jillianness/Desktop/SEbirthanalysis1024/new_LASTZ_analysis/enhancer_extraction/enhancer_pairs/SoxN/chr2L_8841314-8841573__chr2L_8845956-8846437,chr2L_8841314-8841573,chr2L_8845956-8846437,30.1,211.0,needle,10,0.5,0.0375625,-0.039364064,-0.039445529,-0.013749031,chr2L_8841314-8841573__chr2L_8845956-8846437,
neither,neither,/Users/jillianness/Desktop/SEbirthanalysis1024/new_LASTZ_analysis/enhancer_extraction/enhancer_pairs/FBgn0014877_Spearman/chr2R_13188356-13188670__chr2R_13197479-13197679,chr2R_13188356-13188670,chr2R_13197479-13197679,30.1,134.5,needle,10,0.5,0.0904968,0.041422746,0.048726144,0.06021523,chr2R_13188356-13188670__chr2R_13197479-13197679,
neither,neither,/Users/jillianness/Desktop/SEbirthanalysis1024/new_LASTZ_analysis/enhancer_extraction/enhancer_pairs/FBgn0016797_meso/chr3L_19143539-19143824__chr3L_19151316-19151710,chr3L_19143539-19143824,chr3L_19151316-19151710,30.1,209.5,needle,10,0.5,0.083141937,0.029501336,0.024981191,0.045874821,chr3L_19143539-19143824__chr3L_19151316-19151710,
neither,neither,/Users/jillianness/Desktop/SEbirthanalysis1024/new_LASTZ_analysis/enhancer_extraction/enhancer_pairs/FBgn0045759_vm/chr3L_6959693-6959979__chr3L_6961086-6961344,chr3L_6959693-6959979,chr3L_6961086-6961344,30.1,100.0,needle,10,0.5,0.012954756,-0.04584099,-0.046935949,-0.026607394,chr3L_6959693-6959979__chr3L_6961086-6961344,
neither,neither,/Users/jillianness/Desktop/SEbirthanalysis1024/new_LASTZ_analysis/enhancer_extraction/enhancer_pairs/FBgn0037443_Spearman/chr3R_6467754-6468039__chr3R_6484281-6484481,chr3R_6467754-6468039,chr3R_6484281-6484481,30.0,201.5,needle,10,0.5,0.140963286,0.096323789,0.067568247,0.1016184408706916,chr3R_6467754-6468039__chr3R_6484281-6484481,
neither,neither,/Users/jillianness/Desktop/SEbirthanalysis1024/new_LASTZ_analysis/enhancer_extraction/enhancer_pairs/FBgn0038925_vm_sm/chr3R_22047297-22047620__chr3R_22053290-22053582,chr3R_22047297-22047620,chr3R_22053290-22053582,30.0,230.0,needle,10,0.5,0.086002242,0.027784695,0.03559011,0.049792349,chr3R_22047297-22047620__chr3R_22053290-22053582,
neither,neither,/Users/jillianness/Desktop/SEbirthanalysis1024/new_LASTZ_analysis/enhancer_extraction/enhancer_pairs/esg/chr2L_15322444-15322772__chr2L_15333222-15333912,chr2L_15322444-15322772,chr2L_15333222-15333912,30.0,310.0,needle,10,0.5,0.1324080590491003,0.051034249,0.058431369,0.080624559,chr2L_15322444-15322772__chr2L_15333222-15333912,
neither,neither,/Users/jillianness/Desktop/SEbirthanalysis1024/new_LASTZ_analysis/enhancer_extraction/enhancer_pairs/FBgn0036460_Spearman/chr3L_14930753-14930953__chr3L_14941342-14941625,chr3L_14930753-14930953,chr3L_14941342-14941625,30.0,170.5,needle,10,0.5,0.052157537,0.003002748,-0.002715872,0.017481471,chr3L_14930753-14930953__chr3L_14941342-14941625,
neither,neither,/Users/jillianness/Desktop/SEbirthanalysis1024/new_LASTZ_analysis/enhancer_extraction/enhancer_pairs/bab2/chr3L_1082826-1083401__chr3L_1167709-1167971,chr3L_1082826-1083401,chr3L_1167709-1167971,30.0,237.5,needle,10,0.5,0.053587179,-0.021791795,-0.013292997,0.006167462,chr3L_1082826-1083401__chr3L_1167709-1167971,
neither,neither,/Users/jillianness/Desktop/SEbirthanalysis1024/new_LASTZ_analysis/enhancer_extraction/enhancer_pairs/FBgn0028369_Spearman/chrX_3104146-3104671__chrX_3123638-3124075,chrX_3104146-3104671,chrX_3123638-3124075,30.0,290.5,needle,10,0.5,0.1578085213534577,0.095956948,0.044762564,0.099509345,chrX_3104146-3104671__chrX_3123638-3124075,
neither,neither,/Users/jillianness/Desktop/SEbirthanalysis1024/new_LASTZ_analysis/enhancer_extraction/enhancer_pairs/FBgn0015570_sm/chr3R_7658315-7658594__chr3R_7661745-7661946,chr3R_7658315-7658594,chr3R_7661745-7661946,30.0,178.0,needle,10,0.5,0.150131792,0.1073320276866179,0.05756406,0.1050092929276766,chr3R_7658315-7658594__chr3R_7661745-7661946,
neither,neither,/Users/jillianness/Desktop/SEbirthanalysis1024/new_LASTZ_analysis/enhancer_extraction/enhancer_pairs/FBgn0011722_sm/chr2L_6422856-6423068__chr2L_6423550-6423750,chr2L_6422856-6423068,chr2L_6423550-6423750,30.0,145.5,needle,10,0.5,0.067332307,0.024165266,0.01803755,0.036511708,chr2L_6422856-6423068__chr2L_6423550-6423750,
neither,neither,/Users/jillianness/Desktop/SEbirthanalysis1024/new_LASTZ_analysis/enhancer_extraction/enhancer_pairs/FBgn0032444_vm/chr2L_12617842-12618274__chr2L_12655423-12655623,chr2L_12617842-12618274,chr2L_12655423-12655623,29.9,194.5,needle,10,0.5,0.087400911,0.038628786,0.056817638,0.060949112,chr2L_12617842-12618274__chr2L_12655423-12655623,
neither,neither,/Users/jillianness/Desktop/SEbirthanalysis1024/new_LASTZ_analysis/enhancer_extraction/enhancer_pairs/DI/chr3R_19314425-19316093__chr3R_19341536-19342363,chr3R_19314425-19316093,chr3R_19341536-19342363,29.9,827.0,needle,10,0.5,0.2786120498340094,0.1161692410193771,0.087395652,0.1607256477477327,chr3R_19314425-19316093__chr3R_19341536-19342363,
neither,neither,/Users/jillianness/Desktop/SEbirthanalysis1024/new_LASTZ_analysis/enhancer_extraction/enhancer_pairs/FBgn0035656_Spearman/chr3L_5956989-5957371__chr3L_5982072-5982272,chr3L_5956989-5957371,chr3L_5982072-5982272,29.9,188.0,needle,10,0.5,0.1119872546523722,0.062492508,0.063915634,0.079465132,chr3L_5956989-5957371__chr3L_5982072-5982272,
neither,neither,/Users/jillianness/Desktop/SEbirthanalysis1024/new_LASTZ_analysis/enhancer_extraction/enhancer_pairs/FBgn0035656_Spearman/chr3L_5974676-5975048__chr3L_5977448-5977703,chr3L_5974676-5975048,chr3L_5977448-5977703,29.9,246.5,needle,10,0.5,0.090921847,0.036428667,0.046376973,0.057909162,chr3L_5974676-5975048__chr3L_5977448-5977703,
neither,neither,/Users/jillianness/Desktop/SEbirthanalysis1024/new_LASTZ_analysis/enhancer_extraction/enhancer_pairs/FBgn0004606_Spearman/chr3R_30780915-30781294__chr3R_30794867-30795176,chr3R_30780915-30781294,chr3R_30794867-30795176,29.9,204.5,needle,10,0.5,0.05547919,-0.01562219,-0.021390166,0.006155612,chr3R_30780915-30781294__chr3R_30794867-30795176,
neither,neither,/Users/jillianness/Desktop/SEbirthanalysis1024/new_LASTZ_analysis/enhancer_extraction/enhancer_pairs/FBgn0028369_Spearman/chrX_3104146-3104671__chrX_3124946-3125240,chrX_3104146-3104671,chrX_3124946-3125240,29.9,331.5,needle,10,0.5,0.4777680065065441,0.4520956810022865,0.015080471,0.3149813861930083,chrX_3104146-3104671__chrX_3124946-3125240,
neither,neither,/Users/jillianness/Desktop/SEbirthanalysis1024/new_LASTZ_analysis/enhancer_extraction/enhancer_pairs/FBgn0033426_vm_sm/chr2R_9178347-9178768__chr2R_9189407-9189607,chr2R_9178347-9178768,chr2R_9189407-9189607,29.9,220.5,needle,10,0.5,0.09135229,0.031068485,0.022451878,0.048290885,chr2R_9178347-9178768__chr2R_9189407-9189607,
neither,neither,/Users/jillianness/Desktop/SEbirthanalysis1024/new_LASTZ_analysis/enhancer_extraction/enhancer_pairs/FBgn0014877_Spearman/chr2R_13188356-13188670__chr2R_13190587-13190787,chr2R_13188356-13188670,chr2R_13190587-13190787,29.8,142.5,needle,10,0.5,0.032283101,-0.015976305,-0.012501324,0.001268491,chr2R_13188356-13188670__chr2R_13190587-13190787,
neither,neither,/Users/jillianness/Desktop/SEbirthanalysis1024/new_LASTZ_analysis/enhancer_extraction/enhancer_pairs/FBgn0014863_sm/chr3R_7113126-7113381__chr3R_7122484-7122921,chr3R_7113126-7113381,chr3R_7122484-7122921,29.8,233.5,needle,10,0.5,0.1162013026803916,0.056072803,0.041734632,0.071336246,chr3R_7113126-7113381__chr3R_7122484-7122921,
neither,neither,/Users/jillianness/Desktop/SEbirthanalysis1024/new_LASTZ_analysis/enhancer_extraction/enhancer_pairs/FBgn0037358_vm/chr3R_5670022-5670340__chr3R_5672628-5673052,chr3R_5670022-5670340,chr3R_5672628-5673052,29.8,218.0,needle,10,0.5,0.1526626816193148,0.091114116,0.049927793,0.09790153,chr3R_5670022-5670340__chr3R_5672628-5673052,
neither,neither,/Users/jillianness/Desktop/SEbirthanalysis1024/new_LASTZ_analysis/enhancer_extraction/enhancer_pairs/FBgn0052528_Spearman/chrX_19713152-19713438__chrX_19714899-19715388,chrX_19713152-19713438,chrX_19714899-19715388,29.8,228.0,needle,10,0.5,0.082583448,0.016893297,0.031068486,0.043515077,chrX_19713152-19713438__chrX_19714899-19715388,
neither,neither,/Users/jillianness/Desktop/SEbirthanalysis1024/new_LASTZ_analysis/enhancer_extraction/enhancer_pairs/FBgn0053207_Spearman/chr3R_15639984-15640424__chr3R_15670860-15671233,chr3R_15639984-15640424,chr3R_15670860-15671233,29.7,294.0,needle,10,0.5,0.065011383,-0.015635456,-0.013741619,0.011878102,chr3R_15639984-15640424__chr3R_15670860-15671233,
neither,neither,/Users/jillianness/Desktop/SEbirthanalysis1024/new_LASTZ_analysis/enhancer_extraction/enhancer_pairs/FBgn0014877_Spearman/chr2R_13190587-13190787__chr2R_13194170-13194587,chr2R_13190587-13190787,chr2R_13194170-13194587,29.7,190.0,needle,10,0.5,0.037175343,-0.020105773,-0.019613193,-0.000847875,chr2R_13190587-13190787__chr2R_13194170-13194587,
neither,neither,/Users/jillianness/Desktop/SEbirthanalysis1024/new_LASTZ_analysis/enhancer_extraction/enhancer_pairs/FBgn0004858_sm/chr2L_14434419-14434949__chr2L_14444805-14445074,chr2L_14434419-14434949,chr2L_14444805-14445074,29.7,268.5,needle,10,0.5,0.1842132631644027,0.1198494476251739,0.061698381,0.1219203638548136,chr2L_14434419-14434949__chr2L_14444805-14445074,
neither,neither,/Users/jillianness/Desktop/SEbirthanalysis1024/new_LASTZ_analysis/enhancer_extraction/enhancer_pairs/FBgn0053207_vm/chr3R_15644040-15644368__chr3R_15664641-15665034,chr3R_15644040-15644368,chr3R_15664641-15665034,29.7,200.0,needle,10,0.5,0.073877091,0.007921993,-0.000718186,0.027026966,chr3R_15644040-15644368__chr3R_15664641-15665034,
neither,neither,/Users/jillianness/Desktop/SEbirthanalysis1024/new_LASTZ_analysis/enhancer_extraction/enhancer_pairs/FBgn0052528_Spearman/chrX_19713966-19714243__chrX_19714899-19715388,chrX_19713966-19714243,chrX_19714899-19715388,29.7,196.0,needle,10,0.5,0.076018304,0.002142166,-0.008905476,0.023084998,chrX_19713966-19714243__chrX_19714899-19715388,
enhancer_hit,enhancer_hit,/Users/jillianness/Desktop/SEbirthanalysis1024/new_LASTZ_analysis/enhancer_extraction/enhancer_pairs/FBgn0038292_vm/chr3R_15089634-15089885__chr3R_15091554-15092117,chr3R_15089634-15089885,chr3R_15091554-15092117,29.6,264.0,needle,10,0.5,0.1761833260382426,0.117620514,0.051958031,0.1152539572434577,chr3R_15089634-15089885__chr3R_15091554-15092117,
neither,neither,/Users/jillianness/Desktop/SEbirthanalysis1024/new_LASTZ_analysis/enhancer_extraction/enhancer_pairs/FBgn0028734_sm/chr3R_10106432-10106719__chr3R_10108491-10108933,chr3R_10106432-10106719,chr3R_10108491-10108933,29.6,215.5,needle,10,0.5,0.044192999,-0.020441895,-0.020982946,0.00092272,chr3R_10106432-10106719__chr3R_10108491-10108933,
neither,neither,/Users/jillianness/Desktop/SEbirthanalysis1024/new_LASTZ_analysis/enhancer_extraction/enhancer_pairs/gt/chrX_2437107-2437533__chrX_2438227-2439238,chrX_2437107-2437533,chrX_2438227-2439238,29.6,450.0,needle,10,0.5,0.1854260503547085,0.074418923,0.080202666,0.1133492128493183,chrX_2437107-2437533__chrX_2438227-2439238,
neither,neither,/Users/jillianness/Desktop/SEbirthanalysis1024/new_LASTZ_analysis/enhancer_extraction/enhancer_pairs/FBgn0002733_Spearman/chr3R_25997262-25997462__chr3R_26009977-26010219,chr3R_25997262-25997462,chr3R_26009977-26010219,29.6,158.5,needle,10,0.5,0.09426619,0.0482728,0.044635561,0.062391517,chr3R_25997262-25997462__chr3R_26009977-26010219,
neither,neither,/Users/jillianness/Desktop/SEbirthanalysis1024/new_LASTZ_analysis/enhancer_extraction/enhancer_pairs/FBgn0040071_Spearman/chr3R_16242325-16242715__chr3R_16256084-16256284,chr3R_16242325-16242715,chr3R_16256084-16256284,29.6,177.0,needle,10,0.5,0.078706299,0.022321518,0.03059745,0.043875089,chr3R_16242325-16242715__chr3R_16256084-16256284,
neither,neither,/Users/jillianness/Desktop/SEbirthanalysis1024/new_LASTZ_analysis/enhancer_extraction/enhancer_pairs/FBgn0014877_Spearman/chr2R_13195866-13196315__chr2R_13198071-13198730,chr2R_13195866-13196315,chr2R_13198071-13198730,29.6,336.5,needle,10,0.5,0.1076958382403758,0.008046648,-0.007561723,0.036060254,chr2R_13195866-13196315__chr2R_13198071-13198730,
neither,neither,/Users/jillianness/Desktop/SEbirthanalysis1024/new_LASTZ_analysis/enhancer_extraction/enhancer_pairs/FBgn0004606_Spearman/chr3R_30732121-30732337__chr3R_30780915-30781294,chr3R_30732121-30732337,chr3R_30780915-30781294,29.6,185.0,needle,10,0.5,0.081601388,0.02255045,0.017496138,0.040549325,chr3R_30732121-30732337__chr3R_30780915-30781294,
neither,neither,/Users/jillianness/Desktop/SEbirthanalysis1024/new_LASTZ_analysis/enhancer_extraction/enhancer_pairs/FBgn0033782_vm_sm/chr2R_12556332-12556741__chr2R_12587132-12587415,chr2R_12556332-12556741,chr2R_12587132-12587415,29.6,191.0,needle,10,0.5,0.075864324,0.011617311,0.018689909,0.035390515,chr2R_12556332-12556741__chr2R_12587132-12587415,
enhancer_hit,enhancer_hit,/Users/jillianness/Desktop/SEbirthanalysis1024/new_LASTZ_analysis/enhancer_extraction/enhancer_pairs/FBgn0020513_vm/chrX_12676886-12677437__chrX_12692632-12693074,chrX_12676886-12677437,chrX_12692632-12693074,29.5,309.0,needle,10,0.5,0.1282277988682291,0.082567458,-0.000100681,0.070231525,chrX_12676886-12677437__chrX_12692632-12693074,
neither,neither,/Users/jillianness/Desktop/SEbirthanalysis1024/new_LASTZ_analysis/enhancer_extraction/enhancer_pairs/FBgn0032864_meso/chr2L_20468678-20469091__chr2L_20473787-20474193,chr2L_20468678-20469091,chr2L_20473787-20474193,29.5,253.0,needle,10,0.5,0.1041640941892709,0.024590603,0.037607519,0.055454072,chr2L_20468678-20469091__chr2L_20473787-20474193,
neither,neither,/Users/jillianness/Desktop/SEbirthanalysis1024/new_LASTZ_analysis/enhancer_extraction/enhancer_pairs/FBgn0035656_Spearman/chr3L_5963004-5963247__chr3L_5974676-5975048,chr3L_5963004-5963247,chr3L_5974676-5975048,29.5,222.5,needle,10,0.5,0.085376146,0.030215567,0.026071498,0.04722107,chr3L_5963004-5963247__chr3L_5974676-5975048,
neither,neither,/Users/jillianness/Desktop/SEbirthanalysis1024/new_LASTZ_analysis/enhancer_extraction/enhancer_pairs/FBgn0014877_sm/chr2R_13198071-13198730__chr2R_13199132-13199535,chr2R_13198071-13198730,chr2R_13199132-13199535,29.5,289.0,needle,10,0.5,0.084020759,-0.005461416,-0.001650436,0.025636302,chr2R_13198071-13198730__chr2R_13199132-13199535,
neither,neither,/Users/jillianness/Desktop/SEbirthanalysis1024/new_LASTZ_analysis/enhancer_extraction/enhancer_pairs/FBgn0014877_Spearman/chr2R_13188356-13188670__chr2R_13192033-13192233,chr2R_13188356-13188670,chr2R_13192033-13192233,29.5,146.0,needle,10,0.5,0.0854328,0.044068143,0.041321092,0.056940678,chr2R_13188356-13188670__chr2R_13192033-13192233,
neither,neither,/Users/jillianness/Desktop/SEbirthanalysis1024/new_LASTZ_analysis/enhancer_extraction/enhancer_pairs/FBgn0025874_sm/chr3L_13887299-13887499__chr3L_13892257-13892580,chr3L_13887299-13887499,chr3L_13892257-13892580,29.5,165.5,needle,10,0.5,0.090011954,0.037585981,0.029537547,0.052378494,chr3L_13887299-13887499__chr3L_13892257-13892580,
neither,neither,/Users/jillianness/Desktop/SEbirthanalysis1024/new_LASTZ_analysis/enhancer_extraction/enhancer_pairs/FBgn0031776_vm_sm/chr2L_6075442-6075642__chr2L_6076424-6076624,chr2L_6075442-6075642,chr2L_6076424-6076624,29.5,115.5,needle,10,0.5,0.063534201,0.029902414,-0.011995884,0.027146911,chr2L_6075442-6075642__chr2L_6076424-6076624,
neither,neither,/Users/jillianness/Desktop/SEbirthanalysis1024/new_LASTZ_analysis/enhancer_extraction/enhancer_pairs/FBgn0016797_vm/chr3L_19135570-19135853__chr3L_19174386-19174928,chr3L_19135570-19135853,chr3L_19174386-19174928,29.5,249.0,needle,10,0.5,0.1388715562387096,0.06982379,0.048817809,0.085837719,chr3L_19135570-19135853__chr3L_19174386-19174928,
enhancer_hit,enhancer_hit,/Users/jillianness/Desktop/SEbirthanalysis1024/new_LASTZ_analysis/enhancer_extraction/enhancer_pairs/FBgn0027865_sm/chr3R_25851620-25852011__chr3R_25879434-25879634,chr3R_25851620-25852011,chr3R_25879434-25879634,29.4,188.0,needle,10,0.5,0.090333509,0.04070483,0.008422987,0.046487109,chr3R_25851620-25852011__chr3R_25879434-25879634,
Flank,Flank,/Users/jillianness/Desktop/SEbirthanalysis1024/new_LASTZ_analysis/enhancer_extraction/enhancer_pairs/FBgn0259678_sm/chr2R_9318986-9319419__chr2R_9372513-9372734,chr2R_9318986-9319419,chr2R_9372513-9372734,29.4,241.5,needle,10,0.5,0.1034394908188819,0.05074758,0.013542705,0.055909925,chr2R_9318986-9319419__chr2R_9372513-9372734,
neither,neither,/Users/jillianness/Desktop/SEbirthanalysis1024/new_LASTZ_analysis/enhancer_extraction/enhancer_pairs/FBgn0260642_sm/chr3R_6870932-6871323__chr3R_6932962-6933173,chr3R_6870932-6871323,chr3R_6932962-6933173,29.4,202.5,needle,10,0.5,0.1146378973994643,0.063910028,0.035173734,0.071240553,chr3R_6870932-6871323__chr3R_6932962-6933173,
neither,neither,/Users/jillianness/Desktop/SEbirthanalysis1024/new_LASTZ_analysis/enhancer_extraction/enhancer_pairs/FBgn0016041_sm/chrX_7617780-7617980__chrX_7686560-7686932,chrX_7617780-7617980,chrX_7686560-7686932,29.4,132.5,needle,10,0.5,0.049841801,-0.001464424,0.002028073,0.016801817,chrX_7617780-7617980__chrX_7686560-7686932,
neither,neither,/Users/jillianness/Desktop/SEbirthanalysis1024/new_LASTZ_analysis/enhancer_extraction/enhancer_pairs/FBgn0053207_Spearman/chr3R_15639984-15640424__chr3R_15671596-15671796,chr3R_15639984-15640424,chr3R_15671596-15671796,29.4,225.5,needle,10,0.5,0.038193852,-0.024227568,-0.026437809,-0.004157175,chr3R_15639984-15640424__chr3R_15671596-15671796,
neither,neither,/Users/jillianness/Desktop/SEbirthanalysis1024/new_LASTZ_analysis/enhancer_extraction/enhancer_pairs/FBgn0004169_vm_sm/chrX_13544237-13544746__chrX_13566080-13566336,chrX_13544237-13544746,chrX_13566080-13566336,29.4,217.5,needle,10,0.5,0.073185305,0.005052452,-0.007326718,0.023637013,chrX_13544237-13544746__chrX_13566080-13566336,
neither,neither,/Users/jillianness/Desktop/SEbirthanalysis1024/new_LASTZ_analysis/enhancer_extraction/enhancer_pairs/FBgn0014877_Spearman/chr2R_13194170-13194587__chr2R_13197479-13197679,chr2R_13194170-13194587,chr2R_13197479-13197679,29.4,182.0,needle,10,0.5,0.083245357,0.024289239,0.031795006,0.046443201,chr2R_13194170-13194587__chr2R_13197479-13197679,
neither,neither,/Users/jillianness/Desktop/SEbirthanalysis1024/new_LASTZ_analysis/enhancer_extraction/enhancer_pairs/FBgn0026320_meso/chr3L_14939995-14940646__chr3L_14948136-14948479,chr3L_14939995-14940646,chr3L_14948136-14948479,29.4,279.5,needle,10,0.5,0.077111855,-0.018094388,-0.019545322,0.013157382,chr3L_14939995-14940646__chr3L_14948136-14948479,
neither,neither,/Users/jillianness/Desktop/SEbirthanalysis1024/new_LASTZ_analysis/enhancer_extraction/enhancer_pairs/FBgn0037635_vm/chr3R_8812222-8812640__chr3R_8864161-8864361,chr3R_8812222-8812640,chr3R_8864161-8864361,29.4,191.0,needle,10,0.5,0.1044241816970507,0.050448628,0.061080434,0.071984415,chr3R_8812222-8812640__chr3R_8864161-8864361,
neither,neither,/Users/jillianness/Desktop/SEbirthanalysis1024/new_LASTZ_analysis/enhancer_extraction/enhancer_pairs/FBgn0003169_vm/chr3R_14598420-14598710__chr3R_14650533-14651041,chr3R_14598420-14598710,chr3R_14650533-14651041,29.4,292.5,needle,10,0.5,0.1096504670227602,0.045491439,0.028885669,0.061342525,chr3R_14598420-14598710__chr3R_14650533-14651041,
neither,neither,/Users/jillianness/Desktop/SEbirthanalysis1024/new_LASTZ_analysis/enhancer_extraction/enhancer_pairs/FBgn0004858_Spearman/chr2L_14446412-14446612__chr2L_14481618-14482010,chr2L_14446412-14446612,chr2L_14481618-14482010,29.3,215.0,needle,10,0.5,0.1085317515950723,0.056259812,0.042551476,0.069114347,chr2L_14446412-14446612__chr2L_14481618-14482010,
neither,neither,/Users/jillianness/Desktop/SEbirthanalysis1024/new_LASTZ_analysis/enhancer_extraction/enhancer_pairs/gt/chrX_2431435-2431676__chrX_2432829-2432949,chrX_2431435-2431676,chrX_2432829-2432949,29.3,109.5,needle,10,0.5,0.021788742,-0.014893241,-0.012958753,-0.002021084,chrX_2431435-2431676__chrX_2432829-2432949,
neither,neither,/Users/jillianness/Desktop/SEbirthanalysis1024/new_LASTZ_analysis/enhancer_extraction/enhancer_pairs/FBgn0016041_sm/chrX_7654331-7654569__chrX_7686560-7686932,chrX_7654331-7654569,chrX_7686560-7686932,29.3,180.5,needle,10,0.5,0.06820963,0.006721108,0.003990596,0.026307111,chrX_7654331-7654569__chrX_7686560-7686932,
neither,neither,/Users/jillianness/Desktop/SEbirthanalysis1024/new_LASTZ_analysis/enhancer_extraction/enhancer_pairs/FBgn0003721_vm_sm/chr3R_15280609-15280877__chr3R_15311608-15312057,chr3R_15280609-15280877,chr3R_15311608-15312057,29.3,243.0,needle,10,0.5,0.1130823178904157,0.053344526,0.056176985,0.074201276,chr3R_15280609-15280877__chr3R_15311608-15312057,
neither,neither,/Users/jillianness/Desktop/SEbirthanalysis1024/new_LASTZ_analysis/enhancer_extraction/enhancer_pairs/FBgn0002733_Spearman/chr3R_25997262-25997462__chr3R_26017398-26017815,chr3R_25997262-25997462,chr3R_26017398-26017815,29.3,184.0,needle,10,0.5,0.047476913,-0.015649057,-0.010430431,0.007132475,chr3R_25997262-25997462__chr3R_26017398-26017815,
neither,neither,/Users/jillianness/Desktop/SEbirthanalysis1024/new_LASTZ_analysis/enhancer_extraction/enhancer_pairs/FBgn0034013_meso/chr2R_14977821-14978455__chr2R_15006081-15006369,chr2R_14977821-14978455,chr2R_15006081-15006369,29.3,325.5,needle,10,0.5,0.1547048383022317,0.089520043,0.05558875,0.099937877,chr2R_14977821-14978455__chr2R_15006081-15006369,
neither,neither,/Users/jillianness/Desktop/SEbirthanalysis1024/new_LASTZ_analysis/enhancer_extraction/enhancer_pairs/FBgn0016120_sm/chr3R_19091653-19091872__chr3R_19107971-19108412,chr3R_19091653-19091872,chr3R_19107971-19108412,29.2,235.0,needle,10,0.5,0.066033818,0.00360021,0.002601128,0.024078386,chr3R_19091653-19091872__chr3R_19107971-19108412,
neither,neither,/Users/jillianness/Desktop/SEbirthanalysis1024/new_LASTZ_analysis/enhancer_extraction/enhancer_pairs/FBgn0031857_sm/chr2L_6772280-6772480__chr2L_6787279-6787639,chr2L_6772280-6772480,chr2L_6787279-6787639,29.2,147.5,needle,10,0.5,0.066293573,0.013707556,0.013986769,0.031329299,chr2L_6772280-6772480__chr2L_6787279-6787639,
neither,neither,/Users/jillianness/Desktop/SEbirthanalysis1024/new_LASTZ_analysis/enhancer_extraction/enhancer_pairs/FBgn0040383_sm/chrX_664986-665230__chrX_735534-735828,chrX_664986-665230,chrX_735534-735828,29.2,171.5,needle,10,0.5,0.070622015,0.011780635,0.002053091,0.028151914,chrX_664986-665230__chrX_735534-735828,
neither,neither,/Users/jillianness/Desktop/SEbirthanalysis1024/new_LASTZ_analysis/enhancer_extraction/enhancer_pairs/FBgn0001147_sm/chr2R_24627735-24628074__chr2R_24696661-24696905,chr2R_24627735-24628074,chr2R_24696661-24696905,29.2,166.5,needle,10,0.5,0.084666751,0.02737275,0.023537843,0.045192448,chr2R_24627735-24628074__chr2R_24696661-24696905,
neither,neither,/Users/jillianness/Desktop/SEbirthanalysis1024/new_LASTZ_analysis/enhancer_extraction/enhancer_pairs/FBgn0033504_vm/chr2R_9911877-9912145__chr2R_9938636-9938836,chr2R_9911877-9912145,chr2R_9938636-9938836,29.2,93.0,needle,10,0.5,0.029507441,-0.01749648,-0.012104489,-3.12e-05,chr2R_9911877-9912145__chr2R_9938636-9938836,
neither,neither,/Users/jillianness/Desktop/SEbirthanalysis1024/new_LASTZ_analysis/enhancer_extraction/enhancer_pairs/FBgn0040071_Spearman/chr3R_16234208-16234580__chr3R_16256084-16256284,chr3R_16234208-16234580,chr3R_16256084-16256284,29.2,178.0,needle,10,0.5,0.081485981,0.026052377,0.03665319,0.048063849,chr3R_16234208-16234580__chr3R_16256084-16256284,
neither,neither,/Users/jillianness/Desktop/SEbirthanalysis1024/new_LASTZ_analysis/enhancer_extraction/enhancer_pairs/FBgn0029504_sm/chrX_7573472-7573775__chrX_7580532-7580795,chrX_7573472-7573775,chrX_7580532-7580795,29.2,211.5,needle,10,0.5,0.077632375,0.025013436,0.030752732,0.044466181,chrX_7573472-7573775__chrX_7580532-7580795,
enhancer_hit,enhancer_hit,/Users/jillianness/Desktop/SEbirthanalysis1024/new_LASTZ_analysis/enhancer_extraction/enhancer_pairs/FBgn0003721_vm_sm/chr3R_15289850-15290050__chr3R_15311608-15312057,chr3R_15289850-15290050,chr3R_15311608-15312057,29.1,220.5,needle,10,0.5,0.1067988911906751,0.050539081,0.051173139,0.069503704,chr3R_15289850-15290050__chr3R_15311608-15312057,
neither,neither,/Users/jillianness/Desktop/SEbirthanalysis1024/new_LASTZ_analysis/enhancer_extraction/enhancer_pairs/FBgn0003721_vm_sm/chr3R_15289850-15290050__chr3R_15309823-15310090,chr3R_15289850-15290050,chr3R_15309823-15310090,29.1,171.5,needle,10,0.5,0.050666958,0.002158899,0.000367766,0.017731207,chr3R_15289850-15290050__chr3R_15309823-15310090,
neither,neither,/Users/jillianness/Desktop/SEbirthanalysis1024/new_LASTZ_analysis/enhancer_extraction/enhancer_pairs/FBgn0031971_vm_sm/chr2L_7994243-7994806__chr2L_8002181-8002417,chr2L_7994243-7994806,chr2L_8002181-8002417,29.1,298.5,needle,10,0.5,0.1203882464664806,0.05440596,0.051454962,0.075416389,chr2L_7994243-7994806__chr2L_8002181-8002417,
neither,neither,/Users/jillianness/Desktop/SEbirthanalysis1024/new_LASTZ_analysis/enhancer_extraction/enhancer_pairs/FBgn0031908_sm/chr2L_7398789-7398989__chr2L_7404967-7405167,chr2L_7398789-7398989,chr2L_7404967-7405167,29.1,124.5,needle,10,0.5,0.06202638,0.024582835,0.014566803,0.033725339,chr2L_7398789-7398989__chr2L_7404967-7405167,
neither,neither,/Users/jillianness/Desktop/SEbirthanalysis1024/new_LASTZ_analysis/enhancer_extraction/enhancer_pairs/FBgn0020513_vm/chrX_12676886-12677437__chrX_12691690-12692049,chrX_12676886-12677437,chrX_12691690-12692049,29.1,244.0,needle,10,0.5,0.049491431,-0.014555067,-0.019147373,0.005262997,chrX_12676886-12677437__chrX_12691690-12692049,
neither,neither,/Users/jillianness/Desktop/SEbirthanalysis1024/new_LASTZ_analysis/enhancer_extraction/enhancer_pairs/FBgn0035626_sm/chr3L_5635219-5635576__chr3L_5635883-5636083,chr3L_5635219-5635576,chr3L_5635883-5636083,29.1,174.0,needle,10,0.5,0.096050297,0.044859204,0.044327327,0.061745609,chr3L_5635219-5635576__chr3L_5635883-5636083,
enhancer_hit,enhancer_hit,/Users/jillianness/Desktop/SEbirthanalysis1024/new_LASTZ_analysis/enhancer_extraction/enhancer_pairs/FBgn0032393_vm/chr2L_12003862-12004365__chr2L_12007022-12007307,chr2L_12003862-12004365,chr2L_12007022-12007307,29.0,230.5,needle,10,0.5,0.0759792,0.012145698,-0.001284038,0.028946953,chr2L_12003862-12004365__chr2L_12007022-12007307,
neither,neither,/Users/jillianness/Desktop/SEbirthanalysis1024/new_LASTZ_analysis/enhancer_extraction/enhancer_pairs/FBgn0003002_Spearman/chr3R_4835379-4835784__chr3R_4913812-4914012,chr3R_4835379-4835784,chr3R_4913812-4914012,29.0,191.0,needle,10,0.5,0.078573878,0.022403273,0.030145834,0.043707662,chr3R_4835379-4835784__chr3R_4913812-4914012,
neither,neither,/Users/jillianness/Desktop/SEbirthanalysis1024/new_LASTZ_analysis/enhancer_extraction/enhancer_pairs/FBgn0004606_sm/chr3R_30770192-30770543__chr3R_30796870-30797305,chr3R_30770192-30770543,chr3R_30796870-30797305,29.0,299.5,needle,10,0.5,0.1203354795418047,0.052462633,0.049998766,0.074265626,chr3R_30770192-30770543__chr3R_30796870-30797305,
neither,neither,/Users/jillianness/Desktop/SEbirthanalysis1024/new_LASTZ_analysis/enhancer_extraction/enhancer_pairs/FBgn0027111_vm/chr3L_278317-278724__chr3L_278816-279016,chr3L_278317-278724,chr3L_278816-279016,29.0,219.5,needle,10,0.5,0.1053167324461915,0.045365531,0.042508243,0.064396836,chr3L_278317-278724__chr3L_278816-279016,
enhancer_hit,enhancer_hit,/Users/jillianness/Desktop/SEbirthanalysis1024/new_LASTZ_analysis/enhancer_extraction/enhancer_pairs/FBgn0039627_Spearman/chr3R_29064683-29065106__chr3R_29065872-29066072,chr3R_29064683-29065106,chr3R_29065872-29066072,28.9,195.5,needle,10,0.5,0.062757347,0.00350839,0.005046732,0.023770823,chr3R_29064683-29065106__chr3R_29065872-29066072,
neither,neither,/Users/jillianness/Desktop/SEbirthanalysis1024/new_LASTZ_analysis/enhancer_extraction/enhancer_pairs/FBgn0003888_vm/chr2R_23903917-23904191__chr2R_23929145-23929692,chr2R_23903917-23904191,chr2R_23929145-23929692,28.9,277.5,needle,10,0.5,0.1077339507110577,0.026731542,0.02292397,0.052463154,chr2R_23903917-23904191__chr2R_23929145-23929692,
neither,neither,/Users/jillianness/Desktop/SEbirthanalysis1024/new_LASTZ_analysis/enhancer_extraction/enhancer_pairs/FBgn0003997_Spearman/chr3L_18241081-18241477__chr3L_18244888-18245144,chr3L_18241081-18241477,chr3L_18244888-18245144,28.9,229.5,needle,10,0.5,0.1404670884433601,0.079886182,0.090095229,0.1034828329969768,chr3L_18241081-18241477__chr3L_18244888-18245144,
neither,neither,/Users/jillianness/Desktop/SEbirthanalysis1024/new_LASTZ_analysis/enhancer_extraction/enhancer_pairs/FBgn0000463_Spearman/chr3R_19317230-19317464__chr3R_19343988-19344362,chr3R_19317230-19317464,chr3R_19343988-19344362,28.9,183.0,needle,10,0.5,0.058648505,-0.001969548,0.001745201,0.019474719,chr3R_19317230-19317464__chr3R_19343988-19344362,
neither,neither,/Users/jillianness/Desktop/SEbirthanalysis1024/new_LASTZ_analysis/enhancer_extraction/enhancer_pairs/FBgn0004652_sm/chr3R_18412271-18412574__chr3R_18585296-18585648,chr3R_18412271-18412574,chr3R_18585296-18585648,28.8,176.5,needle,10,0.5,0.078593024,0.021492856,0.018063077,0.039382986,chr3R_18412271-18412574__chr3R_18585296-18585648,
neither,neither,/Users/jillianness/Desktop/SEbirthanalysis1024/new_LASTZ_analysis/enhancer_extraction/enhancer_pairs/FBgn0002941_Spearman/chr3R_21530848-21531048__chr3R_21534979-21535407,chr3R_21530848-21531048,chr3R_21534979-21535407,28.8,193.5,needle,10,0.5,0.050173556,-0.000366881,0.013116544,0.020974406,chr3R_21530848-21531048__chr3R_21534979-21535407,
neither,neither,/Users/jillianness/Desktop/SEbirthanalysis1024/new_LASTZ_analysis/enhancer_extraction/enhancer_pairs/FBgn0002733_Spearman/chr3R_26006043-26006577__chr3R_26010258-26010647,chr3R_26006043-26006577,chr3R_26010258-26010647,28.8,345.0,needle,10,0.5,0.1271203729659643,0.045857062,0.040166588,0.071048007,chr3R_26006043-26006577__chr3R_26010258-26010647,
neither,neither,/Users/jillianness/Desktop/SEbirthanalysis1024/new_LASTZ_analysis/enhancer_extraction/enhancer_pairs/FBgn0013750_sm/chr2R_14936533-14936887__chr2R_14976541-14977128,chr2R_14936533-14936887,chr2R_14976541-14977128,28.7,271.0,needle,10,0.5,0.099910861,0.014241469,0.009731794,0.041294708,chr2R_14936533-14936887__chr2R_14976541-14977128,
neither,neither,/Users/jillianness/Desktop/SEbirthanalysis1024/new_LASTZ_analysis/enhancer_extraction/enhancer_pairs/FBgn0004652_sm/chr3R_18412271-18412574__chr3R_18584104-18584359,chr3R_18412271-18412574,chr3R_18584104-18584359,28.7,150.5,needle,10,0.5,0.062778656,0.008888261,0.016750259,0.029472392,chr3R_18412271-18412574__chr3R_18584104-18584359,
neither,neither,/Users/jillianness/Desktop/SEbirthanalysis1024/new_LASTZ_analysis/enhancer_extraction/enhancer_pairs/FBgn0031505_vm_sm/chr2L_3095049-3095273__chr2L_3121835-3122035,chr2L_3095049-3095273,chr2L_3121835-3122035,28.7,159.0,needle,10,0.5,0.05828551,0.018523831,0.025296056,0.034035132,chr2L_3095049-3095273__chr2L_3121835-3122035,
neither,neither,/Users/jillianness/Desktop/SEbirthanalysis1024/new_LASTZ_analysis/enhancer_extraction/enhancer_pairs/FBgn0029830_vm/chrX_5921626-5922043__chrX_5946021-5946311,chrX_5921626-5922043,chrX_5946021-5946311,28.7,199.0,needle,10,0.5,0.051697971,-0.010715492,-0.005945038,0.011679147,chrX_5921626-5922043__chrX_5946021-5946311,
neither,neither,/Users/jillianness/Desktop/SEbirthanalysis1024/new_LASTZ_analysis/enhancer_extraction/enhancer_pairs/FBgn0016715_sm/chr3L_610451-610651__chr3L_622169-622652,chr3L_610451-610651,chr3L_622169-622652,28.7,209.5,needle,10,0.5,0.119168909,0.060209768,0.052033853,0.07713751,chr3L_610451-610651__chr3L_622169-622652,
neither,neither,/Users/jillianness/Desktop/SEbirthanalysis1024/new_LASTZ_analysis/enhancer_extraction/enhancer_pairs/FBgn0016794_Spearman/chr3L_2553779-2553979__chr3L_2562100-2562492,chr3L_2553779-2553979,chr3L_2562100-2562492,28.7,170.5,needle,10,0.5,0.03964002,-0.013257685,-0.015160321,0.003740672,chr3L_2553779-2553979__chr3L_2562100-2562492,
neither,neither,/Users/jillianness/Desktop/SEbirthanalysis1024/new_LASTZ_analysis/enhancer_extraction/enhancer_pairs/FBgn0031776_vm_sm/chr2L_6076424-6076624__chr2L_6090073-6090445,chr2L_6076424-6076624,chr2L_6090073-6090445,28.7,203.5,needle,10,0.5,0.1308766903015246,0.08096634,0.084786893,0.098876641,chr2L_6076424-6076624__chr2L_6090073-6090445,
neither,neither,/Users/jillianness/Desktop/SEbirthanalysis1024/new_LASTZ_analysis/enhancer_extraction/enhancer_pairs/FBgn0027111_Spearman/chr3L_255201-255682__chr3L_260322-260568,chr3L_255201-255682,chr3L_260322-260568,28.6,242.0,needle,10,0.5,0.107797525,0.035069419,0.045228424,0.062698456,chr3L_255201-255682__chr3L_260322-260568,
neither,neither,/Users/jillianness/Desktop/SEbirthanalysis1024/new_LASTZ_analysis/enhancer_extraction/enhancer_pairs/FBgn0004858_Spearman/chr2L_14431426-14431854__chr2L_14445719-14445919,chr2L_14431426-14431854,chr2L_14445719-14445919,28.6,224.5,needle,10,0.5,0.095610273,0.035863224,0.041015009,0.057496169,chr2L_14431426-14431854__chr2L_14445719-14445919,
neither,neither,/Users/jillianness/Desktop/SEbirthanalysis1024/new_LASTZ_analysis/enhancer_extraction/enhancer_pairs/gt/chrX_2428917-2429320__chrX_2429927-2430850,chrX_2428917-2429320,chrX_2429927-2430850,28.6,383.0,needle,10,0.5,0.130809702,0.017448608,0.005374179,0.05121083,chrX_2428917-2429320__chrX_2429927-2430850,
neither,neither,/Users/jillianness/Desktop/SEbirthanalysis1024/new_LASTZ_analysis/enhancer_extraction/enhancer_pairs/FBgn0016041_sm/chrX_7650029-7650229__chrX_7686560-7686932,chrX_7650029-7650229,chrX_7686560-7686932,28.6,159.0,needle,10,0.5,0.063921257,0.008581151,0.005234589,0.025912332,chrX_7650029-7650229__chrX_7686560-7686932,
neither,neither,/Users/jillianness/Desktop/SEbirthanalysis1024/new_LASTZ_analysis/enhancer_extraction/enhancer_pairs/FBgn0014877_Spearman/chr2R_13195866-13196315__chr2R_13197479-13197679,chr2R_13195866-13196315,chr2R_13197479-13197679,28.6,212.5,needle,10,0.5,0.098774213,0.033862565,0.031593818,0.054743532,chr2R_13195866-13196315__chr2R_13197479-13197679,
neither,neither,/Users/jillianness/Desktop/SEbirthanalysis1024/new_LASTZ_analysis/enhancer_extraction/enhancer_pairs/FBgn0026239_vm/chr3R_18988180-18988605__chr3R_19014156-19014356,chr3R_18988180-18988605,chr3R_19014156-19014356,28.6,211.0,needle,10,0.5,0.080627684,0.028532014,0.026583517,0.045247738,chr3R_18988180-18988605__chr3R_19014156-19014356,
neither,neither,/Users/jillianness/Desktop/SEbirthanalysis1024/new_LASTZ_analysis/enhancer_extraction/enhancer_pairs/FBgn0011656_vm/chr2R_9557786-9557986__chr2R_9562516-9562910,chr2R_9557786-9557986,chr2R_9562516-9562910,28.6,232.5,needle,10,0.5,0.081147855,0.031133636,0.031915859,0.048065783,chr2R_9557786-9557986__chr2R_9562516-9562910,
neither,neither,/Users/jillianness/Desktop/SEbirthanalysis1024/new_LASTZ_analysis/enhancer_extraction/enhancer_pairs/FBgn0028369_Spearman/chrX_3103691-3103945__chrX_3104146-3104671,chrX_3103691-3103945,chrX_3104146-3104671,28.6,229.5,needle,10,0.5,0.080243183,0.034019401,0.060479254,0.05824728,chrX_3103691-3103945__chrX_3104146-3104671,
neither,neither,/Users/jillianness/Desktop/SEbirthanalysis1024/new_LASTZ_analysis/enhancer_extraction/enhancer_pairs/FBgn0035956_Spearman/chr3L_8994546-8994994__chr3L_9010205-9010405,chr3L_8994546-8994994,chr3L_9010205-9010405,28.5,182.0,needle,10,0.5,0.059826902,-0.003499667,-0.002423374,0.017967954,chr3L_8994546-8994994__chr3L_9010205-9010405,
neither,neither,/Users/jillianness/Desktop/SEbirthanalysis1024/new_LASTZ_analysis/enhancer_extraction/enhancer_pairs/FBgn0004028_sm/chrX_18040570-18040954__chrX_18058581-18058805,chrX_18040570-18040954,chrX_18058581-18058805,28.5,153.0,needle,10,0.5,0.072226697,0.024674668,0.043532943,0.046811436,chrX_18040570-18040954__chrX_18058581-18058805,
neither,neither,/Users/jillianness/Desktop/SEbirthanalysis1024/new_LASTZ_analysis/enhancer_extraction/enhancer_pairs/FBgn0021767_Spearman/chrX_8395325-8395635__chrX_8396414-8396775,chrX_8395325-8395635,chrX_8396414-8396775,28.5,248.0,needle,10,0.5,0.2048457100920871,0.1603953337947512,0.049477211,0.1382394181349937,chrX_8395325-8395635__chrX_8396414-8396775,
neither,neither,/Users/jillianness/Desktop/SEbirthanalysis1024/new_LASTZ_analysis/enhancer_extraction/enhancer_pairs/FBgn0083919_sm/chr2R_15362583-15363071__chr2R_15377471-15377749,chr2R_15362583-15363071,chr2R_15377471-15377749,28.5,251.5,needle,10,0.5,0.1444868111321073,0.071448448,0.083886728,0.099940662,chr2R_15362583-15363071__chr2R_15377471-15377749,
neither,neither,/Users/jillianness/Desktop/SEbirthanalysis1024/new_LASTZ_analysis/enhancer_extraction/enhancer_pairs/FBgn0000463_Spearman/chr3R_19329924-19330208__chr3R_19340770-19340970,chr3R_19329924-19330208,chr3R_19340770-19340970,28.5,155.0,needle,10,0.5,0.020904908,-0.026629428,-0.02978144,-0.01183532,chr3R_19329924-19330208__chr3R_19340770-19340970,
enhancer_hit,enhancer_hit,/Users/jillianness/Desktop/SEbirthanalysis1024/new_LASTZ_analysis/enhancer_extraction/enhancer_pairs/FBgn0031228_sm/chr2L_161603-162045__chr2L_166574-166924,chr2L_161603-162045,chr2L_166574-166924,28.4,238.5,needle,10,0.5,0.1104793971809685,0.04351647,0.036842779,0.063612882,chr2L_161603-162045__chr2L_166574-166924,
enhancer_hit,enhancer_hit,/Users/jillianness/Desktop/SEbirthanalysis1024/new_LASTZ_analysis/enhancer_extraction/enhancer_pairs/FBgn0040071_Spearman/chr3R_16234208-16234580__chr3R_16235670-16236148,chr3R_16234208-16234580,chr3R_16235670-16236148,28.4,258.0,needle,10,0.5,0.089466663,0.016338178,0.017427905,0.041077582,chr3R_16234208-16234580__chr3R_16235670-16236148,
Flank,Flank,/Users/jillianness/Desktop/SEbirthanalysis1024/new_LASTZ_analysis/enhancer_extraction/enhancer_pairs/FBgn0002733_Spearman/chr3R_25999494-25999722__chr3R_26006043-26006577,chr3R_25999494-25999722,chr3R_26006043-26006577,28.4,236.5,needle,10,0.5,0.084289719,0.018158023,0.017820039,0.04008926,chr3R_25999494-25999722__chr3R_26006043-26006577,
neither,neither,/Users/jillianness/Desktop/SEbirthanalysis1024/new_LASTZ_analysis/enhancer_extraction/enhancer_pairs/FBgn0038473_vm/chr3R_17067702-17068049__chr3R_17082131-17082723,chr3R_17067702-17068049,chr3R_17082131-17082723,28.4,319.5,needle,10,0.5,0.1184071038546199,0.03208659,0.035935509,0.062143068,chr3R_17067702-17068049__chr3R_17082131-17082723,
neither,neither,/Users/jillianness/Desktop/SEbirthanalysis1024/new_LASTZ_analysis/enhancer_extraction/enhancer_pairs/FBgn0014877_Spearman/chr2R_13194170-13194587__chr2R_13196419-13196619,chr2R_13194170-13194587,chr2R_13196419-13196619,28.4,133.5,needle,10,0.5,0.053880142,-0.005146796,-0.009708095,0.013008417,chr2R_13194170-13194587__chr2R_13196419-13196619,
neither,neither,/Users/jillianness/Desktop/SEbirthanalysis1024/new_LASTZ_analysis/enhancer_extraction/enhancer_pairs/FBgn0003285_vm/chrX_2942451-2942688__chrX_3035626-3035842,chrX_2942451-2942688,chrX_3035626-3035842,28.4,120.0,needle,10,0.5,0.082078268,0.042966652,0.041263642,0.055436187,chrX_2942451-2942688__chrX_3035626-3035842,
neither,neither,/Users/jillianness/Desktop/SEbirthanalysis1024/new_LASTZ_analysis/enhancer_extraction/enhancer_pairs/FBgn0011286_sm/chr2R_8425969-8426169__chr2R_8486788-8487203,chr2R_8425969-8426169,chr2R_8486788-8487203,28.4,199.0,needle,10,0.5,0.071528926,0.008646929,0.004706973,0.028294276,chr2R_8425969-8426169__chr2R_8486788-8487203,
neither,neither,/Users/jillianness/Desktop/SEbirthanalysis1024/new_LASTZ_analysis/enhancer_extraction/enhancer_pairs/FBgn0035956_Spearman/chr3L_8984193-8984856__chr3L_9023155-9023452,chr3L_8984193-8984856,chr3L_9023155-9023452,28.3,298.5,needle,10,0.5,0.1032802912542146,0.013167136,0.009747075,0.042064834,chr3L_8984193-8984856__chr3L_9023155-9023452,
neither,neither,/Users/jillianness/Desktop/SEbirthanalysis1024/new_LASTZ_analysis/enhancer_extraction/enhancer_pairs/FBgn0035144_vm_sm/chr3L_519120-519320__chr3L_575897-576292,chr3L_519120-519320,chr3L_575897-576292,28.3,178.0,needle,10,0.5,0.082175418,0.029349848,0.043904731,0.051809999,chr3L_519120-519320__chr3L_575897-576292,
neither,neither,/Users/jillianness/Desktop/SEbirthanalysis1024/new_LASTZ_analysis/enhancer_extraction/enhancer_pairs/FBgn0050460_vm_sm/chr2R_16703381-16703786__chr2R_16705772-16705972,chr2R_16703381-16703786,chr2R_16705772-16705972,28.3,152.5,needle,10,0.5,0.082087983,0.023443821,0.026115518,0.043882441,chr2R_16703381-16703786__chr2R_16705772-16705972,
neither,neither,/Users/jillianness/Desktop/SEbirthanalysis1024/new_LASTZ_analysis/enhancer_extraction/enhancer_pairs/FBgn0035379_sm/chr3L_2852084-2852431__chr3L_2902176-2902376,chr3L_2852084-2852431,chr3L_2902176-2902376,28.3,170.5,needle,10,0.5,0.058976782,0.005952476,0.005867854,0.023599038,chr3L_2852084-2852431__chr3L_2902176-2902376,
neither,neither,/Users/jillianness/Desktop/SEbirthanalysis1024/new_LASTZ_analysis/enhancer_extraction/enhancer_pairs/vnd/chrX_586024-586643__chrX_586878-588097,chrX_586024-586643,chrX_586878-588097,28.3,600.0,needle,10,0.5,0.2315132826594616,0.088987878,0.081004529,0.13383523,chrX_586024-586643__chrX_586878-588097,
neither,neither,/Users/jillianness/Desktop/SEbirthanalysis1024/new_LASTZ_analysis/enhancer_extraction/enhancer_pairs/FBgn0004858_sm/chr2L_14435741-14436213__chr2L_14444805-14445074,chr2L_14435741-14436213,chr2L_14444805-14445074,28.3,285.5,needle,10,0.5,0.1280267899466765,0.058342587,0.048943916,0.078437764,chr2L_14435741-14436213__chr2L_14444805-14445074,
neither,neither,/Users/jillianness/Desktop/SEbirthanalysis1024/new_LASTZ_analysis/enhancer_extraction/enhancer_pairs/FBgn0036460_Spearman/chr3L_14918179-14918521__chr3L_14941342-14941625,chr3L_14918179-14918521,chr3L_14941342-14941625,28.3,190.0,needle,10,0.5,0.1282692899449472,0.078228898,0.035962855,0.080820348,chr3L_14918179-14918521__chr3L_14941342-14941625,
neither,neither,/Users/jillianness/Desktop/SEbirthanalysis1024/new_LASTZ_analysis/enhancer_extraction/enhancer_pairs/FBgn0028369_Spearman/chrX_3102934-3103204__chrX_3104146-3104671,chrX_3102934-3103204,chrX_3104146-3104671,28.3,263.0,needle,10,0.5,0.088065996,0.038975945,0.017975802,0.048339248,chrX_3102934-3103204__chrX_3104146-3104671,
neither,neither,/Users/jillianness/Desktop/SEbirthanalysis1024/new_LASTZ_analysis/enhancer_extraction/enhancer_pairs/FBgn0004858_Spearman/chr2L_14445719-14445919__chr2L_14484848-14485326,chr2L_14445719-14445919,chr2L_14484848-14485326,28.2,166.5,needle,10,0.5,0.068403835,0.004535505,0.005691125,0.026210155,chr2L_14445719-14445919__chr2L_14484848-14485326,
neither,neither,/Users/jillianness/Desktop/SEbirthanalysis1024/new_LASTZ_analysis/enhancer_extraction/enhancer_pairs/FBgn0032683_sm/chr2L_18476378-18477012__chr2L_18498013-18498258,chr2L_18476378-18477012,chr2L_18498013-18498258,28.2,257.0,needle,10,0.5,0.1224604160813069,0.050176478,0.042448216,0.071695037,chr2L_18476378-18477012__chr2L_18498013-18498258,
neither,neither,/Users/jillianness/Desktop/SEbirthanalysis1024/new_LASTZ_analysis/enhancer_extraction/enhancer_pairs/FBgn0003285_vm/chrX_2937051-2937571__chrX_2942451-2942688,chrX_2937051-2937571,chrX_2942451-2942688,28.2,162.0,needle,10,0.5,0.020028059,-0.040888502,-0.048592111,-0.023150851,chrX_2937051-2937571__chrX_2942451-2942688,
neither,neither,/Users/jillianness/Desktop/SEbirthanalysis1024/new_LASTZ_analysis/enhancer_extraction/enhancer_pairs/FBgn0000479_sm/chrX_3035626-3035842__chrX_3328623-3328837,chrX_3035626-3035842,chrX_3328623-3328837,28.2,98.0,needle,10,0.5,0.057473796,0.016921876,0.023450427,0.032615366,chrX_3035626-3035842__chrX_3328623-3328837,
neither,neither,/Users/jillianness/Desktop/SEbirthanalysis1024/new_LASTZ_analysis/enhancer_extraction/enhancer_pairs/FBgn0000044_sm/chr2R_20562855-20563268__chr2R_20566669-20566882,chr2R_20562855-20563268,chr2R_20566669-20566882,28.2,145.5,needle,10,0.5,0.048537663,-0.004641683,-0.00553181,0.012788057,chr2R_20562855-20563268__chr2R_20566669-20566882,
neither,neither,/Users/jillianness/Desktop/SEbirthanalysis1024/new_LASTZ_analysis/enhancer_extraction/enhancer_pairs/FBgn0028369_Spearman/chrX_3103691-3103945__chrX_3123638-3124075,chrX_3103691-3103945,chrX_3123638-3124075,28.2,239.0,needle,10,0.5,0.1161444009982912,0.057744394,0.046933134,0.073607309,chrX_3103691-3103945__chrX_3123638-3124075,
neither,neither,/Users/jillianness/Desktop/SEbirthanalysis1024/new_LASTZ_analysis/enhancer_extraction/enhancer_pairs/FBgn0037207_vm/chr3L_22851931-22852313__chr3L_22946089-22946293,chr3L_22851931-22852313,chr3L_22946089-22946293,28.2,203.0,needle,10,0.5,0.096615028,0.043867108,0.036742428,0.059074855,chr3L_22851931-22852313__chr3L_22946089-22946293,
neither,neither,/Users/jillianness/Desktop/SEbirthanalysis1024/new_LASTZ_analysis/enhancer_extraction/enhancer_pairs/FBgn0264001_vm/chr3L_13657717-13657980__chr3L_13834627-13835094,chr3L_13657717-13657980,chr3L_13834627-13835094,28.1,190.5,needle,10,0.5,0.047300493,-0.023169917,-0.026000437,-0.000623287,chr3L_13657717-13657980__chr3L_13834627-13835094,
neither,neither,/Users/jillianness/Desktop/SEbirthanalysis1024/new_LASTZ_analysis/enhancer_extraction/enhancer_pairs/FBgn0037007_vm/chr3L_20457312-20457678__chr3L_20459170-20459888,chr3L_20457312-20457678,chr3L_20459170-20459888,28.1,370.5,needle,10,0.5,0.1007301416809611,0.000286215,0.013398468,0.038138275,chr3L_20457312-20457678__chr3L_20459170-20459888,
neither,neither,/Users/jillianness/Desktop/SEbirthanalysis1024/new_LASTZ_analysis/enhancer_extraction/enhancer_pairs/FBgn0035956_Spearman/chr3L_9010205-9010405__chr3L_9023155-9023452,chr3L_9010205-9010405,chr3L_9023155-9023452,28.0,156.0,needle,10,0.5,0.082212119,0.031957142,0.031555026,0.048574762,chr3L_9010205-9010405__chr3L_9023155-9023452,
neither,neither,/Users/jillianness/Desktop/SEbirthanalysis1024/new_LASTZ_analysis/enhancer_extraction/enhancer_pairs/FBgn0040271_sm/chr3R_16329845-16330045__chr3R_16341799-16342309,chr3R_16329845-16330045,chr3R_16341799-16342309,28.0,189.5,needle,10,0.5,0.095318903,0.030152191,0.030288131,0.051919742,chr3R_16329845-16330045__chr3R_16341799-16342309,
neither,neither,/Users/jillianness/Desktop/SEbirthanalysis1024/new_LASTZ_analysis/enhancer_extraction/enhancer_pairs/FBgn0001124_vm_sm/chr2R_15757455-15757986__chr2R_15790355-15790636,chr2R_15757455-15757986,chr2R_15790355-15790636,28.0,221.0,needle,10,0.5,0.058544106,-0.016856547,-0.015813688,0.008624624,chr2R_15757455-15757986__chr2R_15790355-15790636,
neither,neither,/Users/jillianness/Desktop/SEbirthanalysis1024/new_LASTZ_analysis/enhancer_extraction/enhancer_pairs/FBgn0014877_Spearman/chr2R_13188356-13188670__chr2R_13194170-13194587,chr2R_13188356-13188670,chr2R_13194170-13194587,28.0,118.5,needle,10,0.5,0.021140846,-0.047751419,-0.053678838,-0.026763137,chr2R_13188356-13188670__chr2R_13194170-13194587,
neither,neither,/Users/jillianness/Desktop/SEbirthanalysis1024/new_LASTZ_analysis/enhancer_extraction/enhancer_pairs/FBgn0025874_sm/chr3L_13886841-13887250__chr3L_13887299-13887499,chr3L_13886841-13887250,chr3L_13887299-13887499,28.0,155.0,needle,10,0.5,0.08090661,0.026853841,0.035036018,0.047598823,chr3L_13886841-13887250__chr3L_13887299-13887499,
neither,neither,/Users/jillianness/Desktop/SEbirthanalysis1024/new_LASTZ_analysis/enhancer_extraction/enhancer_pairs/FBgn0037637_sm/chr3R_8849790-8850241__chr3R_8864161-8864361,chr3R_8849790-8850241,chr3R_8864161-8864361,28.0,209.0,needle,10,0.5,0.092482339,0.035240886,0.038482938,0.055402054,chr3R_8849790-8850241__chr3R_8864161-8864361,
neither,neither,/Users/jillianness/Desktop/SEbirthanalysis1024/new_LASTZ_analysis/enhancer_extraction/enhancer_pairs/FBgn0053207_Spearman/chr3R_15643161-15643399__chr3R_15647486-15647986,chr3R_15643161-15643399,chr3R_15647486-15647986,27.9,249.5,needle,10,0.5,0.1040424125360464,0.047153108,0.039948325,0.063714615,chr3R_15643161-15643399__chr3R_15647486-15647986,
neither,neither,/Users/jillianness/Desktop/SEbirthanalysis1024/new_LASTZ_analysis/enhancer_extraction/enhancer_pairs/FBgn0000014_Spearman/chr3R_16743196-16743622__chr3R_16882506-16882728,chr3R_16743196-16743622,chr3R_16882506-16882728,27.9,161.0,needle,10,0.5,0.065003141,0.002106171,0.004459354,0.023856222,chr3R_16743196-16743622__chr3R_16882506-16882728,
neither,neither,/Users/jillianness/Desktop/SEbirthanalysis1024/new_LASTZ_analysis/enhancer_extraction/enhancer_pairs/FBgn0261245_vm_sm/chrX_16629633-16629833__chrX_16630526-16630911,chrX_16629633-16629833,chrX_16630526-16630911,27.9,119.0,needle,10,0.5,0.037725778,-0.020359854,-0.022747171,-0.001793749,chrX_16629633-16629833__chrX_16630526-16630911,
neither,neither,/Users/jillianness/Desktop/SEbirthanalysis1024/new_LASTZ_analysis/enhancer_extraction/enhancer_pairs/FBgn0036124_Spearman/chr3L_11066817-11067017__chr3L_11100667-11101152,chr3L_11066817-11067017,chr3L_11100667-11101152,27.9,200.0,needle,10,0.5,0.086323288,0.019780954,0.02656818,0.044224141,chr3L_11066817-11067017__chr3L_11100667-11101152,
neither,neither,/Users/jillianness/Desktop/SEbirthanalysis1024/new_LASTZ_analysis/enhancer_extraction/enhancer_pairs/FBgn0000097_meso/chr2L_2162797-2163546__chr2L_2181980-2182476,chr2L_2162797-2163546,chr2L_2181980-2182476,27.9,424.0,needle,10,0.5,0.1631891263568255,0.055912324,0.054788517,0.091296656,chr2L_2162797-2163546__chr2L_2181980-2182476,
neither,neither,/Users/jillianness/Desktop/SEbirthanalysis1024/new_LASTZ_analysis/enhancer_extraction/enhancer_pairs/FBgn0052528_Spearman/chrX_19713152-19713438__chrX_19717880-19718080,chrX_19713152-19713438,chrX_19717880-19718080,27.9,139.5,needle,10,0.5,0.060648704,0.016311987,0.021463908,0.032808199,chrX_19713152-19713438__chrX_19717880-19718080,
neither,neither,/Users/jillianness/Desktop/SEbirthanalysis1024/new_LASTZ_analysis/enhancer_extraction/enhancer_pairs/FBgn0033179_Spearman/chr2R_7091539-7091739__chr2R_7112270-7112595,chr2R_7091539-7091739,chr2R_7112270-7112595,27.8,171.0,needle,10,0.5,0.090458667,0.037433123,0.032512509,0.0534681,chr2R_7091539-7091739__chr2R_7112270-7112595,
neither,neither,/Users/jillianness/Desktop/SEbirthanalysis1024/new_LASTZ_analysis/enhancer_extraction/enhancer_pairs/FBgn0014877_Spearman/chr2R_13192033-13192233__chr2R_13199132-13199535,chr2R_13192033-13192233,chr2R_13199132-13199535,27.8,166.0,needle,10,0.5,0.047970161,-0.002672425,0.010443476,0.018580404,chr2R_13192033-13192233__chr2R_13199132-13199535,
neither,neither,/Users/jillianness/Desktop/SEbirthanalysis1024/new_LASTZ_analysis/enhancer_extraction/enhancer_pairs/prd/chr2L_12080941-12081738__chr2L_12090222-12090543,chr2L_12080941-12081738,chr2L_12090222-12090543,27.8,384.0,needle,10,0.5,0.097029498,-0.00018055,0.004831632,0.033893527,chr2L_12080941-12081738__chr2L_12090222-12090543,
neither,neither,/Users/jillianness/Desktop/SEbirthanalysis1024/new_LASTZ_analysis/enhancer_extraction/enhancer_pairs/FBgn0052528_Spearman/chrX_19713152-19713438__chrX_19713966-19714243,chrX_19713152-19713438,chrX_19713966-19714243,27.8,150.0,needle,10,0.5,0.083964553,0.031656948,0.033744449,0.04978865,chrX_19713152-19713438__chrX_19713966-19714243,
neither,neither,/Users/jillianness/Desktop/SEbirthanalysis1024/new_LASTZ_analysis/enhancer_extraction/enhancer_pairs/FBgn0033426_vm_sm/chr2R_9168156-9168363__chr2R_9178347-9178768,chr2R_9168156-9168363,chr2R_9178347-9178768,27.8,199.0,needle,10,0.5,0.058167505,-0.008744209,-0.012215616,0.01240256,chr2R_9168156-9168363__chr2R_9178347-9178768,
neither,neither,/Users/jillianness/Desktop/SEbirthanalysis1024/new_LASTZ_analysis/enhancer_extraction/enhancer_pairs/FBgn0034177_sm/chr2R_16642879-16643383__chr2R_16643578-16643778,chr2R_16642879-16643383,chr2R_16643578-16643778,27.8,240.0,needle,10,0.5,0.049390441,-0.006938,0.008571414,0.017007952,chr2R_16642879-16643383__chr2R_16643578-16643778,
neither,neither,/Users/jillianness/Desktop/SEbirthanalysis1024/new_LASTZ_analysis/enhancer_extraction/enhancer_pairs/FBgn0011656_sm/chr2R_9559487-9559979__chr2R_9567242-9567442,chr2R_9559487-9559979,chr2R_9567242-9567442,27.8,170.5,needle,10,0.5,0.054460342,-0.009343695,-0.009110727,0.012001974,chr2R_9559487-9559979__chr2R_9567242-9567442,
enhancer_hit,enhancer_hit,/Users/jillianness/Desktop/SEbirthanalysis1024/new_LASTZ_analysis/enhancer_extraction/enhancer_pairs/FBgn0023540_vm/chrX_2097213-2097718__chrX_2100179-2100460,chrX_2097213-2097718,chrX_2100179-2100460,27.7,275.0,needle,10,0.5,0.1505353228328058,0.077749586,0.059372695,0.095885868,chrX_2097213-2097718__chrX_2100179-2100460,
neither,neither,/Users/jillianness/Desktop/SEbirthanalysis1024/new_LASTZ_analysis/enhancer_extraction/enhancer_pairs/FBgn0041096_vm_sm/chr3L_11973666-11973958__chr3L_12043527-12044019,chr3L_11973666-11973958,chr3L_12043527-12044019,27.7,222.0,needle,10,0.5,0.072840551,-0.000285234,0.007274921,0.026610079,chr3L_11973666-11973958__chr3L_12043527-12044019,
neither,neither,/Users/jillianness/Desktop/SEbirthanalysis1024/new_LASTZ_analysis/enhancer_extraction/enhancer_pairs/FBgn0033310_meso/chr2R_8260764-8261094__chr2R_8264126-8264454,chr2R_8260764-8261094,chr2R_8264126-8264454,27.7,198.0,needle,10,0.5,0.041096507,-0.031319358,-0.02796113,-0.006061327,chr2R_8260764-8261094__chr2R_8264126-8264454,
neither,neither,/Users/jillianness/Desktop/SEbirthanalysis1024/new_LASTZ_analysis/enhancer_extraction/enhancer_pairs/FBgn0037443_Spearman/chr3R_6481705-6482044__chr3R_6484281-6484481,chr3R_6481705-6482044,chr3R_6484281-6484481,27.7,157.5,needle,10,0.5,0.082251612,0.029405504,0.03269117,0.048116095,chr3R_6481705-6482044__chr3R_6484281-6484481,
neither,neither,/Users/jillianness/Desktop/SEbirthanalysis1024/new_LASTZ_analysis/enhancer_extraction/enhancer_pairs/FBgn0033581_vm/chr2R_10724722-10724928__chr2R_10732567-10732946,chr2R_10724722-10724928,chr2R_10732567-10732946,27.7,195.5,needle,10,0.5,0.090311611,0.030878952,0.021117602,0.047436055,chr2R_10724722-10724928__chr2R_10732567-10732946,
neither,neither,/Users/jillianness/Desktop/SEbirthanalysis1024/new_LASTZ_analysis/enhancer_extraction/enhancer_pairs/FBgn0020257_Spearman/chr2R_22309744-22310226__chr2R_22311826-22312026,chr2R_22309744-22310226,chr2R_22311826-22312026,27.7,206.0,needle,10,0.5,0.094857048,0.033861563,0.044279102,0.057665904,chr2R_22309744-22310226__chr2R_22311826-22312026,
neither,neither,/Users/jillianness/Desktop/SEbirthanalysis1024/new_LASTZ_analysis/enhancer_extraction/enhancer_pairs/FBgn0264001_vm/chr3L_13646895-13647219__chr3L_13655496-13656117,chr3L_13646895-13647219,chr3L_13655496-13656117,27.6,311.5,needle,10,0.5,0.1552755913106674,0.070039847,0.065950467,0.097088635,chr3L_13646895-13647219__chr3L_13655496-13656117,
neither,neither,/Users/jillianness/Desktop/SEbirthanalysis1024/new_LASTZ_analysis/enhancer_extraction/enhancer_pairs/FBgn0011656_vm/chr2R_9557786-9557986__chr2R_9567242-9567442,chr2R_9557786-9557986,chr2R_9567242-9567442,27.6,80.5,needle,10,0.5,0.018933283,-0.0168131,-0.020867327,-0.006249048,chr2R_9557786-9557986__chr2R_9567242-9567442,
neither,neither,/Users/jillianness/Desktop/SEbirthanalysis1024/new_LASTZ_analysis/enhancer_extraction/enhancer_pairs/FBgn0032444_sm/chr2L_12594000-12594200__chr2L_12617842-12618274,chr2L_12594000-12594200,chr2L_12617842-12618274,27.6,193.0,needle,10,0.5,0.033843729,0.001126637,-0.003811859,0.010386169,chr2L_12594000-12594200__chr2L_12617842-12618274,
neither,neither,/Users/jillianness/Desktop/SEbirthanalysis1024/new_LASTZ_analysis/enhancer_extraction/enhancer_pairs/FBgn0036460_Spearman/chr3L_14922238-14922460__chr3L_14944241-14944774,chr3L_14922238-14922460,chr3L_14944241-14944774,27.6,264.0,needle,10,0.5,0.1717708873680724,0.1141214606051499,0.092265671,0.1260526730063324,chr3L_14922238-14922460__chr3L_14944241-14944774,
neither,neither,/Users/jillianness/Desktop/SEbirthanalysis1024/new_LASTZ_analysis/enhancer_extraction/enhancer_pairs/SoxN/chr2L_8789123-8789689__chr2L_8809398-8810868,chr2L_8789123-8789689,chr2L_8809398-8810868,27.5,558.5,needle,10,0.5,0.2667226830345448,0.1201518449346515,0.1138839500365745,0.1669194926685902,chr2L_8789123-8789689__chr2L_8809398-8810868,
neither,neither,/Users/jillianness/Desktop/SEbirthanalysis1024/new_LASTZ_analysis/enhancer_extraction/enhancer_pairs/FBgn0031857_sm/chr2L_6751919-6752178__chr2L_6787279-6787639,chr2L_6751919-6752178,chr2L_6787279-6787639,27.5,209.5,needle,10,0.5,0.026121985,-0.040372379,-0.039381686,-0.01787736,chr2L_6751919-6752178__chr2L_6787279-6787639,
neither,neither,/Users/jillianness/Desktop/SEbirthanalysis1024/new_LASTZ_analysis/enhancer_extraction/enhancer_pairs/FBgn0053207_Spearman/chr3R_15649388-15650148__chr3R_15670860-15671233,chr3R_15649388-15650148,chr3R_15670860-15671233,27.5,334.5,needle,10,0.5,0.1008062310883369,0.007904861,-0.014230944,0.031493383,chr3R_15649388-15650148__chr3R_15670860-15671233,
neither,neither,/Users/jillianness/Desktop/SEbirthanalysis1024/new_LASTZ_analysis/enhancer_extraction/enhancer_pairs/FBgn0035656_Spearman/chr3L_5973866-5974081__chr3L_5974676-5975048,chr3L_5973866-5974081,chr3L_5974676-5975048,27.5,171.5,needle,10,0.5,0.1126353991560725,0.058746843,0.063439411,0.078273884,chr3L_5973866-5974081__chr3L_5974676-5975048,
neither,neither,/Users/jillianness/Desktop/SEbirthanalysis1024/new_LASTZ_analysis/enhancer_extraction/enhancer_pairs/FBgn0014877_sm/chr2R_13192361-13193251__chr2R_13194170-13194587,chr2R_13192361-13193251,chr2R_13194170-13194587,27.5,375.5,needle,10,0.5,0.1619662367980617,0.062192017,0.024580221,0.082912825,chr2R_13192361-13193251__chr2R_13194170-13194587,
neither,neither,/Users/jillianness/Desktop/SEbirthanalysis1024/new_LASTZ_analysis/enhancer_extraction/enhancer_pairs/FBgn0014877_Spearman/chr2R_13188356-13188670__chr2R_13198071-13198730,chr2R_13188356-13188670,chr2R_13198071-13198730,27.5,411.5,needle,10,0.5,0.2786351001757438,0.219985837,0.1308500417988392,0.2098236595036906,chr2R_13188356-13188670__chr2R_13198071-13198730,
neither,neither,/Users/jillianness/Desktop/SEbirthanalysis1024/new_LASTZ_analysis/enhancer_extraction/enhancer_pairs/FBgn0000463_meso/chr3R_19341900-19342100__chr3R_19350401-19350687,chr3R_19341900-19342100,chr3R_19350401-19350687,27.5,183.0,needle,10,0.5,0.1392246282305548,0.092316026,0.070986085,0.1008422462131981,chr3R_19341900-19342100__chr3R_19350401-19350687,
neither,neither,/Users/jillianness/Desktop/SEbirthanalysis1024/new_LASTZ_analysis/enhancer_extraction/enhancer_pairs/FBgn0000479_sm/chrX_3036092-3036292__chrX_3331542-3331742,chrX_3036092-3036292,chrX_3331542-3331742,27.5,135.5,needle,10,0.5,0.041956931,0.006789541,0.008927457,0.019224643,chrX_3036092-3036292__chrX_3331542-3331742,
enhancer_hit,enhancer_hit,/Users/jillianness/Desktop/SEbirthanalysis1024/new_LASTZ_analysis/enhancer_extraction/enhancer_pairs/FBgn0031908_sm/chr2L_7404967-7405167__chr2L_7407733-7408080,chr2L_7404967-7405167,chr2L_7407733-7408080,27.4,199.0,needle,10,0.5,0.1235499628967281,0.07473939,0.077527176,0.091938843,chr2L_7404967-7405167__chr2L_7407733-7408080,
neither,neither,/Users/jillianness/Desktop/SEbirthanalysis1024/new_LASTZ_analysis/enhancer_extraction/enhancer_pairs/SoxN/chr2L_8811130-8811511__chr2L_8846495-8847235,chr2L_8811130-8811511,chr2L_8846495-8847235,27.4,359.0,needle,10,0.5,0.1646093091723015,0.065188549,0.072788333,0.1008620636307584,chr2L_8811130-8811511__chr2L_8846495-8847235,
neither,neither,/Users/jillianness/Desktop/SEbirthanalysis1024/new_LASTZ_analysis/enhancer_extraction/enhancer_pairs/FBgn0264001_vm/chr3L_13500764-13501176__chr3L_13655496-13656117,chr3L_13500764-13501176,chr3L_13655496-13656117,27.4,297.5,needle,10,0.5,0.12981848,0.03394531,0.013881617,0.059215136,chr3L_13500764-13501176__chr3L_13655496-13656117,
neither,neither,/Users/jillianness/Desktop/SEbirthanalysis1024/new_LASTZ_analysis/enhancer_extraction/enhancer_pairs/FBgn0264001_vm/chr3L_13641091-13641350__chr3L_13834627-13835094,chr3L_13641091-13641350,chr3L_13834627-13835094,27.4,203.0,needle,10,0.5,0.06493988,-0.004270973,0.008555494,0.0230748,chr3L_13641091-13641350__chr3L_13834627-13835094,
neither,neither,/Users/jillianness/Desktop/SEbirthanalysis1024/new_LASTZ_analysis/enhancer_extraction/enhancer_pairs/FBgn0263118_Spearman/chr3R_26441174-26441374__chr3R_26443275-26443523,chr3R_26441174-26441374,chr3R_26443275-26443523,27.4,150.5,needle,10,0.5,0.09556176,0.055404356,0.053077191,0.068014436,chr3R_26441174-26441374__chr3R_26443275-26443523,
neither,neither,/Users/jillianness/Desktop/SEbirthanalysis1024/new_LASTZ_analysis/enhancer_extraction/enhancer_pairs/FBgn0033539_sm/chr2R_10273454-10273813__chr2R_10301567-10301767,chr2R_10273454-10273813,chr2R_10301567-10301767,27.4,168.0,needle,10,0.5,0.040221832,-0.017280212,-0.020820928,0.000706897,chr2R_10273454-10273813__chr2R_10301567-10301767,
neither,neither,/Users/jillianness/Desktop/SEbirthanalysis1024/new_LASTZ_analysis/enhancer_extraction/enhancer_pairs/FBgn0000463_Spearman/chr3R_19340770-19340970__chr3R_19346468-19346888,chr3R_19340770-19340970,chr3R_19346468-19346888,27.4,182.0,needle,10,0.5,0.04299018,-0.014524851,-0.01059325,0.00595736,chr3R_19340770-19340970__chr3R_19346468-19346888,
neither,neither,/Users/jillianness/Desktop/SEbirthanalysis1024/new_LASTZ_analysis/enhancer_extraction/enhancer_pairs/FBgn0032487_Spearman/chr2L_13215675-13216164__chr2L_13229384-13229619,chr2L_13215675-13216164,chr2L_13229384-13229619,27.4,210.0,needle,10,0.5,0.1140034107315732,0.047157413,0.03573766,0.065632828,chr2L_13215675-13216164__chr2L_13229384-13229619,
enhancer_hit,enhancer_hit,/Users/jillianness/Desktop/SEbirthanalysis1024/new_LASTZ_analysis/enhancer_extraction/enhancer_pairs/FBgn0016041_sm/chrX_7617780-7617980__chrX_7650029-7650229,chrX_7617780-7617980,chrX_7650029-7650229,27.3,171.5,needle,10,0.5,0.1316359796419882,0.097172623,0.08919726,0.1060019541761727,chrX_7617780-7617980__chrX_7650029-7650229,
neither,neither,/Users/jillianness/Desktop/SEbirthanalysis1024/new_LASTZ_analysis/enhancer_extraction/enhancer_pairs/FBgn0016930_vm/chr2L_14230546-14231007__chr2L_14248855-14249055,chr2L_14230546-14231007,chr2L_14248855-14249055,27.3,225.5,needle,10,0.5,0.099739774,0.038693168,0.045989069,0.061474004,chr2L_14230546-14231007__chr2L_14248855-14249055,
neither,neither,/Users/jillianness/Desktop/SEbirthanalysis1024/new_LASTZ_analysis/enhancer_extraction/enhancer_pairs/FBgn0005771_vm/chr2L_14527451-14527987__chr2L_14537085-14537454,chr2L_14527451-14527987,chr2L_14537085-14537454,27.3,246.5,needle,10,0.5,0.08048097,0.001477694,-0.021910572,0.02001603,chr2L_14527451-14527987__chr2L_14537085-14537454,
neither,neither,/Users/jillianness/Desktop/SEbirthanalysis1024/new_LASTZ_analysis/enhancer_extraction/enhancer_pairs/FBgn0033504_vm/chr2R_9911877-9912145__chr2R_9940074-9940569,chr2R_9911877-9912145,chr2R_9940074-9940569,27.3,234.0,needle,10,0.5,0.052127433,-0.024321056,-0.030639385,-0.000944336,chr2R_9911877-9912145__chr2R_9940074-9940569,
neither,neither,/Users/jillianness/Desktop/SEbirthanalysis1024/new_LASTZ_analysis/enhancer_extraction/enhancer_pairs/FBgn0016715_sm/chr3L_574867-575113__chr3L_616535-616984,chr3L_574867-575113,chr3L_616535-616984,27.3,181.5,needle,10,0.5,0.077870769,0.013144693,0.00896672,0.033327394,chr3L_574867-575113__chr3L_616535-616984,
neither,neither,/Users/jillianness/Desktop/SEbirthanalysis1024/new_LASTZ_analysis/enhancer_extraction/enhancer_pairs/FBgn0052296_vm_sm/chr3L_2732331-2732531__chr3L_2745584-2745810,chr3L_2732331-2732531,chr3L_2745584-2745810,27.3,116.5,needle,10,0.5,0.048048057,0.014864889,0.034569651,0.032494199,chr3L_2732331-2732531__chr3L_2745584-2745810,
neither,neither,/Users/jillianness/Desktop/SEbirthanalysis1024/new_LASTZ_analysis/enhancer_extraction/enhancer_pairs/tup/chr2L_18893905-18894024__chr2L_18894031-18894287,chr2L_18893905-18894024,chr2L_18894031-18894287,27.3,119.0,needle,10,0.5,0.051179191,0.016036531,0.019031325,0.028749016,chr2L_18893905-18894024__chr2L_18894031-18894287,
neither,neither,/Users/jillianness/Desktop/SEbirthanalysis1024/new_LASTZ_analysis/enhancer_extraction/enhancer_pairs/FBgn0034723_Spearman/chr2R_22018043-22018243__chr2R_22028414-22028775,chr2R_22018043-22018243,chr2R_22028414-22028775,27.3,162.0,needle,10,0.5,0.1303065538635642,0.080967798,0.076738623,0.096004325,chr2R_22018043-22018243__chr2R_22028414-22028775,
neither,neither,/Users/jillianness/Desktop/SEbirthanalysis1024/new_LASTZ_analysis/enhancer_extraction/enhancer_pairs/FBgn0016930_vm/chr2L_14211117-14211371__chr2L_14230546-14231007,chr2L_14211117-14211371,chr2L_14230546-14231007,27.2,196.0,needle,10,0.5,0.089835776,0.020167332,0.01080364,0.040268916,chr2L_14211117-14211371__chr2L_14230546-14231007,
neither,neither,/Users/jillianness/Desktop/SEbirthanalysis1024/new_LASTZ_analysis/enhancer_extraction/enhancer_pairs/FBgn0003721_vm_sm/chr3R_15286228-15286550__chr3R_15289850-15290050,chr3R_15286228-15286550,chr3R_15289850-15290050,27.2,199.0,needle,10,0.5,0.067103894,0.017356817,0.026127145,0.036862619,chr3R_15286228-15286550__chr3R_15289850-15290050,
neither,neither,/Users/jillianness/Desktop/SEbirthanalysis1024/new_LASTZ_analysis/enhancer_extraction/enhancer_pairs/FBgn0040071_Spearman/chr3R_16234208-16234580__chr3R_16254794-16255607,chr3R_16234208-16234580,chr3R_16254794-16255607,27.2,355.0,needle,10,0.5,0.1142603169615952,0.018898007,0.01533329,0.049497205,chr3R_16234208-16234580__chr3R_16254794-16255607,
neither,neither,/Users/jillianness/Desktop/SEbirthanalysis1024/new_LASTZ_analysis/enhancer_extraction/enhancer_pairs/FBgn0016715_sm/chr3L_610451-610651__chr3L_616535-616984,chr3L_610451-610651,chr3L_616535-616984,27.2,181.5,needle,10,0.5,0.091796495,0.033312416,0.021606935,0.048905282,chr3L_610451-610651__chr3L_616535-616984,
neither,neither,/Users/jillianness/Desktop/SEbirthanalysis1024/new_LASTZ_analysis/enhancer_extraction/enhancer_pairs/FBgn0014877_Spearman/chr2R_13190587-13190787__chr2R_13195866-13196315,chr2R_13190587-13190787,chr2R_13195866-13196315,27.2,195.0,needle,10,0.5,0.032507977,-0.032173667,-0.028644822,-0.009436837,chr2R_13190587-13190787__chr2R_13195866-13196315,
neither,neither,/Users/jillianness/Desktop/SEbirthanalysis1024/new_LASTZ_analysis/enhancer_extraction/enhancer_pairs/FBgn0003254_meso/chr2R_18898203-18898705__chr2R_18900616-18900816,chr2R_18898203-18898705,chr2R_18900616-18900816,27.2,199.5,needle,10,0.5,0.141393646,0.080482958,0.06961276,0.097163121,chr2R_18898203-18898705__chr2R_18900616-18900816,
neither,neither,/Users/jillianness/Desktop/SEbirthanalysis1024/new_LASTZ_analysis/enhancer_extraction/enhancer_pairs/FBgn0035404_sm/chr3L_3132600-3133003__chr3L_3148881-3149344,chr3L_3132600-3133003,chr3L_3148881-3149344,27.2,182.5,needle,10,0.5,0.027912714,-0.053929184,-0.055505639,-0.027174036,chr3L_3132600-3133003__chr3L_3148881-3149344,
neither,neither,/Users/jillianness/Desktop/SEbirthanalysis1024/new_LASTZ_analysis/enhancer_extraction/enhancer_pairs/FBgn0000575_meso/chr3L_709891-710336__chr3L_726050-726267,chr3L_709891-710336,chr3L_726050-726267,27.1,222.5,needle,10,0.5,0.088470571,0.020510219,0.021531255,0.043504015,chr3L_709891-710336__chr3L_726050-726267,
neither,neither,/Users/jillianness/Desktop/SEbirthanalysis1024/new_LASTZ_analysis/enhancer_extraction/enhancer_pairs/FBgn0032961_Spearman/chr2L_21831155-21831728__chr2L_21835079-21835348,chr2L_21831155-21831728,chr2L_21835079-21835348,27.1,221.0,needle,10,0.5,0.062893852,-0.018026734,-0.020519887,0.008115744,chr2L_21831155-21831728__chr2L_21835079-21835348,
neither,neither,/Users/jillianness/Desktop/SEbirthanalysis1024/new_LASTZ_analysis/enhancer_extraction/enhancer_pairs/FBgn0035656_Spearman/chr3L_5963004-5963247__chr3L_5969720-5970091,chr3L_5963004-5963247,chr3L_5969720-5970091,27.1,227.5,needle,10,0.5,0.1179213005702734,0.060537369,0.060589586,0.079682752,chr3L_5963004-5963247__chr3L_5969720-5970091,
neither,neither,/Users/jillianness/Desktop/SEbirthanalysis1024/new_LASTZ_analysis/enhancer_extraction/enhancer_pairs/FBgn0020513_vm/chrX_12691690-12692049__chrX_12693668-12694287,chrX_12691690-12692049,chrX_12693668-12694287,27.1,217.5,needle,10,0.5,0.094515031,0.011933822,0.019200818,0.041883224,chrX_12691690-12692049__chrX_12693668-12694287,
neither,neither,/Users/jillianness/Desktop/SEbirthanalysis1024/new_LASTZ_analysis/enhancer_extraction/enhancer_pairs/FBgn0000014_Spearman/chr3R_16764121-16764485__chr3R_16878885-16879147,chr3R_16764121-16764485,chr3R_16878885-16879147,27.1,193.0,needle,10,0.5,0.068730357,0.007255477,0.009066042,0.028350625,chr3R_16764121-16764485__chr3R_16878885-16879147,
neither,neither,/Users/jillianness/Desktop/SEbirthanalysis1024/new_LASTZ_analysis/enhancer_extraction/enhancer_pairs/FBgn0032393_vm/chr2L_12007022-12007307__chr2L_12009847-12010112,chr2L_12007022-12007307,chr2L_12009847-12010112,27.1,179.5,needle,10,0.5,0.065147704,0.015591572,0.019040699,0.033259992,chr2L_12007022-12007307__chr2L_12009847-12010112,
neither,neither,/Users/jillianness/Desktop/SEbirthanalysis1024/new_LASTZ_analysis/enhancer_extraction/enhancer_pairs/FBgn0034603_sm/chr2R_20820012-20820311__chr2R_20823130-20823330,chr2R_20820012-20820311,chr2R_20823130-20823330,27.1,161.0,needle,10,0.5,0.054318804,0.007140828,0.013129793,0.024863142,chr2R_20820012-20820311__chr2R_20823130-20823330,
neither,neither,/Users/jillianness/Desktop/SEbirthanalysis1024/new_LASTZ_analysis/enhancer_extraction/enhancer_pairs/FBgn0001122_Spearman/chr2R_10109599-10110119__chr2R_10160478-10160690,chr2R_10109599-10110119,chr2R_10160478-10160690,27.1,262.5,needle,10,0.5,0.1845146988345688,0.1352693594989341,0.1211218978763031,0.1469686520699353,chr2R_10109599-10110119__chr2R_10160478-10160690,
neither,neither,/Users/jillianness/Desktop/SEbirthanalysis1024/new_LASTZ_analysis/enhancer_extraction/enhancer_pairs/FBgn0037892_Spearman/chr3R_11353401-11353818__chr3R_11372382-11372635,chr3R_11353401-11353818,chr3R_11372382-11372635,27.1,144.5,needle,10,0.5,0.093627873,0.034355653,0.040941714,0.056308413,chr3R_11353401-11353818__chr3R_11372382-11372635,
neither,neither,/Users/jillianness/Desktop/SEbirthanalysis1024/new_LASTZ_analysis/enhancer_extraction/enhancer_pairs/FBgn0041604_sm/chr3L_14636483-14636932__chr3L_14646221-14646447,chr3L_14636483-14636932,chr3L_14646221-14646447,27.1,206.5,needle,10,0.5,0.080912811,0.017462315,0.02701519,0.041796772,chr3L_14636483-14636932__chr3L_14646221-14646447,
enhancer_hit,enhancer_hit,/Users/jillianness/Desktop/SEbirthanalysis1024/new_LASTZ_analysis/enhancer_extraction/enhancer_pairs/FBgn0032487_Spearman/chr2L_13211918-13212118__chr2L_13215675-13216164,chr2L_13211918-13212118,chr2L_13215675-13216164,27.0,248.0,needle,10,0.5,0.062906966,-0.006611502,-0.000949156,0.01844877,chr2L_13211918-13212118__chr2L_13215675-13216164,
neither,neither,/Users/jillianness/Desktop/SEbirthanalysis1024/new_LASTZ_analysis/enhancer_extraction/enhancer_pairs/FBgn0015773_vm/chrX_14593777-14594065__chrX_14655967-14656167,chrX_14593777-14594065,chrX_14655967-14656167,27.0,126.0,needle,10,0.5,0.049284004,0.012889339,0.023529302,0.028567549,chrX_14593777-14594065__chrX_14655967-14656167,
neither,neither,/Users/jillianness/Desktop/SEbirthanalysis1024/new_LASTZ_analysis/enhancer_extraction/enhancer_pairs/FBgn0052528_Spearman/chrX_19714899-19715388__chrX_19717880-19718080,chrX_19714899-19715388,chrX_19717880-19718080,27.0,184.0,needle,10,0.5,0.096506769,0.037230678,0.046530297,0.060089248,chrX_19714899-19715388__chrX_19717880-19718080,
neither,neither,/Users/jillianness/Desktop/SEbirthanalysis1024/new_LASTZ_analysis/enhancer_extraction/enhancer_pairs/FBgn0035656_Spearman/chr3L_5961714-5961914__chr3L_5969720-5970091,chr3L_5961714-5961914,chr3L_5969720-5970091,26.9,195.5,needle,10,0.5,0.094502155,0.040089065,0.034412539,0.056334586,chr3L_5961714-5961914__chr3L_5969720-5970091,
neither,neither,/Users/jillianness/Desktop/SEbirthanalysis1024/new_LASTZ_analysis/enhancer_extraction/enhancer_pairs/FBgn0000044_sm/chr2R_20559250-20559450__chr2R_20562855-20563268,chr2R_20559250-20559450,chr2R_20562855-20563268,26.9,183.0,needle,10,0.5,0.059322685,0.007340177,0.006008476,0.024223779,chr2R_20559250-20559450__chr2R_20562855-20563268,
neither,neither,/Users/jillianness/Desktop/SEbirthanalysis1024/new_LASTZ_analysis/enhancer_extraction/enhancer_pairs/FBgn0003118_Spearman/chr3R_23300278-23300772__chr3R_23300984-23301221,chr3R_23300278-23300772,chr3R_23300984-23301221,26.8,182.5,needle,10,0.5,0.026300868,-0.03672165,-0.036445093,-0.015621958,chr3R_23300278-23300772__chr3R_23300984-23301221,
neither,neither,/Users/jillianness/Desktop/SEbirthanalysis1024/new_LASTZ_analysis/enhancer_extraction/enhancer_pairs/FBgn0016797_vm/chr3L_19164181-19164596__chr3L_19175349-19175549,chr3L_19164181-19164596,chr3L_19175349-19175549,26.8,156.5,needle,10,0.5,0.062565428,0.004698425,0.011037019,0.026100291,chr3L_19164181-19164596__chr3L_19175349-19175549,
neither,neither,/Users/jillianness/Desktop/SEbirthanalysis1024/new_LASTZ_analysis/enhancer_extraction/enhancer_pairs/FBgn0016794_vm/chr3L_2566292-2566652__chr3L_2574144-2574754,chr3L_2566292-2566652,chr3L_2574144-2574754,26.7,171.5,needle,10,0.5,0.037356307,-0.023547113,-0.025064749,-0.003751852,chr3L_2566292-2566652__chr3L_2574144-2574754,
neither,neither,/Users/jillianness/Desktop/SEbirthanalysis1024/new_LASTZ_analysis/enhancer_extraction/enhancer_pairs/FBgn0038293_sm/chr3R_15121624-15122081__chr3R_15179459-15179659,chr3R_15121624-15122081,chr3R_15179459-15179659,26.7,205.0,needle,10,0.5,0.1124954409509754,0.055678873,0.026794626,0.064989647,chr3R_15121624-15122081__chr3R_15179459-15179659,
neither,neither,/Users/jillianness/Desktop/SEbirthanalysis1024/new_LASTZ_analysis/enhancer_extraction/enhancer_pairs/FBgn0016041_sm/chrX_7657369-7657569__chrX_7686560-7686932,chrX_7657369-7657569,chrX_7686560-7686932,26.7,157.5,needle,10,0.5,0.02125775,-0.033703205,-0.031482573,-0.014642676,chrX_7657369-7657569__chrX_7686560-7686932,
neither,neither,/Users/jillianness/Desktop/SEbirthanalysis1024/new_LASTZ_analysis/enhancer_extraction/enhancer_pairs/FBgn0000044_sm/chr2R_20559250-20559450__chr2R_20566669-20566882,chr2R_20559250-20559450,chr2R_20566669-20566882,26.7,67.5,needle,10,0.5,0.051911583,0.009480531,0.008344478,0.023245531,chr2R_20559250-20559450__chr2R_20566669-20566882,
neither,neither,/Users/jillianness/Desktop/SEbirthanalysis1024/new_LASTZ_analysis/enhancer_extraction/enhancer_pairs/FBgn0034618_sm/chr2R_20932829-20933143__chr2R_20943416-20943828,chr2R_20932829-20933143,chr2R_20943416-20943828,26.7,210.5,needle,10,0.5,0.1005768486250133,0.042620055,0.03428371,0.059160205,chr2R_20932829-20933143__chr2R_20943416-20943828,
neither,neither,/Users/jillianness/Desktop/SEbirthanalysis1024/new_LASTZ_analysis/enhancer_extraction/enhancer_pairs/FBgn0028369_Spearman/chrX_3103482-3103682__chrX_3123638-3124075,chrX_3103482-3103682,chrX_3123638-3124075,26.7,190.5,needle,10,0.5,0.069679807,0.01552583,0.02204645,0.035750695,chrX_3103482-3103682__chrX_3123638-3124075,
neither,neither,/Users/jillianness/Desktop/SEbirthanalysis1024/new_LASTZ_analysis/enhancer_extraction/enhancer_pairs/FBgn0004110_vm/chr3R_21393784-21394075__chr3R_21396772-21397111,chr3R_21393784-21394075,chr3R_21396772-21397111,26.6,194.0,needle,10,0.5,0.1193036289032321,0.053481911,0.043417393,0.072067644,chr3R_21393784-21394075__chr3R_21396772-21397111,
neither,neither,/Users/jillianness/Desktop/SEbirthanalysis1024/new_LASTZ_analysis/enhancer_extraction/enhancer_pairs/gt/chrX_2431435-2431676__chrX_2437107-2437533,chrX_2431435-2431676,chrX_2437107-2437533,26.6,206.5,needle,10,0.5,0.1021384488744026,0.035848554,0.044225219,0.060737407,chrX_2431435-2431676__chrX_2437107-2437533,
neither,neither,/Users/jillianness/Desktop/SEbirthanalysis1024/new_LASTZ_analysis/enhancer_extraction/enhancer_pairs/FBgn0053207_Spearman/chr3R_15649388-15650148__chr3R_15668979-15669269,chr3R_15649388-15650148,chr3R_15668979-15669269,26.6,322.0,needle,10,0.5,0.1182225515958328,0.033892089,0.032248433,0.061454358,chr3R_15649388-15650148__chr3R_15668979-15669269,
neither,neither,/Users/jillianness/Desktop/SEbirthanalysis1024/new_LASTZ_analysis/enhancer_extraction/enhancer_pairs/FBgn0029939_Spearman/chrX_7046483-7046845__chrX_7177324-7177678,chrX_7046483-7046845,chrX_7177324-7177678,26.6,194.0,needle,10,0.5,0.03738328,-0.036265812,-0.036646645,-0.011843059,chrX_7046483-7046845__chrX_7177324-7177678,
enhancer_hit,enhancer_hit,/Users/jillianness/Desktop/SEbirthanalysis1024/new_LASTZ_analysis/enhancer_extraction/enhancer_pairs/FBgn0030451_sm/chrX_13070183-13070515__chrX_13078529-13078729,chrX_13070183-13070515,chrX_13078529-13078729,26.5,210.5,needle,10,0.5,0.1066980879524898,0.057865625,0.050670038,0.071744584,chrX_13070183-13070515__chrX_13078529-13078729,
neither,neither,/Users/jillianness/Desktop/SEbirthanalysis1024/new_LASTZ_analysis/enhancer_extraction/enhancer_pairs/FBgn0035956_Spearman/chr3L_9010490-9010720__chr3L_9024467-9024945,chr3L_9010490-9010720,chr3L_9024467-9024945,26.5,219.5,needle,10,0.5,0.134803415,0.075113207,0.084319783,0.098078801,chr3L_9010490-9010720__chr3L_9024467-9024945,
neither,neither,/Users/jillianness/Desktop/SEbirthanalysis1024/new_LASTZ_analysis/enhancer_extraction/enhancer_pairs/SoxN/chr2L_8789123-8789689__chr2L_8841314-8841573,chr2L_8789123-8789689,chr2L_8841314-8841573,26.5,250.5,needle,10,0.5,0.071251471,-0.012479209,-0.021183156,0.012529702,chr2L_8789123-8789689__chr2L_8841314-8841573,
neither,neither,/Users/jillianness/Desktop/SEbirthanalysis1024/new_LASTZ_analysis/enhancer_extraction/enhancer_pairs/FBgn0000721_vm/chr2L_3581785-3581985__chr2L_3655828-3656265,chr2L_3581785-3581985,chr2L_3655828-3656265,26.5,204.5,needle,10,0.5,0.058642693,0.004053769,0.010149937,0.024282133,chr2L_3581785-3581985__chr2L_3655828-3656265,
neither,neither,/Users/jillianness/Desktop/SEbirthanalysis1024/new_LASTZ_analysis/enhancer_extraction/enhancer_pairs/FBgn0030864_sm/chrX_17650510-17650710__chrX_17667811-17668233,chrX_17650510-17650710,chrX_17667811-17668233,26.5,159.0,needle,10,0.5,0.045342156,-0.011618799,-0.009145328,0.008192676,chrX_17650510-17650710__chrX_17667811-17668233,
neither,neither,/Users/jillianness/Desktop/SEbirthanalysis1024/new_LASTZ_analysis/enhancer_extraction/enhancer_pairs/FBgn0001122_Spearman/chr2R_10110809-10111161__chr2R_10160478-10160690,chr2R_10110809-10111161,chr2R_10160478-10160690,26.5,186.0,needle,10,0.5,0.040697612,-0.020007814,-0.0205262,5.453287642666569e-05,chr2R_10110809-10111161__chr2R_10160478-10160690,
neither,neither,/Users/jillianness/Desktop/SEbirthanalysis1024/new_LASTZ_analysis/enhancer_extraction/enhancer_pairs/FBgn0037608_vm/chr3R_8664009-8664210__chr3R_8684628-8685183,chr3R_8664009-8664210,chr3R_8684628-8685183,26.4,193.5,needle,10,0.5,0.1113261318742048,0.049789123,0.055161885,0.07209238,chr3R_8664009-8664210__chr3R_8684628-8685183,
neither,neither,/Users/jillianness/Desktop/SEbirthanalysis1024/new_LASTZ_analysis/enhancer_extraction/enhancer_pairs/FBgn0002733_Spearman/chr3R_25999494-25999722__chr3R_26017398-26017815,chr3R_25999494-25999722,chr3R_26017398-26017815,26.4,204.5,needle,10,0.5,0.09380172,0.030138533,0.020703086,0.048214446,chr3R_25999494-25999722__chr3R_26017398-26017815,
neither,neither,/Users/jillianness/Desktop/SEbirthanalysis1024/new_LASTZ_analysis/enhancer_extraction/enhancer_pairs/FBgn0002733_Spearman/chr3R_25997262-25997462__chr3R_26018200-26018652,chr3R_25997262-25997462,chr3R_26018200-26018652,26.4,178.5,needle,10,0.5,0.085415656,0.028543385,0.02815827,0.047372437,chr3R_25997262-25997462__chr3R_26018200-26018652,
neither,neither,/Users/jillianness/Desktop/SEbirthanalysis1024/new_LASTZ_analysis/enhancer_extraction/enhancer_pairs/FBgn0014877_sm/chr2R_13192361-13193251__chr2R_13199132-13199535,chr2R_13192361-13193251,chr2R_13199132-13199535,26.4,320.0,needle,10,0.5,0.1396790339079247,0.038641746,0.038192466,0.072171082,chr2R_13192361-13193251__chr2R_13199132-13199535,
neither,neither,/Users/jillianness/Desktop/SEbirthanalysis1024/new_LASTZ_analysis/enhancer_extraction/enhancer_pairs/FBgn0000463_meso/chr3R_19341900-19342100__chr3R_19346468-19346888,chr3R_19341900-19342100,chr3R_19346468-19346888,26.4,193.5,needle,10,0.5,0.068315405,0.007445746,0.013903692,0.029888281,chr3R_19341900-19342100__chr3R_19346468-19346888,
neither,neither,/Users/jillianness/Desktop/SEbirthanalysis1024/new_LASTZ_analysis/enhancer_extraction/enhancer_pairs/FBgn0036290_vm/chr3L_12465365-12466115__chr3L_12487652-12487993,chr3L_12465365-12466115,chr3L_12487652-12487993,26.4,323.5,needle,10,0.5,0.1397645193571524,0.057324258,0.035495288,0.077528022,chr3L_12465365-12466115__chr3L_12487652-12487993,
neither,neither,/Users/jillianness/Desktop/SEbirthanalysis1024/new_LASTZ_analysis/enhancer_extraction/enhancer_pairs/FBgn0035956_Spearman/chr3L_9010205-9010405__chr3L_9024467-9024945,chr3L_9010205-9010405,chr3L_9024467-9024945,26.3,191.0,needle,10,0.5,0.085840965,0.025176766,0.026986885,0.046001539,chr3L_9010205-9010405__chr3L_9024467-9024945,
neither,neither,/Users/jillianness/Desktop/SEbirthanalysis1024/new_LASTZ_analysis/enhancer_extraction/enhancer_pairs/FBgn0001124_vm_sm/chr2R_15777722-15778274__chr2R_15790355-15790636,chr2R_15777722-15778274,chr2R_15790355-15790636,26.3,237.5,needle,10,0.5,0.094086711,0.016656314,0.003790102,0.038177709,chr2R_15777722-15778274__chr2R_15790355-15790636,
neither,neither,/Users/jillianness/Desktop/SEbirthanalysis1024/new_LASTZ_analysis/enhancer_extraction/enhancer_pairs/FBgn0003984_vm/chr3L_5811621-5811828__chr3L_5825323-5825765,chr3L_5811621-5811828,chr3L_5825323-5825765,26.2,177.5,needle,10,0.5,0.093096871,0.030500461,0.033840181,0.052479171,chr3L_5811621-5811828__chr3L_5825323-5825765,
neither,neither,/Users/jillianness/Desktop/SEbirthanalysis1024/new_LASTZ_analysis/enhancer_extraction/enhancer_pairs/FBgn0031895_vm/chr2L_7126464-7126736__chr2L_7133794-7134306,chr2L_7126464-7126736,chr2L_7133794-7134306,26.2,256.5,needle,10,0.5,0.1128822188180011,0.044404895,0.04618234,0.067823151,chr2L_7126464-7126736__chr2L_7133794-7134306,
neither,neither,/Users/jillianness/Desktop/SEbirthanalysis1024/new_LASTZ_analysis/enhancer_extraction/enhancer_pairs/FBgn0000667_vm/chrX_1947402-1947602__chrX_1995994-1996521,chrX_1947402-1947602,chrX_1995994-1996521,26.2,159.0,needle,10,0.5,0.06338379,0.007606471,0.006055534,0.025681931,chrX_1947402-1947602__chrX_1995994-1996521,
neither,neither,/Users/jillianness/Desktop/SEbirthanalysis1024/new_LASTZ_analysis/enhancer_extraction/enhancer_pairs/FBgn0001186_sm/chrX_9534593-9534973__chrX_9609591-9609868,chrX_9534593-9534973,chrX_9609591-9609868,26.2,141.0,needle,10,0.5,0.043449118,-0.017729595,-0.016942158,0.002925789,chrX_9534593-9534973__chrX_9609591-9609868,
neither,neither,/Users/jillianness/Desktop/SEbirthanalysis1024/new_LASTZ_analysis/enhancer_extraction/enhancer_pairs/FBgn0004858_Spearman/chr2L_14445719-14445919__chr2L_14446412-14446612,chr2L_14445719-14445919,chr2L_14446412-14446612,26.1,142.0,needle,10,0.5,0.055337157,0.013087882,0.014968267,0.027797769,chr2L_14445719-14445919__chr2L_14446412-14446612,
neither,neither,/Users/jillianness/Desktop/SEbirthanalysis1024/new_LASTZ_analysis/enhancer_extraction/enhancer_pairs/FBgn0004858_Spearman/chr2L_14445719-14445919__chr2L_14481618-14482010,chr2L_14445719-14445919,chr2L_14481618-14482010,26.0,173.5,needle,10,0.5,0.1000973098227085,0.045163152,0.043121725,0.062794062,chr2L_14445719-14445919__chr2L_14481618-14482010,
neither,neither,/Users/jillianness/Desktop/SEbirthanalysis1024/new_LASTZ_analysis/enhancer_extraction/enhancer_pairs/FBgn0000046_Spearman/chr3R_13428342-13429087__chr3R_13450374-13450711,chr3R_13428342-13429087,chr3R_13450374-13450711,26.0,267.5,needle,10,0.5,0.1013166015158836,0.019927934,0.029027412,0.050090649,chr3R_13428342-13429087__chr3R_13450374-13450711,
neither,neither,/Users/jillianness/Desktop/SEbirthanalysis1024/new_LASTZ_analysis/enhancer_extraction/enhancer_pairs/FBgn0000479_sm/chrX_3096802-3097002__chrX_3328623-3328837,chrX_3096802-3097002,chrX_3328623-3328837,26.0,101.5,needle,10,0.5,0.013687505,-0.033217355,-0.03370287,-0.01774424,chrX_3096802-3097002__chrX_3328623-3328837,
neither,neither,/Users/jillianness/Desktop/SEbirthanalysis1024/new_LASTZ_analysis/enhancer_extraction/enhancer_pairs/FBgn0026320_meso/chr3L_14936376-14936760__chr3L_14939995-14940646,chr3L_14936376-14936760,chr3L_14939995-14940646,26.0,315.5,needle,10,0.5,0.1362328085642227,0.039832287,0.046882259,0.074315785,chr3L_14936376-14936760__chr3L_14939995-14940646,
neither,neither,/Users/jillianness/Desktop/SEbirthanalysis1024/new_LASTZ_analysis/enhancer_extraction/enhancer_pairs/FBgn0000097_meso/chr2L_2162797-2163546__chr2L_2164726-2165263,chr2L_2162797-2163546,chr2L_2164726-2165263,26.0,369.0,needle,10,0.5,0.1580902445718783,0.044019288,0.038105644,0.080071726,chr2L_2162797-2163546__chr2L_2164726-2165263,
neither,neither,/Users/jillianness/Desktop/SEbirthanalysis1024/new_LASTZ_analysis/enhancer_extraction/enhancer_pairs/FBgn0016715_vm/chr3L_575160-575533__chr3L_610451-610651,chr3L_575160-575533,chr3L_610451-610651,26.0,132.5,needle,10,0.5,0.080755718,0.031860482,0.024524184,0.045713461,chr3L_575160-575533__chr3L_610451-610651,
neither,neither,/Users/jillianness/Desktop/SEbirthanalysis1024/new_LASTZ_analysis/enhancer_extraction/enhancer_pairs/FBgn0016715_vm/chr3L_571531-572037__chr3L_610451-610651,chr3L_571531-572037,chr3L_610451-610651,26.0,195.5,needle,10,0.5,0.084996607,0.021116934,0.031298278,0.045803939,chr3L_571531-572037__chr3L_610451-610651,
enhancer_hit,enhancer_hit,/Users/jillianness/Desktop/SEbirthanalysis1024/new_LASTZ_analysis/enhancer_extraction/enhancer_pairs/esg/chr2L_15322444-15322772__chr2L_15323128-15323794,chr2L_15322444-15322772,chr2L_15323128-15323794,25.9,305.0,needle,10,0.5,0.1531112703698377,0.07332334,0.082283197,0.1029059357280939,chr2L_15322444-15322772__chr2L_15323128-15323794,
neither,neither,/Users/jillianness/Desktop/SEbirthanalysis1024/new_LASTZ_analysis/enhancer_extraction/enhancer_pairs/FBgn0004858_Spearman/chr2L_14446412-14446612__chr2L_14484848-14485326,chr2L_14446412-14446612,chr2L_14484848-14485326,25.9,178.0,needle,10,0.5,0.082408564,0.022036032,0.027476748,0.043973781,chr2L_14446412-14446612__chr2L_14484848-14485326,
neither,neither,/Users/jillianness/Desktop/SEbirthanalysis1024/new_LASTZ_analysis/enhancer_extraction/enhancer_pairs/FBgn0004028_sm/chrX_18056747-18057063__chrX_18058581-18058805,chrX_18056747-18057063,chrX_18058581-18058805,25.9,139.0,needle,10,0.5,0.021669542,-0.031490774,-0.03125191,-0.013691047,chrX_18056747-18057063__chrX_18058581-18058805,
neither,neither,/Users/jillianness/Desktop/SEbirthanalysis1024/new_LASTZ_analysis/enhancer_extraction/enhancer_pairs/FBgn0040071_Spearman/chr3R_16235670-16236148__chr3R_16236366-16236648,chr3R_16235670-16236148,chr3R_16236366-16236648,25.9,180.5,needle,10,0.5,0.090612251,0.028051777,0.03459922,0.05108775,chr3R_16235670-16236148__chr3R_16236366-16236648,
neither,neither,/Users/jillianness/Desktop/SEbirthanalysis1024/new_LASTZ_analysis/enhancer_extraction/enhancer_pairs/FBgn0002922_vm/chr3R_23718371-23718820__chr3R_23723782-23724049,chr3R_23718371-23718820,chr3R_23723782-23724049,25.9,239.5,needle,10,0.5,0.084954821,0.01929866,0.0310877,0.045113727,chr3R_23718371-23718820__chr3R_23723782-23724049,
neither,neither,/Users/jillianness/Desktop/SEbirthanalysis1024/new_LASTZ_analysis/enhancer_extraction/enhancer_pairs/FBgn0038683_sm/chr3R_19163765-19164167__chr3R_19165868-19166123,chr3R_19163765-19164167,chr3R_19165868-19166123,25.9,158.5,needle,10,0.5,0.1158814292337724,0.067676917,0.046083975,0.07654744,chr3R_19163765-19164167__chr3R_19165868-19166123,
neither,neither,/Users/jillianness/Desktop/SEbirthanalysis1024/new_LASTZ_analysis/enhancer_extraction/enhancer_pairs/FBgn0261286_vm/chr3R_16234208-16234580__chr3R_16249888-16250609,chr3R_16234208-16234580,chr3R_16249888-16250609,25.9,298.5,needle,10,0.5,0.1579063456006834,0.081779556,0.065716527,0.1018008097363693,chr3R_16234208-16234580__chr3R_16249888-16250609,
neither,neither,/Users/jillianness/Desktop/SEbirthanalysis1024/new_LASTZ_analysis/enhancer_extraction/enhancer_pairs/FBgn0016797_vm/chr3L_19164181-19164596__chr3L_19174386-19174928,chr3L_19164181-19164596,chr3L_19174386-19174928,25.8,283.0,needle,10,0.5,0.075940513,-0.011954649,-0.004351075,0.019878263,chr3L_19164181-19164596__chr3L_19174386-19174928,
enhancer_hit,enhancer_hit,/Users/jillianness/Desktop/SEbirthanalysis1024/new_LASTZ_analysis/enhancer_extraction/enhancer_pairs/FBgn0002772_vm_sm/chr3R_27636779-27637140__chr3R_27659306-27659544,chr3R_27636779-27637140,chr3R_27659306-27659544,25.7,176.5,needle,10,0.5,0.076521575,0.018016378,0.019542235,0.038026729,chr3R_27636779-27637140__chr3R_27659306-27659544,
neither,neither,/Users/jillianness/Desktop/SEbirthanalysis1024/new_LASTZ_analysis/enhancer_extraction/enhancer_pairs/FBgn0002733_Spearman/chr3R_25997262-25997462__chr3R_26002453-26002853,chr3R_25997262-25997462,chr3R_26002453-26002853,25.7,150.0,needle,10,0.5,0.065910314,0.017195014,0.023637007,0.035580778,chr3R_25997262-25997462__chr3R_26002453-26002853,
neither,neither,/Users/jillianness/Desktop/SEbirthanalysis1024/new_LASTZ_analysis/enhancer_extraction/enhancer_pairs/FBgn0039667_vm_sm/chr3R_29457322-29457679__chr3R_29476471-29476689,chr3R_29457322-29457679,chr3R_29476471-29476689,25.7,179.0,needle,10,0.5,0.1095800293036991,0.057138328,0.039262172,0.068660177,chr3R_29457322-29457679__chr3R_29476471-29476689,
neither,neither,/Users/jillianness/Desktop/SEbirthanalysis1024/new_LASTZ_analysis/enhancer_extraction/enhancer_pairs/FBgn0036290_vm/chr3L_12448941-12449218__chr3L_12465365-12466115,chr3L_12448941-12449218,chr3L_12465365-12466115,25.7,282.0,needle,10,0.5,0.1258082393882618,0.042277111,0.036954728,0.068346693,chr3L_12448941-12449218__chr3L_12465365-12466115,
neither,neither,/Users/jillianness/Desktop/SEbirthanalysis1024/new_LASTZ_analysis/enhancer_extraction/enhancer_pairs/FBgn0003889_sm/chr3R_9393661-9394054__chr3R_9437719-9437919,chr3R_9393661-9394054,chr3R_9437719-9437919,25.6,159.0,needle,10,0.5,0.088841895,0.032215254,0.029988903,0.050348684,chr3R_9393661-9394054__chr3R_9437719-9437919,
neither,neither,/Users/jillianness/Desktop/SEbirthanalysis1024/new_LASTZ_analysis/enhancer_extraction/enhancer_pairs/FBgn0004108_vm/chr3L_16739977-16740479__chr3L_16776828-16777028,chr3L_16739977-16740479,chr3L_16776828-16777028,25.6,207.0,needle,10,0.5,0.1048439665824603,0.046048151,0.047775391,0.066222503,chr3L_16739977-16740479__chr3L_16776828-16777028,
neither,neither,/Users/jillianness/Desktop/SEbirthanalysis1024/new_LASTZ_analysis/enhancer_extraction/enhancer_pairs/FBgn0033638_sm/chr2R_11259263-11259645__chr2R_11260888-11261343,chr2R_11259263-11259645,chr2R_11260888-11261343,25.6,203.5,needle,10,0.5,0.047671889,-0.017123864,-0.012094669,0.006151119,chr2R_11259263-11259645__chr2R_11260888-11261343,
neither,neither,/Users/jillianness/Desktop/SEbirthanalysis1024/new_LASTZ_analysis/enhancer_extraction/enhancer_pairs/FBgn0020257_Spearman/chr2R_22310630-22311004__chr2R_22311826-22312026,chr2R_22310630-22311004,chr2R_22311826-22312026,25.6,157.0,needle,10,0.5,0.076891093,0.021906052,-0.003796765,0.031666793,chr2R_22310630-22311004__chr2R_22311826-22312026,
neither,neither,/Users/jillianness/Desktop/SEbirthanalysis1024/new_LASTZ_analysis/enhancer_extraction/enhancer_pairs/FBgn0028369_Spearman/chrX_3103482-3103682__chrX_3104146-3104671,chrX_3103482-3103682,chrX_3104146-3104671,25.6,198.0,needle,10,0.5,0.1215407798730992,0.082758962,0.085240229,0.096513323,chrX_3103482-3103682__chrX_3104146-3104671,
neither,neither,/Users/jillianness/Desktop/SEbirthanalysis1024/new_LASTZ_analysis/enhancer_extraction/enhancer_pairs/FBgn0264001_vm/chr3L_13655496-13656117__chr3L_13657717-13657980,chr3L_13655496-13656117,chr3L_13657717-13657980,25.5,263.5,needle,10,0.5,0.1212243653922433,0.044031455,0.021251297,0.062169039,chr3L_13655496-13656117__chr3L_13657717-13657980,
neither,neither,/Users/jillianness/Desktop/SEbirthanalysis1024/new_LASTZ_analysis/enhancer_extraction/enhancer_pairs/FBgn0032961_Spearman/chr2L_21835079-21835348__chr2L_21835353-21835553,chr2L_21835079-21835348,chr2L_21835353-21835553,25.5,152.0,needle,10,0.5,0.058061954,0.009899459,0.00510032,0.024353911,chr2L_21835079-21835348__chr2L_21835353-21835553,
neither,neither,/Users/jillianness/Desktop/SEbirthanalysis1024/new_LASTZ_analysis/enhancer_extraction/enhancer_pairs/FBgn0014877_sm/chr2R_13195553-13195864__chr2R_13198071-13198730,chr2R_13195553-13195864,chr2R_13198071-13198730,25.4,265.0,needle,10,0.5,0.1783487245622196,0.1042726395527913,0.091721096,0.1247808201787952,chr2R_13195553-13195864__chr2R_13198071-13198730,
neither,neither,/Users/jillianness/Desktop/SEbirthanalysis1024/new_LASTZ_analysis/enhancer_extraction/enhancer_pairs/FBgn0017578_sm/chr3L_19174386-19174928__chr3L_19175349-19175549,chr3L_19174386-19174928,chr3L_19175349-19175549,25.4,219.5,needle,10,0.5,0.1160325704611416,0.055432906,0.047000519,0.072821999,chr3L_19174386-19174928__chr3L_19175349-19175549,
neither,neither,/Users/jillianness/Desktop/SEbirthanalysis1024/new_LASTZ_analysis/enhancer_extraction/enhancer_pairs/FBgn0036460_Spearman/chr3L_14930753-14930953__chr3L_14944241-14944774,chr3L_14930753-14930953,chr3L_14944241-14944774,25.4,246.0,needle,10,0.5,0.098771755,0.039431823,0.051384482,0.06319602,chr3L_14930753-14930953__chr3L_14944241-14944774,
neither,neither,/Users/jillianness/Desktop/SEbirthanalysis1024/new_LASTZ_analysis/enhancer_extraction/enhancer_pairs/FBgn0036460_Spearman/chr3L_14931009-14931209__chr3L_14938074-14938558,chr3L_14931009-14931209,chr3L_14938074-14938558,25.4,222.0,needle,10,0.5,0.1538098822733859,0.098912291,0.049355397,0.1006925232723277,chr3L_14931009-14931209__chr3L_14938074-14938558,
enhancer_hit,enhancer_hit,/Users/jillianness/Desktop/SEbirthanalysis1024/new_LASTZ_analysis/enhancer_extraction/enhancer_pairs/FBgn0014877_sm/chr2R_13194170-13194587__chr2R_13198071-13198730,chr2R_13194170-13194587,chr2R_13198071-13198730,25.3,198.5,needle,10,0.5,0.069931023,-0.022307974,-0.021078737,0.008848104,chr2R_13194170-13194587__chr2R_13198071-13198730,
neither,neither,/Users/jillianness/Desktop/SEbirthanalysis1024/new_LASTZ_analysis/enhancer_extraction/enhancer_pairs/FBgn0001077_meso/chr3R_6845754-6846203__chr3R_6885321-6885521,chr3R_6845754-6846203,chr3R_6885321-6885521,25.3,194.0,needle,10,0.5,0.064145905,0.008138603,0.004583044,0.025622518,chr3R_6845754-6846203__chr3R_6885321-6885521,
neither,neither,/Users/jillianness/Desktop/SEbirthanalysis1024/new_LASTZ_analysis/enhancer_extraction/enhancer_pairs/FBgn0033504_vm/chr2R_9900668-9901086__chr2R_9938636-9938836,chr2R_9900668-9901086,chr2R_9938636-9938836,25.3,162.0,needle,10,0.5,0.042912,-0.014196719,-0.007908788,0.006935498,chr2R_9900668-9901086__chr2R_9938636-9938836,
neither,neither,/Users/jillianness/Desktop/SEbirthanalysis1024/new_LASTZ_analysis/enhancer_extraction/enhancer_pairs/FBgn0040071_Spearman/chr3R_16208035-16208235__chr3R_16242325-16242715,chr3R_16208035-16208235,chr3R_16242325-16242715,25.3,108.0,needle,10,0.5,0.074686119,0.021129973,0.030440917,0.04208567,chr3R_16208035-16208235__chr3R_16242325-16242715,
neither,neither,/Users/jillianness/Desktop/SEbirthanalysis1024/new_LASTZ_analysis/enhancer_extraction/enhancer_pairs/FBgn0032961_Spearman/chr2L_21836087-21836312__chr2L_21840673-21841262,chr2L_21836087-21836312,chr2L_21840673-21841262,25.3,179.0,needle,10,0.5,0.047390704,-0.029345112,-0.025361607,-0.002438672,chr2L_21836087-21836312__chr2L_21840673-21841262,
neither,neither,/Users/jillianness/Desktop/SEbirthanalysis1024/new_LASTZ_analysis/enhancer_extraction/enhancer_pairs/FBgn0035656_Spearman/chr3L_5956989-5957371__chr3L_5961714-5961914,chr3L_5956989-5957371,chr3L_5961714-5961914,25.3,163.0,needle,10,0.5,0.1165269865249328,0.066558942,0.054775588,0.079287172,chr3L_5956989-5957371__chr3L_5961714-5961914,
neither,neither,/Users/jillianness/Desktop/SEbirthanalysis1024/new_LASTZ_analysis/enhancer_extraction/enhancer_pairs/FBgn0001122_Spearman/chr2R_10104067-10104664__chr2R_10160478-10160690,chr2R_10104067-10104664,chr2R_10160478-10160690,25.3,252.0,needle,10,0.5,0.1698075425940384,0.1075949630625279,0.085438595,0.1209470336869603,chr2R_10104067-10104664__chr2R_10160478-10160690,
enhancer_hit,enhancer_hit,/Users/jillianness/Desktop/SEbirthanalysis1024/new_LASTZ_analysis/enhancer_extraction/enhancer_pairs/FBgn0038536_vm/chr3R_17705753-17706062__chr3R_17712387-17713045,chr3R_17705753-17706062,chr3R_17712387-17713045,25.2,336.0,needle,10,0.5,0.1103120730338807,0.032036197,0.022521073,0.054956448,chr3R_17705753-17706062__chr3R_17712387-17713045,
neither,neither,/Users/jillianness/Desktop/SEbirthanalysis1024/new_LASTZ_analysis/enhancer_extraction/enhancer_pairs/FBgn0037608_vm/chr3R_8664993-8665193__chr3R_8684628-8685183,chr3R_8664993-8665193,chr3R_8684628-8685183,25.2,244.5,needle,10,0.5,0.08413988,0.018743037,0.005757642,0.03621352,chr3R_8664993-8665193__chr3R_8684628-8685183,
neither,neither,/Users/jillianness/Desktop/SEbirthanalysis1024/new_LASTZ_analysis/enhancer_extraction/enhancer_pairs/FBgn0035956_Spearman/chr3L_9023155-9023452__chr3L_9024467-9024945,chr3L_9023155-9023452,chr3L_9024467-9024945,25.2,208.0,needle,10,0.5,0.08308211,0.007980957,0.009276409,0.033446492,chr3L_9023155-9023452__chr3L_9024467-9024945,
neither,neither,/Users/jillianness/Desktop/SEbirthanalysis1024/new_LASTZ_analysis/enhancer_extraction/enhancer_pairs/FBgn0003002_Spearman/chr3R_4852430-4852762__chr3R_4913812-4914012,chr3R_4852430-4852762,chr3R_4913812-4914012,25.2,157.5,needle,10,0.5,0.047952236,-0.005685433,-0.023203869,0.006354311,chr3R_4852430-4852762__chr3R_4913812-4914012,
neither,neither,/Users/jillianness/Desktop/SEbirthanalysis1024/new_LASTZ_analysis/enhancer_extraction/enhancer_pairs/FBgn0002733_Spearman/chr3R_25999494-25999722__chr3R_26018200-26018652,chr3R_25999494-25999722,chr3R_26018200-26018652,25.2,180.5,needle,10,0.5,0.074001989,0.012719146,0.014316901,0.033679345,chr3R_25999494-25999722__chr3R_26018200-26018652,
neither,neither,/Users/jillianness/Desktop/SEbirthanalysis1024/new_LASTZ_analysis/enhancer_extraction/enhancer_pairs/FBgn0014877_Spearman/chr2R_13195866-13196315__chr2R_13196419-13196619,chr2R_13195866-13196315,chr2R_13196419-13196619,25.2,197.5,needle,10,0.5,0.08352291,0.019514349,0.015092927,0.039376729,chr2R_13195866-13196315__chr2R_13196419-13196619,
neither,neither,/Users/jillianness/Desktop/SEbirthanalysis1024/new_LASTZ_analysis/enhancer_extraction/enhancer_pairs/FBgn0000463_sm/chr3R_19287679-19287954__chr3R_19317753-19317953,chr3R_19287679-19287954,chr3R_19317753-19317953,25.1,134.0,needle,10,0.5,0.053292455,0.004588448,-0.005197276,0.017561209,chr3R_19287679-19287954__chr3R_19317753-19317953,
neither,neither,/Users/jillianness/Desktop/SEbirthanalysis1024/new_LASTZ_analysis/enhancer_extraction/enhancer_pairs/FBgn0041604_sm/chr3L_14635397-14635808__chr3L_14646221-14646447,chr3L_14635397-14635808,chr3L_14646221-14646447,25.1,174.5,needle,10,0.5,0.057347803,-0.005839611,-0.002659383,0.016282936,chr3L_14635397-14635808__chr3L_14646221-14646447,
neither,neither,/Users/jillianness/Desktop/SEbirthanalysis1024/new_LASTZ_analysis/enhancer_extraction/enhancer_pairs/FBgn0033504_vm/chr2R_9938636-9938836__chr2R_9940074-9940569,chr2R_9938636-9938836,chr2R_9940074-9940569,25.0,216.5,needle,10,0.5,0.074635094,0.013391232,0.019563089,0.035863139,chr2R_9938636-9938836__chr2R_9940074-9940569,
Flank,Flank,/Users/jillianness/Desktop/SEbirthanalysis1024/new_LASTZ_analysis/enhancer_extraction/enhancer_pairs/FBgn0028369_meso_sm/chrX_3044554-3044926__chrX_3104146-3104671,chrX_3044554-3044926,chrX_3104146-3104671,24.9,280.5,needle,10,0.5,0.1226164865922308,0.063225678,0.019206854,0.068349673,chrX_3044554-3044926__chrX_3104146-3104671,
neither,neither,/Users/jillianness/Desktop/SEbirthanalysis1024/new_LASTZ_analysis/enhancer_extraction/enhancer_pairs/FBgn0029830_vm/chrX_5915683-5915953__chrX_5921626-5922043,chrX_5915683-5915953,chrX_5921626-5922043,24.8,204.5,needle,10,0.5,0.1644774940347279,0.1160537278507567,0.054748547,0.1117599230575195,chrX_5915683-5915953__chrX_5921626-5922043,
neither,neither,/Users/jillianness/Desktop/SEbirthanalysis1024/new_LASTZ_analysis/enhancer_extraction/enhancer_pairs/FBgn0011656_vm/chr2R_9562047-9562495__chr2R_9567242-9567442,chr2R_9562047-9562495,chr2R_9567242-9567442,24.8,164.5,needle,10,0.5,0.071225071,0.01193643,0.002272604,0.028478035,chr2R_9562047-9562495__chr2R_9567242-9567442,
neither,neither,/Users/jillianness/Desktop/SEbirthanalysis1024/new_LASTZ_analysis/enhancer_extraction/enhancer_pairs/FBgn0036460_Spearman/chr3L_14928799-14929134__chr3L_14931009-14931209,chr3L_14928799-14929134,chr3L_14931009-14931209,24.8,109.0,needle,10,0.5,0.025086383,-0.025455401,-0.021860001,-0.007409673,chr3L_14928799-14929134__chr3L_14931009-14931209,
neither,neither,/Users/jillianness/Desktop/SEbirthanalysis1024/new_LASTZ_analysis/enhancer_extraction/enhancer_pairs/FBgn0000014_vm/chr3R_16813228-16813680__chr3R_16904976-16905213,chr3R_16813228-16813680,chr3R_16904976-16905213,24.7,194.0,needle,10,0.5,0.1391044687012115,0.085536373,0.054668446,0.093103096,chr3R_16813228-16813680__chr3R_16904976-16905213,
neither,neither,/Users/jillianness/Desktop/SEbirthanalysis1024/new_LASTZ_analysis/enhancer_extraction/enhancer_pairs/FBgn0016794_vm/chr3L_2533105-2533332__chr3L_2574144-2574754,chr3L_2533105-2533332,chr3L_2574144-2574754,24.7,286.5,needle,10,0.5,0.1557661321220844,0.097877731,0.1162859321606388,0.1233099316311481,chr3L_2533105-2533332__chr3L_2574144-2574754,
neither,neither,/Users/jillianness/Desktop/SEbirthanalysis1024/new_LASTZ_analysis/enhancer_extraction/enhancer_pairs/FBgn0260642_sm/chr3R_6870932-6871323__chr3R_6970146-6970346,chr3R_6870932-6871323,chr3R_6970146-6970346,24.7,185.5,needle,10,0.5,0.088077386,0.041154266,0.039103474,0.056111709,chr3R_6870932-6871323__chr3R_6970146-6970346,
neither,neither,/Users/jillianness/Desktop/SEbirthanalysis1024/new_LASTZ_analysis/enhancer_extraction/enhancer_pairs/FBgn0264001_vm/chr3L_13641091-13641350__chr3L_13655496-13656117,chr3L_13641091-13641350,chr3L_13655496-13656117,24.7,246.5,needle,10,0.5,0.085022518,0.004200321,0.016812502,0.035345113,chr3L_13641091-13641350__chr3L_13655496-13656117,
neither,neither,/Users/jillianness/Desktop/SEbirthanalysis1024/new_LASTZ_analysis/enhancer_extraction/enhancer_pairs/FBgn0016715_sm/chr3L_610451-610651__chr3L_618388-618844,chr3L_610451-610651,chr3L_618388-618844,24.7,183.0,needle,10,0.5,0.1006724365451279,0.041675577,0.046790406,0.06304614,chr3L_610451-610651__chr3L_618388-618844,
neither,neither,/Users/jillianness/Desktop/SEbirthanalysis1024/new_LASTZ_analysis/enhancer_extraction/enhancer_pairs/FBgn0031776_vm_sm/chr2L_6075442-6075642__chr2L_6090073-6090445,chr2L_6075442-6075642,chr2L_6090073-6090445,24.7,193.5,needle,10,0.5,0.1076660009038676,0.067175557,0.042136588,0.072326049,chr2L_6075442-6075642__chr2L_6090073-6090445,
neither,neither,/Users/jillianness/Desktop/SEbirthanalysis1024/new_LASTZ_analysis/enhancer_extraction/enhancer_pairs/FBgn0020257_Spearman/chr2R_22311826-22312026__chr2R_22312131-22312433,chr2R_22311826-22312026,chr2R_22312131-22312433,24.7,171.5,needle,10,0.5,0.064372069,0.021984077,0.026881857,0.037746001,chr2R_22311826-22312026__chr2R_22312131-22312433,
neither,neither,/Users/jillianness/Desktop/SEbirthanalysis1024/new_LASTZ_analysis/enhancer_extraction/enhancer_pairs/D/chr3L_14152518-14152826__chr3L_14172843-14173610,chr3L_14152518-14152826,chr3L_14172843-14173610,24.7,288.0,needle,10,0.5,0.1105743052449359,0.019498962,0.022484834,0.0508527,chr3L_14152518-14152826__chr3L_14172843-14173610,
Flank,Flank,/Users/jillianness/Desktop/SEbirthanalysis1024/new_LASTZ_analysis/enhancer_extraction/enhancer_pairs/FBgn0004606_vm/chr3R_30781959-30782292__chr3R_30805779-30805979,chr3R_30781959-30782292,chr3R_30805779-30805979,24.6,146.0,needle,10,0.5,0.049933466,-0.002165103,-0.010034795,0.012577856,chr3R_30781959-30782292__chr3R_30805779-30805979,
neither,neither,/Users/jillianness/Desktop/SEbirthanalysis1024/new_LASTZ_analysis/enhancer_extraction/enhancer_pairs/FBgn0027111_Spearman/chr3L_247505-247705__chr3L_255201-255682,chr3L_247505-247705,chr3L_255201-255682,24.6,193.0,needle,10,0.5,0.098228021,0.039097986,0.023602577,0.053642861,chr3L_247505-247705__chr3L_255201-255682,
neither,neither,/Users/jillianness/Desktop/SEbirthanalysis1024/new_LASTZ_analysis/enhancer_extraction/enhancer_pairs/FBgn0003866_meso/chr2L_21797958-21798158__chr2L_21831155-21831728,chr2L_21797958-21798158,chr2L_21831155-21831728,24.6,230.0,needle,10,0.5,0.186453556,0.132562908,0.099076736,0.1393644,chr2L_21797958-21798158__chr2L_21831155-21831728,
neither,neither,/Users/jillianness/Desktop/SEbirthanalysis1024/new_LASTZ_analysis/enhancer_extraction/enhancer_pairs/D/chr3L_14153051-14154215__chr3L_14171965-14172435,chr3L_14153051-14154215,chr3L_14171965-14172435,24.6,427.5,needle,10,0.5,0.1951861474081898,0.081954165,0.057963421,0.1117012443672574,chr3L_14153051-14154215__chr3L_14171965-14172435,
enhancer_hit,enhancer_hit,/Users/jillianness/Desktop/SEbirthanalysis1024/new_LASTZ_analysis/enhancer_extraction/enhancer_pairs/FBgn0261800_Spearman/chr2L_7810046-7810246__chr2L_7828777-7829096,chr2L_7810046-7810246,chr2L_7828777-7829096,24.5,179.5,needle,10,0.5,0.1096673712586498,0.060072256,0.029704395,0.066481341,chr2L_7810046-7810246__chr2L_7828777-7829096,
neither,neither,/Users/jillianness/Desktop/SEbirthanalysis1024/new_LASTZ_analysis/enhancer_extraction/enhancer_pairs/FBgn0014877_Spearman/chr2R_13192033-13192233__chr2R_13195866-13196315,chr2R_13192033-13192233,chr2R_13195866-13196315,24.5,198.0,needle,10,0.5,0.056632788,-0.000397377,0.007443176,0.021226196,chr2R_13192033-13192233__chr2R_13195866-13196315,
neither,neither,/Users/jillianness/Desktop/SEbirthanalysis1024/new_LASTZ_analysis/enhancer_extraction/enhancer_pairs/FBgn0014877_Spearman/chr2R_13190587-13190787__chr2R_13199132-13199535,chr2R_13190587-13190787,chr2R_13199132-13199535,24.5,164.0,needle,10,0.5,0.061329097,0.006363812,0.007243698,0.024978869,chr2R_13190587-13190787__chr2R_13199132-13199535,
enhancer_hit,enhancer_hit,/Users/jillianness/Desktop/SEbirthanalysis1024/new_LASTZ_analysis/enhancer_extraction/enhancer_pairs/FBgn0004858_Spearman/chr2L_14443791-14444179__chr2L_14445719-14445919,chr2L_14443791-14444179,chr2L_14445719-14445919,24.4,198.5,needle,10,0.5,0.1343393547515856,0.085734336,0.047772371,0.089282021,chr2L_14443791-14444179__chr2L_14445719-14445919,
neither,neither,/Users/jillianness/Desktop/SEbirthanalysis1024/new_LASTZ_analysis/enhancer_extraction/enhancer_pairs/FBgn0024321_sm/chr3R_14346999-14347237__chr3R_14384206-14384447,chr3R_14346999-14347237,chr3R_14384206-14384447,24.4,105.5,needle,10,0.5,0.048961497,0.008219414,0.001847522,0.019676145,chr3R_14346999-14347237__chr3R_14384206-14384447,
neither,neither,/Users/jillianness/Desktop/SEbirthanalysis1024/new_LASTZ_analysis/enhancer_extraction/enhancer_pairs/FBgn0000667_vm/chrX_1967981-1968192__chrX_1995994-1996521,chrX_1967981-1968192,chrX_1995994-1996521,24.4,223.5,needle,10,0.5,0.1423790292159179,0.082498392,0.066915592,0.097264338,chrX_1967981-1968192__chrX_1995994-1996521,
enhancer_hit,enhancer_hit,/Users/jillianness/Desktop/SEbirthanalysis1024/new_LASTZ_analysis/enhancer_extraction/enhancer_pairs/FBgn0028369_Spearman/chrX_3100007-3100398__chrX_3103482-3103682,chrX_3100007-3100398,chrX_3103482-3103682,24.3,139.0,needle,10,0.5,0.083663806,0.052676689,0.073293219,0.069877905,chrX_3100007-3100398__chrX_3103482-3103682,
neither,neither,/Users/jillianness/Desktop/SEbirthanalysis1024/new_LASTZ_analysis/enhancer_extraction/enhancer_pairs/FBgn0000463_Spearman/chr3R_19326610-19326911__chr3R_19340770-19340970,chr3R_19326610-19326911,chr3R_19340770-19340970,24.3,121.0,needle,10,0.5,0.019540346,-0.027643845,-0.026523568,-0.011542356,chr3R_19326610-19326911__chr3R_19340770-19340970,
Flank,Flank,/Users/jillianness/Desktop/SEbirthanalysis1024/new_LASTZ_analysis/enhancer_extraction/enhancer_pairs/FBgn0030864_sm/chrX_17660173-17660373__chrX_17667811-17668233,chrX_17660173-17660373,chrX_17667811-17668233,24.2,206.0,needle,10,0.5,0.1187573704103789,0.062249101,0.063249684,0.081418718,chrX_17660173-17660373__chrX_17667811-17668233,
neither,neither,/Users/jillianness/Desktop/SEbirthanalysis1024/new_LASTZ_analysis/enhancer_extraction/enhancer_pairs/SoxN/chr2L_8841314-8841573__chr2L_8843634-8843738,chr2L_8841314-8841573,chr2L_8843634-8843738,24.2,81.0,needle,10,0.5,0.035373768,-0.000854883,0.00178765,0.012102178,chr2L_8841314-8841573__chr2L_8843634-8843738,
neither,neither,/Users/jillianness/Desktop/SEbirthanalysis1024/new_LASTZ_analysis/enhancer_extraction/enhancer_pairs/FBgn0021995_vm/chr2R_7775078-7775289__chr2R_7798993-7799522,chr2R_7775078-7775289,chr2R_7798993-7799522,24.2,201.0,needle,10,0.5,0.079943652,0.012992281,0.022979333,0.038638422,chr2R_7775078-7775289__chr2R_7798993-7799522,
neither,neither,/Users/jillianness/Desktop/SEbirthanalysis1024/new_LASTZ_analysis/enhancer_extraction/enhancer_pairs/FBgn0003889_sm/chr3R_9436206-9436581__chr3R_9437719-9437919,chr3R_9436206-9436581,chr3R_9437719-9437919,24.2,185.0,needle,10,0.5,0.075820514,0.018901906,0.015130154,0.036617525,chr3R_9436206-9436581__chr3R_9437719-9437919,
neither,neither,/Users/jillianness/Desktop/SEbirthanalysis1024/new_LASTZ_analysis/enhancer_extraction/enhancer_pairs/FBgn0015218_sm/chr3L_9382596-9382979__chr3L_9384190-9384390,chr3L_9382596-9382979,chr3L_9384190-9384390,24.2,123.0,needle,10,0.5,0.05568194,1.4418656257187508e-05,0.007138394,0.020944918,chr3L_9382596-9382979__chr3L_9384190-9384390,
neither,neither,/Users/jillianness/Desktop/SEbirthanalysis1024/new_LASTZ_analysis/enhancer_extraction/enhancer_pairs/FBgn0036460_Spearman/chr3L_14922238-14922460__chr3L_14938074-14938558,chr3L_14922238-14922460,chr3L_14938074-14938558,24.2,203.5,needle,10,0.5,0.1384091330895666,0.08004145,0.081017511,0.099822698,chr3L_14922238-14922460__chr3L_14938074-14938558,
neither,neither,/Users/jillianness/Desktop/SEbirthanalysis1024/new_LASTZ_analysis/enhancer_extraction/enhancer_pairs/FBgn0013750_sm/chr2R_14935843-14936180__chr2R_14976541-14977128,chr2R_14935843-14936180,chr2R_14976541-14977128,24.1,271.5,needle,10,0.5,0.1312122738078525,0.051994697,0.066162499,0.083123157,chr2R_14935843-14936180__chr2R_14976541-14977128,
neither,neither,/Users/jillianness/Desktop/SEbirthanalysis1024/new_LASTZ_analysis/enhancer_extraction/enhancer_pairs/FBgn0000667_vm/chrX_1995248-1995488__chrX_1995994-1996521,chrX_1995248-1995488,chrX_1995994-1996521,24.1,253.5,needle,10,0.5,0.074726538,0.009566209,0.01462988,0.032974209,chrX_1995248-1995488__chrX_1995994-1996521,
neither,neither,/Users/jillianness/Desktop/SEbirthanalysis1024/new_LASTZ_analysis/enhancer_extraction/enhancer_pairs/gt/chrX_2428917-2429320__chrX_2438227-2439238,chrX_2428917-2429320,chrX_2438227-2439238,23.9,362.5,needle,10,0.5,0.131580454,0.016769581,0.016117721,0.054822585,chrX_2428917-2429320__chrX_2438227-2439238,
neither,neither,/Users/jillianness/Desktop/SEbirthanalysis1024/new_LASTZ_analysis/enhancer_extraction/enhancer_pairs/FBgn0016930_vm/chr2L_14211117-14211371__chr2L_14245654-14246036,chr2L_14211117-14211371,chr2L_14245654-14246036,23.8,153.0,needle,10,0.5,0.066437648,0.000253302,-0.01193274,0.018252737,chr2L_14211117-14211371__chr2L_14245654-14246036,
neither,neither,/Users/jillianness/Desktop/SEbirthanalysis1024/new_LASTZ_analysis/enhancer_extraction/enhancer_pairs/FBgn0035379_sm/chr3L_2890005-2890205__chr3L_2902176-2902376,chr3L_2890005-2890205,chr3L_2902176-2902376,23.8,114.0,needle,10,0.5,0.087742087,0.0490208,0.046276652,0.06101318,chr3L_2890005-2890205__chr3L_2902176-2902376,
neither,neither,/Users/jillianness/Desktop/SEbirthanalysis1024/new_LASTZ_analysis/enhancer_extraction/enhancer_pairs/FBgn0021767_sm/chrX_8371202-8371498__chrX_8405949-8406843,chrX_8371202-8371498,chrX_8405949-8406843,23.8,331.5,needle,10,0.5,0.1113993613440187,0.023805435,0.039500151,0.058234983,chrX_8371202-8371498__chrX_8405949-8406843,
neither,neither,/Users/jillianness/Desktop/SEbirthanalysis1024/new_LASTZ_analysis/enhancer_extraction/enhancer_pairs/FBgn0004169_vm_sm/chrX_13540438-13540671__chrX_13544237-13544746,chrX_13540438-13540671,chrX_13544237-13544746,23.8,206.5,needle,10,0.5,0.050529847,-0.018268489,-0.020669852,0.003863835,chrX_13540438-13540671__chrX_13544237-13544746,
neither,neither,/Users/jillianness/Desktop/SEbirthanalysis1024/new_LASTZ_analysis/enhancer_extraction/enhancer_pairs/FBgn0014877_Spearman/chr2R_13192033-13192233__chr2R_13194170-13194587,chr2R_13192033-13192233,chr2R_13194170-13194587,23.8,151.5,needle,10,0.5,0.052190688,0.00106625,0.00058717,0.017948036,chr2R_13192033-13192233__chr2R_13194170-13194587,
neither,neither,/Users/jillianness/Desktop/SEbirthanalysis1024/new_LASTZ_analysis/enhancer_extraction/enhancer_pairs/FBgn0000046_vm/chr3R_13448043-13448596__chr3R_13448995-13449256,chr3R_13448043-13448596,chr3R_13448995-13449256,23.8,240.5,needle,10,0.5,0.1125819585285216,0.040194105,0.054733469,0.069169844,chr3R_13448043-13448596__chr3R_13448995-13449256,
neither,neither,/Users/jillianness/Desktop/SEbirthanalysis1024/new_LASTZ_analysis/enhancer_extraction/enhancer_pairs/SoxN/chr2L_8841314-8841573__chr2L_8842046-8842771,chr2L_8841314-8841573,chr2L_8842046-8842771,23.7,216.5,needle,10,0.5,0.081891418,-0.005708656,-0.010787618,0.021798381,chr2L_8841314-8841573__chr2L_8842046-8842771,
neither,neither,/Users/jillianness/Desktop/SEbirthanalysis1024/new_LASTZ_analysis/enhancer_extraction/enhancer_pairs/FBgn0053207_Spearman/chr3R_15647486-15647986__chr3R_15671596-15671796,chr3R_15647486-15647986,chr3R_15671596-15671796,23.7,173.0,needle,10,0.5,0.071897805,0.016386645,0.017652537,0.035312329,chr3R_15647486-15647986__chr3R_15671596-15671796,
neither,neither,/Users/jillianness/Desktop/SEbirthanalysis1024/new_LASTZ_analysis/enhancer_extraction/enhancer_pairs/FBgn0040071_Spearman/chr3R_16235670-16236148__chr3R_16256084-16256284,chr3R_16235670-16236148,chr3R_16256084-16256284,23.7,181.5,needle,10,0.5,0.1108865700310573,0.053358112,0.06730105,0.077181911,chr3R_16235670-16236148__chr3R_16256084-16256284,
neither,neither,/Users/jillianness/Desktop/SEbirthanalysis1024/new_LASTZ_analysis/enhancer_extraction/enhancer_pairs/FBgn0011656_vm/chr2R_9557786-9557986__chr2R_9562047-9562495,chr2R_9557786-9557986,chr2R_9562047-9562495,23.7,199.5,needle,10,0.5,0.076024412,0.022152512,0.032337698,0.043504874,chr2R_9557786-9557986__chr2R_9562047-9562495,
neither,neither,/Users/jillianness/Desktop/SEbirthanalysis1024/new_LASTZ_analysis/enhancer_extraction/enhancer_pairs/FBgn0011656_sm/chr2R_9557786-9557986__chr2R_9559487-9559979,chr2R_9557786-9557986,chr2R_9559487-9559979,23.7,206.0,needle,10,0.5,0.085190561,0.029107998,0.04659287,0.053630476,chr2R_9557786-9557986__chr2R_9559487-9559979,
neither,neither,/Users/jillianness/Desktop/SEbirthanalysis1024/new_LASTZ_analysis/enhancer_extraction/enhancer_pairs/FBgn0032961_Spearman/chr2L_21831155-21831728__chr2L_21836087-21836312,chr2L_21831155-21831728,chr2L_21836087-21836312,23.6,194.0,needle,10,0.5,0.091312391,0.019579833,0.009230362,0.040040862,chr2L_21831155-21831728__chr2L_21836087-21836312,
neither,neither,/Users/jillianness/Desktop/SEbirthanalysis1024/new_LASTZ_analysis/enhancer_extraction/enhancer_pairs/FBgn0011656_vm/chr2R_9562516-9562910__chr2R_9567242-9567442,chr2R_9562516-9562910,chr2R_9567242-9567442,23.6,133.0,needle,10,0.5,0.042574043,-0.014634069,-0.014594958,0.004448339,chr2R_9562516-9562910__chr2R_9567242-9567442,
neither,neither,/Users/jillianness/Desktop/SEbirthanalysis1024/new_LASTZ_analysis/enhancer_extraction/enhancer_pairs/FBgn0000479_sm/chrX_3328623-3328837__chrX_3331542-3331742,chrX_3328623-3328837,chrX_3331542-3331742,23.6,126.0,needle,10,0.5,0.1092164458324882,0.074583282,0.020699399,0.068166376,chrX_3328623-3328837__chrX_3331542-3331742,
neither,neither,/Users/jillianness/Desktop/SEbirthanalysis1024/new_LASTZ_analysis/enhancer_extraction/enhancer_pairs/FBgn0000463_Spearman/chr3R_19329924-19330208__chr3R_19343351-19343609,chr3R_19329924-19330208,chr3R_19343351-19343609,23.6,180.5,needle,10,0.5,0.083066245,0.029641047,0.028407613,0.047038302,chr3R_19329924-19330208__chr3R_19343351-19343609,
neither,neither,/Users/jillianness/Desktop/SEbirthanalysis1024/new_LASTZ_analysis/enhancer_extraction/enhancer_pairs/FBgn0052296_vm_sm/chr3L_2728464-2728664__chr3L_2732331-2732531,chr3L_2728464-2728664,chr3L_2732331-2732531,23.5,142.5,needle,10,0.5,0.055996273,0.022140719,0.038271016,0.038802669,chr3L_2728464-2728664__chr3L_2732331-2732531,
neither,neither,/Users/jillianness/Desktop/SEbirthanalysis1024/new_LASTZ_analysis/enhancer_extraction/enhancer_pairs/FBgn0037608_vm/chr3R_8664993-8665193__chr3R_8668848-8669048,chr3R_8664993-8665193,chr3R_8668848-8669048,23.4,145.0,needle,10,0.5,0.08262666,0.044041557,0.048384536,0.058350918,chr3R_8664993-8665193__chr3R_8668848-8669048,
neither,neither,/Users/jillianness/Desktop/SEbirthanalysis1024/new_LASTZ_analysis/enhancer_extraction/enhancer_pairs/FBgn0016120_sm/chr3R_19091653-19091872__chr3R_19092386-19092991,chr3R_19091653-19091872,chr3R_19092386-19092991,23.4,220.0,needle,10,0.5,0.2147660451479041,0.1613551831596107,0.055538474,0.143886567,chr3R_19091653-19091872__chr3R_19092386-19092991,
neither,neither,/Users/jillianness/Desktop/SEbirthanalysis1024/new_LASTZ_analysis/enhancer_extraction/enhancer_pairs/DI/chr3R_19316385-19316666__chr3R_19341536-19342363,chr3R_19316385-19316666,chr3R_19341536-19342363,23.4,289.5,needle,10,0.5,0.1184163666789177,0.027724974,0.022712982,0.056284774,chr3R_19316385-19316666__chr3R_19341536-19342363,
neither,neither,/Users/jillianness/Desktop/SEbirthanalysis1024/new_LASTZ_analysis/enhancer_extraction/enhancer_pairs/FBgn0004108_vm/chr3L_16739977-16740479__chr3L_16775645-16775870,chr3L_16739977-16740479,chr3L_16775645-16775870,23.4,178.5,needle,10,0.5,0.079122905,0.009428552,0.013317534,0.03395633,chr3L_16739977-16740479__chr3L_16775645-16775870,
neither,neither,/Users/jillianness/Desktop/SEbirthanalysis1024/new_LASTZ_analysis/enhancer_extraction/enhancer_pairs/FBgn0000479_sm/chrX_3036092-3036292__chrX_3096802-3097002,chrX_3036092-3036292,chrX_3096802-3097002,23.4,106.5,needle,10,0.5,0.060071346,0.017945743,0.009907614,0.029308234,chrX_3036092-3036292__chrX_3096802-3097002,
neither,neither,/Users/jillianness/Desktop/SEbirthanalysis1024/new_LASTZ_analysis/enhancer_extraction/enhancer_pairs/FBgn0000667_vm/chrX_1994981-1995181__chrX_1995994-1996521,chrX_1994981-1995181,chrX_1995994-1996521,23.4,206.0,needle,10,0.5,0.071940052,0.02218876,0.033873475,0.042667429,chrX_1994981-1995181__chrX_1995994-1996521,
neither,neither,/Users/jillianness/Desktop/SEbirthanalysis1024/new_LASTZ_analysis/enhancer_extraction/enhancer_pairs/prd/chr2L_12089073-12089963__chr2L_12090222-12090543,chr2L_12089073-12089963,chr2L_12090222-12090543,23.4,339.0,needle,10,0.5,0.1649820718367303,0.067712247,0.073469411,0.1020545764861141,chr2L_12089073-12089963__chr2L_12090222-12090543,
neither,neither,/Users/jillianness/Desktop/SEbirthanalysis1024/new_LASTZ_analysis/enhancer_extraction/enhancer_pairs/FBgn0036460_Spearman/chr3L_14931009-14931209__chr3L_14939995-14940646,chr3L_14931009-14931209,chr3L_14939995-14940646,23.4,228.5,needle,10,0.5,0.051690211,-0.022487414,-0.020252574,0.002983408,chr3L_14931009-14931209__chr3L_14939995-14940646,
neither,neither,/Users/jillianness/Desktop/SEbirthanalysis1024/new_LASTZ_analysis/enhancer_extraction/enhancer_pairs/SoxN/chr2L_8840416-8841144__chr2L_8841314-8841573,chr2L_8840416-8841144,chr2L_8841314-8841573,23.3,271.5,needle,10,0.5,0.079487522,-0.008216266,-0.024411895,0.015619787,chr2L_8840416-8841144__chr2L_8841314-8841573,
neither,neither,/Users/jillianness/Desktop/SEbirthanalysis1024/new_LASTZ_analysis/enhancer_extraction/enhancer_pairs/FBgn0035656_Spearman/chr3L_5974676-5975048__chr3L_5982072-5982272,chr3L_5974676-5975048,chr3L_5982072-5982272,23.3,164.0,needle,10,0.5,0.053668255,0.001663268,-0.003846253,0.017161757,chr3L_5974676-5975048__chr3L_5982072-5982272,
neither,neither,/Users/jillianness/Desktop/SEbirthanalysis1024/new_LASTZ_analysis/enhancer_extraction/enhancer_pairs/FBgn0003866_meso/chr2L_21797958-21798158__chr2L_21840673-21841262,chr2L_21797958-21798158,chr2L_21840673-21841262,23.3,246.5,needle,10,0.5,0.1396406549404119,0.081145188,0.047667527,0.089484457,chr2L_21797958-21798158__chr2L_21840673-21841262,
neither,neither,/Users/jillianness/Desktop/SEbirthanalysis1024/new_LASTZ_analysis/enhancer_extraction/enhancer_pairs/prd/chr2L_12082256-12083149__chr2L_12090222-12090543,chr2L_12082256-12083149,chr2L_12090222-12090543,23.3,305.0,needle,10,0.5,0.1162215381622508,0.012980706,0.026394496,0.05186558,chr2L_12082256-12083149__chr2L_12090222-12090543,
neither,neither,/Users/jillianness/Desktop/SEbirthanalysis1024/new_LASTZ_analysis/enhancer_extraction/enhancer_pairs/FBgn0036460_Spearman/chr3L_14938074-14938558__chr3L_14941342-14941625,chr3L_14938074-14938558,chr3L_14941342-14941625,23.3,220.0,needle,10,0.5,0.079280145,0.003765386,0.016663803,0.033236445,chr3L_14938074-14938558__chr3L_14941342-14941625,
neither,neither,/Users/jillianness/Desktop/SEbirthanalysis1024/new_LASTZ_analysis/enhancer_extraction/enhancer_pairs/FBgn0003997_vm/chr3L_18216020-18216270__chr3L_18223141-18223473,chr3L_18216020-18216270,chr3L_18223141-18223473,23.3,172.5,needle,10,0.5,0.047029801,-0.015235384,-0.020371081,0.003807779,chr3L_18216020-18216270__chr3L_18223141-18223473,
neither,neither,/Users/jillianness/Desktop/SEbirthanalysis1024/new_LASTZ_analysis/enhancer_extraction/enhancer_pairs/DI/chr3R_19316385-19316666__chr3R_19340454-19341279,chr3R_19316385-19316666,chr3R_19340454-19341279,23.2,310.5,needle,10,0.5,0.1228384537279988,0.039669384,0.033462933,0.06532359,chr3R_19316385-19316666__chr3R_19340454-19341279,
neither,neither,/Users/jillianness/Desktop/SEbirthanalysis1024/new_LASTZ_analysis/enhancer_extraction/enhancer_pairs/gt/chrX_2431852-2432159__chrX_2432829-2432949,chrX_2431852-2432159,chrX_2432829-2432949,23.2,121.0,needle,10,0.5,0.077413607,0.040572103,0.04251889,0.053501534,chrX_2431852-2432159__chrX_2432829-2432949,
neither,neither,/Users/jillianness/Desktop/SEbirthanalysis1024/new_LASTZ_analysis/enhancer_extraction/enhancer_pairs/FBgn0014877_Spearman/chr2R_13196419-13196619__chr2R_13199132-13199535,chr2R_13196419-13196619,chr2R_13199132-13199535,23.2,193.5,needle,10,0.5,0.1008801725341819,0.0457044,0.021422465,0.056002346,chr2R_13196419-13196619__chr2R_13199132-13199535,
neither,neither,/Users/jillianness/Desktop/SEbirthanalysis1024/new_LASTZ_analysis/enhancer_extraction/enhancer_pairs/FBgn0036460_Spearman/chr3L_14930753-14930953__chr3L_14938074-14938558,chr3L_14930753-14930953,chr3L_14938074-14938558,23.2,204.0,needle,10,0.5,0.1082759483851781,0.051463558,0.050035657,0.069925054,chr3L_14930753-14930953__chr3L_14938074-14938558,
neither,neither,/Users/jillianness/Desktop/SEbirthanalysis1024/new_LASTZ_analysis/enhancer_extraction/enhancer_pairs/FBgn0034072_Spearman/chr2R_15720559-15720844__chr2R_15757455-15757986,chr2R_15720559-15720844,chr2R_15757455-15757986,23.1,201.5,needle,10,0.5,0.076888688,0.002348696,0.010389445,0.02987561,chr2R_15720559-15720844__chr2R_15757455-15757986,
neither,neither,/Users/jillianness/Desktop/SEbirthanalysis1024/new_LASTZ_analysis/enhancer_extraction/enhancer_pairs/FBgn0036460_Spearman/chr3L_14922238-14922460__chr3L_14931009-14931209,chr3L_14922238-14922460,chr3L_14931009-14931209,23.1,78.5,needle,10,0.5,0.036975097,-0.005709947,-0.003761821,0.009167776,chr3L_14922238-14922460__chr3L_14931009-14931209,
neither,neither,/Users/jillianness/Desktop/SEbirthanalysis1024/new_LASTZ_analysis/enhancer_extraction/enhancer_pairs/FBgn0040071_Spearman/chr3R_16208035-16208235__chr3R_16235670-16236148,chr3R_16208035-16208235,chr3R_16235670-16236148,23.0,157.5,needle,10,0.5,0.1026562713634903,0.047776837,0.049759033,0.066730714,chr3R_16208035-16208235__chr3R_16235670-16236148,
neither,neither,/Users/jillianness/Desktop/SEbirthanalysis1024/new_LASTZ_analysis/enhancer_extraction/enhancer_pairs/FBgn0014877_sm/chr2R_13192361-13193251__chr2R_13195553-13195864,chr2R_13192361-13193251,chr2R_13195553-13195864,23.0,311.0,needle,10,0.5,0.1679384626499447,0.078050059,0.068504332,0.1048309512655151,chr2R_13192361-13193251__chr2R_13195553-13195864,
neither,neither,/Users/jillianness/Desktop/SEbirthanalysis1024/new_LASTZ_analysis/enhancer_extraction/enhancer_pairs/FBgn0001122_Spearman/chr2R_10098614-10098835__chr2R_10104067-10104664,chr2R_10098614-10098835,chr2R_10104067-10104664,23.0,174.5,needle,10,0.5,0.082480941,0.015927097,0.014388598,0.037598879,chr2R_10098614-10098835__chr2R_10104067-10104664,
neither,neither,/Users/jillianness/Desktop/SEbirthanalysis1024/new_LASTZ_analysis/enhancer_extraction/enhancer_pairs/FBgn0004606_sm/chr3R_30796870-30797305__chr3R_30805779-30805979,chr3R_30796870-30797305,chr3R_30805779-30805979,22.9,160.5,needle,10,0.5,0.079516243,0.024874069,0.01070413,0.038364814,chr3R_30796870-30797305__chr3R_30805779-30805979,
neither,neither,/Users/jillianness/Desktop/SEbirthanalysis1024/new_LASTZ_analysis/enhancer_extraction/enhancer_pairs/FBgn0002733_Spearman/chr3R_26006043-26006577__chr3R_26009977-26010219,chr3R_26006043-26006577,chr3R_26009977-26010219,22.9,179.5,needle,10,0.5,0.1292879937889915,0.061979655,0.03591141,0.075726353,chr3R_26006043-26006577__chr3R_26009977-26010219,
neither,neither,/Users/jillianness/Desktop/SEbirthanalysis1024/new_LASTZ_analysis/enhancer_extraction/enhancer_pairs/FBgn0036282_sm/chr3L_12372005-12372320__chr3L_12389231-12389431,chr3L_12372005-12372320,chr3L_12389231-12389431,22.9,111.5,needle,10,0.5,0.014390538,-0.040987965,-0.04584258,-0.024146669,chr3L_12372005-12372320__chr3L_12389231-12389431,
neither,neither,/Users/jillianness/Desktop/SEbirthanalysis1024/new_LASTZ_analysis/enhancer_extraction/enhancer_pairs/FBgn0000463_Spearman/chr3R_19339027-19339227__chr3R_19346468-19346888,chr3R_19339027-19339227,chr3R_19346468-19346888,22.9,165.0,needle,10,0.5,0.088360854,0.030080879,0.031865343,0.050102359,chr3R_19339027-19339227__chr3R_19346468-19346888,
neither,neither,/Users/jillianness/Desktop/SEbirthanalysis1024/new_LASTZ_analysis/enhancer_extraction/enhancer_pairs/FBgn0030789_Spearman/chrX_16749348-16749563__chrX_16752356-16752964,chrX_16749348-16749563,chrX_16752356-16752964,22.8,244.5,needle,10,0.5,0.1445028371317354,0.082836999,0.069608833,0.098982889,chrX_16749348-16749563__chrX_16752356-16752964,
neither,neither,/Users/jillianness/Desktop/SEbirthanalysis1024/new_LASTZ_analysis/enhancer_extraction/enhancer_pairs/FBgn0002733_Spearman/chr3R_26009977-26010219__chr3R_26018200-26018652,chr3R_26009977-26010219,chr3R_26018200-26018652,22.8,174.5,needle,10,0.5,0.097353684,0.033345414,0.028962242,0.053220447,chr3R_26009977-26010219__chr3R_26018200-26018652,
neither,neither,/Users/jillianness/Desktop/SEbirthanalysis1024/new_LASTZ_analysis/enhancer_extraction/enhancer_pairs/FBgn0024321_sm/chr3R_14372918-14373876__chr3R_14386667-14387031,chr3R_14372918-14373876,chr3R_14386667-14387031,22.8,387.0,needle,10,0.5,0.1785815500572957,0.095206389,0.093476039,0.1224213258652568,chr3R_14372918-14373876__chr3R_14386667-14387031,
neither,neither,/Users/jillianness/Desktop/SEbirthanalysis1024/new_LASTZ_analysis/enhancer_extraction/enhancer_pairs/FBgn0011656_sm/chr2R_9555902-9556546__chr2R_9567242-9567442,chr2R_9555902-9556546,chr2R_9567242-9567442,22.7,221.0,needle,10,0.5,0.057832731,-0.013706662,-0.009907222,0.011406282,chr2R_9555902-9556546__chr2R_9567242-9567442,
neither,neither,/Users/jillianness/Desktop/SEbirthanalysis1024/new_LASTZ_analysis/enhancer_extraction/enhancer_pairs/FBgn0000463_Spearman/chr3R_19317230-19317464__chr3R_19326610-19326911,chr3R_19317230-19317464,chr3R_19326610-19326911,22.7,148.0,needle,10,0.5,0.097790338,0.04810164,0.024933739,0.056941906,chr3R_19317230-19317464__chr3R_19326610-19326911,
enhancer_hit,enhancer_hit,/Users/jillianness/Desktop/SEbirthanalysis1024/new_LASTZ_analysis/enhancer_extraction/enhancer_pairs/FBgn0024321_sm/chr3R_14346999-14347237__chr3R_14382371-14382571,chr3R_14346999-14347237,chr3R_14382371-14382571,22.6,105.0,needle,10,0.5,0.094018496,0.06719193,0.075667608,0.078959345,chr3R_14346999-14347237__chr3R_14382371-14382571,
neither,neither,/Users/jillianness/Desktop/SEbirthanalysis1024/new_LASTZ_analysis/enhancer_extraction/enhancer_pairs/FBgn0005771_Spearman/chr2L_14497639-14498275__chr2L_14540200-14540420,chr2L_14497639-14498275,chr2L_14540200-14540420,22.6,212.0,needle,10,0.5,0.1263040442934647,0.056217975,0.026186837,0.069569619,chr2L_14497639-14498275__chr2L_14540200-14540420,
neither,neither,/Users/jillianness/Desktop/SEbirthanalysis1024/new_LASTZ_analysis/enhancer_extraction/enhancer_pairs/FBgn0000463_Spearman/chr3R_19326610-19326911__chr3R_19339027-19339227,chr3R_19326610-19326911,chr3R_19339027-19339227,22.6,121.0,needle,10,0.5,0.06232143,0.014231174,0.015624676,0.03072576,chr3R_19326610-19326911__chr3R_19339027-19339227,
neither,neither,/Users/jillianness/Desktop/SEbirthanalysis1024/new_LASTZ_analysis/enhancer_extraction/enhancer_pairs/FBgn0000261_sm/chr3L_18792529-18792729__chr3L_18812160-18812714,chr3L_18792529-18792729,chr3L_18812160-18812714,22.5,230.0,needle,10,0.5,0.081275102,0.026959735,0.038555557,0.048930132,chr3L_18792529-18792729__chr3L_18812160-18812714,
neither,neither,/Users/jillianness/Desktop/SEbirthanalysis1024/new_LASTZ_analysis/enhancer_extraction/enhancer_pairs/FBgn0037207_meso/chr3L_22888570-22889072__chr3L_22893393-22893593,chr3L_22888570-22889072,chr3L_22893393-22893593,22.5,169.0,needle,10,0.5,0.054650751,-0.014510696,-0.019016153,0.007041301,chr3L_22888570-22889072__chr3L_22893393-22893593,
neither,neither,/Users/jillianness/Desktop/SEbirthanalysis1024/new_LASTZ_analysis/enhancer_extraction/enhancer_pairs/FBgn0015773_vm/chrX_14567039-14567412__chrX_14655967-14656167,chrX_14567039-14567412,chrX_14655967-14656167,22.4,123.0,needle,10,0.5,0.047646117,0.011796141,0.025902889,0.028448382,chrX_14567039-14567412__chrX_14655967-14656167,
neither,neither,/Users/jillianness/Desktop/SEbirthanalysis1024/new_LASTZ_analysis/enhancer_extraction/enhancer_pairs/FBgn0030406_Spearman/chrX_12516060-12516615__chrX_12551912-12552112,chrX_12516060-12516615,chrX_12551912-12552112,22.4,184.0,needle,10,0.5,0.02964053,-0.032133818,-0.026832887,-0.009775391,chrX_12516060-12516615__chrX_12551912-12552112,
neither,neither,/Users/jillianness/Desktop/SEbirthanalysis1024/new_LASTZ_analysis/enhancer_extraction/enhancer_pairs/FBgn0004167_vm/chr3L_3320367-3320567__chr3L_3384074-3384511,chr3L_3320367-3320567,chr3L_3384074-3384511,22.4,164.0,needle,10,0.5,0.049243592,-0.015069172,-0.013124025,0.007016798,chr3L_3320367-3320567__chr3L_3384074-3384511,
neither,neither,/Users/jillianness/Desktop/SEbirthanalysis1024/new_LASTZ_analysis/enhancer_extraction/enhancer_pairs/SoxN/chr2L_8809398-8810868__chr2L_8845956-8846437,chr2L_8809398-8810868,chr2L_8845956-8846437,22.2,455.5,needle,10,0.5,0.188366246,0.045542899,0.044489062,0.092799402,chr2L_8809398-8810868__chr2L_8845956-8846437,
neither,neither,/Users/jillianness/Desktop/SEbirthanalysis1024/new_LASTZ_analysis/enhancer_extraction/enhancer_pairs/FBgn0032961_Spearman/chr2L_21835353-21835553__chr2L_21840673-21841262,chr2L_21835353-21835553,chr2L_21840673-21841262,22.2,233.5,needle,10,0.5,0.072499094,0.003250679,0.009449192,0.028399655,chr2L_21835353-21835553__chr2L_21840673-21841262,
neither,neither,/Users/jillianness/Desktop/SEbirthanalysis1024/new_LASTZ_analysis/enhancer_extraction/enhancer_pairs/FBgn0014877_Spearman/chr2R_13196419-13196619__chr2R_13198071-13198730,chr2R_13196419-13196619,chr2R_13198071-13198730,22.2,245.0,needle,10,0.5,0.096438371,0.030487002,0.022335581,0.049753651,chr2R_13196419-13196619__chr2R_13198071-13198730,
neither,neither,/Users/jillianness/Desktop/SEbirthanalysis1024/new_LASTZ_analysis/enhancer_extraction/enhancer_pairs/FBgn0036460_Spearman/chr3L_14922238-14922460__chr3L_14939995-14940646,chr3L_14922238-14922460,chr3L_14939995-14940646,22.1,205.0,needle,10,0.5,0.1139414243870929,0.042653213,0.037412673,0.064669103,chr3L_14922238-14922460__chr3L_14939995-14940646,
neither,neither,/Users/jillianness/Desktop/SEbirthanalysis1024/new_LASTZ_analysis/enhancer_extraction/enhancer_pairs/FBgn0020513_Spearman/chrX_12673789-12674154__chrX_12675733-12676468,chrX_12673789-12674154,chrX_12675733-12676468,22.1,275.0,needle,10,0.5,0.1103478179514254,0.0318304,0.026081298,0.056086505,chrX_12673789-12674154__chrX_12675733-12676468,
neither,neither,/Users/jillianness/Desktop/SEbirthanalysis1024/new_LASTZ_analysis/enhancer_extraction/enhancer_pairs/FBgn0005771_vm/chr2L_14476624-14476824__chr2L_14527451-14527987,chr2L_14476624-14476824,chr2L_14527451-14527987,22.0,210.0,needle,10,0.5,0.088418554,0.03314052,0.031533795,0.051030956,chr2L_14476624-14476824__chr2L_14527451-14527987,
neither,neither,/Users/jillianness/Desktop/SEbirthanalysis1024/new_LASTZ_analysis/enhancer_extraction/enhancer_pairs/FBgn0027111_vm/chr3L_254348-254880__chr3L_278816-279016,chr3L_254348-254880,chr3L_278816-279016,22.0,179.5,needle,10,0.5,0.046136723,-0.028533738,-0.025697461,-0.002698159,chr3L_254348-254880__chr3L_278816-279016,
neither,neither,/Users/jillianness/Desktop/SEbirthanalysis1024/new_LASTZ_analysis/enhancer_extraction/enhancer_pairs/FBgn0032724_Spearman/chr2L_18926370-18926570__chr2L_18972587-18973068,chr2L_18926370-18926570,chr2L_18972587-18973068,22.0,174.5,needle,10,0.5,0.068838874,0.004137103,0.00854824,0.027174739,chr2L_18926370-18926570__chr2L_18972587-18973068,
neither,neither,/Users/jillianness/Desktop/SEbirthanalysis1024/new_LASTZ_analysis/enhancer_extraction/enhancer_pairs/FBgn0032961_Spearman/chr2L_21831155-21831728__chr2L_21835353-21835553,chr2L_21831155-21831728,chr2L_21835353-21835553,21.9,186.0,needle,10,0.5,0.058310313,-0.01110687,-0.006118954,0.01369483,chr2L_21831155-21831728__chr2L_21835353-21835553,
neither,neither,/Users/jillianness/Desktop/SEbirthanalysis1024/new_LASTZ_analysis/enhancer_extraction/enhancer_pairs/FBgn0003285_vm/chrX_2937051-2937571__chrX_3035626-3035842,chrX_2937051-2937571,chrX_3035626-3035842,21.9,165.5,needle,10,0.5,0.039041874,-0.016428772,-0.006695953,0.005305716,chrX_2937051-2937571__chrX_3035626-3035842,
neither,neither,/Users/jillianness/Desktop/SEbirthanalysis1024/new_LASTZ_analysis/enhancer_extraction/enhancer_pairs/FBgn0003071_sm/chr2R_9741763-9741963__chr2R_9748242-9748798,chr2R_9741763-9741963,chr2R_9748242-9748798,21.9,154.5,needle,10,0.5,0.044285644,-0.004389036,0.005996874,0.015297827,chr2R_9741763-9741963__chr2R_9748242-9748798,
neither,neither,/Users/jillianness/Desktop/SEbirthanalysis1024/new_LASTZ_analysis/enhancer_extraction/enhancer_pairs/FBgn0033426_vm_sm/chr2R_9168156-9168363__chr2R_9176883-9177262,chr2R_9168156-9168363,chr2R_9176883-9177262,21.8,164.5,needle,10,0.5,0.071743005,0.009345411,0.014666208,0.031918208,chr2R_9168156-9168363__chr2R_9176883-9177262,
neither,neither,/Users/jillianness/Desktop/SEbirthanalysis1024/new_LASTZ_analysis/enhancer_extraction/enhancer_pairs/FBgn0000228_sm/chr2L_5245229-5245858__chr2L_5247934-5248134,chr2L_5245229-5245858,chr2L_5247934-5248134,21.7,179.0,needle,10,0.5,0.1069756805668752,0.045833522,0.051501706,0.068103636,chr2L_5245229-5245858__chr2L_5247934-5248134,
neither,neither,/Users/jillianness/Desktop/SEbirthanalysis1024/new_LASTZ_analysis/enhancer_extraction/enhancer_pairs/FBgn0029939_Spearman/chrX_7140434-7140797__chrX_7177324-7177678,chrX_7140434-7140797,chrX_7177324-7177678,21.7,187.0,needle,10,0.5,0.066274729,0.001135861,0.000353327,0.022587972,chrX_7140434-7140797__chrX_7177324-7177678,
neither,neither,/Users/jillianness/Desktop/SEbirthanalysis1024/new_LASTZ_analysis/enhancer_extraction/enhancer_pairs/CG10479/chr3L_5979576-5979770__chr3L_5991306-5991899,chr3L_5979576-5979770,chr3L_5991306-5991899,21.6,180.5,needle,10,0.5,0.071980624,0.002425679,0.0034543,0.025953534,chr3L_5979576-5979770__chr3L_5991306-5991899,
neither,neither,/Users/jillianness/Desktop/SEbirthanalysis1024/new_LASTZ_analysis/enhancer_extraction/enhancer_pairs/FBgn0000015_sm/chr3R_16904976-16905213__chr3R_16938077-16938336,chr3R_16904976-16905213,chr3R_16938077-16938336,21.6,146.0,needle,10,0.5,0.062807851,0.020674396,0.039500257,0.040994168,chr3R_16904976-16905213__chr3R_16938077-16938336,
neither,neither,/Users/jillianness/Desktop/SEbirthanalysis1024/new_LASTZ_analysis/enhancer_extraction/enhancer_pairs/FBgn0035379_sm/chr3L_2836046-2836310__chr3L_2890005-2890205,chr3L_2836046-2836310,chr3L_2890005-2890205,21.5,156.5,needle,10,0.5,0.1060203057755132,0.065331798,0.042202957,0.07118502,chr3L_2836046-2836310__chr3L_2890005-2890205,
neither,neither,/Users/jillianness/Desktop/SEbirthanalysis1024/new_LASTZ_analysis/enhancer_extraction/enhancer_pairs/FBgn0002733_Spearman/chr3R_25997262-25997462__chr3R_26006043-26006577,chr3R_25997262-25997462,chr3R_26006043-26006577,21.5,171.5,needle,10,0.5,0.1011259214860125,0.040237954,0.043624373,0.061662749,chr3R_25997262-25997462__chr3R_26006043-26006577,
neither,neither,/Users/jillianness/Desktop/SEbirthanalysis1024/new_LASTZ_analysis/enhancer_extraction/enhancer_pairs/gt/chrX_2437107-2437533__chrX_2440952-2442340,chrX_2437107-2437533,chrX_2440952-2442340,21.4,432.5,needle,10,0.5,0.1885789241148447,0.062019576,0.035147951,0.095248817,chrX_2437107-2437533__chrX_2440952-2442340,
neither,neither,/Users/jillianness/Desktop/SEbirthanalysis1024/new_LASTZ_analysis/enhancer_extraction/enhancer_pairs/FBgn0040071_Spearman/chr3R_16236366-16236648__chr3R_16254794-16255607,chr3R_16236366-16236648,chr3R_16254794-16255607,21.4,213.5,needle,10,0.5,0.087949768,0.004020088,-0.002717896,0.029750653,chr3R_16236366-16236648__chr3R_16254794-16255607,
neither,neither,/Users/jillianness/Desktop/SEbirthanalysis1024/new_LASTZ_analysis/enhancer_extraction/enhancer_pairs/FBgn0036460_Spearman/chr3L_14939995-14940646__chr3L_14941342-14941625,chr3L_14939995-14940646,chr3L_14941342-14941625,21.4,242.0,needle,10,0.5,0.103545669,0.016060627,0.018116888,0.045907728,chr3L_14939995-14940646__chr3L_14941342-14941625,
neither,neither,/Users/jillianness/Desktop/SEbirthanalysis1024/new_LASTZ_analysis/enhancer_extraction/enhancer_pairs/SoxN/chr2L_8841314-8841573__chr2L_8846495-8847235,chr2L_8841314-8841573,chr2L_8846495-8847235,21.3,266.0,needle,10,0.5,0.1171227320882424,0.027980625,0.031825818,0.058976392,chr2L_8841314-8841573__chr2L_8846495-8847235,
neither,neither,/Users/jillianness/Desktop/SEbirthanalysis1024/new_LASTZ_analysis/enhancer_extraction/enhancer_pairs/FBgn0004569_sm/chr3L_16424269-16424469__chr3L_16463198-16463716,chr3L_16424269-16424469,chr3L_16463198-16463716,21.3,205.0,needle,10,0.5,0.1334501087873052,0.073543823,0.077539703,0.094844545,chr3L_16424269-16424469__chr3L_16463198-16463716,
neither,neither,/Users/jillianness/Desktop/SEbirthanalysis1024/new_LASTZ_analysis/enhancer_extraction/enhancer_pairs/FBgn0036460_Spearman/chr3L_14931009-14931209__chr3L_14936376-14936760,chr3L_14931009-14931209,chr3L_14936376-14936760,21.3,158.0,needle,10,0.5,0.037841335,-0.020278163,-0.018765028,-0.000400618,chr3L_14931009-14931209__chr3L_14936376-14936760,
neither,neither,/Users/jillianness/Desktop/SEbirthanalysis1024/new_LASTZ_analysis/enhancer_extraction/enhancer_pairs/FBgn0014877_Spearman/chr2R_13190587-13190787__chr2R_13198071-13198730,chr2R_13190587-13190787,chr2R_13198071-13198730,20.9,191.0,needle,10,0.5,0.058628748,-0.007083728,-0.009001907,0.014181038,chr2R_13190587-13190787__chr2R_13198071-13198730,
neither,neither,/Users/jillianness/Desktop/SEbirthanalysis1024/new_LASTZ_analysis/enhancer_extraction/enhancer_pairs/FBgn0003285_vm/chrX_2937051-2937571__chrX_3036092-3036292,chrX_2937051-2937571,chrX_3036092-3036292,20.8,117.0,needle,10,0.5,0.031816292,-0.025403418,-0.023706745,-0.005764624,chrX_2937051-2937571__chrX_3036092-3036292,
neither,neither,/Users/jillianness/Desktop/SEbirthanalysis1024/new_LASTZ_analysis/enhancer_extraction/enhancer_pairs/FBgn0036152_Spearman/chr3L_11224312-11224512__chr3L_11224761-11225250,chr3L_11224312-11224512,chr3L_11224761-11225250,20.8,214.0,needle,10,0.5,0.083550939,0.018496054,0.021816976,0.04128799,chr3L_11224312-11224512__chr3L_11224761-11225250,
neither,neither,/Users/jillianness/Desktop/SEbirthanalysis1024/new_LASTZ_analysis/enhancer_extraction/enhancer_pairs/FBgn0011656_sm/chr2R_9555902-9556546__chr2R_9557786-9557986,chr2R_9555902-9556546,chr2R_9557786-9557986,20.7,212.0,needle,10,0.5,0.08088714,0.017578769,0.024034887,0.040833599,chr2R_9555902-9556546__chr2R_9557786-9557986,
neither,neither,/Users/jillianness/Desktop/SEbirthanalysis1024/new_LASTZ_analysis/enhancer_extraction/enhancer_pairs/FBgn0035956_Spearman/chr3L_8984193-8984856__chr3L_9010490-9010720,chr3L_8984193-8984856,chr3L_9010490-9010720,20.6,224.0,needle,10,0.5,0.086656853,0.009181479,0.002426855,0.032755063,chr3L_8984193-8984856__chr3L_9010490-9010720,
neither,neither,/Users/jillianness/Desktop/SEbirthanalysis1024/new_LASTZ_analysis/enhancer_extraction/enhancer_pairs/FBgn0003731_meso/chr2R_21145088-21145606__chr2R_21165406-21165606,chr2R_21145088-21145606,chr2R_21165406-21165606,20.6,130.0,needle,10,0.5,0.027385307,-0.036013557,-0.038654237,-0.015760829,chr2R_21145088-21145606__chr2R_21165406-21165606,
neither,neither,/Users/jillianness/Desktop/SEbirthanalysis1024/new_LASTZ_analysis/enhancer_extraction/enhancer_pairs/FBgn0037892_Spearman/chr3R_11351913-11352365__chr3R_11372382-11372635,chr3R_11351913-11352365,chr3R_11372382-11372635,20.6,93.5,needle,10,0.5,0.00558604,-0.047191843,-0.057089126,-0.03289831,chr3R_11351913-11352365__chr3R_11372382-11372635,
neither,neither,/Users/jillianness/Desktop/SEbirthanalysis1024/new_LASTZ_analysis/enhancer_extraction/enhancer_pairs/FBgn0038293_sm/chr3R_15091554-15092117__chr3R_15179459-15179659,chr3R_15091554-15092117,chr3R_15179459-15179659,20.5,205.0,needle,10,0.5,0.1504529405393539,0.094585001,0.037876805,0.094304915,chr3R_15091554-15092117__chr3R_15179459-15179659,
neither,neither,/Users/jillianness/Desktop/SEbirthanalysis1024/new_LASTZ_analysis/enhancer_extraction/enhancer_pairs/gt/chrX_2434977-2435401__chrX_2440952-2442340,chrX_2434977-2435401,chrX_2440952-2442340,20.5,454.0,needle,10,0.5,0.1436429764624207,0.0127537,0.018938552,0.058445076,chrX_2434977-2435401__chrX_2440952-2442340,
neither,neither,/Users/jillianness/Desktop/SEbirthanalysis1024/new_LASTZ_analysis/enhancer_extraction/enhancer_pairs/FBgn0003169_Spearman/chr3R_14590821-14591563__chr3R_14624470-14624670,chr3R_14590821-14591563,chr3R_14624470-14624670,20.4,246.0,needle,10,0.5,0.140108517,0.085510324,0.072564226,0.099394356,chr3R_14590821-14591563__chr3R_14624470-14624670,
neither,neither,/Users/jillianness/Desktop/SEbirthanalysis1024/new_LASTZ_analysis/enhancer_extraction/enhancer_pairs/prd/chr2L_12088676-12088812__chr2L_12090222-12090543,chr2L_12088676-12088812,chr2L_12090222-12090543,20.4,115.5,needle,10,0.5,0.076270769,0.032514894,0.021740971,0.043508878,chr2L_12088676-12088812__chr2L_12090222-12090543,
enhancer_hit,enhancer_hit,/Users/jillianness/Desktop/SEbirthanalysis1024/new_LASTZ_analysis/enhancer_extraction/enhancer_pairs/gt/chrX_2429927-2430850__chrX_2431852-2432159,chrX_2429927-2430850,chrX_2431852-2432159,20.1,330.0,needle,10,0.5,0.17695129,0.084366037,0.047815328,0.1030442180409201,chrX_2429927-2430850__chrX_2431852-2432159,
Flank,Flank,/Users/jillianness/Desktop/SEbirthanalysis1024/new_LASTZ_analysis/enhancer_extraction/enhancer_pairs/FBgn0000261_sm/chr3L_18758861-18759061__chr3L_18812160-18812714,chr3L_18758861-18759061,chr3L_18812160-18812714,19.9,184.0,needle,10,0.5,0.056756642,0.001927263,0.015832121,0.024838675,chr3L_18758861-18759061__chr3L_18812160-18812714,
neither,neither,/Users/jillianness/Desktop/SEbirthanalysis1024/new_LASTZ_analysis/enhancer_extraction/enhancer_pairs/FBgn0001122_Spearman/chr2R_10098614-10098835__chr2R_10109599-10110119,chr2R_10098614-10098835,chr2R_10109599-10110119,19.9,165.5,needle,10,0.5,0.044475403,-0.011056071,0.000646799,0.011355377,chr2R_10098614-10098835__chr2R_10109599-10110119,
neither,neither,/Users/jillianness/Desktop/SEbirthanalysis1024/new_LASTZ_analysis/enhancer_extraction/enhancer_pairs/gt/chrX_2431852-2432159__chrX_2438227-2439238,chrX_2431852-2432159,chrX_2438227-2439238,19.8,330.0,needle,10,0.5,0.1382875795953117,0.039322981,0.043108879,0.073573146,chrX_2431852-2432159__chrX_2438227-2439238,
neither,neither,/Users/jillianness/Desktop/SEbirthanalysis1024/new_LASTZ_analysis/enhancer_extraction/enhancer_pairs/FBgn0016041_sm/chrX_7617780-7617980__chrX_7655607-7655855,chrX_7617780-7617980,chrX_7655607-7655855,19.8,110.5,needle,10,0.5,0.043501623,0.004983785,0.003087533,0.01719098,chrX_7617780-7617980__chrX_7655607-7655855,
Flank,Flank,/Users/jillianness/Desktop/SEbirthanalysis1024/new_LASTZ_analysis/enhancer_extraction/enhancer_pairs/FBgn0037608_vm/chr3R_8668848-8669048__chr3R_8684628-8685183,chr3R_8668848-8669048,chr3R_8684628-8685183,19.7,192.0,needle,10,0.5,0.1158699545410926,0.059285359,0.021398515,0.065517943,chr3R_8668848-8669048__chr3R_8684628-8685183,
neither,neither,/Users/jillianness/Desktop/SEbirthanalysis1024/new_LASTZ_analysis/enhancer_extraction/enhancer_pairs/FBgn0014877_Spearman/chr2R_13192033-13192233__chr2R_13198071-13198730,chr2R_13192033-13192233,chr2R_13198071-13198730,19.5,165.5,needle,10,0.5,0.072608519,0.014103786,0.00989401,0.032202105,chr2R_13192033-13192233__chr2R_13198071-13198730,
neither,neither,/Users/jillianness/Desktop/SEbirthanalysis1024/new_LASTZ_analysis/enhancer_extraction/enhancer_pairs/FBgn0024250_meso/chrX_7248231-7248431__chrX_7271398-7271982,chrX_7248231-7248431,chrX_7271398-7271982,19.4,197.0,needle,10,0.5,0.1065015135411766,0.047182698,0.039611545,0.064431919,chrX_7248231-7248431__chrX_7271398-7271982,
neither,neither,/Users/jillianness/Desktop/SEbirthanalysis1024/new_LASTZ_analysis/enhancer_extraction/enhancer_pairs/FBgn0016715_sm/chr3L_574867-575113__chr3L_597378-597923,chr3L_574867-575113,chr3L_597378-597923,19.3,181.0,needle,10,0.5,0.048813191,-0.0272158,-0.025064676,-0.001155762,chr3L_574867-575113__chr3L_597378-597923,
neither,neither,/Users/jillianness/Desktop/SEbirthanalysis1024/new_LASTZ_analysis/enhancer_extraction/enhancer_pairs/FBgn0053207_Spearman/chr3R_15643161-15643399__chr3R_15649388-15650148,chr3R_15643161-15643399,chr3R_15649388-15650148,19.2,225.0,needle,10,0.5,0.081386615,0.005903213,0.025493211,0.037594346,chr3R_15643161-15643399__chr3R_15649388-15650148,
neither,neither,/Users/jillianness/Desktop/SEbirthanalysis1024/new_LASTZ_analysis/enhancer_extraction/enhancer_pairs/FBgn0042650_vm/chrX_16080250-16080450__chrX_16108626-16109199,chrX_16080250-16080450,chrX_16108626-16109199,18.9,147.5,needle,10,0.5,0.053245877,-0.010027308,-0.001388319,0.013943417,chrX_16080250-16080450__chrX_16108626-16109199,
neither,neither,/Users/jillianness/Desktop/SEbirthanalysis1024/new_LASTZ_analysis/enhancer_extraction/enhancer_pairs/SoxN/chr2L_8809398-8810868__chr2L_8811130-8811511,chr2L_8809398-8810868,chr2L_8811130-8811511,18.5,383.5,needle,10,0.5,0.1980038403097667,0.074143329,0.089059105,0.1204020912949609,chr2L_8809398-8810868__chr2L_8811130-8811511,
neither,neither,/Users/jillianness/Desktop/SEbirthanalysis1024/new_LASTZ_analysis/enhancer_extraction/enhancer_pairs/gt/chrX_2432829-2432949__chrX_2437107-2437533,chrX_2432829-2432949,chrX_2437107-2437533,18.5,107.0,needle,10,0.5,0.015207367,-0.031465594,-0.031169828,-0.015809352,chrX_2432829-2432949__chrX_2437107-2437533,
neither,neither,/Users/jillianness/Desktop/SEbirthanalysis1024/new_LASTZ_analysis/enhancer_extraction/enhancer_pairs/FBgn0016715_sm/chr3L_597378-597923__chr3L_610451-610651,chr3L_597378-597923,chr3L_610451-610651,18.5,172.5,needle,10,0.5,0.069016766,0.000839214,0.00361417,0.02449005,chr3L_597378-597923__chr3L_610451-610651,
neither,neither,/Users/jillianness/Desktop/SEbirthanalysis1024/new_LASTZ_analysis/enhancer_extraction/enhancer_pairs/gt/chrX_2432829-2432949__chrX_2434977-2435401,chrX_2432829-2432949,chrX_2434977-2435401,18.3,126.0,needle,10,0.5,0.05965956,0.016680049,0.023796799,0.033378802,chrX_2432829-2432949__chrX_2434977-2435401,
neither,neither,/Users/jillianness/Desktop/SEbirthanalysis1024/new_LASTZ_analysis/enhancer_extraction/enhancer_pairs/FBgn0010316_meso/chr2R_9318986-9319419__chr2R_9338882-9339082,chr2R_9318986-9319419,chr2R_9338882-9339082,18.3,155.5,needle,10,0.5,0.079349572,0.028759266,0.009380347,0.039163062,chr2R_9318986-9319419__chr2R_9338882-9339082,
neither,neither,/Users/jillianness/Desktop/SEbirthanalysis1024/new_LASTZ_analysis/enhancer_extraction/enhancer_pairs/FBgn0037892_Spearman/chr3R_11352401-11352901__chr3R_11372382-11372635,chr3R_11352401-11352901,chr3R_11372382-11372635,18.3,151.5,needle,10,0.5,0.059731779,-0.004506451,-0.006766732,0.016152865,chr3R_11352401-11352901__chr3R_11372382-11372635,
neither,neither,/Users/jillianness/Desktop/SEbirthanalysis1024/new_LASTZ_analysis/enhancer_extraction/enhancer_pairs/SoxN/chr2L_8811130-8811511__chr2L_8843634-8843738,chr2L_8811130-8811511,chr2L_8843634-8843738,18.2,141.5,needle,10,0.5,0.097041436,0.057972647,0.058065304,0.071026462,chr2L_8811130-8811511__chr2L_8843634-8843738,
neither,neither,/Users/jillianness/Desktop/SEbirthanalysis1024/new_LASTZ_analysis/enhancer_extraction/enhancer_pairs/FBgn0016794_vm/chr3L_2533105-2533332__chr3L_2566292-2566652,chr3L_2533105-2533332,chr3L_2566292-2566652,18.0,75.5,needle,10,0.5,0.019425174,-0.023064576,-0.020995562,-0.008211655,chr3L_2533105-2533332__chr3L_2566292-2566652,
neither,neither,/Users/jillianness/Desktop/SEbirthanalysis1024/new_LASTZ_analysis/enhancer_extraction/enhancer_pairs/FBgn0021767_sm/chrX_8394680-8394949__chrX_8405949-8406843,chrX_8394680-8394949,chrX_8405949-8406843,18.0,239.5,needle,10,0.5,0.092842393,0.01087585,0.01761331,0.040443851,chrX_8394680-8394949__chrX_8405949-8406843,
neither,neither,/Users/jillianness/Desktop/SEbirthanalysis1024/new_LASTZ_analysis/enhancer_extraction/enhancer_pairs/FBgn0053207_Spearman/chr3R_15649388-15650148__chr3R_15671596-15671796,chr3R_15649388-15650148,chr3R_15671596-15671796,18.0,210.5,needle,10,0.5,0.1118312620953142,0.043669021,0.021839131,0.059113138,chr3R_15649388-15650148__chr3R_15671596-15671796,
neither,neither,/Users/jillianness/Desktop/SEbirthanalysis1024/new_LASTZ_analysis/enhancer_extraction/enhancer_pairs/gt/chrX_2428917-2429320__chrX_2440952-2442340,chrX_2428917-2429320,chrX_2440952-2442340,17.9,420.5,needle,10,0.5,0.1639715375428641,0.03772233,0.029774036,0.077155968,chrX_2428917-2429320__chrX_2440952-2442340,
neither,neither,/Users/jillianness/Desktop/SEbirthanalysis1024/new_LASTZ_analysis/enhancer_extraction/enhancer_pairs/gt/chrX_2429927-2430850__chrX_2431435-2431676,chrX_2429927-2430850,chrX_2431435-2431676,17.9,277.5,needle,10,0.5,0.1537767132422113,0.065426167,0.057906627,0.092369836,chrX_2429927-2430850__chrX_2431435-2431676,
neither,neither,/Users/jillianness/Desktop/SEbirthanalysis1024/new_LASTZ_analysis/enhancer_extraction/enhancer_pairs/FBgn0045759_Spearman/chr3L_6962082-6962696__chr3L_6964398-6964598,chr3L_6962082-6962696,chr3L_6964398-6964598,17.9,199.5,needle,10,0.5,0.066707331,-0.00256227,-0.002109334,0.020678576,chr3L_6962082-6962696__chr3L_6964398-6964598,
neither,neither,/Users/jillianness/Desktop/SEbirthanalysis1024/new_LASTZ_analysis/enhancer_extraction/enhancer_pairs/FBgn0024321_sm/chr3R_14370227-14370493__chr3R_14372918-14373876,chr3R_14370227-14370493,chr3R_14372918-14373876,17.7,258.0,needle,10,0.5,0.081431617,0.000405111,0.018373909,0.033403546,chr3R_14370227-14370493__chr3R_14372918-14373876,
neither,neither,/Users/jillianness/Desktop/SEbirthanalysis1024/new_LASTZ_analysis/enhancer_extraction/enhancer_pairs/D/chr3L_14152518-14152826__chr3L_14153051-14154215,chr3L_14152518-14152826,chr3L_14153051-14154215,17.7,359.0,needle,10,0.5,0.1360232728363467,0.027535424,0.029258165,0.064272287,chr3L_14152518-14152826__chr3L_14153051-14154215,
neither,neither,/Users/jillianness/Desktop/SEbirthanalysis1024/new_LASTZ_analysis/enhancer_extraction/enhancer_pairs/CG10479/chr3L_5979576-5979770__chr3L_5989752-5990383,chr3L_5979576-5979770,chr3L_5989752-5990383,17.6,184.0,needle,10,0.5,0.069979447,-0.002416054,0.003606073,0.023723155,chr3L_5979576-5979770__chr3L_5989752-5990383,
neither,neither,/Users/jillianness/Desktop/SEbirthanalysis1024/new_LASTZ_analysis/enhancer_extraction/enhancer_pairs/FBgn0003169_Spearman/chr3R_14590821-14591563__chr3R_14591568-14591768,chr3R_14590821-14591563,chr3R_14591568-14591768,17.6,239.5,needle,10,0.5,0.1528074283570598,0.089861043,0.056259342,0.099642604,chr3R_14590821-14591563__chr3R_14591568-14591768,
neither,neither,/Users/jillianness/Desktop/SEbirthanalysis1024/new_LASTZ_analysis/enhancer_extraction/enhancer_pairs/DII/chr2R_24808103-24808896__chr2R_24809499-24809705,chr2R_24808103-24808896,chr2R_24809499-24809705,17.4,207.0,needle,10,0.5,0.089292154,0.020722551,0.024194925,0.044736543,chr2R_24808103-24808896__chr2R_24809499-24809705,
neither,neither,/Users/jillianness/Desktop/SEbirthanalysis1024/new_LASTZ_analysis/enhancer_extraction/enhancer_pairs/FBgn0000228_sm/chr2L_5245229-5245858__chr2L_5261720-5261920,chr2L_5245229-5245858,chr2L_5261720-5261920,17.3,183.0,needle,10,0.5,0.090352541,0.019463603,0.014224991,0.041347045,chr2L_5245229-5245858__chr2L_5261720-5261920,
neither,neither,/Users/jillianness/Desktop/SEbirthanalysis1024/new_LASTZ_analysis/enhancer_extraction/enhancer_pairs/FBgn0015380_Spearman/chr2L_19215078-19215278__chr2L_19215688-19216293,chr2L_19215078-19215278,chr2L_19215688-19216293,17.3,186.5,needle,10,0.5,0.1138638861276794,0.048459698,0.038457879,0.066927155,chr2L_19215078-19215278__chr2L_19215688-19216293,
neither,neither,/Users/jillianness/Desktop/SEbirthanalysis1024/new_LASTZ_analysis/enhancer_extraction/enhancer_pairs/FBgn0036460_Spearman/chr3L_14931009-14931209__chr3L_14944241-14944774,chr3L_14931009-14931209,chr3L_14944241-14944774,17.1,171.5,needle,10,0.5,0.030277169,-0.035642703,-0.03921765,-0.014861061,chr3L_14931009-14931209__chr3L_14944241-14944774,
neither,neither,/Users/jillianness/Desktop/SEbirthanalysis1024/new_LASTZ_analysis/enhancer_extraction/enhancer_pairs/FBgn0004167_vm/chr3L_3320367-3320567__chr3L_3332328-3333012,chr3L_3320367-3320567,chr3L_3332328-3333012,17.1,135.5,needle,10,0.5,0.03708984,-0.041400944,-0.037941481,-0.014084195,chr3L_3320367-3320567__chr3L_3332328-3333012,
neither,neither,/Users/jillianness/Desktop/SEbirthanalysis1024/new_LASTZ_analysis/enhancer_extraction/enhancer_pairs/FBgn0024321_sm/chr3R_14372918-14373876__chr3R_14384206-14384447,chr3R_14372918-14373876,chr3R_14384206-14384447,17.0,231.5,needle,10,0.5,0.108874705,0.038660251,0.040256853,0.06259727,chr3R_14372918-14373876__chr3R_14384206-14384447,
neither,neither,/Users/jillianness/Desktop/SEbirthanalysis1024/new_LASTZ_analysis/enhancer_extraction/enhancer_pairs/FBgn0040071_Spearman/chr3R_16254794-16255607__chr3R_16256084-16256284,chr3R_16254794-16255607,chr3R_16256084-16256284,17.0,209.5,needle,10,0.5,0.136780588,0.06287999,0.051599457,0.083753345,chr3R_16254794-16255607__chr3R_16256084-16256284,
neither,neither,/Users/jillianness/Desktop/SEbirthanalysis1024/new_LASTZ_analysis/enhancer_extraction/enhancer_pairs/FBgn0000044_sm/chr2R_20558766-20559051__chr2R_20562855-20563268,chr2R_20558766-20559051,chr2R_20562855-20563268,17.0,137.5,needle,10,0.5,0.041362249,-0.020608532,-0.020954108,-6.68e-05,chr2R_20558766-20559051__chr2R_20562855-20563268,
neither,neither,/Users/jillianness/Desktop/SEbirthanalysis1024/new_LASTZ_analysis/enhancer_extraction/enhancer_pairs/FBgn0036844_vm_sm/chr3L_19051116-19051316__chr3L_19130352-19131228,chr3L_19051116-19051316,chr3L_19130352-19131228,16.5,227.5,needle,10,0.5,0.1197613784647167,0.036612095,0.034438573,0.063604016,chr3L_19051116-19051316__chr3L_19130352-19131228,
enhancer_hit,enhancer_hit,/Users/jillianness/Desktop/SEbirthanalysis1024/new_LASTZ_analysis/enhancer_extraction/enhancer_pairs/FBgn0024321_sm/chr3R_14346999-14347237__chr3R_14372918-14373876,chr3R_14346999-14347237,chr3R_14372918-14373876,16.4,260.5,needle,10,0.5,0.2203672056710561,0.1545395956685126,0.08461522,0.1531740070751453,chr3R_14346999-14347237__chr3R_14372918-14373876,
neither,neither,/Users/jillianness/Desktop/SEbirthanalysis1024/new_LASTZ_analysis/enhancer_extraction/enhancer_pairs/FBgn0035956_Spearman/chr3L_8984193-8984856__chr3L_9010205-9010405,chr3L_8984193-8984856,chr3L_9010205-9010405,16.4,189.5,needle,10,0.5,0.079301724,0.004415258,0.004548537,0.02942184,chr3L_8984193-8984856__chr3L_9010205-9010405,
neither,neither,/Users/jillianness/Desktop/SEbirthanalysis1024/new_LASTZ_analysis/enhancer_extraction/enhancer_pairs/gt/chrX_2431435-2431676__chrX_2438227-2439238,chrX_2431435-2431676,chrX_2438227-2439238,16.4,235.0,needle,10,0.5,0.09691249,7.00107041320718e-05,0.006296507,0.034426336,chrX_2431435-2431676__chrX_2438227-2439238,
Flank,Flank,/Users/jillianness/Desktop/SEbirthanalysis1024/new_LASTZ_analysis/enhancer_extraction/enhancer_pairs/FBgn0037637_sm/chr3R_8812222-8812640__chr3R_8857786-8857986,chr3R_8812222-8812640,chr3R_8857786-8857986,16.3,191.5,needle,10,0.5,0.089286789,0.045538118,0.053714925,0.062846611,chr3R_8812222-8812640__chr3R_8857786-8857986,
neither,neither,/Users/jillianness/Desktop/SEbirthanalysis1024/new_LASTZ_analysis/enhancer_extraction/enhancer_pairs/gt/chrX_2428917-2429320__chrX_2432829-2432949,chrX_2428917-2429320,chrX_2432829-2432949,16.2,130.5,needle,10,0.5,0.066293053,0.023976467,0.030735879,0.040335133,chrX_2428917-2429320__chrX_2432829-2432949,
neither,neither,/Users/jillianness/Desktop/SEbirthanalysis1024/new_LASTZ_analysis/enhancer_extraction/enhancer_pairs/gt/chrX_2431852-2432159__chrX_2440952-2442340,chrX_2431852-2432159,chrX_2440952-2442340,15.6,347.0,needle,10,0.5,0.1547872032458467,0.044195285,0.033340253,0.077440914,chrX_2431852-2432159__chrX_2440952-2442340,
neither,neither,/Users/jillianness/Desktop/SEbirthanalysis1024/new_LASTZ_analysis/enhancer_extraction/enhancer_pairs/FBgn0014877_Spearman/chr2R_13197479-13197679__chr2R_13198071-13198730,chr2R_13197479-13197679,chr2R_13198071-13198730,15.4,163.5,needle,10,0.5,0.076756672,0.007002537,-0.00124444,0.027504923,chr2R_13197479-13197679__chr2R_13198071-13198730,
neither,neither,/Users/jillianness/Desktop/SEbirthanalysis1024/new_LASTZ_analysis/enhancer_extraction/enhancer_pairs/FBgn0037001_Spearman/chr3L_20415984-20416184__chr3L_20459170-20459888,chr3L_20415984-20416184,chr3L_20459170-20459888,15.2,192.5,needle,10,0.5,0.1299221440196715,0.057918422,0.051633307,0.079824624,chr3L_20415984-20416184__chr3L_20459170-20459888,
neither,neither,/Users/jillianness/Desktop/SEbirthanalysis1024/new_LASTZ_analysis/enhancer_extraction/enhancer_pairs/FBgn0040071_Spearman/chr3R_16208035-16208235__chr3R_16254794-16255607,chr3R_16208035-16208235,chr3R_16254794-16255607,15.1,220.5,needle,10,0.5,0.1376603826136306,0.068170899,0.077023599,0.09428496,chr3R_16208035-16208235__chr3R_16254794-16255607,
neither,neither,/Users/jillianness/Desktop/SEbirthanalysis1024/new_LASTZ_analysis/enhancer_extraction/enhancer_pairs/FBgn0003169_Spearman/chr3R_14590821-14591563__chr3R_14597044-14597244,chr3R_14590821-14591563,chr3R_14597044-14597244,15.1,212.0,needle,10,0.5,0.1119005769888376,0.042867587,0.029767674,0.061511946,chr3R_14590821-14591563__chr3R_14597044-14597244,
neither,neither,/Users/jillianness/Desktop/SEbirthanalysis1024/new_LASTZ_analysis/enhancer_extraction/enhancer_pairs/SoxN/chr2L_8843634-8843738__chr2L_8845956-8846437,chr2L_8843634-8843738,chr2L_8845956-8846437,14.4,134.0,needle,10,0.5,0.040452359,-0.006473496,-0.005737706,0.009413719,chr2L_8843634-8843738__chr2L_8845956-8846437,
neither,neither,/Users/jillianness/Desktop/SEbirthanalysis1024/new_LASTZ_analysis/enhancer_extraction/enhancer_pairs/tup/chr2L_18874978-18876337__chr2L_18894031-18894287,chr2L_18874978-18876337,chr2L_18894031-18894287,13.9,300.0,needle,10,0.5,0.1297629320558499,0.025817574,0.021555491,0.059045333,chr2L_18874978-18876337__chr2L_18894031-18894287,
neither,neither,/Users/jillianness/Desktop/SEbirthanalysis1024/new_LASTZ_analysis/enhancer_extraction/enhancer_pairs/tup/chr2L_18894031-18894287__chr2L_18894563-18895695,chr2L_18894031-18894287,chr2L_18894563-18895695,13.3,241.5,needle,10,0.5,0.1035026112333008,0.003241734,0.002837394,0.036527246,chr2L_18894031-18894287__chr2L_18894563-18895695,
neither,neither,/Users/jillianness/Desktop/SEbirthanalysis1024/new_LASTZ_analysis/enhancer_extraction/enhancer_pairs/prd/chr2L_12080941-12081738__chr2L_12088676-12088812,chr2L_12080941-12081738,chr2L_12088676-12088812,13.2,151.0,needle,10,0.5,0.078786577,0.013455257,0.02274186,0.038327898,chr2L_12080941-12081738__chr2L_12088676-12088812,
neither,neither,/Users/jillianness/Desktop/SEbirthanalysis1024/new_LASTZ_analysis/enhancer_extraction/enhancer_pairs/tup/chr2L_18874725-18874929__chr2L_18894563-18895695,chr2L_18874725-18874929,chr2L_18894563-18895695,12.8,230.5,needle,10,0.5,0.092612498,-0.005618446,-0.002275193,0.02823962,chr2L_18874725-18874929__chr2L_18894563-18895695,
neither,neither,/Users/jillianness/Desktop/SEbirthanalysis1024/new_LASTZ_analysis/enhancer_extraction/enhancer_pairs/FBgn0024321_sm/chr3R_14372918-14373876__chr3R_14382371-14382571,chr3R_14372918-14373876,chr3R_14382371-14382571,12.7,289.0,needle,10,0.5,0.2581074742839452,0.2249639350705114,0.074174147,0.1857485186928243,chr3R_14372918-14373876__chr3R_14382371-14382571,
neither,neither,/Users/jillianness/Desktop/SEbirthanalysis1024/new_LASTZ_analysis/enhancer_extraction/enhancer_pairs/SoxN/chr2L_8809398-8810868__chr2L_8841314-8841573,chr2L_8809398-8810868,chr2L_8841314-8841573,12.5,276.0,needle,10,0.5,0.1611089633241564,0.051958536,0.050176255,0.087747918,chr2L_8809398-8810868__chr2L_8841314-8841573,
neither,neither,/Users/jillianness/Desktop/SEbirthanalysis1024/new_LASTZ_analysis/enhancer_extraction/enhancer_pairs/SoxN/chr2L_8789123-8789689__chr2L_8843634-8843738,chr2L_8789123-8789689,chr2L_8843634-8843738,12.4,111.0,needle,10,0.5,0.057549886,0.005956306,0.000332564,0.021279585,chr2L_8789123-8789689__chr2L_8843634-8843738,
neither,neither,/Users/jillianness/Desktop/SEbirthanalysis1024/new_LASTZ_analysis/enhancer_extraction/enhancer_pairs/prd/chr2L_12088676-12088812__chr2L_12089073-12089963,chr2L_12088676-12088812,chr2L_12089073-12089963,12.3,171.5,needle,10,0.5,0.1018286513516253,0.033145987,0.040190405,0.058388348,chr2L_12088676-12088812__chr2L_12089073-12089963,
neither,neither,/Users/jillianness/Desktop/SEbirthanalysis1024/new_LASTZ_analysis/enhancer_extraction/enhancer_pairs/FBgn0036460_Spearman/chr3L_14918179-14918521__chr3L_14931009-14931209,chr3L_14918179-14918521,chr3L_14931009-14931209,12.2,94.0,needle,10,0.5,0.035735194,-0.008753927,-0.00286317,0.008039366,chr3L_14918179-14918521__chr3L_14931009-14931209,
neither,neither,/Users/jillianness/Desktop/SEbirthanalysis1024/new_LASTZ_analysis/enhancer_extraction/enhancer_pairs/FBgn0036460_Spearman/chr3L_14930753-14930953__chr3L_14939995-14940646,chr3L_14930753-14930953,chr3L_14939995-14940646,12.1,178.5,needle,10,0.5,0.048288496,-0.024499778,-0.032081636,-0.002764306,chr3L_14930753-14930953__chr3L_14939995-14940646,
neither,neither,/Users/jillianness/Desktop/SEbirthanalysis1024/new_LASTZ_analysis/enhancer_extraction/enhancer_pairs/DI/chr3R_19314425-19316093__chr3R_19316385-19316666,chr3R_19314425-19316093,chr3R_19316385-19316666,11.3,304.5,needle,10,0.5,0.1853911146424874,0.088909012,0.054034489,0.1094448718886543,chr3R_19314425-19316093__chr3R_19316385-19316666,
neither,neither,/Users/jillianness/Desktop/SEbirthanalysis1024/new_LASTZ_analysis/enhancer_extraction/enhancer_pairs/DII/chr2R_24809499-24809705__chr2R_24854572-24855864,chr2R_24809499-24809705,chr2R_24854572-24855864,11.3,227.5,needle,10,0.5,0.1515839159813958,0.07587457,0.032526664,0.086661717,chr2R_24809499-24809705__chr2R_24854572-24855864,
neither,neither,/Users/jillianness/Desktop/SEbirthanalysis1024/new_LASTZ_analysis/enhancer_extraction/enhancer_pairs/prd/chr2L_12082256-12083149__chr2L_12088676-12088812,chr2L_12082256-12083149,chr2L_12088676-12088812,10.9,152.5,needle,10,0.5,0.088368625,0.018532194,0.018274417,0.041725079,chr2L_12082256-12083149__chr2L_12088676-12088812,
neither,neither,/Users/jillianness/Desktop/SEbirthanalysis1024/new_LASTZ_analysis/enhancer_extraction/enhancer_pairs/tup/chr2L_18874725-18874929__chr2L_18874978-18876337,chr2L_18874725-18874929,chr2L_18874978-18876337,10.0,238.0,needle,10,0.5,0.1395104107943779,0.041086973,0.034999799,0.071865728,chr2L_18874725-18874929__chr2L_18874978-18876337,
neither,neither,/Users/jillianness/Desktop/SEbirthanalysis1024/new_LASTZ_analysis/enhancer_extraction/enhancer_pairs/SoxN/chr2L_8842046-8842771__chr2L_8843634-8843738,chr2L_8842046-8842771,chr2L_8843634-8843738,,125.0,needle,10,0.5,0.056694671,0.002043742,-0.002004488,0.018911308,chr2L_8842046-8842771__chr2L_8843634-8843738,
neither,neither,/Users/jillianness/Desktop/SEbirthanalysis1024/new_LASTZ_analysis/enhancer_extraction/enhancer_pairs/SoxN/chr2L_8809398-8810868__chr2L_8843634-8843738,chr2L_8809398-8810868,chr2L_8843634-8843738,,136.5,needle,10,0.5,0.081199794,0.008667301,0.010442021,0.033436372,chr2L_8809398-8810868__chr2L_8843634-8843738,
neither,neither,/Users/jillianness/Desktop/SEbirthanalysis1024/new_LASTZ_analysis/enhancer_extraction/enhancer_pairs/SoxN/chr2L_8840416-8841144__chr2L_8843634-8843738,chr2L_8840416-8841144,chr2L_8843634-8843738,,126.0,needle,10,0.5,0.081427122,0.028980186,0.021596078,0.044001129,chr2L_8840416-8841144__chr2L_8843634-8843738,
neither,neither,/Users/jillianness/Desktop/SEbirthanalysis1024/new_LASTZ_analysis/enhancer_extraction/enhancer_pairs/SoxN/chr2L_8843634-8843738__chr2L_8846495-8847235,chr2L_8843634-8843738,chr2L_8846495-8847235,,129.0,needle,10,0.5,0.045669039,-0.013454588,-0.011202968,0.007003828,chr2L_8843634-8843738__chr2L_8846495-8847235,
neither,neither,/Users/jillianness/Desktop/SEbirthanalysis1024/new_LASTZ_analysis/enhancer_extraction/enhancer_pairs/gt/chrX_2431435-2431676__chrX_2440952-2442340,chrX_2431435-2431676,chrX_2440952-2442340,,282.5,needle,10,0.5,0.120694571,0.013252666,0.006039754,0.04666233,chrX_2431435-2431676__chrX_2440952-2442340,
neither,neither,/Users/jillianness/Desktop/SEbirthanalysis1024/new_LASTZ_analysis/enhancer_extraction/enhancer_pairs/gt/chrX_2432829-2432949__chrX_2440952-2442340,chrX_2432829-2432949,chrX_2440952-2442340,,124.5,needle,10,0.5,0.060649367,-0.012245521,-0.017577685,0.010275387,chrX_2432829-2432949__chrX_2440952-2442340,
neither,neither,/Users/jillianness/Desktop/SEbirthanalysis1024/new_LASTZ_analysis/enhancer_extraction/enhancer_pairs/gt/chrX_2429927-2430850__chrX_2432829-2432949,chrX_2429927-2430850,chrX_2432829-2432949,,135.0,needle,10,0.5,0.058182203,-0.004764533,-0.003751442,0.016555409,chrX_2429927-2430850__chrX_2432829-2432949,
neither,neither,/Users/jillianness/Desktop/SEbirthanalysis1024/new_LASTZ_analysis/enhancer_extraction/enhancer_pairs/gt/chrX_2432829-2432949__chrX_2438227-2439238,chrX_2432829-2432949,chrX_2438227-2439238,,169.5,needle,10,0.5,0.062692712,-0.000608313,0.010685975,0.024256791,chrX_2432829-2432949__chrX_2438227-2439238,
neither,neither,/Users/jillianness/Desktop/SEbirthanalysis1024/new_LASTZ_analysis/enhancer_extraction/enhancer_pairs/tup/chr2L_18874978-18876337__chr2L_18893905-18894024,chr2L_18874978-18876337,chr2L_18893905-18894024,,148.5,needle,10,0.5,0.096589058,0.023933429,0.023201438,0.047907975,chr2L_18874978-18876337__chr2L_18893905-18894024,
neither,neither,/Users/jillianness/Desktop/SEbirthanalysis1024/new_LASTZ_analysis/enhancer_extraction/enhancer_pairs/tup/chr2L_18893905-18894024__chr2L_18894563-18895695,chr2L_18893905-18894024,chr2L_18894563-18895695,,130.5,needle,10,0.5,0.067818824,-0.003497888,-0.003046087,0.02042495,chr2L_18893905-18894024__chr2L_18894563-18895695,
FBgn0000014_Spearman,,/Users/jillianness/Desktop/SEbirthanalysis1024/new_LASTZ_analysis/enhancer_extraction/enhancer_pairs/FBgn0000014_Spearman/chr3R_16743196-16743622__chr3R_16756098-16756427,chr3R_16743196-16743622,chr3R_16756098-16756427,34.4,272.5,needle,10,0.5,,,,,,
FBgn0000014_Spearman,,/Users/jillianness/Desktop/SEbirthanalysis1024/new_LASTZ_analysis/enhancer_extraction/enhancer_pairs/FBgn0000014_Spearman/chr3R_16756098-16756427__chr3R_16764121-16764485,chr3R_16756098-16756427,chr3R_16764121-16764485,40.8,231.0,needle,10,0.5,,,,,,
FBgn0000014_Spearman,,/Users/jillianness/Desktop/SEbirthanalysis1024/new_LASTZ_analysis/enhancer_extraction/enhancer_pairs/FBgn0000014_Spearman/chr3R_16756098-16756427__chr3R_16802761-16803112,chr3R_16756098-16756427,chr3R_16802761-16803112,35.6,214.0,needle,10,0.5,,,,,,
FBgn0000014_Spearman,,/Users/jillianness/Desktop/SEbirthanalysis1024/new_LASTZ_analysis/enhancer_extraction/enhancer_pairs/FBgn0000014_Spearman/chr3R_16756098-16756427__chr3R_16857769-16858049,chr3R_16756098-16756427,chr3R_16857769-16858049,24.8,212.0,needle,10,0.5,,,,,,
FBgn0000014_Spearman,,/Users/jillianness/Desktop/SEbirthanalysis1024/new_LASTZ_analysis/enhancer_extraction/enhancer_pairs/FBgn0000014_Spearman/chr3R_16756098-16756427__chr3R_16878885-16879147,chr3R_16756098-16756427,chr3R_16878885-16879147,33.9,241.5,needle,10,0.5,,,,,,
FBgn0000014_Spearman,,/Users/jillianness/Desktop/SEbirthanalysis1024/new_LASTZ_analysis/enhancer_extraction/enhancer_pairs/FBgn0000014_Spearman/chr3R_16756098-16756427__chr3R_16882506-16882728,chr3R_16756098-16756427,chr3R_16882506-16882728,28.5,184.0,needle,10,0.5,,,,,,
FBgn0000014_Spearman,,/Users/jillianness/Desktop/SEbirthanalysis1024/new_LASTZ_analysis/enhancer_extraction/enhancer_pairs/FBgn0000014_Spearman/chr3R_16756098-16756427__chr3R_16920451-16920854,chr3R_16756098-16756427,chr3R_16920451-16920854,40.7,303.5,needle,10,0.5,,,,,,
FBgn0000463_Spearman,,/Users/jillianness/Desktop/SEbirthanalysis1024/new_LASTZ_analysis/enhancer_extraction/enhancer_pairs/FBgn0000463_Spearman/chr3R_19287679-19287954__chr3R_19350401-19350687,chr3R_19287679-19287954,chr3R_19350401-19350687,35.5,179.0,needle,10,0.5,,,,,,
FBgn0000463_Spearman,,/Users/jillianness/Desktop/SEbirthanalysis1024/new_LASTZ_analysis/enhancer_extraction/enhancer_pairs/FBgn0000463_Spearman/chr3R_19346468-19346888__chr3R_19350401-19350687,chr3R_19346468-19346888,chr3R_19350401-19350687,43.0,313.5,needle,10,0.5,,,,,,
FBgn0000479_sm,,/Users/jillianness/Desktop/SEbirthanalysis1024/new_LASTZ_analysis/enhancer_extraction/enhancer_pairs/FBgn0000479_sm/chrX_3035626-3035842__chrX_3036092-3036292,chrX_3035626-3035842,chrX_3036092-3036292,41.7,151.5,needle,10,0.5,,,,,,
FBgn0000479_sm,,/Users/jillianness/Desktop/SEbirthanalysis1024/new_LASTZ_analysis/enhancer_extraction/enhancer_pairs/FBgn0000479_sm/chrX_3035626-3035842__chrX_3058248-3058549,chrX_3035626-3035842,chrX_3058248-3058549,36.1,169.0,needle,10,0.5,,,,,,
FBgn0000479_sm,,/Users/jillianness/Desktop/SEbirthanalysis1024/new_LASTZ_analysis/enhancer_extraction/enhancer_pairs/FBgn0000479_sm/chrX_3036092-3036292__chrX_3058248-3058549,chrX_3036092-3036292,chrX_3058248-3058549,41.1,195.5,needle,10,0.5,,,,,,
FBgn0000479_sm,,/Users/jillianness/Desktop/SEbirthanalysis1024/new_LASTZ_analysis/enhancer_extraction/enhancer_pairs/FBgn0000479_sm/chrX_3058248-3058549__chrX_3096802-3097002,chrX_3058248-3058549,chrX_3096802-3097002,35.9,160.5,needle,10,0.5,,,,,,
FBgn0000479_sm,,/Users/jillianness/Desktop/SEbirthanalysis1024/new_LASTZ_analysis/enhancer_extraction/enhancer_pairs/FBgn0000479_sm/chrX_3058248-3058549__chrX_3256916-3257157,chrX_3058248-3058549,chrX_3256916-3257157,31.8,227.0,needle,10,0.5,,,,,,
FBgn0000479_sm,,/Users/jillianness/Desktop/SEbirthanalysis1024/new_LASTZ_analysis/enhancer_extraction/enhancer_pairs/FBgn0000479_sm/chrX_3058248-3058549__chrX_3328623-3328837,chrX_3058248-3058549,chrX_3328623-3328837,29.7,177.0,needle,10,0.5,,,,,,
FBgn0000479_sm,,/Users/jillianness/Desktop/SEbirthanalysis1024/new_LASTZ_analysis/enhancer_extraction/enhancer_pairs/FBgn0000479_sm/chrX_3058248-3058549__chrX_3331542-3331742,chrX_3058248-3058549,chrX_3331542-3331742,30.0,187.0,needle,10,0.5,,,,,,
FBgn0000635_sm,,/Users/jillianness/Desktop/SEbirthanalysis1024/new_LASTZ_analysis/enhancer_extraction/enhancer_pairs/FBgn0000635_sm/chrX_4140118-4140318__chrX_4157881-4158081,chrX_4140118-4140318,chrX_4157881-4158081,24.3,130.0,needle,10,0.5,,,,,,
FBgn0000635_sm,,/Users/jillianness/Desktop/SEbirthanalysis1024/new_LASTZ_analysis/enhancer_extraction/enhancer_pairs/FBgn0000635_sm/chrX_4145024-4145343__chrX_4157881-4158081,chrX_4145024-4145343,chrX_4157881-4158081,28.1,194.0,needle,10,0.5,,,,,,
FBgn0000635_sm,,/Users/jillianness/Desktop/SEbirthanalysis1024/new_LASTZ_analysis/enhancer_extraction/enhancer_pairs/FBgn0000635_sm/chrX_4156826-4157158__chrX_4157881-4158081,chrX_4156826-4157158,chrX_4157881-4158081,33.2,228.5,needle,10,0.5,,,,,,
FBgn0000635_sm,,/Users/jillianness/Desktop/SEbirthanalysis1024/new_LASTZ_analysis/enhancer_extraction/enhancer_pairs/FBgn0000635_sm/chrX_4157262-4157462__chrX_4157881-4158081,chrX_4157262-4157462,chrX_4157881-4158081,37.6,149.0,needle,10,0.5,,,,,,
FBgn0002561_Spearman,,/Users/jillianness/Desktop/SEbirthanalysis1024/new_LASTZ_analysis/enhancer_extraction/enhancer_pairs/FBgn0002561_Spearman/chrX_372134-372334__chrX_374797-375243,chrX_372134-372334,chrX_374797-375243,30.7,264.0,needle,10,0.5,,,,,,
FBgn0002561_Spearman,,/Users/jillianness/Desktop/SEbirthanalysis1024/new_LASTZ_analysis/enhancer_extraction/enhancer_pairs/FBgn0002561_Spearman/chrX_372134-372334__chrX_421493-421767,chrX_372134-372334,chrX_421493-421767,32.2,184.0,needle,10,0.5,,,,,,
FBgn0003062_vm,,/Users/jillianness/Desktop/SEbirthanalysis1024/new_LASTZ_analysis/enhancer_extraction/enhancer_pairs/FBgn0003062_vm/chr2R_22671971-22672235__chr2R_22692057-22692354,chr2R_22671971-22672235,chr2R_22692057-22692354,41.9,193.0,needle,10,0.5,,,,,,
FBgn0003285_vm,,/Users/jillianness/Desktop/SEbirthanalysis1024/new_LASTZ_analysis/enhancer_extraction/enhancer_pairs/FBgn0003285_vm/chrX_2937051-2937571__chrX_3058248-3058549,chrX_2937051-2937571,chrX_3058248-3058549,31.8,233.0,needle,10,0.5,,,,,,
FBgn0003285_vm,,/Users/jillianness/Desktop/SEbirthanalysis1024/new_LASTZ_analysis/enhancer_extraction/enhancer_pairs/FBgn0003285_vm/chrX_2942451-2942688__chrX_3058248-3058549,chrX_2942451-2942688,chrX_3058248-3058549,38.5,214.0,needle,10,0.5,,,,,,
FBgn0003285_vm,,/Users/jillianness/Desktop/SEbirthanalysis1024/new_LASTZ_analysis/enhancer_extraction/enhancer_pairs/FBgn0003285_vm/chrX_3035626-3035842__chrX_3058248-3058549,chrX_3035626-3035842,chrX_3058248-3058549,36.1,169.0,needle,10,0.5,,,,,,
FBgn0003285_vm,,/Users/jillianness/Desktop/SEbirthanalysis1024/new_LASTZ_analysis/enhancer_extraction/enhancer_pairs/FBgn0003285_vm/chrX_3036092-3036292__chrX_3058248-3058549,chrX_3036092-3036292,chrX_3058248-3058549,41.1,195.5,needle,10,0.5,,,,,,
FBgn0003866_meso,,/Users/jillianness/Desktop/SEbirthanalysis1024/new_LASTZ_analysis/enhancer_extraction/enhancer_pairs/FBgn0003866_meso/chr2L_21831155-21831728__chr2L_21835079-21835348,chr2L_21831155-21831728,chr2L_21835079-21835348,27.1,221.0,needle,10,0.5,,,,,,
FBgn0003866_meso,,/Users/jillianness/Desktop/SEbirthanalysis1024/new_LASTZ_analysis/enhancer_extraction/enhancer_pairs/FBgn0003866_meso/chr2L_21831155-21831728__chr2L_21840673-21841262,chr2L_21831155-21831728,chr2L_21840673-21841262,42.8,482.0,needle,10,0.5,,,,,,
FBgn0003866_meso,,/Users/jillianness/Desktop/SEbirthanalysis1024/new_LASTZ_analysis/enhancer_extraction/enhancer_pairs/FBgn0003866_meso/chr2L_21835079-21835348__chr2L_21840673-21841262,chr2L_21835079-21835348,chr2L_21840673-21841262,31.5,285.5,needle,10,0.5,,,,,,
FBgn0004108_vm,,/Users/jillianness/Desktop/SEbirthanalysis1024/new_LASTZ_analysis/enhancer_extraction/enhancer_pairs/FBgn0004108_vm/chr3L_16775645-16775870__chr3L_16776828-16777028,chr3L_16775645-16775870,chr3L_16776828-16777028,37.1,91.5,needle,10,0.5,,,,,,
FBgn0004606_vm,,/Users/jillianness/Desktop/SEbirthanalysis1024/new_LASTZ_analysis/enhancer_extraction/enhancer_pairs/FBgn0004606_vm/chr3R_30796870-30797305__chr3R_30805779-30805979,chr3R_30796870-30797305,chr3R_30805779-30805979,22.9,160.5,needle,10,0.5,,,,,,
FBgn0004795_Spearman,,/Users/jillianness/Desktop/SEbirthanalysis1024/new_LASTZ_analysis/enhancer_extraction/enhancer_pairs/FBgn0004795_Spearman/chr2R_23259211-23259587__chr2R_23265755-23266160,chr2R_23259211-23259587,chr2R_23265755-23266160,34.5,207.5,needle,10,0.5,,,,,,
FBgn0004858_sm,,/Users/jillianness/Desktop/SEbirthanalysis1024/new_LASTZ_analysis/enhancer_extraction/enhancer_pairs/FBgn0004858_sm/chr2L_14434419-14434949__chr2L_14435741-14436213,chr2L_14434419-14434949,chr2L_14435741-14436213,39.3,397.0,needle,10,0.5,,,,,,
FBgn0005536_vm_sm,,/Users/jillianness/Desktop/SEbirthanalysis1024/new_LASTZ_analysis/enhancer_extraction/enhancer_pairs/FBgn0005536_vm_sm/chr3L_16018683-16019261__chr3L_16045010-16045232,chr3L_16018683-16019261,chr3L_16045010-16045232,24.7,213.0,needle,10,0.5,,,,,,
FBgn0005536_vm_sm,,/Users/jillianness/Desktop/SEbirthanalysis1024/new_LASTZ_analysis/enhancer_extraction/enhancer_pairs/FBgn0005536_vm_sm/chr3L_16018683-16019261__chr3L_16046788-16047125,chr3L_16018683-16019261,chr3L_16046788-16047125,30.4,285.5,needle,10,0.5,,,,,,
FBgn0010379_vm,,/Users/jillianness/Desktop/SEbirthanalysis1024/new_LASTZ_analysis/enhancer_extraction/enhancer_pairs/FBgn0010379_vm/chr3R_16073986-16074304__chr3R_16091648-16091848,chr3R_16073986-16074304,chr3R_16091648-16091848,34.9,190.5,needle,10,0.5,,,,,,
FBgn0010379_vm,,/Users/jillianness/Desktop/SEbirthanalysis1024/new_LASTZ_analysis/enhancer_extraction/enhancer_pairs/FBgn0010379_vm/chr3R_16073986-16074304__chr3R_16094907-16095107,chr3R_16073986-16074304,chr3R_16094907-16095107,36.2,169.0,needle,10,0.5,,,,,,
FBgn0010379_vm,,/Users/jillianness/Desktop/SEbirthanalysis1024/new_LASTZ_analysis/enhancer_extraction/enhancer_pairs/FBgn0010379_vm/chr3R_16091648-16091848__chr3R_16094907-16095107,chr3R_16091648-16091848,chr3R_16094907-16095107,34.8,118.0,needle,10,0.5,,,,,,
FBgn0011656_sm,,/Users/jillianness/Desktop/SEbirthanalysis1024/new_LASTZ_analysis/enhancer_extraction/enhancer_pairs/FBgn0011656_sm/chr2R_9557786-9557986__chr2R_9562047-9562495,chr2R_9557786-9557986,chr2R_9562047-9562495,23.7,199.5,needle,10,0.5,,,,,,
FBgn0011656_sm,,/Users/jillianness/Desktop/SEbirthanalysis1024/new_LASTZ_analysis/enhancer_extraction/enhancer_pairs/FBgn0011656_sm/chr2R_9557786-9557986__chr2R_9567242-9567442,chr2R_9557786-9557986,chr2R_9567242-9567442,27.6,80.5,needle,10,0.5,,,,,,
FBgn0011656_sm,,/Users/jillianness/Desktop/SEbirthanalysis1024/new_LASTZ_analysis/enhancer_extraction/enhancer_pairs/FBgn0011656_sm/chr2R_9562047-9562495__chr2R_9567242-9567442,chr2R_9562047-9562495,chr2R_9567242-9567442,24.8,164.5,needle,10,0.5,,,,,,
FBgn0014877_Spearman,,/Users/jillianness/Desktop/SEbirthanalysis1024/new_LASTZ_analysis/enhancer_extraction/enhancer_pairs/FBgn0014877_Spearman/chr2R_13194170-13194587__chr2R_13198071-13198730,chr2R_13194170-13194587,chr2R_13198071-13198730,25.3,198.5,needle,10,0.5,,,,,,
FBgn0014877_Spearman,,/Users/jillianness/Desktop/SEbirthanalysis1024/new_LASTZ_analysis/enhancer_extraction/enhancer_pairs/FBgn0014877_Spearman/chr2R_13194170-13194587__chr2R_13199132-13199535,chr2R_13194170-13194587,chr2R_13199132-13199535,34.2,252.0,needle,10,0.5,,,,,,
FBgn0014877_Spearman,,/Users/jillianness/Desktop/SEbirthanalysis1024/new_LASTZ_analysis/enhancer_extraction/enhancer_pairs/FBgn0014877_Spearman/chr2R_13198071-13198730__chr2R_13199132-13199535,chr2R_13198071-13198730,chr2R_13199132-13199535,29.5,289.0,needle,10,0.5,,,,,,
FBgn0015773_sm,,/Users/jillianness/Desktop/SEbirthanalysis1024/new_LASTZ_analysis/enhancer_extraction/enhancer_pairs/FBgn0015773_sm/chrX_14593777-14594065__chrX_14655967-14656167,chrX_14593777-14594065,chrX_14655967-14656167,27.0,126.0,needle,10,0.5,,,,,,
FBgn0016694_sm,,/Users/jillianness/Desktop/SEbirthanalysis1024/new_LASTZ_analysis/enhancer_extraction/enhancer_pairs/FBgn0016694_sm/chr3L_7818834-7819086__chr3L_7848370-7848762,chr3L_7818834-7819086,chr3L_7848370-7848762,38.6,287.0,needle,10,0.5,,,,,,
FBgn0016715_Spearman,,/Users/jillianness/Desktop/SEbirthanalysis1024/new_LASTZ_analysis/enhancer_extraction/enhancer_pairs/FBgn0016715_Spearman/chr3L_623882-624388__chr3L_665701-666210,chr3L_623882-624388,chr3L_665701-666210,40.2,417.0,needle,10,0.5,,,,,,
FBgn0016715_vm,,/Users/jillianness/Desktop/SEbirthanalysis1024/new_LASTZ_analysis/enhancer_extraction/enhancer_pairs/FBgn0016715_vm/chr3L_610451-610651__chr3L_618388-618844,chr3L_610451-610651,chr3L_618388-618844,24.7,183.0,needle,10,0.5,,,,,,
FBgn0016715_vm,,/Users/jillianness/Desktop/SEbirthanalysis1024/new_LASTZ_analysis/enhancer_extraction/enhancer_pairs/FBgn0016715_vm/chr3L_610451-610651__chr3L_622169-622652,chr3L_610451-610651,chr3L_622169-622652,28.7,209.5,needle,10,0.5,,,,,,
FBgn0016715_vm,,/Users/jillianness/Desktop/SEbirthanalysis1024/new_LASTZ_analysis/enhancer_extraction/enhancer_pairs/FBgn0016715_vm/chr3L_618388-618844__chr3L_622169-622652,chr3L_618388-618844,chr3L_622169-622652,35.0,363.5,needle,10,0.5,,,,,,
FBgn0016794_Spearman,,/Users/jillianness/Desktop/SEbirthanalysis1024/new_LASTZ_analysis/enhancer_extraction/enhancer_pairs/FBgn0016794_Spearman/chr3L_2552007-2552315__chr3L_2562100-2562492,chr3L_2552007-2552315,chr3L_2562100-2562492,33.7,204.0,needle,10,0.5,,,,,,
FBgn0016794_Spearman,,/Users/jillianness/Desktop/SEbirthanalysis1024/new_LASTZ_analysis/enhancer_extraction/enhancer_pairs/FBgn0016794_Spearman/chr3L_2552007-2552315__chr3L_2568872-2569202,chr3L_2552007-2552315,chr3L_2568872-2569202,41.5,237.5,needle,10,0.5,,,,,,
FBgn0016794_Spearman,,/Users/jillianness/Desktop/SEbirthanalysis1024/new_LASTZ_analysis/enhancer_extraction/enhancer_pairs/FBgn0016794_Spearman/chr3L_2562100-2562492__chr3L_2568872-2569202,chr3L_2562100-2562492,chr3L_2568872-2569202,37.4,228.5,needle,10,0.5,,,,,,
FBgn0016797_vm,,/Users/jillianness/Desktop/SEbirthanalysis1024/new_LASTZ_analysis/enhancer_extraction/enhancer_pairs/FBgn0016797_vm/chr3L_19174386-19174928__chr3L_19175349-19175549,chr3L_19174386-19174928,chr3L_19175349-19175549,25.4,219.5,needle,10,0.5,,,,,,
FBgn0016926_vm,,/Users/jillianness/Desktop/SEbirthanalysis1024/new_LASTZ_analysis/enhancer_extraction/enhancer_pairs/FBgn0016926_vm/chr2L_1118230-1118839__chr2L_1123442-1123872,chr2L_1118230-1118839,chr2L_1123442-1123872,37.8,370.0,needle,10,0.5,,,,,,
FBgn0016930_sm,,/Users/jillianness/Desktop/SEbirthanalysis1024/new_LASTZ_analysis/enhancer_extraction/enhancer_pairs/FBgn0016930_sm/chr2L_14238009-14238297__chr2L_14245654-14246036,chr2L_14238009-14238297,chr2L_14245654-14246036,32.3,229.0,needle,10,0.5,,,,,,
FBgn0016930_sm,,/Users/jillianness/Desktop/SEbirthanalysis1024/new_LASTZ_analysis/enhancer_extraction/enhancer_pairs/FBgn0016930_sm/chr2L_14238009-14238297__chr2L_14248855-14249055,chr2L_14238009-14238297,chr2L_14248855-14249055,34.7,195.5,needle,10,0.5,,,,,,
FBgn0016930_sm,,/Users/jillianness/Desktop/SEbirthanalysis1024/new_LASTZ_analysis/enhancer_extraction/enhancer_pairs/FBgn0016930_sm/chr2L_14245654-14246036__chr2L_14248855-14249055,chr2L_14245654-14246036,chr2L_14248855-14249055,30.1,195.0,needle,10,0.5,,,,,,
FBgn0020762_Spearman,,/Users/jillianness/Desktop/SEbirthanalysis1024/new_LASTZ_analysis/enhancer_extraction/enhancer_pairs/FBgn0020762_Spearman/chr2L_4363652-4364006__chr2L_4370195-4370400,chr2L_4363652-4364006,chr2L_4370195-4370400,34.6,201.5,needle,10,0.5,,,,,,
FBgn0026199_vm_sm,,/Users/jillianness/Desktop/SEbirthanalysis1024/new_LASTZ_analysis/enhancer_extraction/enhancer_pairs/FBgn0026199_vm_sm/chr4_723852-724124__chr4_725008-725208,chr4_723852-724124,chr4_725008-725208,35.8,190.5,needle,10,0.5,,,,,,
FBgn0026403_sm,,/Users/jillianness/Desktop/SEbirthanalysis1024/new_LASTZ_analysis/enhancer_extraction/enhancer_pairs/FBgn0026403_sm/chr2R_9936639-9936952__chr2R_9938636-9938836,chr2R_9936639-9936952,chr2R_9938636-9938836,40.6,233.5,needle,10,0.5,,,,,,
FBgn0027111_sm,,/Users/jillianness/Desktop/SEbirthanalysis1024/new_LASTZ_analysis/enhancer_extraction/enhancer_pairs/FBgn0027111_sm/chr3L_254348-254880__chr3L_278816-279016,chr3L_254348-254880,chr3L_278816-279016,22.0,179.5,needle,10,0.5,,,,,,
FBgn0027865_sm,,/Users/jillianness/Desktop/SEbirthanalysis1024/new_LASTZ_analysis/enhancer_extraction/enhancer_pairs/FBgn0027865_sm/chr3R_25851620-25852011__chr3R_25880902-25881203,chr3R_25851620-25852011,chr3R_25880902-25881203,31.9,251.0,needle,10,0.5,,,,,,
FBgn0027865_sm,,/Users/jillianness/Desktop/SEbirthanalysis1024/new_LASTZ_analysis/enhancer_extraction/enhancer_pairs/FBgn0027865_sm/chr3R_25879434-25879634__chr3R_25880902-25881203,chr3R_25879434-25879634,chr3R_25880902-25881203,31.7,185.5,needle,10,0.5,,,,,,
FBgn0030900_Spearman,,/Users/jillianness/Desktop/SEbirthanalysis1024/new_LASTZ_analysis/enhancer_extraction/enhancer_pairs/FBgn0030900_Spearman/chrX_18146945-18147372__chrX_18147841-18148227,chrX_18146945-18147372,chrX_18147841-18148227,31.4,209.0,needle,10,0.5,,,,,,
FBgn0030900_Spearman,,/Users/jillianness/Desktop/SEbirthanalysis1024/new_LASTZ_analysis/enhancer_extraction/enhancer_pairs/FBgn0030900_Spearman/chrX_18146945-18147372__chrX_18148950-18149279,chrX_18146945-18147372,chrX_18148950-18149279,32.6,261.5,needle,10,0.5,,,,,,
FBgn0032444_sm,,/Users/jillianness/Desktop/SEbirthanalysis1024/new_LASTZ_analysis/enhancer_extraction/enhancer_pairs/FBgn0032444_sm/chr2L_12617842-12618274__chr2L_12655423-12655623,chr2L_12617842-12618274,chr2L_12655423-12655623,29.9,194.5,needle,10,0.5,,,,,,
FBgn0032961_sm,,/Users/jillianness/Desktop/SEbirthanalysis1024/new_LASTZ_analysis/enhancer_extraction/enhancer_pairs/FBgn0032961_sm/chr2L_21831155-21831728__chr2L_21840673-21841262,chr2L_21831155-21831728,chr2L_21840673-21841262,42.8,482.0,needle,10,0.5,,,,,,
FBgn0033426_vm_sm,,/Users/jillianness/Desktop/SEbirthanalysis1024/new_LASTZ_analysis/enhancer_extraction/enhancer_pairs/FBgn0033426_vm_sm/chr2R_9176883-9177262__chr2R_9178347-9178768,chr2R_9176883-9177262,chr2R_9178347-9178768,37.8,278.0,needle,10,0.5,,,,,,
FBgn0033581_vm,,/Users/jillianness/Desktop/SEbirthanalysis1024/new_LASTZ_analysis/enhancer_extraction/enhancer_pairs/FBgn0033581_vm/chr2R_10731714-10732027__chr2R_10732567-10732946,chr2R_10731714-10732027,chr2R_10732567-10732946,39.8,234.0,needle,10,0.5,,,,,,
FBgn0034072_vm,,/Users/jillianness/Desktop/SEbirthanalysis1024/new_LASTZ_analysis/enhancer_extraction/enhancer_pairs/FBgn0034072_vm/chr2R_15720559-15720844__chr2R_15722835-15723089,chr2R_15720559-15720844,chr2R_15722835-15723089,44.2,264.0,needle,10,0.5,,,,,,
FBgn0036000_sm,,/Users/jillianness/Desktop/SEbirthanalysis1024/new_LASTZ_analysis/enhancer_extraction/enhancer_pairs/FBgn0036000_sm/chr3L_9442724-9443197__chr3L_9446026-9446417,chr3L_9442724-9443197,chr3L_9446026-9446417,35.6,307.5,needle,10,0.5,,,,,,
FBgn0036133_sm,,/Users/jillianness/Desktop/SEbirthanalysis1024/new_LASTZ_analysis/enhancer_extraction/enhancer_pairs/FBgn0036133_sm/chr3L_11099385-11099783__chr3L_11100667-11101152,chr3L_11099385-11099783,chr3L_11100667-11101152,36.3,353.0,needle,10,0.5,,,,,,
FBgn0036460_Spearman,,/Users/jillianness/Desktop/SEbirthanalysis1024/new_LASTZ_analysis/enhancer_extraction/enhancer_pairs/FBgn0036460_Spearman/chr3L_14936376-14936760__chr3L_14939995-14940646,chr3L_14936376-14936760,chr3L_14939995-14940646,26.0,315.5,needle,10,0.5,,,,,,
FBgn0036460_Spearman,,/Users/jillianness/Desktop/SEbirthanalysis1024/new_LASTZ_analysis/enhancer_extraction/enhancer_pairs/FBgn0036460_Spearman/chr3L_14936376-14936760__chr3L_14944241-14944774,chr3L_14936376-14936760,chr3L_14944241-14944774,37.5,341.0,needle,10,0.5,,,,,,
FBgn0036460_Spearman,,/Users/jillianness/Desktop/SEbirthanalysis1024/new_LASTZ_analysis/enhancer_extraction/enhancer_pairs/FBgn0036460_Spearman/chr3L_14936376-14936760__chr3L_14948136-14948479,chr3L_14936376-14936760,chr3L_14948136-14948479,42.4,328.0,needle,10,0.5,,,,,,
FBgn0036460_Spearman,,/Users/jillianness/Desktop/SEbirthanalysis1024/new_LASTZ_analysis/enhancer_extraction/enhancer_pairs/FBgn0036460_Spearman/chr3L_14939995-14940646__chr3L_14944241-14944774,chr3L_14939995-14940646,chr3L_14944241-14944774,34.3,392.0,needle,10,0.5,,,,,,
FBgn0036460_Spearman,,/Users/jillianness/Desktop/SEbirthanalysis1024/new_LASTZ_analysis/enhancer_extraction/enhancer_pairs/FBgn0036460_Spearman/chr3L_14939995-14940646__chr3L_14948136-14948479,chr3L_14939995-14940646,chr3L_14948136-14948479,29.4,279.5,needle,10,0.5,,,,,,
FBgn0036460_Spearman,,/Users/jillianness/Desktop/SEbirthanalysis1024/new_LASTZ_analysis/enhancer_extraction/enhancer_pairs/FBgn0036460_Spearman/chr3L_14944241-14944774__chr3L_14948136-14948479,chr3L_14944241-14944774,chr3L_14948136-14948479,32.0,339.0,needle,10,0.5,,,,,,
FBgn0036839_sm,,/Users/jillianness/Desktop/SEbirthanalysis1024/new_LASTZ_analysis/enhancer_extraction/enhancer_pairs/FBgn0036839_sm/chr3L_18976381-18976581__chr3L_19015534-19016171,chr3L_18976381-18976581,chr3L_19015534-19016171,17.6,229.0,needle,10,0.5,,,,,,
FBgn0037443_Spearman,,/Users/jillianness/Desktop/SEbirthanalysis1024/new_LASTZ_analysis/enhancer_extraction/enhancer_pairs/FBgn0037443_Spearman/chr3R_6467754-6468039__chr3R_6481705-6482044,chr3R_6467754-6468039,chr3R_6481705-6482044,34.5,196.5,needle,10,0.5,,,,,,
FBgn0037608_sm,,/Users/jillianness/Desktop/SEbirthanalysis1024/new_LASTZ_analysis/enhancer_extraction/enhancer_pairs/FBgn0037608_sm/chr3R_8664993-8665193__chr3R_8668848-8669048,chr3R_8664993-8665193,chr3R_8668848-8669048,23.4,145.0,needle,10,0.5,,,,,,
FBgn0037608_sm,,/Users/jillianness/Desktop/SEbirthanalysis1024/new_LASTZ_analysis/enhancer_extraction/enhancer_pairs/FBgn0037608_sm/chr3R_8664993-8665193__chr3R_8669125-8669443,chr3R_8664993-8665193,chr3R_8669125-8669443,35.7,172.0,needle,10,0.5,,,,,,
FBgn0037608_sm,,/Users/jillianness/Desktop/SEbirthanalysis1024/new_LASTZ_analysis/enhancer_extraction/enhancer_pairs/FBgn0037608_sm/chr3R_8664993-8665193__chr3R_8684628-8685183,chr3R_8664993-8665193,chr3R_8684628-8685183,25.2,244.5,needle,10,0.5,,,,,,
FBgn0037608_sm,,/Users/jillianness/Desktop/SEbirthanalysis1024/new_LASTZ_analysis/enhancer_extraction/enhancer_pairs/FBgn0037608_sm/chr3R_8668848-8669048__chr3R_8669125-8669443,chr3R_8668848-8669048,chr3R_8669125-8669443,41.1,241.0,needle,10,0.5,,,,,,
FBgn0037608_sm,,/Users/jillianness/Desktop/SEbirthanalysis1024/new_LASTZ_analysis/enhancer_extraction/enhancer_pairs/FBgn0037608_sm/chr3R_8668848-8669048__chr3R_8684628-8685183,chr3R_8668848-8669048,chr3R_8684628-8685183,19.7,192.0,needle,10,0.5,,,,,,
FBgn0037608_sm,,/Users/jillianness/Desktop/SEbirthanalysis1024/new_LASTZ_analysis/enhancer_extraction/enhancer_pairs/FBgn0037608_sm/chr3R_8669125-8669443__chr3R_8684628-8685183,chr3R_8669125-8669443,chr3R_8684628-8685183,33.0,329.0,needle,10,0.5,,,,,,
FBgn0037637_sm,,/Users/jillianness/Desktop/SEbirthanalysis1024/new_LASTZ_analysis/enhancer_extraction/enhancer_pairs/FBgn0037637_sm/chr3R_8812222-8812640__chr3R_8864161-8864361,chr3R_8812222-8812640,chr3R_8864161-8864361,29.4,191.0,needle,10,0.5,,,,,,
FBgn0038292_vm,,/Users/jillianness/Desktop/SEbirthanalysis1024/new_LASTZ_analysis/enhancer_extraction/enhancer_pairs/FBgn0038292_vm/chr3R_15091554-15092117__chr3R_15121624-15122081,chr3R_15091554-15092117,chr3R_15121624-15122081,36.8,353.0,needle,10,0.5,,,,,,
FBgn0040071_sm,,/Users/jillianness/Desktop/SEbirthanalysis1024/new_LASTZ_analysis/enhancer_extraction/enhancer_pairs/FBgn0040071_sm/chr3R_16234208-16234580__chr3R_16242325-16242715,chr3R_16234208-16234580,chr3R_16242325-16242715,38.7,299.5,needle,10,0.5,,,,,,
FBgn0040071_sm,,/Users/jillianness/Desktop/SEbirthanalysis1024/new_LASTZ_analysis/enhancer_extraction/enhancer_pairs/FBgn0040071_sm/chr3R_16234208-16234580__chr3R_16281158-16281613,chr3R_16234208-16234580,chr3R_16281158-16281613,32.5,253.5,needle,10,0.5,,,,,,
FBgn0051536_Spearman,,/Users/jillianness/Desktop/SEbirthanalysis1024/new_LASTZ_analysis/enhancer_extraction/enhancer_pairs/FBgn0051536_Spearman/chr3R_4979211-4979648__chr3R_4980433-4980891,chr3R_4979211-4979648,chr3R_4980433-4980891,38.3,352.0,needle,10,0.5,,,,,,
FBgn0051536_meso,,/Users/jillianness/Desktop/SEbirthanalysis1024/new_LASTZ_analysis/enhancer_extraction/enhancer_pairs/FBgn0051536_meso/chr3R_4976947-4977343__chr3R_4979211-4979648,chr3R_4976947-4977343,chr3R_4979211-4979648,44.5,391.5,needle,10,0.5,,,,,,
FBgn0051536_vm,,/Users/jillianness/Desktop/SEbirthanalysis1024/new_LASTZ_analysis/enhancer_extraction/enhancer_pairs/FBgn0051536_vm/chr3R_4974418-4974807__chr3R_4992040-4992492,chr3R_4974418-4974807,chr3R_4992040-4992492,39.2,291.0,needle,10,0.5,,,,,,
FBgn0053208_sm,,/Users/jillianness/Desktop/SEbirthanalysis1024/new_LASTZ_analysis/enhancer_extraction/enhancer_pairs/FBgn0053208_sm/chr3R_9918181-9918520__chr3R_10030129-10030427,chr3R_9918181-9918520,chr3R_10030129-10030427,40.3,227.5,needle,10,0.5,,,,,,
FBgn0263133_sm,,/Users/jillianness/Desktop/SEbirthanalysis1024/new_LASTZ_analysis/enhancer_extraction/enhancer_pairs/FBgn0263133_sm/chr2L_7157539-7157943__chr2L_7277249-7277482,chr2L_7157539-7157943,chr2L_7277249-7277482,35.7,255.0,needle,10,0.5,,,,,,
esg,,/Users/jillianness/Desktop/SEbirthanalysis1024/new_LASTZ_analysis/enhancer_extraction/enhancer_pairs/esg/chr2L_15322444-15322772__chr2L_15331388-15332093,chr2L_15322444-15322772,chr2L_15331388-15332093,31.8,361.5,needle,10,0.5,,,,,,
esg,,/Users/jillianness/Desktop/SEbirthanalysis1024/new_LASTZ_analysis/enhancer_extraction/enhancer_pairs/esg/chr2L_15322444-15322772__chr2L_15332558-15332979,chr2L_15322444-15322772,chr2L_15332558-15332979,31.8,290.5,needle,10,0.5,,,,,,
esg,,/Users/jillianness/Desktop/SEbirthanalysis1024/new_LASTZ_analysis/enhancer_extraction/enhancer_pairs/esg/chr2L_15323128-15323794__chr2L_15331388-15332093,chr2L_15323128-15323794,chr2L_15331388-15332093,39.5,456.0,needle,10,0.5,,,,,,
esg,,/Users/jillianness/Desktop/SEbirthanalysis1024/new_LASTZ_analysis/enhancer_extraction/enhancer_pairs/esg/chr2L_15323128-15323794__chr2L_15332558-15332979,chr2L_15323128-15323794,chr2L_15332558-15332979,33.7,381.0,needle,10,0.5,,,,,,
esg,,/Users/jillianness/Desktop/SEbirthanalysis1024/new_LASTZ_analysis/enhancer_extraction/enhancer_pairs/esg/chr2L_15323946-15324408__chr2L_15331388-15332093,chr2L_15323946-15324408,chr2L_15331388-15332093,36.0,472.0,needle,10,0.5,,,,,,
esg,,/Users/jillianness/Desktop/SEbirthanalysis1024/new_LASTZ_analysis/enhancer_extraction/enhancer_pairs/esg/chr2L_15323946-15324408__chr2L_15332558-15332979,chr2L_15323946-15324408,chr2L_15332558-15332979,40.2,419.0,needle,10,0.5,,,,,,
esg,,/Users/jillianness/Desktop/SEbirthanalysis1024/new_LASTZ_analysis/enhancer_extraction/enhancer_pairs/esg/chr2L_15331388-15332093__chr2L_15332558-15332979,chr2L_15331388-15332093,chr2L_15332558-15332979,35.1,407.0,needle,10,0.5,,,,,,
esg,,/Users/jillianness/Desktop/SEbirthanalysis1024/new_LASTZ_analysis/enhancer_extraction/enhancer_pairs/esg/chr2L_15331388-15332093__chr2L_15333222-15333912,chr2L_15331388-15332093,chr2L_15333222-15333912,40.7,586.0,needle,10,0.5,,,,,,
esg,,/Users/jillianness/Desktop/SEbirthanalysis1024/new_LASTZ_analysis/enhancer_extraction/enhancer_pairs/esg/chr2L_15332558-15332979__chr2L_15333222-15333912,chr2L_15332558-15332979,chr2L_15333222-15333912,34.9,384.0,needle,10,0.5,,,,,,
