shadowset	pair_dir	enhancer_a	enhancer_b	feat_space	size_a	size_b	hits_a	hits_b	intersection	union	jaccard	cosine	overlap_coeff	weighted_jaccard	bray_curtis_sim	hellinger_sim	pos_jsd_sim	group	fimo_a	fimo_b	all_tfbs_jaccard_count	mesoderm_jaccard_count
FBgn0023095_sm	/Users/jillianness/Desktop/SEbirthanalysis1024/new_LASTZ_analysis/enhancer_extraction/enhancer_pairs/FBgn0023095_sm/chr3L_13208620-13208905__chr3L_13231729-13231956	chr3L:13208620-13208905	chr3L:13231729-13231956	name	54	48	68	69	24	78	0.307692	0.200004	0.5	0.0	0.350365	0.218905	1.0	neither	yes	yes	0.20869565217391303	0.2222222222222222
FBgn0023095_sm	/Users/jillianness/Desktop/SEbirthanalysis1024/new_LASTZ_analysis/enhancer_extraction/enhancer_pairs/FBgn0023095_sm/chr3L_13231729-13231956__chr3L_13270814-13271136	chr3L:13231729-13231956	chr3L:13270814-13271136	name	48	104	69	232	35	117	0.299145	0.422103	0.729167	0.0	0.285714	0.284227	1.0	neither	yes	yes	0.1520912547528517	0.10526315789473684
FBgn0023095_sm	/Users/jillianness/Desktop/SEbirthanalysis1024/new_LASTZ_analysis/enhancer_extraction/enhancer_pairs/FBgn0023095_sm/chr3L_13208620-13208905__chr3L_13270814-13271136	chr3L:13208620-13208905	chr3L:13270814-13271136	name	54	104	68	232	37	121	0.305785	0.349928	0.685185	0.0	0.266667	0.249514	1.0	neither	yes	yes	0.14393939393939395	0.18181818181818182
FBgn0037816_sm	/Users/jillianness/Desktop/SEbirthanalysis1024/new_LASTZ_analysis/enhancer_extraction/enhancer_pairs/FBgn0037816_sm/chr3R_10387951-10388335__chr3R_10536788-10537065	chr3R:10387951-10388335	chr3R:10536788-10537065	name	101	40	184	66	29	112	0.258929	0.297862	0.725	0.0	0.28	0.238863	1.0	neither	yes	yes	0.16129032258064516	0.2631578947368421
FBgn0037447_vm_sm	/Users/jillianness/Desktop/SEbirthanalysis1024/new_LASTZ_analysis/enhancer_extraction/enhancer_pairs/FBgn0037447_vm_sm/chr3R_6467754-6468039__chr3R_6481705-6482044	chr3R:6467754-6468039	chr3R:6481705-6482044	name	38	51	65	94	20	69	0.289855	0.596118	0.526316	0.0	0.389937	0.312352	1.0	neither	yes	yes	0.21052631578947367	0.26666666666666666
FBgn0038536_vm	/Users/jillianness/Desktop/SEbirthanalysis1024/new_LASTZ_analysis/enhancer_extraction/enhancer_pairs/FBgn0038536_vm/chr3R_17705753-17706062__chr3R_17712387-17713045	chr3R:17705753-17706062	chr3R:17712387-17713045	name	88	51	115	169	27	112	0.241071	0.237603	0.529412	0.0	0.232394	0.199085	1.0	enhancer_hit	yes	yes	0.13043478260869565	0.19230769230769232
FBgn0037608_vm	/Users/jillianness/Desktop/SEbirthanalysis1024/new_LASTZ_analysis/enhancer_extraction/enhancer_pairs/FBgn0037608_vm/chr3R_8668848-8669048__chr3R_8684628-8685183	chr3R:8668848-8669048	chr3R:8684628-8685183	name	32	85	44	173	21	96	0.21875	0.558688	0.65625	0.0	0.285714	0.279346	1.0	flank_hit	yes	yes	0.14659685863874344	0.21052631578947367
FBgn0037608_vm	/Users/jillianness/Desktop/SEbirthanalysis1024/new_LASTZ_analysis/enhancer_extraction/enhancer_pairs/FBgn0037608_vm/chr3R_8664993-8665193__chr3R_8684628-8685183	chr3R:8664993-8665193	chr3R:8684628-8685183	name	92	85	192	173	47	130	0.361538	0.378183	0.552941	0.0	0.345205	0.276873	1.0	neither	yes	yes	0.19934640522875818	0.13793103448275862
FBgn0037608_vm	/Users/jillianness/Desktop/SEbirthanalysis1024/new_LASTZ_analysis/enhancer_extraction/enhancer_pairs/FBgn0037608_vm/chr3R_8664009-8664210__chr3R_8668848-8669048	chr3R:8664009-8664210	chr3R:8668848-8669048	name	89	32	109	44	22	99	0.222222	0.407295	0.6875	0.0	0.313725	0.242659	1.0	neither	yes	yes	0.183206106870229	0.25
FBgn0037608_vm	/Users/jillianness/Desktop/SEbirthanalysis1024/new_LASTZ_analysis/enhancer_extraction/enhancer_pairs/FBgn0037608_vm/chr3R_8664993-8665193__chr3R_8668848-8669048	chr3R:8664993-8665193	chr3R:8668848-8669048	name	92	32	192	44	19	105	0.180952	0.295455	0.59375	0.0	0.186441	0.189649	1.0	neither	yes	yes	0.10185185185185185	0.1111111111111111
FBgn0037608_vm	/Users/jillianness/Desktop/SEbirthanalysis1024/new_LASTZ_analysis/enhancer_extraction/enhancer_pairs/FBgn0037608_vm/chr3R_8664009-8664210__chr3R_8664993-8665193	chr3R:8664009-8664210	chr3R:8664993-8665193	name	89	92	109	192	72	109	0.66055	0.630169	0.808989	0.0	0.524917	0.50043	1.0	neither	yes	yes	0.3407079646017699	0.13636363636363635
FBgn0037608_vm	/Users/jillianness/Desktop/SEbirthanalysis1024/new_LASTZ_analysis/enhancer_extraction/enhancer_pairs/FBgn0037608_vm/chr3R_8664009-8664210__chr3R_8684628-8685183	chr3R:8664009-8664210	chr3R:8684628-8685183	name	89	85	109	173	50	124	0.403226	0.465932	0.588235	0.0	0.397163	0.33327	1.0	neither	yes	yes	0.22943722943722944	0.16666666666666666
FBgn0035956_Spearman	/Users/jillianness/Desktop/SEbirthanalysis1024/new_LASTZ_analysis/enhancer_extraction/enhancer_pairs/FBgn0035956_Spearman/chr3L_9010205-9010405__chr3L_9024467-9024945	chr3L:9010205-9010405	chr3L:9024467-9024945	name	76	111	123	320	69	118	0.584746	0.744413	0.907895	0.0	0.501129	0.524785	1.0	neither	yes	yes	0.3323353293413174	0.21739130434782608
FBgn0035956_Spearman	/Users/jillianness/Desktop/SEbirthanalysis1024/new_LASTZ_analysis/enhancer_extraction/enhancer_pairs/FBgn0035956_Spearman/chr3L_9010205-9010405__chr3L_9023155-9023452	chr3L:9010205-9010405	chr3L:9023155-9023452	name	76	57	123	78	32	101	0.316832	0.376695	0.561404	0.0	0.328358	0.268977	1.0	neither	yes	yes	0.19411764705882353	0.0
FBgn0035956_Spearman	/Users/jillianness/Desktop/SEbirthanalysis1024/new_LASTZ_analysis/enhancer_extraction/enhancer_pairs/FBgn0035956_Spearman/chr3L_8994546-8994994__chr3L_9010205-9010405	chr3L:8994546-8994994	chr3L:9010205-9010405	name	40	76	65	123	13	103	0.126214	0.180787	0.325	0.0	0.170213	0.116409	1.0	neither	yes	yes	0.08571428571428572	0.0
FBgn0035956_Spearman	/Users/jillianness/Desktop/SEbirthanalysis1024/new_LASTZ_analysis/enhancer_extraction/enhancer_pairs/FBgn0035956_Spearman/chr3L_8984193-8984856__chr3L_9023155-9023452	chr3L:8984193-8984856	chr3L:9023155-9023452	name	108	57	192	78	42	123	0.341463	0.376386	0.736842	0.0	0.340741	0.294965	1.0	neither	yes	yes	0.19298245614035087	0.0
FBgn0035956_Spearman	/Users/jillianness/Desktop/SEbirthanalysis1024/new_LASTZ_analysis/enhancer_extraction/enhancer_pairs/FBgn0035956_Spearman/chr3L_9023155-9023452__chr3L_9024467-9024945	chr3L:9023155-9023452	chr3L:9024467-9024945	name	57	111	78	320	42	126	0.333333	0.37391	0.736842	0.0	0.246231	0.282151	1.0	neither	yes	yes	0.13636363636363635	0.07692307692307693
FBgn0035956_Spearman	/Users/jillianness/Desktop/SEbirthanalysis1024/new_LASTZ_analysis/enhancer_extraction/enhancer_pairs/FBgn0035956_Spearman/chr3L_8984193-8984856__chr3L_8994546-8994994	chr3L:8984193-8984856	chr3L:8994546-8994994	name	108	40	192	65	28	120	0.233333	0.344374	0.7	0.0	0.272374	0.232174	1.0	flank_hit	yes	yes	0.16143497757847533	0.18181818181818182
FBgn0035956_Spearman	/Users/jillianness/Desktop/SEbirthanalysis1024/new_LASTZ_analysis/enhancer_extraction/enhancer_pairs/FBgn0035956_Spearman/chr3L_8984193-8984856__chr3L_9024467-9024945	chr3L:8984193-8984856	chr3L:9024467-9024945	name	108	111	192	320	89	130	0.684615	0.735389	0.824074	0.0	0.585938	0.562953	1.0	neither	yes	yes	0.39295392953929537	0.41379310344827586
FBgn0035956_Spearman	/Users/jillianness/Desktop/SEbirthanalysis1024/new_LASTZ_analysis/enhancer_extraction/enhancer_pairs/FBgn0035956_Spearman/chr3L_8994546-8994994__chr3L_9010490-9010720	chr3L:8994546-8994994	chr3L:9010490-9010720	name	40	90	65	163	17	113	0.150442	0.199164	0.425	0.0	0.184211	0.129785	1.0	neither	yes	yes	0.09523809523809523	0.05263157894736842
FBgn0035956_Spearman	/Users/jillianness/Desktop/SEbirthanalysis1024/new_LASTZ_analysis/enhancer_extraction/enhancer_pairs/FBgn0035956_Spearman/chr3L_9010205-9010405__chr3L_9010490-9010720	chr3L:9010205-9010405	chr3L:9010490-9010720	name	76	90	123	163	60	106	0.566038	0.589436	0.789474	0.0	0.573427	0.441155	1.0	neither	yes	yes	0.391304347826087	0.1875
FBgn0035956_Spearman	/Users/jillianness/Desktop/SEbirthanalysis1024/new_LASTZ_analysis/enhancer_extraction/enhancer_pairs/FBgn0035956_Spearman/chr3L_8984193-8984856__chr3L_9010205-9010405	chr3L:8984193-8984856	chr3L:9010205-9010405	name	108	76	192	123	68	116	0.586207	0.731034	0.894737	0.0	0.653968	0.51225	1.0	neither	yes	yes	0.4675925925925926	0.3157894736842105
FBgn0035956_Spearman	/Users/jillianness/Desktop/SEbirthanalysis1024/new_LASTZ_analysis/enhancer_extraction/enhancer_pairs/FBgn0035956_Spearman/chr3L_8994546-8994994__chr3L_9023155-9023452	chr3L:8994546-8994994	chr3L:9023155-9023452	name	40	57	65	78	17	80	0.2125	0.250873	0.425	0.0	0.251748	0.182646	1.0	neither	yes	yes	0.14173228346456693	0.08333333333333333
FBgn0035956_Spearman	/Users/jillianness/Desktop/SEbirthanalysis1024/new_LASTZ_analysis/enhancer_extraction/enhancer_pairs/FBgn0035956_Spearman/chr3L_9010490-9010720__chr3L_9024467-9024945	chr3L:9010490-9010720	chr3L:9024467-9024945	name	90	111	163	320	80	121	0.661157	0.740175	0.888889	0.0	0.596273	0.562037	1.0	neither	yes	yes	0.4139941690962099	0.4
FBgn0035956_Spearman	/Users/jillianness/Desktop/SEbirthanalysis1024/new_LASTZ_analysis/enhancer_extraction/enhancer_pairs/FBgn0035956_Spearman/chr3L_9010490-9010720__chr3L_9023155-9023452	chr3L:9010490-9010720	chr3L:9023155-9023452	name	90	57	163	78	35	112	0.3125	0.427815	0.614035	0.0	0.340249	0.292694	1.0	neither	yes	yes	0.20297029702970298	0.26666666666666666
FBgn0035956_Spearman	/Users/jillianness/Desktop/SEbirthanalysis1024/new_LASTZ_analysis/enhancer_extraction/enhancer_pairs/FBgn0035956_Spearman/chr3L_8994546-8994994__chr3L_9024467-9024945	chr3L:8994546-8994994	chr3L:9024467-9024945	name	40	111	65	320	24	127	0.188976	0.229027	0.6	0.0	0.166234	0.162628	1.0	neither	yes	yes	0.09014084507042254	0.20833333333333334
FBgn0035956_Spearman	/Users/jillianness/Desktop/SEbirthanalysis1024/new_LASTZ_analysis/enhancer_extraction/enhancer_pairs/FBgn0035956_Spearman/chr3L_8984193-8984856__chr3L_9010490-9010720	chr3L:8984193-8984856	chr3L:9010490-9010720	name	108	90	192	163	73	125	0.584	0.576522	0.811111	0.0	0.585915	0.456215	1.0	neither	yes	yes	0.38910505836575876	0.18518518518518517
Abd-B	/Users/jillianness/Desktop/SEbirthanalysis1024/new_LASTZ_analysis/enhancer_extraction/enhancer_pairs/Abd-B/chr3R_16891893-16892448__chr3R_16921371-16921858	chr3R:16891893-16892448	chr3R:16921371-16921858	name	72	62	153	126	33	101	0.326733	0.630502	0.532258	0.0	0.473118	0.361193	1.0	neither	yes	yes	0.29493087557603687	0.47058823529411764
Abd-B	/Users/jillianness/Desktop/SEbirthanalysis1024/new_LASTZ_analysis/enhancer_extraction/enhancer_pairs/Abd-B/chr3R_16891893-16892448__chr3R_16901949-16902502	chr3R:16891893-16892448	chr3R:16901949-16902502	name	72	92	153	185	46	118	0.389831	0.625111	0.638889	0.0	0.508876	0.366176	1.0	neither	yes	yes	0.3229571984435798	0.29411764705882354
Abd-B	/Users/jillianness/Desktop/SEbirthanalysis1024/new_LASTZ_analysis/enhancer_extraction/enhancer_pairs/Abd-B/chr3R_16901949-16902502__chr3R_16920234-16921056	chr3R:16901949-16902502	chr3R:16920234-16921056	name	92	126	185	399	81	137	0.591241	0.632958	0.880435	0.0	0.476027	0.482649	1.0	neither	yes	yes	0.29933481152993346	0.17647058823529413
Abd-B	/Users/jillianness/Desktop/SEbirthanalysis1024/new_LASTZ_analysis/enhancer_extraction/enhancer_pairs/Abd-B/chr3R_16920234-16921056__chr3R_16921371-16921858	chr3R:16920234-16921056	chr3R:16921371-16921858	name	126	62	399	126	50	138	0.362319	0.546072	0.806452	0.0	0.350476	0.331563	1.0	neither	yes	yes	0.20594965675057209	0.22857142857142856
Abd-B	/Users/jillianness/Desktop/SEbirthanalysis1024/new_LASTZ_analysis/enhancer_extraction/enhancer_pairs/Abd-B/chr3R_16901949-16902502__chr3R_16921371-16921858	chr3R:16901949-16902502	chr3R:16921371-16921858	name	92	62	185	126	40	114	0.350877	0.686234	0.645161	0.0	0.514469	0.400788	1.0	neither	yes	yes	0.3206751054852321	0.2777777777777778
Abd-B	/Users/jillianness/Desktop/SEbirthanalysis1024/new_LASTZ_analysis/enhancer_extraction/enhancer_pairs/Abd-B/chr3R_16891893-16892448__chr3R_16920234-16921056	chr3R:16891893-16892448	chr3R:16920234-16921056	name	72	126	153	399	65	133	0.488722	0.62759	0.902778	0.0	0.434783	0.435606	1.0	neither	yes	yes	0.2735632183908046	0.2727272727272727
FBgn0026761_Spearman	/Users/jillianness/Desktop/SEbirthanalysis1024/new_LASTZ_analysis/enhancer_extraction/enhancer_pairs/FBgn0026761_Spearman/chr2R_6219294-6219494__chr2R_6256635-6257061	chr2R:6219294-6219494	chr2R:6256635-6257061	name	26	82	62	148	14	94	0.148936	0.298244	0.538462	0.0	0.238095	0.188824	1.0	neither	yes	yes	0.13368983957219252	0.3157894736842105
FBgn0016120_sm	/Users/jillianness/Desktop/SEbirthanalysis1024/new_LASTZ_analysis/enhancer_extraction/enhancer_pairs/FBgn0016120_sm/chr3R_19092386-19092991__chr3R_19107971-19108412	chr3R:19092386-19092991	chr3R:19107971-19108412	name	79	102	198	190	61	120	0.508333	0.546577	0.772152	0.0	0.469072	0.400504	1.0	enhancer_hit	yes	yes	0.3	0.3225806451612903
FBgn0016120_sm	/Users/jillianness/Desktop/SEbirthanalysis1024/new_LASTZ_analysis/enhancer_extraction/enhancer_pairs/FBgn0016120_sm/chr3R_19091653-19091872__chr3R_19107971-19108412	chr3R:19091653-19091872	chr3R:19107971-19108412	name	33	102	58	190	20	115	0.173913	0.311808	0.606061	0.0	0.217742	0.180026	1.0	neither	yes	yes	0.1111111111111111	0.18181818181818182
FBgn0016120_sm	/Users/jillianness/Desktop/SEbirthanalysis1024/new_LASTZ_analysis/enhancer_extraction/enhancer_pairs/FBgn0016120_sm/chr3R_19091653-19091872__chr3R_19092386-19092991	chr3R:19091653-19091872	chr3R:19092386-19092991	name	33	79	58	198	25	87	0.287356	0.595737	0.757576	0.0	0.34375	0.364663	1.0	neither	yes	yes	0.2	0.34782608695652173
FBgn0035144_vm_sm	/Users/jillianness/Desktop/SEbirthanalysis1024/new_LASTZ_analysis/enhancer_extraction/enhancer_pairs/FBgn0035144_vm_sm/chr3L_575897-576292__chr3L_593649-593985	chr3L:575897-576292	chr3L:593649-593985	name	78	55	147	74	33	100	0.33	0.337823	0.6	0.0	0.334842	0.266605	1.0	neither	yes	yes	0.1925133689839572	0.4
FBgn0035144_vm_sm	/Users/jillianness/Desktop/SEbirthanalysis1024/new_LASTZ_analysis/enhancer_extraction/enhancer_pairs/FBgn0035144_vm_sm/chr3L_519120-519320__chr3L_593649-593985	chr3L:519120-519320	chr3L:593649-593985	name	92	55	131	74	33	114	0.289474	0.339597	0.6	0.0	0.35122	0.238639	1.0	neither	yes	yes	0.20348837209302326	0.4
FBgn0035144_vm_sm	/Users/jillianness/Desktop/SEbirthanalysis1024/new_LASTZ_analysis/enhancer_extraction/enhancer_pairs/FBgn0035144_vm_sm/chr3L_519120-519320__chr3L_575897-576292	chr3L:519120-519320	chr3L:575897-576292	name	92	78	131	147	55	115	0.478261	0.403323	0.705128	0.0	0.446043	0.374453	1.0	neither	yes	yes	0.2785388127853881	0.2727272727272727
FBgn0028734_sm	/Users/jillianness/Desktop/SEbirthanalysis1024/new_LASTZ_analysis/enhancer_extraction/enhancer_pairs/FBgn0028734_sm/chr3R_10106432-10106719__chr3R_10108491-10108933	chr3R:10106432-10106719	chr3R:10108491-10108933	name	89	70	269	112	44	115	0.382609	0.428941	0.628571	0.0	0.304462	0.293973	1.0	neither	yes	yes	0.17484662576687116	0.09090909090909091
FBgn0016930_vm	/Users/jillianness/Desktop/SEbirthanalysis1024/new_LASTZ_analysis/enhancer_extraction/enhancer_pairs/FBgn0016930_vm/chr2L_14238009-14238297__chr2L_14248855-14249055	chr2L:14238009-14238297	chr2L:14248855-14249055	name	98	34	182	46	24	108	0.222222	0.416679	0.705882	0.0	0.263158	0.239836	1.0	neither	yes	yes	0.12745098039215685	0.07142857142857142
FBgn0016930_vm	/Users/jillianness/Desktop/SEbirthanalysis1024/new_LASTZ_analysis/enhancer_extraction/enhancer_pairs/FBgn0016930_vm/chr2L_14211117-14211371__chr2L_14267350-14267653	chr2L:14211117-14211371	chr2L:14267350-14267653	name	41	64	55	99	21	84	0.25	0.512609	0.512195	0.0	0.350649	0.273862	1.0	neither	yes	yes	0.2	0.2857142857142857
FBgn0016930_vm	/Users/jillianness/Desktop/SEbirthanalysis1024/new_LASTZ_analysis/enhancer_extraction/enhancer_pairs/FBgn0016930_vm/chr2L_14238009-14238297__chr2L_14245654-14246036	chr2L:14238009-14238297	chr2L:14245654-14246036	name	98	58	182	94	38	118	0.322034	0.395944	0.655172	0.0	0.34058	0.249956	1.0	neither	yes	yes	0.19313304721030042	0.2222222222222222
FBgn0016930_vm	/Users/jillianness/Desktop/SEbirthanalysis1024/new_LASTZ_analysis/enhancer_extraction/enhancer_pairs/FBgn0016930_vm/chr2L_14211117-14211371__chr2L_14248855-14249055	chr2L:14211117-14211371	chr2L:14248855-14249055	name	41	34	55	46	14	61	0.229508	0.27645	0.411765	0.0	0.277228	0.196661	1.0	enhancer_hit	yes	yes	0.13186813186813187	0.2857142857142857
FBgn0016930_vm	/Users/jillianness/Desktop/SEbirthanalysis1024/new_LASTZ_analysis/enhancer_extraction/enhancer_pairs/FBgn0016930_vm/chr2L_14238009-14238297__chr2L_14267350-14267653	chr2L:14238009-14238297	chr2L:14267350-14267653	name	98	64	182	99	47	115	0.408696	0.486024	0.734375	0.0	0.384342	0.344325	1.0	neither	yes	yes	0.23580786026200873	0.2
FBgn0016930_vm	/Users/jillianness/Desktop/SEbirthanalysis1024/new_LASTZ_analysis/enhancer_extraction/enhancer_pairs/FBgn0016930_vm/chr2L_14211117-14211371__chr2L_14245654-14246036	chr2L:14211117-14211371	chr2L:14245654-14246036	name	41	58	55	94	20	79	0.253165	0.462967	0.487805	0.0	0.33557	0.252524	1.0	neither	yes	yes	0.208	0.3333333333333333
FBgn0016930_vm	/Users/jillianness/Desktop/SEbirthanalysis1024/new_LASTZ_analysis/enhancer_extraction/enhancer_pairs/FBgn0016930_vm/chr2L_14211117-14211371__chr2L_14238009-14238297	chr2L:14211117-14211371	chr2L:14238009-14238297	name	41	98	55	182	27	112	0.241071	0.359171	0.658537	0.0	0.253165	0.225325	1.0	neither	yes	yes	0.14354066985645933	0.23076923076923078
FBgn0016930_vm	/Users/jillianness/Desktop/SEbirthanalysis1024/new_LASTZ_analysis/enhancer_extraction/enhancer_pairs/FBgn0016930_vm/chr2L_14248855-14249055__chr2L_14267350-14267653	chr2L:14248855-14249055	chr2L:14267350-14267653	name	34	64	46	99	17	81	0.209877	0.412001	0.5	0.0	0.289655	0.252573	1.0	neither	yes	yes	0.176	0.3076923076923077
FBgn0016930_vm	/Users/jillianness/Desktop/SEbirthanalysis1024/new_LASTZ_analysis/enhancer_extraction/enhancer_pairs/FBgn0016930_vm/chr2L_14245654-14246036__chr2L_14267350-14267653	chr2L:14245654-14246036	chr2L:14267350-14267653	name	58	64	94	99	31	91	0.340659	0.689684	0.534483	0.0	0.476684	0.358199	1.0	neither	yes	yes	0.3	0.3333333333333333
FBgn0016930_vm	/Users/jillianness/Desktop/SEbirthanalysis1024/new_LASTZ_analysis/enhancer_extraction/enhancer_pairs/FBgn0016930_vm/chr2L_14230546-14231007__chr2L_14238009-14238297	chr2L:14230546-14231007	chr2L:14238009-14238297	name	79	98	152	182	56	121	0.46281	0.479004	0.708861	0.0	0.419162	0.354649	1.0	neither	yes	yes	0.2537313432835821	0.18518518518518517
FBgn0016930_vm	/Users/jillianness/Desktop/SEbirthanalysis1024/new_LASTZ_analysis/enhancer_extraction/enhancer_pairs/FBgn0016930_vm/chr2L_14211117-14211371__chr2L_14230546-14231007	chr2L:14211117-14211371	chr2L:14230546-14231007	name	41	79	55	152	21	99	0.212121	0.478549	0.512195	0.0	0.26087	0.238277	1.0	neither	yes	yes	0.14207650273224043	0.23809523809523808
FBgn0016930_vm	/Users/jillianness/Desktop/SEbirthanalysis1024/new_LASTZ_analysis/enhancer_extraction/enhancer_pairs/FBgn0016930_vm/chr2L_14230546-14231007__chr2L_14248855-14249055	chr2L:14230546-14231007	chr2L:14248855-14249055	name	79	34	152	46	26	87	0.298851	0.433037	0.764706	0.0	0.323232	0.324178	1.0	neither	yes	yes	0.19047619047619047	0.19047619047619047
FBgn0016930_vm	/Users/jillianness/Desktop/SEbirthanalysis1024/new_LASTZ_analysis/enhancer_extraction/enhancer_pairs/FBgn0016930_vm/chr2L_14230546-14231007__chr2L_14245654-14246036	chr2L:14230546-14231007	chr2L:14245654-14246036	name	79	58	152	94	42	95	0.442105	0.702406	0.724138	0.0	0.495935	0.421631	1.0	neither	yes	yes	0.3191489361702128	0.45454545454545453
FBgn0016930_vm	/Users/jillianness/Desktop/SEbirthanalysis1024/new_LASTZ_analysis/enhancer_extraction/enhancer_pairs/FBgn0016930_vm/chr2L_14230546-14231007__chr2L_14267350-14267653	chr2L:14230546-14231007	chr2L:14267350-14267653	name	79	64	152	99	39	104	0.375	0.732882	0.609375	0.0	0.501992	0.398724	1.0	neither	yes	yes	0.3177083333333333	0.4166666666666667
FBgn0016930_vm	/Users/jillianness/Desktop/SEbirthanalysis1024/new_LASTZ_analysis/enhancer_extraction/enhancer_pairs/FBgn0016930_vm/chr2L_14245654-14246036__chr2L_14248855-14249055	chr2L:14245654-14246036	chr2L:14248855-14249055	name	58	34	94	46	18	74	0.243243	0.389721	0.529412	0.0	0.314286	0.263598	1.0	neither	yes	yes	0.19327731092436976	0.36363636363636365
FBgn0005771_vm	/Users/jillianness/Desktop/SEbirthanalysis1024/new_LASTZ_analysis/enhancer_extraction/enhancer_pairs/FBgn0005771_vm/chr2L_14476624-14476824__chr2L_14527451-14527987	chr2L:14476624-14476824	chr2L:14527451-14527987	name	46	92	55	163	28	110	0.254545	0.446433	0.608696	0.0	0.311927	0.263235	1.0	neither	yes	yes	0.164021164021164	0.0625
FBgn0005771_vm	/Users/jillianness/Desktop/SEbirthanalysis1024/new_LASTZ_analysis/enhancer_extraction/enhancer_pairs/FBgn0005771_vm/chr2L_14527451-14527987__chr2L_14537085-14537454	chr2L:14527451-14527987	chr2L:14537085-14537454	name	92	106	163	189	73	125	0.584	0.465324	0.793478	0.0	0.488636	0.431603	1.0	neither	yes	yes	0.3014705882352941	0.2857142857142857
FBgn0005771_vm	/Users/jillianness/Desktop/SEbirthanalysis1024/new_LASTZ_analysis/enhancer_extraction/enhancer_pairs/FBgn0005771_vm/chr2L_14476624-14476824__chr2L_14537085-14537454	chr2L:14476624-14476824	chr2L:14537085-14537454	name	46	106	55	189	31	121	0.256198	0.307569	0.673913	0.0	0.262295	0.221042	1.0	neither	yes	yes	0.15492957746478872	0.041666666666666664
FBgn0000014_vm	/Users/jillianness/Desktop/SEbirthanalysis1024/new_LASTZ_analysis/enhancer_extraction/enhancer_pairs/FBgn0000014_vm/chr3R_16813228-16813680__chr3R_16814262-16814590	chr3R:16813228-16813680	chr3R:16814262-16814590	name	97	34	250	57	23	108	0.212963	0.536684	0.676471	0.0	0.228013	0.2744	1.0	neither	yes	yes	0.12363636363636364	0.23529411764705882
FBgn0000014_vm	/Users/jillianness/Desktop/SEbirthanalysis1024/new_LASTZ_analysis/enhancer_extraction/enhancer_pairs/FBgn0000014_vm/chr3R_16737098-16737410__chr3R_16904976-16905213	chr3R:16737098-16737410	chr3R:16904976-16905213	name	51	42	78	78	21	72	0.291667	0.570588	0.5	0.0	0.397436	0.30478	1.0	neither	yes	yes	0.234375	0.3333333333333333
FBgn0000014_vm	/Users/jillianness/Desktop/SEbirthanalysis1024/new_LASTZ_analysis/enhancer_extraction/enhancer_pairs/FBgn0000014_vm/chr3R_16814262-16814590__chr3R_16904976-16905213	chr3R:16814262-16814590	chr3R:16904976-16905213	name	34	42	57	78	13	63	0.206349	0.563786	0.382353	0.0	0.340741	0.254081	1.0	enhancer_hit	yes	yes	0.20175438596491227	0.3
FBgn0000014_vm	/Users/jillianness/Desktop/SEbirthanalysis1024/new_LASTZ_analysis/enhancer_extraction/enhancer_pairs/FBgn0000014_vm/chr3R_16813228-16813680__chr3R_16841943-16842333	chr3R:16813228-16813680	chr3R:16841943-16842333	name	97	113	250	249	78	132	0.590909	0.430655	0.804124	0.0	0.448898	0.419787	1.0	enhancer_hit	yes	yes	0.2879177377892031	0.15625
FBgn0000014_vm	/Users/jillianness/Desktop/SEbirthanalysis1024/new_LASTZ_analysis/enhancer_extraction/enhancer_pairs/FBgn0000014_vm/chr3R_16841943-16842333__chr3R_16904976-16905213	chr3R:16841943-16842333	chr3R:16904976-16905213	name	113	42	249	78	29	126	0.230159	0.214861	0.690476	0.0	0.201835	0.187924	1.0	neither	yes	yes	0.11148648648648649	0.07407407407407407
FBgn0000014_vm	/Users/jillianness/Desktop/SEbirthanalysis1024/new_LASTZ_analysis/enhancer_extraction/enhancer_pairs/FBgn0000014_vm/chr3R_16814262-16814590__chr3R_16841943-16842333	chr3R:16814262-16814590	chr3R:16841943-16842333	name	34	113	57	249	22	125	0.176	0.31816	0.647059	0.0	0.202614	0.194239	1.0	neither	yes	yes	0.11191335740072202	0.16666666666666666
FBgn0000014_vm	/Users/jillianness/Desktop/SEbirthanalysis1024/new_LASTZ_analysis/enhancer_extraction/enhancer_pairs/FBgn0000014_vm/chr3R_16737098-16737410__chr3R_16814262-16814590	chr3R:16737098-16737410	chr3R:16814262-16814590	name	51	34	78	57	13	72	0.180556	0.446488	0.382353	0.0	0.296296	0.203376	1.0	neither	yes	yes	0.14166666666666666	0.07142857142857142
FBgn0000014_vm	/Users/jillianness/Desktop/SEbirthanalysis1024/new_LASTZ_analysis/enhancer_extraction/enhancer_pairs/FBgn0000014_vm/chr3R_16813228-16813680__chr3R_16904976-16905213	chr3R:16813228-16813680	chr3R:16904976-16905213	name	97	42	250	78	26	113	0.230088	0.625086	0.619048	0.0	0.310976	0.317594	1.0	neither	yes	yes	0.1827956989247312	0.29411764705882354
FBgn0000014_vm	/Users/jillianness/Desktop/SEbirthanalysis1024/new_LASTZ_analysis/enhancer_extraction/enhancer_pairs/FBgn0000014_vm/chr3R_16737098-16737410__chr3R_16813228-16813680	chr3R:16737098-16737410	chr3R:16813228-16813680	name	51	97	78	250	32	116	0.275862	0.559003	0.627451	0.0	0.280488	0.313268	1.0	neither	yes	yes	0.15384615384615385	0.09090909090909091
FBgn0000014_vm	/Users/jillianness/Desktop/SEbirthanalysis1024/new_LASTZ_analysis/enhancer_extraction/enhancer_pairs/FBgn0000014_vm/chr3R_16737098-16737410__chr3R_16841943-16842333	chr3R:16737098-16737410	chr3R:16841943-16842333	name	51	113	78	249	39	125	0.312	0.35015	0.764706	0.0	0.281346	0.25943	1.0	neither	yes	yes	0.1543859649122807	0.14814814814814814
FBgn0038056_sm	/Users/jillianness/Desktop/SEbirthanalysis1024/new_LASTZ_analysis/enhancer_extraction/enhancer_pairs/FBgn0038056_sm/chr3R_12467679-12468072__chr3R_12502172-12502620	chr3R:12467679-12468072	chr3R:12502172-12502620	name	38	51	124	138	38	51	0.745098	0.98583	1.0	0.0	0.900763	0.753778	1.0	enhancer_hit	yes	yes	0.8082191780821918	0.7692307692307693
FBgn0038056_sm	/Users/jillianness/Desktop/SEbirthanalysis1024/new_LASTZ_analysis/enhancer_extraction/enhancer_pairs/FBgn0038056_sm/chr3R_12502172-12502620__chr3R_12505525-12505897	chr3R:12502172-12502620	chr3R:12505525-12505897	name	51	39	138	116	39	51	0.764706	0.989462	1.0	0.0	0.913386	0.767771	1.0	enhancer_hit	yes	yes	0.841726618705036	0.8333333333333334
FBgn0038056_sm	/Users/jillianness/Desktop/SEbirthanalysis1024/new_LASTZ_analysis/enhancer_extraction/enhancer_pairs/FBgn0038056_sm/chr3R_12477322-12477683__chr3R_12505525-12505897	chr3R:12477322-12477683	chr3R:12505525-12505897	name	41	39	127	116	29	51	0.568627	0.935622	0.74359	0.0	0.73251	0.595433	1.0	enhancer_hit	yes	yes	0.5705128205128205	0.7272727272727273
FBgn0038056_sm	/Users/jillianness/Desktop/SEbirthanalysis1024/new_LASTZ_analysis/enhancer_extraction/enhancer_pairs/FBgn0038056_sm/chr3R_12477322-12477683__chr3R_12502172-12502620	chr3R:12477322-12477683	chr3R:12502172-12502620	name	41	51	127	138	33	59	0.559322	0.924843	0.804878	0.0	0.709434	0.585964	1.0	enhancer_hit	yes	yes	0.5344827586206896	0.6153846153846154
FBgn0038056_sm	/Users/jillianness/Desktop/SEbirthanalysis1024/new_LASTZ_analysis/enhancer_extraction/enhancer_pairs/FBgn0038056_sm/chr3R_12467679-12468072__chr3R_12477322-12477683	chr3R:12467679-12468072	chr3R:12477322-12477683	name	38	41	124	127	29	50	0.58	0.927899	0.763158	0.0	0.693227	0.591004	1.0	enhancer_hit	yes	yes	0.5240963855421686	0.5384615384615384
FBgn0038056_sm	/Users/jillianness/Desktop/SEbirthanalysis1024/new_LASTZ_analysis/enhancer_extraction/enhancer_pairs/FBgn0038056_sm/chr3R_12467679-12468072__chr3R_12505525-12505897	chr3R:12467679-12468072	chr3R:12505525-12505897	name	38	39	124	116	38	39	0.974359	0.995336	1.0	0.0	0.933333	0.90539	1.0	enhancer_hit	yes	yes	0.875968992248062	0.75
FBgn0015019_Spearman	/Users/jillianness/Desktop/SEbirthanalysis1024/new_LASTZ_analysis/enhancer_extraction/enhancer_pairs/FBgn0015019_Spearman/chr3R_16715587-16715916__chr3R_16744397-16744662	chr3R:16715587-16715916	chr3R:16744397-16744662	name	64	31	117	53	20	75	0.266667	0.340998	0.645161	0.0	0.341176	0.264798	1.0	flank_hit	yes	yes	0.18620689655172415	0.23809523809523808
FBgn0033891_sm	/Users/jillianness/Desktop/SEbirthanalysis1024/new_LASTZ_analysis/enhancer_extraction/enhancer_pairs/FBgn0033891_sm/chr2R_13653626-13653909__chr2R_13656883-13657258	chr2R:13653626-13653909	chr2R:13656883-13657258	name	50	99	64	148	36	113	0.318584	0.423571	0.72	0.0	0.386792	0.301756	1.0	neither	yes	yes	0.2159090909090909	0.2777777777777778
FBgn0030794_vm	/Users/jillianness/Desktop/SEbirthanalysis1024/new_LASTZ_analysis/enhancer_extraction/enhancer_pairs/FBgn0030794_vm/chrX_16750137-16750514__chrX_16752356-16752964	chrX:16750137-16750514	chrX:16752356-16752964	name	100	83	184	183	57	126	0.452381	0.590927	0.686747	0.0	0.463215	0.376857	1.0	neither	yes	yes	0.2992957746478873	0.20833333333333334
FBgn0030794_vm	/Users/jillianness/Desktop/SEbirthanalysis1024/new_LASTZ_analysis/enhancer_extraction/enhancer_pairs/FBgn0030794_vm/chrX_16750137-16750514__chrX_16773523-16773913	chrX:16750137-16750514	chrX:16773523-16773913	name	100	107	184	374	78	129	0.604651	0.785904	0.78	0.0	0.508961	0.547968	1.0	neither	yes	yes	0.33651551312649164	0.4444444444444444
FBgn0030794_vm	/Users/jillianness/Desktop/SEbirthanalysis1024/new_LASTZ_analysis/enhancer_extraction/enhancer_pairs/FBgn0030794_vm/chrX_16750137-16750514__chrX_16751072-16751473	chrX:16750137-16750514	chrX:16751072-16751473	name	100	88	184	167	58	130	0.446154	0.451992	0.659091	0.0	0.450142	0.371211	1.0	neither	yes	yes	0.28363636363636363	0.125
FBgn0030794_vm	/Users/jillianness/Desktop/SEbirthanalysis1024/new_LASTZ_analysis/enhancer_extraction/enhancer_pairs/FBgn0030794_vm/chrX_16751072-16751473__chrX_16752356-16752964	chrX:16751072-16751473	chrX:16752356-16752964	name	88	83	167	183	52	119	0.436975	0.595917	0.626506	0.0	0.502857	0.400664	1.0	neither	yes	yes	0.3283018867924528	0.2857142857142857
FBgn0030794_vm	/Users/jillianness/Desktop/SEbirthanalysis1024/new_LASTZ_analysis/enhancer_extraction/enhancer_pairs/FBgn0030794_vm/chrX_16751072-16751473__chrX_16773523-16773913	chrX:16751072-16751473	chrX:16773523-16773913	name	88	107	167	374	75	120	0.625	0.523875	0.852273	0.0	0.417745	0.490975	1.0	neither	yes	yes	0.2569444444444444	0.21739130434782608
FBgn0030794_vm	/Users/jillianness/Desktop/SEbirthanalysis1024/new_LASTZ_analysis/enhancer_extraction/enhancer_pairs/FBgn0030794_vm/chrX_16752356-16752964__chrX_16773523-16773913	chrX:16752356-16752964	chrX:16773523-16773913	name	83	107	183	374	64	126	0.507937	0.625497	0.771084	0.0	0.445242	0.425877	1.0	neither	yes	yes	0.2762557077625571	0.15384615384615385
FBgn0042650_vm	/Users/jillianness/Desktop/SEbirthanalysis1024/new_LASTZ_analysis/enhancer_extraction/enhancer_pairs/FBgn0042650_vm/chrX_16080250-16080450__chrX_16108626-16109199	chrX:16080250-16080450	chrX:16108626-16109199	name	29	74	35	211	15	88	0.170455	0.132424	0.517241	0.0	0.130081	0.139904	1.0	neither	yes	yes	0.06437768240343347	0.0625
FBgn0042650_vm	/Users/jillianness/Desktop/SEbirthanalysis1024/new_LASTZ_analysis/enhancer_extraction/enhancer_pairs/FBgn0042650_vm/chrX_16040766-16041067__chrX_16108626-16109199	chrX:16040766-16041067	chrX:16108626-16109199	name	87	74	116	211	49	112	0.4375	0.535524	0.662162	0.0	0.379205	0.35337	1.0	neither	yes	yes	0.22761194029850745	0.4117647058823529
FBgn0042650_vm	/Users/jillianness/Desktop/SEbirthanalysis1024/new_LASTZ_analysis/enhancer_extraction/enhancer_pairs/FBgn0042650_vm/chrX_16040766-16041067__chrX_16080250-16080450	chrX:16040766-16041067	chrX:16080250-16080450	name	87	29	116	35	9	107	0.084112	0.307778	0.310345	0.0	0.15894	0.131958	1.0	neither	yes	yes	0.07746478873239436	0.08333333333333333
FBgn0003204_sm	/Users/jillianness/Desktop/SEbirthanalysis1024/new_LASTZ_analysis/enhancer_extraction/enhancer_pairs/FBgn0003204_sm/chrX_10688693-10688893__chrX_10723377-10723600	chrX:10688693-10688893	chrX:10723377-10723600	name	60	75	90	142	32	103	0.31068	0.537292	0.533333	0.0	0.362069	0.288419	1.0	neither	yes	yes	0.21243523316062177	0.0
FBgn0000406_Spearman	/Users/jillianness/Desktop/SEbirthanalysis1024/new_LASTZ_analysis/enhancer_extraction/enhancer_pairs/FBgn0000406_Spearman/chr2L_16757034-16757234__chr2L_16764311-16764631	chr2L:16757034-16757234	chr2L:16764311-16764631	name	18	57	23	91	9	66	0.136364	0.281963	0.5	0.0	0.175439	0.168339	1.0	neither	yes	yes	0.08411214953271028	0.0
FBgn0000721_Spearman	/Users/jillianness/Desktop/SEbirthanalysis1024/new_LASTZ_analysis/enhancer_extraction/enhancer_pairs/FBgn0000721_Spearman/chr2L_3609083-3609283__chr2L_3613425-3613748	chr2L:3609083-3609283	chr2L:3613425-3613748	name	43	46	63	77	21	68	0.308824	0.442757	0.488372	0.0	0.4	0.2956	1.0	neither	yes	yes	0.21367521367521367	0.2857142857142857
FBgn0041096_vm_sm	/Users/jillianness/Desktop/SEbirthanalysis1024/new_LASTZ_analysis/enhancer_extraction/enhancer_pairs/FBgn0041096_vm_sm/chr3L_12043527-12044019__chr3L_12047380-12047625	chr3L:12043527-12044019	chr3L:12047380-12047625	name	48	85	88	166	14	119	0.117647	0.13007	0.291667	0.0	0.11811	0.098421	1.0	neither	yes	yes	0.06224066390041494	0.14285714285714285
FBgn0041096_vm_sm	/Users/jillianness/Desktop/SEbirthanalysis1024/new_LASTZ_analysis/enhancer_extraction/enhancer_pairs/FBgn0041096_vm_sm/chr3L_11973666-11973958__chr3L_12043527-12044019	chr3L:11973666-11973958	chr3L:12043527-12044019	name	49	48	70	88	21	76	0.276316	0.36163	0.4375	0.0	0.329114	0.246104	1.0	neither	yes	yes	0.19402985074626866	0.38461538461538464
FBgn0041096_vm_sm	/Users/jillianness/Desktop/SEbirthanalysis1024/new_LASTZ_analysis/enhancer_extraction/enhancer_pairs/FBgn0041096_vm_sm/chr3L_11973666-11973958__chr3L_12044554-12045005	chr3L:11973666-11973958	chr3L:12044554-12045005	name	49	56	70	88	23	82	0.280488	0.485682	0.469388	0.0	0.367089	0.287428	1.0	neither	yes	yes	0.18518518518518517	0.2631578947368421
FBgn0041096_vm_sm	/Users/jillianness/Desktop/SEbirthanalysis1024/new_LASTZ_analysis/enhancer_extraction/enhancer_pairs/FBgn0041096_vm_sm/chr3L_11973666-11973958__chr3L_12047380-12047625	chr3L:11973666-11973958	chr3L:12047380-12047625	name	49	85	70	166	24	110	0.218182	0.40899	0.489796	0.0	0.245763	0.22026	1.0	neither	yes	yes	0.14423076923076922	0.125
FBgn0041096_vm_sm	/Users/jillianness/Desktop/SEbirthanalysis1024/new_LASTZ_analysis/enhancer_extraction/enhancer_pairs/FBgn0041096_vm_sm/chr3L_12044554-12045005__chr3L_12047380-12047625	chr3L:12044554-12045005	chr3L:12047380-12047625	name	56	85	88	166	30	111	0.27027	0.332582	0.535714	0.0	0.283465	0.224255	1.0	neither	yes	yes	0.14798206278026907	0.15789473684210525
FBgn0041096_vm_sm	/Users/jillianness/Desktop/SEbirthanalysis1024/new_LASTZ_analysis/enhancer_extraction/enhancer_pairs/FBgn0041096_vm_sm/chr3L_12043527-12044019__chr3L_12044554-12045005	chr3L:12043527-12044019	chr3L:12044554-12045005	name	48	56	88	88	26	78	0.333333	0.511899	0.541667	0.0	0.420455	0.319345	1.0	neither	yes	yes	0.24475524475524477	0.2222222222222222
FBgn0050460_vm_sm	/Users/jillianness/Desktop/SEbirthanalysis1024/new_LASTZ_analysis/enhancer_extraction/enhancer_pairs/FBgn0050460_vm_sm/chr2R_16703381-16703786__chr2R_16705772-16705972	chr2R:16703381-16703786	chr2R:16705772-16705972	name	99	24	342	35	8	115	0.069565	0.100734	0.333333	0.0	0.047745	0.068951	1.0	neither	yes	yes	0.024324324324324326	0.037037037037037035
FBgn0022960_vm_sm	/Users/jillianness/Desktop/SEbirthanalysis1024/new_LASTZ_analysis/enhancer_extraction/enhancer_pairs/FBgn0022960_vm_sm/chr2R_6608594-6608985__chr2R_6626145-6626383	chr2R:6608594-6608985	chr2R:6626145-6626383	name	103	41	197	88	34	110	0.309091	0.140606	0.829268	0.0	0.252632	0.21637	1.0	neither	yes	yes	0.1388888888888889	0.05263157894736842
FBgn0027111_Spearman	/Users/jillianness/Desktop/SEbirthanalysis1024/new_LASTZ_analysis/enhancer_extraction/enhancer_pairs/FBgn0027111_Spearman/chr3L_247505-247705__chr3L_260322-260568	chr3L:247505-247705	chr3L:260322-260568	name	70	31	143	40	12	89	0.134831	0.311649	0.387097	0.0	0.153005	0.158888	1.0	neither	yes	yes	0.06321839080459771	0.09090909090909091
FBgn0027111_Spearman	/Users/jillianness/Desktop/SEbirthanalysis1024/new_LASTZ_analysis/enhancer_extraction/enhancer_pairs/FBgn0027111_Spearman/chr3L_247505-247705__chr3L_255201-255682	chr3L:247505-247705	chr3L:255201-255682	name	70	50	143	88	17	103	0.165049	0.155031	0.34	0.0	0.155844	0.122875	1.0	neither	yes	yes	0.07373271889400922	0.0625
FBgn0027111_Spearman	/Users/jillianness/Desktop/SEbirthanalysis1024/new_LASTZ_analysis/enhancer_extraction/enhancer_pairs/FBgn0027111_Spearman/chr3L_255201-255682__chr3L_260322-260568	chr3L:255201-255682	chr3L:260322-260568	name	50	31	88	40	12	69	0.173913	0.311051	0.387097	0.0	0.234375	0.175371	1.0	neither	yes	yes	0.1206896551724138	0.1875
FBgn0013750_sm	/Users/jillianness/Desktop/SEbirthanalysis1024/new_LASTZ_analysis/enhancer_extraction/enhancer_pairs/FBgn0013750_sm/chr2R_14935843-14936180__chr2R_14976541-14977128	chr2R:14935843-14936180	chr2R:14976541-14977128	name	98	111	184	336	82	127	0.645669	0.798426	0.836735	0.0	0.619231	0.597479	1.0	neither	yes	yes	0.4340659340659341	0.52
FBgn0013750_sm	/Users/jillianness/Desktop/SEbirthanalysis1024/new_LASTZ_analysis/enhancer_extraction/enhancer_pairs/FBgn0013750_sm/chr2R_14936533-14936887__chr2R_14976541-14977128	chr2R:14936533-14936887	chr2R:14976541-14977128	name	69	111	94	336	56	124	0.451613	0.517315	0.811594	0.0	0.330233	0.375686	1.0	neither	yes	yes	0.19008264462809918	0.25
FBgn0013750_sm	/Users/jillianness/Desktop/SEbirthanalysis1024/new_LASTZ_analysis/enhancer_extraction/enhancer_pairs/FBgn0013750_sm/chr2R_14935843-14936180__chr2R_14936533-14936887	chr2R:14935843-14936180	chr2R:14936533-14936887	name	98	69	184	94	47	120	0.391667	0.504404	0.681159	0.0	0.410072	0.338002	1.0	neither	yes	yes	0.2556053811659193	0.3333333333333333
FBgn0020766_vm_sm	/Users/jillianness/Desktop/SEbirthanalysis1024/new_LASTZ_analysis/enhancer_extraction/enhancer_pairs/FBgn0020766_vm_sm/chr2R_13555091-13555340__chr2R_13594497-13594795	chr2R:13555091-13555340	chr2R:13594497-13594795	name	35	43	52	61	19	59	0.322034	0.331757	0.542857	0.0	0.371681	0.255965	1.0	neither	yes	yes	0.21052631578947367	0.0
FBgn0040066_sm	/Users/jillianness/Desktop/SEbirthanalysis1024/new_LASTZ_analysis/enhancer_extraction/enhancer_pairs/FBgn0040066_sm/chrX_2478545-2478872__chrX_2479970-2480240	chrX:2478545-2478872	chrX:2479970-2480240	name	98	36	346	65	21	113	0.185841	0.191005	0.583333	0.0	0.141119	0.153347	1.0	neither	yes	yes	0.07552083333333333	0.11538461538461539
FBgn0004110_vm	/Users/jillianness/Desktop/SEbirthanalysis1024/new_LASTZ_analysis/enhancer_extraction/enhancer_pairs/FBgn0004110_vm/chr3R_21388520-21388798__chr3R_21393784-21394075	chr3R:21388520-21388798	chr3R:21393784-21394075	name	42	95	74	170	19	118	0.161017	0.424585	0.452381	0.0	0.270492	0.193684	1.0	neither	yes	yes	0.14953271028037382	0.11764705882352941
FBgn0004110_vm	/Users/jillianness/Desktop/SEbirthanalysis1024/new_LASTZ_analysis/enhancer_extraction/enhancer_pairs/FBgn0004110_vm/chr3R_21393784-21394075__chr3R_21396772-21397111	chr3R:21393784-21394075	chr3R:21396772-21397111	name	95	75	170	118	50	120	0.416667	0.581865	0.666667	0.0	0.479167	0.379114	1.0	neither	yes	yes	0.3063063063063063	0.21052631578947367
FBgn0004110_vm	/Users/jillianness/Desktop/SEbirthanalysis1024/new_LASTZ_analysis/enhancer_extraction/enhancer_pairs/FBgn0004110_vm/chr3R_21393784-21394075__chr3R_21426735-21426998	chr3R:21393784-21394075	chr3R:21426735-21426998	name	95	47	170	71	26	116	0.224138	0.431551	0.553191	0.0	0.298755	0.237715	1.0	flank_hit	yes	yes	0.16267942583732056	0.16666666666666666
FBgn0004110_vm	/Users/jillianness/Desktop/SEbirthanalysis1024/new_LASTZ_analysis/enhancer_extraction/enhancer_pairs/FBgn0004110_vm/chr3R_21396772-21397111__chr3R_21426735-21426998	chr3R:21396772-21397111	chr3R:21426735-21426998	name	75	47	118	71	24	98	0.244898	0.336437	0.510638	0.0	0.306878	0.219325	1.0	neither	yes	yes	0.15757575757575756	0.13333333333333333
FBgn0004110_vm	/Users/jillianness/Desktop/SEbirthanalysis1024/new_LASTZ_analysis/enhancer_extraction/enhancer_pairs/FBgn0004110_vm/chr3R_21388520-21388798__chr3R_21426735-21426998	chr3R:21388520-21388798	chr3R:21426735-21426998	name	42	47	74	71	21	68	0.308824	0.439693	0.5	0.0	0.4	0.275134	1.0	neither	yes	yes	0.225	0.18181818181818182
FBgn0004110_vm	/Users/jillianness/Desktop/SEbirthanalysis1024/new_LASTZ_analysis/enhancer_extraction/enhancer_pairs/FBgn0004110_vm/chr3R_21388520-21388798__chr3R_21396772-21397111	chr3R:21388520-21388798	chr3R:21396772-21397111	name	42	75	74	118	28	89	0.314607	0.605504	0.666667	0.0	0.458333	0.332376	1.0	neither	yes	yes	0.30201342281879195	0.375
FBgn0001077_meso	/Users/jillianness/Desktop/SEbirthanalysis1024/new_LASTZ_analysis/enhancer_extraction/enhancer_pairs/FBgn0001077_meso/chr3R_6845754-6846203__chr3R_6885321-6885521	chr3R:6845754-6846203	chr3R:6885321-6885521	name	87	36	191	57	22	101	0.217822	0.379919	0.611111	0.0	0.25	0.260032	1.0	neither	yes	yes	0.12612612612612611	0.05555555555555555
FBgn0036000_sm	/Users/jillianness/Desktop/SEbirthanalysis1024/new_LASTZ_analysis/enhancer_extraction/enhancer_pairs/FBgn0036000_sm/chr3L_9442724-9443197__chr3L_9446026-9446417	chr3L:9442724-9443197	chr3L:9446026-9446417	name	119	67	303	102	54	132	0.409091	0.505797	0.80597	0.0	0.350617	0.354404	1.0	neither	yes	yes	0.20771513353115728	0.28
FBgn0004652_sm	/Users/jillianness/Desktop/SEbirthanalysis1024/new_LASTZ_analysis/enhancer_extraction/enhancer_pairs/FBgn0004652_sm/chr3R_18399087-18399506__chr3R_18412271-18412574	chr3R:18399087-18399506	chr3R:18412271-18412574	name	100	45	169	67	30	115	0.26087	0.413334	0.666667	0.0	0.313559	0.261867	1.0	neither	yes	yes	0.1782178217821782	0.1
FBgn0004652_sm	/Users/jillianness/Desktop/SEbirthanalysis1024/new_LASTZ_analysis/enhancer_extraction/enhancer_pairs/FBgn0004652_sm/chr3R_18584104-18584359__chr3R_18585296-18585648	chr3R:18584104-18584359	chr3R:18585296-18585648	name	50	108	70	347	31	127	0.244094	0.331002	0.62	0.0	0.191847	0.220933	1.0	neither	yes	yes	0.09973753280839895	0.04
FBgn0004652_sm	/Users/jillianness/Desktop/SEbirthanalysis1024/new_LASTZ_analysis/enhancer_extraction/enhancer_pairs/FBgn0004652_sm/chr3R_18399087-18399506__chr3R_18584104-18584359	chr3R:18399087-18399506	chr3R:18584104-18584359	name	100	50	169	70	34	116	0.293103	0.321386	0.68	0.0	0.32636	0.252518	1.0	neither	yes	yes	0.18137254901960784	0.0
FBgn0004652_sm	/Users/jillianness/Desktop/SEbirthanalysis1024/new_LASTZ_analysis/enhancer_extraction/enhancer_pairs/FBgn0004652_sm/chr3R_18412271-18412574__chr3R_18584104-18584359	chr3R:18412271-18412574	chr3R:18584104-18584359	name	45	50	67	70	26	69	0.376812	0.609354	0.577778	0.0	0.49635	0.346	1.0	neither	yes	yes	0.3238095238095238	0.0
FBgn0004652_sm	/Users/jillianness/Desktop/SEbirthanalysis1024/new_LASTZ_analysis/enhancer_extraction/enhancer_pairs/FBgn0004652_sm/chr3R_18399087-18399506__chr3R_18585296-18585648	chr3R:18399087-18399506	chr3R:18585296-18585648	name	100	108	169	347	82	126	0.650794	0.85346	0.82	0.0	0.534884	0.590057	1.0	neither	yes	yes	0.3524804177545692	0.29411764705882354
FBgn0004652_sm	/Users/jillianness/Desktop/SEbirthanalysis1024/new_LASTZ_analysis/enhancer_extraction/enhancer_pairs/FBgn0004652_sm/chr3R_18412271-18412574__chr3R_18585296-18585648	chr3R:18412271-18412574	chr3R:18585296-18585648	name	45	108	67	347	29	124	0.233871	0.439846	0.644444	0.0	0.198068	0.250499	1.0	neither	yes	yes	0.10638297872340426	0.12
FBgn0039627_Spearman	/Users/jillianness/Desktop/SEbirthanalysis1024/new_LASTZ_analysis/enhancer_extraction/enhancer_pairs/FBgn0039627_Spearman/chr3R_29064683-29065106__chr3R_29065872-29066072	chr3R:29064683-29065106	chr3R:29065872-29066072	name	94	78	176	97	58	114	0.508772	0.388339	0.74359	0.0	0.483516	0.387786	1.0	enhancer_hit	yes	yes	0.32211538461538464	0.14285714285714285
FBgn0032820_vm_sm	/Users/jillianness/Desktop/SEbirthanalysis1024/new_LASTZ_analysis/enhancer_extraction/enhancer_pairs/FBgn0032820_vm_sm/chr2L_19759686-19760051__chr2L_19760541-19760780	chr2L:19759686-19760051	chr2L:19760541-19760780	name	42	22	71	30	12	52	0.230769	0.506746	0.545455	0.0	0.277228	0.262064	1.0	neither	yes	yes	0.15730337078651685	0.14285714285714285
FBgn0004858_Spearman	/Users/jillianness/Desktop/SEbirthanalysis1024/new_LASTZ_analysis/enhancer_extraction/enhancer_pairs/FBgn0004858_Spearman/chr2L_14446061-14446392__chr2L_14481618-14482010	chr2L:14446061-14446392	chr2L:14481618-14482010	name	58	97	94	180	38	117	0.324786	0.576291	0.655172	0.0	0.372263	0.325433	1.0	neither	yes	yes	0.21052631578947367	0.15
FBgn0004858_Spearman	/Users/jillianness/Desktop/SEbirthanalysis1024/new_LASTZ_analysis/enhancer_extraction/enhancer_pairs/FBgn0004858_Spearman/chr2L_14443791-14444179__chr2L_14484848-14485326	chr2L:14443791-14444179	chr2L:14484848-14485326	name	71	64	118	126	39	96	0.40625	0.475134	0.609375	0.0	0.434426	0.356502	1.0	neither	yes	yes	0.27461139896373055	0.10526315789473684
FBgn0004858_Spearman	/Users/jillianness/Desktop/SEbirthanalysis1024/new_LASTZ_analysis/enhancer_extraction/enhancer_pairs/FBgn0004858_Spearman/chr2L_14446061-14446392__chr2L_14446412-14446612	chr2L:14446061-14446392	chr2L:14446412-14446612	name	58	48	94	57	24	82	0.292683	0.435959	0.5	0.0	0.370861	0.26322	1.0	neither	yes	yes	0.2047244094488189	0.23076923076923078
FBgn0004858_Spearman	/Users/jillianness/Desktop/SEbirthanalysis1024/new_LASTZ_analysis/enhancer_extraction/enhancer_pairs/FBgn0004858_Spearman/chr2L_14446412-14446612__chr2L_14481618-14482010	chr2L:14446412-14446612	chr2L:14481618-14482010	name	48	97	57	180	35	110	0.318182	0.540625	0.729167	0.0	0.35443	0.323351	1.0	neither	yes	yes	0.2131979695431472	0.1875
FBgn0004858_Spearman	/Users/jillianness/Desktop/SEbirthanalysis1024/new_LASTZ_analysis/enhancer_extraction/enhancer_pairs/FBgn0004858_Spearman/chr2L_14481618-14482010__chr2L_14484848-14485326	chr2L:14481618-14482010	chr2L:14484848-14485326	name	97	64	180	126	48	113	0.424779	0.609052	0.75	0.0	0.490196	0.396021	1.0	neither	yes	yes	0.2833333333333333	0.16666666666666666
FBgn0004858_Spearman	/Users/jillianness/Desktop/SEbirthanalysis1024/new_LASTZ_analysis/enhancer_extraction/enhancer_pairs/FBgn0004858_Spearman/chr2L_14446061-14446392__chr2L_14447428-14447837	chr2L:14446061-14446392	chr2L:14447428-14447837	name	58	97	94	162	38	117	0.324786	0.518489	0.655172	0.0	0.414062	0.310102	1.0	neither	yes	yes	0.2463768115942029	0.2631578947368421
FBgn0004858_Spearman	/Users/jillianness/Desktop/SEbirthanalysis1024/new_LASTZ_analysis/enhancer_extraction/enhancer_pairs/FBgn0004858_Spearman/chr2L_14431426-14431854__chr2L_14484848-14485326	chr2L:14431426-14431854	chr2L:14484848-14485326	name	66	64	113	126	38	92	0.413043	0.418663	0.59375	0.0	0.393305	0.320993	1.0	neither	yes	yes	0.2358974358974359	0.2222222222222222
FBgn0004858_Spearman	/Users/jillianness/Desktop/SEbirthanalysis1024/new_LASTZ_analysis/enhancer_extraction/enhancer_pairs/FBgn0004858_Spearman/chr2L_14446412-14446612__chr2L_14447428-14447837	chr2L:14446412-14446612	chr2L:14447428-14447837	name	48	97	57	162	30	115	0.26087	0.456878	0.625	0.0	0.310502	0.258494	1.0	neither	yes	yes	0.1881720430107527	0.17647058823529413
FBgn0004858_Spearman	/Users/jillianness/Desktop/SEbirthanalysis1024/new_LASTZ_analysis/enhancer_extraction/enhancer_pairs/FBgn0004858_Spearman/chr2L_14445719-14445919__chr2L_14484848-14485326	chr2L:14445719-14445919	chr2L:14484848-14485326	name	45	64	72	126	24	85	0.282353	0.381523	0.533333	0.0	0.313131	0.260824	1.0	neither	yes	yes	0.17647058823529413	0.1111111111111111
FBgn0004858_Spearman	/Users/jillianness/Desktop/SEbirthanalysis1024/new_LASTZ_analysis/enhancer_extraction/enhancer_pairs/FBgn0004858_Spearman/chr2L_14447428-14447837__chr2L_14484848-14485326	chr2L:14447428-14447837	chr2L:14484848-14485326	name	97	64	162	126	40	121	0.330579	0.510152	0.625	0.0	0.388889	0.299368	1.0	neither	yes	yes	0.22362869198312235	0.11538461538461539
FBgn0004858_Spearman	/Users/jillianness/Desktop/SEbirthanalysis1024/new_LASTZ_analysis/enhancer_extraction/enhancer_pairs/FBgn0004858_Spearman/chr2L_14431426-14431854__chr2L_14447428-14447837	chr2L:14431426-14431854	chr2L:14447428-14447837	name	66	97	113	162	39	124	0.314516	0.425328	0.590909	0.0	0.363636	0.268383	1.0	neither	yes	yes	0.20434782608695654	0.10526315789473684
FBgn0004858_Spearman	/Users/jillianness/Desktop/SEbirthanalysis1024/new_LASTZ_analysis/enhancer_extraction/enhancer_pairs/FBgn0004858_Spearman/chr2L_14443791-14444179__chr2L_14446412-14446612	chr2L:14443791-14444179	chr2L:14446412-14446612	name	71	48	118	57	26	93	0.27957	0.46739	0.541667	0.0	0.354286	0.270671	1.0	neither	yes	yes	0.19594594594594594	0.2
FBgn0004858_Spearman	/Users/jillianness/Desktop/SEbirthanalysis1024/new_LASTZ_analysis/enhancer_extraction/enhancer_pairs/FBgn0004858_Spearman/chr2L_14446412-14446612__chr2L_14484848-14485326	chr2L:14446412-14446612	chr2L:14484848-14485326	name	48	64	57	126	26	86	0.302326	0.465333	0.541667	0.0	0.338798	0.287906	1.0	neither	yes	yes	0.20915032679738563	0.16666666666666666
FBgn0004858_Spearman	/Users/jillianness/Desktop/SEbirthanalysis1024/new_LASTZ_analysis/enhancer_extraction/enhancer_pairs/FBgn0004858_Spearman/chr2L_14445719-14445919__chr2L_14446061-14446392	chr2L:14445719-14445919	chr2L:14446061-14446392	name	45	58	72	94	33	70	0.471429	0.453052	0.733333	0.0	0.445783	0.372964	1.0	neither	yes	yes	0.2824427480916031	0.25
FBgn0004858_Spearman	/Users/jillianness/Desktop/SEbirthanalysis1024/new_LASTZ_analysis/enhancer_extraction/enhancer_pairs/FBgn0004858_Spearman/chr2L_14431426-14431854__chr2L_14445719-14445919	chr2L:14431426-14431854	chr2L:14445719-14445919	name	66	45	113	72	23	88	0.261364	0.283641	0.511111	0.0	0.259459	0.217067	1.0	neither	yes	yes	0.15432098765432098	0.09090909090909091
FBgn0004858_Spearman	/Users/jillianness/Desktop/SEbirthanalysis1024/new_LASTZ_analysis/enhancer_extraction/enhancer_pairs/FBgn0004858_Spearman/chr2L_14443791-14444179__chr2L_14481618-14482010	chr2L:14443791-14444179	chr2L:14481618-14482010	name	71	97	118	180	49	119	0.411765	0.464544	0.690141	0.0	0.436242	0.346419	1.0	neither	yes	yes	0.2711864406779661	0.26666666666666666
FBgn0004858_Spearman	/Users/jillianness/Desktop/SEbirthanalysis1024/new_LASTZ_analysis/enhancer_extraction/enhancer_pairs/FBgn0004858_Spearman/chr2L_14446061-14446392__chr2L_14484848-14485326	chr2L:14446061-14446392	chr2L:14484848-14485326	name	58	64	94	126	36	86	0.418605	0.519912	0.62069	0.0	0.454545	0.340291	1.0	neither	yes	yes	0.2542372881355932	0.08695652173913043
FBgn0004858_Spearman	/Users/jillianness/Desktop/SEbirthanalysis1024/new_LASTZ_analysis/enhancer_extraction/enhancer_pairs/FBgn0004858_Spearman/chr2L_14431426-14431854__chr2L_14443791-14444179	chr2L:14431426-14431854	chr2L:14443791-14444179	name	66	71	113	118	38	99	0.383838	0.478579	0.575758	0.0	0.441558	0.321981	1.0	neither	yes	yes	0.266304347826087	0.18181818181818182
FBgn0004858_Spearman	/Users/jillianness/Desktop/SEbirthanalysis1024/new_LASTZ_analysis/enhancer_extraction/enhancer_pairs/FBgn0004858_Spearman/chr2L_14431426-14431854__chr2L_14481618-14482010	chr2L:14431426-14431854	chr2L:14481618-14482010	name	66	97	113	180	45	118	0.381356	0.512764	0.681818	0.0	0.409556	0.344836	1.0	neither	yes	yes	0.24472573839662448	0.17647058823529413
FBgn0004858_Spearman	/Users/jillianness/Desktop/SEbirthanalysis1024/new_LASTZ_analysis/enhancer_extraction/enhancer_pairs/FBgn0004858_Spearman/chr2L_14443791-14444179__chr2L_14445719-14445919	chr2L:14443791-14444179	chr2L:14445719-14445919	name	71	45	118	72	26	90	0.288889	0.625	0.577778	0.0	0.463158	0.329028	1.0	enhancer_hit	yes	yes	0.2972972972972973	0.0
FBgn0004858_Spearman	/Users/jillianness/Desktop/SEbirthanalysis1024/new_LASTZ_analysis/enhancer_extraction/enhancer_pairs/FBgn0004858_Spearman/chr2L_14431426-14431854__chr2L_14446412-14446612	chr2L:14431426-14431854	chr2L:14446412-14446612	name	66	48	113	57	21	93	0.225806	0.354024	0.4375	0.0	0.282353	0.211621	1.0	neither	yes	yes	0.1390728476821192	0.18181818181818182
FBgn0004858_Spearman	/Users/jillianness/Desktop/SEbirthanalysis1024/new_LASTZ_analysis/enhancer_extraction/enhancer_pairs/FBgn0004858_Spearman/chr2L_14443791-14444179__chr2L_14447428-14447837	chr2L:14443791-14444179	chr2L:14447428-14447837	name	71	97	118	162	49	119	0.411765	0.53573	0.690141	0.0	0.457143	0.354104	1.0	neither	yes	yes	0.2818181818181818	0.3333333333333333
FBgn0004858_Spearman	/Users/jillianness/Desktop/SEbirthanalysis1024/new_LASTZ_analysis/enhancer_extraction/enhancer_pairs/FBgn0004858_Spearman/chr2L_14445719-14445919__chr2L_14447428-14447837	chr2L:14445719-14445919	chr2L:14447428-14447837	name	45	97	72	162	29	113	0.256637	0.374482	0.644444	0.0	0.290598	0.234945	1.0	neither	yes	yes	0.15121951219512195	0.11764705882352941
FBgn0004858_Spearman	/Users/jillianness/Desktop/SEbirthanalysis1024/new_LASTZ_analysis/enhancer_extraction/enhancer_pairs/FBgn0004858_Spearman/chr2L_14431426-14431854__chr2L_14446061-14446392	chr2L:14431426-14431854	chr2L:14446061-14446392	name	66	58	113	94	41	83	0.493976	0.584933	0.706897	0.0	0.531401	0.410591	1.0	neither	yes	yes	0.33974358974358976	0.3076923076923077
FBgn0004858_Spearman	/Users/jillianness/Desktop/SEbirthanalysis1024/new_LASTZ_analysis/enhancer_extraction/enhancer_pairs/FBgn0004858_Spearman/chr2L_14447428-14447837__chr2L_14481618-14482010	chr2L:14447428-14447837	chr2L:14481618-14482010	name	97	97	162	180	60	134	0.447761	0.512255	0.618557	0.0	0.450292	0.361607	1.0	neither	yes	yes	0.2740740740740741	0.2857142857142857
FBgn0004858_Spearman	/Users/jillianness/Desktop/SEbirthanalysis1024/new_LASTZ_analysis/enhancer_extraction/enhancer_pairs/FBgn0004858_Spearman/chr2L_14445719-14445919__chr2L_14481618-14482010	chr2L:14445719-14445919	chr2L:14481618-14482010	name	45	97	72	180	24	118	0.20339	0.3226	0.533333	0.0	0.230159	0.220584	1.0	neither	yes	yes	0.1288888888888889	0.125
FBgn0004858_Spearman	/Users/jillianness/Desktop/SEbirthanalysis1024/new_LASTZ_analysis/enhancer_extraction/enhancer_pairs/FBgn0004858_Spearman/chr2L_14443791-14444179__chr2L_14446061-14446392	chr2L:14443791-14444179	chr2L:14446061-14446392	name	71	58	118	94	39	90	0.433333	0.533002	0.672414	0.0	0.462264	0.38235	1.0	neither	yes	yes	0.296969696969697	0.23076923076923078
FBgn0004858_Spearman	/Users/jillianness/Desktop/SEbirthanalysis1024/new_LASTZ_analysis/enhancer_extraction/enhancer_pairs/FBgn0004858_Spearman/chr2L_14445719-14445919__chr2L_14446412-14446612	chr2L:14445719-14445919	chr2L:14446412-14446612	name	45	48	72	57	21	72	0.291667	0.474693	0.466667	0.0	0.356589	0.280813	1.0	neither	yes	yes	0.18018018018018017	0.1
FBgn0035162_vm	/Users/jillianness/Desktop/SEbirthanalysis1024/new_LASTZ_analysis/enhancer_extraction/enhancer_pairs/FBgn0035162_vm/chr3L_754449-754819__chr3L_755481-755805	chr3L:754449-754819	chr3L:755481-755805	name	102	87	217	138	64	125	0.512	0.659017	0.735632	0.0	0.552113	0.431188	1.0	neither	yes	yes	0.367816091954023	0.375
FBgn0035162_vm	/Users/jillianness/Desktop/SEbirthanalysis1024/new_LASTZ_analysis/enhancer_extraction/enhancer_pairs/FBgn0035162_vm/chr3L_755481-755805__chr3L_774464-774809	chr3L:755481-755805	chr3L:774464-774809	name	87	96	138	195	66	117	0.564103	0.725605	0.758621	0.0	0.594595	0.482499	1.0	neither	yes	yes	0.4194915254237288	0.36363636363636365
FBgn0035162_vm	/Users/jillianness/Desktop/SEbirthanalysis1024/new_LASTZ_analysis/enhancer_extraction/enhancer_pairs/FBgn0035162_vm/chr3L_754449-754819__chr3L_774464-774809	chr3L:754449-754819	chr3L:774464-774809	name	102	96	217	195	72	126	0.571429	0.62519	0.75	0.0	0.563107	0.471713	1.0	neither	yes	yes	0.38	0.08333333333333333
FBgn0039039_sm	/Users/jillianness/Desktop/SEbirthanalysis1024/new_LASTZ_analysis/enhancer_extraction/enhancer_pairs/FBgn0039039_sm/chr3R_23026747-23027256__chr3R_23038157-23038558	chr3R:23026747-23027256	chr3R:23038157-23038558	name	61	79	131	127	37	103	0.359223	0.529342	0.606557	0.0	0.410853	0.328786	1.0	neither	yes	yes	0.24401913875598086	0.2962962962962963
FBgn0016794_vm	/Users/jillianness/Desktop/SEbirthanalysis1024/new_LASTZ_analysis/enhancer_extraction/enhancer_pairs/FBgn0016794_vm/chr3L_2533105-2533332__chr3L_2566292-2566652	chr3L:2533105-2533332	chr3L:2566292-2566652	name	81	35	237	65	12	104	0.115385	0.084481	0.342857	0.0	0.07947	0.079229	1.0	neither	yes	yes	0.0410958904109589	0.0
FBgn0016794_vm	/Users/jillianness/Desktop/SEbirthanalysis1024/new_LASTZ_analysis/enhancer_extraction/enhancer_pairs/FBgn0016794_vm/chr3L_2566292-2566652__chr3L_2568872-2569202	chr3L:2566292-2566652	chr3L:2568872-2569202	name	35	93	65	185	22	106	0.207547	0.224991	0.628571	0.0	0.2	0.189284	1.0	neither	yes	yes	0.11013215859030837	0.13333333333333333
FBgn0016794_vm	/Users/jillianness/Desktop/SEbirthanalysis1024/new_LASTZ_analysis/enhancer_extraction/enhancer_pairs/FBgn0016794_vm/chr3L_2552007-2552315__chr3L_2566292-2566652	chr3L:2552007-2552315	chr3L:2566292-2566652	name	94	35	168	65	16	113	0.141593	0.178599	0.457143	0.0	0.137339	0.145399	1.0	neither	yes	yes	0.0730593607305936	0.0
FBgn0016794_vm	/Users/jillianness/Desktop/SEbirthanalysis1024/new_LASTZ_analysis/enhancer_extraction/enhancer_pairs/FBgn0016794_vm/chr3L_2568872-2569202__chr3L_2574144-2574754	chr3L:2568872-2569202	chr3L:2574144-2574754	name	93	110	185	250	80	123	0.650407	0.729899	0.860215	0.0	0.62069	0.56142	1.0	neither	yes	yes	0.4470198675496689	0.42105263157894735
FBgn0016794_vm	/Users/jillianness/Desktop/SEbirthanalysis1024/new_LASTZ_analysis/enhancer_extraction/enhancer_pairs/FBgn0016794_vm/chr3L_2562100-2562492__chr3L_2566292-2566652	chr3L:2562100-2562492	chr3L:2566292-2566652	name	36	35	54	65	16	55	0.290909	0.492301	0.457143	0.0	0.386555	0.285288	1.0	enhancer_hit	yes	yes	0.24742268041237114	0.4166666666666667
FBgn0016794_vm	/Users/jillianness/Desktop/SEbirthanalysis1024/new_LASTZ_analysis/enhancer_extraction/enhancer_pairs/FBgn0016794_vm/chr3L_2566292-2566652__chr3L_2574144-2574754	chr3L:2566292-2566652	chr3L:2574144-2574754	name	35	110	65	250	28	117	0.239316	0.201379	0.8	0.0	0.196825	0.226935	1.0	neither	yes	yes	0.10452961672473868	0.08333333333333333
FBgn0016794_vm	/Users/jillianness/Desktop/SEbirthanalysis1024/new_LASTZ_analysis/enhancer_extraction/enhancer_pairs/FBgn0016794_vm/chr3L_2533105-2533332__chr3L_2552007-2552315	chr3L:2533105-2533332	chr3L:2552007-2552315	name	81	94	237	168	65	110	0.590909	0.584217	0.802469	0.0	0.464198	0.457437	1.0	neither	yes	yes	0.3003194888178914	0.18181818181818182
FBgn0016794_vm	/Users/jillianness/Desktop/SEbirthanalysis1024/new_LASTZ_analysis/enhancer_extraction/enhancer_pairs/FBgn0016794_vm/chr3L_2533105-2533332__chr3L_2562100-2562492	chr3L:2533105-2533332	chr3L:2562100-2562492	name	81	36	237	54	6	111	0.054054	0.041407	0.166667	0.0	0.04811	0.037119	1.0	neither	yes	yes	0.024475524475524476	0.08333333333333333
FBgn0016794_vm	/Users/jillianness/Desktop/SEbirthanalysis1024/new_LASTZ_analysis/enhancer_extraction/enhancer_pairs/FBgn0016794_vm/chr3L_2552007-2552315__chr3L_2568872-2569202	chr3L:2552007-2552315	chr3L:2568872-2569202	name	94	93	168	185	70	117	0.598291	0.728251	0.752688	0.0	0.623229	0.510362	1.0	neither	yes	yes	0.43724696356275305	0.38461538461538464
FBgn0016794_vm	/Users/jillianness/Desktop/SEbirthanalysis1024/new_LASTZ_analysis/enhancer_extraction/enhancer_pairs/FBgn0016794_vm/chr3L_2562100-2562492__chr3L_2574144-2574754	chr3L:2562100-2562492	chr3L:2574144-2574754	name	36	110	54	250	25	121	0.206612	0.18405	0.694444	0.0	0.184211	0.200134	1.0	neither	yes	yes	0.10071942446043165	0.22727272727272727
FBgn0016794_vm	/Users/jillianness/Desktop/SEbirthanalysis1024/new_LASTZ_analysis/enhancer_extraction/enhancer_pairs/FBgn0016794_vm/chr3L_2552007-2552315__chr3L_2562100-2562492	chr3L:2552007-2552315	chr3L:2562100-2562492	name	94	36	168	54	14	116	0.12069	0.188158	0.388889	0.0	0.153153	0.133983	1.0	neither	yes	yes	0.0821256038647343	0.125
FBgn0016794_vm	/Users/jillianness/Desktop/SEbirthanalysis1024/new_LASTZ_analysis/enhancer_extraction/enhancer_pairs/FBgn0016794_vm/chr3L_2533105-2533332__chr3L_2568872-2569202	chr3L:2533105-2533332	chr3L:2568872-2569202	name	81	93	237	185	66	108	0.611111	0.581846	0.814815	0.0	0.507109	0.470626	1.0	neither	yes	yes	0.34177215189873417	0.18181818181818182
FBgn0016794_vm	/Users/jillianness/Desktop/SEbirthanalysis1024/new_LASTZ_analysis/enhancer_extraction/enhancer_pairs/FBgn0016794_vm/chr3L_2552007-2552315__chr3L_2574144-2574754	chr3L:2552007-2552315	chr3L:2574144-2574754	name	94	110	168	250	76	128	0.59375	0.824408	0.808511	0.0	0.588517	0.506634	1.0	neither	yes	yes	0.40939597315436244	0.35
FBgn0016794_vm	/Users/jillianness/Desktop/SEbirthanalysis1024/new_LASTZ_analysis/enhancer_extraction/enhancer_pairs/FBgn0016794_vm/chr3L_2533105-2533332__chr3L_2574144-2574754	chr3L:2533105-2533332	chr3L:2574144-2574754	name	81	110	237	250	74	117	0.632479	0.490634	0.91358	0.0	0.472279	0.453502	1.0	neither	yes	yes	0.300531914893617	0.25
FBgn0016794_vm	/Users/jillianness/Desktop/SEbirthanalysis1024/new_LASTZ_analysis/enhancer_extraction/enhancer_pairs/FBgn0016794_vm/chr3L_2562100-2562492__chr3L_2568872-2569202	chr3L:2562100-2562492	chr3L:2568872-2569202	name	36	93	54	185	15	114	0.131579	0.166926	0.416667	0.0	0.158996	0.12346	1.0	neither	yes	yes	0.08071748878923767	0.38461538461538464
FBgn0000575_meso	/Users/jillianness/Desktop/SEbirthanalysis1024/new_LASTZ_analysis/enhancer_extraction/enhancer_pairs/FBgn0000575_meso/chr3L_709891-710336__chr3L_731320-731606	chr3L:709891-710336	chr3L:731320-731606	name	90	85	119	159	65	110	0.590909	0.604769	0.764706	0.0	0.532374	0.456469	1.0	neither	yes	yes	0.3333333333333333	0.23076923076923078
FBgn0000575_meso	/Users/jillianness/Desktop/SEbirthanalysis1024/new_LASTZ_analysis/enhancer_extraction/enhancer_pairs/FBgn0000575_meso/chr3L_709891-710336__chr3L_726645-726923	chr3L:709891-710336	chr3L:726645-726923	name	90	74	119	94	48	116	0.413793	0.50321	0.648649	0.0	0.478873	0.345069	1.0	neither	yes	yes	0.29518072289156627	0.21428571428571427
FBgn0000575_meso	/Users/jillianness/Desktop/SEbirthanalysis1024/new_LASTZ_analysis/enhancer_extraction/enhancer_pairs/FBgn0000575_meso/chr3L_723323-723674__chr3L_726050-726267	chr3L:723323-723674	chr3L:726050-726267	name	112	81	213	102	69	124	0.556452	0.661032	0.851852	0.0	0.526984	0.462607	1.0	neither	yes	yes	0.3432203389830508	0.26666666666666666
FBgn0000575_meso	/Users/jillianness/Desktop/SEbirthanalysis1024/new_LASTZ_analysis/enhancer_extraction/enhancer_pairs/FBgn0000575_meso/chr3L_726050-726267__chr3L_726645-726923	chr3L:726050-726267	chr3L:726645-726923	name	81	74	102	94	45	110	0.409091	0.531148	0.608108	0.0	0.5	0.34978	1.0	neither	yes	yes	0.3288590604026846	0.35714285714285715
FBgn0000575_meso	/Users/jillianness/Desktop/SEbirthanalysis1024/new_LASTZ_analysis/enhancer_extraction/enhancer_pairs/FBgn0000575_meso/chr3L_726050-726267__chr3L_731320-731606	chr3L:726050-726267	chr3L:731320-731606	name	81	85	102	159	61	105	0.580952	0.722823	0.753086	0.0	0.559387	0.510831	1.0	neither	yes	yes	0.3697916666666667	0.2857142857142857
FBgn0000575_meso	/Users/jillianness/Desktop/SEbirthanalysis1024/new_LASTZ_analysis/enhancer_extraction/enhancer_pairs/FBgn0000575_meso/chr3L_709891-710336__chr3L_726050-726267	chr3L:709891-710336	chr3L:726050-726267	name	90	81	119	102	60	111	0.540541	0.565036	0.740741	0.0	0.570136	0.416698	1.0	neither	yes	yes	0.36809815950920244	0.5
FBgn0000575_meso	/Users/jillianness/Desktop/SEbirthanalysis1024/new_LASTZ_analysis/enhancer_extraction/enhancer_pairs/FBgn0000575_meso/chr3L_726645-726923__chr3L_731320-731606	chr3L:726645-726923	chr3L:731320-731606	name	74	85	94	159	49	110	0.445455	0.505135	0.662162	0.0	0.418972	0.362815	1.0	neither	yes	yes	0.26865671641791045	0.21052631578947367
FBgn0000575_meso	/Users/jillianness/Desktop/SEbirthanalysis1024/new_LASTZ_analysis/enhancer_extraction/enhancer_pairs/FBgn0000575_meso/chr3L_709891-710336__chr3L_723323-723674	chr3L:709891-710336	chr3L:723323-723674	name	90	112	119	213	71	131	0.541985	0.584808	0.788889	0.0	0.487952	0.432288	1.0	neither	yes	yes	0.31496062992125984	0.4166666666666667
FBgn0000575_meso	/Users/jillianness/Desktop/SEbirthanalysis1024/new_LASTZ_analysis/enhancer_extraction/enhancer_pairs/FBgn0000575_meso/chr3L_723323-723674__chr3L_731320-731606	chr3L:723323-723674	chr3L:731320-731606	name	112	85	213	159	75	122	0.614754	0.682838	0.882353	0.0	0.591398	0.511353	1.0	neither	yes	yes	0.40601503759398494	0.2777777777777778
FBgn0000575_meso	/Users/jillianness/Desktop/SEbirthanalysis1024/new_LASTZ_analysis/enhancer_extraction/enhancer_pairs/FBgn0000575_meso/chr3L_723323-723674__chr3L_726645-726923	chr3L:723323-723674	chr3L:726645-726923	name	112	74	213	94	62	124	0.5	0.536134	0.837838	0.0	0.423453	0.407642	1.0	neither	yes	yes	0.26639344262295084	0.2
FBgn0030789_Spearman	/Users/jillianness/Desktop/SEbirthanalysis1024/new_LASTZ_analysis/enhancer_extraction/enhancer_pairs/FBgn0030789_Spearman/chrX_16749348-16749563__chrX_16752356-16752964	chrX:16749348-16749563	chrX:16752356-16752964	name	84	83	146	183	49	118	0.415254	0.528099	0.590361	0.0	0.455927	0.346807	1.0	neither	yes	yes	0.29296875	0.06666666666666667
FBgn0002941_Spearman	/Users/jillianness/Desktop/SEbirthanalysis1024/new_LASTZ_analysis/enhancer_extraction/enhancer_pairs/FBgn0002941_Spearman/chr3R_21530848-21531048__chr3R_21534979-21535407	chr3R:21530848-21531048	chr3R:21534979-21535407	name	58	77	80	162	29	106	0.273585	0.458292	0.5	0.0	0.31405	0.258917	1.0	neither	yes	yes	0.17307692307692307	0.15789473684210525
FBgn0032444_vm	/Users/jillianness/Desktop/SEbirthanalysis1024/new_LASTZ_analysis/enhancer_extraction/enhancer_pairs/FBgn0032444_vm/chr2L_12617842-12618274__chr2L_12655423-12655623	chr2L:12617842-12618274	chr2L:12655423-12655623	name	49	44	96	58	18	75	0.24	0.242281	0.409091	0.0	0.285714	0.184142	1.0	neither	yes	yes	0.13043478260869565	0.058823529411764705
FBgn0033998_vm	/Users/jillianness/Desktop/SEbirthanalysis1024/new_LASTZ_analysis/enhancer_extraction/enhancer_pairs/FBgn0033998_vm/chr2R_14874175-14874447__chr2R_14877876-14878280	chr2R:14874175-14874447	chr2R:14877876-14878280	name	39	53	53	77	28	64	0.4375	0.590501	0.717949	0.0	0.538462	0.398978	1.0	enhancer_hit	yes	yes	0.32	0.23076923076923078
FBgn0038293_sm	/Users/jillianness/Desktop/SEbirthanalysis1024/new_LASTZ_analysis/enhancer_extraction/enhancer_pairs/FBgn0038293_sm/chr3R_15091554-15092117__chr3R_15121624-15122081	chr3R:15091554-15092117	chr3R:15121624-15122081	name	56	71	128	148	34	93	0.365591	0.646208	0.607143	0.0	0.471014	0.369613	1.0	neither	yes	yes	0.27522935779816515	0.2916666666666667
FBgn0038293_sm	/Users/jillianness/Desktop/SEbirthanalysis1024/new_LASTZ_analysis/enhancer_extraction/enhancer_pairs/FBgn0038293_sm/chr3R_15091554-15092117__chr3R_15179459-15179659	chr3R:15091554-15092117	chr3R:15179459-15179659	name	56	20	128	36	17	59	0.288136	0.721241	0.85	0.0	0.365854	0.386917	1.0	neither	yes	yes	0.22962962962962963	0.2222222222222222
FBgn0038293_sm	/Users/jillianness/Desktop/SEbirthanalysis1024/new_LASTZ_analysis/enhancer_extraction/enhancer_pairs/FBgn0038293_sm/chr3R_15121624-15122081__chr3R_15179459-15179659	chr3R:15121624-15122081	chr3R:15179459-15179659	name	71	20	148	36	15	76	0.197368	0.62563	0.75	0.0	0.315217	0.309659	1.0	neither	yes	yes	0.1625	0.1875
FBgn0000414_sm	/Users/jillianness/Desktop/SEbirthanalysis1024/new_LASTZ_analysis/enhancer_extraction/enhancer_pairs/FBgn0000414_sm/chr3L_16674720-16675084__chr3L_16680906-16681461	chr3L:16674720-16675084	chr3L:16680906-16681461	name	42	112	51	235	30	124	0.241935	0.339808	0.714286	0.0	0.237762	0.229705	1.0	neither	yes	yes	0.13385826771653545	0.041666666666666664
FBgn0053207_sm	/Users/jillianness/Desktop/SEbirthanalysis1024/new_LASTZ_analysis/enhancer_extraction/enhancer_pairs/FBgn0053207_sm/chr3R_15587263-15587689__chr3R_15664641-15665034	chr3R:15587263-15587689	chr3R:15664641-15665034	name	98	53	162	136	34	117	0.290598	0.217025	0.641509	0.0	0.288591	0.24496	1.0	neither	yes	yes	0.16279069767441862	0.16666666666666666
FBgn0053207_sm	/Users/jillianness/Desktop/SEbirthanalysis1024/new_LASTZ_analysis/enhancer_extraction/enhancer_pairs/FBgn0053207_sm/chr3R_15587263-15587689__chr3R_15639984-15640424	chr3R:15587263-15587689	chr3R:15639984-15640424	name	98	84	162	132	65	117	0.555556	0.710732	0.77381	0.0	0.585034	0.462833	1.0	neither	yes	yes	0.3767441860465116	0.52
FBgn0053207_sm	/Users/jillianness/Desktop/SEbirthanalysis1024/new_LASTZ_analysis/enhancer_extraction/enhancer_pairs/FBgn0053207_sm/chr3R_15639984-15640424__chr3R_15664641-15665034	chr3R:15639984-15640424	chr3R:15664641-15665034	name	84	53	132	136	28	109	0.256881	0.157697	0.528302	0.0	0.246269	0.189385	1.0	flank_hit	yes	yes	0.13924050632911392	0.13636363636363635
FBgn0016078_vm	/Users/jillianness/Desktop/SEbirthanalysis1024/new_LASTZ_analysis/enhancer_extraction/enhancer_pairs/FBgn0016078_vm/chr2R_9030972-9031304__chr2R_9045494-9045735	chr2R:9030972-9031304	chr2R:9045494-9045735	name	45	34	76	69	14	65	0.215385	0.129146	0.411765	0.0	0.206897	0.149102	1.0	neither	yes	yes	0.09701492537313433	0.0
FBgn0024250_meso	/Users/jillianness/Desktop/SEbirthanalysis1024/new_LASTZ_analysis/enhancer_extraction/enhancer_pairs/FBgn0024250_meso/chrX_7248231-7248431__chrX_7271398-7271982	chrX:7248231-7248431	chrX:7271398-7271982	name	60	66	77	147	24	102	0.235294	0.462614	0.4	0.0	0.3125	0.252074	1.0	neither	yes	yes	0.17708333333333334	0.13333333333333333
FBgn0260642_sm	/Users/jillianness/Desktop/SEbirthanalysis1024/new_LASTZ_analysis/enhancer_extraction/enhancer_pairs/FBgn0260642_sm/chr3R_6854324-6854718__chr3R_6932962-6933173	chr3R:6854324-6854718	chr3R:6932962-6933173	name	85	44	134	64	26	103	0.252427	0.339581	0.590909	0.0	0.30303	0.21594	1.0	neither	yes	yes	0.19047619047619047	0.14285714285714285
FBgn0260642_sm	/Users/jillianness/Desktop/SEbirthanalysis1024/new_LASTZ_analysis/enhancer_extraction/enhancer_pairs/FBgn0260642_sm/chr3R_6870932-6871323__chr3R_6966630-6967006	chr3R:6870932-6871323	chr3R:6966630-6967006	name	103	52	293	94	24	131	0.183206	0.366336	0.461538	0.0	0.186047	0.188197	1.0	neither	yes	yes	0.10511363636363637	0.13636363636363635
FBgn0260642_sm	/Users/jillianness/Desktop/SEbirthanalysis1024/new_LASTZ_analysis/enhancer_extraction/enhancer_pairs/FBgn0260642_sm/chr3R_6870932-6871323__chr3R_6970146-6970346	chr3R:6870932-6871323	chr3R:6970146-6970346	name	103	25	293	38	19	109	0.174312	0.406727	0.76	0.0	0.145015	0.220908	1.0	neither	yes	yes	0.0707395498392283	0.1111111111111111
FBgn0260642_sm	/Users/jillianness/Desktop/SEbirthanalysis1024/new_LASTZ_analysis/enhancer_extraction/enhancer_pairs/FBgn0260642_sm/chr3R_6966630-6967006__chr3R_6970146-6970346	chr3R:6966630-6967006	chr3R:6970146-6970346	name	52	25	94	38	22	55	0.4	0.760574	0.88	0.0	0.484848	0.424275	1.0	neither	yes	yes	0.32673267326732675	0.18181818181818182
FBgn0260642_sm	/Users/jillianness/Desktop/SEbirthanalysis1024/new_LASTZ_analysis/enhancer_extraction/enhancer_pairs/FBgn0260642_sm/chr3R_6854324-6854718__chr3R_6970146-6970346	chr3R:6854324-6854718	chr3R:6970146-6970346	name	85	25	134	38	15	95	0.157895	0.337919	0.6	0.0	0.232558	0.182316	1.0	neither	yes	yes	0.12258064516129032	0.06666666666666667
FBgn0260642_sm	/Users/jillianness/Desktop/SEbirthanalysis1024/new_LASTZ_analysis/enhancer_extraction/enhancer_pairs/FBgn0260642_sm/chr3R_6854324-6854718__chr3R_6966630-6967006	chr3R:6854324-6854718	chr3R:6966630-6967006	name	85	52	134	94	31	106	0.292453	0.445244	0.596154	0.0	0.368421	0.268786	1.0	neither	yes	yes	0.19791666666666666	0.16666666666666666
FBgn0260642_sm	/Users/jillianness/Desktop/SEbirthanalysis1024/new_LASTZ_analysis/enhancer_extraction/enhancer_pairs/FBgn0260642_sm/chr3R_6932962-6933173__chr3R_6966630-6967006	chr3R:6932962-6933173	chr3R:6966630-6967006	name	44	52	64	94	23	73	0.315068	0.396609	0.522727	0.0	0.379747	0.272912	1.0	neither	yes	yes	0.21212121212121213	0.08333333333333333
FBgn0260642_sm	/Users/jillianness/Desktop/SEbirthanalysis1024/new_LASTZ_analysis/enhancer_extraction/enhancer_pairs/FBgn0260642_sm/chr3R_6932962-6933173__chr3R_6970146-6970346	chr3R:6932962-6933173	chr3R:6970146-6970346	name	44	25	64	38	16	53	0.301887	0.459279	0.64	0.0	0.411765	0.287317	1.0	neither	yes	yes	0.23809523809523808	0.6
FBgn0260642_sm	/Users/jillianness/Desktop/SEbirthanalysis1024/new_LASTZ_analysis/enhancer_extraction/enhancer_pairs/FBgn0260642_sm/chr3R_6870932-6871323__chr3R_6932962-6933173	chr3R:6870932-6871323	chr3R:6932962-6933173	name	103	44	293	64	33	114	0.289474	0.592655	0.75	0.0	0.268908	0.328804	1.0	neither	yes	yes	0.15434083601286175	0.17647058823529413
FBgn0260642_sm	/Users/jillianness/Desktop/SEbirthanalysis1024/new_LASTZ_analysis/enhancer_extraction/enhancer_pairs/FBgn0260642_sm/chr3R_6854324-6854718__chr3R_6870932-6871323	chr3R:6854324-6854718	chr3R:6870932-6871323	name	85	103	134	293	65	123	0.528455	0.577414	0.764706	0.0	0.430913	0.414541	1.0	neither	yes	yes	0.2767857142857143	0.47368421052631576
FBgn0014028_vm_sm	/Users/jillianness/Desktop/SEbirthanalysis1024/new_LASTZ_analysis/enhancer_extraction/enhancer_pairs/FBgn0014028_vm_sm/chr2R_6411991-6412223__chr2R_6436010-6436295	chr2R:6411991-6412223	chr2R:6436010-6436295	name	90	36	126	48	16	110	0.145455	0.294884	0.444444	0.0	0.229885	0.160685	1.0	neither	yes	yes	0.11392405063291139	0.0
FBgn0031228_sm	/Users/jillianness/Desktop/SEbirthanalysis1024/new_LASTZ_analysis/enhancer_extraction/enhancer_pairs/FBgn0031228_sm/chr2L_160687-161034__chr2L_166574-166924	chr2L:160687-161034	chr2L:166574-166924	name	46	73	116	120	23	96	0.239583	0.785572	0.5	0.0	0.432203	0.364002	1.0	neither	yes	yes	0.23958333333333334	0.2631578947368421
FBgn0031228_sm	/Users/jillianness/Desktop/SEbirthanalysis1024/new_LASTZ_analysis/enhancer_extraction/enhancer_pairs/FBgn0031228_sm/chr2L_160687-161034__chr2L_161603-162045	chr2L:160687-161034	chr2L:161603-162045	name	46	73	116	137	32	87	0.367816	0.578445	0.695652	0.0	0.442688	0.380918	1.0	neither	yes	yes	0.2814070351758794	0.3888888888888889
FBgn0031228_sm	/Users/jillianness/Desktop/SEbirthanalysis1024/new_LASTZ_analysis/enhancer_extraction/enhancer_pairs/FBgn0031228_sm/chr2L_161603-162045__chr2L_166574-166924	chr2L:161603-162045	chr2L:166574-166924	name	73	73	137	120	45	101	0.445545	0.538538	0.616438	0.0	0.498054	0.407198	1.0	enhancer_hit	yes	yes	0.3282051282051282	0.2916666666666667
FBgn0031505_vm_sm	/Users/jillianness/Desktop/SEbirthanalysis1024/new_LASTZ_analysis/enhancer_extraction/enhancer_pairs/FBgn0031505_vm_sm/chr2L_3095049-3095273__chr2L_3101225-3101432	chr2L:3095049-3095273	chr2L:3101225-3101432	name	87	87	118	143	62	112	0.553571	0.502844	0.712644	0.0	0.498084	0.43379	1.0	neither	yes	yes	0.32160804020100503	0.11764705882352941
FBgn0031505_vm_sm	/Users/jillianness/Desktop/SEbirthanalysis1024/new_LASTZ_analysis/enhancer_extraction/enhancer_pairs/FBgn0031505_vm_sm/chr2L_3101225-3101432__chr2L_3108267-3108563	chr2L:3101225-3101432	chr2L:3108267-3108563	name	87	42	143	62	23	106	0.216981	0.294537	0.547619	0.0	0.273171	0.193469	1.0	neither	yes	yes	0.15	0.0625
FBgn0031505_vm_sm	/Users/jillianness/Desktop/SEbirthanalysis1024/new_LASTZ_analysis/enhancer_extraction/enhancer_pairs/FBgn0031505_vm_sm/chr2L_3095049-3095273__chr2L_3121835-3122035	chr2L:3095049-3095273	chr2L:3121835-3122035	name	87	72	118	85	57	102	0.558824	0.511478	0.791667	0.0	0.591133	0.428904	1.0	neither	yes	yes	0.41379310344827586	0.3
FBgn0031505_vm_sm	/Users/jillianness/Desktop/SEbirthanalysis1024/new_LASTZ_analysis/enhancer_extraction/enhancer_pairs/FBgn0031505_vm_sm/chr2L_3108267-3108563__chr2L_3121835-3122035	chr2L:3108267-3108563	chr2L:3121835-3122035	name	42	72	62	85	20	94	0.212766	0.266156	0.47619	0.0	0.285714	0.183664	1.0	neither	yes	yes	0.15503875968992248	0.2222222222222222
FBgn0031505_vm_sm	/Users/jillianness/Desktop/SEbirthanalysis1024/new_LASTZ_analysis/enhancer_extraction/enhancer_pairs/FBgn0031505_vm_sm/chr2L_3101225-3101432__chr2L_3121835-3122035	chr2L:3101225-3101432	chr2L:3121835-3122035	name	87	72	143	85	53	106	0.5	0.593524	0.736111	0.0	0.508772	0.408826	1.0	neither	yes	yes	0.3372093023255814	0.375
FBgn0031505_vm_sm	/Users/jillianness/Desktop/SEbirthanalysis1024/new_LASTZ_analysis/enhancer_extraction/enhancer_pairs/FBgn0031505_vm_sm/chr2L_3095049-3095273__chr2L_3108267-3108563	chr2L:3095049-3095273	chr2L:3108267-3108563	name	87	42	118	62	26	103	0.252427	0.551287	0.619048	0.0	0.388889	0.285568	1.0	neither	yes	yes	0.23809523809523808	0.14285714285714285
FBgn0002561_Spearman	/Users/jillianness/Desktop/SEbirthanalysis1024/new_LASTZ_analysis/enhancer_extraction/enhancer_pairs/FBgn0002561_Spearman/chrX_372134-372334__chrX_421493-421767	chrX:372134-372334	chrX:421493-421767	name	28	27	40	39	9	46	0.195652	0.306774	0.333333	0.0	0.278481	0.184699	1.0	neither	yes	yes	0.15714285714285714	0.14285714285714285
FBgn0002561_Spearman	/Users/jillianness/Desktop/SEbirthanalysis1024/new_LASTZ_analysis/enhancer_extraction/enhancer_pairs/FBgn0002561_Spearman/chrX_372134-372334__chrX_374797-375243	chrX:372134-372334	chrX:374797-375243	name	28	66	40	113	18	76	0.236842	0.384187	0.642857	0.0	0.27451	0.23996	1.0	neither	yes	yes	0.15671641791044777	0.0
FBgn0002561_Spearman	/Users/jillianness/Desktop/SEbirthanalysis1024/new_LASTZ_analysis/enhancer_extraction/enhancer_pairs/FBgn0002561_Spearman/chrX_374797-375243__chrX_421493-421767	chrX:374797-375243	chrX:421493-421767	name	66	27	113	39	14	79	0.177215	0.443042	0.518519	0.0	0.276316	0.213143	1.0	neither	yes	yes	0.15789473684210525	0.1
FBgn0029830_vm	/Users/jillianness/Desktop/SEbirthanalysis1024/new_LASTZ_analysis/enhancer_extraction/enhancer_pairs/FBgn0029830_vm/chrX_5915683-5915953__chrX_5921626-5922043	chrX:5915683-5915953	chrX:5921626-5922043	name	92	51	163	112	32	111	0.288288	0.603897	0.627451	0.0	0.385455	0.299275	1.0	neither	yes	yes	0.22566371681415928	0.21052631578947367
FBgn0029830_vm	/Users/jillianness/Desktop/SEbirthanalysis1024/new_LASTZ_analysis/enhancer_extraction/enhancer_pairs/FBgn0029830_vm/chrX_5915683-5915953__chrX_5946021-5946311	chrX:5915683-5915953	chrX:5946021-5946311	name	92	87	163	163	63	116	0.543103	0.459695	0.724138	0.0	0.509202	0.403927	1.0	neither	yes	yes	0.32793522267206476	0.2857142857142857
FBgn0029830_vm	/Users/jillianness/Desktop/SEbirthanalysis1024/new_LASTZ_analysis/enhancer_extraction/enhancer_pairs/FBgn0029830_vm/chrX_5921626-5922043__chrX_5946021-5946311	chrX:5921626-5922043	chrX:5946021-5946311	name	51	87	112	163	26	112	0.232143	0.172958	0.509804	0.0	0.232727	0.175369	1.0	neither	yes	yes	0.1306122448979592	0.1
hb	/Users/jillianness/Desktop/SEbirthanalysis1024/new_LASTZ_analysis/enhancer_extraction/enhancer_pairs/hb/chr3R_8689217-8690108__chr3R_8700981-8701661	chr3R:8689217-8690108	chr3R:8700981-8701661	name	110	101	252	253	79	132	0.598485	0.620126	0.782178	0.0	0.514851	0.438441	1.0	neither	yes	yes	0.33421052631578946	0.22857142857142856
FBgn0040271_sm	/Users/jillianness/Desktop/SEbirthanalysis1024/new_LASTZ_analysis/enhancer_extraction/enhancer_pairs/FBgn0040271_sm/chr3R_16329845-16330045__chr3R_16341799-16342309	chr3R:16329845-16330045	chr3R:16341799-16342309	name	53	112	74	259	38	127	0.299213	0.448765	0.716981	0.0	0.282282	0.290664	1.0	neither	yes	yes	0.15916955017301038	0.0967741935483871
FBgn0033310_meso	/Users/jillianness/Desktop/SEbirthanalysis1024/new_LASTZ_analysis/enhancer_extraction/enhancer_pairs/FBgn0033310_meso/chr2R_8260764-8261094__chr2R_8264126-8264454	chr2R:8260764-8261094	chr2R:8264126-8264454	name	49	90	68	152	23	116	0.198276	0.334307	0.469388	0.0	0.254545	0.202829	1.0	neither	yes	yes	0.13846153846153847	0.09090909090909091
DI	/Users/jillianness/Desktop/SEbirthanalysis1024/new_LASTZ_analysis/enhancer_extraction/enhancer_pairs/DI/chr3R_19316385-19316666__chr3R_19341536-19342363	chr3R:19316385-19316666	chr3R:19341536-19342363	name	34	130	56	347	31	133	0.233083	0.555027	0.911765	0.0	0.243176	0.296759	1.0	neither	yes	yes	0.13764044943820225	0.35294117647058826
DI	/Users/jillianness/Desktop/SEbirthanalysis1024/new_LASTZ_analysis/enhancer_extraction/enhancer_pairs/DI/chr3R_19314425-19316093__chr3R_19341536-19342363	chr3R:19314425-19316093	chr3R:19341536-19342363	name	141	130	742	347	127	144	0.881944	0.827954	0.976923	0.0	0.576676	0.712248	1.0	neither	yes	yes	0.4023136246786632	0.46774193548387094
DI	/Users/jillianness/Desktop/SEbirthanalysis1024/new_LASTZ_analysis/enhancer_extraction/enhancer_pairs/DI/chr3R_19314425-19316093__chr3R_19316385-19316666	chr3R:19314425-19316093	chr3R:19316385-19316666	name	141	34	742	56	32	143	0.223776	0.405471	0.941176	0.0	0.130326	0.263957	1.0	neither	yes	yes	0.06951871657754011	0.2033898305084746
DI	/Users/jillianness/Desktop/SEbirthanalysis1024/new_LASTZ_analysis/enhancer_extraction/enhancer_pairs/DI/chr3R_19340454-19341279__chr3R_19341536-19342363	chr3R:19340454-19341279	chr3R:19341536-19342363	name	118	130	408	347	109	139	0.784173	0.781263	0.923729	0.0	0.659603	0.619875	1.0	neither	yes	yes	0.478515625	0.4
DI	/Users/jillianness/Desktop/SEbirthanalysis1024/new_LASTZ_analysis/enhancer_extraction/enhancer_pairs/DI/chr3R_19314425-19316093__chr3R_19340454-19341279	chr3R:19314425-19316093	chr3R:19340454-19341279	name	141	118	742	408	116	143	0.811189	0.842076	0.983051	0.0	0.655652	0.667935	1.0	neither	yes	yes	0.47126436781609193	0.3728813559322034
DI	/Users/jillianness/Desktop/SEbirthanalysis1024/new_LASTZ_analysis/enhancer_extraction/enhancer_pairs/DI/chr3R_19316385-19316666__chr3R_19340454-19341279	chr3R:19316385-19316666	chr3R:19340454-19341279	name	34	118	56	408	27	125	0.216	0.327081	0.794118	0.0	0.155172	0.235034	1.0	neither	yes	yes	0.0787037037037037	0.16129032258064516
FBgn0038473_vm	/Users/jillianness/Desktop/SEbirthanalysis1024/new_LASTZ_analysis/enhancer_extraction/enhancer_pairs/FBgn0038473_vm/chr3R_17067702-17068049__chr3R_17095604-17095904	chr3R:17067702-17068049	chr3R:17095604-17095904	name	48	67	94	110	27	88	0.306818	0.764662	0.5625	0.0	0.470588	0.35486	1.0	neither	yes	yes	0.2716049382716049	0.36363636363636365
FBgn0038473_vm	/Users/jillianness/Desktop/SEbirthanalysis1024/new_LASTZ_analysis/enhancer_extraction/enhancer_pairs/FBgn0038473_vm/chr3R_17082131-17082723__chr3R_17095604-17095904	chr3R:17082131-17082723	chr3R:17095604-17095904	name	117	67	235	110	55	129	0.426357	0.442634	0.820896	0.0	0.423188	0.36001	1.0	neither	yes	yes	0.22614840989399293	0.3333333333333333
FBgn0038473_vm	/Users/jillianness/Desktop/SEbirthanalysis1024/new_LASTZ_analysis/enhancer_extraction/enhancer_pairs/FBgn0038473_vm/chr3R_17067702-17068049__chr3R_17082131-17082723	chr3R:17067702-17068049	chr3R:17082131-17082723	name	48	117	94	235	42	123	0.341463	0.448687	0.875	0.0	0.370821	0.327958	1.0	neither	yes	yes	0.21245421245421245	0.3333333333333333
FBgn0263133_sm	/Users/jillianness/Desktop/SEbirthanalysis1024/new_LASTZ_analysis/enhancer_extraction/enhancer_pairs/FBgn0263133_sm/chr2L_7157539-7157943__chr2L_7277249-7277482	chr2L:7157539-7157943	chr2L:7277249-7277482	name	43	94	74	252	24	113	0.212389	0.223302	0.55814	0.0	0.190184	0.172895	1.0	neither	yes	yes	0.10437710437710437	0.09090909090909091
FBgn0035379_sm	/Users/jillianness/Desktop/SEbirthanalysis1024/new_LASTZ_analysis/enhancer_extraction/enhancer_pairs/FBgn0035379_sm/chr3L_2836046-2836310__chr3L_2890005-2890205	chr3L:2836046-2836310	chr3L:2890005-2890205	name	97	88	233	383	74	111	0.666667	0.874373	0.840909	0.0	0.655844	0.659935	1.0	neither	yes	yes	0.4784688995215311	0.46153846153846156
FBgn0035379_sm	/Users/jillianness/Desktop/SEbirthanalysis1024/new_LASTZ_analysis/enhancer_extraction/enhancer_pairs/FBgn0035379_sm/chr3L_2836046-2836310__chr3L_2902176-2902376	chr3L:2836046-2836310	chr3L:2902176-2902376	name	97	30	233	53	18	109	0.165138	0.181922	0.6	0.0	0.146853	0.145041	1.0	flank_hit	yes	yes	0.07063197026022305	0.15
FBgn0035379_sm	/Users/jillianness/Desktop/SEbirthanalysis1024/new_LASTZ_analysis/enhancer_extraction/enhancer_pairs/FBgn0035379_sm/chr3L_2852084-2852431__chr3L_2890005-2890205	chr3L:2852084-2852431	chr3L:2890005-2890205	name	81	88	183	383	63	106	0.59434	0.74847	0.777778	0.0	0.4947	0.538281	1.0	neither	yes	yes	0.3209302325581395	0.3076923076923077
FBgn0035379_sm	/Users/jillianness/Desktop/SEbirthanalysis1024/new_LASTZ_analysis/enhancer_extraction/enhancer_pairs/FBgn0035379_sm/chr3L_2852084-2852431__chr3L_2902176-2902376	chr3L:2852084-2852431	chr3L:2902176-2902376	name	81	30	183	53	12	99	0.121212	0.148661	0.4	0.0	0.118644	0.114324	1.0	neither	yes	yes	0.057777777777777775	0.11764705882352941
FBgn0035379_sm	/Users/jillianness/Desktop/SEbirthanalysis1024/new_LASTZ_analysis/enhancer_extraction/enhancer_pairs/FBgn0035379_sm/chr3L_2890005-2890205__chr3L_2902176-2902376	chr3L:2890005-2890205	chr3L:2902176-2902376	name	88	30	383	53	13	105	0.12381	0.089547	0.433333	0.0	0.077982	0.085802	1.0	neither	yes	yes	0.040380047505938245	0.11538461538461539
FBgn0035379_sm	/Users/jillianness/Desktop/SEbirthanalysis1024/new_LASTZ_analysis/enhancer_extraction/enhancer_pairs/FBgn0035379_sm/chr3L_2836046-2836310__chr3L_2852084-2852431	chr3L:2836046-2836310	chr3L:2852084-2852431	name	97	81	233	183	60	118	0.508475	0.61165	0.740741	0.0	0.543269	0.460122	1.0	neither	yes	yes	0.36156351791530944	0.4
FBgn0021768_sm	/Users/jillianness/Desktop/SEbirthanalysis1024/new_LASTZ_analysis/enhancer_extraction/enhancer_pairs/FBgn0021768_sm/chr3L_16775645-16775870__chr3L_16776828-16777028	chr3L:16775645-16775870	chr3L:16776828-16777028	name	32	31	44	52	7	56	0.125	0.097856	0.225806	0.0	0.145833	0.093891	1.0	neither	yes	yes	0.07692307692307693	0.125
FBgn0021768_sm	/Users/jillianness/Desktop/SEbirthanalysis1024/new_LASTZ_analysis/enhancer_extraction/enhancer_pairs/FBgn0021768_sm/chr3L_16754916-16755182__chr3L_16776828-16777028	chr3L:16754916-16755182	chr3L:16776828-16777028	name	77	31	106	52	15	93	0.16129	0.16265	0.483871	0.0	0.189873	0.141143	1.0	neither	yes	yes	0.10344827586206896	0.1111111111111111
FBgn0021768_sm	/Users/jillianness/Desktop/SEbirthanalysis1024/new_LASTZ_analysis/enhancer_extraction/enhancer_pairs/FBgn0021768_sm/chr3L_16754916-16755182__chr3L_16775645-16775870	chr3L:16754916-16755182	chr3L:16775645-16775870	name	77	32	106	44	14	95	0.147368	0.218777	0.4375	0.0	0.2	0.146422	1.0	neither	yes	yes	0.09352517985611511	0.08333333333333333
FBgn0021768_sm	/Users/jillianness/Desktop/SEbirthanalysis1024/new_LASTZ_analysis/enhancer_extraction/enhancer_pairs/FBgn0021768_sm/chr3L_16739294-16739644__chr3L_16754916-16755182	chr3L:16739294-16739644	chr3L:16754916-16755182	name	72	77	120	106	34	115	0.295652	0.423729	0.472222	0.0	0.362832	0.254493	1.0	neither	yes	yes	0.2192513368983957	0.07692307692307693
FBgn0021768_sm	/Users/jillianness/Desktop/SEbirthanalysis1024/new_LASTZ_analysis/enhancer_extraction/enhancer_pairs/FBgn0021768_sm/chr3L_16739294-16739644__chr3L_16776828-16777028	chr3L:16739294-16739644	chr3L:16776828-16777028	name	72	31	120	52	18	85	0.211765	0.49609	0.580645	0.0	0.313953	0.244842	1.0	neither	yes	yes	0.16778523489932887	0.25
FBgn0021768_sm	/Users/jillianness/Desktop/SEbirthanalysis1024/new_LASTZ_analysis/enhancer_extraction/enhancer_pairs/FBgn0021768_sm/chr3L_16739294-16739644__chr3L_16775645-16775870	chr3L:16739294-16739644	chr3L:16775645-16775870	name	72	32	120	44	14	90	0.155556	0.163978	0.4375	0.0	0.182927	0.134383	1.0	neither	yes	yes	0.07792207792207792	0.08333333333333333
FBgn0033179_Spearman	/Users/jillianness/Desktop/SEbirthanalysis1024/new_LASTZ_analysis/enhancer_extraction/enhancer_pairs/FBgn0033179_Spearman/chr2R_7091539-7091739__chr2R_7110660-7110941	chr2R:7091539-7091739	chr2R:7110660-7110941	name	73	106	90	266	57	122	0.467213	0.484064	0.780822	0.0	0.348315	0.373047	1.0	neither	yes	yes	0.18543046357615894	0.2857142857142857
FBgn0033179_Spearman	/Users/jillianness/Desktop/SEbirthanalysis1024/new_LASTZ_analysis/enhancer_extraction/enhancer_pairs/FBgn0033179_Spearman/chr2R_7110660-7110941__chr2R_7112270-7112595	chr2R:7110660-7110941	chr2R:7112270-7112595	name	106	96	266	124	77	125	0.616	0.642732	0.802083	0.0	0.461538	0.516316	1.0	neither	yes	yes	0.2645161290322581	0.25
FBgn0033179_Spearman	/Users/jillianness/Desktop/SEbirthanalysis1024/new_LASTZ_analysis/enhancer_extraction/enhancer_pairs/FBgn0033179_Spearman/chr2R_7091539-7091739__chr2R_7112270-7112595	chr2R:7091539-7091739	chr2R:7112270-7112595	name	73	96	90	124	50	119	0.420168	0.549648	0.684932	0.0	0.523364	0.362274	1.0	neither	yes	yes	0.3333333333333333	0.2727272727272727
SoxN	/Users/jillianness/Desktop/SEbirthanalysis1024/new_LASTZ_analysis/enhancer_extraction/enhancer_pairs/SoxN/chr2L_8842046-8842771__chr2L_8843634-8843738	chr2L:8842046-8842771	chr2L:8843634-8843738	name	114	11	224	11	10	115	0.086957	0.202928	0.909091	0.0	0.085106	0.13573	1.0	neither	yes	yes	0.04405286343612335	0.0
SoxN	/Users/jillianness/Desktop/SEbirthanalysis1024/new_LASTZ_analysis/enhancer_extraction/enhancer_pairs/SoxN/chr2L_8789123-8789689__chr2L_8845956-8846437	chr2L:8789123-8789689	chr2L:8845956-8846437	name	66	102	143	220	41	127	0.322835	0.584276	0.621212	0.0	0.418733	0.327931	1.0	neither	yes	yes	0.2542955326460481	0.16129032258064516
SoxN	/Users/jillianness/Desktop/SEbirthanalysis1024/new_LASTZ_analysis/enhancer_extraction/enhancer_pairs/SoxN/chr2L_8809398-8810868__chr2L_8840416-8841144	chr2L:8809398-8810868	chr2L:8840416-8841144	name	134	119	442	294	111	142	0.78169	0.673905	0.932773	0.0	0.589674	0.565455	1.0	neither	yes	yes	0.41379310344827586	0.4722222222222222
SoxN	/Users/jillianness/Desktop/SEbirthanalysis1024/new_LASTZ_analysis/enhancer_extraction/enhancer_pairs/SoxN/chr2L_8809398-8810868__chr2L_8843634-8843738	chr2L:8809398-8810868	chr2L:8843634-8843738	name	134	11	442	11	11	134	0.08209	0.392123	1.0	0.0	0.048565	0.199254	1.0	neither	yes	yes	0.02708803611738149	0.0
SoxN	/Users/jillianness/Desktop/SEbirthanalysis1024/new_LASTZ_analysis/enhancer_extraction/enhancer_pairs/SoxN/chr2L_8809398-8810868__chr2L_8845956-8846437	chr2L:8809398-8810868	chr2L:8845956-8846437	name	134	102	442	220	92	144	0.638889	0.657307	0.901961	0.0	0.531722	0.496198	1.0	neither	yes	yes	0.35787321063394684	0.4375
SoxN	/Users/jillianness/Desktop/SEbirthanalysis1024/new_LASTZ_analysis/enhancer_extraction/enhancer_pairs/SoxN/chr2L_8811130-8811511__chr2L_8842046-8842771	chr2L:8811130-8811511	chr2L:8842046-8842771	name	96	114	152	224	83	127	0.653543	0.736436	0.864583	0.0	0.638298	0.552384	1.0	neither	yes	yes	0.45384615384615384	0.23529411764705882
SoxN	/Users/jillianness/Desktop/SEbirthanalysis1024/new_LASTZ_analysis/enhancer_extraction/enhancer_pairs/SoxN/chr2L_8789123-8789689__chr2L_8843634-8843738	chr2L:8789123-8789689	chr2L:8843634-8843738	name	66	11	143	11	8	69	0.115942	0.202856	0.727273	0.0	0.103896	0.138753	1.0	neither	yes	yes	0.05405405405405406	0.0
SoxN	/Users/jillianness/Desktop/SEbirthanalysis1024/new_LASTZ_analysis/enhancer_extraction/enhancer_pairs/SoxN/chr2L_8811130-8811511__chr2L_8846495-8847235	chr2L:8811130-8811511	chr2L:8846495-8847235	name	96	122	152	262	87	131	0.664122	0.706127	0.90625	0.0	0.608696	0.53199	1.0	neither	yes	yes	0.4197952218430034	0.25
SoxN	/Users/jillianness/Desktop/SEbirthanalysis1024/new_LASTZ_analysis/enhancer_extraction/enhancer_pairs/SoxN/chr2L_8842046-8842771__chr2L_8845956-8846437	chr2L:8842046-8842771	chr2L:8845956-8846437	name	114	102	224	220	88	128	0.6875	0.692356	0.862745	0.0	0.617117	0.535772	1.0	neither	yes	yes	0.4249201277955272	0.23076923076923078
SoxN	/Users/jillianness/Desktop/SEbirthanalysis1024/new_LASTZ_analysis/enhancer_extraction/enhancer_pairs/SoxN/chr2L_8789123-8789689__chr2L_8840416-8841144	chr2L:8789123-8789689	chr2L:8840416-8841144	name	66	119	143	294	47	138	0.34058	0.542819	0.712121	0.0	0.398169	0.309532	1.0	neither	yes	yes	0.24362606232294617	0.30303030303030304
SoxN	/Users/jillianness/Desktop/SEbirthanalysis1024/new_LASTZ_analysis/enhancer_extraction/enhancer_pairs/SoxN/chr2L_8789123-8789689__chr2L_8809398-8810868	chr2L:8789123-8789689	chr2L:8809398-8810868	name	66	134	143	442	63	137	0.459854	0.592206	0.954545	0.0	0.420513	0.427583	1.0	neither	yes	yes	0.259656652360515	0.3939393939393939
SoxN	/Users/jillianness/Desktop/SEbirthanalysis1024/new_LASTZ_analysis/enhancer_extraction/enhancer_pairs/SoxN/chr2L_8845956-8846437__chr2L_8846495-8847235	chr2L:8845956-8846437	chr2L:8846495-8847235	name	102	122	220	262	89	135	0.659259	0.684058	0.872549	0.0	0.618257	0.525843	1.0	neither	yes	yes	0.41935483870967744	0.2857142857142857
SoxN	/Users/jillianness/Desktop/SEbirthanalysis1024/new_LASTZ_analysis/enhancer_extraction/enhancer_pairs/SoxN/chr2L_8811130-8811511__chr2L_8841314-8841573	chr2L:8811130-8811511	chr2L:8841314-8841573	name	96	45	152	71	23	118	0.194915	0.182695	0.511111	0.0	0.224215	0.155358	1.0	neither	yes	yes	0.125	0.09090909090909091
SoxN	/Users/jillianness/Desktop/SEbirthanalysis1024/new_LASTZ_analysis/enhancer_extraction/enhancer_pairs/SoxN/chr2L_8840416-8841144__chr2L_8845956-8846437	chr2L:8840416-8841144	chr2L:8845956-8846437	name	119	102	294	220	89	132	0.674242	0.751495	0.872549	0.0	0.626459	0.551942	1.0	neither	yes	yes	0.449438202247191	0.34375
SoxN	/Users/jillianness/Desktop/SEbirthanalysis1024/new_LASTZ_analysis/enhancer_extraction/enhancer_pairs/SoxN/chr2L_8809398-8810868__chr2L_8811130-8811511	chr2L:8809398-8810868	chr2L:8811130-8811511	name	134	96	442	152	90	140	0.642857	0.618806	0.9375	0.0	0.434343	0.500432	1.0	neither	yes	yes	0.27350427350427353	0.20689655172413793
SoxN	/Users/jillianness/Desktop/SEbirthanalysis1024/new_LASTZ_analysis/enhancer_extraction/enhancer_pairs/SoxN/chr2L_8789123-8789689__chr2L_8811130-8811511	chr2L:8789123-8789689	chr2L:8811130-8811511	name	66	96	143	152	41	121	0.338843	0.508613	0.621212	0.0	0.413559	0.3118	1.0	neither	yes	yes	0.24789915966386555	0.041666666666666664
SoxN	/Users/jillianness/Desktop/SEbirthanalysis1024/new_LASTZ_analysis/enhancer_extraction/enhancer_pairs/SoxN/chr2L_8843634-8843738__chr2L_8845956-8846437	chr2L:8843634-8843738	chr2L:8845956-8846437	name	11	102	11	220	8	105	0.07619	0.136547	0.727273	0.0	0.069264	0.10712	1.0	neither	yes	yes	0.030973451327433628	0.0
SoxN	/Users/jillianness/Desktop/SEbirthanalysis1024/new_LASTZ_analysis/enhancer_extraction/enhancer_pairs/SoxN/chr2L_8841314-8841573__chr2L_8846495-8847235	chr2L:8841314-8841573	chr2L:8846495-8847235	name	45	122	71	262	34	133	0.255639	0.484941	0.755556	0.0	0.3003	0.269286	1.0	neither	yes	yes	0.1795774647887324	0.2777777777777778
SoxN	/Users/jillianness/Desktop/SEbirthanalysis1024/new_LASTZ_analysis/enhancer_extraction/enhancer_pairs/SoxN/chr2L_8841314-8841573__chr2L_8842046-8842771	chr2L:8841314-8841573	chr2L:8842046-8842771	name	45	114	71	224	31	128	0.242188	0.309295	0.688889	0.0	0.244068	0.219763	1.0	neither	yes	yes	0.13793103448275862	0.11764705882352941
SoxN	/Users/jillianness/Desktop/SEbirthanalysis1024/new_LASTZ_analysis/enhancer_extraction/enhancer_pairs/SoxN/chr2L_8840416-8841144__chr2L_8843634-8843738	chr2L:8840416-8841144	chr2L:8843634-8843738	name	119	11	294	11	8	122	0.065574	0.135504	0.727273	0.0	0.052459	0.097615	1.0	neither	yes	yes	0.030201342281879196	0.0
SoxN	/Users/jillianness/Desktop/SEbirthanalysis1024/new_LASTZ_analysis/enhancer_extraction/enhancer_pairs/SoxN/chr2L_8841314-8841573__chr2L_8845956-8846437	chr2L:8841314-8841573	chr2L:8845956-8846437	name	45	102	71	220	23	124	0.185484	0.206953	0.511111	0.0	0.185567	0.166056	1.0	neither	yes	yes	0.10150375939849623	0.09523809523809523
SoxN	/Users/jillianness/Desktop/SEbirthanalysis1024/new_LASTZ_analysis/enhancer_extraction/enhancer_pairs/SoxN/chr2L_8843634-8843738__chr2L_8846495-8847235	chr2L:8843634-8843738	chr2L:8846495-8847235	name	11	122	11	262	10	123	0.081301	0.205649	0.909091	0.0	0.07326	0.131716	1.0	neither	yes	yes	0.03773584905660377	0.0
SoxN	/Users/jillianness/Desktop/SEbirthanalysis1024/new_LASTZ_analysis/enhancer_extraction/enhancer_pairs/SoxN/chr2L_8789123-8789689__chr2L_8841314-8841573	chr2L:8789123-8789689	chr2L:8841314-8841573	name	66	45	143	71	31	80	0.3875	0.38326	0.688889	0.0	0.35514	0.305543	1.0	neither	yes	yes	0.2	0.15
SoxN	/Users/jillianness/Desktop/SEbirthanalysis1024/new_LASTZ_analysis/enhancer_extraction/enhancer_pairs/SoxN/chr2L_8840416-8841144__chr2L_8846495-8847235	chr2L:8840416-8841144	chr2L:8846495-8847235	name	119	122	294	262	106	135	0.785185	0.785144	0.890756	0.0	0.697842	0.637667	1.0	neither	yes	yes	0.5287671232876713	0.5357142857142857
SoxN	/Users/jillianness/Desktop/SEbirthanalysis1024/new_LASTZ_analysis/enhancer_extraction/enhancer_pairs/SoxN/chr2L_8840416-8841144__chr2L_8842046-8842771	chr2L:8840416-8841144	chr2L:8842046-8842771	name	119	114	294	224	96	137	0.70073	0.715261	0.842105	0.0	0.586873	0.557112	1.0	neither	yes	yes	0.41689373297002724	0.4444444444444444
SoxN	/Users/jillianness/Desktop/SEbirthanalysis1024/new_LASTZ_analysis/enhancer_extraction/enhancer_pairs/SoxN/chr2L_8809398-8810868__chr2L_8841314-8841573	chr2L:8809398-8810868	chr2L:8841314-8841573	name	134	45	442	71	44	135	0.325926	0.416401	0.977778	0.0	0.222222	0.325616	1.0	neither	yes	yes	0.12691466083150985	0.1
SoxN	/Users/jillianness/Desktop/SEbirthanalysis1024/new_LASTZ_analysis/enhancer_extraction/enhancer_pairs/SoxN/chr2L_8841314-8841573__chr2L_8843634-8843738	chr2L:8841314-8841573	chr2L:8843634-8843738	name	45	11	71	11	5	51	0.098039	0.22083	0.454545	0.0	0.121951	0.125216	1.0	neither	yes	yes	0.06329113924050633	0.0
SoxN	/Users/jillianness/Desktop/SEbirthanalysis1024/new_LASTZ_analysis/enhancer_extraction/enhancer_pairs/SoxN/chr2L_8809398-8810868__chr2L_8846495-8847235	chr2L:8809398-8810868	chr2L:8846495-8847235	name	134	122	442	262	115	141	0.815603	0.68575	0.942623	0.0	0.548295	0.586273	1.0	neither	yes	yes	0.3735408560311284	0.3142857142857143
SoxN	/Users/jillianness/Desktop/SEbirthanalysis1024/new_LASTZ_analysis/enhancer_extraction/enhancer_pairs/SoxN/chr2L_8811130-8811511__chr2L_8845956-8846437	chr2L:8811130-8811511	chr2L:8845956-8846437	name	96	102	152	220	74	124	0.596774	0.707597	0.770833	0.0	0.580645	0.502365	1.0	neither	yes	yes	0.40074906367041196	0.3157894736842105
SoxN	/Users/jillianness/Desktop/SEbirthanalysis1024/new_LASTZ_analysis/enhancer_extraction/enhancer_pairs/SoxN/chr2L_8809398-8810868__chr2L_8842046-8842771	chr2L:8809398-8810868	chr2L:8842046-8842771	name	134	114	442	224	105	143	0.734266	0.714083	0.921053	0.0	0.564565	0.574815	1.0	neither	yes	yes	0.39166666666666666	0.4482758620689655
SoxN	/Users/jillianness/Desktop/SEbirthanalysis1024/new_LASTZ_analysis/enhancer_extraction/enhancer_pairs/SoxN/chr2L_8842046-8842771__chr2L_8846495-8847235	chr2L:8842046-8842771	chr2L:8846495-8847235	name	114	122	224	262	102	134	0.761194	0.675076	0.894737	0.0	0.625514	0.561351	1.0	neither	yes	yes	0.4437869822485207	0.3333333333333333
SoxN	/Users/jillianness/Desktop/SEbirthanalysis1024/new_LASTZ_analysis/enhancer_extraction/enhancer_pairs/SoxN/chr2L_8840416-8841144__chr2L_8841314-8841573	chr2L:8840416-8841144	chr2L:8841314-8841573	name	119	45	294	71	28	136	0.205882	0.248696	0.622222	0.0	0.19726	0.188816	1.0	neither	yes	yes	0.11212121212121212	0.15384615384615385
SoxN	/Users/jillianness/Desktop/SEbirthanalysis1024/new_LASTZ_analysis/enhancer_extraction/enhancer_pairs/SoxN/chr2L_8811130-8811511__chr2L_8840416-8841144	chr2L:8811130-8811511	chr2L:8840416-8841144	name	96	119	152	294	90	125	0.72	0.765511	0.9375	0.0	0.565022	0.578958	1.0	neither	yes	yes	0.391304347826087	0.23076923076923078
SoxN	/Users/jillianness/Desktop/SEbirthanalysis1024/new_LASTZ_analysis/enhancer_extraction/enhancer_pairs/SoxN/chr2L_8811130-8811511__chr2L_8843634-8843738	chr2L:8811130-8811511	chr2L:8843634-8843738	name	96	11	152	11	5	102	0.04902	0.096699	0.454545	0.0	0.06135	0.068554	1.0	neither	yes	yes	0.03125	0.0
SoxN	/Users/jillianness/Desktop/SEbirthanalysis1024/new_LASTZ_analysis/enhancer_extraction/enhancer_pairs/SoxN/chr2L_8789123-8789689__chr2L_8846495-8847235	chr2L:8789123-8789689	chr2L:8846495-8847235	name	66	122	143	262	53	135	0.392593	0.538245	0.80303	0.0	0.439506	0.35457	1.0	neither	yes	yes	0.26791277258566976	0.2413793103448276
SoxN	/Users/jillianness/Desktop/SEbirthanalysis1024/new_LASTZ_analysis/enhancer_extraction/enhancer_pairs/SoxN/chr2L_8789123-8789689__chr2L_8842046-8842771	chr2L:8789123-8789689	chr2L:8842046-8842771	name	66	114	143	224	50	130	0.384615	0.538434	0.757576	0.0	0.441417	0.358766	1.0	neither	yes	yes	0.28125	0.23076923076923078
FBgn0003062_sm	/Users/jillianness/Desktop/SEbirthanalysis1024/new_LASTZ_analysis/enhancer_extraction/enhancer_pairs/FBgn0003062_sm/chr2R_22669923-22670415__chr2R_22671971-22672235	chr2R:22669923-22670415	chr2R:22671971-22672235	name	61	40	107	55	21	80	0.2625	0.341444	0.525	0.0	0.296296	0.244073	1.0	neither	yes	yes	0.16312056737588654	0.1875
FBgn0003062_sm	/Users/jillianness/Desktop/SEbirthanalysis1024/new_LASTZ_analysis/enhancer_extraction/enhancer_pairs/FBgn0003062_sm/chr2R_22669923-22670415__chr2R_22692057-22692354	chr2R:22669923-22670415	chr2R:22692057-22692354	name	61	44	107	67	23	82	0.280488	0.672339	0.522727	0.0	0.471264	0.318544	1.0	neither	yes	yes	0.26618705035971224	0.4444444444444444
FBgn0003062_sm	/Users/jillianness/Desktop/SEbirthanalysis1024/new_LASTZ_analysis/enhancer_extraction/enhancer_pairs/FBgn0003062_sm/chr2R_22671971-22672235__chr2R_22692057-22692354	chr2R:22671971-22672235	chr2R:22692057-22692354	name	40	44	55	67	14	70	0.2	0.270035	0.35	0.0	0.262295	0.184087	1.0	neither	yes	yes	0.14814814814814814	0.1875
FBgn0033581_sm	/Users/jillianness/Desktop/SEbirthanalysis1024/new_LASTZ_analysis/enhancer_extraction/enhancer_pairs/FBgn0033581_sm/chr2R_10731714-10732027__chr2R_10732567-10732946	chr2R:10731714-10732027	chr2R:10732567-10732946	name	36	101	62	166	20	117	0.17094	0.237061	0.555556	0.0	0.201754	0.162204	1.0	neither	yes	yes	0.1111111111111111	0.17647058823529413
FBgn0016694_vm	/Users/jillianness/Desktop/SEbirthanalysis1024/new_LASTZ_analysis/enhancer_extraction/enhancer_pairs/FBgn0016694_vm/chr3L_7818834-7819086__chr3L_7848370-7848762	chr3L:7818834-7819086	chr3L:7848370-7848762	name	27	58	77	106	18	67	0.268657	0.486099	0.666667	0.0	0.338798	0.283902	1.0	neither	yes	yes	0.1858974358974359	0.16666666666666666
FBgn0031857_sm	/Users/jillianness/Desktop/SEbirthanalysis1024/new_LASTZ_analysis/enhancer_extraction/enhancer_pairs/FBgn0031857_sm/chr2L_6751919-6752178__chr2L_6772280-6772480	chr2L:6751919-6752178	chr2L:6772280-6772480	name	39	83	62	133	16	106	0.150943	0.280459	0.410256	0.0	0.215385	0.147761	1.0	neither	yes	yes	0.09444444444444444	0.25
FBgn0031857_sm	/Users/jillianness/Desktop/SEbirthanalysis1024/new_LASTZ_analysis/enhancer_extraction/enhancer_pairs/FBgn0031857_sm/chr2L_6751919-6752178__chr2L_6787279-6787639	chr2L:6751919-6752178	chr2L:6787279-6787639	name	39	48	62	80	23	64	0.359375	0.312506	0.589744	0.0	0.380282	0.285545	1.0	neither	yes	yes	0.21008403361344538	0.07692307692307693
FBgn0031857_sm	/Users/jillianness/Desktop/SEbirthanalysis1024/new_LASTZ_analysis/enhancer_extraction/enhancer_pairs/FBgn0031857_sm/chr2L_6772280-6772480__chr2L_6787279-6787639	chr2L:6772280-6772480	chr2L:6787279-6787639	name	83	48	133	80	21	110	0.190909	0.180962	0.4375	0.0	0.215962	0.160842	1.0	neither	yes	yes	0.09693877551020408	0.17647058823529413
FBgn0020766_Spearman	/Users/jillianness/Desktop/SEbirthanalysis1024/new_LASTZ_analysis/enhancer_extraction/enhancer_pairs/FBgn0020766_Spearman/chr2R_13582159-13582576__chr2R_13623881-13624272	chr2R:13582159-13582576	chr2R:13623881-13624272	name	103	60	245	102	40	123	0.325203	0.603119	0.666667	0.0	0.340058	0.304926	1.0	neither	yes	yes	0.19931271477663232	0.05
FBgn0021995_vm	/Users/jillianness/Desktop/SEbirthanalysis1024/new_LASTZ_analysis/enhancer_extraction/enhancer_pairs/FBgn0021995_vm/chr2R_7775078-7775289__chr2R_7798993-7799522	chr2R:7775078-7775289	chr2R:7798993-7799522	name	49	58	68	94	21	86	0.244186	0.225085	0.428571	0.0	0.283951	0.192657	1.0	neither	yes	yes	0.16312056737588654	0.2
FBgn0040383_sm	/Users/jillianness/Desktop/SEbirthanalysis1024/new_LASTZ_analysis/enhancer_extraction/enhancer_pairs/FBgn0040383_sm/chrX_664986-665230__chrX_735534-735828	chrX:664986-665230	chrX:735534-735828	name	82	85	101	124	44	123	0.357724	0.481508	0.536585	0.0	0.444444	0.305901	1.0	neither	yes	yes	0.2541436464088398	0.35294117647058826
gt	/Users/jillianness/Desktop/SEbirthanalysis1024/new_LASTZ_analysis/enhancer_extraction/enhancer_pairs/gt/chrX_2431435-2431676__chrX_2437107-2437533	chrX:2431435-2431676	chrX:2437107-2437533	name	54	86	78	154	42	98	0.428571	0.540322	0.777778	0.0	0.448276	0.377738	1.0	neither	yes	yes	0.2786885245901639	0.3181818181818182
gt	/Users/jillianness/Desktop/SEbirthanalysis1024/new_LASTZ_analysis/enhancer_extraction/enhancer_pairs/gt/chrX_2428917-2429320__chrX_2431435-2431676	chrX:2428917-2429320	chrX:2431435-2431676	name	51	54	106	78	20	85	0.235294	0.599896	0.392157	0.0	0.380435	0.295124	1.0	neither	yes	yes	0.21568627450980393	0.23076923076923078
gt	/Users/jillianness/Desktop/SEbirthanalysis1024/new_LASTZ_analysis/enhancer_extraction/enhancer_pairs/gt/chrX_2429927-2430850__chrX_2431852-2432159	chrX:2429927-2430850	chrX:2431852-2432159	name	92	68	246	103	39	121	0.322314	0.485281	0.573529	0.0	0.332378	0.323807	1.0	enhancer_hit	yes	yes	0.19387755102040816	0.3
gt	/Users/jillianness/Desktop/SEbirthanalysis1024/new_LASTZ_analysis/enhancer_extraction/enhancer_pairs/gt/chrX_2428917-2429320__chrX_2438227-2439238	chrX:2428917-2429320	chrX:2438227-2439238	name	51	126	106	377	41	136	0.301471	0.328554	0.803922	0.0	0.26087	0.270495	1.0	neither	yes	yes	0.14657210401891252	0.22580645161290322
gt	/Users/jillianness/Desktop/SEbirthanalysis1024/new_LASTZ_analysis/enhancer_extraction/enhancer_pairs/gt/chrX_2428917-2429320__chrX_2429927-2430850	chrX:2428917-2429320	chrX:2429927-2430850	name	51	92	106	246	40	103	0.38835	0.573806	0.784314	0.0	0.426136	0.390136	1.0	neither	yes	yes	0.26881720430107525	0.3181818181818182
gt	/Users/jillianness/Desktop/SEbirthanalysis1024/new_LASTZ_analysis/enhancer_extraction/enhancer_pairs/gt/chrX_2434977-2435401__chrX_2438227-2439238	chrX:2434977-2435401	chrX:2438227-2439238	name	91	126	135	377	80	137	0.583942	0.611863	0.879121	0.0	0.429688	0.466316	1.0	neither	yes	yes	0.25980392156862747	0.23529411764705882
gt	/Users/jillianness/Desktop/SEbirthanalysis1024/new_LASTZ_analysis/enhancer_extraction/enhancer_pairs/gt/chrX_2431852-2432159__chrX_2438227-2439238	chrX:2431852-2432159	chrX:2438227-2439238	name	68	126	103	377	64	130	0.492308	0.539402	0.941176	0.0	0.358333	0.42058	1.0	neither	yes	yes	0.21717171717171718	0.3333333333333333
gt	/Users/jillianness/Desktop/SEbirthanalysis1024/new_LASTZ_analysis/enhancer_extraction/enhancer_pairs/gt/chrX_2431435-2431676__chrX_2440952-2442340	chrX:2431435-2431676	chrX:2440952-2442340	name	54	107	78	363	37	124	0.298387	0.544416	0.685185	0.0	0.263039	0.314747	1.0	neither	yes	yes	0.14470284237726097	0.1590909090909091
gt	/Users/jillianness/Desktop/SEbirthanalysis1024/new_LASTZ_analysis/enhancer_extraction/enhancer_pairs/gt/chrX_2429927-2430850__chrX_2437107-2437533	chrX:2429927-2430850	chrX:2437107-2437533	name	92	86	246	154	50	128	0.390625	0.509111	0.581395	0.0	0.38	0.343342	1.0	enhancer_hit	yes	yes	0.22935779816513763	0.2727272727272727
gt	/Users/jillianness/Desktop/SEbirthanalysis1024/new_LASTZ_analysis/enhancer_extraction/enhancer_pairs/gt/chrX_2438227-2439238__chrX_2440952-2442340	chrX:2438227-2439238	chrX:2440952-2442340	name	126	107	377	363	90	143	0.629371	0.634366	0.841121	0.0	0.562162	0.497394	1.0	neither	yes	yes	0.36900369003690037	0.40384615384615385
gt	/Users/jillianness/Desktop/SEbirthanalysis1024/new_LASTZ_analysis/enhancer_extraction/enhancer_pairs/gt/chrX_2432829-2432949__chrX_2437107-2437533	chrX:2432829-2432949	chrX:2437107-2437533	name	18	86	21	154	11	93	0.11828	0.266557	0.611111	0.0	0.137143	0.154154	1.0	neither	yes	yes	0.06626506024096386	0.05
gt	/Users/jillianness/Desktop/SEbirthanalysis1024/new_LASTZ_analysis/enhancer_extraction/enhancer_pairs/gt/chrX_2437107-2437533__chrX_2438227-2439238	chrX:2437107-2437533	chrX:2438227-2439238	name	86	126	154	377	77	135	0.57037	0.620324	0.895349	0.0	0.497175	0.478271	1.0	neither	yes	yes	0.3193069306930693	0.4166666666666667
gt	/Users/jillianness/Desktop/SEbirthanalysis1024/new_LASTZ_analysis/enhancer_extraction/enhancer_pairs/gt/chrX_2429927-2430850__chrX_2440952-2442340	chrX:2429927-2430850	chrX:2440952-2442340	name	92	107	246	363	81	118	0.686441	0.803898	0.880435	0.0	0.630542	0.613677	1.0	enhancer_hit	yes	yes	0.42424242424242425	0.3617021276595745
gt	/Users/jillianness/Desktop/SEbirthanalysis1024/new_LASTZ_analysis/enhancer_extraction/enhancer_pairs/gt/chrX_2431852-2432159__chrX_2432829-2432949	chrX:2431852-2432159	chrX:2432829-2432949	name	68	18	103	21	8	78	0.102564	0.293887	0.444444	0.0	0.145161	0.150727	1.0	neither	yes	yes	0.06779661016949153	0.058823529411764705
gt	/Users/jillianness/Desktop/SEbirthanalysis1024/new_LASTZ_analysis/enhancer_extraction/enhancer_pairs/gt/chrX_2431852-2432159__chrX_2434977-2435401	chrX:2431852-2432159	chrX:2434977-2435401	name	68	91	103	135	47	112	0.419643	0.469976	0.691176	0.0	0.470588	0.323753	1.0	neither	yes	yes	0.28342245989304815	0.3333333333333333
gt	/Users/jillianness/Desktop/SEbirthanalysis1024/new_LASTZ_analysis/enhancer_extraction/enhancer_pairs/gt/chrX_2432829-2432949__chrX_2440952-2442340	chrX:2432829-2432949	chrX:2440952-2442340	name	18	107	21	363	17	108	0.157407	0.337223	0.944444	0.0	0.098958	0.211821	1.0	neither	yes	yes	0.051771117166212535	0.023809523809523808
gt	/Users/jillianness/Desktop/SEbirthanalysis1024/new_LASTZ_analysis/enhancer_extraction/enhancer_pairs/gt/chrX_2431435-2431676__chrX_2431852-2432159	chrX:2431435-2431676	chrX:2431852-2432159	name	54	68	78	103	32	90	0.355556	0.4364	0.592593	0.0	0.40884	0.303736	1.0	neither	yes	yes	0.23648648648648649	0.3684210526315789
gt	/Users/jillianness/Desktop/SEbirthanalysis1024/new_LASTZ_analysis/enhancer_extraction/enhancer_pairs/gt/chrX_2428917-2429320__chrX_2434977-2435401	chrX:2428917-2429320	chrX:2434977-2435401	name	51	91	106	135	28	114	0.245614	0.317358	0.54902	0.0	0.307054	0.237941	1.0	neither	yes	yes	0.16826923076923078	0.2
gt	/Users/jillianness/Desktop/SEbirthanalysis1024/new_LASTZ_analysis/enhancer_extraction/enhancer_pairs/gt/chrX_2428917-2429320__chrX_2432829-2432949	chrX:2428917-2429320	chrX:2432829-2432949	name	51	18	106	21	12	57	0.210526	0.483726	0.666667	0.0	0.220472	0.272966	1.0	neither	yes	yes	0.11206896551724138	0.14285714285714285
gt	/Users/jillianness/Desktop/SEbirthanalysis1024/new_LASTZ_analysis/enhancer_extraction/enhancer_pairs/gt/chrX_2431852-2432159__chrX_2437107-2437533	chrX:2431852-2432159	chrX:2437107-2437533	name	68	86	103	154	54	100	0.54	0.639758	0.794118	0.0	0.536965	0.460588	1.0	neither	yes	yes	0.33505154639175255	0.48
gt	/Users/jillianness/Desktop/SEbirthanalysis1024/new_LASTZ_analysis/enhancer_extraction/enhancer_pairs/gt/chrX_2434977-2435401__chrX_2437107-2437533	chrX:2434977-2435401	chrX:2437107-2437533	name	91	86	135	154	69	108	0.638889	0.604446	0.802326	0.0	0.546713	0.483482	1.0	neither	yes	yes	0.36619718309859156	0.47619047619047616
gt	/Users/jillianness/Desktop/SEbirthanalysis1024/new_LASTZ_analysis/enhancer_extraction/enhancer_pairs/gt/chrX_2428917-2429320__chrX_2437107-2437533	chrX:2428917-2429320	chrX:2437107-2437533	name	51	86	106	154	24	113	0.212389	0.342188	0.470588	0.0	0.276923	0.223726	1.0	neither	yes	yes	0.14912280701754385	0.125
gt	/Users/jillianness/Desktop/SEbirthanalysis1024/new_LASTZ_analysis/enhancer_extraction/enhancer_pairs/gt/chrX_2429927-2430850__chrX_2432829-2432949	chrX:2429927-2430850	chrX:2432829-2432949	name	92	18	246	21	16	94	0.170213	0.41761	0.888889	0.0	0.142322	0.233377	1.0	neither	yes	yes	0.08032128514056225	0.045454545454545456
gt	/Users/jillianness/Desktop/SEbirthanalysis1024/new_LASTZ_analysis/enhancer_extraction/enhancer_pairs/gt/chrX_2429927-2430850__chrX_2434977-2435401	chrX:2429927-2430850	chrX:2434977-2435401	name	92	91	246	135	50	133	0.37594	0.404065	0.549451	0.0	0.346457	0.308292	1.0	neither	yes	yes	0.2006269592476489	0.17857142857142858
gt	/Users/jillianness/Desktop/SEbirthanalysis1024/new_LASTZ_analysis/enhancer_extraction/enhancer_pairs/gt/chrX_2431435-2431676__chrX_2438227-2439238	chrX:2431435-2431676	chrX:2438227-2439238	name	54	126	78	377	52	128	0.40625	0.459371	0.962963	0.0	0.303297	0.340927	1.0	neither	yes	yes	0.17783505154639176	0.2903225806451613
gt	/Users/jillianness/Desktop/SEbirthanalysis1024/new_LASTZ_analysis/enhancer_extraction/enhancer_pairs/gt/chrX_2431852-2432159__chrX_2440952-2442340	chrX:2431852-2432159	chrX:2440952-2442340	name	68	107	103	363	46	129	0.356589	0.525614	0.676471	0.0	0.300429	0.345267	1.0	neither	yes	yes	0.16417910447761194	0.2553191489361702
gt	/Users/jillianness/Desktop/SEbirthanalysis1024/new_LASTZ_analysis/enhancer_extraction/enhancer_pairs/gt/chrX_2432829-2432949__chrX_2434977-2435401	chrX:2432829-2432949	chrX:2434977-2435401	name	18	91	21	135	15	94	0.159574	0.361012	0.833333	0.0	0.205128	0.210237	1.0	neither	yes	yes	0.1048951048951049	0.09090909090909091
gt	/Users/jillianness/Desktop/SEbirthanalysis1024/new_LASTZ_analysis/enhancer_extraction/enhancer_pairs/gt/chrX_2434977-2435401__chrX_2440952-2442340	chrX:2434977-2435401	chrX:2440952-2442340	name	91	107	135	363	65	133	0.488722	0.500258	0.714286	0.0	0.385542	0.389891	1.0	neither	yes	yes	0.2285012285012285	0.20454545454545456
gt	/Users/jillianness/Desktop/SEbirthanalysis1024/new_LASTZ_analysis/enhancer_extraction/enhancer_pairs/gt/chrX_2428917-2429320__chrX_2440952-2442340	chrX:2428917-2429320	chrX:2440952-2442340	name	51	107	106	363	46	112	0.410714	0.535693	0.901961	0.0	0.34968	0.396768	1.0	neither	yes	yes	0.21079691516709512	0.16666666666666666
gt	/Users/jillianness/Desktop/SEbirthanalysis1024/new_LASTZ_analysis/enhancer_extraction/enhancer_pairs/gt/chrX_2429927-2430850__chrX_2431435-2431676	chrX:2429927-2430850	chrX:2431435-2431676	name	92	54	246	78	29	117	0.247863	0.57322	0.537037	0.0	0.308642	0.292979	1.0	neither	yes	yes	0.16845878136200718	0.2916666666666667
gt	/Users/jillianness/Desktop/SEbirthanalysis1024/new_LASTZ_analysis/enhancer_extraction/enhancer_pairs/gt/chrX_2437107-2437533__chrX_2440952-2442340	chrX:2437107-2437533	chrX:2440952-2442340	name	86	107	154	363	58	135	0.42963	0.598873	0.674419	0.0	0.37911	0.372627	1.0	neither	yes	yes	0.2240566037735849	0.2916666666666667
gt	/Users/jillianness/Desktop/SEbirthanalysis1024/new_LASTZ_analysis/enhancer_extraction/enhancer_pairs/gt/chrX_2432829-2432949__chrX_2438227-2439238	chrX:2432829-2432949	chrX:2438227-2439238	name	18	126	21	377	14	130	0.107692	0.333153	0.777778	0.0	0.080402	0.181503	1.0	neither	yes	yes	0.03896103896103896	0.03225806451612903
gt	/Users/jillianness/Desktop/SEbirthanalysis1024/new_LASTZ_analysis/enhancer_extraction/enhancer_pairs/gt/chrX_2431435-2431676__chrX_2432829-2432949	chrX:2431435-2431676	chrX:2432829-2432949	name	54	18	78	21	8	64	0.125	0.392837	0.444444	0.0	0.181818	0.181964	1.0	neither	yes	yes	0.09782608695652174	0.1111111111111111
gt	/Users/jillianness/Desktop/SEbirthanalysis1024/new_LASTZ_analysis/enhancer_extraction/enhancer_pairs/gt/chrX_2431435-2431676__chrX_2434977-2435401	chrX:2431435-2431676	chrX:2434977-2435401	name	54	91	78	135	43	102	0.421569	0.540862	0.796296	0.0	0.488263	0.368748	1.0	neither	yes	yes	0.31901840490797545	0.3333333333333333
gt	/Users/jillianness/Desktop/SEbirthanalysis1024/new_LASTZ_analysis/enhancer_extraction/enhancer_pairs/gt/chrX_2429927-2430850__chrX_2438227-2439238	chrX:2429927-2430850	chrX:2438227-2439238	name	92	126	246	377	76	142	0.535211	0.599539	0.826087	0.0	0.487961	0.443863	1.0	neither	yes	yes	0.3157894736842105	0.43243243243243246
gt	/Users/jillianness/Desktop/SEbirthanalysis1024/new_LASTZ_analysis/enhancer_extraction/enhancer_pairs/gt/chrX_2428917-2429320__chrX_2431852-2432159	chrX:2428917-2429320	chrX:2431852-2432159	name	51	68	106	103	20	99	0.20202	0.338316	0.392157	0.0	0.258373	0.214262	1.0	neither	yes	yes	0.13440860215053763	0.14285714285714285
FBgn0016041_sm	/Users/jillianness/Desktop/SEbirthanalysis1024/new_LASTZ_analysis/enhancer_extraction/enhancer_pairs/FBgn0016041_sm/chrX_7657369-7657569__chrX_7660283-7660576	chrX:7657369-7657569	chrX:7660283-7660576	name	35	84	64	102	19	100	0.19	0.17021	0.542857	0.0	0.240964	0.168792	1.0	neither	yes	yes	0.13513513513513514	0.0625
FBgn0016041_sm	/Users/jillianness/Desktop/SEbirthanalysis1024/new_LASTZ_analysis/enhancer_extraction/enhancer_pairs/FBgn0016041_sm/chrX_7617780-7617980__chrX_7655607-7655855	chrX:7617780-7617980	chrX:7655607-7655855	name	56	36	92	66	18	74	0.243243	0.349792	0.5	0.0	0.291139	0.237387	1.0	neither	yes	yes	0.1510791366906475	0.16666666666666666
FBgn0016041_sm	/Users/jillianness/Desktop/SEbirthanalysis1024/new_LASTZ_analysis/enhancer_extraction/enhancer_pairs/FBgn0016041_sm/chrX_7654331-7654569__chrX_7660283-7660576	chrX:7654331-7654569	chrX:7660283-7660576	name	45	84	68	102	32	97	0.329897	0.469094	0.711111	0.0	0.423529	0.305006	1.0	neither	yes	yes	0.2463768115942029	0.2
FBgn0016041_sm	/Users/jillianness/Desktop/SEbirthanalysis1024/new_LASTZ_analysis/enhancer_extraction/enhancer_pairs/FBgn0016041_sm/chrX_7617780-7617980__chrX_7686560-7686932	chrX:7617780-7617980	chrX:7686560-7686932	name	56	33	92	66	15	74	0.202703	0.286707	0.454545	0.0	0.253165	0.186922	1.0	neither	yes	yes	0.11888111888111888	0.21428571428571427
FBgn0016041_sm	/Users/jillianness/Desktop/SEbirthanalysis1024/new_LASTZ_analysis/enhancer_extraction/enhancer_pairs/FBgn0016041_sm/chrX_7655607-7655855__chrX_7657369-7657569	chrX:7655607-7655855	chrX:7657369-7657569	name	36	35	66	64	13	58	0.224138	0.27559	0.371429	0.0	0.276923	0.220072	1.0	neither	yes	yes	0.13793103448275862	0.0625
FBgn0016041_sm	/Users/jillianness/Desktop/SEbirthanalysis1024/new_LASTZ_analysis/enhancer_extraction/enhancer_pairs/FBgn0016041_sm/chrX_7650029-7650229__chrX_7660283-7660576	chrX:7650029-7650229	chrX:7660283-7660576	name	54	84	89	102	36	102	0.352941	0.477339	0.666667	0.0	0.429319	0.301027	1.0	neither	yes	yes	0.26143790849673204	0.15384615384615385
FBgn0016041_sm	/Users/jillianness/Desktop/SEbirthanalysis1024/new_LASTZ_analysis/enhancer_extraction/enhancer_pairs/FBgn0016041_sm/chrX_7650029-7650229__chrX_7654331-7654569	chrX:7650029-7650229	chrX:7654331-7654569	name	54	45	89	68	15	84	0.178571	0.286461	0.333333	0.0	0.216561	0.176148	1.0	neither	yes	yes	0.11971830985915492	0.19047619047619047
FBgn0016041_sm	/Users/jillianness/Desktop/SEbirthanalysis1024/new_LASTZ_analysis/enhancer_extraction/enhancer_pairs/FBgn0016041_sm/chrX_7617780-7617980__chrX_7657369-7657569	chrX:7617780-7617980	chrX:7657369-7657569	name	56	35	92	64	16	75	0.213333	0.136067	0.457143	0.0	0.230769	0.16602	1.0	neither	yes	yes	0.12857142857142856	0.0
FBgn0016041_sm	/Users/jillianness/Desktop/SEbirthanalysis1024/new_LASTZ_analysis/enhancer_extraction/enhancer_pairs/FBgn0016041_sm/chrX_7655607-7655855__chrX_7686560-7686932	chrX:7655607-7655855	chrX:7686560-7686932	name	36	33	66	66	12	57	0.210526	0.215728	0.363636	0.0	0.212121	0.170479	1.0	neither	yes	yes	0.09836065573770492	0.13333333333333333
FBgn0016041_sm	/Users/jillianness/Desktop/SEbirthanalysis1024/new_LASTZ_analysis/enhancer_extraction/enhancer_pairs/FBgn0016041_sm/chrX_7617780-7617980__chrX_7654331-7654569	chrX:7617780-7617980	chrX:7654331-7654569	name	56	45	92	68	16	85	0.188235	0.333486	0.355556	0.0	0.25	0.191425	1.0	neither	yes	yes	0.13286713286713286	0.14285714285714285
FBgn0016041_sm	/Users/jillianness/Desktop/SEbirthanalysis1024/new_LASTZ_analysis/enhancer_extraction/enhancer_pairs/FBgn0016041_sm/chrX_7650029-7650229__chrX_7657369-7657569	chrX:7650029-7650229	chrX:7657369-7657569	name	54	35	89	64	15	74	0.202703	0.108416	0.428571	0.0	0.196078	0.149286	1.0	neither	yes	yes	0.09929078014184398	0.0
FBgn0016041_sm	/Users/jillianness/Desktop/SEbirthanalysis1024/new_LASTZ_analysis/enhancer_extraction/enhancer_pairs/FBgn0016041_sm/chrX_7657369-7657569__chrX_7686560-7686932	chrX:7657369-7657569	chrX:7686560-7686932	name	35	33	64	66	10	58	0.172414	0.082752	0.30303	0.0	0.153846	0.116119	1.0	neither	yes	yes	0.07317073170731707	0.0
FBgn0016041_sm	/Users/jillianness/Desktop/SEbirthanalysis1024/new_LASTZ_analysis/enhancer_extraction/enhancer_pairs/FBgn0016041_sm/chrX_7654331-7654569__chrX_7655607-7655855	chrX:7654331-7654569	chrX:7655607-7655855	name	45	36	68	66	20	61	0.327869	0.513802	0.555556	0.0	0.402985	0.319723	1.0	neither	yes	yes	0.24770642201834864	0.2631578947368421
FBgn0016041_sm	/Users/jillianness/Desktop/SEbirthanalysis1024/new_LASTZ_analysis/enhancer_extraction/enhancer_pairs/FBgn0016041_sm/chrX_7654331-7654569__chrX_7686560-7686932	chrX:7654331-7654569	chrX:7686560-7686932	name	45	33	68	66	11	67	0.164179	0.177003	0.333333	0.0	0.19403	0.132141	1.0	neither	yes	yes	0.088	0.125
FBgn0016041_sm	/Users/jillianness/Desktop/SEbirthanalysis1024/new_LASTZ_analysis/enhancer_extraction/enhancer_pairs/FBgn0016041_sm/chrX_7617780-7617980__chrX_7660283-7660576	chrX:7617780-7617980	chrX:7660283-7660576	name	56	84	92	102	35	105	0.333333	0.519615	0.625	0.0	0.42268	0.304175	1.0	neither	yes	yes	0.21739130434782608	0.16666666666666666
FBgn0016041_sm	/Users/jillianness/Desktop/SEbirthanalysis1024/new_LASTZ_analysis/enhancer_extraction/enhancer_pairs/FBgn0016041_sm/chrX_7660283-7660576__chrX_7686560-7686932	chrX:7660283-7660576	chrX:7686560-7686932	name	84	33	102	66	22	95	0.231579	0.385235	0.666667	0.0	0.333333	0.234026	1.0	neither	yes	yes	0.18055555555555555	0.13333333333333333
FBgn0016041_sm	/Users/jillianness/Desktop/SEbirthanalysis1024/new_LASTZ_analysis/enhancer_extraction/enhancer_pairs/FBgn0016041_sm/chrX_7650029-7650229__chrX_7655607-7655855	chrX:7650029-7650229	chrX:7655607-7655855	name	54	36	89	66	12	78	0.153846	0.241069	0.333333	0.0	0.180645	0.164484	1.0	neither	yes	yes	0.09027777777777778	0.15384615384615385
FBgn0016041_sm	/Users/jillianness/Desktop/SEbirthanalysis1024/new_LASTZ_analysis/enhancer_extraction/enhancer_pairs/FBgn0016041_sm/chrX_7650029-7650229__chrX_7686560-7686932	chrX:7650029-7650229	chrX:7686560-7686932	name	54	33	89	66	8	79	0.101266	0.233085	0.242424	0.0	0.154839	0.121507	1.0	neither	yes	yes	0.08275862068965517	0.125
FBgn0016041_sm	/Users/jillianness/Desktop/SEbirthanalysis1024/new_LASTZ_analysis/enhancer_extraction/enhancer_pairs/FBgn0016041_sm/chrX_7617780-7617980__chrX_7650029-7650229	chrX:7617780-7617980	chrX:7650029-7650229	name	56	54	92	89	30	80	0.375	0.69601	0.555556	0.0	0.508287	0.367745	1.0	enhancer_hit	yes	yes	0.2887323943661972	0.25
FBgn0016041_sm	/Users/jillianness/Desktop/SEbirthanalysis1024/new_LASTZ_analysis/enhancer_extraction/enhancer_pairs/FBgn0016041_sm/chrX_7654331-7654569__chrX_7657369-7657569	chrX:7654331-7654569	chrX:7657369-7657569	name	45	35	68	64	15	65	0.230769	0.334595	0.428571	0.0	0.318182	0.237537	1.0	neither	yes	yes	0.18584070796460178	0.08
FBgn0016041_sm	/Users/jillianness/Desktop/SEbirthanalysis1024/new_LASTZ_analysis/enhancer_extraction/enhancer_pairs/FBgn0016041_sm/chrX_7655607-7655855__chrX_7660283-7660576	chrX:7655607-7655855	chrX:7660283-7660576	name	36	84	66	102	19	101	0.188119	0.290129	0.527778	0.0	0.25	0.19523	1.0	neither	yes	yes	0.11842105263157894	0.07692307692307693
FBgn0264001_vm	/Users/jillianness/Desktop/SEbirthanalysis1024/new_LASTZ_analysis/enhancer_extraction/enhancer_pairs/FBgn0264001_vm/chr3L_13500764-13501176__chr3L_13641091-13641350	chr3L:13500764-13501176	chr3L:13641091-13641350	name	51	35	110	59	21	65	0.323077	0.428857	0.6	0.0	0.35503	0.306763	1.0	neither	yes	yes	0.2127659574468085	0.3
FBgn0264001_vm	/Users/jillianness/Desktop/SEbirthanalysis1024/new_LASTZ_analysis/enhancer_extraction/enhancer_pairs/FBgn0264001_vm/chr3L_13500764-13501176__chr3L_13657717-13657980	chr3L:13500764-13501176	chr3L:13657717-13657980	name	51	32	110	53	17	66	0.257576	0.40125	0.53125	0.0	0.306748	0.262375	1.0	neither	yes	yes	0.17857142857142858	0.17647058823529413
FBgn0264001_vm	/Users/jillianness/Desktop/SEbirthanalysis1024/new_LASTZ_analysis/enhancer_extraction/enhancer_pairs/FBgn0264001_vm/chr3L_13500764-13501176__chr3L_13655496-13656117	chr3L:13500764-13501176	chr3L:13655496-13656117	name	51	104	110	226	41	114	0.359649	0.752896	0.803922	0.0	0.505952	0.402486	1.0	neither	yes	yes	0.3359683794466403	0.38461538461538464
FBgn0264001_vm	/Users/jillianness/Desktop/SEbirthanalysis1024/new_LASTZ_analysis/enhancer_extraction/enhancer_pairs/FBgn0264001_vm/chr3L_13657717-13657980__chr3L_13834627-13835094	chr3L:13657717-13657980	chr3L:13834627-13835094	name	32	103	53	194	19	116	0.163793	0.316766	0.59375	0.0	0.218623	0.187177	1.0	neither	yes	yes	0.11659192825112108	0.25
FBgn0264001_vm	/Users/jillianness/Desktop/SEbirthanalysis1024/new_LASTZ_analysis/enhancer_extraction/enhancer_pairs/FBgn0264001_vm/chr3L_13500764-13501176__chr3L_13646895-13647219	chr3L:13500764-13501176	chr3L:13646895-13647219	name	51	62	110	91	26	87	0.298851	0.397878	0.509804	0.0	0.328358	0.257322	1.0	neither	yes	yes	0.17341040462427745	0.1875
FBgn0264001_vm	/Users/jillianness/Desktop/SEbirthanalysis1024/new_LASTZ_analysis/enhancer_extraction/enhancer_pairs/FBgn0264001_vm/chr3L_13500764-13501176__chr3L_13834627-13835094	chr3L:13500764-13501176	chr3L:13834627-13835094	name	51	103	110	194	33	121	0.272727	0.317421	0.647059	0.0	0.289474	0.23074	1.0	neither	yes	yes	0.1590909090909091	0.0967741935483871
FBgn0264001_vm	/Users/jillianness/Desktop/SEbirthanalysis1024/new_LASTZ_analysis/enhancer_extraction/enhancer_pairs/FBgn0264001_vm/chr3L_13655496-13656117__chr3L_13834627-13835094	chr3L:13655496-13656117	chr3L:13834627-13835094	name	104	103	226	194	75	132	0.568182	0.442187	0.728155	0.0	0.47619	0.409418	1.0	neither	yes	yes	0.3105590062111801	0.2777777777777778
FBgn0264001_vm	/Users/jillianness/Desktop/SEbirthanalysis1024/new_LASTZ_analysis/enhancer_extraction/enhancer_pairs/FBgn0264001_vm/chr3L_13646895-13647219__chr3L_13657717-13657980	chr3L:13646895-13647219	chr3L:13657717-13657980	name	62	32	91	53	18	76	0.236842	0.405434	0.5625	0.0	0.319444	0.240778	1.0	neither	yes	yes	0.18699186991869918	0.5
FBgn0264001_vm	/Users/jillianness/Desktop/SEbirthanalysis1024/new_LASTZ_analysis/enhancer_extraction/enhancer_pairs/FBgn0264001_vm/chr3L_13641091-13641350__chr3L_13655496-13656117	chr3L:13641091-13641350	chr3L:13655496-13656117	name	35	104	59	226	26	113	0.230088	0.381416	0.742857	0.0	0.245614	0.258819	1.0	neither	yes	yes	0.13438735177865613	0.22580645161290322
FBgn0264001_vm	/Users/jillianness/Desktop/SEbirthanalysis1024/new_LASTZ_analysis/enhancer_extraction/enhancer_pairs/FBgn0264001_vm/chr3L_13641091-13641350__chr3L_13646895-13647219	chr3L:13641091-13641350	chr3L:13646895-13647219	name	35	62	59	91	16	81	0.197531	0.210321	0.457143	0.0	0.24	0.167482	1.0	neither	yes	yes	0.11764705882352941	0.10526315789473684
FBgn0264001_vm	/Users/jillianness/Desktop/SEbirthanalysis1024/new_LASTZ_analysis/enhancer_extraction/enhancer_pairs/FBgn0264001_vm/chr3L_13641091-13641350__chr3L_13834627-13835094	chr3L:13641091-13641350	chr3L:13834627-13835094	name	35	103	59	194	23	115	0.2	0.317096	0.657143	0.0	0.237154	0.197601	1.0	neither	yes	yes	0.12334801762114538	0.16129032258064516
FBgn0264001_vm	/Users/jillianness/Desktop/SEbirthanalysis1024/new_LASTZ_analysis/enhancer_extraction/enhancer_pairs/FBgn0264001_vm/chr3L_13655496-13656117__chr3L_13657717-13657980	chr3L:13655496-13656117	chr3L:13657717-13657980	name	104	32	226	53	24	112	0.214286	0.321386	0.75	0.0	0.250896	0.238324	1.0	neither	yes	yes	0.13306451612903225	0.14285714285714285
FBgn0264001_vm	/Users/jillianness/Desktop/SEbirthanalysis1024/new_LASTZ_analysis/enhancer_extraction/enhancer_pairs/FBgn0264001_vm/chr3L_13646895-13647219__chr3L_13834627-13835094	chr3L:13646895-13647219	chr3L:13834627-13835094	name	62	103	91	194	50	115	0.434783	0.459091	0.806452	0.0	0.435088	0.340855	1.0	neither	yes	yes	0.25327510917030566	0.20833333333333334
FBgn0264001_vm	/Users/jillianness/Desktop/SEbirthanalysis1024/new_LASTZ_analysis/enhancer_extraction/enhancer_pairs/FBgn0264001_vm/chr3L_13641091-13641350__chr3L_13657717-13657980	chr3L:13641091-13641350	chr3L:13657717-13657980	name	35	32	59	53	18	49	0.367347	0.366233	0.5625	0.0	0.339286	0.288981	1.0	neither	yes	yes	0.1875	0.29411764705882354
FBgn0264001_vm	/Users/jillianness/Desktop/SEbirthanalysis1024/new_LASTZ_analysis/enhancer_extraction/enhancer_pairs/FBgn0264001_vm/chr3L_13646895-13647219__chr3L_13655496-13656117	chr3L:13646895-13647219	chr3L:13655496-13656117	name	62	104	91	226	52	114	0.45614	0.542163	0.83871	0.0	0.44164	0.394779	1.0	neither	yes	yes	0.27091633466135456	0.19230769230769232
FBgn0015609_meso	/Users/jillianness/Desktop/SEbirthanalysis1024/new_LASTZ_analysis/enhancer_extraction/enhancer_pairs/FBgn0015609_meso/chr2L_17736424-17736667__chr2L_17744617-17744940	chr2L:17736424-17736667	chr2L:17744617-17744940	name	96	102	130	240	79	119	0.663866	0.666048	0.822917	0.0	0.502703	0.527335	1.0	neither	yes	yes	0.31448763250883394	0.21052631578947367
FBgn0038546_vm	/Users/jillianness/Desktop/SEbirthanalysis1024/new_LASTZ_analysis/enhancer_extraction/enhancer_pairs/FBgn0038546_vm/chr3R_17781166-17781592__chr3R_17785711-17786086	chr3R:17781166-17781592	chr3R:17785711-17786086	name	57	76	93	141	32	101	0.316832	0.283483	0.561404	0.0	0.307692	0.256063	1.0	neither	yes	yes	0.18592964824120603	0.3
FBgn0036839_sm	/Users/jillianness/Desktop/SEbirthanalysis1024/new_LASTZ_analysis/enhancer_extraction/enhancer_pairs/FBgn0036839_sm/chr3L_18976381-18976581__chr3L_19015534-19016171	chr3L:18976381-18976581	chr3L:19015534-19016171	name	34	122	44	339	30	126	0.238095	0.501985	0.882353	0.0	0.18799	0.26658	1.0	neither	yes	yes	0.1	0.06666666666666667
FBgn0004028_sm	/Users/jillianness/Desktop/SEbirthanalysis1024/new_LASTZ_analysis/enhancer_extraction/enhancer_pairs/FBgn0004028_sm/chrX_18040570-18040954__chrX_18056747-18057063	chrX:18040570-18040954	chrX:18056747-18057063	name	71	51	108	85	25	97	0.257732	0.349869	0.490196	0.0	0.321244	0.225852	1.0	neither	yes	yes	0.18902439024390244	0.3125
FBgn0004028_sm	/Users/jillianness/Desktop/SEbirthanalysis1024/new_LASTZ_analysis/enhancer_extraction/enhancer_pairs/FBgn0004028_sm/chrX_18058581-18058805__chrX_18077576-18077881	chrX:18058581-18058805	chrX:18077576-18077881	name	29	33	58	57	10	52	0.192308	0.173182	0.344828	0.0	0.226087	0.153044	1.0	neither	yes	yes	0.125	0.0
FBgn0004028_sm	/Users/jillianness/Desktop/SEbirthanalysis1024/new_LASTZ_analysis/enhancer_extraction/enhancer_pairs/FBgn0004028_sm/chrX_18056747-18057063__chrX_18077576-18077881	chrX:18056747-18057063	chrX:18077576-18077881	name	51	33	85	57	12	72	0.166667	0.219907	0.363636	0.0	0.183099	0.147628	1.0	neither	yes	yes	0.09923664122137404	0.0
FBgn0004028_sm	/Users/jillianness/Desktop/SEbirthanalysis1024/new_LASTZ_analysis/enhancer_extraction/enhancer_pairs/FBgn0004028_sm/chrX_18056747-18057063__chrX_18058581-18058805	chrX:18056747-18057063	chrX:18058581-18058805	name	51	29	85	58	13	67	0.19403	0.273609	0.448276	0.0	0.223776	0.178706	1.0	neither	yes	yes	0.09848484848484848	0.0
FBgn0004028_sm	/Users/jillianness/Desktop/SEbirthanalysis1024/new_LASTZ_analysis/enhancer_extraction/enhancer_pairs/FBgn0004028_sm/chrX_18040570-18040954__chrX_18077576-18077881	chrX:18040570-18040954	chrX:18077576-18077881	name	71	33	108	57	16	88	0.181818	0.391538	0.484848	0.0	0.278788	0.207971	1.0	neither	yes	yes	0.14383561643835616	0.07142857142857142
FBgn0004028_sm	/Users/jillianness/Desktop/SEbirthanalysis1024/new_LASTZ_analysis/enhancer_extraction/enhancer_pairs/FBgn0004028_sm/chrX_18040570-18040954__chrX_18058581-18058805	chrX:18040570-18040954	chrX:18058581-18058805	name	71	29	108	58	17	83	0.204819	0.25308	0.586207	0.0	0.228916	0.199504	1.0	neither	yes	yes	0.11258278145695365	0.09090909090909091
FBgn0003499_sm	/Users/jillianness/Desktop/SEbirthanalysis1024/new_LASTZ_analysis/enhancer_extraction/enhancer_pairs/FBgn0003499_sm/chr3R_18049262-18049590__chr3R_18114408-18114870	chr3R:18049262-18049590	chr3R:18114408-18114870	name	35	105	93	281	21	119	0.176471	0.062977	0.6	0.0	0.128342	0.112478	1.0	neither	yes	yes	0.062146892655367235	0.16666666666666666
FBgn0037835_vm_sm	/Users/jillianness/Desktop/SEbirthanalysis1024/new_LASTZ_analysis/enhancer_extraction/enhancer_pairs/FBgn0037835_vm_sm/chr3R_10777442-10777731__chr3R_10792254-10792567	chr3R:10777442-10777731	chr3R:10792254-10792567	name	51	78	83	140	27	102	0.264706	0.213882	0.529412	0.0	0.286996	0.227627	1.0	neither	yes	yes	0.15979381443298968	0.14285714285714285
FBgn0037835_vm_sm	/Users/jillianness/Desktop/SEbirthanalysis1024/new_LASTZ_analysis/enhancer_extraction/enhancer_pairs/FBgn0037835_vm_sm/chr3R_10777442-10777731__chr3R_10793522-10793813	chr3R:10777442-10777731	chr3R:10793522-10793813	name	51	67	83	99	30	88	0.340909	0.32398	0.588235	0.0	0.395604	0.273405	1.0	neither	yes	yes	0.24324324324324326	0.4
FBgn0037835_vm_sm	/Users/jillianness/Desktop/SEbirthanalysis1024/new_LASTZ_analysis/enhancer_extraction/enhancer_pairs/FBgn0037835_vm_sm/chr3R_10792254-10792567__chr3R_10793522-10793813	chr3R:10792254-10792567	chr3R:10793522-10793813	name	78	67	140	99	48	97	0.494845	0.540941	0.716418	0.0	0.468619	0.39207	1.0	neither	yes	yes	0.3027027027027027	0.21052631578947367
FBgn0003889_sm	/Users/jillianness/Desktop/SEbirthanalysis1024/new_LASTZ_analysis/enhancer_extraction/enhancer_pairs/FBgn0003889_sm/chr3R_9436206-9436581__chr3R_9437719-9437919	chr3R:9436206-9436581	chr3R:9437719-9437919	name	86	27	139	50	18	95	0.189474	0.561349	0.666667	0.0	0.328042	0.248291	1.0	neither	yes	yes	0.19375	0.21428571428571427
FBgn0003889_sm	/Users/jillianness/Desktop/SEbirthanalysis1024/new_LASTZ_analysis/enhancer_extraction/enhancer_pairs/FBgn0003889_sm/chr3R_9393661-9394054__chr3R_9436206-9436581	chr3R:9393661-9394054	chr3R:9436206-9436581	name	96	86	145	139	64	118	0.542373	0.54036	0.744186	0.0	0.528169	0.426739	1.0	neither	yes	yes	0.3364485981308411	0.47058823529411764
FBgn0003889_sm	/Users/jillianness/Desktop/SEbirthanalysis1024/new_LASTZ_analysis/enhancer_extraction/enhancer_pairs/FBgn0003889_sm/chr3R_9393661-9394054__chr3R_9394057-9394430	chr3R:9393661-9394054	chr3R:9394057-9394430	name	96	75	145	120	48	123	0.390244	0.604923	0.64	0.0	0.467925	0.356293	1.0	neither	yes	yes	0.2961165048543689	0.3333333333333333
FBgn0003889_sm	/Users/jillianness/Desktop/SEbirthanalysis1024/new_LASTZ_analysis/enhancer_extraction/enhancer_pairs/FBgn0003889_sm/chr3R_9394057-9394430__chr3R_9417532-9417927	chr3R:9394057-9394430	chr3R:9417532-9417927	name	75	95	120	190	49	121	0.404959	0.428164	0.653333	0.0	0.451613	0.335274	1.0	neither	yes	yes	0.2786885245901639	0.3333333333333333
FBgn0003889_sm	/Users/jillianness/Desktop/SEbirthanalysis1024/new_LASTZ_analysis/enhancer_extraction/enhancer_pairs/FBgn0003889_sm/chr3R_9393661-9394054__chr3R_9437719-9437919	chr3R:9393661-9394054	chr3R:9437719-9437919	name	96	27	145	50	14	109	0.12844	0.321475	0.518519	0.0	0.184615	0.16994	1.0	neither	yes	yes	0.1005586592178771	0.125
FBgn0003889_sm	/Users/jillianness/Desktop/SEbirthanalysis1024/new_LASTZ_analysis/enhancer_extraction/enhancer_pairs/FBgn0003889_sm/chr3R_9417532-9417927__chr3R_9437719-9437919	chr3R:9417532-9417927	chr3R:9437719-9437919	name	95	27	190	50	20	102	0.196078	0.775616	0.740741	0.0	0.316667	0.302931	1.0	neither	yes	yes	0.17475728155339806	0.2
FBgn0003889_sm	/Users/jillianness/Desktop/SEbirthanalysis1024/new_LASTZ_analysis/enhancer_extraction/enhancer_pairs/FBgn0003889_sm/chr3R_9394057-9394430__chr3R_9437719-9437919	chr3R:9394057-9394430	chr3R:9437719-9437919	name	75	27	120	50	14	88	0.159091	0.340238	0.518519	0.0	0.258824	0.201195	1.0	neither	yes	yes	0.14666666666666667	0.14285714285714285
FBgn0003889_sm	/Users/jillianness/Desktop/SEbirthanalysis1024/new_LASTZ_analysis/enhancer_extraction/enhancer_pairs/FBgn0003889_sm/chr3R_9417532-9417927__chr3R_9436206-9436581	chr3R:9417532-9417927	chr3R:9436206-9436581	name	95	86	190	139	56	125	0.448	0.663012	0.651163	0.0	0.492401	0.39615	1.0	neither	yes	yes	0.3346774193548387	0.3157894736842105
FBgn0003889_sm	/Users/jillianness/Desktop/SEbirthanalysis1024/new_LASTZ_analysis/enhancer_extraction/enhancer_pairs/FBgn0003889_sm/chr3R_9393661-9394054__chr3R_9417532-9417927	chr3R:9393661-9394054	chr3R:9417532-9417927	name	96	95	145	190	67	124	0.540323	0.503219	0.705263	0.0	0.501493	0.422133	1.0	enhancer_hit	yes	yes	0.3062015503875969	0.23809523809523808
FBgn0003889_sm	/Users/jillianness/Desktop/SEbirthanalysis1024/new_LASTZ_analysis/enhancer_extraction/enhancer_pairs/FBgn0003889_sm/chr3R_9394057-9394430__chr3R_9436206-9436581	chr3R:9394057-9394430	chr3R:9436206-9436581	name	75	86	120	139	36	125	0.288	0.428073	0.48	0.0	0.355212	0.269531	1.0	neither	yes	yes	0.20833333333333334	0.4375
FBgn0051536_meso	/Users/jillianness/Desktop/SEbirthanalysis1024/new_LASTZ_analysis/enhancer_extraction/enhancer_pairs/FBgn0051536_meso/chr3R_4976947-4977343__chr3R_4979211-4979648	chr3R:4976947-4977343	chr3R:4979211-4979648	name	53	111	98	244	34	130	0.261538	0.325482	0.641509	0.0	0.280702	0.220381	1.0	neither	yes	yes	0.1505016722408027	0.23076923076923078
FBgn0031313_vm_sm	/Users/jillianness/Desktop/SEbirthanalysis1024/new_LASTZ_analysis/enhancer_extraction/enhancer_pairs/FBgn0031313_vm_sm/chr2L_1157764-1158130__chr2L_1162261-1162810	chr2L:1157764-1158130	chr2L:1162261-1162810	name	87	56	125	124	33	110	0.3	0.359699	0.589286	0.0	0.337349	0.259832	1.0	neither	yes	yes	0.18396226415094338	0.20833333333333334
FBgn0033426_Spearman	/Users/jillianness/Desktop/SEbirthanalysis1024/new_LASTZ_analysis/enhancer_extraction/enhancer_pairs/FBgn0033426_Spearman/chr2R_9176883-9177262__chr2R_9178347-9178768	chr2R:9176883-9177262	chr2R:9178347-9178768	name	106	45	225	91	26	125	0.208	0.262761	0.577778	0.0	0.208861	0.179906	1.0	neither	yes	yes	0.11188811188811189	0.25
FBgn0014028_vm	/Users/jillianness/Desktop/SEbirthanalysis1024/new_LASTZ_analysis/enhancer_extraction/enhancer_pairs/FBgn0014028_vm/chr2R_6412842-6413057__chr2R_6413232-6413731	chr2R:6412842-6413057	chr2R:6413232-6413731	name	54	74	97	118	36	92	0.391304	0.578749	0.666667	0.0	0.474419	0.357975	1.0	neither	yes	yes	0.28402366863905326	0.0
FBgn0003721_vm_sm	/Users/jillianness/Desktop/SEbirthanalysis1024/new_LASTZ_analysis/enhancer_extraction/enhancer_pairs/FBgn0003721_vm_sm/chr3R_15280609-15280877__chr3R_15286228-15286550	chr3R:15280609-15280877	chr3R:15286228-15286550	name	25	39	64	74	10	54	0.185185	0.437809	0.4	0.0	0.275362	0.256	1.0	neither	yes	yes	0.13821138211382114	0.15384615384615385
FBgn0003721_vm_sm	/Users/jillianness/Desktop/SEbirthanalysis1024/new_LASTZ_analysis/enhancer_extraction/enhancer_pairs/FBgn0003721_vm_sm/chr3R_15289850-15290050__chr3R_15311608-15312057	chr3R:15289850-15290050	chr3R:15311608-15312057	name	92	111	200	267	81	122	0.663934	0.608969	0.880435	0.0	0.633833	0.516756	1.0	enhancer_hit	yes	yes	0.45652173913043476	0.225
FBgn0003721_vm_sm	/Users/jillianness/Desktop/SEbirthanalysis1024/new_LASTZ_analysis/enhancer_extraction/enhancer_pairs/FBgn0003721_vm_sm/chr3R_15282470-15282698__chr3R_15289850-15290050	chr3R:15282470-15282698	chr3R:15289850-15290050	name	30	92	48	200	20	102	0.196078	0.273109	0.666667	0.0	0.193548	0.189455	1.0	neither	yes	yes	0.10619469026548672	0.10526315789473684
FBgn0003721_vm_sm	/Users/jillianness/Desktop/SEbirthanalysis1024/new_LASTZ_analysis/enhancer_extraction/enhancer_pairs/FBgn0003721_vm_sm/chr3R_15280609-15280877__chr3R_15309823-15310090	chr3R:15280609-15280877	chr3R:15309823-15310090	name	25	22	64	40	9	38	0.236842	0.715025	0.409091	0.0	0.346154	0.300787	1.0	neither	yes	yes	0.21839080459770116	0.07142857142857142
FBgn0003721_vm_sm	/Users/jillianness/Desktop/SEbirthanalysis1024/new_LASTZ_analysis/enhancer_extraction/enhancer_pairs/FBgn0003721_vm_sm/chr3R_15286228-15286550__chr3R_15309823-15310090	chr3R:15286228-15286550	chr3R:15309823-15310090	name	39	22	74	40	11	50	0.22	0.530547	0.5	0.0	0.333333	0.305552	1.0	neither	yes	yes	0.1958762886597938	0.42857142857142855
FBgn0003721_vm_sm	/Users/jillianness/Desktop/SEbirthanalysis1024/new_LASTZ_analysis/enhancer_extraction/enhancer_pairs/FBgn0003721_vm_sm/chr3R_15282470-15282698__chr3R_15311608-15312057	chr3R:15282470-15282698	chr3R:15311608-15312057	name	30	111	48	267	23	118	0.194915	0.710081	0.766667	0.0	0.228571	0.296434	1.0	neither	yes	yes	0.12411347517730496	0.16666666666666666
FBgn0003721_vm_sm	/Users/jillianness/Desktop/SEbirthanalysis1024/new_LASTZ_analysis/enhancer_extraction/enhancer_pairs/FBgn0003721_vm_sm/chr3R_15286228-15286550__chr3R_15289850-15290050	chr3R:15286228-15286550	chr3R:15289850-15290050	name	39	92	74	200	22	109	0.201835	0.35511	0.564103	0.0	0.255474	0.197094	1.0	neither	yes	yes	0.13114754098360656	0.0
FBgn0003721_vm_sm	/Users/jillianness/Desktop/SEbirthanalysis1024/new_LASTZ_analysis/enhancer_extraction/enhancer_pairs/FBgn0003721_vm_sm/chr3R_15280609-15280877__chr3R_15311608-15312057	chr3R:15280609-15280877	chr3R:15311608-15312057	name	25	111	64	267	19	117	0.162393	0.321766	0.76	0.0	0.205438	0.219516	1.0	neither	yes	yes	0.10631229235880399	0.21621621621621623
FBgn0003721_vm_sm	/Users/jillianness/Desktop/SEbirthanalysis1024/new_LASTZ_analysis/enhancer_extraction/enhancer_pairs/FBgn0003721_vm_sm/chr3R_15289850-15290050__chr3R_15309823-15310090	chr3R:15289850-15290050	chr3R:15309823-15310090	name	92	22	200	40	10	104	0.096154	0.237933	0.454545	0.0	0.125	0.129688	1.0	neither	yes	yes	0.06140350877192982	0.0
FBgn0003721_vm_sm	/Users/jillianness/Desktop/SEbirthanalysis1024/new_LASTZ_analysis/enhancer_extraction/enhancer_pairs/FBgn0003721_vm_sm/chr3R_15309823-15310090__chr3R_15311608-15312057	chr3R:15309823-15310090	chr3R:15311608-15312057	name	22	111	40	267	14	119	0.117647	0.145023	0.636364	0.0	0.123779	0.136294	1.0	neither	yes	yes	0.06551724137931035	0.1111111111111111
FBgn0003721_vm_sm	/Users/jillianness/Desktop/SEbirthanalysis1024/new_LASTZ_analysis/enhancer_extraction/enhancer_pairs/FBgn0003721_vm_sm/chr3R_15282470-15282698__chr3R_15309823-15310090	chr3R:15282470-15282698	chr3R:15309823-15310090	name	30	22	48	40	7	45	0.155556	0.233583	0.318182	0.0	0.181818	0.164322	1.0	neither	yes	yes	0.08433734939759036	0.09090909090909091
FBgn0003721_vm_sm	/Users/jillianness/Desktop/SEbirthanalysis1024/new_LASTZ_analysis/enhancer_extraction/enhancer_pairs/FBgn0003721_vm_sm/chr3R_15280609-15280877__chr3R_15282470-15282698	chr3R:15280609-15280877	chr3R:15282470-15282698	name	25	30	64	48	14	41	0.341463	0.450466	0.56	0.0	0.375	0.350424	1.0	neither	yes	yes	0.2	0.3076923076923077
FBgn0003721_vm_sm	/Users/jillianness/Desktop/SEbirthanalysis1024/new_LASTZ_analysis/enhancer_extraction/enhancer_pairs/FBgn0003721_vm_sm/chr3R_15286228-15286550__chr3R_15311608-15312057	chr3R:15286228-15286550	chr3R:15311608-15312057	name	39	111	74	267	31	119	0.260504	0.405387	0.794872	0.0	0.26393	0.259128	1.0	neither	yes	yes	0.14333333333333334	0.14285714285714285
FBgn0003721_vm_sm	/Users/jillianness/Desktop/SEbirthanalysis1024/new_LASTZ_analysis/enhancer_extraction/enhancer_pairs/FBgn0003721_vm_sm/chr3R_15282470-15282698__chr3R_15286228-15286550	chr3R:15282470-15282698	chr3R:15286228-15286550	name	30	39	48	74	10	59	0.169492	0.356141	0.333333	0.0	0.229508	0.217404	1.0	enhancer_hit	yes	yes	0.11711711711711711	0.09090909090909091
FBgn0003721_vm_sm	/Users/jillianness/Desktop/SEbirthanalysis1024/new_LASTZ_analysis/enhancer_extraction/enhancer_pairs/FBgn0003721_vm_sm/chr3R_15280609-15280877__chr3R_15289850-15290050	chr3R:15280609-15280877	chr3R:15289850-15290050	name	25	92	64	200	13	104	0.125	0.268824	0.52	0.0	0.159091	0.155933	1.0	neither	yes	yes	0.08571428571428572	0.043478260869565216
FBgn0016797_Spearman	/Users/jillianness/Desktop/SEbirthanalysis1024/new_LASTZ_analysis/enhancer_extraction/enhancer_pairs/FBgn0016797_Spearman/chr3L_19151316-19151710__chr3L_19173146-19173442	chr3L:19151316-19151710	chr3L:19173146-19173442	name	79	46	165	71	27	98	0.27551	0.37499	0.586957	0.0	0.262712	0.240353	1.0	neither	yes	yes	0.13333333333333333	0.0
FBgn0016797_Spearman	/Users/jillianness/Desktop/SEbirthanalysis1024/new_LASTZ_analysis/enhancer_extraction/enhancer_pairs/FBgn0016797_Spearman/chr3L_19137342-19137588__chr3L_19151316-19151710	chr3L:19137342-19137588	chr3L:19151316-19151710	name	81	79	140	165	54	106	0.509434	0.554968	0.683544	0.0	0.52459	0.437646	1.0	neither	yes	yes	0.3347826086956522	0.3888888888888889
FBgn0016797_Spearman	/Users/jillianness/Desktop/SEbirthanalysis1024/new_LASTZ_analysis/enhancer_extraction/enhancer_pairs/FBgn0016797_Spearman/chr3L_19137342-19137588__chr3L_19173146-19173442	chr3L:19137342-19137588	chr3L:19173146-19173442	name	81	46	140	71	24	103	0.23301	0.285147	0.521739	0.0	0.246445	0.201433	1.0	neither	yes	yes	0.12698412698412698	0.05263157894736842
FBgn0011656_Spearman	/Users/jillianness/Desktop/SEbirthanalysis1024/new_LASTZ_analysis/enhancer_extraction/enhancer_pairs/FBgn0011656_Spearman/chr2R_9559487-9559979__chr2R_9598105-9598410	chr2R:9559487-9559979	chr2R:9598105-9598410	name	85	35	147	46	20	100	0.2	0.369149	0.571429	0.0	0.259067	0.222282	1.0	neither	yes	yes	0.14035087719298245	0.15789473684210525
FBgn0003002_Spearman	/Users/jillianness/Desktop/SEbirthanalysis1024/new_LASTZ_analysis/enhancer_extraction/enhancer_pairs/FBgn0003002_Spearman/chr3R_4840732-4840997__chr3R_4960008-4960208	chr3R:4840732-4840997	chr3R:4960008-4960208	name	37	54	60	67	15	76	0.197368	0.229347	0.405405	0.0	0.23622	0.174693	1.0	neither	yes	yes	0.13157894736842105	0.0
FBgn0003002_Spearman	/Users/jillianness/Desktop/SEbirthanalysis1024/new_LASTZ_analysis/enhancer_extraction/enhancer_pairs/FBgn0003002_Spearman/chr3R_4835379-4835784__chr3R_4913812-4914012	chr3R:4835379-4835784	chr3R:4913812-4914012	name	98	39	209	55	28	109	0.256881	0.314494	0.717949	0.0	0.265152	0.233142	1.0	neither	yes	yes	0.15151515151515152	0.3333333333333333
FBgn0003002_Spearman	/Users/jillianness/Desktop/SEbirthanalysis1024/new_LASTZ_analysis/enhancer_extraction/enhancer_pairs/FBgn0003002_Spearman/chr3R_4840732-4840997__chr3R_4852430-4852762	chr3R:4840732-4840997	chr3R:4852430-4852762	name	37	38	60	78	18	57	0.315789	0.586931	0.486486	0.0	0.391304	0.325677	1.0	neither	yes	yes	0.22807017543859648	0.5
FBgn0003002_Spearman	/Users/jillianness/Desktop/SEbirthanalysis1024/new_LASTZ_analysis/enhancer_extraction/enhancer_pairs/FBgn0003002_Spearman/chr3R_4852430-4852762__chr3R_4960008-4960208	chr3R:4852430-4852762	chr3R:4960008-4960208	name	38	54	78	67	13	79	0.164557	0.106553	0.342105	0.0	0.17931	0.12178	1.0	neither	yes	yes	0.08888888888888889	0.25
FBgn0003002_Spearman	/Users/jillianness/Desktop/SEbirthanalysis1024/new_LASTZ_analysis/enhancer_extraction/enhancer_pairs/FBgn0003002_Spearman/chr3R_4852430-4852762__chr3R_4913812-4914012	chr3R:4852430-4852762	chr3R:4913812-4914012	name	38	39	78	55	9	68	0.132353	0.099758	0.236842	0.0	0.165414	0.102102	1.0	neither	yes	yes	0.08870967741935484	0.23076923076923078
FBgn0003002_Spearman	/Users/jillianness/Desktop/SEbirthanalysis1024/new_LASTZ_analysis/enhancer_extraction/enhancer_pairs/FBgn0003002_Spearman/chr3R_4835379-4835784__chr3R_4852430-4852762	chr3R:4835379-4835784	chr3R:4852430-4852762	name	98	38	209	78	28	108	0.259259	0.692594	0.736842	0.0	0.41115	0.303819	1.0	neither	yes	yes	0.21940928270042195	0.2
FBgn0003002_Spearman	/Users/jillianness/Desktop/SEbirthanalysis1024/new_LASTZ_analysis/enhancer_extraction/enhancer_pairs/FBgn0003002_Spearman/chr3R_4840732-4840997__chr3R_4913812-4914012	chr3R:4840732-4840997	chr3R:4913812-4914012	name	37	39	60	55	11	65	0.169231	0.304767	0.297297	0.0	0.226087	0.163904	1.0	neither	yes	yes	0.10377358490566038	0.07692307692307693
FBgn0003002_Spearman	/Users/jillianness/Desktop/SEbirthanalysis1024/new_LASTZ_analysis/enhancer_extraction/enhancer_pairs/FBgn0003002_Spearman/chr3R_4835379-4835784__chr3R_4960008-4960208	chr3R:4835379-4835784	chr3R:4960008-4960208	name	98	54	209	67	43	109	0.394495	0.403658	0.796296	0.0	0.333333	0.347117	1.0	neither	yes	yes	0.19313304721030042	0.16666666666666666
FBgn0003002_Spearman	/Users/jillianness/Desktop/SEbirthanalysis1024/new_LASTZ_analysis/enhancer_extraction/enhancer_pairs/FBgn0003002_Spearman/chr3R_4913812-4914012__chr3R_4960008-4960208	chr3R:4913812-4914012	chr3R:4960008-4960208	name	39	54	55	67	20	73	0.273973	0.402135	0.512821	0.0	0.360656	0.248414	1.0	enhancer_hit	yes	yes	0.20388349514563106	0.3333333333333333
FBgn0003002_Spearman	/Users/jillianness/Desktop/SEbirthanalysis1024/new_LASTZ_analysis/enhancer_extraction/enhancer_pairs/FBgn0003002_Spearman/chr3R_4835379-4835784__chr3R_4840732-4840997	chr3R:4835379-4835784	chr3R:4840732-4840997	name	98	37	209	60	28	107	0.261682	0.591692	0.756757	0.0	0.312268	0.294457	1.0	neither	yes	yes	0.1782608695652174	0.06666666666666667
FBgn0003731_Spearman	/Users/jillianness/Desktop/SEbirthanalysis1024/new_LASTZ_analysis/enhancer_extraction/enhancer_pairs/FBgn0003731_Spearman/chr2R_21145088-21145606__chr2R_21164556-21164883	chr2R:21145088-21145606	chr2R:21164556-21164883	name	57	30	113	38	17	70	0.242857	0.337232	0.566667	0.0	0.278146	0.233569	1.0	neither	yes	yes	0.15037593984962405	0.2857142857142857
FBgn0000015_vm	/Users/jillianness/Desktop/SEbirthanalysis1024/new_LASTZ_analysis/enhancer_extraction/enhancer_pairs/FBgn0000015_vm/chr3R_16938077-16938336__chr3R_16981038-16981250	chr3R:16938077-16938336	chr3R:16981038-16981250	name	75	71	125	97	46	100	0.46	0.483364	0.647887	0.0	0.45045	0.363997	1.0	neither	yes	yes	0.2947976878612717	0.2631578947368421
FBgn0038146_sm	/Users/jillianness/Desktop/SEbirthanalysis1024/new_LASTZ_analysis/enhancer_extraction/enhancer_pairs/FBgn0038146_sm/chr3R_13372296-13372496__chr3R_13403135-13403355	chr3R:13372296-13372496	chr3R:13403135-13403355	name	47	88	64	205	24	111	0.216216	0.296362	0.510638	0.0	0.223048	0.186452	1.0	neither	yes	yes	0.11983471074380166	0.19230769230769232
FBgn0031971_vm_sm	/Users/jillianness/Desktop/SEbirthanalysis1024/new_LASTZ_analysis/enhancer_extraction/enhancer_pairs/FBgn0031971_vm_sm/chr2L_7994243-7994806__chr2L_8002181-8002417	chr2L:7994243-7994806	chr2L:8002181-8002417	name	84	47	183	71	31	100	0.31	0.701212	0.659574	0.0	0.393701	0.36503	1.0	neither	yes	yes	0.23671497584541062	0.125
FBgn0001250_sm	/Users/jillianness/Desktop/SEbirthanalysis1024/new_LASTZ_analysis/enhancer_extraction/enhancer_pairs/FBgn0001250_sm/chrX_16703281-16703660__chrX_16732709-16733041	chrX:16703281-16703660	chrX:16732709-16733041	name	74	75	101	119	38	111	0.342342	0.412547	0.513514	0.0	0.418182	0.289079	1.0	neither	yes	yes	0.24719101123595505	0.2857142857142857
FBgn0036838_Spearman	/Users/jillianness/Desktop/SEbirthanalysis1024/new_LASTZ_analysis/enhancer_extraction/enhancer_pairs/FBgn0036838_Spearman/chr3L_18966539-18966739__chr3L_18969320-18969520	chr3L:18966539-18966739	chr3L:18969320-18969520	name	38	80	59	99	19	99	0.191919	0.24946	0.5	0.0	0.278481	0.174359	1.0	neither	yes	yes	0.15942028985507245	0.2222222222222222
FBgn0037007_vm	/Users/jillianness/Desktop/SEbirthanalysis1024/new_LASTZ_analysis/enhancer_extraction/enhancer_pairs/FBgn0037007_vm/chr3L_20457312-20457678__chr3L_20459170-20459888	chr3L:20457312-20457678	chr3L:20459170-20459888	name	46	115	75	319	36	125	0.288	0.317916	0.782609	0.0	0.233503	0.251746	1.0	neither	yes	yes	0.1346704871060172	0.21739130434782608
FBgn0263118_Spearman	/Users/jillianness/Desktop/SEbirthanalysis1024/new_LASTZ_analysis/enhancer_extraction/enhancer_pairs/FBgn0263118_Spearman/chr3R_26441174-26441374__chr3R_26442751-26442951	chr3R:26441174-26441374	chr3R:26442751-26442951	name	32	42	40	66	13	61	0.213115	0.3492	0.40625	0.0	0.283019	0.215414	1.0	neither	yes	yes	0.1134020618556701	0.3
FBgn0263118_Spearman	/Users/jillianness/Desktop/SEbirthanalysis1024/new_LASTZ_analysis/enhancer_extraction/enhancer_pairs/FBgn0263118_Spearman/chr3R_26442751-26442951__chr3R_26443275-26443523	chr3R:26442751-26442951	chr3R:26443275-26443523	name	42	33	66	57	11	64	0.171875	0.613412	0.333333	0.0	0.341463	0.251339	1.0	neither	yes	yes	0.19047619047619047	0.0
FBgn0263118_Spearman	/Users/jillianness/Desktop/SEbirthanalysis1024/new_LASTZ_analysis/enhancer_extraction/enhancer_pairs/FBgn0263118_Spearman/chr3R_26441174-26441374__chr3R_26443275-26443523	chr3R:26441174-26441374	chr3R:26443275-26443523	name	32	33	40	57	9	56	0.160714	0.243975	0.28125	0.0	0.185567	0.15897	1.0	neither	yes	yes	0.08791208791208792	0.18181818181818182
FBgn0004606_sm	/Users/jillianness/Desktop/SEbirthanalysis1024/new_LASTZ_analysis/enhancer_extraction/enhancer_pairs/FBgn0004606_sm/chr3R_30796870-30797305__chr3R_30805779-30805979	chr3R:30796870-30797305	chr3R:30805779-30805979	name	107	25	280	61	16	116	0.137931	0.075255	0.64	0.0	0.105572	0.114005	1.0	neither	yes	yes	0.055384615384615386	0.16
FBgn0004606_sm	/Users/jillianness/Desktop/SEbirthanalysis1024/new_LASTZ_analysis/enhancer_extraction/enhancer_pairs/FBgn0004606_sm/chr3R_30770192-30770543__chr3R_30796870-30797305	chr3R:30770192-30770543	chr3R:30796870-30797305	name	38	107	86	280	23	122	0.188525	0.321887	0.605263	0.0	0.213115	0.185397	1.0	neither	yes	yes	0.11515151515151516	0.22580645161290322
FBgn0004606_sm	/Users/jillianness/Desktop/SEbirthanalysis1024/new_LASTZ_analysis/enhancer_extraction/enhancer_pairs/FBgn0004606_sm/chr3R_30770192-30770543__chr3R_30805779-30805979	chr3R:30770192-30770543	chr3R:30805779-30805979	name	38	25	86	61	14	49	0.285714	0.159731	0.56	0.0	0.217687	0.212968	1.0	neither	yes	yes	0.12030075187969924	0.1875
FBgn0032864_meso	/Users/jillianness/Desktop/SEbirthanalysis1024/new_LASTZ_analysis/enhancer_extraction/enhancer_pairs/FBgn0032864_meso/chr2L_20468678-20469091__chr2L_20473787-20474193	chr2L:20468678-20469091	chr2L:20473787-20474193	name	76	102	143	161	55	123	0.447154	0.42614	0.723684	0.0	0.447368	0.330932	1.0	neither	yes	yes	0.25925925925925924	0.0625
FBgn0003254_sm	/Users/jillianness/Desktop/SEbirthanalysis1024/new_LASTZ_analysis/enhancer_extraction/enhancer_pairs/FBgn0003254_sm/chr2R_18881394-18881804__chr2R_18898203-18898705	chr2R:18881394-18881804	chr2R:18898203-18898705	name	109	106	416	212	89	126	0.706349	0.643797	0.839623	0.0	0.464968	0.540895	1.0	enhancer_hit	yes	yes	0.2962962962962963	0.2857142857142857
FBgn0000046_Spearman	/Users/jillianness/Desktop/SEbirthanalysis1024/new_LASTZ_analysis/enhancer_extraction/enhancer_pairs/FBgn0000046_Spearman/chr3R_13428342-13429087__chr3R_13450374-13450711	chr3R:13428342-13429087	chr3R:13450374-13450711	name	122	36	319	58	31	127	0.244094	0.354368	0.861111	0.0	0.206897	0.257807	1.0	neither	yes	yes	0.11143695014662756	0.14705882352941177
FBgn0001147_sm	/Users/jillianness/Desktop/SEbirthanalysis1024/new_LASTZ_analysis/enhancer_extraction/enhancer_pairs/FBgn0001147_sm/chr2R_24627735-24628074__chr2R_24696661-24696905	chr2R:24627735-24628074	chr2R:24696661-24696905	name	45	52	93	121	18	79	0.227848	0.19035	0.4	0.0	0.205607	0.17196	1.0	neither	yes	yes	0.1134020618556701	0.15384615384615385
FBgn0001147_sm	/Users/jillianness/Desktop/SEbirthanalysis1024/new_LASTZ_analysis/enhancer_extraction/enhancer_pairs/FBgn0001147_sm/chr2R_24627735-24628074__chr2R_24685575-24685932	chr2R:24627735-24628074	chr2R:24685575-24685932	name	45	87	93	119	29	103	0.281553	0.406517	0.644444	0.0	0.358491	0.273242	1.0	flank_hit	yes	yes	0.20224719101123595	0.11764705882352941
FBgn0001147_sm	/Users/jillianness/Desktop/SEbirthanalysis1024/new_LASTZ_analysis/enhancer_extraction/enhancer_pairs/FBgn0001147_sm/chr2R_24685575-24685932__chr2R_24696661-24696905	chr2R:24685575-24685932	chr2R:24696661-24696905	name	87	52	119	121	29	110	0.263636	0.422247	0.557692	0.0	0.308333	0.246331	1.0	neither	yes	yes	0.17475728155339806	0.09090909090909091
FBgn0002941_sm	/Users/jillianness/Desktop/SEbirthanalysis1024/new_LASTZ_analysis/enhancer_extraction/enhancer_pairs/FBgn0002941_sm/chr3R_21528496-21528862__chr3R_21580239-21580489	chr3R:21528496-21528862	chr3R:21580239-21580489	name	74	37	120	51	21	90	0.233333	0.400202	0.567568	0.0	0.280702	0.245375	1.0	neither	yes	yes	0.1456953642384106	0.3125
FBgn0051536_Spearman	/Users/jillianness/Desktop/SEbirthanalysis1024/new_LASTZ_analysis/enhancer_extraction/enhancer_pairs/FBgn0051536_Spearman/chr3R_4979211-4979648__chr3R_4980433-4980891	chr3R:4979211-4979648	chr3R:4980433-4980891	name	111	99	244	183	77	133	0.578947	0.599943	0.777778	0.0	0.519906	0.451769	1.0	neither	yes	yes	0.3448275862068966	0.6086956521739131
FBgn0045759_Spearman	/Users/jillianness/Desktop/SEbirthanalysis1024/new_LASTZ_analysis/enhancer_extraction/enhancer_pairs/FBgn0045759_Spearman/chr3L_6962082-6962696__chr3L_6964398-6964598	chr3L:6962082-6962696	chr3L:6964398-6964598	name	117	20	275	23	15	122	0.122951	0.255198	0.75	0.0	0.114094	0.16477	1.0	neither	yes	yes	0.06382978723404255	0.09523809523809523
FBgn0015218_sm	/Users/jillianness/Desktop/SEbirthanalysis1024/new_LASTZ_analysis/enhancer_extraction/enhancer_pairs/FBgn0015218_sm/chr3L_9382596-9382979__chr3L_9384190-9384390	chr3L:9382596-9382979	chr3L:9384190-9384390	name	103	19	209	25	10	112	0.089286	0.181972	0.526316	0.0	0.102564	0.11375	1.0	neither	yes	yes	0.05357142857142857	0.15789473684210525
FBgn0003984_vm	/Users/jillianness/Desktop/SEbirthanalysis1024/new_LASTZ_analysis/enhancer_extraction/enhancer_pairs/FBgn0003984_vm/chr3L_5811621-5811828__chr3L_5821284-5821579	chr3L:5811621-5811828	chr3L:5821284-5821579	name	24	48	36	88	11	61	0.180328	0.219219	0.458333	0.0	0.209677	0.161444	1.0	enhancer_hit	yes	yes	0.11504424778761062	0.0
FBgn0003984_vm	/Users/jillianness/Desktop/SEbirthanalysis1024/new_LASTZ_analysis/enhancer_extraction/enhancer_pairs/FBgn0003984_vm/chr3L_5821284-5821579__chr3L_5825323-5825765	chr3L:5821284-5821579	chr3L:5825323-5825765	name	48	106	88	252	27	127	0.212598	0.468469	0.5625	0.0	0.247059	0.2207	1.0	neither	yes	yes	0.14	0.21739130434782608
FBgn0003984_vm	/Users/jillianness/Desktop/SEbirthanalysis1024/new_LASTZ_analysis/enhancer_extraction/enhancer_pairs/FBgn0003984_vm/chr3L_5811621-5811828__chr3L_5825323-5825765	chr3L:5811621-5811828	chr3L:5825323-5825765	name	24	106	36	252	13	117	0.111111	0.094586	0.541667	0.0	0.097222	0.094846	1.0	neither	yes	yes	0.050724637681159424	0.043478260869565216
FBgn0035710_sm	/Users/jillianness/Desktop/SEbirthanalysis1024/new_LASTZ_analysis/enhancer_extraction/enhancer_pairs/FBgn0035710_sm/chr3L_6678365-6678565__chr3L_6685484-6685719	chr3L:6678365-6678565	chr3L:6685484-6685719	name	73	88	108	178	56	105	0.533333	0.723943	0.767123	0.0	0.559441	0.492911	1.0	neither	yes	yes	0.38461538461538464	0.42857142857142855
FBgn0002733_Spearman	/Users/jillianness/Desktop/SEbirthanalysis1024/new_LASTZ_analysis/enhancer_extraction/enhancer_pairs/FBgn0002733_Spearman/chr3R_25997262-25997462__chr3R_26002453-26002853	chr3R:25997262-25997462	chr3R:26002453-26002853	name	26	68	41	94	12	82	0.146341	0.496992	0.461538	0.0	0.296296	0.212836	1.0	neither	yes	yes	0.16101694915254236	0.26666666666666666
FBgn0002733_Spearman	/Users/jillianness/Desktop/SEbirthanalysis1024/new_LASTZ_analysis/enhancer_extraction/enhancer_pairs/FBgn0002733_Spearman/chr3R_25999494-25999722__chr3R_26018200-26018652	chr3R:25999494-25999722	chr3R:26018200-26018652	name	37	53	56	114	23	67	0.343284	0.538261	0.621622	0.0	0.364706	0.341606	1.0	neither	yes	yes	0.2198581560283688	0.20833333333333334
FBgn0002733_Spearman	/Users/jillianness/Desktop/SEbirthanalysis1024/new_LASTZ_analysis/enhancer_extraction/enhancer_pairs/FBgn0002733_Spearman/chr3R_26010258-26010647__chr3R_26017398-26017815	chr3R:26010258-26010647	chr3R:26017398-26017815	name	66	42	104	70	28	80	0.35	0.51917	0.666667	0.0	0.425287	0.335521	1.0	neither	yes	yes	0.26618705035971224	0.2777777777777778
FBgn0002733_Spearman	/Users/jillianness/Desktop/SEbirthanalysis1024/new_LASTZ_analysis/enhancer_extraction/enhancer_pairs/FBgn0002733_Spearman/chr3R_25997262-25997462__chr3R_26006043-26006577	chr3R:25997262-25997462	chr3R:26006043-26006577	name	26	56	41	122	15	67	0.223881	0.378233	0.576923	0.0	0.245399	0.241187	1.0	neither	yes	yes	0.09271523178807947	0.11764705882352941
FBgn0002733_Spearman	/Users/jillianness/Desktop/SEbirthanalysis1024/new_LASTZ_analysis/enhancer_extraction/enhancer_pairs/FBgn0002733_Spearman/chr3R_25997262-25997462__chr3R_26017398-26017815	chr3R:25997262-25997462	chr3R:26017398-26017815	name	26	42	41	70	16	52	0.307692	0.442029	0.615385	0.0	0.36036	0.295025	1.0	neither	yes	yes	0.18947368421052632	0.21428571428571427
FBgn0002733_Spearman	/Users/jillianness/Desktop/SEbirthanalysis1024/new_LASTZ_analysis/enhancer_extraction/enhancer_pairs/FBgn0002733_Spearman/chr3R_25999494-25999722__chr3R_26010258-26010647	chr3R:25999494-25999722	chr3R:26010258-26010647	name	37	66	56	104	26	77	0.337662	0.485744	0.702703	0.0	0.375	0.325643	1.0	neither	yes	yes	0.2366412213740458	0.26666666666666666
FBgn0002733_Spearman	/Users/jillianness/Desktop/SEbirthanalysis1024/new_LASTZ_analysis/enhancer_extraction/enhancer_pairs/FBgn0002733_Spearman/chr3R_26009977-26010219__chr3R_26018200-26018652	chr3R:26009977-26010219	chr3R:26018200-26018652	name	93	53	194	114	27	119	0.226891	0.346668	0.509434	0.0	0.272727	0.203806	1.0	neither	yes	yes	0.16104868913857678	0.23333333333333334
FBgn0002733_Spearman	/Users/jillianness/Desktop/SEbirthanalysis1024/new_LASTZ_analysis/enhancer_extraction/enhancer_pairs/FBgn0002733_Spearman/chr3R_26002453-26002853__chr3R_26006043-26006577	chr3R:26002453-26002853	chr3R:26006043-26006577	name	68	56	94	122	28	96	0.291667	0.459652	0.5	0.0	0.351852	0.295448	1.0	neither	yes	yes	0.20441988950276244	0.1
FBgn0002733_Spearman	/Users/jillianness/Desktop/SEbirthanalysis1024/new_LASTZ_analysis/enhancer_extraction/enhancer_pairs/FBgn0002733_Spearman/chr3R_26006043-26006577__chr3R_26017398-26017815	chr3R:26006043-26006577	chr3R:26017398-26017815	name	56	42	122	70	32	66	0.484848	0.694303	0.761905	0.0	0.520833	0.447379	1.0	neither	yes	yes	0.3108108108108108	0.42857142857142855
FBgn0002733_Spearman	/Users/jillianness/Desktop/SEbirthanalysis1024/new_LASTZ_analysis/enhancer_extraction/enhancer_pairs/FBgn0002733_Spearman/chr3R_25999494-25999722__chr3R_26009977-26010219	chr3R:25999494-25999722	chr3R:26009977-26010219	name	37	93	56	194	14	116	0.12069	0.249086	0.378378	0.0	0.152	0.136314	1.0	neither	yes	yes	0.0815450643776824	0.2
FBgn0002733_Spearman	/Users/jillianness/Desktop/SEbirthanalysis1024/new_LASTZ_analysis/enhancer_extraction/enhancer_pairs/FBgn0002733_Spearman/chr3R_26009977-26010219__chr3R_26010258-26010647	chr3R:26009977-26010219	chr3R:26010258-26010647	name	93	66	194	104	41	118	0.347458	0.454675	0.621212	0.0	0.369128	0.282957	1.0	neither	yes	yes	0.22448979591836735	0.2857142857142857
FBgn0002733_Spearman	/Users/jillianness/Desktop/SEbirthanalysis1024/new_LASTZ_analysis/enhancer_extraction/enhancer_pairs/FBgn0002733_Spearman/chr3R_26002453-26002853__chr3R_26017398-26017815	chr3R:26002453-26002853	chr3R:26017398-26017815	name	68	42	94	70	20	90	0.222222	0.396653	0.47619	0.0	0.292683	0.243719	1.0	enhancer_hit	yes	yes	0.16083916083916083	0.1111111111111111
FBgn0002733_Spearman	/Users/jillianness/Desktop/SEbirthanalysis1024/new_LASTZ_analysis/enhancer_extraction/enhancer_pairs/FBgn0002733_Spearman/chr3R_26006043-26006577__chr3R_26010258-26010647	chr3R:26006043-26006577	chr3R:26010258-26010647	name	56	66	122	104	36	86	0.418605	0.47135	0.642857	0.0	0.415929	0.370319	1.0	neither	yes	yes	0.2596685082872928	0.19047619047619047
FBgn0002733_Spearman	/Users/jillianness/Desktop/SEbirthanalysis1024/new_LASTZ_analysis/enhancer_extraction/enhancer_pairs/FBgn0002733_Spearman/chr3R_26009977-26010219__chr3R_26017398-26017815	chr3R:26009977-26010219	chr3R:26017398-26017815	name	93	42	194	70	22	113	0.19469	0.257156	0.52381	0.0	0.204545	0.168797	1.0	neither	yes	yes	0.1037344398340249	0.15789473684210525
FBgn0002733_Spearman	/Users/jillianness/Desktop/SEbirthanalysis1024/new_LASTZ_analysis/enhancer_extraction/enhancer_pairs/FBgn0002733_Spearman/chr3R_25997262-25997462__chr3R_26009977-26010219	chr3R:25997262-25997462	chr3R:26009977-26010219	name	26	93	41	194	11	108	0.101852	0.201379	0.423077	0.0	0.12766	0.112014	1.0	neither	yes	yes	0.05333333333333334	0.10526315789473684
FBgn0002733_Spearman	/Users/jillianness/Desktop/SEbirthanalysis1024/new_LASTZ_analysis/enhancer_extraction/enhancer_pairs/FBgn0002733_Spearman/chr3R_26017398-26017815__chr3R_26018200-26018652	chr3R:26017398-26017815	chr3R:26018200-26018652	name	42	53	70	114	27	68	0.397059	0.632658	0.642857	0.0	0.456522	0.401651	1.0	neither	yes	yes	0.2916666666666667	0.32
FBgn0002733_Spearman	/Users/jillianness/Desktop/SEbirthanalysis1024/new_LASTZ_analysis/enhancer_extraction/enhancer_pairs/FBgn0002733_Spearman/chr3R_26002453-26002853__chr3R_26010258-26010647	chr3R:26002453-26002853	chr3R:26010258-26010647	name	68	66	94	104	38	96	0.395833	0.42407	0.575758	0.0	0.454545	0.326052	1.0	neither	yes	yes	0.27388535031847133	0.25
FBgn0002733_Spearman	/Users/jillianness/Desktop/SEbirthanalysis1024/new_LASTZ_analysis/enhancer_extraction/enhancer_pairs/FBgn0002733_Spearman/chr3R_25997262-25997462__chr3R_25999494-25999722	chr3R:25997262-25997462	chr3R:25999494-25999722	name	26	37	41	56	12	51	0.235294	0.24911	0.461538	0.0	0.28866	0.185731	1.0	neither	yes	yes	0.125	0.18181818181818182
FBgn0002733_Spearman	/Users/jillianness/Desktop/SEbirthanalysis1024/new_LASTZ_analysis/enhancer_extraction/enhancer_pairs/FBgn0002733_Spearman/chr3R_26006043-26006577__chr3R_26018200-26018652	chr3R:26006043-26006577	chr3R:26018200-26018652	name	56	53	122	114	32	77	0.415584	0.431083	0.603774	0.0	0.415254	0.350061	1.0	neither	yes	yes	0.23958333333333334	0.2962962962962963
FBgn0002733_Spearman	/Users/jillianness/Desktop/SEbirthanalysis1024/new_LASTZ_analysis/enhancer_extraction/enhancer_pairs/FBgn0002733_Spearman/chr3R_26002453-26002853__chr3R_26018200-26018652	chr3R:26002453-26002853	chr3R:26018200-26018652	name	68	53	94	114	20	101	0.19802	0.346942	0.377358	0.0	0.278846	0.202812	1.0	neither	yes	yes	0.16022099447513813	0.09375
FBgn0002733_Spearman	/Users/jillianness/Desktop/SEbirthanalysis1024/new_LASTZ_analysis/enhancer_extraction/enhancer_pairs/FBgn0002733_Spearman/chr3R_25997262-25997462__chr3R_26010258-26010647	chr3R:25997262-25997462	chr3R:26010258-26010647	name	26	66	41	104	19	73	0.260274	0.541332	0.730769	0.0	0.358621	0.319753	1.0	neither	yes	yes	0.21487603305785125	0.15789473684210525
FBgn0002733_Spearman	/Users/jillianness/Desktop/SEbirthanalysis1024/new_LASTZ_analysis/enhancer_extraction/enhancer_pairs/FBgn0002733_Spearman/chr3R_25999494-25999722__chr3R_26017398-26017815	chr3R:25999494-25999722	chr3R:26017398-26017815	name	37	42	56	70	22	57	0.385965	0.556686	0.594595	0.0	0.444444	0.361177	1.0	neither	yes	yes	0.28	0.4
FBgn0002733_Spearman	/Users/jillianness/Desktop/SEbirthanalysis1024/new_LASTZ_analysis/enhancer_extraction/enhancer_pairs/FBgn0002733_Spearman/chr3R_26006043-26006577__chr3R_26009977-26010219	chr3R:26006043-26006577	chr3R:26009977-26010219	name	56	93	122	194	35	114	0.307018	0.247547	0.625	0.0	0.272152	0.224311	1.0	neither	yes	yes	0.15636363636363637	0.043478260869565216
FBgn0002733_Spearman	/Users/jillianness/Desktop/SEbirthanalysis1024/new_LASTZ_analysis/enhancer_extraction/enhancer_pairs/FBgn0002733_Spearman/chr3R_26010258-26010647__chr3R_26018200-26018652	chr3R:26010258-26010647	chr3R:26018200-26018652	name	66	53	104	114	34	85	0.4	0.587088	0.641509	0.0	0.458716	0.372132	1.0	enhancer_hit	yes	yes	0.29411764705882354	0.35714285714285715
FBgn0002733_Spearman	/Users/jillianness/Desktop/SEbirthanalysis1024/new_LASTZ_analysis/enhancer_extraction/enhancer_pairs/FBgn0002733_Spearman/chr3R_26002453-26002853__chr3R_26009977-26010219	chr3R:26002453-26002853	chr3R:26009977-26010219	name	68	93	94	194	47	114	0.412281	0.458479	0.691176	0.0	0.381944	0.345712	1.0	neither	yes	yes	0.2288135593220339	0.2
FBgn0002733_Spearman	/Users/jillianness/Desktop/SEbirthanalysis1024/new_LASTZ_analysis/enhancer_extraction/enhancer_pairs/FBgn0002733_Spearman/chr3R_25997262-25997462__chr3R_26018200-26018652	chr3R:25997262-25997462	chr3R:26018200-26018652	name	26	53	41	114	18	61	0.295082	0.471235	0.692308	0.0	0.322581	0.303288	1.0	neither	yes	yes	0.145985401459854	0.10344827586206896
FBgn0002733_Spearman	/Users/jillianness/Desktop/SEbirthanalysis1024/new_LASTZ_analysis/enhancer_extraction/enhancer_pairs/FBgn0002733_Spearman/chr3R_25999494-25999722__chr3R_26006043-26006577	chr3R:25999494-25999722	chr3R:26006043-26006577	name	37	56	56	122	28	65	0.430769	0.574161	0.756757	0.0	0.426966	0.416215	1.0	flank_hit	yes	yes	0.25874125874125875	0.23076923076923078
FBgn0002733_Spearman	/Users/jillianness/Desktop/SEbirthanalysis1024/new_LASTZ_analysis/enhancer_extraction/enhancer_pairs/FBgn0002733_Spearman/chr3R_25999494-25999722__chr3R_26002453-26002853	chr3R:25999494-25999722	chr3R:26002453-26002853	name	37	68	56	94	17	88	0.193182	0.3286	0.459459	0.0	0.266667	0.205775	1.0	neither	yes	yes	0.16030534351145037	0.06666666666666667
FBgn0000261_sm	/Users/jillianness/Desktop/SEbirthanalysis1024/new_LASTZ_analysis/enhancer_extraction/enhancer_pairs/FBgn0000261_sm/chr3L_18792529-18792729__chr3L_18812160-18812714	chr3L:18792529-18792729	chr3L:18812160-18812714	name	86	106	167	249	71	121	0.586777	0.496347	0.825581	0.0	0.475962	0.431961	1.0	neither	yes	yes	0.31446540880503143	0.10714285714285714
FBgn0000261_sm	/Users/jillianness/Desktop/SEbirthanalysis1024/new_LASTZ_analysis/enhancer_extraction/enhancer_pairs/FBgn0000261_sm/chr3L_18758861-18759061__chr3L_18792529-18792729	chr3L:18758861-18759061	chr3L:18792529-18792729	name	49	86	70	167	32	103	0.31068	0.388508	0.653061	0.0	0.312236	0.275081	1.0	neither	yes	yes	0.18316831683168316	0.1875
FBgn0000261_sm	/Users/jillianness/Desktop/SEbirthanalysis1024/new_LASTZ_analysis/enhancer_extraction/enhancer_pairs/FBgn0000261_sm/chr3L_18758861-18759061__chr3L_18812160-18812714	chr3L:18758861-18759061	chr3L:18812160-18812714	name	49	106	70	249	40	115	0.347826	0.735619	0.816327	0.0	0.369906	0.373503	1.0	flank_hit	yes	yes	0.22519083969465647	0.2631578947368421
FBgn0031959_sm	/Users/jillianness/Desktop/SEbirthanalysis1024/new_LASTZ_analysis/enhancer_extraction/enhancer_pairs/FBgn0031959_sm/chr2L_7912619-7912927__chr2L_7915086-7915342	chr2L:7912619-7912927	chr2L:7915086-7915342	name	64	64	119	94	36	92	0.391304	0.479171	0.5625	0.0	0.431925	0.354137	1.0	neither	yes	yes	0.2647058823529412	0.3076923076923077
FBgn0021906_Spearman	/Users/jillianness/Desktop/SEbirthanalysis1024/new_LASTZ_analysis/enhancer_extraction/enhancer_pairs/FBgn0021906_Spearman/chr2L_1645971-1646171__chr2L_1657116-1657316	chr2L:1645971-1646171	chr2L:1657116-1657316	name	74	33	112	43	17	90	0.188889	0.339249	0.515152	0.0	0.232258	0.202726	1.0	flank_hit	yes	yes	0.12949640287769784	0.3333333333333333
FBgn0031908_sm	/Users/jillianness/Desktop/SEbirthanalysis1024/new_LASTZ_analysis/enhancer_extraction/enhancer_pairs/FBgn0031908_sm/chr2L_7340816-7341016__chr2L_7401211-7401411	chr2L:7340816-7341016	chr2L:7401211-7401411	name	28	32	43	47	9	51	0.176471	0.528662	0.321429	0.0	0.333333	0.229506	1.0	neither	yes	yes	0.15	0.14285714285714285
FBgn0031908_sm	/Users/jillianness/Desktop/SEbirthanalysis1024/new_LASTZ_analysis/enhancer_extraction/enhancer_pairs/FBgn0031908_sm/chr2L_7404967-7405167__chr2L_7407733-7408080	chr2L:7404967-7405167	chr2L:7407733-7408080	name	50	49	71	81	17	82	0.207317	0.349341	0.346939	0.0	0.289474	0.19549	1.0	enhancer_hit	yes	yes	0.16666666666666666	0.11764705882352941
FBgn0031908_sm	/Users/jillianness/Desktop/SEbirthanalysis1024/new_LASTZ_analysis/enhancer_extraction/enhancer_pairs/FBgn0031908_sm/chr2L_7340816-7341016__chr2L_7407733-7408080	chr2L:7340816-7341016	chr2L:7407733-7408080	name	28	49	43	81	17	60	0.283333	0.57941	0.607143	0.0	0.419355	0.322371	1.0	neither	yes	yes	0.24752475247524752	0.6
FBgn0031908_sm	/Users/jillianness/Desktop/SEbirthanalysis1024/new_LASTZ_analysis/enhancer_extraction/enhancer_pairs/FBgn0031908_sm/chr2L_7340816-7341016__chr2L_7404967-7405167	chr2L:7340816-7341016	chr2L:7404967-7405167	name	28	50	43	71	9	69	0.130435	0.263346	0.321429	0.0	0.192982	0.143359	1.0	neither	yes	yes	0.10476190476190476	0.15384615384615385
FBgn0031908_sm	/Users/jillianness/Desktop/SEbirthanalysis1024/new_LASTZ_analysis/enhancer_extraction/enhancer_pairs/FBgn0031908_sm/chr2L_7398789-7398989__chr2L_7401211-7401411	chr2L:7398789-7398989	chr2L:7401211-7401411	name	85	32	200	47	15	102	0.147059	0.366366	0.46875	0.0	0.178138	0.157192	1.0	neither	yes	yes	0.08260869565217391	0.0
FBgn0031908_sm	/Users/jillianness/Desktop/SEbirthanalysis1024/new_LASTZ_analysis/enhancer_extraction/enhancer_pairs/FBgn0031908_sm/chr2L_7340816-7341016__chr2L_7398789-7398989	chr2L:7340816-7341016	chr2L:7398789-7398989	name	28	85	43	200	14	99	0.141414	0.311199	0.5	0.0	0.148148	0.159452	1.0	neither	yes	yes	0.06986899563318777	0.125
FBgn0031908_sm	/Users/jillianness/Desktop/SEbirthanalysis1024/new_LASTZ_analysis/enhancer_extraction/enhancer_pairs/FBgn0031908_sm/chr2L_7398789-7398989__chr2L_7407733-7408080	chr2L:7398789-7398989	chr2L:7407733-7408080	name	85	49	200	81	28	106	0.264151	0.384638	0.571429	0.0	0.263345	0.234026	1.0	neither	yes	yes	0.132	0.15789473684210525
FBgn0031908_sm	/Users/jillianness/Desktop/SEbirthanalysis1024/new_LASTZ_analysis/enhancer_extraction/enhancer_pairs/FBgn0031908_sm/chr2L_7401211-7401411__chr2L_7404967-7405167	chr2L:7401211-7401411	chr2L:7404967-7405167	name	32	50	47	71	7	75	0.093333	0.249133	0.21875	0.0	0.169492	0.124259	1.0	neither	yes	yes	0.061946902654867256	0.1
FBgn0031908_sm	/Users/jillianness/Desktop/SEbirthanalysis1024/new_LASTZ_analysis/enhancer_extraction/enhancer_pairs/FBgn0031908_sm/chr2L_7398789-7398989__chr2L_7404967-7405167	chr2L:7398789-7398989	chr2L:7404967-7405167	name	85	50	200	71	35	100	0.35	0.428593	0.7	0.0	0.309963	0.306545	1.0	neither	yes	yes	0.17672413793103448	0.23529411764705882
FBgn0031908_sm	/Users/jillianness/Desktop/SEbirthanalysis1024/new_LASTZ_analysis/enhancer_extraction/enhancer_pairs/FBgn0031908_sm/chr2L_7401211-7401411__chr2L_7407733-7408080	chr2L:7401211-7401411	chr2L:7407733-7408080	name	32	49	47	81	16	65	0.246154	0.486621	0.5	0.0	0.34375	0.268658	1.0	neither	yes	yes	0.16071428571428573	0.09090909090909091
FBgn0021767_sm	/Users/jillianness/Desktop/SEbirthanalysis1024/new_LASTZ_analysis/enhancer_extraction/enhancer_pairs/FBgn0021767_sm/chrX_8371202-8371498__chrX_8394680-8394949	chrX:8371202-8371498	chrX:8394680-8394949	name	59	46	80	99	19	86	0.22093	0.3904	0.413043	0.0	0.268156	0.23244	1.0	neither	yes	yes	0.13836477987421383	0.08333333333333333
FBgn0021767_sm	/Users/jillianness/Desktop/SEbirthanalysis1024/new_LASTZ_analysis/enhancer_extraction/enhancer_pairs/FBgn0021767_sm/chrX_8371202-8371498__chrX_8405949-8406843	chrX:8371202-8371498	chrX:8405949-8406843	name	59	109	80	230	52	116	0.448276	0.526972	0.881356	0.0	0.406452	0.383414	1.0	neither	yes	yes	0.25301204819277107	0.2857142857142857
FBgn0021767_sm	/Users/jillianness/Desktop/SEbirthanalysis1024/new_LASTZ_analysis/enhancer_extraction/enhancer_pairs/FBgn0021767_sm/chrX_8394680-8394949__chrX_8405949-8406843	chrX:8394680-8394949	chrX:8405949-8406843	name	46	109	99	230	28	127	0.220472	0.139216	0.608696	0.0	0.200608	0.189715	1.0	neither	yes	yes	0.10333333333333333	0.1
FBgn0029755_sm	/Users/jillianness/Desktop/SEbirthanalysis1024/new_LASTZ_analysis/enhancer_extraction/enhancer_pairs/FBgn0029755_sm/chrX_5291739-5291939__chrX_5295134-5295334	chrX:5291739-5291939	chrX:5295134-5295334	name	78	92	204	294	73	97	0.752577	0.878575	0.935897	0.0	0.722892	0.704512	1.0	neither	yes	yes	0.557632398753894	0.5882352941176471
FBgn0001124_vm_sm	/Users/jillianness/Desktop/SEbirthanalysis1024/new_LASTZ_analysis/enhancer_extraction/enhancer_pairs/FBgn0001124_vm_sm/chr2R_15757455-15757986__chr2R_15777722-15778274	chr2R:15757455-15757986	chr2R:15777722-15778274	name	107	103	256	204	78	132	0.590909	0.438902	0.757282	0.0	0.46087	0.41104	1.0	neither	yes	yes	0.2905027932960894	0.24242424242424243
FBgn0001124_vm_sm	/Users/jillianness/Desktop/SEbirthanalysis1024/new_LASTZ_analysis/enhancer_extraction/enhancer_pairs/FBgn0001124_vm_sm/chr2R_15757455-15757986__chr2R_15790355-15790636	chr2R:15757455-15757986	chr2R:15790355-15790636	name	107	70	256	110	52	125	0.416	0.307264	0.742857	0.0	0.333333	0.298643	1.0	neither	yes	yes	0.1832797427652733	0.08333333333333333
FBgn0001124_vm_sm	/Users/jillianness/Desktop/SEbirthanalysis1024/new_LASTZ_analysis/enhancer_extraction/enhancer_pairs/FBgn0001124_vm_sm/chr2R_15777722-15778274__chr2R_15790355-15790636	chr2R:15777722-15778274	chr2R:15790355-15790636	name	103	70	204	110	46	127	0.362205	0.409837	0.657143	0.0	0.382166	0.303267	1.0	neither	yes	yes	0.2153846153846154	0.18181818181818182
FBgn0037443_Spearman	/Users/jillianness/Desktop/SEbirthanalysis1024/new_LASTZ_analysis/enhancer_extraction/enhancer_pairs/FBgn0037443_Spearman/chr3R_6435505-6435705__chr3R_6467754-6468039	chr3R:6435505-6435705	chr3R:6467754-6468039	name	28	38	56	65	14	52	0.269231	0.532806	0.5	0.0	0.330579	0.274364	1.0	neither	yes	yes	0.17142857142857143	0.14285714285714285
FBgn0037443_Spearman	/Users/jillianness/Desktop/SEbirthanalysis1024/new_LASTZ_analysis/enhancer_extraction/enhancer_pairs/FBgn0037443_Spearman/chr3R_6481705-6482044__chr3R_6484281-6484481	chr3R:6481705-6482044	chr3R:6484281-6484481	name	51	99	94	158	30	120	0.25	0.377354	0.588235	0.0	0.325397	0.220968	1.0	neither	yes	yes	0.1598173515981735	0.13636363636363635
FBgn0037443_Spearman	/Users/jillianness/Desktop/SEbirthanalysis1024/new_LASTZ_analysis/enhancer_extraction/enhancer_pairs/FBgn0037443_Spearman/chr3R_6467754-6468039__chr3R_6481705-6482044	chr3R:6467754-6468039	chr3R:6481705-6482044	name	38	51	65	94	20	69	0.289855	0.596118	0.526316	0.0	0.389937	0.312352	1.0	neither	yes	yes	0.21052631578947367	0.26666666666666666
FBgn0037443_Spearman	/Users/jillianness/Desktop/SEbirthanalysis1024/new_LASTZ_analysis/enhancer_extraction/enhancer_pairs/FBgn0037443_Spearman/chr3R_6435505-6435705__chr3R_6484281-6484481	chr3R:6435505-6435705	chr3R:6484281-6484481	name	28	99	56	158	13	114	0.114035	0.168306	0.464286	0.0	0.158879	0.134175	1.0	neither	yes	yes	0.07462686567164178	0.15789473684210525
FBgn0037443_Spearman	/Users/jillianness/Desktop/SEbirthanalysis1024/new_LASTZ_analysis/enhancer_extraction/enhancer_pairs/FBgn0037443_Spearman/chr3R_6467754-6468039__chr3R_6484281-6484481	chr3R:6467754-6468039	chr3R:6484281-6484481	name	38	99	65	158	19	118	0.161017	0.25265	0.5	0.0	0.197309	0.163387	1.0	neither	yes	yes	0.10294117647058823	0.3333333333333333
FBgn0037443_Spearman	/Users/jillianness/Desktop/SEbirthanalysis1024/new_LASTZ_analysis/enhancer_extraction/enhancer_pairs/FBgn0037443_Spearman/chr3R_6435505-6435705__chr3R_6481705-6482044	chr3R:6435505-6435705	chr3R:6481705-6482044	name	28	51	56	94	17	62	0.274194	0.254867	0.607143	0.0	0.32	0.261705	1.0	neither	yes	yes	0.16923076923076924	0.47058823529411764
FBgn0050021_sm	/Users/jillianness/Desktop/SEbirthanalysis1024/new_LASTZ_analysis/enhancer_extraction/enhancer_pairs/FBgn0050021_sm/chr2R_10823498-10823995__chr2R_10827814-10828308	chr2R:10823498-10823995	chr2R:10827814-10828308	name	61	102	103	166	45	118	0.381356	0.639271	0.737705	0.0	0.490706	0.393256	1.0	neither	yes	yes	0.30917874396135264	0.15
FBgn0034412_sm	/Users/jillianness/Desktop/SEbirthanalysis1024/new_LASTZ_analysis/enhancer_extraction/enhancer_pairs/FBgn0034412_sm/chr2R_18615551-18615751__chr2R_18617926-18618126	chr2R:18615551-18615751	chr2R:18617926-18618126	name	21	29	25	50	7	43	0.162791	0.256046	0.333333	0.0	0.213333	0.152726	1.0	neither	yes	yes	0.11594202898550725	0.3333333333333333
FBgn0034412_sm	/Users/jillianness/Desktop/SEbirthanalysis1024/new_LASTZ_analysis/enhancer_extraction/enhancer_pairs/FBgn0034412_sm/chr2R_18617352-18617561__chr2R_18617926-18618126	chr2R:18617352-18617561	chr2R:18617926-18618126	name	18	29	23	50	7	40	0.175	0.238976	0.388889	0.0	0.246575	0.150065	1.0	neither	yes	yes	0.13636363636363635	0.0
FBgn0034412_sm	/Users/jillianness/Desktop/SEbirthanalysis1024/new_LASTZ_analysis/enhancer_extraction/enhancer_pairs/FBgn0034412_sm/chr2R_18615551-18615751__chr2R_18617352-18617561	chr2R:18615551-18615751	chr2R:18617352-18617561	name	21	18	25	23	5	34	0.147059	0.212121	0.277778	0.0	0.208333	0.129978	1.0	neither	yes	yes	0.1111111111111111	0.0
dan	/Users/jillianness/Desktop/SEbirthanalysis1024/new_LASTZ_analysis/enhancer_extraction/enhancer_pairs/dan/chr3R_25172238-25174205__chr3R_25182580-25184791	chr3R:25172238-25174205	chr3R:25182580-25184791	name	142	145	569	768	142	145	0.97931	0.632236	1.0	0.0	0.722513	0.717352	1.0	neither	yes	yes	0.5606060606060606	0.5609756097560976
FBgn0005771_meso	/Users/jillianness/Desktop/SEbirthanalysis1024/new_LASTZ_analysis/enhancer_extraction/enhancer_pairs/FBgn0005771_meso/chr2L_14434419-14434949__chr2L_14446061-14446392	chr2L:14434419-14434949	chr2L:14446061-14446392	name	70	58	157	94	41	87	0.471264	0.749881	0.706897	0.0	0.525896	0.458872	1.0	neither	yes	yes	0.34574468085106386	0.35
FBgn0005771_meso	/Users/jillianness/Desktop/SEbirthanalysis1024/new_LASTZ_analysis/enhancer_extraction/enhancer_pairs/FBgn0005771_meso/chr2L_14435741-14436213__chr2L_14446061-14446392	chr2L:14435741-14436213	chr2L:14446061-14446392	name	108	58	172	94	46	120	0.383333	0.600598	0.793103	0.0	0.443609	0.383609	1.0	neither	yes	yes	0.2822966507177033	0.3125
FBgn0005771_meso	/Users/jillianness/Desktop/SEbirthanalysis1024/new_LASTZ_analysis/enhancer_extraction/enhancer_pairs/FBgn0005771_meso/chr2L_14434419-14434949__chr2L_14517261-14517665	chr2L:14434419-14434949	chr2L:14517261-14517665	name	70	77	157	124	43	104	0.413462	0.429733	0.614286	0.0	0.419929	0.354595	1.0	neither	yes	yes	0.252212389380531	0.2727272727272727
FBgn0005771_meso	/Users/jillianness/Desktop/SEbirthanalysis1024/new_LASTZ_analysis/enhancer_extraction/enhancer_pairs/FBgn0005771_meso/chr2L_14434419-14434949__chr2L_14435741-14436213	chr2L:14434419-14434949	chr2L:14435741-14436213	name	70	108	157	172	51	127	0.401575	0.565115	0.728571	0.0	0.455927	0.380789	1.0	neither	yes	yes	0.28793774319066145	0.3333333333333333
FBgn0005771_meso	/Users/jillianness/Desktop/SEbirthanalysis1024/new_LASTZ_analysis/enhancer_extraction/enhancer_pairs/FBgn0005771_meso/chr2L_14435741-14436213__chr2L_14517261-14517665	chr2L:14435741-14436213	chr2L:14517261-14517665	name	108	77	172	124	57	128	0.445312	0.449878	0.74026	0.0	0.459459	0.362038	1.0	neither	yes	yes	0.29004329004329005	0.29411764705882354
FBgn0005771_meso	/Users/jillianness/Desktop/SEbirthanalysis1024/new_LASTZ_analysis/enhancer_extraction/enhancer_pairs/FBgn0005771_meso/chr2L_14446061-14446392__chr2L_14517261-14517665	chr2L:14446061-14446392	chr2L:14517261-14517665	name	58	77	94	124	30	105	0.285714	0.48592	0.517241	0.0	0.376147	0.301755	1.0	neither	yes	yes	0.22905027932960895	0.23529411764705882
FBgn0020235_Spearman	/Users/jillianness/Desktop/SEbirthanalysis1024/new_LASTZ_analysis/enhancer_extraction/enhancer_pairs/FBgn0020235_Spearman/chr3R_29771806-29772210__chr3R_29774631-29774899	chr3R:29771806-29772210	chr3R:29774631-29774899	name	53	33	138	72	25	61	0.409836	0.875834	0.757576	0.0	0.580952	0.47987	1.0	enhancer_hit	yes	yes	0.40397350993377484	0.29411764705882354
FBgn0053207_Spearman	/Users/jillianness/Desktop/SEbirthanalysis1024/new_LASTZ_analysis/enhancer_extraction/enhancer_pairs/FBgn0053207_Spearman/chr3R_15643161-15643399__chr3R_15647486-15647986	chr3R:15643161-15643399	chr3R:15647486-15647986	name	30	107	38	320	16	121	0.132231	0.114435	0.533333	0.0	0.094972	0.107034	1.0	neither	yes	yes	0.043478260869565216	0.0
FBgn0053207_Spearman	/Users/jillianness/Desktop/SEbirthanalysis1024/new_LASTZ_analysis/enhancer_extraction/enhancer_pairs/FBgn0053207_Spearman/chr3R_15647486-15647986__chr3R_15649388-15650148	chr3R:15647486-15647986	chr3R:15649388-15650148	name	107	125	320	354	96	136	0.705882	0.762502	0.897196	0.0	0.655786	0.573597	1.0	neither	yes	yes	0.4889867841409692	0.13636363636363635
FBgn0053207_Spearman	/Users/jillianness/Desktop/SEbirthanalysis1024/new_LASTZ_analysis/enhancer_extraction/enhancer_pairs/FBgn0053207_Spearman/chr3R_15643161-15643399__chr3R_15668979-15669269	chr3R:15643161-15643399	chr3R:15668979-15669269	name	30	49	38	73	17	62	0.274194	0.322711	0.566667	0.0	0.306306	0.232883	1.0	neither	yes	yes	0.18947368421052632	0.375
FBgn0053207_Spearman	/Users/jillianness/Desktop/SEbirthanalysis1024/new_LASTZ_analysis/enhancer_extraction/enhancer_pairs/FBgn0053207_Spearman/chr3R_15649388-15650148__chr3R_15668979-15669269	chr3R:15649388-15650148	chr3R:15668979-15669269	name	125	49	354	73	41	133	0.308271	0.500928	0.836735	0.0	0.257611	0.324809	1.0	neither	yes	yes	0.144	0.1388888888888889
FBgn0053207_Spearman	/Users/jillianness/Desktop/SEbirthanalysis1024/new_LASTZ_analysis/enhancer_extraction/enhancer_pairs/FBgn0053207_Spearman/chr3R_15639984-15640424__chr3R_15643161-15643399	chr3R:15639984-15640424	chr3R:15643161-15643399	name	84	30	132	38	16	98	0.163265	0.297649	0.533333	0.0	0.2	0.177955	1.0	neither	yes	yes	0.11688311688311688	0.2
FBgn0053207_Spearman	/Users/jillianness/Desktop/SEbirthanalysis1024/new_LASTZ_analysis/enhancer_extraction/enhancer_pairs/FBgn0053207_Spearman/chr3R_15643161-15643399__chr3R_15670860-15671233	chr3R:15643161-15643399	chr3R:15670860-15671233	name	30	40	38	57	12	58	0.206897	0.248244	0.4	0.0	0.252632	0.172957	1.0	enhancer_hit	yes	yes	0.15476190476190477	0.1
FBgn0053207_Spearman	/Users/jillianness/Desktop/SEbirthanalysis1024/new_LASTZ_analysis/enhancer_extraction/enhancer_pairs/FBgn0053207_Spearman/chr3R_15643161-15643399__chr3R_15671596-15671796	chr3R:15643161-15643399	chr3R:15671596-15671796	name	30	87	38	186	16	101	0.158416	0.182089	0.533333	0.0	0.142857	0.136032	1.0	neither	yes	yes	0.0660377358490566	0.18181818181818182
FBgn0053207_Spearman	/Users/jillianness/Desktop/SEbirthanalysis1024/new_LASTZ_analysis/enhancer_extraction/enhancer_pairs/FBgn0053207_Spearman/chr3R_15649388-15650148__chr3R_15671596-15671796	chr3R:15649388-15650148	chr3R:15671596-15671796	name	125	87	354	186	79	133	0.593985	0.59418	0.908046	0.0	0.566667	0.497345	1.0	neither	yes	yes	0.38974358974358975	0.13157894736842105
FBgn0053207_Spearman	/Users/jillianness/Desktop/SEbirthanalysis1024/new_LASTZ_analysis/enhancer_extraction/enhancer_pairs/FBgn0053207_Spearman/chr3R_15649388-15650148__chr3R_15670860-15671233	chr3R:15649388-15650148	chr3R:15670860-15671233	name	125	40	354	57	35	130	0.269231	0.390814	0.875	0.0	0.223844	0.273346	1.0	neither	yes	yes	0.1284153005464481	0.1388888888888889
FBgn0053207_Spearman	/Users/jillianness/Desktop/SEbirthanalysis1024/new_LASTZ_analysis/enhancer_extraction/enhancer_pairs/FBgn0053207_Spearman/chr3R_15639984-15640424__chr3R_15649388-15650148	chr3R:15639984-15640424	chr3R:15649388-15650148	name	84	125	132	354	73	136	0.536765	0.569425	0.869048	0.0	0.452675	0.440603	1.0	neither	yes	yes	0.28421052631578947	0.3333333333333333
FBgn0053207_Spearman	/Users/jillianness/Desktop/SEbirthanalysis1024/new_LASTZ_analysis/enhancer_extraction/enhancer_pairs/FBgn0053207_Spearman/chr3R_15639984-15640424__chr3R_15670860-15671233	chr3R:15639984-15640424	chr3R:15670860-15671233	name	84	40	132	57	24	100	0.24	0.352796	0.6	0.0	0.296296	0.226654	1.0	neither	yes	yes	0.17901234567901234	0.16666666666666666
FBgn0053207_Spearman	/Users/jillianness/Desktop/SEbirthanalysis1024/new_LASTZ_analysis/enhancer_extraction/enhancer_pairs/FBgn0053207_Spearman/chr3R_15639984-15640424__chr3R_15671596-15671796	chr3R:15639984-15640424	chr3R:15671596-15671796	name	84	87	132	186	55	116	0.474138	0.529295	0.654762	0.0	0.459119	0.398873	1.0	neither	yes	yes	0.285140562248996	0.35294117647058826
FBgn0053207_Spearman	/Users/jillianness/Desktop/SEbirthanalysis1024/new_LASTZ_analysis/enhancer_extraction/enhancer_pairs/FBgn0053207_Spearman/chr3R_15668979-15669269__chr3R_15671596-15671796	chr3R:15668979-15669269	chr3R:15671596-15671796	name	49	87	73	186	27	109	0.247706	0.310526	0.55102	0.0	0.247104	0.208709	1.0	neither	yes	yes	0.125	0.23076923076923078
FBgn0053207_Spearman	/Users/jillianness/Desktop/SEbirthanalysis1024/new_LASTZ_analysis/enhancer_extraction/enhancer_pairs/FBgn0053207_Spearman/chr3R_15647486-15647986__chr3R_15668979-15669269	chr3R:15647486-15647986	chr3R:15668979-15669269	name	107	49	320	73	31	125	0.248	0.396882	0.632653	0.0	0.198473	0.248096	1.0	neither	yes	yes	0.11267605633802817	0.15
FBgn0053207_Spearman	/Users/jillianness/Desktop/SEbirthanalysis1024/new_LASTZ_analysis/enhancer_extraction/enhancer_pairs/FBgn0053207_Spearman/chr3R_15643161-15643399__chr3R_15649388-15650148	chr3R:15643161-15643399	chr3R:15649388-15650148	name	30	125	38	354	27	128	0.210938	0.263722	0.9	0.0	0.158163	0.226874	1.0	neither	yes	yes	0.08539944903581267	0.08571428571428572
FBgn0053207_Spearman	/Users/jillianness/Desktop/SEbirthanalysis1024/new_LASTZ_analysis/enhancer_extraction/enhancer_pairs/FBgn0053207_Spearman/chr3R_15668979-15669269__chr3R_15670860-15671233	chr3R:15668979-15669269	chr3R:15670860-15671233	name	49	40	73	57	17	72	0.236111	0.39128	0.425	0.0	0.307692	0.236239	1.0	neither	yes	yes	0.2	0.2727272727272727
FBgn0053207_Spearman	/Users/jillianness/Desktop/SEbirthanalysis1024/new_LASTZ_analysis/enhancer_extraction/enhancer_pairs/FBgn0053207_Spearman/chr3R_15639984-15640424__chr3R_15647486-15647986	chr3R:15639984-15640424	chr3R:15647486-15647986	name	84	107	132	320	63	128	0.492188	0.482716	0.75	0.0	0.384956	0.402831	1.0	neither	yes	yes	0.23705722070844687	0.2
FBgn0053207_Spearman	/Users/jillianness/Desktop/SEbirthanalysis1024/new_LASTZ_analysis/enhancer_extraction/enhancer_pairs/FBgn0053207_Spearman/chr3R_15639984-15640424__chr3R_15668979-15669269	chr3R:15639984-15640424	chr3R:15668979-15669269	name	84	49	132	73	22	111	0.198198	0.30951	0.44898	0.0	0.253659	0.18461	1.0	neither	yes	yes	0.143646408839779	0.23529411764705882
FBgn0053207_Spearman	/Users/jillianness/Desktop/SEbirthanalysis1024/new_LASTZ_analysis/enhancer_extraction/enhancer_pairs/FBgn0053207_Spearman/chr3R_15647486-15647986__chr3R_15670860-15671233	chr3R:15647486-15647986	chr3R:15670860-15671233	name	107	40	320	57	30	117	0.25641	0.201493	0.75	0.0	0.180371	0.182065	1.0	neither	yes	yes	0.09855072463768116	0.21052631578947367
FBgn0053207_Spearman	/Users/jillianness/Desktop/SEbirthanalysis1024/new_LASTZ_analysis/enhancer_extraction/enhancer_pairs/FBgn0053207_Spearman/chr3R_15670860-15671233__chr3R_15671596-15671796	chr3R:15670860-15671233	chr3R:15671596-15671796	name	40	87	57	186	13	114	0.114035	0.156385	0.325	0.0	0.131687	0.100557	1.0	neither	yes	yes	0.06060606060606061	0.06666666666666667
FBgn0053207_Spearman	/Users/jillianness/Desktop/SEbirthanalysis1024/new_LASTZ_analysis/enhancer_extraction/enhancer_pairs/FBgn0053207_Spearman/chr3R_15647486-15647986__chr3R_15671596-15671796	chr3R:15647486-15647986	chr3R:15671596-15671796	name	107	87	320	186	75	119	0.630252	0.779643	0.862069	0.0	0.652174	0.592912	1.0	neither	yes	yes	0.4682080924855491	0.3888888888888889
FBgn0037207_meso	/Users/jillianness/Desktop/SEbirthanalysis1024/new_LASTZ_analysis/enhancer_extraction/enhancer_pairs/FBgn0037207_meso/chr3L_22888570-22889072__chr3L_22893393-22893593	chr3L:22888570-22889072	chr3L:22893393-22893593	name	83	39	125	52	24	98	0.244898	0.294052	0.615385	0.0	0.282486	0.215461	1.0	neither	yes	yes	0.16233766233766234	0.07142857142857142
FBgn0039039_Spearman	/Users/jillianness/Desktop/SEbirthanalysis1024/new_LASTZ_analysis/enhancer_extraction/enhancer_pairs/FBgn0039039_Spearman/chr3R_23037946-23038146__chr3R_23038606-23038806	chr3R:23037946-23038146	chr3R:23038606-23038806	name	41	41	64	75	16	66	0.242424	0.813839	0.390244	0.0	0.460432	0.322928	1.0	neither	yes	yes	0.2702702702702703	0.1111111111111111
FBgn0033504_vm	/Users/jillianness/Desktop/SEbirthanalysis1024/new_LASTZ_analysis/enhancer_extraction/enhancer_pairs/FBgn0033504_vm/chr2R_9936639-9936952__chr2R_9940074-9940569	chr2R:9936639-9936952	chr2R:9940074-9940569	name	60	95	90	132	36	119	0.302521	0.518558	0.6	0.0	0.396396	0.284175	1.0	neither	yes	yes	0.21739130434782608	0.125
FBgn0033504_vm	/Users/jillianness/Desktop/SEbirthanalysis1024/new_LASTZ_analysis/enhancer_extraction/enhancer_pairs/FBgn0033504_vm/chr2R_9936639-9936952__chr2R_9938636-9938836	chr2R:9936639-9936952	chr2R:9938636-9938836	name	60	34	90	56	20	74	0.27027	0.667336	0.588235	0.0	0.452055	0.322868	1.0	neither	yes	yes	0.28695652173913044	0.5714285714285714
FBgn0033504_vm	/Users/jillianness/Desktop/SEbirthanalysis1024/new_LASTZ_analysis/enhancer_extraction/enhancer_pairs/FBgn0033504_vm/chr2R_9900668-9901086__chr2R_9938636-9938836	chr2R:9900668-9901086	chr2R:9938636-9938836	name	87	34	132	56	20	101	0.19802	0.257894	0.588235	0.0	0.234043	0.185038	1.0	neither	yes	yes	0.1242603550295858	0.0
FBgn0033504_vm	/Users/jillianness/Desktop/SEbirthanalysis1024/new_LASTZ_analysis/enhancer_extraction/enhancer_pairs/FBgn0033504_vm/chr2R_9911877-9912145__chr2R_9938636-9938836	chr2R:9911877-9912145	chr2R:9938636-9938836	name	27	34	42	56	4	57	0.070175	0.03253	0.148148	0.0	0.081633	0.042127	1.0	neither	yes	yes	0.05263157894736842	0.0
FBgn0033504_vm	/Users/jillianness/Desktop/SEbirthanalysis1024/new_LASTZ_analysis/enhancer_extraction/enhancer_pairs/FBgn0033504_vm/chr2R_9911877-9912145__chr2R_9940074-9940569	chr2R:9911877-9912145	chr2R:9940074-9940569	name	27	95	42	132	18	104	0.173077	0.376356	0.666667	0.0	0.275862	0.21185	1.0	neither	yes	yes	0.12101910828025478	0.1875
FBgn0033504_vm	/Users/jillianness/Desktop/SEbirthanalysis1024/new_LASTZ_analysis/enhancer_extraction/enhancer_pairs/FBgn0033504_vm/chr2R_9900668-9901086__chr2R_9940074-9940569	chr2R:9900668-9901086	chr2R:9940074-9940569	name	87	95	132	132	62	120	0.516667	0.577888	0.712644	0.0	0.537879	0.414066	1.0	neither	yes	yes	0.35714285714285715	0.375
FBgn0033504_vm	/Users/jillianness/Desktop/SEbirthanalysis1024/new_LASTZ_analysis/enhancer_extraction/enhancer_pairs/FBgn0033504_vm/chr2R_9900668-9901086__chr2R_9936639-9936952	chr2R:9900668-9901086	chr2R:9936639-9936952	name	87	60	132	90	32	115	0.278261	0.35685	0.533333	0.0	0.324324	0.247364	1.0	neither	yes	yes	0.19786096256684493	0.07692307692307693
FBgn0033504_vm	/Users/jillianness/Desktop/SEbirthanalysis1024/new_LASTZ_analysis/enhancer_extraction/enhancer_pairs/FBgn0033504_vm/chr2R_9911877-9912145__chr2R_9936639-9936952	chr2R:9911877-9912145	chr2R:9936639-9936952	name	27	60	42	90	10	77	0.12987	0.122474	0.37037	0.0	0.151515	0.108797	1.0	neither	yes	yes	0.08943089430894309	0.0
FBgn0033504_vm	/Users/jillianness/Desktop/SEbirthanalysis1024/new_LASTZ_analysis/enhancer_extraction/enhancer_pairs/FBgn0033504_vm/chr2R_9900668-9901086__chr2R_9911877-9912145	chr2R:9900668-9901086	chr2R:9911877-9912145	name	87	27	132	42	11	103	0.106796	0.243935	0.407407	0.0	0.172414	0.131918	1.0	neither	yes	yes	0.1	0.5
FBgn0033504_vm	/Users/jillianness/Desktop/SEbirthanalysis1024/new_LASTZ_analysis/enhancer_extraction/enhancer_pairs/FBgn0033504_vm/chr2R_9938636-9938836__chr2R_9940074-9940569	chr2R:9938636-9938836	chr2R:9940074-9940569	name	34	95	56	132	23	106	0.216981	0.472225	0.676471	0.0	0.329787	0.240544	1.0	neither	yes	yes	0.1656441717791411	0.11764705882352941
FBgn0001319_Spearman	/Users/jillianness/Desktop/SEbirthanalysis1024/new_LASTZ_analysis/enhancer_extraction/enhancer_pairs/FBgn0001319_Spearman/chr2R_14405171-14405442__chr2R_14428730-14429102	chr2R:14405171-14405442	chr2R:14428730-14429102	name	35	99	53	211	27	107	0.252336	0.501095	0.771429	0.0	0.287879	0.268536	1.0	neither	yes	yes	0.16666666666666666	0.2857142857142857
FBgn0024321_sm	/Users/jillianness/Desktop/SEbirthanalysis1024/new_LASTZ_analysis/enhancer_extraction/enhancer_pairs/FBgn0024321_sm/chr3R_14346999-14347237__chr3R_14370227-14370493	chr3R:14346999-14347237	chr3R:14370227-14370493	name	39	93	86	250	23	109	0.211009	0.825244	0.589744	0.0	0.345238	0.288628	1.0	enhancer_hit	yes	yes	0.20714285714285716	0.25
FBgn0024321_sm	/Users/jillianness/Desktop/SEbirthanalysis1024/new_LASTZ_analysis/enhancer_extraction/enhancer_pairs/FBgn0024321_sm/chr3R_14372918-14373876__chr3R_14384206-14384447	chr3R:14372918-14373876	chr3R:14384206-14384447	name	128	85	387	125	79	134	0.589552	0.436748	0.929412	0.0	0.367188	0.454206	1.0	neither	yes	yes	0.22380952380952382	0.09375
FBgn0024321_sm	/Users/jillianness/Desktop/SEbirthanalysis1024/new_LASTZ_analysis/enhancer_extraction/enhancer_pairs/FBgn0024321_sm/chr3R_14384206-14384447__chr3R_14386667-14387031	chr3R:14384206-14384447	chr3R:14386667-14387031	name	85	46	125	83	20	111	0.18018	0.196397	0.434783	0.0	0.192308	0.14645	1.0	neither	yes	yes	0.09947643979057591	0.125
FBgn0024321_sm	/Users/jillianness/Desktop/SEbirthanalysis1024/new_LASTZ_analysis/enhancer_extraction/enhancer_pairs/FBgn0024321_sm/chr3R_14346999-14347237__chr3R_14386667-14387031	chr3R:14346999-14347237	chr3R:14386667-14387031	name	39	46	86	83	19	66	0.287879	0.15483	0.487179	0.0	0.295858	0.198219	1.0	neither	yes	yes	0.1554054054054054	0.3076923076923077
FBgn0024321_sm	/Users/jillianness/Desktop/SEbirthanalysis1024/new_LASTZ_analysis/enhancer_extraction/enhancer_pairs/FBgn0024321_sm/chr3R_14382371-14382571__chr3R_14384206-14384447	chr3R:14382371-14382571	chr3R:14384206-14384447	name	30	85	86	125	14	101	0.138614	0.184079	0.466667	0.0	0.151659	0.141226	1.0	neither	yes	yes	0.07035175879396985	0.0
FBgn0024321_sm	/Users/jillianness/Desktop/SEbirthanalysis1024/new_LASTZ_analysis/enhancer_extraction/enhancer_pairs/FBgn0024321_sm/chr3R_14346999-14347237__chr3R_14382371-14382571	chr3R:14346999-14347237	chr3R:14382371-14382571	name	39	30	86	86	11	58	0.189655	0.946703	0.366667	0.0	0.534884	0.40312	1.0	enhancer_hit	yes	yes	0.3488372093023256	0.2727272727272727
FBgn0024321_sm	/Users/jillianness/Desktop/SEbirthanalysis1024/new_LASTZ_analysis/enhancer_extraction/enhancer_pairs/FBgn0024321_sm/chr3R_14370227-14370493__chr3R_14386667-14387031	chr3R:14370227-14370493	chr3R:14386667-14387031	name	93	46	250	83	22	117	0.188034	0.095333	0.478261	0.0	0.144144	0.121412	1.0	neither	yes	yes	0.07371794871794872	0.09523809523809523
FBgn0024321_sm	/Users/jillianness/Desktop/SEbirthanalysis1024/new_LASTZ_analysis/enhancer_extraction/enhancer_pairs/FBgn0024321_sm/chr3R_14370227-14370493__chr3R_14382371-14382571	chr3R:14370227-14370493	chr3R:14382371-14382571	name	93	30	250	86	20	103	0.194175	0.83971	0.666667	0.0	0.410714	0.299986	1.0	enhancer_hit	yes	yes	0.25650557620817843	0.25
FBgn0024321_sm	/Users/jillianness/Desktop/SEbirthanalysis1024/new_LASTZ_analysis/enhancer_extraction/enhancer_pairs/FBgn0024321_sm/chr3R_14370227-14370493__chr3R_14372918-14373876	chr3R:14370227-14370493	chr3R:14372918-14373876	name	93	128	250	387	86	135	0.637037	0.845473	0.924731	0.0	0.568289	0.534384	1.0	neither	yes	yes	0.39215686274509803	0.2903225806451613
FBgn0024321_sm	/Users/jillianness/Desktop/SEbirthanalysis1024/new_LASTZ_analysis/enhancer_extraction/enhancer_pairs/FBgn0024321_sm/chr3R_14370227-14370493__chr3R_14384206-14384447	chr3R:14370227-14370493	chr3R:14384206-14384447	name	93	85	250	125	69	109	0.633028	0.560925	0.811765	0.0	0.549333	0.541767	1.0	neither	yes	yes	0.3709090909090909	0.3125
FBgn0024321_sm	/Users/jillianness/Desktop/SEbirthanalysis1024/new_LASTZ_analysis/enhancer_extraction/enhancer_pairs/FBgn0024321_sm/chr3R_14346999-14347237__chr3R_14372918-14373876	chr3R:14346999-14347237	chr3R:14372918-14373876	name	39	128	86	387	34	133	0.255639	0.86653	0.871795	0.0	0.321353	0.411207	1.0	enhancer_hit	yes	yes	0.1934673366834171	0.21428571428571427
FBgn0024321_sm	/Users/jillianness/Desktop/SEbirthanalysis1024/new_LASTZ_analysis/enhancer_extraction/enhancer_pairs/FBgn0024321_sm/chr3R_14346999-14347237__chr3R_14384206-14384447	chr3R:14346999-14347237	chr3R:14384206-14384447	name	39	85	86	125	18	106	0.169811	0.20324	0.461538	0.0	0.189573	0.154886	1.0	neither	yes	yes	0.109375	0.15384615384615385
FBgn0024321_sm	/Users/jillianness/Desktop/SEbirthanalysis1024/new_LASTZ_analysis/enhancer_extraction/enhancer_pairs/FBgn0024321_sm/chr3R_14382371-14382571__chr3R_14386667-14387031	chr3R:14382371-14382571	chr3R:14386667-14387031	name	30	46	86	83	10	66	0.151515	0.037864	0.333333	0.0	0.118343	0.084705	1.0	neither	yes	yes	0.042682926829268296	0.0625
FBgn0024321_sm	/Users/jillianness/Desktop/SEbirthanalysis1024/new_LASTZ_analysis/enhancer_extraction/enhancer_pairs/FBgn0024321_sm/chr3R_14372918-14373876__chr3R_14386667-14387031	chr3R:14372918-14373876	chr3R:14386667-14387031	name	128	46	387	83	44	130	0.338462	0.319226	0.956522	0.0	0.285106	0.313621	1.0	neither	yes	yes	0.1654320987654321	0.1935483870967742
FBgn0024321_sm	/Users/jillianness/Desktop/SEbirthanalysis1024/new_LASTZ_analysis/enhancer_extraction/enhancer_pairs/FBgn0024321_sm/chr3R_14372918-14373876__chr3R_14382371-14382571	chr3R:14372918-14373876	chr3R:14382371-14382571	name	128	30	387	86	29	129	0.224806	0.814191	0.966667	0.0	0.35518	0.342678	1.0	neither	yes	yes	0.21173469387755103	0.25925925925925924
FBgn0004895_vm	/Users/jillianness/Desktop/SEbirthanalysis1024/new_LASTZ_analysis/enhancer_extraction/enhancer_pairs/FBgn0004895_vm/chr3L_3997727-3997967__chr3L_4000780-4001108	chr3L:3997727-3997967	chr3L:4000780-4001108	name	41	104	58	333	26	119	0.218487	0.309334	0.634146	0.0	0.179028	0.202211	1.0	neither	yes	yes	0.0856353591160221	0.04
FBgn0015773_vm	/Users/jillianness/Desktop/SEbirthanalysis1024/new_LASTZ_analysis/enhancer_extraction/enhancer_pairs/FBgn0015773_vm/chrX_14567039-14567412__chrX_14593777-14594065	chrX:14567039-14567412	chrX:14593777-14594065	name	98	85	187	233	73	110	0.663636	0.636666	0.858824	0.0	0.57619	0.524776	1.0	neither	yes	yes	0.3790849673202614	0.3
FBgn0015773_vm	/Users/jillianness/Desktop/SEbirthanalysis1024/new_LASTZ_analysis/enhancer_extraction/enhancer_pairs/FBgn0015773_vm/chrX_14567039-14567412__chrX_14655967-14656167	chrX:14567039-14567412	chrX:14655967-14656167	name	98	45	187	68	27	116	0.232759	0.281326	0.6	0.0	0.235294	0.22512	1.0	neither	yes	yes	0.12719298245614036	0.14285714285714285
FBgn0015773_vm	/Users/jillianness/Desktop/SEbirthanalysis1024/new_LASTZ_analysis/enhancer_extraction/enhancer_pairs/FBgn0015773_vm/chrX_14593777-14594065__chrX_14655967-14656167	chrX:14593777-14594065	chrX:14655967-14656167	name	85	45	233	68	21	109	0.192661	0.274474	0.466667	0.0	0.159468	0.186328	1.0	neither	yes	yes	0.08214285714285714	0.14285714285714285
oc	/Users/jillianness/Desktop/SEbirthanalysis1024/new_LASTZ_analysis/enhancer_extraction/enhancer_pairs/oc/chrX_8643101-8643868__chrX_8653859-8654855	chrX:8643101-8643868	chrX:8653859-8654855	name	94	127	257	307	82	139	0.589928	0.588296	0.87234	0.0	0.51773	0.455592	1.0	neither	yes	yes	0.35083532219570407	0.41379310344827586
FBgn0032683_sm	/Users/jillianness/Desktop/SEbirthanalysis1024/new_LASTZ_analysis/enhancer_extraction/enhancer_pairs/FBgn0032683_sm/chr2L_18476378-18477012__chr2L_18498013-18498258	chr2L:18476378-18477012	chr2L:18498013-18498258	name	117	90	309	214	84	123	0.682927	0.822563	0.933333	0.0	0.726577	0.618569	1.0	neither	yes	yes	0.5671641791044776	0.5238095238095238
FBgn0004169_vm_sm	/Users/jillianness/Desktop/SEbirthanalysis1024/new_LASTZ_analysis/enhancer_extraction/enhancer_pairs/FBgn0004169_vm_sm/chrX_13540438-13540671__chrX_13544237-13544746	chrX:13540438-13540671	chrX:13544237-13544746	name	63	105	86	186	51	117	0.435897	0.466177	0.809524	0.0	0.441176	0.348688	1.0	neither	yes	yes	0.26851851851851855	0.21052631578947367
FBgn0004169_vm_sm	/Users/jillianness/Desktop/SEbirthanalysis1024/new_LASTZ_analysis/enhancer_extraction/enhancer_pairs/FBgn0004169_vm_sm/chrX_13541354-13541663__chrX_13566080-13566336	chrX:13541354-13541663	chrX:13566080-13566336	name	46	53	81	95	26	73	0.356164	0.591612	0.565217	0.0	0.443182	0.337393	1.0	neither	yes	yes	0.2805755395683453	1.0
FBgn0004169_vm_sm	/Users/jillianness/Desktop/SEbirthanalysis1024/new_LASTZ_analysis/enhancer_extraction/enhancer_pairs/FBgn0004169_vm_sm/chrX_13540438-13540671__chrX_13566080-13566336	chrX:13540438-13540671	chrX:13566080-13566336	name	63	53	86	95	16	100	0.16	0.206939	0.301887	0.0	0.209945	0.14367	1.0	neither	yes	yes	0.10909090909090909	0.08333333333333333
FBgn0004169_vm_sm	/Users/jillianness/Desktop/SEbirthanalysis1024/new_LASTZ_analysis/enhancer_extraction/enhancer_pairs/FBgn0004169_vm_sm/chrX_13544237-13544746__chrX_13566080-13566336	chrX:13544237-13544746	chrX:13566080-13566336	name	105	53	186	95	43	115	0.373913	0.448477	0.811321	0.0	0.398577	0.322511	1.0	neither	yes	yes	0.2412280701754386	0.2857142857142857
FBgn0004169_vm_sm	/Users/jillianness/Desktop/SEbirthanalysis1024/new_LASTZ_analysis/enhancer_extraction/enhancer_pairs/FBgn0004169_vm_sm/chrX_13540438-13540671__chrX_13541354-13541663	chrX:13540438-13540671	chrX:13541354-13541663	name	63	46	86	81	21	88	0.238636	0.406592	0.456522	0.0	0.323353	0.240331	1.0	neither	yes	yes	0.19014084507042253	0.08333333333333333
FBgn0004169_vm_sm	/Users/jillianness/Desktop/SEbirthanalysis1024/new_LASTZ_analysis/enhancer_extraction/enhancer_pairs/FBgn0004169_vm_sm/chrX_13541354-13541663__chrX_13544237-13544746	chrX:13541354-13541663	chrX:13544237-13544746	name	46	105	81	186	37	114	0.324561	0.431658	0.804348	0.0	0.367041	0.292854	1.0	neither	yes	yes	0.21171171171171171	0.2857142857142857
FBgn0016122_vm	/Users/jillianness/Desktop/SEbirthanalysis1024/new_LASTZ_analysis/enhancer_extraction/enhancer_pairs/FBgn0016122_vm/chr2L_8542173-8542517__chr2L_8581723-8582037	chr2L:8542173-8542517	chr2L:8581723-8582037	name	81	88	180	130	55	114	0.482456	0.503515	0.679012	0.0	0.458065	0.389041	1.0	neither	yes	yes	0.2892561983471074	0.19047619047619047
FBgn0085387_sm	/Users/jillianness/Desktop/SEbirthanalysis1024/new_LASTZ_analysis/enhancer_extraction/enhancer_pairs/FBgn0085387_sm/chrX_20718699-20718899__chrX_20730577-20730852	chrX:20718699-20718899	chrX:20730577-20730852	name	28	96	40	124	18	106	0.169811	0.227565	0.642857	0.0	0.231707	0.171807	1.0	neither	yes	yes	0.11409395973154363	0.16666666666666666
FBgn0034739_vm	/Users/jillianness/Desktop/SEbirthanalysis1024/new_LASTZ_analysis/enhancer_extraction/enhancer_pairs/FBgn0034739_vm/chr2R_22166944-22167150__chr2R_22168230-22168438	chr2R:22166944-22167150	chr2R:22168230-22168438	name	34	80	46	93	15	99	0.151515	0.286972	0.441176	0.0	0.244604	0.163659	1.0	neither	yes	yes	0.11904761904761904	0.2222222222222222
FBgn0027865_sm	/Users/jillianness/Desktop/SEbirthanalysis1024/new_LASTZ_analysis/enhancer_extraction/enhancer_pairs/FBgn0027865_sm/chr3R_25851620-25852011__chr3R_25880902-25881203	chr3R:25851620-25852011	chr3R:25880902-25881203	name	50	44	84	76	30	64	0.46875	0.551556	0.681818	0.0	0.5	0.416007	1.0	enhancer_hit	yes	yes	0.32786885245901637	0.4117647058823529
FBgn0027865_sm	/Users/jillianness/Desktop/SEbirthanalysis1024/new_LASTZ_analysis/enhancer_extraction/enhancer_pairs/FBgn0027865_sm/chr3R_25879434-25879634__chr3R_25880902-25881203	chr3R:25879434-25879634	chr3R:25880902-25881203	name	51	44	72	76	13	82	0.158537	0.281381	0.295455	0.0	0.22973	0.165596	1.0	enhancer_hit	yes	yes	0.1111111111111111	0.11764705882352941
FBgn0027865_sm	/Users/jillianness/Desktop/SEbirthanalysis1024/new_LASTZ_analysis/enhancer_extraction/enhancer_pairs/FBgn0027865_sm/chr3R_25851620-25852011__chr3R_25879434-25879634	chr3R:25851620-25852011	chr3R:25879434-25879634	name	50	51	84	72	15	86	0.174419	0.45422	0.3	0.0	0.294872	0.203046	1.0	enhancer_hit	yes	yes	0.14492753623188406	0.08333333333333333
FBgn0034432_sm	/Users/jillianness/Desktop/SEbirthanalysis1024/new_LASTZ_analysis/enhancer_extraction/enhancer_pairs/FBgn0034432_sm/chr2R_18929511-18929711__chr2R_18948523-18948792	chr2R:18929511-18929711	chr2R:18948523-18948792	name	59	42	87	72	13	88	0.147727	0.39623	0.309524	0.0	0.251572	0.170806	1.0	neither	yes	yes	0.13380281690140844	0.6
FBgn0034432_sm	/Users/jillianness/Desktop/SEbirthanalysis1024/new_LASTZ_analysis/enhancer_extraction/enhancer_pairs/FBgn0034432_sm/chr2R_18948523-18948792__chr2R_18959548-18959748	chr2R:18948523-18948792	chr2R:18959548-18959748	name	42	51	72	76	19	74	0.256757	0.723297	0.452381	0.0	0.472973	0.315568	1.0	neither	yes	yes	0.2605042016806723	0.14285714285714285
FBgn0034432_sm	/Users/jillianness/Desktop/SEbirthanalysis1024/new_LASTZ_analysis/enhancer_extraction/enhancer_pairs/FBgn0034432_sm/chr2R_18929511-18929711__chr2R_18959548-18959748	chr2R:18929511-18929711	chr2R:18959548-18959748	name	59	51	87	76	32	78	0.410256	0.543202	0.627451	0.0	0.478528	0.339399	1.0	neither	yes	yes	0.2890625	0.3333333333333333
FBgn0000721_vm	/Users/jillianness/Desktop/SEbirthanalysis1024/new_LASTZ_analysis/enhancer_extraction/enhancer_pairs/FBgn0000721_vm/chr2L_3581785-3581985__chr2L_3628830-3629162	chr2L:3581785-3581985	chr2L:3628830-3629162	name	51	78	69	132	26	103	0.252427	0.331525	0.509804	0.0	0.328358	0.239504	1.0	neither	yes	yes	0.18023255813953487	0.09090909090909091
FBgn0000721_vm	/Users/jillianness/Desktop/SEbirthanalysis1024/new_LASTZ_analysis/enhancer_extraction/enhancer_pairs/FBgn0000721_vm/chr2L_3631721-3632029__chr2L_3655828-3656265	chr2L:3631721-3632029	chr2L:3655828-3656265	name	87	57	179	122	30	114	0.263158	0.334591	0.526316	0.0	0.292359	0.233877	1.0	neither	yes	yes	0.14772727272727273	0.17391304347826086
FBgn0000721_vm	/Users/jillianness/Desktop/SEbirthanalysis1024/new_LASTZ_analysis/enhancer_extraction/enhancer_pairs/FBgn0000721_vm/chr2L_3628830-3629162__chr2L_3655828-3656265	chr2L:3628830-3629162	chr2L:3655828-3656265	name	78	57	132	122	31	104	0.298077	0.448786	0.54386	0.0	0.385827	0.309175	1.0	neither	yes	yes	0.20754716981132076	0.3333333333333333
FBgn0000721_vm	/Users/jillianness/Desktop/SEbirthanalysis1024/new_LASTZ_analysis/enhancer_extraction/enhancer_pairs/FBgn0000721_vm/chr2L_3628830-3629162__chr2L_3631721-3632029	chr2L:3628830-3629162	chr2L:3631721-3632029	name	78	87	132	179	52	113	0.460177	0.601626	0.666667	0.0	0.488746	0.400544	1.0	neither	yes	yes	0.30416666666666664	0.32
FBgn0000721_vm	/Users/jillianness/Desktop/SEbirthanalysis1024/new_LASTZ_analysis/enhancer_extraction/enhancer_pairs/FBgn0000721_vm/chr2L_3581785-3581985__chr2L_3631721-3632029	chr2L:3581785-3581985	chr2L:3631721-3632029	name	51	87	69	179	31	107	0.28972	0.376861	0.607843	0.0	0.274194	0.267392	1.0	neither	yes	yes	0.15207373271889402	0.07142857142857142
FBgn0000721_vm	/Users/jillianness/Desktop/SEbirthanalysis1024/new_LASTZ_analysis/enhancer_extraction/enhancer_pairs/FBgn0000721_vm/chr2L_3581785-3581985__chr2L_3655828-3656265	chr2L:3581785-3581985	chr2L:3655828-3656265	name	51	57	69	122	20	88	0.227273	0.711816	0.392157	0.0	0.34555	0.293361	1.0	neither	yes	yes	0.20625	0.058823529411764705
FBgn0040071_Spearman	/Users/jillianness/Desktop/SEbirthanalysis1024/new_LASTZ_analysis/enhancer_extraction/enhancer_pairs/FBgn0040071_Spearman/chr3R_16234208-16234580__chr3R_16236366-16236648	chr3R:16234208-16234580	chr3R:16236366-16236648	name	47	30	62	49	19	58	0.327586	0.424726	0.633333	0.0	0.396396	0.295621	1.0	neither	yes	yes	0.24175824175824176	0.5
FBgn0040071_Spearman	/Users/jillianness/Desktop/SEbirthanalysis1024/new_LASTZ_analysis/enhancer_extraction/enhancer_pairs/FBgn0040071_Spearman/chr3R_16208035-16208235__chr3R_16235670-16236148	chr3R:16208035-16208235	chr3R:16235670-16236148	name	20	42	28	87	9	53	0.169811	0.262691	0.45	0.0	0.191304	0.154881	1.0	neither	yes	yes	0.06363636363636363	0.0
FBgn0040071_Spearman	/Users/jillianness/Desktop/SEbirthanalysis1024/new_LASTZ_analysis/enhancer_extraction/enhancer_pairs/FBgn0040071_Spearman/chr3R_16235670-16236148__chr3R_16256084-16256284	chr3R:16235670-16236148	chr3R:16256084-16256284	name	42	24	87	38	13	53	0.245283	0.332907	0.541667	0.0	0.256	0.231177	1.0	neither	yes	yes	0.12389380530973451	0.3
FBgn0040071_Spearman	/Users/jillianness/Desktop/SEbirthanalysis1024/new_LASTZ_analysis/enhancer_extraction/enhancer_pairs/FBgn0040071_Spearman/chr3R_16254794-16255607__chr3R_16256084-16256284	chr3R:16254794-16255607	chr3R:16256084-16256284	name	60	24	140	38	21	63	0.333333	0.477557	0.875	0.0	0.314607	0.337531	1.0	neither	yes	yes	0.17647058823529413	0.23809523809523808
FBgn0040071_Spearman	/Users/jillianness/Desktop/SEbirthanalysis1024/new_LASTZ_analysis/enhancer_extraction/enhancer_pairs/FBgn0040071_Spearman/chr3R_16208035-16208235__chr3R_16236366-16236648	chr3R:16208035-16208235	chr3R:16236366-16236648	name	20	30	28	49	6	44	0.136364	0.242272	0.3	0.0	0.181818	0.13473	1.0	neither	yes	yes	0.11267605633802817	0.18181818181818182
FBgn0040071_Spearman	/Users/jillianness/Desktop/SEbirthanalysis1024/new_LASTZ_analysis/enhancer_extraction/enhancer_pairs/FBgn0040071_Spearman/chr3R_16236366-16236648__chr3R_16256084-16256284	chr3R:16236366-16236648	chr3R:16256084-16256284	name	30	24	49	38	10	44	0.227273	0.244187	0.416667	0.0	0.252874	0.183578	1.0	neither	yes	yes	0.15584415584415584	0.07142857142857142
FBgn0040071_Spearman	/Users/jillianness/Desktop/SEbirthanalysis1024/new_LASTZ_analysis/enhancer_extraction/enhancer_pairs/FBgn0040071_Spearman/chr3R_16234208-16234580__chr3R_16235670-16236148	chr3R:16234208-16234580	chr3R:16235670-16236148	name	47	42	62	87	21	68	0.308824	0.434611	0.5	0.0	0.33557	0.291946	1.0	enhancer_hit	yes	yes	0.1796875	0.3
FBgn0040071_Spearman	/Users/jillianness/Desktop/SEbirthanalysis1024/new_LASTZ_analysis/enhancer_extraction/enhancer_pairs/FBgn0040071_Spearman/chr3R_16236366-16236648__chr3R_16254794-16255607	chr3R:16236366-16236648	chr3R:16254794-16255607	name	30	60	49	140	25	65	0.384615	0.661197	0.833333	0.0	0.412698	0.43556	1.0	neither	yes	yes	0.26490066225165565	0.34782608695652173
FBgn0040071_Spearman	/Users/jillianness/Desktop/SEbirthanalysis1024/new_LASTZ_analysis/enhancer_extraction/enhancer_pairs/FBgn0040071_Spearman/chr3R_16208035-16208235__chr3R_16242325-16242715	chr3R:16208035-16208235	chr3R:16242325-16242715	name	20	40	28	108	11	49	0.22449	0.183603	0.55	0.0	0.161765	0.17549	1.0	neither	yes	yes	0.08661417322834646	0.0625
FBgn0040071_Spearman	/Users/jillianness/Desktop/SEbirthanalysis1024/new_LASTZ_analysis/enhancer_extraction/enhancer_pairs/FBgn0040071_Spearman/chr3R_16234208-16234580__chr3R_16242325-16242715	chr3R:16234208-16234580	chr3R:16242325-16242715	name	47	40	62	108	16	71	0.225352	0.251901	0.4	0.0	0.235294	0.211992	1.0	neither	yes	yes	0.12418300653594772	0.1875
FBgn0040071_Spearman	/Users/jillianness/Desktop/SEbirthanalysis1024/new_LASTZ_analysis/enhancer_extraction/enhancer_pairs/FBgn0040071_Spearman/chr3R_16235670-16236148__chr3R_16254794-16255607	chr3R:16235670-16236148	chr3R:16254794-16255607	name	42	60	87	140	29	73	0.39726	0.426406	0.690476	0.0	0.370044	0.341593	1.0	neither	yes	yes	0.21164021164021163	0.38095238095238093
FBgn0040071_Spearman	/Users/jillianness/Desktop/SEbirthanalysis1024/new_LASTZ_analysis/enhancer_extraction/enhancer_pairs/FBgn0040071_Spearman/chr3R_16235670-16236148__chr3R_16236366-16236648	chr3R:16235670-16236148	chr3R:16236366-16236648	name	42	30	87	49	17	55	0.309091	0.289512	0.566667	0.0	0.294118	0.247475	1.0	neither	yes	yes	0.1694915254237288	0.2857142857142857
FBgn0040071_Spearman	/Users/jillianness/Desktop/SEbirthanalysis1024/new_LASTZ_analysis/enhancer_extraction/enhancer_pairs/FBgn0040071_Spearman/chr3R_16242325-16242715__chr3R_16256084-16256284	chr3R:16242325-16242715	chr3R:16256084-16256284	name	40	24	108	38	16	48	0.333333	0.612104	0.666667	0.0	0.342466	0.370864	1.0	neither	yes	yes	0.184	0.1875
FBgn0040071_Spearman	/Users/jillianness/Desktop/SEbirthanalysis1024/new_LASTZ_analysis/enhancer_extraction/enhancer_pairs/FBgn0040071_Spearman/chr3R_16234208-16234580__chr3R_16256084-16256284	chr3R:16234208-16234580	chr3R:16256084-16256284	name	47	24	62	38	10	61	0.163934	0.324102	0.416667	0.0	0.26	0.183897	1.0	neither	yes	yes	0.13333333333333333	0.1111111111111111
FBgn0040071_Spearman	/Users/jillianness/Desktop/SEbirthanalysis1024/new_LASTZ_analysis/enhancer_extraction/enhancer_pairs/FBgn0040071_Spearman/chr3R_16208035-16208235__chr3R_16256084-16256284	chr3R:16208035-16208235	chr3R:16256084-16256284	name	20	24	28	38	10	34	0.294118	0.377964	0.5	0.0	0.363636	0.262824	1.0	neither	yes	yes	0.19298245614035087	0.0
FBgn0040071_Spearman	/Users/jillianness/Desktop/SEbirthanalysis1024/new_LASTZ_analysis/enhancer_extraction/enhancer_pairs/FBgn0040071_Spearman/chr3R_16208035-16208235__chr3R_16234208-16234580	chr3R:16208035-16208235	chr3R:16234208-16234580	name	20	47	28	62	10	57	0.175439	0.300123	0.5	0.0	0.244444	0.185507	1.0	neither	yes	yes	0.15	0.14285714285714285
FBgn0040071_Spearman	/Users/jillianness/Desktop/SEbirthanalysis1024/new_LASTZ_analysis/enhancer_extraction/enhancer_pairs/FBgn0040071_Spearman/chr3R_16208035-16208235__chr3R_16254794-16255607	chr3R:16208035-16208235	chr3R:16254794-16255607	name	20	60	28	140	16	64	0.25	0.303239	0.8	0.0	0.214286	0.226764	1.0	neither	yes	yes	0.12582781456953643	0.043478260869565216
FBgn0040071_Spearman	/Users/jillianness/Desktop/SEbirthanalysis1024/new_LASTZ_analysis/enhancer_extraction/enhancer_pairs/FBgn0040071_Spearman/chr3R_16236366-16236648__chr3R_16242325-16242715	chr3R:16236366-16236648	chr3R:16242325-16242715	name	30	40	49	108	15	55	0.272727	0.212905	0.5	0.0	0.254777	0.226452	1.0	neither	yes	yes	0.15217391304347827	0.3333333333333333
FBgn0040071_Spearman	/Users/jillianness/Desktop/SEbirthanalysis1024/new_LASTZ_analysis/enhancer_extraction/enhancer_pairs/FBgn0040071_Spearman/chr3R_16242325-16242715__chr3R_16254794-16255607	chr3R:16242325-16242715	chr3R:16254794-16255607	name	40	60	108	140	29	71	0.408451	0.398295	0.725	0.0	0.403226	0.348994	1.0	neither	yes	yes	0.2376237623762376	0.4
FBgn0040071_Spearman	/Users/jillianness/Desktop/SEbirthanalysis1024/new_LASTZ_analysis/enhancer_extraction/enhancer_pairs/FBgn0040071_Spearman/chr3R_16235670-16236148__chr3R_16242325-16242715	chr3R:16235670-16236148	chr3R:16242325-16242715	name	42	40	87	108	21	61	0.344262	0.260141	0.525	0.0	0.317949	0.278841	1.0	neither	yes	yes	0.16568047337278108	0.375
FBgn0040071_Spearman	/Users/jillianness/Desktop/SEbirthanalysis1024/new_LASTZ_analysis/enhancer_extraction/enhancer_pairs/FBgn0040071_Spearman/chr3R_16234208-16234580__chr3R_16254794-16255607	chr3R:16234208-16234580	chr3R:16254794-16255607	name	47	60	62	140	34	73	0.465753	0.567722	0.723404	0.0	0.39604	0.415906	1.0	neither	yes	yes	0.25153374233128833	0.23809523809523808
FBgn0038925_vm_sm	/Users/jillianness/Desktop/SEbirthanalysis1024/new_LASTZ_analysis/enhancer_extraction/enhancer_pairs/FBgn0038925_vm_sm/chr3R_21965040-21965240__chr3R_22047297-22047620	chr3R:21965040-21965240	chr3R:22047297-22047620	name	48	44	60	98	18	74	0.243243	0.157725	0.409091	0.0	0.253165	0.1847	1.0	neither	yes	yes	0.1347517730496454	0.0
FBgn0038925_vm_sm	/Users/jillianness/Desktop/SEbirthanalysis1024/new_LASTZ_analysis/enhancer_extraction/enhancer_pairs/FBgn0038925_vm_sm/chr3R_21965040-21965240__chr3R_22053290-22053582	chr3R:21965040-21965240	chr3R:22053290-22053582	name	48	40	60	76	10	78	0.128205	0.2921	0.25	0.0	0.176471	0.134607	1.0	neither	yes	yes	0.08661417322834646	0.0
FBgn0038925_vm_sm	/Users/jillianness/Desktop/SEbirthanalysis1024/new_LASTZ_analysis/enhancer_extraction/enhancer_pairs/FBgn0038925_vm_sm/chr3R_21965040-21965240__chr3R_22042244-22042444	chr3R:21965040-21965240	chr3R:22042244-22042444	name	48	26	60	50	8	66	0.121212	0.302547	0.307692	0.0	0.181818	0.137081	1.0	neither	yes	yes	0.08737864077669903	0.0
FBgn0038925_vm_sm	/Users/jillianness/Desktop/SEbirthanalysis1024/new_LASTZ_analysis/enhancer_extraction/enhancer_pairs/FBgn0038925_vm_sm/chr3R_22047297-22047620__chr3R_22053290-22053582	chr3R:22047297-22047620	chr3R:22053290-22053582	name	44	40	98	76	17	67	0.253731	0.213665	0.425	0.0	0.298851	0.228089	1.0	neither	yes	yes	0.1503267973856209	0.10526315789473684
FBgn0038925_vm_sm	/Users/jillianness/Desktop/SEbirthanalysis1024/new_LASTZ_analysis/enhancer_extraction/enhancer_pairs/FBgn0038925_vm_sm/chr3R_22042244-22042444__chr3R_22053290-22053582	chr3R:22042244-22042444	chr3R:22053290-22053582	name	26	40	50	76	13	53	0.245283	0.688049	0.5	0.0	0.428571	0.302729	1.0	neither	yes	yes	0.24271844660194175	0.38461538461538464
FBgn0038925_vm_sm	/Users/jillianness/Desktop/SEbirthanalysis1024/new_LASTZ_analysis/enhancer_extraction/enhancer_pairs/FBgn0038925_vm_sm/chr3R_22042244-22042444__chr3R_22047297-22047620	chr3R:22042244-22042444	chr3R:22047297-22047620	name	26	44	50	98	15	55	0.272727	0.416772	0.576923	0.0	0.337838	0.321159	1.0	neither	yes	yes	0.16279069767441862	0.1875
FBgn0032485_sm	/Users/jillianness/Desktop/SEbirthanalysis1024/new_LASTZ_analysis/enhancer_extraction/enhancer_pairs/FBgn0032485_sm/chr2L_13203632-13203855__chr2L_13205136-13205433	chr2L:13203632-13203855	chr2L:13205136-13205433	name	34	34	55	77	17	51	0.333333	0.543542	0.5	0.0	0.424242	0.343747	1.0	neither	yes	yes	0.22935779816513763	0.1111111111111111
FBgn0036133_vm	/Users/jillianness/Desktop/SEbirthanalysis1024/new_LASTZ_analysis/enhancer_extraction/enhancer_pairs/FBgn0036133_vm/chr3L_11100667-11101152__chr3L_11105575-11105775	chr3L:11100667-11101152	chr3L:11105575-11105775	name	96	31	144	45	15	112	0.133929	0.237965	0.483871	0.0	0.179894	0.150055	1.0	neither	yes	yes	0.09770114942528736	0.05555555555555555
FBgn0036133_vm	/Users/jillianness/Desktop/SEbirthanalysis1024/new_LASTZ_analysis/enhancer_extraction/enhancer_pairs/FBgn0036133_vm/chr3L_11099385-11099783__chr3L_11100667-11101152	chr3L:11099385-11099783	chr3L:11100667-11101152	name	57	96	86	144	41	112	0.366071	0.50704	0.719298	0.0	0.417391	0.338127	1.0	neither	yes	yes	0.25405405405405407	0.3125
FBgn0036133_vm	/Users/jillianness/Desktop/SEbirthanalysis1024/new_LASTZ_analysis/enhancer_extraction/enhancer_pairs/FBgn0036133_vm/chr3L_11099385-11099783__chr3L_11105575-11105775	chr3L:11099385-11099783	chr3L:11105575-11105775	name	57	31	86	45	14	74	0.189189	0.257449	0.451613	0.0	0.244275	0.191039	1.0	neither	yes	yes	0.13675213675213677	0.1111111111111111
FBgn0041096_Spearman	/Users/jillianness/Desktop/SEbirthanalysis1024/new_LASTZ_analysis/enhancer_extraction/enhancer_pairs/FBgn0041096_Spearman/chr3L_12063986-12064331__chr3L_12082643-12082843	chr3L:12063986-12064331	chr3L:12082643-12082843	name	48	28	96	38	13	63	0.206349	0.175612	0.464286	0.0	0.208955	0.185029	1.0	flank_hit	yes	yes	0.11475409836065574	0.18181818181818182
FBgn0027111_vm	/Users/jillianness/Desktop/SEbirthanalysis1024/new_LASTZ_analysis/enhancer_extraction/enhancer_pairs/FBgn0027111_vm/chr3L_278317-278724__chr3L_278816-279016	chr3L:278317-278724	chr3L:278816-279016	name	51	23	82	35	15	59	0.254237	0.402457	0.652174	0.0	0.307692	0.267762	1.0	neither	yes	yes	0.19	0.1111111111111111
FBgn0027111_vm	/Users/jillianness/Desktop/SEbirthanalysis1024/new_LASTZ_analysis/enhancer_extraction/enhancer_pairs/FBgn0027111_vm/chr3L_254348-254880__chr3L_278317-278724	chr3L:254348-254880	chr3L:278317-278724	name	118	51	320	82	34	135	0.251852	0.294515	0.666667	0.0	0.21393	0.19399	1.0	neither	yes	yes	0.11294765840220386	0.19230769230769232
FBgn0027111_vm	/Users/jillianness/Desktop/SEbirthanalysis1024/new_LASTZ_analysis/enhancer_extraction/enhancer_pairs/FBgn0027111_vm/chr3L_254348-254880__chr3L_278816-279016	chr3L:254348-254880	chr3L:278816-279016	name	118	23	320	35	15	126	0.119048	0.124586	0.652174	0.0	0.084507	0.107578	1.0	neither	yes	yes	0.043859649122807015	0.08695652173913043
FBgn0020497_Spearman	/Users/jillianness/Desktop/SEbirthanalysis1024/new_LASTZ_analysis/enhancer_extraction/enhancer_pairs/FBgn0020497_Spearman/chr2L_8416468-8416668__chr2L_8422167-8422367	chr2L:8416468-8416668	chr2L:8422167-8422367	name	25	87	66	156	12	100	0.12	0.206524	0.48	0.0	0.135135	0.137938	1.0	neither	yes	yes	0.05660377358490566	0.06666666666666667
FBgn0001170_vm	/Users/jillianness/Desktop/SEbirthanalysis1024/new_LASTZ_analysis/enhancer_extraction/enhancer_pairs/FBgn0001170_vm/chr2L_6015000-6015255__chr2L_6019719-6020065	chr2L:6015000-6015255	chr2L:6019719-6020065	name	89	79	153	101	53	115	0.46087	0.604212	0.670886	0.0	0.488189	0.397724	1.0	neither	yes	yes	0.3128205128205128	0.3333333333333333
FBgn0001170_vm	/Users/jillianness/Desktop/SEbirthanalysis1024/new_LASTZ_analysis/enhancer_extraction/enhancer_pairs/FBgn0001170_vm/chr2L_6017484-6017937__chr2L_6019719-6020065	chr2L:6017484-6017937	chr2L:6019719-6020065	name	64	79	118	101	38	105	0.361905	0.486639	0.59375	0.0	0.429224	0.334933	1.0	neither	yes	yes	0.2556818181818182	0.29411764705882354
FBgn0001170_vm	/Users/jillianness/Desktop/SEbirthanalysis1024/new_LASTZ_analysis/enhancer_extraction/enhancer_pairs/FBgn0001170_vm/chr2L_6015000-6015255__chr2L_6017484-6017937	chr2L:6015000-6015255	chr2L:6017484-6017937	name	89	64	153	118	39	114	0.342105	0.546298	0.609375	0.0	0.405904	0.306024	1.0	neither	yes	yes	0.2465753424657534	0.2857142857142857
FBgn0032961_Spearman	/Users/jillianness/Desktop/SEbirthanalysis1024/new_LASTZ_analysis/enhancer_extraction/enhancer_pairs/FBgn0032961_Spearman/chr2L_21831155-21831728__chr2L_21835079-21835348	chr2L:21831155-21831728	chr2L:21835079-21835348	name	123	24	404	32	18	129	0.139535	0.235975	0.75	0.0	0.100917	0.148622	1.0	neither	yes	yes	0.050359712230215826	0.07894736842105263
FBgn0032961_Spearman	/Users/jillianness/Desktop/SEbirthanalysis1024/new_LASTZ_analysis/enhancer_extraction/enhancer_pairs/FBgn0032961_Spearman/chr2L_21835079-21835348__chr2L_21835353-21835553	chr2L:21835079-21835348	chr2L:21835353-21835553	name	24	37	32	46	11	50	0.22	0.354965	0.458333	0.0	0.307692	0.211627	1.0	neither	yes	yes	0.15942028985507245	0.0
FBgn0032961_Spearman	/Users/jillianness/Desktop/SEbirthanalysis1024/new_LASTZ_analysis/enhancer_extraction/enhancer_pairs/FBgn0032961_Spearman/chr2L_21836087-21836312__chr2L_21839073-21839412	chr2L:21836087-21836312	chr2L:21839073-21839412	name	24	87	32	129	12	99	0.121212	0.245087	0.5	0.0	0.186335	0.145421	1.0	neither	yes	yes	0.10135135135135136	0.08333333333333333
FBgn0032961_Spearman	/Users/jillianness/Desktop/SEbirthanalysis1024/new_LASTZ_analysis/enhancer_extraction/enhancer_pairs/FBgn0032961_Spearman/chr2L_21835353-21835553__chr2L_21836087-21836312	chr2L:21835353-21835553	chr2L:21836087-21836312	name	37	24	46	32	12	49	0.244898	0.281772	0.5	0.0	0.307692	0.204232	1.0	neither	yes	yes	0.17647058823529413	0.2
FBgn0032961_Spearman	/Users/jillianness/Desktop/SEbirthanalysis1024/new_LASTZ_analysis/enhancer_extraction/enhancer_pairs/FBgn0032961_Spearman/chr2L_21835079-21835348__chr2L_21836087-21836312	chr2L:21835079-21835348	chr2L:21836087-21836312	name	24	24	32	32	10	38	0.263158	0.392232	0.416667	0.0	0.34375	0.243915	1.0	neither	yes	yes	0.2	0.0
FBgn0032961_Spearman	/Users/jillianness/Desktop/SEbirthanalysis1024/new_LASTZ_analysis/enhancer_extraction/enhancer_pairs/FBgn0032961_Spearman/chr2L_21839073-21839412__chr2L_21840673-21841262	chr2L:21839073-21839412	chr2L:21840673-21841262	name	87	73	129	131	44	116	0.37931	0.491581	0.60274	0.0	0.423077	0.327022	1.0	neither	yes	yes	0.25961538461538464	0.3333333333333333
FBgn0032961_Spearman	/Users/jillianness/Desktop/SEbirthanalysis1024/new_LASTZ_analysis/enhancer_extraction/enhancer_pairs/FBgn0032961_Spearman/chr2L_21835353-21835553__chr2L_21839073-21839412	chr2L:21835353-21835553	chr2L:21839073-21839412	name	37	87	46	129	19	105	0.180952	0.309313	0.513514	0.0	0.228571	0.19092	1.0	neither	yes	yes	0.12738853503184713	0.08333333333333333
FBgn0032961_Spearman	/Users/jillianness/Desktop/SEbirthanalysis1024/new_LASTZ_analysis/enhancer_extraction/enhancer_pairs/FBgn0032961_Spearman/chr2L_21831155-21831728__chr2L_21840673-21841262	chr2L:21831155-21831728	chr2L:21840673-21841262	name	123	73	404	131	59	137	0.430657	0.431706	0.808219	0.0	0.325234	0.32436	1.0	neither	yes	yes	0.1828193832599119	0.2857142857142857
FBgn0032961_Spearman	/Users/jillianness/Desktop/SEbirthanalysis1024/new_LASTZ_analysis/enhancer_extraction/enhancer_pairs/FBgn0032961_Spearman/chr2L_21835079-21835348__chr2L_21839073-21839412	chr2L:21835079-21835348	chr2L:21839073-21839412	name	24	87	32	129	15	96	0.15625	0.303499	0.625	0.0	0.223602	0.188598	1.0	neither	yes	yes	0.11643835616438356	0.15384615384615385
FBgn0032961_Spearman	/Users/jillianness/Desktop/SEbirthanalysis1024/new_LASTZ_analysis/enhancer_extraction/enhancer_pairs/FBgn0032961_Spearman/chr2L_21831155-21831728__chr2L_21835353-21835553	chr2L:21831155-21831728	chr2L:21835353-21835553	name	123	37	404	46	33	127	0.259843	0.306379	0.891892	0.0	0.168889	0.221059	1.0	neither	yes	yes	0.09178743961352658	0.08333333333333333
FBgn0032961_Spearman	/Users/jillianness/Desktop/SEbirthanalysis1024/new_LASTZ_analysis/enhancer_extraction/enhancer_pairs/FBgn0032961_Spearman/chr2L_21836087-21836312__chr2L_21840673-21841262	chr2L:21836087-21836312	chr2L:21840673-21841262	name	24	73	32	131	19	78	0.24359	0.280524	0.791667	0.0	0.233129	0.228852	1.0	neither	yes	yes	0.11486486486486487	0.0
FBgn0032961_Spearman	/Users/jillianness/Desktop/SEbirthanalysis1024/new_LASTZ_analysis/enhancer_extraction/enhancer_pairs/FBgn0032961_Spearman/chr2L_21831155-21831728__chr2L_21836087-21836312	chr2L:21831155-21831728	chr2L:21836087-21836312	name	123	24	404	32	18	129	0.139535	0.201211	0.75	0.0	0.09633	0.14282	1.0	neither	yes	yes	0.050359712230215826	0.08333333333333333
FBgn0032961_Spearman	/Users/jillianness/Desktop/SEbirthanalysis1024/new_LASTZ_analysis/enhancer_extraction/enhancer_pairs/FBgn0032961_Spearman/chr2L_21831155-21831728__chr2L_21839073-21839412	chr2L:21831155-21831728	chr2L:21839073-21839412	name	123	87	404	129	75	135	0.555556	0.554079	0.862069	0.0	0.386492	0.427718	1.0	neither	yes	yes	0.23556581986143188	0.21052631578947367
FBgn0032961_Spearman	/Users/jillianness/Desktop/SEbirthanalysis1024/new_LASTZ_analysis/enhancer_extraction/enhancer_pairs/FBgn0032961_Spearman/chr2L_21835353-21835553__chr2L_21840673-21841262	chr2L:21835353-21835553	chr2L:21840673-21841262	name	37	73	46	131	25	85	0.294118	0.392895	0.675676	0.0	0.327684	0.286371	1.0	neither	yes	yes	0.17763157894736842	0.10526315789473684
FBgn0032961_Spearman	/Users/jillianness/Desktop/SEbirthanalysis1024/new_LASTZ_analysis/enhancer_extraction/enhancer_pairs/FBgn0032961_Spearman/chr2L_21835079-21835348__chr2L_21840673-21841262	chr2L:21835079-21835348	chr2L:21840673-21841262	name	24	73	32	131	18	79	0.227848	0.457727	0.75	0.0	0.282209	0.269613	1.0	neither	yes	yes	0.13793103448275862	0.21052631578947367
FBgn0035656_Spearman	/Users/jillianness/Desktop/SEbirthanalysis1024/new_LASTZ_analysis/enhancer_extraction/enhancer_pairs/FBgn0035656_Spearman/chr3L_5961714-5961914__chr3L_5982072-5982272	chr3L:5961714-5961914	chr3L:5982072-5982272	name	32	63	47	81	16	79	0.202532	0.405519	0.5	0.0	0.3125	0.2303	1.0	neither	yes	yes	0.16071428571428573	0.14285714285714285
FBgn0035656_Spearman	/Users/jillianness/Desktop/SEbirthanalysis1024/new_LASTZ_analysis/enhancer_extraction/enhancer_pairs/FBgn0035656_Spearman/chr3L_5977448-5977703__chr3L_5982072-5982272	chr3L:5977448-5977703	chr3L:5982072-5982272	name	35	63	49	81	12	86	0.139535	0.371856	0.342857	0.0	0.246154	0.160296	1.0	neither	yes	yes	0.13793103448275862	0.0
FBgn0035656_Spearman	/Users/jillianness/Desktop/SEbirthanalysis1024/new_LASTZ_analysis/enhancer_extraction/enhancer_pairs/FBgn0035656_Spearman/chr3L_5975471-5975750__chr3L_5977448-5977703	chr3L:5975471-5975750	chr3L:5977448-5977703	name	88	35	168	49	17	106	0.160377	0.360108	0.485714	0.0	0.193548	0.178086	1.0	neither	yes	yes	0.10050251256281408	0.0
FBgn0035656_Spearman	/Users/jillianness/Desktop/SEbirthanalysis1024/new_LASTZ_analysis/enhancer_extraction/enhancer_pairs/FBgn0035656_Spearman/chr3L_5956989-5957371__chr3L_5982072-5982272	chr3L:5956989-5957371	chr3L:5982072-5982272	name	99	63	325	81	48	114	0.421053	0.472087	0.761905	0.0	0.270936	0.356696	1.0	neither	yes	yes	0.1558073654390935	0.15789473684210525
FBgn0035656_Spearman	/Users/jillianness/Desktop/SEbirthanalysis1024/new_LASTZ_analysis/enhancer_extraction/enhancer_pairs/FBgn0035656_Spearman/chr3L_5961714-5961914__chr3L_5977448-5977703	chr3L:5961714-5961914	chr3L:5977448-5977703	name	32	35	47	49	12	55	0.218182	0.330705	0.375	0.0	0.291667	0.194438	1.0	neither	yes	yes	0.13953488372093023	0.0
FBgn0035656_Spearman	/Users/jillianness/Desktop/SEbirthanalysis1024/new_LASTZ_analysis/enhancer_extraction/enhancer_pairs/FBgn0035656_Spearman/chr3L_5956989-5957371__chr3L_5973866-5974081	chr3L:5956989-5957371	chr3L:5973866-5974081	name	99	76	325	89	54	121	0.446281	0.568609	0.710526	0.0	0.270531	0.396215	1.0	neither	yes	yes	0.15555555555555556	0.19047619047619047
FBgn0035656_Spearman	/Users/jillianness/Desktop/SEbirthanalysis1024/new_LASTZ_analysis/enhancer_extraction/enhancer_pairs/FBgn0035656_Spearman/chr3L_5956989-5957371__chr3L_5974676-5975048	chr3L:5956989-5957371	chr3L:5974676-5975048	name	99	53	325	124	30	122	0.245902	0.257763	0.566038	0.0	0.218263	0.198226	1.0	neither	yes	yes	0.12189054726368159	0.08333333333333333
FBgn0035656_Spearman	/Users/jillianness/Desktop/SEbirthanalysis1024/new_LASTZ_analysis/enhancer_extraction/enhancer_pairs/FBgn0035656_Spearman/chr3L_5956989-5957371__chr3L_5975471-5975750	chr3L:5956989-5957371	chr3L:5975471-5975750	name	99	88	325	168	75	112	0.669643	0.723883	0.852273	0.0	0.543611	0.574361	1.0	neither	yes	yes	0.36363636363636365	0.43478260869565216
FBgn0035656_Spearman	/Users/jillianness/Desktop/SEbirthanalysis1024/new_LASTZ_analysis/enhancer_extraction/enhancer_pairs/FBgn0035656_Spearman/chr3L_5961714-5961914__chr3L_5974676-5975048	chr3L:5961714-5961914	chr3L:5974676-5975048	name	32	53	47	124	18	67	0.268657	0.427366	0.5625	0.0	0.269006	0.263052	1.0	neither	yes	yes	0.15333333333333332	0.09090909090909091
FBgn0035656_Spearman	/Users/jillianness/Desktop/SEbirthanalysis1024/new_LASTZ_analysis/enhancer_extraction/enhancer_pairs/FBgn0035656_Spearman/chr3L_5963004-5963247__chr3L_5969720-5970091	chr3L:5963004-5963247	chr3L:5969720-5970091	name	35	71	48	117	26	80	0.325	0.443058	0.742857	0.0	0.387879	0.318887	1.0	neither	yes	yes	0.21897810218978103	0.16666666666666666
FBgn0035656_Spearman	/Users/jillianness/Desktop/SEbirthanalysis1024/new_LASTZ_analysis/enhancer_extraction/enhancer_pairs/FBgn0035656_Spearman/chr3L_5975471-5975750__chr3L_5982072-5982272	chr3L:5975471-5975750	chr3L:5982072-5982272	name	88	63	168	81	43	108	0.398148	0.506523	0.68254	0.0	0.385542	0.346467	1.0	neither	yes	yes	0.24257425742574257	0.23529411764705882
FBgn0035656_Spearman	/Users/jillianness/Desktop/SEbirthanalysis1024/new_LASTZ_analysis/enhancer_extraction/enhancer_pairs/FBgn0035656_Spearman/chr3L_5961714-5961914__chr3L_5975471-5975750	chr3L:5961714-5961914	chr3L:5975471-5975750	name	32	88	47	168	12	108	0.111111	0.339064	0.375	0.0	0.148837	0.138627	1.0	neither	yes	yes	0.07425742574257425	0.11764705882352941
FBgn0035656_Spearman	/Users/jillianness/Desktop/SEbirthanalysis1024/new_LASTZ_analysis/enhancer_extraction/enhancer_pairs/FBgn0035656_Spearman/chr3L_5961714-5961914__chr3L_5973866-5974081	chr3L:5961714-5961914	chr3L:5973866-5974081	name	32	76	47	89	16	92	0.173913	0.264523	0.5	0.0	0.264706	0.169537	1.0	neither	yes	yes	0.12195121951219512	0.1
FBgn0035656_Spearman	/Users/jillianness/Desktop/SEbirthanalysis1024/new_LASTZ_analysis/enhancer_extraction/enhancer_pairs/FBgn0035656_Spearman/chr3L_5956989-5957371__chr3L_5977448-5977703	chr3L:5956989-5957371	chr3L:5977448-5977703	name	99	35	325	49	17	117	0.145299	0.200374	0.485714	0.0	0.117647	0.133109	1.0	neither	yes	yes	0.056179775280898875	0.0
FBgn0035656_Spearman	/Users/jillianness/Desktop/SEbirthanalysis1024/new_LASTZ_analysis/enhancer_extraction/enhancer_pairs/FBgn0035656_Spearman/chr3L_5956989-5957371__chr3L_5969720-5970091	chr3L:5956989-5957371	chr3L:5969720-5970091	name	99	71	325	117	50	120	0.416667	0.333171	0.704225	0.0	0.276018	0.300275	1.0	neither	yes	yes	0.15025906735751296	0.13793103448275862
FBgn0035656_Spearman	/Users/jillianness/Desktop/SEbirthanalysis1024/new_LASTZ_analysis/enhancer_extraction/enhancer_pairs/FBgn0035656_Spearman/chr3L_5973866-5974081__chr3L_5977448-5977703	chr3L:5973866-5974081	chr3L:5977448-5977703	name	76	35	89	49	18	93	0.193548	0.304669	0.514286	0.0	0.26087	0.191334	1.0	neither	yes	yes	0.14754098360655737	0.125
FBgn0035656_Spearman	/Users/jillianness/Desktop/SEbirthanalysis1024/new_LASTZ_analysis/enhancer_extraction/enhancer_pairs/FBgn0035656_Spearman/chr3L_5969720-5970091__chr3L_5982072-5982272	chr3L:5969720-5970091	chr3L:5982072-5982272	name	71	63	117	81	29	105	0.27619	0.613642	0.460317	0.0	0.40404	0.302918	1.0	neither	yes	yes	0.2345679012345679	0.16666666666666666
FBgn0035656_Spearman	/Users/jillianness/Desktop/SEbirthanalysis1024/new_LASTZ_analysis/enhancer_extraction/enhancer_pairs/FBgn0035656_Spearman/chr3L_5963004-5963247__chr3L_5977448-5977703	chr3L:5963004-5963247	chr3L:5977448-5977703	name	35	35	48	49	15	55	0.272727	0.331434	0.428571	0.0	0.309278	0.238351	1.0	neither	yes	yes	0.16470588235294117	0.0
FBgn0035656_Spearman	/Users/jillianness/Desktop/SEbirthanalysis1024/new_LASTZ_analysis/enhancer_extraction/enhancer_pairs/FBgn0035656_Spearman/chr3L_5974676-5975048__chr3L_5975471-5975750	chr3L:5974676-5975048	chr3L:5975471-5975750	name	53	88	124	168	31	110	0.281818	0.518591	0.584906	0.0	0.363014	0.279801	1.0	neither	yes	yes	0.20491803278688525	0.19047619047619047
FBgn0035656_Spearman	/Users/jillianness/Desktop/SEbirthanalysis1024/new_LASTZ_analysis/enhancer_extraction/enhancer_pairs/FBgn0035656_Spearman/chr3L_5974676-5975048__chr3L_5977448-5977703	chr3L:5974676-5975048	chr3L:5977448-5977703	name	53	35	124	49	19	69	0.275362	0.41984	0.542857	0.0	0.300578	0.277337	1.0	neither	yes	yes	0.16666666666666666	0.0
FBgn0035656_Spearman	/Users/jillianness/Desktop/SEbirthanalysis1024/new_LASTZ_analysis/enhancer_extraction/enhancer_pairs/FBgn0035656_Spearman/chr3L_5973866-5974081__chr3L_5975471-5975750	chr3L:5973866-5974081	chr3L:5975471-5975750	name	76	88	89	168	52	112	0.464286	0.441779	0.684211	0.0	0.420233	0.348109	1.0	neither	yes	yes	0.25728155339805825	0.2
FBgn0035656_Spearman	/Users/jillianness/Desktop/SEbirthanalysis1024/new_LASTZ_analysis/enhancer_extraction/enhancer_pairs/FBgn0035656_Spearman/chr3L_5963004-5963247__chr3L_5973866-5974081	chr3L:5963004-5963247	chr3L:5973866-5974081	name	35	76	48	89	14	97	0.14433	0.234529	0.4	0.0	0.233577	0.142298	1.0	neither	yes	yes	0.10317460317460317	0.0
FBgn0035656_Spearman	/Users/jillianness/Desktop/SEbirthanalysis1024/new_LASTZ_analysis/enhancer_extraction/enhancer_pairs/FBgn0035656_Spearman/chr3L_5973866-5974081__chr3L_5974676-5975048	chr3L:5973866-5974081	chr3L:5974676-5975048	name	76	53	89	124	20	109	0.183486	0.23546	0.377358	0.0	0.225352	0.166509	1.0	neither	yes	yes	0.11979166666666667	0.0
FBgn0035656_Spearman	/Users/jillianness/Desktop/SEbirthanalysis1024/new_LASTZ_analysis/enhancer_extraction/enhancer_pairs/FBgn0035656_Spearman/chr3L_5961714-5961914__chr3L_5969720-5970091	chr3L:5961714-5961914	chr3L:5969720-5970091	name	32	71	47	117	23	80	0.2875	0.380031	0.71875	0.0	0.341463	0.279685	1.0	neither	yes	yes	0.19424460431654678	0.1875
FBgn0035656_Spearman	/Users/jillianness/Desktop/SEbirthanalysis1024/new_LASTZ_analysis/enhancer_extraction/enhancer_pairs/FBgn0035656_Spearman/chr3L_5963004-5963247__chr3L_5974676-5975048	chr3L:5963004-5963247	chr3L:5974676-5975048	name	35	53	48	124	19	69	0.275362	0.417448	0.542857	0.0	0.267442	0.300959	1.0	neither	yes	yes	0.13725490196078433	0.16666666666666666
FBgn0035656_Spearman	/Users/jillianness/Desktop/SEbirthanalysis1024/new_LASTZ_analysis/enhancer_extraction/enhancer_pairs/FBgn0035656_Spearman/chr3L_5963004-5963247__chr3L_5975471-5975750	chr3L:5963004-5963247	chr3L:5975471-5975750	name	35	88	48	168	17	106	0.160377	0.300975	0.485714	0.0	0.194444	0.173106	1.0	neither	yes	yes	0.09547738693467336	0.16666666666666666
FBgn0035656_Spearman	/Users/jillianness/Desktop/SEbirthanalysis1024/new_LASTZ_analysis/enhancer_extraction/enhancer_pairs/FBgn0035656_Spearman/chr3L_5969720-5970091__chr3L_5977448-5977703	chr3L:5969720-5970091	chr3L:5977448-5977703	name	71	35	117	49	20	86	0.232558	0.469684	0.571429	0.0	0.313253	0.24694	1.0	neither	yes	yes	0.15862068965517243	0.0
FBgn0035656_Spearman	/Users/jillianness/Desktop/SEbirthanalysis1024/new_LASTZ_analysis/enhancer_extraction/enhancer_pairs/FBgn0035656_Spearman/chr3L_5973866-5974081__chr3L_5982072-5982272	chr3L:5973866-5974081	chr3L:5982072-5982272	name	76	63	89	81	39	100	0.39	0.540517	0.619048	0.0	0.505882	0.34759	1.0	neither	yes	yes	0.3333333333333333	0.625
FBgn0035656_Spearman	/Users/jillianness/Desktop/SEbirthanalysis1024/new_LASTZ_analysis/enhancer_extraction/enhancer_pairs/FBgn0035656_Spearman/chr3L_5956989-5957371__chr3L_5961714-5961914	chr3L:5956989-5957371	chr3L:5961714-5961914	name	99	32	325	47	19	112	0.169643	0.185969	0.59375	0.0	0.11828	0.144577	1.0	neither	yes	yes	0.05649717514124294	0.1111111111111111
FBgn0035656_Spearman	/Users/jillianness/Desktop/SEbirthanalysis1024/new_LASTZ_analysis/enhancer_extraction/enhancer_pairs/FBgn0035656_Spearman/chr3L_5961714-5961914__chr3L_5963004-5963247	chr3L:5961714-5961914	chr3L:5963004-5963247	name	32	35	47	48	17	50	0.34	0.4455	0.53125	0.0	0.421053	0.30438	1.0	neither	yes	yes	0.2597402597402597	0.3333333333333333
FBgn0035656_Spearman	/Users/jillianness/Desktop/SEbirthanalysis1024/new_LASTZ_analysis/enhancer_extraction/enhancer_pairs/FBgn0035656_Spearman/chr3L_5963004-5963247__chr3L_5982072-5982272	chr3L:5963004-5963247	chr3L:5982072-5982272	name	35	63	48	81	14	84	0.166667	0.342007	0.4	0.0	0.248062	0.191053	1.0	neither	yes	yes	0.11965811965811966	0.0
FBgn0035656_Spearman	/Users/jillianness/Desktop/SEbirthanalysis1024/new_LASTZ_analysis/enhancer_extraction/enhancer_pairs/FBgn0035656_Spearman/chr3L_5956989-5957371__chr3L_5963004-5963247	chr3L:5956989-5957371	chr3L:5963004-5963247	name	99	35	325	48	23	111	0.207207	0.207895	0.657143	0.0	0.150134	0.160565	1.0	neither	yes	yes	0.06837606837606838	0.15789473684210525
FBgn0035656_Spearman	/Users/jillianness/Desktop/SEbirthanalysis1024/new_LASTZ_analysis/enhancer_extraction/enhancer_pairs/FBgn0035656_Spearman/chr3L_5969720-5970091__chr3L_5975471-5975750	chr3L:5969720-5970091	chr3L:5975471-5975750	name	71	88	117	168	47	112	0.419643	0.445658	0.661972	0.0	0.4	0.336745	1.0	neither	yes	yes	0.23706896551724138	0.18518518518518517
FBgn0035656_Spearman	/Users/jillianness/Desktop/SEbirthanalysis1024/new_LASTZ_analysis/enhancer_extraction/enhancer_pairs/FBgn0035656_Spearman/chr3L_5969720-5970091__chr3L_5974676-5975048	chr3L:5969720-5970091	chr3L:5974676-5975048	name	71	53	117	124	31	93	0.333333	0.34529	0.584906	0.0	0.315353	0.286962	1.0	neither	yes	yes	0.1796116504854369	0.041666666666666664
FBgn0035656_Spearman	/Users/jillianness/Desktop/SEbirthanalysis1024/new_LASTZ_analysis/enhancer_extraction/enhancer_pairs/FBgn0035656_Spearman/chr3L_5969720-5970091__chr3L_5973866-5974081	chr3L:5969720-5970091	chr3L:5973866-5974081	name	71	76	117	89	37	110	0.336364	0.447936	0.521127	0.0	0.427184	0.292781	1.0	neither	yes	yes	0.24550898203592814	0.14285714285714285
FBgn0035656_Spearman	/Users/jillianness/Desktop/SEbirthanalysis1024/new_LASTZ_analysis/enhancer_extraction/enhancer_pairs/FBgn0035656_Spearman/chr3L_5974676-5975048__chr3L_5982072-5982272	chr3L:5974676-5975048	chr3L:5982072-5982272	name	53	63	124	81	21	95	0.221053	0.233676	0.396226	0.0	0.22439	0.172614	1.0	neither	yes	yes	0.125	0.0
FBgn0004456_Spearman	/Users/jillianness/Desktop/SEbirthanalysis1024/new_LASTZ_analysis/enhancer_extraction/enhancer_pairs/FBgn0004456_Spearman/chrX_13214172-13214372__chrX_13214681-13214911	chrX:13214172-13214372	chrX:13214681-13214911	name	39	93	64	186	20	112	0.178571	0.594356	0.512821	0.0	0.288	0.230621	1.0	neither	yes	yes	0.1559633027522936	0.08695652173913043
FBgn0020513_vm	/Users/jillianness/Desktop/SEbirthanalysis1024/new_LASTZ_analysis/enhancer_extraction/enhancer_pairs/FBgn0020513_vm/chrX_12691690-12692049__chrX_12692632-12693074	chrX:12691690-12692049	chrX:12692632-12693074	name	40	45	91	93	24	61	0.393443	0.406246	0.6	0.0	0.413043	0.339447	1.0	neither	yes	yes	0.2483221476510067	0.5294117647058824
FBgn0020513_vm	/Users/jillianness/Desktop/SEbirthanalysis1024/new_LASTZ_analysis/enhancer_extraction/enhancer_pairs/FBgn0020513_vm/chrX_12676886-12677437__chrX_12691690-12692049	chrX:12676886-12677437	chrX:12691690-12692049	name	71	40	185	91	21	90	0.233333	0.088564	0.525	0.0	0.210145	0.158266	1.0	neither	yes	yes	0.09881422924901186	0.22727272727272727
FBgn0020513_vm	/Users/jillianness/Desktop/SEbirthanalysis1024/new_LASTZ_analysis/enhancer_extraction/enhancer_pairs/FBgn0020513_vm/chrX_12676886-12677437__chrX_12692632-12693074	chrX:12676886-12677437	chrX:12692632-12693074	name	71	45	185	93	21	95	0.221053	0.106414	0.466667	0.0	0.215827	0.18038	1.0	enhancer_hit	yes	yes	0.12449799196787148	0.09523809523809523
FBgn0020513_vm	/Users/jillianness/Desktop/SEbirthanalysis1024/new_LASTZ_analysis/enhancer_extraction/enhancer_pairs/FBgn0020513_vm/chrX_12676886-12677437__chrX_12693668-12694287	chrX:12676886-12677437	chrX:12693668-12694287	name	71	121	185	383	60	132	0.454545	0.424048	0.84507	0.0	0.323944	0.341421	1.0	enhancer_hit	yes	yes	0.1875	0.2727272727272727
FBgn0020513_vm	/Users/jillianness/Desktop/SEbirthanalysis1024/new_LASTZ_analysis/enhancer_extraction/enhancer_pairs/FBgn0020513_vm/chrX_12691690-12692049__chrX_12693668-12694287	chrX:12691690-12692049	chrX:12693668-12694287	name	40	121	91	383	28	133	0.210526	0.195051	0.7	0.0	0.181435	0.163661	1.0	neither	yes	yes	0.09930715935334873	0.15384615384615385
FBgn0020513_vm	/Users/jillianness/Desktop/SEbirthanalysis1024/new_LASTZ_analysis/enhancer_extraction/enhancer_pairs/FBgn0020513_vm/chrX_12692632-12693074__chrX_12693668-12694287	chrX:12692632-12693074	chrX:12693668-12694287	name	45	121	93	383	28	138	0.202899	0.180015	0.622222	0.0	0.163866	0.173144	1.0	neither	yes	yes	0.0888382687927107	0.07894736842105263
FBgn0038536_vm_sm	/Users/jillianness/Desktop/SEbirthanalysis1024/new_LASTZ_analysis/enhancer_extraction/enhancer_pairs/FBgn0038536_vm_sm/chr3R_17681245-17681597__chr3R_17682975-17683237	chr3R:17681245-17681597	chr3R:17682975-17683237	name	61	38	118	57	22	77	0.285714	0.530633	0.578947	0.0	0.388571	0.308533	1.0	enhancer_hit	yes	yes	0.21232876712328766	0.2857142857142857
FBgn0016715_sm	/Users/jillianness/Desktop/SEbirthanalysis1024/new_LASTZ_analysis/enhancer_extraction/enhancer_pairs/FBgn0016715_sm/chr3L_574867-575113__chr3L_616535-616984	chr3L:574867-575113	chr3L:616535-616984	name	49	49	84	134	21	77	0.272727	0.267172	0.428571	0.0	0.275229	0.218339	1.0	neither	yes	yes	0.12244897959183673	0.2
FBgn0016715_sm	/Users/jillianness/Desktop/SEbirthanalysis1024/new_LASTZ_analysis/enhancer_extraction/enhancer_pairs/FBgn0016715_sm/chr3L_574867-575113__chr3L_610451-610651	chr3L:574867-575113	chr3L:610451-610651	name	49	33	84	45	10	72	0.138889	0.493109	0.30303	0.0	0.263566	0.201247	1.0	neither	yes	yes	0.1391304347826087	0.36363636363636365
FBgn0016715_sm	/Users/jillianness/Desktop/SEbirthanalysis1024/new_LASTZ_analysis/enhancer_extraction/enhancer_pairs/FBgn0016715_sm/chr3L_574867-575113__chr3L_597378-597923	chr3L:574867-575113	chr3L:597378-597923	name	49	43	84	84	15	77	0.194805	0.224777	0.348837	0.0	0.214286	0.168517	1.0	neither	yes	yes	0.1111111111111111	0.13333333333333333
FBgn0016715_sm	/Users/jillianness/Desktop/SEbirthanalysis1024/new_LASTZ_analysis/enhancer_extraction/enhancer_pairs/FBgn0016715_sm/chr3L_597378-597923__chr3L_618388-618844	chr3L:597378-597923	chr3L:618388-618844	name	43	108	84	238	24	127	0.188976	0.166202	0.55814	0.0	0.173913	0.14747	1.0	neither	yes	yes	0.0945945945945946	0.18181818181818182
FBgn0016715_sm	/Users/jillianness/Desktop/SEbirthanalysis1024/new_LASTZ_analysis/enhancer_extraction/enhancer_pairs/FBgn0016715_sm/chr3L_574867-575113__chr3L_618388-618844	chr3L:574867-575113	chr3L:618388-618844	name	49	108	84	238	37	120	0.308333	0.526131	0.755102	0.0	0.322981	0.302589	1.0	neither	yes	yes	0.18681318681318682	0.13636363636363635
FBgn0016715_sm	/Users/jillianness/Desktop/SEbirthanalysis1024/new_LASTZ_analysis/enhancer_extraction/enhancer_pairs/FBgn0016715_sm/chr3L_616535-616984__chr3L_622169-622652	chr3L:616535-616984	chr3L:622169-622652	name	49	110	134	270	34	125	0.272	0.178685	0.693878	0.0	0.227723	0.197295	1.0	neither	yes	yes	0.11232876712328767	0.13043478260869565
FBgn0016715_sm	/Users/jillianness/Desktop/SEbirthanalysis1024/new_LASTZ_analysis/enhancer_extraction/enhancer_pairs/FBgn0016715_sm/chr3L_610451-610651__chr3L_622169-622652	chr3L:610451-610651	chr3L:622169-622652	name	33	110	45	270	20	123	0.162602	0.38259	0.606061	0.0	0.165079	0.190623	1.0	neither	yes	yes	0.08934707903780069	0.15
FBgn0016715_sm	/Users/jillianness/Desktop/SEbirthanalysis1024/new_LASTZ_analysis/enhancer_extraction/enhancer_pairs/FBgn0016715_sm/chr3L_597378-597923__chr3L_610451-610651	chr3L:597378-597923	chr3L:610451-610651	name	43	33	84	45	13	63	0.206349	0.325683	0.393939	0.0	0.248062	0.208538	1.0	neither	yes	yes	0.12931034482758622	0.14285714285714285
FBgn0016715_sm	/Users/jillianness/Desktop/SEbirthanalysis1024/new_LASTZ_analysis/enhancer_extraction/enhancer_pairs/FBgn0016715_sm/chr3L_597378-597923__chr3L_616535-616984	chr3L:597378-597923	chr3L:616535-616984	name	43	49	84	134	24	68	0.352941	0.433598	0.55814	0.0	0.376147	0.33187	1.0	neither	yes	yes	0.22905027932960895	0.1875
FBgn0016715_sm	/Users/jillianness/Desktop/SEbirthanalysis1024/new_LASTZ_analysis/enhancer_extraction/enhancer_pairs/FBgn0016715_sm/chr3L_610451-610651__chr3L_616535-616984	chr3L:610451-610651	chr3L:616535-616984	name	33	49	45	134	13	69	0.188406	0.193643	0.393939	0.0	0.234637	0.173958	1.0	neither	yes	yes	0.11042944785276074	0.21428571428571427
FBgn0016715_sm	/Users/jillianness/Desktop/SEbirthanalysis1024/new_LASTZ_analysis/enhancer_extraction/enhancer_pairs/FBgn0016715_sm/chr3L_597378-597923__chr3L_622169-622652	chr3L:597378-597923	chr3L:622169-622652	name	43	110	84	270	20	133	0.150376	0.145034	0.465116	0.0	0.141243	0.120468	1.0	neither	yes	yes	0.07228915662650602	0.13636363636363635
FBgn0016715_sm	/Users/jillianness/Desktop/SEbirthanalysis1024/new_LASTZ_analysis/enhancer_extraction/enhancer_pairs/FBgn0016715_sm/chr3L_574867-575113__chr3L_622169-622652	chr3L:574867-575113	chr3L:622169-622652	name	49	110	84	270	34	125	0.272	0.453197	0.693878	0.0	0.259887	0.266066	1.0	neither	yes	yes	0.14469453376205788	0.0
FBgn0016715_sm	/Users/jillianness/Desktop/SEbirthanalysis1024/new_LASTZ_analysis/enhancer_extraction/enhancer_pairs/FBgn0016715_sm/chr3L_618388-618844__chr3L_622169-622652	chr3L:618388-618844	chr3L:622169-622652	name	108	110	238	270	89	129	0.689922	0.821998	0.824074	0.0	0.681102	0.606588	1.0	neither	yes	yes	0.49560117302052786	0.43478260869565216
FBgn0016715_sm	/Users/jillianness/Desktop/SEbirthanalysis1024/new_LASTZ_analysis/enhancer_extraction/enhancer_pairs/FBgn0016715_sm/chr3L_610451-610651__chr3L_618388-618844	chr3L:610451-610651	chr3L:618388-618844	name	33	108	45	238	24	117	0.205128	0.475359	0.727273	0.0	0.212014	0.244669	1.0	neither	yes	yes	0.11764705882352941	0.2
FBgn0016715_sm	/Users/jillianness/Desktop/SEbirthanalysis1024/new_LASTZ_analysis/enhancer_extraction/enhancer_pairs/FBgn0016715_sm/chr3L_616535-616984__chr3L_618388-618844	chr3L:616535-616984	chr3L:618388-618844	name	49	108	134	238	29	128	0.226562	0.162757	0.591837	0.0	0.225806	0.182633	1.0	neither	yes	yes	0.11976047904191617	0.125
FBgn0031505_vm	/Users/jillianness/Desktop/SEbirthanalysis1024/new_LASTZ_analysis/enhancer_extraction/enhancer_pairs/FBgn0031505_vm/chr2L_3152131-3152363__chr2L_3153478-3153742	chr2L:3152131-3152363	chr2L:3153478-3153742	name	26	66	58	100	21	71	0.295775	0.608781	0.807692	0.0	0.455696	0.358429	1.0	neither	yes	yes	0.2903225806451613	0.3333333333333333
FBgn0030480_sm	/Users/jillianness/Desktop/SEbirthanalysis1024/new_LASTZ_analysis/enhancer_extraction/enhancer_pairs/FBgn0030480_sm/chrX_13335047-13335247__chrX_13337480-13337751	chrX:13335047-13335247	chrX:13337480-13337751	name	87	38	154	56	9	116	0.077586	0.235502	0.236842	0.0	0.133333	0.095554	1.0	neither	yes	yes	0.04950495049504951	0.0625
FBgn0026409_Spearman	/Users/jillianness/Desktop/SEbirthanalysis1024/new_LASTZ_analysis/enhancer_extraction/enhancer_pairs/FBgn0026409_Spearman/chr3L_14524405-14524880__chr3L_14572837-14573037	chr3L:14524405-14524880	chr3L:14572837-14573037	name	56	68	116	92	28	96	0.291667	0.334497	0.5	0.0	0.355769	0.253755	1.0	neither	yes	yes	0.19318181818181818	0.125
FBgn0015799_sm	/Users/jillianness/Desktop/SEbirthanalysis1024/new_LASTZ_analysis/enhancer_extraction/enhancer_pairs/FBgn0015799_sm/chrX_759222-759589__chrX_799237-799607	chrX:759222-759589	chrX:799237-799607	name	96	37	146	60	24	109	0.220183	0.388585	0.648649	0.0	0.281553	0.246119	1.0	neither	yes	yes	0.15555555555555556	0.15789473684210525
vnd	/Users/jillianness/Desktop/SEbirthanalysis1024/new_LASTZ_analysis/enhancer_extraction/enhancer_pairs/vnd/chrX_586024-586643__chrX_586878-588097	chrX:586024-586643	chrX:586878-588097	name	68	128	127	430	61	135	0.451852	0.666769	0.897059	0.0	0.37702	0.464389	1.0	neither	yes	yes	0.23399558498896247	0.2702702702702703
vnd	/Users/jillianness/Desktop/SEbirthanalysis1024/new_LASTZ_analysis/enhancer_extraction/enhancer_pairs/vnd/chrX_583829-584563__chrX_586878-588097	chrX:583829-584563	chrX:586878-588097	name	115	128	238	430	104	139	0.748201	0.676772	0.904348	0.0	0.57485	0.574775	1.0	neither	yes	yes	0.40461215932914046	0.4523809523809524
vnd	/Users/jillianness/Desktop/SEbirthanalysis1024/new_LASTZ_analysis/enhancer_extraction/enhancer_pairs/vnd/chrX_583829-584563__chrX_586024-586643	chrX:583829-584563	chrX:586024-586643	name	115	68	238	127	52	131	0.396947	0.656728	0.764706	0.0	0.460274	0.404437	1.0	neither	yes	yes	0.30141843971631205	0.3548387096774194
FBgn0033654_vm_sm	/Users/jillianness/Desktop/SEbirthanalysis1024/new_LASTZ_analysis/enhancer_extraction/enhancer_pairs/FBgn0033654_vm_sm/chr2R_11439695-11439903__chr2R_11467535-11467813	chr2R:11439695-11439903	chr2R:11467535-11467813	name	35	52	44	84	22	65	0.338462	0.635489	0.628571	0.0	0.453125	0.341725	1.0	flank_hit	yes	yes	0.25	0.1111111111111111
FBgn0031307_sm	/Users/jillianness/Desktop/SEbirthanalysis1024/new_LASTZ_analysis/enhancer_extraction/enhancer_pairs/FBgn0031307_sm/chr2L_1118230-1118839__chr2L_1123442-1123872	chr2L:1118230-1118839	chr2L:1123442-1123872	name	98	85	240	163	57	126	0.452381	0.609897	0.670588	0.0	0.466501	0.384831	1.0	neither	yes	yes	0.27358490566037735	0.3333333333333333
FBgn0003997_meso	/Users/jillianness/Desktop/SEbirthanalysis1024/new_LASTZ_analysis/enhancer_extraction/enhancer_pairs/FBgn0003997_meso/chr3L_18188992-18189399__chr3L_18288111-18288550	chr3L:18188992-18189399	chr3L:18288111-18288550	name	79	91	164	173	56	114	0.491228	0.568142	0.708861	0.0	0.492582	0.390775	1.0	neither	yes	yes	0.3038461538461538	0.38095238095238093
FBgn0034072_Spearman	/Users/jillianness/Desktop/SEbirthanalysis1024/new_LASTZ_analysis/enhancer_extraction/enhancer_pairs/FBgn0034072_Spearman/chr2R_15720559-15720844__chr2R_15757455-15757986	chr2R:15720559-15720844	chr2R:15757455-15757986	name	89	107	205	256	74	122	0.606557	0.52079	0.831461	0.0	0.537961	0.456898	1.0	neither	yes	yes	0.36176470588235293	0.15625
FBgn0038244_meso_sm	/Users/jillianness/Desktop/SEbirthanalysis1024/new_LASTZ_analysis/enhancer_extraction/enhancer_pairs/FBgn0038244_meso_sm/chr3R_14586821-14587560__chr3R_14589659-14590058	chr3R:14586821-14587560	chr3R:14589659-14590058	name	131	49	481	92	42	138	0.304348	0.503294	0.857143	0.0	0.26178	0.323831	1.0	neither	yes	yes	0.15	0.23404255319148937
FBgn0004795_Spearman	/Users/jillianness/Desktop/SEbirthanalysis1024/new_LASTZ_analysis/enhancer_extraction/enhancer_pairs/FBgn0004795_Spearman/chr2R_23259211-23259587__chr2R_23265755-23266160	chr2R:23259211-23259587	chr2R:23265755-23266160	name	69	104	150	412	47	126	0.373016	0.329541	0.681159	0.0	0.27758	0.278201	1.0	neither	yes	yes	0.1557377049180328	0.17391304347826086
FBgn0037439_sm	/Users/jillianness/Desktop/SEbirthanalysis1024/new_LASTZ_analysis/enhancer_extraction/enhancer_pairs/FBgn0037439_sm/chr3R_6353539-6353883__chr3R_6409760-6410198	chr3R:6353539-6353883	chr3R:6409760-6410198	name	98	52	187	100	36	114	0.315789	0.500301	0.692308	0.0	0.348432	0.312353	1.0	neither	yes	yes	0.19421487603305784	0.25
FBgn0037439_sm	/Users/jillianness/Desktop/SEbirthanalysis1024/new_LASTZ_analysis/enhancer_extraction/enhancer_pairs/FBgn0037439_sm/chr3R_6353539-6353883__chr3R_6394025-6394569	chr3R:6353539-6353883	chr3R:6394025-6394569	name	98	102	187	206	74	126	0.587302	0.611216	0.755102	0.0	0.564885	0.472282	1.0	neither	yes	yes	0.3957597173144876	0.2647058823529412
FBgn0037439_sm	/Users/jillianness/Desktop/SEbirthanalysis1024/new_LASTZ_analysis/enhancer_extraction/enhancer_pairs/FBgn0037439_sm/chr3R_6394025-6394569__chr3R_6409760-6410198	chr3R:6394025-6394569	chr3R:6409760-6410198	name	102	52	206	100	37	117	0.316239	0.649026	0.711538	0.0	0.405229	0.353437	1.0	neither	yes	yes	0.24696356275303644	0.25
FBgn0040389_sm	/Users/jillianness/Desktop/SEbirthanalysis1024/new_LASTZ_analysis/enhancer_extraction/enhancer_pairs/FBgn0040389_sm/chrX_2294580-2295057__chrX_2296356-2296737	chrX:2294580-2295057	chrX:2296356-2296737	name	55	92	147	134	32	115	0.278261	0.576463	0.581818	0.0	0.362989	0.310993	1.0	neither	yes	yes	0.2094017094017094	0.23076923076923078
Optix	/Users/jillianness/Desktop/SEbirthanalysis1024/new_LASTZ_analysis/enhancer_extraction/enhancer_pairs/Optix/chr2R_8046126-8047096__chr2R_8049875-8050664	chr2R:8046126-8047096	chr2R:8049875-8050664	name	130	104	348	200	96	138	0.695652	0.701194	0.923077	0.0	0.569343	0.566954	1.0	neither	yes	yes	0.38190954773869346	0.4857142857142857
FBgn0029665_sm	/Users/jillianness/Desktop/SEbirthanalysis1024/new_LASTZ_analysis/enhancer_extraction/enhancer_pairs/FBgn0029665_sm/chrX_3411043-3411363__chrX_3413665-3413865	chrX:3411043-3411363	chrX:3413665-3413865	name	76	97	139	182	54	119	0.453782	0.38044	0.710526	0.0	0.386293	0.338216	1.0	neither	yes	yes	0.22348484848484848	0.22727272727272727
FBgn0029665_sm	/Users/jillianness/Desktop/SEbirthanalysis1024/new_LASTZ_analysis/enhancer_extraction/enhancer_pairs/FBgn0029665_sm/chrX_3413665-3413865__chrX_3417229-3417559	chrX:3413665-3413865	chrX:3417229-3417559	name	97	42	182	61	15	124	0.120968	0.231965	0.357143	0.0	0.17284	0.127584	1.0	neither	yes	yes	0.084070796460177	0.13333333333333333
FBgn0029665_sm	/Users/jillianness/Desktop/SEbirthanalysis1024/new_LASTZ_analysis/enhancer_extraction/enhancer_pairs/FBgn0029665_sm/chrX_3411043-3411363__chrX_3417229-3417559	chrX:3411043-3411363	chrX:3417229-3417559	name	76	42	139	61	23	95	0.242105	0.371476	0.547619	0.0	0.28	0.238768	1.0	neither	yes	yes	0.15428571428571428	0.14285714285714285
FBgn0033539_sm	/Users/jillianness/Desktop/SEbirthanalysis1024/new_LASTZ_analysis/enhancer_extraction/enhancer_pairs/FBgn0033539_sm/chr2R_10273454-10273813__chr2R_10301567-10301767	chr2R:10273454-10273813	chr2R:10301567-10301767	name	110	67	304	74	53	124	0.427419	0.529473	0.791045	0.0	0.291005	0.371489	1.0	neither	yes	yes	0.1620795107033639	0.2
FBgn0014877_sm	/Users/jillianness/Desktop/SEbirthanalysis1024/new_LASTZ_analysis/enhancer_extraction/enhancer_pairs/FBgn0014877_sm/chr2R_13194170-13194587__chr2R_13195553-13195864	chr2R:13194170-13194587	chr2R:13195553-13195864	name	53	35	124	49	22	66	0.333333	0.294584	0.628571	0.0	0.300578	0.260991	1.0	neither	yes	yes	0.174496644295302	0.05263157894736842
FBgn0014877_sm	/Users/jillianness/Desktop/SEbirthanalysis1024/new_LASTZ_analysis/enhancer_extraction/enhancer_pairs/FBgn0014877_sm/chr2R_13192361-13193251__chr2R_13194170-13194587	chr2R:13192361-13193251	chr2R:13194170-13194587	name	125	53	365	124	42	136	0.308824	0.510619	0.792453	0.0	0.335378	0.328937	1.0	neither	yes	yes	0.19174757281553398	0.27906976744186046
FBgn0014877_sm	/Users/jillianness/Desktop/SEbirthanalysis1024/new_LASTZ_analysis/enhancer_extraction/enhancer_pairs/FBgn0014877_sm/chr2R_13192361-13193251__chr2R_13198071-13198730	chr2R:13192361-13193251	chr2R:13198071-13198730	name	125	70	365	163	63	132	0.477273	0.568596	0.9	0.0	0.44697	0.389699	1.0	neither	yes	yes	0.2649164677804296	0.3684210526315789
FBgn0014877_sm	/Users/jillianness/Desktop/SEbirthanalysis1024/new_LASTZ_analysis/enhancer_extraction/enhancer_pairs/FBgn0014877_sm/chr2R_13198071-13198730__chr2R_13199132-13199535	chr2R:13198071-13198730	chr2R:13199132-13199535	name	70	62	163	94	28	104	0.269231	0.430451	0.451613	0.0	0.326848	0.251869	1.0	neither	yes	yes	0.1935483870967742	0.16666666666666666
FBgn0014877_sm	/Users/jillianness/Desktop/SEbirthanalysis1024/new_LASTZ_analysis/enhancer_extraction/enhancer_pairs/FBgn0014877_sm/chr2R_13192361-13193251__chr2R_13199132-13199535	chr2R:13192361-13193251	chr2R:13199132-13199535	name	125	62	365	94	54	133	0.406015	0.623694	0.870968	0.0	0.331155	0.377703	1.0	neither	yes	yes	0.19430051813471502	0.10810810810810811
FBgn0014877_sm	/Users/jillianness/Desktop/SEbirthanalysis1024/new_LASTZ_analysis/enhancer_extraction/enhancer_pairs/FBgn0014877_sm/chr2R_13195553-13195864__chr2R_13198071-13198730	chr2R:13195553-13195864	chr2R:13198071-13198730	name	35	70	49	163	17	88	0.193182	0.383702	0.485714	0.0	0.216981	0.207552	1.0	neither	yes	yes	0.12041884816753927	0.0625
FBgn0014877_sm	/Users/jillianness/Desktop/SEbirthanalysis1024/new_LASTZ_analysis/enhancer_extraction/enhancer_pairs/FBgn0014877_sm/chr2R_13195553-13195864__chr2R_13199132-13199535	chr2R:13195553-13195864	chr2R:13199132-13199535	name	35	62	49	94	20	77	0.25974	0.382494	0.571429	0.0	0.335664	0.24318	1.0	neither	yes	yes	0.19834710743801653	0.0
FBgn0014877_sm	/Users/jillianness/Desktop/SEbirthanalysis1024/new_LASTZ_analysis/enhancer_extraction/enhancer_pairs/FBgn0014877_sm/chr2R_13192361-13193251__chr2R_13195553-13195864	chr2R:13192361-13193251	chr2R:13195553-13195864	name	125	35	365	49	27	133	0.203008	0.405791	0.771429	0.0	0.169082	0.238166	1.0	neither	yes	yes	0.09186351706036745	0.027777777777777776
FBgn0014877_sm	/Users/jillianness/Desktop/SEbirthanalysis1024/new_LASTZ_analysis/enhancer_extraction/enhancer_pairs/FBgn0014877_sm/chr2R_13194170-13194587__chr2R_13199132-13199535	chr2R:13194170-13194587	chr2R:13199132-13199535	name	53	62	124	94	29	86	0.337209	0.452789	0.54717	0.0	0.422018	0.311994	1.0	neither	yes	yes	0.26436781609195403	0.14285714285714285
FBgn0014877_sm	/Users/jillianness/Desktop/SEbirthanalysis1024/new_LASTZ_analysis/enhancer_extraction/enhancer_pairs/FBgn0014877_sm/chr2R_13194170-13194587__chr2R_13198071-13198730	chr2R:13194170-13194587	chr2R:13198071-13198730	name	53	70	124	163	31	92	0.336957	0.391449	0.584906	0.0	0.348432	0.276876	1.0	enhancer_hit	yes	yes	0.20920502092050208	0.25
FBgn0000014_Spearman	/Users/jillianness/Desktop/SEbirthanalysis1024/new_LASTZ_analysis/enhancer_extraction/enhancer_pairs/FBgn0000014_Spearman/chr3R_16764121-16764485__chr3R_16882506-16882728	chr3R:16764121-16764485	chr3R:16882506-16882728	name	46	29	108	46	15	60	0.25	0.218668	0.517241	0.0	0.246753	0.240402	1.0	neither	yes	yes	0.1386861313868613	0.2631578947368421
FBgn0000014_Spearman	/Users/jillianness/Desktop/SEbirthanalysis1024/new_LASTZ_analysis/enhancer_extraction/enhancer_pairs/FBgn0000014_Spearman/chr3R_16882506-16882728__chr3R_16920451-16920854	chr3R:16882506-16882728	chr3R:16920451-16920854	name	29	97	46	139	19	107	0.17757	0.356026	0.655172	0.0	0.248649	0.224912	1.0	neither	yes	yes	0.1402439024390244	0.38095238095238093
FBgn0000014_Spearman	/Users/jillianness/Desktop/SEbirthanalysis1024/new_LASTZ_analysis/enhancer_extraction/enhancer_pairs/FBgn0000014_Spearman/chr3R_16857769-16858049__chr3R_16878885-16879147	chr3R:16857769-16858049	chr3R:16878885-16879147	name	51	96	102	201	30	117	0.25641	0.217483	0.588235	0.0	0.257426	0.205206	1.0	neither	yes	yes	0.1213235294117647	0.25
FBgn0000014_Spearman	/Users/jillianness/Desktop/SEbirthanalysis1024/new_LASTZ_analysis/enhancer_extraction/enhancer_pairs/FBgn0000014_Spearman/chr3R_16764121-16764485__chr3R_16878885-16879147	chr3R:16764121-16764485	chr3R:16878885-16879147	name	46	96	108	201	27	115	0.234783	0.129153	0.586957	0.0	0.220065	0.167614	1.0	neither	yes	yes	0.12274368231046931	0.22727272727272727
FBgn0000014_Spearman	/Users/jillianness/Desktop/SEbirthanalysis1024/new_LASTZ_analysis/enhancer_extraction/enhancer_pairs/FBgn0000014_Spearman/chr3R_16857769-16858049__chr3R_16882506-16882728	chr3R:16857769-16858049	chr3R:16882506-16882728	name	51	29	102	46	12	68	0.176471	0.151661	0.413793	0.0	0.175676	0.15455	1.0	enhancer_hit	yes	yes	0.0948905109489051	0.15789473684210525
FBgn0000014_Spearman	/Users/jillianness/Desktop/SEbirthanalysis1024/new_LASTZ_analysis/enhancer_extraction/enhancer_pairs/FBgn0000014_Spearman/chr3R_16756098-16756427__chr3R_16857769-16858049	chr3R:16756098-16756427	chr3R:16857769-16858049	name	84	51	144	102	31	104	0.298077	0.29279	0.607843	0.0	0.300813	0.247369	1.0	neither	yes	yes	0.1643192488262911	0.2
FBgn0000014_Spearman	/Users/jillianness/Desktop/SEbirthanalysis1024/new_LASTZ_analysis/enhancer_extraction/enhancer_pairs/FBgn0000014_Spearman/chr3R_16878885-16879147__chr3R_16882506-16882728	chr3R:16878885-16879147	chr3R:16882506-16882728	name	96	29	201	46	14	111	0.126126	0.107005	0.482759	0.0	0.121457	0.112745	1.0	neither	yes	yes	0.05508474576271186	0.13793103448275862
FBgn0000014_Spearman	/Users/jillianness/Desktop/SEbirthanalysis1024/new_LASTZ_analysis/enhancer_extraction/enhancer_pairs/FBgn0000014_Spearman/chr3R_16802761-16803112__chr3R_16857769-16858049	chr3R:16802761-16803112	chr3R:16857769-16858049	name	96	51	120	102	35	112	0.3125	0.402301	0.686275	0.0	0.36036	0.284586	1.0	neither	yes	yes	0.21081081081081082	0.15384615384615385
FBgn0000014_Spearman	/Users/jillianness/Desktop/SEbirthanalysis1024/new_LASTZ_analysis/enhancer_extraction/enhancer_pairs/FBgn0000014_Spearman/chr3R_16878885-16879147__chr3R_16920451-16920854	chr3R:16878885-16879147	chr3R:16920451-16920854	name	96	97	201	139	72	121	0.595041	0.562575	0.75	0.0	0.5	0.454408	1.0	enhancer_hit	yes	yes	0.3103448275862069	0.3333333333333333
FBgn0000014_Spearman	/Users/jillianness/Desktop/SEbirthanalysis1024/new_LASTZ_analysis/enhancer_extraction/enhancer_pairs/FBgn0000014_Spearman/chr3R_16857769-16858049__chr3R_16920451-16920854	chr3R:16857769-16858049	chr3R:16920451-16920854	name	51	97	102	139	34	114	0.298246	0.458279	0.666667	0.0	0.365145	0.305468	1.0	neither	yes	yes	0.208955223880597	0.3125
FBgn0000014_Spearman	/Users/jillianness/Desktop/SEbirthanalysis1024/new_LASTZ_analysis/enhancer_extraction/enhancer_pairs/FBgn0000014_Spearman/chr3R_16743196-16743622__chr3R_16857769-16858049	chr3R:16743196-16743622	chr3R:16857769-16858049	name	97	51	182	102	38	110	0.345455	0.439785	0.745098	0.0	0.373239	0.331976	1.0	neither	yes	yes	0.211864406779661	0.14285714285714285
FBgn0000014_Spearman	/Users/jillianness/Desktop/SEbirthanalysis1024/new_LASTZ_analysis/enhancer_extraction/enhancer_pairs/FBgn0000014_Spearman/chr3R_16764121-16764485__chr3R_16920451-16920854	chr3R:16764121-16764485	chr3R:16920451-16920854	name	46	97	108	139	32	111	0.288288	0.37774	0.695652	0.0	0.331984	0.293565	1.0	neither	yes	yes	0.18571428571428572	0.4375
FBgn0000014_Spearman	/Users/jillianness/Desktop/SEbirthanalysis1024/new_LASTZ_analysis/enhancer_extraction/enhancer_pairs/FBgn0000014_Spearman/chr3R_16764121-16764485__chr3R_16802761-16803112	chr3R:16764121-16764485	chr3R:16802761-16803112	name	46	96	108	120	31	111	0.279279	0.362062	0.673913	0.0	0.333333	0.273479	1.0	neither	yes	yes	0.19170984455958548	0.5454545454545454
FBgn0000014_Spearman	/Users/jillianness/Desktop/SEbirthanalysis1024/new_LASTZ_analysis/enhancer_extraction/enhancer_pairs/FBgn0000014_Spearman/chr3R_16743196-16743622__chr3R_16920451-16920854	chr3R:16743196-16743622	chr3R:16920451-16920854	name	97	97	182	139	74	120	0.616667	0.560054	0.762887	0.0	0.548287	0.466753	1.0	neither	yes	yes	0.3686440677966102	0.24
FBgn0000014_Spearman	/Users/jillianness/Desktop/SEbirthanalysis1024/new_LASTZ_analysis/enhancer_extraction/enhancer_pairs/FBgn0000014_Spearman/chr3R_16743196-16743622__chr3R_16802761-16803112	chr3R:16743196-16743622	chr3R:16802761-16803112	name	97	96	182	120	76	117	0.649573	0.653541	0.791667	0.0	0.589404	0.513215	1.0	neither	yes	yes	0.4074074074074074	0.19047619047619047
FBgn0000014_Spearman	/Users/jillianness/Desktop/SEbirthanalysis1024/new_LASTZ_analysis/enhancer_extraction/enhancer_pairs/FBgn0000014_Spearman/chr3R_16764121-16764485__chr3R_16857769-16858049	chr3R:16764121-16764485	chr3R:16857769-16858049	name	46	51	108	102	19	78	0.24359	0.848554	0.413043	0.0	0.457143	0.355115	1.0	neither	yes	yes	0.28484848484848485	0.23076923076923078
FBgn0000014_Spearman	/Users/jillianness/Desktop/SEbirthanalysis1024/new_LASTZ_analysis/enhancer_extraction/enhancer_pairs/FBgn0000014_Spearman/chr3R_16756098-16756427__chr3R_16878885-16879147	chr3R:16756098-16756427	chr3R:16878885-16879147	name	84	96	144	201	58	122	0.47541	0.487126	0.690476	0.0	0.44058	0.389381	1.0	neither	yes	yes	0.28044280442804426	0.2962962962962963
FBgn0000014_Spearman	/Users/jillianness/Desktop/SEbirthanalysis1024/new_LASTZ_analysis/enhancer_extraction/enhancer_pairs/FBgn0000014_Spearman/chr3R_16743196-16743622__chr3R_16756098-16756427	chr3R:16743196-16743622	chr3R:16756098-16756427	name	97	84	182	144	66	115	0.573913	0.628125	0.785714	0.0	0.546012	0.450273	1.0	neither	yes	yes	0.36666666666666664	0.21428571428571427
FBgn0000014_Spearman	/Users/jillianness/Desktop/SEbirthanalysis1024/new_LASTZ_analysis/enhancer_extraction/enhancer_pairs/FBgn0000014_Spearman/chr3R_16802761-16803112__chr3R_16920451-16920854	chr3R:16802761-16803112	chr3R:16920451-16920854	name	96	97	120	139	78	115	0.678261	0.713313	0.8125	0.0	0.702703	0.527797	1.0	neither	yes	yes	0.5086705202312138	0.375
FBgn0000014_Spearman	/Users/jillianness/Desktop/SEbirthanalysis1024/new_LASTZ_analysis/enhancer_extraction/enhancer_pairs/FBgn0000014_Spearman/chr3R_16756098-16756427__chr3R_16764121-16764485	chr3R:16756098-16756427	chr3R:16764121-16764485	name	84	46	144	108	33	97	0.340206	0.25644	0.717391	0.0	0.34127	0.279296	1.0	neither	yes	yes	0.19811320754716982	0.3684210526315789
FBgn0000014_Spearman	/Users/jillianness/Desktop/SEbirthanalysis1024/new_LASTZ_analysis/enhancer_extraction/enhancer_pairs/FBgn0000014_Spearman/chr3R_16756098-16756427__chr3R_16882506-16882728	chr3R:16756098-16756427	chr3R:16882506-16882728	name	84	29	144	46	16	97	0.164948	0.327282	0.551724	0.0	0.231579	0.207982	1.0	neither	yes	yes	0.12941176470588237	0.28
FBgn0000014_Spearman	/Users/jillianness/Desktop/SEbirthanalysis1024/new_LASTZ_analysis/enhancer_extraction/enhancer_pairs/FBgn0000014_Spearman/chr3R_16743196-16743622__chr3R_16878885-16879147	chr3R:16743196-16743622	chr3R:16878885-16879147	name	97	96	182	201	69	124	0.556452	0.462728	0.71875	0.0	0.454308	0.417789	1.0	neither	yes	yes	0.27906976744186046	0.25
FBgn0000014_Spearman	/Users/jillianness/Desktop/SEbirthanalysis1024/new_LASTZ_analysis/enhancer_extraction/enhancer_pairs/FBgn0000014_Spearman/chr3R_16802761-16803112__chr3R_16882506-16882728	chr3R:16802761-16803112	chr3R:16882506-16882728	name	96	29	120	46	16	109	0.146789	0.346443	0.551724	0.0	0.216867	0.18897	1.0	neither	yes	yes	0.12751677852348994	0.21052631578947367
FBgn0000014_Spearman	/Users/jillianness/Desktop/SEbirthanalysis1024/new_LASTZ_analysis/enhancer_extraction/enhancer_pairs/FBgn0000014_Spearman/chr3R_16756098-16756427__chr3R_16802761-16803112	chr3R:16756098-16756427	chr3R:16802761-16803112	name	84	96	144	120	66	114	0.578947	0.541899	0.785714	0.0	0.568182	0.453126	1.0	neither	yes	yes	0.3854166666666667	0.3157894736842105
FBgn0000014_Spearman	/Users/jillianness/Desktop/SEbirthanalysis1024/new_LASTZ_analysis/enhancer_extraction/enhancer_pairs/FBgn0000014_Spearman/chr3R_16756098-16756427__chr3R_16920451-16920854	chr3R:16756098-16756427	chr3R:16920451-16920854	name	84	97	144	139	67	114	0.587719	0.665134	0.797619	0.0	0.621908	0.513213	1.0	neither	yes	yes	0.417910447761194	0.47619047619047616
FBgn0000014_Spearman	/Users/jillianness/Desktop/SEbirthanalysis1024/new_LASTZ_analysis/enhancer_extraction/enhancer_pairs/FBgn0000014_Spearman/chr3R_16743196-16743622__chr3R_16882506-16882728	chr3R:16743196-16743622	chr3R:16882506-16882728	name	97	29	182	46	19	107	0.17757	0.201621	0.655172	0.0	0.184211	0.185757	1.0	neither	yes	yes	0.09523809523809523	0.18518518518518517
FBgn0000014_Spearman	/Users/jillianness/Desktop/SEbirthanalysis1024/new_LASTZ_analysis/enhancer_extraction/enhancer_pairs/FBgn0000014_Spearman/chr3R_16802761-16803112__chr3R_16878885-16879147	chr3R:16802761-16803112	chr3R:16878885-16879147	name	96	96	120	201	68	124	0.548387	0.552478	0.708333	0.0	0.46729	0.421992	1.0	neither	yes	yes	0.292	0.08333333333333333
FBgn0000014_Spearman	/Users/jillianness/Desktop/SEbirthanalysis1024/new_LASTZ_analysis/enhancer_extraction/enhancer_pairs/FBgn0000014_Spearman/chr3R_16743196-16743622__chr3R_16764121-16764485	chr3R:16743196-16743622	chr3R:16764121-16764485	name	97	46	182	108	33	110	0.3	0.381988	0.717391	0.0	0.337931	0.309162	1.0	neither	yes	yes	0.20164609053497942	0.23809523809523808
FBgn0017578_sm	/Users/jillianness/Desktop/SEbirthanalysis1024/new_LASTZ_analysis/enhancer_extraction/enhancer_pairs/FBgn0017578_sm/chr3L_19174386-19174928__chr3L_19175349-19175549	chr3L:19174386-19174928	chr3L:19175349-19175549	name	110	27	243	41	18	119	0.151261	0.333546	0.666667	0.0	0.161972	0.178973	1.0	neither	yes	yes	0.0916030534351145	0.2222222222222222
FBgn0036099_sm	/Users/jillianness/Desktop/SEbirthanalysis1024/new_LASTZ_analysis/enhancer_extraction/enhancer_pairs/FBgn0036099_sm/chr3L_10718006-10718268__chr3L_10764416-10764696	chr3L:10718006-10718268	chr3L:10764416-10764696	name	46	71	62	98	30	87	0.344828	0.477598	0.652174	0.0	0.425	0.301104	1.0	neither	yes	yes	0.22727272727272727	0.25
FBgn0014877_Spearman	/Users/jillianness/Desktop/SEbirthanalysis1024/new_LASTZ_analysis/enhancer_extraction/enhancer_pairs/FBgn0014877_Spearman/chr2R_13196419-13196619__chr2R_13197479-13197679	chr2R:13196419-13196619	chr2R:13197479-13197679	name	78	53	86	76	30	101	0.29703	0.333589	0.566038	0.0	0.382716	0.233838	1.0	neither	yes	yes	0.24242424242424243	0.2857142857142857
FBgn0014877_Spearman	/Users/jillianness/Desktop/SEbirthanalysis1024/new_LASTZ_analysis/enhancer_extraction/enhancer_pairs/FBgn0014877_Spearman/chr2R_13188356-13188670__chr2R_13192033-13192233	chr2R:13188356-13188670	chr2R:13192033-13192233	name	96	20	230	35	10	106	0.09434	0.179477	0.5	0.0	0.090566	0.113754	1.0	neither	yes	yes	0.047058823529411764	0.08695652173913043
FBgn0014877_Spearman	/Users/jillianness/Desktop/SEbirthanalysis1024/new_LASTZ_analysis/enhancer_extraction/enhancer_pairs/FBgn0014877_Spearman/chr2R_13197479-13197679__chr2R_13199132-13199535	chr2R:13197479-13197679	chr2R:13199132-13199535	name	53	62	76	94	23	92	0.25	0.293018	0.433962	0.0	0.294118	0.208199	1.0	neither	yes	yes	0.1780821917808219	0.1
FBgn0014877_Spearman	/Users/jillianness/Desktop/SEbirthanalysis1024/new_LASTZ_analysis/enhancer_extraction/enhancer_pairs/FBgn0014877_Spearman/chr2R_13188356-13188670__chr2R_13194170-13194587	chr2R:13188356-13188670	chr2R:13194170-13194587	name	96	53	230	124	20	129	0.155039	0.148691	0.377358	0.0	0.146893	0.116391	1.0	neither	yes	yes	0.0755287009063444	0.125
FBgn0014877_Spearman	/Users/jillianness/Desktop/SEbirthanalysis1024/new_LASTZ_analysis/enhancer_extraction/enhancer_pairs/FBgn0014877_Spearman/chr2R_13190587-13190787__chr2R_13192033-13192233	chr2R:13190587-13190787	chr2R:13192033-13192233	name	59	20	99	35	9	70	0.128571	0.087014	0.45	0.0	0.134328	0.090257	1.0	neither	yes	yes	0.07086614173228346	0.06666666666666667
FBgn0014877_Spearman	/Users/jillianness/Desktop/SEbirthanalysis1024/new_LASTZ_analysis/enhancer_extraction/enhancer_pairs/FBgn0014877_Spearman/chr2R_13197479-13197679__chr2R_13198071-13198730	chr2R:13197479-13197679	chr2R:13198071-13198730	name	53	70	76	163	21	102	0.205882	0.341134	0.396226	0.0	0.242678	0.202737	1.0	neither	yes	yes	0.14218009478672985	0.2222222222222222
FBgn0014877_Spearman	/Users/jillianness/Desktop/SEbirthanalysis1024/new_LASTZ_analysis/enhancer_extraction/enhancer_pairs/FBgn0014877_Spearman/chr2R_13190587-13190787__chr2R_13194170-13194587	chr2R:13190587-13190787	chr2R:13194170-13194587	name	59	53	99	124	19	93	0.204301	0.235924	0.358491	0.0	0.233184	0.17005	1.0	neither	yes	yes	0.125	0.17391304347826086
FBgn0014877_Spearman	/Users/jillianness/Desktop/SEbirthanalysis1024/new_LASTZ_analysis/enhancer_extraction/enhancer_pairs/FBgn0014877_Spearman/chr2R_13194170-13194587__chr2R_13195866-13196315	chr2R:13194170-13194587	chr2R:13195866-13196315	name	53	51	124	79	32	72	0.444444	0.352899	0.627451	0.0	0.403941	0.322709	1.0	neither	yes	yes	0.25766871165644173	0.25
FBgn0014877_Spearman	/Users/jillianness/Desktop/SEbirthanalysis1024/new_LASTZ_analysis/enhancer_extraction/enhancer_pairs/FBgn0014877_Spearman/chr2R_13192033-13192233__chr2R_13195866-13196315	chr2R:13192033-13192233	chr2R:13195866-13196315	name	20	51	35	79	11	60	0.183333	0.279167	0.55	0.0	0.263158	0.187316	1.0	neither	yes	yes	0.1485148514851485	0.16666666666666666
FBgn0014877_Spearman	/Users/jillianness/Desktop/SEbirthanalysis1024/new_LASTZ_analysis/enhancer_extraction/enhancer_pairs/FBgn0014877_Spearman/chr2R_13188356-13188670__chr2R_13199132-13199535	chr2R:13188356-13188670	chr2R:13199132-13199535	name	96	62	230	94	37	121	0.305785	0.35781	0.596774	0.0	0.271605	0.254985	1.0	neither	yes	yes	0.1601423487544484	0.047619047619047616
FBgn0014877_Spearman	/Users/jillianness/Desktop/SEbirthanalysis1024/new_LASTZ_analysis/enhancer_extraction/enhancer_pairs/FBgn0014877_Spearman/chr2R_13195866-13196315__chr2R_13197479-13197679	chr2R:13195866-13196315	chr2R:13197479-13197679	name	51	53	79	76	15	89	0.168539	0.230056	0.294118	0.0	0.219355	0.150215	1.0	neither	yes	yes	0.12949640287769784	0.0
FBgn0014877_Spearman	/Users/jillianness/Desktop/SEbirthanalysis1024/new_LASTZ_analysis/enhancer_extraction/enhancer_pairs/FBgn0014877_Spearman/chr2R_13190587-13190787__chr2R_13198071-13198730	chr2R:13190587-13190787	chr2R:13198071-13198730	name	59	70	99	163	23	106	0.216981	0.312987	0.389831	0.0	0.251908	0.195028	1.0	neither	yes	yes	0.14285714285714285	0.2
FBgn0014877_Spearman	/Users/jillianness/Desktop/SEbirthanalysis1024/new_LASTZ_analysis/enhancer_extraction/enhancer_pairs/FBgn0014877_Spearman/chr2R_13192033-13192233__chr2R_13197479-13197679	chr2R:13192033-13192233	chr2R:13197479-13197679	name	20	53	35	76	7	66	0.106061	0.190172	0.35	0.0	0.162162	0.12224	1.0	neither	yes	yes	0.0761904761904762	0.16666666666666666
FBgn0014877_Spearman	/Users/jillianness/Desktop/SEbirthanalysis1024/new_LASTZ_analysis/enhancer_extraction/enhancer_pairs/FBgn0014877_Spearman/chr2R_13194170-13194587__chr2R_13197479-13197679	chr2R:13194170-13194587	chr2R:13197479-13197679	name	53	53	124	76	16	90	0.177778	0.23644	0.301887	0.0	0.2	0.16447	1.0	neither	yes	yes	0.11602209944751381	0.13636363636363635
FBgn0014877_Spearman	/Users/jillianness/Desktop/SEbirthanalysis1024/new_LASTZ_analysis/enhancer_extraction/enhancer_pairs/FBgn0014877_Spearman/chr2R_13198071-13198730__chr2R_13199132-13199535	chr2R:13198071-13198730	chr2R:13199132-13199535	name	70	62	163	94	28	104	0.269231	0.430451	0.451613	0.0	0.326848	0.251869	1.0	neither	yes	yes	0.1935483870967742	0.16666666666666666
FBgn0014877_Spearman	/Users/jillianness/Desktop/SEbirthanalysis1024/new_LASTZ_analysis/enhancer_extraction/enhancer_pairs/FBgn0014877_Spearman/chr2R_13190587-13190787__chr2R_13199132-13199535	chr2R:13190587-13190787	chr2R:13199132-13199535	name	59	62	99	94	32	89	0.359551	0.484226	0.542373	0.0	0.404145	0.318607	1.0	neither	yes	yes	0.25806451612903225	0.4444444444444444
FBgn0014877_Spearman	/Users/jillianness/Desktop/SEbirthanalysis1024/new_LASTZ_analysis/enhancer_extraction/enhancer_pairs/FBgn0014877_Spearman/chr2R_13188356-13188670__chr2R_13190587-13190787	chr2R:13188356-13188670	chr2R:13190587-13190787	name	96	59	230	99	40	115	0.347826	0.444107	0.677966	0.0	0.3769	0.305157	1.0	neither	yes	yes	0.23048327137546468	0.08695652173913043
FBgn0014877_Spearman	/Users/jillianness/Desktop/SEbirthanalysis1024/new_LASTZ_analysis/enhancer_extraction/enhancer_pairs/FBgn0014877_Spearman/chr2R_13192033-13192233__chr2R_13196419-13196619	chr2R:13192033-13192233	chr2R:13196419-13196619	name	20	78	35	86	6	92	0.065217	0.145314	0.3	0.0	0.115702	0.080223	1.0	neither	yes	yes	0.0423728813559322	0.2222222222222222
FBgn0014877_Spearman	/Users/jillianness/Desktop/SEbirthanalysis1024/new_LASTZ_analysis/enhancer_extraction/enhancer_pairs/FBgn0014877_Spearman/chr2R_13194170-13194587__chr2R_13196419-13196619	chr2R:13194170-13194587	chr2R:13196419-13196619	name	53	78	124	86	20	111	0.18018	0.195956	0.377358	0.0	0.219048	0.154369	1.0	neither	yes	yes	0.12169312169312169	0.1
FBgn0014877_Spearman	/Users/jillianness/Desktop/SEbirthanalysis1024/new_LASTZ_analysis/enhancer_extraction/enhancer_pairs/FBgn0014877_Spearman/chr2R_13188356-13188670__chr2R_13198071-13198730	chr2R:13188356-13188670	chr2R:13198071-13198730	name	96	70	230	163	43	123	0.349593	0.620634	0.614286	0.0	0.43257	0.348892	1.0	neither	yes	yes	0.27419354838709675	0.2692307692307692
FBgn0014877_Spearman	/Users/jillianness/Desktop/SEbirthanalysis1024/new_LASTZ_analysis/enhancer_extraction/enhancer_pairs/FBgn0014877_Spearman/chr2R_13195866-13196315__chr2R_13196419-13196619	chr2R:13195866-13196315	chr2R:13196419-13196619	name	51	78	79	86	17	112	0.151786	0.255929	0.333333	0.0	0.242424	0.146802	1.0	neither	yes	yes	0.1360544217687075	0.0
FBgn0014877_Spearman	/Users/jillianness/Desktop/SEbirthanalysis1024/new_LASTZ_analysis/enhancer_extraction/enhancer_pairs/FBgn0014877_Spearman/chr2R_13196419-13196619__chr2R_13199132-13199535	chr2R:13196419-13196619	chr2R:13199132-13199535	name	78	62	86	94	40	100	0.4	0.428746	0.645161	0.0	0.455556	0.311769	1.0	neither	yes	yes	0.3	0.3333333333333333
FBgn0014877_Spearman	/Users/jillianness/Desktop/SEbirthanalysis1024/new_LASTZ_analysis/enhancer_extraction/enhancer_pairs/FBgn0014877_Spearman/chr2R_13192033-13192233__chr2R_13194170-13194587	chr2R:13192033-13192233	chr2R:13194170-13194587	name	20	53	35	124	13	60	0.216667	0.503205	0.65	0.0	0.251572	0.274137	1.0	neither	yes	yes	0.15	0.35
FBgn0014877_Spearman	/Users/jillianness/Desktop/SEbirthanalysis1024/new_LASTZ_analysis/enhancer_extraction/enhancer_pairs/FBgn0014877_Spearman/chr2R_13196419-13196619__chr2R_13198071-13198730	chr2R:13196419-13196619	chr2R:13198071-13198730	name	78	70	86	163	34	114	0.298246	0.386928	0.485714	0.0	0.329317	0.257837	1.0	neither	yes	yes	0.19523809523809524	0.11764705882352941
FBgn0014877_Spearman	/Users/jillianness/Desktop/SEbirthanalysis1024/new_LASTZ_analysis/enhancer_extraction/enhancer_pairs/FBgn0014877_Spearman/chr2R_13194170-13194587__chr2R_13199132-13199535	chr2R:13194170-13194587	chr2R:13199132-13199535	name	53	62	124	94	29	86	0.337209	0.452789	0.54717	0.0	0.422018	0.311994	1.0	neither	yes	yes	0.26436781609195403	0.14285714285714285
FBgn0014877_Spearman	/Users/jillianness/Desktop/SEbirthanalysis1024/new_LASTZ_analysis/enhancer_extraction/enhancer_pairs/FBgn0014877_Spearman/chr2R_13192033-13192233__chr2R_13199132-13199535	chr2R:13192033-13192233	chr2R:13199132-13199535	name	20	62	35	94	7	75	0.093333	0.196699	0.35	0.0	0.139535	0.117232	1.0	neither	yes	yes	0.07377049180327869	0.18181818181818182
FBgn0014877_Spearman	/Users/jillianness/Desktop/SEbirthanalysis1024/new_LASTZ_analysis/enhancer_extraction/enhancer_pairs/FBgn0014877_Spearman/chr2R_13188356-13188670__chr2R_13195866-13196315	chr2R:13188356-13188670	chr2R:13195866-13196315	name	96	51	230	79	25	122	0.204918	0.206741	0.490196	0.0	0.187702	0.161056	1.0	neither	yes	yes	0.0989399293286219	0.045454545454545456
FBgn0014877_Spearman	/Users/jillianness/Desktop/SEbirthanalysis1024/new_LASTZ_analysis/enhancer_extraction/enhancer_pairs/FBgn0014877_Spearman/chr2R_13190587-13190787__chr2R_13196419-13196619	chr2R:13190587-13190787	chr2R:13196419-13196619	name	59	78	99	86	36	101	0.356436	0.472581	0.610169	0.0	0.389189	0.313716	1.0	neither	yes	yes	0.23841059602649006	0.2222222222222222
FBgn0014877_Spearman	/Users/jillianness/Desktop/SEbirthanalysis1024/new_LASTZ_analysis/enhancer_extraction/enhancer_pairs/FBgn0014877_Spearman/chr2R_13188356-13188670__chr2R_13197479-13197679	chr2R:13188356-13188670	chr2R:13197479-13197679	name	96	53	230	76	42	107	0.392523	0.477604	0.792453	0.0	0.346405	0.331978	1.0	neither	yes	yes	0.203125	0.21052631578947367
FBgn0014877_Spearman	/Users/jillianness/Desktop/SEbirthanalysis1024/new_LASTZ_analysis/enhancer_extraction/enhancer_pairs/FBgn0014877_Spearman/chr2R_13195866-13196315__chr2R_13199132-13199535	chr2R:13195866-13196315	chr2R:13199132-13199535	name	51	62	79	94	25	88	0.284091	0.531353	0.490196	0.0	0.416185	0.294334	1.0	neither	yes	yes	0.2589928057553957	0.375
FBgn0014877_Spearman	/Users/jillianness/Desktop/SEbirthanalysis1024/new_LASTZ_analysis/enhancer_extraction/enhancer_pairs/FBgn0014877_Spearman/chr2R_13190587-13190787__chr2R_13195866-13196315	chr2R:13190587-13190787	chr2R:13195866-13196315	name	59	51	99	79	16	94	0.170213	0.292568	0.313725	0.0	0.247191	0.160194	1.0	neither	yes	yes	0.1320754716981132	0.2727272727272727
FBgn0014877_Spearman	/Users/jillianness/Desktop/SEbirthanalysis1024/new_LASTZ_analysis/enhancer_extraction/enhancer_pairs/FBgn0014877_Spearman/chr2R_13188356-13188670__chr2R_13196419-13196619	chr2R:13188356-13188670	chr2R:13196419-13196619	name	96	78	230	86	65	109	0.59633	0.62865	0.833333	0.0	0.43038	0.486538	1.0	neither	yes	yes	0.272	0.1111111111111111
FBgn0014877_Spearman	/Users/jillianness/Desktop/SEbirthanalysis1024/new_LASTZ_analysis/enhancer_extraction/enhancer_pairs/FBgn0014877_Spearman/chr2R_13194170-13194587__chr2R_13198071-13198730	chr2R:13194170-13194587	chr2R:13198071-13198730	name	53	70	124	163	31	92	0.336957	0.391449	0.584906	0.0	0.348432	0.276876	1.0	enhancer_hit	yes	yes	0.20920502092050208	0.25
FBgn0014877_Spearman	/Users/jillianness/Desktop/SEbirthanalysis1024/new_LASTZ_analysis/enhancer_extraction/enhancer_pairs/FBgn0014877_Spearman/chr2R_13192033-13192233__chr2R_13198071-13198730	chr2R:13192033-13192233	chr2R:13198071-13198730	name	20	70	35	163	12	78	0.153846	0.418271	0.6	0.0	0.212121	0.22064	1.0	neither	yes	yes	0.1111111111111111	0.2631578947368421
FBgn0014877_Spearman	/Users/jillianness/Desktop/SEbirthanalysis1024/new_LASTZ_analysis/enhancer_extraction/enhancer_pairs/FBgn0014877_Spearman/chr2R_13190587-13190787__chr2R_13197479-13197679	chr2R:13190587-13190787	chr2R:13197479-13197679	name	59	53	99	76	23	89	0.258427	0.23902	0.433962	0.0	0.274286	0.189092	1.0	neither	yes	yes	0.14935064935064934	0.07692307692307693
FBgn0014877_Spearman	/Users/jillianness/Desktop/SEbirthanalysis1024/new_LASTZ_analysis/enhancer_extraction/enhancer_pairs/FBgn0014877_Spearman/chr2R_13195866-13196315__chr2R_13198071-13198730	chr2R:13195866-13196315	chr2R:13198071-13198730	name	51	70	79	163	28	93	0.301075	0.383406	0.54902	0.0	0.305785	0.271693	1.0	neither	yes	yes	0.178743961352657	0.15789473684210525
FBgn0052982_meso	/Users/jillianness/Desktop/SEbirthanalysis1024/new_LASTZ_analysis/enhancer_extraction/enhancer_pairs/FBgn0052982_meso/chr2L_9145723-9146075__chr2L_9150928-9151180	chr2L:9145723-9146075	chr2L:9150928-9151180	name	69	44	112	75	26	87	0.298851	0.680954	0.590909	0.0	0.470588	0.357699	1.0	neither	yes	yes	0.2857142857142857	0.3333333333333333
FBgn0034072_vm	/Users/jillianness/Desktop/SEbirthanalysis1024/new_LASTZ_analysis/enhancer_extraction/enhancer_pairs/FBgn0034072_vm/chr2R_15720559-15720844__chr2R_15722835-15723089	chr2R:15720559-15720844	chr2R:15722835-15723089	name	89	49	205	70	26	112	0.232143	0.413789	0.530612	0.0	0.254545	0.22737	1.0	neither	yes	yes	0.1306122448979592	0.06666666666666667
FBgn0014863_sm	/Users/jillianness/Desktop/SEbirthanalysis1024/new_LASTZ_analysis/enhancer_extraction/enhancer_pairs/FBgn0014863_sm/chr3R_7113126-7113381__chr3R_7122484-7122921	chr3R:7113126-7113381	chr3R:7122484-7122921	name	50	76	67	153	37	89	0.41573	0.458814	0.74	0.0	0.390909	0.337048	1.0	neither	yes	yes	0.24022346368715083	0.2857142857142857
FBgn0003285_vm	/Users/jillianness/Desktop/SEbirthanalysis1024/new_LASTZ_analysis/enhancer_extraction/enhancer_pairs/FBgn0003285_vm/chrX_2942451-2942688__chrX_3058248-3058549	chrX:2942451-2942688	chrX:3058248-3058549	name	87	54	130	94	39	102	0.382353	0.448155	0.722222	0.0	0.410714	0.341587	1.0	neither	yes	yes	0.24175824175824176	0.0
FBgn0003285_vm	/Users/jillianness/Desktop/SEbirthanalysis1024/new_LASTZ_analysis/enhancer_extraction/enhancer_pairs/FBgn0003285_vm/chrX_3035626-3035842__chrX_3036092-3036292	chrX:3035626-3035842	chrX:3036092-3036292	name	21	84	37	183	2	103	0.019417	0.16255	0.095238	0.0	0.045455	0.047662	1.0	neither	yes	yes	0.00909090909090909	0.0
FBgn0003285_vm	/Users/jillianness/Desktop/SEbirthanalysis1024/new_LASTZ_analysis/enhancer_extraction/enhancer_pairs/FBgn0003285_vm/chrX_2937051-2937571__chrX_3058248-3058549	chrX:2937051-2937571	chrX:3058248-3058549	name	64	54	135	94	31	87	0.356322	0.424092	0.574074	0.0	0.375546	0.317673	1.0	neither	yes	yes	0.21578947368421053	0.0
FBgn0003285_vm	/Users/jillianness/Desktop/SEbirthanalysis1024/new_LASTZ_analysis/enhancer_extraction/enhancer_pairs/FBgn0003285_vm/chrX_2942451-2942688__chrX_3035626-3035842	chrX:2942451-2942688	chrX:3035626-3035842	name	87	21	130	37	9	99	0.090909	0.477807	0.428571	0.0	0.191617	0.176194	1.0	neither	yes	yes	0.06962025316455696	0.2
FBgn0003285_vm	/Users/jillianness/Desktop/SEbirthanalysis1024/new_LASTZ_analysis/enhancer_extraction/enhancer_pairs/FBgn0003285_vm/chrX_2937051-2937571__chrX_3035626-3035842	chrX:2937051-2937571	chrX:3035626-3035842	name	64	21	135	37	14	71	0.197183	0.557458	0.666667	0.0	0.232558	0.283907	1.0	neither	yes	yes	0.10828025477707007	0.16666666666666666
FBgn0003285_vm	/Users/jillianness/Desktop/SEbirthanalysis1024/new_LASTZ_analysis/enhancer_extraction/enhancer_pairs/FBgn0003285_vm/chrX_3036092-3036292__chrX_3058248-3058549	chrX:3036092-3036292	chrX:3058248-3058549	name	84	54	183	94	34	104	0.326923	0.420249	0.62963	0.0	0.353791	0.285152	1.0	neither	yes	yes	0.19742489270386265	0.0
FBgn0003285_vm	/Users/jillianness/Desktop/SEbirthanalysis1024/new_LASTZ_analysis/enhancer_extraction/enhancer_pairs/FBgn0003285_vm/chrX_3035626-3035842__chrX_3058248-3058549	chrX:3035626-3035842	chrX:3058248-3058549	name	21	54	37	94	10	65	0.153846	0.316131	0.47619	0.0	0.21374	0.193928	1.0	neither	yes	yes	0.09917355371900827	0.0
FBgn0003285_vm	/Users/jillianness/Desktop/SEbirthanalysis1024/new_LASTZ_analysis/enhancer_extraction/enhancer_pairs/FBgn0003285_vm/chrX_2942451-2942688__chrX_3036092-3036292	chrX:2942451-2942688	chrX:3036092-3036292	name	87	84	130	183	66	105	0.628571	0.659749	0.785714	0.0	0.549521	0.495272	1.0	neither	yes	yes	0.3876651982378855	0.09090909090909091
FBgn0003285_vm	/Users/jillianness/Desktop/SEbirthanalysis1024/new_LASTZ_analysis/enhancer_extraction/enhancer_pairs/FBgn0003285_vm/chrX_2937051-2937571__chrX_3036092-3036292	chrX:2937051-2937571	chrX:3036092-3036292	name	64	84	135	183	29	119	0.243697	0.367692	0.453125	0.0	0.245283	0.198643	1.0	neither	yes	yes	0.12280701754385964	0.1111111111111111
FBgn0003285_vm	/Users/jillianness/Desktop/SEbirthanalysis1024/new_LASTZ_analysis/enhancer_extraction/enhancer_pairs/FBgn0003285_vm/chrX_2937051-2937571__chrX_2942451-2942688	chrX:2937051-2937571	chrX:2942451-2942688	name	64	87	135	130	27	124	0.217742	0.669378	0.421875	0.0	0.332075	0.248344	1.0	neither	yes	yes	0.19196428571428573	0.07692307692307693
FBgn0003721_Spearman	/Users/jillianness/Desktop/SEbirthanalysis1024/new_LASTZ_analysis/enhancer_extraction/enhancer_pairs/FBgn0003721_Spearman/chr3R_15282470-15282698__chr3R_15310903-15311103	chr3R:15282470-15282698	chr3R:15310903-15311103	name	30	39	48	45	15	54	0.277778	0.338255	0.5	0.0	0.365591	0.240361	1.0	neither	yes	yes	0.1875	0.7142857142857143
FBgn0016715_Spearman	/Users/jillianness/Desktop/SEbirthanalysis1024/new_LASTZ_analysis/enhancer_extraction/enhancer_pairs/FBgn0016715_Spearman/chr3L_623882-624388__chr3L_665701-666210	chr3L:623882-624388	chr3L:665701-666210	name	68	62	110	127	40	90	0.444444	0.567342	0.645161	0.0	0.489451	0.379575	1.0	neither	yes	yes	0.29891304347826086	0.5454545454545454
FBgn0026239_vm	/Users/jillianness/Desktop/SEbirthanalysis1024/new_LASTZ_analysis/enhancer_extraction/enhancer_pairs/FBgn0026239_vm/chr3R_18988180-18988605__chr3R_19014156-19014356	chr3R:18988180-18988605	chr3R:19014156-19014356	name	50	25	101	35	16	59	0.271186	0.340942	0.64	0.0	0.264706	0.249861	1.0	neither	yes	yes	0.15966386554621848	0.21739130434782608
FBgn0022960_Spearman	/Users/jillianness/Desktop/SEbirthanalysis1024/new_LASTZ_analysis/enhancer_extraction/enhancer_pairs/FBgn0022960_Spearman/chr2R_6619868-6620115__chr2R_6626145-6626383	chr2R:6619868-6620115	chr2R:6626145-6626383	name	73	41	90	88	25	89	0.280899	0.379676	0.609756	0.0	0.359551	0.262221	1.0	neither	yes	yes	0.19205298013245034	0.09090909090909091
FBgn0002931_Spearman	/Users/jillianness/Desktop/SEbirthanalysis1024/new_LASTZ_analysis/enhancer_extraction/enhancer_pairs/FBgn0002931_Spearman/chr2L_17816-18016__chr2L_20624-20824	chr2L:17816-18016	chr2L:20624-20824	name	27	26	30	31	26	27	0.962963	0.943119	1.0	0.0	0.95082	0.841736	1.0	enhancer_hit	yes	yes	0.9090909090909091	0.0
FBgn0003866_meso	/Users/jillianness/Desktop/SEbirthanalysis1024/new_LASTZ_analysis/enhancer_extraction/enhancer_pairs/FBgn0003866_meso/chr2L_21831155-21831728__chr2L_21835079-21835348	chr2L:21831155-21831728	chr2L:21835079-21835348	name	123	24	404	32	18	129	0.139535	0.235975	0.75	0.0	0.100917	0.148622	1.0	neither	yes	yes	0.050359712230215826	0.07894736842105263
FBgn0003866_meso	/Users/jillianness/Desktop/SEbirthanalysis1024/new_LASTZ_analysis/enhancer_extraction/enhancer_pairs/FBgn0003866_meso/chr2L_21797958-21798158__chr2L_21835079-21835348	chr2L:21797958-21798158	chr2L:21835079-21835348	name	49	24	103	32	8	65	0.123077	0.350617	0.333333	0.0	0.148148	0.16626	1.0	neither	yes	yes	0.0703125	0.0
FBgn0003866_meso	/Users/jillianness/Desktop/SEbirthanalysis1024/new_LASTZ_analysis/enhancer_extraction/enhancer_pairs/FBgn0003866_meso/chr2L_21797958-21798158__chr2L_21831155-21831728	chr2L:21797958-21798158	chr2L:21831155-21831728	name	49	123	103	404	45	127	0.354331	0.472846	0.918367	0.0	0.323471	0.319376	1.0	neither	yes	yes	0.18372093023255814	0.1111111111111111
FBgn0003866_meso	/Users/jillianness/Desktop/SEbirthanalysis1024/new_LASTZ_analysis/enhancer_extraction/enhancer_pairs/FBgn0003866_meso/chr2L_21831155-21831728__chr2L_21840673-21841262	chr2L:21831155-21831728	chr2L:21840673-21841262	name	123	73	404	131	59	137	0.430657	0.431706	0.808219	0.0	0.325234	0.32436	1.0	neither	yes	yes	0.1828193832599119	0.2857142857142857
FBgn0003866_meso	/Users/jillianness/Desktop/SEbirthanalysis1024/new_LASTZ_analysis/enhancer_extraction/enhancer_pairs/FBgn0003866_meso/chr2L_21736607-21736899__chr2L_21797958-21798158	chr2L:21736607-21736899	chr2L:21797958-21798158	name	83	49	149	103	24	108	0.222222	0.623508	0.489796	0.0	0.34127	0.256402	1.0	neither	yes	yes	0.18691588785046728	0.0
FBgn0003866_meso	/Users/jillianness/Desktop/SEbirthanalysis1024/new_LASTZ_analysis/enhancer_extraction/enhancer_pairs/FBgn0003866_meso/chr2L_21797958-21798158__chr2L_21840673-21841262	chr2L:21797958-21798158	chr2L:21840673-21841262	name	49	73	103	131	30	92	0.326087	0.404529	0.612245	0.0	0.350427	0.270328	1.0	neither	yes	yes	0.18	0.1
FBgn0003866_meso	/Users/jillianness/Desktop/SEbirthanalysis1024/new_LASTZ_analysis/enhancer_extraction/enhancer_pairs/FBgn0003866_meso/chr2L_21736607-21736899__chr2L_21835079-21835348	chr2L:21736607-21736899	chr2L:21835079-21835348	name	83	24	149	32	11	96	0.114583	0.271225	0.458333	0.0	0.132597	0.133155	1.0	neither	yes	yes	0.06395348837209303	0.16666666666666666
FBgn0003866_meso	/Users/jillianness/Desktop/SEbirthanalysis1024/new_LASTZ_analysis/enhancer_extraction/enhancer_pairs/FBgn0003866_meso/chr2L_21736607-21736899__chr2L_21840673-21841262	chr2L:21736607-21736899	chr2L:21840673-21841262	name	83	73	149	131	36	120	0.3	0.39281	0.493151	0.0	0.335714	0.240659	1.0	neither	yes	yes	0.189873417721519	0.17391304347826086
FBgn0003866_meso	/Users/jillianness/Desktop/SEbirthanalysis1024/new_LASTZ_analysis/enhancer_extraction/enhancer_pairs/FBgn0003866_meso/chr2L_21835079-21835348__chr2L_21840673-21841262	chr2L:21835079-21835348	chr2L:21840673-21841262	name	24	73	32	131	18	79	0.227848	0.457727	0.75	0.0	0.282209	0.269613	1.0	neither	yes	yes	0.13793103448275862	0.21052631578947367
FBgn0003866_meso	/Users/jillianness/Desktop/SEbirthanalysis1024/new_LASTZ_analysis/enhancer_extraction/enhancer_pairs/FBgn0003866_meso/chr2L_21736607-21736899__chr2L_21831155-21831728	chr2L:21736607-21736899	chr2L:21831155-21831728	name	83	123	149	404	78	128	0.609375	0.724665	0.939759	0.0	0.488246	0.531605	1.0	neither	yes	yes	0.31516587677725116	0.21621621621621623
FBgn0083981_vm	/Users/jillianness/Desktop/SEbirthanalysis1024/new_LASTZ_analysis/enhancer_extraction/enhancer_pairs/FBgn0083981_vm/chrX_20583131-20583750__chrX_20587174-20587464	chrX:20583131-20583750	chrX:20587174-20587464	name	68	95	151	246	41	122	0.336066	0.148875	0.602941	0.0	0.2267	0.179424	1.0	neither	yes	yes	0.12078651685393259	0.08571428571428572
FBgn0011656_vm	/Users/jillianness/Desktop/SEbirthanalysis1024/new_LASTZ_analysis/enhancer_extraction/enhancer_pairs/FBgn0011656_vm/chr2R_9562047-9562495__chr2R_9562516-9562910	chr2R:9562047-9562495	chr2R:9562516-9562910	name	106	43	179	76	33	116	0.284483	0.366455	0.767442	0.0	0.305882	0.257847	1.0	neither	yes	yes	0.18433179723502305	0.38095238095238093
FBgn0011656_vm	/Users/jillianness/Desktop/SEbirthanalysis1024/new_LASTZ_analysis/enhancer_extraction/enhancer_pairs/FBgn0011656_vm/chr2R_9562047-9562495__chr2R_9567242-9567442	chr2R:9562047-9562495	chr2R:9567242-9567442	name	106	25	179	36	16	115	0.13913	0.290983	0.64	0.0	0.176744	0.172363	1.0	neither	yes	yes	0.09595959595959595	0.2777777777777778
FBgn0011656_vm	/Users/jillianness/Desktop/SEbirthanalysis1024/new_LASTZ_analysis/enhancer_extraction/enhancer_pairs/FBgn0011656_vm/chr2R_9557786-9557986__chr2R_9567242-9567442	chr2R:9557786-9557986	chr2R:9567242-9567442	name	48	25	71	36	7	66	0.106061	0.115055	0.28	0.0	0.130841	0.089561	1.0	neither	yes	yes	0.06862745098039216	0.0
FBgn0011656_vm	/Users/jillianness/Desktop/SEbirthanalysis1024/new_LASTZ_analysis/enhancer_extraction/enhancer_pairs/FBgn0011656_vm/chr2R_9557786-9557986__chr2R_9562047-9562495	chr2R:9557786-9557986	chr2R:9562047-9562495	name	48	106	71	179	32	122	0.262295	0.301424	0.666667	0.0	0.296	0.217322	1.0	neither	yes	yes	0.17757009345794392	0.2857142857142857
FBgn0011656_vm	/Users/jillianness/Desktop/SEbirthanalysis1024/new_LASTZ_analysis/enhancer_extraction/enhancer_pairs/FBgn0011656_vm/chr2R_9562516-9562910__chr2R_9567242-9567442	chr2R:9562516-9562910	chr2R:9567242-9567442	name	43	25	76	36	13	55	0.236364	0.283642	0.52	0.0	0.25	0.203367	1.0	neither	yes	yes	0.11764705882352941	0.125
FBgn0011656_vm	/Users/jillianness/Desktop/SEbirthanalysis1024/new_LASTZ_analysis/enhancer_extraction/enhancer_pairs/FBgn0011656_vm/chr2R_9557786-9557986__chr2R_9562516-9562910	chr2R:9557786-9557986	chr2R:9562516-9562910	name	48	43	71	76	19	72	0.263889	0.477959	0.44186	0.0	0.367347	0.268766	1.0	neither	yes	yes	0.22131147540983606	0.375
FBgn0259678_sm	/Users/jillianness/Desktop/SEbirthanalysis1024/new_LASTZ_analysis/enhancer_extraction/enhancer_pairs/FBgn0259678_sm/chr2R_9318986-9319419__chr2R_9374511-9374908	chr2R:9318986-9319419	chr2R:9374511-9374908	name	37	51	74	84	18	70	0.257143	0.325587	0.486486	0.0	0.278481	0.222592	1.0	neither	yes	yes	0.15942028985507245	0.17647058823529413
FBgn0259678_sm	/Users/jillianness/Desktop/SEbirthanalysis1024/new_LASTZ_analysis/enhancer_extraction/enhancer_pairs/FBgn0259678_sm/chr2R_9372513-9372734__chr2R_9374511-9374908	chr2R:9372513-9372734	chr2R:9374511-9374908	name	24	51	43	84	15	60	0.25	0.422095	0.625	0.0	0.330709	0.263322	1.0	neither	yes	yes	0.1834862385321101	0.16666666666666666
FBgn0259678_sm	/Users/jillianness/Desktop/SEbirthanalysis1024/new_LASTZ_analysis/enhancer_extraction/enhancer_pairs/FBgn0259678_sm/chr2R_9318986-9319419__chr2R_9372513-9372734	chr2R:9318986-9319419	chr2R:9372513-9372734	name	37	24	74	43	20	41	0.487805	0.690369	0.833333	0.0	0.529915	0.461988	1.0	flank_hit	yes	yes	0.33707865168539325	0.4
FBgn0030151_Spearman	/Users/jillianness/Desktop/SEbirthanalysis1024/new_LASTZ_analysis/enhancer_extraction/enhancer_pairs/FBgn0030151_Spearman/chrX_9680427-9680627__chrX_9708888-9709088	chrX:9680427-9680627	chrX:9708888-9709088	name	29	44	44	89	11	62	0.177419	0.276558	0.37931	0.0	0.210526	0.172861	1.0	neither	yes	yes	0.11570247933884298	0.09090909090909091
FBgn0030151_Spearman	/Users/jillianness/Desktop/SEbirthanalysis1024/new_LASTZ_analysis/enhancer_extraction/enhancer_pairs/FBgn0030151_Spearman/chrX_9680427-9680627__chrX_9709480-9709680	chrX:9680427-9680627	chrX:9709480-9709680	name	29	92	44	173	8	113	0.070796	0.04644	0.275862	0.0	0.073733	0.051944	1.0	neither	yes	yes	0.037914691943127965	0.1875
FBgn0030151_Spearman	/Users/jillianness/Desktop/SEbirthanalysis1024/new_LASTZ_analysis/enhancer_extraction/enhancer_pairs/FBgn0030151_Spearman/chrX_9708888-9709088__chrX_9709480-9709680	chrX:9708888-9709088	chrX:9709480-9709680	name	44	92	89	173	30	106	0.283019	0.53596	0.681818	0.0	0.389313	0.281388	1.0	neither	yes	yes	0.2336448598130841	0.1875
FBgn0025874_sm	/Users/jillianness/Desktop/SEbirthanalysis1024/new_LASTZ_analysis/enhancer_extraction/enhancer_pairs/FBgn0025874_sm/chr3L_13886841-13887250__chr3L_13892257-13892580	chr3L:13886841-13887250	chr3L:13892257-13892580	name	47	55	110	76	21	81	0.259259	0.220193	0.446809	0.0	0.258065	0.215669	1.0	neither	yes	yes	0.1393939393939394	0.13333333333333333
FBgn0025874_sm	/Users/jillianness/Desktop/SEbirthanalysis1024/new_LASTZ_analysis/enhancer_extraction/enhancer_pairs/FBgn0025874_sm/chr3L_13887299-13887499__chr3L_13892257-13892580	chr3L:13887299-13887499	chr3L:13892257-13892580	name	29	55	48	76	16	68	0.235294	0.307255	0.551724	0.0	0.306452	0.211411	1.0	neither	yes	yes	0.1559633027522936	0.2222222222222222
FBgn0025874_sm	/Users/jillianness/Desktop/SEbirthanalysis1024/new_LASTZ_analysis/enhancer_extraction/enhancer_pairs/FBgn0025874_sm/chr3L_13886841-13887250__chr3L_13887299-13887499	chr3L:13886841-13887250	chr3L:13887299-13887499	name	47	29	110	48	22	54	0.407407	0.385886	0.758621	0.0	0.367089	0.355999	1.0	neither	yes	yes	0.23076923076923078	0.16666666666666666
FBgn0014877_vm_sm	/Users/jillianness/Desktop/SEbirthanalysis1024/new_LASTZ_analysis/enhancer_extraction/enhancer_pairs/FBgn0014877_vm_sm/chr2R_13164461-13164824__chr2R_13189815-13190137	chr2R:13164461-13164824	chr2R:13189815-13190137	name	84	50	137	102	28	106	0.264151	0.34694	0.56	0.0	0.292887	0.245969	1.0	neither	yes	yes	0.1642512077294686	0.08
FBgn0032393_vm	/Users/jillianness/Desktop/SEbirthanalysis1024/new_LASTZ_analysis/enhancer_extraction/enhancer_pairs/FBgn0032393_vm/chr2L_12003862-12004365__chr2L_12007022-12007307	chr2L:12003862-12004365	chr2L:12007022-12007307	name	60	66	134	98	22	104	0.211538	0.547864	0.366667	0.0	0.362069	0.28527	1.0	enhancer_hit	yes	yes	0.19387755102040816	0.2631578947368421
FBgn0032393_vm	/Users/jillianness/Desktop/SEbirthanalysis1024/new_LASTZ_analysis/enhancer_extraction/enhancer_pairs/FBgn0032393_vm/chr2L_12003862-12004365__chr2L_12009847-12010112	chr2L:12003862-12004365	chr2L:12009847-12010112	name	60	34	134	41	19	75	0.253333	0.263637	0.558824	0.0	0.24	0.206353	1.0	neither	yes	yes	0.1346153846153846	0.10526315789473684
FBgn0032393_vm	/Users/jillianness/Desktop/SEbirthanalysis1024/new_LASTZ_analysis/enhancer_extraction/enhancer_pairs/FBgn0032393_vm/chr2L_12007022-12007307__chr2L_12009847-12010112	chr2L:12007022-12007307	chr2L:12009847-12010112	name	66	34	98	41	16	84	0.190476	0.414259	0.470588	0.0	0.273381	0.223888	1.0	neither	yes	yes	0.1557377049180328	0.35714285714285715
CG10479	/Users/jillianness/Desktop/SEbirthanalysis1024/new_LASTZ_analysis/enhancer_extraction/enhancer_pairs/CG10479/chr3L_5979576-5979770__chr3L_5989752-5990383	chr3L:5979576-5979770	chr3L:5989752-5990383	name	86	102	127	217	62	126	0.492063	0.497928	0.72093	0.0	0.44186	0.371526	1.0	neither	yes	yes	0.2814814814814815	0.5555555555555556
CG10479	/Users/jillianness/Desktop/SEbirthanalysis1024/new_LASTZ_analysis/enhancer_extraction/enhancer_pairs/CG10479/chr3L_5979576-5979770__chr3L_5991306-5991899	chr3L:5979576-5979770	chr3L:5991306-5991899	name	86	72	127	149	35	123	0.284553	0.447956	0.486111	0.0	0.347826	0.267325	1.0	neither	yes	yes	0.19313304721030042	0.2962962962962963
CG10479	/Users/jillianness/Desktop/SEbirthanalysis1024/new_LASTZ_analysis/enhancer_extraction/enhancer_pairs/CG10479/chr3L_5989752-5990383__chr3L_5991306-5991899	chr3L:5989752-5990383	chr3L:5991306-5991899	name	102	72	217	149	56	118	0.474576	0.579119	0.777778	0.0	0.480874	0.437293	1.0	neither	yes	yes	0.3096085409252669	0.39285714285714285
FBgn0261800_sm	/Users/jillianness/Desktop/SEbirthanalysis1024/new_LASTZ_analysis/enhancer_extraction/enhancer_pairs/FBgn0261800_sm/chr2L_7810046-7810246__chr2L_7811525-7811900	chr2L:7810046-7810246	chr2L:7811525-7811900	name	53	52	80	97	26	79	0.329114	0.616105	0.5	0.0	0.463277	0.343987	1.0	neither	yes	yes	0.28776978417266186	0.23529411764705882
FBgn0261800_sm	/Users/jillianness/Desktop/SEbirthanalysis1024/new_LASTZ_analysis/enhancer_extraction/enhancer_pairs/FBgn0261800_sm/chr2L_7808917-7809117__chr2L_7810046-7810246	chr2L:7808917-7809117	chr2L:7810046-7810246	name	39	53	47	80	19	73	0.260274	0.361211	0.487179	0.0	0.330709	0.241435	1.0	neither	yes	yes	0.17272727272727273	0.1111111111111111
FBgn0261800_sm	/Users/jillianness/Desktop/SEbirthanalysis1024/new_LASTZ_analysis/enhancer_extraction/enhancer_pairs/FBgn0261800_sm/chr2L_7808917-7809117__chr2L_7811525-7811900	chr2L:7808917-7809117	chr2L:7811525-7811900	name	39	52	47	97	23	68	0.338235	0.477843	0.589744	0.0	0.388889	0.312356	1.0	neither	yes	yes	0.21666666666666667	0.1875
FBgn0053208_sm	/Users/jillianness/Desktop/SEbirthanalysis1024/new_LASTZ_analysis/enhancer_extraction/enhancer_pairs/FBgn0053208_sm/chr3R_9918181-9918520__chr3R_10030129-10030427	chr3R:9918181-9918520	chr3R:10030129-10030427	name	94	37	256	62	20	111	0.18018	0.185277	0.540541	0.0	0.157233	0.145867	1.0	neither	yes	yes	0.07023411371237458	0.17857142857142858
FBgn0000116_Spearman	/Users/jillianness/Desktop/SEbirthanalysis1024/new_LASTZ_analysis/enhancer_extraction/enhancer_pairs/FBgn0000116_Spearman/chr3L_9019828-9020140__chr3L_9024467-9024945	chr3L:9019828-9020140	chr3L:9024467-9024945	name	91	111	452	320	82	120	0.683333	0.859258	0.901099	0.0	0.634715	0.638289	1.0	neither	yes	yes	0.43068391866913125	0.2972972972972973
FBgn0000116_Spearman	/Users/jillianness/Desktop/SEbirthanalysis1024/new_LASTZ_analysis/enhancer_extraction/enhancer_pairs/FBgn0000116_Spearman/chr3L_9021970-9022336__chr3L_9024467-9024945	chr3L:9021970-9022336	chr3L:9024467-9024945	name	66	111	99	320	53	124	0.427419	0.588634	0.80303	0.0	0.362768	0.383776	1.0	neither	yes	yes	0.20977011494252873	0.2692307692307692
FBgn0000116_Spearman	/Users/jillianness/Desktop/SEbirthanalysis1024/new_LASTZ_analysis/enhancer_extraction/enhancer_pairs/FBgn0000116_Spearman/chr3L_9019828-9020140__chr3L_9021970-9022336	chr3L:9019828-9020140	chr3L:9021970-9022336	name	91	66	452	99	45	112	0.401786	0.493126	0.681818	0.0	0.225045	0.313919	1.0	neither	yes	yes	0.1194331983805668	0.12121212121212122
FBgn0002922_vm	/Users/jillianness/Desktop/SEbirthanalysis1024/new_LASTZ_analysis/enhancer_extraction/enhancer_pairs/FBgn0002922_vm/chr3R_23718371-23718820__chr3R_23730272-23730626	chr3R:23718371-23718820	chr3R:23730272-23730626	name	83	86	143	134	48	121	0.396694	0.463204	0.578313	0.0	0.462094	0.333249	1.0	neither	yes	yes	0.29767441860465116	0.4375
FBgn0002922_vm	/Users/jillianness/Desktop/SEbirthanalysis1024/new_LASTZ_analysis/enhancer_extraction/enhancer_pairs/FBgn0002922_vm/chr3R_23723782-23724049__chr3R_23730272-23730626	chr3R:23723782-23724049	chr3R:23730272-23730626	name	84	86	175	134	51	119	0.428571	0.409154	0.607143	0.0	0.420712	0.345867	1.0	neither	yes	yes	0.24899598393574296	0.25
FBgn0002922_vm	/Users/jillianness/Desktop/SEbirthanalysis1024/new_LASTZ_analysis/enhancer_extraction/enhancer_pairs/FBgn0002922_vm/chr3R_23718371-23718820__chr3R_23723782-23724049	chr3R:23718371-23718820	chr3R:23723782-23724049	name	83	84	143	175	44	123	0.357724	0.301148	0.53012	0.0	0.345912	0.290958	1.0	neither	yes	yes	0.19850187265917604	0.19047619047619047
FBgn0250906_sm	/Users/jillianness/Desktop/SEbirthanalysis1024/new_LASTZ_analysis/enhancer_extraction/enhancer_pairs/FBgn0250906_sm/chr2L_2731925-2732219__chr2L_2754369-2754751	chr2L:2731925-2732219	chr2L:2754369-2754751	name	27	62	39	154	14	75	0.186667	0.450486	0.518519	0.0	0.207254	0.243153	1.0	neither	yes	yes	0.11428571428571428	0.3333333333333333
FBgn0261245_vm_sm	/Users/jillianness/Desktop/SEbirthanalysis1024/new_LASTZ_analysis/enhancer_extraction/enhancer_pairs/FBgn0261245_vm_sm/chrX_16630526-16630911__chrX_16631143-16631343	chrX:16630526-16630911	chrX:16631143-16631343	name	112	17	335	26	7	122	0.057377	0.09434	0.411765	0.0	0.055402	0.068097	1.0	neither	yes	yes	0.028328611898016998	0.0
FBgn0261245_vm_sm	/Users/jillianness/Desktop/SEbirthanalysis1024/new_LASTZ_analysis/enhancer_extraction/enhancer_pairs/FBgn0261245_vm_sm/chrX_16629633-16629833__chrX_16631143-16631343	chrX:16629633-16629833	chrX:16631143-16631343	name	25	17	34	26	10	32	0.3125	0.540383	0.588235	0.0	0.4	0.310205	1.0	neither	yes	yes	0.21568627450980393	0.14285714285714285
FBgn0261245_vm_sm	/Users/jillianness/Desktop/SEbirthanalysis1024/new_LASTZ_analysis/enhancer_extraction/enhancer_pairs/FBgn0261245_vm_sm/chrX_16618927-16619240__chrX_16630526-16630911	chrX:16618927-16619240	chrX:16630526-16630911	name	82	112	150	335	67	127	0.527559	0.612334	0.817073	0.0	0.449485	0.437449	1.0	neither	yes	yes	0.28835978835978837	0.2916666666666667
FBgn0261245_vm_sm	/Users/jillianness/Desktop/SEbirthanalysis1024/new_LASTZ_analysis/enhancer_extraction/enhancer_pairs/FBgn0261245_vm_sm/chrX_16618927-16619240__chrX_16629633-16629833	chrX:16618927-16619240	chrX:16629633-16629833	name	82	25	150	34	10	97	0.103093	0.098037	0.4	0.0	0.108696	0.09722	1.0	neither	yes	yes	0.05084745762711865	0.0625
FBgn0261245_vm_sm	/Users/jillianness/Desktop/SEbirthanalysis1024/new_LASTZ_analysis/enhancer_extraction/enhancer_pairs/FBgn0261245_vm_sm/chrX_16618927-16619240__chrX_16631143-16631343	chrX:16618927-16619240	chrX:16631143-16631343	name	82	17	150	26	9	90	0.1	0.167298	0.529412	0.0	0.125	0.129799	1.0	neither	yes	yes	0.07228915662650602	0.08333333333333333
FBgn0261245_vm_sm	/Users/jillianness/Desktop/SEbirthanalysis1024/new_LASTZ_analysis/enhancer_extraction/enhancer_pairs/FBgn0261245_vm_sm/chrX_16629633-16629833__chrX_16630526-16630911	chrX:16629633-16629833	chrX:16630526-16630911	name	25	112	34	335	11	126	0.087302	0.114758	0.44	0.0	0.065041	0.086676	1.0	neither	yes	yes	0.033426183844011144	0.08333333333333333
FBgn0010379_sm	/Users/jillianness/Desktop/SEbirthanalysis1024/new_LASTZ_analysis/enhancer_extraction/enhancer_pairs/FBgn0010379_sm/chr3R_16073986-16074304__chr3R_16094907-16095107	chr3R:16073986-16074304	chr3R:16094907-16095107	name	43	28	83	40	15	56	0.267857	0.349391	0.535714	0.0	0.308943	0.256633	1.0	neither	yes	yes	0.1574074074074074	0.25
FBgn0010379_sm	/Users/jillianness/Desktop/SEbirthanalysis1024/new_LASTZ_analysis/enhancer_extraction/enhancer_pairs/FBgn0010379_sm/chr3R_16073986-16074304__chr3R_16091648-16091848	chr3R:16073986-16074304	chr3R:16091648-16091848	name	43	82	83	237	16	109	0.146789	0.255091	0.372093	0.0	0.14375	0.141612	1.0	neither	yes	yes	0.06622516556291391	0.0
FBgn0010379_sm	/Users/jillianness/Desktop/SEbirthanalysis1024/new_LASTZ_analysis/enhancer_extraction/enhancer_pairs/FBgn0010379_sm/chr3R_16072483-16072683__chr3R_16091648-16091848	chr3R:16072483-16072683	chr3R:16091648-16091848	name	53	82	128	237	31	104	0.298077	0.306574	0.584906	0.0	0.246575	0.253455	1.0	neither	yes	yes	0.13975155279503104	0.0
FBgn0010379_sm	/Users/jillianness/Desktop/SEbirthanalysis1024/new_LASTZ_analysis/enhancer_extraction/enhancer_pairs/FBgn0010379_sm/chr3R_16072483-16072683__chr3R_16094907-16095107	chr3R:16072483-16072683	chr3R:16094907-16095107	name	53	28	128	40	13	68	0.191176	0.243367	0.464286	0.0	0.166667	0.190332	1.0	neither	yes	yes	0.0759493670886076	0.125
FBgn0010379_sm	/Users/jillianness/Desktop/SEbirthanalysis1024/new_LASTZ_analysis/enhancer_extraction/enhancer_pairs/FBgn0010379_sm/chr3R_16091648-16091848__chr3R_16094907-16095107	chr3R:16091648-16091848	chr3R:16094907-16095107	name	82	28	237	40	5	105	0.047619	0.092524	0.178571	0.0	0.043321	0.054331	1.0	neither	yes	yes	0.010869565217391304	0.0
FBgn0010379_sm	/Users/jillianness/Desktop/SEbirthanalysis1024/new_LASTZ_analysis/enhancer_extraction/enhancer_pairs/FBgn0010379_sm/chr3R_16072483-16072683__chr3R_16073986-16074304	chr3R:16072483-16072683	chr3R:16073986-16074304	name	53	43	128	83	18	78	0.230769	0.724645	0.418605	0.0	0.331754	0.301367	1.0	neither	yes	yes	0.17032967032967034	0.14285714285714285
FBgn0037275_sm	/Users/jillianness/Desktop/SEbirthanalysis1024/new_LASTZ_analysis/enhancer_extraction/enhancer_pairs/FBgn0037275_sm/chr3R_4780432-4780632__chr3R_4806774-4807046	chr3R:4780432-4780632	chr3R:4806774-4807046	name	63	62	82	81	31	94	0.329787	0.376591	0.5	0.0	0.417178	0.267148	1.0	neither	yes	yes	0.2692307692307692	0.5
FBgn0036124_Spearman	/Users/jillianness/Desktop/SEbirthanalysis1024/new_LASTZ_analysis/enhancer_extraction/enhancer_pairs/FBgn0036124_Spearman/chr3L_11066817-11067017__chr3L_11100667-11101152	chr3L:11066817-11067017	chr3L:11100667-11101152	name	23	96	24	144	14	105	0.133333	0.271746	0.608696	0.0	0.166667	0.165546	1.0	neither	yes	yes	0.08974358974358974	0.2
FBgn0004569_sm	/Users/jillianness/Desktop/SEbirthanalysis1024/new_LASTZ_analysis/enhancer_extraction/enhancer_pairs/FBgn0004569_sm/chr3L_16424269-16424469__chr3L_16463198-16463716	chr3L:16424269-16424469	chr3L:16463198-16463716	name	71	115	130	343	66	120	0.55	0.832906	0.929577	0.0	0.515856	0.559422	1.0	neither	yes	yes	0.3418079096045198	0.4782608695652174
FBgn0005631_sm	/Users/jillianness/Desktop/SEbirthanalysis1024/new_LASTZ_analysis/enhancer_extraction/enhancer_pairs/FBgn0005631_sm/chr2R_22308973-22309246__chr2R_22320703-22320999	chr2R:22308973-22309246	chr2R:22320703-22320999	name	24	73	45	109	14	83	0.168675	0.203555	0.583333	0.0	0.181818	0.15599	1.0	neither	yes	yes	0.09090909090909091	0.21428571428571427
FBgn0005631_sm	/Users/jillianness/Desktop/SEbirthanalysis1024/new_LASTZ_analysis/enhancer_extraction/enhancer_pairs/FBgn0005631_sm/chr2R_22298445-22298713__chr2R_22308973-22309246	chr2R:22298445-22298713	chr2R:22308973-22309246	name	90	24	164	45	16	98	0.163265	0.466544	0.666667	0.0	0.239234	0.226192	1.0	neither	yes	yes	0.13440860215053763	0.4
FBgn0005631_sm	/Users/jillianness/Desktop/SEbirthanalysis1024/new_LASTZ_analysis/enhancer_extraction/enhancer_pairs/FBgn0005631_sm/chr2R_22298445-22298713__chr2R_22320703-22320999	chr2R:22298445-22298713	chr2R:22320703-22320999	name	90	73	164	109	52	111	0.468468	0.449386	0.712329	0.0	0.446886	0.354981	1.0	neither	yes	yes	0.27906976744186046	0.3181818181818182
FBgn0027088_sm	/Users/jillianness/Desktop/SEbirthanalysis1024/new_LASTZ_analysis/enhancer_extraction/enhancer_pairs/FBgn0027088_sm/chr3L_15062508-15062841__chr3L_15065782-15065982	chr3L:15062508-15062841	chr3L:15065782-15065982	name	97	43	207	56	25	115	0.217391	0.366789	0.581395	0.0	0.228137	0.216213	1.0	neither	yes	yes	0.1228813559322034	0.13333333333333333
FBgn0027088_sm	/Users/jillianness/Desktop/SEbirthanalysis1024/new_LASTZ_analysis/enhancer_extraction/enhancer_pairs/FBgn0027088_sm/chr3L_15058846-15059046__chr3L_15062508-15062841	chr3L:15058846-15059046	chr3L:15062508-15062841	name	90	97	202	207	70	117	0.598291	0.826789	0.777778	0.0	0.709046	0.553913	1.0	neither	yes	yes	0.5335820895522388	0.4666666666666667
FBgn0027088_sm	/Users/jillianness/Desktop/SEbirthanalysis1024/new_LASTZ_analysis/enhancer_extraction/enhancer_pairs/FBgn0027088_sm/chr3L_15051009-15051402__chr3L_15065782-15065982	chr3L:15051009-15051402	chr3L:15065782-15065982	name	62	43	88	56	19	86	0.22093	0.353659	0.44186	0.0	0.305556	0.210416	1.0	neither	yes	yes	0.15873015873015872	0.07692307692307693
FBgn0027088_sm	/Users/jillianness/Desktop/SEbirthanalysis1024/new_LASTZ_analysis/enhancer_extraction/enhancer_pairs/FBgn0027088_sm/chr3L_15051009-15051402__chr3L_15062508-15062841	chr3L:15051009-15051402	chr3L:15062508-15062841	name	62	97	88	207	40	119	0.336134	0.366235	0.645161	0.0	0.318644	0.256749	1.0	neither	yes	yes	0.188	0.35294117647058826
FBgn0027088_sm	/Users/jillianness/Desktop/SEbirthanalysis1024/new_LASTZ_analysis/enhancer_extraction/enhancer_pairs/FBgn0027088_sm/chr3L_15058846-15059046__chr3L_15065782-15065982	chr3L:15058846-15059046	chr3L:15065782-15065982	name	90	43	202	56	29	104	0.278846	0.482293	0.674419	0.0	0.286822	0.281299	1.0	neither	yes	yes	0.16591928251121077	0.18181818181818182
FBgn0027088_sm	/Users/jillianness/Desktop/SEbirthanalysis1024/new_LASTZ_analysis/enhancer_extraction/enhancer_pairs/FBgn0027088_sm/chr3L_15051009-15051402__chr3L_15058846-15059046	chr3L:15051009-15051402	chr3L:15058846-15059046	name	62	90	88	202	25	127	0.19685	0.271451	0.403226	0.0	0.2	0.166469	1.0	neither	yes	yes	0.10606060606060606	0.05555555555555555
FBgn0027088_sm	/Users/jillianness/Desktop/SEbirthanalysis1024/new_LASTZ_analysis/enhancer_extraction/enhancer_pairs/FBgn0027088_sm/chr3L_15048542-15048758__chr3L_15065782-15065982	chr3L:15048542-15048758	chr3L:15065782-15065982	name	38	43	43	56	16	65	0.246154	0.45608	0.421053	0.0	0.363636	0.242306	1.0	neither	yes	yes	0.16091954022988506	0.16666666666666666
FBgn0027088_sm	/Users/jillianness/Desktop/SEbirthanalysis1024/new_LASTZ_analysis/enhancer_extraction/enhancer_pairs/FBgn0027088_sm/chr3L_15048542-15048758__chr3L_15058846-15059046	chr3L:15048542-15048758	chr3L:15058846-15059046	name	38	90	43	202	19	109	0.174312	0.319303	0.5	0.0	0.171429	0.168736	1.0	neither	yes	yes	0.09292035398230089	0.09090909090909091
FBgn0027088_sm	/Users/jillianness/Desktop/SEbirthanalysis1024/new_LASTZ_analysis/enhancer_extraction/enhancer_pairs/FBgn0027088_sm/chr3L_15048542-15048758__chr3L_15062508-15062841	chr3L:15048542-15048758	chr3L:15062508-15062841	name	38	97	43	207	21	114	0.184211	0.304034	0.552632	0.0	0.192	0.176779	1.0	neither	yes	yes	0.10526315789473684	0.06666666666666667
FBgn0027088_sm	/Users/jillianness/Desktop/SEbirthanalysis1024/new_LASTZ_analysis/enhancer_extraction/enhancer_pairs/FBgn0027088_sm/chr3L_15048542-15048758__chr3L_15051009-15051402	chr3L:15048542-15048758	chr3L:15051009-15051402	name	38	62	43	88	23	77	0.298701	0.415741	0.605263	0.0	0.366412	0.27241	1.0	flank_hit	yes	yes	0.23148148148148148	0.18181818181818182
FBgn0003002_vm	/Users/jillianness/Desktop/SEbirthanalysis1024/new_LASTZ_analysis/enhancer_extraction/enhancer_pairs/FBgn0003002_vm/chr3R_4878667-4879056__chr3R_4914310-4914978	chr3R:4878667-4879056	chr3R:4914310-4914978	name	103	91	243	182	67	127	0.527559	0.467388	0.736264	0.0	0.418824	0.387216	1.0	neither	yes	yes	0.25588235294117645	0.25
FBgn0003002_vm	/Users/jillianness/Desktop/SEbirthanalysis1024/new_LASTZ_analysis/enhancer_extraction/enhancer_pairs/FBgn0003002_vm/chr3R_4875269-4875597__chr3R_4914310-4914978	chr3R:4875269-4875597	chr3R:4914310-4914978	name	99	91	140	182	69	121	0.570248	0.521586	0.758242	0.0	0.509317	0.419091	1.0	neither	yes	yes	0.33884297520661155	0.27586206896551724
FBgn0003002_vm	/Users/jillianness/Desktop/SEbirthanalysis1024/new_LASTZ_analysis/enhancer_extraction/enhancer_pairs/FBgn0003002_vm/chr3R_4875269-4875597__chr3R_4878667-4879056	chr3R:4875269-4875597	chr3R:4878667-4879056	name	99	103	140	243	80	122	0.655738	0.733828	0.808081	0.0	0.553525	0.543505	1.0	neither	yes	yes	0.3701067615658363	0.28
FBgn0032497_sm	/Users/jillianness/Desktop/SEbirthanalysis1024/new_LASTZ_analysis/enhancer_extraction/enhancer_pairs/FBgn0032497_sm/chr2L_13254815-13255036__chr2L_13260602-13260802	chr2L:13254815-13255036	chr2L:13260602-13260802	name	26	58	50	81	13	71	0.183099	0.318537	0.5	0.0	0.274809	0.20086	1.0	neither	yes	yes	0.11764705882352941	0.2222222222222222
FBgn0016930_sm	/Users/jillianness/Desktop/SEbirthanalysis1024/new_LASTZ_analysis/enhancer_extraction/enhancer_pairs/FBgn0016930_sm/chr2L_14238009-14238297__chr2L_14265078-14265431	chr2L:14238009-14238297	chr2L:14265078-14265431	name	98	72	182	109	52	118	0.440678	0.41862	0.722222	0.0	0.439863	0.342585	1.0	neither	yes	yes	0.2629310344827586	0.17647058823529413
FBgn0016930_sm	/Users/jillianness/Desktop/SEbirthanalysis1024/new_LASTZ_analysis/enhancer_extraction/enhancer_pairs/FBgn0016930_sm/chr2L_14238009-14238297__chr2L_14248855-14249055	chr2L:14238009-14238297	chr2L:14248855-14249055	name	98	34	182	46	24	108	0.222222	0.416679	0.705882	0.0	0.263158	0.239836	1.0	neither	yes	yes	0.12745098039215685	0.07142857142857142
FBgn0016930_sm	/Users/jillianness/Desktop/SEbirthanalysis1024/new_LASTZ_analysis/enhancer_extraction/enhancer_pairs/FBgn0016930_sm/chr2L_14248855-14249055__chr2L_14265078-14265431	chr2L:14248855-14249055	chr2L:14265078-14265431	name	34	72	46	109	21	85	0.247059	0.26358	0.617647	0.0	0.270968	0.217568	1.0	neither	yes	yes	0.145985401459854	0.08333333333333333
FBgn0016930_sm	/Users/jillianness/Desktop/SEbirthanalysis1024/new_LASTZ_analysis/enhancer_extraction/enhancer_pairs/FBgn0016930_sm/chr2L_14238009-14238297__chr2L_14245654-14246036	chr2L:14238009-14238297	chr2L:14245654-14246036	name	98	58	182	94	38	118	0.322034	0.395944	0.655172	0.0	0.34058	0.249956	1.0	neither	yes	yes	0.19313304721030042	0.2222222222222222
FBgn0016930_sm	/Users/jillianness/Desktop/SEbirthanalysis1024/new_LASTZ_analysis/enhancer_extraction/enhancer_pairs/FBgn0016930_sm/chr2L_14245654-14246036__chr2L_14265078-14265431	chr2L:14245654-14246036	chr2L:14265078-14265431	name	58	72	94	109	27	103	0.262136	0.28738	0.465517	0.0	0.315271	0.222858	1.0	neither	yes	yes	0.1781609195402299	0.17647058823529413
FBgn0016930_sm	/Users/jillianness/Desktop/SEbirthanalysis1024/new_LASTZ_analysis/enhancer_extraction/enhancer_pairs/FBgn0016930_sm/chr2L_14245654-14246036__chr2L_14248855-14249055	chr2L:14245654-14246036	chr2L:14248855-14249055	name	58	34	94	46	18	74	0.243243	0.389721	0.529412	0.0	0.314286	0.263598	1.0	neither	yes	yes	0.19327731092436976	0.36363636363636365
FBgn0034135_vm	/Users/jillianness/Desktop/SEbirthanalysis1024/new_LASTZ_analysis/enhancer_extraction/enhancer_pairs/FBgn0034135_vm/chr2R_16159018-16159309__chr2R_16192711-16192911	chr2R:16159018-16159309	chr2R:16192711-16192911	name	50	34	91	41	12	72	0.166667	0.357634	0.352941	0.0	0.212121	0.159107	1.0	neither	yes	yes	0.10743801652892562	0.0
FBgn0010235_Spearman	/Users/jillianness/Desktop/SEbirthanalysis1024/new_LASTZ_analysis/enhancer_extraction/enhancer_pairs/FBgn0010235_Spearman/chr3L_12658389-12658612__chr3L_12678456-12678703	chr3L:12658389-12658612	chr3L:12678456-12678703	name	89	90	216	260	69	110	0.627273	0.780613	0.775281	0.0	0.680672	0.567811	1.0	neither	yes	yes	0.5078864353312302	0.08333333333333333
FBgn0016794_Spearman	/Users/jillianness/Desktop/SEbirthanalysis1024/new_LASTZ_analysis/enhancer_extraction/enhancer_pairs/FBgn0016794_Spearman/chr3L_2553779-2553979__chr3L_2562100-2562492	chr3L:2553779-2553979	chr3L:2562100-2562492	name	42	36	72	54	13	65	0.2	0.225218	0.361111	0.0	0.253968	0.168934	1.0	neither	yes	yes	0.13274336283185842	0.1875
FBgn0016794_Spearman	/Users/jillianness/Desktop/SEbirthanalysis1024/new_LASTZ_analysis/enhancer_extraction/enhancer_pairs/FBgn0016794_Spearman/chr3L_2553779-2553979__chr3L_2568872-2569202	chr3L:2553779-2553979	chr3L:2568872-2569202	name	42	93	72	185	29	106	0.273585	0.543196	0.690476	0.0	0.342412	0.279304	1.0	neither	yes	yes	0.17727272727272728	0.1875
FBgn0016794_Spearman	/Users/jillianness/Desktop/SEbirthanalysis1024/new_LASTZ_analysis/enhancer_extraction/enhancer_pairs/FBgn0016794_Spearman/chr3L_2552007-2552315__chr3L_2568872-2569202	chr3L:2552007-2552315	chr3L:2568872-2569202	name	94	93	168	185	70	117	0.598291	0.728251	0.752688	0.0	0.623229	0.510362	1.0	neither	yes	yes	0.43724696356275305	0.38461538461538464
FBgn0016794_Spearman	/Users/jillianness/Desktop/SEbirthanalysis1024/new_LASTZ_analysis/enhancer_extraction/enhancer_pairs/FBgn0016794_Spearman/chr3L_2552007-2552315__chr3L_2553779-2553979	chr3L:2552007-2552315	chr3L:2553779-2553979	name	94	42	168	72	25	111	0.225225	0.578103	0.595238	0.0	0.325	0.263524	1.0	neither	yes	yes	0.18048780487804877	0.11764705882352941
FBgn0016794_Spearman	/Users/jillianness/Desktop/SEbirthanalysis1024/new_LASTZ_analysis/enhancer_extraction/enhancer_pairs/FBgn0016794_Spearman/chr3L_2552007-2552315__chr3L_2562100-2562492	chr3L:2552007-2552315	chr3L:2562100-2562492	name	94	36	168	54	14	116	0.12069	0.188158	0.388889	0.0	0.153153	0.133983	1.0	neither	yes	yes	0.0821256038647343	0.125
FBgn0016794_Spearman	/Users/jillianness/Desktop/SEbirthanalysis1024/new_LASTZ_analysis/enhancer_extraction/enhancer_pairs/FBgn0016794_Spearman/chr3L_2562100-2562492__chr3L_2568872-2569202	chr3L:2562100-2562492	chr3L:2568872-2569202	name	36	93	54	185	15	114	0.131579	0.166926	0.416667	0.0	0.158996	0.12346	1.0	neither	yes	yes	0.08071748878923767	0.38461538461538464
FBgn0000463_meso	/Users/jillianness/Desktop/SEbirthanalysis1024/new_LASTZ_analysis/enhancer_extraction/enhancer_pairs/FBgn0000463_meso/chr3R_19341900-19342100__chr3R_19350401-19350687	chr3R:19341900-19342100	chr3R:19350401-19350687	name	39	35	56	55	17	57	0.298246	0.479005	0.485714	0.0	0.378378	0.292856	1.0	neither	yes	yes	0.18947368421052632	0.18181818181818182
FBgn0000463_meso	/Users/jillianness/Desktop/SEbirthanalysis1024/new_LASTZ_analysis/enhancer_extraction/enhancer_pairs/FBgn0000463_meso/chr3R_19341900-19342100__chr3R_19346468-19346888	chr3R:19341900-19342100	chr3R:19346468-19346888	name	39	76	56	147	26	89	0.292135	0.554241	0.666667	0.0	0.334975	0.323901	1.0	neither	yes	yes	0.19186046511627908	0.0625
FBgn0000463_meso	/Users/jillianness/Desktop/SEbirthanalysis1024/new_LASTZ_analysis/enhancer_extraction/enhancer_pairs/FBgn0000463_meso/chr3R_19346468-19346888__chr3R_19350401-19350687	chr3R:19346468-19346888	chr3R:19350401-19350687	name	76	35	147	55	24	87	0.275862	0.562202	0.685714	0.0	0.346535	0.30835	1.0	neither	yes	yes	0.20710059171597633	0.2631578947368421
FBgn0003888_vm	/Users/jillianness/Desktop/SEbirthanalysis1024/new_LASTZ_analysis/enhancer_extraction/enhancer_pairs/FBgn0003888_vm/chr2R_23903917-23904191__chr2R_23929145-23929692	chr2R:23903917-23904191	chr2R:23929145-23929692	name	36	113	53	265	28	121	0.231405	0.390634	0.777778	0.0	0.245283	0.246182	1.0	neither	yes	yes	0.14695340501792115	0.14285714285714285
FBgn0037608_sm	/Users/jillianness/Desktop/SEbirthanalysis1024/new_LASTZ_analysis/enhancer_extraction/enhancer_pairs/FBgn0037608_sm/chr3R_8668848-8669048__chr3R_8669125-8669443	chr3R:8668848-8669048	chr3R:8669125-8669443	name	32	88	44	119	22	98	0.22449	0.608942	0.6875	0.0	0.380368	0.283964	1.0	neither	yes	yes	0.21323529411764705	0.2
FBgn0037608_sm	/Users/jillianness/Desktop/SEbirthanalysis1024/new_LASTZ_analysis/enhancer_extraction/enhancer_pairs/FBgn0037608_sm/chr3R_8668848-8669048__chr3R_8684628-8685183	chr3R:8668848-8669048	chr3R:8684628-8685183	name	32	85	44	173	21	96	0.21875	0.558688	0.65625	0.0	0.285714	0.279346	1.0	flank_hit	yes	yes	0.14659685863874344	0.21052631578947367
FBgn0037608_sm	/Users/jillianness/Desktop/SEbirthanalysis1024/new_LASTZ_analysis/enhancer_extraction/enhancer_pairs/FBgn0037608_sm/chr3R_8664993-8665193__chr3R_8684628-8685183	chr3R:8664993-8665193	chr3R:8684628-8685183	name	92	85	192	173	47	130	0.361538	0.378183	0.552941	0.0	0.345205	0.276873	1.0	neither	yes	yes	0.19934640522875818	0.13793103448275862
FBgn0037608_sm	/Users/jillianness/Desktop/SEbirthanalysis1024/new_LASTZ_analysis/enhancer_extraction/enhancer_pairs/FBgn0037608_sm/chr3R_8664993-8665193__chr3R_8669125-8669443	chr3R:8664993-8665193	chr3R:8669125-8669443	name	92	88	192	119	64	116	0.551724	0.542286	0.727273	0.0	0.463023	0.439816	1.0	neither	yes	yes	0.29338842975206614	0.2727272727272727
FBgn0037608_sm	/Users/jillianness/Desktop/SEbirthanalysis1024/new_LASTZ_analysis/enhancer_extraction/enhancer_pairs/FBgn0037608_sm/chr3R_8664993-8665193__chr3R_8668848-8669048	chr3R:8664993-8665193	chr3R:8668848-8669048	name	92	32	192	44	19	105	0.180952	0.295455	0.59375	0.0	0.186441	0.189649	1.0	neither	yes	yes	0.10185185185185185	0.1111111111111111
FBgn0037608_sm	/Users/jillianness/Desktop/SEbirthanalysis1024/new_LASTZ_analysis/enhancer_extraction/enhancer_pairs/FBgn0037608_sm/chr3R_8669125-8669443__chr3R_8684628-8685183	chr3R:8669125-8669443	chr3R:8684628-8685183	name	88	85	119	173	45	128	0.351562	0.539459	0.529412	0.0	0.417808	0.326323	1.0	neither	yes	yes	0.24050632911392406	0.19230769230769232
FBgn0011638_sm	/Users/jillianness/Desktop/SEbirthanalysis1024/new_LASTZ_analysis/enhancer_extraction/enhancer_pairs/FBgn0011638_sm/chr2L_20298155-20298629__chr2L_20339742-20340332	chr2L:20298155-20298629	chr2L:20339742-20340332	name	88	80	157	153	51	117	0.435897	0.643848	0.6375	0.0	0.496774	0.408222	1.0	neither	yes	yes	0.3	0.32
FBgn0031037_sm	/Users/jillianness/Desktop/SEbirthanalysis1024/new_LASTZ_analysis/enhancer_extraction/enhancer_pairs/FBgn0031037_sm/chrX_19544220-19544470__chrX_19544519-19544719	chrX:19544220-19544470	chrX:19544519-19544719	name	20	22	57	57	11	31	0.354839	0.8927	0.55	0.0	0.631579	0.493504	1.0	neither	yes	yes	0.45	0.75
FBgn0030955_Spearman	/Users/jillianness/Desktop/SEbirthanalysis1024/new_LASTZ_analysis/enhancer_extraction/enhancer_pairs/FBgn0030955_Spearman/chrX_18714009-18714209__chrX_18737813-18738119	chrX:18714009-18714209	chrX:18737813-18738119	name	61	46	85	96	28	79	0.35443	0.560158	0.608696	0.0	0.40884	0.307872	1.0	neither	yes	yes	0.22818791946308725	0.14285714285714285
FBgn0030955_Spearman	/Users/jillianness/Desktop/SEbirthanalysis1024/new_LASTZ_analysis/enhancer_extraction/enhancer_pairs/FBgn0030955_Spearman/chrX_18714009-18714209__chrX_18715355-18715555	chrX:18714009-18714209	chrX:18715355-18715555	name	61	52	85	67	29	84	0.345238	0.342337	0.557692	0.0	0.421053	0.272595	1.0	neither	yes	yes	0.24193548387096775	0.07692307692307693
FBgn0030955_Spearman	/Users/jillianness/Desktop/SEbirthanalysis1024/new_LASTZ_analysis/enhancer_extraction/enhancer_pairs/FBgn0030955_Spearman/chrX_18715355-18715555__chrX_18737813-18738119	chrX:18715355-18715555	chrX:18737813-18738119	name	52	46	67	96	25	73	0.342466	0.287815	0.543478	0.0	0.355828	0.268252	1.0	neither	yes	yes	0.1956521739130435	0.07692307692307693
FBgn0037248_Spearman	/Users/jillianness/Desktop/SEbirthanalysis1024/new_LASTZ_analysis/enhancer_extraction/enhancer_pairs/FBgn0037248_Spearman/chr3R_4433712-4433912__chr3R_4452493-4452808	chr3R:4433712-4433912	chr3R:4452493-4452808	name	25	58	37	111	12	71	0.169014	0.155736	0.48	0.0	0.202703	0.167794	1.0	neither	yes	yes	0.10294117647058823	0.07142857142857142
FBgn0004108_vm	/Users/jillianness/Desktop/SEbirthanalysis1024/new_LASTZ_analysis/enhancer_extraction/enhancer_pairs/FBgn0004108_vm/chr3L_16775645-16775870__chr3L_16776828-16777028	chr3L:16775645-16775870	chr3L:16776828-16777028	name	32	31	44	52	7	56	0.125	0.097856	0.225806	0.0	0.145833	0.093891	1.0	neither	yes	yes	0.07692307692307693	0.125
FBgn0004108_vm	/Users/jillianness/Desktop/SEbirthanalysis1024/new_LASTZ_analysis/enhancer_extraction/enhancer_pairs/FBgn0004108_vm/chr3L_16739977-16740479__chr3L_16776828-16777028	chr3L:16739977-16740479	chr3L:16776828-16777028	name	90	31	162	52	26	95	0.273684	0.571772	0.83871	0.0	0.373832	0.328918	1.0	neither	yes	yes	0.22727272727272727	0.125
FBgn0004108_vm	/Users/jillianness/Desktop/SEbirthanalysis1024/new_LASTZ_analysis/enhancer_extraction/enhancer_pairs/FBgn0004108_vm/chr3L_16739977-16740479__chr3L_16775645-16775870	chr3L:16739977-16740479	chr3L:16775645-16775870	name	90	32	162	44	25	97	0.257732	0.430855	0.78125	0.0	0.300971	0.287172	1.0	neither	yes	yes	0.1751412429378531	0.23529411764705882
FBgn0022029_vm	/Users/jillianness/Desktop/SEbirthanalysis1024/new_LASTZ_analysis/enhancer_extraction/enhancer_pairs/FBgn0022029_vm/chr2R_17034595-17034875__chr2R_17054642-17054966	chr2R:17034595-17034875	chr2R:17054642-17054966	name	91	55	175	90	30	116	0.258621	0.29273	0.545455	0.0	0.271698	0.210719	1.0	neither	yes	yes	0.1459227467811159	0.17647058823529413
FBgn0022029_vm	/Users/jillianness/Desktop/SEbirthanalysis1024/new_LASTZ_analysis/enhancer_extraction/enhancer_pairs/FBgn0022029_vm/chr2R_17019592-17019979__chr2R_17034595-17034875	chr2R:17019592-17019979	chr2R:17034595-17034875	name	77	91	190	175	50	118	0.423729	0.363404	0.649351	0.0	0.454795	0.321407	1.0	neither	yes	yes	0.2787456445993031	0.3333333333333333
FBgn0022029_vm	/Users/jillianness/Desktop/SEbirthanalysis1024/new_LASTZ_analysis/enhancer_extraction/enhancer_pairs/FBgn0022029_vm/chr2R_17019592-17019979__chr2R_17054642-17054966	chr2R:17019592-17019979	chr2R:17054642-17054966	name	77	55	190	90	34	98	0.346939	0.627477	0.618182	0.0	0.385714	0.348271	1.0	enhancer_hit	yes	yes	0.2422907488986784	0.45454545454545453
FBgn0002772_vm_sm	/Users/jillianness/Desktop/SEbirthanalysis1024/new_LASTZ_analysis/enhancer_extraction/enhancer_pairs/FBgn0002772_vm_sm/chr3R_27636779-27637140__chr3R_27660249-27660711	chr3R:27636779-27637140	chr3R:27660249-27660711	name	95	46	197	95	30	111	0.27027	0.259976	0.652174	0.0	0.253425	0.226572	1.0	neither	yes	yes	0.13953488372093023	0.06896551724137931
FBgn0002772_vm_sm	/Users/jillianness/Desktop/SEbirthanalysis1024/new_LASTZ_analysis/enhancer_extraction/enhancer_pairs/FBgn0002772_vm_sm/chr3R_27636779-27637140__chr3R_27659306-27659544	chr3R:27636779-27637140	chr3R:27659306-27659544	name	95	28	197	49	17	106	0.160377	0.162178	0.607143	0.0	0.162602	0.150507	1.0	enhancer_hit	yes	yes	0.08296943231441048	0.125
FBgn0002772_vm_sm	/Users/jillianness/Desktop/SEbirthanalysis1024/new_LASTZ_analysis/enhancer_extraction/enhancer_pairs/FBgn0002772_vm_sm/chr3R_27659306-27659544__chr3R_27660249-27660711	chr3R:27659306-27659544	chr3R:27660249-27660711	name	28	46	49	95	12	62	0.193548	0.34902	0.428571	0.0	0.25	0.225118	1.0	neither	yes	yes	0.140625	0.058823529411764705
FBgn0040389_Spearman	/Users/jillianness/Desktop/SEbirthanalysis1024/new_LASTZ_analysis/enhancer_extraction/enhancer_pairs/FBgn0040389_Spearman/chrX_2270820-2271020__chrX_2282017-2282260	chrX:2270820-2271020	chrX:2282017-2282260	name	84	40	122	60	14	110	0.127273	0.162736	0.35	0.0	0.164835	0.111231	1.0	neither	yes	yes	0.08875739644970414	0.07142857142857142
FBgn0029504_sm	/Users/jillianness/Desktop/SEbirthanalysis1024/new_LASTZ_analysis/enhancer_extraction/enhancer_pairs/FBgn0029504_sm/chrX_7555826-7556105__chrX_7580532-7580795	chrX:7555826-7556105	chrX:7580532-7580795	name	84	77	105	142	51	110	0.463636	0.505807	0.662338	0.0	0.445344	0.374364	1.0	neither	yes	yes	0.27692307692307694	0.3076923076923077
FBgn0029504_sm	/Users/jillianness/Desktop/SEbirthanalysis1024/new_LASTZ_analysis/enhancer_extraction/enhancer_pairs/FBgn0029504_sm/chrX_7555826-7556105__chrX_7573472-7573775	chrX:7555826-7556105	chrX:7573472-7573775	name	84	95	105	197	65	114	0.570175	0.601939	0.77381	0.0	0.490066	0.449763	1.0	neither	yes	yes	0.31601731601731603	0.3333333333333333
FBgn0029504_sm	/Users/jillianness/Desktop/SEbirthanalysis1024/new_LASTZ_analysis/enhancer_extraction/enhancer_pairs/FBgn0029504_sm/chrX_7573472-7573775__chrX_7580532-7580795	chrX:7573472-7573775	chrX:7580532-7580795	name	95	77	197	142	56	116	0.482759	0.658087	0.727273	0.0	0.566372	0.44208	1.0	neither	yes	yes	0.39183673469387753	0.47058823529411764
FBgn0000479_sm	/Users/jillianness/Desktop/SEbirthanalysis1024/new_LASTZ_analysis/enhancer_extraction/enhancer_pairs/FBgn0000479_sm/chrX_3036092-3036292__chrX_3328623-3328837	chrX:3036092-3036292	chrX:3328623-3328837	name	84	72	183	108	53	103	0.514563	0.681045	0.736111	0.0	0.508591	0.458606	1.0	neither	yes	yes	0.31390134529147984	0.07142857142857142
FBgn0000479_sm	/Users/jillianness/Desktop/SEbirthanalysis1024/new_LASTZ_analysis/enhancer_extraction/enhancer_pairs/FBgn0000479_sm/chrX_3035626-3035842__chrX_3036092-3036292	chrX:3035626-3035842	chrX:3036092-3036292	name	21	84	37	183	2	103	0.019417	0.16255	0.095238	0.0	0.045455	0.047662	1.0	neither	yes	yes	0.00909090909090909	0.0
FBgn0000479_sm	/Users/jillianness/Desktop/SEbirthanalysis1024/new_LASTZ_analysis/enhancer_extraction/enhancer_pairs/FBgn0000479_sm/chrX_3036092-3036292__chrX_3331542-3331742	chrX:3036092-3036292	chrX:3331542-3331742	name	84	25	183	57	10	99	0.10101	0.224762	0.4	0.0	0.141667	0.114639	1.0	neither	yes	yes	0.06140350877192982	0.16666666666666666
FBgn0000479_sm	/Users/jillianness/Desktop/SEbirthanalysis1024/new_LASTZ_analysis/enhancer_extraction/enhancer_pairs/FBgn0000479_sm/chrX_3036092-3036292__chrX_3256916-3257157	chrX:3036092-3036292	chrX:3256916-3257157	name	84	57	183	97	37	104	0.355769	0.543302	0.649123	0.0	0.385714	0.327068	1.0	neither	yes	yes	0.22608695652173913	0.2857142857142857
FBgn0000479_sm	/Users/jillianness/Desktop/SEbirthanalysis1024/new_LASTZ_analysis/enhancer_extraction/enhancer_pairs/FBgn0000479_sm/chrX_3256916-3257157__chrX_3331542-3331742	chrX:3256916-3257157	chrX:3331542-3331742	name	57	25	97	57	11	71	0.15493	0.386335	0.44	0.0	0.246753	0.1972	1.0	flank_hit	yes	yes	0.10638297872340426	0.10526315789473684
FBgn0000479_sm	/Users/jillianness/Desktop/SEbirthanalysis1024/new_LASTZ_analysis/enhancer_extraction/enhancer_pairs/FBgn0000479_sm/chrX_3035626-3035842__chrX_3096802-3097002	chrX:3035626-3035842	chrX:3096802-3097002	name	21	32	37	54	11	42	0.261905	0.422257	0.52381	0.0	0.32967	0.261785	1.0	neither	yes	yes	0.17721518987341772	0.3333333333333333
FBgn0000479_sm	/Users/jillianness/Desktop/SEbirthanalysis1024/new_LASTZ_analysis/enhancer_extraction/enhancer_pairs/FBgn0000479_sm/chrX_3058248-3058549__chrX_3096802-3097002	chrX:3058248-3058549	chrX:3096802-3097002	name	54	32	94	54	13	73	0.178082	0.218336	0.40625	0.0	0.202703	0.161344	1.0	neither	yes	yes	0.10294117647058823	0.0
FBgn0000479_sm	/Users/jillianness/Desktop/SEbirthanalysis1024/new_LASTZ_analysis/enhancer_extraction/enhancer_pairs/FBgn0000479_sm/chrX_3256916-3257157__chrX_3328623-3328837	chrX:3256916-3257157	chrX:3328623-3328837	name	57	72	97	108	27	102	0.264706	0.585015	0.473684	0.0	0.390244	0.290486	1.0	neither	yes	yes	0.21052631578947367	0.15384615384615385
FBgn0000479_sm	/Users/jillianness/Desktop/SEbirthanalysis1024/new_LASTZ_analysis/enhancer_extraction/enhancer_pairs/FBgn0000479_sm/chrX_3036092-3036292__chrX_3058248-3058549	chrX:3036092-3036292	chrX:3058248-3058549	name	84	54	183	94	34	104	0.326923	0.420249	0.62963	0.0	0.353791	0.285152	1.0	neither	yes	yes	0.19742489270386265	0.0
FBgn0000479_sm	/Users/jillianness/Desktop/SEbirthanalysis1024/new_LASTZ_analysis/enhancer_extraction/enhancer_pairs/FBgn0000479_sm/chrX_3096802-3097002__chrX_3328623-3328837	chrX:3096802-3097002	chrX:3328623-3328837	name	32	72	54	108	14	90	0.155556	0.201683	0.4375	0.0	0.185185	0.150345	1.0	neither	yes	yes	0.10067114093959731	0.15384615384615385
FBgn0000479_sm	/Users/jillianness/Desktop/SEbirthanalysis1024/new_LASTZ_analysis/enhancer_extraction/enhancer_pairs/FBgn0000479_sm/chrX_3035626-3035842__chrX_3331542-3331742	chrX:3035626-3035842	chrX:3331542-3331742	name	21	25	37	57	12	34	0.352941	0.599736	0.571429	0.0	0.404255	0.372039	1.0	neither	yes	yes	0.21518987341772153	0.07142857142857142
FBgn0000479_sm	/Users/jillianness/Desktop/SEbirthanalysis1024/new_LASTZ_analysis/enhancer_extraction/enhancer_pairs/FBgn0000479_sm/chrX_3058248-3058549__chrX_3328623-3328837	chrX:3058248-3058549	chrX:3328623-3328837	name	54	72	94	108	27	99	0.272727	0.497392	0.5	0.0	0.386139	0.301948	1.0	neither	yes	yes	0.2215568862275449	0.14285714285714285
FBgn0000479_sm	/Users/jillianness/Desktop/SEbirthanalysis1024/new_LASTZ_analysis/enhancer_extraction/enhancer_pairs/FBgn0000479_sm/chrX_3035626-3035842__chrX_3328623-3328837	chrX:3035626-3035842	chrX:3328623-3328837	name	21	72	37	108	11	82	0.134146	0.397796	0.52381	0.0	0.22069	0.175515	1.0	neither	yes	yes	0.13076923076923078	0.2857142857142857
FBgn0000479_sm	/Users/jillianness/Desktop/SEbirthanalysis1024/new_LASTZ_analysis/enhancer_extraction/enhancer_pairs/FBgn0000479_sm/chrX_3096802-3097002__chrX_3331542-3331742	chrX:3096802-3097002	chrX:3331542-3331742	name	32	25	54	57	12	45	0.266667	0.232139	0.48	0.0	0.288288	0.21137	1.0	neither	yes	yes	0.15306122448979592	0.16666666666666666
FBgn0000479_sm	/Users/jillianness/Desktop/SEbirthanalysis1024/new_LASTZ_analysis/enhancer_extraction/enhancer_pairs/FBgn0000479_sm/chrX_3058248-3058549__chrX_3331542-3331742	chrX:3058248-3058549	chrX:3331542-3331742	name	54	25	94	57	10	69	0.144928	0.301121	0.4	0.0	0.198675	0.186198	1.0	neither	yes	yes	0.09285714285714286	0.07692307692307693
FBgn0000479_sm	/Users/jillianness/Desktop/SEbirthanalysis1024/new_LASTZ_analysis/enhancer_extraction/enhancer_pairs/FBgn0000479_sm/chrX_3035626-3035842__chrX_3058248-3058549	chrX:3035626-3035842	chrX:3058248-3058549	name	21	54	37	94	10	65	0.153846	0.316131	0.47619	0.0	0.21374	0.193928	1.0	neither	yes	yes	0.09917355371900827	0.0
FBgn0000479_sm	/Users/jillianness/Desktop/SEbirthanalysis1024/new_LASTZ_analysis/enhancer_extraction/enhancer_pairs/FBgn0000479_sm/chrX_3058248-3058549__chrX_3256916-3257157	chrX:3058248-3058549	chrX:3256916-3257157	name	54	57	94	97	31	80	0.3875	0.428387	0.574074	0.0	0.408377	0.326302	1.0	neither	yes	yes	0.22151898734177214	0.2222222222222222
FBgn0000479_sm	/Users/jillianness/Desktop/SEbirthanalysis1024/new_LASTZ_analysis/enhancer_extraction/enhancer_pairs/FBgn0000479_sm/chrX_3096802-3097002__chrX_3256916-3257157	chrX:3096802-3097002	chrX:3256916-3257157	name	32	57	54	97	8	81	0.098765	0.070567	0.25	0.0	0.119205	0.070377	1.0	neither	yes	yes	0.05517241379310345	0.0
FBgn0000479_sm	/Users/jillianness/Desktop/SEbirthanalysis1024/new_LASTZ_analysis/enhancer_extraction/enhancer_pairs/FBgn0000479_sm/chrX_3036092-3036292__chrX_3096802-3097002	chrX:3036092-3036292	chrX:3096802-3097002	name	84	32	183	54	7	109	0.06422	0.036146	0.21875	0.0	0.059072	0.042356	1.0	neither	yes	yes	0.03017241379310345	0.058823529411764705
FBgn0000479_sm	/Users/jillianness/Desktop/SEbirthanalysis1024/new_LASTZ_analysis/enhancer_extraction/enhancer_pairs/FBgn0000479_sm/chrX_3328623-3328837__chrX_3331542-3331742	chrX:3328623-3328837	chrX:3331542-3331742	name	72	25	108	57	11	86	0.127907	0.504979	0.44	0.0	0.266667	0.201913	1.0	neither	yes	yes	0.11333333333333333	0.058823529411764705
FBgn0000479_sm	/Users/jillianness/Desktop/SEbirthanalysis1024/new_LASTZ_analysis/enhancer_extraction/enhancer_pairs/FBgn0000479_sm/chrX_3035626-3035842__chrX_3256916-3257157	chrX:3035626-3035842	chrX:3256916-3257157	name	21	57	37	97	6	72	0.083333	0.210205	0.285714	0.0	0.134328	0.093057	1.0	neither	yes	yes	0.03816793893129771	0.0
FBgn0261648_vm	/Users/jillianness/Desktop/SEbirthanalysis1024/new_LASTZ_analysis/enhancer_extraction/enhancer_pairs/FBgn0261648_vm/chr2L_11415248-11415544__chr2L_11458598-11459020	chr2L:11415248-11415544	chr2L:11458598-11459020	name	45	83	76	141	21	107	0.196262	0.298911	0.466667	0.0	0.230415	0.187975	1.0	neither	yes	yes	0.12307692307692308	0.08333333333333333
FBgn0261648_vm	/Users/jillianness/Desktop/SEbirthanalysis1024/new_LASTZ_analysis/enhancer_extraction/enhancer_pairs/FBgn0261648_vm/chr2L_11452852-11453384__chr2L_11458598-11459020	chr2L:11452852-11453384	chr2L:11458598-11459020	name	65	83	137	141	35	113	0.309735	0.364423	0.538462	0.0	0.338129	0.254412	1.0	neither	yes	yes	0.19658119658119658	0.19047619047619047
FBgn0261648_vm	/Users/jillianness/Desktop/SEbirthanalysis1024/new_LASTZ_analysis/enhancer_extraction/enhancer_pairs/FBgn0261648_vm/chr2L_11415248-11415544__chr2L_11452852-11453384	chr2L:11415248-11415544	chr2L:11452852-11453384	name	45	65	76	137	36	74	0.486486	0.713749	0.8	0.0	0.507042	0.464765	1.0	neither	yes	yes	0.33540372670807456	0.125
FBgn0038683_sm	/Users/jillianness/Desktop/SEbirthanalysis1024/new_LASTZ_analysis/enhancer_extraction/enhancer_pairs/FBgn0038683_sm/chr3R_19163765-19164167__chr3R_19165868-19166123	chr3R:19163765-19164167	chr3R:19165868-19166123	name	101	82	184	141	73	110	0.663636	0.621206	0.890244	0.0	0.621538	0.533226	1.0	neither	yes	yes	0.44052863436123346	0.14285714285714285
FBgn0036152_Spearman	/Users/jillianness/Desktop/SEbirthanalysis1024/new_LASTZ_analysis/enhancer_extraction/enhancer_pairs/FBgn0036152_Spearman/chr3L_11224312-11224512__chr3L_11224761-11225250	chr3L:11224312-11224512	chr3L:11224761-11225250	name	88	106	148	254	73	121	0.603306	0.761912	0.829545	0.0	0.621891	0.540913	1.0	neither	yes	yes	0.4326241134751773	0.4090909090909091
FBgn0032961_sm	/Users/jillianness/Desktop/SEbirthanalysis1024/new_LASTZ_analysis/enhancer_extraction/enhancer_pairs/FBgn0032961_sm/chr2L_21831155-21831728__chr2L_21840673-21841262	chr2L:21831155-21831728	chr2L:21840673-21841262	name	123	73	404	131	59	137	0.430657	0.431706	0.808219	0.0	0.325234	0.32436	1.0	neither	yes	yes	0.1828193832599119	0.2857142857142857
FBgn0030864_sm	/Users/jillianness/Desktop/SEbirthanalysis1024/new_LASTZ_analysis/enhancer_extraction/enhancer_pairs/FBgn0030864_sm/chrX_17650510-17650710__chrX_17660173-17660373	chrX:17650510-17650710	chrX:17660173-17660373	name	28	81	47	155	11	98	0.112245	0.217851	0.392857	0.0	0.148515	0.122268	1.0	neither	yes	yes	0.0625	0.125
FBgn0030864_sm	/Users/jillianness/Desktop/SEbirthanalysis1024/new_LASTZ_analysis/enhancer_extraction/enhancer_pairs/FBgn0030864_sm/chrX_17650510-17650710__chrX_17667811-17668233	chrX:17650510-17650710	chrX:17667811-17668233	name	28	67	47	105	19	76	0.25	0.386605	0.678571	0.0	0.328947	0.259999	1.0	neither	yes	yes	0.17557251908396945	0.10526315789473684
FBgn0030864_sm	/Users/jillianness/Desktop/SEbirthanalysis1024/new_LASTZ_analysis/enhancer_extraction/enhancer_pairs/FBgn0030864_sm/chrX_17660173-17660373__chrX_17667811-17668233	chrX:17660173-17660373	chrX:17667811-17668233	name	81	67	155	105	34	114	0.298246	0.370797	0.507463	0.0	0.307692	0.249927	1.0	flank_hit	yes	yes	0.18018018018018017	0.10526315789473684
FBgn0004858_sm	/Users/jillianness/Desktop/SEbirthanalysis1024/new_LASTZ_analysis/enhancer_extraction/enhancer_pairs/FBgn0004858_sm/chr2L_14435741-14436213__chr2L_14444805-14445074	chr2L:14435741-14436213	chr2L:14444805-14445074	name	108	49	172	71	35	122	0.286885	0.64318	0.714286	0.0	0.403292	0.336111	1.0	neither	yes	yes	0.23115577889447236	0.3076923076923077
FBgn0004858_sm	/Users/jillianness/Desktop/SEbirthanalysis1024/new_LASTZ_analysis/enhancer_extraction/enhancer_pairs/FBgn0004858_sm/chr2L_14434419-14434949__chr2L_14435741-14436213	chr2L:14434419-14434949	chr2L:14435741-14436213	name	70	108	157	172	51	127	0.401575	0.565115	0.728571	0.0	0.455927	0.380789	1.0	neither	yes	yes	0.28793774319066145	0.3333333333333333
FBgn0004858_sm	/Users/jillianness/Desktop/SEbirthanalysis1024/new_LASTZ_analysis/enhancer_extraction/enhancer_pairs/FBgn0004858_sm/chr2L_14434419-14434949__chr2L_14444805-14445074	chr2L:14434419-14434949	chr2L:14444805-14445074	name	70	49	157	71	32	87	0.367816	0.688772	0.653061	0.0	0.429825	0.424496	1.0	neither	yes	yes	0.27071823204419887	0.15
FBgn0031895_vm	/Users/jillianness/Desktop/SEbirthanalysis1024/new_LASTZ_analysis/enhancer_extraction/enhancer_pairs/FBgn0031895_vm/chr2L_7126464-7126736__chr2L_7157539-7157943	chr2L:7126464-7126736	chr2L:7157539-7157943	name	38	43	68	74	17	64	0.265625	0.447168	0.447368	0.0	0.352113	0.246379	1.0	neither	yes	yes	0.18032786885245902	0.21052631578947367
FBgn0031895_vm	/Users/jillianness/Desktop/SEbirthanalysis1024/new_LASTZ_analysis/enhancer_extraction/enhancer_pairs/FBgn0031895_vm/chr2L_7133794-7134306__chr2L_7157539-7157943	chr2L:7133794-7134306	chr2L:7157539-7157943	name	50	43	106	74	23	70	0.328571	0.595674	0.534884	0.0	0.433333	0.326498	1.0	enhancer_hit	yes	yes	0.23809523809523808	0.2727272727272727
FBgn0031895_vm	/Users/jillianness/Desktop/SEbirthanalysis1024/new_LASTZ_analysis/enhancer_extraction/enhancer_pairs/FBgn0031895_vm/chr2L_7126464-7126736__chr2L_7133794-7134306	chr2L:7126464-7126736	chr2L:7133794-7134306	name	38	50	68	106	22	66	0.333333	0.493829	0.578947	0.0	0.402299	0.331693	1.0	neither	yes	yes	0.23076923076923078	0.32
FBgn0039039_vm	/Users/jillianness/Desktop/SEbirthanalysis1024/new_LASTZ_analysis/enhancer_extraction/enhancer_pairs/FBgn0039039_vm/chr3R_23026747-23027256__chr3R_23029409-23029889	chr3R:23026747-23027256	chr3R:23029409-23029889	name	61	90	131	177	40	111	0.36036	0.590941	0.655738	0.0	0.448052	0.341396	1.0	neither	yes	yes	0.27049180327868855	0.25
FBgn0021767_Spearman	/Users/jillianness/Desktop/SEbirthanalysis1024/new_LASTZ_analysis/enhancer_extraction/enhancer_pairs/FBgn0021767_Spearman/chrX_8395325-8395635__chrX_8396414-8396775	chrX:8395325-8395635	chrX:8396414-8396775	name	51	44	109	104	23	72	0.319444	0.587343	0.522727	0.0	0.450704	0.355729	1.0	neither	yes	yes	0.27218934911242604	0.3
FBgn0037358_vm	/Users/jillianness/Desktop/SEbirthanalysis1024/new_LASTZ_analysis/enhancer_extraction/enhancer_pairs/FBgn0037358_vm/chr3R_5670022-5670340__chr3R_5672628-5673052	chr3R:5670022-5670340	chr3R:5672628-5673052	name	35	93	61	162	23	105	0.219048	0.718272	0.657143	0.0	0.394619	0.324707	1.0	neither	yes	yes	0.23626373626373626	0.26666666666666666
FBgn0037358_vm	/Users/jillianness/Desktop/SEbirthanalysis1024/new_LASTZ_analysis/enhancer_extraction/enhancer_pairs/FBgn0037358_vm/chr3R_5670936-5671400__chr3R_5672628-5673052	chr3R:5670936-5671400	chr3R:5672628-5673052	name	113	93	434	162	75	131	0.572519	0.638128	0.806452	0.0	0.419463	0.481021	1.0	neither	yes	yes	0.2616033755274262	0.2857142857142857
FBgn0037358_vm	/Users/jillianness/Desktop/SEbirthanalysis1024/new_LASTZ_analysis/enhancer_extraction/enhancer_pairs/FBgn0037358_vm/chr3R_5670022-5670340__chr3R_5670936-5671400	chr3R:5670022-5670340	chr3R:5670936-5671400	name	35	113	61	434	27	121	0.22314	0.438981	0.771429	0.0	0.193939	0.246814	1.0	neither	yes	yes	0.10199556541019955	0.17647058823529413
FBgn0011286_sm	/Users/jillianness/Desktop/SEbirthanalysis1024/new_LASTZ_analysis/enhancer_extraction/enhancer_pairs/FBgn0011286_sm/chr2R_8484944-8485225__chr2R_8486788-8487203	chr2R:8484944-8485225	chr2R:8486788-8487203	name	65	80	90	132	43	102	0.421569	0.570325	0.661538	0.0	0.495495	0.381291	1.0	neither	yes	yes	0.3176470588235294	0.25
FBgn0011286_sm	/Users/jillianness/Desktop/SEbirthanalysis1024/new_LASTZ_analysis/enhancer_extraction/enhancer_pairs/FBgn0011286_sm/chr2R_8425969-8426169__chr2R_8484944-8485225	chr2R:8425969-8426169	chr2R:8484944-8485225	name	89	65	177	90	36	118	0.305085	0.317761	0.553846	0.0	0.299625	0.230946	1.0	neither	yes	yes	0.1645021645021645	0.23076923076923078
FBgn0011286_sm	/Users/jillianness/Desktop/SEbirthanalysis1024/new_LASTZ_analysis/enhancer_extraction/enhancer_pairs/FBgn0011286_sm/chr2R_8425969-8426169__chr2R_8486788-8487203	chr2R:8425969-8426169	chr2R:8486788-8487203	name	89	80	177	132	48	121	0.396694	0.375125	0.6	0.0	0.368932	0.295357	1.0	neither	yes	yes	0.19157088122605365	0.10526315789473684
FBgn0026320_meso	/Users/jillianness/Desktop/SEbirthanalysis1024/new_LASTZ_analysis/enhancer_extraction/enhancer_pairs/FBgn0026320_meso/chr3L_14939995-14940646__chr3L_14944241-14944774	chr3L:14939995-14940646	chr3L:14944241-14944774	name	123	79	344	159	66	136	0.485294	0.461306	0.835443	0.0	0.40159	0.381421	1.0	neither	yes	yes	0.24078624078624078	0.18181818181818182
FBgn0026320_meso	/Users/jillianness/Desktop/SEbirthanalysis1024/new_LASTZ_analysis/enhancer_extraction/enhancer_pairs/FBgn0026320_meso/chr3L_14936376-14936760__chr3L_14939995-14940646	chr3L:14936376-14936760	chr3L:14939995-14940646	name	118	123	369	344	100	141	0.70922	0.745276	0.847458	0.0	0.625526	0.578898	1.0	neither	yes	yes	0.4532520325203252	0.325
FBgn0026320_meso	/Users/jillianness/Desktop/SEbirthanalysis1024/new_LASTZ_analysis/enhancer_extraction/enhancer_pairs/FBgn0026320_meso/chr3L_14936376-14936760__chr3L_14948136-14948479	chr3L:14936376-14936760	chr3L:14948136-14948479	name	118	72	369	113	60	130	0.461538	0.579067	0.833333	0.0	0.369295	0.408803	1.0	neither	yes	yes	0.21	0.1111111111111111
FBgn0026320_meso	/Users/jillianness/Desktop/SEbirthanalysis1024/new_LASTZ_analysis/enhancer_extraction/enhancer_pairs/FBgn0026320_meso/chr3L_14939995-14940646__chr3L_14948136-14948479	chr3L:14939995-14940646	chr3L:14948136-14948479	name	123	72	344	113	62	133	0.466165	0.601352	0.861111	0.0	0.393873	0.415501	1.0	neither	yes	yes	0.23387096774193547	0.17857142857142858
FBgn0026320_meso	/Users/jillianness/Desktop/SEbirthanalysis1024/new_LASTZ_analysis/enhancer_extraction/enhancer_pairs/FBgn0026320_meso/chr3L_14944241-14944774__chr3L_14948136-14948479	chr3L:14944241-14944774	chr3L:14948136-14948479	name	79	72	159	113	44	107	0.411215	0.607033	0.611111	0.0	0.470588	0.388524	1.0	neither	yes	yes	0.3047619047619048	0.06666666666666667
FBgn0026320_meso	/Users/jillianness/Desktop/SEbirthanalysis1024/new_LASTZ_analysis/enhancer_extraction/enhancer_pairs/FBgn0026320_meso/chr3L_14936376-14936760__chr3L_14944241-14944774	chr3L:14936376-14936760	chr3L:14944241-14944774	name	118	79	369	159	68	129	0.527132	0.422102	0.860759	0.0	0.382576	0.380642	1.0	neither	yes	yes	0.23543123543123542	0.2
FBgn0034158_sm	/Users/jillianness/Desktop/SEbirthanalysis1024/new_LASTZ_analysis/enhancer_extraction/enhancer_pairs/FBgn0034158_sm/chr2R_16412035-16412367__chr2R_16437328-16437751	chr2R:16412035-16412367	chr2R:16437328-16437751	name	45	45	64	74	25	65	0.384615	0.41055	0.555556	0.0	0.405797	0.308109	1.0	neither	yes	yes	0.22807017543859648	0.21428571428571427
FBgn0261800_Spearman	/Users/jillianness/Desktop/SEbirthanalysis1024/new_LASTZ_analysis/enhancer_extraction/enhancer_pairs/FBgn0261800_Spearman/chr2L_7810046-7810246__chr2L_7828777-7829096	chr2L:7810046-7810246	chr2L:7828777-7829096	name	53	96	80	177	44	105	0.419048	0.784364	0.830189	0.0	0.48249	0.408736	1.0	enhancer_hit	yes	yes	0.3015075376884422	0.16666666666666666
FBgn0000406_vm_sm	/Users/jillianness/Desktop/SEbirthanalysis1024/new_LASTZ_analysis/enhancer_extraction/enhancer_pairs/FBgn0000406_vm_sm/chr2L_16763500-16763743__chr2L_16764311-16764631	chr2L:16763500-16763743	chr2L:16764311-16764631	name	32	57	50	91	18	71	0.253521	0.245737	0.5625	0.0	0.283688	0.199851	1.0	neither	yes	yes	0.16260162601626016	0.125
FBgn0000406_vm_sm	/Users/jillianness/Desktop/SEbirthanalysis1024/new_LASTZ_analysis/enhancer_extraction/enhancer_pairs/FBgn0000406_vm_sm/chr2L_16757637-16757844__chr2L_16763500-16763743	chr2L:16757637-16757844	chr2L:16763500-16763743	name	30	32	33	50	13	49	0.265306	0.323508	0.433333	0.0	0.313253	0.216848	1.0	neither	yes	yes	0.18055555555555555	0.2
FBgn0000406_vm_sm	/Users/jillianness/Desktop/SEbirthanalysis1024/new_LASTZ_analysis/enhancer_extraction/enhancer_pairs/FBgn0000406_vm_sm/chr2L_16762522-16762722__chr2L_16764311-16764631	chr2L:16762522-16762722	chr2L:16764311-16764631	name	87	57	184	91	25	119	0.210084	0.420845	0.438596	0.0	0.290909	0.212423	1.0	neither	yes	yes	0.17372881355932204	0.05555555555555555
FBgn0000406_vm_sm	/Users/jillianness/Desktop/SEbirthanalysis1024/new_LASTZ_analysis/enhancer_extraction/enhancer_pairs/FBgn0000406_vm_sm/chr2L_16757637-16757844__chr2L_16762522-16762722	chr2L:16757637-16757844	chr2L:16762522-16762722	name	30	87	33	184	8	109	0.073394	0.191181	0.266667	0.0	0.082949	0.092882	1.0	neither	yes	yes	0.037914691943127965	0.06666666666666667
FBgn0000406_vm_sm	/Users/jillianness/Desktop/SEbirthanalysis1024/new_LASTZ_analysis/enhancer_extraction/enhancer_pairs/FBgn0000406_vm_sm/chr2L_16762522-16762722__chr2L_16763500-16763743	chr2L:16762522-16762722	chr2L:16763500-16763743	name	87	32	184	50	6	113	0.053097	0.081839	0.1875	0.0	0.068376	0.05537	1.0	neither	yes	yes	0.03056768558951965	0.06666666666666667
FBgn0000406_vm_sm	/Users/jillianness/Desktop/SEbirthanalysis1024/new_LASTZ_analysis/enhancer_extraction/enhancer_pairs/FBgn0000406_vm_sm/chr2L_16757637-16757844__chr2L_16764311-16764631	chr2L:16757637-16757844	chr2L:16764311-16764631	name	30	57	33	91	12	75	0.16	0.244853	0.4	0.0	0.209677	0.153804	1.0	neither	yes	yes	0.10526315789473684	0.0
FBgn0010316_meso	/Users/jillianness/Desktop/SEbirthanalysis1024/new_LASTZ_analysis/enhancer_extraction/enhancer_pairs/FBgn0010316_meso/chr2R_9318986-9319419__chr2R_9338882-9339082	chr2R:9318986-9319419	chr2R:9338882-9339082	name	37	51	74	79	13	75	0.173333	0.292376	0.351351	0.0	0.248366	0.168818	1.0	neither	yes	yes	0.13138686131386862	0.13333333333333333
FBgn0034438_vm	/Users/jillianness/Desktop/SEbirthanalysis1024/new_LASTZ_analysis/enhancer_extraction/enhancer_pairs/FBgn0034438_vm/chr2R_18959548-18959748__chr2R_19007537-19007740	chr2R:18959548-18959748	chr2R:19007537-19007740	name	51	52	76	67	32	71	0.450704	0.410997	0.627451	0.0	0.461538	0.331931	1.0	neither	yes	yes	0.2831858407079646	0.2222222222222222
FBgn0262656_Spearman	/Users/jillianness/Desktop/SEbirthanalysis1024/new_LASTZ_analysis/enhancer_extraction/enhancer_pairs/FBgn0262656_Spearman/chrX_3306185-3306699__chrX_3329089-3329713	chrX:3306185-3306699	chrX:3329089-3329713	name	111	84	285	213	65	130	0.5	0.621342	0.77381	0.0	0.449799	0.406267	1.0	neither	yes	yes	0.27877237851662406	0.3235294117647059
FBgn0010424_sm	/Users/jillianness/Desktop/SEbirthanalysis1024/new_LASTZ_analysis/enhancer_extraction/enhancer_pairs/FBgn0010424_sm/chr3L_17014763-17015190__chr3L_17019852-17020197	chr3L:17014763-17015190	chr3L:17019852-17020197	name	38	35	64	60	19	54	0.351852	0.404741	0.542857	0.0	0.387097	0.303128	1.0	neither	yes	yes	0.23529411764705882	0.08333333333333333
FBgn0039667_vm_sm	/Users/jillianness/Desktop/SEbirthanalysis1024/new_LASTZ_analysis/enhancer_extraction/enhancer_pairs/FBgn0039667_vm_sm/chr3R_29476471-29476689__chr3R_29496327-29496564	chr3R:29476471-29476689	chr3R:29496327-29496564	name	32	34	44	46	14	52	0.269231	0.386701	0.4375	0.0	0.355556	0.239514	1.0	neither	yes	yes	0.19480519480519481	0.1111111111111111
FBgn0039667_vm_sm	/Users/jillianness/Desktop/SEbirthanalysis1024/new_LASTZ_analysis/enhancer_extraction/enhancer_pairs/FBgn0039667_vm_sm/chr3R_29457322-29457679__chr3R_29496327-29496564	chr3R:29457322-29457679	chr3R:29496327-29496564	name	41	34	76	46	16	59	0.271186	0.49186	0.470588	0.0	0.327869	0.272131	1.0	neither	yes	yes	0.20388349514563106	0.2222222222222222
FBgn0039667_vm_sm	/Users/jillianness/Desktop/SEbirthanalysis1024/new_LASTZ_analysis/enhancer_extraction/enhancer_pairs/FBgn0039667_vm_sm/chr3R_29457322-29457679__chr3R_29476471-29476689	chr3R:29457322-29457679	chr3R:29476471-29476689	name	41	32	76	44	18	55	0.327273	0.306141	0.5625	0.0	0.333333	0.249337	1.0	neither	yes	yes	0.19607843137254902	0.2222222222222222
FBgn0036449_vm	/Users/jillianness/Desktop/SEbirthanalysis1024/new_LASTZ_analysis/enhancer_extraction/enhancer_pairs/FBgn0036449_vm/chr3L_14727354-14728074__chr3L_14728691-14729056	chr3L:14727354-14728074	chr3L:14728691-14729056	name	108	68	200	97	46	130	0.353846	0.493663	0.676471	0.0	0.397306	0.315766	1.0	neither	yes	yes	0.24583333333333332	0.3157894736842105
FBgn0004432_Spearman	/Users/jillianness/Desktop/SEbirthanalysis1024/new_LASTZ_analysis/enhancer_extraction/enhancer_pairs/FBgn0004432_Spearman/chrX_16259170-16259635__chrX_16272729-16273509	chrX:16259170-16259635	chrX:16272729-16273509	name	107	54	278	118	34	127	0.267717	0.284911	0.62963	0.0	0.267677	0.232403	1.0	neither	yes	yes	0.1536231884057971	0.18421052631578946
FBgn0053207_vm	/Users/jillianness/Desktop/SEbirthanalysis1024/new_LASTZ_analysis/enhancer_extraction/enhancer_pairs/FBgn0053207_vm/chr3R_15644040-15644368__chr3R_15664641-15665034	chr3R:15644040-15644368	chr3R:15664641-15665034	name	87	53	119	136	28	112	0.25	0.242408	0.528302	0.0	0.298039	0.213577	1.0	neither	yes	yes	0.16818181818181818	0.2631578947368421
FBgn0000667_vm	/Users/jillianness/Desktop/SEbirthanalysis1024/new_LASTZ_analysis/enhancer_extraction/enhancer_pairs/FBgn0000667_vm/chrX_1936833-1937033__chrX_1947402-1947602	chrX:1936833-1937033	chrX:1947402-1947602	name	52	31	69	46	14	69	0.202899	0.422427	0.451613	0.0	0.278261	0.233982	1.0	neither	yes	yes	0.13592233009708737	0.09090909090909091
FBgn0000667_vm	/Users/jillianness/Desktop/SEbirthanalysis1024/new_LASTZ_analysis/enhancer_extraction/enhancer_pairs/FBgn0000667_vm/chrX_1947402-1947602__chrX_1967981-1968192	chrX:1947402-1947602	chrX:1967981-1968192	name	31	87	46	111	16	102	0.156863	0.290969	0.516129	0.0	0.229299	0.164535	1.0	neither	yes	yes	0.11971830985915492	0.0
FBgn0000667_vm	/Users/jillianness/Desktop/SEbirthanalysis1024/new_LASTZ_analysis/enhancer_extraction/enhancer_pairs/FBgn0000667_vm/chrX_1936833-1937033__chrX_1967981-1968192	chrX:1936833-1937033	chrX:1967981-1968192	name	52	87	69	111	36	103	0.349515	0.495408	0.692308	0.0	0.444444	0.322048	1.0	neither	yes	yes	0.2638888888888889	0.25
FBgn0000667_vm	/Users/jillianness/Desktop/SEbirthanalysis1024/new_LASTZ_analysis/enhancer_extraction/enhancer_pairs/FBgn0000667_vm/chrX_1994981-1995181__chrX_1995994-1996521	chrX:1994981-1995181	chrX:1995994-1996521	name	65	112	83	297	47	130	0.361538	0.379871	0.723077	0.0	0.289474	0.275053	1.0	neither	yes	yes	0.17177914110429449	0.16
FBgn0000667_vm	/Users/jillianness/Desktop/SEbirthanalysis1024/new_LASTZ_analysis/enhancer_extraction/enhancer_pairs/FBgn0000667_vm/chrX_1936833-1937033__chrX_1995994-1996521	chrX:1936833-1937033	chrX:1995994-1996521	name	52	112	69	297	45	119	0.378151	0.488329	0.865385	0.0	0.306011	0.355454	1.0	neither	yes	yes	0.17197452229299362	0.16666666666666666
FBgn0000667_vm	/Users/jillianness/Desktop/SEbirthanalysis1024/new_LASTZ_analysis/enhancer_extraction/enhancer_pairs/FBgn0000667_vm/chrX_1947402-1947602__chrX_1995994-1996521	chrX:1947402-1947602	chrX:1995994-1996521	name	31	112	46	297	26	117	0.222222	0.404896	0.83871	0.0	0.209913	0.253386	1.0	neither	yes	yes	0.10932475884244373	0.12
FBgn0000667_vm	/Users/jillianness/Desktop/SEbirthanalysis1024/new_LASTZ_analysis/enhancer_extraction/enhancer_pairs/FBgn0000667_vm/chrX_1967981-1968192__chrX_1995248-1995488	chrX:1967981-1968192	chrX:1995248-1995488	name	87	52	111	76	31	108	0.287037	0.338502	0.596154	0.0	0.363636	0.243532	1.0	neither	yes	yes	0.18867924528301888	0.1111111111111111
FBgn0000667_vm	/Users/jillianness/Desktop/SEbirthanalysis1024/new_LASTZ_analysis/enhancer_extraction/enhancer_pairs/FBgn0000667_vm/chrX_1967981-1968192__chrX_1994981-1995181	chrX:1967981-1968192	chrX:1994981-1995181	name	87	65	111	83	35	117	0.299145	0.345403	0.538462	0.0	0.371134	0.242931	1.0	neither	yes	yes	0.20987654320987653	0.1
FBgn0000667_vm	/Users/jillianness/Desktop/SEbirthanalysis1024/new_LASTZ_analysis/enhancer_extraction/enhancer_pairs/FBgn0000667_vm/chrX_1936833-1937033__chrX_1994981-1995181	chrX:1936833-1937033	chrX:1994981-1995181	name	52	65	69	83	17	100	0.17	0.290408	0.326923	0.0	0.25	0.168572	1.0	neither	yes	yes	0.12408759124087591	0.08333333333333333
FBgn0000667_vm	/Users/jillianness/Desktop/SEbirthanalysis1024/new_LASTZ_analysis/enhancer_extraction/enhancer_pairs/FBgn0000667_vm/chrX_1995248-1995488__chrX_1995994-1996521	chrX:1995248-1995488	chrX:1995994-1996521	name	52	112	76	297	40	124	0.322581	0.459154	0.769231	0.0	0.27882	0.317874	1.0	neither	yes	yes	0.15384615384615385	0.16666666666666666
FBgn0000667_vm	/Users/jillianness/Desktop/SEbirthanalysis1024/new_LASTZ_analysis/enhancer_extraction/enhancer_pairs/FBgn0000667_vm/chrX_1994981-1995181__chrX_1995248-1995488	chrX:1994981-1995181	chrX:1995248-1995488	name	65	52	83	76	27	90	0.3	0.40688	0.519231	0.0	0.36478	0.268223	1.0	neither	yes	yes	0.2196969696969697	0.3
FBgn0000667_vm	/Users/jillianness/Desktop/SEbirthanalysis1024/new_LASTZ_analysis/enhancer_extraction/enhancer_pairs/FBgn0000667_vm/chrX_1947402-1947602__chrX_1994981-1995181	chrX:1947402-1947602	chrX:1994981-1995181	name	31	65	46	83	10	86	0.116279	0.134455	0.322581	0.0	0.155039	0.100795	1.0	neither	yes	yes	0.08264462809917356	0.0
FBgn0000667_vm	/Users/jillianness/Desktop/SEbirthanalysis1024/new_LASTZ_analysis/enhancer_extraction/enhancer_pairs/FBgn0000667_vm/chrX_1936833-1937033__chrX_1995248-1995488	chrX:1936833-1937033	chrX:1995248-1995488	name	52	52	69	76	27	77	0.350649	0.309041	0.519231	0.0	0.4	0.251946	1.0	neither	yes	yes	0.21487603305785125	0.2
FBgn0000667_vm	/Users/jillianness/Desktop/SEbirthanalysis1024/new_LASTZ_analysis/enhancer_extraction/enhancer_pairs/FBgn0000667_vm/chrX_1947402-1947602__chrX_1995248-1995488	chrX:1947402-1947602	chrX:1995248-1995488	name	31	52	46	76	7	76	0.092105	0.255551	0.225806	0.0	0.163934	0.119841	1.0	neither	yes	yes	0.0782608695652174	0.09090909090909091
FBgn0000667_vm	/Users/jillianness/Desktop/SEbirthanalysis1024/new_LASTZ_analysis/enhancer_extraction/enhancer_pairs/FBgn0000667_vm/chrX_1967981-1968192__chrX_1995994-1996521	chrX:1967981-1968192	chrX:1995994-1996521	name	87	112	111	297	75	124	0.604839	0.609226	0.862069	0.0	0.455882	0.484418	1.0	neither	yes	yes	0.2893081761006289	0.13043478260869565
FBgn0000636_vm	/Users/jillianness/Desktop/SEbirthanalysis1024/new_LASTZ_analysis/enhancer_extraction/enhancer_pairs/FBgn0000636_vm/chr2L_18315739-18316039__chr2L_18331524-18331944	chr2L:18315739-18316039	chr2L:18331524-18331944	name	96	37	166	101	18	115	0.156522	0.157078	0.486486	0.0	0.157303	0.132029	1.0	neither	yes	yes	0.08032128514056225	0.1111111111111111
FBgn0000636_vm	/Users/jillianness/Desktop/SEbirthanalysis1024/new_LASTZ_analysis/enhancer_extraction/enhancer_pairs/FBgn0000636_vm/chr2L_18315739-18316039__chr2L_18332556-18332942	chr2L:18315739-18316039	chr2L:18332556-18332942	name	96	99	166	137	78	117	0.666667	0.635461	0.8125	0.0	0.567657	0.504199	1.0	neither	yes	yes	0.38636363636363635	0.2222222222222222
FBgn0000636_vm	/Users/jillianness/Desktop/SEbirthanalysis1024/new_LASTZ_analysis/enhancer_extraction/enhancer_pairs/FBgn0000636_vm/chr2L_18331524-18331944__chr2L_18332556-18332942	chr2L:18331524-18331944	chr2L:18332556-18332942	name	37	99	101	137	22	114	0.192982	0.243363	0.594595	0.0	0.260504	0.189314	1.0	neither	yes	yes	0.14285714285714285	0.2
FBgn0000636_vm	/Users/jillianness/Desktop/SEbirthanalysis1024/new_LASTZ_analysis/enhancer_extraction/enhancer_pairs/FBgn0000636_vm/chr2L_18329506-18330029__chr2L_18332556-18332942	chr2L:18329506-18330029	chr2L:18332556-18332942	name	92	99	173	137	66	125	0.528	0.522322	0.717391	0.0	0.522581	0.434215	1.0	neither	yes	yes	0.3448275862068966	0.3684210526315789
FBgn0000636_vm	/Users/jillianness/Desktop/SEbirthanalysis1024/new_LASTZ_analysis/enhancer_extraction/enhancer_pairs/FBgn0000636_vm/chr2L_18329506-18330029__chr2L_18331524-18331944	chr2L:18329506-18330029	chr2L:18331524-18331944	name	92	37	173	101	27	102	0.264706	0.669935	0.72973	0.0	0.430657	0.31613	1.0	enhancer_hit	yes	yes	0.2545454545454545	0.2631578947368421
FBgn0000636_vm	/Users/jillianness/Desktop/SEbirthanalysis1024/new_LASTZ_analysis/enhancer_extraction/enhancer_pairs/FBgn0000636_vm/chr2L_18315739-18316039__chr2L_18329506-18330029	chr2L:18315739-18316039	chr2L:18329506-18330029	name	96	92	166	173	60	128	0.46875	0.364968	0.652174	0.0	0.424779	0.342616	1.0	neither	yes	yes	0.26296296296296295	0.21739130434782608
FBgn0010341_Spearman	/Users/jillianness/Desktop/SEbirthanalysis1024/new_LASTZ_analysis/enhancer_extraction/enhancer_pairs/FBgn0010341_Spearman/chrX_19653071-19653752__chrX_19656920-19657594	chrX:19653071-19653752	chrX:19656920-19657594	name	81	53	157	110	37	97	0.381443	0.619827	0.698113	0.0	0.486891	0.394089	1.0	neither	yes	yes	0.3121951219512195	0.42857142857142855
FBgn0036290_vm	/Users/jillianness/Desktop/SEbirthanalysis1024/new_LASTZ_analysis/enhancer_extraction/enhancer_pairs/FBgn0036290_vm/chr3L_12448941-12449218__chr3L_12487652-12487993	chr3L:12448941-12449218	chr3L:12487652-12487993	name	93	92	172	200	73	112	0.651786	0.664318	0.793478	0.0	0.682796	0.559358	1.0	neither	yes	yes	0.48412698412698413	0.22727272727272727
FBgn0036290_vm	/Users/jillianness/Desktop/SEbirthanalysis1024/new_LASTZ_analysis/enhancer_extraction/enhancer_pairs/FBgn0036290_vm/chr3L_12448941-12449218__chr3L_12465365-12466115	chr3L:12448941-12449218	chr3L:12465365-12466115	name	93	117	172	258	77	133	0.578947	0.597498	0.827957	0.0	0.525581	0.447826	1.0	neither	yes	yes	0.3584905660377358	0.3235294117647059
FBgn0036290_vm	/Users/jillianness/Desktop/SEbirthanalysis1024/new_LASTZ_analysis/enhancer_extraction/enhancer_pairs/FBgn0036290_vm/chr3L_12465365-12466115__chr3L_12487652-12487993	chr3L:12465365-12466115	chr3L:12487652-12487993	name	117	92	258	200	76	133	0.571429	0.613583	0.826087	0.0	0.558952	0.460935	1.0	neither	yes	yes	0.3649851632047478	0.1794871794871795
FBgn0052296_vm_sm	/Users/jillianness/Desktop/SEbirthanalysis1024/new_LASTZ_analysis/enhancer_extraction/enhancer_pairs/FBgn0052296_vm_sm/chr3L_2728464-2728664__chr3L_2732331-2732531	chr3L:2728464-2728664	chr3L:2732331-2732531	name	23	33	26	47	7	49	0.142857	0.161541	0.304348	0.0	0.191781	0.119059	1.0	neither	yes	yes	0.10294117647058823	0.3333333333333333
FBgn0052296_vm_sm	/Users/jillianness/Desktop/SEbirthanalysis1024/new_LASTZ_analysis/enhancer_extraction/enhancer_pairs/FBgn0052296_vm_sm/chr3L_2728464-2728664__chr3L_2745584-2745810	chr3L:2728464-2728664	chr3L:2745584-2745810	name	23	33	26	66	13	43	0.302326	0.418996	0.565217	0.0	0.326087	0.290311	1.0	neither	yes	yes	0.175	0.25
FBgn0052296_vm_sm	/Users/jillianness/Desktop/SEbirthanalysis1024/new_LASTZ_analysis/enhancer_extraction/enhancer_pairs/FBgn0052296_vm_sm/chr3L_2732331-2732531__chr3L_2745584-2745810	chr3L:2732331-2732531	chr3L:2745584-2745810	name	33	33	47	66	9	57	0.157895	0.080219	0.272727	0.0	0.159292	0.103924	1.0	neither	yes	yes	0.08490566037735849	0.25
FBgn0027339_sm	/Users/jillianness/Desktop/SEbirthanalysis1024/new_LASTZ_analysis/enhancer_extraction/enhancer_pairs/FBgn0027339_sm/chr3L_22728933-22729192__chr3L_22788539-22788804	chr3L:22728933-22729192	chr3L:22788539-22788804	name	51	30	65	48	13	68	0.191176	0.276026	0.433333	0.0	0.265487	0.176854	1.0	neither	yes	yes	0.12745098039215685	0.2
FBgn0027339_sm	/Users/jillianness/Desktop/SEbirthanalysis1024/new_LASTZ_analysis/enhancer_extraction/enhancer_pairs/FBgn0027339_sm/chr3L_22773634-22773848__chr3L_22788539-22788804	chr3L:22773634-22773848	chr3L:22788539-22788804	name	95	30	193	48	14	111	0.126126	0.260462	0.466667	0.0	0.157676	0.143343	1.0	neither	yes	yes	0.08	0.0625
FBgn0027339_sm	/Users/jillianness/Desktop/SEbirthanalysis1024/new_LASTZ_analysis/enhancer_extraction/enhancer_pairs/FBgn0027339_sm/chr3L_22728933-22729192__chr3L_22773634-22773848	chr3L:22728933-22729192	chr3L:22773634-22773848	name	51	95	65	193	24	122	0.196721	0.256205	0.470588	0.0	0.209302	0.168255	1.0	neither	yes	yes	0.10638297872340426	0.0625
FBgn0032444_sm	/Users/jillianness/Desktop/SEbirthanalysis1024/new_LASTZ_analysis/enhancer_extraction/enhancer_pairs/FBgn0032444_sm/chr2L_12617842-12618274__chr2L_12655423-12655623	chr2L:12617842-12618274	chr2L:12655423-12655623	name	49	44	96	58	18	75	0.24	0.242281	0.409091	0.0	0.285714	0.184142	1.0	neither	yes	yes	0.13043478260869565	0.058823529411764705
FBgn0032444_sm	/Users/jillianness/Desktop/SEbirthanalysis1024/new_LASTZ_analysis/enhancer_extraction/enhancer_pairs/FBgn0032444_sm/chr2L_12594000-12594200__chr2L_12655423-12655623	chr2L:12594000-12594200	chr2L:12655423-12655623	name	23	44	43	58	10	57	0.175439	0.264364	0.434783	0.0	0.217822	0.18442	1.0	neither	yes	yes	0.13186813186813187	0.18181818181818182
FBgn0032444_sm	/Users/jillianness/Desktop/SEbirthanalysis1024/new_LASTZ_analysis/enhancer_extraction/enhancer_pairs/FBgn0032444_sm/chr2L_12594000-12594200__chr2L_12617842-12618274	chr2L:12594000-12594200	chr2L:12617842-12618274	name	23	49	43	96	9	63	0.142857	0.084988	0.391304	0.0	0.143885	0.106967	1.0	neither	yes	yes	0.07633587786259542	0.15384615384615385
FBgn0035335_sm	/Users/jillianness/Desktop/SEbirthanalysis1024/new_LASTZ_analysis/enhancer_extraction/enhancer_pairs/FBgn0035335_sm/chr3L_2362087-2362296__chr3L_2402613-2402864	chr3L:2362087-2362296	chr3L:2402613-2402864	name	20	22	31	30	7	35	0.2	0.277208	0.35	0.0	0.262295	0.179685	1.0	neither	yes	yes	0.16666666666666666	0.2857142857142857
FBgn0035335_sm	/Users/jillianness/Desktop/SEbirthanalysis1024/new_LASTZ_analysis/enhancer_extraction/enhancer_pairs/FBgn0035335_sm/chr3L_2362087-2362296__chr3L_2383777-2384194	chr3L:2362087-2362296	chr3L:2383777-2384194	name	20	78	31	112	11	87	0.126437	0.242038	0.55	0.0	0.181818	0.143445	1.0	neither	yes	yes	0.09848484848484848	0.21428571428571427
FBgn0035335_sm	/Users/jillianness/Desktop/SEbirthanalysis1024/new_LASTZ_analysis/enhancer_extraction/enhancer_pairs/FBgn0035335_sm/chr3L_2383777-2384194__chr3L_2402613-2402864	chr3L:2383777-2384194	chr3L:2402613-2402864	name	78	22	112	30	14	86	0.162791	0.39412	0.636364	0.0	0.239437	0.216012	1.0	neither	yes	yes	0.14285714285714285	0.2727272727272727
FBgn0039863_Spearman	/Users/jillianness/Desktop/SEbirthanalysis1024/new_LASTZ_analysis/enhancer_extraction/enhancer_pairs/FBgn0039863_Spearman/chr3R_31701754-31702148__chr3R_31704699-31705265	chr3R:31701754-31702148	chr3R:31704699-31705265	name	48	99	84	254	28	119	0.235294	0.421635	0.583333	0.0	0.284024	0.239996	1.0	neither	yes	yes	0.16040955631399317	0.1875
FBgn0086906_sm	/Users/jillianness/Desktop/SEbirthanalysis1024/new_LASTZ_analysis/enhancer_extraction/enhancer_pairs/FBgn0086906_sm/chr3L_2073248-2073448__chr3L_2139317-2139517	chr3L:2073248-2073448	chr3L:2139317-2139517	name	23	26	33	37	11	38	0.289474	0.209048	0.478261	0.0	0.314286	0.193999	1.0	neither	yes	yes	0.18032786885245902	0.16666666666666666
FBgn0086906_sm	/Users/jillianness/Desktop/SEbirthanalysis1024/new_LASTZ_analysis/enhancer_extraction/enhancer_pairs/FBgn0086906_sm/chr3L_2099069-2099450__chr3L_2139317-2139517	chr3L:2099069-2099450	chr3L:2139317-2139517	name	34	26	62	37	9	51	0.176471	0.217704	0.346154	0.0	0.20202	0.149839	1.0	neither	yes	yes	0.12222222222222222	0.2222222222222222
FBgn0086906_sm	/Users/jillianness/Desktop/SEbirthanalysis1024/new_LASTZ_analysis/enhancer_extraction/enhancer_pairs/FBgn0086906_sm/chr3L_2073248-2073448__chr3L_2099069-2099450	chr3L:2073248-2073448	chr3L:2099069-2099450	name	23	34	33	62	8	49	0.163265	0.265085	0.347826	0.0	0.210526	0.168088	1.0	neither	yes	yes	0.10227272727272728	0.2
FBgn0086906_sm	/Users/jillianness/Desktop/SEbirthanalysis1024/new_LASTZ_analysis/enhancer_extraction/enhancer_pairs/FBgn0086906_sm/chr3L_2098335-2098584__chr3L_2139317-2139517	chr3L:2098335-2098584	chr3L:2139317-2139517	name	35	26	44	37	5	56	0.089286	0.148185	0.192308	0.0	0.148148	0.087228	1.0	neither	yes	yes	0.09210526315789473	0.2222222222222222
FBgn0086906_sm	/Users/jillianness/Desktop/SEbirthanalysis1024/new_LASTZ_analysis/enhancer_extraction/enhancer_pairs/FBgn0086906_sm/chr3L_2073248-2073448__chr3L_2098335-2098584	chr3L:2073248-2073448	chr3L:2098335-2098584	name	23	35	33	44	5	53	0.09434	0.167944	0.217391	0.0	0.155844	0.094531	1.0	neither	yes	yes	0.0821917808219178	0.2
FBgn0086906_sm	/Users/jillianness/Desktop/SEbirthanalysis1024/new_LASTZ_analysis/enhancer_extraction/enhancer_pairs/FBgn0086906_sm/chr3L_2098335-2098584__chr3L_2099069-2099450	chr3L:2098335-2098584	chr3L:2099069-2099450	name	35	34	44	62	12	57	0.210526	0.354132	0.352941	0.0	0.283019	0.209665	1.0	flank_hit	yes	yes	0.14893617021276595	0.23076923076923078
FBgn0016694_sm	/Users/jillianness/Desktop/SEbirthanalysis1024/new_LASTZ_analysis/enhancer_extraction/enhancer_pairs/FBgn0016694_sm/chr3L_7762555-7762755__chr3L_7848370-7848762	chr3L:7762555-7762755	chr3L:7848370-7848762	name	17	58	23	106	7	68	0.102941	0.11241	0.411765	0.0	0.124031	0.093799	1.0	neither	yes	yes	0.06504065040650407	0.25
FBgn0016694_sm	/Users/jillianness/Desktop/SEbirthanalysis1024/new_LASTZ_analysis/enhancer_extraction/enhancer_pairs/FBgn0016694_sm/chr3L_7762555-7762755__chr3L_7818834-7819086	chr3L:7762555-7762755	chr3L:7818834-7819086	name	17	27	23	77	6	38	0.157895	0.090068	0.352941	0.0	0.12	0.110634	1.0	neither	yes	yes	0.0625	0.1111111111111111
FBgn0016694_sm	/Users/jillianness/Desktop/SEbirthanalysis1024/new_LASTZ_analysis/enhancer_extraction/enhancer_pairs/FBgn0016694_sm/chr3L_7818834-7819086__chr3L_7848370-7848762	chr3L:7818834-7819086	chr3L:7848370-7848762	name	27	58	77	106	18	67	0.268657	0.486099	0.666667	0.0	0.338798	0.283902	1.0	neither	yes	yes	0.1858974358974359	0.16666666666666666
FBgn0033581_vm	/Users/jillianness/Desktop/SEbirthanalysis1024/new_LASTZ_analysis/enhancer_extraction/enhancer_pairs/FBgn0033581_vm/chr2R_10731714-10732027__chr2R_10732567-10732946	chr2R:10731714-10732027	chr2R:10732567-10732946	name	36	101	62	166	20	117	0.17094	0.237061	0.555556	0.0	0.201754	0.162204	1.0	neither	yes	yes	0.1111111111111111	0.17647058823529413
FBgn0033581_vm	/Users/jillianness/Desktop/SEbirthanalysis1024/new_LASTZ_analysis/enhancer_extraction/enhancer_pairs/FBgn0033581_vm/chr2R_10732567-10732946__chr2R_10734849-10735149	chr2R:10732567-10732946	chr2R:10734849-10735149	name	101	52	166	79	31	122	0.254098	0.35975	0.596154	0.0	0.302041	0.239407	1.0	neither	yes	yes	0.1761904761904762	0.19047619047619047
FBgn0033581_vm	/Users/jillianness/Desktop/SEbirthanalysis1024/new_LASTZ_analysis/enhancer_extraction/enhancer_pairs/FBgn0033581_vm/chr2R_10731714-10732027__chr2R_10734849-10735149	chr2R:10731714-10732027	chr2R:10734849-10735149	name	36	52	62	79	17	71	0.239437	0.332257	0.472222	0.0	0.297872	0.207534	1.0	neither	yes	yes	0.1721311475409836	0.15384615384615385
FBgn0033581_vm	/Users/jillianness/Desktop/SEbirthanalysis1024/new_LASTZ_analysis/enhancer_extraction/enhancer_pairs/FBgn0033581_vm/chr2R_10724722-10724928__chr2R_10732567-10732946	chr2R:10724722-10724928	chr2R:10732567-10732946	name	25	101	29	166	17	109	0.155963	0.271303	0.68	0.0	0.184615	0.175816	1.0	neither	yes	yes	0.10674157303370786	0.3125
FBgn0033581_vm	/Users/jillianness/Desktop/SEbirthanalysis1024/new_LASTZ_analysis/enhancer_extraction/enhancer_pairs/FBgn0033581_vm/chr2R_10674070-10674314__chr2R_10732567-10732946	chr2R:10674070-10674314	chr2R:10732567-10732946	name	45	101	67	166	28	118	0.237288	0.280732	0.622222	0.0	0.274678	0.205996	1.0	neither	yes	yes	0.15196078431372548	0.2777777777777778
FBgn0033581_vm	/Users/jillianness/Desktop/SEbirthanalysis1024/new_LASTZ_analysis/enhancer_extraction/enhancer_pairs/FBgn0033581_vm/chr2R_10674070-10674314__chr2R_10724722-10724928	chr2R:10674070-10674314	chr2R:10724722-10724928	name	45	25	67	29	11	59	0.186441	0.244069	0.44	0.0	0.229167	0.169231	1.0	neither	yes	yes	0.13953488372093023	0.2727272727272727
FBgn0033581_vm	/Users/jillianness/Desktop/SEbirthanalysis1024/new_LASTZ_analysis/enhancer_extraction/enhancer_pairs/FBgn0033581_vm/chr2R_10724722-10724928__chr2R_10731714-10732027	chr2R:10724722-10724928	chr2R:10731714-10732027	name	25	36	29	62	12	49	0.244898	0.461821	0.48	0.0	0.307692	0.249518	1.0	neither	yes	yes	0.17721518987341772	0.1
FBgn0033581_vm	/Users/jillianness/Desktop/SEbirthanalysis1024/new_LASTZ_analysis/enhancer_extraction/enhancer_pairs/FBgn0033581_vm/chr2R_10674070-10674314__chr2R_10731714-10732027	chr2R:10674070-10674314	chr2R:10731714-10732027	name	45	36	67	62	17	64	0.265625	0.329989	0.472222	0.0	0.341085	0.235814	1.0	neither	yes	yes	0.2018348623853211	0.18181818181818182
FBgn0033581_vm	/Users/jillianness/Desktop/SEbirthanalysis1024/new_LASTZ_analysis/enhancer_extraction/enhancer_pairs/FBgn0033581_vm/chr2R_10674070-10674314__chr2R_10734849-10735149	chr2R:10674070-10674314	chr2R:10734849-10735149	name	45	52	67	79	20	77	0.25974	0.349323	0.444444	0.0	0.315068	0.225797	1.0	neither	yes	yes	0.15625	0.2857142857142857
FBgn0033581_vm	/Users/jillianness/Desktop/SEbirthanalysis1024/new_LASTZ_analysis/enhancer_extraction/enhancer_pairs/FBgn0033581_vm/chr2R_10724722-10724928__chr2R_10734849-10735149	chr2R:10724722-10724928	chr2R:10734849-10735149	name	25	52	29	79	14	63	0.222222	0.341315	0.56	0.0	0.277778	0.212982	1.0	neither	yes	yes	0.15789473684210525	0.3333333333333333
FBgn0003062_vm	/Users/jillianness/Desktop/SEbirthanalysis1024/new_LASTZ_analysis/enhancer_extraction/enhancer_pairs/FBgn0003062_vm/chr2R_22671971-22672235__chr2R_22692057-22692354	chr2R:22671971-22672235	chr2R:22692057-22692354	name	40	44	55	67	14	70	0.2	0.270035	0.35	0.0	0.262295	0.184087	1.0	neither	yes	yes	0.14814814814814814	0.1875
FBgn0003502_sm	/Users/jillianness/Desktop/SEbirthanalysis1024/new_LASTZ_analysis/enhancer_extraction/enhancer_pairs/FBgn0003502_sm/chr2L_8278110-8278488__chr2L_8289769-8290156	chr2L:8278110-8278488	chr2L:8289769-8290156	name	75	63	149	123	43	95	0.452632	0.220727	0.68254	0.0	0.411765	0.304947	1.0	neither	yes	yes	0.23423423423423423	0.34782608695652173
FBgn0083919_sm	/Users/jillianness/Desktop/SEbirthanalysis1024/new_LASTZ_analysis/enhancer_extraction/enhancer_pairs/FBgn0083919_sm/chr2R_15362583-15363071__chr2R_15377471-15377749	chr2R:15362583-15363071	chr2R:15377471-15377749	name	111	44	262	65	33	122	0.270492	0.366325	0.75	0.0	0.275229	0.238939	1.0	neither	yes	yes	0.15034965034965034	0.2727272727272727
FBgn0036844_vm_sm	/Users/jillianness/Desktop/SEbirthanalysis1024/new_LASTZ_analysis/enhancer_extraction/enhancer_pairs/FBgn0036844_vm_sm/chr3L_19051116-19051316__chr3L_19130352-19131228	chr3L:19051116-19051316	chr3L:19130352-19131228	name	55	120	74	325	47	128	0.367188	0.556848	0.854545	0.0	0.305764	0.366343	1.0	neither	yes	yes	0.17941176470588235	0.1891891891891892
FBgn0020762_meso	/Users/jillianness/Desktop/SEbirthanalysis1024/new_LASTZ_analysis/enhancer_extraction/enhancer_pairs/FBgn0020762_meso/chr2L_4282002-4282202__chr2L_4363652-4364006	chr2L:4282002-4282202	chr2L:4363652-4364006	name	66	51	81	75	15	102	0.147059	0.268123	0.294118	0.0	0.217949	0.15578	1.0	neither	yes	yes	0.09722222222222222	0.05
FBgn0020762_meso	/Users/jillianness/Desktop/SEbirthanalysis1024/new_LASTZ_analysis/enhancer_extraction/enhancer_pairs/FBgn0020762_meso/chr2L_4363652-4364006__chr2L_4368795-4369066	chr2L:4363652-4364006	chr2L:4368795-4369066	name	51	91	75	136	24	118	0.20339	0.354976	0.470588	0.0	0.28436	0.202502	1.0	neither	yes	yes	0.14516129032258066	0.17647058823529413
FBgn0020762_meso	/Users/jillianness/Desktop/SEbirthanalysis1024/new_LASTZ_analysis/enhancer_extraction/enhancer_pairs/FBgn0020762_meso/chr2L_4282002-4282202__chr2L_4368795-4369066	chr2L:4282002-4282202	chr2L:4368795-4369066	name	66	91	81	136	55	102	0.539216	0.55737	0.833333	0.0	0.543779	0.436389	1.0	neither	yes	yes	0.36024844720496896	0.1
FBgn0020762_meso	/Users/jillianness/Desktop/SEbirthanalysis1024/new_LASTZ_analysis/enhancer_extraction/enhancer_pairs/FBgn0020762_meso/chr2L_4363652-4364006__chr2L_4370195-4370400	chr2L:4363652-4364006	chr2L:4370195-4370400	name	51	27	75	51	13	65	0.2	0.486861	0.481481	0.0	0.31746	0.240125	1.0	neither	yes	yes	0.1743119266055046	0.3333333333333333
FBgn0020762_meso	/Users/jillianness/Desktop/SEbirthanalysis1024/new_LASTZ_analysis/enhancer_extraction/enhancer_pairs/FBgn0020762_meso/chr2L_4368795-4369066__chr2L_4370195-4370400	chr2L:4368795-4369066	chr2L:4370195-4370400	name	91	27	136	51	14	104	0.134615	0.278638	0.518519	0.0	0.181818	0.160008	1.0	neither	yes	yes	0.09883720930232558	0.07692307692307693
FBgn0020762_meso	/Users/jillianness/Desktop/SEbirthanalysis1024/new_LASTZ_analysis/enhancer_extraction/enhancer_pairs/FBgn0020762_meso/chr2L_4282002-4282202__chr2L_4370195-4370400	chr2L:4282002-4282202	chr2L:4370195-4370400	name	66	27	81	51	11	82	0.134146	0.276283	0.407407	0.0	0.19697	0.154134	1.0	neither	yes	yes	0.11666666666666667	0.15384615384615385
DII	/Users/jillianness/Desktop/SEbirthanalysis1024/new_LASTZ_analysis/enhancer_extraction/enhancer_pairs/DII/chr2R_24808103-24808896__chr2R_24854572-24855864	chr2R:24808103-24808896	chr2R:24854572-24855864	name	122	140	300	838	120	142	0.84507	0.751632	0.983607	0.0	0.458699	0.648764	1.0	neither	yes	yes	0.2984054669703872	0.390625
DII	/Users/jillianness/Desktop/SEbirthanalysis1024/new_LASTZ_analysis/enhancer_extraction/enhancer_pairs/DII/chr2R_24809499-24809705__chr2R_24854572-24855864	chr2R:24809499-24809705	chr2R:24854572-24855864	name	45	140	79	838	44	141	0.312057	0.357216	0.977778	0.0	0.157034	0.308967	1.0	neither	yes	yes	0.08628841607565012	0.06557377049180328
DII	/Users/jillianness/Desktop/SEbirthanalysis1024/new_LASTZ_analysis/enhancer_extraction/enhancer_pairs/DII/chr2R_24808103-24808896__chr2R_24809499-24809705	chr2R:24808103-24808896	chr2R:24809499-24809705	name	122	45	300	79	40	127	0.314961	0.313187	0.888889	0.0	0.263852	0.287105	1.0	neither	yes	yes	0.14759036144578314	0.10344827586206896
FBgn0037635_vm	/Users/jillianness/Desktop/SEbirthanalysis1024/new_LASTZ_analysis/enhancer_extraction/enhancer_pairs/FBgn0037635_vm/chr3R_8812222-8812640__chr3R_8846388-8846652	chr3R:8812222-8812640	chr3R:8846388-8846652	name	68	40	127	54	25	83	0.301205	0.369877	0.625	0.0	0.342541	0.308296	1.0	flank_hit	yes	yes	0.20394736842105263	0.2631578947368421
FBgn0037635_vm	/Users/jillianness/Desktop/SEbirthanalysis1024/new_LASTZ_analysis/enhancer_extraction/enhancer_pairs/FBgn0037635_vm/chr3R_8801188-8801499__chr3R_8846388-8846652	chr3R:8801188-8801499	chr3R:8846388-8846652	name	47	40	93	54	16	71	0.225352	0.500541	0.4	0.0	0.312925	0.231978	1.0	neither	yes	yes	0.1640625	0.2857142857142857
FBgn0037635_vm	/Users/jillianness/Desktop/SEbirthanalysis1024/new_LASTZ_analysis/enhancer_extraction/enhancer_pairs/FBgn0037635_vm/chr3R_8812222-8812640__chr3R_8864161-8864361	chr3R:8812222-8812640	chr3R:8864161-8864361	name	68	38	127	49	24	82	0.292683	0.176674	0.631579	0.0	0.306818	0.217393	1.0	neither	yes	yes	0.17880794701986755	0.2222222222222222
FBgn0037635_vm	/Users/jillianness/Desktop/SEbirthanalysis1024/new_LASTZ_analysis/enhancer_extraction/enhancer_pairs/FBgn0037635_vm/chr3R_8801188-8801499__chr3R_8864161-8864361	chr3R:8801188-8801499	chr3R:8864161-8864361	name	47	38	93	49	17	68	0.25	0.429767	0.447368	0.0	0.323944	0.235338	1.0	neither	yes	yes	0.19008264462809918	0.14285714285714285
FBgn0037635_vm	/Users/jillianness/Desktop/SEbirthanalysis1024/new_LASTZ_analysis/enhancer_extraction/enhancer_pairs/FBgn0037635_vm/chr3R_8846388-8846652__chr3R_8864161-8864361	chr3R:8846388-8846652	chr3R:8864161-8864361	name	40	38	54	49	17	61	0.278689	0.448618	0.447368	0.0	0.407767	0.246611	1.0	neither	yes	yes	0.22093023255813954	0.09090909090909091
FBgn0037635_vm	/Users/jillianness/Desktop/SEbirthanalysis1024/new_LASTZ_analysis/enhancer_extraction/enhancer_pairs/FBgn0037635_vm/chr3R_8801188-8801499__chr3R_8812222-8812640	chr3R:8801188-8801499	chr3R:8812222-8812640	name	47	68	93	127	29	86	0.337209	0.241415	0.617021	0.0	0.345455	0.28472	1.0	neither	yes	yes	0.2	0.12
FBgn0039667_vm	/Users/jillianness/Desktop/SEbirthanalysis1024/new_LASTZ_analysis/enhancer_extraction/enhancer_pairs/FBgn0039667_vm/chr3R_29458865-29459227__chr3R_29480007-29480263	chr3R:29458865-29459227	chr3R:29480007-29480263	name	65	77	119	161	34	108	0.314815	0.562131	0.523077	0.0	0.392857	0.293306	1.0	neither	yes	yes	0.2422907488986784	0.3076923076923077
FBgn0040305_vm	/Users/jillianness/Desktop/SEbirthanalysis1024/new_LASTZ_analysis/enhancer_extraction/enhancer_pairs/FBgn0040305_vm/chr3L_9413206-9413480__chr3L_9413658-9413858	chr3L:9413206-9413480	chr3L:9413658-9413858	name	43	54	67	71	14	83	0.168675	0.188801	0.325581	0.0	0.217391	0.138678	1.0	neither	yes	yes	0.12	0.38461538461538464
FBgn0003567_sm	/Users/jillianness/Desktop/SEbirthanalysis1024/new_LASTZ_analysis/enhancer_extraction/enhancer_pairs/FBgn0003567_sm/chr3R_14288142-14288461__chr3R_14332655-14333054	chr3R:14288142-14288461	chr3R:14332655-14333054	name	63	110	94	271	49	124	0.395161	0.486755	0.777778	0.0	0.345205	0.339949	1.0	neither	yes	yes	0.20327868852459016	0.2727272727272727
FBgn0052344_sm	/Users/jillianness/Desktop/SEbirthanalysis1024/new_LASTZ_analysis/enhancer_extraction/enhancer_pairs/FBgn0052344_sm/chr3L_302973-303714__chr3L_304295-305216	chr3L:302973-303714	chr3L:304295-305216	name	115	119	219	389	93	141	0.659574	0.433307	0.808696	0.0	0.427632	0.426617	1.0	neither	yes	yes	0.2681912681912682	0.21621621621621623
FBgn0000180_Spearman	/Users/jillianness/Desktop/SEbirthanalysis1024/new_LASTZ_analysis/enhancer_extraction/enhancer_pairs/FBgn0000180_Spearman/chr2L_9988598-9989094__chr2L_9989401-9989775	chr2L:9988598-9989094	chr2L:9989401-9989775	name	100	105	193	170	79	126	0.626984	0.485705	0.79	0.0	0.578512	0.440753	1.0	neither	yes	yes	0.3931297709923664	0.5357142857142857
FBgn0000181_Spearman	/Users/jillianness/Desktop/SEbirthanalysis1024/new_LASTZ_analysis/enhancer_extraction/enhancer_pairs/FBgn0000181_Spearman/chr2R_12485374-12485574__chr2R_12496961-12497161	chr2R:12485374-12485574	chr2R:12496961-12497161	name	30	34	39	59	8	56	0.142857	0.213338	0.266667	0.0	0.163265	0.143791	1.0	neither	yes	yes	0.08695652173913043	0.14285714285714285
FBgn0032129_sm	/Users/jillianness/Desktop/SEbirthanalysis1024/new_LASTZ_analysis/enhancer_extraction/enhancer_pairs/FBgn0032129_sm/chr2L_9525656-9525929__chr2L_9551353-9551553	chr2L:9525656-9525929	chr2L:9551353-9551553	name	50	77	78	101	23	104	0.221154	0.255559	0.46	0.0	0.290503	0.189187	1.0	neither	yes	yes	0.16025641025641027	0.06666666666666667
FBgn0032129_sm	/Users/jillianness/Desktop/SEbirthanalysis1024/new_LASTZ_analysis/enhancer_extraction/enhancer_pairs/FBgn0032129_sm/chr2L_9525656-9525929__chr2L_9558167-9558367	chr2L:9525656-9525929	chr2L:9558167-9558367	name	50	25	78	40	12	63	0.190476	0.327674	0.48	0.0	0.288136	0.210046	1.0	neither	yes	yes	0.14285714285714285	0.2
FBgn0032129_sm	/Users/jillianness/Desktop/SEbirthanalysis1024/new_LASTZ_analysis/enhancer_extraction/enhancer_pairs/FBgn0032129_sm/chr2L_9551353-9551553__chr2L_9558167-9558367	chr2L:9551353-9551553	chr2L:9558167-9558367	name	77	25	101	40	11	91	0.120879	0.209964	0.44	0.0	0.198582	0.135063	1.0	neither	yes	yes	0.1	0.0
FBgn0038292_vm	/Users/jillianness/Desktop/SEbirthanalysis1024/new_LASTZ_analysis/enhancer_extraction/enhancer_pairs/FBgn0038292_vm/chr3R_15091554-15092117__chr3R_15121624-15122081	chr3R:15091554-15092117	chr3R:15121624-15122081	name	56	71	128	148	34	93	0.365591	0.646208	0.607143	0.0	0.471014	0.369613	1.0	neither	yes	yes	0.27522935779816515	0.2916666666666667
FBgn0038292_vm	/Users/jillianness/Desktop/SEbirthanalysis1024/new_LASTZ_analysis/enhancer_extraction/enhancer_pairs/FBgn0038292_vm/chr3R_15089634-15089885__chr3R_15091554-15092117	chr3R:15089634-15089885	chr3R:15091554-15092117	name	77	56	123	128	21	112	0.1875	0.529584	0.375	0.0	0.318725	0.231138	1.0	enhancer_hit	yes	yes	0.17674418604651163	0.21739130434782608
FBgn0038292_vm	/Users/jillianness/Desktop/SEbirthanalysis1024/new_LASTZ_analysis/enhancer_extraction/enhancer_pairs/FBgn0038292_vm/chr3R_15089634-15089885__chr3R_15121624-15122081	chr3R:15089634-15089885	chr3R:15121624-15122081	name	77	71	123	148	41	107	0.383178	0.407935	0.577465	0.0	0.450185	0.328088	1.0	neither	yes	yes	0.25229357798165136	0.13636363636363635
FBgn0003169_Spearman	/Users/jillianness/Desktop/SEbirthanalysis1024/new_LASTZ_analysis/enhancer_extraction/enhancer_pairs/FBgn0003169_Spearman/chr3R_14597044-14597244__chr3R_14624470-14624670	chr3R:14597044-14597244	chr3R:14624470-14624670	name	54	21	93	56	8	67	0.119403	0.140444	0.380952	0.0	0.107383	0.118022	1.0	neither	yes	yes	0.04861111111111111	0.0
FBgn0003169_Spearman	/Users/jillianness/Desktop/SEbirthanalysis1024/new_LASTZ_analysis/enhancer_extraction/enhancer_pairs/FBgn0003169_Spearman/chr3R_14591568-14591768__chr3R_14597044-14597244	chr3R:14591568-14591768	chr3R:14597044-14597244	name	26	54	40	93	11	69	0.15942	0.459565	0.423077	0.0	0.285714	0.196408	1.0	neither	yes	yes	0.15384615384615385	0.4166666666666667
FBgn0003169_Spearman	/Users/jillianness/Desktop/SEbirthanalysis1024/new_LASTZ_analysis/enhancer_extraction/enhancer_pairs/FBgn0003169_Spearman/chr3R_14590821-14591563__chr3R_14591568-14591768	chr3R:14590821-14591563	chr3R:14591568-14591768	name	118	26	338	40	16	128	0.125	0.254505	0.615385	0.0	0.121693	0.155742	1.0	neither	yes	yes	0.06442577030812324	0.18181818181818182
FBgn0003169_Spearman	/Users/jillianness/Desktop/SEbirthanalysis1024/new_LASTZ_analysis/enhancer_extraction/enhancer_pairs/FBgn0003169_Spearman/chr3R_14590821-14591563__chr3R_14624470-14624670	chr3R:14590821-14591563	chr3R:14624470-14624670	name	118	21	338	56	19	120	0.158333	0.503655	0.904762	0.0	0.22335	0.242164	1.0	neither	yes	yes	0.125	0.14285714285714285
FBgn0003169_Spearman	/Users/jillianness/Desktop/SEbirthanalysis1024/new_LASTZ_analysis/enhancer_extraction/enhancer_pairs/FBgn0003169_Spearman/chr3R_14590821-14591563__chr3R_14597044-14597244	chr3R:14590821-14591563	chr3R:14597044-14597244	name	118	54	338	93	47	125	0.376	0.506144	0.87037	0.0	0.366589	0.351972	1.0	neither	yes	yes	0.21971830985915494	0.19230769230769232
FBgn0003169_Spearman	/Users/jillianness/Desktop/SEbirthanalysis1024/new_LASTZ_analysis/enhancer_extraction/enhancer_pairs/FBgn0003169_Spearman/chr3R_14591568-14591768__chr3R_14624470-14624670	chr3R:14591568-14591768	chr3R:14624470-14624670	name	26	21	40	56	7	40	0.175	0.080445	0.333333	0.0	0.166667	0.109867	1.0	neither	yes	yes	0.08888888888888889	0.0
FBgn0003254_meso	/Users/jillianness/Desktop/SEbirthanalysis1024/new_LASTZ_analysis/enhancer_extraction/enhancer_pairs/FBgn0003254_meso/chr2R_18898203-18898705__chr2R_18900616-18900816	chr2R:18898203-18898705	chr2R:18900616-18900816	name	106	26	212	45	18	114	0.157895	0.463455	0.692308	0.0	0.233463	0.222105	1.0	neither	yes	yes	0.13100436681222707	0.20833333333333334
FBgn0033638_sm	/Users/jillianness/Desktop/SEbirthanalysis1024/new_LASTZ_analysis/enhancer_extraction/enhancer_pairs/FBgn0033638_sm/chr2R_11254848-11255163__chr2R_11280746-11281085	chr2R:11254848-11255163	chr2R:11280746-11281085	name	65	94	95	145	46	113	0.40708	0.560757	0.707692	0.0	0.475	0.356628	1.0	neither	yes	yes	0.2872340425531915	0.14285714285714285
FBgn0033638_sm	/Users/jillianness/Desktop/SEbirthanalysis1024/new_LASTZ_analysis/enhancer_extraction/enhancer_pairs/FBgn0033638_sm/chr2R_11259263-11259645__chr2R_11280746-11281085	chr2R:11259263-11259645	chr2R:11280746-11281085	name	39	94	67	145	17	116	0.146552	0.18828	0.435897	0.0	0.169811	0.135802	1.0	neither	yes	yes	0.09183673469387756	0.1
FBgn0033638_sm	/Users/jillianness/Desktop/SEbirthanalysis1024/new_LASTZ_analysis/enhancer_extraction/enhancer_pairs/FBgn0033638_sm/chr2R_11260888-11261343__chr2R_11280746-11281085	chr2R:11260888-11261343	chr2R:11280746-11281085	name	109	94	330	145	78	125	0.624	0.64797	0.829787	0.0	0.488421	0.51854	1.0	neither	yes	yes	0.3140495867768595	0.42105263157894735
FBgn0033638_sm	/Users/jillianness/Desktop/SEbirthanalysis1024/new_LASTZ_analysis/enhancer_extraction/enhancer_pairs/FBgn0033638_sm/chr2R_11259263-11259645__chr2R_11260888-11261343	chr2R:11259263-11259645	chr2R:11260888-11261343	name	39	109	67	330	22	126	0.174603	0.1649	0.564103	0.0	0.13602	0.149232	1.0	neither	yes	yes	0.06684491978609626	0.06896551724137931
FBgn0033638_sm	/Users/jillianness/Desktop/SEbirthanalysis1024/new_LASTZ_analysis/enhancer_extraction/enhancer_pairs/FBgn0033638_sm/chr2R_11254848-11255163__chr2R_11260888-11261343	chr2R:11254848-11255163	chr2R:11260888-11261343	name	65	109	95	330	53	121	0.438017	0.653718	0.815385	0.0	0.348235	0.40908	1.0	neither	yes	yes	0.2062146892655367	0.13636363636363635
FBgn0033638_sm	/Users/jillianness/Desktop/SEbirthanalysis1024/new_LASTZ_analysis/enhancer_extraction/enhancer_pairs/FBgn0033638_sm/chr2R_11254848-11255163__chr2R_11259263-11259645	chr2R:11254848-11255163	chr2R:11259263-11259645	name	65	39	95	67	15	89	0.168539	0.291249	0.384615	0.0	0.234568	0.171844	1.0	neither	yes	yes	0.10810810810810811	0.1111111111111111
FBgn0030451_sm	/Users/jillianness/Desktop/SEbirthanalysis1024/new_LASTZ_analysis/enhancer_extraction/enhancer_pairs/FBgn0030451_sm/chrX_13070183-13070515__chrX_13078529-13078729	chrX:13070183-13070515	chrX:13078529-13078729	name	65	43	123	72	27	81	0.333333	0.477095	0.627907	0.0	0.410256	0.295185	1.0	enhancer_hit	yes	yes	0.25477707006369427	0.058823529411764705
FBgn0030451_sm	/Users/jillianness/Desktop/SEbirthanalysis1024/new_LASTZ_analysis/enhancer_extraction/enhancer_pairs/FBgn0030451_sm/chrX_13051960-13052281__chrX_13070183-13070515	chrX:13051960-13052281	chrX:13070183-13070515	name	86	65	170	123	39	112	0.348214	0.472792	0.6	0.0	0.395904	0.297356	1.0	neither	yes	yes	0.22916666666666666	0.15
FBgn0030451_sm	/Users/jillianness/Desktop/SEbirthanalysis1024/new_LASTZ_analysis/enhancer_extraction/enhancer_pairs/FBgn0030451_sm/chrX_13051960-13052281__chrX_13078529-13078729	chrX:13051960-13052281	chrX:13078529-13078729	name	86	43	170	72	27	102	0.264706	0.475843	0.627907	0.0	0.322314	0.251806	1.0	flank_hit	yes	yes	0.1674641148325359	0.18181818181818182
FBgn0002789_vm_sm	/Users/jillianness/Desktop/SEbirthanalysis1024/new_LASTZ_analysis/enhancer_extraction/enhancer_pairs/FBgn0002789_vm_sm/chr2R_12872374-12872767__chr2R_12873676-12873937	chr2R:12872374-12872767	chr2R:12873676-12873937	name	103	50	400	103	36	117	0.307692	0.395139	0.72	0.0	0.266402	0.278003	1.0	neither	yes	yes	0.15034168564920272	0.1
FBgn0016797_meso	/Users/jillianness/Desktop/SEbirthanalysis1024/new_LASTZ_analysis/enhancer_extraction/enhancer_pairs/FBgn0016797_meso/chr3L_19143539-19143824__chr3L_19151316-19151710	chr3L:19143539-19143824	chr3L:19151316-19151710	name	38	79	77	165	25	92	0.271739	0.204019	0.657895	0.0	0.22314	0.219725	1.0	neither	yes	yes	0.12442396313364056	0.1875
FBgn0004606_vm	/Users/jillianness/Desktop/SEbirthanalysis1024/new_LASTZ_analysis/enhancer_extraction/enhancer_pairs/FBgn0004606_vm/chr3R_30796870-30797305__chr3R_30805779-30805979	chr3R:30796870-30797305	chr3R:30805779-30805979	name	107	25	280	61	16	116	0.137931	0.075255	0.64	0.0	0.105572	0.114005	1.0	neither	yes	yes	0.055384615384615386	0.16
FBgn0004606_vm	/Users/jillianness/Desktop/SEbirthanalysis1024/new_LASTZ_analysis/enhancer_extraction/enhancer_pairs/FBgn0004606_vm/chr3R_30781959-30782292__chr3R_30805779-30805979	chr3R:30781959-30782292	chr3R:30805779-30805979	name	56	25	103	61	11	70	0.157143	0.365006	0.44	0.0	0.231707	0.217031	1.0	flank_hit	yes	yes	0.11409395973154363	0.21428571428571427
FBgn0004606_vm	/Users/jillianness/Desktop/SEbirthanalysis1024/new_LASTZ_analysis/enhancer_extraction/enhancer_pairs/FBgn0004606_vm/chr3R_30767234-30767502__chr3R_30796870-30797305	chr3R:30767234-30767502	chr3R:30796870-30797305	name	100	107	148	280	78	129	0.604651	0.645665	0.78	0.0	0.481308	0.477823	1.0	flank_hit	yes	yes	0.31097560975609756	0.16666666666666666
FBgn0004606_vm	/Users/jillianness/Desktop/SEbirthanalysis1024/new_LASTZ_analysis/enhancer_extraction/enhancer_pairs/FBgn0004606_vm/chr3R_30767234-30767502__chr3R_30781959-30782292	chr3R:30767234-30767502	chr3R:30781959-30782292	name	100	56	148	103	34	122	0.278689	0.485212	0.607143	0.0	0.374502	0.290411	1.0	neither	yes	yes	0.22815533980582525	0.21052631578947367
FBgn0004606_vm	/Users/jillianness/Desktop/SEbirthanalysis1024/new_LASTZ_analysis/enhancer_extraction/enhancer_pairs/FBgn0004606_vm/chr3R_30767234-30767502__chr3R_30805779-30805979	chr3R:30767234-30767502	chr3R:30805779-30805979	name	100	25	148	61	14	111	0.126126	0.29786	0.56	0.0	0.172249	0.173033	1.0	neither	yes	yes	0.09326424870466321	0.14285714285714285
FBgn0004606_vm	/Users/jillianness/Desktop/SEbirthanalysis1024/new_LASTZ_analysis/enhancer_extraction/enhancer_pairs/FBgn0004606_vm/chr3R_30781959-30782292__chr3R_30796870-30797305	chr3R:30781959-30782292	chr3R:30796870-30797305	name	56	107	103	280	34	129	0.263566	0.355454	0.607143	0.0	0.27154	0.229859	1.0	neither	yes	yes	0.14925373134328357	0.38461538461538464
FBgn0003448_meso	/Users/jillianness/Desktop/SEbirthanalysis1024/new_LASTZ_analysis/enhancer_extraction/enhancer_pairs/FBgn0003448_meso/chr2L_15475634-15475834__chr2L_15482011-15482211	chr2L:15475634-15475834	chr2L:15482011-15482211	name	40	25	50	53	10	55	0.181818	0.367542	0.4	0.0	0.23301	0.19326	1.0	neither	yes	yes	0.10526315789473684	0.1111111111111111
FBgn0038788_Spearman	/Users/jillianness/Desktop/SEbirthanalysis1024/new_LASTZ_analysis/enhancer_extraction/enhancer_pairs/FBgn0038788_Spearman/chr3R_20264445-20264645__chr3R_20280523-20280723	chr3R:20264445-20264645	chr3R:20280523-20280723	name	38	47	47	82	13	72	0.180556	0.386513	0.342105	0.0	0.248062	0.210429	1.0	neither	yes	yes	0.14912280701754385	0.25
FBgn0035153_sm	/Users/jillianness/Desktop/SEbirthanalysis1024/new_LASTZ_analysis/enhancer_extraction/enhancer_pairs/FBgn0035153_sm/chr3L_668956-669192__chr3L_691733-692030	chr3L:668956-669192	chr3L:691733-692030	name	90	39	216	68	20	109	0.183486	0.233295	0.512821	0.0	0.190141	0.163893	1.0	neither	yes	yes	0.0916030534351145	0.125
FBgn0035153_sm	/Users/jillianness/Desktop/SEbirthanalysis1024/new_LASTZ_analysis/enhancer_extraction/enhancer_pairs/FBgn0035153_sm/chr3L_647134-647334__chr3L_691733-692030	chr3L:647134-647334	chr3L:691733-692030	name	27	39	60	68	10	56	0.178571	0.379426	0.37037	0.0	0.234375	0.204658	1.0	neither	yes	yes	0.1206896551724138	0.0
FBgn0035153_sm	/Users/jillianness/Desktop/SEbirthanalysis1024/new_LASTZ_analysis/enhancer_extraction/enhancer_pairs/FBgn0035153_sm/chr3L_647134-647334__chr3L_668956-669192	chr3L:647134-647334	chr3L:668956-669192	name	27	90	60	216	19	98	0.193878	0.135322	0.703704	0.0	0.166667	0.157593	1.0	neither	yes	yes	0.0859375	0.26666666666666666
FBgn0005630_sm	/Users/jillianness/Desktop/SEbirthanalysis1024/new_LASTZ_analysis/enhancer_extraction/enhancer_pairs/FBgn0005630_sm/chr2R_10166703-10167099__chr2R_10179693-10179934	chr2R:10166703-10167099	chr2R:10179693-10179934	name	55	85	97	114	28	112	0.25	0.342695	0.509091	0.0	0.303318	0.219181	1.0	neither	yes	yes	0.18333333333333332	0.1875
FBgn0005630_sm	/Users/jillianness/Desktop/SEbirthanalysis1024/new_LASTZ_analysis/enhancer_extraction/enhancer_pairs/FBgn0005630_sm/chr2R_10158762-10159202__chr2R_10179693-10179934	chr2R:10158762-10159202	chr2R:10179693-10179934	name	106	85	225	114	68	123	0.552846	0.687384	0.8	0.0	0.501475	0.463808	1.0	neither	yes	yes	0.31153846153846154	0.125
FBgn0005630_sm	/Users/jillianness/Desktop/SEbirthanalysis1024/new_LASTZ_analysis/enhancer_extraction/enhancer_pairs/FBgn0005630_sm/chr2R_10165838-10166245__chr2R_10179693-10179934	chr2R:10165838-10166245	chr2R:10179693-10179934	name	102	85	211	114	65	122	0.532787	0.576275	0.764706	0.0	0.473846	0.424456	1.0	neither	yes	yes	0.2874015748031496	0.2
FBgn0005630_sm	/Users/jillianness/Desktop/SEbirthanalysis1024/new_LASTZ_analysis/enhancer_extraction/enhancer_pairs/FBgn0005630_sm/chr2R_10158762-10159202__chr2R_10165838-10166245	chr2R:10158762-10159202	chr2R:10165838-10166245	name	106	102	225	211	83	125	0.664	0.62863	0.813725	0.0	0.642202	0.542483	1.0	neither	yes	yes	0.46488294314381273	0.38095238095238093
FBgn0005630_sm	/Users/jillianness/Desktop/SEbirthanalysis1024/new_LASTZ_analysis/enhancer_extraction/enhancer_pairs/FBgn0005630_sm/chr2R_10158762-10159202__chr2R_10166703-10167099	chr2R:10158762-10159202	chr2R:10166703-10167099	name	106	55	225	97	37	124	0.298387	0.408372	0.672727	0.0	0.31677	0.280726	1.0	neither	yes	yes	0.18248175182481752	0.043478260869565216
FBgn0005630_sm	/Users/jillianness/Desktop/SEbirthanalysis1024/new_LASTZ_analysis/enhancer_extraction/enhancer_pairs/FBgn0005630_sm/chr2R_10165838-10166245__chr2R_10166703-10167099	chr2R:10165838-10166245	chr2R:10166703-10167099	name	102	55	211	97	34	123	0.276423	0.391482	0.618182	0.0	0.311688	0.251956	1.0	neither	yes	yes	0.16981132075471697	0.10526315789473684
FBgn0020647_vm	/Users/jillianness/Desktop/SEbirthanalysis1024/new_LASTZ_analysis/enhancer_extraction/enhancer_pairs/FBgn0020647_vm/chr3R_24021882-24022138__chr3R_24032072-24032273	chr3R:24021882-24022138	chr3R:24032072-24032273	name	84	35	120	57	16	103	0.15534	0.584302	0.457143	0.0	0.327684	0.229472	1.0	enhancer_hit	yes	yes	0.16233766233766234	0.5
FBgn0000015_sm	/Users/jillianness/Desktop/SEbirthanalysis1024/new_LASTZ_analysis/enhancer_extraction/enhancer_pairs/FBgn0000015_sm/chr3R_16938077-16938336__chr3R_16969808-16970008	chr3R:16938077-16938336	chr3R:16969808-16970008	name	75	33	125	52	16	92	0.173913	0.292813	0.484848	0.0	0.225989	0.179672	1.0	neither	yes	yes	0.11180124223602485	0.14285714285714285
FBgn0000015_sm	/Users/jillianness/Desktop/SEbirthanalysis1024/new_LASTZ_analysis/enhancer_extraction/enhancer_pairs/FBgn0000015_sm/chr3R_16904976-16905213__chr3R_16938077-16938336	chr3R:16904976-16905213	chr3R:16938077-16938336	name	42	75	78	125	17	100	0.17	0.179902	0.404762	0.0	0.206897	0.133807	1.0	neither	yes	yes	0.10215053763440861	0.058823529411764705
FBgn0000015_sm	/Users/jillianness/Desktop/SEbirthanalysis1024/new_LASTZ_analysis/enhancer_extraction/enhancer_pairs/FBgn0000015_sm/chr3R_16904976-16905213__chr3R_16969808-16970008	chr3R:16904976-16905213	chr3R:16969808-16970008	name	42	33	78	52	11	64	0.171875	0.429754	0.333333	0.0	0.292308	0.185709	1.0	neither	yes	yes	0.1282051282051282	0.0
FBgn0082585_Spearman	/Users/jillianness/Desktop/SEbirthanalysis1024/new_LASTZ_analysis/enhancer_extraction/enhancer_pairs/FBgn0082585_Spearman/chr2R_11027192-11027545__chr2R_11029627-11029827	chr2R:11027192-11027545	chr2R:11029627-11029827	name	98	36	336	47	20	114	0.175439	0.211644	0.555556	0.0	0.114883	0.151	1.0	neither	yes	yes	0.06060606060606061	0.06896551724137931
FBgn0000044_sm	/Users/jillianness/Desktop/SEbirthanalysis1024/new_LASTZ_analysis/enhancer_extraction/enhancer_pairs/FBgn0000044_sm/chr2R_20562855-20563268__chr2R_20563710-20563921	chr2R:20562855-20563268	chr2R:20563710-20563921	name	102	29	412	44	12	119	0.10084	0.204616	0.413793	0.0	0.078947	0.108969	1.0	neither	yes	yes	0.04090909090909091	0.043478260869565216
FBgn0000044_sm	/Users/jillianness/Desktop/SEbirthanalysis1024/new_LASTZ_analysis/enhancer_extraction/enhancer_pairs/FBgn0000044_sm/chr2R_20562855-20563268__chr2R_20566669-20566882	chr2R:20562855-20563268	chr2R:20566669-20566882	name	102	39	412	67	30	111	0.27027	0.339979	0.769231	0.0	0.179541	0.262479	1.0	neither	yes	yes	0.09567198177676538	0.05263157894736842
FBgn0000044_sm	/Users/jillianness/Desktop/SEbirthanalysis1024/new_LASTZ_analysis/enhancer_extraction/enhancer_pairs/FBgn0000044_sm/chr2R_20559250-20559450__chr2R_20560480-20560860	chr2R:20559250-20559450	chr2R:20560480-20560860	name	85	102	111	185	64	123	0.520325	0.555032	0.752941	0.0	0.493243	0.410208	1.0	neither	yes	yes	0.3244444444444444	0.2631578947368421
FBgn0000044_sm	/Users/jillianness/Desktop/SEbirthanalysis1024/new_LASTZ_analysis/enhancer_extraction/enhancer_pairs/FBgn0000044_sm/chr2R_20559250-20559450__chr2R_20563710-20563921	chr2R:20559250-20559450	chr2R:20563710-20563921	name	85	29	111	44	7	107	0.065421	0.182896	0.241379	0.0	0.116129	0.087869	1.0	neither	yes	yes	0.060810810810810814	0.0
FBgn0000044_sm	/Users/jillianness/Desktop/SEbirthanalysis1024/new_LASTZ_analysis/enhancer_extraction/enhancer_pairs/FBgn0000044_sm/chr2R_20559250-20559450__chr2R_20566669-20566882	chr2R:20559250-20559450	chr2R:20566669-20566882	name	85	39	111	67	27	97	0.278351	0.403709	0.692308	0.0	0.370787	0.27174	1.0	neither	yes	yes	0.21621621621621623	0.0
FBgn0000044_sm	/Users/jillianness/Desktop/SEbirthanalysis1024/new_LASTZ_analysis/enhancer_extraction/enhancer_pairs/FBgn0000044_sm/chr2R_20559250-20559450__chr2R_20562855-20563268	chr2R:20559250-20559450	chr2R:20562855-20563268	name	85	102	111	412	72	115	0.626087	0.688297	0.847059	0.0	0.359465	0.527746	1.0	neither	yes	yes	0.22093023255813954	0.19047619047619047
FBgn0000044_sm	/Users/jillianness/Desktop/SEbirthanalysis1024/new_LASTZ_analysis/enhancer_extraction/enhancer_pairs/FBgn0000044_sm/chr2R_20558766-20559051__chr2R_20559250-20559450	chr2R:20558766-20559051	chr2R:20559250-20559450	name	33	85	63	111	17	101	0.168317	0.165421	0.515152	0.0	0.206897	0.141384	1.0	neither	yes	yes	0.11392405063291139	0.0
FBgn0000044_sm	/Users/jillianness/Desktop/SEbirthanalysis1024/new_LASTZ_analysis/enhancer_extraction/enhancer_pairs/FBgn0000044_sm/chr2R_20558766-20559051__chr2R_20560480-20560860	chr2R:20558766-20559051	chr2R:20560480-20560860	name	33	102	63	185	19	116	0.163793	0.16964	0.575758	0.0	0.177419	0.147968	1.0	neither	yes	yes	0.09170305676855896	0.0
FBgn0000044_sm	/Users/jillianness/Desktop/SEbirthanalysis1024/new_LASTZ_analysis/enhancer_extraction/enhancer_pairs/FBgn0000044_sm/chr2R_20560480-20560860__chr2R_20563710-20563921	chr2R:20560480-20560860	chr2R:20563710-20563921	name	102	29	185	44	17	114	0.149123	0.313264	0.586207	0.0	0.200873	0.180412	1.0	neither	yes	yes	0.0947867298578199	0.045454545454545456
FBgn0000044_sm	/Users/jillianness/Desktop/SEbirthanalysis1024/new_LASTZ_analysis/enhancer_extraction/enhancer_pairs/FBgn0000044_sm/chr2R_20558766-20559051__chr2R_20563710-20563921	chr2R:20558766-20559051	chr2R:20563710-20563921	name	33	29	63	44	10	52	0.192308	0.20261	0.344828	0.0	0.205607	0.168551	1.0	neither	yes	yes	0.11224489795918367	0.07692307692307693
FBgn0000044_sm	/Users/jillianness/Desktop/SEbirthanalysis1024/new_LASTZ_analysis/enhancer_extraction/enhancer_pairs/FBgn0000044_sm/chr2R_20560480-20560860__chr2R_20562855-20563268	chr2R:20560480-20560860	chr2R:20562855-20563268	name	102	102	185	412	78	126	0.619048	0.643875	0.764706	0.0	0.452261	0.497478	1.0	neither	yes	yes	0.29094827586206895	0.6086956521739131
FBgn0000044_sm	/Users/jillianness/Desktop/SEbirthanalysis1024/new_LASTZ_analysis/enhancer_extraction/enhancer_pairs/FBgn0000044_sm/chr2R_20558766-20559051__chr2R_20566669-20566882	chr2R:20558766-20559051	chr2R:20566669-20566882	name	33	39	63	67	9	63	0.142857	0.204212	0.272727	0.0	0.2	0.146135	1.0	neither	yes	yes	0.11864406779661017	0.0
FBgn0000044_sm	/Users/jillianness/Desktop/SEbirthanalysis1024/new_LASTZ_analysis/enhancer_extraction/enhancer_pairs/FBgn0000044_sm/chr2R_20563710-20563921__chr2R_20566669-20566882	chr2R:20563710-20563921	chr2R:20566669-20566882	name	29	39	44	67	8	60	0.133333	0.461957	0.275862	0.0	0.306306	0.190733	1.0	neither	yes	yes	0.1414141414141414	0.0
FBgn0000044_sm	/Users/jillianness/Desktop/SEbirthanalysis1024/new_LASTZ_analysis/enhancer_extraction/enhancer_pairs/FBgn0000044_sm/chr2R_20560480-20560860__chr2R_20566669-20566882	chr2R:20560480-20560860	chr2R:20566669-20566882	name	102	39	185	67	31	110	0.281818	0.351621	0.794872	0.0	0.301587	0.25555	1.0	neither	yes	yes	0.1598173515981735	0.05555555555555555
FBgn0000044_sm	/Users/jillianness/Desktop/SEbirthanalysis1024/new_LASTZ_analysis/enhancer_extraction/enhancer_pairs/FBgn0000044_sm/chr2R_20558766-20559051__chr2R_20562855-20563268	chr2R:20558766-20559051	chr2R:20562855-20563268	name	33	102	63	412	13	122	0.106557	0.047286	0.393939	0.0	0.054737	0.059874	1.0	neither	yes	yes	0.028017241379310345	0.0
esg	/Users/jillianness/Desktop/SEbirthanalysis1024/new_LASTZ_analysis/enhancer_extraction/enhancer_pairs/esg/chr2L_15322444-15322772__chr2L_15323128-15323794	chr2L:15322444-15322772	chr2L:15323128-15323794	name	55	60	104	131	32	83	0.385542	0.53337	0.581818	0.0	0.451064	0.361275	1.0	neither	yes	yes	0.26737967914438504	0.2857142857142857
esg	/Users/jillianness/Desktop/SEbirthanalysis1024/new_LASTZ_analysis/enhancer_extraction/enhancer_pairs/esg/chr2L_15322444-15322772__chr2L_15333222-15333912	chr2L:15322444-15322772	chr2L:15333222-15333912	name	55	113	104	309	41	127	0.322835	0.427511	0.745455	0.0	0.329298	0.288722	1.0	neither	yes	yes	0.18911174785100288	0.2564102564102564
esg	/Users/jillianness/Desktop/SEbirthanalysis1024/new_LASTZ_analysis/enhancer_extraction/enhancer_pairs/esg/chr2L_15332558-15332979__chr2L_15333222-15333912	chr2L:15332558-15332979	chr2L:15333222-15333912	name	58	113	119	309	44	127	0.346457	0.552044	0.758621	0.0	0.378505	0.323015	1.0	neither	yes	yes	0.23209169054441262	0.1951219512195122
esg	/Users/jillianness/Desktop/SEbirthanalysis1024/new_LASTZ_analysis/enhancer_extraction/enhancer_pairs/esg/chr2L_15323946-15324408__chr2L_15333222-15333912	chr2L:15323946-15324408	chr2L:15333222-15333912	name	67	113	140	309	49	131	0.374046	0.479109	0.731343	0.0	0.396437	0.350958	1.0	neither	yes	yes	0.24242424242424243	0.325
esg	/Users/jillianness/Desktop/SEbirthanalysis1024/new_LASTZ_analysis/enhancer_extraction/enhancer_pairs/esg/chr2L_15323128-15323794__chr2L_15333222-15333912	chr2L:15323128-15323794	chr2L:15333222-15333912	name	60	113	131	309	41	132	0.310606	0.461406	0.683333	0.0	0.345455	0.297673	1.0	neither	yes	yes	0.20435967302452315	0.36585365853658536
esg	/Users/jillianness/Desktop/SEbirthanalysis1024/new_LASTZ_analysis/enhancer_extraction/enhancer_pairs/esg/chr2L_15331388-15332093__chr2L_15333222-15333912	chr2L:15331388-15332093	chr2L:15333222-15333912	name	125	113	412	309	102	136	0.75	0.678219	0.902655	0.0	0.635229	0.585462	1.0	neither	yes	yes	0.46060606060606063	0.6
esg	/Users/jillianness/Desktop/SEbirthanalysis1024/new_LASTZ_analysis/enhancer_extraction/enhancer_pairs/esg/chr2L_15323128-15323794__chr2L_15323946-15324408	chr2L:15323128-15323794	chr2L:15323946-15324408	name	60	67	131	140	39	88	0.443182	0.55171	0.65	0.0	0.494465	0.419109	1.0	neither	yes	yes	0.3188405797101449	0.55
esg	/Users/jillianness/Desktop/SEbirthanalysis1024/new_LASTZ_analysis/enhancer_extraction/enhancer_pairs/esg/chr2L_15322444-15322772__chr2L_15332558-15332979	chr2L:15322444-15322772	chr2L:15332558-15332979	name	55	58	104	119	23	90	0.255556	0.612379	0.418182	0.0	0.403587	0.27911	1.0	neither	yes	yes	0.22282608695652173	0.17647058823529413
esg	/Users/jillianness/Desktop/SEbirthanalysis1024/new_LASTZ_analysis/enhancer_extraction/enhancer_pairs/esg/chr2L_15322444-15322772__chr2L_15331388-15332093	chr2L:15322444-15322772	chr2L:15331388-15332093	name	55	125	104	412	48	132	0.363636	0.608349	0.872727	0.0	0.337209	0.345105	1.0	neither	yes	yes	0.19907407407407407	0.22857142857142856
esg	/Users/jillianness/Desktop/SEbirthanalysis1024/new_LASTZ_analysis/enhancer_extraction/enhancer_pairs/esg/chr2L_15323946-15324408__chr2L_15331388-15332093	chr2L:15323946-15324408	chr2L:15331388-15332093	name	67	125	140	412	59	133	0.443609	0.615243	0.880597	0.0	0.394928	0.382273	1.0	neither	yes	yes	0.24774774774774774	0.3055555555555556
esg	/Users/jillianness/Desktop/SEbirthanalysis1024/new_LASTZ_analysis/enhancer_extraction/enhancer_pairs/esg/chr2L_15323946-15324408__chr2L_15332558-15332979	chr2L:15323946-15324408	chr2L:15332558-15332979	name	67	58	140	119	28	97	0.28866	0.618533	0.482759	0.0	0.393822	0.313349	1.0	neither	yes	yes	0.23696682464454977	0.2631578947368421
esg	/Users/jillianness/Desktop/SEbirthanalysis1024/new_LASTZ_analysis/enhancer_extraction/enhancer_pairs/esg/chr2L_15323128-15323794__chr2L_15332558-15332979	chr2L:15323128-15323794	chr2L:15332558-15332979	name	60	58	131	119	35	83	0.421687	0.40052	0.603448	0.0	0.392	0.328779	1.0	neither	yes	yes	0.2413793103448276	0.35
esg	/Users/jillianness/Desktop/SEbirthanalysis1024/new_LASTZ_analysis/enhancer_extraction/enhancer_pairs/esg/chr2L_15323128-15323794__chr2L_15331388-15332093	chr2L:15323128-15323794	chr2L:15331388-15332093	name	60	125	131	412	48	137	0.350365	0.382494	0.8	0.0	0.290976	0.271472	1.0	neither	yes	yes	0.16952789699570817	0.3157894736842105
esg	/Users/jillianness/Desktop/SEbirthanalysis1024/new_LASTZ_analysis/enhancer_extraction/enhancer_pairs/esg/chr2L_15322444-15322772__chr2L_15323946-15324408	chr2L:15322444-15322772	chr2L:15323946-15324408	name	55	67	104	140	34	88	0.386364	0.799216	0.618182	0.0	0.54918	0.402392	1.0	neither	yes	yes	0.36666666666666664	0.4117647058823529
esg	/Users/jillianness/Desktop/SEbirthanalysis1024/new_LASTZ_analysis/enhancer_extraction/enhancer_pairs/esg/chr2L_15331388-15332093__chr2L_15332558-15332979	chr2L:15331388-15332093	chr2L:15332558-15332979	name	125	58	412	119	44	139	0.316547	0.438906	0.758621	0.0	0.286252	0.265121	1.0	neither	yes	yes	0.15869565217391304	0.22857142857142856
FBgn0261286_vm	/Users/jillianness/Desktop/SEbirthanalysis1024/new_LASTZ_analysis/enhancer_extraction/enhancer_pairs/FBgn0261286_vm/chr3R_16234208-16234580__chr3R_16249888-16250609	chr3R:16234208-16234580	chr3R:16249888-16250609	name	47	71	62	190	29	89	0.325843	0.412514	0.617021	0.0	0.301587	0.342067	1.0	neither	yes	yes	0.1813953488372093	0.12903225806451613
FBgn0261286_vm	/Users/jillianness/Desktop/SEbirthanalysis1024/new_LASTZ_analysis/enhancer_extraction/enhancer_pairs/FBgn0261286_vm/chr3R_16234208-16234580__chr3R_16281158-16281613	chr3R:16234208-16234580	chr3R:16281158-16281613	name	47	53	62	130	27	73	0.369863	0.497035	0.574468	0.0	0.364583	0.328801	1.0	neither	yes	yes	0.22784810126582278	0.2
FBgn0261286_vm	/Users/jillianness/Desktop/SEbirthanalysis1024/new_LASTZ_analysis/enhancer_extraction/enhancer_pairs/FBgn0261286_vm/chr3R_16249888-16250609__chr3R_16281158-16281613	chr3R:16249888-16250609	chr3R:16281158-16281613	name	71	53	190	130	35	89	0.393258	0.511295	0.660377	0.0	0.4625	0.422401	1.0	enhancer_hit	yes	yes	0.2727272727272727	0.19444444444444445
FBgn0030900_Spearman	/Users/jillianness/Desktop/SEbirthanalysis1024/new_LASTZ_analysis/enhancer_extraction/enhancer_pairs/FBgn0030900_Spearman/chrX_18146945-18147372__chrX_18148950-18149279	chrX:18146945-18147372	chrX:18148950-18149279	name	83	37	136	66	25	95	0.263158	0.619422	0.675676	0.0	0.376238	0.313589	1.0	neither	yes	yes	0.21428571428571427	0.3333333333333333
FBgn0030900_Spearman	/Users/jillianness/Desktop/SEbirthanalysis1024/new_LASTZ_analysis/enhancer_extraction/enhancer_pairs/FBgn0030900_Spearman/chrX_18146945-18147372__chrX_18147841-18148227	chrX:18146945-18147372	chrX:18147841-18148227	name	83	74	136	147	45	112	0.401786	0.582581	0.608108	0.0	0.452297	0.373198	1.0	neither	yes	yes	0.27802690582959644	0.2727272727272727
FBgn0030900_Spearman	/Users/jillianness/Desktop/SEbirthanalysis1024/new_LASTZ_analysis/enhancer_extraction/enhancer_pairs/FBgn0030900_Spearman/chrX_18147841-18148227__chrX_18148950-18149279	chrX:18147841-18148227	chrX:18148950-18149279	name	74	37	147	66	25	86	0.290698	0.478275	0.675676	0.0	0.347418	0.294967	1.0	enhancer_hit	yes	yes	0.20786516853932585	0.2857142857142857
FBgn0026409_sm	/Users/jillianness/Desktop/SEbirthanalysis1024/new_LASTZ_analysis/enhancer_extraction/enhancer_pairs/FBgn0026409_sm/chr3L_14524405-14524880__chr3L_14571782-14572050	chr3L:14524405-14524880	chr3L:14571782-14572050	name	56	59	116	97	36	79	0.455696	0.48864	0.642857	0.0	0.469484	0.35839	1.0	neither	yes	yes	0.2573099415204678	0.07692307692307693
FBgn0026409_sm	/Users/jillianness/Desktop/SEbirthanalysis1024/new_LASTZ_analysis/enhancer_extraction/enhancer_pairs/FBgn0026409_sm/chr3L_14523287-14523596__chr3L_14571782-14572050	chr3L:14523287-14523596	chr3L:14571782-14572050	name	50	59	90	97	30	79	0.379747	0.475059	0.6	0.0	0.427807	0.339559	1.0	neither	yes	yes	0.26	0.16666666666666666
FBgn0026409_sm	/Users/jillianness/Desktop/SEbirthanalysis1024/new_LASTZ_analysis/enhancer_extraction/enhancer_pairs/FBgn0026409_sm/chr3L_14524405-14524880__chr3L_14526208-14526538	chr3L:14524405-14524880	chr3L:14526208-14526538	name	56	43	116	66	22	77	0.285714	0.302272	0.511628	0.0	0.307692	0.245403	1.0	neither	yes	yes	0.16455696202531644	0.14285714285714285
FBgn0026409_sm	/Users/jillianness/Desktop/SEbirthanalysis1024/new_LASTZ_analysis/enhancer_extraction/enhancer_pairs/FBgn0026409_sm/chr3L_14526208-14526538__chr3L_14571782-14572050	chr3L:14526208-14526538	chr3L:14571782-14572050	name	43	59	66	97	18	84	0.214286	0.342329	0.418605	0.0	0.257669	0.215222	1.0	neither	yes	yes	0.14583333333333334	0.0
FBgn0026409_sm	/Users/jillianness/Desktop/SEbirthanalysis1024/new_LASTZ_analysis/enhancer_extraction/enhancer_pairs/FBgn0026409_sm/chr3L_14523287-14523596__chr3L_14524405-14524880	chr3L:14523287-14523596	chr3L:14524405-14524880	name	50	56	90	116	27	79	0.341772	0.25429	0.54	0.0	0.31068	0.242308	1.0	neither	yes	yes	0.18181818181818182	0.35714285714285715
FBgn0026409_sm	/Users/jillianness/Desktop/SEbirthanalysis1024/new_LASTZ_analysis/enhancer_extraction/enhancer_pairs/FBgn0026409_sm/chr3L_14523287-14523596__chr3L_14526208-14526538	chr3L:14523287-14523596	chr3L:14526208-14526538	name	50	43	90	66	16	77	0.207792	0.236448	0.372093	0.0	0.230769	0.175211	1.0	neither	yes	yes	0.12056737588652482	0.125
prd	/Users/jillianness/Desktop/SEbirthanalysis1024/new_LASTZ_analysis/enhancer_extraction/enhancer_pairs/prd/chr2L_12080941-12081738__chr2L_12090222-12090543	chr2L:12080941-12081738	chr2L:12090222-12090543	name	97	86	199	120	65	118	0.550847	0.489485	0.755814	0.0	0.495298	0.406958	1.0	neither	yes	yes	0.3155737704918033	0.47368421052631576
prd	/Users/jillianness/Desktop/SEbirthanalysis1024/new_LASTZ_analysis/enhancer_extraction/enhancer_pairs/prd/chr2L_12082256-12083149__chr2L_12089073-12089963	chr2L:12082256-12083149	chr2L:12089073-12089963	name	133	125	427	314	121	137	0.883212	0.802992	0.968	0.0	0.707152	0.696892	1.0	neither	yes	yes	0.5511482254697286	0.3888888888888889
prd	/Users/jillianness/Desktop/SEbirthanalysis1024/new_LASTZ_analysis/enhancer_extraction/enhancer_pairs/prd/chr2L_12088676-12088812__chr2L_12090222-12090543	chr2L:12088676-12088812	chr2L:12090222-12090543	name	29	86	34	120	18	97	0.185567	0.284885	0.62069	0.0	0.246753	0.187012	1.0	neither	yes	yes	0.1386861313868613	0.07142857142857142
prd	/Users/jillianness/Desktop/SEbirthanalysis1024/new_LASTZ_analysis/enhancer_extraction/enhancer_pairs/prd/chr2L_12082256-12083149__chr2L_12088676-12088812	chr2L:12082256-12083149	chr2L:12088676-12088812	name	133	29	427	34	29	133	0.218045	0.442016	1.0	0.0	0.143167	0.276831	1.0	neither	yes	yes	0.07925407925407925	0.06896551724137931
prd	/Users/jillianness/Desktop/SEbirthanalysis1024/new_LASTZ_analysis/enhancer_extraction/enhancer_pairs/prd/chr2L_12080941-12081738__chr2L_12082256-12083149	chr2L:12080941-12081738	chr2L:12082256-12083149	name	97	133	199	427	89	141	0.631206	0.583686	0.917526	0.0	0.466454	0.495131	1.0	neither	yes	yes	0.3029045643153527	0.375
prd	/Users/jillianness/Desktop/SEbirthanalysis1024/new_LASTZ_analysis/enhancer_extraction/enhancer_pairs/prd/chr2L_12080941-12081738__chr2L_12089073-12089963	chr2L:12080941-12081738	chr2L:12089073-12089963	name	97	125	199	314	83	139	0.597122	0.533572	0.85567	0.0	0.487329	0.44398	1.0	neither	yes	yes	0.3137755102040816	0.3333333333333333
prd	/Users/jillianness/Desktop/SEbirthanalysis1024/new_LASTZ_analysis/enhancer_extraction/enhancer_pairs/prd/chr2L_12082256-12083149__chr2L_12090222-12090543	chr2L:12082256-12083149	chr2L:12090222-12090543	name	133	86	427	120	82	137	0.59854	0.727293	0.953488	0.0	0.40585	0.545703	1.0	neither	yes	yes	0.2534246575342466	0.3125
prd	/Users/jillianness/Desktop/SEbirthanalysis1024/new_LASTZ_analysis/enhancer_extraction/enhancer_pairs/prd/chr2L_12088676-12088812__chr2L_12089073-12089963	chr2L:12088676-12088812	chr2L:12089073-12089963	name	29	125	34	314	26	128	0.203125	0.392121	0.896552	0.0	0.166667	0.244773	1.0	neither	yes	yes	0.08695652173913043	0.09523809523809523
prd	/Users/jillianness/Desktop/SEbirthanalysis1024/new_LASTZ_analysis/enhancer_extraction/enhancer_pairs/prd/chr2L_12080941-12081738__chr2L_12088676-12088812	chr2L:12080941-12081738	chr2L:12088676-12088812	name	97	29	199	34	20	106	0.188679	0.223712	0.689655	0.0	0.171674	0.184292	1.0	neither	yes	yes	0.08796296296296297	0.0625
prd	/Users/jillianness/Desktop/SEbirthanalysis1024/new_LASTZ_analysis/enhancer_extraction/enhancer_pairs/prd/chr2L_12089073-12089963__chr2L_12090222-12090543	chr2L:12089073-12089963	chr2L:12090222-12090543	name	125	86	314	120	81	130	0.623077	0.6169	0.94186	0.0	0.479263	0.484703	1.0	neither	yes	yes	0.30149253731343284	0.1724137931034483
FBgn0039667_Spearman	/Users/jillianness/Desktop/SEbirthanalysis1024/new_LASTZ_analysis/enhancer_extraction/enhancer_pairs/FBgn0039667_Spearman/chr3R_29510492-29510976__chr3R_29511283-29511790	chr3R:29510492-29510976	chr3R:29511283-29511790	name	102	113	210	308	80	135	0.592593	0.529092	0.784314	0.0	0.459459	0.448027	1.0	neither	yes	yes	0.2935323383084577	0.34210526315789475
FBgn0261836_vm_sm	/Users/jillianness/Desktop/SEbirthanalysis1024/new_LASTZ_analysis/enhancer_extraction/enhancer_pairs/FBgn0261836_vm_sm/chr2L_5101041-5101539__chr2L_5105118-5105417	chr2L:5101041-5101539	chr2L:5105118-5105417	name	98	48	224	77	34	112	0.303571	0.424363	0.708333	0.0	0.305648	0.279975	1.0	neither	yes	yes	0.17898832684824903	0.15384615384615385
FBgn0053144_vm	/Users/jillianness/Desktop/SEbirthanalysis1024/new_LASTZ_analysis/enhancer_extraction/enhancer_pairs/FBgn0053144_vm/chr2R_10362752-10363059__chr2R_10400185-10400401	chr2R:10362752-10363059	chr2R:10400185-10400401	name	46	72	54	82	22	96	0.229167	0.42554	0.478261	0.0	0.352941	0.23387	1.0	neither	yes	yes	0.2	0.14285714285714285
FBgn0034603_sm	/Users/jillianness/Desktop/SEbirthanalysis1024/new_LASTZ_analysis/enhancer_extraction/enhancer_pairs/FBgn0034603_sm/chr2R_20820012-20820311__chr2R_20823130-20823330	chr2R:20820012-20820311	chr2R:20823130-20823330	name	43	38	72	45	17	64	0.265625	0.291174	0.447368	0.0	0.307692	0.220662	1.0	neither	yes	yes	0.16666666666666666	0.14285714285714285
FBgn0013718_sm	/Users/jillianness/Desktop/SEbirthanalysis1024/new_LASTZ_analysis/enhancer_extraction/enhancer_pairs/FBgn0013718_sm/chr3L_14195647-14195954__chr3L_14244211-14244471	chr3L:14195647-14195954	chr3L:14244211-14244471	name	64	101	117	187	47	118	0.398305	0.506229	0.734375	0.0	0.394737	0.316618	1.0	neither	yes	yes	0.2388663967611336	0.30434782608695654
FBgn0004858_vm_sm	/Users/jillianness/Desktop/SEbirthanalysis1024/new_LASTZ_analysis/enhancer_extraction/enhancer_pairs/FBgn0004858_vm_sm/chr2L_14410187-14410566__chr2L_14453181-14453682	chr2L:14410187-14410566	chr2L:14453181-14453682	name	64	103	125	199	52	115	0.452174	0.546944	0.8125	0.0	0.475309	0.390443	1.0	neither	yes	yes	0.29365079365079366	0.3103448275862069
FBgn0001124_Spearman	/Users/jillianness/Desktop/SEbirthanalysis1024/new_LASTZ_analysis/enhancer_extraction/enhancer_pairs/FBgn0001124_Spearman/chr2R_15781976-15782453__chr2R_15782875-15783226	chr2R:15781976-15782453	chr2R:15782875-15783226	name	112	60	247	87	42	130	0.323077	0.399041	0.7	0.0	0.305389	0.28452	1.0	neither	yes	yes	0.17073170731707318	0.11764705882352941
FBgn0001091_vm	/Users/jillianness/Desktop/SEbirthanalysis1024/new_LASTZ_analysis/enhancer_extraction/enhancer_pairs/FBgn0001091_vm/chr2R_7378288-7378537__chr2R_7415997-7416241	chr2R:7378288-7378537	chr2R:7415997-7416241	name	48	44	80	69	13	79	0.164557	0.25472	0.295455	0.0	0.201342	0.150861	1.0	neither	yes	yes	0.08633093525179857	0.0
FBgn0001091_vm	/Users/jillianness/Desktop/SEbirthanalysis1024/new_LASTZ_analysis/enhancer_extraction/enhancer_pairs/FBgn0001091_vm/chr2R_7378288-7378537__chr2R_7400926-7401168	chr2R:7378288-7378537	chr2R:7400926-7401168	name	48	47	80	64	17	78	0.217949	0.270054	0.361702	0.0	0.263889	0.183176	1.0	neither	yes	yes	0.140625	0.18181818181818182
FBgn0001091_vm	/Users/jillianness/Desktop/SEbirthanalysis1024/new_LASTZ_analysis/enhancer_extraction/enhancer_pairs/FBgn0001091_vm/chr2R_7400926-7401168__chr2R_7415997-7416241	chr2R:7400926-7401168	chr2R:7415997-7416241	name	47	44	64	69	17	74	0.22973	0.350277	0.386364	0.0	0.285714	0.221524	1.0	neither	yes	yes	0.16379310344827586	0.07692307692307693
FBgn0003254_vm	/Users/jillianness/Desktop/SEbirthanalysis1024/new_LASTZ_analysis/enhancer_extraction/enhancer_pairs/FBgn0003254_vm/chr2R_18881394-18881804__chr2R_18899660-18899871	chr2R:18881394-18881804	chr2R:18899660-18899871	name	109	29	416	40	21	117	0.179487	0.191242	0.724138	0.0	0.109649	0.158834	1.0	neither	yes	yes	0.055299539170506916	0.13043478260869565
FBgn0001122_vm	/Users/jillianness/Desktop/SEbirthanalysis1024/new_LASTZ_analysis/enhancer_extraction/enhancer_pairs/FBgn0001122_vm/chr2R_10052571-10053081__chr2R_10109599-10110119	chr2R:10052571-10053081	chr2R:10109599-10110119	name	108	106	431	307	87	127	0.685039	0.604679	0.820755	0.0	0.550136	0.557708	1.0	neither	yes	yes	0.3678373382624769	0.3333333333333333
FBgn0000097_meso	/Users/jillianness/Desktop/SEbirthanalysis1024/new_LASTZ_analysis/enhancer_extraction/enhancer_pairs/FBgn0000097_meso/chr2L_2164726-2165263__chr2L_2181980-2182476	chr2L:2164726-2165263	chr2L:2181980-2182476	name	97	75	177	122	47	125	0.376	0.381883	0.626667	0.0	0.421405	0.323779	1.0	neither	yes	yes	0.25416666666666665	0.391304347826087
FBgn0000097_meso	/Users/jillianness/Desktop/SEbirthanalysis1024/new_LASTZ_analysis/enhancer_extraction/enhancer_pairs/FBgn0000097_meso/chr2L_2162797-2163546__chr2L_2181980-2182476	chr2L:2162797-2163546	chr2L:2181980-2182476	name	83	75	197	122	48	110	0.436364	0.569173	0.64	0.0	0.432602	0.403302	1.0	neither	yes	yes	0.26877470355731226	0.5833333333333334
FBgn0000097_meso	/Users/jillianness/Desktop/SEbirthanalysis1024/new_LASTZ_analysis/enhancer_extraction/enhancer_pairs/FBgn0000097_meso/chr2L_2162797-2163546__chr2L_2164726-2165263	chr2L:2162797-2163546	chr2L:2164726-2165263	name	83	97	197	177	56	124	0.451613	0.598557	0.674699	0.0	0.491979	0.406234	1.0	neither	yes	yes	0.3146853146853147	0.3076923076923077
FBgn0037816_Spearman	/Users/jillianness/Desktop/SEbirthanalysis1024/new_LASTZ_analysis/enhancer_extraction/enhancer_pairs/FBgn0037816_Spearman/chr3R_10383102-10383302__chr3R_10386663-10386863	chr3R:10383102-10383302	chr3R:10386663-10386863	name	25	27	37	47	18	34	0.529412	0.864405	0.72	0.0	0.690476	0.548742	1.0	enhancer_hit	yes	yes	0.5357142857142857	0.5
FBgn0037816_Spearman	/Users/jillianness/Desktop/SEbirthanalysis1024/new_LASTZ_analysis/enhancer_extraction/enhancer_pairs/FBgn0037816_Spearman/chr3R_10382028-10382228__chr3R_10383102-10383302	chr3R:10382028-10382228	chr3R:10383102-10383302	name	27	25	44	37	10	42	0.238095	0.583719	0.4	0.0	0.395062	0.292415	1.0	neither	yes	yes	0.23880597014925373	0.45454545454545453
FBgn0037816_Spearman	/Users/jillianness/Desktop/SEbirthanalysis1024/new_LASTZ_analysis/enhancer_extraction/enhancer_pairs/FBgn0037816_Spearman/chr3R_10382028-10382228__chr3R_10386663-10386863	chr3R:10382028-10382228	chr3R:10386663-10386863	name	27	27	44	47	14	40	0.35	0.68764	0.518519	0.0	0.505495	0.385342	1.0	neither	yes	yes	0.34782608695652173	0.8888888888888888
FBgn0037816_Spearman	/Users/jillianness/Desktop/SEbirthanalysis1024/new_LASTZ_analysis/enhancer_extraction/enhancer_pairs/FBgn0037816_Spearman/chr3R_10385663-10385863__chr3R_10386663-10386863	chr3R:10385663-10385863	chr3R:10386663-10386863	name	31	27	47	47	15	43	0.348837	0.653302	0.555556	0.0	0.468085	0.371607	1.0	neither	yes	yes	0.3150684931506849	0.8888888888888888
FBgn0037816_Spearman	/Users/jillianness/Desktop/SEbirthanalysis1024/new_LASTZ_analysis/enhancer_extraction/enhancer_pairs/FBgn0037816_Spearman/chr3R_10383102-10383302__chr3R_10385663-10385863	chr3R:10383102-10383302	chr3R:10385663-10385863	name	25	31	37	47	11	45	0.244444	0.537827	0.44	0.0	0.357143	0.283503	1.0	neither	yes	yes	0.2112676056338028	0.45454545454545453
FBgn0037816_Spearman	/Users/jillianness/Desktop/SEbirthanalysis1024/new_LASTZ_analysis/enhancer_extraction/enhancer_pairs/FBgn0037816_Spearman/chr3R_10382028-10382228__chr3R_10385663-10385863	chr3R:10382028-10382228	chr3R:10385663-10385863	name	27	31	44	47	27	31	0.870968	0.943602	1.0	0.0	0.923077	0.754392	1.0	enhancer_hit	yes	yes	0.86	1.0
FBgn0052528_Spearman	/Users/jillianness/Desktop/SEbirthanalysis1024/new_LASTZ_analysis/enhancer_extraction/enhancer_pairs/FBgn0052528_Spearman/chrX_19713152-19713438__chrX_19714899-19715388	chrX:19713152-19713438	chrX:19714899-19715388	name	28	61	69	99	19	70	0.271429	0.701754	0.678571	0.0	0.452381	0.369132	1.0	neither	yes	yes	0.26865671641791045	0.3157894736842105
FBgn0052528_Spearman	/Users/jillianness/Desktop/SEbirthanalysis1024/new_LASTZ_analysis/enhancer_extraction/enhancer_pairs/FBgn0052528_Spearman/chrX_19713152-19713438__chrX_19717880-19718080	chrX:19713152-19713438	chrX:19717880-19718080	name	28	22	69	37	5	45	0.111111	0.483368	0.227273	0.0	0.207547	0.178409	1.0	neither	yes	yes	0.10204081632653061	0.07142857142857142
FBgn0052528_Spearman	/Users/jillianness/Desktop/SEbirthanalysis1024/new_LASTZ_analysis/enhancer_extraction/enhancer_pairs/FBgn0052528_Spearman/chrX_19713966-19714243__chrX_19717880-19718080	chrX:19713966-19714243	chrX:19717880-19718080	name	95	22	151	37	14	103	0.135922	0.306984	0.636364	0.0	0.180851	0.180266	1.0	neither	yes	yes	0.09826589595375723	0.1
FBgn0052528_Spearman	/Users/jillianness/Desktop/SEbirthanalysis1024/new_LASTZ_analysis/enhancer_extraction/enhancer_pairs/FBgn0052528_Spearman/chrX_19714899-19715388__chrX_19717880-19718080	chrX:19714899-19715388	chrX:19717880-19718080	name	61	22	99	37	16	67	0.238806	0.554262	0.727273	0.0	0.367647	0.273005	1.0	neither	yes	yes	0.21052631578947367	0.14285714285714285
FBgn0052528_Spearman	/Users/jillianness/Desktop/SEbirthanalysis1024/new_LASTZ_analysis/enhancer_extraction/enhancer_pairs/FBgn0052528_Spearman/chrX_19713152-19713438__chrX_19713966-19714243	chrX:19713152-19713438	chrX:19713966-19714243	name	28	95	69	151	10	113	0.088496	0.128332	0.357143	0.0	0.109091	0.091348	1.0	neither	yes	yes	0.05714285714285714	0.05263157894736842
FBgn0052528_Spearman	/Users/jillianness/Desktop/SEbirthanalysis1024/new_LASTZ_analysis/enhancer_extraction/enhancer_pairs/FBgn0052528_Spearman/chrX_19713966-19714243__chrX_19714899-19715388	chrX:19713966-19714243	chrX:19714899-19715388	name	95	61	151	99	29	127	0.228346	0.321327	0.47541	0.0	0.28	0.200304	1.0	neither	yes	yes	0.14545454545454545	0.10526315789473684
FBgn0000577_Spearman	/Users/jillianness/Desktop/SEbirthanalysis1024/new_LASTZ_analysis/enhancer_extraction/enhancer_pairs/FBgn0000577_Spearman/chr2R_11174981-11175181__chr2R_11176966-11177231	chr2R:11174981-11175181	chr2R:11176966-11177231	name	37	43	44	60	13	67	0.19403	0.442158	0.351351	0.0	0.307692	0.211637	1.0	neither	yes	yes	0.13978494623655913	0.14285714285714285
FBgn0026199_vm_sm	/Users/jillianness/Desktop/SEbirthanalysis1024/new_LASTZ_analysis/enhancer_extraction/enhancer_pairs/FBgn0026199_vm_sm/chr4_723852-724124__chr4_725008-725208	chr4:723852-724124	chr4:725008-725208	name	42	25	77	39	10	57	0.175439	0.361478	0.4	0.0	0.241379	0.201329	1.0	neither	yes	yes	0.09259259259259259	0.2222222222222222
FBgn0000463_sm	/Users/jillianness/Desktop/SEbirthanalysis1024/new_LASTZ_analysis/enhancer_extraction/enhancer_pairs/FBgn0000463_sm/chr3R_19317753-19317953__chr3R_19350401-19350687	chr3R:19317753-19317953	chr3R:19350401-19350687	name	81	35	141	55	9	107	0.084112	0.163394	0.257143	0.0	0.122449	0.083644	1.0	neither	yes	yes	0.058823529411764705	0.0
FBgn0000463_sm	/Users/jillianness/Desktop/SEbirthanalysis1024/new_LASTZ_analysis/enhancer_extraction/enhancer_pairs/FBgn0000463_sm/chr3R_19300935-19301225__chr3R_19317753-19317953	chr3R:19300935-19301225	chr3R:19317753-19317953	name	95	81	201	141	67	109	0.614679	0.625442	0.82716	0.0	0.584795	0.512347	1.0	flank_hit	yes	yes	0.3983739837398374	0.09523809523809523
FBgn0000463_sm	/Users/jillianness/Desktop/SEbirthanalysis1024/new_LASTZ_analysis/enhancer_extraction/enhancer_pairs/FBgn0000463_sm/chr3R_19287679-19287954__chr3R_19300935-19301225	chr3R:19287679-19287954	chr3R:19300935-19301225	name	81	95	102	201	75	101	0.742574	0.536556	0.925926	0.0	0.541254	0.553688	1.0	neither	yes	yes	0.3495575221238938	0.2
FBgn0000463_sm	/Users/jillianness/Desktop/SEbirthanalysis1024/new_LASTZ_analysis/enhancer_extraction/enhancer_pairs/FBgn0000463_sm/chr3R_19287679-19287954__chr3R_19317753-19317953	chr3R:19287679-19287954	chr3R:19317753-19317953	name	81	81	102	141	63	99	0.636364	0.615397	0.777778	0.0	0.567901	0.490711	1.0	neither	yes	yes	0.3687150837988827	0.11764705882352941
FBgn0000463_sm	/Users/jillianness/Desktop/SEbirthanalysis1024/new_LASTZ_analysis/enhancer_extraction/enhancer_pairs/FBgn0000463_sm/chr3R_19287679-19287954__chr3R_19350401-19350687	chr3R:19287679-19287954	chr3R:19350401-19350687	name	81	35	102	55	10	106	0.09434	0.45746	0.285714	0.0	0.242038	0.162297	1.0	neither	yes	yes	0.1276595744680851	0.5384615384615384
FBgn0000463_sm	/Users/jillianness/Desktop/SEbirthanalysis1024/new_LASTZ_analysis/enhancer_extraction/enhancer_pairs/FBgn0000463_sm/chr3R_19300935-19301225__chr3R_19350401-19350687	chr3R:19300935-19301225	chr3R:19350401-19350687	name	95	35	201	55	19	111	0.171171	0.337425	0.542857	0.0	0.195312	0.191948	1.0	neither	yes	yes	0.09787234042553192	0.2
FBgn0034618_sm	/Users/jillianness/Desktop/SEbirthanalysis1024/new_LASTZ_analysis/enhancer_extraction/enhancer_pairs/FBgn0034618_sm/chr2R_20932829-20933143__chr2R_20943416-20943828	chr2R:20932829-20933143	chr2R:20943416-20943828	name	49	34	95	88	16	67	0.238806	0.660947	0.470588	0.0	0.404372	0.298233	1.0	neither	yes	yes	0.24161073825503357	0.0
FBgn0003118_Spearman	/Users/jillianness/Desktop/SEbirthanalysis1024/new_LASTZ_analysis/enhancer_extraction/enhancer_pairs/FBgn0003118_Spearman/chr3R_23343757-23344225__chr3R_23347543-23347873	chr3R:23343757-23344225	chr3R:23347543-23347873	name	69	55	104	106	35	89	0.393258	0.363232	0.636364	0.0	0.4	0.343033	1.0	neither	yes	yes	0.23255813953488372	0.375
FBgn0003118_Spearman	/Users/jillianness/Desktop/SEbirthanalysis1024/new_LASTZ_analysis/enhancer_extraction/enhancer_pairs/FBgn0003118_Spearman/chr3R_23300278-23300772__chr3R_23347543-23347873	chr3R:23300278-23300772	chr3R:23347543-23347873	name	108	55	270	106	41	122	0.336066	0.458543	0.745455	0.0	0.324468	0.312454	1.0	neither	yes	yes	0.19242902208201892	0.36
FBgn0003118_Spearman	/Users/jillianness/Desktop/SEbirthanalysis1024/new_LASTZ_analysis/enhancer_extraction/enhancer_pairs/FBgn0003118_Spearman/chr3R_23300278-23300772__chr3R_23343757-23344225	chr3R:23300278-23300772	chr3R:23343757-23344225	name	108	69	270	104	56	121	0.46281	0.55737	0.811594	0.0	0.390374	0.390575	1.0	neither	yes	yes	0.2247557003257329	0.24242424242424243
FBgn0003118_Spearman	/Users/jillianness/Desktop/SEbirthanalysis1024/new_LASTZ_analysis/enhancer_extraction/enhancer_pairs/FBgn0003118_Spearman/chr3R_23300984-23301221__chr3R_23343757-23344225	chr3R:23300984-23301221	chr3R:23343757-23344225	name	21	69	24	104	9	81	0.111111	0.246598	0.428571	0.0	0.140625	0.143285	1.0	neither	yes	yes	0.0743801652892562	0.15
FBgn0003118_Spearman	/Users/jillianness/Desktop/SEbirthanalysis1024/new_LASTZ_analysis/enhancer_extraction/enhancer_pairs/FBgn0003118_Spearman/chr3R_23300278-23300772__chr3R_23300984-23301221	chr3R:23300278-23300772	chr3R:23300984-23301221	name	108	21	270	24	11	118	0.09322	0.176581	0.52381	0.0	0.07483	0.111091	1.0	neither	yes	yes	0.04225352112676056	0.09090909090909091
FBgn0003118_Spearman	/Users/jillianness/Desktop/SEbirthanalysis1024/new_LASTZ_analysis/enhancer_extraction/enhancer_pairs/FBgn0003118_Spearman/chr3R_23300984-23301221__chr3R_23347543-23347873	chr3R:23300984-23301221	chr3R:23347543-23347873	name	21	55	24	106	12	64	0.1875	0.361423	0.571429	0.0	0.184615	0.244054	1.0	neither	yes	yes	0.1	0.14285714285714285
FBgn0036282_sm	/Users/jillianness/Desktop/SEbirthanalysis1024/new_LASTZ_analysis/enhancer_extraction/enhancer_pairs/FBgn0036282_sm/chr3L_12372005-12372320__chr3L_12389231-12389431	chr3L:12372005-12372320	chr3L:12389231-12389431	name	38	50	54	73	10	78	0.128205	0.213627	0.263158	0.0	0.15748	0.133277	1.0	neither	yes	yes	0.075	0.1111111111111111
FBgn0036282_sm	/Users/jillianness/Desktop/SEbirthanalysis1024/new_LASTZ_analysis/enhancer_extraction/enhancer_pairs/FBgn0036282_sm/chr3L_12382640-12382989__chr3L_12389231-12389431	chr3L:12382640-12382989	chr3L:12389231-12389431	name	48	50	79	73	11	87	0.126437	0.311711	0.229167	0.0	0.197368	0.14809	1.0	neither	yes	yes	0.1	0.0
FBgn0036282_sm	/Users/jillianness/Desktop/SEbirthanalysis1024/new_LASTZ_analysis/enhancer_extraction/enhancer_pairs/FBgn0036282_sm/chr3L_12372005-12372320__chr3L_12382640-12382989	chr3L:12372005-12372320	chr3L:12382640-12382989	name	38	48	54	79	19	67	0.283582	0.27775	0.5	0.0	0.285714	0.220176	1.0	neither	yes	yes	0.16379310344827586	0.2222222222222222
FBgn0037001_Spearman	/Users/jillianness/Desktop/SEbirthanalysis1024/new_LASTZ_analysis/enhancer_extraction/enhancer_pairs/FBgn0037001_Spearman/chr3L_20415984-20416184__chr3L_20459170-20459888	chr3L:20415984-20416184	chr3L:20459170-20459888	name	47	115	71	319	36	126	0.285714	0.499384	0.765957	0.0	0.282051	0.279882	1.0	neither	yes	yes	0.15294117647058825	0.15
FBgn0036460_Spearman	/Users/jillianness/Desktop/SEbirthanalysis1024/new_LASTZ_analysis/enhancer_extraction/enhancer_pairs/FBgn0036460_Spearman/chr3L_14928799-14929134__chr3L_14948136-14948479	chr3L:14928799-14929134	chr3L:14948136-14948479	name	98	72	406	113	56	114	0.491228	0.589855	0.777778	0.0	0.319846	0.396265	1.0	neither	yes	yes	0.18409090909090908	0.03333333333333333
FBgn0036460_Spearman	/Users/jillianness/Desktop/SEbirthanalysis1024/new_LASTZ_analysis/enhancer_extraction/enhancer_pairs/FBgn0036460_Spearman/chr3L_14925390-14925769__chr3L_14941342-14941625	chr3L:14925390-14925769	chr3L:14941342-14941625	name	96	86	136	131	66	116	0.568966	0.58493	0.767442	0.0	0.606742	0.440119	1.0	neither	yes	yes	0.41578947368421054	0.23076923076923078
FBgn0036460_Spearman	/Users/jillianness/Desktop/SEbirthanalysis1024/new_LASTZ_analysis/enhancer_extraction/enhancer_pairs/FBgn0036460_Spearman/chr3L_14938074-14938558__chr3L_14941342-14941625	chr3L:14938074-14938558	chr3L:14941342-14941625	name	102	86	169	131	68	120	0.566667	0.564703	0.790698	0.0	0.553333	0.428344	1.0	neither	yes	yes	0.36036036036036034	0.1875
FBgn0036460_Spearman	/Users/jillianness/Desktop/SEbirthanalysis1024/new_LASTZ_analysis/enhancer_extraction/enhancer_pairs/FBgn0036460_Spearman/chr3L_14918179-14918521__chr3L_14941342-14941625	chr3L:14918179-14918521	chr3L:14941342-14941625	name	96	86	439	131	68	114	0.596491	0.682021	0.790698	0.0	0.340351	0.509424	1.0	neither	yes	yes	0.19916142557651992	0.045454545454545456
FBgn0036460_Spearman	/Users/jillianness/Desktop/SEbirthanalysis1024/new_LASTZ_analysis/enhancer_extraction/enhancer_pairs/FBgn0036460_Spearman/chr3L_14928799-14929134__chr3L_14930753-14930953	chr3L:14928799-14929134	chr3L:14930753-14930953	name	98	28	406	51	25	101	0.247525	0.452035	0.892857	0.0	0.175055	0.271353	1.0	enhancer_hit	yes	yes	0.09808612440191387	0.07692307692307693
FBgn0036460_Spearman	/Users/jillianness/Desktop/SEbirthanalysis1024/new_LASTZ_analysis/enhancer_extraction/enhancer_pairs/FBgn0036460_Spearman/chr3L_14939995-14940646__chr3L_14944241-14944774	chr3L:14939995-14940646	chr3L:14944241-14944774	name	123	79	344	159	66	136	0.485294	0.461306	0.835443	0.0	0.40159	0.381421	1.0	neither	yes	yes	0.24078624078624078	0.18181818181818182
FBgn0036460_Spearman	/Users/jillianness/Desktop/SEbirthanalysis1024/new_LASTZ_analysis/enhancer_extraction/enhancer_pairs/FBgn0036460_Spearman/chr3L_14918179-14918521__chr3L_14936376-14936760	chr3L:14918179-14918521	chr3L:14936376-14936760	name	96	118	439	369	85	129	0.658915	0.713327	0.885417	0.0	0.643564	0.575619	1.0	neither	yes	yes	0.4673913043478261	0.3870967741935484
FBgn0036460_Spearman	/Users/jillianness/Desktop/SEbirthanalysis1024/new_LASTZ_analysis/enhancer_extraction/enhancer_pairs/FBgn0036460_Spearman/chr3L_14918179-14918521__chr3L_14925390-14925769	chr3L:14918179-14918521	chr3L:14925390-14925769	name	96	96	439	136	71	121	0.586777	0.595794	0.739583	0.0	0.309565	0.45491	1.0	neither	yes	yes	0.18237704918032788	0.16
FBgn0036460_Spearman	/Users/jillianness/Desktop/SEbirthanalysis1024/new_LASTZ_analysis/enhancer_extraction/enhancer_pairs/FBgn0036460_Spearman/chr3L_14925390-14925769__chr3L_14931009-14931209	chr3L:14925390-14925769	chr3L:14931009-14931209	name	96	23	136	35	11	108	0.101852	0.193374	0.478261	0.0	0.140351	0.128028	1.0	neither	yes	yes	0.06790123456790123	0.07142857142857142
FBgn0036460_Spearman	/Users/jillianness/Desktop/SEbirthanalysis1024/new_LASTZ_analysis/enhancer_extraction/enhancer_pairs/FBgn0036460_Spearman/chr3L_14925390-14925769__chr3L_14936376-14936760	chr3L:14925390-14925769	chr3L:14936376-14936760	name	96	118	136	369	83	131	0.633588	0.613154	0.864583	0.0	0.427723	0.50839	1.0	neither	yes	yes	0.2675	0.2413793103448276
FBgn0036460_Spearman	/Users/jillianness/Desktop/SEbirthanalysis1024/new_LASTZ_analysis/enhancer_extraction/enhancer_pairs/FBgn0036460_Spearman/chr3L_14930753-14930953__chr3L_14944241-14944774	chr3L:14930753-14930953	chr3L:14944241-14944774	name	28	79	51	159	21	86	0.244186	0.610986	0.75	0.0	0.314286	0.283781	1.0	neither	yes	yes	0.17777777777777778	0.18181818181818182
FBgn0036460_Spearman	/Users/jillianness/Desktop/SEbirthanalysis1024/new_LASTZ_analysis/enhancer_extraction/enhancer_pairs/FBgn0036460_Spearman/chr3L_14918179-14918521__chr3L_14931009-14931209	chr3L:14918179-14918521	chr3L:14931009-14931209	name	96	23	439	35	8	111	0.072072	0.129232	0.347826	0.0	0.033755	0.083348	1.0	neither	yes	yes	0.014925373134328358	0.0
FBgn0036460_Spearman	/Users/jillianness/Desktop/SEbirthanalysis1024/new_LASTZ_analysis/enhancer_extraction/enhancer_pairs/FBgn0036460_Spearman/chr3L_14931009-14931209__chr3L_14941342-14941625	chr3L:14931009-14931209	chr3L:14941342-14941625	name	23	86	35	131	9	100	0.09	0.189967	0.391304	0.0	0.120482	0.112377	1.0	neither	yes	yes	0.07006369426751592	0.0
FBgn0036460_Spearman	/Users/jillianness/Desktop/SEbirthanalysis1024/new_LASTZ_analysis/enhancer_extraction/enhancer_pairs/FBgn0036460_Spearman/chr3L_14918179-14918521__chr3L_14922238-14922460	chr3L:14918179-14918521	chr3L:14922238-14922460	name	96	95	439	302	83	108	0.768519	0.789473	0.873684	0.0	0.693657	0.670975	1.0	flank_hit	yes	yes	0.5319587628865979	0.625
FBgn0036460_Spearman	/Users/jillianness/Desktop/SEbirthanalysis1024/new_LASTZ_analysis/enhancer_extraction/enhancer_pairs/FBgn0036460_Spearman/chr3L_14922238-14922460__chr3L_14925390-14925769	chr3L:14922238-14922460	chr3L:14925390-14925769	name	95	96	302	136	75	116	0.646552	0.592523	0.789474	0.0	0.420091	0.495116	1.0	neither	yes	yes	0.2571428571428571	0.23076923076923078
FBgn0036460_Spearman	/Users/jillianness/Desktop/SEbirthanalysis1024/new_LASTZ_analysis/enhancer_extraction/enhancer_pairs/FBgn0036460_Spearman/chr3L_14922238-14922460__chr3L_14936376-14936760	chr3L:14922238-14922460	chr3L:14936376-14936760	name	95	118	302	369	80	133	0.601504	0.869946	0.842105	0.0	0.757079	0.609049	1.0	neither	yes	yes	0.6023809523809524	0.5333333333333333
FBgn0036460_Spearman	/Users/jillianness/Desktop/SEbirthanalysis1024/new_LASTZ_analysis/enhancer_extraction/enhancer_pairs/FBgn0036460_Spearman/chr3L_14922238-14922460__chr3L_14931009-14931209	chr3L:14922238-14922460	chr3L:14931009-14931209	name	95	23	302	35	10	108	0.092593	0.075151	0.434783	0.0	0.059347	0.071176	1.0	neither	yes	yes	0.02727272727272727	0.0
FBgn0036460_Spearman	/Users/jillianness/Desktop/SEbirthanalysis1024/new_LASTZ_analysis/enhancer_extraction/enhancer_pairs/FBgn0036460_Spearman/chr3L_14932705-14933060__chr3L_14939995-14940646	chr3L:14932705-14933060	chr3L:14939995-14940646	name	99	123	179	344	86	136	0.632353	0.66153	0.868687	0.0	0.539197	0.512802	1.0	neither	yes	yes	0.35309278350515466	0.15151515151515152
FBgn0036460_Spearman	/Users/jillianness/Desktop/SEbirthanalysis1024/new_LASTZ_analysis/enhancer_extraction/enhancer_pairs/FBgn0036460_Spearman/chr3L_14930753-14930953__chr3L_14938074-14938558	chr3L:14930753-14930953	chr3L:14938074-14938558	name	28	102	51	169	23	107	0.214953	0.530559	0.821429	0.0	0.327273	0.290839	1.0	neither	yes	yes	0.18716577540106952	0.14285714285714285
FBgn0036460_Spearman	/Users/jillianness/Desktop/SEbirthanalysis1024/new_LASTZ_analysis/enhancer_extraction/enhancer_pairs/FBgn0036460_Spearman/chr3L_14936376-14936760__chr3L_14939995-14940646	chr3L:14936376-14936760	chr3L:14939995-14940646	name	118	123	369	344	100	141	0.70922	0.745276	0.847458	0.0	0.625526	0.578898	1.0	neither	yes	yes	0.4532520325203252	0.325
FBgn0036460_Spearman	/Users/jillianness/Desktop/SEbirthanalysis1024/new_LASTZ_analysis/enhancer_extraction/enhancer_pairs/FBgn0036460_Spearman/chr3L_14922238-14922460__chr3L_14941342-14941625	chr3L:14922238-14922460	chr3L:14941342-14941625	name	95	86	302	131	67	114	0.587719	0.614323	0.77907	0.0	0.424942	0.485797	1.0	neither	yes	yes	0.26453488372093026	0.13043478260869565
FBgn0036460_Spearman	/Users/jillianness/Desktop/SEbirthanalysis1024/new_LASTZ_analysis/enhancer_extraction/enhancer_pairs/FBgn0036460_Spearman/chr3L_14931009-14931209__chr3L_14936376-14936760	chr3L:14931009-14931209	chr3L:14936376-14936760	name	23	118	35	369	17	124	0.137097	0.212935	0.73913	0.0	0.10396	0.155014	1.0	neither	yes	yes	0.05454545454545454	0.07407407407407407
FBgn0036460_Spearman	/Users/jillianness/Desktop/SEbirthanalysis1024/new_LASTZ_analysis/enhancer_extraction/enhancer_pairs/FBgn0036460_Spearman/chr3L_14922238-14922460__chr3L_14938074-14938558	chr3L:14922238-14922460	chr3L:14938074-14938558	name	95	102	302	169	75	122	0.614754	0.605805	0.789474	0.0	0.454352	0.487437	1.0	neither	yes	yes	0.28184281842818426	0.20689655172413793
FBgn0036460_Spearman	/Users/jillianness/Desktop/SEbirthanalysis1024/new_LASTZ_analysis/enhancer_extraction/enhancer_pairs/FBgn0036460_Spearman/chr3L_14928799-14929134__chr3L_14939995-14940646	chr3L:14928799-14929134	chr3L:14939995-14940646	name	98	123	406	344	85	136	0.625	0.734679	0.867347	0.0	0.592	0.545411	1.0	neither	yes	yes	0.4188679245283019	0.22727272727272727
FBgn0036460_Spearman	/Users/jillianness/Desktop/SEbirthanalysis1024/new_LASTZ_analysis/enhancer_extraction/enhancer_pairs/FBgn0036460_Spearman/chr3L_14930753-14930953__chr3L_14941342-14941625	chr3L:14930753-14930953	chr3L:14941342-14941625	name	28	86	51	131	18	96	0.1875	0.30441	0.642857	0.0	0.252747	0.19812	1.0	neither	yes	yes	0.14285714285714285	0.0
FBgn0036460_Spearman	/Users/jillianness/Desktop/SEbirthanalysis1024/new_LASTZ_analysis/enhancer_extraction/enhancer_pairs/FBgn0036460_Spearman/chr3L_14941342-14941625__chr3L_14944241-14944774	chr3L:14941342-14941625	chr3L:14944241-14944774	name	86	79	131	159	47	118	0.398305	0.439534	0.594937	0.0	0.406897	0.316829	1.0	neither	yes	yes	0.24786324786324787	0.06666666666666667
FBgn0036460_Spearman	/Users/jillianness/Desktop/SEbirthanalysis1024/new_LASTZ_analysis/enhancer_extraction/enhancer_pairs/FBgn0036460_Spearman/chr3L_14925390-14925769__chr3L_14944241-14944774	chr3L:14925390-14925769	chr3L:14944241-14944774	name	96	79	136	159	55	120	0.458333	0.575308	0.696203	0.0	0.494915	0.397366	1.0	neither	yes	yes	0.32	0.375
FBgn0036460_Spearman	/Users/jillianness/Desktop/SEbirthanalysis1024/new_LASTZ_analysis/enhancer_extraction/enhancer_pairs/FBgn0036460_Spearman/chr3L_14930753-14930953__chr3L_14936376-14936760	chr3L:14930753-14930953	chr3L:14936376-14936760	name	28	118	51	369	21	125	0.168	0.267016	0.75	0.0	0.147619	0.197636	1.0	neither	yes	yes	0.07653061224489796	0.038461538461538464
FBgn0036460_Spearman	/Users/jillianness/Desktop/SEbirthanalysis1024/new_LASTZ_analysis/enhancer_extraction/enhancer_pairs/FBgn0036460_Spearman/chr3L_14931009-14931209__chr3L_14938074-14938558	chr3L:14931009-14931209	chr3L:14938074-14938558	name	23	102	35	169	16	109	0.146789	0.324337	0.695652	0.0	0.196078	0.201301	1.0	neither	yes	yes	0.09574468085106383	0.2
FBgn0036460_Spearman	/Users/jillianness/Desktop/SEbirthanalysis1024/new_LASTZ_analysis/enhancer_extraction/enhancer_pairs/FBgn0036460_Spearman/chr3L_14918179-14918521__chr3L_14944241-14944774	chr3L:14918179-14918521	chr3L:14944241-14944774	name	96	79	439	159	51	124	0.41129	0.64898	0.64557	0.0	0.331104	0.371276	1.0	neither	yes	yes	0.1952191235059761	0.16
FBgn0036460_Spearman	/Users/jillianness/Desktop/SEbirthanalysis1024/new_LASTZ_analysis/enhancer_extraction/enhancer_pairs/FBgn0036460_Spearman/chr3L_14939995-14940646__chr3L_14941342-14941625	chr3L:14939995-14940646	chr3L:14941342-14941625	name	123	86	344	131	78	131	0.59542	0.699201	0.906977	0.0	0.48	0.521595	1.0	neither	yes	yes	0.30684931506849317	0.13793103448275862
FBgn0036460_Spearman	/Users/jillianness/Desktop/SEbirthanalysis1024/new_LASTZ_analysis/enhancer_extraction/enhancer_pairs/FBgn0036460_Spearman/chr3L_14938074-14938558__chr3L_14944241-14944774	chr3L:14938074-14938558	chr3L:14944241-14944774	name	102	79	169	159	59	122	0.483607	0.651399	0.746835	0.0	0.506098	0.432059	1.0	neither	yes	yes	0.32	0.25
FBgn0036460_Spearman	/Users/jillianness/Desktop/SEbirthanalysis1024/new_LASTZ_analysis/enhancer_extraction/enhancer_pairs/FBgn0036460_Spearman/chr3L_14930753-14930953__chr3L_14931009-14931209	chr3L:14930753-14930953	chr3L:14931009-14931209	name	28	23	51	35	8	43	0.186047	0.268632	0.347826	0.0	0.209302	0.191348	1.0	neither	yes	yes	0.11392405063291139	0.2
FBgn0036460_Spearman	/Users/jillianness/Desktop/SEbirthanalysis1024/new_LASTZ_analysis/enhancer_extraction/enhancer_pairs/FBgn0036460_Spearman/chr3L_14922238-14922460__chr3L_14944241-14944774	chr3L:14922238-14922460	chr3L:14944241-14944774	name	95	79	302	159	52	122	0.42623	0.386999	0.658228	0.0	0.321041	0.317181	1.0	neither	yes	yes	0.18717948717948718	0.23076923076923078
FBgn0036460_Spearman	/Users/jillianness/Desktop/SEbirthanalysis1024/new_LASTZ_analysis/enhancer_extraction/enhancer_pairs/FBgn0036460_Spearman/chr3L_14918179-14918521__chr3L_14938074-14938558	chr3L:14918179-14918521	chr3L:14938074-14938558	name	96	102	439	169	78	120	0.65	0.677184	0.8125	0.0	0.391447	0.503064	1.0	neither	yes	yes	0.23983739837398374	0.18518518518518517
FBgn0036460_Spearman	/Users/jillianness/Desktop/SEbirthanalysis1024/new_LASTZ_analysis/enhancer_extraction/enhancer_pairs/FBgn0036460_Spearman/chr3L_14931009-14931209__chr3L_14944241-14944774	chr3L:14931009-14931209	chr3L:14944241-14944774	name	23	79	35	159	14	88	0.159091	0.218258	0.608696	0.0	0.14433	0.163851	1.0	neither	yes	yes	0.06521739130434782	0.07142857142857142
FBgn0036460_Spearman	/Users/jillianness/Desktop/SEbirthanalysis1024/new_LASTZ_analysis/enhancer_extraction/enhancer_pairs/FBgn0036460_Spearman/chr3L_14936376-14936760__chr3L_14948136-14948479	chr3L:14936376-14936760	chr3L:14948136-14948479	name	118	72	369	113	60	130	0.461538	0.579067	0.833333	0.0	0.369295	0.408803	1.0	neither	yes	yes	0.21	0.1111111111111111
FBgn0036460_Spearman	/Users/jillianness/Desktop/SEbirthanalysis1024/new_LASTZ_analysis/enhancer_extraction/enhancer_pairs/FBgn0036460_Spearman/chr3L_14932705-14933060__chr3L_14948136-14948479	chr3L:14932705-14933060	chr3L:14948136-14948479	name	99	72	179	113	55	116	0.474138	0.621099	0.763889	0.0	0.5	0.401838	1.0	neither	yes	yes	0.30666666666666664	0.07142857142857142
FBgn0036460_Spearman	/Users/jillianness/Desktop/SEbirthanalysis1024/new_LASTZ_analysis/enhancer_extraction/enhancer_pairs/FBgn0036460_Spearman/chr3L_14928799-14929134__chr3L_14932705-14933060	chr3L:14928799-14929134	chr3L:14932705-14933060	name	98	99	406	179	77	120	0.641667	0.716133	0.785714	0.0	0.451282	0.538075	1.0	neither	yes	yes	0.2844638949671772	0.125
FBgn0036460_Spearman	/Users/jillianness/Desktop/SEbirthanalysis1024/new_LASTZ_analysis/enhancer_extraction/enhancer_pairs/FBgn0036460_Spearman/chr3L_14925390-14925769__chr3L_14938074-14938558	chr3L:14925390-14925769	chr3L:14938074-14938558	name	96	102	136	169	71	127	0.559055	0.590407	0.739583	0.0	0.55082	0.446254	1.0	neither	yes	yes	0.3524229074889868	0.3157894736842105
FBgn0036460_Spearman	/Users/jillianness/Desktop/SEbirthanalysis1024/new_LASTZ_analysis/enhancer_extraction/enhancer_pairs/FBgn0036460_Spearman/chr3L_14928799-14929134__chr3L_14944241-14944774	chr3L:14928799-14929134	chr3L:14944241-14944774	name	98	79	406	159	51	126	0.404762	0.537157	0.64557	0.0	0.339823	0.344465	1.0	neither	yes	yes	0.1962025316455696	0.15625
FBgn0036460_Spearman	/Users/jillianness/Desktop/SEbirthanalysis1024/new_LASTZ_analysis/enhancer_extraction/enhancer_pairs/FBgn0036460_Spearman/chr3L_14939995-14940646__chr3L_14948136-14948479	chr3L:14939995-14940646	chr3L:14948136-14948479	name	123	72	344	113	62	133	0.466165	0.601352	0.861111	0.0	0.393873	0.415501	1.0	neither	yes	yes	0.23387096774193547	0.17857142857142858
FBgn0036460_Spearman	/Users/jillianness/Desktop/SEbirthanalysis1024/new_LASTZ_analysis/enhancer_extraction/enhancer_pairs/FBgn0036460_Spearman/chr3L_14931009-14931209__chr3L_14932705-14933060	chr3L:14931009-14931209	chr3L:14932705-14933060	name	23	99	35	179	15	107	0.140187	0.214059	0.652174	0.0	0.140187	0.151643	1.0	neither	yes	yes	0.08	0.16666666666666666
FBgn0036460_Spearman	/Users/jillianness/Desktop/SEbirthanalysis1024/new_LASTZ_analysis/enhancer_extraction/enhancer_pairs/FBgn0036460_Spearman/chr3L_14922238-14922460__chr3L_14928799-14929134	chr3L:14922238-14922460	chr3L:14928799-14929134	name	95	98	302	406	82	111	0.738739	0.913312	0.863158	0.0	0.765537	0.725807	1.0	neither	yes	yes	0.6210045662100456	0.5161290322580645
FBgn0036460_Spearman	/Users/jillianness/Desktop/SEbirthanalysis1024/new_LASTZ_analysis/enhancer_extraction/enhancer_pairs/FBgn0036460_Spearman/chr3L_14918179-14918521__chr3L_14939995-14940646	chr3L:14918179-14918521	chr3L:14939995-14940646	name	96	123	439	344	85	134	0.634328	0.691913	0.885417	0.0	0.592593	0.54726	1.0	enhancer_hit	yes	yes	0.41696750902527074	0.2777777777777778
FBgn0036460_Spearman	/Users/jillianness/Desktop/SEbirthanalysis1024/new_LASTZ_analysis/enhancer_extraction/enhancer_pairs/FBgn0036460_Spearman/chr3L_14922238-14922460__chr3L_14932705-14933060	chr3L:14922238-14922460	chr3L:14932705-14933060	name	95	99	302	179	75	119	0.630252	0.638177	0.789474	0.0	0.486486	0.508509	1.0	neither	yes	yes	0.3089430894308943	0.14814814814814814
FBgn0036460_Spearman	/Users/jillianness/Desktop/SEbirthanalysis1024/new_LASTZ_analysis/enhancer_extraction/enhancer_pairs/FBgn0036460_Spearman/chr3L_14938074-14938558__chr3L_14939995-14940646	chr3L:14938074-14938558	chr3L:14939995-14940646	name	102	123	169	344	92	133	0.691729	0.659199	0.901961	0.0	0.518519	0.543467	1.0	neither	yes	yes	0.34464751958224543	0.3125
FBgn0036460_Spearman	/Users/jillianness/Desktop/SEbirthanalysis1024/new_LASTZ_analysis/enhancer_extraction/enhancer_pairs/FBgn0036460_Spearman/chr3L_14925390-14925769__chr3L_14939995-14940646	chr3L:14925390-14925769	chr3L:14939995-14940646	name	96	123	136	344	86	133	0.646617	0.664291	0.895833	0.0	0.470833	0.519436	1.0	neither	yes	yes	0.2991913746630728	0.3
FBgn0036460_Spearman	/Users/jillianness/Desktop/SEbirthanalysis1024/new_LASTZ_analysis/enhancer_extraction/enhancer_pairs/FBgn0036460_Spearman/chr3L_14930753-14930953__chr3L_14948136-14948479	chr3L:14930753-14930953	chr3L:14948136-14948479	name	28	72	51	113	15	85	0.176471	0.40008	0.535714	0.0	0.256098	0.200075	1.0	neither	yes	yes	0.12162162162162163	0.0
FBgn0036460_Spearman	/Users/jillianness/Desktop/SEbirthanalysis1024/new_LASTZ_analysis/enhancer_extraction/enhancer_pairs/FBgn0036460_Spearman/chr3L_14944241-14944774__chr3L_14948136-14948479	chr3L:14944241-14944774	chr3L:14948136-14948479	name	79	72	159	113	44	107	0.411215	0.607033	0.611111	0.0	0.470588	0.388524	1.0	neither	yes	yes	0.3047619047619048	0.06666666666666667
FBgn0036460_Spearman	/Users/jillianness/Desktop/SEbirthanalysis1024/new_LASTZ_analysis/enhancer_extraction/enhancer_pairs/FBgn0036460_Spearman/chr3L_14936376-14936760__chr3L_14941342-14941625	chr3L:14936376-14936760	chr3L:14941342-14941625	name	118	86	369	131	80	124	0.645161	0.63885	0.930233	0.0	0.436	0.516351	1.0	neither	yes	yes	0.27735368956743	0.15384615384615385
FBgn0036460_Spearman	/Users/jillianness/Desktop/SEbirthanalysis1024/new_LASTZ_analysis/enhancer_extraction/enhancer_pairs/FBgn0036460_Spearman/chr3L_14922238-14922460__chr3L_14939995-14940646	chr3L:14922238-14922460	chr3L:14939995-14940646	name	95	123	302	344	88	130	0.676923	0.761084	0.926316	0.0	0.650155	0.576759	1.0	neither	yes	yes	0.4794520547945205	0.3611111111111111
FBgn0036460_Spearman	/Users/jillianness/Desktop/SEbirthanalysis1024/new_LASTZ_analysis/enhancer_extraction/enhancer_pairs/FBgn0036460_Spearman/chr3L_14918179-14918521__chr3L_14932705-14933060	chr3L:14918179-14918521	chr3L:14932705-14933060	name	96	99	439	179	77	118	0.652542	0.721392	0.802083	0.0	0.427184	0.534538	1.0	neither	yes	yes	0.27049180327868855	0.16666666666666666
FBgn0036460_Spearman	/Users/jillianness/Desktop/SEbirthanalysis1024/new_LASTZ_analysis/enhancer_extraction/enhancer_pairs/FBgn0036460_Spearman/chr3L_14918179-14918521__chr3L_14928799-14929134	chr3L:14918179-14918521	chr3L:14928799-14929134	name	96	98	439	406	85	109	0.779817	0.899795	0.885417	0.0	0.766864	0.730878	1.0	enhancer_hit	yes	yes	0.6164122137404581	0.4666666666666667
FBgn0036460_Spearman	/Users/jillianness/Desktop/SEbirthanalysis1024/new_LASTZ_analysis/enhancer_extraction/enhancer_pairs/FBgn0036460_Spearman/chr3L_14932705-14933060__chr3L_14941342-14941625	chr3L:14932705-14933060	chr3L:14941342-14941625	name	99	86	179	131	70	115	0.608696	0.612732	0.813953	0.0	0.56129	0.467828	1.0	neither	yes	yes	0.38666666666666666	0.07142857142857142
FBgn0036460_Spearman	/Users/jillianness/Desktop/SEbirthanalysis1024/new_LASTZ_analysis/enhancer_extraction/enhancer_pairs/FBgn0036460_Spearman/chr3L_14928799-14929134__chr3L_14938074-14938558	chr3L:14928799-14929134	chr3L:14938074-14938558	name	98	102	406	169	75	125	0.6	0.646877	0.765306	0.0	0.393043	0.479775	1.0	neither	yes	yes	0.24086021505376345	0.14285714285714285
FBgn0036460_Spearman	/Users/jillianness/Desktop/SEbirthanalysis1024/new_LASTZ_analysis/enhancer_extraction/enhancer_pairs/FBgn0036460_Spearman/chr3L_14925390-14925769__chr3L_14928799-14929134	chr3L:14925390-14925769	chr3L:14928799-14929134	name	96	98	136	406	74	120	0.616667	0.591561	0.770833	0.0	0.339483	0.479913	1.0	neither	yes	yes	0.20353982300884957	0.1935483870967742
FBgn0036460_Spearman	/Users/jillianness/Desktop/SEbirthanalysis1024/new_LASTZ_analysis/enhancer_extraction/enhancer_pairs/FBgn0036460_Spearman/chr3L_14925390-14925769__chr3L_14932705-14933060	chr3L:14925390-14925769	chr3L:14932705-14933060	name	96	99	136	179	73	122	0.598361	0.650204	0.760417	0.0	0.565079	0.489956	1.0	neither	yes	yes	0.38427947598253276	0.10526315789473684
FBgn0036460_Spearman	/Users/jillianness/Desktop/SEbirthanalysis1024/new_LASTZ_analysis/enhancer_extraction/enhancer_pairs/FBgn0036460_Spearman/chr3L_14932705-14933060__chr3L_14936376-14936760	chr3L:14932705-14933060	chr3L:14936376-14936760	name	99	118	179	369	88	129	0.682171	0.616262	0.888889	0.0	0.478102	0.518764	1.0	neither	yes	yes	0.30641330166270786	0.20689655172413793
FBgn0036460_Spearman	/Users/jillianness/Desktop/SEbirthanalysis1024/new_LASTZ_analysis/enhancer_extraction/enhancer_pairs/FBgn0036460_Spearman/chr3L_14931009-14931209__chr3L_14939995-14940646	chr3L:14931009-14931209	chr3L:14939995-14940646	name	23	123	35	344	17	129	0.131783	0.234708	0.73913	0.0	0.121372	0.151981	1.0	neither	yes	yes	0.058333333333333334	0.10344827586206896
FBgn0036460_Spearman	/Users/jillianness/Desktop/SEbirthanalysis1024/new_LASTZ_analysis/enhancer_extraction/enhancer_pairs/FBgn0036460_Spearman/chr3L_14928799-14929134__chr3L_14931009-14931209	chr3L:14928799-14929134	chr3L:14931009-14931209	name	98	23	406	35	11	110	0.1	0.097308	0.478261	0.0	0.049887	0.079139	1.0	neither	yes	yes	0.023094688221709007	0.034482758620689655
FBgn0036460_Spearman	/Users/jillianness/Desktop/SEbirthanalysis1024/new_LASTZ_analysis/enhancer_extraction/enhancer_pairs/FBgn0036460_Spearman/chr3L_14928799-14929134__chr3L_14936376-14936760	chr3L:14928799-14929134	chr3L:14936376-14936760	name	98	118	406	369	86	130	0.661538	0.82839	0.877551	0.0	0.714839	0.627544	1.0	neither	yes	yes	0.5571142284569138	0.5
FBgn0036460_Spearman	/Users/jillianness/Desktop/SEbirthanalysis1024/new_LASTZ_analysis/enhancer_extraction/enhancer_pairs/FBgn0036460_Spearman/chr3L_14918179-14918521__chr3L_14930753-14930953	chr3L:14918179-14918521	chr3L:14930753-14930953	name	96	28	439	51	23	101	0.227723	0.551032	0.821429	0.0	0.15102	0.280227	1.0	neither	yes	yes	0.08131868131868132	0.05263157894736842
FBgn0036460_Spearman	/Users/jillianness/Desktop/SEbirthanalysis1024/new_LASTZ_analysis/enhancer_extraction/enhancer_pairs/FBgn0036460_Spearman/chr3L_14930753-14930953__chr3L_14939995-14940646	chr3L:14930753-14930953	chr3L:14939995-14940646	name	28	123	51	344	24	127	0.188976	0.20838	0.857143	0.0	0.146835	0.191572	1.0	neither	yes	yes	0.07880434782608696	0.034482758620689655
FBgn0036460_Spearman	/Users/jillianness/Desktop/SEbirthanalysis1024/new_LASTZ_analysis/enhancer_extraction/enhancer_pairs/FBgn0036460_Spearman/chr3L_14928799-14929134__chr3L_14941342-14941625	chr3L:14928799-14929134	chr3L:14941342-14941625	name	98	86	406	131	70	114	0.614035	0.647555	0.813953	0.0	0.368715	0.500293	1.0	enhancer_hit	yes	yes	0.2222222222222222	0.06896551724137931
FBgn0036460_Spearman	/Users/jillianness/Desktop/SEbirthanalysis1024/new_LASTZ_analysis/enhancer_extraction/enhancer_pairs/FBgn0036460_Spearman/chr3L_14932705-14933060__chr3L_14938074-14938558	chr3L:14932705-14933060	chr3L:14938074-14938558	name	99	102	179	169	75	126	0.595238	0.710876	0.757576	0.0	0.62069	0.491214	1.0	neither	yes	yes	0.3944223107569721	0.3333333333333333
FBgn0036460_Spearman	/Users/jillianness/Desktop/SEbirthanalysis1024/new_LASTZ_analysis/enhancer_extraction/enhancer_pairs/FBgn0036460_Spearman/chr3L_14941342-14941625__chr3L_14948136-14948479	chr3L:14941342-14941625	chr3L:14948136-14948479	name	86	72	131	113	48	110	0.436364	0.541029	0.666667	0.0	0.47541	0.369803	1.0	neither	yes	yes	0.30158730158730157	0.42857142857142855
FBgn0036460_Spearman	/Users/jillianness/Desktop/SEbirthanalysis1024/new_LASTZ_analysis/enhancer_extraction/enhancer_pairs/FBgn0036460_Spearman/chr3L_14925390-14925769__chr3L_14948136-14948479	chr3L:14925390-14925769	chr3L:14948136-14948479	name	96	72	136	113	55	113	0.486726	0.55851	0.763889	0.0	0.497992	0.406675	1.0	neither	yes	yes	0.32105263157894737	0.14285714285714285
FBgn0036460_Spearman	/Users/jillianness/Desktop/SEbirthanalysis1024/new_LASTZ_analysis/enhancer_extraction/enhancer_pairs/FBgn0036460_Spearman/chr3L_14925390-14925769__chr3L_14930753-14930953	chr3L:14925390-14925769	chr3L:14930753-14930953	name	96	28	136	51	20	104	0.192308	0.275716	0.714286	0.0	0.245989	0.195845	1.0	neither	yes	yes	0.13855421686746988	0.18181818181818182
FBgn0036460_Spearman	/Users/jillianness/Desktop/SEbirthanalysis1024/new_LASTZ_analysis/enhancer_extraction/enhancer_pairs/FBgn0036460_Spearman/chr3L_14938074-14938558__chr3L_14948136-14948479	chr3L:14938074-14938558	chr3L:14948136-14948479	name	102	72	169	113	53	121	0.438017	0.653572	0.736111	0.0	0.531915	0.406395	1.0	neither	yes	yes	0.3333333333333333	0.26666666666666666
FBgn0036460_Spearman	/Users/jillianness/Desktop/SEbirthanalysis1024/new_LASTZ_analysis/enhancer_extraction/enhancer_pairs/FBgn0036460_Spearman/chr3L_14918179-14918521__chr3L_14948136-14948479	chr3L:14918179-14918521	chr3L:14948136-14948479	name	96	72	439	113	54	114	0.473684	0.626939	0.75	0.0	0.293478	0.407954	1.0	neither	yes	yes	0.17124735729386892	0.045454545454545456
FBgn0036460_Spearman	/Users/jillianness/Desktop/SEbirthanalysis1024/new_LASTZ_analysis/enhancer_extraction/enhancer_pairs/FBgn0036460_Spearman/chr3L_14936376-14936760__chr3L_14938074-14938558	chr3L:14936376-14936760	chr3L:14938074-14938558	name	118	102	369	169	87	133	0.654135	0.64062	0.852941	0.0	0.479554	0.527778	1.0	neither	yes	yes	0.3106796116504854	0.25806451612903225
FBgn0036460_Spearman	/Users/jillianness/Desktop/SEbirthanalysis1024/new_LASTZ_analysis/enhancer_extraction/enhancer_pairs/FBgn0036460_Spearman/chr3L_14930753-14930953__chr3L_14932705-14933060	chr3L:14930753-14930953	chr3L:14932705-14933060	name	28	99	51	179	26	101	0.257426	0.536178	0.928571	0.0	0.33913	0.305632	1.0	neither	yes	yes	0.18974358974358974	0.09090909090909091
FBgn0036460_Spearman	/Users/jillianness/Desktop/SEbirthanalysis1024/new_LASTZ_analysis/enhancer_extraction/enhancer_pairs/FBgn0036460_Spearman/chr3L_14922238-14922460__chr3L_14930753-14930953	chr3L:14922238-14922460	chr3L:14930753-14930953	name	95	28	302	51	24	99	0.242424	0.257354	0.857143	0.0	0.181303	0.20963	1.0	neither	yes	yes	0.09907120743034056	0.045454545454545456
FBgn0036460_Spearman	/Users/jillianness/Desktop/SEbirthanalysis1024/new_LASTZ_analysis/enhancer_extraction/enhancer_pairs/FBgn0036460_Spearman/chr3L_14922238-14922460__chr3L_14948136-14948479	chr3L:14922238-14922460	chr3L:14948136-14948479	name	95	72	302	113	56	111	0.504505	0.577644	0.777778	0.0	0.4	0.404615	1.0	neither	yes	yes	0.23372781065088757	0.13043478260869565
FBgn0036460_Spearman	/Users/jillianness/Desktop/SEbirthanalysis1024/new_LASTZ_analysis/enhancer_extraction/enhancer_pairs/FBgn0036460_Spearman/chr3L_14936376-14936760__chr3L_14944241-14944774	chr3L:14936376-14936760	chr3L:14944241-14944774	name	118	79	369	159	68	129	0.527132	0.422102	0.860759	0.0	0.382576	0.380642	1.0	neither	yes	yes	0.23543123543123542	0.2
FBgn0036460_Spearman	/Users/jillianness/Desktop/SEbirthanalysis1024/new_LASTZ_analysis/enhancer_extraction/enhancer_pairs/FBgn0036460_Spearman/chr3L_14931009-14931209__chr3L_14948136-14948479	chr3L:14931009-14931209	chr3L:14948136-14948479	name	23	72	35	113	10	85	0.117647	0.209602	0.434783	0.0	0.162162	0.132199	1.0	neither	yes	yes	0.07913669064748201	0.2857142857142857
FBgn0036460_Spearman	/Users/jillianness/Desktop/SEbirthanalysis1024/new_LASTZ_analysis/enhancer_extraction/enhancer_pairs/FBgn0036460_Spearman/chr3L_14932705-14933060__chr3L_14944241-14944774	chr3L:14932705-14933060	chr3L:14944241-14944774	name	99	79	179	159	58	120	0.483333	0.627708	0.734177	0.0	0.497041	0.397652	1.0	neither	yes	yes	0.3127413127413127	0.23529411764705882
FBgn0260642_Spearman	/Users/jillianness/Desktop/SEbirthanalysis1024/new_LASTZ_analysis/enhancer_extraction/enhancer_pairs/FBgn0260642_Spearman/chr3R_6854324-6854718__chr3R_6881766-6882026	chr3R:6854324-6854718	chr3R:6881766-6882026	name	85	43	134	69	25	103	0.242718	0.437904	0.581395	0.0	0.325123	0.249936	1.0	neither	yes	yes	0.17142857142857143	0.125
FBgn0030406_Spearman	/Users/jillianness/Desktop/SEbirthanalysis1024/new_LASTZ_analysis/enhancer_extraction/enhancer_pairs/FBgn0030406_Spearman/chrX_12516060-12516615__chrX_12551912-12552112	chrX:12516060-12516615	chrX:12551912-12552112	name	97	81	209	98	58	120	0.483333	0.380027	0.716049	0.0	0.403909	0.357783	1.0	neither	yes	yes	0.25609756097560976	0.2
FBgn0004456_sm	/Users/jillianness/Desktop/SEbirthanalysis1024/new_LASTZ_analysis/enhancer_extraction/enhancer_pairs/FBgn0004456_sm/chrX_13128708-13129040__chrX_13217664-13218019	chrX:13128708-13129040	chrX:13217664-13218019	name	48	29	72	42	12	65	0.184615	0.281865	0.413793	0.0	0.245614	0.181175	1.0	neither	yes	yes	0.11538461538461539	0.0
FBgn0004456_sm	/Users/jillianness/Desktop/SEbirthanalysis1024/new_LASTZ_analysis/enhancer_extraction/enhancer_pairs/FBgn0004456_sm/chrX_13217305-13217505__chrX_13217664-13218019	chrX:13217305-13217505	chrX:13217664-13218019	name	29	29	46	42	11	47	0.234043	0.232834	0.37931	0.0	0.25	0.184414	1.0	neither	yes	yes	0.13924050632911392	0.125
FBgn0004456_sm	/Users/jillianness/Desktop/SEbirthanalysis1024/new_LASTZ_analysis/enhancer_extraction/enhancer_pairs/FBgn0004456_sm/chrX_13214681-13214911__chrX_13217664-13218019	chrX:13214681-13214911	chrX:13217664-13218019	name	93	29	186	42	14	108	0.12963	0.134046	0.482759	0.0	0.131579	0.114752	1.0	neither	yes	yes	0.06976744186046512	0.06666666666666667
FBgn0004456_sm	/Users/jillianness/Desktop/SEbirthanalysis1024/new_LASTZ_analysis/enhancer_extraction/enhancer_pairs/FBgn0004456_sm/chrX_13128708-13129040__chrX_13217305-13217505	chrX:13128708-13129040	chrX:13217305-13217505	name	48	29	72	46	7	70	0.1	0.117783	0.241379	0.0	0.118644	0.091597	1.0	neither	yes	yes	0.061946902654867256	0.14285714285714285
FBgn0004456_sm	/Users/jillianness/Desktop/SEbirthanalysis1024/new_LASTZ_analysis/enhancer_extraction/enhancer_pairs/FBgn0004456_sm/chrX_13214681-13214911__chrX_13217305-13217505	chrX:13214681-13214911	chrX:13217305-13217505	name	93	29	186	46	12	110	0.109091	0.156863	0.413793	0.0	0.12931	0.107252	1.0	enhancer_hit	yes	yes	0.0684931506849315	0.045454545454545456
FBgn0004456_sm	/Users/jillianness/Desktop/SEbirthanalysis1024/new_LASTZ_analysis/enhancer_extraction/enhancer_pairs/FBgn0004456_sm/chrX_13128708-13129040__chrX_13214681-13214911	chrX:13128708-13129040	chrX:13214681-13214911	name	48	93	72	186	27	114	0.236842	0.482647	0.5625	0.0	0.27907	0.237465	1.0	enhancer_hit	yes	yes	0.14537444933920704	0.0
FBgn0016926_vm	/Users/jillianness/Desktop/SEbirthanalysis1024/new_LASTZ_analysis/enhancer_extraction/enhancer_pairs/FBgn0016926_vm/chr2L_1118230-1118839__chr2L_1123442-1123872	chr2L:1118230-1118839	chr2L:1123442-1123872	name	98	85	240	163	57	126	0.452381	0.609897	0.670588	0.0	0.466501	0.384831	1.0	neither	yes	yes	0.27358490566037735	0.3333333333333333
FBgn0016926_vm	/Users/jillianness/Desktop/SEbirthanalysis1024/new_LASTZ_analysis/enhancer_extraction/enhancer_pairs/FBgn0016926_vm/chr2L_1074290-1074681__chr2L_1123442-1123872	chr2L:1074290-1074681	chr2L:1123442-1123872	name	95	85	167	163	58	122	0.47541	0.365016	0.682353	0.0	0.436364	0.339859	1.0	neither	yes	yes	0.26717557251908397	0.3333333333333333
FBgn0016926_vm	/Users/jillianness/Desktop/SEbirthanalysis1024/new_LASTZ_analysis/enhancer_extraction/enhancer_pairs/FBgn0016926_vm/chr2L_1074290-1074681__chr2L_1118230-1118839	chr2L:1074290-1074681	chr2L:1118230-1118839	name	95	98	167	240	70	123	0.569106	0.493878	0.736842	0.0	0.4914	0.42978	1.0	neither	yes	yes	0.3108974358974359	0.30434782608695654
FBgn0015773_sm	/Users/jillianness/Desktop/SEbirthanalysis1024/new_LASTZ_analysis/enhancer_extraction/enhancer_pairs/FBgn0015773_sm/chrX_14593777-14594065__chrX_14655967-14656167	chrX:14593777-14594065	chrX:14655967-14656167	name	85	45	233	68	21	109	0.192661	0.274474	0.466667	0.0	0.159468	0.186328	1.0	neither	yes	yes	0.08214285714285714	0.14285714285714285
FBgn0036152_sm	/Users/jillianness/Desktop/SEbirthanalysis1024/new_LASTZ_analysis/enhancer_extraction/enhancer_pairs/FBgn0036152_sm/chr3L_11330795-11331281__chr3L_11355874-11356295	chr3L:11330795-11331281	chr3L:11355874-11356295	name	65	46	103	83	26	85	0.305882	0.404962	0.565217	0.0	0.354839	0.281355	1.0	neither	yes	yes	0.20512820512820512	0.25
FBgn0036152_sm	/Users/jillianness/Desktop/SEbirthanalysis1024/new_LASTZ_analysis/enhancer_extraction/enhancer_pairs/FBgn0036152_sm/chr3L_11238445-11238797__chr3L_11330795-11331281	chr3L:11238445-11238797	chr3L:11330795-11331281	name	106	65	229	103	36	135	0.266667	0.263327	0.553846	0.0	0.283133	0.227359	1.0	neither	yes	yes	0.15570934256055363	0.2
FBgn0036152_sm	/Users/jillianness/Desktop/SEbirthanalysis1024/new_LASTZ_analysis/enhancer_extraction/enhancer_pairs/FBgn0036152_sm/chr3L_11238445-11238797__chr3L_11355874-11356295	chr3L:11238445-11238797	chr3L:11355874-11356295	name	106	46	229	83	24	128	0.1875	0.266437	0.521739	0.0	0.205128	0.184601	1.0	neither	yes	yes	0.1056338028169014	0.1111111111111111
FBgn0051536_vm	/Users/jillianness/Desktop/SEbirthanalysis1024/new_LASTZ_analysis/enhancer_extraction/enhancer_pairs/FBgn0051536_vm/chr3R_4974418-4974807__chr3R_4992040-4992492	chr3R:4974418-4974807	chr3R:4992040-4992492	name	56	62	91	119	34	84	0.404762	0.596243	0.607143	0.0	0.495238	0.365566	1.0	flank_hit	yes	yes	0.3006134969325153	0.4666666666666667
FBgn0004580_sm	/Users/jillianness/Desktop/SEbirthanalysis1024/new_LASTZ_analysis/enhancer_extraction/enhancer_pairs/FBgn0004580_sm/chr2R_16588244-16588444__chr2R_16601060-16601302	chr2R:16588244-16588444	chr2R:16601060-16601302	name	29	94	32	157	16	107	0.149533	0.210894	0.551724	0.0	0.169312	0.143636	1.0	neither	yes	yes	0.09142857142857143	0.21428571428571427
FBgn0027084_Spearman	/Users/jillianness/Desktop/SEbirthanalysis1024/new_LASTZ_analysis/enhancer_extraction/enhancer_pairs/FBgn0027084_Spearman/chrX_9651073-9651377__chrX_9680427-9680627	chrX:9651073-9651377	chrX:9680427-9680627	name	94	29	208	44	13	110	0.118182	0.217729	0.448276	0.0	0.111111	0.129336	1.0	neither	yes	yes	0.06276150627615062	0.0
FBgn0027084_Spearman	/Users/jillianness/Desktop/SEbirthanalysis1024/new_LASTZ_analysis/enhancer_extraction/enhancer_pairs/FBgn0027084_Spearman/chrX_9645073-9645375__chrX_9651073-9651377	chrX:9645073-9645375	chrX:9651073-9651377	name	80	94	106	208	53	121	0.438017	0.332231	0.6625	0.0	0.356688	0.345025	1.0	neither	yes	yes	0.210727969348659	0.16666666666666666
FBgn0027084_Spearman	/Users/jillianness/Desktop/SEbirthanalysis1024/new_LASTZ_analysis/enhancer_extraction/enhancer_pairs/FBgn0027084_Spearman/chrX_9645073-9645375__chrX_9680427-9680627	chrX:9645073-9645375	chrX:9680427-9680627	name	80	29	106	44	17	92	0.184783	0.399835	0.586207	0.0	0.293333	0.207342	1.0	neither	yes	yes	0.14285714285714285	0.21428571428571427
FBgn0003071_sm	/Users/jillianness/Desktop/SEbirthanalysis1024/new_LASTZ_analysis/enhancer_extraction/enhancer_pairs/FBgn0003071_sm/chr2R_9727517-9727743__chr2R_9741763-9741963	chr2R:9727517-9727743	chr2R:9741763-9741963	name	49	25	161	44	13	61	0.213115	0.282927	0.52	0.0	0.195122	0.229603	1.0	neither	yes	yes	0.09523809523809523	0.1111111111111111
FBgn0003071_sm	/Users/jillianness/Desktop/SEbirthanalysis1024/new_LASTZ_analysis/enhancer_extraction/enhancer_pairs/FBgn0003071_sm/chr2R_9727517-9727743__chr2R_9748242-9748798	chr2R:9727517-9727743	chr2R:9748242-9748798	name	49	91	161	182	33	107	0.308411	0.72935	0.673469	0.0	0.472303	0.386897	1.0	neither	yes	yes	0.3018867924528302	0.1111111111111111
FBgn0003071_sm	/Users/jillianness/Desktop/SEbirthanalysis1024/new_LASTZ_analysis/enhancer_extraction/enhancer_pairs/FBgn0003071_sm/chr2R_9741763-9741963__chr2R_9748242-9748798	chr2R:9741763-9741963	chr2R:9748242-9748798	name	25	91	44	182	16	100	0.16	0.333157	0.64	0.0	0.221239	0.212256	1.0	neither	yes	yes	0.12315270935960591	0.3333333333333333
FBgn0086906_Spearman	/Users/jillianness/Desktop/SEbirthanalysis1024/new_LASTZ_analysis/enhancer_extraction/enhancer_pairs/FBgn0086906_Spearman/chr3L_2091115-2091413__chr3L_2098335-2098584	chr3L:2091115-2091413	chr3L:2098335-2098584	name	34	35	55	44	13	56	0.232143	0.286221	0.382353	0.0	0.282828	0.206928	1.0	neither	yes	yes	0.14772727272727273	0.36363636363636365
FBgn0000404_meso	/Users/jillianness/Desktop/SEbirthanalysis1024/new_LASTZ_analysis/enhancer_extraction/enhancer_pairs/FBgn0000404_meso/chr3L_11812108-11812359__chr3L_11813289-11813573	chr3L:11812108-11812359	chr3L:11813289-11813573	name	38	30	63	56	14	54	0.259259	0.458784	0.466667	0.0	0.352941	0.268143	1.0	neither	yes	yes	0.18627450980392157	0.15384615384615385
FBgn0035539_vm	/Users/jillianness/Desktop/SEbirthanalysis1024/new_LASTZ_analysis/enhancer_extraction/enhancer_pairs/FBgn0035539_vm/chr3L_4392038-4392238__chr3L_4394326-4394609	chr3L:4392038-4392238	chr3L:4394326-4394609	name	68	85	91	128	46	107	0.429907	0.511217	0.676471	0.0	0.474886	0.352286	1.0	neither	yes	yes	0.3	0.3333333333333333
FBgn0035539_vm	/Users/jillianness/Desktop/SEbirthanalysis1024/new_LASTZ_analysis/enhancer_extraction/enhancer_pairs/FBgn0035539_vm/chr3L_4334437-4334651__chr3L_4394326-4394609	chr3L:4334437-4334651	chr3L:4394326-4394609	name	52	85	73	128	40	97	0.412371	0.49171	0.769231	0.0	0.437811	0.350206	1.0	neither	yes	yes	0.2848101265822785	0.15384615384615385
FBgn0035539_vm	/Users/jillianness/Desktop/SEbirthanalysis1024/new_LASTZ_analysis/enhancer_extraction/enhancer_pairs/FBgn0035539_vm/chr3L_4334437-4334651__chr3L_4392038-4392238	chr3L:4334437-4334651	chr3L:4392038-4392238	name	52	68	73	91	17	103	0.165049	0.264617	0.326923	0.0	0.231707	0.148131	1.0	neither	yes	yes	0.12162162162162163	0.21428571428571427
FBgn0031776_vm_sm	/Users/jillianness/Desktop/SEbirthanalysis1024/new_LASTZ_analysis/enhancer_extraction/enhancer_pairs/FBgn0031776_vm_sm/chr2L_6075442-6075642__chr2L_6076424-6076624	chr2L:6075442-6075642	chr2L:6076424-6076624	name	31	32	42	53	5	58	0.086207	0.326095	0.16129	0.0	0.189474	0.142323	1.0	neither	yes	yes	0.0898876404494382	0.3333333333333333
FBgn0031776_vm_sm	/Users/jillianness/Desktop/SEbirthanalysis1024/new_LASTZ_analysis/enhancer_extraction/enhancer_pairs/FBgn0031776_vm_sm/chr2L_6075442-6075642__chr2L_6090073-6090445	chr2L:6075442-6075642	chr2L:6090073-6090445	name	31	92	42	191	18	105	0.171429	0.274315	0.580645	0.0	0.188841	0.187475	1.0	neither	yes	yes	0.09813084112149532	0.09523809523809523
FBgn0031776_vm_sm	/Users/jillianness/Desktop/SEbirthanalysis1024/new_LASTZ_analysis/enhancer_extraction/enhancer_pairs/FBgn0031776_vm_sm/chr2L_6076424-6076624__chr2L_6090073-6090445	chr2L:6076424-6076624	chr2L:6090073-6090445	name	32	92	53	191	14	110	0.127273	0.250038	0.4375	0.0	0.155738	0.144151	1.0	neither	yes	yes	0.06493506493506493	0.17391304347826086
FBgn0036557_Spearman	/Users/jillianness/Desktop/SEbirthanalysis1024/new_LASTZ_analysis/enhancer_extraction/enhancer_pairs/FBgn0036557_Spearman/chr3L_15984916-15985116__chr3L_15989718-15989918	chr3L:15984916-15985116	chr3L:15989718-15989918	name	30	31	41	36	10	51	0.196078	0.393984	0.333333	0.0	0.311688	0.191292	1.0	neither	yes	yes	0.1791044776119403	0.3333333333333333
FBgn0036557_Spearman	/Users/jillianness/Desktop/SEbirthanalysis1024/new_LASTZ_analysis/enhancer_extraction/enhancer_pairs/FBgn0036557_Spearman/chr3L_15984572-15984835__chr3L_15984916-15985116	chr3L:15984572-15984835	chr3L:15984916-15985116	name	46	30	60	41	15	61	0.245902	0.450352	0.5	0.0	0.356436	0.252696	1.0	neither	yes	yes	0.1839080459770115	0.16666666666666666
FBgn0036557_Spearman	/Users/jillianness/Desktop/SEbirthanalysis1024/new_LASTZ_analysis/enhancer_extraction/enhancer_pairs/FBgn0036557_Spearman/chr3L_15984572-15984835__chr3L_15989718-15989918	chr3L:15984572-15984835	chr3L:15989718-15989918	name	46	31	60	36	10	67	0.149254	0.289076	0.322581	0.0	0.229167	0.156248	1.0	neither	yes	yes	0.13953488372093023	0.125
FBgn0004101_vm_sm	/Users/jillianness/Desktop/SEbirthanalysis1024/new_LASTZ_analysis/enhancer_extraction/enhancer_pairs/FBgn0004101_vm_sm/chr2R_23924684-23925158__chr2R_23948285-23948607	chr2R:23924684-23925158	chr2R:23948285-23948607	name	97	55	177	91	30	122	0.245902	0.267708	0.545455	0.0	0.261194	0.219536	1.0	neither	yes	yes	0.1440677966101695	0.19230769230769232
FBgn0004167_vm	/Users/jillianness/Desktop/SEbirthanalysis1024/new_LASTZ_analysis/enhancer_extraction/enhancer_pairs/FBgn0004167_vm/chr3L_3322687-3323052__chr3L_3332328-3333012	chr3L:3322687-3323052	chr3L:3332328-3333012	name	83	81	146	146	48	116	0.413793	0.479649	0.592593	0.0	0.424658	0.345799	1.0	neither	yes	yes	0.2672413793103448	0.35
FBgn0004167_vm	/Users/jillianness/Desktop/SEbirthanalysis1024/new_LASTZ_analysis/enhancer_extraction/enhancer_pairs/FBgn0004167_vm/chr3L_3320367-3320567__chr3L_3332328-3333012	chr3L:3320367-3320567	chr3L:3332328-3333012	name	47	81	61	146	23	105	0.219048	0.250722	0.489362	0.0	0.241546	0.1766	1.0	neither	yes	yes	0.12972972972972974	0.1111111111111111
FBgn0004167_vm	/Users/jillianness/Desktop/SEbirthanalysis1024/new_LASTZ_analysis/enhancer_extraction/enhancer_pairs/FBgn0004167_vm/chr3L_3332328-3333012__chr3L_3384074-3384511	chr3L:3332328-3333012	chr3L:3384074-3384511	name	81	56	146	90	36	101	0.356436	0.514533	0.642857	0.0	0.40678	0.347213	1.0	neither	yes	yes	0.24607329842931938	0.16666666666666666
FBgn0004167_vm	/Users/jillianness/Desktop/SEbirthanalysis1024/new_LASTZ_analysis/enhancer_extraction/enhancer_pairs/FBgn0004167_vm/chr3L_3322687-3323052__chr3L_3384074-3384511	chr3L:3322687-3323052	chr3L:3384074-3384511	name	83	56	146	90	34	105	0.32381	0.459762	0.607143	0.0	0.398305	0.286732	1.0	neither	yes	yes	0.2268041237113402	0.2777777777777778
FBgn0004167_vm	/Users/jillianness/Desktop/SEbirthanalysis1024/new_LASTZ_analysis/enhancer_extraction/enhancer_pairs/FBgn0004167_vm/chr3L_3320367-3320567__chr3L_3322687-3323052	chr3L:3320367-3320567	chr3L:3322687-3323052	name	47	83	61	146	33	97	0.340206	0.455576	0.702128	0.0	0.376812	0.298899	1.0	neither	yes	yes	0.20114942528735633	0.25
FBgn0004167_vm	/Users/jillianness/Desktop/SEbirthanalysis1024/new_LASTZ_analysis/enhancer_extraction/enhancer_pairs/FBgn0004167_vm/chr3L_3320367-3320567__chr3L_3384074-3384511	chr3L:3320367-3320567	chr3L:3384074-3384511	name	47	56	61	90	19	84	0.22619	0.365296	0.404255	0.0	0.291391	0.216772	1.0	neither	yes	yes	0.1417910447761194	0.06666666666666667
FBgn0004606_Spearman	/Users/jillianness/Desktop/SEbirthanalysis1024/new_LASTZ_analysis/enhancer_extraction/enhancer_pairs/FBgn0004606_Spearman/chr3R_30732121-30732337__chr3R_30764337-30764604	chr3R:30732121-30732337	chr3R:30764337-30764604	name	35	53	62	101	21	67	0.313433	0.630443	0.6	0.0	0.453988	0.377563	1.0	neither	yes	yes	0.27906976744186046	0.3125
FBgn0004606_Spearman	/Users/jillianness/Desktop/SEbirthanalysis1024/new_LASTZ_analysis/enhancer_extraction/enhancer_pairs/FBgn0004606_Spearman/chr3R_30765989-30766189__chr3R_30780915-30781294	chr3R:30765989-30766189	chr3R:30780915-30781294	name	21	100	38	313	12	109	0.110092	0.224999	0.571429	0.0	0.108262	0.123388	1.0	neither	yes	yes	0.04747774480712166	0.14705882352941177
FBgn0004606_Spearman	/Users/jillianness/Desktop/SEbirthanalysis1024/new_LASTZ_analysis/enhancer_extraction/enhancer_pairs/FBgn0004606_Spearman/chr3R_30780915-30781294__chr3R_30794867-30795176	chr3R:30780915-30781294	chr3R:30794867-30795176	name	100	41	313	77	25	116	0.215517	0.169018	0.609756	0.0	0.153846	0.174901	1.0	neither	yes	yes	0.07692307692307693	0.10714285714285714
FBgn0004606_Spearman	/Users/jillianness/Desktop/SEbirthanalysis1024/new_LASTZ_analysis/enhancer_extraction/enhancer_pairs/FBgn0004606_Spearman/chr3R_30765989-30766189__chr3R_30794867-30795176	chr3R:30765989-30766189	chr3R:30794867-30795176	name	21	41	38	77	15	47	0.319149	0.175087	0.714286	0.0	0.278261	0.240192	1.0	neither	yes	yes	0.14705882352941177	0.3333333333333333
FBgn0004606_Spearman	/Users/jillianness/Desktop/SEbirthanalysis1024/new_LASTZ_analysis/enhancer_extraction/enhancer_pairs/FBgn0004606_Spearman/chr3R_30732121-30732337__chr3R_30780915-30781294	chr3R:30732121-30732337	chr3R:30780915-30781294	name	35	100	62	313	23	112	0.205357	0.345169	0.657143	0.0	0.192	0.203833	1.0	neither	yes	yes	0.10557184750733138	0.2962962962962963
FBgn0004606_Spearman	/Users/jillianness/Desktop/SEbirthanalysis1024/new_LASTZ_analysis/enhancer_extraction/enhancer_pairs/FBgn0004606_Spearman/chr3R_30764337-30764604__chr3R_30765989-30766189	chr3R:30764337-30764604	chr3R:30765989-30766189	name	53	21	101	38	15	59	0.254237	0.635	0.714286	0.0	0.388489	0.326405	1.0	neither	yes	yes	0.20512820512820512	0.3888888888888889
FBgn0004606_Spearman	/Users/jillianness/Desktop/SEbirthanalysis1024/new_LASTZ_analysis/enhancer_extraction/enhancer_pairs/FBgn0004606_Spearman/chr3R_30764337-30764604__chr3R_30794867-30795176	chr3R:30764337-30764604	chr3R:30794867-30795176	name	53	41	101	77	28	66	0.424242	0.519165	0.682927	0.0	0.460674	0.412714	1.0	neither	yes	yes	0.2676056338028169	0.3076923076923077
FBgn0004606_Spearman	/Users/jillianness/Desktop/SEbirthanalysis1024/new_LASTZ_analysis/enhancer_extraction/enhancer_pairs/FBgn0004606_Spearman/chr3R_30764337-30764604__chr3R_30780915-30781294	chr3R:30764337-30764604	chr3R:30780915-30781294	name	53	100	101	313	41	112	0.366071	0.393426	0.773585	0.0	0.309179	0.294507	1.0	neither	yes	yes	0.16853932584269662	0.25
FBgn0004606_Spearman	/Users/jillianness/Desktop/SEbirthanalysis1024/new_LASTZ_analysis/enhancer_extraction/enhancer_pairs/FBgn0004606_Spearman/chr3R_30732121-30732337__chr3R_30794867-30795176	chr3R:30732121-30732337	chr3R:30794867-30795176	name	35	41	62	77	22	54	0.407407	0.585006	0.628571	0.0	0.460432	0.392594	1.0	neither	yes	yes	0.29357798165137616	0.2
FBgn0004606_Spearman	/Users/jillianness/Desktop/SEbirthanalysis1024/new_LASTZ_analysis/enhancer_extraction/enhancer_pairs/FBgn0004606_Spearman/chr3R_30732121-30732337__chr3R_30765989-30766189	chr3R:30732121-30732337	chr3R:30765989-30766189	name	35	21	62	38	12	44	0.272727	0.438793	0.571429	0.0	0.36	0.276281	1.0	neither	yes	yes	0.2	0.25
bab2	/Users/jillianness/Desktop/SEbirthanalysis1024/new_LASTZ_analysis/enhancer_extraction/enhancer_pairs/bab2/chr3L_1082826-1083401__chr3L_1091260-1091650	chr3L:1082826-1083401	chr3L:1091260-1091650	name	111	82	347	155	73	120	0.608333	0.654686	0.890244	0.0	0.474104	0.495765	1.0	neither	yes	yes	0.3023255813953488	0.36666666666666664
bab2	/Users/jillianness/Desktop/SEbirthanalysis1024/new_LASTZ_analysis/enhancer_extraction/enhancer_pairs/bab2/chr3L_1082826-1083401__chr3L_1167709-1167971	chr3L:1082826-1083401	chr3L:1167709-1167971	name	111	43	347	75	35	119	0.294118	0.297769	0.813953	0.0	0.208531	0.244942	1.0	neither	yes	yes	0.11578947368421053	0.18518518518518517
bab2	/Users/jillianness/Desktop/SEbirthanalysis1024/new_LASTZ_analysis/enhancer_extraction/enhancer_pairs/bab2/chr3L_1091260-1091650__chr3L_1167709-1167971	chr3L:1091260-1091650	chr3L:1167709-1167971	name	82	43	155	75	23	102	0.22549	0.293295	0.534884	0.0	0.269565	0.20968	1.0	neither	yes	yes	0.14285714285714285	0.08
FBgn0003997_vm	/Users/jillianness/Desktop/SEbirthanalysis1024/new_LASTZ_analysis/enhancer_extraction/enhancer_pairs/FBgn0003997_vm/chr3L_18216020-18216270__chr3L_18253096-18253493	chr3L:18216020-18216270	chr3L:18253096-18253493	name	63	107	83	176	43	127	0.338583	0.323198	0.68254	0.0	0.355212	0.284587	1.0	neither	yes	yes	0.20833333333333334	0.23529411764705882
FBgn0003997_vm	/Users/jillianness/Desktop/SEbirthanalysis1024/new_LASTZ_analysis/enhancer_extraction/enhancer_pairs/FBgn0003997_vm/chr3L_18216020-18216270__chr3L_18223141-18223473	chr3L:18216020-18216270	chr3L:18223141-18223473	name	63	91	83	165	43	111	0.387387	0.408042	0.68254	0.0	0.379032	0.31703	1.0	neither	yes	yes	0.2315270935960591	0.1875
FBgn0003997_vm	/Users/jillianness/Desktop/SEbirthanalysis1024/new_LASTZ_analysis/enhancer_extraction/enhancer_pairs/FBgn0003997_vm/chr3L_18223141-18223473__chr3L_18253096-18253493	chr3L:18223141-18223473	chr3L:18253096-18253493	name	91	107	165	176	74	124	0.596774	0.551787	0.813187	0.0	0.533724	0.453591	1.0	neither	yes	yes	0.35039370078740156	0.2631578947368421
FBgn0001235_meso	/Users/jillianness/Desktop/SEbirthanalysis1024/new_LASTZ_analysis/enhancer_extraction/enhancer_pairs/FBgn0001235_meso/chr3R_10618771-10619181__chr3R_10626588-10627045	chr3R:10618771-10619181	chr3R:10626588-10627045	name	53	95	105	139	27	121	0.22314	0.399884	0.509434	0.0	0.311475	0.253638	1.0	neither	yes	yes	0.16037735849056603	0.16666666666666666
FBgn0001235_meso	/Users/jillianness/Desktop/SEbirthanalysis1024/new_LASTZ_analysis/enhancer_extraction/enhancer_pairs/FBgn0001235_meso/chr3R_10626588-10627045__chr3R_10645396-10645910	chr3R:10626588-10627045	chr3R:10645396-10645910	name	95	74	139	127	46	123	0.373984	0.511651	0.621622	0.0	0.481203	0.330178	1.0	neither	yes	yes	0.28846153846153844	0.26666666666666666
FBgn0001235_meso	/Users/jillianness/Desktop/SEbirthanalysis1024/new_LASTZ_analysis/enhancer_extraction/enhancer_pairs/FBgn0001235_meso/chr3R_10618771-10619181__chr3R_10645396-10645910	chr3R:10618771-10619181	chr3R:10645396-10645910	name	53	74	105	127	32	95	0.336842	0.461042	0.603774	0.0	0.405172	0.330186	1.0	neither	yes	yes	0.21243523316062177	0.3684210526315789
FBgn0029526_Spearman	/Users/jillianness/Desktop/SEbirthanalysis1024/new_LASTZ_analysis/enhancer_extraction/enhancer_pairs/FBgn0029526_Spearman/chrX_419897-420154__chrX_421493-421767	chrX:419897-420154	chrX:421493-421767	name	93	27	286	39	19	101	0.188119	0.23044	0.703704	0.0	0.135385	0.189523	1.0	neither	yes	yes	0.06514657980456026	0.16666666666666666
FBgn0003997_Spearman	/Users/jillianness/Desktop/SEbirthanalysis1024/new_LASTZ_analysis/enhancer_extraction/enhancer_pairs/FBgn0003997_Spearman/chr3L_18188992-18189399__chr3L_18193476-18193931	chr3L:18188992-18189399	chr3L:18193476-18193931	name	79	74	164	150	39	114	0.342105	0.614228	0.527027	0.0	0.458599	0.363065	1.0	neither	yes	yes	0.2793522267206478	0.2
FBgn0003997_Spearman	/Users/jillianness/Desktop/SEbirthanalysis1024/new_LASTZ_analysis/enhancer_extraction/enhancer_pairs/FBgn0003997_Spearman/chr3L_18188992-18189399__chr3L_18241081-18241477	chr3L:18188992-18189399	chr3L:18241081-18241477	name	79	64	164	113	33	110	0.3	0.501737	0.515625	0.0	0.389892	0.306979	1.0	neither	yes	yes	0.2345132743362832	0.3333333333333333
FBgn0003997_Spearman	/Users/jillianness/Desktop/SEbirthanalysis1024/new_LASTZ_analysis/enhancer_extraction/enhancer_pairs/FBgn0003997_Spearman/chr3L_18193476-18193931__chr3L_18241081-18241477	chr3L:18193476-18193931	chr3L:18241081-18241477	name	74	64	150	113	41	97	0.42268	0.624942	0.640625	0.0	0.486692	0.395883	1.0	neither	yes	yes	0.2926829268292683	0.25
FBgn0003997_Spearman	/Users/jillianness/Desktop/SEbirthanalysis1024/new_LASTZ_analysis/enhancer_extraction/enhancer_pairs/FBgn0003997_Spearman/chr3L_18241081-18241477__chr3L_18244888-18245144	chr3L:18241081-18241477	chr3L:18244888-18245144	name	64	87	113	144	50	101	0.49505	0.655811	0.78125	0.0	0.560311	0.45212	1.0	neither	yes	yes	0.3850267379679144	0.3333333333333333
FBgn0003997_Spearman	/Users/jillianness/Desktop/SEbirthanalysis1024/new_LASTZ_analysis/enhancer_extraction/enhancer_pairs/FBgn0003997_Spearman/chr3L_18177706-18178000__chr3L_18193476-18193931	chr3L:18177706-18178000	chr3L:18193476-18193931	name	104	74	356	150	57	121	0.471074	0.380843	0.77027	0.0	0.339921	0.363378	1.0	neither	yes	yes	0.1952941176470588	0.18518518518518517
FBgn0003997_Spearman	/Users/jillianness/Desktop/SEbirthanalysis1024/new_LASTZ_analysis/enhancer_extraction/enhancer_pairs/FBgn0003997_Spearman/chr3L_18177706-18178000__chr3L_18241081-18241477	chr3L:18177706-18178000	chr3L:18241081-18241477	name	104	64	356	113	46	122	0.377049	0.441341	0.71875	0.0	0.298507	0.332561	1.0	neither	yes	yes	0.17164179104477612	0.21739130434782608
FBgn0003997_Spearman	/Users/jillianness/Desktop/SEbirthanalysis1024/new_LASTZ_analysis/enhancer_extraction/enhancer_pairs/FBgn0003997_Spearman/chr3L_18177706-18178000__chr3L_18244888-18245144	chr3L:18177706-18178000	chr3L:18244888-18245144	name	104	87	356	144	73	118	0.618644	0.630049	0.83908	0.0	0.42	0.502741	1.0	neither	yes	yes	0.2581453634085213	0.16666666666666666
FBgn0003997_Spearman	/Users/jillianness/Desktop/SEbirthanalysis1024/new_LASTZ_analysis/enhancer_extraction/enhancer_pairs/FBgn0003997_Spearman/chr3L_18177706-18178000__chr3L_18188992-18189399	chr3L:18177706-18178000	chr3L:18188992-18189399	name	104	79	356	164	57	126	0.452381	0.460567	0.721519	0.0	0.353846	0.352884	1.0	neither	yes	yes	0.2111368909512761	0.23076923076923078
FBgn0003997_Spearman	/Users/jillianness/Desktop/SEbirthanalysis1024/new_LASTZ_analysis/enhancer_extraction/enhancer_pairs/FBgn0003997_Spearman/chr3L_18188992-18189399__chr3L_18244888-18245144	chr3L:18188992-18189399	chr3L:18244888-18245144	name	79	87	164	144	45	121	0.371901	0.47633	0.56962	0.0	0.396104	0.313429	1.0	neither	yes	yes	0.2350597609561753	0.25
FBgn0003997_Spearman	/Users/jillianness/Desktop/SEbirthanalysis1024/new_LASTZ_analysis/enhancer_extraction/enhancer_pairs/FBgn0003997_Spearman/chr3L_18193476-18193931__chr3L_18244888-18245144	chr3L:18193476-18193931	chr3L:18244888-18245144	name	74	87	150	144	53	108	0.490741	0.635638	0.716216	0.0	0.52381	0.434949	1.0	neither	yes	yes	0.3333333333333333	0.17647058823529413
FBgn0020257_Spearman	/Users/jillianness/Desktop/SEbirthanalysis1024/new_LASTZ_analysis/enhancer_extraction/enhancer_pairs/FBgn0020257_Spearman/chr2R_22309744-22310226__chr2R_22311826-22312026	chr2R:22309744-22310226	chr2R:22311826-22312026	name	81	15	152	26	12	84	0.142857	0.270169	0.8	0.0	0.157303	0.215704	1.0	neither	yes	yes	0.08433734939759036	0.0
FBgn0020257_Spearman	/Users/jillianness/Desktop/SEbirthanalysis1024/new_LASTZ_analysis/enhancer_extraction/enhancer_pairs/FBgn0020257_Spearman/chr2R_22310630-22311004__chr2R_22312131-22312433	chr2R:22310630-22311004	chr2R:22312131-22312433	name	82	39	139	85	26	95	0.273684	0.380636	0.666667	0.0	0.357143	0.262681	1.0	neither	yes	yes	0.19576719576719576	0.2857142857142857
FBgn0020257_Spearman	/Users/jillianness/Desktop/SEbirthanalysis1024/new_LASTZ_analysis/enhancer_extraction/enhancer_pairs/FBgn0020257_Spearman/chr2R_22301850-22302125__chr2R_22311826-22312026	chr2R:22301850-22302125	chr2R:22311826-22312026	name	61	15	94	26	7	69	0.101449	0.272295	0.466667	0.0	0.166667	0.151521	1.0	neither	yes	yes	0.08928571428571429	0.0
FBgn0020257_Spearman	/Users/jillianness/Desktop/SEbirthanalysis1024/new_LASTZ_analysis/enhancer_extraction/enhancer_pairs/FBgn0020257_Spearman/chr2R_22301850-22302125__chr2R_22309744-22310226	chr2R:22301850-22302125	chr2R:22309744-22310226	name	61	81	94	152	38	104	0.365385	0.481246	0.622951	0.0	0.430894	0.324562	1.0	neither	yes	yes	0.2653061224489796	0.3333333333333333
FBgn0020257_Spearman	/Users/jillianness/Desktop/SEbirthanalysis1024/new_LASTZ_analysis/enhancer_extraction/enhancer_pairs/FBgn0020257_Spearman/chr2R_22311826-22312026__chr2R_22312131-22312433	chr2R:22311826-22312026	chr2R:22312131-22312433	name	15	39	26	85	9	45	0.2	0.421352	0.6	0.0	0.288288	0.27068	1.0	neither	yes	yes	0.17708333333333334	0.0
FBgn0020257_Spearman	/Users/jillianness/Desktop/SEbirthanalysis1024/new_LASTZ_analysis/enhancer_extraction/enhancer_pairs/FBgn0020257_Spearman/chr2R_22310630-22311004__chr2R_22311826-22312026	chr2R:22310630-22311004	chr2R:22311826-22312026	name	82	15	139	26	11	86	0.127907	0.491957	0.733333	0.0	0.230303	0.202418	1.0	neither	yes	yes	0.12837837837837837	0.07692307692307693
FBgn0020257_Spearman	/Users/jillianness/Desktop/SEbirthanalysis1024/new_LASTZ_analysis/enhancer_extraction/enhancer_pairs/FBgn0020257_Spearman/chr2R_22301850-22302125__chr2R_22310630-22311004	chr2R:22301850-22302125	chr2R:22310630-22311004	name	61	82	94	139	42	101	0.415842	0.672119	0.688525	0.0	0.506438	0.4103	1.0	neither	yes	yes	0.3352272727272727	0.3125
FBgn0020257_Spearman	/Users/jillianness/Desktop/SEbirthanalysis1024/new_LASTZ_analysis/enhancer_extraction/enhancer_pairs/FBgn0020257_Spearman/chr2R_22309744-22310226__chr2R_22312131-22312433	chr2R:22309744-22310226	chr2R:22312131-22312433	name	81	39	152	85	29	91	0.318681	0.618437	0.74359	0.0	0.43038	0.363726	1.0	neither	yes	yes	0.2578947368421053	0.23529411764705882
FBgn0020257_Spearman	/Users/jillianness/Desktop/SEbirthanalysis1024/new_LASTZ_analysis/enhancer_extraction/enhancer_pairs/FBgn0020257_Spearman/chr2R_22301850-22302125__chr2R_22312131-22312433	chr2R:22301850-22302125	chr2R:22312131-22312433	name	61	39	94	85	17	83	0.204819	0.264867	0.435897	0.0	0.27933	0.203216	1.0	enhancer_hit	yes	yes	0.16025641025641027	0.08333333333333333
FBgn0020257_Spearman	/Users/jillianness/Desktop/SEbirthanalysis1024/new_LASTZ_analysis/enhancer_extraction/enhancer_pairs/FBgn0020257_Spearman/chr2R_22309744-22310226__chr2R_22310630-22311004	chr2R:22309744-22310226	chr2R:22310630-22311004	name	81	82	152	139	50	113	0.442478	0.546304	0.617284	0.0	0.501718	0.381548	1.0	neither	yes	yes	0.31981981981981983	0.38095238095238093
FBgn0035404_sm	/Users/jillianness/Desktop/SEbirthanalysis1024/new_LASTZ_analysis/enhancer_extraction/enhancer_pairs/FBgn0035404_sm/chr3L_3132600-3133003__chr3L_3148881-3149344	chr3L:3132600-3133003	chr3L:3148881-3149344	name	32	102	62	186	17	117	0.145299	0.571436	0.53125	0.0	0.241935	0.210404	1.0	neither	yes	yes	0.1210762331838565	0.13636363636363635
FBgn0025632_vm	/Users/jillianness/Desktop/SEbirthanalysis1024/new_LASTZ_analysis/enhancer_extraction/enhancer_pairs/FBgn0025632_vm/chrX_2012689-2013147__chrX_2014352-2014702	chrX:2012689-2013147	chrX:2014352-2014702	name	40	38	88	73	23	55	0.418182	0.360975	0.605263	0.0	0.372671	0.299312	1.0	neither	yes	yes	0.23484848484848486	0.2608695652173913
FBgn0004009_Spearman	/Users/jillianness/Desktop/SEbirthanalysis1024/new_LASTZ_analysis/enhancer_extraction/enhancer_pairs/FBgn0004009_Spearman/chr2L_7310393-7310593__chr2L_7312164-7312502	chr2L:7310393-7310593	chr2L:7312164-7312502	name	39	43	61	85	17	65	0.261538	0.398078	0.435897	0.0	0.328767	0.25937	1.0	enhancer_hit	yes	yes	0.1935483870967742	0.2222222222222222
FBgn0004009_Spearman	/Users/jillianness/Desktop/SEbirthanalysis1024/new_LASTZ_analysis/enhancer_extraction/enhancer_pairs/FBgn0004009_Spearman/chr2L_7300056-7300353__chr2L_7310393-7310593	chr2L:7300056-7300353	chr2L:7310393-7310593	name	59	39	97	61	19	79	0.240506	0.278061	0.487179	0.0	0.253165	0.205689	1.0	neither	yes	yes	0.1347517730496454	0.14285714285714285
FBgn0004009_Spearman	/Users/jillianness/Desktop/SEbirthanalysis1024/new_LASTZ_analysis/enhancer_extraction/enhancer_pairs/FBgn0004009_Spearman/chr2L_7300056-7300353__chr2L_7312164-7312502	chr2L:7300056-7300353	chr2L:7312164-7312502	name	59	43	97	85	29	73	0.39726	0.422923	0.674419	0.0	0.384615	0.34522	1.0	neither	yes	yes	0.2348993288590604	0.3157894736842105
FBgn0035626_sm	/Users/jillianness/Desktop/SEbirthanalysis1024/new_LASTZ_analysis/enhancer_extraction/enhancer_pairs/FBgn0035626_sm/chr3L_5635219-5635576__chr3L_5635883-5636083	chr3L:5635219-5635576	chr3L:5635883-5636083	name	88	30	157	33	15	103	0.145631	0.27735	0.5	0.0	0.157895	0.156567	1.0	neither	yes	yes	0.09090909090909091	0.14285714285714285
FBgn0016930_Spearman	/Users/jillianness/Desktop/SEbirthanalysis1024/new_LASTZ_analysis/enhancer_extraction/enhancer_pairs/FBgn0016930_Spearman/chr2L_14261983-14262284__chr2L_14265078-14265431	chr2L:14261983-14262284	chr2L:14265078-14265431	name	42	72	77	109	23	91	0.252747	0.483744	0.547619	0.0	0.365591	0.267579	1.0	neither	yes	yes	0.20512820512820512	0.11538461538461539
FBgn0261565_vm_sm	/Users/jillianness/Desktop/SEbirthanalysis1024/new_LASTZ_analysis/enhancer_extraction/enhancer_pairs/FBgn0261565_vm_sm/chr3L_16826033-16826304__chr3L_16883239-16883440	chr3L:16826033-16826304	chr3L:16883239-16883440	name	102	27	246	37	19	110	0.172727	0.321959	0.703704	0.0	0.162544	0.198186	1.0	neither	yes	yes	0.08778625954198473	0.10526315789473684
FBgn0032724_Spearman	/Users/jillianness/Desktop/SEbirthanalysis1024/new_LASTZ_analysis/enhancer_extraction/enhancer_pairs/FBgn0032724_Spearman/chr2L_18926370-18926570__chr2L_18972587-18973068	chr2L:18926370-18926570	chr2L:18972587-18973068	name	79	45	93	73	16	108	0.148148	0.295124	0.355556	0.0	0.228916	0.159737	1.0	neither	yes	yes	0.11258278145695365	0.14285714285714285
tup	/Users/jillianness/Desktop/SEbirthanalysis1024/new_LASTZ_analysis/enhancer_extraction/enhancer_pairs/tup/chr2L_18874978-18876337__chr2L_18894563-18895695	chr2L:18874978-18876337	chr2L:18894563-18895695	name	136	128	613	381	121	143	0.846154	0.746051	0.945312	0.0	0.647887	0.662894	1.0	neither	yes	yes	0.47337278106508873	0.35714285714285715
tup	/Users/jillianness/Desktop/SEbirthanalysis1024/new_LASTZ_analysis/enhancer_extraction/enhancer_pairs/tup/chr2L_18874978-18876337__chr2L_18894031-18894287	chr2L:18874978-18876337	chr2L:18894031-18894287	name	136	51	613	68	48	139	0.345324	0.540056	0.941176	0.0	0.185022	0.352418	1.0	neither	yes	yes	0.10161290322580645	0.12
tup	/Users/jillianness/Desktop/SEbirthanalysis1024/new_LASTZ_analysis/enhancer_extraction/enhancer_pairs/tup/chr2L_18874978-18876337__chr2L_18893905-18894024	chr2L:18874978-18876337	chr2L:18893905-18894024	name	136	15	613	19	13	138	0.094203	0.345225	0.866667	0.0	0.053797	0.1817	1.0	neither	yes	yes	0.02922077922077922	0.04
tup	/Users/jillianness/Desktop/SEbirthanalysis1024/new_LASTZ_analysis/enhancer_extraction/enhancer_pairs/tup/chr2L_18893905-18894024__chr2L_18894031-18894287	chr2L:18893905-18894024	chr2L:18894031-18894287	name	15	51	19	68	6	60	0.1	0.189123	0.4	0.0	0.16092	0.118278	1.0	neither	yes	yes	0.09876543209876543	0.2
tup	/Users/jillianness/Desktop/SEbirthanalysis1024/new_LASTZ_analysis/enhancer_extraction/enhancer_pairs/tup/chr2L_18874725-18874929__chr2L_18894031-18894287	chr2L:18874725-18874929	chr2L:18894031-18894287	name	59	51	69	68	19	91	0.208791	0.275231	0.372549	0.0	0.291971	0.183239	1.0	neither	yes	yes	0.16806722689075632	0.3333333333333333
tup	/Users/jillianness/Desktop/SEbirthanalysis1024/new_LASTZ_analysis/enhancer_extraction/enhancer_pairs/tup/chr2L_18874725-18874929__chr2L_18874978-18876337	chr2L:18874725-18874929	chr2L:18874978-18876337	name	59	136	69	613	54	141	0.382979	0.492721	0.915254	0.0	0.181818	0.348681	1.0	neither	yes	yes	0.10144927536231885	0.09333333333333334
tup	/Users/jillianness/Desktop/SEbirthanalysis1024/new_LASTZ_analysis/enhancer_extraction/enhancer_pairs/tup/chr2L_18893905-18894024__chr2L_18894563-18895695	chr2L:18893905-18894024	chr2L:18894563-18895695	name	15	128	19	381	15	128	0.117188	0.436401	1.0	0.0	0.095	0.237302	1.0	neither	yes	yes	0.05235602094240838	0.07692307692307693
tup	/Users/jillianness/Desktop/SEbirthanalysis1024/new_LASTZ_analysis/enhancer_extraction/enhancer_pairs/tup/chr2L_18874725-18874929__chr2L_18894563-18895695	chr2L:18874725-18874929	chr2L:18894563-18895695	name	59	128	69	381	53	134	0.395522	0.470004	0.898305	0.0	0.266667	0.349258	1.0	neither	yes	yes	0.15601023017902813	0.1794871794871795
tup	/Users/jillianness/Desktop/SEbirthanalysis1024/new_LASTZ_analysis/enhancer_extraction/enhancer_pairs/tup/chr2L_18894031-18894287__chr2L_18894563-18895695	chr2L:18894031-18894287	chr2L:18894563-18895695	name	51	128	68	381	41	138	0.297101	0.40374	0.803922	0.0	0.240535	0.285319	1.0	neither	yes	yes	0.13602015113350127	0.23076923076923078
tup	/Users/jillianness/Desktop/SEbirthanalysis1024/new_LASTZ_analysis/enhancer_extraction/enhancer_pairs/tup/chr2L_18874725-18874929__chr2L_18893905-18894024	chr2L:18874725-18874929	chr2L:18893905-18894024	name	59	15	69	19	8	66	0.121212	0.200731	0.533333	0.0	0.181818	0.13548	1.0	neither	yes	yes	0.1111111111111111	0.25
FBgn0028369_Spearman	/Users/jillianness/Desktop/SEbirthanalysis1024/new_LASTZ_analysis/enhancer_extraction/enhancer_pairs/FBgn0028369_Spearman/chrX_3103691-3103945__chrX_3123638-3124075	chrX:3103691-3103945	chrX:3123638-3124075	name	89	115	195	234	82	122	0.672131	0.714801	0.921348	0.0	0.657343	0.562554	1.0	neither	yes	yes	0.48109965635738833	0.42857142857142855
FBgn0028369_Spearman	/Users/jillianness/Desktop/SEbirthanalysis1024/new_LASTZ_analysis/enhancer_extraction/enhancer_pairs/FBgn0028369_Spearman/chrX_3102934-3103204__chrX_3104146-3104671	chrX:3102934-3103204	chrX:3104146-3104671	name	82	55	130	184	29	108	0.268519	0.506507	0.527273	0.0	0.267516	0.257366	1.0	neither	yes	yes	0.1575091575091575	0.13333333333333333
FBgn0028369_Spearman	/Users/jillianness/Desktop/SEbirthanalysis1024/new_LASTZ_analysis/enhancer_extraction/enhancer_pairs/FBgn0028369_Spearman/chrX_3102934-3103204__chrX_3124946-3125240	chrX:3102934-3103204	chrX:3124946-3125240	name	82	60	130	121	31	111	0.279279	0.571954	0.516667	0.0	0.374502	0.291279	1.0	neither	yes	yes	0.22815533980582525	0.25
FBgn0028369_Spearman	/Users/jillianness/Desktop/SEbirthanalysis1024/new_LASTZ_analysis/enhancer_extraction/enhancer_pairs/FBgn0028369_Spearman/chrX_3102934-3103204__chrX_3123638-3124075	chrX:3102934-3103204	chrX:3123638-3124075	name	82	115	130	234	75	122	0.614754	0.568601	0.914634	0.0	0.527473	0.472643	1.0	neither	yes	yes	0.35555555555555557	0.3157894736842105
FBgn0028369_Spearman	/Users/jillianness/Desktop/SEbirthanalysis1024/new_LASTZ_analysis/enhancer_extraction/enhancer_pairs/FBgn0028369_Spearman/chrX_3103691-3103945__chrX_3104146-3104671	chrX:3103691-3103945	chrX:3104146-3104671	name	89	55	195	184	22	122	0.180328	0.419748	0.4	0.0	0.195251	0.189473	1.0	neither	yes	yes	0.11403508771929824	0.047619047619047616
FBgn0028369_Spearman	/Users/jillianness/Desktop/SEbirthanalysis1024/new_LASTZ_analysis/enhancer_extraction/enhancer_pairs/FBgn0028369_Spearman/chrX_3103691-3103945__chrX_3124946-3125240	chrX:3103691-3103945	chrX:3124946-3125240	name	89	60	195	121	34	115	0.295652	0.51268	0.566667	0.0	0.329114	0.280246	1.0	neither	yes	yes	0.19548872180451127	0.05263157894736842
FBgn0028369_Spearman	/Users/jillianness/Desktop/SEbirthanalysis1024/new_LASTZ_analysis/enhancer_extraction/enhancer_pairs/FBgn0028369_Spearman/chrX_3100007-3100398__chrX_3103691-3103945	chrX:3100007-3100398	chrX:3103691-3103945	name	59	89	159	195	34	114	0.298246	0.511253	0.576271	0.0	0.338983	0.288551	1.0	neither	yes	yes	0.20270270270270271	0.2857142857142857
FBgn0028369_Spearman	/Users/jillianness/Desktop/SEbirthanalysis1024/new_LASTZ_analysis/enhancer_extraction/enhancer_pairs/FBgn0028369_Spearman/chrX_3100007-3100398__chrX_3102934-3103204	chrX:3100007-3100398	chrX:3102934-3103204	name	59	82	159	130	36	105	0.342857	0.587658	0.610169	0.0	0.394464	0.356619	1.0	neither	yes	yes	0.2330508474576271	0.15789473684210525
FBgn0028369_Spearman	/Users/jillianness/Desktop/SEbirthanalysis1024/new_LASTZ_analysis/enhancer_extraction/enhancer_pairs/FBgn0028369_Spearman/chrX_3104146-3104671__chrX_3124946-3125240	chrX:3104146-3104671	chrX:3124946-3125240	name	55	60	184	121	30	85	0.352941	0.827068	0.545455	0.0	0.445902	0.398283	1.0	neither	yes	yes	0.2791666666666667	0.14285714285714285
FBgn0028369_Spearman	/Users/jillianness/Desktop/SEbirthanalysis1024/new_LASTZ_analysis/enhancer_extraction/enhancer_pairs/FBgn0028369_Spearman/chrX_3100007-3100398__chrX_3123638-3124075	chrX:3100007-3100398	chrX:3123638-3124075	name	59	115	159	234	46	128	0.359375	0.293929	0.779661	0.0	0.361323	0.307326	1.0	neither	yes	yes	0.2153846153846154	0.4090909090909091
FBgn0028369_Spearman	/Users/jillianness/Desktop/SEbirthanalysis1024/new_LASTZ_analysis/enhancer_extraction/enhancer_pairs/FBgn0028369_Spearman/chrX_3102934-3103204__chrX_3103691-3103945	chrX:3102934-3103204	chrX:3103691-3103945	name	82	89	130	195	63	108	0.583333	0.665874	0.768293	0.0	0.547692	0.46734	1.0	enhancer_hit	yes	yes	0.345679012345679	0.16666666666666666
FBgn0028369_Spearman	/Users/jillianness/Desktop/SEbirthanalysis1024/new_LASTZ_analysis/enhancer_extraction/enhancer_pairs/FBgn0028369_Spearman/chrX_3123638-3124075__chrX_3124946-3125240	chrX:3123638-3124075	chrX:3124946-3125240	name	115	60	234	121	46	129	0.356589	0.357402	0.766667	0.0	0.366197	0.32652	1.0	neither	yes	yes	0.2268041237113402	0.14285714285714285
FBgn0028369_Spearman	/Users/jillianness/Desktop/SEbirthanalysis1024/new_LASTZ_analysis/enhancer_extraction/enhancer_pairs/FBgn0028369_Spearman/chrX_3104146-3104671__chrX_3123638-3124075	chrX:3104146-3104671	chrX:3123638-3124075	name	55	115	184	234	41	129	0.317829	0.229412	0.745455	0.0	0.263158	0.243089	1.0	neither	yes	yes	0.1444141689373297	0.13043478260869565
FBgn0028369_Spearman	/Users/jillianness/Desktop/SEbirthanalysis1024/new_LASTZ_analysis/enhancer_extraction/enhancer_pairs/FBgn0028369_Spearman/chrX_3100007-3100398__chrX_3124946-3125240	chrX:3100007-3100398	chrX:3124946-3125240	name	59	60	159	121	30	89	0.337079	0.907509	0.508475	0.0	0.521429	0.426805	1.0	neither	yes	yes	0.323943661971831	0.10526315789473684
FBgn0028369_Spearman	/Users/jillianness/Desktop/SEbirthanalysis1024/new_LASTZ_analysis/enhancer_extraction/enhancer_pairs/FBgn0028369_Spearman/chrX_3100007-3100398__chrX_3104146-3104671	chrX:3100007-3100398	chrX:3104146-3104671	name	59	55	159	184	33	81	0.407407	0.857645	0.6	0.0	0.571429	0.452895	1.0	enhancer_hit	yes	yes	0.3745019920318725	0.09523809523809523
FBgn0028369_Spearman	/Users/jillianness/Desktop/SEbirthanalysis1024/new_LASTZ_analysis/enhancer_extraction/enhancer_pairs/FBgn0028369_Spearman/chrX_3103482-3103682__chrX_3123638-3124075	chrX:3103482-3103682	chrX:3123638-3124075	name	28	115	53	234	22	121	0.181818	0.304966	0.785714	0.0	0.216028	0.219603	1.0	neither	yes	yes	0.11583011583011583	0.1
FBgn0028369_Spearman	/Users/jillianness/Desktop/SEbirthanalysis1024/new_LASTZ_analysis/enhancer_extraction/enhancer_pairs/FBgn0028369_Spearman/chrX_3100007-3100398__chrX_3103482-3103682	chrX:3100007-3100398	chrX:3103482-3103682	name	59	28	159	53	19	68	0.279412	0.844193	0.678571	0.0	0.386792	0.429965	1.0	enhancer_hit	yes	yes	0.2159090909090909	0.26666666666666666
FBgn0028369_Spearman	/Users/jillianness/Desktop/SEbirthanalysis1024/new_LASTZ_analysis/enhancer_extraction/enhancer_pairs/FBgn0028369_Spearman/chrX_3103482-3103682__chrX_3104146-3104671	chrX:3103482-3103682	chrX:3104146-3104671	name	28	55	53	184	18	65	0.276923	0.797093	0.642857	0.0	0.329114	0.40973	1.0	neither	yes	yes	0.17733990147783252	0.16666666666666666
FBgn0028369_Spearman	/Users/jillianness/Desktop/SEbirthanalysis1024/new_LASTZ_analysis/enhancer_extraction/enhancer_pairs/FBgn0028369_Spearman/chrX_3103482-3103682__chrX_3124946-3125240	chrX:3103482-3103682	chrX:3124946-3125240	name	28	60	53	121	15	73	0.205479	0.732599	0.535714	0.0	0.310345	0.280956	1.0	neither	yes	yes	0.17333333333333334	0.2
FBgn0028369_Spearman	/Users/jillianness/Desktop/SEbirthanalysis1024/new_LASTZ_analysis/enhancer_extraction/enhancer_pairs/FBgn0028369_Spearman/chrX_3102934-3103204__chrX_3103482-3103682	chrX:3102934-3103204	chrX:3103482-3103682	name	82	28	130	53	14	96	0.145833	0.558305	0.5	0.0	0.31694	0.21834	1.0	neither	yes	yes	0.15625	0.18181818181818182
FBgn0028369_Spearman	/Users/jillianness/Desktop/SEbirthanalysis1024/new_LASTZ_analysis/enhancer_extraction/enhancer_pairs/FBgn0028369_Spearman/chrX_3103482-3103682__chrX_3103691-3103945	chrX:3103482-3103682	chrX:3103691-3103945	name	28	89	53	195	17	100	0.17	0.477703	0.607143	0.0	0.274194	0.211151	1.0	neither	yes	yes	0.13636363636363635	0.2857142857142857
FBgn0005630_meso	/Users/jillianness/Desktop/SEbirthanalysis1024/new_LASTZ_analysis/enhancer_extraction/enhancer_pairs/FBgn0005630_meso/chr2R_10160478-10160690__chr2R_10206031-10206422	chr2R:10160478-10160690	chr2R:10206031-10206422	name	71	104	102	368	59	116	0.508621	0.636783	0.830986	0.0	0.340426	0.442996	1.0	enhancer_hit	yes	yes	0.2071611253196931	0.30434782608695654
FBgn0026261_vm	/Users/jillianness/Desktop/SEbirthanalysis1024/new_LASTZ_analysis/enhancer_extraction/enhancer_pairs/FBgn0026261_vm/chr2R_22263977-22264346__chr2R_22264962-22265213	chr2R:22263977-22264346	chr2R:22264962-22265213	name	47	48	79	71	20	75	0.266667	0.504771	0.425532	0.0	0.386667	0.259704	1.0	neither	yes	yes	0.20634920634920634	0.2857142857142857
FBgn0005536_vm_sm	/Users/jillianness/Desktop/SEbirthanalysis1024/new_LASTZ_analysis/enhancer_extraction/enhancer_pairs/FBgn0005536_vm_sm/chr3L_16045010-16045232__chr3L_16046788-16047125	chr3L:16045010-16045232	chr3L:16046788-16047125	name	34	60	43	98	20	74	0.27027	0.415374	0.588235	0.0	0.340426	0.270475	1.0	neither	yes	yes	0.18181818181818182	0.0
FBgn0005536_vm_sm	/Users/jillianness/Desktop/SEbirthanalysis1024/new_LASTZ_analysis/enhancer_extraction/enhancer_pairs/FBgn0005536_vm_sm/chr3L_16018683-16019261__chr3L_16046788-16047125	chr3L:16018683-16019261	chr3L:16046788-16047125	name	115	60	216	98	49	126	0.388889	0.515272	0.816667	0.0	0.407643	0.354551	1.0	neither	yes	yes	0.2440944881889764	0.07142857142857142
FBgn0005536_vm_sm	/Users/jillianness/Desktop/SEbirthanalysis1024/new_LASTZ_analysis/enhancer_extraction/enhancer_pairs/FBgn0005536_vm_sm/chr3L_16018683-16019261__chr3L_16045010-16045232	chr3L:16018683-16019261	chr3L:16045010-16045232	name	115	34	216	43	31	118	0.262712	0.473599	0.911765	0.0	0.285714	0.296641	1.0	neither	yes	yes	0.15486725663716813	0.14285714285714285
FBgn0027111_sm	/Users/jillianness/Desktop/SEbirthanalysis1024/new_LASTZ_analysis/enhancer_extraction/enhancer_pairs/FBgn0027111_sm/chr3L_254348-254880__chr3L_266056-266335	chr3L:254348-254880	chr3L:266056-266335	name	118	32	320	38	23	127	0.181102	0.313419	0.71875	0.0	0.150838	0.18653	1.0	neither	yes	yes	0.07784431137724551	0.0
FBgn0027111_sm	/Users/jillianness/Desktop/SEbirthanalysis1024/new_LASTZ_analysis/enhancer_extraction/enhancer_pairs/FBgn0027111_sm/chr3L_254348-254880__chr3L_278816-279016	chr3L:254348-254880	chr3L:278816-279016	name	118	23	320	35	15	126	0.119048	0.124586	0.652174	0.0	0.084507	0.107578	1.0	neither	yes	yes	0.043859649122807015	0.08695652173913043
FBgn0027111_sm	/Users/jillianness/Desktop/SEbirthanalysis1024/new_LASTZ_analysis/enhancer_extraction/enhancer_pairs/FBgn0027111_sm/chr3L_266056-266335__chr3L_278816-279016	chr3L:266056-266335	chr3L:278816-279016	name	32	23	38	35	7	48	0.145833	0.251754	0.304348	0.0	0.191781	0.149208	1.0	neither	yes	yes	0.08695652173913043	0.0
FBgn0027356_sm	/Users/jillianness/Desktop/SEbirthanalysis1024/new_LASTZ_analysis/enhancer_extraction/enhancer_pairs/FBgn0027356_sm/chr2R_12215684-12216005__chr2R_12224142-12224342	chr2R:12215684-12216005	chr2R:12224142-12224342	name	42	75	71	314	14	103	0.135922	0.123348	0.333333	0.0	0.098701	0.086421	1.0	neither	yes	yes	0.0431266846361186	0.08333333333333333
FBgn0037561_Spearman	/Users/jillianness/Desktop/SEbirthanalysis1024/new_LASTZ_analysis/enhancer_extraction/enhancer_pairs/FBgn0037561_Spearman/chr3R_8275099-8275299__chr3R_8285979-8286212	chr3R:8275099-8275299	chr3R:8285979-8286212	name	25	29	33	49	9	45	0.2	0.268278	0.36	0.0	0.243902	0.184278	1.0	neither	yes	yes	0.13513513513513514	0.25
FBgn0011638_Spearman	/Users/jillianness/Desktop/SEbirthanalysis1024/new_LASTZ_analysis/enhancer_extraction/enhancer_pairs/FBgn0011638_Spearman/chr2L_20298155-20298629__chr2L_20304372-20304698	chr2L:20298155-20298629	chr2L:20304372-20304698	name	88	82	157	132	45	125	0.36	0.545038	0.54878	0.0	0.429066	0.319299	1.0	neither	yes	yes	0.23829787234042554	0.18181818181818182
FBgn0036133_sm	/Users/jillianness/Desktop/SEbirthanalysis1024/new_LASTZ_analysis/enhancer_extraction/enhancer_pairs/FBgn0036133_sm/chr3L_11100667-11101152__chr3L_11105575-11105775	chr3L:11100667-11101152	chr3L:11105575-11105775	name	96	31	144	45	15	112	0.133929	0.237965	0.483871	0.0	0.179894	0.150055	1.0	neither	yes	yes	0.09770114942528736	0.05555555555555555
FBgn0036133_sm	/Users/jillianness/Desktop/SEbirthanalysis1024/new_LASTZ_analysis/enhancer_extraction/enhancer_pairs/FBgn0036133_sm/chr3L_11090638-11090925__chr3L_11105575-11105775	chr3L:11090638-11090925	chr3L:11105575-11105775	name	63	31	90	45	7	87	0.08046	0.103548	0.225806	0.0	0.103704	0.07319	1.0	neither	yes	yes	0.03787878787878788	0.0
FBgn0036133_sm	/Users/jillianness/Desktop/SEbirthanalysis1024/new_LASTZ_analysis/enhancer_extraction/enhancer_pairs/FBgn0036133_sm/chr3L_11099385-11099783__chr3L_11100667-11101152	chr3L:11099385-11099783	chr3L:11100667-11101152	name	57	96	86	144	41	112	0.366071	0.50704	0.719298	0.0	0.417391	0.338127	1.0	neither	yes	yes	0.25405405405405407	0.3125
FBgn0036133_sm	/Users/jillianness/Desktop/SEbirthanalysis1024/new_LASTZ_analysis/enhancer_extraction/enhancer_pairs/FBgn0036133_sm/chr3L_11090638-11090925__chr3L_11100667-11101152	chr3L:11090638-11090925	chr3L:11100667-11101152	name	63	96	90	144	42	117	0.358974	0.417977	0.666667	0.0	0.401709	0.296481	1.0	neither	yes	yes	0.24867724867724866	0.17647058823529413
FBgn0036133_sm	/Users/jillianness/Desktop/SEbirthanalysis1024/new_LASTZ_analysis/enhancer_extraction/enhancer_pairs/FBgn0036133_sm/chr3L_11099385-11099783__chr3L_11105575-11105775	chr3L:11099385-11099783	chr3L:11105575-11105775	name	57	31	86	45	14	74	0.189189	0.257449	0.451613	0.0	0.244275	0.191039	1.0	neither	yes	yes	0.13675213675213677	0.1111111111111111
FBgn0036133_sm	/Users/jillianness/Desktop/SEbirthanalysis1024/new_LASTZ_analysis/enhancer_extraction/enhancer_pairs/FBgn0036133_sm/chr3L_11090638-11090925__chr3L_11099385-11099783	chr3L:11090638-11090925	chr3L:11099385-11099783	name	63	57	90	86	18	102	0.176471	0.339895	0.315789	0.0	0.25	0.182589	1.0	neither	yes	yes	0.1337579617834395	0.375
FBgn0005630_Spearman	/Users/jillianness/Desktop/SEbirthanalysis1024/new_LASTZ_analysis/enhancer_extraction/enhancer_pairs/FBgn0005630_Spearman/chr2R_10166703-10167099__chr2R_10169607-10169832	chr2R:10166703-10167099	chr2R:10169607-10169832	name	55	27	97	48	16	66	0.242424	0.319977	0.592593	0.0	0.303448	0.219057	1.0	neither	yes	yes	0.15748031496062992	0.21428571428571427
FBgn0000228_sm	/Users/jillianness/Desktop/SEbirthanalysis1024/new_LASTZ_analysis/enhancer_extraction/enhancer_pairs/FBgn0000228_sm/chr2L_5245229-5245858__chr2L_5247934-5248134	chr2L:5245229-5245858	chr2L:5247934-5248134	name	111	24	219	46	19	116	0.163793	0.445755	0.791667	0.0	0.256604	0.232154	1.0	neither	yes	yes	0.12184873949579832	0.18181818181818182
FBgn0000228_sm	/Users/jillianness/Desktop/SEbirthanalysis1024/new_LASTZ_analysis/enhancer_extraction/enhancer_pairs/FBgn0000228_sm/chr2L_5247934-5248134__chr2L_5261720-5261920	chr2L:5247934-5248134	chr2L:5261720-5261920	name	24	46	46	58	6	64	0.09375	0.332877	0.25	0.0	0.192308	0.139182	1.0	neither	yes	yes	0.09278350515463918	0.0
FBgn0000228_sm	/Users/jillianness/Desktop/SEbirthanalysis1024/new_LASTZ_analysis/enhancer_extraction/enhancer_pairs/FBgn0000228_sm/chr2L_5245229-5245858__chr2L_5261720-5261920	chr2L:5245229-5245858	chr2L:5261720-5261920	name	111	46	219	58	42	115	0.365217	0.4611	0.913043	0.0	0.353791	0.324562	1.0	neither	yes	yes	0.2077922077922078	0.09523809523809523
FBgn0038252_sm	/Users/jillianness/Desktop/SEbirthanalysis1024/new_LASTZ_analysis/enhancer_extraction/enhancer_pairs/FBgn0038252_sm/chr3R_14713950-14714458__chr3R_14717274-14717609	chr3R:14713950-14714458	chr3R:14717274-14717609	name	55	88	130	200	30	113	0.265487	0.473351	0.545455	0.0	0.315152	0.26626	1.0	neither	yes	yes	0.1773049645390071	0.29411764705882354
FBgn0038252_sm	/Users/jillianness/Desktop/SEbirthanalysis1024/new_LASTZ_analysis/enhancer_extraction/enhancer_pairs/FBgn0038252_sm/chr3R_14675887-14676292__chr3R_14717274-14717609	chr3R:14675887-14676292	chr3R:14717274-14717609	name	89	88	152	200	60	117	0.512821	0.426294	0.681818	0.0	0.431818	0.360627	1.0	neither	yes	yes	0.26881720430107525	0.08
FBgn0038252_sm	/Users/jillianness/Desktop/SEbirthanalysis1024/new_LASTZ_analysis/enhancer_extraction/enhancer_pairs/FBgn0038252_sm/chr3R_14675887-14676292__chr3R_14713950-14714458	chr3R:14675887-14676292	chr3R:14713950-14714458	name	89	55	152	130	29	115	0.252174	0.338041	0.527273	0.0	0.29078	0.233804	1.0	neither	yes	yes	0.16393442622950818	0.23529411764705882
FBgn0005771_Spearman	/Users/jillianness/Desktop/SEbirthanalysis1024/new_LASTZ_analysis/enhancer_extraction/enhancer_pairs/FBgn0005771_Spearman/chr2L_14517261-14517665__chr2L_14540200-14540420	chr2L:14517261-14517665	chr2L:14540200-14540420	name	77	84	124	155	53	108	0.490741	0.405736	0.688312	0.0	0.422939	0.341087	1.0	neither	yes	yes	0.26576576576576577	0.30434782608695654
FBgn0005771_Spearman	/Users/jillianness/Desktop/SEbirthanalysis1024/new_LASTZ_analysis/enhancer_extraction/enhancer_pairs/FBgn0005771_Spearman/chr2L_14497639-14498275__chr2L_14517261-14517665	chr2L:14497639-14498275	chr2L:14517261-14517665	name	77	77	173	124	42	112	0.375	0.582037	0.545455	0.0	0.464646	0.373146	1.0	neither	yes	yes	0.2943722943722944	0.4
FBgn0005771_Spearman	/Users/jillianness/Desktop/SEbirthanalysis1024/new_LASTZ_analysis/enhancer_extraction/enhancer_pairs/FBgn0005771_Spearman/chr2L_14481618-14482010__chr2L_14517261-14517665	chr2L:14481618-14482010	chr2L:14517261-14517665	name	97	77	180	124	41	133	0.308271	0.342039	0.532468	0.0	0.328947	0.250536	1.0	neither	yes	yes	0.19066147859922178	0.2631578947368421
FBgn0005771_Spearman	/Users/jillianness/Desktop/SEbirthanalysis1024/new_LASTZ_analysis/enhancer_extraction/enhancer_pairs/FBgn0005771_Spearman/chr2L_14481618-14482010__chr2L_14497639-14498275	chr2L:14481618-14482010	chr2L:14497639-14498275	name	97	77	180	173	48	126	0.380952	0.661121	0.623377	0.0	0.470255	0.367238	1.0	neither	yes	yes	0.286231884057971	0.2
FBgn0005771_Spearman	/Users/jillianness/Desktop/SEbirthanalysis1024/new_LASTZ_analysis/enhancer_extraction/enhancer_pairs/FBgn0005771_Spearman/chr2L_14497639-14498275__chr2L_14540200-14540420	chr2L:14497639-14498275	chr2L:14540200-14540420	name	77	84	173	155	35	126	0.277778	0.350629	0.454545	0.0	0.286585	0.229847	1.0	neither	yes	yes	0.16607773851590105	0.3333333333333333
FBgn0005771_Spearman	/Users/jillianness/Desktop/SEbirthanalysis1024/new_LASTZ_analysis/enhancer_extraction/enhancer_pairs/FBgn0005771_Spearman/chr2L_14481618-14482010__chr2L_14540200-14540420	chr2L:14481618-14482010	chr2L:14540200-14540420	name	97	84	180	155	57	124	0.459677	0.559545	0.678571	0.0	0.465672	0.38839	1.0	neither	yes	yes	0.29118773946360155	0.391304347826087
FBgn0029885_vm	/Users/jillianness/Desktop/SEbirthanalysis1024/new_LASTZ_analysis/enhancer_extraction/enhancer_pairs/FBgn0029885_vm/chrX_6565029-6565230__chrX_6572042-6572321	chrX:6565029-6565230	chrX:6572042-6572321	name	46	49	70	78	12	83	0.144578	0.263324	0.26087	0.0	0.202703	0.145752	1.0	neither	yes	yes	0.10294117647058823	0.0
FBgn0003731_meso	/Users/jillianness/Desktop/SEbirthanalysis1024/new_LASTZ_analysis/enhancer_extraction/enhancer_pairs/FBgn0003731_meso/chr2R_21145088-21145606__chr2R_21165406-21165606	chr2R:21145088-21145606	chr2R:21165406-21165606	name	57	31	113	63	18	70	0.257143	0.356155	0.580645	0.0	0.306818	0.273852	1.0	neither	yes	yes	0.17105263157894737	0.15
FBgn0033426_vm_sm	/Users/jillianness/Desktop/SEbirthanalysis1024/new_LASTZ_analysis/enhancer_extraction/enhancer_pairs/FBgn0033426_vm_sm/chr2R_9176883-9177262__chr2R_9189407-9189607	chr2R:9176883-9177262	chr2R:9189407-9189607	name	106	79	225	101	64	121	0.528926	0.671869	0.810127	0.0	0.503067	0.478226	1.0	neither	yes	yes	0.33877551020408164	0.23809523809523808
FBgn0033426_vm_sm	/Users/jillianness/Desktop/SEbirthanalysis1024/new_LASTZ_analysis/enhancer_extraction/enhancer_pairs/FBgn0033426_vm_sm/chr2R_9168156-9168363__chr2R_9189407-9189607	chr2R:9168156-9168363	chr2R:9189407-9189607	name	24	79	36	101	9	94	0.095745	0.100066	0.375	0.0	0.131387	0.084247	1.0	neither	yes	yes	0.06923076923076923	0.0
FBgn0033426_vm_sm	/Users/jillianness/Desktop/SEbirthanalysis1024/new_LASTZ_analysis/enhancer_extraction/enhancer_pairs/FBgn0033426_vm_sm/chr2R_9178347-9178768__chr2R_9189407-9189607	chr2R:9178347-9178768	chr2R:9189407-9189607	name	45	79	91	101	18	106	0.169811	0.244186	0.4	0.0	0.197917	0.154487	1.0	neither	yes	yes	0.11494252873563218	0.15
FBgn0033426_vm_sm	/Users/jillianness/Desktop/SEbirthanalysis1024/new_LASTZ_analysis/enhancer_extraction/enhancer_pairs/FBgn0033426_vm_sm/chr2R_9176883-9177262__chr2R_9178347-9178768	chr2R:9176883-9177262	chr2R:9178347-9178768	name	106	45	225	91	26	125	0.208	0.262761	0.577778	0.0	0.208861	0.179906	1.0	neither	yes	yes	0.11188811188811189	0.25
FBgn0033426_vm_sm	/Users/jillianness/Desktop/SEbirthanalysis1024/new_LASTZ_analysis/enhancer_extraction/enhancer_pairs/FBgn0033426_vm_sm/chr2R_9168156-9168363__chr2R_9178347-9178768	chr2R:9168156-9168363	chr2R:9178347-9178768	name	24	45	36	91	13	56	0.232143	0.375738	0.541667	0.0	0.314961	0.234437	1.0	neither	yes	yes	0.16216216216216217	0.3125
FBgn0033426_vm_sm	/Users/jillianness/Desktop/SEbirthanalysis1024/new_LASTZ_analysis/enhancer_extraction/enhancer_pairs/FBgn0033426_vm_sm/chr2R_9168156-9168363__chr2R_9176883-9177262	chr2R:9168156-9168363	chr2R:9176883-9177262	name	24	106	36	225	10	120	0.083333	0.098588	0.416667	0.0	0.084291	0.080087	1.0	neither	yes	yes	0.03543307086614173	0.043478260869565216
FBgn0020513_Spearman	/Users/jillianness/Desktop/SEbirthanalysis1024/new_LASTZ_analysis/enhancer_extraction/enhancer_pairs/FBgn0020513_Spearman/chrX_12673789-12674154__chrX_12675733-12676468	chrX:12673789-12674154	chrX:12675733-12676468	name	37	121	111	371	31	127	0.244094	0.196785	0.837838	0.0	0.207469	0.198373	1.0	neither	yes	yes	0.10755148741418764	0.2413793103448276
FBgn0002773_vm_sm	/Users/jillianness/Desktop/SEbirthanalysis1024/new_LASTZ_analysis/enhancer_extraction/enhancer_pairs/FBgn0002773_vm_sm/chr3R_30174222-30174422__chr3R_30175122-30175322	chr3R:30174222-30174422	chr3R:30175122-30175322	name	22	31	34	63	7	46	0.152174	0.289613	0.318182	0.0	0.164948	0.156998	1.0	neither	yes	yes	0.08791208791208792	0.125
FBgn0001122_Spearman	/Users/jillianness/Desktop/SEbirthanalysis1024/new_LASTZ_analysis/enhancer_extraction/enhancer_pairs/FBgn0001122_Spearman/chr2R_10109599-10110119__chr2R_10110809-10111161	chr2R:10109599-10110119	chr2R:10110809-10111161	name	106	34	307	46	22	118	0.186441	0.354787	0.647059	0.0	0.15864	0.216557	1.0	neither	yes	yes	0.0856269113149847	0.2727272727272727
FBgn0001122_Spearman	/Users/jillianness/Desktop/SEbirthanalysis1024/new_LASTZ_analysis/enhancer_extraction/enhancer_pairs/FBgn0001122_Spearman/chr2R_10109599-10110119__chr2R_10160478-10160690	chr2R:10109599-10110119	chr2R:10160478-10160690	name	106	71	307	102	61	116	0.525862	0.535583	0.859155	0.0	0.386308	0.419748	1.0	neither	yes	yes	0.23795180722891565	0.23809523809523808
FBgn0001122_Spearman	/Users/jillianness/Desktop/SEbirthanalysis1024/new_LASTZ_analysis/enhancer_extraction/enhancer_pairs/FBgn0001122_Spearman/chr2R_10104067-10104664__chr2R_10110809-10111161	chr2R:10104067-10104664	chr2R:10110809-10111161	name	112	34	272	46	29	117	0.247863	0.420135	0.852941	0.0	0.238994	0.270188	1.0	neither	yes	yes	0.1347517730496454	0.47619047619047616
FBgn0001122_Spearman	/Users/jillianness/Desktop/SEbirthanalysis1024/new_LASTZ_analysis/enhancer_extraction/enhancer_pairs/FBgn0001122_Spearman/chr2R_10104067-10104664__chr2R_10160478-10160690	chr2R:10104067-10104664	chr2R:10160478-10160690	name	112	71	272	102	58	125	0.464	0.511117	0.816901	0.0	0.379679	0.373113	1.0	neither	yes	yes	0.22875816993464052	0.20833333333333334
FBgn0001122_Spearman	/Users/jillianness/Desktop/SEbirthanalysis1024/new_LASTZ_analysis/enhancer_extraction/enhancer_pairs/FBgn0001122_Spearman/chr2R_10098614-10098835__chr2R_10104067-10104664	chr2R:10098614-10098835	chr2R:10104067-10104664	name	25	112	28	272	15	122	0.122951	0.233095	0.6	0.0	0.1	0.145168	1.0	neither	yes	yes	0.04861111111111111	0.05
FBgn0001122_Spearman	/Users/jillianness/Desktop/SEbirthanalysis1024/new_LASTZ_analysis/enhancer_extraction/enhancer_pairs/FBgn0001122_Spearman/chr2R_10099473-10099798__chr2R_10110809-10111161	chr2R:10099473-10099798	chr2R:10110809-10111161	name	91	34	180	46	15	110	0.136364	0.210377	0.441176	0.0	0.150442	0.129334	1.0	neither	yes	yes	0.07547169811320754	0.3181818181818182
FBgn0001122_Spearman	/Users/jillianness/Desktop/SEbirthanalysis1024/new_LASTZ_analysis/enhancer_extraction/enhancer_pairs/FBgn0001122_Spearman/chr2R_10099473-10099798__chr2R_10160478-10160690	chr2R:10099473-10099798	chr2R:10160478-10160690	name	91	71	180	102	53	109	0.486239	0.522244	0.746479	0.0	0.460993	0.397338	1.0	neither	yes	yes	0.2968036529680365	0.22727272727272727
FBgn0001122_Spearman	/Users/jillianness/Desktop/SEbirthanalysis1024/new_LASTZ_analysis/enhancer_extraction/enhancer_pairs/FBgn0001122_Spearman/chr2R_10098614-10098835__chr2R_10109599-10110119	chr2R:10098614-10098835	chr2R:10109599-10110119	name	25	106	28	307	13	118	0.110169	0.263616	0.52	0.0	0.089552	0.145712	1.0	neither	yes	yes	0.043343653250773995	0.0
FBgn0001122_Spearman	/Users/jillianness/Desktop/SEbirthanalysis1024/new_LASTZ_analysis/enhancer_extraction/enhancer_pairs/FBgn0001122_Spearman/chr2R_10098614-10098835__chr2R_10099473-10099798	chr2R:10098614-10098835	chr2R:10099473-10099798	name	25	91	28	180	6	110	0.054545	0.075494	0.24	0.0	0.057692	0.052381	1.0	neither	yes	yes	0.024390243902439025	0.05555555555555555
FBgn0001122_Spearman	/Users/jillianness/Desktop/SEbirthanalysis1024/new_LASTZ_analysis/enhancer_extraction/enhancer_pairs/FBgn0001122_Spearman/chr2R_10098614-10098835__chr2R_10160478-10160690	chr2R:10098614-10098835	chr2R:10160478-10160690	name	25	71	28	102	5	91	0.054945	0.097014	0.2	0.0	0.076923	0.057807	1.0	neither	yes	yes	0.03937007874015748	0.0
FBgn0001122_Spearman	/Users/jillianness/Desktop/SEbirthanalysis1024/new_LASTZ_analysis/enhancer_extraction/enhancer_pairs/FBgn0001122_Spearman/chr2R_10098614-10098835__chr2R_10110809-10111161	chr2R:10098614-10098835	chr2R:10110809-10111161	name	25	34	28	46	8	51	0.156863	0.259172	0.32	0.0	0.216216	0.150255	1.0	neither	yes	yes	0.10144927536231885	0.09090909090909091
FBgn0001122_Spearman	/Users/jillianness/Desktop/SEbirthanalysis1024/new_LASTZ_analysis/enhancer_extraction/enhancer_pairs/FBgn0001122_Spearman/chr2R_10099473-10099798__chr2R_10109599-10110119	chr2R:10099473-10099798	chr2R:10109599-10110119	name	91	106	180	307	77	120	0.641667	0.5143	0.846154	0.0	0.546201	0.489526	1.0	neither	yes	yes	0.37746478873239436	0.5217391304347826
FBgn0001122_Spearman	/Users/jillianness/Desktop/SEbirthanalysis1024/new_LASTZ_analysis/enhancer_extraction/enhancer_pairs/FBgn0001122_Spearman/chr2R_10104067-10104664__chr2R_10109599-10110119	chr2R:10104067-10104664	chr2R:10109599-10110119	name	112	106	272	307	93	125	0.744	0.794811	0.877358	0.0	0.649396	0.598292	1.0	neither	yes	yes	0.48214285714285715	0.48
FBgn0001122_Spearman	/Users/jillianness/Desktop/SEbirthanalysis1024/new_LASTZ_analysis/enhancer_extraction/enhancer_pairs/FBgn0001122_Spearman/chr2R_10099473-10099798__chr2R_10104067-10104664	chr2R:10099473-10099798	chr2R:10104067-10104664	name	91	112	180	272	74	129	0.573643	0.601332	0.813187	0.0	0.530973	0.461169	1.0	neither	yes	yes	0.3633633633633634	0.46153846153846156
FBgn0001122_Spearman	/Users/jillianness/Desktop/SEbirthanalysis1024/new_LASTZ_analysis/enhancer_extraction/enhancer_pairs/FBgn0001122_Spearman/chr2R_10110809-10111161__chr2R_10160478-10160690	chr2R:10110809-10111161	chr2R:10160478-10160690	name	34	71	46	102	16	89	0.179775	0.279478	0.470588	0.0	0.22973	0.176498	1.0	neither	yes	yes	0.12781954887218044	0.1111111111111111
FBgn0029939_Spearman	/Users/jillianness/Desktop/SEbirthanalysis1024/new_LASTZ_analysis/enhancer_extraction/enhancer_pairs/FBgn0029939_Spearman/chrX_7046483-7046845__chrX_7048274-7048583	chrX:7046483-7046845	chrX:7048274-7048583	name	66	103	106	375	50	119	0.420168	0.443993	0.757576	0.0	0.303534	0.319898	1.0	neither	yes	yes	0.17233009708737865	0.08823529411764706
FBgn0029939_Spearman	/Users/jillianness/Desktop/SEbirthanalysis1024/new_LASTZ_analysis/enhancer_extraction/enhancer_pairs/FBgn0029939_Spearman/chrX_7046483-7046845__chrX_7140434-7140797	chrX:7046483-7046845	chrX:7140434-7140797	name	66	97	106	183	38	125	0.304	0.307616	0.575758	0.0	0.32526	0.243989	1.0	neither	yes	yes	0.18292682926829268	0.058823529411764705
FBgn0029939_Spearman	/Users/jillianness/Desktop/SEbirthanalysis1024/new_LASTZ_analysis/enhancer_extraction/enhancer_pairs/FBgn0029939_Spearman/chrX_7046483-7046845__chrX_7177324-7177678	chrX:7046483-7046845	chrX:7177324-7177678	name	66	33	106	59	14	85	0.164706	0.304252	0.424242	0.0	0.230303	0.177949	1.0	neither	yes	yes	0.12837837837837837	0.07142857142857142
FBgn0029939_Spearman	/Users/jillianness/Desktop/SEbirthanalysis1024/new_LASTZ_analysis/enhancer_extraction/enhancer_pairs/FBgn0029939_Spearman/chrX_7048274-7048583__chrX_7177324-7177678	chrX:7048274-7048583	chrX:7177324-7177678	name	103	33	375	59	23	113	0.20354	0.1697	0.69697	0.0	0.133641	0.1515	1.0	neither	yes	yes	0.06862745098039216	0.125
FBgn0029939_Spearman	/Users/jillianness/Desktop/SEbirthanalysis1024/new_LASTZ_analysis/enhancer_extraction/enhancer_pairs/FBgn0029939_Spearman/chrX_7140434-7140797__chrX_7177324-7177678	chrX:7140434-7140797	chrX:7177324-7177678	name	97	33	183	59	22	108	0.203704	0.458312	0.666667	0.0	0.264463	0.24558	1.0	neither	yes	yes	0.1509433962264151	0.13333333333333333
FBgn0029939_Spearman	/Users/jillianness/Desktop/SEbirthanalysis1024/new_LASTZ_analysis/enhancer_extraction/enhancer_pairs/FBgn0029939_Spearman/chrX_7048274-7048583__chrX_7140434-7140797	chrX:7048274-7048583	chrX:7140434-7140797	name	103	97	375	183	80	120	0.666667	0.568716	0.824742	0.0	0.430108	0.523162	1.0	neither	yes	yes	0.2727272727272727	0.25806451612903225
FBgn0033310_Spearman	/Users/jillianness/Desktop/SEbirthanalysis1024/new_LASTZ_analysis/enhancer_extraction/enhancer_pairs/FBgn0033310_Spearman/chr2R_8264126-8264454__chr2R_8266328-8266674	chr2R:8264126-8264454	chr2R:8266328-8266674	name	90	91	152	153	64	117	0.547009	0.54064	0.711111	0.0	0.52459	0.421375	1.0	neither	yes	yes	0.3584070796460177	0.11764705882352941
FBgn0020269_sm	/Users/jillianness/Desktop/SEbirthanalysis1024/new_LASTZ_analysis/enhancer_extraction/enhancer_pairs/FBgn0020269_sm/chr2R_14340650-14340945__chr2R_14350087-14350376	chr2R:14340650-14340945	chr2R:14350087-14350376	name	35	57	56	78	12	80	0.15	0.255704	0.342857	0.0	0.223881	0.157611	1.0	neither	yes	yes	0.12396694214876033	0.23529411764705882
FBgn0034013_meso	/Users/jillianness/Desktop/SEbirthanalysis1024/new_LASTZ_analysis/enhancer_extraction/enhancer_pairs/FBgn0034013_meso/chr2R_14980641-14981129__chr2R_15006081-15006369	chr2R:14980641-14981129	chr2R:15006081-15006369	name	97	42	365	74	26	113	0.230088	0.566758	0.619048	0.0	0.223235	0.252869	1.0	neither	yes	yes	0.11083123425692695	0.19230769230769232
FBgn0034013_meso	/Users/jillianness/Desktop/SEbirthanalysis1024/new_LASTZ_analysis/enhancer_extraction/enhancer_pairs/FBgn0034013_meso/chr2R_14977821-14978455__chr2R_15006081-15006369	chr2R:14977821-14978455	chr2R:15006081-15006369	name	118	42	333	74	34	126	0.269841	0.425213	0.809524	0.0	0.275184	0.265746	1.0	neither	yes	yes	0.1424581005586592	0.07692307692307693
FBgn0034013_meso	/Users/jillianness/Desktop/SEbirthanalysis1024/new_LASTZ_analysis/enhancer_extraction/enhancer_pairs/FBgn0034013_meso/chr2R_14977821-14978455__chr2R_14980641-14981129	chr2R:14977821-14978455	chr2R:14980641-14981129	name	118	97	333	365	90	125	0.72	0.772227	0.927835	0.0	0.690544	0.612895	1.0	enhancer_hit	yes	yes	0.5217391304347826	0.32558139534883723
FBgn0045759_vm	/Users/jillianness/Desktop/SEbirthanalysis1024/new_LASTZ_analysis/enhancer_extraction/enhancer_pairs/FBgn0045759_vm/chr3L_6961086-6961344__chr3L_6968332-6968548	chr3L:6961086-6961344	chr3L:6968332-6968548	name	22	54	37	71	10	66	0.151515	0.26298	0.454545	0.0	0.222222	0.165436	1.0	neither	yes	yes	0.12244897959183673	0.0
FBgn0045759_vm	/Users/jillianness/Desktop/SEbirthanalysis1024/new_LASTZ_analysis/enhancer_extraction/enhancer_pairs/FBgn0045759_vm/chr3L_6959693-6959979__chr3L_6961086-6961344	chr3L:6959693-6959979	chr3L:6961086-6961344	name	42	22	71	37	3	61	0.04918	0.068996	0.136364	0.0	0.074074	0.048629	1.0	neither	yes	yes	0.03773584905660377	0.0
FBgn0045759_vm	/Users/jillianness/Desktop/SEbirthanalysis1024/new_LASTZ_analysis/enhancer_extraction/enhancer_pairs/FBgn0045759_vm/chr3L_6959693-6959979__chr3L_6968332-6968548	chr3L:6959693-6959979	chr3L:6968332-6968548	name	42	54	71	71	20	76	0.263158	0.272693	0.47619	0.0	0.309859	0.212713	1.0	neither	yes	yes	0.18032786885245902	0.0
FBgn0000046_vm	/Users/jillianness/Desktop/SEbirthanalysis1024/new_LASTZ_analysis/enhancer_extraction/enhancer_pairs/FBgn0000046_vm/chr3R_13424734-13425026__chr3R_13448043-13448596	chr3R:13424734-13425026	chr3R:13448043-13448596	name	96	111	260	215	79	128	0.617188	0.611584	0.822917	0.0	0.530526	0.473072	1.0	neither	yes	yes	0.358974358974359	0.21875
FBgn0000046_vm	/Users/jillianness/Desktop/SEbirthanalysis1024/new_LASTZ_analysis/enhancer_extraction/enhancer_pairs/FBgn0000046_vm/chr3R_13424734-13425026__chr3R_13448995-13449256	chr3R:13424734-13425026	chr3R:13448995-13449256	name	96	41	260	57	22	115	0.191304	0.209506	0.536585	0.0	0.157729	0.160496	1.0	neither	yes	yes	0.08135593220338982	0.0
FBgn0000046_vm	/Users/jillianness/Desktop/SEbirthanalysis1024/new_LASTZ_analysis/enhancer_extraction/enhancer_pairs/FBgn0000046_vm/chr3R_13448043-13448596__chr3R_13448995-13449256	chr3R:13448043-13448596	chr3R:13448995-13449256	name	111	41	215	57	35	117	0.299145	0.414274	0.853659	0.0	0.294118	0.311964	1.0	neither	yes	yes	0.17094017094017094	0.17857142857142858
FBgn0037892_Spearman	/Users/jillianness/Desktop/SEbirthanalysis1024/new_LASTZ_analysis/enhancer_extraction/enhancer_pairs/FBgn0037892_Spearman/chr3R_11351913-11352365__chr3R_11372382-11372635	chr3R:11351913-11352365	chr3R:11372382-11372635	name	42	21	102	64	9	54	0.166667	0.551133	0.428571	0.0	0.337349	0.236856	1.0	neither	yes	yes	0.20863309352517986	0.0
FBgn0037892_Spearman	/Users/jillianness/Desktop/SEbirthanalysis1024/new_LASTZ_analysis/enhancer_extraction/enhancer_pairs/FBgn0037892_Spearman/chr3R_11353401-11353818__chr3R_11372382-11372635	chr3R:11353401-11353818	chr3R:11372382-11372635	name	53	21	99	64	15	59	0.254237	0.532876	0.714286	0.0	0.355828	0.288366	1.0	neither	yes	yes	0.2222222222222222	0.19047619047619047
FBgn0037892_Spearman	/Users/jillianness/Desktop/SEbirthanalysis1024/new_LASTZ_analysis/enhancer_extraction/enhancer_pairs/FBgn0037892_Spearman/chr3R_11351913-11352365__chr3R_11353401-11353818	chr3R:11351913-11352365	chr3R:11353401-11353818	name	42	53	102	99	20	75	0.266667	0.567517	0.47619	0.0	0.378109	0.297863	1.0	neither	yes	yes	0.22289156626506024	0.23809523809523808
FBgn0037892_Spearman	/Users/jillianness/Desktop/SEbirthanalysis1024/new_LASTZ_analysis/enhancer_extraction/enhancer_pairs/FBgn0037892_Spearman/chr3R_11352401-11352901__chr3R_11372382-11372635	chr3R:11352401-11352901	chr3R:11372382-11372635	name	81	21	171	64	16	86	0.186047	0.525071	0.761905	0.0	0.306383	0.25882	1.0	neither	yes	yes	0.185	0.0
FBgn0037892_Spearman	/Users/jillianness/Desktop/SEbirthanalysis1024/new_LASTZ_analysis/enhancer_extraction/enhancer_pairs/FBgn0037892_Spearman/chr3R_11351913-11352365__chr3R_11352401-11352901	chr3R:11351913-11352365	chr3R:11352401-11352901	name	42	81	102	171	33	90	0.366667	0.714336	0.785714	0.0	0.490842	0.407064	1.0	neither	yes	yes	0.2971698113207547	0.34782608695652173
FBgn0037892_Spearman	/Users/jillianness/Desktop/SEbirthanalysis1024/new_LASTZ_analysis/enhancer_extraction/enhancer_pairs/FBgn0037892_Spearman/chr3R_11352401-11352901__chr3R_11353401-11353818	chr3R:11352401-11352901	chr3R:11353401-11353818	name	81	53	171	99	34	100	0.34	0.643764	0.641509	0.0	0.444444	0.383616	1.0	neither	yes	yes	0.2651162790697674	0.25
FBgn0015570_sm	/Users/jillianness/Desktop/SEbirthanalysis1024/new_LASTZ_analysis/enhancer_extraction/enhancer_pairs/FBgn0015570_sm/chr3R_7658315-7658594__chr3R_7661745-7661946	chr3R:7658315-7658594	chr3R:7661745-7661946	name	47	37	76	58	19	65	0.292308	0.481851	0.513514	0.0	0.373134	0.277991	1.0	neither	yes	yes	0.21428571428571427	0.2727272727272727
FBgn0041604_sm	/Users/jillianness/Desktop/SEbirthanalysis1024/new_LASTZ_analysis/enhancer_extraction/enhancer_pairs/FBgn0041604_sm/chr3L_14635397-14635808__chr3L_14636483-14636932	chr3L:14635397-14635808	chr3L:14636483-14636932	name	68	100	115	189	52	116	0.448276	0.716832	0.764706	0.0	0.526316	0.445086	1.0	neither	yes	yes	0.33624454148471616	0.2777777777777778
FBgn0041604_sm	/Users/jillianness/Desktop/SEbirthanalysis1024/new_LASTZ_analysis/enhancer_extraction/enhancer_pairs/FBgn0041604_sm/chr3L_14636483-14636932__chr3L_14646221-14646447	chr3L:14636483-14636932	chr3L:14646221-14646447	name	100	38	189	47	19	119	0.159664	0.235619	0.5	0.0	0.186441	0.169269	1.0	neither	yes	yes	0.10185185185185185	0.15384615384615385
FBgn0041604_sm	/Users/jillianness/Desktop/SEbirthanalysis1024/new_LASTZ_analysis/enhancer_extraction/enhancer_pairs/FBgn0041604_sm/chr3L_14635397-14635808__chr3L_14646221-14646447	chr3L:14635397-14635808	chr3L:14646221-14646447	name	68	38	115	47	22	84	0.261905	0.37478	0.578947	0.0	0.320988	0.250511	1.0	neither	yes	yes	0.18840579710144928	0.14285714285714285
FBgn0016715_vm	/Users/jillianness/Desktop/SEbirthanalysis1024/new_LASTZ_analysis/enhancer_extraction/enhancer_pairs/FBgn0016715_vm/chr3L_575160-575533__chr3L_622169-622652	chr3L:575160-575533	chr3L:622169-622652	name	58	110	92	270	44	124	0.354839	0.591015	0.758621	0.0	0.353591	0.327337	1.0	enhancer_hit	yes	yes	0.1895424836601307	0.05555555555555555
FBgn0016715_vm	/Users/jillianness/Desktop/SEbirthanalysis1024/new_LASTZ_analysis/enhancer_extraction/enhancer_pairs/FBgn0016715_vm/chr3L_571531-572037__chr3L_622169-622652	chr3L:571531-572037	chr3L:622169-622652	name	82	110	140	270	57	135	0.422222	0.408323	0.695122	0.0	0.331707	0.316536	1.0	neither	yes	yes	0.19420289855072465	0.2
FBgn0016715_vm	/Users/jillianness/Desktop/SEbirthanalysis1024/new_LASTZ_analysis/enhancer_extraction/enhancer_pairs/FBgn0016715_vm/chr3L_610451-610651__chr3L_622169-622652	chr3L:610451-610651	chr3L:622169-622652	name	33	110	45	270	20	123	0.162602	0.38259	0.606061	0.0	0.165079	0.190623	1.0	neither	yes	yes	0.08934707903780069	0.15
FBgn0016715_vm	/Users/jillianness/Desktop/SEbirthanalysis1024/new_LASTZ_analysis/enhancer_extraction/enhancer_pairs/FBgn0016715_vm/chr3L_571531-572037__chr3L_575160-575533	chr3L:571531-572037	chr3L:575160-575533	name	82	58	140	92	32	108	0.296296	0.41581	0.551724	0.0	0.37069	0.257316	1.0	neither	yes	yes	0.2	0.13333333333333333
FBgn0016715_vm	/Users/jillianness/Desktop/SEbirthanalysis1024/new_LASTZ_analysis/enhancer_extraction/enhancer_pairs/FBgn0016715_vm/chr3L_575160-575533__chr3L_610451-610651	chr3L:575160-575533	chr3L:610451-610651	name	58	33	92	45	10	81	0.123457	0.397954	0.30303	0.0	0.20438	0.157799	1.0	neither	yes	yes	0.112	0.0
FBgn0016715_vm	/Users/jillianness/Desktop/SEbirthanalysis1024/new_LASTZ_analysis/enhancer_extraction/enhancer_pairs/FBgn0016715_vm/chr3L_571531-572037__chr3L_610451-610651	chr3L:571531-572037	chr3L:610451-610651	name	82	33	140	45	22	93	0.236559	0.360577	0.666667	0.0	0.291892	0.236348	1.0	neither	yes	yes	0.15432098765432098	0.10526315789473684
FBgn0016715_vm	/Users/jillianness/Desktop/SEbirthanalysis1024/new_LASTZ_analysis/enhancer_extraction/enhancer_pairs/FBgn0016715_vm/chr3L_571531-572037__chr3L_618388-618844	chr3L:571531-572037	chr3L:618388-618844	name	82	108	140	238	63	127	0.496063	0.463787	0.768293	0.0	0.391534	0.365188	1.0	neither	yes	yes	0.23778501628664495	0.10714285714285714
FBgn0016715_vm	/Users/jillianness/Desktop/SEbirthanalysis1024/new_LASTZ_analysis/enhancer_extraction/enhancer_pairs/FBgn0016715_vm/chr3L_575160-575533__chr3L_618388-618844	chr3L:575160-575533	chr3L:618388-618844	name	58	108	92	238	42	124	0.33871	0.678056	0.724138	0.0	0.387879	0.335878	1.0	neither	yes	yes	0.22962962962962963	0.05263157894736842
FBgn0016715_vm	/Users/jillianness/Desktop/SEbirthanalysis1024/new_LASTZ_analysis/enhancer_extraction/enhancer_pairs/FBgn0016715_vm/chr3L_618388-618844__chr3L_622169-622652	chr3L:618388-618844	chr3L:622169-622652	name	108	110	238	270	89	129	0.689922	0.821998	0.824074	0.0	0.681102	0.606588	1.0	neither	yes	yes	0.49560117302052786	0.43478260869565216
FBgn0016715_vm	/Users/jillianness/Desktop/SEbirthanalysis1024/new_LASTZ_analysis/enhancer_extraction/enhancer_pairs/FBgn0016715_vm/chr3L_610451-610651__chr3L_618388-618844	chr3L:610451-610651	chr3L:618388-618844	name	33	108	45	238	24	117	0.205128	0.475359	0.727273	0.0	0.212014	0.244669	1.0	neither	yes	yes	0.11764705882352941	0.2
D	/Users/jillianness/Desktop/SEbirthanalysis1024/new_LASTZ_analysis/enhancer_extraction/enhancer_pairs/D/chr3L_14152518-14152826__chr3L_14172843-14173610	chr3L:14152518-14152826	chr3L:14172843-14173610	name	60	90	81	215	50	100	0.5	0.622678	0.833333	0.0	0.445946	0.42189	1.0	neither	yes	yes	0.25210084033613445	0.07142857142857142
D	/Users/jillianness/Desktop/SEbirthanalysis1024/new_LASTZ_analysis/enhancer_extraction/enhancer_pairs/D/chr3L_14171965-14172435__chr3L_14172843-14173610	chr3L:14171965-14172435	chr3L:14172843-14173610	name	105	90	332	215	55	140	0.392857	0.351869	0.611111	0.0	0.318099	0.27384	1.0	neither	yes	yes	0.18318965517241378	0.16666666666666666
D	/Users/jillianness/Desktop/SEbirthanalysis1024/new_LASTZ_analysis/enhancer_extraction/enhancer_pairs/D/chr3L_14153051-14154215__chr3L_14171965-14172435	chr3L:14153051-14154215	chr3L:14171965-14172435	name	127	105	387	332	90	142	0.633803	0.536359	0.857143	0.0	0.497914	0.449683	1.0	neither	yes	yes	0.3229357798165138	0.3333333333333333
D	/Users/jillianness/Desktop/SEbirthanalysis1024/new_LASTZ_analysis/enhancer_extraction/enhancer_pairs/D/chr3L_14153051-14154215__chr3L_14172843-14173610	chr3L:14153051-14154215	chr3L:14172843-14173610	name	127	90	387	215	81	136	0.595588	0.673538	0.9	0.0	0.541528	0.51454	1.0	neither	yes	yes	0.35730337078651686	0.20930232558139536
D	/Users/jillianness/Desktop/SEbirthanalysis1024/new_LASTZ_analysis/enhancer_extraction/enhancer_pairs/D/chr3L_14152518-14152826__chr3L_14153051-14154215	chr3L:14152518-14152826	chr3L:14153051-14154215	name	60	127	81	387	55	132	0.416667	0.640551	0.916667	0.0	0.316239	0.419118	1.0	neither	yes	yes	0.18387909319899245	0.025
D	/Users/jillianness/Desktop/SEbirthanalysis1024/new_LASTZ_analysis/enhancer_extraction/enhancer_pairs/D/chr3L_14152518-14152826__chr3L_14171965-14172435	chr3L:14152518-14152826	chr3L:14171965-14172435	name	60	105	81	332	42	123	0.341463	0.438422	0.7	0.0	0.251816	0.286834	1.0	neither	yes	yes	0.12771739130434784	0.0
FBgn0032731_vm	/Users/jillianness/Desktop/SEbirthanalysis1024/new_LASTZ_analysis/enhancer_extraction/enhancer_pairs/FBgn0032731_vm/chr2L_18977432-18977644__chr2L_18977693-18978042	chr2L:18977432-18977644	chr2L:18977693-18978042	name	22	53	37	109	12	63	0.190476	0.505173	0.545455	0.0	0.232877	0.217742	1.0	neither	yes	yes	0.14728682170542637	0.13333333333333333
FBgn0003169_vm	/Users/jillianness/Desktop/SEbirthanalysis1024/new_LASTZ_analysis/enhancer_extraction/enhancer_pairs/FBgn0003169_vm/chr3R_14598420-14598710__chr3R_14650533-14651041	chr3R:14598420-14598710	chr3R:14650533-14651041	name	64	54	126	126	28	90	0.311111	0.314845	0.518519	0.0	0.380952	0.30842	1.0	neither	yes	yes	0.20952380952380953	0.3333333333333333
FBgn0003285_Spearman	/Users/jillianness/Desktop/SEbirthanalysis1024/new_LASTZ_analysis/enhancer_extraction/enhancer_pairs/FBgn0003285_Spearman/chrX_3059091-3059476__chrX_3103691-3103945	chrX:3059091-3059476	chrX:3103691-3103945	name	78	89	149	195	48	119	0.403361	0.562042	0.615385	0.0	0.476744	0.35144	1.0	neither	yes	yes	0.2958801498127341	0.2857142857142857
FBgn0014877_vm	/Users/jillianness/Desktop/SEbirthanalysis1024/new_LASTZ_analysis/enhancer_extraction/enhancer_pairs/FBgn0014877_vm/chr2R_13189049-13189699__chr2R_13192361-13193251	chr2R:13189049-13189699	chr2R:13192361-13193251	name	70	125	175	365	61	134	0.455224	0.779465	0.871429	0.0	0.525926	0.442191	1.0	neither	yes	yes	0.33827160493827163	0.3902439024390244
FBgn0034177_sm	/Users/jillianness/Desktop/SEbirthanalysis1024/new_LASTZ_analysis/enhancer_extraction/enhancer_pairs/FBgn0034177_sm/chr2R_16642879-16643383__chr2R_16643578-16643778	chr2R:16642879-16643383	chr2R:16643578-16643778	name	79	31	164	58	20	90	0.222222	0.464473	0.645161	0.0	0.297297	0.2578	1.0	neither	yes	yes	0.17277486910994763	0.17647058823529413
FBgn0051999_vm_sm	/Users/jillianness/Desktop/SEbirthanalysis1024/new_LASTZ_analysis/enhancer_extraction/enhancer_pairs/FBgn0051999_vm_sm/chr4_225484-225868__chr4_276036-276284	chr4:225484-225868	chr4:276036-276284	name	55	90	223	205	34	111	0.306306	0.531988	0.618182	0.0	0.32243	0.318511	1.0	neither	yes	yes	0.17166212534059946	0.23529411764705882
FBgn0004620_sm	/Users/jillianness/Desktop/SEbirthanalysis1024/new_LASTZ_analysis/enhancer_extraction/enhancer_pairs/FBgn0004620_sm/chr2L_5546801-5547067__chr2L_5559752-5560284	chr2L:5546801-5547067	chr2L:5559752-5560284	name	51	110	90	246	40	121	0.330579	0.595226	0.784314	0.0	0.357143	0.338979	1.0	neither	yes	yes	0.2158273381294964	0.18518518518518517
FBgn0001250_Spearman	/Users/jillianness/Desktop/SEbirthanalysis1024/new_LASTZ_analysis/enhancer_extraction/enhancer_pairs/FBgn0001250_Spearman/chrX_16714138-16714498__chrX_16714979-16715355	chrX:16714138-16714498	chrX:16714979-16715355	name	102	67	326	122	47	122	0.385246	0.235711	0.701493	0.0	0.236607	0.271357	1.0	enhancer_hit	yes	yes	0.12781954887218044	0.06451612903225806
FBgn0033454_Spearman	/Users/jillianness/Desktop/SEbirthanalysis1024/new_LASTZ_analysis/enhancer_extraction/enhancer_pairs/FBgn0033454_Spearman/chr2R_9492171-9492437__chr2R_9492733-9492933	chr2R:9492171-9492437	chr2R:9492733-9492933	name	76	89	110	163	46	119	0.386555	0.408262	0.605263	0.0	0.380952	0.308952	1.0	neither	yes	yes	0.23873873873873874	0.14285714285714285
FBgn0261439_vm_sm	/Users/jillianness/Desktop/SEbirthanalysis1024/new_LASTZ_analysis/enhancer_extraction/enhancer_pairs/FBgn0261439_vm_sm/chr2R_18999818-19000573__chr2R_19042052-19042549	chr2R:18999818-19000573	chr2R:19042052-19042549	name	121	97	263	162	87	131	0.664122	0.514163	0.896907	0.0	0.531765	0.482764	1.0	neither	yes	yes	0.36421725239616615	0.3076923076923077
FBgn0261439_vm_sm	/Users/jillianness/Desktop/SEbirthanalysis1024/new_LASTZ_analysis/enhancer_extraction/enhancer_pairs/FBgn0261439_vm_sm/chr2R_18999818-19000573__chr2R_19038773-19039303	chr2R:18999818-19000573	chr2R:19038773-19039303	name	121	111	263	309	95	137	0.693431	0.560612	0.855856	0.0	0.559441	0.508467	1.0	neither	yes	yes	0.38313253012048193	0.5454545454545454
FBgn0261439_vm_sm	/Users/jillianness/Desktop/SEbirthanalysis1024/new_LASTZ_analysis/enhancer_extraction/enhancer_pairs/FBgn0261439_vm_sm/chr2R_19038773-19039303__chr2R_19042052-19042549	chr2R:19038773-19039303	chr2R:19042052-19042549	name	111	97	309	162	86	122	0.704918	0.693878	0.886598	0.0	0.539278	0.560679	1.0	neither	yes	yes	0.3631123919308357	0.2222222222222222
FBgn0040071_sm	/Users/jillianness/Desktop/SEbirthanalysis1024/new_LASTZ_analysis/enhancer_extraction/enhancer_pairs/FBgn0040071_sm/chr3R_16234208-16234580__chr3R_16242325-16242715	chr3R:16234208-16234580	chr3R:16242325-16242715	name	47	40	62	108	16	71	0.225352	0.251901	0.4	0.0	0.235294	0.211992	1.0	neither	yes	yes	0.12418300653594772	0.1875
FBgn0040071_sm	/Users/jillianness/Desktop/SEbirthanalysis1024/new_LASTZ_analysis/enhancer_extraction/enhancer_pairs/FBgn0040071_sm/chr3R_16242325-16242715__chr3R_16281158-16281613	chr3R:16242325-16242715	chr3R:16281158-16281613	name	40	53	108	130	22	71	0.309859	0.484127	0.55	0.0	0.369748	0.319614	1.0	neither	yes	yes	0.2182741116751269	0.42105263157894735
FBgn0040071_sm	/Users/jillianness/Desktop/SEbirthanalysis1024/new_LASTZ_analysis/enhancer_extraction/enhancer_pairs/FBgn0040071_sm/chr3R_16234208-16234580__chr3R_16281158-16281613	chr3R:16234208-16234580	chr3R:16281158-16281613	name	47	53	62	130	27	73	0.369863	0.497035	0.574468	0.0	0.364583	0.328801	1.0	neither	yes	yes	0.22784810126582278	0.2
FBgn0052528_meso	/Users/jillianness/Desktop/SEbirthanalysis1024/new_LASTZ_analysis/enhancer_extraction/enhancer_pairs/FBgn0052528_meso/chrX_19712135-19712461__chrX_19713152-19713438	chrX:19712135-19712461	chrX:19713152-19713438	name	55	28	103	69	10	73	0.136986	0.100039	0.357143	0.0	0.139535	0.118259	1.0	neither	yes	yes	0.06097560975609756	0.14285714285714285
FBgn0038498_vm_sm	/Users/jillianness/Desktop/SEbirthanalysis1024/new_LASTZ_analysis/enhancer_extraction/enhancer_pairs/FBgn0038498_vm_sm/chr3R_17249151-17249776__chr3R_17346097-17346604	chr3R:17249151-17249776	chr3R:17346097-17346604	name	96	110	220	223	76	130	0.584615	0.698626	0.791667	0.0	0.586907	0.491499	1.0	neither	yes	yes	0.4171974522292994	0.35714285714285715
FBgn0027066_vm_sm	/Users/jillianness/Desktop/SEbirthanalysis1024/new_LASTZ_analysis/enhancer_extraction/enhancer_pairs/FBgn0027066_vm_sm/chr2R_6363538-6363738__chr2R_6365997-6366271	chr2R:6363538-6363738	chr2R:6365997-6366271	name	42	83	53	260	21	104	0.201923	0.523097	0.5	0.0	0.172524	0.217961	1.0	neither	yes	yes	0.08996539792387544	0.14285714285714285
FBgn0027066_vm_sm	/Users/jillianness/Desktop/SEbirthanalysis1024/new_LASTZ_analysis/enhancer_extraction/enhancer_pairs/FBgn0027066_vm_sm/chr2R_6359418-6359689__chr2R_6363538-6363738	chr2R:6359418-6359689	chr2R:6363538-6363738	name	69	42	142	53	22	89	0.247191	0.479704	0.52381	0.0	0.297436	0.262693	1.0	neither	yes	yes	0.1588235294117647	0.05555555555555555
FBgn0027066_vm_sm	/Users/jillianness/Desktop/SEbirthanalysis1024/new_LASTZ_analysis/enhancer_extraction/enhancer_pairs/FBgn0027066_vm_sm/chr2R_6359418-6359689__chr2R_6365997-6366271	chr2R:6359418-6359689	chr2R:6365997-6366271	name	69	83	142	260	48	104	0.461538	0.644241	0.695652	0.0	0.492537	0.43936	1.0	neither	yes	yes	0.32894736842105265	0.22727272727272727
FBgn0033782_vm_sm	/Users/jillianness/Desktop/SEbirthanalysis1024/new_LASTZ_analysis/enhancer_extraction/enhancer_pairs/FBgn0033782_vm_sm/chr2R_12556332-12556741__chr2R_12587132-12587415	chr2R:12556332-12556741	chr2R:12587132-12587415	name	68	72	126	114	31	109	0.284404	0.261746	0.455882	0.0	0.3	0.253884	1.0	neither	yes	yes	0.1523809523809524	0.16666666666666666
FBgn0033782_vm_sm	/Users/jillianness/Desktop/SEbirthanalysis1024/new_LASTZ_analysis/enhancer_extraction/enhancer_pairs/FBgn0033782_vm_sm/chr2R_12529393-12529661__chr2R_12587132-12587415	chr2R:12529393-12529661	chr2R:12587132-12587415	name	43	72	73	114	22	93	0.236559	0.246252	0.511628	0.0	0.278075	0.229525	1.0	enhancer_hit	yes	yes	0.1524390243902439	0.42857142857142855
FBgn0033782_vm_sm	/Users/jillianness/Desktop/SEbirthanalysis1024/new_LASTZ_analysis/enhancer_extraction/enhancer_pairs/FBgn0033782_vm_sm/chr2R_12529393-12529661__chr2R_12556332-12556741	chr2R:12529393-12529661	chr2R:12556332-12556741	name	43	68	73	126	25	86	0.290698	0.49993	0.581395	0.0	0.361809	0.27171	1.0	neither	yes	yes	0.1893491124260355	0.3333333333333333
FBgn0031008_sm	/Users/jillianness/Desktop/SEbirthanalysis1024/new_LASTZ_analysis/enhancer_extraction/enhancer_pairs/FBgn0031008_sm/chrX_19236806-19237421__chrX_19238211-19238765	chrX:19236806-19237421	chrX:19238211-19238765	name	66	108	125	187	44	130	0.338462	0.491042	0.666667	0.0	0.416667	0.312463	1.0	neither	yes	yes	0.250996015936255	0.5
FBgn0026761_sm	/Users/jillianness/Desktop/SEbirthanalysis1024/new_LASTZ_analysis/enhancer_extraction/enhancer_pairs/FBgn0026761_sm/chr2R_6148201-6148543__chr2R_6237153-6237506	chr2R:6148201-6148543	chr2R:6237153-6237506	name	36	73	54	98	17	92	0.184783	0.310883	0.472222	0.0	0.25	0.198467	1.0	neither	yes	yes	0.1323529411764706	0.21428571428571427
FBgn0026761_sm	/Users/jillianness/Desktop/SEbirthanalysis1024/new_LASTZ_analysis/enhancer_extraction/enhancer_pairs/FBgn0026761_sm/chr2R_6148968-6149343__chr2R_6223828-6224166	chr2R:6148968-6149343	chr2R:6223828-6224166	name	54	54	96	78	26	82	0.317073	0.37572	0.481481	0.0	0.356322	0.272017	1.0	neither	yes	yes	0.18120805369127516	0.09090909090909091
FBgn0026761_sm	/Users/jillianness/Desktop/SEbirthanalysis1024/new_LASTZ_analysis/enhancer_extraction/enhancer_pairs/FBgn0026761_sm/chr2R_6148968-6149343__chr2R_6237153-6237506	chr2R:6148968-6149343	chr2R:6237153-6237506	name	54	73	96	98	25	102	0.245098	0.471392	0.462963	0.0	0.350515	0.265143	1.0	neither	yes	yes	0.20987654320987653	0.3333333333333333
FBgn0026761_sm	/Users/jillianness/Desktop/SEbirthanalysis1024/new_LASTZ_analysis/enhancer_extraction/enhancer_pairs/FBgn0026761_sm/chr2R_6223828-6224166__chr2R_6237153-6237506	chr2R:6223828-6224166	chr2R:6237153-6237506	name	54	73	78	98	22	105	0.209524	0.405801	0.407407	0.0	0.306818	0.218197	1.0	neither	yes	yes	0.16339869281045752	0.16666666666666666
FBgn0026761_sm	/Users/jillianness/Desktop/SEbirthanalysis1024/new_LASTZ_analysis/enhancer_extraction/enhancer_pairs/FBgn0026761_sm/chr2R_6148201-6148543__chr2R_6223828-6224166	chr2R:6148201-6148543	chr2R:6223828-6224166	name	36	54	54	78	17	73	0.232877	0.31494	0.472222	0.0	0.30303	0.224499	1.0	neither	yes	yes	0.15517241379310345	0.18181818181818182
FBgn0026761_sm	/Users/jillianness/Desktop/SEbirthanalysis1024/new_LASTZ_analysis/enhancer_extraction/enhancer_pairs/FBgn0026761_sm/chr2R_6148201-6148543__chr2R_6148968-6149343	chr2R:6148201-6148543	chr2R:6148968-6149343	name	36	54	54	96	22	68	0.323529	0.528912	0.611111	0.0	0.4	0.322151	1.0	neither	yes	yes	0.2459016393442623	0.36363636363636365
FBgn0035335_Spearman	/Users/jillianness/Desktop/SEbirthanalysis1024/new_LASTZ_analysis/enhancer_extraction/enhancer_pairs/FBgn0035335_Spearman/chr3L_2363266-2363496__chr3L_2402613-2402864	chr3L:2363266-2363496	chr3L:2402613-2402864	name	58	22	74	30	8	72	0.111111	0.18762	0.363636	0.0	0.153846	0.115346	1.0	neither	yes	yes	0.08163265306122448	0.16666666666666666
FBgn0035153_Spearman	/Users/jillianness/Desktop/SEbirthanalysis1024/new_LASTZ_analysis/enhancer_extraction/enhancer_pairs/FBgn0035153_Spearman/chr3L_663582-663782__chr3L_668956-669192	chr3L:663582-663782	chr3L:668956-669192	name	80	90	94	216	64	106	0.603774	0.708306	0.8	0.0	0.445161	0.516426	1.0	neither	yes	yes	0.2839506172839506	0.2222222222222222
FBgn0026403_sm	/Users/jillianness/Desktop/SEbirthanalysis1024/new_LASTZ_analysis/enhancer_extraction/enhancer_pairs/FBgn0026403_sm/chr2R_9936639-9936952__chr2R_9938636-9938836	chr2R:9936639-9936952	chr2R:9938636-9938836	name	60	34	90	56	20	74	0.27027	0.667336	0.588235	0.0	0.452055	0.322868	1.0	neither	yes	yes	0.28695652173913044	0.5714285714285714
FBgn0037637_sm	/Users/jillianness/Desktop/SEbirthanalysis1024/new_LASTZ_analysis/enhancer_extraction/enhancer_pairs/FBgn0037637_sm/chr3R_8812222-8812640__chr3R_8857786-8857986	chr3R:8812222-8812640	chr3R:8857786-8857986	name	68	27	127	45	19	76	0.25	0.325671	0.703704	0.0	0.27907	0.272059	1.0	flank_hit	yes	yes	0.16778523489932887	0.35
FBgn0037637_sm	/Users/jillianness/Desktop/SEbirthanalysis1024/new_LASTZ_analysis/enhancer_extraction/enhancer_pairs/FBgn0037637_sm/chr3R_8812222-8812640__chr3R_8864161-8864361	chr3R:8812222-8812640	chr3R:8864161-8864361	name	68	38	127	49	24	82	0.292683	0.176674	0.631579	0.0	0.306818	0.217393	1.0	neither	yes	yes	0.17880794701986755	0.2222222222222222
FBgn0037637_sm	/Users/jillianness/Desktop/SEbirthanalysis1024/new_LASTZ_analysis/enhancer_extraction/enhancer_pairs/FBgn0037637_sm/chr3R_8812222-8812640__chr3R_8849790-8850241	chr3R:8812222-8812640	chr3R:8849790-8850241	name	68	92	127	168	43	117	0.367521	0.811187	0.632353	0.0	0.542373	0.409616	1.0	neither	yes	yes	0.3438914027149321	0.44
FBgn0037637_sm	/Users/jillianness/Desktop/SEbirthanalysis1024/new_LASTZ_analysis/enhancer_extraction/enhancer_pairs/FBgn0037637_sm/chr3R_8849790-8850241__chr3R_8864161-8864361	chr3R:8849790-8850241	chr3R:8864161-8864361	name	92	38	168	49	20	110	0.181818	0.271665	0.526316	0.0	0.230415	0.185506	1.0	neither	yes	yes	0.12886597938144329	0.2
FBgn0037637_sm	/Users/jillianness/Desktop/SEbirthanalysis1024/new_LASTZ_analysis/enhancer_extraction/enhancer_pairs/FBgn0037637_sm/chr3R_8857786-8857986__chr3R_8864161-8864361	chr3R:8857786-8857986	chr3R:8864161-8864361	name	27	38	45	49	10	55	0.181818	0.1659	0.37037	0.0	0.212766	0.136873	1.0	neither	yes	yes	0.10344827586206896	0.07142857142857142
FBgn0037637_sm	/Users/jillianness/Desktop/SEbirthanalysis1024/new_LASTZ_analysis/enhancer_extraction/enhancer_pairs/FBgn0037637_sm/chr3R_8849790-8850241__chr3R_8857786-8857986	chr3R:8849790-8850241	chr3R:8857786-8857986	name	92	27	168	45	15	104	0.144231	0.288725	0.555556	0.0	0.178404	0.185683	1.0	neither	yes	yes	0.09693877551020408	0.2608695652173913
FBgn0011656_sm	/Users/jillianness/Desktop/SEbirthanalysis1024/new_LASTZ_analysis/enhancer_extraction/enhancer_pairs/FBgn0011656_sm/chr2R_9559487-9559979__chr2R_9567242-9567442	chr2R:9559487-9559979	chr2R:9567242-9567442	name	85	25	147	36	16	94	0.170213	0.399911	0.64	0.0	0.240437	0.216656	1.0	neither	yes	yes	0.10778443113772455	0.15789473684210525
FBgn0011656_sm	/Users/jillianness/Desktop/SEbirthanalysis1024/new_LASTZ_analysis/enhancer_extraction/enhancer_pairs/FBgn0011656_sm/chr2R_9559487-9559979__chr2R_9562047-9562495	chr2R:9559487-9559979	chr2R:9562047-9562495	name	85	106	147	179	64	127	0.503937	0.453081	0.752941	0.0	0.447853	0.381224	1.0	neither	yes	yes	0.29133858267716534	0.375
FBgn0011656_sm	/Users/jillianness/Desktop/SEbirthanalysis1024/new_LASTZ_analysis/enhancer_extraction/enhancer_pairs/FBgn0011656_sm/chr2R_9555902-9556546__chr2R_9562047-9562495	chr2R:9555902-9556546	chr2R:9562047-9562495	name	125	106	572	179	97	134	0.723881	0.7191	0.915094	0.0	0.40213	0.580233	1.0	neither	yes	yes	0.2529118136439268	0.30434782608695654
FBgn0011656_sm	/Users/jillianness/Desktop/SEbirthanalysis1024/new_LASTZ_analysis/enhancer_extraction/enhancer_pairs/FBgn0011656_sm/chr2R_9555902-9556546__chr2R_9567242-9567442	chr2R:9555902-9556546	chr2R:9567242-9567442	name	125	25	572	36	23	127	0.181102	0.198176	0.92	0.0	0.092105	0.164778	1.0	neither	yes	yes	0.04991394148020654	0.11363636363636363
FBgn0011656_sm	/Users/jillianness/Desktop/SEbirthanalysis1024/new_LASTZ_analysis/enhancer_extraction/enhancer_pairs/FBgn0011656_sm/chr2R_9555902-9556546__chr2R_9557786-9557986	chr2R:9555902-9556546	chr2R:9557786-9557986	name	125	48	572	71	44	129	0.341085	0.320196	0.916667	0.0	0.180404	0.264155	1.0	neither	yes	yes	0.09880749574105621	0.15217391304347827
FBgn0011656_sm	/Users/jillianness/Desktop/SEbirthanalysis1024/new_LASTZ_analysis/enhancer_extraction/enhancer_pairs/FBgn0011656_sm/chr2R_9562047-9562495__chr2R_9567242-9567442	chr2R:9562047-9562495	chr2R:9567242-9567442	name	106	25	179	36	16	115	0.13913	0.290983	0.64	0.0	0.176744	0.172363	1.0	neither	yes	yes	0.09595959595959595	0.2777777777777778
FBgn0011656_sm	/Users/jillianness/Desktop/SEbirthanalysis1024/new_LASTZ_analysis/enhancer_extraction/enhancer_pairs/FBgn0011656_sm/chr2R_9557786-9557986__chr2R_9559487-9559979	chr2R:9557786-9557986	chr2R:9559487-9559979	name	48	85	71	147	37	96	0.385417	0.523828	0.770833	0.0	0.40367	0.369109	1.0	neither	yes	yes	0.2571428571428571	0.3
FBgn0011656_sm	/Users/jillianness/Desktop/SEbirthanalysis1024/new_LASTZ_analysis/enhancer_extraction/enhancer_pairs/FBgn0011656_sm/chr2R_9555902-9556546__chr2R_9559487-9559979	chr2R:9555902-9556546	chr2R:9559487-9559979	name	125	85	572	147	79	131	0.603053	0.555652	0.929412	0.0	0.33936	0.454466	1.0	neither	yes	yes	0.20166666666666666	0.2553191489361702
FBgn0011656_sm	/Users/jillianness/Desktop/SEbirthanalysis1024/new_LASTZ_analysis/enhancer_extraction/enhancer_pairs/FBgn0011656_sm/chr2R_9557786-9557986__chr2R_9567242-9567442	chr2R:9557786-9557986	chr2R:9567242-9567442	name	48	25	71	36	7	66	0.106061	0.115055	0.28	0.0	0.130841	0.089561	1.0	neither	yes	yes	0.06862745098039216	0.0
FBgn0011656_sm	/Users/jillianness/Desktop/SEbirthanalysis1024/new_LASTZ_analysis/enhancer_extraction/enhancer_pairs/FBgn0011656_sm/chr2R_9557786-9557986__chr2R_9562047-9562495	chr2R:9557786-9557986	chr2R:9562047-9562495	name	48	106	71	179	32	122	0.262295	0.301424	0.666667	0.0	0.296	0.217322	1.0	neither	yes	yes	0.17757009345794392	0.2857142857142857
FBgn0000463_Spearman	/Users/jillianness/Desktop/SEbirthanalysis1024/new_LASTZ_analysis/enhancer_extraction/enhancer_pairs/FBgn0000463_Spearman/chr3R_19326610-19326911__chr3R_19343988-19344362	chr3R:19326610-19326911	chr3R:19343988-19344362	name	73	96	108	150	51	118	0.432203	0.489243	0.69863	0.0	0.465116	0.32947	1.0	neither	yes	yes	0.28078817733990147	0.0
FBgn0000463_Spearman	/Users/jillianness/Desktop/SEbirthanalysis1024/new_LASTZ_analysis/enhancer_extraction/enhancer_pairs/FBgn0000463_Spearman/chr3R_19329924-19330208__chr3R_19350401-19350687	chr3R:19329924-19330208	chr3R:19350401-19350687	name	32	35	52	55	16	51	0.313725	0.587479	0.5	0.0	0.429907	0.334773	1.0	neither	yes	yes	0.23863636363636365	0.4117647058823529
FBgn0000463_Spearman	/Users/jillianness/Desktop/SEbirthanalysis1024/new_LASTZ_analysis/enhancer_extraction/enhancer_pairs/FBgn0000463_Spearman/chr3R_19287679-19287954__chr3R_19343351-19343609	chr3R:19287679-19287954	chr3R:19343351-19343609	name	81	29	102	39	12	98	0.122449	0.314896	0.413793	0.0	0.198582	0.159387	1.0	neither	yes	yes	0.1	0.08333333333333333
FBgn0000463_Spearman	/Users/jillianness/Desktop/SEbirthanalysis1024/new_LASTZ_analysis/enhancer_extraction/enhancer_pairs/FBgn0000463_Spearman/chr3R_19317230-19317464__chr3R_19346468-19346888	chr3R:19317230-19317464	chr3R:19346468-19346888	name	28	76	34	147	19	85	0.223529	0.476319	0.678571	0.0	0.265193	0.283648	1.0	neither	yes	yes	0.15822784810126583	0.125
FBgn0000463_Spearman	/Users/jillianness/Desktop/SEbirthanalysis1024/new_LASTZ_analysis/enhancer_extraction/enhancer_pairs/FBgn0000463_Spearman/chr3R_19332565-19332811__chr3R_19340770-19340970	chr3R:19332565-19332811	chr3R:19340770-19340970	name	27	24	42	31	11	40	0.275	0.544224	0.458333	0.0	0.410959	0.300208	1.0	neither	yes	yes	0.25	0.2857142857142857
FBgn0000463_Spearman	/Users/jillianness/Desktop/SEbirthanalysis1024/new_LASTZ_analysis/enhancer_extraction/enhancer_pairs/FBgn0000463_Spearman/chr3R_19317230-19317464__chr3R_19343988-19344362	chr3R:19317230-19317464	chr3R:19343988-19344362	name	28	96	34	150	20	104	0.192308	0.552145	0.714286	0.0	0.271739	0.268954	1.0	neither	yes	yes	0.1625	0.375
FBgn0000463_Spearman	/Users/jillianness/Desktop/SEbirthanalysis1024/new_LASTZ_analysis/enhancer_extraction/enhancer_pairs/FBgn0000463_Spearman/chr3R_19339027-19339227__chr3R_19350401-19350687	chr3R:19339027-19339227	chr3R:19350401-19350687	name	28	35	40	55	15	48	0.3125	0.457929	0.535714	0.0	0.4	0.287751	1.0	neither	yes	yes	0.2597402597402597	0.15384615384615385
FBgn0000463_Spearman	/Users/jillianness/Desktop/SEbirthanalysis1024/new_LASTZ_analysis/enhancer_extraction/enhancer_pairs/FBgn0000463_Spearman/chr3R_19326610-19326911__chr3R_19346468-19346888	chr3R:19326610-19326911	chr3R:19346468-19346888	name	73	76	108	147	50	99	0.505051	0.519044	0.684932	0.0	0.478431	0.364464	1.0	neither	yes	yes	0.29797979797979796	0.13333333333333333
FBgn0000463_Spearman	/Users/jillianness/Desktop/SEbirthanalysis1024/new_LASTZ_analysis/enhancer_extraction/enhancer_pairs/FBgn0000463_Spearman/chr3R_19287679-19287954__chr3R_19339027-19339227	chr3R:19287679-19287954	chr3R:19339027-19339227	name	81	28	102	40	12	97	0.123711	0.217464	0.428571	0.0	0.183099	0.136165	1.0	neither	yes	yes	0.09923664122137404	0.15384615384615385
FBgn0000463_Spearman	/Users/jillianness/Desktop/SEbirthanalysis1024/new_LASTZ_analysis/enhancer_extraction/enhancer_pairs/FBgn0000463_Spearman/chr3R_19339027-19339227__chr3R_19343988-19344362	chr3R:19339027-19339227	chr3R:19343988-19344362	name	28	96	40	150	17	107	0.158879	0.352282	0.607143	0.0	0.210526	0.212916	1.0	neither	yes	yes	0.12280701754385964	0.0
FBgn0000463_Spearman	/Users/jillianness/Desktop/SEbirthanalysis1024/new_LASTZ_analysis/enhancer_extraction/enhancer_pairs/FBgn0000463_Spearman/chr3R_19317230-19317464__chr3R_19350401-19350687	chr3R:19317230-19317464	chr3R:19350401-19350687	name	28	35	34	55	14	49	0.285714	0.358632	0.5	0.0	0.359551	0.248215	1.0	neither	yes	yes	0.18181818181818182	0.4
FBgn0000463_Spearman	/Users/jillianness/Desktop/SEbirthanalysis1024/new_LASTZ_analysis/enhancer_extraction/enhancer_pairs/FBgn0000463_Spearman/chr3R_19332565-19332811__chr3R_19343351-19343609	chr3R:19332565-19332811	chr3R:19343351-19343609	name	27	29	42	39	11	45	0.244444	0.260466	0.407407	0.0	0.271605	0.194472	1.0	neither	yes	yes	0.1527777777777778	0.0
FBgn0000463_Spearman	/Users/jillianness/Desktop/SEbirthanalysis1024/new_LASTZ_analysis/enhancer_extraction/enhancer_pairs/FBgn0000463_Spearman/chr3R_19329924-19330208__chr3R_19346468-19346888	chr3R:19329924-19330208	chr3R:19346468-19346888	name	32	76	52	147	21	87	0.241379	0.499541	0.65625	0.0	0.301508	0.298497	1.0	neither	yes	yes	0.18235294117647058	0.47368421052631576
FBgn0000463_Spearman	/Users/jillianness/Desktop/SEbirthanalysis1024/new_LASTZ_analysis/enhancer_extraction/enhancer_pairs/FBgn0000463_Spearman/chr3R_19326610-19326911__chr3R_19350401-19350687	chr3R:19326610-19326911	chr3R:19350401-19350687	name	73	35	108	55	13	95	0.136842	0.310192	0.371429	0.0	0.196319	0.155225	1.0	neither	yes	yes	0.1	0.08333333333333333
FBgn0000463_Spearman	/Users/jillianness/Desktop/SEbirthanalysis1024/new_LASTZ_analysis/enhancer_extraction/enhancer_pairs/FBgn0000463_Spearman/chr3R_19332565-19332811__chr3R_19339027-19339227	chr3R:19332565-19332811	chr3R:19339027-19339227	name	27	28	42	40	10	45	0.222222	0.293047	0.37037	0.0	0.268293	0.196546	1.0	neither	yes	yes	0.13513513513513514	0.2
FBgn0000463_Spearman	/Users/jillianness/Desktop/SEbirthanalysis1024/new_LASTZ_analysis/enhancer_extraction/enhancer_pairs/FBgn0000463_Spearman/chr3R_19329924-19330208__chr3R_19343988-19344362	chr3R:19329924-19330208	chr3R:19343988-19344362	name	32	96	52	150	16	112	0.142857	0.348423	0.5	0.0	0.227723	0.188918	1.0	neither	yes	yes	0.12087912087912088	0.23529411764705882
FBgn0000463_Spearman	/Users/jillianness/Desktop/SEbirthanalysis1024/new_LASTZ_analysis/enhancer_extraction/enhancer_pairs/FBgn0000463_Spearman/chr3R_19339027-19339227__chr3R_19346468-19346888	chr3R:19339027-19339227	chr3R:19346468-19346888	name	28	76	40	147	19	85	0.223529	0.389748	0.678571	0.0	0.256684	0.258148	1.0	neither	yes	yes	0.1524390243902439	0.05555555555555555
FBgn0000463_Spearman	/Users/jillianness/Desktop/SEbirthanalysis1024/new_LASTZ_analysis/enhancer_extraction/enhancer_pairs/FBgn0000463_Spearman/chr3R_19287679-19287954__chr3R_19340770-19340970	chr3R:19287679-19287954	chr3R:19340770-19340970	name	81	24	102	31	13	92	0.141304	0.409146	0.541667	0.0	0.240602	0.196916	1.0	neither	yes	yes	0.11570247933884298	0.09090909090909091
FBgn0000463_Spearman	/Users/jillianness/Desktop/SEbirthanalysis1024/new_LASTZ_analysis/enhancer_extraction/enhancer_pairs/FBgn0000463_Spearman/chr3R_19343351-19343609__chr3R_19346468-19346888	chr3R:19343351-19343609	chr3R:19346468-19346888	name	29	76	39	147	22	83	0.26506	0.440872	0.758621	0.0	0.268817	0.319359	1.0	neither	yes	yes	0.14634146341463414	0.0
FBgn0000463_Spearman	/Users/jillianness/Desktop/SEbirthanalysis1024/new_LASTZ_analysis/enhancer_extraction/enhancer_pairs/FBgn0000463_Spearman/chr3R_19287679-19287954__chr3R_19329924-19330208	chr3R:19287679-19287954	chr3R:19329924-19330208	name	81	32	102	52	9	104	0.086538	0.261959	0.28125	0.0	0.181818	0.118213	1.0	neither	yes	yes	0.09090909090909091	0.2
FBgn0000463_Spearman	/Users/jillianness/Desktop/SEbirthanalysis1024/new_LASTZ_analysis/enhancer_extraction/enhancer_pairs/FBgn0000463_Spearman/chr3R_19329924-19330208__chr3R_19332565-19332811	chr3R:19329924-19330208	chr3R:19332565-19332811	name	32	27	52	42	11	48	0.229167	0.423608	0.407407	0.0	0.361702	0.242876	1.0	neither	yes	yes	0.2	0.23529411764705882
FBgn0000463_Spearman	/Users/jillianness/Desktop/SEbirthanalysis1024/new_LASTZ_analysis/enhancer_extraction/enhancer_pairs/FBgn0000463_Spearman/chr3R_19287679-19287954__chr3R_19317230-19317464	chr3R:19287679-19287954	chr3R:19317230-19317464	name	81	28	102	34	10	99	0.10101	0.273336	0.357143	0.0	0.176471	0.131212	1.0	neither	yes	yes	0.09523809523809523	0.2727272727272727
FBgn0000463_Spearman	/Users/jillianness/Desktop/SEbirthanalysis1024/new_LASTZ_analysis/enhancer_extraction/enhancer_pairs/FBgn0000463_Spearman/chr3R_19343351-19343609__chr3R_19343988-19344362	chr3R:19343351-19343609	chr3R:19343988-19344362	name	29	96	39	150	16	109	0.146789	0.347448	0.551724	0.0	0.21164	0.202518	1.0	neither	yes	yes	0.12352941176470589	0.1111111111111111
FBgn0000463_Spearman	/Users/jillianness/Desktop/SEbirthanalysis1024/new_LASTZ_analysis/enhancer_extraction/enhancer_pairs/FBgn0000463_Spearman/chr3R_19340770-19340970__chr3R_19343351-19343609	chr3R:19340770-19340970	chr3R:19343351-19343609	name	24	29	31	39	12	41	0.292683	0.356405	0.5	0.0	0.342857	0.250099	1.0	neither	yes	yes	0.2	0.0
FBgn0000463_Spearman	/Users/jillianness/Desktop/SEbirthanalysis1024/new_LASTZ_analysis/enhancer_extraction/enhancer_pairs/FBgn0000463_Spearman/chr3R_19317230-19317464__chr3R_19326610-19326911	chr3R:19317230-19317464	chr3R:19326610-19326911	name	28	73	34	108	10	91	0.10989	0.1497	0.357143	0.0	0.140845	0.102893	1.0	neither	yes	yes	0.08270676691729323	0.16666666666666666
FBgn0000463_Spearman	/Users/jillianness/Desktop/SEbirthanalysis1024/new_LASTZ_analysis/enhancer_extraction/enhancer_pairs/FBgn0000463_Spearman/chr3R_19326610-19326911__chr3R_19332565-19332811	chr3R:19326610-19326911	chr3R:19332565-19332811	name	73	27	108	42	14	86	0.162791	0.46707	0.518519	0.0	0.253333	0.204382	1.0	neither	yes	yes	0.13432835820895522	0.0
FBgn0000463_Spearman	/Users/jillianness/Desktop/SEbirthanalysis1024/new_LASTZ_analysis/enhancer_extraction/enhancer_pairs/FBgn0000463_Spearman/chr3R_19343351-19343609__chr3R_19350401-19350687	chr3R:19343351-19343609	chr3R:19350401-19350687	name	29	35	39	55	14	50	0.28	0.432963	0.482759	0.0	0.319149	0.273097	1.0	enhancer_hit	yes	yes	0.18518518518518517	0.08333333333333333
FBgn0000463_Spearman	/Users/jillianness/Desktop/SEbirthanalysis1024/new_LASTZ_analysis/enhancer_extraction/enhancer_pairs/FBgn0000463_Spearman/chr3R_19317230-19317464__chr3R_19332565-19332811	chr3R:19317230-19317464	chr3R:19332565-19332811	name	28	27	34	42	6	49	0.122449	0.340005	0.222222	0.0	0.236842	0.159047	1.0	neither	yes	yes	0.09859154929577464	0.2222222222222222
FBgn0000463_Spearman	/Users/jillianness/Desktop/SEbirthanalysis1024/new_LASTZ_analysis/enhancer_extraction/enhancer_pairs/FBgn0000463_Spearman/chr3R_19340770-19340970__chr3R_19350401-19350687	chr3R:19340770-19340970	chr3R:19350401-19350687	name	24	35	31	55	11	48	0.229167	0.447083	0.458333	0.0	0.325581	0.235721	1.0	neither	yes	yes	0.1891891891891892	0.2
FBgn0000463_Spearman	/Users/jillianness/Desktop/SEbirthanalysis1024/new_LASTZ_analysis/enhancer_extraction/enhancer_pairs/FBgn0000463_Spearman/chr3R_19287679-19287954__chr3R_19332565-19332811	chr3R:19287679-19287954	chr3R:19332565-19332811	name	81	27	102	42	10	98	0.102041	0.404068	0.37037	0.0	0.208333	0.16478	1.0	neither	yes	yes	0.12307692307692308	0.5454545454545454
FBgn0000463_Spearman	/Users/jillianness/Desktop/SEbirthanalysis1024/new_LASTZ_analysis/enhancer_extraction/enhancer_pairs/FBgn0000463_Spearman/chr3R_19340770-19340970__chr3R_19343988-19344362	chr3R:19340770-19340970	chr3R:19343988-19344362	name	24	96	31	150	17	103	0.165049	0.54306	0.708333	0.0	0.243094	0.26805	1.0	enhancer_hit	yes	yes	0.12269938650306748	0.125
FBgn0000463_Spearman	/Users/jillianness/Desktop/SEbirthanalysis1024/new_LASTZ_analysis/enhancer_extraction/enhancer_pairs/FBgn0000463_Spearman/chr3R_19326610-19326911__chr3R_19329924-19330208	chr3R:19326610-19326911	chr3R:19329924-19330208	name	73	32	108	52	13	92	0.141304	0.246851	0.40625	0.0	0.1875	0.144631	1.0	neither	yes	yes	0.10204081632653061	0.0625
FBgn0000463_Spearman	/Users/jillianness/Desktop/SEbirthanalysis1024/new_LASTZ_analysis/enhancer_extraction/enhancer_pairs/FBgn0000463_Spearman/chr3R_19287679-19287954__chr3R_19326610-19326911	chr3R:19287679-19287954	chr3R:19326610-19326911	name	81	73	102	108	52	102	0.509804	0.510276	0.712329	0.0	0.533333	0.401091	1.0	neither	yes	yes	0.34177215189873417	0.0
FBgn0000463_Spearman	/Users/jillianness/Desktop/SEbirthanalysis1024/new_LASTZ_analysis/enhancer_extraction/enhancer_pairs/FBgn0000463_Spearman/chr3R_19340770-19340970__chr3R_19346468-19346888	chr3R:19340770-19340970	chr3R:19346468-19346888	name	24	76	31	147	19	81	0.234568	0.653221	0.791667	0.0	0.280899	0.355906	1.0	neither	yes	yes	0.15384615384615385	0.06666666666666667
FBgn0000463_Spearman	/Users/jillianness/Desktop/SEbirthanalysis1024/new_LASTZ_analysis/enhancer_extraction/enhancer_pairs/FBgn0000463_Spearman/chr3R_19317230-19317464__chr3R_19329924-19330208	chr3R:19317230-19317464	chr3R:19329924-19330208	name	28	32	34	52	11	49	0.22449	0.251574	0.392857	0.0	0.27907	0.182904	1.0	neither	yes	yes	0.15789473684210525	0.2
FBgn0000463_Spearman	/Users/jillianness/Desktop/SEbirthanalysis1024/new_LASTZ_analysis/enhancer_extraction/enhancer_pairs/FBgn0000463_Spearman/chr3R_19326610-19326911__chr3R_19340770-19340970	chr3R:19326610-19326911	chr3R:19340770-19340970	name	73	24	108	31	9	88	0.102273	0.231561	0.375	0.0	0.143885	0.130048	1.0	neither	yes	yes	0.06015037593984962	0.0
FBgn0000463_Spearman	/Users/jillianness/Desktop/SEbirthanalysis1024/new_LASTZ_analysis/enhancer_extraction/enhancer_pairs/FBgn0000463_Spearman/chr3R_19332565-19332811__chr3R_19346468-19346888	chr3R:19332565-19332811	chr3R:19346468-19346888	name	27	76	42	147	18	85	0.211765	0.616428	0.666667	0.0	0.306878	0.301249	1.0	neither	yes	yes	0.18633540372670807	0.16666666666666666
FBgn0000463_Spearman	/Users/jillianness/Desktop/SEbirthanalysis1024/new_LASTZ_analysis/enhancer_extraction/enhancer_pairs/FBgn0000463_Spearman/chr3R_19329924-19330208__chr3R_19343351-19343609	chr3R:19329924-19330208	chr3R:19343351-19343609	name	32	29	52	39	10	51	0.196078	0.232184	0.344828	0.0	0.241758	0.17379	1.0	neither	yes	yes	0.12048192771084337	0.0
FBgn0000463_Spearman	/Users/jillianness/Desktop/SEbirthanalysis1024/new_LASTZ_analysis/enhancer_extraction/enhancer_pairs/FBgn0000463_Spearman/chr3R_19287679-19287954__chr3R_19350401-19350687	chr3R:19287679-19287954	chr3R:19350401-19350687	name	81	35	102	55	10	106	0.09434	0.45746	0.285714	0.0	0.242038	0.162297	1.0	neither	yes	yes	0.1276595744680851	0.5384615384615384
FBgn0000463_Spearman	/Users/jillianness/Desktop/SEbirthanalysis1024/new_LASTZ_analysis/enhancer_extraction/enhancer_pairs/FBgn0000463_Spearman/chr3R_19317230-19317464__chr3R_19340770-19340970	chr3R:19317230-19317464	chr3R:19340770-19340970	name	28	24	34	31	9	43	0.209302	0.445012	0.375	0.0	0.338462	0.219579	1.0	neither	yes	yes	0.15517241379310345	0.2
FBgn0000463_Spearman	/Users/jillianness/Desktop/SEbirthanalysis1024/new_LASTZ_analysis/enhancer_extraction/enhancer_pairs/FBgn0000463_Spearman/chr3R_19329924-19330208__chr3R_19339027-19339227	chr3R:19329924-19330208	chr3R:19339027-19339227	name	32	28	52	40	13	47	0.276596	0.567886	0.464286	0.0	0.369565	0.301933	1.0	neither	yes	yes	0.22077922077922077	0.1875
FBgn0000463_Spearman	/Users/jillianness/Desktop/SEbirthanalysis1024/new_LASTZ_analysis/enhancer_extraction/enhancer_pairs/FBgn0000463_Spearman/chr3R_19332565-19332811__chr3R_19343988-19344362	chr3R:19332565-19332811	chr3R:19343988-19344362	name	27	96	42	150	16	107	0.149533	0.523656	0.592593	0.0	0.260417	0.227323	1.0	neither	yes	yes	0.14792899408284024	0.4
FBgn0000463_Spearman	/Users/jillianness/Desktop/SEbirthanalysis1024/new_LASTZ_analysis/enhancer_extraction/enhancer_pairs/FBgn0000463_Spearman/chr3R_19339027-19339227__chr3R_19343351-19343609	chr3R:19339027-19339227	chr3R:19343351-19343609	name	28	29	40	39	11	46	0.23913	0.350449	0.392857	0.0	0.329114	0.219306	1.0	neither	yes	yes	0.19117647058823528	0.0
FBgn0000463_Spearman	/Users/jillianness/Desktop/SEbirthanalysis1024/new_LASTZ_analysis/enhancer_extraction/enhancer_pairs/FBgn0000463_Spearman/chr3R_19343988-19344362__chr3R_19350401-19350687	chr3R:19343988-19344362	chr3R:19350401-19350687	name	96	35	150	55	21	110	0.190909	0.40613	0.6	0.0	0.282927	0.22294	1.0	neither	yes	yes	0.16292134831460675	0.5454545454545454
FBgn0000463_Spearman	/Users/jillianness/Desktop/SEbirthanalysis1024/new_LASTZ_analysis/enhancer_extraction/enhancer_pairs/FBgn0000463_Spearman/chr3R_19339027-19339227__chr3R_19340770-19340970	chr3R:19339027-19339227	chr3R:19340770-19340970	name	28	24	40	31	13	39	0.333333	0.33125	0.541667	0.0	0.366197	0.251503	1.0	neither	yes	yes	0.23728813559322035	0.16666666666666666
FBgn0000463_Spearman	/Users/jillianness/Desktop/SEbirthanalysis1024/new_LASTZ_analysis/enhancer_extraction/enhancer_pairs/FBgn0000463_Spearman/chr3R_19332565-19332811__chr3R_19350401-19350687	chr3R:19332565-19332811	chr3R:19350401-19350687	name	27	35	42	55	12	50	0.24	0.541155	0.444444	0.0	0.391753	0.267957	1.0	enhancer_hit	yes	yes	0.2375	0.5454545454545454
FBgn0000463_Spearman	/Users/jillianness/Desktop/SEbirthanalysis1024/new_LASTZ_analysis/enhancer_extraction/enhancer_pairs/FBgn0000463_Spearman/chr3R_19326610-19326911__chr3R_19339027-19339227	chr3R:19326610-19326911	chr3R:19339027-19339227	name	73	28	108	40	10	91	0.10989	0.174563	0.357143	0.0	0.135135	0.113481	1.0	neither	yes	yes	0.06382978723404255	0.0
FBgn0000463_Spearman	/Users/jillianness/Desktop/SEbirthanalysis1024/new_LASTZ_analysis/enhancer_extraction/enhancer_pairs/FBgn0000463_Spearman/chr3R_19287679-19287954__chr3R_19346468-19346888	chr3R:19287679-19287954	chr3R:19346468-19346888	name	81	76	102	147	41	116	0.353448	0.497708	0.539474	0.0	0.401606	0.30552	1.0	neither	yes	yes	0.24875621890547264	0.2
FBgn0000463_Spearman	/Users/jillianness/Desktop/SEbirthanalysis1024/new_LASTZ_analysis/enhancer_extraction/enhancer_pairs/FBgn0000463_Spearman/chr3R_19317230-19317464__chr3R_19343351-19343609	chr3R:19317230-19317464	chr3R:19343351-19343609	name	28	29	34	39	12	45	0.266667	0.288012	0.428571	0.0	0.328767	0.214997	1.0	neither	yes	yes	0.13636363636363635	0.0
FBgn0000463_Spearman	/Users/jillianness/Desktop/SEbirthanalysis1024/new_LASTZ_analysis/enhancer_extraction/enhancer_pairs/FBgn0000463_Spearman/chr3R_19346468-19346888__chr3R_19350401-19350687	chr3R:19346468-19346888	chr3R:19350401-19350687	name	76	35	147	55	24	87	0.275862	0.562202	0.685714	0.0	0.346535	0.30835	1.0	neither	yes	yes	0.20710059171597633	0.2631578947368421
FBgn0000463_Spearman	/Users/jillianness/Desktop/SEbirthanalysis1024/new_LASTZ_analysis/enhancer_extraction/enhancer_pairs/FBgn0000463_Spearman/chr3R_19343988-19344362__chr3R_19346468-19346888	chr3R:19343988-19344362	chr3R:19346468-19346888	name	96	76	150	147	55	117	0.470085	0.705937	0.723684	0.0	0.558923	0.443426	1.0	neither	yes	yes	0.365296803652968	0.23529411764705882
FBgn0000463_Spearman	/Users/jillianness/Desktop/SEbirthanalysis1024/new_LASTZ_analysis/enhancer_extraction/enhancer_pairs/FBgn0000463_Spearman/chr3R_19329924-19330208__chr3R_19340770-19340970	chr3R:19329924-19330208	chr3R:19340770-19340970	name	32	24	52	31	8	48	0.166667	0.340222	0.333333	0.0	0.26506	0.178586	1.0	neither	yes	yes	0.1038961038961039	0.14285714285714285
FBgn0000463_Spearman	/Users/jillianness/Desktop/SEbirthanalysis1024/new_LASTZ_analysis/enhancer_extraction/enhancer_pairs/FBgn0000463_Spearman/chr3R_19317230-19317464__chr3R_19339027-19339227	chr3R:19317230-19317464	chr3R:19339027-19339227	name	28	28	34	40	8	48	0.166667	0.215473	0.285714	0.0	0.216216	0.145879	1.0	neither	yes	yes	0.11764705882352941	0.0
FBgn0000463_Spearman	/Users/jillianness/Desktop/SEbirthanalysis1024/new_LASTZ_analysis/enhancer_extraction/enhancer_pairs/FBgn0000463_Spearman/chr3R_19326610-19326911__chr3R_19343351-19343609	chr3R:19326610-19326911	chr3R:19343351-19343609	name	73	29	108	39	14	88	0.159091	0.240491	0.482759	0.0	0.204082	0.16394	1.0	neither	yes	yes	0.08759124087591241	0.0
FBgn0000463_Spearman	/Users/jillianness/Desktop/SEbirthanalysis1024/new_LASTZ_analysis/enhancer_extraction/enhancer_pairs/FBgn0000463_Spearman/chr3R_19287679-19287954__chr3R_19343988-19344362	chr3R:19287679-19287954	chr3R:19343988-19344362	name	81	96	102	150	68	109	0.623853	0.572325	0.839506	0.0	0.603175	0.47475	1.0	neither	yes	yes	0.4431818181818182	0.7
FBgn0011722_sm	/Users/jillianness/Desktop/SEbirthanalysis1024/new_LASTZ_analysis/enhancer_extraction/enhancer_pairs/FBgn0011722_sm/chr2L_6422856-6423068__chr2L_6423550-6423750	chr2L:6422856-6423068	chr2L:6423550-6423750	name	30	20	46	27	6	44	0.136364	0.274184	0.3	0.0	0.191781	0.15536	1.0	neither	yes	yes	0.11940298507462686	0.25
FBgn0011722_sm	/Users/jillianness/Desktop/SEbirthanalysis1024/new_LASTZ_analysis/enhancer_extraction/enhancer_pairs/FBgn0011722_sm/chr2L_6411470-6411744__chr2L_6423550-6423750	chr2L:6411470-6411744	chr2L:6423550-6423750	name	45	20	72	27	12	53	0.226415	0.528561	0.6	0.0	0.323232	0.294827	1.0	neither	yes	yes	0.18823529411764706	0.36363636363636365
FBgn0011722_sm	/Users/jillianness/Desktop/SEbirthanalysis1024/new_LASTZ_analysis/enhancer_extraction/enhancer_pairs/FBgn0011722_sm/chr2L_6411470-6411744__chr2L_6422856-6423068	chr2L:6411470-6411744	chr2L:6422856-6423068	name	45	30	72	46	14	61	0.229508	0.527646	0.466667	0.0	0.389831	0.263079	1.0	neither	yes	yes	0.23711340206185566	0.25
FBgn0028895_meso	/Users/jillianness/Desktop/SEbirthanalysis1024/new_LASTZ_analysis/enhancer_extraction/enhancer_pairs/FBgn0028895_meso/chr2L_16276078-16276279__chr2L_16277332-16277560	chr2L:16276078-16276279	chr2L:16277332-16277560	name	25	47	75	61	12	60	0.2	0.069759	0.48	0.0	0.191176	0.129541	1.0	neither	yes	yes	0.08661417322834646	0.1111111111111111
FBgn0037001_vm	/Users/jillianness/Desktop/SEbirthanalysis1024/new_LASTZ_analysis/enhancer_extraction/enhancer_pairs/FBgn0037001_vm/chr3L_20415688-20415906__chr3L_20448593-20448874	chr3L:20415688-20415906	chr3L:20448593-20448874	name	33	102	60	288	16	119	0.134454	0.205541	0.484848	0.0	0.132184	0.12978	1.0	neither	yes	yes	0.06707317073170732	0.047619047619047616
FBgn0028369_meso_sm	/Users/jillianness/Desktop/SEbirthanalysis1024/new_LASTZ_analysis/enhancer_extraction/enhancer_pairs/FBgn0028369_meso_sm/chrX_2944529-2944919__chrX_3044554-3044926	chrX:2944529-2944919	chrX:3044554-3044926	name	58	107	124	344	45	120	0.375	0.374018	0.775862	0.0	0.320513	0.305158	1.0	neither	yes	yes	0.189873417721519	0.041666666666666664
FBgn0028369_meso_sm	/Users/jillianness/Desktop/SEbirthanalysis1024/new_LASTZ_analysis/enhancer_extraction/enhancer_pairs/FBgn0028369_meso_sm/chrX_2944529-2944919__chrX_3104146-3104671	chrX:2944529-2944919	chrX:3104146-3104671	name	58	55	124	184	23	90	0.255556	0.698886	0.418182	0.0	0.38961	0.334654	1.0	enhancer_hit	yes	yes	0.23015873015873015	0.5833333333333334
FBgn0028369_meso_sm	/Users/jillianness/Desktop/SEbirthanalysis1024/new_LASTZ_analysis/enhancer_extraction/enhancer_pairs/FBgn0028369_meso_sm/chrX_3044554-3044926__chrX_3104146-3104671	chrX:3044554-3044926	chrX:3104146-3104671	name	107	55	344	184	35	127	0.275591	0.216639	0.636364	0.0	0.193182	0.195472	1.0	flank_hit	yes	yes	0.10416666666666667	0.09090909090909091
FBgn0000014_meso	/Users/jillianness/Desktop/SEbirthanalysis1024/new_LASTZ_analysis/enhancer_extraction/enhancer_pairs/FBgn0000014_meso/chr3R_16744397-16744662__chr3R_16892248-16892452	chr3R:16744397-16744662	chr3R:16892248-16892452	name	31	28	53	51	8	51	0.156863	0.297932	0.285714	0.0	0.25	0.158927	1.0	neither	yes	yes	0.15217391304347827	0.26666666666666666
FBgn0032487_Spearman	/Users/jillianness/Desktop/SEbirthanalysis1024/new_LASTZ_analysis/enhancer_extraction/enhancer_pairs/FBgn0032487_Spearman/chr2L_13211918-13212118__chr2L_13225382-13225582	chr2L:13211918-13212118	chr2L:13225382-13225582	name	26	76	31	119	7	95	0.073684	0.103523	0.269231	0.0	0.093333	0.070328	1.0	neither	yes	yes	0.0410958904109589	0.0
FBgn0032487_Spearman	/Users/jillianness/Desktop/SEbirthanalysis1024/new_LASTZ_analysis/enhancer_extraction/enhancer_pairs/FBgn0032487_Spearman/chr2L_13211918-13212118__chr2L_13229384-13229619	chr2L:13211918-13212118	chr2L:13229384-13229619	name	26	52	31	84	13	65	0.2	0.297187	0.5	0.0	0.226087	0.19191	1.0	neither	yes	yes	0.11428571428571428	0.0
FBgn0032487_Spearman	/Users/jillianness/Desktop/SEbirthanalysis1024/new_LASTZ_analysis/enhancer_extraction/enhancer_pairs/FBgn0032487_Spearman/chr2L_13215675-13216164__chr2L_13225382-13225582	chr2L:13215675-13216164	chr2L:13225382-13225582	name	64	76	118	119	25	115	0.217391	0.298051	0.390625	0.0	0.244726	0.185886	1.0	neither	yes	yes	0.12735849056603774	0.0
FBgn0032487_Spearman	/Users/jillianness/Desktop/SEbirthanalysis1024/new_LASTZ_analysis/enhancer_extraction/enhancer_pairs/FBgn0032487_Spearman/chr2L_13215675-13216164__chr2L_13229384-13229619	chr2L:13215675-13216164	chr2L:13229384-13229619	name	64	52	118	84	29	87	0.333333	0.448381	0.557692	0.0	0.356436	0.286058	1.0	neither	yes	yes	0.21428571428571427	0.13333333333333333
FBgn0032487_Spearman	/Users/jillianness/Desktop/SEbirthanalysis1024/new_LASTZ_analysis/enhancer_extraction/enhancer_pairs/FBgn0032487_Spearman/chr2L_13211918-13212118__chr2L_13215675-13216164	chr2L:13211918-13212118	chr2L:13215675-13216164	name	26	64	31	118	24	66	0.363636	0.518906	0.923077	0.0	0.389262	0.363521	1.0	enhancer_hit	yes	yes	0.24793388429752067	0.16666666666666666
FBgn0032487_Spearman	/Users/jillianness/Desktop/SEbirthanalysis1024/new_LASTZ_analysis/enhancer_extraction/enhancer_pairs/FBgn0032487_Spearman/chr2L_13225382-13225582__chr2L_13229384-13229619	chr2L:13225382-13225582	chr2L:13229384-13229619	name	76	52	119	84	21	107	0.196262	0.239143	0.403846	0.0	0.226601	0.155349	1.0	flank_hit	yes	yes	0.12637362637362637	0.09090909090909091
FBgn0014863_vm	/Users/jillianness/Desktop/SEbirthanalysis1024/new_LASTZ_analysis/enhancer_extraction/enhancer_pairs/FBgn0014863_vm/chr3R_7108574-7109019__chr3R_7113126-7113381	chr3R:7108574-7109019	chr3R:7113126-7113381	name	95	50	144	67	40	105	0.380952	0.451116	0.8	0.0	0.42654	0.342284	1.0	neither	yes	yes	0.26785714285714285	0.1111111111111111
FBgn0010379_vm	/Users/jillianness/Desktop/SEbirthanalysis1024/new_LASTZ_analysis/enhancer_extraction/enhancer_pairs/FBgn0010379_vm/chr3R_16073986-16074304__chr3R_16094907-16095107	chr3R:16073986-16074304	chr3R:16094907-16095107	name	43	28	83	40	15	56	0.267857	0.349391	0.535714	0.0	0.308943	0.256633	1.0	neither	yes	yes	0.1574074074074074	0.25
FBgn0010379_vm	/Users/jillianness/Desktop/SEbirthanalysis1024/new_LASTZ_analysis/enhancer_extraction/enhancer_pairs/FBgn0010379_vm/chr3R_16073986-16074304__chr3R_16091648-16091848	chr3R:16073986-16074304	chr3R:16091648-16091848	name	43	82	83	237	16	109	0.146789	0.255091	0.372093	0.0	0.14375	0.141612	1.0	neither	yes	yes	0.06622516556291391	0.0
FBgn0010379_vm	/Users/jillianness/Desktop/SEbirthanalysis1024/new_LASTZ_analysis/enhancer_extraction/enhancer_pairs/FBgn0010379_vm/chr3R_16091648-16091848__chr3R_16094907-16095107	chr3R:16091648-16091848	chr3R:16094907-16095107	name	82	28	237	40	5	105	0.047619	0.092524	0.178571	0.0	0.043321	0.054331	1.0	neither	yes	yes	0.010869565217391304	0.0
FBgn0036194_sm	/Users/jillianness/Desktop/SEbirthanalysis1024/new_LASTZ_analysis/enhancer_extraction/enhancer_pairs/FBgn0036194_sm/chr3L_11684552-11684880__chr3L_11685890-11686273	chr3L:11684552-11684880	chr3L:11685890-11686273	name	103	44	269	76	24	123	0.195122	0.177197	0.545455	0.0	0.168116	0.147795	1.0	neither	yes	yes	0.07763975155279502	0.14285714285714285
FBgn0037207_vm	/Users/jillianness/Desktop/SEbirthanalysis1024/new_LASTZ_analysis/enhancer_extraction/enhancer_pairs/FBgn0037207_vm/chr3L_22851931-22852313__chr3L_22946089-22946293	chr3L:22851931-22852313	chr3L:22946089-22946293	name	104	18	222	31	13	109	0.119266	0.199104	0.722222	0.0	0.118577	0.150119	1.0	neither	yes	yes	0.0625	0.0625
FBgn0016797_vm	/Users/jillianness/Desktop/SEbirthanalysis1024/new_LASTZ_analysis/enhancer_extraction/enhancer_pairs/FBgn0016797_vm/chr3L_19164181-19164596__chr3L_19175349-19175549	chr3L:19164181-19164596	chr3L:19175349-19175549	name	94	27	183	41	15	106	0.141509	0.319153	0.555556	0.0	0.1875	0.165426	1.0	neither	yes	yes	0.09178743961352658	0.1875
FBgn0016797_vm	/Users/jillianness/Desktop/SEbirthanalysis1024/new_LASTZ_analysis/enhancer_extraction/enhancer_pairs/FBgn0016797_vm/chr3L_19164181-19164596__chr3L_19174386-19174928	chr3L:19164181-19164596	chr3L:19174386-19174928	name	94	110	183	243	80	124	0.645161	0.676483	0.851064	0.0	0.615023	0.519284	1.0	neither	yes	yes	0.4266666666666667	0.631578947368421
FBgn0016797_vm	/Users/jillianness/Desktop/SEbirthanalysis1024/new_LASTZ_analysis/enhancer_extraction/enhancer_pairs/FBgn0016797_vm/chr3L_19135570-19135853__chr3L_19159338-19159712	chr3L:19135570-19135853	chr3L:19159338-19159712	name	67	100	131	185	49	118	0.415254	0.433701	0.731343	0.0	0.424051	0.328073	1.0	neither	yes	yes	0.25691699604743085	0.25
FBgn0016797_vm	/Users/jillianness/Desktop/SEbirthanalysis1024/new_LASTZ_analysis/enhancer_extraction/enhancer_pairs/FBgn0016797_vm/chr3L_19159338-19159712__chr3L_19164181-19164596	chr3L:19159338-19159712	chr3L:19164181-19164596	name	100	94	185	183	70	124	0.564516	0.619882	0.744681	0.0	0.559783	0.464067	1.0	neither	yes	yes	0.36531365313653136	0.35
FBgn0016797_vm	/Users/jillianness/Desktop/SEbirthanalysis1024/new_LASTZ_analysis/enhancer_extraction/enhancer_pairs/FBgn0016797_vm/chr3L_19159338-19159712__chr3L_19175349-19175549	chr3L:19159338-19159712	chr3L:19175349-19175549	name	100	27	185	41	17	110	0.154545	0.458017	0.62963	0.0	0.221239	0.226817	1.0	neither	yes	yes	0.10679611650485436	0.2
FBgn0016797_vm	/Users/jillianness/Desktop/SEbirthanalysis1024/new_LASTZ_analysis/enhancer_extraction/enhancer_pairs/FBgn0016797_vm/chr3L_19159338-19159712__chr3L_19174386-19174928	chr3L:19159338-19159712	chr3L:19174386-19174928	name	100	110	185	243	87	123	0.707317	0.679544	0.87	0.0	0.598131	0.550843	1.0	neither	yes	yes	0.4006514657980456	0.25
FBgn0016797_vm	/Users/jillianness/Desktop/SEbirthanalysis1024/new_LASTZ_analysis/enhancer_extraction/enhancer_pairs/FBgn0016797_vm/chr3L_19135570-19135853__chr3L_19174386-19174928	chr3L:19135570-19135853	chr3L:19174386-19174928	name	67	110	131	243	54	123	0.439024	0.599738	0.80597	0.0	0.513369	0.399967	1.0	neither	yes	yes	0.3286219081272085	0.38095238095238093
FBgn0016797_vm	/Users/jillianness/Desktop/SEbirthanalysis1024/new_LASTZ_analysis/enhancer_extraction/enhancer_pairs/FBgn0016797_vm/chr3L_19135570-19135853__chr3L_19175349-19175549	chr3L:19135570-19135853	chr3L:19175349-19175549	name	67	27	131	41	12	82	0.146341	0.303403	0.444444	0.0	0.209302	0.162255	1.0	neither	yes	yes	0.09433962264150944	0.13333333333333333
FBgn0016797_vm	/Users/jillianness/Desktop/SEbirthanalysis1024/new_LASTZ_analysis/enhancer_extraction/enhancer_pairs/FBgn0016797_vm/chr3L_19174386-19174928__chr3L_19175349-19175549	chr3L:19174386-19174928	chr3L:19175349-19175549	name	110	27	243	41	18	119	0.151261	0.333546	0.666667	0.0	0.161972	0.178973	1.0	neither	yes	yes	0.0916030534351145	0.2222222222222222
FBgn0016797_vm	/Users/jillianness/Desktop/SEbirthanalysis1024/new_LASTZ_analysis/enhancer_extraction/enhancer_pairs/FBgn0016797_vm/chr3L_19135570-19135853__chr3L_19164181-19164596	chr3L:19135570-19135853	chr3L:19164181-19164596	name	67	94	131	183	57	104	0.548077	0.720584	0.850746	0.0	0.598726	0.493958	1.0	neither	yes	yes	0.39823008849557523	0.5294117647058824
FBgn0020762_Spearman	/Users/jillianness/Desktop/SEbirthanalysis1024/new_LASTZ_analysis/enhancer_extraction/enhancer_pairs/FBgn0020762_Spearman/chr2L_4351796-4352022__chr2L_4370195-4370400	chr2L:4351796-4352022	chr2L:4370195-4370400	name	80	27	133	51	11	96	0.114583	0.176569	0.407407	0.0	0.141304	0.121242	1.0	neither	yes	yes	0.07514450867052024	0.06666666666666667
FBgn0020762_Spearman	/Users/jillianness/Desktop/SEbirthanalysis1024/new_LASTZ_analysis/enhancer_extraction/enhancer_pairs/FBgn0020762_Spearman/chr2L_4363652-4364006__chr2L_4370195-4370400	chr2L:4363652-4364006	chr2L:4370195-4370400	name	51	27	75	51	13	65	0.2	0.486861	0.481481	0.0	0.31746	0.240125	1.0	neither	yes	yes	0.1743119266055046	0.3333333333333333
FBgn0020762_Spearman	/Users/jillianness/Desktop/SEbirthanalysis1024/new_LASTZ_analysis/enhancer_extraction/enhancer_pairs/FBgn0020762_Spearman/chr2L_4351796-4352022__chr2L_4363652-4364006	chr2L:4351796-4352022	chr2L:4363652-4364006	name	80	51	133	75	21	110	0.190909	0.210281	0.411765	0.0	0.211538	0.154902	1.0	neither	yes	yes	0.10526315789473684	0.2222222222222222
FBgn0023540_vm	/Users/jillianness/Desktop/SEbirthanalysis1024/new_LASTZ_analysis/enhancer_extraction/enhancer_pairs/FBgn0023540_vm/chrX_2097213-2097718__chrX_2100179-2100460	chrX:2097213-2097718	chrX:2100179-2100460	name	105	46	197	69	33	118	0.279661	0.468908	0.717391	0.0	0.338346	0.295535	1.0	enhancer_hit	yes	yes	0.19642857142857142	0.20833333333333334
FBgn0023540_vm	/Users/jillianness/Desktop/SEbirthanalysis1024/new_LASTZ_analysis/enhancer_extraction/enhancer_pairs/FBgn0023540_vm/chrX_2098250-2098696__chrX_2100179-2100460	chrX:2098250-2098696	chrX:2100179-2100460	name	72	46	137	69	30	88	0.340909	0.330689	0.652174	0.0	0.349515	0.281362	1.0	neither	yes	yes	0.18857142857142858	0.17391304347826086
FBgn0023540_vm	/Users/jillianness/Desktop/SEbirthanalysis1024/new_LASTZ_analysis/enhancer_extraction/enhancer_pairs/FBgn0023540_vm/chrX_2097213-2097718__chrX_2098250-2098696	chrX:2097213-2097718	chrX:2098250-2098696	name	105	72	197	137	46	131	0.351145	0.531909	0.638889	0.0	0.389222	0.319951	1.0	neither	yes	yes	0.22627737226277372	0.26666666666666666
FBgn0023540_vm	/Users/jillianness/Desktop/SEbirthanalysis1024/new_LASTZ_analysis/enhancer_extraction/enhancer_pairs/FBgn0023540_vm/chrX_2100179-2100460__chrX_2124693-2125061	chrX:2100179-2100460	chrX:2124693-2125061	name	46	101	69	161	30	117	0.25641	0.373954	0.652174	0.0	0.313043	0.247789	1.0	neither	yes	yes	0.17766497461928935	0.25
FBgn0023540_vm	/Users/jillianness/Desktop/SEbirthanalysis1024/new_LASTZ_analysis/enhancer_extraction/enhancer_pairs/FBgn0023540_vm/chrX_2098250-2098696__chrX_2124693-2125061	chrX:2098250-2098696	chrX:2124693-2125061	name	72	101	137	161	46	127	0.362205	0.312449	0.638889	0.0	0.389262	0.290618	1.0	neither	yes	yes	0.22950819672131148	0.2631578947368421
FBgn0023540_vm	/Users/jillianness/Desktop/SEbirthanalysis1024/new_LASTZ_analysis/enhancer_extraction/enhancer_pairs/FBgn0023540_vm/chrX_2097213-2097718__chrX_2124693-2125061	chrX:2097213-2097718	chrX:2124693-2125061	name	105	101	197	161	76	130	0.584615	0.551785	0.752475	0.0	0.52514	0.427641	1.0	neither	yes	yes	0.34831460674157305	0.13043478260869565
FBgn0001186_sm	/Users/jillianness/Desktop/SEbirthanalysis1024/new_LASTZ_analysis/enhancer_extraction/enhancer_pairs/FBgn0001186_sm/chrX_9534593-9534973__chrX_9537260-9537482	chrX:9534593-9534973	chrX:9537260-9537482	name	101	70	238	103	55	116	0.474138	0.539409	0.785714	0.0	0.434018	0.391083	1.0	neither	yes	yes	0.2656826568265683	0.3333333333333333
FBgn0001186_sm	/Users/jillianness/Desktop/SEbirthanalysis1024/new_LASTZ_analysis/enhancer_extraction/enhancer_pairs/FBgn0001186_sm/chrX_9534593-9534973__chrX_9535552-9535936	chrX:9534593-9534973	chrX:9535552-9535936	name	101	42	238	103	22	121	0.181818	0.32082	0.52381	0.0	0.217009	0.186441	1.0	neither	yes	yes	0.11726384364820847	0.10344827586206896
FBgn0001186_sm	/Users/jillianness/Desktop/SEbirthanalysis1024/new_LASTZ_analysis/enhancer_extraction/enhancer_pairs/FBgn0001186_sm/chrX_9534593-9534973__chrX_9609591-9609868	chrX:9534593-9534973	chrX:9609591-9609868	name	101	31	238	48	11	121	0.090909	0.089924	0.354839	0.0	0.076923	0.076647	1.0	neither	yes	yes	0.039711191335740074	0.058823529411764705
FBgn0001186_sm	/Users/jillianness/Desktop/SEbirthanalysis1024/new_LASTZ_analysis/enhancer_extraction/enhancer_pairs/FBgn0001186_sm/chrX_9537260-9537482__chrX_9609591-9609868	chrX:9537260-9537482	chrX:9609591-9609868	name	70	31	103	48	14	87	0.16092	0.289533	0.451613	0.0	0.211921	0.173457	1.0	neither	yes	yes	0.10071942446043165	0.16666666666666666
FBgn0001186_sm	/Users/jillianness/Desktop/SEbirthanalysis1024/new_LASTZ_analysis/enhancer_extraction/enhancer_pairs/FBgn0001186_sm/chrX_9535552-9535936__chrX_9609591-9609868	chrX:9535552-9535936	chrX:9609591-9609868	name	42	31	103	48	20	53	0.377358	0.378828	0.645161	0.0	0.357616	0.30822	1.0	neither	yes	yes	0.21428571428571427	0.13043478260869565
FBgn0001186_sm	/Users/jillianness/Desktop/SEbirthanalysis1024/new_LASTZ_analysis/enhancer_extraction/enhancer_pairs/FBgn0001186_sm/chrX_9535552-9535936__chrX_9537260-9537482	chrX:9535552-9535936	chrX:9537260-9537482	name	42	70	103	103	17	95	0.178947	0.290495	0.404762	0.0	0.213592	0.173597	1.0	neither	yes	yes	0.11229946524064172	0.12
FBgn0010341_sm	/Users/jillianness/Desktop/SEbirthanalysis1024/new_LASTZ_analysis/enhancer_extraction/enhancer_pairs/FBgn0010341_sm/chrX_19623427-19623800__chrX_19656920-19657594	chrX:19623427-19623800	chrX:19656920-19657594	name	39	53	59	110	31	61	0.508197	0.544903	0.794872	0.0	0.461538	0.421327	1.0	neither	yes	yes	0.29545454545454547	0.2857142857142857
FBgn0051368_vm	/Users/jillianness/Desktop/SEbirthanalysis1024/new_LASTZ_analysis/enhancer_extraction/enhancer_pairs/FBgn0051368_vm/chr3R_11851860-11852150__chr3R_11852470-11852670	chr3R:11851860-11852150	chr3R:11852470-11852670	name	79	89	133	265	61	107	0.570093	0.653765	0.772152	0.0	0.507538	0.473107	1.0	neither	yes	yes	0.3201320132013201	0.391304347826087
FBgn0000635_sm	/Users/jillianness/Desktop/SEbirthanalysis1024/new_LASTZ_analysis/enhancer_extraction/enhancer_pairs/FBgn0000635_sm/chrX_4140118-4140318__chrX_4156826-4157158	chrX:4140118-4140318	chrX:4156826-4157158	name	49	80	71	188	27	102	0.264706	0.617869	0.55102	0.0	0.301158	0.269351	1.0	neither	yes	yes	0.16517857142857142	0.1
FBgn0000635_sm	/Users/jillianness/Desktop/SEbirthanalysis1024/new_LASTZ_analysis/enhancer_extraction/enhancer_pairs/FBgn0000635_sm/chrX_4145024-4145343__chrX_4157881-4158081	chrX:4145024-4145343	chrX:4157881-4158081	name	42	43	88	59	17	68	0.25	0.673836	0.404762	0.0	0.353741	0.29781	1.0	neither	yes	yes	0.21138211382113822	0.4166666666666667
FBgn0000635_sm	/Users/jillianness/Desktop/SEbirthanalysis1024/new_LASTZ_analysis/enhancer_extraction/enhancer_pairs/FBgn0000635_sm/chrX_4145024-4145343__chrX_4157262-4157462	chrX:4145024-4145343	chrX:4157262-4157462	name	42	51	88	85	21	72	0.291667	0.13574	0.5	0.0	0.289017	0.204285	1.0	neither	yes	yes	0.15894039735099338	0.15384615384615385
FBgn0000635_sm	/Users/jillianness/Desktop/SEbirthanalysis1024/new_LASTZ_analysis/enhancer_extraction/enhancer_pairs/FBgn0000635_sm/chrX_4157262-4157462__chrX_4157881-4158081	chrX:4157262-4157462	chrX:4157881-4158081	name	51	43	85	59	19	75	0.253333	0.292066	0.44186	0.0	0.277778	0.224995	1.0	neither	yes	yes	0.14960629921259844	0.0
FBgn0000635_sm	/Users/jillianness/Desktop/SEbirthanalysis1024/new_LASTZ_analysis/enhancer_extraction/enhancer_pairs/FBgn0000635_sm/chrX_4140118-4140318__chrX_4157262-4157462	chrX:4140118-4140318	chrX:4157262-4157462	name	49	51	71	85	28	72	0.388889	0.462319	0.571429	0.0	0.410256	0.331894	1.0	neither	yes	yes	0.234375	0.25
FBgn0000635_sm	/Users/jillianness/Desktop/SEbirthanalysis1024/new_LASTZ_analysis/enhancer_extraction/enhancer_pairs/FBgn0000635_sm/chrX_4156826-4157158__chrX_4157881-4158081	chrX:4156826-4157158	chrX:4157881-4158081	name	80	43	188	59	25	98	0.255102	0.183998	0.581395	0.0	0.226721	0.209603	1.0	neither	yes	yes	0.12162162162162163	0.2
FBgn0000635_sm	/Users/jillianness/Desktop/SEbirthanalysis1024/new_LASTZ_analysis/enhancer_extraction/enhancer_pairs/FBgn0000635_sm/chrX_4156826-4157158__chrX_4157262-4157462	chrX:4156826-4157158	chrX:4157262-4157462	name	80	51	188	85	31	100	0.31	0.377086	0.607843	0.0	0.300366	0.276503	1.0	neither	yes	yes	0.1702127659574468	0.1
FBgn0000635_sm	/Users/jillianness/Desktop/SEbirthanalysis1024/new_LASTZ_analysis/enhancer_extraction/enhancer_pairs/FBgn0000635_sm/chrX_4145024-4145343__chrX_4156826-4157158	chrX:4145024-4145343	chrX:4156826-4157158	name	42	80	88	188	27	95	0.284211	0.162733	0.642857	0.0	0.231884	0.237712	1.0	neither	yes	yes	0.12550607287449392	0.22727272727272727
FBgn0000635_sm	/Users/jillianness/Desktop/SEbirthanalysis1024/new_LASTZ_analysis/enhancer_extraction/enhancer_pairs/FBgn0000635_sm/chrX_4140118-4140318__chrX_4157881-4158081	chrX:4140118-4140318	chrX:4157881-4158081	name	49	43	71	59	21	71	0.295775	0.275434	0.488372	0.0	0.369231	0.235548	1.0	neither	yes	yes	0.2	0.0
FBgn0000635_sm	/Users/jillianness/Desktop/SEbirthanalysis1024/new_LASTZ_analysis/enhancer_extraction/enhancer_pairs/FBgn0000635_sm/chrX_4140118-4140318__chrX_4145024-4145343	chrX:4140118-4140318	chrX:4145024-4145343	name	49	42	71	88	19	72	0.263889	0.139498	0.452381	0.0	0.264151	0.198116	1.0	neither	yes	yes	0.14184397163120568	0.15384615384615385
FBgn0034723_Spearman	/Users/jillianness/Desktop/SEbirthanalysis1024/new_LASTZ_analysis/enhancer_extraction/enhancer_pairs/FBgn0034723_Spearman/chr2R_22018043-22018243__chr2R_22028414-22028775	chr2R:22018043-22018243	chr2R:22028414-22028775	name	73	46	150	80	22	97	0.226804	0.367687	0.478261	0.0	0.278261	0.205582	1.0	neither	yes	yes	0.13725490196078433	0.06666666666666667
FBgn0015380_Spearman	/Users/jillianness/Desktop/SEbirthanalysis1024/new_LASTZ_analysis/enhancer_extraction/enhancer_pairs/FBgn0015380_Spearman/chr2L_19215078-19215278__chr2L_19215688-19216293	chr2L:19215078-19215278	chr2L:19215688-19216293	name	84	81	160	154	41	124	0.330645	0.376342	0.506173	0.0	0.343949	0.253681	1.0	neither	yes	yes	0.19696969696969696	0.09090909090909091
FBgn0004606_meso	/Users/jillianness/Desktop/SEbirthanalysis1024/new_LASTZ_analysis/enhancer_extraction/enhancer_pairs/FBgn0004606_meso/chr3R_30762287-30762650__chr3R_30770192-30770543	chr3R:30762287-30762650	chr3R:30770192-30770543	name	55	38	98	86	23	70	0.328571	0.516496	0.605263	0.0	0.391304	0.317352	1.0	neither	yes	yes	0.2236842105263158	0.42105263157894735
FBgn0004606_meso	/Users/jillianness/Desktop/SEbirthanalysis1024/new_LASTZ_analysis/enhancer_extraction/enhancer_pairs/FBgn0004606_meso/chr3R_30754912-30755289__chr3R_30762287-30762650	chr3R:30754912-30755289	chr3R:30762287-30762650	name	42	55	68	98	26	71	0.366197	0.490617	0.619048	0.0	0.433735	0.323695	1.0	neither	yes	yes	0.2631578947368421	0.4117647058823529
FBgn0004606_meso	/Users/jillianness/Desktop/SEbirthanalysis1024/new_LASTZ_analysis/enhancer_extraction/enhancer_pairs/FBgn0004606_meso/chr3R_30754912-30755289__chr3R_30770192-30770543	chr3R:30754912-30755289	chr3R:30770192-30770543	name	42	38	68	86	19	61	0.311475	0.524691	0.5	0.0	0.363636	0.309772	1.0	neither	yes	yes	0.19083969465648856	0.3888888888888889
