pair_dir	status	blocks	best_aligned_len	best_identity_pct	maf_path
chr3R_16891893-16892448__chr3R_16901949-16902502	OK	0	0	0.0	/Users/jillianness/Downloads/new_LASTZ_analysis/enhancer_extraction/enhancer_pairs/Abd-B/chr3R_16891893-16892448__chr3R_16901949-16902502/alignments/enhancers/lastz.maf
chr3R_16891893-16892448__chr3R_16920234-16921056	OK	0	0	0.0	/Users/jillianness/Downloads/new_LASTZ_analysis/enhancer_extraction/enhancer_pairs/Abd-B/chr3R_16891893-16892448__chr3R_16920234-16921056/alignments/enhancers/lastz.maf
chr3R_16891893-16892448__chr3R_16921371-16921858	OK	0	0	0.0	/Users/jillianness/Downloads/new_LASTZ_analysis/enhancer_extraction/enhancer_pairs/Abd-B/chr3R_16891893-16892448__chr3R_16921371-16921858/alignments/enhancers/lastz.maf
chr3R_16901949-16902502__chr3R_16920234-16921056	OK	0	0	0.0	/Users/jillianness/Downloads/new_LASTZ_analysis/enhancer_extraction/enhancer_pairs/Abd-B/chr3R_16901949-16902502__chr3R_16920234-16921056/alignments/enhancers/lastz.maf
chr3R_16901949-16902502__chr3R_16921371-16921858	OK	0	0	0.0	/Users/jillianness/Downloads/new_LASTZ_analysis/enhancer_extraction/enhancer_pairs/Abd-B/chr3R_16901949-16902502__chr3R_16921371-16921858/alignments/enhancers/lastz.maf
chr3R_16920234-16921056__chr3R_16921371-16921858	OK	0	0	0.0	/Users/jillianness/Downloads/new_LASTZ_analysis/enhancer_extraction/enhancer_pairs/Abd-B/chr3R_16920234-16921056__chr3R_16921371-16921858/alignments/enhancers/lastz.maf
chr3L_5979576-5979770__chr3L_5989752-5990383	OK	0	0	0.0	/Users/jillianness/Downloads/new_LASTZ_analysis/enhancer_extraction/enhancer_pairs/CG10479/chr3L_5979576-5979770__chr3L_5989752-5990383/alignments/enhancers/lastz.maf
chr3L_5979576-5979770__chr3L_5991306-5991899	OK	0	0	0.0	/Users/jillianness/Downloads/new_LASTZ_analysis/enhancer_extraction/enhancer_pairs/CG10479/chr3L_5979576-5979770__chr3L_5991306-5991899/alignments/enhancers/lastz.maf
chr3L_5989752-5990383__chr3L_5991306-5991899	OK	0	0	0.0	/Users/jillianness/Downloads/new_LASTZ_analysis/enhancer_extraction/enhancer_pairs/CG10479/chr3L_5989752-5990383__chr3L_5991306-5991899/alignments/enhancers/lastz.maf
chr3L_14152518-14152826__chr3L_14153051-14154215	OK	0	0	0.0	/Users/jillianness/Downloads/new_LASTZ_analysis/enhancer_extraction/enhancer_pairs/D/chr3L_14152518-14152826__chr3L_14153051-14154215/alignments/enhancers/lastz.maf
chr3L_14152518-14152826__chr3L_14171965-14172435	OK	0	0	0.0	/Users/jillianness/Downloads/new_LASTZ_analysis/enhancer_extraction/enhancer_pairs/D/chr3L_14152518-14152826__chr3L_14171965-14172435/alignments/enhancers/lastz.maf
chr3L_14152518-14152826__chr3L_14172843-14173610	OK	0	0	0.0	/Users/jillianness/Downloads/new_LASTZ_analysis/enhancer_extraction/enhancer_pairs/D/chr3L_14152518-14152826__chr3L_14172843-14173610/alignments/enhancers/lastz.maf
chr3L_14153051-14154215__chr3L_14171965-14172435	OK	0	0	0.0	/Users/jillianness/Downloads/new_LASTZ_analysis/enhancer_extraction/enhancer_pairs/D/chr3L_14153051-14154215__chr3L_14171965-14172435/alignments/enhancers/lastz.maf
chr3L_14153051-14154215__chr3L_14172843-14173610	OK	0	0	0.0	/Users/jillianness/Downloads/new_LASTZ_analysis/enhancer_extraction/enhancer_pairs/D/chr3L_14153051-14154215__chr3L_14172843-14173610/alignments/enhancers/lastz.maf
chr3L_14171965-14172435__chr3L_14172843-14173610	OK	0	0	0.0	/Users/jillianness/Downloads/new_LASTZ_analysis/enhancer_extraction/enhancer_pairs/D/chr3L_14171965-14172435__chr3L_14172843-14173610/alignments/enhancers/lastz.maf
chr3R_19314425-19316093__chr3R_19316385-19316666	OK	0	0	0.0	/Users/jillianness/Downloads/new_LASTZ_analysis/enhancer_extraction/enhancer_pairs/DI/chr3R_19314425-19316093__chr3R_19316385-19316666/alignments/enhancers/lastz.maf
chr3R_19314425-19316093__chr3R_19340454-19341279	OK	0	0	0.0	/Users/jillianness/Downloads/new_LASTZ_analysis/enhancer_extraction/enhancer_pairs/DI/chr3R_19314425-19316093__chr3R_19340454-19341279/alignments/enhancers/lastz.maf
chr3R_19314425-19316093__chr3R_19341536-19342363	OK	0	0	0.0	/Users/jillianness/Downloads/new_LASTZ_analysis/enhancer_extraction/enhancer_pairs/DI/chr3R_19314425-19316093__chr3R_19341536-19342363/alignments/enhancers/lastz.maf
chr3R_19316385-19316666__chr3R_19340454-19341279	OK	0	0	0.0	/Users/jillianness/Downloads/new_LASTZ_analysis/enhancer_extraction/enhancer_pairs/DI/chr3R_19316385-19316666__chr3R_19340454-19341279/alignments/enhancers/lastz.maf
chr3R_19316385-19316666__chr3R_19341536-19342363	OK	0	0	0.0	/Users/jillianness/Downloads/new_LASTZ_analysis/enhancer_extraction/enhancer_pairs/DI/chr3R_19316385-19316666__chr3R_19341536-19342363/alignments/enhancers/lastz.maf
chr3R_19340454-19341279__chr3R_19341536-19342363	OK	0	0	0.0	/Users/jillianness/Downloads/new_LASTZ_analysis/enhancer_extraction/enhancer_pairs/DI/chr3R_19340454-19341279__chr3R_19341536-19342363/alignments/enhancers/lastz.maf
chr2R_24808103-24808896__chr2R_24809499-24809705	OK	0	0	0.0	/Users/jillianness/Downloads/new_LASTZ_analysis/enhancer_extraction/enhancer_pairs/DII/chr2R_24808103-24808896__chr2R_24809499-24809705/alignments/enhancers/lastz.maf
chr2R_24808103-24808896__chr2R_24854572-24855864	OK	0	0	0.0	/Users/jillianness/Downloads/new_LASTZ_analysis/enhancer_extraction/enhancer_pairs/DII/chr2R_24808103-24808896__chr2R_24854572-24855864/alignments/enhancers/lastz.maf
chr2R_24809499-24809705__chr2R_24854572-24855864	OK	0	0	0.0	/Users/jillianness/Downloads/new_LASTZ_analysis/enhancer_extraction/enhancer_pairs/DII/chr2R_24809499-24809705__chr2R_24854572-24855864/alignments/enhancers/lastz.maf
chr3R_16743196-16743622__chr3R_16756098-16756427	OK	0	0	0.0	/Users/jillianness/Downloads/new_LASTZ_analysis/enhancer_extraction/enhancer_pairs/FBgn0000014_Spearman/chr3R_16743196-16743622__chr3R_16756098-16756427/alignments/enhancers/lastz.maf
chr3R_16743196-16743622__chr3R_16764121-16764485	OK	0	0	0.0	/Users/jillianness/Downloads/new_LASTZ_analysis/enhancer_extraction/enhancer_pairs/FBgn0000014_Spearman/chr3R_16743196-16743622__chr3R_16764121-16764485/alignments/enhancers/lastz.maf
chr3R_16743196-16743622__chr3R_16802761-16803112	OK	0	0	0.0	/Users/jillianness/Downloads/new_LASTZ_analysis/enhancer_extraction/enhancer_pairs/FBgn0000014_Spearman/chr3R_16743196-16743622__chr3R_16802761-16803112/alignments/enhancers/lastz.maf
chr3R_16743196-16743622__chr3R_16857769-16858049	OK	0	0	0.0	/Users/jillianness/Downloads/new_LASTZ_analysis/enhancer_extraction/enhancer_pairs/FBgn0000014_Spearman/chr3R_16743196-16743622__chr3R_16857769-16858049/alignments/enhancers/lastz.maf
chr3R_16743196-16743622__chr3R_16878885-16879147	OK	0	0	0.0	/Users/jillianness/Downloads/new_LASTZ_analysis/enhancer_extraction/enhancer_pairs/FBgn0000014_Spearman/chr3R_16743196-16743622__chr3R_16878885-16879147/alignments/enhancers/lastz.maf
chr3R_16743196-16743622__chr3R_16882506-16882728	OK	0	0	0.0	/Users/jillianness/Downloads/new_LASTZ_analysis/enhancer_extraction/enhancer_pairs/FBgn0000014_Spearman/chr3R_16743196-16743622__chr3R_16882506-16882728/alignments/enhancers/lastz.maf
chr3R_16743196-16743622__chr3R_16920451-16920854	OK	0	0	0.0	/Users/jillianness/Downloads/new_LASTZ_analysis/enhancer_extraction/enhancer_pairs/FBgn0000014_Spearman/chr3R_16743196-16743622__chr3R_16920451-16920854/alignments/enhancers/lastz.maf
chr3R_16756098-16756427__chr3R_16764121-16764485	OK	0	0	0.0	/Users/jillianness/Downloads/new_LASTZ_analysis/enhancer_extraction/enhancer_pairs/FBgn0000014_Spearman/chr3R_16756098-16756427__chr3R_16764121-16764485/alignments/enhancers/lastz.maf
chr3R_16756098-16756427__chr3R_16802761-16803112	OK	0	0	0.0	/Users/jillianness/Downloads/new_LASTZ_analysis/enhancer_extraction/enhancer_pairs/FBgn0000014_Spearman/chr3R_16756098-16756427__chr3R_16802761-16803112/alignments/enhancers/lastz.maf
chr3R_16756098-16756427__chr3R_16857769-16858049	OK	0	0	0.0	/Users/jillianness/Downloads/new_LASTZ_analysis/enhancer_extraction/enhancer_pairs/FBgn0000014_Spearman/chr3R_16756098-16756427__chr3R_16857769-16858049/alignments/enhancers/lastz.maf
chr3R_16756098-16756427__chr3R_16878885-16879147	OK	0	0	0.0	/Users/jillianness/Downloads/new_LASTZ_analysis/enhancer_extraction/enhancer_pairs/FBgn0000014_Spearman/chr3R_16756098-16756427__chr3R_16878885-16879147/alignments/enhancers/lastz.maf
chr3R_16756098-16756427__chr3R_16882506-16882728	OK	0	0	0.0	/Users/jillianness/Downloads/new_LASTZ_analysis/enhancer_extraction/enhancer_pairs/FBgn0000014_Spearman/chr3R_16756098-16756427__chr3R_16882506-16882728/alignments/enhancers/lastz.maf
chr3R_16756098-16756427__chr3R_16920451-16920854	OK	0	0	0.0	/Users/jillianness/Downloads/new_LASTZ_analysis/enhancer_extraction/enhancer_pairs/FBgn0000014_Spearman/chr3R_16756098-16756427__chr3R_16920451-16920854/alignments/enhancers/lastz.maf
chr3R_16764121-16764485__chr3R_16802761-16803112	OK	0	0	0.0	/Users/jillianness/Downloads/new_LASTZ_analysis/enhancer_extraction/enhancer_pairs/FBgn0000014_Spearman/chr3R_16764121-16764485__chr3R_16802761-16803112/alignments/enhancers/lastz.maf
chr3R_16764121-16764485__chr3R_16857769-16858049	OK	0	0	0.0	/Users/jillianness/Downloads/new_LASTZ_analysis/enhancer_extraction/enhancer_pairs/FBgn0000014_Spearman/chr3R_16764121-16764485__chr3R_16857769-16858049/alignments/enhancers/lastz.maf
chr3R_16764121-16764485__chr3R_16878885-16879147	OK	0	0	0.0	/Users/jillianness/Downloads/new_LASTZ_analysis/enhancer_extraction/enhancer_pairs/FBgn0000014_Spearman/chr3R_16764121-16764485__chr3R_16878885-16879147/alignments/enhancers/lastz.maf
chr3R_16764121-16764485__chr3R_16882506-16882728	OK	0	0	0.0	/Users/jillianness/Downloads/new_LASTZ_analysis/enhancer_extraction/enhancer_pairs/FBgn0000014_Spearman/chr3R_16764121-16764485__chr3R_16882506-16882728/alignments/enhancers/lastz.maf
chr3R_16764121-16764485__chr3R_16920451-16920854	OK	0	0	0.0	/Users/jillianness/Downloads/new_LASTZ_analysis/enhancer_extraction/enhancer_pairs/FBgn0000014_Spearman/chr3R_16764121-16764485__chr3R_16920451-16920854/alignments/enhancers/lastz.maf
chr3R_16802761-16803112__chr3R_16857769-16858049	OK	0	0	0.0	/Users/jillianness/Downloads/new_LASTZ_analysis/enhancer_extraction/enhancer_pairs/FBgn0000014_Spearman/chr3R_16802761-16803112__chr3R_16857769-16858049/alignments/enhancers/lastz.maf
chr3R_16802761-16803112__chr3R_16878885-16879147	OK	0	0	0.0	/Users/jillianness/Downloads/new_LASTZ_analysis/enhancer_extraction/enhancer_pairs/FBgn0000014_Spearman/chr3R_16802761-16803112__chr3R_16878885-16879147/alignments/enhancers/lastz.maf
chr3R_16802761-16803112__chr3R_16882506-16882728	OK	0	0	0.0	/Users/jillianness/Downloads/new_LASTZ_analysis/enhancer_extraction/enhancer_pairs/FBgn0000014_Spearman/chr3R_16802761-16803112__chr3R_16882506-16882728/alignments/enhancers/lastz.maf
chr3R_16802761-16803112__chr3R_16920451-16920854	OK	0	0	0.0	/Users/jillianness/Downloads/new_LASTZ_analysis/enhancer_extraction/enhancer_pairs/FBgn0000014_Spearman/chr3R_16802761-16803112__chr3R_16920451-16920854/alignments/enhancers/lastz.maf
chr3R_16857769-16858049__chr3R_16878885-16879147	OK	0	0	0.0	/Users/jillianness/Downloads/new_LASTZ_analysis/enhancer_extraction/enhancer_pairs/FBgn0000014_Spearman/chr3R_16857769-16858049__chr3R_16878885-16879147/alignments/enhancers/lastz.maf
chr3R_16857769-16858049__chr3R_16882506-16882728	OK	0	0	0.0	/Users/jillianness/Downloads/new_LASTZ_analysis/enhancer_extraction/enhancer_pairs/FBgn0000014_Spearman/chr3R_16857769-16858049__chr3R_16882506-16882728/alignments/enhancers/lastz.maf
chr3R_16857769-16858049__chr3R_16920451-16920854	OK	0	0	0.0	/Users/jillianness/Downloads/new_LASTZ_analysis/enhancer_extraction/enhancer_pairs/FBgn0000014_Spearman/chr3R_16857769-16858049__chr3R_16920451-16920854/alignments/enhancers/lastz.maf
chr3R_16878885-16879147__chr3R_16882506-16882728	OK	0	0	0.0	/Users/jillianness/Downloads/new_LASTZ_analysis/enhancer_extraction/enhancer_pairs/FBgn0000014_Spearman/chr3R_16878885-16879147__chr3R_16882506-16882728/alignments/enhancers/lastz.maf
chr3R_16878885-16879147__chr3R_16920451-16920854	OK	0	0	0.0	/Users/jillianness/Downloads/new_LASTZ_analysis/enhancer_extraction/enhancer_pairs/FBgn0000014_Spearman/chr3R_16878885-16879147__chr3R_16920451-16920854/alignments/enhancers/lastz.maf
chr3R_16882506-16882728__chr3R_16920451-16920854	OK	0	0	0.0	/Users/jillianness/Downloads/new_LASTZ_analysis/enhancer_extraction/enhancer_pairs/FBgn0000014_Spearman/chr3R_16882506-16882728__chr3R_16920451-16920854/alignments/enhancers/lastz.maf
chr3R_16744397-16744662__chr3R_16892248-16892452	OK	0	0	0.0	/Users/jillianness/Downloads/new_LASTZ_analysis/enhancer_extraction/enhancer_pairs/FBgn0000014_meso/chr3R_16744397-16744662__chr3R_16892248-16892452/alignments/enhancers/lastz.maf
chr3R_16737098-16737410__chr3R_16813228-16813680	OK	0	0	0.0	/Users/jillianness/Downloads/new_LASTZ_analysis/enhancer_extraction/enhancer_pairs/FBgn0000014_vm/chr3R_16737098-16737410__chr3R_16813228-16813680/alignments/enhancers/lastz.maf
chr3R_16737098-16737410__chr3R_16814262-16814590	OK	0	0	0.0	/Users/jillianness/Downloads/new_LASTZ_analysis/enhancer_extraction/enhancer_pairs/FBgn0000014_vm/chr3R_16737098-16737410__chr3R_16814262-16814590/alignments/enhancers/lastz.maf
chr3R_16737098-16737410__chr3R_16841943-16842333	OK	0	0	0.0	/Users/jillianness/Downloads/new_LASTZ_analysis/enhancer_extraction/enhancer_pairs/FBgn0000014_vm/chr3R_16737098-16737410__chr3R_16841943-16842333/alignments/enhancers/lastz.maf
chr3R_16737098-16737410__chr3R_16904976-16905213	OK	0	0	0.0	/Users/jillianness/Downloads/new_LASTZ_analysis/enhancer_extraction/enhancer_pairs/FBgn0000014_vm/chr3R_16737098-16737410__chr3R_16904976-16905213/alignments/enhancers/lastz.maf
chr3R_16813228-16813680__chr3R_16814262-16814590	OK	0	0	0.0	/Users/jillianness/Downloads/new_LASTZ_analysis/enhancer_extraction/enhancer_pairs/FBgn0000014_vm/chr3R_16813228-16813680__chr3R_16814262-16814590/alignments/enhancers/lastz.maf
chr3R_16813228-16813680__chr3R_16841943-16842333	OK	0	0	0.0	/Users/jillianness/Downloads/new_LASTZ_analysis/enhancer_extraction/enhancer_pairs/FBgn0000014_vm/chr3R_16813228-16813680__chr3R_16841943-16842333/alignments/enhancers/lastz.maf
chr3R_16813228-16813680__chr3R_16904976-16905213	OK	0	0	0.0	/Users/jillianness/Downloads/new_LASTZ_analysis/enhancer_extraction/enhancer_pairs/FBgn0000014_vm/chr3R_16813228-16813680__chr3R_16904976-16905213/alignments/enhancers/lastz.maf
chr3R_16814262-16814590__chr3R_16841943-16842333	OK	0	0	0.0	/Users/jillianness/Downloads/new_LASTZ_analysis/enhancer_extraction/enhancer_pairs/FBgn0000014_vm/chr3R_16814262-16814590__chr3R_16841943-16842333/alignments/enhancers/lastz.maf
chr3R_16814262-16814590__chr3R_16904976-16905213	OK	0	0	0.0	/Users/jillianness/Downloads/new_LASTZ_analysis/enhancer_extraction/enhancer_pairs/FBgn0000014_vm/chr3R_16814262-16814590__chr3R_16904976-16905213/alignments/enhancers/lastz.maf
chr3R_16841943-16842333__chr3R_16904976-16905213	OK	0	0	0.0	/Users/jillianness/Downloads/new_LASTZ_analysis/enhancer_extraction/enhancer_pairs/FBgn0000014_vm/chr3R_16841943-16842333__chr3R_16904976-16905213/alignments/enhancers/lastz.maf
chr3R_16904976-16905213__chr3R_16938077-16938336	OK	0	0	0.0	/Users/jillianness/Downloads/new_LASTZ_analysis/enhancer_extraction/enhancer_pairs/FBgn0000015_sm/chr3R_16904976-16905213__chr3R_16938077-16938336/alignments/enhancers/lastz.maf
chr3R_16904976-16905213__chr3R_16969808-16970008	OK	0	0	0.0	/Users/jillianness/Downloads/new_LASTZ_analysis/enhancer_extraction/enhancer_pairs/FBgn0000015_sm/chr3R_16904976-16905213__chr3R_16969808-16970008/alignments/enhancers/lastz.maf
chr3R_16938077-16938336__chr3R_16969808-16970008	OK	0	0	0.0	/Users/jillianness/Downloads/new_LASTZ_analysis/enhancer_extraction/enhancer_pairs/FBgn0000015_sm/chr3R_16938077-16938336__chr3R_16969808-16970008/alignments/enhancers/lastz.maf
chr3R_16938077-16938336__chr3R_16981038-16981250	OK	0	0	0.0	/Users/jillianness/Downloads/new_LASTZ_analysis/enhancer_extraction/enhancer_pairs/FBgn0000015_vm/chr3R_16938077-16938336__chr3R_16981038-16981250/alignments/enhancers/lastz.maf
chr2R_20558766-20559051__chr2R_20559250-20559450	OK	0	0	0.0	/Users/jillianness/Downloads/new_LASTZ_analysis/enhancer_extraction/enhancer_pairs/FBgn0000044_sm/chr2R_20558766-20559051__chr2R_20559250-20559450/alignments/enhancers/lastz.maf
chr2R_20558766-20559051__chr2R_20560480-20560860	OK	0	0	0.0	/Users/jillianness/Downloads/new_LASTZ_analysis/enhancer_extraction/enhancer_pairs/FBgn0000044_sm/chr2R_20558766-20559051__chr2R_20560480-20560860/alignments/enhancers/lastz.maf
chr2R_20558766-20559051__chr2R_20562855-20563268	OK	0	0	0.0	/Users/jillianness/Downloads/new_LASTZ_analysis/enhancer_extraction/enhancer_pairs/FBgn0000044_sm/chr2R_20558766-20559051__chr2R_20562855-20563268/alignments/enhancers/lastz.maf
chr2R_20558766-20559051__chr2R_20563710-20563921	OK	0	0	0.0	/Users/jillianness/Downloads/new_LASTZ_analysis/enhancer_extraction/enhancer_pairs/FBgn0000044_sm/chr2R_20558766-20559051__chr2R_20563710-20563921/alignments/enhancers/lastz.maf
chr2R_20558766-20559051__chr2R_20566669-20566882	OK	0	0	0.0	/Users/jillianness/Downloads/new_LASTZ_analysis/enhancer_extraction/enhancer_pairs/FBgn0000044_sm/chr2R_20558766-20559051__chr2R_20566669-20566882/alignments/enhancers/lastz.maf
chr2R_20559250-20559450__chr2R_20560480-20560860	OK	0	0	0.0	/Users/jillianness/Downloads/new_LASTZ_analysis/enhancer_extraction/enhancer_pairs/FBgn0000044_sm/chr2R_20559250-20559450__chr2R_20560480-20560860/alignments/enhancers/lastz.maf
chr2R_20559250-20559450__chr2R_20562855-20563268	OK	0	0	0.0	/Users/jillianness/Downloads/new_LASTZ_analysis/enhancer_extraction/enhancer_pairs/FBgn0000044_sm/chr2R_20559250-20559450__chr2R_20562855-20563268/alignments/enhancers/lastz.maf
chr2R_20559250-20559450__chr2R_20563710-20563921	OK	0	0	0.0	/Users/jillianness/Downloads/new_LASTZ_analysis/enhancer_extraction/enhancer_pairs/FBgn0000044_sm/chr2R_20559250-20559450__chr2R_20563710-20563921/alignments/enhancers/lastz.maf
chr2R_20559250-20559450__chr2R_20566669-20566882	OK	0	0	0.0	/Users/jillianness/Downloads/new_LASTZ_analysis/enhancer_extraction/enhancer_pairs/FBgn0000044_sm/chr2R_20559250-20559450__chr2R_20566669-20566882/alignments/enhancers/lastz.maf
chr2R_20560480-20560860__chr2R_20562855-20563268	OK	0	0	0.0	/Users/jillianness/Downloads/new_LASTZ_analysis/enhancer_extraction/enhancer_pairs/FBgn0000044_sm/chr2R_20560480-20560860__chr2R_20562855-20563268/alignments/enhancers/lastz.maf
chr2R_20560480-20560860__chr2R_20563710-20563921	OK	0	0	0.0	/Users/jillianness/Downloads/new_LASTZ_analysis/enhancer_extraction/enhancer_pairs/FBgn0000044_sm/chr2R_20560480-20560860__chr2R_20563710-20563921/alignments/enhancers/lastz.maf
chr2R_20560480-20560860__chr2R_20566669-20566882	OK	0	0	0.0	/Users/jillianness/Downloads/new_LASTZ_analysis/enhancer_extraction/enhancer_pairs/FBgn0000044_sm/chr2R_20560480-20560860__chr2R_20566669-20566882/alignments/enhancers/lastz.maf
chr2R_20562855-20563268__chr2R_20563710-20563921	OK	0	0	0.0	/Users/jillianness/Downloads/new_LASTZ_analysis/enhancer_extraction/enhancer_pairs/FBgn0000044_sm/chr2R_20562855-20563268__chr2R_20563710-20563921/alignments/enhancers/lastz.maf
chr2R_20562855-20563268__chr2R_20566669-20566882	OK	0	0	0.0	/Users/jillianness/Downloads/new_LASTZ_analysis/enhancer_extraction/enhancer_pairs/FBgn0000044_sm/chr2R_20562855-20563268__chr2R_20566669-20566882/alignments/enhancers/lastz.maf
chr2R_20563710-20563921__chr2R_20566669-20566882	OK	0	0	0.0	/Users/jillianness/Downloads/new_LASTZ_analysis/enhancer_extraction/enhancer_pairs/FBgn0000044_sm/chr2R_20563710-20563921__chr2R_20566669-20566882/alignments/enhancers/lastz.maf
chr3R_13428342-13429087__chr3R_13450374-13450711	OK	0	0	0.0	/Users/jillianness/Downloads/new_LASTZ_analysis/enhancer_extraction/enhancer_pairs/FBgn0000046_Spearman/chr3R_13428342-13429087__chr3R_13450374-13450711/alignments/enhancers/lastz.maf
chr3R_13424734-13425026__chr3R_13448043-13448596	OK	0	0	0.0	/Users/jillianness/Downloads/new_LASTZ_analysis/enhancer_extraction/enhancer_pairs/FBgn0000046_vm/chr3R_13424734-13425026__chr3R_13448043-13448596/alignments/enhancers/lastz.maf
chr3R_13424734-13425026__chr3R_13448995-13449256	OK	0	0	0.0	/Users/jillianness/Downloads/new_LASTZ_analysis/enhancer_extraction/enhancer_pairs/FBgn0000046_vm/chr3R_13424734-13425026__chr3R_13448995-13449256/alignments/enhancers/lastz.maf
chr3R_13448043-13448596__chr3R_13448995-13449256	OK	0	0	0.0	/Users/jillianness/Downloads/new_LASTZ_analysis/enhancer_extraction/enhancer_pairs/FBgn0000046_vm/chr3R_13448043-13448596__chr3R_13448995-13449256/alignments/enhancers/lastz.maf
chr2L_2162797-2163546__chr2L_2164726-2165263	OK	0	0	0.0	/Users/jillianness/Downloads/new_LASTZ_analysis/enhancer_extraction/enhancer_pairs/FBgn0000097_meso/chr2L_2162797-2163546__chr2L_2164726-2165263/alignments/enhancers/lastz.maf
chr2L_2162797-2163546__chr2L_2181980-2182476	OK	0	0	0.0	/Users/jillianness/Downloads/new_LASTZ_analysis/enhancer_extraction/enhancer_pairs/FBgn0000097_meso/chr2L_2162797-2163546__chr2L_2181980-2182476/alignments/enhancers/lastz.maf
chr2L_2164726-2165263__chr2L_2181980-2182476	OK	0	0	0.0	/Users/jillianness/Downloads/new_LASTZ_analysis/enhancer_extraction/enhancer_pairs/FBgn0000097_meso/chr2L_2164726-2165263__chr2L_2181980-2182476/alignments/enhancers/lastz.maf
chr3L_9019828-9020140__chr3L_9021970-9022336	OK	0	0	0.0	/Users/jillianness/Downloads/new_LASTZ_analysis/enhancer_extraction/enhancer_pairs/FBgn0000116_Spearman/chr3L_9019828-9020140__chr3L_9021970-9022336/alignments/enhancers/lastz.maf
chr3L_9019828-9020140__chr3L_9024467-9024945	OK	0	0	0.0	/Users/jillianness/Downloads/new_LASTZ_analysis/enhancer_extraction/enhancer_pairs/FBgn0000116_Spearman/chr3L_9019828-9020140__chr3L_9024467-9024945/alignments/enhancers/lastz.maf
chr3L_9021970-9022336__chr3L_9024467-9024945	OK	0	0	0.0	/Users/jillianness/Downloads/new_LASTZ_analysis/enhancer_extraction/enhancer_pairs/FBgn0000116_Spearman/chr3L_9021970-9022336__chr3L_9024467-9024945/alignments/enhancers/lastz.maf
chr2L_9988598-9989094__chr2L_9989401-9989775	OK	0	0	0.0	/Users/jillianness/Downloads/new_LASTZ_analysis/enhancer_extraction/enhancer_pairs/FBgn0000180_Spearman/chr2L_9988598-9989094__chr2L_9989401-9989775/alignments/enhancers/lastz.maf
chr2R_12485374-12485574__chr2R_12496961-12497161	OK	0	0	0.0	/Users/jillianness/Downloads/new_LASTZ_analysis/enhancer_extraction/enhancer_pairs/FBgn0000181_Spearman/chr2R_12485374-12485574__chr2R_12496961-12497161/alignments/enhancers/lastz.maf
chr2L_5245229-5245858__chr2L_5247934-5248134	OK	0	0	0.0	/Users/jillianness/Downloads/new_LASTZ_analysis/enhancer_extraction/enhancer_pairs/FBgn0000228_sm/chr2L_5245229-5245858__chr2L_5247934-5248134/alignments/enhancers/lastz.maf
chr2L_5245229-5245858__chr2L_5261720-5261920	OK	0	0	0.0	/Users/jillianness/Downloads/new_LASTZ_analysis/enhancer_extraction/enhancer_pairs/FBgn0000228_sm/chr2L_5245229-5245858__chr2L_5261720-5261920/alignments/enhancers/lastz.maf
chr2L_5247934-5248134__chr2L_5261720-5261920	OK	0	0	0.0	/Users/jillianness/Downloads/new_LASTZ_analysis/enhancer_extraction/enhancer_pairs/FBgn0000228_sm/chr2L_5247934-5248134__chr2L_5261720-5261920/alignments/enhancers/lastz.maf
chr3L_18758861-18759061__chr3L_18792529-18792729	OK	0	0	0.0	/Users/jillianness/Downloads/new_LASTZ_analysis/enhancer_extraction/enhancer_pairs/FBgn0000261_sm/chr3L_18758861-18759061__chr3L_18792529-18792729/alignments/enhancers/lastz.maf
chr3L_18758861-18759061__chr3L_18812160-18812714	OK	0	0	0.0	/Users/jillianness/Downloads/new_LASTZ_analysis/enhancer_extraction/enhancer_pairs/FBgn0000261_sm/chr3L_18758861-18759061__chr3L_18812160-18812714/alignments/enhancers/lastz.maf
chr3L_18792529-18792729__chr3L_18812160-18812714	OK	0	0	0.0	/Users/jillianness/Downloads/new_LASTZ_analysis/enhancer_extraction/enhancer_pairs/FBgn0000261_sm/chr3L_18792529-18792729__chr3L_18812160-18812714/alignments/enhancers/lastz.maf
chr3L_11812108-11812359__chr3L_11813289-11813573	OK	0	0	0.0	/Users/jillianness/Downloads/new_LASTZ_analysis/enhancer_extraction/enhancer_pairs/FBgn0000404_meso/chr3L_11812108-11812359__chr3L_11813289-11813573/alignments/enhancers/lastz.maf
chr2L_16757034-16757234__chr2L_16764311-16764631	OK	0	0	0.0	/Users/jillianness/Downloads/new_LASTZ_analysis/enhancer_extraction/enhancer_pairs/FBgn0000406_Spearman/chr2L_16757034-16757234__chr2L_16764311-16764631/alignments/enhancers/lastz.maf
chr2L_16757637-16757844__chr2L_16762522-16762722	OK	0	0	0.0	/Users/jillianness/Downloads/new_LASTZ_analysis/enhancer_extraction/enhancer_pairs/FBgn0000406_vm_sm/chr2L_16757637-16757844__chr2L_16762522-16762722/alignments/enhancers/lastz.maf
chr2L_16757637-16757844__chr2L_16763500-16763743	OK	0	0	0.0	/Users/jillianness/Downloads/new_LASTZ_analysis/enhancer_extraction/enhancer_pairs/FBgn0000406_vm_sm/chr2L_16757637-16757844__chr2L_16763500-16763743/alignments/enhancers/lastz.maf
chr2L_16757637-16757844__chr2L_16764311-16764631	OK	0	0	0.0	/Users/jillianness/Downloads/new_LASTZ_analysis/enhancer_extraction/enhancer_pairs/FBgn0000406_vm_sm/chr2L_16757637-16757844__chr2L_16764311-16764631/alignments/enhancers/lastz.maf
chr2L_16762522-16762722__chr2L_16763500-16763743	OK	0	0	0.0	/Users/jillianness/Downloads/new_LASTZ_analysis/enhancer_extraction/enhancer_pairs/FBgn0000406_vm_sm/chr2L_16762522-16762722__chr2L_16763500-16763743/alignments/enhancers/lastz.maf
chr2L_16762522-16762722__chr2L_16764311-16764631	OK	0	0	0.0	/Users/jillianness/Downloads/new_LASTZ_analysis/enhancer_extraction/enhancer_pairs/FBgn0000406_vm_sm/chr2L_16762522-16762722__chr2L_16764311-16764631/alignments/enhancers/lastz.maf
chr2L_16763500-16763743__chr2L_16764311-16764631	OK	0	0	0.0	/Users/jillianness/Downloads/new_LASTZ_analysis/enhancer_extraction/enhancer_pairs/FBgn0000406_vm_sm/chr2L_16763500-16763743__chr2L_16764311-16764631/alignments/enhancers/lastz.maf
chr3L_16674720-16675084__chr3L_16680906-16681461	OK	0	0	0.0	/Users/jillianness/Downloads/new_LASTZ_analysis/enhancer_extraction/enhancer_pairs/FBgn0000414_sm/chr3L_16674720-16675084__chr3L_16680906-16681461/alignments/enhancers/lastz.maf
chr3R_19287679-19287954__chr3R_19317230-19317464	OK	0	0	0.0	/Users/jillianness/Downloads/new_LASTZ_analysis/enhancer_extraction/enhancer_pairs/FBgn0000463_Spearman/chr3R_19287679-19287954__chr3R_19317230-19317464/alignments/enhancers/lastz.maf
chr3R_19287679-19287954__chr3R_19326610-19326911	OK	0	0	0.0	/Users/jillianness/Downloads/new_LASTZ_analysis/enhancer_extraction/enhancer_pairs/FBgn0000463_Spearman/chr3R_19287679-19287954__chr3R_19326610-19326911/alignments/enhancers/lastz.maf
chr3R_19287679-19287954__chr3R_19329924-19330208	OK	0	0	0.0	/Users/jillianness/Downloads/new_LASTZ_analysis/enhancer_extraction/enhancer_pairs/FBgn0000463_Spearman/chr3R_19287679-19287954__chr3R_19329924-19330208/alignments/enhancers/lastz.maf
chr3R_19287679-19287954__chr3R_19332565-19332811	OK	0	0	0.0	/Users/jillianness/Downloads/new_LASTZ_analysis/enhancer_extraction/enhancer_pairs/FBgn0000463_Spearman/chr3R_19287679-19287954__chr3R_19332565-19332811/alignments/enhancers/lastz.maf
chr3R_19287679-19287954__chr3R_19339027-19339227	OK	0	0	0.0	/Users/jillianness/Downloads/new_LASTZ_analysis/enhancer_extraction/enhancer_pairs/FBgn0000463_Spearman/chr3R_19287679-19287954__chr3R_19339027-19339227/alignments/enhancers/lastz.maf
chr3R_19287679-19287954__chr3R_19340770-19340970	OK	0	0	0.0	/Users/jillianness/Downloads/new_LASTZ_analysis/enhancer_extraction/enhancer_pairs/FBgn0000463_Spearman/chr3R_19287679-19287954__chr3R_19340770-19340970/alignments/enhancers/lastz.maf
chr3R_19287679-19287954__chr3R_19343351-19343609	OK	0	0	0.0	/Users/jillianness/Downloads/new_LASTZ_analysis/enhancer_extraction/enhancer_pairs/FBgn0000463_Spearman/chr3R_19287679-19287954__chr3R_19343351-19343609/alignments/enhancers/lastz.maf
chr3R_19287679-19287954__chr3R_19343988-19344362	OK	0	0	0.0	/Users/jillianness/Downloads/new_LASTZ_analysis/enhancer_extraction/enhancer_pairs/FBgn0000463_Spearman/chr3R_19287679-19287954__chr3R_19343988-19344362/alignments/enhancers/lastz.maf
chr3R_19287679-19287954__chr3R_19346468-19346888	OK	0	0	0.0	/Users/jillianness/Downloads/new_LASTZ_analysis/enhancer_extraction/enhancer_pairs/FBgn0000463_Spearman/chr3R_19287679-19287954__chr3R_19346468-19346888/alignments/enhancers/lastz.maf
chr3R_19287679-19287954__chr3R_19350401-19350687	OK	0	0	0.0	/Users/jillianness/Downloads/new_LASTZ_analysis/enhancer_extraction/enhancer_pairs/FBgn0000463_Spearman/chr3R_19287679-19287954__chr3R_19350401-19350687/alignments/enhancers/lastz.maf
chr3R_19317230-19317464__chr3R_19326610-19326911	OK	0	0	0.0	/Users/jillianness/Downloads/new_LASTZ_analysis/enhancer_extraction/enhancer_pairs/FBgn0000463_Spearman/chr3R_19317230-19317464__chr3R_19326610-19326911/alignments/enhancers/lastz.maf
chr3R_19317230-19317464__chr3R_19329924-19330208	OK	0	0	0.0	/Users/jillianness/Downloads/new_LASTZ_analysis/enhancer_extraction/enhancer_pairs/FBgn0000463_Spearman/chr3R_19317230-19317464__chr3R_19329924-19330208/alignments/enhancers/lastz.maf
chr3R_19317230-19317464__chr3R_19332565-19332811	OK	0	0	0.0	/Users/jillianness/Downloads/new_LASTZ_analysis/enhancer_extraction/enhancer_pairs/FBgn0000463_Spearman/chr3R_19317230-19317464__chr3R_19332565-19332811/alignments/enhancers/lastz.maf
chr3R_19317230-19317464__chr3R_19339027-19339227	OK	0	0	0.0	/Users/jillianness/Downloads/new_LASTZ_analysis/enhancer_extraction/enhancer_pairs/FBgn0000463_Spearman/chr3R_19317230-19317464__chr3R_19339027-19339227/alignments/enhancers/lastz.maf
chr3R_19317230-19317464__chr3R_19340770-19340970	OK	0	0	0.0	/Users/jillianness/Downloads/new_LASTZ_analysis/enhancer_extraction/enhancer_pairs/FBgn0000463_Spearman/chr3R_19317230-19317464__chr3R_19340770-19340970/alignments/enhancers/lastz.maf
chr3R_19317230-19317464__chr3R_19343351-19343609	OK	0	0	0.0	/Users/jillianness/Downloads/new_LASTZ_analysis/enhancer_extraction/enhancer_pairs/FBgn0000463_Spearman/chr3R_19317230-19317464__chr3R_19343351-19343609/alignments/enhancers/lastz.maf
chr3R_19317230-19317464__chr3R_19343988-19344362	OK	0	0	0.0	/Users/jillianness/Downloads/new_LASTZ_analysis/enhancer_extraction/enhancer_pairs/FBgn0000463_Spearman/chr3R_19317230-19317464__chr3R_19343988-19344362/alignments/enhancers/lastz.maf
chr3R_19317230-19317464__chr3R_19346468-19346888	OK	0	0	0.0	/Users/jillianness/Downloads/new_LASTZ_analysis/enhancer_extraction/enhancer_pairs/FBgn0000463_Spearman/chr3R_19317230-19317464__chr3R_19346468-19346888/alignments/enhancers/lastz.maf
chr3R_19317230-19317464__chr3R_19350401-19350687	OK	0	0	0.0	/Users/jillianness/Downloads/new_LASTZ_analysis/enhancer_extraction/enhancer_pairs/FBgn0000463_Spearman/chr3R_19317230-19317464__chr3R_19350401-19350687/alignments/enhancers/lastz.maf
chr3R_19326610-19326911__chr3R_19329924-19330208	OK	0	0	0.0	/Users/jillianness/Downloads/new_LASTZ_analysis/enhancer_extraction/enhancer_pairs/FBgn0000463_Spearman/chr3R_19326610-19326911__chr3R_19329924-19330208/alignments/enhancers/lastz.maf
chr3R_19326610-19326911__chr3R_19332565-19332811	OK	0	0	0.0	/Users/jillianness/Downloads/new_LASTZ_analysis/enhancer_extraction/enhancer_pairs/FBgn0000463_Spearman/chr3R_19326610-19326911__chr3R_19332565-19332811/alignments/enhancers/lastz.maf
chr3R_19326610-19326911__chr3R_19339027-19339227	OK	0	0	0.0	/Users/jillianness/Downloads/new_LASTZ_analysis/enhancer_extraction/enhancer_pairs/FBgn0000463_Spearman/chr3R_19326610-19326911__chr3R_19339027-19339227/alignments/enhancers/lastz.maf
chr3R_19326610-19326911__chr3R_19340770-19340970	OK	0	0	0.0	/Users/jillianness/Downloads/new_LASTZ_analysis/enhancer_extraction/enhancer_pairs/FBgn0000463_Spearman/chr3R_19326610-19326911__chr3R_19340770-19340970/alignments/enhancers/lastz.maf
chr3R_19326610-19326911__chr3R_19343351-19343609	OK	0	0	0.0	/Users/jillianness/Downloads/new_LASTZ_analysis/enhancer_extraction/enhancer_pairs/FBgn0000463_Spearman/chr3R_19326610-19326911__chr3R_19343351-19343609/alignments/enhancers/lastz.maf
chr3R_19326610-19326911__chr3R_19343988-19344362	OK	0	0	0.0	/Users/jillianness/Downloads/new_LASTZ_analysis/enhancer_extraction/enhancer_pairs/FBgn0000463_Spearman/chr3R_19326610-19326911__chr3R_19343988-19344362/alignments/enhancers/lastz.maf
chr3R_19326610-19326911__chr3R_19346468-19346888	OK	0	0	0.0	/Users/jillianness/Downloads/new_LASTZ_analysis/enhancer_extraction/enhancer_pairs/FBgn0000463_Spearman/chr3R_19326610-19326911__chr3R_19346468-19346888/alignments/enhancers/lastz.maf
chr3R_19326610-19326911__chr3R_19350401-19350687	OK	0	0	0.0	/Users/jillianness/Downloads/new_LASTZ_analysis/enhancer_extraction/enhancer_pairs/FBgn0000463_Spearman/chr3R_19326610-19326911__chr3R_19350401-19350687/alignments/enhancers/lastz.maf
chr3R_19329924-19330208__chr3R_19332565-19332811	OK	0	0	0.0	/Users/jillianness/Downloads/new_LASTZ_analysis/enhancer_extraction/enhancer_pairs/FBgn0000463_Spearman/chr3R_19329924-19330208__chr3R_19332565-19332811/alignments/enhancers/lastz.maf
chr3R_19329924-19330208__chr3R_19339027-19339227	OK	0	0	0.0	/Users/jillianness/Downloads/new_LASTZ_analysis/enhancer_extraction/enhancer_pairs/FBgn0000463_Spearman/chr3R_19329924-19330208__chr3R_19339027-19339227/alignments/enhancers/lastz.maf
chr3R_19329924-19330208__chr3R_19340770-19340970	OK	0	0	0.0	/Users/jillianness/Downloads/new_LASTZ_analysis/enhancer_extraction/enhancer_pairs/FBgn0000463_Spearman/chr3R_19329924-19330208__chr3R_19340770-19340970/alignments/enhancers/lastz.maf
chr3R_19329924-19330208__chr3R_19343351-19343609	OK	0	0	0.0	/Users/jillianness/Downloads/new_LASTZ_analysis/enhancer_extraction/enhancer_pairs/FBgn0000463_Spearman/chr3R_19329924-19330208__chr3R_19343351-19343609/alignments/enhancers/lastz.maf
chr3R_19329924-19330208__chr3R_19343988-19344362	OK	0	0	0.0	/Users/jillianness/Downloads/new_LASTZ_analysis/enhancer_extraction/enhancer_pairs/FBgn0000463_Spearman/chr3R_19329924-19330208__chr3R_19343988-19344362/alignments/enhancers/lastz.maf
chr3R_19329924-19330208__chr3R_19346468-19346888	OK	0	0	0.0	/Users/jillianness/Downloads/new_LASTZ_analysis/enhancer_extraction/enhancer_pairs/FBgn0000463_Spearman/chr3R_19329924-19330208__chr3R_19346468-19346888/alignments/enhancers/lastz.maf
chr3R_19329924-19330208__chr3R_19350401-19350687	OK	0	0	0.0	/Users/jillianness/Downloads/new_LASTZ_analysis/enhancer_extraction/enhancer_pairs/FBgn0000463_Spearman/chr3R_19329924-19330208__chr3R_19350401-19350687/alignments/enhancers/lastz.maf
chr3R_19332565-19332811__chr3R_19339027-19339227	OK	0	0	0.0	/Users/jillianness/Downloads/new_LASTZ_analysis/enhancer_extraction/enhancer_pairs/FBgn0000463_Spearman/chr3R_19332565-19332811__chr3R_19339027-19339227/alignments/enhancers/lastz.maf
chr3R_19332565-19332811__chr3R_19340770-19340970	OK	0	0	0.0	/Users/jillianness/Downloads/new_LASTZ_analysis/enhancer_extraction/enhancer_pairs/FBgn0000463_Spearman/chr3R_19332565-19332811__chr3R_19340770-19340970/alignments/enhancers/lastz.maf
chr3R_19332565-19332811__chr3R_19343351-19343609	OK	0	0	0.0	/Users/jillianness/Downloads/new_LASTZ_analysis/enhancer_extraction/enhancer_pairs/FBgn0000463_Spearman/chr3R_19332565-19332811__chr3R_19343351-19343609/alignments/enhancers/lastz.maf
chr3R_19332565-19332811__chr3R_19343988-19344362	OK	0	0	0.0	/Users/jillianness/Downloads/new_LASTZ_analysis/enhancer_extraction/enhancer_pairs/FBgn0000463_Spearman/chr3R_19332565-19332811__chr3R_19343988-19344362/alignments/enhancers/lastz.maf
chr3R_19332565-19332811__chr3R_19346468-19346888	OK	0	0	0.0	/Users/jillianness/Downloads/new_LASTZ_analysis/enhancer_extraction/enhancer_pairs/FBgn0000463_Spearman/chr3R_19332565-19332811__chr3R_19346468-19346888/alignments/enhancers/lastz.maf
chr3R_19332565-19332811__chr3R_19350401-19350687	OK	0	0	0.0	/Users/jillianness/Downloads/new_LASTZ_analysis/enhancer_extraction/enhancer_pairs/FBgn0000463_Spearman/chr3R_19332565-19332811__chr3R_19350401-19350687/alignments/enhancers/lastz.maf
chr3R_19339027-19339227__chr3R_19340770-19340970	OK	0	0	0.0	/Users/jillianness/Downloads/new_LASTZ_analysis/enhancer_extraction/enhancer_pairs/FBgn0000463_Spearman/chr3R_19339027-19339227__chr3R_19340770-19340970/alignments/enhancers/lastz.maf
chr3R_19339027-19339227__chr3R_19343351-19343609	OK	0	0	0.0	/Users/jillianness/Downloads/new_LASTZ_analysis/enhancer_extraction/enhancer_pairs/FBgn0000463_Spearman/chr3R_19339027-19339227__chr3R_19343351-19343609/alignments/enhancers/lastz.maf
chr3R_19339027-19339227__chr3R_19343988-19344362	OK	0	0	0.0	/Users/jillianness/Downloads/new_LASTZ_analysis/enhancer_extraction/enhancer_pairs/FBgn0000463_Spearman/chr3R_19339027-19339227__chr3R_19343988-19344362/alignments/enhancers/lastz.maf
chr3R_19339027-19339227__chr3R_19346468-19346888	OK	0	0	0.0	/Users/jillianness/Downloads/new_LASTZ_analysis/enhancer_extraction/enhancer_pairs/FBgn0000463_Spearman/chr3R_19339027-19339227__chr3R_19346468-19346888/alignments/enhancers/lastz.maf
chr3R_19339027-19339227__chr3R_19350401-19350687	OK	0	0	0.0	/Users/jillianness/Downloads/new_LASTZ_analysis/enhancer_extraction/enhancer_pairs/FBgn0000463_Spearman/chr3R_19339027-19339227__chr3R_19350401-19350687/alignments/enhancers/lastz.maf
chr3R_19340770-19340970__chr3R_19343351-19343609	OK	0	0	0.0	/Users/jillianness/Downloads/new_LASTZ_analysis/enhancer_extraction/enhancer_pairs/FBgn0000463_Spearman/chr3R_19340770-19340970__chr3R_19343351-19343609/alignments/enhancers/lastz.maf
chr3R_19340770-19340970__chr3R_19343988-19344362	OK	1	36	77.78	/Users/jillianness/Downloads/new_LASTZ_analysis/enhancer_extraction/enhancer_pairs/FBgn0000463_Spearman/chr3R_19340770-19340970__chr3R_19343988-19344362/alignments/enhancers/lastz.maf
chr3R_19340770-19340970__chr3R_19346468-19346888	OK	0	0	0.0	/Users/jillianness/Downloads/new_LASTZ_analysis/enhancer_extraction/enhancer_pairs/FBgn0000463_Spearman/chr3R_19340770-19340970__chr3R_19346468-19346888/alignments/enhancers/lastz.maf
chr3R_19340770-19340970__chr3R_19350401-19350687	OK	0	0	0.0	/Users/jillianness/Downloads/new_LASTZ_analysis/enhancer_extraction/enhancer_pairs/FBgn0000463_Spearman/chr3R_19340770-19340970__chr3R_19350401-19350687/alignments/enhancers/lastz.maf
chr3R_19343351-19343609__chr3R_19343988-19344362	OK	0	0	0.0	/Users/jillianness/Downloads/new_LASTZ_analysis/enhancer_extraction/enhancer_pairs/FBgn0000463_Spearman/chr3R_19343351-19343609__chr3R_19343988-19344362/alignments/enhancers/lastz.maf
chr3R_19343351-19343609__chr3R_19346468-19346888	OK	0	0	0.0	/Users/jillianness/Downloads/new_LASTZ_analysis/enhancer_extraction/enhancer_pairs/FBgn0000463_Spearman/chr3R_19343351-19343609__chr3R_19346468-19346888/alignments/enhancers/lastz.maf
chr3R_19343351-19343609__chr3R_19350401-19350687	OK	0	0	0.0	/Users/jillianness/Downloads/new_LASTZ_analysis/enhancer_extraction/enhancer_pairs/FBgn0000463_Spearman/chr3R_19343351-19343609__chr3R_19350401-19350687/alignments/enhancers/lastz.maf
chr3R_19343988-19344362__chr3R_19346468-19346888	OK	0	0	0.0	/Users/jillianness/Downloads/new_LASTZ_analysis/enhancer_extraction/enhancer_pairs/FBgn0000463_Spearman/chr3R_19343988-19344362__chr3R_19346468-19346888/alignments/enhancers/lastz.maf
chr3R_19343988-19344362__chr3R_19350401-19350687	OK	0	0	0.0	/Users/jillianness/Downloads/new_LASTZ_analysis/enhancer_extraction/enhancer_pairs/FBgn0000463_Spearman/chr3R_19343988-19344362__chr3R_19350401-19350687/alignments/enhancers/lastz.maf
chr3R_19346468-19346888__chr3R_19350401-19350687	OK	0	0	0.0	/Users/jillianness/Downloads/new_LASTZ_analysis/enhancer_extraction/enhancer_pairs/FBgn0000463_Spearman/chr3R_19346468-19346888__chr3R_19350401-19350687/alignments/enhancers/lastz.maf
chr3R_19341900-19342100__chr3R_19346468-19346888	OK	0	0	0.0	/Users/jillianness/Downloads/new_LASTZ_analysis/enhancer_extraction/enhancer_pairs/FBgn0000463_meso/chr3R_19341900-19342100__chr3R_19346468-19346888/alignments/enhancers/lastz.maf
chr3R_19341900-19342100__chr3R_19350401-19350687	OK	0	0	0.0	/Users/jillianness/Downloads/new_LASTZ_analysis/enhancer_extraction/enhancer_pairs/FBgn0000463_meso/chr3R_19341900-19342100__chr3R_19350401-19350687/alignments/enhancers/lastz.maf
chr3R_19346468-19346888__chr3R_19350401-19350687	OK	0	0	0.0	/Users/jillianness/Downloads/new_LASTZ_analysis/enhancer_extraction/enhancer_pairs/FBgn0000463_meso/chr3R_19346468-19346888__chr3R_19350401-19350687/alignments/enhancers/lastz.maf
chr3R_19287679-19287954__chr3R_19300935-19301225	OK	0	0	0.0	/Users/jillianness/Downloads/new_LASTZ_analysis/enhancer_extraction/enhancer_pairs/FBgn0000463_sm/chr3R_19287679-19287954__chr3R_19300935-19301225/alignments/enhancers/lastz.maf
chr3R_19287679-19287954__chr3R_19317753-19317953	OK	0	0	0.0	/Users/jillianness/Downloads/new_LASTZ_analysis/enhancer_extraction/enhancer_pairs/FBgn0000463_sm/chr3R_19287679-19287954__chr3R_19317753-19317953/alignments/enhancers/lastz.maf
chr3R_19287679-19287954__chr3R_19350401-19350687	OK	0	0	0.0	/Users/jillianness/Downloads/new_LASTZ_analysis/enhancer_extraction/enhancer_pairs/FBgn0000463_sm/chr3R_19287679-19287954__chr3R_19350401-19350687/alignments/enhancers/lastz.maf
chr3R_19300935-19301225__chr3R_19317753-19317953	OK	0	0	0.0	/Users/jillianness/Downloads/new_LASTZ_analysis/enhancer_extraction/enhancer_pairs/FBgn0000463_sm/chr3R_19300935-19301225__chr3R_19317753-19317953/alignments/enhancers/lastz.maf
chr3R_19300935-19301225__chr3R_19350401-19350687	OK	0	0	0.0	/Users/jillianness/Downloads/new_LASTZ_analysis/enhancer_extraction/enhancer_pairs/FBgn0000463_sm/chr3R_19300935-19301225__chr3R_19350401-19350687/alignments/enhancers/lastz.maf
chr3R_19317753-19317953__chr3R_19350401-19350687	OK	0	0	0.0	/Users/jillianness/Downloads/new_LASTZ_analysis/enhancer_extraction/enhancer_pairs/FBgn0000463_sm/chr3R_19317753-19317953__chr3R_19350401-19350687/alignments/enhancers/lastz.maf
chrX_3035626-3035842__chrX_3036092-3036292	OK	0	0	0.0	/Users/jillianness/Downloads/new_LASTZ_analysis/enhancer_extraction/enhancer_pairs/FBgn0000479_sm/chrX_3035626-3035842__chrX_3036092-3036292/alignments/enhancers/lastz.maf
chrX_3035626-3035842__chrX_3058248-3058549	OK	0	0	0.0	/Users/jillianness/Downloads/new_LASTZ_analysis/enhancer_extraction/enhancer_pairs/FBgn0000479_sm/chrX_3035626-3035842__chrX_3058248-3058549/alignments/enhancers/lastz.maf
chrX_3035626-3035842__chrX_3096802-3097002	OK	0	0	0.0	/Users/jillianness/Downloads/new_LASTZ_analysis/enhancer_extraction/enhancer_pairs/FBgn0000479_sm/chrX_3035626-3035842__chrX_3096802-3097002/alignments/enhancers/lastz.maf
chrX_3035626-3035842__chrX_3256916-3257157	OK	0	0	0.0	/Users/jillianness/Downloads/new_LASTZ_analysis/enhancer_extraction/enhancer_pairs/FBgn0000479_sm/chrX_3035626-3035842__chrX_3256916-3257157/alignments/enhancers/lastz.maf
chrX_3035626-3035842__chrX_3328623-3328837	OK	0	0	0.0	/Users/jillianness/Downloads/new_LASTZ_analysis/enhancer_extraction/enhancer_pairs/FBgn0000479_sm/chrX_3035626-3035842__chrX_3328623-3328837/alignments/enhancers/lastz.maf
chrX_3035626-3035842__chrX_3331542-3331742	OK	0	0	0.0	/Users/jillianness/Downloads/new_LASTZ_analysis/enhancer_extraction/enhancer_pairs/FBgn0000479_sm/chrX_3035626-3035842__chrX_3331542-3331742/alignments/enhancers/lastz.maf
chrX_3036092-3036292__chrX_3058248-3058549	OK	0	0	0.0	/Users/jillianness/Downloads/new_LASTZ_analysis/enhancer_extraction/enhancer_pairs/FBgn0000479_sm/chrX_3036092-3036292__chrX_3058248-3058549/alignments/enhancers/lastz.maf
chrX_3036092-3036292__chrX_3096802-3097002	OK	0	0	0.0	/Users/jillianness/Downloads/new_LASTZ_analysis/enhancer_extraction/enhancer_pairs/FBgn0000479_sm/chrX_3036092-3036292__chrX_3096802-3097002/alignments/enhancers/lastz.maf
chrX_3036092-3036292__chrX_3256916-3257157	OK	0	0	0.0	/Users/jillianness/Downloads/new_LASTZ_analysis/enhancer_extraction/enhancer_pairs/FBgn0000479_sm/chrX_3036092-3036292__chrX_3256916-3257157/alignments/enhancers/lastz.maf
chrX_3036092-3036292__chrX_3328623-3328837	OK	0	0	0.0	/Users/jillianness/Downloads/new_LASTZ_analysis/enhancer_extraction/enhancer_pairs/FBgn0000479_sm/chrX_3036092-3036292__chrX_3328623-3328837/alignments/enhancers/lastz.maf
chrX_3036092-3036292__chrX_3331542-3331742	OK	0	0	0.0	/Users/jillianness/Downloads/new_LASTZ_analysis/enhancer_extraction/enhancer_pairs/FBgn0000479_sm/chrX_3036092-3036292__chrX_3331542-3331742/alignments/enhancers/lastz.maf
chrX_3058248-3058549__chrX_3096802-3097002	OK	0	0	0.0	/Users/jillianness/Downloads/new_LASTZ_analysis/enhancer_extraction/enhancer_pairs/FBgn0000479_sm/chrX_3058248-3058549__chrX_3096802-3097002/alignments/enhancers/lastz.maf
chrX_3058248-3058549__chrX_3256916-3257157	OK	0	0	0.0	/Users/jillianness/Downloads/new_LASTZ_analysis/enhancer_extraction/enhancer_pairs/FBgn0000479_sm/chrX_3058248-3058549__chrX_3256916-3257157/alignments/enhancers/lastz.maf
chrX_3058248-3058549__chrX_3328623-3328837	OK	0	0	0.0	/Users/jillianness/Downloads/new_LASTZ_analysis/enhancer_extraction/enhancer_pairs/FBgn0000479_sm/chrX_3058248-3058549__chrX_3328623-3328837/alignments/enhancers/lastz.maf
chrX_3058248-3058549__chrX_3331542-3331742	OK	0	0	0.0	/Users/jillianness/Downloads/new_LASTZ_analysis/enhancer_extraction/enhancer_pairs/FBgn0000479_sm/chrX_3058248-3058549__chrX_3331542-3331742/alignments/enhancers/lastz.maf
chrX_3096802-3097002__chrX_3256916-3257157	OK	0	0	0.0	/Users/jillianness/Downloads/new_LASTZ_analysis/enhancer_extraction/enhancer_pairs/FBgn0000479_sm/chrX_3096802-3097002__chrX_3256916-3257157/alignments/enhancers/lastz.maf
chrX_3096802-3097002__chrX_3328623-3328837	OK	0	0	0.0	/Users/jillianness/Downloads/new_LASTZ_analysis/enhancer_extraction/enhancer_pairs/FBgn0000479_sm/chrX_3096802-3097002__chrX_3328623-3328837/alignments/enhancers/lastz.maf
chrX_3096802-3097002__chrX_3331542-3331742	OK	0	0	0.0	/Users/jillianness/Downloads/new_LASTZ_analysis/enhancer_extraction/enhancer_pairs/FBgn0000479_sm/chrX_3096802-3097002__chrX_3331542-3331742/alignments/enhancers/lastz.maf
chrX_3256916-3257157__chrX_3328623-3328837	OK	0	0	0.0	/Users/jillianness/Downloads/new_LASTZ_analysis/enhancer_extraction/enhancer_pairs/FBgn0000479_sm/chrX_3256916-3257157__chrX_3328623-3328837/alignments/enhancers/lastz.maf
chrX_3256916-3257157__chrX_3331542-3331742	OK	0	0	0.0	/Users/jillianness/Downloads/new_LASTZ_analysis/enhancer_extraction/enhancer_pairs/FBgn0000479_sm/chrX_3256916-3257157__chrX_3331542-3331742/alignments/enhancers/lastz.maf
chrX_3328623-3328837__chrX_3331542-3331742	OK	0	0	0.0	/Users/jillianness/Downloads/new_LASTZ_analysis/enhancer_extraction/enhancer_pairs/FBgn0000479_sm/chrX_3328623-3328837__chrX_3331542-3331742/alignments/enhancers/lastz.maf
chr3L_709891-710336__chr3L_723323-723674	OK	0	0	0.0	/Users/jillianness/Downloads/new_LASTZ_analysis/enhancer_extraction/enhancer_pairs/FBgn0000575_meso/chr3L_709891-710336__chr3L_723323-723674/alignments/enhancers/lastz.maf
chr3L_709891-710336__chr3L_726050-726267	OK	0	0	0.0	/Users/jillianness/Downloads/new_LASTZ_analysis/enhancer_extraction/enhancer_pairs/FBgn0000575_meso/chr3L_709891-710336__chr3L_726050-726267/alignments/enhancers/lastz.maf
chr3L_709891-710336__chr3L_726645-726923	OK	0	0	0.0	/Users/jillianness/Downloads/new_LASTZ_analysis/enhancer_extraction/enhancer_pairs/FBgn0000575_meso/chr3L_709891-710336__chr3L_726645-726923/alignments/enhancers/lastz.maf
chr3L_709891-710336__chr3L_731320-731606	OK	0	0	0.0	/Users/jillianness/Downloads/new_LASTZ_analysis/enhancer_extraction/enhancer_pairs/FBgn0000575_meso/chr3L_709891-710336__chr3L_731320-731606/alignments/enhancers/lastz.maf
chr3L_723323-723674__chr3L_726050-726267	OK	0	0	0.0	/Users/jillianness/Downloads/new_LASTZ_analysis/enhancer_extraction/enhancer_pairs/FBgn0000575_meso/chr3L_723323-723674__chr3L_726050-726267/alignments/enhancers/lastz.maf
chr3L_723323-723674__chr3L_726645-726923	OK	0	0	0.0	/Users/jillianness/Downloads/new_LASTZ_analysis/enhancer_extraction/enhancer_pairs/FBgn0000575_meso/chr3L_723323-723674__chr3L_726645-726923/alignments/enhancers/lastz.maf
chr3L_723323-723674__chr3L_731320-731606	OK	0	0	0.0	/Users/jillianness/Downloads/new_LASTZ_analysis/enhancer_extraction/enhancer_pairs/FBgn0000575_meso/chr3L_723323-723674__chr3L_731320-731606/alignments/enhancers/lastz.maf
chr3L_726050-726267__chr3L_726645-726923	OK	0	0	0.0	/Users/jillianness/Downloads/new_LASTZ_analysis/enhancer_extraction/enhancer_pairs/FBgn0000575_meso/chr3L_726050-726267__chr3L_726645-726923/alignments/enhancers/lastz.maf
chr3L_726050-726267__chr3L_731320-731606	OK	0	0	0.0	/Users/jillianness/Downloads/new_LASTZ_analysis/enhancer_extraction/enhancer_pairs/FBgn0000575_meso/chr3L_726050-726267__chr3L_731320-731606/alignments/enhancers/lastz.maf
chr3L_726645-726923__chr3L_731320-731606	OK	0	0	0.0	/Users/jillianness/Downloads/new_LASTZ_analysis/enhancer_extraction/enhancer_pairs/FBgn0000575_meso/chr3L_726645-726923__chr3L_731320-731606/alignments/enhancers/lastz.maf
chr2R_11174981-11175181__chr2R_11176966-11177231	OK	0	0	0.0	/Users/jillianness/Downloads/new_LASTZ_analysis/enhancer_extraction/enhancer_pairs/FBgn0000577_Spearman/chr2R_11174981-11175181__chr2R_11176966-11177231/alignments/enhancers/lastz.maf
chrX_4140118-4140318__chrX_4145024-4145343	OK	0	0	0.0	/Users/jillianness/Downloads/new_LASTZ_analysis/enhancer_extraction/enhancer_pairs/FBgn0000635_sm/chrX_4140118-4140318__chrX_4145024-4145343/alignments/enhancers/lastz.maf
chrX_4140118-4140318__chrX_4156826-4157158	OK	0	0	0.0	/Users/jillianness/Downloads/new_LASTZ_analysis/enhancer_extraction/enhancer_pairs/FBgn0000635_sm/chrX_4140118-4140318__chrX_4156826-4157158/alignments/enhancers/lastz.maf
chrX_4140118-4140318__chrX_4157262-4157462	OK	0	0	0.0	/Users/jillianness/Downloads/new_LASTZ_analysis/enhancer_extraction/enhancer_pairs/FBgn0000635_sm/chrX_4140118-4140318__chrX_4157262-4157462/alignments/enhancers/lastz.maf
chrX_4140118-4140318__chrX_4157881-4158081	OK	0	0	0.0	/Users/jillianness/Downloads/new_LASTZ_analysis/enhancer_extraction/enhancer_pairs/FBgn0000635_sm/chrX_4140118-4140318__chrX_4157881-4158081/alignments/enhancers/lastz.maf
chrX_4145024-4145343__chrX_4156826-4157158	OK	0	0	0.0	/Users/jillianness/Downloads/new_LASTZ_analysis/enhancer_extraction/enhancer_pairs/FBgn0000635_sm/chrX_4145024-4145343__chrX_4156826-4157158/alignments/enhancers/lastz.maf
chrX_4145024-4145343__chrX_4157262-4157462	OK	0	0	0.0	/Users/jillianness/Downloads/new_LASTZ_analysis/enhancer_extraction/enhancer_pairs/FBgn0000635_sm/chrX_4145024-4145343__chrX_4157262-4157462/alignments/enhancers/lastz.maf
chrX_4145024-4145343__chrX_4157881-4158081	OK	0	0	0.0	/Users/jillianness/Downloads/new_LASTZ_analysis/enhancer_extraction/enhancer_pairs/FBgn0000635_sm/chrX_4145024-4145343__chrX_4157881-4158081/alignments/enhancers/lastz.maf
chrX_4156826-4157158__chrX_4157262-4157462	OK	0	0	0.0	/Users/jillianness/Downloads/new_LASTZ_analysis/enhancer_extraction/enhancer_pairs/FBgn0000635_sm/chrX_4156826-4157158__chrX_4157262-4157462/alignments/enhancers/lastz.maf
chrX_4156826-4157158__chrX_4157881-4158081	OK	0	0	0.0	/Users/jillianness/Downloads/new_LASTZ_analysis/enhancer_extraction/enhancer_pairs/FBgn0000635_sm/chrX_4156826-4157158__chrX_4157881-4158081/alignments/enhancers/lastz.maf
chrX_4157262-4157462__chrX_4157881-4158081	OK	0	0	0.0	/Users/jillianness/Downloads/new_LASTZ_analysis/enhancer_extraction/enhancer_pairs/FBgn0000635_sm/chrX_4157262-4157462__chrX_4157881-4158081/alignments/enhancers/lastz.maf
chr2L_18315739-18316039__chr2L_18329506-18330029	OK	0	0	0.0	/Users/jillianness/Downloads/new_LASTZ_analysis/enhancer_extraction/enhancer_pairs/FBgn0000636_vm/chr2L_18315739-18316039__chr2L_18329506-18330029/alignments/enhancers/lastz.maf
chr2L_18315739-18316039__chr2L_18331524-18331944	OK	0	0	0.0	/Users/jillianness/Downloads/new_LASTZ_analysis/enhancer_extraction/enhancer_pairs/FBgn0000636_vm/chr2L_18315739-18316039__chr2L_18331524-18331944/alignments/enhancers/lastz.maf
chr2L_18315739-18316039__chr2L_18332556-18332942	OK	0	0	0.0	/Users/jillianness/Downloads/new_LASTZ_analysis/enhancer_extraction/enhancer_pairs/FBgn0000636_vm/chr2L_18315739-18316039__chr2L_18332556-18332942/alignments/enhancers/lastz.maf
chr2L_18329506-18330029__chr2L_18331524-18331944	OK	0	0	0.0	/Users/jillianness/Downloads/new_LASTZ_analysis/enhancer_extraction/enhancer_pairs/FBgn0000636_vm/chr2L_18329506-18330029__chr2L_18331524-18331944/alignments/enhancers/lastz.maf
chr2L_18329506-18330029__chr2L_18332556-18332942	OK	0	0	0.0	/Users/jillianness/Downloads/new_LASTZ_analysis/enhancer_extraction/enhancer_pairs/FBgn0000636_vm/chr2L_18329506-18330029__chr2L_18332556-18332942/alignments/enhancers/lastz.maf
chr2L_18331524-18331944__chr2L_18332556-18332942	OK	0	0	0.0	/Users/jillianness/Downloads/new_LASTZ_analysis/enhancer_extraction/enhancer_pairs/FBgn0000636_vm/chr2L_18331524-18331944__chr2L_18332556-18332942/alignments/enhancers/lastz.maf
chrX_1936833-1937033__chrX_1947402-1947602	OK	0	0	0.0	/Users/jillianness/Downloads/new_LASTZ_analysis/enhancer_extraction/enhancer_pairs/FBgn0000667_vm/chrX_1936833-1937033__chrX_1947402-1947602/alignments/enhancers/lastz.maf
chrX_1936833-1937033__chrX_1967981-1968192	OK	0	0	0.0	/Users/jillianness/Downloads/new_LASTZ_analysis/enhancer_extraction/enhancer_pairs/FBgn0000667_vm/chrX_1936833-1937033__chrX_1967981-1968192/alignments/enhancers/lastz.maf
chrX_1936833-1937033__chrX_1994981-1995181	OK	0	0	0.0	/Users/jillianness/Downloads/new_LASTZ_analysis/enhancer_extraction/enhancer_pairs/FBgn0000667_vm/chrX_1936833-1937033__chrX_1994981-1995181/alignments/enhancers/lastz.maf
chrX_1936833-1937033__chrX_1995248-1995488	OK	0	0	0.0	/Users/jillianness/Downloads/new_LASTZ_analysis/enhancer_extraction/enhancer_pairs/FBgn0000667_vm/chrX_1936833-1937033__chrX_1995248-1995488/alignments/enhancers/lastz.maf
chrX_1936833-1937033__chrX_1995994-1996521	OK	0	0	0.0	/Users/jillianness/Downloads/new_LASTZ_analysis/enhancer_extraction/enhancer_pairs/FBgn0000667_vm/chrX_1936833-1937033__chrX_1995994-1996521/alignments/enhancers/lastz.maf
chrX_1947402-1947602__chrX_1967981-1968192	OK	0	0	0.0	/Users/jillianness/Downloads/new_LASTZ_analysis/enhancer_extraction/enhancer_pairs/FBgn0000667_vm/chrX_1947402-1947602__chrX_1967981-1968192/alignments/enhancers/lastz.maf
chrX_1947402-1947602__chrX_1994981-1995181	OK	0	0	0.0	/Users/jillianness/Downloads/new_LASTZ_analysis/enhancer_extraction/enhancer_pairs/FBgn0000667_vm/chrX_1947402-1947602__chrX_1994981-1995181/alignments/enhancers/lastz.maf
chrX_1947402-1947602__chrX_1995248-1995488	OK	0	0	0.0	/Users/jillianness/Downloads/new_LASTZ_analysis/enhancer_extraction/enhancer_pairs/FBgn0000667_vm/chrX_1947402-1947602__chrX_1995248-1995488/alignments/enhancers/lastz.maf
chrX_1947402-1947602__chrX_1995994-1996521	OK	0	0	0.0	/Users/jillianness/Downloads/new_LASTZ_analysis/enhancer_extraction/enhancer_pairs/FBgn0000667_vm/chrX_1947402-1947602__chrX_1995994-1996521/alignments/enhancers/lastz.maf
chrX_1967981-1968192__chrX_1994981-1995181	OK	0	0	0.0	/Users/jillianness/Downloads/new_LASTZ_analysis/enhancer_extraction/enhancer_pairs/FBgn0000667_vm/chrX_1967981-1968192__chrX_1994981-1995181/alignments/enhancers/lastz.maf
chrX_1967981-1968192__chrX_1995248-1995488	OK	0	0	0.0	/Users/jillianness/Downloads/new_LASTZ_analysis/enhancer_extraction/enhancer_pairs/FBgn0000667_vm/chrX_1967981-1968192__chrX_1995248-1995488/alignments/enhancers/lastz.maf
chrX_1967981-1968192__chrX_1995994-1996521	OK	0	0	0.0	/Users/jillianness/Downloads/new_LASTZ_analysis/enhancer_extraction/enhancer_pairs/FBgn0000667_vm/chrX_1967981-1968192__chrX_1995994-1996521/alignments/enhancers/lastz.maf
chrX_1994981-1995181__chrX_1995248-1995488	OK	0	0	0.0	/Users/jillianness/Downloads/new_LASTZ_analysis/enhancer_extraction/enhancer_pairs/FBgn0000667_vm/chrX_1994981-1995181__chrX_1995248-1995488/alignments/enhancers/lastz.maf
chrX_1994981-1995181__chrX_1995994-1996521	OK	0	0	0.0	/Users/jillianness/Downloads/new_LASTZ_analysis/enhancer_extraction/enhancer_pairs/FBgn0000667_vm/chrX_1994981-1995181__chrX_1995994-1996521/alignments/enhancers/lastz.maf
chrX_1995248-1995488__chrX_1995994-1996521	OK	0	0	0.0	/Users/jillianness/Downloads/new_LASTZ_analysis/enhancer_extraction/enhancer_pairs/FBgn0000667_vm/chrX_1995248-1995488__chrX_1995994-1996521/alignments/enhancers/lastz.maf
chr2L_3609083-3609283__chr2L_3613425-3613748	OK	0	0	0.0	/Users/jillianness/Downloads/new_LASTZ_analysis/enhancer_extraction/enhancer_pairs/FBgn0000721_Spearman/chr2L_3609083-3609283__chr2L_3613425-3613748/alignments/enhancers/lastz.maf
chr2L_3581785-3581985__chr2L_3628830-3629162	OK	0	0	0.0	/Users/jillianness/Downloads/new_LASTZ_analysis/enhancer_extraction/enhancer_pairs/FBgn0000721_vm/chr2L_3581785-3581985__chr2L_3628830-3629162/alignments/enhancers/lastz.maf
chr2L_3581785-3581985__chr2L_3631721-3632029	OK	0	0	0.0	/Users/jillianness/Downloads/new_LASTZ_analysis/enhancer_extraction/enhancer_pairs/FBgn0000721_vm/chr2L_3581785-3581985__chr2L_3631721-3632029/alignments/enhancers/lastz.maf
chr2L_3581785-3581985__chr2L_3655828-3656265	OK	0	0	0.0	/Users/jillianness/Downloads/new_LASTZ_analysis/enhancer_extraction/enhancer_pairs/FBgn0000721_vm/chr2L_3581785-3581985__chr2L_3655828-3656265/alignments/enhancers/lastz.maf
chr2L_3628830-3629162__chr2L_3631721-3632029	OK	0	0	0.0	/Users/jillianness/Downloads/new_LASTZ_analysis/enhancer_extraction/enhancer_pairs/FBgn0000721_vm/chr2L_3628830-3629162__chr2L_3631721-3632029/alignments/enhancers/lastz.maf
chr2L_3628830-3629162__chr2L_3655828-3656265	OK	0	0	0.0	/Users/jillianness/Downloads/new_LASTZ_analysis/enhancer_extraction/enhancer_pairs/FBgn0000721_vm/chr2L_3628830-3629162__chr2L_3655828-3656265/alignments/enhancers/lastz.maf
chr2L_3631721-3632029__chr2L_3655828-3656265	OK	0	0	0.0	/Users/jillianness/Downloads/new_LASTZ_analysis/enhancer_extraction/enhancer_pairs/FBgn0000721_vm/chr2L_3631721-3632029__chr2L_3655828-3656265/alignments/enhancers/lastz.maf
chr3R_6845754-6846203__chr3R_6885321-6885521	OK	0	0	0.0	/Users/jillianness/Downloads/new_LASTZ_analysis/enhancer_extraction/enhancer_pairs/FBgn0001077_meso/chr3R_6845754-6846203__chr3R_6885321-6885521/alignments/enhancers/lastz.maf
chr2R_7378288-7378537__chr2R_7400926-7401168	OK	0	0	0.0	/Users/jillianness/Downloads/new_LASTZ_analysis/enhancer_extraction/enhancer_pairs/FBgn0001091_vm/chr2R_7378288-7378537__chr2R_7400926-7401168/alignments/enhancers/lastz.maf
chr2R_7378288-7378537__chr2R_7415997-7416241	OK	0	0	0.0	/Users/jillianness/Downloads/new_LASTZ_analysis/enhancer_extraction/enhancer_pairs/FBgn0001091_vm/chr2R_7378288-7378537__chr2R_7415997-7416241/alignments/enhancers/lastz.maf
chr2R_7400926-7401168__chr2R_7415997-7416241	OK	0	0	0.0	/Users/jillianness/Downloads/new_LASTZ_analysis/enhancer_extraction/enhancer_pairs/FBgn0001091_vm/chr2R_7400926-7401168__chr2R_7415997-7416241/alignments/enhancers/lastz.maf
chr2R_10098614-10098835__chr2R_10099473-10099798	OK	0	0	0.0	/Users/jillianness/Downloads/new_LASTZ_analysis/enhancer_extraction/enhancer_pairs/FBgn0001122_Spearman/chr2R_10098614-10098835__chr2R_10099473-10099798/alignments/enhancers/lastz.maf
chr2R_10098614-10098835__chr2R_10104067-10104664	OK	0	0	0.0	/Users/jillianness/Downloads/new_LASTZ_analysis/enhancer_extraction/enhancer_pairs/FBgn0001122_Spearman/chr2R_10098614-10098835__chr2R_10104067-10104664/alignments/enhancers/lastz.maf
chr2R_10098614-10098835__chr2R_10109599-10110119	OK	0	0	0.0	/Users/jillianness/Downloads/new_LASTZ_analysis/enhancer_extraction/enhancer_pairs/FBgn0001122_Spearman/chr2R_10098614-10098835__chr2R_10109599-10110119/alignments/enhancers/lastz.maf
chr2R_10098614-10098835__chr2R_10110809-10111161	OK	0	0	0.0	/Users/jillianness/Downloads/new_LASTZ_analysis/enhancer_extraction/enhancer_pairs/FBgn0001122_Spearman/chr2R_10098614-10098835__chr2R_10110809-10111161/alignments/enhancers/lastz.maf
chr2R_10098614-10098835__chr2R_10160478-10160690	OK	0	0	0.0	/Users/jillianness/Downloads/new_LASTZ_analysis/enhancer_extraction/enhancer_pairs/FBgn0001122_Spearman/chr2R_10098614-10098835__chr2R_10160478-10160690/alignments/enhancers/lastz.maf
chr2R_10099473-10099798__chr2R_10104067-10104664	OK	0	0	0.0	/Users/jillianness/Downloads/new_LASTZ_analysis/enhancer_extraction/enhancer_pairs/FBgn0001122_Spearman/chr2R_10099473-10099798__chr2R_10104067-10104664/alignments/enhancers/lastz.maf
chr2R_10099473-10099798__chr2R_10109599-10110119	OK	0	0	0.0	/Users/jillianness/Downloads/new_LASTZ_analysis/enhancer_extraction/enhancer_pairs/FBgn0001122_Spearman/chr2R_10099473-10099798__chr2R_10109599-10110119/alignments/enhancers/lastz.maf
chr2R_10099473-10099798__chr2R_10110809-10111161	OK	0	0	0.0	/Users/jillianness/Downloads/new_LASTZ_analysis/enhancer_extraction/enhancer_pairs/FBgn0001122_Spearman/chr2R_10099473-10099798__chr2R_10110809-10111161/alignments/enhancers/lastz.maf
chr2R_10099473-10099798__chr2R_10160478-10160690	OK	0	0	0.0	/Users/jillianness/Downloads/new_LASTZ_analysis/enhancer_extraction/enhancer_pairs/FBgn0001122_Spearman/chr2R_10099473-10099798__chr2R_10160478-10160690/alignments/enhancers/lastz.maf
chr2R_10104067-10104664__chr2R_10109599-10110119	OK	0	0	0.0	/Users/jillianness/Downloads/new_LASTZ_analysis/enhancer_extraction/enhancer_pairs/FBgn0001122_Spearman/chr2R_10104067-10104664__chr2R_10109599-10110119/alignments/enhancers/lastz.maf
chr2R_10104067-10104664__chr2R_10110809-10111161	OK	0	0	0.0	/Users/jillianness/Downloads/new_LASTZ_analysis/enhancer_extraction/enhancer_pairs/FBgn0001122_Spearman/chr2R_10104067-10104664__chr2R_10110809-10111161/alignments/enhancers/lastz.maf
chr2R_10104067-10104664__chr2R_10160478-10160690	OK	0	0	0.0	/Users/jillianness/Downloads/new_LASTZ_analysis/enhancer_extraction/enhancer_pairs/FBgn0001122_Spearman/chr2R_10104067-10104664__chr2R_10160478-10160690/alignments/enhancers/lastz.maf
chr2R_10109599-10110119__chr2R_10110809-10111161	OK	0	0	0.0	/Users/jillianness/Downloads/new_LASTZ_analysis/enhancer_extraction/enhancer_pairs/FBgn0001122_Spearman/chr2R_10109599-10110119__chr2R_10110809-10111161/alignments/enhancers/lastz.maf
chr2R_10109599-10110119__chr2R_10160478-10160690	OK	0	0	0.0	/Users/jillianness/Downloads/new_LASTZ_analysis/enhancer_extraction/enhancer_pairs/FBgn0001122_Spearman/chr2R_10109599-10110119__chr2R_10160478-10160690/alignments/enhancers/lastz.maf
chr2R_10110809-10111161__chr2R_10160478-10160690	OK	0	0	0.0	/Users/jillianness/Downloads/new_LASTZ_analysis/enhancer_extraction/enhancer_pairs/FBgn0001122_Spearman/chr2R_10110809-10111161__chr2R_10160478-10160690/alignments/enhancers/lastz.maf
chr2R_10052571-10053081__chr2R_10109599-10110119	OK	0	0	0.0	/Users/jillianness/Downloads/new_LASTZ_analysis/enhancer_extraction/enhancer_pairs/FBgn0001122_vm/chr2R_10052571-10053081__chr2R_10109599-10110119/alignments/enhancers/lastz.maf
chr2R_15781976-15782453__chr2R_15782875-15783226	OK	0	0	0.0	/Users/jillianness/Downloads/new_LASTZ_analysis/enhancer_extraction/enhancer_pairs/FBgn0001124_Spearman/chr2R_15781976-15782453__chr2R_15782875-15783226/alignments/enhancers/lastz.maf
chr2R_15757455-15757986__chr2R_15777722-15778274	OK	0	0	0.0	/Users/jillianness/Downloads/new_LASTZ_analysis/enhancer_extraction/enhancer_pairs/FBgn0001124_vm_sm/chr2R_15757455-15757986__chr2R_15777722-15778274/alignments/enhancers/lastz.maf
chr2R_15757455-15757986__chr2R_15790355-15790636	OK	0	0	0.0	/Users/jillianness/Downloads/new_LASTZ_analysis/enhancer_extraction/enhancer_pairs/FBgn0001124_vm_sm/chr2R_15757455-15757986__chr2R_15790355-15790636/alignments/enhancers/lastz.maf
chr2R_15777722-15778274__chr2R_15790355-15790636	OK	0	0	0.0	/Users/jillianness/Downloads/new_LASTZ_analysis/enhancer_extraction/enhancer_pairs/FBgn0001124_vm_sm/chr2R_15777722-15778274__chr2R_15790355-15790636/alignments/enhancers/lastz.maf
chr2R_24627735-24628074__chr2R_24685575-24685932	OK	0	0	0.0	/Users/jillianness/Downloads/new_LASTZ_analysis/enhancer_extraction/enhancer_pairs/FBgn0001147_sm/chr2R_24627735-24628074__chr2R_24685575-24685932/alignments/enhancers/lastz.maf
chr2R_24627735-24628074__chr2R_24696661-24696905	OK	0	0	0.0	/Users/jillianness/Downloads/new_LASTZ_analysis/enhancer_extraction/enhancer_pairs/FBgn0001147_sm/chr2R_24627735-24628074__chr2R_24696661-24696905/alignments/enhancers/lastz.maf
chr2R_24685575-24685932__chr2R_24696661-24696905	OK	0	0	0.0	/Users/jillianness/Downloads/new_LASTZ_analysis/enhancer_extraction/enhancer_pairs/FBgn0001147_sm/chr2R_24685575-24685932__chr2R_24696661-24696905/alignments/enhancers/lastz.maf
chr2L_6015000-6015255__chr2L_6017484-6017937	OK	0	0	0.0	/Users/jillianness/Downloads/new_LASTZ_analysis/enhancer_extraction/enhancer_pairs/FBgn0001170_vm/chr2L_6015000-6015255__chr2L_6017484-6017937/alignments/enhancers/lastz.maf
chr2L_6015000-6015255__chr2L_6019719-6020065	OK	0	0	0.0	/Users/jillianness/Downloads/new_LASTZ_analysis/enhancer_extraction/enhancer_pairs/FBgn0001170_vm/chr2L_6015000-6015255__chr2L_6019719-6020065/alignments/enhancers/lastz.maf
chr2L_6017484-6017937__chr2L_6019719-6020065	OK	0	0	0.0	/Users/jillianness/Downloads/new_LASTZ_analysis/enhancer_extraction/enhancer_pairs/FBgn0001170_vm/chr2L_6017484-6017937__chr2L_6019719-6020065/alignments/enhancers/lastz.maf
chrX_9534593-9534973__chrX_9535552-9535936	OK	0	0	0.0	/Users/jillianness/Downloads/new_LASTZ_analysis/enhancer_extraction/enhancer_pairs/FBgn0001186_sm/chrX_9534593-9534973__chrX_9535552-9535936/alignments/enhancers/lastz.maf
chrX_9534593-9534973__chrX_9537260-9537482	OK	0	0	0.0	/Users/jillianness/Downloads/new_LASTZ_analysis/enhancer_extraction/enhancer_pairs/FBgn0001186_sm/chrX_9534593-9534973__chrX_9537260-9537482/alignments/enhancers/lastz.maf
chrX_9534593-9534973__chrX_9609591-9609868	OK	0	0	0.0	/Users/jillianness/Downloads/new_LASTZ_analysis/enhancer_extraction/enhancer_pairs/FBgn0001186_sm/chrX_9534593-9534973__chrX_9609591-9609868/alignments/enhancers/lastz.maf
chrX_9535552-9535936__chrX_9537260-9537482	OK	0	0	0.0	/Users/jillianness/Downloads/new_LASTZ_analysis/enhancer_extraction/enhancer_pairs/FBgn0001186_sm/chrX_9535552-9535936__chrX_9537260-9537482/alignments/enhancers/lastz.maf
chrX_9535552-9535936__chrX_9609591-9609868	OK	0	0	0.0	/Users/jillianness/Downloads/new_LASTZ_analysis/enhancer_extraction/enhancer_pairs/FBgn0001186_sm/chrX_9535552-9535936__chrX_9609591-9609868/alignments/enhancers/lastz.maf
chrX_9537260-9537482__chrX_9609591-9609868	OK	0	0	0.0	/Users/jillianness/Downloads/new_LASTZ_analysis/enhancer_extraction/enhancer_pairs/FBgn0001186_sm/chrX_9537260-9537482__chrX_9609591-9609868/alignments/enhancers/lastz.maf
chr3R_10618771-10619181__chr3R_10626588-10627045	OK	0	0	0.0	/Users/jillianness/Downloads/new_LASTZ_analysis/enhancer_extraction/enhancer_pairs/FBgn0001235_meso/chr3R_10618771-10619181__chr3R_10626588-10627045/alignments/enhancers/lastz.maf
chr3R_10618771-10619181__chr3R_10645396-10645910	OK	0	0	0.0	/Users/jillianness/Downloads/new_LASTZ_analysis/enhancer_extraction/enhancer_pairs/FBgn0001235_meso/chr3R_10618771-10619181__chr3R_10645396-10645910/alignments/enhancers/lastz.maf
chr3R_10626588-10627045__chr3R_10645396-10645910	OK	0	0	0.0	/Users/jillianness/Downloads/new_LASTZ_analysis/enhancer_extraction/enhancer_pairs/FBgn0001235_meso/chr3R_10626588-10627045__chr3R_10645396-10645910/alignments/enhancers/lastz.maf
chrX_16714138-16714498__chrX_16714979-16715355	OK	0	0	0.0	/Users/jillianness/Downloads/new_LASTZ_analysis/enhancer_extraction/enhancer_pairs/FBgn0001250_Spearman/chrX_16714138-16714498__chrX_16714979-16715355/alignments/enhancers/lastz.maf
chrX_16703281-16703660__chrX_16732709-16733041	OK	0	0	0.0	/Users/jillianness/Downloads/new_LASTZ_analysis/enhancer_extraction/enhancer_pairs/FBgn0001250_sm/chrX_16703281-16703660__chrX_16732709-16733041/alignments/enhancers/lastz.maf
chr2R_14405171-14405442__chr2R_14428730-14429102	OK	0	0	0.0	/Users/jillianness/Downloads/new_LASTZ_analysis/enhancer_extraction/enhancer_pairs/FBgn0001319_Spearman/chr2R_14405171-14405442__chr2R_14428730-14429102/alignments/enhancers/lastz.maf
chrX_372134-372334__chrX_374797-375243	OK	0	0	0.0	/Users/jillianness/Downloads/new_LASTZ_analysis/enhancer_extraction/enhancer_pairs/FBgn0002561_Spearman/chrX_372134-372334__chrX_374797-375243/alignments/enhancers/lastz.maf
chrX_372134-372334__chrX_421493-421767	OK	0	0	0.0	/Users/jillianness/Downloads/new_LASTZ_analysis/enhancer_extraction/enhancer_pairs/FBgn0002561_Spearman/chrX_372134-372334__chrX_421493-421767/alignments/enhancers/lastz.maf
chrX_374797-375243__chrX_421493-421767	OK	0	0	0.0	/Users/jillianness/Downloads/new_LASTZ_analysis/enhancer_extraction/enhancer_pairs/FBgn0002561_Spearman/chrX_374797-375243__chrX_421493-421767/alignments/enhancers/lastz.maf
chr3R_25997262-25997462__chr3R_25999494-25999722	OK	0	0	0.0	/Users/jillianness/Downloads/new_LASTZ_analysis/enhancer_extraction/enhancer_pairs/FBgn0002733_Spearman/chr3R_25997262-25997462__chr3R_25999494-25999722/alignments/enhancers/lastz.maf
chr3R_25997262-25997462__chr3R_26002453-26002853	OK	0	0	0.0	/Users/jillianness/Downloads/new_LASTZ_analysis/enhancer_extraction/enhancer_pairs/FBgn0002733_Spearman/chr3R_25997262-25997462__chr3R_26002453-26002853/alignments/enhancers/lastz.maf
chr3R_25997262-25997462__chr3R_26006043-26006577	OK	0	0	0.0	/Users/jillianness/Downloads/new_LASTZ_analysis/enhancer_extraction/enhancer_pairs/FBgn0002733_Spearman/chr3R_25997262-25997462__chr3R_26006043-26006577/alignments/enhancers/lastz.maf
chr3R_25997262-25997462__chr3R_26009977-26010219	OK	0	0	0.0	/Users/jillianness/Downloads/new_LASTZ_analysis/enhancer_extraction/enhancer_pairs/FBgn0002733_Spearman/chr3R_25997262-25997462__chr3R_26009977-26010219/alignments/enhancers/lastz.maf
chr3R_25997262-25997462__chr3R_26010258-26010647	OK	0	0	0.0	/Users/jillianness/Downloads/new_LASTZ_analysis/enhancer_extraction/enhancer_pairs/FBgn0002733_Spearman/chr3R_25997262-25997462__chr3R_26010258-26010647/alignments/enhancers/lastz.maf
chr3R_25997262-25997462__chr3R_26017398-26017815	OK	0	0	0.0	/Users/jillianness/Downloads/new_LASTZ_analysis/enhancer_extraction/enhancer_pairs/FBgn0002733_Spearman/chr3R_25997262-25997462__chr3R_26017398-26017815/alignments/enhancers/lastz.maf
chr3R_25997262-25997462__chr3R_26018200-26018652	OK	0	0	0.0	/Users/jillianness/Downloads/new_LASTZ_analysis/enhancer_extraction/enhancer_pairs/FBgn0002733_Spearman/chr3R_25997262-25997462__chr3R_26018200-26018652/alignments/enhancers/lastz.maf
chr3R_25999494-25999722__chr3R_26002453-26002853	OK	0	0	0.0	/Users/jillianness/Downloads/new_LASTZ_analysis/enhancer_extraction/enhancer_pairs/FBgn0002733_Spearman/chr3R_25999494-25999722__chr3R_26002453-26002853/alignments/enhancers/lastz.maf
chr3R_25999494-25999722__chr3R_26006043-26006577	OK	0	0	0.0	/Users/jillianness/Downloads/new_LASTZ_analysis/enhancer_extraction/enhancer_pairs/FBgn0002733_Spearman/chr3R_25999494-25999722__chr3R_26006043-26006577/alignments/enhancers/lastz.maf
chr3R_25999494-25999722__chr3R_26009977-26010219	OK	0	0	0.0	/Users/jillianness/Downloads/new_LASTZ_analysis/enhancer_extraction/enhancer_pairs/FBgn0002733_Spearman/chr3R_25999494-25999722__chr3R_26009977-26010219/alignments/enhancers/lastz.maf
chr3R_25999494-25999722__chr3R_26010258-26010647	OK	0	0	0.0	/Users/jillianness/Downloads/new_LASTZ_analysis/enhancer_extraction/enhancer_pairs/FBgn0002733_Spearman/chr3R_25999494-25999722__chr3R_26010258-26010647/alignments/enhancers/lastz.maf
chr3R_25999494-25999722__chr3R_26017398-26017815	OK	0	0	0.0	/Users/jillianness/Downloads/new_LASTZ_analysis/enhancer_extraction/enhancer_pairs/FBgn0002733_Spearman/chr3R_25999494-25999722__chr3R_26017398-26017815/alignments/enhancers/lastz.maf
chr3R_25999494-25999722__chr3R_26018200-26018652	OK	0	0	0.0	/Users/jillianness/Downloads/new_LASTZ_analysis/enhancer_extraction/enhancer_pairs/FBgn0002733_Spearman/chr3R_25999494-25999722__chr3R_26018200-26018652/alignments/enhancers/lastz.maf
chr3R_26002453-26002853__chr3R_26006043-26006577	OK	0	0	0.0	/Users/jillianness/Downloads/new_LASTZ_analysis/enhancer_extraction/enhancer_pairs/FBgn0002733_Spearman/chr3R_26002453-26002853__chr3R_26006043-26006577/alignments/enhancers/lastz.maf
chr3R_26002453-26002853__chr3R_26009977-26010219	OK	0	0	0.0	/Users/jillianness/Downloads/new_LASTZ_analysis/enhancer_extraction/enhancer_pairs/FBgn0002733_Spearman/chr3R_26002453-26002853__chr3R_26009977-26010219/alignments/enhancers/lastz.maf
chr3R_26002453-26002853__chr3R_26010258-26010647	OK	0	0	0.0	/Users/jillianness/Downloads/new_LASTZ_analysis/enhancer_extraction/enhancer_pairs/FBgn0002733_Spearman/chr3R_26002453-26002853__chr3R_26010258-26010647/alignments/enhancers/lastz.maf
chr3R_26002453-26002853__chr3R_26017398-26017815	OK	0	0	0.0	/Users/jillianness/Downloads/new_LASTZ_analysis/enhancer_extraction/enhancer_pairs/FBgn0002733_Spearman/chr3R_26002453-26002853__chr3R_26017398-26017815/alignments/enhancers/lastz.maf
chr3R_26002453-26002853__chr3R_26018200-26018652	OK	0	0	0.0	/Users/jillianness/Downloads/new_LASTZ_analysis/enhancer_extraction/enhancer_pairs/FBgn0002733_Spearman/chr3R_26002453-26002853__chr3R_26018200-26018652/alignments/enhancers/lastz.maf
chr3R_26006043-26006577__chr3R_26009977-26010219	OK	0	0	0.0	/Users/jillianness/Downloads/new_LASTZ_analysis/enhancer_extraction/enhancer_pairs/FBgn0002733_Spearman/chr3R_26006043-26006577__chr3R_26009977-26010219/alignments/enhancers/lastz.maf
chr3R_26006043-26006577__chr3R_26010258-26010647	OK	0	0	0.0	/Users/jillianness/Downloads/new_LASTZ_analysis/enhancer_extraction/enhancer_pairs/FBgn0002733_Spearman/chr3R_26006043-26006577__chr3R_26010258-26010647/alignments/enhancers/lastz.maf
chr3R_26006043-26006577__chr3R_26017398-26017815	OK	0	0	0.0	/Users/jillianness/Downloads/new_LASTZ_analysis/enhancer_extraction/enhancer_pairs/FBgn0002733_Spearman/chr3R_26006043-26006577__chr3R_26017398-26017815/alignments/enhancers/lastz.maf
chr3R_26006043-26006577__chr3R_26018200-26018652	OK	0	0	0.0	/Users/jillianness/Downloads/new_LASTZ_analysis/enhancer_extraction/enhancer_pairs/FBgn0002733_Spearman/chr3R_26006043-26006577__chr3R_26018200-26018652/alignments/enhancers/lastz.maf
chr3R_26009977-26010219__chr3R_26010258-26010647	OK	0	0	0.0	/Users/jillianness/Downloads/new_LASTZ_analysis/enhancer_extraction/enhancer_pairs/FBgn0002733_Spearman/chr3R_26009977-26010219__chr3R_26010258-26010647/alignments/enhancers/lastz.maf
chr3R_26009977-26010219__chr3R_26017398-26017815	OK	0	0	0.0	/Users/jillianness/Downloads/new_LASTZ_analysis/enhancer_extraction/enhancer_pairs/FBgn0002733_Spearman/chr3R_26009977-26010219__chr3R_26017398-26017815/alignments/enhancers/lastz.maf
chr3R_26009977-26010219__chr3R_26018200-26018652	OK	0	0	0.0	/Users/jillianness/Downloads/new_LASTZ_analysis/enhancer_extraction/enhancer_pairs/FBgn0002733_Spearman/chr3R_26009977-26010219__chr3R_26018200-26018652/alignments/enhancers/lastz.maf
chr3R_26010258-26010647__chr3R_26017398-26017815	OK	0	0	0.0	/Users/jillianness/Downloads/new_LASTZ_analysis/enhancer_extraction/enhancer_pairs/FBgn0002733_Spearman/chr3R_26010258-26010647__chr3R_26017398-26017815/alignments/enhancers/lastz.maf
chr3R_26010258-26010647__chr3R_26018200-26018652	OK	0	0	0.0	/Users/jillianness/Downloads/new_LASTZ_analysis/enhancer_extraction/enhancer_pairs/FBgn0002733_Spearman/chr3R_26010258-26010647__chr3R_26018200-26018652/alignments/enhancers/lastz.maf
chr3R_26017398-26017815__chr3R_26018200-26018652	OK	0	0	0.0	/Users/jillianness/Downloads/new_LASTZ_analysis/enhancer_extraction/enhancer_pairs/FBgn0002733_Spearman/chr3R_26017398-26017815__chr3R_26018200-26018652/alignments/enhancers/lastz.maf
chr3R_27636779-27637140__chr3R_27659306-27659544	OK	0	0	0.0	/Users/jillianness/Downloads/new_LASTZ_analysis/enhancer_extraction/enhancer_pairs/FBgn0002772_vm_sm/chr3R_27636779-27637140__chr3R_27659306-27659544/alignments/enhancers/lastz.maf
chr3R_27636779-27637140__chr3R_27660249-27660711	OK	0	0	0.0	/Users/jillianness/Downloads/new_LASTZ_analysis/enhancer_extraction/enhancer_pairs/FBgn0002772_vm_sm/chr3R_27636779-27637140__chr3R_27660249-27660711/alignments/enhancers/lastz.maf
chr3R_27659306-27659544__chr3R_27660249-27660711	OK	0	0	0.0	/Users/jillianness/Downloads/new_LASTZ_analysis/enhancer_extraction/enhancer_pairs/FBgn0002772_vm_sm/chr3R_27659306-27659544__chr3R_27660249-27660711/alignments/enhancers/lastz.maf
chr3R_30174222-30174422__chr3R_30175122-30175322	OK	0	0	0.0	/Users/jillianness/Downloads/new_LASTZ_analysis/enhancer_extraction/enhancer_pairs/FBgn0002773_vm_sm/chr3R_30174222-30174422__chr3R_30175122-30175322/alignments/enhancers/lastz.maf
chr2R_12872374-12872767__chr2R_12873676-12873937	OK	0	0	0.0	/Users/jillianness/Downloads/new_LASTZ_analysis/enhancer_extraction/enhancer_pairs/FBgn0002789_vm_sm/chr2R_12872374-12872767__chr2R_12873676-12873937/alignments/enhancers/lastz.maf
chr3R_23718371-23718820__chr3R_23723782-23724049	OK	0	0	0.0	/Users/jillianness/Downloads/new_LASTZ_analysis/enhancer_extraction/enhancer_pairs/FBgn0002922_vm/chr3R_23718371-23718820__chr3R_23723782-23724049/alignments/enhancers/lastz.maf
chr3R_23718371-23718820__chr3R_23730272-23730626	OK	0	0	0.0	/Users/jillianness/Downloads/new_LASTZ_analysis/enhancer_extraction/enhancer_pairs/FBgn0002922_vm/chr3R_23718371-23718820__chr3R_23730272-23730626/alignments/enhancers/lastz.maf
chr3R_23723782-23724049__chr3R_23730272-23730626	OK	0	0	0.0	/Users/jillianness/Downloads/new_LASTZ_analysis/enhancer_extraction/enhancer_pairs/FBgn0002922_vm/chr3R_23723782-23724049__chr3R_23730272-23730626/alignments/enhancers/lastz.maf
chr2L_17816-18016__chr2L_20624-20824	OK	1	197	99.49	/Users/jillianness/Downloads/new_LASTZ_analysis/enhancer_extraction/enhancer_pairs/FBgn0002931_Spearman/chr2L_17816-18016__chr2L_20624-20824/alignments/enhancers/lastz.maf
chr3R_21530848-21531048__chr3R_21534979-21535407	OK	0	0	0.0	/Users/jillianness/Downloads/new_LASTZ_analysis/enhancer_extraction/enhancer_pairs/FBgn0002941_Spearman/chr3R_21530848-21531048__chr3R_21534979-21535407/alignments/enhancers/lastz.maf
chr3R_21528496-21528862__chr3R_21580239-21580489	OK	0	0	0.0	/Users/jillianness/Downloads/new_LASTZ_analysis/enhancer_extraction/enhancer_pairs/FBgn0002941_sm/chr3R_21528496-21528862__chr3R_21580239-21580489/alignments/enhancers/lastz.maf
chr3R_4835379-4835784__chr3R_4840732-4840997	OK	0	0	0.0	/Users/jillianness/Downloads/new_LASTZ_analysis/enhancer_extraction/enhancer_pairs/FBgn0003002_Spearman/chr3R_4835379-4835784__chr3R_4840732-4840997/alignments/enhancers/lastz.maf
chr3R_4835379-4835784__chr3R_4852430-4852762	OK	0	0	0.0	/Users/jillianness/Downloads/new_LASTZ_analysis/enhancer_extraction/enhancer_pairs/FBgn0003002_Spearman/chr3R_4835379-4835784__chr3R_4852430-4852762/alignments/enhancers/lastz.maf
chr3R_4835379-4835784__chr3R_4913812-4914012	OK	0	0	0.0	/Users/jillianness/Downloads/new_LASTZ_analysis/enhancer_extraction/enhancer_pairs/FBgn0003002_Spearman/chr3R_4835379-4835784__chr3R_4913812-4914012/alignments/enhancers/lastz.maf
chr3R_4835379-4835784__chr3R_4960008-4960208	OK	0	0	0.0	/Users/jillianness/Downloads/new_LASTZ_analysis/enhancer_extraction/enhancer_pairs/FBgn0003002_Spearman/chr3R_4835379-4835784__chr3R_4960008-4960208/alignments/enhancers/lastz.maf
chr3R_4840732-4840997__chr3R_4852430-4852762	OK	0	0	0.0	/Users/jillianness/Downloads/new_LASTZ_analysis/enhancer_extraction/enhancer_pairs/FBgn0003002_Spearman/chr3R_4840732-4840997__chr3R_4852430-4852762/alignments/enhancers/lastz.maf
chr3R_4840732-4840997__chr3R_4913812-4914012	OK	0	0	0.0	/Users/jillianness/Downloads/new_LASTZ_analysis/enhancer_extraction/enhancer_pairs/FBgn0003002_Spearman/chr3R_4840732-4840997__chr3R_4913812-4914012/alignments/enhancers/lastz.maf
chr3R_4840732-4840997__chr3R_4960008-4960208	OK	0	0	0.0	/Users/jillianness/Downloads/new_LASTZ_analysis/enhancer_extraction/enhancer_pairs/FBgn0003002_Spearman/chr3R_4840732-4840997__chr3R_4960008-4960208/alignments/enhancers/lastz.maf
chr3R_4852430-4852762__chr3R_4913812-4914012	OK	0	0	0.0	/Users/jillianness/Downloads/new_LASTZ_analysis/enhancer_extraction/enhancer_pairs/FBgn0003002_Spearman/chr3R_4852430-4852762__chr3R_4913812-4914012/alignments/enhancers/lastz.maf
chr3R_4852430-4852762__chr3R_4960008-4960208	OK	0	0	0.0	/Users/jillianness/Downloads/new_LASTZ_analysis/enhancer_extraction/enhancer_pairs/FBgn0003002_Spearman/chr3R_4852430-4852762__chr3R_4960008-4960208/alignments/enhancers/lastz.maf
chr3R_4913812-4914012__chr3R_4960008-4960208	OK	1	23	78.26	/Users/jillianness/Downloads/new_LASTZ_analysis/enhancer_extraction/enhancer_pairs/FBgn0003002_Spearman/chr3R_4913812-4914012__chr3R_4960008-4960208/alignments/enhancers/lastz.maf
chr3R_4875269-4875597__chr3R_4878667-4879056	OK	0	0	0.0	/Users/jillianness/Downloads/new_LASTZ_analysis/enhancer_extraction/enhancer_pairs/FBgn0003002_vm/chr3R_4875269-4875597__chr3R_4878667-4879056/alignments/enhancers/lastz.maf
chr3R_4875269-4875597__chr3R_4914310-4914978	OK	0	0	0.0	/Users/jillianness/Downloads/new_LASTZ_analysis/enhancer_extraction/enhancer_pairs/FBgn0003002_vm/chr3R_4875269-4875597__chr3R_4914310-4914978/alignments/enhancers/lastz.maf
chr3R_4878667-4879056__chr3R_4914310-4914978	OK	0	0	0.0	/Users/jillianness/Downloads/new_LASTZ_analysis/enhancer_extraction/enhancer_pairs/FBgn0003002_vm/chr3R_4878667-4879056__chr3R_4914310-4914978/alignments/enhancers/lastz.maf
chr2R_22669923-22670415__chr2R_22671971-22672235	OK	0	0	0.0	/Users/jillianness/Downloads/new_LASTZ_analysis/enhancer_extraction/enhancer_pairs/FBgn0003062_sm/chr2R_22669923-22670415__chr2R_22671971-22672235/alignments/enhancers/lastz.maf
chr2R_22669923-22670415__chr2R_22692057-22692354	OK	0	0	0.0	/Users/jillianness/Downloads/new_LASTZ_analysis/enhancer_extraction/enhancer_pairs/FBgn0003062_sm/chr2R_22669923-22670415__chr2R_22692057-22692354/alignments/enhancers/lastz.maf
chr2R_22671971-22672235__chr2R_22692057-22692354	OK	0	0	0.0	/Users/jillianness/Downloads/new_LASTZ_analysis/enhancer_extraction/enhancer_pairs/FBgn0003062_sm/chr2R_22671971-22672235__chr2R_22692057-22692354/alignments/enhancers/lastz.maf
chr2R_22671971-22672235__chr2R_22692057-22692354	OK	0	0	0.0	/Users/jillianness/Downloads/new_LASTZ_analysis/enhancer_extraction/enhancer_pairs/FBgn0003062_vm/chr2R_22671971-22672235__chr2R_22692057-22692354/alignments/enhancers/lastz.maf
chr2R_9727517-9727743__chr2R_9741763-9741963	OK	0	0	0.0	/Users/jillianness/Downloads/new_LASTZ_analysis/enhancer_extraction/enhancer_pairs/FBgn0003071_sm/chr2R_9727517-9727743__chr2R_9741763-9741963/alignments/enhancers/lastz.maf
chr2R_9727517-9727743__chr2R_9748242-9748798	OK	0	0	0.0	/Users/jillianness/Downloads/new_LASTZ_analysis/enhancer_extraction/enhancer_pairs/FBgn0003071_sm/chr2R_9727517-9727743__chr2R_9748242-9748798/alignments/enhancers/lastz.maf
chr2R_9741763-9741963__chr2R_9748242-9748798	OK	0	0	0.0	/Users/jillianness/Downloads/new_LASTZ_analysis/enhancer_extraction/enhancer_pairs/FBgn0003071_sm/chr2R_9741763-9741963__chr2R_9748242-9748798/alignments/enhancers/lastz.maf
chr3R_23300278-23300772__chr3R_23300984-23301221	OK	0	0	0.0	/Users/jillianness/Downloads/new_LASTZ_analysis/enhancer_extraction/enhancer_pairs/FBgn0003118_Spearman/chr3R_23300278-23300772__chr3R_23300984-23301221/alignments/enhancers/lastz.maf
chr3R_23300278-23300772__chr3R_23343757-23344225	OK	0	0	0.0	/Users/jillianness/Downloads/new_LASTZ_analysis/enhancer_extraction/enhancer_pairs/FBgn0003118_Spearman/chr3R_23300278-23300772__chr3R_23343757-23344225/alignments/enhancers/lastz.maf
chr3R_23300278-23300772__chr3R_23347543-23347873	OK	0	0	0.0	/Users/jillianness/Downloads/new_LASTZ_analysis/enhancer_extraction/enhancer_pairs/FBgn0003118_Spearman/chr3R_23300278-23300772__chr3R_23347543-23347873/alignments/enhancers/lastz.maf
chr3R_23300984-23301221__chr3R_23343757-23344225	OK	0	0	0.0	/Users/jillianness/Downloads/new_LASTZ_analysis/enhancer_extraction/enhancer_pairs/FBgn0003118_Spearman/chr3R_23300984-23301221__chr3R_23343757-23344225/alignments/enhancers/lastz.maf
chr3R_23300984-23301221__chr3R_23347543-23347873	OK	0	0	0.0	/Users/jillianness/Downloads/new_LASTZ_analysis/enhancer_extraction/enhancer_pairs/FBgn0003118_Spearman/chr3R_23300984-23301221__chr3R_23347543-23347873/alignments/enhancers/lastz.maf
chr3R_23343757-23344225__chr3R_23347543-23347873	OK	0	0	0.0	/Users/jillianness/Downloads/new_LASTZ_analysis/enhancer_extraction/enhancer_pairs/FBgn0003118_Spearman/chr3R_23343757-23344225__chr3R_23347543-23347873/alignments/enhancers/lastz.maf
chr3R_14590821-14591563__chr3R_14591568-14591768	OK	0	0	0.0	/Users/jillianness/Downloads/new_LASTZ_analysis/enhancer_extraction/enhancer_pairs/FBgn0003169_Spearman/chr3R_14590821-14591563__chr3R_14591568-14591768/alignments/enhancers/lastz.maf
chr3R_14590821-14591563__chr3R_14597044-14597244	OK	0	0	0.0	/Users/jillianness/Downloads/new_LASTZ_analysis/enhancer_extraction/enhancer_pairs/FBgn0003169_Spearman/chr3R_14590821-14591563__chr3R_14597044-14597244/alignments/enhancers/lastz.maf
chr3R_14590821-14591563__chr3R_14624470-14624670	OK	0	0	0.0	/Users/jillianness/Downloads/new_LASTZ_analysis/enhancer_extraction/enhancer_pairs/FBgn0003169_Spearman/chr3R_14590821-14591563__chr3R_14624470-14624670/alignments/enhancers/lastz.maf
chr3R_14591568-14591768__chr3R_14597044-14597244	OK	0	0	0.0	/Users/jillianness/Downloads/new_LASTZ_analysis/enhancer_extraction/enhancer_pairs/FBgn0003169_Spearman/chr3R_14591568-14591768__chr3R_14597044-14597244/alignments/enhancers/lastz.maf
chr3R_14591568-14591768__chr3R_14624470-14624670	OK	0	0	0.0	/Users/jillianness/Downloads/new_LASTZ_analysis/enhancer_extraction/enhancer_pairs/FBgn0003169_Spearman/chr3R_14591568-14591768__chr3R_14624470-14624670/alignments/enhancers/lastz.maf
chr3R_14597044-14597244__chr3R_14624470-14624670	OK	0	0	0.0	/Users/jillianness/Downloads/new_LASTZ_analysis/enhancer_extraction/enhancer_pairs/FBgn0003169_Spearman/chr3R_14597044-14597244__chr3R_14624470-14624670/alignments/enhancers/lastz.maf
chr3R_14598420-14598710__chr3R_14650533-14651041	OK	0	0	0.0	/Users/jillianness/Downloads/new_LASTZ_analysis/enhancer_extraction/enhancer_pairs/FBgn0003169_vm/chr3R_14598420-14598710__chr3R_14650533-14651041/alignments/enhancers/lastz.maf
chrX_10688693-10688893__chrX_10723377-10723600	OK	0	0	0.0	/Users/jillianness/Downloads/new_LASTZ_analysis/enhancer_extraction/enhancer_pairs/FBgn0003204_sm/chrX_10688693-10688893__chrX_10723377-10723600/alignments/enhancers/lastz.maf
chr2R_18898203-18898705__chr2R_18900616-18900816	OK	0	0	0.0	/Users/jillianness/Downloads/new_LASTZ_analysis/enhancer_extraction/enhancer_pairs/FBgn0003254_meso/chr2R_18898203-18898705__chr2R_18900616-18900816/alignments/enhancers/lastz.maf
chr2R_18881394-18881804__chr2R_18898203-18898705	OK	0	0	0.0	/Users/jillianness/Downloads/new_LASTZ_analysis/enhancer_extraction/enhancer_pairs/FBgn0003254_sm/chr2R_18881394-18881804__chr2R_18898203-18898705/alignments/enhancers/lastz.maf
chr2R_18881394-18881804__chr2R_18899660-18899871	OK	0	0	0.0	/Users/jillianness/Downloads/new_LASTZ_analysis/enhancer_extraction/enhancer_pairs/FBgn0003254_vm/chr2R_18881394-18881804__chr2R_18899660-18899871/alignments/enhancers/lastz.maf
chrX_3059091-3059476__chrX_3103691-3103945	OK	0	0	0.0	/Users/jillianness/Downloads/new_LASTZ_analysis/enhancer_extraction/enhancer_pairs/FBgn0003285_Spearman/chrX_3059091-3059476__chrX_3103691-3103945/alignments/enhancers/lastz.maf
chrX_2937051-2937571__chrX_2942451-2942688	OK	0	0	0.0	/Users/jillianness/Downloads/new_LASTZ_analysis/enhancer_extraction/enhancer_pairs/FBgn0003285_vm/chrX_2937051-2937571__chrX_2942451-2942688/alignments/enhancers/lastz.maf
chrX_2937051-2937571__chrX_3035626-3035842	OK	0	0	0.0	/Users/jillianness/Downloads/new_LASTZ_analysis/enhancer_extraction/enhancer_pairs/FBgn0003285_vm/chrX_2937051-2937571__chrX_3035626-3035842/alignments/enhancers/lastz.maf
chrX_2937051-2937571__chrX_3036092-3036292	OK	0	0	0.0	/Users/jillianness/Downloads/new_LASTZ_analysis/enhancer_extraction/enhancer_pairs/FBgn0003285_vm/chrX_2937051-2937571__chrX_3036092-3036292/alignments/enhancers/lastz.maf
chrX_2937051-2937571__chrX_3058248-3058549	OK	0	0	0.0	/Users/jillianness/Downloads/new_LASTZ_analysis/enhancer_extraction/enhancer_pairs/FBgn0003285_vm/chrX_2937051-2937571__chrX_3058248-3058549/alignments/enhancers/lastz.maf
chrX_2942451-2942688__chrX_3035626-3035842	OK	0	0	0.0	/Users/jillianness/Downloads/new_LASTZ_analysis/enhancer_extraction/enhancer_pairs/FBgn0003285_vm/chrX_2942451-2942688__chrX_3035626-3035842/alignments/enhancers/lastz.maf
chrX_2942451-2942688__chrX_3036092-3036292	OK	0	0	0.0	/Users/jillianness/Downloads/new_LASTZ_analysis/enhancer_extraction/enhancer_pairs/FBgn0003285_vm/chrX_2942451-2942688__chrX_3036092-3036292/alignments/enhancers/lastz.maf
chrX_2942451-2942688__chrX_3058248-3058549	OK	0	0	0.0	/Users/jillianness/Downloads/new_LASTZ_analysis/enhancer_extraction/enhancer_pairs/FBgn0003285_vm/chrX_2942451-2942688__chrX_3058248-3058549/alignments/enhancers/lastz.maf
chrX_3035626-3035842__chrX_3036092-3036292	OK	0	0	0.0	/Users/jillianness/Downloads/new_LASTZ_analysis/enhancer_extraction/enhancer_pairs/FBgn0003285_vm/chrX_3035626-3035842__chrX_3036092-3036292/alignments/enhancers/lastz.maf
chrX_3035626-3035842__chrX_3058248-3058549	OK	0	0	0.0	/Users/jillianness/Downloads/new_LASTZ_analysis/enhancer_extraction/enhancer_pairs/FBgn0003285_vm/chrX_3035626-3035842__chrX_3058248-3058549/alignments/enhancers/lastz.maf
chrX_3036092-3036292__chrX_3058248-3058549	OK	0	0	0.0	/Users/jillianness/Downloads/new_LASTZ_analysis/enhancer_extraction/enhancer_pairs/FBgn0003285_vm/chrX_3036092-3036292__chrX_3058248-3058549/alignments/enhancers/lastz.maf
chr2L_15475634-15475834__chr2L_15482011-15482211	OK	0	0	0.0	/Users/jillianness/Downloads/new_LASTZ_analysis/enhancer_extraction/enhancer_pairs/FBgn0003448_meso/chr2L_15475634-15475834__chr2L_15482011-15482211/alignments/enhancers/lastz.maf
chr3R_18049262-18049590__chr3R_18114408-18114870	OK	0	0	0.0	/Users/jillianness/Downloads/new_LASTZ_analysis/enhancer_extraction/enhancer_pairs/FBgn0003499_sm/chr3R_18049262-18049590__chr3R_18114408-18114870/alignments/enhancers/lastz.maf
chr2L_8278110-8278488__chr2L_8289769-8290156	OK	0	0	0.0	/Users/jillianness/Downloads/new_LASTZ_analysis/enhancer_extraction/enhancer_pairs/FBgn0003502_sm/chr2L_8278110-8278488__chr2L_8289769-8290156/alignments/enhancers/lastz.maf
chr3R_14288142-14288461__chr3R_14332655-14333054	OK	0	0	0.0	/Users/jillianness/Downloads/new_LASTZ_analysis/enhancer_extraction/enhancer_pairs/FBgn0003567_sm/chr3R_14288142-14288461__chr3R_14332655-14333054/alignments/enhancers/lastz.maf
chr3R_15282470-15282698__chr3R_15310903-15311103	OK	0	0	0.0	/Users/jillianness/Downloads/new_LASTZ_analysis/enhancer_extraction/enhancer_pairs/FBgn0003721_Spearman/chr3R_15282470-15282698__chr3R_15310903-15311103/alignments/enhancers/lastz.maf
chr3R_15280609-15280877__chr3R_15282470-15282698	OK	0	0	0.0	/Users/jillianness/Downloads/new_LASTZ_analysis/enhancer_extraction/enhancer_pairs/FBgn0003721_vm_sm/chr3R_15280609-15280877__chr3R_15282470-15282698/alignments/enhancers/lastz.maf
chr3R_15280609-15280877__chr3R_15286228-15286550	OK	0	0	0.0	/Users/jillianness/Downloads/new_LASTZ_analysis/enhancer_extraction/enhancer_pairs/FBgn0003721_vm_sm/chr3R_15280609-15280877__chr3R_15286228-15286550/alignments/enhancers/lastz.maf
chr3R_15280609-15280877__chr3R_15289850-15290050	OK	0	0	0.0	/Users/jillianness/Downloads/new_LASTZ_analysis/enhancer_extraction/enhancer_pairs/FBgn0003721_vm_sm/chr3R_15280609-15280877__chr3R_15289850-15290050/alignments/enhancers/lastz.maf
chr3R_15280609-15280877__chr3R_15309823-15310090	OK	0	0	0.0	/Users/jillianness/Downloads/new_LASTZ_analysis/enhancer_extraction/enhancer_pairs/FBgn0003721_vm_sm/chr3R_15280609-15280877__chr3R_15309823-15310090/alignments/enhancers/lastz.maf
chr3R_15280609-15280877__chr3R_15311608-15312057	OK	0	0	0.0	/Users/jillianness/Downloads/new_LASTZ_analysis/enhancer_extraction/enhancer_pairs/FBgn0003721_vm_sm/chr3R_15280609-15280877__chr3R_15311608-15312057/alignments/enhancers/lastz.maf
chr3R_15282470-15282698__chr3R_15286228-15286550	OK	0	0	0.0	/Users/jillianness/Downloads/new_LASTZ_analysis/enhancer_extraction/enhancer_pairs/FBgn0003721_vm_sm/chr3R_15282470-15282698__chr3R_15286228-15286550/alignments/enhancers/lastz.maf
chr3R_15282470-15282698__chr3R_15289850-15290050	OK	0	0	0.0	/Users/jillianness/Downloads/new_LASTZ_analysis/enhancer_extraction/enhancer_pairs/FBgn0003721_vm_sm/chr3R_15282470-15282698__chr3R_15289850-15290050/alignments/enhancers/lastz.maf
chr3R_15282470-15282698__chr3R_15309823-15310090	OK	0	0	0.0	/Users/jillianness/Downloads/new_LASTZ_analysis/enhancer_extraction/enhancer_pairs/FBgn0003721_vm_sm/chr3R_15282470-15282698__chr3R_15309823-15310090/alignments/enhancers/lastz.maf
chr3R_15282470-15282698__chr3R_15311608-15312057	OK	0	0	0.0	/Users/jillianness/Downloads/new_LASTZ_analysis/enhancer_extraction/enhancer_pairs/FBgn0003721_vm_sm/chr3R_15282470-15282698__chr3R_15311608-15312057/alignments/enhancers/lastz.maf
chr3R_15286228-15286550__chr3R_15289850-15290050	OK	0	0	0.0	/Users/jillianness/Downloads/new_LASTZ_analysis/enhancer_extraction/enhancer_pairs/FBgn0003721_vm_sm/chr3R_15286228-15286550__chr3R_15289850-15290050/alignments/enhancers/lastz.maf
chr3R_15286228-15286550__chr3R_15309823-15310090	OK	0	0	0.0	/Users/jillianness/Downloads/new_LASTZ_analysis/enhancer_extraction/enhancer_pairs/FBgn0003721_vm_sm/chr3R_15286228-15286550__chr3R_15309823-15310090/alignments/enhancers/lastz.maf
chr3R_15286228-15286550__chr3R_15311608-15312057	OK	0	0	0.0	/Users/jillianness/Downloads/new_LASTZ_analysis/enhancer_extraction/enhancer_pairs/FBgn0003721_vm_sm/chr3R_15286228-15286550__chr3R_15311608-15312057/alignments/enhancers/lastz.maf
chr3R_15289850-15290050__chr3R_15309823-15310090	OK	0	0	0.0	/Users/jillianness/Downloads/new_LASTZ_analysis/enhancer_extraction/enhancer_pairs/FBgn0003721_vm_sm/chr3R_15289850-15290050__chr3R_15309823-15310090/alignments/enhancers/lastz.maf
chr3R_15289850-15290050__chr3R_15311608-15312057	OK	0	0	0.0	/Users/jillianness/Downloads/new_LASTZ_analysis/enhancer_extraction/enhancer_pairs/FBgn0003721_vm_sm/chr3R_15289850-15290050__chr3R_15311608-15312057/alignments/enhancers/lastz.maf
chr3R_15309823-15310090__chr3R_15311608-15312057	OK	0	0	0.0	/Users/jillianness/Downloads/new_LASTZ_analysis/enhancer_extraction/enhancer_pairs/FBgn0003721_vm_sm/chr3R_15309823-15310090__chr3R_15311608-15312057/alignments/enhancers/lastz.maf
chr2R_21145088-21145606__chr2R_21164556-21164883	OK	0	0	0.0	/Users/jillianness/Downloads/new_LASTZ_analysis/enhancer_extraction/enhancer_pairs/FBgn0003731_Spearman/chr2R_21145088-21145606__chr2R_21164556-21164883/alignments/enhancers/lastz.maf
chr2R_21145088-21145606__chr2R_21165406-21165606	OK	0	0	0.0	/Users/jillianness/Downloads/new_LASTZ_analysis/enhancer_extraction/enhancer_pairs/FBgn0003731_meso/chr2R_21145088-21145606__chr2R_21165406-21165606/alignments/enhancers/lastz.maf
chr2L_21736607-21736899__chr2L_21797958-21798158	OK	0	0	0.0	/Users/jillianness/Downloads/new_LASTZ_analysis/enhancer_extraction/enhancer_pairs/FBgn0003866_meso/chr2L_21736607-21736899__chr2L_21797958-21798158/alignments/enhancers/lastz.maf
chr2L_21736607-21736899__chr2L_21831155-21831728	OK	0	0	0.0	/Users/jillianness/Downloads/new_LASTZ_analysis/enhancer_extraction/enhancer_pairs/FBgn0003866_meso/chr2L_21736607-21736899__chr2L_21831155-21831728/alignments/enhancers/lastz.maf
chr2L_21736607-21736899__chr2L_21835079-21835348	OK	0	0	0.0	/Users/jillianness/Downloads/new_LASTZ_analysis/enhancer_extraction/enhancer_pairs/FBgn0003866_meso/chr2L_21736607-21736899__chr2L_21835079-21835348/alignments/enhancers/lastz.maf
chr2L_21736607-21736899__chr2L_21840673-21841262	OK	0	0	0.0	/Users/jillianness/Downloads/new_LASTZ_analysis/enhancer_extraction/enhancer_pairs/FBgn0003866_meso/chr2L_21736607-21736899__chr2L_21840673-21841262/alignments/enhancers/lastz.maf
chr2L_21797958-21798158__chr2L_21831155-21831728	OK	0	0	0.0	/Users/jillianness/Downloads/new_LASTZ_analysis/enhancer_extraction/enhancer_pairs/FBgn0003866_meso/chr2L_21797958-21798158__chr2L_21831155-21831728/alignments/enhancers/lastz.maf
chr2L_21797958-21798158__chr2L_21835079-21835348	OK	0	0	0.0	/Users/jillianness/Downloads/new_LASTZ_analysis/enhancer_extraction/enhancer_pairs/FBgn0003866_meso/chr2L_21797958-21798158__chr2L_21835079-21835348/alignments/enhancers/lastz.maf
chr2L_21797958-21798158__chr2L_21840673-21841262	OK	0	0	0.0	/Users/jillianness/Downloads/new_LASTZ_analysis/enhancer_extraction/enhancer_pairs/FBgn0003866_meso/chr2L_21797958-21798158__chr2L_21840673-21841262/alignments/enhancers/lastz.maf
chr2L_21831155-21831728__chr2L_21835079-21835348	OK	0	0	0.0	/Users/jillianness/Downloads/new_LASTZ_analysis/enhancer_extraction/enhancer_pairs/FBgn0003866_meso/chr2L_21831155-21831728__chr2L_21835079-21835348/alignments/enhancers/lastz.maf
chr2L_21831155-21831728__chr2L_21840673-21841262	OK	0	0	0.0	/Users/jillianness/Downloads/new_LASTZ_analysis/enhancer_extraction/enhancer_pairs/FBgn0003866_meso/chr2L_21831155-21831728__chr2L_21840673-21841262/alignments/enhancers/lastz.maf
chr2L_21835079-21835348__chr2L_21840673-21841262	OK	0	0	0.0	/Users/jillianness/Downloads/new_LASTZ_analysis/enhancer_extraction/enhancer_pairs/FBgn0003866_meso/chr2L_21835079-21835348__chr2L_21840673-21841262/alignments/enhancers/lastz.maf
chr2R_23903917-23904191__chr2R_23929145-23929692	OK	0	0	0.0	/Users/jillianness/Downloads/new_LASTZ_analysis/enhancer_extraction/enhancer_pairs/FBgn0003888_vm/chr2R_23903917-23904191__chr2R_23929145-23929692/alignments/enhancers/lastz.maf
chr3R_9393661-9394054__chr3R_9394057-9394430	OK	0	0	0.0	/Users/jillianness/Downloads/new_LASTZ_analysis/enhancer_extraction/enhancer_pairs/FBgn0003889_sm/chr3R_9393661-9394054__chr3R_9394057-9394430/alignments/enhancers/lastz.maf
chr3R_9393661-9394054__chr3R_9417532-9417927	OK	0	0	0.0	/Users/jillianness/Downloads/new_LASTZ_analysis/enhancer_extraction/enhancer_pairs/FBgn0003889_sm/chr3R_9393661-9394054__chr3R_9417532-9417927/alignments/enhancers/lastz.maf
chr3R_9393661-9394054__chr3R_9436206-9436581	OK	0	0	0.0	/Users/jillianness/Downloads/new_LASTZ_analysis/enhancer_extraction/enhancer_pairs/FBgn0003889_sm/chr3R_9393661-9394054__chr3R_9436206-9436581/alignments/enhancers/lastz.maf
chr3R_9393661-9394054__chr3R_9437719-9437919	OK	0	0	0.0	/Users/jillianness/Downloads/new_LASTZ_analysis/enhancer_extraction/enhancer_pairs/FBgn0003889_sm/chr3R_9393661-9394054__chr3R_9437719-9437919/alignments/enhancers/lastz.maf
chr3R_9394057-9394430__chr3R_9417532-9417927	OK	0	0	0.0	/Users/jillianness/Downloads/new_LASTZ_analysis/enhancer_extraction/enhancer_pairs/FBgn0003889_sm/chr3R_9394057-9394430__chr3R_9417532-9417927/alignments/enhancers/lastz.maf
chr3R_9394057-9394430__chr3R_9436206-9436581	OK	0	0	0.0	/Users/jillianness/Downloads/new_LASTZ_analysis/enhancer_extraction/enhancer_pairs/FBgn0003889_sm/chr3R_9394057-9394430__chr3R_9436206-9436581/alignments/enhancers/lastz.maf
chr3R_9394057-9394430__chr3R_9437719-9437919	OK	0	0	0.0	/Users/jillianness/Downloads/new_LASTZ_analysis/enhancer_extraction/enhancer_pairs/FBgn0003889_sm/chr3R_9394057-9394430__chr3R_9437719-9437919/alignments/enhancers/lastz.maf
chr3R_9417532-9417927__chr3R_9436206-9436581	OK	0	0	0.0	/Users/jillianness/Downloads/new_LASTZ_analysis/enhancer_extraction/enhancer_pairs/FBgn0003889_sm/chr3R_9417532-9417927__chr3R_9436206-9436581/alignments/enhancers/lastz.maf
chr3R_9417532-9417927__chr3R_9437719-9437919	OK	0	0	0.0	/Users/jillianness/Downloads/new_LASTZ_analysis/enhancer_extraction/enhancer_pairs/FBgn0003889_sm/chr3R_9417532-9417927__chr3R_9437719-9437919/alignments/enhancers/lastz.maf
chr3R_9436206-9436581__chr3R_9437719-9437919	OK	0	0	0.0	/Users/jillianness/Downloads/new_LASTZ_analysis/enhancer_extraction/enhancer_pairs/FBgn0003889_sm/chr3R_9436206-9436581__chr3R_9437719-9437919/alignments/enhancers/lastz.maf
chr3L_5811621-5811828__chr3L_5821284-5821579	OK	0	0	0.0	/Users/jillianness/Downloads/new_LASTZ_analysis/enhancer_extraction/enhancer_pairs/FBgn0003984_vm/chr3L_5811621-5811828__chr3L_5821284-5821579/alignments/enhancers/lastz.maf
chr3L_5811621-5811828__chr3L_5825323-5825765	OK	0	0	0.0	/Users/jillianness/Downloads/new_LASTZ_analysis/enhancer_extraction/enhancer_pairs/FBgn0003984_vm/chr3L_5811621-5811828__chr3L_5825323-5825765/alignments/enhancers/lastz.maf
chr3L_5821284-5821579__chr3L_5825323-5825765	OK	0	0	0.0	/Users/jillianness/Downloads/new_LASTZ_analysis/enhancer_extraction/enhancer_pairs/FBgn0003984_vm/chr3L_5821284-5821579__chr3L_5825323-5825765/alignments/enhancers/lastz.maf
chr3L_18177706-18178000__chr3L_18188992-18189399	OK	0	0	0.0	/Users/jillianness/Downloads/new_LASTZ_analysis/enhancer_extraction/enhancer_pairs/FBgn0003997_Spearman/chr3L_18177706-18178000__chr3L_18188992-18189399/alignments/enhancers/lastz.maf
chr3L_18177706-18178000__chr3L_18193476-18193931	OK	0	0	0.0	/Users/jillianness/Downloads/new_LASTZ_analysis/enhancer_extraction/enhancer_pairs/FBgn0003997_Spearman/chr3L_18177706-18178000__chr3L_18193476-18193931/alignments/enhancers/lastz.maf
chr3L_18177706-18178000__chr3L_18241081-18241477	OK	0	0	0.0	/Users/jillianness/Downloads/new_LASTZ_analysis/enhancer_extraction/enhancer_pairs/FBgn0003997_Spearman/chr3L_18177706-18178000__chr3L_18241081-18241477/alignments/enhancers/lastz.maf
chr3L_18177706-18178000__chr3L_18244888-18245144	OK	0	0	0.0	/Users/jillianness/Downloads/new_LASTZ_analysis/enhancer_extraction/enhancer_pairs/FBgn0003997_Spearman/chr3L_18177706-18178000__chr3L_18244888-18245144/alignments/enhancers/lastz.maf
chr3L_18188992-18189399__chr3L_18193476-18193931	OK	0	0	0.0	/Users/jillianness/Downloads/new_LASTZ_analysis/enhancer_extraction/enhancer_pairs/FBgn0003997_Spearman/chr3L_18188992-18189399__chr3L_18193476-18193931/alignments/enhancers/lastz.maf
chr3L_18188992-18189399__chr3L_18241081-18241477	OK	0	0	0.0	/Users/jillianness/Downloads/new_LASTZ_analysis/enhancer_extraction/enhancer_pairs/FBgn0003997_Spearman/chr3L_18188992-18189399__chr3L_18241081-18241477/alignments/enhancers/lastz.maf
chr3L_18188992-18189399__chr3L_18244888-18245144	OK	0	0	0.0	/Users/jillianness/Downloads/new_LASTZ_analysis/enhancer_extraction/enhancer_pairs/FBgn0003997_Spearman/chr3L_18188992-18189399__chr3L_18244888-18245144/alignments/enhancers/lastz.maf
chr3L_18193476-18193931__chr3L_18241081-18241477	OK	0	0	0.0	/Users/jillianness/Downloads/new_LASTZ_analysis/enhancer_extraction/enhancer_pairs/FBgn0003997_Spearman/chr3L_18193476-18193931__chr3L_18241081-18241477/alignments/enhancers/lastz.maf
chr3L_18193476-18193931__chr3L_18244888-18245144	OK	0	0	0.0	/Users/jillianness/Downloads/new_LASTZ_analysis/enhancer_extraction/enhancer_pairs/FBgn0003997_Spearman/chr3L_18193476-18193931__chr3L_18244888-18245144/alignments/enhancers/lastz.maf
chr3L_18241081-18241477__chr3L_18244888-18245144	OK	0	0	0.0	/Users/jillianness/Downloads/new_LASTZ_analysis/enhancer_extraction/enhancer_pairs/FBgn0003997_Spearman/chr3L_18241081-18241477__chr3L_18244888-18245144/alignments/enhancers/lastz.maf
chr3L_18188992-18189399__chr3L_18288111-18288550	OK	0	0	0.0	/Users/jillianness/Downloads/new_LASTZ_analysis/enhancer_extraction/enhancer_pairs/FBgn0003997_meso/chr3L_18188992-18189399__chr3L_18288111-18288550/alignments/enhancers/lastz.maf
chr3L_18216020-18216270__chr3L_18223141-18223473	OK	0	0	0.0	/Users/jillianness/Downloads/new_LASTZ_analysis/enhancer_extraction/enhancer_pairs/FBgn0003997_vm/chr3L_18216020-18216270__chr3L_18223141-18223473/alignments/enhancers/lastz.maf
chr3L_18216020-18216270__chr3L_18253096-18253493	OK	0	0	0.0	/Users/jillianness/Downloads/new_LASTZ_analysis/enhancer_extraction/enhancer_pairs/FBgn0003997_vm/chr3L_18216020-18216270__chr3L_18253096-18253493/alignments/enhancers/lastz.maf
chr3L_18223141-18223473__chr3L_18253096-18253493	OK	0	0	0.0	/Users/jillianness/Downloads/new_LASTZ_analysis/enhancer_extraction/enhancer_pairs/FBgn0003997_vm/chr3L_18223141-18223473__chr3L_18253096-18253493/alignments/enhancers/lastz.maf
chr2L_7300056-7300353__chr2L_7310393-7310593	OK	0	0	0.0	/Users/jillianness/Downloads/new_LASTZ_analysis/enhancer_extraction/enhancer_pairs/FBgn0004009_Spearman/chr2L_7300056-7300353__chr2L_7310393-7310593/alignments/enhancers/lastz.maf
chr2L_7300056-7300353__chr2L_7312164-7312502	OK	0	0	0.0	/Users/jillianness/Downloads/new_LASTZ_analysis/enhancer_extraction/enhancer_pairs/FBgn0004009_Spearman/chr2L_7300056-7300353__chr2L_7312164-7312502/alignments/enhancers/lastz.maf
chr2L_7310393-7310593__chr2L_7312164-7312502	OK	0	0	0.0	/Users/jillianness/Downloads/new_LASTZ_analysis/enhancer_extraction/enhancer_pairs/FBgn0004009_Spearman/chr2L_7310393-7310593__chr2L_7312164-7312502/alignments/enhancers/lastz.maf
chrX_18040570-18040954__chrX_18056747-18057063	OK	0	0	0.0	/Users/jillianness/Downloads/new_LASTZ_analysis/enhancer_extraction/enhancer_pairs/FBgn0004028_sm/chrX_18040570-18040954__chrX_18056747-18057063/alignments/enhancers/lastz.maf
chrX_18040570-18040954__chrX_18058581-18058805	OK	0	0	0.0	/Users/jillianness/Downloads/new_LASTZ_analysis/enhancer_extraction/enhancer_pairs/FBgn0004028_sm/chrX_18040570-18040954__chrX_18058581-18058805/alignments/enhancers/lastz.maf
chrX_18040570-18040954__chrX_18077576-18077881	OK	0	0	0.0	/Users/jillianness/Downloads/new_LASTZ_analysis/enhancer_extraction/enhancer_pairs/FBgn0004028_sm/chrX_18040570-18040954__chrX_18077576-18077881/alignments/enhancers/lastz.maf
chrX_18056747-18057063__chrX_18058581-18058805	OK	0	0	0.0	/Users/jillianness/Downloads/new_LASTZ_analysis/enhancer_extraction/enhancer_pairs/FBgn0004028_sm/chrX_18056747-18057063__chrX_18058581-18058805/alignments/enhancers/lastz.maf
chrX_18056747-18057063__chrX_18077576-18077881	OK	0	0	0.0	/Users/jillianness/Downloads/new_LASTZ_analysis/enhancer_extraction/enhancer_pairs/FBgn0004028_sm/chrX_18056747-18057063__chrX_18077576-18077881/alignments/enhancers/lastz.maf
chrX_18058581-18058805__chrX_18077576-18077881	OK	0	0	0.0	/Users/jillianness/Downloads/new_LASTZ_analysis/enhancer_extraction/enhancer_pairs/FBgn0004028_sm/chrX_18058581-18058805__chrX_18077576-18077881/alignments/enhancers/lastz.maf
chr2R_23924684-23925158__chr2R_23948285-23948607	OK	0	0	0.0	/Users/jillianness/Downloads/new_LASTZ_analysis/enhancer_extraction/enhancer_pairs/FBgn0004101_vm_sm/chr2R_23924684-23925158__chr2R_23948285-23948607/alignments/enhancers/lastz.maf
chr3L_16739977-16740479__chr3L_16775645-16775870	OK	0	0	0.0	/Users/jillianness/Downloads/new_LASTZ_analysis/enhancer_extraction/enhancer_pairs/FBgn0004108_vm/chr3L_16739977-16740479__chr3L_16775645-16775870/alignments/enhancers/lastz.maf
chr3L_16739977-16740479__chr3L_16776828-16777028	OK	0	0	0.0	/Users/jillianness/Downloads/new_LASTZ_analysis/enhancer_extraction/enhancer_pairs/FBgn0004108_vm/chr3L_16739977-16740479__chr3L_16776828-16777028/alignments/enhancers/lastz.maf
chr3L_16775645-16775870__chr3L_16776828-16777028	OK	0	0	0.0	/Users/jillianness/Downloads/new_LASTZ_analysis/enhancer_extraction/enhancer_pairs/FBgn0004108_vm/chr3L_16775645-16775870__chr3L_16776828-16777028/alignments/enhancers/lastz.maf
chr3R_21388520-21388798__chr3R_21393784-21394075	OK	0	0	0.0	/Users/jillianness/Downloads/new_LASTZ_analysis/enhancer_extraction/enhancer_pairs/FBgn0004110_vm/chr3R_21388520-21388798__chr3R_21393784-21394075/alignments/enhancers/lastz.maf
chr3R_21388520-21388798__chr3R_21396772-21397111	OK	0	0	0.0	/Users/jillianness/Downloads/new_LASTZ_analysis/enhancer_extraction/enhancer_pairs/FBgn0004110_vm/chr3R_21388520-21388798__chr3R_21396772-21397111/alignments/enhancers/lastz.maf
chr3R_21388520-21388798__chr3R_21426735-21426998	OK	0	0	0.0	/Users/jillianness/Downloads/new_LASTZ_analysis/enhancer_extraction/enhancer_pairs/FBgn0004110_vm/chr3R_21388520-21388798__chr3R_21426735-21426998/alignments/enhancers/lastz.maf
chr3R_21393784-21394075__chr3R_21396772-21397111	OK	0	0	0.0	/Users/jillianness/Downloads/new_LASTZ_analysis/enhancer_extraction/enhancer_pairs/FBgn0004110_vm/chr3R_21393784-21394075__chr3R_21396772-21397111/alignments/enhancers/lastz.maf
chr3R_21393784-21394075__chr3R_21426735-21426998	OK	0	0	0.0	/Users/jillianness/Downloads/new_LASTZ_analysis/enhancer_extraction/enhancer_pairs/FBgn0004110_vm/chr3R_21393784-21394075__chr3R_21426735-21426998/alignments/enhancers/lastz.maf
chr3R_21396772-21397111__chr3R_21426735-21426998	OK	0	0	0.0	/Users/jillianness/Downloads/new_LASTZ_analysis/enhancer_extraction/enhancer_pairs/FBgn0004110_vm/chr3R_21396772-21397111__chr3R_21426735-21426998/alignments/enhancers/lastz.maf
chr3L_3320367-3320567__chr3L_3322687-3323052	OK	0	0	0.0	/Users/jillianness/Downloads/new_LASTZ_analysis/enhancer_extraction/enhancer_pairs/FBgn0004167_vm/chr3L_3320367-3320567__chr3L_3322687-3323052/alignments/enhancers/lastz.maf
chr3L_3320367-3320567__chr3L_3332328-3333012	OK	0	0	0.0	/Users/jillianness/Downloads/new_LASTZ_analysis/enhancer_extraction/enhancer_pairs/FBgn0004167_vm/chr3L_3320367-3320567__chr3L_3332328-3333012/alignments/enhancers/lastz.maf
chr3L_3320367-3320567__chr3L_3384074-3384511	OK	0	0	0.0	/Users/jillianness/Downloads/new_LASTZ_analysis/enhancer_extraction/enhancer_pairs/FBgn0004167_vm/chr3L_3320367-3320567__chr3L_3384074-3384511/alignments/enhancers/lastz.maf
chr3L_3322687-3323052__chr3L_3332328-3333012	OK	0	0	0.0	/Users/jillianness/Downloads/new_LASTZ_analysis/enhancer_extraction/enhancer_pairs/FBgn0004167_vm/chr3L_3322687-3323052__chr3L_3332328-3333012/alignments/enhancers/lastz.maf
chr3L_3322687-3323052__chr3L_3384074-3384511	OK	0	0	0.0	/Users/jillianness/Downloads/new_LASTZ_analysis/enhancer_extraction/enhancer_pairs/FBgn0004167_vm/chr3L_3322687-3323052__chr3L_3384074-3384511/alignments/enhancers/lastz.maf
chr3L_3332328-3333012__chr3L_3384074-3384511	OK	0	0	0.0	/Users/jillianness/Downloads/new_LASTZ_analysis/enhancer_extraction/enhancer_pairs/FBgn0004167_vm/chr3L_3332328-3333012__chr3L_3384074-3384511/alignments/enhancers/lastz.maf
chrX_13540438-13540671__chrX_13541354-13541663	OK	0	0	0.0	/Users/jillianness/Downloads/new_LASTZ_analysis/enhancer_extraction/enhancer_pairs/FBgn0004169_vm_sm/chrX_13540438-13540671__chrX_13541354-13541663/alignments/enhancers/lastz.maf
chrX_13540438-13540671__chrX_13544237-13544746	OK	0	0	0.0	/Users/jillianness/Downloads/new_LASTZ_analysis/enhancer_extraction/enhancer_pairs/FBgn0004169_vm_sm/chrX_13540438-13540671__chrX_13544237-13544746/alignments/enhancers/lastz.maf
chrX_13540438-13540671__chrX_13566080-13566336	OK	0	0	0.0	/Users/jillianness/Downloads/new_LASTZ_analysis/enhancer_extraction/enhancer_pairs/FBgn0004169_vm_sm/chrX_13540438-13540671__chrX_13566080-13566336/alignments/enhancers/lastz.maf
chrX_13541354-13541663__chrX_13544237-13544746	OK	0	0	0.0	/Users/jillianness/Downloads/new_LASTZ_analysis/enhancer_extraction/enhancer_pairs/FBgn0004169_vm_sm/chrX_13541354-13541663__chrX_13544237-13544746/alignments/enhancers/lastz.maf
chrX_13541354-13541663__chrX_13566080-13566336	OK	0	0	0.0	/Users/jillianness/Downloads/new_LASTZ_analysis/enhancer_extraction/enhancer_pairs/FBgn0004169_vm_sm/chrX_13541354-13541663__chrX_13566080-13566336/alignments/enhancers/lastz.maf
chrX_13544237-13544746__chrX_13566080-13566336	OK	0	0	0.0	/Users/jillianness/Downloads/new_LASTZ_analysis/enhancer_extraction/enhancer_pairs/FBgn0004169_vm_sm/chrX_13544237-13544746__chrX_13566080-13566336/alignments/enhancers/lastz.maf
chrX_16259170-16259635__chrX_16272729-16273509	OK	0	0	0.0	/Users/jillianness/Downloads/new_LASTZ_analysis/enhancer_extraction/enhancer_pairs/FBgn0004432_Spearman/chrX_16259170-16259635__chrX_16272729-16273509/alignments/enhancers/lastz.maf
chrX_13214172-13214372__chrX_13214681-13214911	OK	0	0	0.0	/Users/jillianness/Downloads/new_LASTZ_analysis/enhancer_extraction/enhancer_pairs/FBgn0004456_Spearman/chrX_13214172-13214372__chrX_13214681-13214911/alignments/enhancers/lastz.maf
chrX_13128708-13129040__chrX_13214681-13214911	OK	0	0	0.0	/Users/jillianness/Downloads/new_LASTZ_analysis/enhancer_extraction/enhancer_pairs/FBgn0004456_sm/chrX_13128708-13129040__chrX_13214681-13214911/alignments/enhancers/lastz.maf
chrX_13128708-13129040__chrX_13217305-13217505	OK	0	0	0.0	/Users/jillianness/Downloads/new_LASTZ_analysis/enhancer_extraction/enhancer_pairs/FBgn0004456_sm/chrX_13128708-13129040__chrX_13217305-13217505/alignments/enhancers/lastz.maf
chrX_13128708-13129040__chrX_13217664-13218019	OK	0	0	0.0	/Users/jillianness/Downloads/new_LASTZ_analysis/enhancer_extraction/enhancer_pairs/FBgn0004456_sm/chrX_13128708-13129040__chrX_13217664-13218019/alignments/enhancers/lastz.maf
chrX_13214681-13214911__chrX_13217305-13217505	OK	0	0	0.0	/Users/jillianness/Downloads/new_LASTZ_analysis/enhancer_extraction/enhancer_pairs/FBgn0004456_sm/chrX_13214681-13214911__chrX_13217305-13217505/alignments/enhancers/lastz.maf
chrX_13214681-13214911__chrX_13217664-13218019	OK	0	0	0.0	/Users/jillianness/Downloads/new_LASTZ_analysis/enhancer_extraction/enhancer_pairs/FBgn0004456_sm/chrX_13214681-13214911__chrX_13217664-13218019/alignments/enhancers/lastz.maf
chrX_13217305-13217505__chrX_13217664-13218019	OK	0	0	0.0	/Users/jillianness/Downloads/new_LASTZ_analysis/enhancer_extraction/enhancer_pairs/FBgn0004456_sm/chrX_13217305-13217505__chrX_13217664-13218019/alignments/enhancers/lastz.maf
chr3L_16424269-16424469__chr3L_16463198-16463716	OK	0	0	0.0	/Users/jillianness/Downloads/new_LASTZ_analysis/enhancer_extraction/enhancer_pairs/FBgn0004569_sm/chr3L_16424269-16424469__chr3L_16463198-16463716/alignments/enhancers/lastz.maf
chr2R_16588244-16588444__chr2R_16601060-16601302	OK	0	0	0.0	/Users/jillianness/Downloads/new_LASTZ_analysis/enhancer_extraction/enhancer_pairs/FBgn0004580_sm/chr2R_16588244-16588444__chr2R_16601060-16601302/alignments/enhancers/lastz.maf
chr3R_30732121-30732337__chr3R_30764337-30764604	OK	0	0	0.0	/Users/jillianness/Downloads/new_LASTZ_analysis/enhancer_extraction/enhancer_pairs/FBgn0004606_Spearman/chr3R_30732121-30732337__chr3R_30764337-30764604/alignments/enhancers/lastz.maf
chr3R_30732121-30732337__chr3R_30765989-30766189	OK	0	0	0.0	/Users/jillianness/Downloads/new_LASTZ_analysis/enhancer_extraction/enhancer_pairs/FBgn0004606_Spearman/chr3R_30732121-30732337__chr3R_30765989-30766189/alignments/enhancers/lastz.maf
chr3R_30732121-30732337__chr3R_30780915-30781294	OK	0	0	0.0	/Users/jillianness/Downloads/new_LASTZ_analysis/enhancer_extraction/enhancer_pairs/FBgn0004606_Spearman/chr3R_30732121-30732337__chr3R_30780915-30781294/alignments/enhancers/lastz.maf
chr3R_30732121-30732337__chr3R_30794867-30795176	OK	0	0	0.0	/Users/jillianness/Downloads/new_LASTZ_analysis/enhancer_extraction/enhancer_pairs/FBgn0004606_Spearman/chr3R_30732121-30732337__chr3R_30794867-30795176/alignments/enhancers/lastz.maf
chr3R_30764337-30764604__chr3R_30765989-30766189	OK	0	0	0.0	/Users/jillianness/Downloads/new_LASTZ_analysis/enhancer_extraction/enhancer_pairs/FBgn0004606_Spearman/chr3R_30764337-30764604__chr3R_30765989-30766189/alignments/enhancers/lastz.maf
chr3R_30764337-30764604__chr3R_30780915-30781294	OK	0	0	0.0	/Users/jillianness/Downloads/new_LASTZ_analysis/enhancer_extraction/enhancer_pairs/FBgn0004606_Spearman/chr3R_30764337-30764604__chr3R_30780915-30781294/alignments/enhancers/lastz.maf
chr3R_30764337-30764604__chr3R_30794867-30795176	OK	0	0	0.0	/Users/jillianness/Downloads/new_LASTZ_analysis/enhancer_extraction/enhancer_pairs/FBgn0004606_Spearman/chr3R_30764337-30764604__chr3R_30794867-30795176/alignments/enhancers/lastz.maf
chr3R_30765989-30766189__chr3R_30780915-30781294	OK	0	0	0.0	/Users/jillianness/Downloads/new_LASTZ_analysis/enhancer_extraction/enhancer_pairs/FBgn0004606_Spearman/chr3R_30765989-30766189__chr3R_30780915-30781294/alignments/enhancers/lastz.maf
chr3R_30765989-30766189__chr3R_30794867-30795176	OK	0	0	0.0	/Users/jillianness/Downloads/new_LASTZ_analysis/enhancer_extraction/enhancer_pairs/FBgn0004606_Spearman/chr3R_30765989-30766189__chr3R_30794867-30795176/alignments/enhancers/lastz.maf
chr3R_30780915-30781294__chr3R_30794867-30795176	OK	0	0	0.0	/Users/jillianness/Downloads/new_LASTZ_analysis/enhancer_extraction/enhancer_pairs/FBgn0004606_Spearman/chr3R_30780915-30781294__chr3R_30794867-30795176/alignments/enhancers/lastz.maf
chr3R_30754912-30755289__chr3R_30762287-30762650	OK	0	0	0.0	/Users/jillianness/Downloads/new_LASTZ_analysis/enhancer_extraction/enhancer_pairs/FBgn0004606_meso/chr3R_30754912-30755289__chr3R_30762287-30762650/alignments/enhancers/lastz.maf
chr3R_30754912-30755289__chr3R_30770192-30770543	OK	0	0	0.0	/Users/jillianness/Downloads/new_LASTZ_analysis/enhancer_extraction/enhancer_pairs/FBgn0004606_meso/chr3R_30754912-30755289__chr3R_30770192-30770543/alignments/enhancers/lastz.maf
chr3R_30762287-30762650__chr3R_30770192-30770543	OK	0	0	0.0	/Users/jillianness/Downloads/new_LASTZ_analysis/enhancer_extraction/enhancer_pairs/FBgn0004606_meso/chr3R_30762287-30762650__chr3R_30770192-30770543/alignments/enhancers/lastz.maf
chr3R_30770192-30770543__chr3R_30796870-30797305	OK	0	0	0.0	/Users/jillianness/Downloads/new_LASTZ_analysis/enhancer_extraction/enhancer_pairs/FBgn0004606_sm/chr3R_30770192-30770543__chr3R_30796870-30797305/alignments/enhancers/lastz.maf
chr3R_30770192-30770543__chr3R_30805779-30805979	OK	0	0	0.0	/Users/jillianness/Downloads/new_LASTZ_analysis/enhancer_extraction/enhancer_pairs/FBgn0004606_sm/chr3R_30770192-30770543__chr3R_30805779-30805979/alignments/enhancers/lastz.maf
chr3R_30796870-30797305__chr3R_30805779-30805979	OK	0	0	0.0	/Users/jillianness/Downloads/new_LASTZ_analysis/enhancer_extraction/enhancer_pairs/FBgn0004606_sm/chr3R_30796870-30797305__chr3R_30805779-30805979/alignments/enhancers/lastz.maf
chr3R_30767234-30767502__chr3R_30781959-30782292	OK	0	0	0.0	/Users/jillianness/Downloads/new_LASTZ_analysis/enhancer_extraction/enhancer_pairs/FBgn0004606_vm/chr3R_30767234-30767502__chr3R_30781959-30782292/alignments/enhancers/lastz.maf
chr3R_30767234-30767502__chr3R_30796870-30797305	OK	0	0	0.0	/Users/jillianness/Downloads/new_LASTZ_analysis/enhancer_extraction/enhancer_pairs/FBgn0004606_vm/chr3R_30767234-30767502__chr3R_30796870-30797305/alignments/enhancers/lastz.maf
chr3R_30767234-30767502__chr3R_30805779-30805979	OK	0	0	0.0	/Users/jillianness/Downloads/new_LASTZ_analysis/enhancer_extraction/enhancer_pairs/FBgn0004606_vm/chr3R_30767234-30767502__chr3R_30805779-30805979/alignments/enhancers/lastz.maf
chr3R_30781959-30782292__chr3R_30796870-30797305	OK	0	0	0.0	/Users/jillianness/Downloads/new_LASTZ_analysis/enhancer_extraction/enhancer_pairs/FBgn0004606_vm/chr3R_30781959-30782292__chr3R_30796870-30797305/alignments/enhancers/lastz.maf
chr3R_30781959-30782292__chr3R_30805779-30805979	OK	0	0	0.0	/Users/jillianness/Downloads/new_LASTZ_analysis/enhancer_extraction/enhancer_pairs/FBgn0004606_vm/chr3R_30781959-30782292__chr3R_30805779-30805979/alignments/enhancers/lastz.maf
chr3R_30796870-30797305__chr3R_30805779-30805979	OK	0	0	0.0	/Users/jillianness/Downloads/new_LASTZ_analysis/enhancer_extraction/enhancer_pairs/FBgn0004606_vm/chr3R_30796870-30797305__chr3R_30805779-30805979/alignments/enhancers/lastz.maf
chr2L_5546801-5547067__chr2L_5559752-5560284	OK	0	0	0.0	/Users/jillianness/Downloads/new_LASTZ_analysis/enhancer_extraction/enhancer_pairs/FBgn0004620_sm/chr2L_5546801-5547067__chr2L_5559752-5560284/alignments/enhancers/lastz.maf
chr3R_18399087-18399506__chr3R_18412271-18412574	OK	0	0	0.0	/Users/jillianness/Downloads/new_LASTZ_analysis/enhancer_extraction/enhancer_pairs/FBgn0004652_sm/chr3R_18399087-18399506__chr3R_18412271-18412574/alignments/enhancers/lastz.maf
chr3R_18399087-18399506__chr3R_18584104-18584359	OK	0	0	0.0	/Users/jillianness/Downloads/new_LASTZ_analysis/enhancer_extraction/enhancer_pairs/FBgn0004652_sm/chr3R_18399087-18399506__chr3R_18584104-18584359/alignments/enhancers/lastz.maf
chr3R_18399087-18399506__chr3R_18585296-18585648	OK	0	0	0.0	/Users/jillianness/Downloads/new_LASTZ_analysis/enhancer_extraction/enhancer_pairs/FBgn0004652_sm/chr3R_18399087-18399506__chr3R_18585296-18585648/alignments/enhancers/lastz.maf
chr3R_18412271-18412574__chr3R_18584104-18584359	OK	0	0	0.0	/Users/jillianness/Downloads/new_LASTZ_analysis/enhancer_extraction/enhancer_pairs/FBgn0004652_sm/chr3R_18412271-18412574__chr3R_18584104-18584359/alignments/enhancers/lastz.maf
chr3R_18412271-18412574__chr3R_18585296-18585648	OK	0	0	0.0	/Users/jillianness/Downloads/new_LASTZ_analysis/enhancer_extraction/enhancer_pairs/FBgn0004652_sm/chr3R_18412271-18412574__chr3R_18585296-18585648/alignments/enhancers/lastz.maf
chr3R_18584104-18584359__chr3R_18585296-18585648	OK	0	0	0.0	/Users/jillianness/Downloads/new_LASTZ_analysis/enhancer_extraction/enhancer_pairs/FBgn0004652_sm/chr3R_18584104-18584359__chr3R_18585296-18585648/alignments/enhancers/lastz.maf
chr2R_23259211-23259587__chr2R_23265755-23266160	OK	0	0	0.0	/Users/jillianness/Downloads/new_LASTZ_analysis/enhancer_extraction/enhancer_pairs/FBgn0004795_Spearman/chr2R_23259211-23259587__chr2R_23265755-23266160/alignments/enhancers/lastz.maf
chr2L_14431426-14431854__chr2L_14443791-14444179	OK	0	0	0.0	/Users/jillianness/Downloads/new_LASTZ_analysis/enhancer_extraction/enhancer_pairs/FBgn0004858_Spearman/chr2L_14431426-14431854__chr2L_14443791-14444179/alignments/enhancers/lastz.maf
chr2L_14431426-14431854__chr2L_14445719-14445919	OK	0	0	0.0	/Users/jillianness/Downloads/new_LASTZ_analysis/enhancer_extraction/enhancer_pairs/FBgn0004858_Spearman/chr2L_14431426-14431854__chr2L_14445719-14445919/alignments/enhancers/lastz.maf
chr2L_14431426-14431854__chr2L_14446061-14446392	OK	0	0	0.0	/Users/jillianness/Downloads/new_LASTZ_analysis/enhancer_extraction/enhancer_pairs/FBgn0004858_Spearman/chr2L_14431426-14431854__chr2L_14446061-14446392/alignments/enhancers/lastz.maf
chr2L_14431426-14431854__chr2L_14446412-14446612	OK	0	0	0.0	/Users/jillianness/Downloads/new_LASTZ_analysis/enhancer_extraction/enhancer_pairs/FBgn0004858_Spearman/chr2L_14431426-14431854__chr2L_14446412-14446612/alignments/enhancers/lastz.maf
chr2L_14431426-14431854__chr2L_14447428-14447837	OK	0	0	0.0	/Users/jillianness/Downloads/new_LASTZ_analysis/enhancer_extraction/enhancer_pairs/FBgn0004858_Spearman/chr2L_14431426-14431854__chr2L_14447428-14447837/alignments/enhancers/lastz.maf
chr2L_14431426-14431854__chr2L_14481618-14482010	OK	0	0	0.0	/Users/jillianness/Downloads/new_LASTZ_analysis/enhancer_extraction/enhancer_pairs/FBgn0004858_Spearman/chr2L_14431426-14431854__chr2L_14481618-14482010/alignments/enhancers/lastz.maf
chr2L_14431426-14431854__chr2L_14484848-14485326	OK	0	0	0.0	/Users/jillianness/Downloads/new_LASTZ_analysis/enhancer_extraction/enhancer_pairs/FBgn0004858_Spearman/chr2L_14431426-14431854__chr2L_14484848-14485326/alignments/enhancers/lastz.maf
chr2L_14443791-14444179__chr2L_14445719-14445919	OK	0	0	0.0	/Users/jillianness/Downloads/new_LASTZ_analysis/enhancer_extraction/enhancer_pairs/FBgn0004858_Spearman/chr2L_14443791-14444179__chr2L_14445719-14445919/alignments/enhancers/lastz.maf
chr2L_14443791-14444179__chr2L_14446061-14446392	OK	0	0	0.0	/Users/jillianness/Downloads/new_LASTZ_analysis/enhancer_extraction/enhancer_pairs/FBgn0004858_Spearman/chr2L_14443791-14444179__chr2L_14446061-14446392/alignments/enhancers/lastz.maf
chr2L_14443791-14444179__chr2L_14446412-14446612	OK	0	0	0.0	/Users/jillianness/Downloads/new_LASTZ_analysis/enhancer_extraction/enhancer_pairs/FBgn0004858_Spearman/chr2L_14443791-14444179__chr2L_14446412-14446612/alignments/enhancers/lastz.maf
chr2L_14443791-14444179__chr2L_14447428-14447837	OK	0	0	0.0	/Users/jillianness/Downloads/new_LASTZ_analysis/enhancer_extraction/enhancer_pairs/FBgn0004858_Spearman/chr2L_14443791-14444179__chr2L_14447428-14447837/alignments/enhancers/lastz.maf
chr2L_14443791-14444179__chr2L_14481618-14482010	OK	0	0	0.0	/Users/jillianness/Downloads/new_LASTZ_analysis/enhancer_extraction/enhancer_pairs/FBgn0004858_Spearman/chr2L_14443791-14444179__chr2L_14481618-14482010/alignments/enhancers/lastz.maf
chr2L_14443791-14444179__chr2L_14484848-14485326	OK	0	0	0.0	/Users/jillianness/Downloads/new_LASTZ_analysis/enhancer_extraction/enhancer_pairs/FBgn0004858_Spearman/chr2L_14443791-14444179__chr2L_14484848-14485326/alignments/enhancers/lastz.maf
chr2L_14445719-14445919__chr2L_14446061-14446392	OK	0	0	0.0	/Users/jillianness/Downloads/new_LASTZ_analysis/enhancer_extraction/enhancer_pairs/FBgn0004858_Spearman/chr2L_14445719-14445919__chr2L_14446061-14446392/alignments/enhancers/lastz.maf
chr2L_14445719-14445919__chr2L_14446412-14446612	OK	0	0	0.0	/Users/jillianness/Downloads/new_LASTZ_analysis/enhancer_extraction/enhancer_pairs/FBgn0004858_Spearman/chr2L_14445719-14445919__chr2L_14446412-14446612/alignments/enhancers/lastz.maf
chr2L_14445719-14445919__chr2L_14447428-14447837	OK	0	0	0.0	/Users/jillianness/Downloads/new_LASTZ_analysis/enhancer_extraction/enhancer_pairs/FBgn0004858_Spearman/chr2L_14445719-14445919__chr2L_14447428-14447837/alignments/enhancers/lastz.maf
chr2L_14445719-14445919__chr2L_14481618-14482010	OK	0	0	0.0	/Users/jillianness/Downloads/new_LASTZ_analysis/enhancer_extraction/enhancer_pairs/FBgn0004858_Spearman/chr2L_14445719-14445919__chr2L_14481618-14482010/alignments/enhancers/lastz.maf
chr2L_14445719-14445919__chr2L_14484848-14485326	OK	0	0	0.0	/Users/jillianness/Downloads/new_LASTZ_analysis/enhancer_extraction/enhancer_pairs/FBgn0004858_Spearman/chr2L_14445719-14445919__chr2L_14484848-14485326/alignments/enhancers/lastz.maf
chr2L_14446061-14446392__chr2L_14446412-14446612	OK	0	0	0.0	/Users/jillianness/Downloads/new_LASTZ_analysis/enhancer_extraction/enhancer_pairs/FBgn0004858_Spearman/chr2L_14446061-14446392__chr2L_14446412-14446612/alignments/enhancers/lastz.maf
chr2L_14446061-14446392__chr2L_14447428-14447837	OK	0	0	0.0	/Users/jillianness/Downloads/new_LASTZ_analysis/enhancer_extraction/enhancer_pairs/FBgn0004858_Spearman/chr2L_14446061-14446392__chr2L_14447428-14447837/alignments/enhancers/lastz.maf
chr2L_14446061-14446392__chr2L_14481618-14482010	OK	0	0	0.0	/Users/jillianness/Downloads/new_LASTZ_analysis/enhancer_extraction/enhancer_pairs/FBgn0004858_Spearman/chr2L_14446061-14446392__chr2L_14481618-14482010/alignments/enhancers/lastz.maf
chr2L_14446061-14446392__chr2L_14484848-14485326	OK	0	0	0.0	/Users/jillianness/Downloads/new_LASTZ_analysis/enhancer_extraction/enhancer_pairs/FBgn0004858_Spearman/chr2L_14446061-14446392__chr2L_14484848-14485326/alignments/enhancers/lastz.maf
chr2L_14446412-14446612__chr2L_14447428-14447837	OK	0	0	0.0	/Users/jillianness/Downloads/new_LASTZ_analysis/enhancer_extraction/enhancer_pairs/FBgn0004858_Spearman/chr2L_14446412-14446612__chr2L_14447428-14447837/alignments/enhancers/lastz.maf
chr2L_14446412-14446612__chr2L_14481618-14482010	OK	0	0	0.0	/Users/jillianness/Downloads/new_LASTZ_analysis/enhancer_extraction/enhancer_pairs/FBgn0004858_Spearman/chr2L_14446412-14446612__chr2L_14481618-14482010/alignments/enhancers/lastz.maf
chr2L_14446412-14446612__chr2L_14484848-14485326	OK	0	0	0.0	/Users/jillianness/Downloads/new_LASTZ_analysis/enhancer_extraction/enhancer_pairs/FBgn0004858_Spearman/chr2L_14446412-14446612__chr2L_14484848-14485326/alignments/enhancers/lastz.maf
chr2L_14447428-14447837__chr2L_14481618-14482010	OK	0	0	0.0	/Users/jillianness/Downloads/new_LASTZ_analysis/enhancer_extraction/enhancer_pairs/FBgn0004858_Spearman/chr2L_14447428-14447837__chr2L_14481618-14482010/alignments/enhancers/lastz.maf
chr2L_14447428-14447837__chr2L_14484848-14485326	OK	0	0	0.0	/Users/jillianness/Downloads/new_LASTZ_analysis/enhancer_extraction/enhancer_pairs/FBgn0004858_Spearman/chr2L_14447428-14447837__chr2L_14484848-14485326/alignments/enhancers/lastz.maf
chr2L_14481618-14482010__chr2L_14484848-14485326	OK	0	0	0.0	/Users/jillianness/Downloads/new_LASTZ_analysis/enhancer_extraction/enhancer_pairs/FBgn0004858_Spearman/chr2L_14481618-14482010__chr2L_14484848-14485326/alignments/enhancers/lastz.maf
chr2L_14434419-14434949__chr2L_14435741-14436213	OK	0	0	0.0	/Users/jillianness/Downloads/new_LASTZ_analysis/enhancer_extraction/enhancer_pairs/FBgn0004858_sm/chr2L_14434419-14434949__chr2L_14435741-14436213/alignments/enhancers/lastz.maf
chr2L_14434419-14434949__chr2L_14444805-14445074	OK	0	0	0.0	/Users/jillianness/Downloads/new_LASTZ_analysis/enhancer_extraction/enhancer_pairs/FBgn0004858_sm/chr2L_14434419-14434949__chr2L_14444805-14445074/alignments/enhancers/lastz.maf
chr2L_14435741-14436213__chr2L_14444805-14445074	OK	0	0	0.0	/Users/jillianness/Downloads/new_LASTZ_analysis/enhancer_extraction/enhancer_pairs/FBgn0004858_sm/chr2L_14435741-14436213__chr2L_14444805-14445074/alignments/enhancers/lastz.maf
chr2L_14410187-14410566__chr2L_14453181-14453682	OK	0	0	0.0	/Users/jillianness/Downloads/new_LASTZ_analysis/enhancer_extraction/enhancer_pairs/FBgn0004858_vm_sm/chr2L_14410187-14410566__chr2L_14453181-14453682/alignments/enhancers/lastz.maf
chr3L_3997727-3997967__chr3L_4000780-4001108	OK	0	0	0.0	/Users/jillianness/Downloads/new_LASTZ_analysis/enhancer_extraction/enhancer_pairs/FBgn0004895_vm/chr3L_3997727-3997967__chr3L_4000780-4001108/alignments/enhancers/lastz.maf
chr3L_16018683-16019261__chr3L_16045010-16045232	OK	0	0	0.0	/Users/jillianness/Downloads/new_LASTZ_analysis/enhancer_extraction/enhancer_pairs/FBgn0005536_vm_sm/chr3L_16018683-16019261__chr3L_16045010-16045232/alignments/enhancers/lastz.maf
chr3L_16018683-16019261__chr3L_16046788-16047125	OK	0	0	0.0	/Users/jillianness/Downloads/new_LASTZ_analysis/enhancer_extraction/enhancer_pairs/FBgn0005536_vm_sm/chr3L_16018683-16019261__chr3L_16046788-16047125/alignments/enhancers/lastz.maf
chr3L_16045010-16045232__chr3L_16046788-16047125	OK	0	0	0.0	/Users/jillianness/Downloads/new_LASTZ_analysis/enhancer_extraction/enhancer_pairs/FBgn0005536_vm_sm/chr3L_16045010-16045232__chr3L_16046788-16047125/alignments/enhancers/lastz.maf
chr2R_10166703-10167099__chr2R_10169607-10169832	OK	0	0	0.0	/Users/jillianness/Downloads/new_LASTZ_analysis/enhancer_extraction/enhancer_pairs/FBgn0005630_Spearman/chr2R_10166703-10167099__chr2R_10169607-10169832/alignments/enhancers/lastz.maf
chr2R_10160478-10160690__chr2R_10206031-10206422	OK	1	105	64.42	/Users/jillianness/Downloads/new_LASTZ_analysis/enhancer_extraction/enhancer_pairs/FBgn0005630_meso/chr2R_10160478-10160690__chr2R_10206031-10206422/alignments/enhancers/lastz.maf
chr2R_10158762-10159202__chr2R_10165838-10166245	OK	0	0	0.0	/Users/jillianness/Downloads/new_LASTZ_analysis/enhancer_extraction/enhancer_pairs/FBgn0005630_sm/chr2R_10158762-10159202__chr2R_10165838-10166245/alignments/enhancers/lastz.maf
chr2R_10158762-10159202__chr2R_10166703-10167099	OK	0	0	0.0	/Users/jillianness/Downloads/new_LASTZ_analysis/enhancer_extraction/enhancer_pairs/FBgn0005630_sm/chr2R_10158762-10159202__chr2R_10166703-10167099/alignments/enhancers/lastz.maf
chr2R_10158762-10159202__chr2R_10179693-10179934	OK	0	0	0.0	/Users/jillianness/Downloads/new_LASTZ_analysis/enhancer_extraction/enhancer_pairs/FBgn0005630_sm/chr2R_10158762-10159202__chr2R_10179693-10179934/alignments/enhancers/lastz.maf
chr2R_10165838-10166245__chr2R_10166703-10167099	OK	0	0	0.0	/Users/jillianness/Downloads/new_LASTZ_analysis/enhancer_extraction/enhancer_pairs/FBgn0005630_sm/chr2R_10165838-10166245__chr2R_10166703-10167099/alignments/enhancers/lastz.maf
chr2R_10165838-10166245__chr2R_10179693-10179934	OK	0	0	0.0	/Users/jillianness/Downloads/new_LASTZ_analysis/enhancer_extraction/enhancer_pairs/FBgn0005630_sm/chr2R_10165838-10166245__chr2R_10179693-10179934/alignments/enhancers/lastz.maf
chr2R_10166703-10167099__chr2R_10179693-10179934	OK	0	0	0.0	/Users/jillianness/Downloads/new_LASTZ_analysis/enhancer_extraction/enhancer_pairs/FBgn0005630_sm/chr2R_10166703-10167099__chr2R_10179693-10179934/alignments/enhancers/lastz.maf
chr2R_22298445-22298713__chr2R_22308973-22309246	OK	0	0	0.0	/Users/jillianness/Downloads/new_LASTZ_analysis/enhancer_extraction/enhancer_pairs/FBgn0005631_sm/chr2R_22298445-22298713__chr2R_22308973-22309246/alignments/enhancers/lastz.maf
chr2R_22298445-22298713__chr2R_22320703-22320999	OK	0	0	0.0	/Users/jillianness/Downloads/new_LASTZ_analysis/enhancer_extraction/enhancer_pairs/FBgn0005631_sm/chr2R_22298445-22298713__chr2R_22320703-22320999/alignments/enhancers/lastz.maf
chr2R_22308973-22309246__chr2R_22320703-22320999	OK	0	0	0.0	/Users/jillianness/Downloads/new_LASTZ_analysis/enhancer_extraction/enhancer_pairs/FBgn0005631_sm/chr2R_22308973-22309246__chr2R_22320703-22320999/alignments/enhancers/lastz.maf
chr2L_14481618-14482010__chr2L_14497639-14498275	OK	0	0	0.0	/Users/jillianness/Downloads/new_LASTZ_analysis/enhancer_extraction/enhancer_pairs/FBgn0005771_Spearman/chr2L_14481618-14482010__chr2L_14497639-14498275/alignments/enhancers/lastz.maf
chr2L_14481618-14482010__chr2L_14517261-14517665	OK	0	0	0.0	/Users/jillianness/Downloads/new_LASTZ_analysis/enhancer_extraction/enhancer_pairs/FBgn0005771_Spearman/chr2L_14481618-14482010__chr2L_14517261-14517665/alignments/enhancers/lastz.maf
chr2L_14481618-14482010__chr2L_14540200-14540420	OK	0	0	0.0	/Users/jillianness/Downloads/new_LASTZ_analysis/enhancer_extraction/enhancer_pairs/FBgn0005771_Spearman/chr2L_14481618-14482010__chr2L_14540200-14540420/alignments/enhancers/lastz.maf
chr2L_14497639-14498275__chr2L_14517261-14517665	OK	0	0	0.0	/Users/jillianness/Downloads/new_LASTZ_analysis/enhancer_extraction/enhancer_pairs/FBgn0005771_Spearman/chr2L_14497639-14498275__chr2L_14517261-14517665/alignments/enhancers/lastz.maf
chr2L_14497639-14498275__chr2L_14540200-14540420	OK	0	0	0.0	/Users/jillianness/Downloads/new_LASTZ_analysis/enhancer_extraction/enhancer_pairs/FBgn0005771_Spearman/chr2L_14497639-14498275__chr2L_14540200-14540420/alignments/enhancers/lastz.maf
chr2L_14517261-14517665__chr2L_14540200-14540420	OK	0	0	0.0	/Users/jillianness/Downloads/new_LASTZ_analysis/enhancer_extraction/enhancer_pairs/FBgn0005771_Spearman/chr2L_14517261-14517665__chr2L_14540200-14540420/alignments/enhancers/lastz.maf
chr2L_14434419-14434949__chr2L_14435741-14436213	OK	0	0	0.0	/Users/jillianness/Downloads/new_LASTZ_analysis/enhancer_extraction/enhancer_pairs/FBgn0005771_meso/chr2L_14434419-14434949__chr2L_14435741-14436213/alignments/enhancers/lastz.maf
chr2L_14434419-14434949__chr2L_14446061-14446392	OK	0	0	0.0	/Users/jillianness/Downloads/new_LASTZ_analysis/enhancer_extraction/enhancer_pairs/FBgn0005771_meso/chr2L_14434419-14434949__chr2L_14446061-14446392/alignments/enhancers/lastz.maf
chr2L_14434419-14434949__chr2L_14517261-14517665	OK	0	0	0.0	/Users/jillianness/Downloads/new_LASTZ_analysis/enhancer_extraction/enhancer_pairs/FBgn0005771_meso/chr2L_14434419-14434949__chr2L_14517261-14517665/alignments/enhancers/lastz.maf
chr2L_14435741-14436213__chr2L_14446061-14446392	OK	0	0	0.0	/Users/jillianness/Downloads/new_LASTZ_analysis/enhancer_extraction/enhancer_pairs/FBgn0005771_meso/chr2L_14435741-14436213__chr2L_14446061-14446392/alignments/enhancers/lastz.maf
chr2L_14435741-14436213__chr2L_14517261-14517665	OK	0	0	0.0	/Users/jillianness/Downloads/new_LASTZ_analysis/enhancer_extraction/enhancer_pairs/FBgn0005771_meso/chr2L_14435741-14436213__chr2L_14517261-14517665/alignments/enhancers/lastz.maf
chr2L_14446061-14446392__chr2L_14517261-14517665	OK	0	0	0.0	/Users/jillianness/Downloads/new_LASTZ_analysis/enhancer_extraction/enhancer_pairs/FBgn0005771_meso/chr2L_14446061-14446392__chr2L_14517261-14517665/alignments/enhancers/lastz.maf
chr2L_14476624-14476824__chr2L_14527451-14527987	OK	0	0	0.0	/Users/jillianness/Downloads/new_LASTZ_analysis/enhancer_extraction/enhancer_pairs/FBgn0005771_vm/chr2L_14476624-14476824__chr2L_14527451-14527987/alignments/enhancers/lastz.maf
chr2L_14476624-14476824__chr2L_14537085-14537454	OK	0	0	0.0	/Users/jillianness/Downloads/new_LASTZ_analysis/enhancer_extraction/enhancer_pairs/FBgn0005771_vm/chr2L_14476624-14476824__chr2L_14537085-14537454/alignments/enhancers/lastz.maf
chr2L_14527451-14527987__chr2L_14537085-14537454	OK	0	0	0.0	/Users/jillianness/Downloads/new_LASTZ_analysis/enhancer_extraction/enhancer_pairs/FBgn0005771_vm/chr2L_14527451-14527987__chr2L_14537085-14537454/alignments/enhancers/lastz.maf
chr3L_12658389-12658612__chr3L_12678456-12678703	OK	0	0	0.0	/Users/jillianness/Downloads/new_LASTZ_analysis/enhancer_extraction/enhancer_pairs/FBgn0010235_Spearman/chr3L_12658389-12658612__chr3L_12678456-12678703/alignments/enhancers/lastz.maf
chr2R_9318986-9319419__chr2R_9338882-9339082	OK	0	0	0.0	/Users/jillianness/Downloads/new_LASTZ_analysis/enhancer_extraction/enhancer_pairs/FBgn0010316_meso/chr2R_9318986-9319419__chr2R_9338882-9339082/alignments/enhancers/lastz.maf
chrX_19653071-19653752__chrX_19656920-19657594	OK	0	0	0.0	/Users/jillianness/Downloads/new_LASTZ_analysis/enhancer_extraction/enhancer_pairs/FBgn0010341_Spearman/chrX_19653071-19653752__chrX_19656920-19657594/alignments/enhancers/lastz.maf
chrX_19623427-19623800__chrX_19656920-19657594	OK	0	0	0.0	/Users/jillianness/Downloads/new_LASTZ_analysis/enhancer_extraction/enhancer_pairs/FBgn0010341_sm/chrX_19623427-19623800__chrX_19656920-19657594/alignments/enhancers/lastz.maf
chr3R_16072483-16072683__chr3R_16073986-16074304	OK	0	0	0.0	/Users/jillianness/Downloads/new_LASTZ_analysis/enhancer_extraction/enhancer_pairs/FBgn0010379_sm/chr3R_16072483-16072683__chr3R_16073986-16074304/alignments/enhancers/lastz.maf
chr3R_16072483-16072683__chr3R_16091648-16091848	OK	0	0	0.0	/Users/jillianness/Downloads/new_LASTZ_analysis/enhancer_extraction/enhancer_pairs/FBgn0010379_sm/chr3R_16072483-16072683__chr3R_16091648-16091848/alignments/enhancers/lastz.maf
chr3R_16072483-16072683__chr3R_16094907-16095107	OK	0	0	0.0	/Users/jillianness/Downloads/new_LASTZ_analysis/enhancer_extraction/enhancer_pairs/FBgn0010379_sm/chr3R_16072483-16072683__chr3R_16094907-16095107/alignments/enhancers/lastz.maf
chr3R_16073986-16074304__chr3R_16091648-16091848	OK	0	0	0.0	/Users/jillianness/Downloads/new_LASTZ_analysis/enhancer_extraction/enhancer_pairs/FBgn0010379_sm/chr3R_16073986-16074304__chr3R_16091648-16091848/alignments/enhancers/lastz.maf
chr3R_16073986-16074304__chr3R_16094907-16095107	OK	0	0	0.0	/Users/jillianness/Downloads/new_LASTZ_analysis/enhancer_extraction/enhancer_pairs/FBgn0010379_sm/chr3R_16073986-16074304__chr3R_16094907-16095107/alignments/enhancers/lastz.maf
chr3R_16091648-16091848__chr3R_16094907-16095107	OK	0	0	0.0	/Users/jillianness/Downloads/new_LASTZ_analysis/enhancer_extraction/enhancer_pairs/FBgn0010379_sm/chr3R_16091648-16091848__chr3R_16094907-16095107/alignments/enhancers/lastz.maf
chr3R_16073986-16074304__chr3R_16091648-16091848	OK	0	0	0.0	/Users/jillianness/Downloads/new_LASTZ_analysis/enhancer_extraction/enhancer_pairs/FBgn0010379_vm/chr3R_16073986-16074304__chr3R_16091648-16091848/alignments/enhancers/lastz.maf
chr3R_16073986-16074304__chr3R_16094907-16095107	OK	0	0	0.0	/Users/jillianness/Downloads/new_LASTZ_analysis/enhancer_extraction/enhancer_pairs/FBgn0010379_vm/chr3R_16073986-16074304__chr3R_16094907-16095107/alignments/enhancers/lastz.maf
chr3R_16091648-16091848__chr3R_16094907-16095107	OK	0	0	0.0	/Users/jillianness/Downloads/new_LASTZ_analysis/enhancer_extraction/enhancer_pairs/FBgn0010379_vm/chr3R_16091648-16091848__chr3R_16094907-16095107/alignments/enhancers/lastz.maf
chr3L_17014763-17015190__chr3L_17019852-17020197	OK	0	0	0.0	/Users/jillianness/Downloads/new_LASTZ_analysis/enhancer_extraction/enhancer_pairs/FBgn0010424_sm/chr3L_17014763-17015190__chr3L_17019852-17020197/alignments/enhancers/lastz.maf
chr2R_8425969-8426169__chr2R_8484944-8485225	OK	0	0	0.0	/Users/jillianness/Downloads/new_LASTZ_analysis/enhancer_extraction/enhancer_pairs/FBgn0011286_sm/chr2R_8425969-8426169__chr2R_8484944-8485225/alignments/enhancers/lastz.maf
chr2R_8425969-8426169__chr2R_8486788-8487203	OK	0	0	0.0	/Users/jillianness/Downloads/new_LASTZ_analysis/enhancer_extraction/enhancer_pairs/FBgn0011286_sm/chr2R_8425969-8426169__chr2R_8486788-8487203/alignments/enhancers/lastz.maf
chr2R_8484944-8485225__chr2R_8486788-8487203	OK	0	0	0.0	/Users/jillianness/Downloads/new_LASTZ_analysis/enhancer_extraction/enhancer_pairs/FBgn0011286_sm/chr2R_8484944-8485225__chr2R_8486788-8487203/alignments/enhancers/lastz.maf
chr2L_20298155-20298629__chr2L_20304372-20304698	OK	0	0	0.0	/Users/jillianness/Downloads/new_LASTZ_analysis/enhancer_extraction/enhancer_pairs/FBgn0011638_Spearman/chr2L_20298155-20298629__chr2L_20304372-20304698/alignments/enhancers/lastz.maf
chr2L_20298155-20298629__chr2L_20339742-20340332	OK	0	0	0.0	/Users/jillianness/Downloads/new_LASTZ_analysis/enhancer_extraction/enhancer_pairs/FBgn0011638_sm/chr2L_20298155-20298629__chr2L_20339742-20340332/alignments/enhancers/lastz.maf
chr2R_9559487-9559979__chr2R_9598105-9598410	OK	0	0	0.0	/Users/jillianness/Downloads/new_LASTZ_analysis/enhancer_extraction/enhancer_pairs/FBgn0011656_Spearman/chr2R_9559487-9559979__chr2R_9598105-9598410/alignments/enhancers/lastz.maf
chr2R_9555902-9556546__chr2R_9557786-9557986	OK	0	0	0.0	/Users/jillianness/Downloads/new_LASTZ_analysis/enhancer_extraction/enhancer_pairs/FBgn0011656_sm/chr2R_9555902-9556546__chr2R_9557786-9557986/alignments/enhancers/lastz.maf
chr2R_9555902-9556546__chr2R_9559487-9559979	OK	0	0	0.0	/Users/jillianness/Downloads/new_LASTZ_analysis/enhancer_extraction/enhancer_pairs/FBgn0011656_sm/chr2R_9555902-9556546__chr2R_9559487-9559979/alignments/enhancers/lastz.maf
chr2R_9555902-9556546__chr2R_9562047-9562495	OK	0	0	0.0	/Users/jillianness/Downloads/new_LASTZ_analysis/enhancer_extraction/enhancer_pairs/FBgn0011656_sm/chr2R_9555902-9556546__chr2R_9562047-9562495/alignments/enhancers/lastz.maf
chr2R_9555902-9556546__chr2R_9567242-9567442	OK	0	0	0.0	/Users/jillianness/Downloads/new_LASTZ_analysis/enhancer_extraction/enhancer_pairs/FBgn0011656_sm/chr2R_9555902-9556546__chr2R_9567242-9567442/alignments/enhancers/lastz.maf
chr2R_9557786-9557986__chr2R_9559487-9559979	OK	0	0	0.0	/Users/jillianness/Downloads/new_LASTZ_analysis/enhancer_extraction/enhancer_pairs/FBgn0011656_sm/chr2R_9557786-9557986__chr2R_9559487-9559979/alignments/enhancers/lastz.maf
chr2R_9557786-9557986__chr2R_9562047-9562495	OK	0	0	0.0	/Users/jillianness/Downloads/new_LASTZ_analysis/enhancer_extraction/enhancer_pairs/FBgn0011656_sm/chr2R_9557786-9557986__chr2R_9562047-9562495/alignments/enhancers/lastz.maf
chr2R_9557786-9557986__chr2R_9567242-9567442	OK	0	0	0.0	/Users/jillianness/Downloads/new_LASTZ_analysis/enhancer_extraction/enhancer_pairs/FBgn0011656_sm/chr2R_9557786-9557986__chr2R_9567242-9567442/alignments/enhancers/lastz.maf
chr2R_9559487-9559979__chr2R_9562047-9562495	OK	0	0	0.0	/Users/jillianness/Downloads/new_LASTZ_analysis/enhancer_extraction/enhancer_pairs/FBgn0011656_sm/chr2R_9559487-9559979__chr2R_9562047-9562495/alignments/enhancers/lastz.maf
chr2R_9559487-9559979__chr2R_9567242-9567442	OK	0	0	0.0	/Users/jillianness/Downloads/new_LASTZ_analysis/enhancer_extraction/enhancer_pairs/FBgn0011656_sm/chr2R_9559487-9559979__chr2R_9567242-9567442/alignments/enhancers/lastz.maf
chr2R_9562047-9562495__chr2R_9567242-9567442	OK	0	0	0.0	/Users/jillianness/Downloads/new_LASTZ_analysis/enhancer_extraction/enhancer_pairs/FBgn0011656_sm/chr2R_9562047-9562495__chr2R_9567242-9567442/alignments/enhancers/lastz.maf
chr2R_9557786-9557986__chr2R_9562047-9562495	OK	0	0	0.0	/Users/jillianness/Downloads/new_LASTZ_analysis/enhancer_extraction/enhancer_pairs/FBgn0011656_vm/chr2R_9557786-9557986__chr2R_9562047-9562495/alignments/enhancers/lastz.maf
chr2R_9557786-9557986__chr2R_9562516-9562910	OK	0	0	0.0	/Users/jillianness/Downloads/new_LASTZ_analysis/enhancer_extraction/enhancer_pairs/FBgn0011656_vm/chr2R_9557786-9557986__chr2R_9562516-9562910/alignments/enhancers/lastz.maf
chr2R_9557786-9557986__chr2R_9567242-9567442	OK	0	0	0.0	/Users/jillianness/Downloads/new_LASTZ_analysis/enhancer_extraction/enhancer_pairs/FBgn0011656_vm/chr2R_9557786-9557986__chr2R_9567242-9567442/alignments/enhancers/lastz.maf
chr2R_9562047-9562495__chr2R_9562516-9562910	OK	0	0	0.0	/Users/jillianness/Downloads/new_LASTZ_analysis/enhancer_extraction/enhancer_pairs/FBgn0011656_vm/chr2R_9562047-9562495__chr2R_9562516-9562910/alignments/enhancers/lastz.maf
chr2R_9562047-9562495__chr2R_9567242-9567442	OK	0	0	0.0	/Users/jillianness/Downloads/new_LASTZ_analysis/enhancer_extraction/enhancer_pairs/FBgn0011656_vm/chr2R_9562047-9562495__chr2R_9567242-9567442/alignments/enhancers/lastz.maf
chr2R_9562516-9562910__chr2R_9567242-9567442	OK	0	0	0.0	/Users/jillianness/Downloads/new_LASTZ_analysis/enhancer_extraction/enhancer_pairs/FBgn0011656_vm/chr2R_9562516-9562910__chr2R_9567242-9567442/alignments/enhancers/lastz.maf
chr2L_6411470-6411744__chr2L_6422856-6423068	OK	0	0	0.0	/Users/jillianness/Downloads/new_LASTZ_analysis/enhancer_extraction/enhancer_pairs/FBgn0011722_sm/chr2L_6411470-6411744__chr2L_6422856-6423068/alignments/enhancers/lastz.maf
chr2L_6411470-6411744__chr2L_6423550-6423750	OK	0	0	0.0	/Users/jillianness/Downloads/new_LASTZ_analysis/enhancer_extraction/enhancer_pairs/FBgn0011722_sm/chr2L_6411470-6411744__chr2L_6423550-6423750/alignments/enhancers/lastz.maf
chr2L_6422856-6423068__chr2L_6423550-6423750	OK	0	0	0.0	/Users/jillianness/Downloads/new_LASTZ_analysis/enhancer_extraction/enhancer_pairs/FBgn0011722_sm/chr2L_6422856-6423068__chr2L_6423550-6423750/alignments/enhancers/lastz.maf
chr3L_14195647-14195954__chr3L_14244211-14244471	OK	0	0	0.0	/Users/jillianness/Downloads/new_LASTZ_analysis/enhancer_extraction/enhancer_pairs/FBgn0013718_sm/chr3L_14195647-14195954__chr3L_14244211-14244471/alignments/enhancers/lastz.maf
chr2R_14935843-14936180__chr2R_14936533-14936887	OK	0	0	0.0	/Users/jillianness/Downloads/new_LASTZ_analysis/enhancer_extraction/enhancer_pairs/FBgn0013750_sm/chr2R_14935843-14936180__chr2R_14936533-14936887/alignments/enhancers/lastz.maf
chr2R_14935843-14936180__chr2R_14976541-14977128	OK	0	0	0.0	/Users/jillianness/Downloads/new_LASTZ_analysis/enhancer_extraction/enhancer_pairs/FBgn0013750_sm/chr2R_14935843-14936180__chr2R_14976541-14977128/alignments/enhancers/lastz.maf
chr2R_14936533-14936887__chr2R_14976541-14977128	OK	0	0	0.0	/Users/jillianness/Downloads/new_LASTZ_analysis/enhancer_extraction/enhancer_pairs/FBgn0013750_sm/chr2R_14936533-14936887__chr2R_14976541-14977128/alignments/enhancers/lastz.maf
chr2R_6412842-6413057__chr2R_6413232-6413731	OK	0	0	0.0	/Users/jillianness/Downloads/new_LASTZ_analysis/enhancer_extraction/enhancer_pairs/FBgn0014028_vm/chr2R_6412842-6413057__chr2R_6413232-6413731/alignments/enhancers/lastz.maf
chr2R_6411991-6412223__chr2R_6436010-6436295	OK	0	0	0.0	/Users/jillianness/Downloads/new_LASTZ_analysis/enhancer_extraction/enhancer_pairs/FBgn0014028_vm_sm/chr2R_6411991-6412223__chr2R_6436010-6436295/alignments/enhancers/lastz.maf
chr3R_7113126-7113381__chr3R_7122484-7122921	OK	0	0	0.0	/Users/jillianness/Downloads/new_LASTZ_analysis/enhancer_extraction/enhancer_pairs/FBgn0014863_sm/chr3R_7113126-7113381__chr3R_7122484-7122921/alignments/enhancers/lastz.maf
chr3R_7108574-7109019__chr3R_7113126-7113381	OK	0	0	0.0	/Users/jillianness/Downloads/new_LASTZ_analysis/enhancer_extraction/enhancer_pairs/FBgn0014863_vm/chr3R_7108574-7109019__chr3R_7113126-7113381/alignments/enhancers/lastz.maf
chr2R_13188356-13188670__chr2R_13190587-13190787	OK	0	0	0.0	/Users/jillianness/Downloads/new_LASTZ_analysis/enhancer_extraction/enhancer_pairs/FBgn0014877_Spearman/chr2R_13188356-13188670__chr2R_13190587-13190787/alignments/enhancers/lastz.maf
chr2R_13188356-13188670__chr2R_13192033-13192233	OK	0	0	0.0	/Users/jillianness/Downloads/new_LASTZ_analysis/enhancer_extraction/enhancer_pairs/FBgn0014877_Spearman/chr2R_13188356-13188670__chr2R_13192033-13192233/alignments/enhancers/lastz.maf
chr2R_13188356-13188670__chr2R_13194170-13194587	OK	0	0	0.0	/Users/jillianness/Downloads/new_LASTZ_analysis/enhancer_extraction/enhancer_pairs/FBgn0014877_Spearman/chr2R_13188356-13188670__chr2R_13194170-13194587/alignments/enhancers/lastz.maf
chr2R_13188356-13188670__chr2R_13195866-13196315	OK	0	0	0.0	/Users/jillianness/Downloads/new_LASTZ_analysis/enhancer_extraction/enhancer_pairs/FBgn0014877_Spearman/chr2R_13188356-13188670__chr2R_13195866-13196315/alignments/enhancers/lastz.maf
chr2R_13188356-13188670__chr2R_13196419-13196619	OK	0	0	0.0	/Users/jillianness/Downloads/new_LASTZ_analysis/enhancer_extraction/enhancer_pairs/FBgn0014877_Spearman/chr2R_13188356-13188670__chr2R_13196419-13196619/alignments/enhancers/lastz.maf
chr2R_13188356-13188670__chr2R_13197479-13197679	OK	0	0	0.0	/Users/jillianness/Downloads/new_LASTZ_analysis/enhancer_extraction/enhancer_pairs/FBgn0014877_Spearman/chr2R_13188356-13188670__chr2R_13197479-13197679/alignments/enhancers/lastz.maf
chr2R_13188356-13188670__chr2R_13198071-13198730	OK	0	0	0.0	/Users/jillianness/Downloads/new_LASTZ_analysis/enhancer_extraction/enhancer_pairs/FBgn0014877_Spearman/chr2R_13188356-13188670__chr2R_13198071-13198730/alignments/enhancers/lastz.maf
chr2R_13188356-13188670__chr2R_13199132-13199535	OK	0	0	0.0	/Users/jillianness/Downloads/new_LASTZ_analysis/enhancer_extraction/enhancer_pairs/FBgn0014877_Spearman/chr2R_13188356-13188670__chr2R_13199132-13199535/alignments/enhancers/lastz.maf
chr2R_13190587-13190787__chr2R_13192033-13192233	OK	0	0	0.0	/Users/jillianness/Downloads/new_LASTZ_analysis/enhancer_extraction/enhancer_pairs/FBgn0014877_Spearman/chr2R_13190587-13190787__chr2R_13192033-13192233/alignments/enhancers/lastz.maf
chr2R_13190587-13190787__chr2R_13194170-13194587	OK	0	0	0.0	/Users/jillianness/Downloads/new_LASTZ_analysis/enhancer_extraction/enhancer_pairs/FBgn0014877_Spearman/chr2R_13190587-13190787__chr2R_13194170-13194587/alignments/enhancers/lastz.maf
chr2R_13190587-13190787__chr2R_13195866-13196315	OK	0	0	0.0	/Users/jillianness/Downloads/new_LASTZ_analysis/enhancer_extraction/enhancer_pairs/FBgn0014877_Spearman/chr2R_13190587-13190787__chr2R_13195866-13196315/alignments/enhancers/lastz.maf
chr2R_13190587-13190787__chr2R_13196419-13196619	OK	0	0	0.0	/Users/jillianness/Downloads/new_LASTZ_analysis/enhancer_extraction/enhancer_pairs/FBgn0014877_Spearman/chr2R_13190587-13190787__chr2R_13196419-13196619/alignments/enhancers/lastz.maf
chr2R_13190587-13190787__chr2R_13197479-13197679	OK	0	0	0.0	/Users/jillianness/Downloads/new_LASTZ_analysis/enhancer_extraction/enhancer_pairs/FBgn0014877_Spearman/chr2R_13190587-13190787__chr2R_13197479-13197679/alignments/enhancers/lastz.maf
chr2R_13190587-13190787__chr2R_13198071-13198730	OK	0	0	0.0	/Users/jillianness/Downloads/new_LASTZ_analysis/enhancer_extraction/enhancer_pairs/FBgn0014877_Spearman/chr2R_13190587-13190787__chr2R_13198071-13198730/alignments/enhancers/lastz.maf
chr2R_13190587-13190787__chr2R_13199132-13199535	OK	0	0	0.0	/Users/jillianness/Downloads/new_LASTZ_analysis/enhancer_extraction/enhancer_pairs/FBgn0014877_Spearman/chr2R_13190587-13190787__chr2R_13199132-13199535/alignments/enhancers/lastz.maf
chr2R_13192033-13192233__chr2R_13194170-13194587	OK	0	0	0.0	/Users/jillianness/Downloads/new_LASTZ_analysis/enhancer_extraction/enhancer_pairs/FBgn0014877_Spearman/chr2R_13192033-13192233__chr2R_13194170-13194587/alignments/enhancers/lastz.maf
chr2R_13192033-13192233__chr2R_13195866-13196315	OK	0	0	0.0	/Users/jillianness/Downloads/new_LASTZ_analysis/enhancer_extraction/enhancer_pairs/FBgn0014877_Spearman/chr2R_13192033-13192233__chr2R_13195866-13196315/alignments/enhancers/lastz.maf
chr2R_13192033-13192233__chr2R_13196419-13196619	OK	0	0	0.0	/Users/jillianness/Downloads/new_LASTZ_analysis/enhancer_extraction/enhancer_pairs/FBgn0014877_Spearman/chr2R_13192033-13192233__chr2R_13196419-13196619/alignments/enhancers/lastz.maf
chr2R_13192033-13192233__chr2R_13197479-13197679	OK	0	0	0.0	/Users/jillianness/Downloads/new_LASTZ_analysis/enhancer_extraction/enhancer_pairs/FBgn0014877_Spearman/chr2R_13192033-13192233__chr2R_13197479-13197679/alignments/enhancers/lastz.maf
chr2R_13192033-13192233__chr2R_13198071-13198730	OK	0	0	0.0	/Users/jillianness/Downloads/new_LASTZ_analysis/enhancer_extraction/enhancer_pairs/FBgn0014877_Spearman/chr2R_13192033-13192233__chr2R_13198071-13198730/alignments/enhancers/lastz.maf
chr2R_13192033-13192233__chr2R_13199132-13199535	OK	0	0	0.0	/Users/jillianness/Downloads/new_LASTZ_analysis/enhancer_extraction/enhancer_pairs/FBgn0014877_Spearman/chr2R_13192033-13192233__chr2R_13199132-13199535/alignments/enhancers/lastz.maf
chr2R_13194170-13194587__chr2R_13195866-13196315	OK	0	0	0.0	/Users/jillianness/Downloads/new_LASTZ_analysis/enhancer_extraction/enhancer_pairs/FBgn0014877_Spearman/chr2R_13194170-13194587__chr2R_13195866-13196315/alignments/enhancers/lastz.maf
chr2R_13194170-13194587__chr2R_13196419-13196619	OK	0	0	0.0	/Users/jillianness/Downloads/new_LASTZ_analysis/enhancer_extraction/enhancer_pairs/FBgn0014877_Spearman/chr2R_13194170-13194587__chr2R_13196419-13196619/alignments/enhancers/lastz.maf
chr2R_13194170-13194587__chr2R_13197479-13197679	OK	0	0	0.0	/Users/jillianness/Downloads/new_LASTZ_analysis/enhancer_extraction/enhancer_pairs/FBgn0014877_Spearman/chr2R_13194170-13194587__chr2R_13197479-13197679/alignments/enhancers/lastz.maf
chr2R_13194170-13194587__chr2R_13198071-13198730	OK	0	0	0.0	/Users/jillianness/Downloads/new_LASTZ_analysis/enhancer_extraction/enhancer_pairs/FBgn0014877_Spearman/chr2R_13194170-13194587__chr2R_13198071-13198730/alignments/enhancers/lastz.maf
chr2R_13194170-13194587__chr2R_13199132-13199535	OK	0	0	0.0	/Users/jillianness/Downloads/new_LASTZ_analysis/enhancer_extraction/enhancer_pairs/FBgn0014877_Spearman/chr2R_13194170-13194587__chr2R_13199132-13199535/alignments/enhancers/lastz.maf
chr2R_13195866-13196315__chr2R_13196419-13196619	OK	0	0	0.0	/Users/jillianness/Downloads/new_LASTZ_analysis/enhancer_extraction/enhancer_pairs/FBgn0014877_Spearman/chr2R_13195866-13196315__chr2R_13196419-13196619/alignments/enhancers/lastz.maf
chr2R_13195866-13196315__chr2R_13197479-13197679	OK	0	0	0.0	/Users/jillianness/Downloads/new_LASTZ_analysis/enhancer_extraction/enhancer_pairs/FBgn0014877_Spearman/chr2R_13195866-13196315__chr2R_13197479-13197679/alignments/enhancers/lastz.maf
chr2R_13195866-13196315__chr2R_13198071-13198730	OK	0	0	0.0	/Users/jillianness/Downloads/new_LASTZ_analysis/enhancer_extraction/enhancer_pairs/FBgn0014877_Spearman/chr2R_13195866-13196315__chr2R_13198071-13198730/alignments/enhancers/lastz.maf
chr2R_13195866-13196315__chr2R_13199132-13199535	OK	0	0	0.0	/Users/jillianness/Downloads/new_LASTZ_analysis/enhancer_extraction/enhancer_pairs/FBgn0014877_Spearman/chr2R_13195866-13196315__chr2R_13199132-13199535/alignments/enhancers/lastz.maf
chr2R_13196419-13196619__chr2R_13197479-13197679	OK	0	0	0.0	/Users/jillianness/Downloads/new_LASTZ_analysis/enhancer_extraction/enhancer_pairs/FBgn0014877_Spearman/chr2R_13196419-13196619__chr2R_13197479-13197679/alignments/enhancers/lastz.maf
chr2R_13196419-13196619__chr2R_13198071-13198730	OK	0	0	0.0	/Users/jillianness/Downloads/new_LASTZ_analysis/enhancer_extraction/enhancer_pairs/FBgn0014877_Spearman/chr2R_13196419-13196619__chr2R_13198071-13198730/alignments/enhancers/lastz.maf
chr2R_13196419-13196619__chr2R_13199132-13199535	OK	0	0	0.0	/Users/jillianness/Downloads/new_LASTZ_analysis/enhancer_extraction/enhancer_pairs/FBgn0014877_Spearman/chr2R_13196419-13196619__chr2R_13199132-13199535/alignments/enhancers/lastz.maf
chr2R_13197479-13197679__chr2R_13198071-13198730	OK	0	0	0.0	/Users/jillianness/Downloads/new_LASTZ_analysis/enhancer_extraction/enhancer_pairs/FBgn0014877_Spearman/chr2R_13197479-13197679__chr2R_13198071-13198730/alignments/enhancers/lastz.maf
chr2R_13197479-13197679__chr2R_13199132-13199535	OK	0	0	0.0	/Users/jillianness/Downloads/new_LASTZ_analysis/enhancer_extraction/enhancer_pairs/FBgn0014877_Spearman/chr2R_13197479-13197679__chr2R_13199132-13199535/alignments/enhancers/lastz.maf
chr2R_13198071-13198730__chr2R_13199132-13199535	OK	0	0	0.0	/Users/jillianness/Downloads/new_LASTZ_analysis/enhancer_extraction/enhancer_pairs/FBgn0014877_Spearman/chr2R_13198071-13198730__chr2R_13199132-13199535/alignments/enhancers/lastz.maf
chr2R_13192361-13193251__chr2R_13194170-13194587	OK	0	0	0.0	/Users/jillianness/Downloads/new_LASTZ_analysis/enhancer_extraction/enhancer_pairs/FBgn0014877_sm/chr2R_13192361-13193251__chr2R_13194170-13194587/alignments/enhancers/lastz.maf
chr2R_13192361-13193251__chr2R_13195553-13195864	OK	0	0	0.0	/Users/jillianness/Downloads/new_LASTZ_analysis/enhancer_extraction/enhancer_pairs/FBgn0014877_sm/chr2R_13192361-13193251__chr2R_13195553-13195864/alignments/enhancers/lastz.maf
chr2R_13192361-13193251__chr2R_13198071-13198730	OK	0	0	0.0	/Users/jillianness/Downloads/new_LASTZ_analysis/enhancer_extraction/enhancer_pairs/FBgn0014877_sm/chr2R_13192361-13193251__chr2R_13198071-13198730/alignments/enhancers/lastz.maf
chr2R_13192361-13193251__chr2R_13199132-13199535	OK	0	0	0.0	/Users/jillianness/Downloads/new_LASTZ_analysis/enhancer_extraction/enhancer_pairs/FBgn0014877_sm/chr2R_13192361-13193251__chr2R_13199132-13199535/alignments/enhancers/lastz.maf
chr2R_13194170-13194587__chr2R_13195553-13195864	OK	0	0	0.0	/Users/jillianness/Downloads/new_LASTZ_analysis/enhancer_extraction/enhancer_pairs/FBgn0014877_sm/chr2R_13194170-13194587__chr2R_13195553-13195864/alignments/enhancers/lastz.maf
chr2R_13194170-13194587__chr2R_13198071-13198730	OK	0	0	0.0	/Users/jillianness/Downloads/new_LASTZ_analysis/enhancer_extraction/enhancer_pairs/FBgn0014877_sm/chr2R_13194170-13194587__chr2R_13198071-13198730/alignments/enhancers/lastz.maf
chr2R_13194170-13194587__chr2R_13199132-13199535	OK	0	0	0.0	/Users/jillianness/Downloads/new_LASTZ_analysis/enhancer_extraction/enhancer_pairs/FBgn0014877_sm/chr2R_13194170-13194587__chr2R_13199132-13199535/alignments/enhancers/lastz.maf
chr2R_13195553-13195864__chr2R_13198071-13198730	OK	0	0	0.0	/Users/jillianness/Downloads/new_LASTZ_analysis/enhancer_extraction/enhancer_pairs/FBgn0014877_sm/chr2R_13195553-13195864__chr2R_13198071-13198730/alignments/enhancers/lastz.maf
chr2R_13195553-13195864__chr2R_13199132-13199535	OK	0	0	0.0	/Users/jillianness/Downloads/new_LASTZ_analysis/enhancer_extraction/enhancer_pairs/FBgn0014877_sm/chr2R_13195553-13195864__chr2R_13199132-13199535/alignments/enhancers/lastz.maf
chr2R_13198071-13198730__chr2R_13199132-13199535	OK	0	0	0.0	/Users/jillianness/Downloads/new_LASTZ_analysis/enhancer_extraction/enhancer_pairs/FBgn0014877_sm/chr2R_13198071-13198730__chr2R_13199132-13199535/alignments/enhancers/lastz.maf
chr2R_13189049-13189699__chr2R_13192361-13193251	OK	0	0	0.0	/Users/jillianness/Downloads/new_LASTZ_analysis/enhancer_extraction/enhancer_pairs/FBgn0014877_vm/chr2R_13189049-13189699__chr2R_13192361-13193251/alignments/enhancers/lastz.maf
chr2R_13164461-13164824__chr2R_13189815-13190137	OK	0	0	0.0	/Users/jillianness/Downloads/new_LASTZ_analysis/enhancer_extraction/enhancer_pairs/FBgn0014877_vm_sm/chr2R_13164461-13164824__chr2R_13189815-13190137/alignments/enhancers/lastz.maf
chr3R_16715587-16715916__chr3R_16744397-16744662	OK	0	0	0.0	/Users/jillianness/Downloads/new_LASTZ_analysis/enhancer_extraction/enhancer_pairs/FBgn0015019_Spearman/chr3R_16715587-16715916__chr3R_16744397-16744662/alignments/enhancers/lastz.maf
chr3L_9382596-9382979__chr3L_9384190-9384390	OK	0	0	0.0	/Users/jillianness/Downloads/new_LASTZ_analysis/enhancer_extraction/enhancer_pairs/FBgn0015218_sm/chr3L_9382596-9382979__chr3L_9384190-9384390/alignments/enhancers/lastz.maf
chr2L_19215078-19215278__chr2L_19215688-19216293	OK	0	0	0.0	/Users/jillianness/Downloads/new_LASTZ_analysis/enhancer_extraction/enhancer_pairs/FBgn0015380_Spearman/chr2L_19215078-19215278__chr2L_19215688-19216293/alignments/enhancers/lastz.maf
chr3R_7658315-7658594__chr3R_7661745-7661946	OK	0	0	0.0	/Users/jillianness/Downloads/new_LASTZ_analysis/enhancer_extraction/enhancer_pairs/FBgn0015570_sm/chr3R_7658315-7658594__chr3R_7661745-7661946/alignments/enhancers/lastz.maf
chr2L_17736424-17736667__chr2L_17744617-17744940	OK	0	0	0.0	/Users/jillianness/Downloads/new_LASTZ_analysis/enhancer_extraction/enhancer_pairs/FBgn0015609_meso/chr2L_17736424-17736667__chr2L_17744617-17744940/alignments/enhancers/lastz.maf
chrX_14593777-14594065__chrX_14655967-14656167	OK	0	0	0.0	/Users/jillianness/Downloads/new_LASTZ_analysis/enhancer_extraction/enhancer_pairs/FBgn0015773_sm/chrX_14593777-14594065__chrX_14655967-14656167/alignments/enhancers/lastz.maf
chrX_14567039-14567412__chrX_14593777-14594065	OK	0	0	0.0	/Users/jillianness/Downloads/new_LASTZ_analysis/enhancer_extraction/enhancer_pairs/FBgn0015773_vm/chrX_14567039-14567412__chrX_14593777-14594065/alignments/enhancers/lastz.maf
chrX_14567039-14567412__chrX_14655967-14656167	OK	0	0	0.0	/Users/jillianness/Downloads/new_LASTZ_analysis/enhancer_extraction/enhancer_pairs/FBgn0015773_vm/chrX_14567039-14567412__chrX_14655967-14656167/alignments/enhancers/lastz.maf
chrX_14593777-14594065__chrX_14655967-14656167	OK	0	0	0.0	/Users/jillianness/Downloads/new_LASTZ_analysis/enhancer_extraction/enhancer_pairs/FBgn0015773_vm/chrX_14593777-14594065__chrX_14655967-14656167/alignments/enhancers/lastz.maf
chrX_759222-759589__chrX_799237-799607	OK	0	0	0.0	/Users/jillianness/Downloads/new_LASTZ_analysis/enhancer_extraction/enhancer_pairs/FBgn0015799_sm/chrX_759222-759589__chrX_799237-799607/alignments/enhancers/lastz.maf
chrX_7617780-7617980__chrX_7650029-7650229	OK	0	0	0.0	/Users/jillianness/Downloads/new_LASTZ_analysis/enhancer_extraction/enhancer_pairs/FBgn0016041_sm/chrX_7617780-7617980__chrX_7650029-7650229/alignments/enhancers/lastz.maf
chrX_7617780-7617980__chrX_7654331-7654569	OK	0	0	0.0	/Users/jillianness/Downloads/new_LASTZ_analysis/enhancer_extraction/enhancer_pairs/FBgn0016041_sm/chrX_7617780-7617980__chrX_7654331-7654569/alignments/enhancers/lastz.maf
chrX_7617780-7617980__chrX_7655607-7655855	OK	0	0	0.0	/Users/jillianness/Downloads/new_LASTZ_analysis/enhancer_extraction/enhancer_pairs/FBgn0016041_sm/chrX_7617780-7617980__chrX_7655607-7655855/alignments/enhancers/lastz.maf
chrX_7617780-7617980__chrX_7657369-7657569	OK	0	0	0.0	/Users/jillianness/Downloads/new_LASTZ_analysis/enhancer_extraction/enhancer_pairs/FBgn0016041_sm/chrX_7617780-7617980__chrX_7657369-7657569/alignments/enhancers/lastz.maf
chrX_7617780-7617980__chrX_7660283-7660576	OK	0	0	0.0	/Users/jillianness/Downloads/new_LASTZ_analysis/enhancer_extraction/enhancer_pairs/FBgn0016041_sm/chrX_7617780-7617980__chrX_7660283-7660576/alignments/enhancers/lastz.maf
chrX_7617780-7617980__chrX_7686560-7686932	OK	0	0	0.0	/Users/jillianness/Downloads/new_LASTZ_analysis/enhancer_extraction/enhancer_pairs/FBgn0016041_sm/chrX_7617780-7617980__chrX_7686560-7686932/alignments/enhancers/lastz.maf
chrX_7650029-7650229__chrX_7654331-7654569	OK	0	0	0.0	/Users/jillianness/Downloads/new_LASTZ_analysis/enhancer_extraction/enhancer_pairs/FBgn0016041_sm/chrX_7650029-7650229__chrX_7654331-7654569/alignments/enhancers/lastz.maf
chrX_7650029-7650229__chrX_7655607-7655855	OK	0	0	0.0	/Users/jillianness/Downloads/new_LASTZ_analysis/enhancer_extraction/enhancer_pairs/FBgn0016041_sm/chrX_7650029-7650229__chrX_7655607-7655855/alignments/enhancers/lastz.maf
chrX_7650029-7650229__chrX_7657369-7657569	OK	0	0	0.0	/Users/jillianness/Downloads/new_LASTZ_analysis/enhancer_extraction/enhancer_pairs/FBgn0016041_sm/chrX_7650029-7650229__chrX_7657369-7657569/alignments/enhancers/lastz.maf
chrX_7650029-7650229__chrX_7660283-7660576	OK	0	0	0.0	/Users/jillianness/Downloads/new_LASTZ_analysis/enhancer_extraction/enhancer_pairs/FBgn0016041_sm/chrX_7650029-7650229__chrX_7660283-7660576/alignments/enhancers/lastz.maf
chrX_7650029-7650229__chrX_7686560-7686932	OK	0	0	0.0	/Users/jillianness/Downloads/new_LASTZ_analysis/enhancer_extraction/enhancer_pairs/FBgn0016041_sm/chrX_7650029-7650229__chrX_7686560-7686932/alignments/enhancers/lastz.maf
chrX_7654331-7654569__chrX_7655607-7655855	OK	0	0	0.0	/Users/jillianness/Downloads/new_LASTZ_analysis/enhancer_extraction/enhancer_pairs/FBgn0016041_sm/chrX_7654331-7654569__chrX_7655607-7655855/alignments/enhancers/lastz.maf
chrX_7654331-7654569__chrX_7657369-7657569	OK	0	0	0.0	/Users/jillianness/Downloads/new_LASTZ_analysis/enhancer_extraction/enhancer_pairs/FBgn0016041_sm/chrX_7654331-7654569__chrX_7657369-7657569/alignments/enhancers/lastz.maf
chrX_7654331-7654569__chrX_7660283-7660576	OK	0	0	0.0	/Users/jillianness/Downloads/new_LASTZ_analysis/enhancer_extraction/enhancer_pairs/FBgn0016041_sm/chrX_7654331-7654569__chrX_7660283-7660576/alignments/enhancers/lastz.maf
chrX_7654331-7654569__chrX_7686560-7686932	OK	0	0	0.0	/Users/jillianness/Downloads/new_LASTZ_analysis/enhancer_extraction/enhancer_pairs/FBgn0016041_sm/chrX_7654331-7654569__chrX_7686560-7686932/alignments/enhancers/lastz.maf
chrX_7655607-7655855__chrX_7657369-7657569	OK	0	0	0.0	/Users/jillianness/Downloads/new_LASTZ_analysis/enhancer_extraction/enhancer_pairs/FBgn0016041_sm/chrX_7655607-7655855__chrX_7657369-7657569/alignments/enhancers/lastz.maf
chrX_7655607-7655855__chrX_7660283-7660576	OK	0	0	0.0	/Users/jillianness/Downloads/new_LASTZ_analysis/enhancer_extraction/enhancer_pairs/FBgn0016041_sm/chrX_7655607-7655855__chrX_7660283-7660576/alignments/enhancers/lastz.maf
chrX_7655607-7655855__chrX_7686560-7686932	OK	0	0	0.0	/Users/jillianness/Downloads/new_LASTZ_analysis/enhancer_extraction/enhancer_pairs/FBgn0016041_sm/chrX_7655607-7655855__chrX_7686560-7686932/alignments/enhancers/lastz.maf
chrX_7657369-7657569__chrX_7660283-7660576	OK	0	0	0.0	/Users/jillianness/Downloads/new_LASTZ_analysis/enhancer_extraction/enhancer_pairs/FBgn0016041_sm/chrX_7657369-7657569__chrX_7660283-7660576/alignments/enhancers/lastz.maf
chrX_7657369-7657569__chrX_7686560-7686932	OK	0	0	0.0	/Users/jillianness/Downloads/new_LASTZ_analysis/enhancer_extraction/enhancer_pairs/FBgn0016041_sm/chrX_7657369-7657569__chrX_7686560-7686932/alignments/enhancers/lastz.maf
chrX_7660283-7660576__chrX_7686560-7686932	OK	0	0	0.0	/Users/jillianness/Downloads/new_LASTZ_analysis/enhancer_extraction/enhancer_pairs/FBgn0016041_sm/chrX_7660283-7660576__chrX_7686560-7686932/alignments/enhancers/lastz.maf
chr2R_9030972-9031304__chr2R_9045494-9045735	OK	0	0	0.0	/Users/jillianness/Downloads/new_LASTZ_analysis/enhancer_extraction/enhancer_pairs/FBgn0016078_vm/chr2R_9030972-9031304__chr2R_9045494-9045735/alignments/enhancers/lastz.maf
chr3R_19091653-19091872__chr3R_19092386-19092991	OK	0	0	0.0	/Users/jillianness/Downloads/new_LASTZ_analysis/enhancer_extraction/enhancer_pairs/FBgn0016120_sm/chr3R_19091653-19091872__chr3R_19092386-19092991/alignments/enhancers/lastz.maf
chr3R_19091653-19091872__chr3R_19107971-19108412	OK	0	0	0.0	/Users/jillianness/Downloads/new_LASTZ_analysis/enhancer_extraction/enhancer_pairs/FBgn0016120_sm/chr3R_19091653-19091872__chr3R_19107971-19108412/alignments/enhancers/lastz.maf
chr3R_19092386-19092991__chr3R_19107971-19108412	OK	0	0	0.0	/Users/jillianness/Downloads/new_LASTZ_analysis/enhancer_extraction/enhancer_pairs/FBgn0016120_sm/chr3R_19092386-19092991__chr3R_19107971-19108412/alignments/enhancers/lastz.maf
chr2L_8542173-8542517__chr2L_8581723-8582037	OK	0	0	0.0	/Users/jillianness/Downloads/new_LASTZ_analysis/enhancer_extraction/enhancer_pairs/FBgn0016122_vm/chr2L_8542173-8542517__chr2L_8581723-8582037/alignments/enhancers/lastz.maf
chr3L_7762555-7762755__chr3L_7818834-7819086	OK	0	0	0.0	/Users/jillianness/Downloads/new_LASTZ_analysis/enhancer_extraction/enhancer_pairs/FBgn0016694_sm/chr3L_7762555-7762755__chr3L_7818834-7819086/alignments/enhancers/lastz.maf
chr3L_7762555-7762755__chr3L_7848370-7848762	OK	0	0	0.0	/Users/jillianness/Downloads/new_LASTZ_analysis/enhancer_extraction/enhancer_pairs/FBgn0016694_sm/chr3L_7762555-7762755__chr3L_7848370-7848762/alignments/enhancers/lastz.maf
chr3L_7818834-7819086__chr3L_7848370-7848762	OK	0	0	0.0	/Users/jillianness/Downloads/new_LASTZ_analysis/enhancer_extraction/enhancer_pairs/FBgn0016694_sm/chr3L_7818834-7819086__chr3L_7848370-7848762/alignments/enhancers/lastz.maf
chr3L_7818834-7819086__chr3L_7848370-7848762	OK	0	0	0.0	/Users/jillianness/Downloads/new_LASTZ_analysis/enhancer_extraction/enhancer_pairs/FBgn0016694_vm/chr3L_7818834-7819086__chr3L_7848370-7848762/alignments/enhancers/lastz.maf
chr3L_623882-624388__chr3L_665701-666210	OK	0	0	0.0	/Users/jillianness/Downloads/new_LASTZ_analysis/enhancer_extraction/enhancer_pairs/FBgn0016715_Spearman/chr3L_623882-624388__chr3L_665701-666210/alignments/enhancers/lastz.maf
chr3L_574867-575113__chr3L_597378-597923	OK	0	0	0.0	/Users/jillianness/Downloads/new_LASTZ_analysis/enhancer_extraction/enhancer_pairs/FBgn0016715_sm/chr3L_574867-575113__chr3L_597378-597923/alignments/enhancers/lastz.maf
chr3L_574867-575113__chr3L_610451-610651	OK	0	0	0.0	/Users/jillianness/Downloads/new_LASTZ_analysis/enhancer_extraction/enhancer_pairs/FBgn0016715_sm/chr3L_574867-575113__chr3L_610451-610651/alignments/enhancers/lastz.maf
chr3L_574867-575113__chr3L_616535-616984	OK	0	0	0.0	/Users/jillianness/Downloads/new_LASTZ_analysis/enhancer_extraction/enhancer_pairs/FBgn0016715_sm/chr3L_574867-575113__chr3L_616535-616984/alignments/enhancers/lastz.maf
chr3L_574867-575113__chr3L_618388-618844	OK	0	0	0.0	/Users/jillianness/Downloads/new_LASTZ_analysis/enhancer_extraction/enhancer_pairs/FBgn0016715_sm/chr3L_574867-575113__chr3L_618388-618844/alignments/enhancers/lastz.maf
chr3L_574867-575113__chr3L_622169-622652	OK	0	0	0.0	/Users/jillianness/Downloads/new_LASTZ_analysis/enhancer_extraction/enhancer_pairs/FBgn0016715_sm/chr3L_574867-575113__chr3L_622169-622652/alignments/enhancers/lastz.maf
chr3L_597378-597923__chr3L_610451-610651	OK	0	0	0.0	/Users/jillianness/Downloads/new_LASTZ_analysis/enhancer_extraction/enhancer_pairs/FBgn0016715_sm/chr3L_597378-597923__chr3L_610451-610651/alignments/enhancers/lastz.maf
chr3L_597378-597923__chr3L_616535-616984	OK	0	0	0.0	/Users/jillianness/Downloads/new_LASTZ_analysis/enhancer_extraction/enhancer_pairs/FBgn0016715_sm/chr3L_597378-597923__chr3L_616535-616984/alignments/enhancers/lastz.maf
chr3L_597378-597923__chr3L_618388-618844	OK	0	0	0.0	/Users/jillianness/Downloads/new_LASTZ_analysis/enhancer_extraction/enhancer_pairs/FBgn0016715_sm/chr3L_597378-597923__chr3L_618388-618844/alignments/enhancers/lastz.maf
chr3L_597378-597923__chr3L_622169-622652	OK	0	0	0.0	/Users/jillianness/Downloads/new_LASTZ_analysis/enhancer_extraction/enhancer_pairs/FBgn0016715_sm/chr3L_597378-597923__chr3L_622169-622652/alignments/enhancers/lastz.maf
chr3L_610451-610651__chr3L_616535-616984	OK	0	0	0.0	/Users/jillianness/Downloads/new_LASTZ_analysis/enhancer_extraction/enhancer_pairs/FBgn0016715_sm/chr3L_610451-610651__chr3L_616535-616984/alignments/enhancers/lastz.maf
chr3L_610451-610651__chr3L_618388-618844	OK	0	0	0.0	/Users/jillianness/Downloads/new_LASTZ_analysis/enhancer_extraction/enhancer_pairs/FBgn0016715_sm/chr3L_610451-610651__chr3L_618388-618844/alignments/enhancers/lastz.maf
chr3L_610451-610651__chr3L_622169-622652	OK	0	0	0.0	/Users/jillianness/Downloads/new_LASTZ_analysis/enhancer_extraction/enhancer_pairs/FBgn0016715_sm/chr3L_610451-610651__chr3L_622169-622652/alignments/enhancers/lastz.maf
chr3L_616535-616984__chr3L_618388-618844	OK	0	0	0.0	/Users/jillianness/Downloads/new_LASTZ_analysis/enhancer_extraction/enhancer_pairs/FBgn0016715_sm/chr3L_616535-616984__chr3L_618388-618844/alignments/enhancers/lastz.maf
chr3L_616535-616984__chr3L_622169-622652	OK	0	0	0.0	/Users/jillianness/Downloads/new_LASTZ_analysis/enhancer_extraction/enhancer_pairs/FBgn0016715_sm/chr3L_616535-616984__chr3L_622169-622652/alignments/enhancers/lastz.maf
chr3L_618388-618844__chr3L_622169-622652	OK	0	0	0.0	/Users/jillianness/Downloads/new_LASTZ_analysis/enhancer_extraction/enhancer_pairs/FBgn0016715_sm/chr3L_618388-618844__chr3L_622169-622652/alignments/enhancers/lastz.maf
chr3L_571531-572037__chr3L_575160-575533	OK	0	0	0.0	/Users/jillianness/Downloads/new_LASTZ_analysis/enhancer_extraction/enhancer_pairs/FBgn0016715_vm/chr3L_571531-572037__chr3L_575160-575533/alignments/enhancers/lastz.maf
chr3L_571531-572037__chr3L_610451-610651	OK	0	0	0.0	/Users/jillianness/Downloads/new_LASTZ_analysis/enhancer_extraction/enhancer_pairs/FBgn0016715_vm/chr3L_571531-572037__chr3L_610451-610651/alignments/enhancers/lastz.maf
chr3L_571531-572037__chr3L_618388-618844	OK	0	0	0.0	/Users/jillianness/Downloads/new_LASTZ_analysis/enhancer_extraction/enhancer_pairs/FBgn0016715_vm/chr3L_571531-572037__chr3L_618388-618844/alignments/enhancers/lastz.maf
chr3L_571531-572037__chr3L_622169-622652	OK	0	0	0.0	/Users/jillianness/Downloads/new_LASTZ_analysis/enhancer_extraction/enhancer_pairs/FBgn0016715_vm/chr3L_571531-572037__chr3L_622169-622652/alignments/enhancers/lastz.maf
chr3L_575160-575533__chr3L_610451-610651	OK	0	0	0.0	/Users/jillianness/Downloads/new_LASTZ_analysis/enhancer_extraction/enhancer_pairs/FBgn0016715_vm/chr3L_575160-575533__chr3L_610451-610651/alignments/enhancers/lastz.maf
chr3L_575160-575533__chr3L_618388-618844	OK	0	0	0.0	/Users/jillianness/Downloads/new_LASTZ_analysis/enhancer_extraction/enhancer_pairs/FBgn0016715_vm/chr3L_575160-575533__chr3L_618388-618844/alignments/enhancers/lastz.maf
chr3L_575160-575533__chr3L_622169-622652	OK	0	0	0.0	/Users/jillianness/Downloads/new_LASTZ_analysis/enhancer_extraction/enhancer_pairs/FBgn0016715_vm/chr3L_575160-575533__chr3L_622169-622652/alignments/enhancers/lastz.maf
chr3L_610451-610651__chr3L_618388-618844	OK	0	0	0.0	/Users/jillianness/Downloads/new_LASTZ_analysis/enhancer_extraction/enhancer_pairs/FBgn0016715_vm/chr3L_610451-610651__chr3L_618388-618844/alignments/enhancers/lastz.maf
chr3L_610451-610651__chr3L_622169-622652	OK	0	0	0.0	/Users/jillianness/Downloads/new_LASTZ_analysis/enhancer_extraction/enhancer_pairs/FBgn0016715_vm/chr3L_610451-610651__chr3L_622169-622652/alignments/enhancers/lastz.maf
chr3L_618388-618844__chr3L_622169-622652	OK	0	0	0.0	/Users/jillianness/Downloads/new_LASTZ_analysis/enhancer_extraction/enhancer_pairs/FBgn0016715_vm/chr3L_618388-618844__chr3L_622169-622652/alignments/enhancers/lastz.maf
chr3L_2552007-2552315__chr3L_2553779-2553979	OK	0	0	0.0	/Users/jillianness/Downloads/new_LASTZ_analysis/enhancer_extraction/enhancer_pairs/FBgn0016794_Spearman/chr3L_2552007-2552315__chr3L_2553779-2553979/alignments/enhancers/lastz.maf
chr3L_2552007-2552315__chr3L_2562100-2562492	OK	0	0	0.0	/Users/jillianness/Downloads/new_LASTZ_analysis/enhancer_extraction/enhancer_pairs/FBgn0016794_Spearman/chr3L_2552007-2552315__chr3L_2562100-2562492/alignments/enhancers/lastz.maf
chr3L_2552007-2552315__chr3L_2568872-2569202	OK	0	0	0.0	/Users/jillianness/Downloads/new_LASTZ_analysis/enhancer_extraction/enhancer_pairs/FBgn0016794_Spearman/chr3L_2552007-2552315__chr3L_2568872-2569202/alignments/enhancers/lastz.maf
chr3L_2553779-2553979__chr3L_2562100-2562492	OK	0	0	0.0	/Users/jillianness/Downloads/new_LASTZ_analysis/enhancer_extraction/enhancer_pairs/FBgn0016794_Spearman/chr3L_2553779-2553979__chr3L_2562100-2562492/alignments/enhancers/lastz.maf
chr3L_2553779-2553979__chr3L_2568872-2569202	OK	0	0	0.0	/Users/jillianness/Downloads/new_LASTZ_analysis/enhancer_extraction/enhancer_pairs/FBgn0016794_Spearman/chr3L_2553779-2553979__chr3L_2568872-2569202/alignments/enhancers/lastz.maf
chr3L_2562100-2562492__chr3L_2568872-2569202	OK	0	0	0.0	/Users/jillianness/Downloads/new_LASTZ_analysis/enhancer_extraction/enhancer_pairs/FBgn0016794_Spearman/chr3L_2562100-2562492__chr3L_2568872-2569202/alignments/enhancers/lastz.maf
chr3L_2533105-2533332__chr3L_2552007-2552315	OK	0	0	0.0	/Users/jillianness/Downloads/new_LASTZ_analysis/enhancer_extraction/enhancer_pairs/FBgn0016794_vm/chr3L_2533105-2533332__chr3L_2552007-2552315/alignments/enhancers/lastz.maf
chr3L_2533105-2533332__chr3L_2562100-2562492	OK	0	0	0.0	/Users/jillianness/Downloads/new_LASTZ_analysis/enhancer_extraction/enhancer_pairs/FBgn0016794_vm/chr3L_2533105-2533332__chr3L_2562100-2562492/alignments/enhancers/lastz.maf
chr3L_2533105-2533332__chr3L_2566292-2566652	OK	0	0	0.0	/Users/jillianness/Downloads/new_LASTZ_analysis/enhancer_extraction/enhancer_pairs/FBgn0016794_vm/chr3L_2533105-2533332__chr3L_2566292-2566652/alignments/enhancers/lastz.maf
chr3L_2533105-2533332__chr3L_2568872-2569202	OK	0	0	0.0	/Users/jillianness/Downloads/new_LASTZ_analysis/enhancer_extraction/enhancer_pairs/FBgn0016794_vm/chr3L_2533105-2533332__chr3L_2568872-2569202/alignments/enhancers/lastz.maf
chr3L_2533105-2533332__chr3L_2574144-2574754	OK	0	0	0.0	/Users/jillianness/Downloads/new_LASTZ_analysis/enhancer_extraction/enhancer_pairs/FBgn0016794_vm/chr3L_2533105-2533332__chr3L_2574144-2574754/alignments/enhancers/lastz.maf
chr3L_2552007-2552315__chr3L_2562100-2562492	OK	0	0	0.0	/Users/jillianness/Downloads/new_LASTZ_analysis/enhancer_extraction/enhancer_pairs/FBgn0016794_vm/chr3L_2552007-2552315__chr3L_2562100-2562492/alignments/enhancers/lastz.maf
chr3L_2552007-2552315__chr3L_2566292-2566652	OK	0	0	0.0	/Users/jillianness/Downloads/new_LASTZ_analysis/enhancer_extraction/enhancer_pairs/FBgn0016794_vm/chr3L_2552007-2552315__chr3L_2566292-2566652/alignments/enhancers/lastz.maf
chr3L_2552007-2552315__chr3L_2568872-2569202	OK	0	0	0.0	/Users/jillianness/Downloads/new_LASTZ_analysis/enhancer_extraction/enhancer_pairs/FBgn0016794_vm/chr3L_2552007-2552315__chr3L_2568872-2569202/alignments/enhancers/lastz.maf
chr3L_2552007-2552315__chr3L_2574144-2574754	OK	0	0	0.0	/Users/jillianness/Downloads/new_LASTZ_analysis/enhancer_extraction/enhancer_pairs/FBgn0016794_vm/chr3L_2552007-2552315__chr3L_2574144-2574754/alignments/enhancers/lastz.maf
chr3L_2562100-2562492__chr3L_2566292-2566652	OK	0	0	0.0	/Users/jillianness/Downloads/new_LASTZ_analysis/enhancer_extraction/enhancer_pairs/FBgn0016794_vm/chr3L_2562100-2562492__chr3L_2566292-2566652/alignments/enhancers/lastz.maf
chr3L_2562100-2562492__chr3L_2568872-2569202	OK	0	0	0.0	/Users/jillianness/Downloads/new_LASTZ_analysis/enhancer_extraction/enhancer_pairs/FBgn0016794_vm/chr3L_2562100-2562492__chr3L_2568872-2569202/alignments/enhancers/lastz.maf
chr3L_2562100-2562492__chr3L_2574144-2574754	OK	0	0	0.0	/Users/jillianness/Downloads/new_LASTZ_analysis/enhancer_extraction/enhancer_pairs/FBgn0016794_vm/chr3L_2562100-2562492__chr3L_2574144-2574754/alignments/enhancers/lastz.maf
chr3L_2566292-2566652__chr3L_2568872-2569202	OK	0	0	0.0	/Users/jillianness/Downloads/new_LASTZ_analysis/enhancer_extraction/enhancer_pairs/FBgn0016794_vm/chr3L_2566292-2566652__chr3L_2568872-2569202/alignments/enhancers/lastz.maf
chr3L_2566292-2566652__chr3L_2574144-2574754	OK	0	0	0.0	/Users/jillianness/Downloads/new_LASTZ_analysis/enhancer_extraction/enhancer_pairs/FBgn0016794_vm/chr3L_2566292-2566652__chr3L_2574144-2574754/alignments/enhancers/lastz.maf
chr3L_2568872-2569202__chr3L_2574144-2574754	OK	0	0	0.0	/Users/jillianness/Downloads/new_LASTZ_analysis/enhancer_extraction/enhancer_pairs/FBgn0016794_vm/chr3L_2568872-2569202__chr3L_2574144-2574754/alignments/enhancers/lastz.maf
chr3L_19137342-19137588__chr3L_19151316-19151710	OK	0	0	0.0	/Users/jillianness/Downloads/new_LASTZ_analysis/enhancer_extraction/enhancer_pairs/FBgn0016797_Spearman/chr3L_19137342-19137588__chr3L_19151316-19151710/alignments/enhancers/lastz.maf
chr3L_19137342-19137588__chr3L_19173146-19173442	OK	0	0	0.0	/Users/jillianness/Downloads/new_LASTZ_analysis/enhancer_extraction/enhancer_pairs/FBgn0016797_Spearman/chr3L_19137342-19137588__chr3L_19173146-19173442/alignments/enhancers/lastz.maf
chr3L_19151316-19151710__chr3L_19173146-19173442	OK	0	0	0.0	/Users/jillianness/Downloads/new_LASTZ_analysis/enhancer_extraction/enhancer_pairs/FBgn0016797_Spearman/chr3L_19151316-19151710__chr3L_19173146-19173442/alignments/enhancers/lastz.maf
chr3L_19143539-19143824__chr3L_19151316-19151710	OK	0	0	0.0	/Users/jillianness/Downloads/new_LASTZ_analysis/enhancer_extraction/enhancer_pairs/FBgn0016797_meso/chr3L_19143539-19143824__chr3L_19151316-19151710/alignments/enhancers/lastz.maf
chr3L_19135570-19135853__chr3L_19159338-19159712	OK	0	0	0.0	/Users/jillianness/Downloads/new_LASTZ_analysis/enhancer_extraction/enhancer_pairs/FBgn0016797_vm/chr3L_19135570-19135853__chr3L_19159338-19159712/alignments/enhancers/lastz.maf
chr3L_19135570-19135853__chr3L_19164181-19164596	OK	0	0	0.0	/Users/jillianness/Downloads/new_LASTZ_analysis/enhancer_extraction/enhancer_pairs/FBgn0016797_vm/chr3L_19135570-19135853__chr3L_19164181-19164596/alignments/enhancers/lastz.maf
chr3L_19135570-19135853__chr3L_19174386-19174928	OK	0	0	0.0	/Users/jillianness/Downloads/new_LASTZ_analysis/enhancer_extraction/enhancer_pairs/FBgn0016797_vm/chr3L_19135570-19135853__chr3L_19174386-19174928/alignments/enhancers/lastz.maf
chr3L_19135570-19135853__chr3L_19175349-19175549	OK	0	0	0.0	/Users/jillianness/Downloads/new_LASTZ_analysis/enhancer_extraction/enhancer_pairs/FBgn0016797_vm/chr3L_19135570-19135853__chr3L_19175349-19175549/alignments/enhancers/lastz.maf
chr3L_19159338-19159712__chr3L_19164181-19164596	OK	0	0	0.0	/Users/jillianness/Downloads/new_LASTZ_analysis/enhancer_extraction/enhancer_pairs/FBgn0016797_vm/chr3L_19159338-19159712__chr3L_19164181-19164596/alignments/enhancers/lastz.maf
chr3L_19159338-19159712__chr3L_19174386-19174928	OK	0	0	0.0	/Users/jillianness/Downloads/new_LASTZ_analysis/enhancer_extraction/enhancer_pairs/FBgn0016797_vm/chr3L_19159338-19159712__chr3L_19174386-19174928/alignments/enhancers/lastz.maf
chr3L_19159338-19159712__chr3L_19175349-19175549	OK	0	0	0.0	/Users/jillianness/Downloads/new_LASTZ_analysis/enhancer_extraction/enhancer_pairs/FBgn0016797_vm/chr3L_19159338-19159712__chr3L_19175349-19175549/alignments/enhancers/lastz.maf
chr3L_19164181-19164596__chr3L_19174386-19174928	OK	0	0	0.0	/Users/jillianness/Downloads/new_LASTZ_analysis/enhancer_extraction/enhancer_pairs/FBgn0016797_vm/chr3L_19164181-19164596__chr3L_19174386-19174928/alignments/enhancers/lastz.maf
chr3L_19164181-19164596__chr3L_19175349-19175549	OK	0	0	0.0	/Users/jillianness/Downloads/new_LASTZ_analysis/enhancer_extraction/enhancer_pairs/FBgn0016797_vm/chr3L_19164181-19164596__chr3L_19175349-19175549/alignments/enhancers/lastz.maf
chr3L_19174386-19174928__chr3L_19175349-19175549	OK	0	0	0.0	/Users/jillianness/Downloads/new_LASTZ_analysis/enhancer_extraction/enhancer_pairs/FBgn0016797_vm/chr3L_19174386-19174928__chr3L_19175349-19175549/alignments/enhancers/lastz.maf
chr2L_1074290-1074681__chr2L_1118230-1118839	OK	0	0	0.0	/Users/jillianness/Downloads/new_LASTZ_analysis/enhancer_extraction/enhancer_pairs/FBgn0016926_vm/chr2L_1074290-1074681__chr2L_1118230-1118839/alignments/enhancers/lastz.maf
chr2L_1074290-1074681__chr2L_1123442-1123872	OK	0	0	0.0	/Users/jillianness/Downloads/new_LASTZ_analysis/enhancer_extraction/enhancer_pairs/FBgn0016926_vm/chr2L_1074290-1074681__chr2L_1123442-1123872/alignments/enhancers/lastz.maf
chr2L_1118230-1118839__chr2L_1123442-1123872	OK	0	0	0.0	/Users/jillianness/Downloads/new_LASTZ_analysis/enhancer_extraction/enhancer_pairs/FBgn0016926_vm/chr2L_1118230-1118839__chr2L_1123442-1123872/alignments/enhancers/lastz.maf
chr2L_14261983-14262284__chr2L_14265078-14265431	OK	0	0	0.0	/Users/jillianness/Downloads/new_LASTZ_analysis/enhancer_extraction/enhancer_pairs/FBgn0016930_Spearman/chr2L_14261983-14262284__chr2L_14265078-14265431/alignments/enhancers/lastz.maf
chr2L_14238009-14238297__chr2L_14245654-14246036	OK	0	0	0.0	/Users/jillianness/Downloads/new_LASTZ_analysis/enhancer_extraction/enhancer_pairs/FBgn0016930_sm/chr2L_14238009-14238297__chr2L_14245654-14246036/alignments/enhancers/lastz.maf
chr2L_14238009-14238297__chr2L_14248855-14249055	OK	0	0	0.0	/Users/jillianness/Downloads/new_LASTZ_analysis/enhancer_extraction/enhancer_pairs/FBgn0016930_sm/chr2L_14238009-14238297__chr2L_14248855-14249055/alignments/enhancers/lastz.maf
chr2L_14238009-14238297__chr2L_14265078-14265431	OK	0	0	0.0	/Users/jillianness/Downloads/new_LASTZ_analysis/enhancer_extraction/enhancer_pairs/FBgn0016930_sm/chr2L_14238009-14238297__chr2L_14265078-14265431/alignments/enhancers/lastz.maf
chr2L_14245654-14246036__chr2L_14248855-14249055	OK	0	0	0.0	/Users/jillianness/Downloads/new_LASTZ_analysis/enhancer_extraction/enhancer_pairs/FBgn0016930_sm/chr2L_14245654-14246036__chr2L_14248855-14249055/alignments/enhancers/lastz.maf
chr2L_14245654-14246036__chr2L_14265078-14265431	OK	0	0	0.0	/Users/jillianness/Downloads/new_LASTZ_analysis/enhancer_extraction/enhancer_pairs/FBgn0016930_sm/chr2L_14245654-14246036__chr2L_14265078-14265431/alignments/enhancers/lastz.maf
chr2L_14248855-14249055__chr2L_14265078-14265431	OK	0	0	0.0	/Users/jillianness/Downloads/new_LASTZ_analysis/enhancer_extraction/enhancer_pairs/FBgn0016930_sm/chr2L_14248855-14249055__chr2L_14265078-14265431/alignments/enhancers/lastz.maf
chr2L_14211117-14211371__chr2L_14230546-14231007	OK	0	0	0.0	/Users/jillianness/Downloads/new_LASTZ_analysis/enhancer_extraction/enhancer_pairs/FBgn0016930_vm/chr2L_14211117-14211371__chr2L_14230546-14231007/alignments/enhancers/lastz.maf
chr2L_14211117-14211371__chr2L_14238009-14238297	OK	0	0	0.0	/Users/jillianness/Downloads/new_LASTZ_analysis/enhancer_extraction/enhancer_pairs/FBgn0016930_vm/chr2L_14211117-14211371__chr2L_14238009-14238297/alignments/enhancers/lastz.maf
chr2L_14211117-14211371__chr2L_14245654-14246036	OK	0	0	0.0	/Users/jillianness/Downloads/new_LASTZ_analysis/enhancer_extraction/enhancer_pairs/FBgn0016930_vm/chr2L_14211117-14211371__chr2L_14245654-14246036/alignments/enhancers/lastz.maf
chr2L_14211117-14211371__chr2L_14248855-14249055	OK	0	0	0.0	/Users/jillianness/Downloads/new_LASTZ_analysis/enhancer_extraction/enhancer_pairs/FBgn0016930_vm/chr2L_14211117-14211371__chr2L_14248855-14249055/alignments/enhancers/lastz.maf
chr2L_14211117-14211371__chr2L_14267350-14267653	OK	0	0	0.0	/Users/jillianness/Downloads/new_LASTZ_analysis/enhancer_extraction/enhancer_pairs/FBgn0016930_vm/chr2L_14211117-14211371__chr2L_14267350-14267653/alignments/enhancers/lastz.maf
chr2L_14230546-14231007__chr2L_14238009-14238297	OK	0	0	0.0	/Users/jillianness/Downloads/new_LASTZ_analysis/enhancer_extraction/enhancer_pairs/FBgn0016930_vm/chr2L_14230546-14231007__chr2L_14238009-14238297/alignments/enhancers/lastz.maf
chr2L_14230546-14231007__chr2L_14245654-14246036	OK	0	0	0.0	/Users/jillianness/Downloads/new_LASTZ_analysis/enhancer_extraction/enhancer_pairs/FBgn0016930_vm/chr2L_14230546-14231007__chr2L_14245654-14246036/alignments/enhancers/lastz.maf
chr2L_14230546-14231007__chr2L_14248855-14249055	OK	0	0	0.0	/Users/jillianness/Downloads/new_LASTZ_analysis/enhancer_extraction/enhancer_pairs/FBgn0016930_vm/chr2L_14230546-14231007__chr2L_14248855-14249055/alignments/enhancers/lastz.maf
chr2L_14230546-14231007__chr2L_14267350-14267653	OK	0	0	0.0	/Users/jillianness/Downloads/new_LASTZ_analysis/enhancer_extraction/enhancer_pairs/FBgn0016930_vm/chr2L_14230546-14231007__chr2L_14267350-14267653/alignments/enhancers/lastz.maf
chr2L_14238009-14238297__chr2L_14245654-14246036	OK	0	0	0.0	/Users/jillianness/Downloads/new_LASTZ_analysis/enhancer_extraction/enhancer_pairs/FBgn0016930_vm/chr2L_14238009-14238297__chr2L_14245654-14246036/alignments/enhancers/lastz.maf
chr2L_14238009-14238297__chr2L_14248855-14249055	OK	0	0	0.0	/Users/jillianness/Downloads/new_LASTZ_analysis/enhancer_extraction/enhancer_pairs/FBgn0016930_vm/chr2L_14238009-14238297__chr2L_14248855-14249055/alignments/enhancers/lastz.maf
chr2L_14238009-14238297__chr2L_14267350-14267653	OK	0	0	0.0	/Users/jillianness/Downloads/new_LASTZ_analysis/enhancer_extraction/enhancer_pairs/FBgn0016930_vm/chr2L_14238009-14238297__chr2L_14267350-14267653/alignments/enhancers/lastz.maf
chr2L_14245654-14246036__chr2L_14248855-14249055	OK	0	0	0.0	/Users/jillianness/Downloads/new_LASTZ_analysis/enhancer_extraction/enhancer_pairs/FBgn0016930_vm/chr2L_14245654-14246036__chr2L_14248855-14249055/alignments/enhancers/lastz.maf
chr2L_14245654-14246036__chr2L_14267350-14267653	OK	0	0	0.0	/Users/jillianness/Downloads/new_LASTZ_analysis/enhancer_extraction/enhancer_pairs/FBgn0016930_vm/chr2L_14245654-14246036__chr2L_14267350-14267653/alignments/enhancers/lastz.maf
chr2L_14248855-14249055__chr2L_14267350-14267653	OK	0	0	0.0	/Users/jillianness/Downloads/new_LASTZ_analysis/enhancer_extraction/enhancer_pairs/FBgn0016930_vm/chr2L_14248855-14249055__chr2L_14267350-14267653/alignments/enhancers/lastz.maf
chr3L_19174386-19174928__chr3L_19175349-19175549	OK	0	0	0.0	/Users/jillianness/Downloads/new_LASTZ_analysis/enhancer_extraction/enhancer_pairs/FBgn0017578_sm/chr3L_19174386-19174928__chr3L_19175349-19175549/alignments/enhancers/lastz.maf
chr3R_29771806-29772210__chr3R_29774631-29774899	OK	0	0	0.0	/Users/jillianness/Downloads/new_LASTZ_analysis/enhancer_extraction/enhancer_pairs/FBgn0020235_Spearman/chr3R_29771806-29772210__chr3R_29774631-29774899/alignments/enhancers/lastz.maf
chr2R_22301850-22302125__chr2R_22309744-22310226	OK	0	0	0.0	/Users/jillianness/Downloads/new_LASTZ_analysis/enhancer_extraction/enhancer_pairs/FBgn0020257_Spearman/chr2R_22301850-22302125__chr2R_22309744-22310226/alignments/enhancers/lastz.maf
chr2R_22301850-22302125__chr2R_22310630-22311004	OK	0	0	0.0	/Users/jillianness/Downloads/new_LASTZ_analysis/enhancer_extraction/enhancer_pairs/FBgn0020257_Spearman/chr2R_22301850-22302125__chr2R_22310630-22311004/alignments/enhancers/lastz.maf
chr2R_22301850-22302125__chr2R_22311826-22312026	OK	0	0	0.0	/Users/jillianness/Downloads/new_LASTZ_analysis/enhancer_extraction/enhancer_pairs/FBgn0020257_Spearman/chr2R_22301850-22302125__chr2R_22311826-22312026/alignments/enhancers/lastz.maf
chr2R_22301850-22302125__chr2R_22312131-22312433	OK	0	0	0.0	/Users/jillianness/Downloads/new_LASTZ_analysis/enhancer_extraction/enhancer_pairs/FBgn0020257_Spearman/chr2R_22301850-22302125__chr2R_22312131-22312433/alignments/enhancers/lastz.maf
chr2R_22309744-22310226__chr2R_22310630-22311004	OK	0	0	0.0	/Users/jillianness/Downloads/new_LASTZ_analysis/enhancer_extraction/enhancer_pairs/FBgn0020257_Spearman/chr2R_22309744-22310226__chr2R_22310630-22311004/alignments/enhancers/lastz.maf
chr2R_22309744-22310226__chr2R_22311826-22312026	OK	0	0	0.0	/Users/jillianness/Downloads/new_LASTZ_analysis/enhancer_extraction/enhancer_pairs/FBgn0020257_Spearman/chr2R_22309744-22310226__chr2R_22311826-22312026/alignments/enhancers/lastz.maf
chr2R_22309744-22310226__chr2R_22312131-22312433	OK	0	0	0.0	/Users/jillianness/Downloads/new_LASTZ_analysis/enhancer_extraction/enhancer_pairs/FBgn0020257_Spearman/chr2R_22309744-22310226__chr2R_22312131-22312433/alignments/enhancers/lastz.maf
chr2R_22310630-22311004__chr2R_22311826-22312026	OK	0	0	0.0	/Users/jillianness/Downloads/new_LASTZ_analysis/enhancer_extraction/enhancer_pairs/FBgn0020257_Spearman/chr2R_22310630-22311004__chr2R_22311826-22312026/alignments/enhancers/lastz.maf
chr2R_22310630-22311004__chr2R_22312131-22312433	OK	0	0	0.0	/Users/jillianness/Downloads/new_LASTZ_analysis/enhancer_extraction/enhancer_pairs/FBgn0020257_Spearman/chr2R_22310630-22311004__chr2R_22312131-22312433/alignments/enhancers/lastz.maf
chr2R_22311826-22312026__chr2R_22312131-22312433	OK	0	0	0.0	/Users/jillianness/Downloads/new_LASTZ_analysis/enhancer_extraction/enhancer_pairs/FBgn0020257_Spearman/chr2R_22311826-22312026__chr2R_22312131-22312433/alignments/enhancers/lastz.maf
chr2R_14340650-14340945__chr2R_14350087-14350376	OK	0	0	0.0	/Users/jillianness/Downloads/new_LASTZ_analysis/enhancer_extraction/enhancer_pairs/FBgn0020269_sm/chr2R_14340650-14340945__chr2R_14350087-14350376/alignments/enhancers/lastz.maf
chr2L_8416468-8416668__chr2L_8422167-8422367	OK	0	0	0.0	/Users/jillianness/Downloads/new_LASTZ_analysis/enhancer_extraction/enhancer_pairs/FBgn0020497_Spearman/chr2L_8416468-8416668__chr2L_8422167-8422367/alignments/enhancers/lastz.maf
chrX_12673789-12674154__chrX_12675733-12676468	OK	0	0	0.0	/Users/jillianness/Downloads/new_LASTZ_analysis/enhancer_extraction/enhancer_pairs/FBgn0020513_Spearman/chrX_12673789-12674154__chrX_12675733-12676468/alignments/enhancers/lastz.maf
chrX_12676886-12677437__chrX_12691690-12692049	OK	0	0	0.0	/Users/jillianness/Downloads/new_LASTZ_analysis/enhancer_extraction/enhancer_pairs/FBgn0020513_vm/chrX_12676886-12677437__chrX_12691690-12692049/alignments/enhancers/lastz.maf
chrX_12676886-12677437__chrX_12692632-12693074	OK	0	0	0.0	/Users/jillianness/Downloads/new_LASTZ_analysis/enhancer_extraction/enhancer_pairs/FBgn0020513_vm/chrX_12676886-12677437__chrX_12692632-12693074/alignments/enhancers/lastz.maf
chrX_12676886-12677437__chrX_12693668-12694287	OK	0	0	0.0	/Users/jillianness/Downloads/new_LASTZ_analysis/enhancer_extraction/enhancer_pairs/FBgn0020513_vm/chrX_12676886-12677437__chrX_12693668-12694287/alignments/enhancers/lastz.maf
chrX_12691690-12692049__chrX_12692632-12693074	OK	0	0	0.0	/Users/jillianness/Downloads/new_LASTZ_analysis/enhancer_extraction/enhancer_pairs/FBgn0020513_vm/chrX_12691690-12692049__chrX_12692632-12693074/alignments/enhancers/lastz.maf
chrX_12691690-12692049__chrX_12693668-12694287	OK	0	0	0.0	/Users/jillianness/Downloads/new_LASTZ_analysis/enhancer_extraction/enhancer_pairs/FBgn0020513_vm/chrX_12691690-12692049__chrX_12693668-12694287/alignments/enhancers/lastz.maf
chrX_12692632-12693074__chrX_12693668-12694287	OK	0	0	0.0	/Users/jillianness/Downloads/new_LASTZ_analysis/enhancer_extraction/enhancer_pairs/FBgn0020513_vm/chrX_12692632-12693074__chrX_12693668-12694287/alignments/enhancers/lastz.maf
chr3R_24021882-24022138__chr3R_24032072-24032273	OK	0	0	0.0	/Users/jillianness/Downloads/new_LASTZ_analysis/enhancer_extraction/enhancer_pairs/FBgn0020647_vm/chr3R_24021882-24022138__chr3R_24032072-24032273/alignments/enhancers/lastz.maf
chr2L_4351796-4352022__chr2L_4363652-4364006	OK	0	0	0.0	/Users/jillianness/Downloads/new_LASTZ_analysis/enhancer_extraction/enhancer_pairs/FBgn0020762_Spearman/chr2L_4351796-4352022__chr2L_4363652-4364006/alignments/enhancers/lastz.maf
chr2L_4351796-4352022__chr2L_4370195-4370400	OK	0	0	0.0	/Users/jillianness/Downloads/new_LASTZ_analysis/enhancer_extraction/enhancer_pairs/FBgn0020762_Spearman/chr2L_4351796-4352022__chr2L_4370195-4370400/alignments/enhancers/lastz.maf
chr2L_4363652-4364006__chr2L_4370195-4370400	OK	0	0	0.0	/Users/jillianness/Downloads/new_LASTZ_analysis/enhancer_extraction/enhancer_pairs/FBgn0020762_Spearman/chr2L_4363652-4364006__chr2L_4370195-4370400/alignments/enhancers/lastz.maf
chr2L_4282002-4282202__chr2L_4363652-4364006	OK	0	0	0.0	/Users/jillianness/Downloads/new_LASTZ_analysis/enhancer_extraction/enhancer_pairs/FBgn0020762_meso/chr2L_4282002-4282202__chr2L_4363652-4364006/alignments/enhancers/lastz.maf
chr2L_4282002-4282202__chr2L_4368795-4369066	OK	0	0	0.0	/Users/jillianness/Downloads/new_LASTZ_analysis/enhancer_extraction/enhancer_pairs/FBgn0020762_meso/chr2L_4282002-4282202__chr2L_4368795-4369066/alignments/enhancers/lastz.maf
chr2L_4282002-4282202__chr2L_4370195-4370400	OK	0	0	0.0	/Users/jillianness/Downloads/new_LASTZ_analysis/enhancer_extraction/enhancer_pairs/FBgn0020762_meso/chr2L_4282002-4282202__chr2L_4370195-4370400/alignments/enhancers/lastz.maf
chr2L_4363652-4364006__chr2L_4368795-4369066	OK	0	0	0.0	/Users/jillianness/Downloads/new_LASTZ_analysis/enhancer_extraction/enhancer_pairs/FBgn0020762_meso/chr2L_4363652-4364006__chr2L_4368795-4369066/alignments/enhancers/lastz.maf
chr2L_4363652-4364006__chr2L_4370195-4370400	OK	0	0	0.0	/Users/jillianness/Downloads/new_LASTZ_analysis/enhancer_extraction/enhancer_pairs/FBgn0020762_meso/chr2L_4363652-4364006__chr2L_4370195-4370400/alignments/enhancers/lastz.maf
chr2L_4368795-4369066__chr2L_4370195-4370400	OK	0	0	0.0	/Users/jillianness/Downloads/new_LASTZ_analysis/enhancer_extraction/enhancer_pairs/FBgn0020762_meso/chr2L_4368795-4369066__chr2L_4370195-4370400/alignments/enhancers/lastz.maf
chr2R_13582159-13582576__chr2R_13623881-13624272	OK	0	0	0.0	/Users/jillianness/Downloads/new_LASTZ_analysis/enhancer_extraction/enhancer_pairs/FBgn0020766_Spearman/chr2R_13582159-13582576__chr2R_13623881-13624272/alignments/enhancers/lastz.maf
chr2R_13555091-13555340__chr2R_13594497-13594795	OK	0	0	0.0	/Users/jillianness/Downloads/new_LASTZ_analysis/enhancer_extraction/enhancer_pairs/FBgn0020766_vm_sm/chr2R_13555091-13555340__chr2R_13594497-13594795/alignments/enhancers/lastz.maf
chrX_8395325-8395635__chrX_8396414-8396775	OK	0	0	0.0	/Users/jillianness/Downloads/new_LASTZ_analysis/enhancer_extraction/enhancer_pairs/FBgn0021767_Spearman/chrX_8395325-8395635__chrX_8396414-8396775/alignments/enhancers/lastz.maf
chrX_8371202-8371498__chrX_8394680-8394949	OK	0	0	0.0	/Users/jillianness/Downloads/new_LASTZ_analysis/enhancer_extraction/enhancer_pairs/FBgn0021767_sm/chrX_8371202-8371498__chrX_8394680-8394949/alignments/enhancers/lastz.maf
chrX_8371202-8371498__chrX_8405949-8406843	OK	0	0	0.0	/Users/jillianness/Downloads/new_LASTZ_analysis/enhancer_extraction/enhancer_pairs/FBgn0021767_sm/chrX_8371202-8371498__chrX_8405949-8406843/alignments/enhancers/lastz.maf
chrX_8394680-8394949__chrX_8405949-8406843	OK	0	0	0.0	/Users/jillianness/Downloads/new_LASTZ_analysis/enhancer_extraction/enhancer_pairs/FBgn0021767_sm/chrX_8394680-8394949__chrX_8405949-8406843/alignments/enhancers/lastz.maf
chr3L_16739294-16739644__chr3L_16754916-16755182	OK	0	0	0.0	/Users/jillianness/Downloads/new_LASTZ_analysis/enhancer_extraction/enhancer_pairs/FBgn0021768_sm/chr3L_16739294-16739644__chr3L_16754916-16755182/alignments/enhancers/lastz.maf
chr3L_16739294-16739644__chr3L_16775645-16775870	OK	0	0	0.0	/Users/jillianness/Downloads/new_LASTZ_analysis/enhancer_extraction/enhancer_pairs/FBgn0021768_sm/chr3L_16739294-16739644__chr3L_16775645-16775870/alignments/enhancers/lastz.maf
chr3L_16739294-16739644__chr3L_16776828-16777028	OK	0	0	0.0	/Users/jillianness/Downloads/new_LASTZ_analysis/enhancer_extraction/enhancer_pairs/FBgn0021768_sm/chr3L_16739294-16739644__chr3L_16776828-16777028/alignments/enhancers/lastz.maf
chr3L_16754916-16755182__chr3L_16775645-16775870	OK	0	0	0.0	/Users/jillianness/Downloads/new_LASTZ_analysis/enhancer_extraction/enhancer_pairs/FBgn0021768_sm/chr3L_16754916-16755182__chr3L_16775645-16775870/alignments/enhancers/lastz.maf
chr3L_16754916-16755182__chr3L_16776828-16777028	OK	0	0	0.0	/Users/jillianness/Downloads/new_LASTZ_analysis/enhancer_extraction/enhancer_pairs/FBgn0021768_sm/chr3L_16754916-16755182__chr3L_16776828-16777028/alignments/enhancers/lastz.maf
chr3L_16775645-16775870__chr3L_16776828-16777028	OK	0	0	0.0	/Users/jillianness/Downloads/new_LASTZ_analysis/enhancer_extraction/enhancer_pairs/FBgn0021768_sm/chr3L_16775645-16775870__chr3L_16776828-16777028/alignments/enhancers/lastz.maf
chr2L_1645971-1646171__chr2L_1657116-1657316	OK	0	0	0.0	/Users/jillianness/Downloads/new_LASTZ_analysis/enhancer_extraction/enhancer_pairs/FBgn0021906_Spearman/chr2L_1645971-1646171__chr2L_1657116-1657316/alignments/enhancers/lastz.maf
chr2R_7775078-7775289__chr2R_7798993-7799522	OK	0	0	0.0	/Users/jillianness/Downloads/new_LASTZ_analysis/enhancer_extraction/enhancer_pairs/FBgn0021995_vm/chr2R_7775078-7775289__chr2R_7798993-7799522/alignments/enhancers/lastz.maf
chr2R_17019592-17019979__chr2R_17034595-17034875	OK	0	0	0.0	/Users/jillianness/Downloads/new_LASTZ_analysis/enhancer_extraction/enhancer_pairs/FBgn0022029_vm/chr2R_17019592-17019979__chr2R_17034595-17034875/alignments/enhancers/lastz.maf
chr2R_17019592-17019979__chr2R_17054642-17054966	OK	0	0	0.0	/Users/jillianness/Downloads/new_LASTZ_analysis/enhancer_extraction/enhancer_pairs/FBgn0022029_vm/chr2R_17019592-17019979__chr2R_17054642-17054966/alignments/enhancers/lastz.maf
chr2R_17034595-17034875__chr2R_17054642-17054966	OK	0	0	0.0	/Users/jillianness/Downloads/new_LASTZ_analysis/enhancer_extraction/enhancer_pairs/FBgn0022029_vm/chr2R_17034595-17034875__chr2R_17054642-17054966/alignments/enhancers/lastz.maf
chr2R_6619868-6620115__chr2R_6626145-6626383	OK	0	0	0.0	/Users/jillianness/Downloads/new_LASTZ_analysis/enhancer_extraction/enhancer_pairs/FBgn0022960_Spearman/chr2R_6619868-6620115__chr2R_6626145-6626383/alignments/enhancers/lastz.maf
chr2R_6608594-6608985__chr2R_6626145-6626383	OK	0	0	0.0	/Users/jillianness/Downloads/new_LASTZ_analysis/enhancer_extraction/enhancer_pairs/FBgn0022960_vm_sm/chr2R_6608594-6608985__chr2R_6626145-6626383/alignments/enhancers/lastz.maf
chr3L_13208620-13208905__chr3L_13231729-13231956	OK	0	0	0.0	/Users/jillianness/Downloads/new_LASTZ_analysis/enhancer_extraction/enhancer_pairs/FBgn0023095_sm/chr3L_13208620-13208905__chr3L_13231729-13231956/alignments/enhancers/lastz.maf
chr3L_13208620-13208905__chr3L_13270814-13271136	OK	0	0	0.0	/Users/jillianness/Downloads/new_LASTZ_analysis/enhancer_extraction/enhancer_pairs/FBgn0023095_sm/chr3L_13208620-13208905__chr3L_13270814-13271136/alignments/enhancers/lastz.maf
chr3L_13231729-13231956__chr3L_13270814-13271136	OK	0	0	0.0	/Users/jillianness/Downloads/new_LASTZ_analysis/enhancer_extraction/enhancer_pairs/FBgn0023095_sm/chr3L_13231729-13231956__chr3L_13270814-13271136/alignments/enhancers/lastz.maf
chrX_2097213-2097718__chrX_2098250-2098696	OK	0	0	0.0	/Users/jillianness/Downloads/new_LASTZ_analysis/enhancer_extraction/enhancer_pairs/FBgn0023540_vm/chrX_2097213-2097718__chrX_2098250-2098696/alignments/enhancers/lastz.maf
chrX_2097213-2097718__chrX_2100179-2100460	OK	1	27	77.78	/Users/jillianness/Downloads/new_LASTZ_analysis/enhancer_extraction/enhancer_pairs/FBgn0023540_vm/chrX_2097213-2097718__chrX_2100179-2100460/alignments/enhancers/lastz.maf
chrX_2097213-2097718__chrX_2124693-2125061	OK	0	0	0.0	/Users/jillianness/Downloads/new_LASTZ_analysis/enhancer_extraction/enhancer_pairs/FBgn0023540_vm/chrX_2097213-2097718__chrX_2124693-2125061/alignments/enhancers/lastz.maf
chrX_2098250-2098696__chrX_2100179-2100460	OK	0	0	0.0	/Users/jillianness/Downloads/new_LASTZ_analysis/enhancer_extraction/enhancer_pairs/FBgn0023540_vm/chrX_2098250-2098696__chrX_2100179-2100460/alignments/enhancers/lastz.maf
chrX_2098250-2098696__chrX_2124693-2125061	OK	0	0	0.0	/Users/jillianness/Downloads/new_LASTZ_analysis/enhancer_extraction/enhancer_pairs/FBgn0023540_vm/chrX_2098250-2098696__chrX_2124693-2125061/alignments/enhancers/lastz.maf
chrX_2100179-2100460__chrX_2124693-2125061	OK	0	0	0.0	/Users/jillianness/Downloads/new_LASTZ_analysis/enhancer_extraction/enhancer_pairs/FBgn0023540_vm/chrX_2100179-2100460__chrX_2124693-2125061/alignments/enhancers/lastz.maf
chrX_7248231-7248431__chrX_7271398-7271982	OK	0	0	0.0	/Users/jillianness/Downloads/new_LASTZ_analysis/enhancer_extraction/enhancer_pairs/FBgn0024250_meso/chrX_7248231-7248431__chrX_7271398-7271982/alignments/enhancers/lastz.maf
chr3R_14346999-14347237__chr3R_14370227-14370493	OK	0	0	0.0	/Users/jillianness/Downloads/new_LASTZ_analysis/enhancer_extraction/enhancer_pairs/FBgn0024321_sm/chr3R_14346999-14347237__chr3R_14370227-14370493/alignments/enhancers/lastz.maf
chr3R_14346999-14347237__chr3R_14372918-14373876	OK	1	34	76.47	/Users/jillianness/Downloads/new_LASTZ_analysis/enhancer_extraction/enhancer_pairs/FBgn0024321_sm/chr3R_14346999-14347237__chr3R_14372918-14373876/alignments/enhancers/lastz.maf
chr3R_14346999-14347237__chr3R_14382371-14382571	OK	0	0	0.0	/Users/jillianness/Downloads/new_LASTZ_analysis/enhancer_extraction/enhancer_pairs/FBgn0024321_sm/chr3R_14346999-14347237__chr3R_14382371-14382571/alignments/enhancers/lastz.maf
chr3R_14346999-14347237__chr3R_14384206-14384447	OK	0	0	0.0	/Users/jillianness/Downloads/new_LASTZ_analysis/enhancer_extraction/enhancer_pairs/FBgn0024321_sm/chr3R_14346999-14347237__chr3R_14384206-14384447/alignments/enhancers/lastz.maf
chr3R_14346999-14347237__chr3R_14386667-14387031	OK	0	0	0.0	/Users/jillianness/Downloads/new_LASTZ_analysis/enhancer_extraction/enhancer_pairs/FBgn0024321_sm/chr3R_14346999-14347237__chr3R_14386667-14387031/alignments/enhancers/lastz.maf
chr3R_14370227-14370493__chr3R_14372918-14373876	OK	0	0	0.0	/Users/jillianness/Downloads/new_LASTZ_analysis/enhancer_extraction/enhancer_pairs/FBgn0024321_sm/chr3R_14370227-14370493__chr3R_14372918-14373876/alignments/enhancers/lastz.maf
chr3R_14370227-14370493__chr3R_14382371-14382571	OK	0	0	0.0	/Users/jillianness/Downloads/new_LASTZ_analysis/enhancer_extraction/enhancer_pairs/FBgn0024321_sm/chr3R_14370227-14370493__chr3R_14382371-14382571/alignments/enhancers/lastz.maf
chr3R_14370227-14370493__chr3R_14384206-14384447	OK	0	0	0.0	/Users/jillianness/Downloads/new_LASTZ_analysis/enhancer_extraction/enhancer_pairs/FBgn0024321_sm/chr3R_14370227-14370493__chr3R_14384206-14384447/alignments/enhancers/lastz.maf
chr3R_14370227-14370493__chr3R_14386667-14387031	OK	0	0	0.0	/Users/jillianness/Downloads/new_LASTZ_analysis/enhancer_extraction/enhancer_pairs/FBgn0024321_sm/chr3R_14370227-14370493__chr3R_14386667-14387031/alignments/enhancers/lastz.maf
chr3R_14372918-14373876__chr3R_14382371-14382571	OK	0	0	0.0	/Users/jillianness/Downloads/new_LASTZ_analysis/enhancer_extraction/enhancer_pairs/FBgn0024321_sm/chr3R_14372918-14373876__chr3R_14382371-14382571/alignments/enhancers/lastz.maf
chr3R_14372918-14373876__chr3R_14384206-14384447	OK	0	0	0.0	/Users/jillianness/Downloads/new_LASTZ_analysis/enhancer_extraction/enhancer_pairs/FBgn0024321_sm/chr3R_14372918-14373876__chr3R_14384206-14384447/alignments/enhancers/lastz.maf
chr3R_14372918-14373876__chr3R_14386667-14387031	OK	0	0	0.0	/Users/jillianness/Downloads/new_LASTZ_analysis/enhancer_extraction/enhancer_pairs/FBgn0024321_sm/chr3R_14372918-14373876__chr3R_14386667-14387031/alignments/enhancers/lastz.maf
chr3R_14382371-14382571__chr3R_14384206-14384447	OK	0	0	0.0	/Users/jillianness/Downloads/new_LASTZ_analysis/enhancer_extraction/enhancer_pairs/FBgn0024321_sm/chr3R_14382371-14382571__chr3R_14384206-14384447/alignments/enhancers/lastz.maf
chr3R_14382371-14382571__chr3R_14386667-14387031	OK	0	0	0.0	/Users/jillianness/Downloads/new_LASTZ_analysis/enhancer_extraction/enhancer_pairs/FBgn0024321_sm/chr3R_14382371-14382571__chr3R_14386667-14387031/alignments/enhancers/lastz.maf
chr3R_14384206-14384447__chr3R_14386667-14387031	OK	0	0	0.0	/Users/jillianness/Downloads/new_LASTZ_analysis/enhancer_extraction/enhancer_pairs/FBgn0024321_sm/chr3R_14384206-14384447__chr3R_14386667-14387031/alignments/enhancers/lastz.maf
chrX_2012689-2013147__chrX_2014352-2014702	OK	0	0	0.0	/Users/jillianness/Downloads/new_LASTZ_analysis/enhancer_extraction/enhancer_pairs/FBgn0025632_vm/chrX_2012689-2013147__chrX_2014352-2014702/alignments/enhancers/lastz.maf
chr3L_13886841-13887250__chr3L_13887299-13887499	OK	0	0	0.0	/Users/jillianness/Downloads/new_LASTZ_analysis/enhancer_extraction/enhancer_pairs/FBgn0025874_sm/chr3L_13886841-13887250__chr3L_13887299-13887499/alignments/enhancers/lastz.maf
chr3L_13886841-13887250__chr3L_13892257-13892580	OK	0	0	0.0	/Users/jillianness/Downloads/new_LASTZ_analysis/enhancer_extraction/enhancer_pairs/FBgn0025874_sm/chr3L_13886841-13887250__chr3L_13892257-13892580/alignments/enhancers/lastz.maf
chr3L_13887299-13887499__chr3L_13892257-13892580	OK	0	0	0.0	/Users/jillianness/Downloads/new_LASTZ_analysis/enhancer_extraction/enhancer_pairs/FBgn0025874_sm/chr3L_13887299-13887499__chr3L_13892257-13892580/alignments/enhancers/lastz.maf
chr4_723852-724124__chr4_725008-725208	OK	0	0	0.0	/Users/jillianness/Downloads/new_LASTZ_analysis/enhancer_extraction/enhancer_pairs/FBgn0026199_vm_sm/chr4_723852-724124__chr4_725008-725208/alignments/enhancers/lastz.maf
chr3R_18988180-18988605__chr3R_19014156-19014356	OK	0	0	0.0	/Users/jillianness/Downloads/new_LASTZ_analysis/enhancer_extraction/enhancer_pairs/FBgn0026239_vm/chr3R_18988180-18988605__chr3R_19014156-19014356/alignments/enhancers/lastz.maf
chr2R_22263977-22264346__chr2R_22264962-22265213	OK	0	0	0.0	/Users/jillianness/Downloads/new_LASTZ_analysis/enhancer_extraction/enhancer_pairs/FBgn0026261_vm/chr2R_22263977-22264346__chr2R_22264962-22265213/alignments/enhancers/lastz.maf
chr3L_14936376-14936760__chr3L_14939995-14940646	OK	0	0	0.0	/Users/jillianness/Downloads/new_LASTZ_analysis/enhancer_extraction/enhancer_pairs/FBgn0026320_meso/chr3L_14936376-14936760__chr3L_14939995-14940646/alignments/enhancers/lastz.maf
chr3L_14936376-14936760__chr3L_14944241-14944774	OK	0	0	0.0	/Users/jillianness/Downloads/new_LASTZ_analysis/enhancer_extraction/enhancer_pairs/FBgn0026320_meso/chr3L_14936376-14936760__chr3L_14944241-14944774/alignments/enhancers/lastz.maf
chr3L_14936376-14936760__chr3L_14948136-14948479	OK	0	0	0.0	/Users/jillianness/Downloads/new_LASTZ_analysis/enhancer_extraction/enhancer_pairs/FBgn0026320_meso/chr3L_14936376-14936760__chr3L_14948136-14948479/alignments/enhancers/lastz.maf
chr3L_14939995-14940646__chr3L_14944241-14944774	OK	0	0	0.0	/Users/jillianness/Downloads/new_LASTZ_analysis/enhancer_extraction/enhancer_pairs/FBgn0026320_meso/chr3L_14939995-14940646__chr3L_14944241-14944774/alignments/enhancers/lastz.maf
chr3L_14939995-14940646__chr3L_14948136-14948479	OK	0	0	0.0	/Users/jillianness/Downloads/new_LASTZ_analysis/enhancer_extraction/enhancer_pairs/FBgn0026320_meso/chr3L_14939995-14940646__chr3L_14948136-14948479/alignments/enhancers/lastz.maf
chr3L_14944241-14944774__chr3L_14948136-14948479	OK	0	0	0.0	/Users/jillianness/Downloads/new_LASTZ_analysis/enhancer_extraction/enhancer_pairs/FBgn0026320_meso/chr3L_14944241-14944774__chr3L_14948136-14948479/alignments/enhancers/lastz.maf
chr2R_9936639-9936952__chr2R_9938636-9938836	OK	0	0	0.0	/Users/jillianness/Downloads/new_LASTZ_analysis/enhancer_extraction/enhancer_pairs/FBgn0026403_sm/chr2R_9936639-9936952__chr2R_9938636-9938836/alignments/enhancers/lastz.maf
chr3L_14524405-14524880__chr3L_14572837-14573037	OK	0	0	0.0	/Users/jillianness/Downloads/new_LASTZ_analysis/enhancer_extraction/enhancer_pairs/FBgn0026409_Spearman/chr3L_14524405-14524880__chr3L_14572837-14573037/alignments/enhancers/lastz.maf
chr3L_14523287-14523596__chr3L_14524405-14524880	OK	0	0	0.0	/Users/jillianness/Downloads/new_LASTZ_analysis/enhancer_extraction/enhancer_pairs/FBgn0026409_sm/chr3L_14523287-14523596__chr3L_14524405-14524880/alignments/enhancers/lastz.maf
chr3L_14523287-14523596__chr3L_14526208-14526538	OK	0	0	0.0	/Users/jillianness/Downloads/new_LASTZ_analysis/enhancer_extraction/enhancer_pairs/FBgn0026409_sm/chr3L_14523287-14523596__chr3L_14526208-14526538/alignments/enhancers/lastz.maf
chr3L_14523287-14523596__chr3L_14571782-14572050	OK	0	0	0.0	/Users/jillianness/Downloads/new_LASTZ_analysis/enhancer_extraction/enhancer_pairs/FBgn0026409_sm/chr3L_14523287-14523596__chr3L_14571782-14572050/alignments/enhancers/lastz.maf
chr3L_14524405-14524880__chr3L_14526208-14526538	OK	0	0	0.0	/Users/jillianness/Downloads/new_LASTZ_analysis/enhancer_extraction/enhancer_pairs/FBgn0026409_sm/chr3L_14524405-14524880__chr3L_14526208-14526538/alignments/enhancers/lastz.maf
chr3L_14524405-14524880__chr3L_14571782-14572050	OK	0	0	0.0	/Users/jillianness/Downloads/new_LASTZ_analysis/enhancer_extraction/enhancer_pairs/FBgn0026409_sm/chr3L_14524405-14524880__chr3L_14571782-14572050/alignments/enhancers/lastz.maf
chr3L_14526208-14526538__chr3L_14571782-14572050	OK	0	0	0.0	/Users/jillianness/Downloads/new_LASTZ_analysis/enhancer_extraction/enhancer_pairs/FBgn0026409_sm/chr3L_14526208-14526538__chr3L_14571782-14572050/alignments/enhancers/lastz.maf
chr2R_6219294-6219494__chr2R_6256635-6257061	OK	0	0	0.0	/Users/jillianness/Downloads/new_LASTZ_analysis/enhancer_extraction/enhancer_pairs/FBgn0026761_Spearman/chr2R_6219294-6219494__chr2R_6256635-6257061/alignments/enhancers/lastz.maf
chr2R_6148201-6148543__chr2R_6148968-6149343	OK	0	0	0.0	/Users/jillianness/Downloads/new_LASTZ_analysis/enhancer_extraction/enhancer_pairs/FBgn0026761_sm/chr2R_6148201-6148543__chr2R_6148968-6149343/alignments/enhancers/lastz.maf
chr2R_6148201-6148543__chr2R_6223828-6224166	OK	0	0	0.0	/Users/jillianness/Downloads/new_LASTZ_analysis/enhancer_extraction/enhancer_pairs/FBgn0026761_sm/chr2R_6148201-6148543__chr2R_6223828-6224166/alignments/enhancers/lastz.maf
chr2R_6148201-6148543__chr2R_6237153-6237506	OK	0	0	0.0	/Users/jillianness/Downloads/new_LASTZ_analysis/enhancer_extraction/enhancer_pairs/FBgn0026761_sm/chr2R_6148201-6148543__chr2R_6237153-6237506/alignments/enhancers/lastz.maf
chr2R_6148968-6149343__chr2R_6223828-6224166	OK	0	0	0.0	/Users/jillianness/Downloads/new_LASTZ_analysis/enhancer_extraction/enhancer_pairs/FBgn0026761_sm/chr2R_6148968-6149343__chr2R_6223828-6224166/alignments/enhancers/lastz.maf
chr2R_6148968-6149343__chr2R_6237153-6237506	OK	0	0	0.0	/Users/jillianness/Downloads/new_LASTZ_analysis/enhancer_extraction/enhancer_pairs/FBgn0026761_sm/chr2R_6148968-6149343__chr2R_6237153-6237506/alignments/enhancers/lastz.maf
chr2R_6223828-6224166__chr2R_6237153-6237506	OK	0	0	0.0	/Users/jillianness/Downloads/new_LASTZ_analysis/enhancer_extraction/enhancer_pairs/FBgn0026761_sm/chr2R_6223828-6224166__chr2R_6237153-6237506/alignments/enhancers/lastz.maf
chr2R_6359418-6359689__chr2R_6363538-6363738	OK	0	0	0.0	/Users/jillianness/Downloads/new_LASTZ_analysis/enhancer_extraction/enhancer_pairs/FBgn0027066_vm_sm/chr2R_6359418-6359689__chr2R_6363538-6363738/alignments/enhancers/lastz.maf
chr2R_6359418-6359689__chr2R_6365997-6366271	OK	0	0	0.0	/Users/jillianness/Downloads/new_LASTZ_analysis/enhancer_extraction/enhancer_pairs/FBgn0027066_vm_sm/chr2R_6359418-6359689__chr2R_6365997-6366271/alignments/enhancers/lastz.maf
chr2R_6363538-6363738__chr2R_6365997-6366271	OK	0	0	0.0	/Users/jillianness/Downloads/new_LASTZ_analysis/enhancer_extraction/enhancer_pairs/FBgn0027066_vm_sm/chr2R_6363538-6363738__chr2R_6365997-6366271/alignments/enhancers/lastz.maf
chrX_9645073-9645375__chrX_9651073-9651377	OK	0	0	0.0	/Users/jillianness/Downloads/new_LASTZ_analysis/enhancer_extraction/enhancer_pairs/FBgn0027084_Spearman/chrX_9645073-9645375__chrX_9651073-9651377/alignments/enhancers/lastz.maf
chrX_9645073-9645375__chrX_9680427-9680627	OK	0	0	0.0	/Users/jillianness/Downloads/new_LASTZ_analysis/enhancer_extraction/enhancer_pairs/FBgn0027084_Spearman/chrX_9645073-9645375__chrX_9680427-9680627/alignments/enhancers/lastz.maf
chrX_9651073-9651377__chrX_9680427-9680627	OK	0	0	0.0	/Users/jillianness/Downloads/new_LASTZ_analysis/enhancer_extraction/enhancer_pairs/FBgn0027084_Spearman/chrX_9651073-9651377__chrX_9680427-9680627/alignments/enhancers/lastz.maf
chr3L_15048542-15048758__chr3L_15051009-15051402	OK	0	0	0.0	/Users/jillianness/Downloads/new_LASTZ_analysis/enhancer_extraction/enhancer_pairs/FBgn0027088_sm/chr3L_15048542-15048758__chr3L_15051009-15051402/alignments/enhancers/lastz.maf
chr3L_15048542-15048758__chr3L_15058846-15059046	OK	0	0	0.0	/Users/jillianness/Downloads/new_LASTZ_analysis/enhancer_extraction/enhancer_pairs/FBgn0027088_sm/chr3L_15048542-15048758__chr3L_15058846-15059046/alignments/enhancers/lastz.maf
chr3L_15048542-15048758__chr3L_15062508-15062841	OK	0	0	0.0	/Users/jillianness/Downloads/new_LASTZ_analysis/enhancer_extraction/enhancer_pairs/FBgn0027088_sm/chr3L_15048542-15048758__chr3L_15062508-15062841/alignments/enhancers/lastz.maf
chr3L_15048542-15048758__chr3L_15065782-15065982	OK	0	0	0.0	/Users/jillianness/Downloads/new_LASTZ_analysis/enhancer_extraction/enhancer_pairs/FBgn0027088_sm/chr3L_15048542-15048758__chr3L_15065782-15065982/alignments/enhancers/lastz.maf
chr3L_15051009-15051402__chr3L_15058846-15059046	OK	0	0	0.0	/Users/jillianness/Downloads/new_LASTZ_analysis/enhancer_extraction/enhancer_pairs/FBgn0027088_sm/chr3L_15051009-15051402__chr3L_15058846-15059046/alignments/enhancers/lastz.maf
chr3L_15051009-15051402__chr3L_15062508-15062841	OK	0	0	0.0	/Users/jillianness/Downloads/new_LASTZ_analysis/enhancer_extraction/enhancer_pairs/FBgn0027088_sm/chr3L_15051009-15051402__chr3L_15062508-15062841/alignments/enhancers/lastz.maf
chr3L_15051009-15051402__chr3L_15065782-15065982	OK	0	0	0.0	/Users/jillianness/Downloads/new_LASTZ_analysis/enhancer_extraction/enhancer_pairs/FBgn0027088_sm/chr3L_15051009-15051402__chr3L_15065782-15065982/alignments/enhancers/lastz.maf
chr3L_15058846-15059046__chr3L_15062508-15062841	OK	0	0	0.0	/Users/jillianness/Downloads/new_LASTZ_analysis/enhancer_extraction/enhancer_pairs/FBgn0027088_sm/chr3L_15058846-15059046__chr3L_15062508-15062841/alignments/enhancers/lastz.maf
chr3L_15058846-15059046__chr3L_15065782-15065982	OK	0	0	0.0	/Users/jillianness/Downloads/new_LASTZ_analysis/enhancer_extraction/enhancer_pairs/FBgn0027088_sm/chr3L_15058846-15059046__chr3L_15065782-15065982/alignments/enhancers/lastz.maf
chr3L_15062508-15062841__chr3L_15065782-15065982	OK	0	0	0.0	/Users/jillianness/Downloads/new_LASTZ_analysis/enhancer_extraction/enhancer_pairs/FBgn0027088_sm/chr3L_15062508-15062841__chr3L_15065782-15065982/alignments/enhancers/lastz.maf
chr3L_247505-247705__chr3L_255201-255682	OK	0	0	0.0	/Users/jillianness/Downloads/new_LASTZ_analysis/enhancer_extraction/enhancer_pairs/FBgn0027111_Spearman/chr3L_247505-247705__chr3L_255201-255682/alignments/enhancers/lastz.maf
chr3L_247505-247705__chr3L_260322-260568	OK	0	0	0.0	/Users/jillianness/Downloads/new_LASTZ_analysis/enhancer_extraction/enhancer_pairs/FBgn0027111_Spearman/chr3L_247505-247705__chr3L_260322-260568/alignments/enhancers/lastz.maf
chr3L_255201-255682__chr3L_260322-260568	OK	0	0	0.0	/Users/jillianness/Downloads/new_LASTZ_analysis/enhancer_extraction/enhancer_pairs/FBgn0027111_Spearman/chr3L_255201-255682__chr3L_260322-260568/alignments/enhancers/lastz.maf
chr3L_254348-254880__chr3L_266056-266335	OK	0	0	0.0	/Users/jillianness/Downloads/new_LASTZ_analysis/enhancer_extraction/enhancer_pairs/FBgn0027111_sm/chr3L_254348-254880__chr3L_266056-266335/alignments/enhancers/lastz.maf
chr3L_254348-254880__chr3L_278816-279016	OK	0	0	0.0	/Users/jillianness/Downloads/new_LASTZ_analysis/enhancer_extraction/enhancer_pairs/FBgn0027111_sm/chr3L_254348-254880__chr3L_278816-279016/alignments/enhancers/lastz.maf
chr3L_266056-266335__chr3L_278816-279016	OK	0	0	0.0	/Users/jillianness/Downloads/new_LASTZ_analysis/enhancer_extraction/enhancer_pairs/FBgn0027111_sm/chr3L_266056-266335__chr3L_278816-279016/alignments/enhancers/lastz.maf
chr3L_254348-254880__chr3L_278317-278724	OK	0	0	0.0	/Users/jillianness/Downloads/new_LASTZ_analysis/enhancer_extraction/enhancer_pairs/FBgn0027111_vm/chr3L_254348-254880__chr3L_278317-278724/alignments/enhancers/lastz.maf
chr3L_254348-254880__chr3L_278816-279016	OK	0	0	0.0	/Users/jillianness/Downloads/new_LASTZ_analysis/enhancer_extraction/enhancer_pairs/FBgn0027111_vm/chr3L_254348-254880__chr3L_278816-279016/alignments/enhancers/lastz.maf
chr3L_278317-278724__chr3L_278816-279016	OK	0	0	0.0	/Users/jillianness/Downloads/new_LASTZ_analysis/enhancer_extraction/enhancer_pairs/FBgn0027111_vm/chr3L_278317-278724__chr3L_278816-279016/alignments/enhancers/lastz.maf
chr3L_22728933-22729192__chr3L_22773634-22773848	OK	0	0	0.0	/Users/jillianness/Downloads/new_LASTZ_analysis/enhancer_extraction/enhancer_pairs/FBgn0027339_sm/chr3L_22728933-22729192__chr3L_22773634-22773848/alignments/enhancers/lastz.maf
chr3L_22728933-22729192__chr3L_22788539-22788804	OK	0	0	0.0	/Users/jillianness/Downloads/new_LASTZ_analysis/enhancer_extraction/enhancer_pairs/FBgn0027339_sm/chr3L_22728933-22729192__chr3L_22788539-22788804/alignments/enhancers/lastz.maf
chr3L_22773634-22773848__chr3L_22788539-22788804	OK	0	0	0.0	/Users/jillianness/Downloads/new_LASTZ_analysis/enhancer_extraction/enhancer_pairs/FBgn0027339_sm/chr3L_22773634-22773848__chr3L_22788539-22788804/alignments/enhancers/lastz.maf
chr2R_12215684-12216005__chr2R_12224142-12224342	OK	0	0	0.0	/Users/jillianness/Downloads/new_LASTZ_analysis/enhancer_extraction/enhancer_pairs/FBgn0027356_sm/chr2R_12215684-12216005__chr2R_12224142-12224342/alignments/enhancers/lastz.maf
chr3R_25851620-25852011__chr3R_25879434-25879634	OK	0	0	0.0	/Users/jillianness/Downloads/new_LASTZ_analysis/enhancer_extraction/enhancer_pairs/FBgn0027865_sm/chr3R_25851620-25852011__chr3R_25879434-25879634/alignments/enhancers/lastz.maf
chr3R_25851620-25852011__chr3R_25880902-25881203	OK	0	0	0.0	/Users/jillianness/Downloads/new_LASTZ_analysis/enhancer_extraction/enhancer_pairs/FBgn0027865_sm/chr3R_25851620-25852011__chr3R_25880902-25881203/alignments/enhancers/lastz.maf
chr3R_25879434-25879634__chr3R_25880902-25881203	OK	0	0	0.0	/Users/jillianness/Downloads/new_LASTZ_analysis/enhancer_extraction/enhancer_pairs/FBgn0027865_sm/chr3R_25879434-25879634__chr3R_25880902-25881203/alignments/enhancers/lastz.maf
chrX_3100007-3100398__chrX_3102934-3103204	OK	0	0	0.0	/Users/jillianness/Downloads/new_LASTZ_analysis/enhancer_extraction/enhancer_pairs/FBgn0028369_Spearman/chrX_3100007-3100398__chrX_3102934-3103204/alignments/enhancers/lastz.maf
chrX_3100007-3100398__chrX_3103482-3103682	OK	0	0	0.0	/Users/jillianness/Downloads/new_LASTZ_analysis/enhancer_extraction/enhancer_pairs/FBgn0028369_Spearman/chrX_3100007-3100398__chrX_3103482-3103682/alignments/enhancers/lastz.maf
chrX_3100007-3100398__chrX_3103691-3103945	OK	0	0	0.0	/Users/jillianness/Downloads/new_LASTZ_analysis/enhancer_extraction/enhancer_pairs/FBgn0028369_Spearman/chrX_3100007-3100398__chrX_3103691-3103945/alignments/enhancers/lastz.maf
chrX_3100007-3100398__chrX_3104146-3104671	OK	0	0	0.0	/Users/jillianness/Downloads/new_LASTZ_analysis/enhancer_extraction/enhancer_pairs/FBgn0028369_Spearman/chrX_3100007-3100398__chrX_3104146-3104671/alignments/enhancers/lastz.maf
chrX_3100007-3100398__chrX_3123638-3124075	OK	0	0	0.0	/Users/jillianness/Downloads/new_LASTZ_analysis/enhancer_extraction/enhancer_pairs/FBgn0028369_Spearman/chrX_3100007-3100398__chrX_3123638-3124075/alignments/enhancers/lastz.maf
chrX_3100007-3100398__chrX_3124946-3125240	OK	0	0	0.0	/Users/jillianness/Downloads/new_LASTZ_analysis/enhancer_extraction/enhancer_pairs/FBgn0028369_Spearman/chrX_3100007-3100398__chrX_3124946-3125240/alignments/enhancers/lastz.maf
chrX_3102934-3103204__chrX_3103482-3103682	OK	0	0	0.0	/Users/jillianness/Downloads/new_LASTZ_analysis/enhancer_extraction/enhancer_pairs/FBgn0028369_Spearman/chrX_3102934-3103204__chrX_3103482-3103682/alignments/enhancers/lastz.maf
chrX_3102934-3103204__chrX_3103691-3103945	OK	0	0	0.0	/Users/jillianness/Downloads/new_LASTZ_analysis/enhancer_extraction/enhancer_pairs/FBgn0028369_Spearman/chrX_3102934-3103204__chrX_3103691-3103945/alignments/enhancers/lastz.maf
chrX_3102934-3103204__chrX_3104146-3104671	OK	0	0	0.0	/Users/jillianness/Downloads/new_LASTZ_analysis/enhancer_extraction/enhancer_pairs/FBgn0028369_Spearman/chrX_3102934-3103204__chrX_3104146-3104671/alignments/enhancers/lastz.maf
chrX_3102934-3103204__chrX_3123638-3124075	OK	0	0	0.0	/Users/jillianness/Downloads/new_LASTZ_analysis/enhancer_extraction/enhancer_pairs/FBgn0028369_Spearman/chrX_3102934-3103204__chrX_3123638-3124075/alignments/enhancers/lastz.maf
chrX_3102934-3103204__chrX_3124946-3125240	OK	0	0	0.0	/Users/jillianness/Downloads/new_LASTZ_analysis/enhancer_extraction/enhancer_pairs/FBgn0028369_Spearman/chrX_3102934-3103204__chrX_3124946-3125240/alignments/enhancers/lastz.maf
chrX_3103482-3103682__chrX_3103691-3103945	OK	0	0	0.0	/Users/jillianness/Downloads/new_LASTZ_analysis/enhancer_extraction/enhancer_pairs/FBgn0028369_Spearman/chrX_3103482-3103682__chrX_3103691-3103945/alignments/enhancers/lastz.maf
chrX_3103482-3103682__chrX_3104146-3104671	OK	0	0	0.0	/Users/jillianness/Downloads/new_LASTZ_analysis/enhancer_extraction/enhancer_pairs/FBgn0028369_Spearman/chrX_3103482-3103682__chrX_3104146-3104671/alignments/enhancers/lastz.maf
chrX_3103482-3103682__chrX_3123638-3124075	OK	0	0	0.0	/Users/jillianness/Downloads/new_LASTZ_analysis/enhancer_extraction/enhancer_pairs/FBgn0028369_Spearman/chrX_3103482-3103682__chrX_3123638-3124075/alignments/enhancers/lastz.maf
chrX_3103482-3103682__chrX_3124946-3125240	OK	0	0	0.0	/Users/jillianness/Downloads/new_LASTZ_analysis/enhancer_extraction/enhancer_pairs/FBgn0028369_Spearman/chrX_3103482-3103682__chrX_3124946-3125240/alignments/enhancers/lastz.maf
chrX_3103691-3103945__chrX_3104146-3104671	OK	0	0	0.0	/Users/jillianness/Downloads/new_LASTZ_analysis/enhancer_extraction/enhancer_pairs/FBgn0028369_Spearman/chrX_3103691-3103945__chrX_3104146-3104671/alignments/enhancers/lastz.maf
chrX_3103691-3103945__chrX_3123638-3124075	OK	0	0	0.0	/Users/jillianness/Downloads/new_LASTZ_analysis/enhancer_extraction/enhancer_pairs/FBgn0028369_Spearman/chrX_3103691-3103945__chrX_3123638-3124075/alignments/enhancers/lastz.maf
chrX_3103691-3103945__chrX_3124946-3125240	OK	0	0	0.0	/Users/jillianness/Downloads/new_LASTZ_analysis/enhancer_extraction/enhancer_pairs/FBgn0028369_Spearman/chrX_3103691-3103945__chrX_3124946-3125240/alignments/enhancers/lastz.maf
chrX_3104146-3104671__chrX_3123638-3124075	OK	0	0	0.0	/Users/jillianness/Downloads/new_LASTZ_analysis/enhancer_extraction/enhancer_pairs/FBgn0028369_Spearman/chrX_3104146-3104671__chrX_3123638-3124075/alignments/enhancers/lastz.maf
chrX_3104146-3104671__chrX_3124946-3125240	OK	0	0	0.0	/Users/jillianness/Downloads/new_LASTZ_analysis/enhancer_extraction/enhancer_pairs/FBgn0028369_Spearman/chrX_3104146-3104671__chrX_3124946-3125240/alignments/enhancers/lastz.maf
chrX_3123638-3124075__chrX_3124946-3125240	OK	0	0	0.0	/Users/jillianness/Downloads/new_LASTZ_analysis/enhancer_extraction/enhancer_pairs/FBgn0028369_Spearman/chrX_3123638-3124075__chrX_3124946-3125240/alignments/enhancers/lastz.maf
chrX_2944529-2944919__chrX_3044554-3044926	OK	0	0	0.0	/Users/jillianness/Downloads/new_LASTZ_analysis/enhancer_extraction/enhancer_pairs/FBgn0028369_meso_sm/chrX_2944529-2944919__chrX_3044554-3044926/alignments/enhancers/lastz.maf
chrX_2944529-2944919__chrX_3104146-3104671	OK	0	0	0.0	/Users/jillianness/Downloads/new_LASTZ_analysis/enhancer_extraction/enhancer_pairs/FBgn0028369_meso_sm/chrX_2944529-2944919__chrX_3104146-3104671/alignments/enhancers/lastz.maf
chrX_3044554-3044926__chrX_3104146-3104671	OK	0	0	0.0	/Users/jillianness/Downloads/new_LASTZ_analysis/enhancer_extraction/enhancer_pairs/FBgn0028369_meso_sm/chrX_3044554-3044926__chrX_3104146-3104671/alignments/enhancers/lastz.maf
chr3R_10106432-10106719__chr3R_10108491-10108933	OK	0	0	0.0	/Users/jillianness/Downloads/new_LASTZ_analysis/enhancer_extraction/enhancer_pairs/FBgn0028734_sm/chr3R_10106432-10106719__chr3R_10108491-10108933/alignments/enhancers/lastz.maf
chr2L_16276078-16276279__chr2L_16277332-16277560	OK	0	0	0.0	/Users/jillianness/Downloads/new_LASTZ_analysis/enhancer_extraction/enhancer_pairs/FBgn0028895_meso/chr2L_16276078-16276279__chr2L_16277332-16277560/alignments/enhancers/lastz.maf
chrX_7555826-7556105__chrX_7573472-7573775	OK	0	0	0.0	/Users/jillianness/Downloads/new_LASTZ_analysis/enhancer_extraction/enhancer_pairs/FBgn0029504_sm/chrX_7555826-7556105__chrX_7573472-7573775/alignments/enhancers/lastz.maf
chrX_7555826-7556105__chrX_7580532-7580795	OK	0	0	0.0	/Users/jillianness/Downloads/new_LASTZ_analysis/enhancer_extraction/enhancer_pairs/FBgn0029504_sm/chrX_7555826-7556105__chrX_7580532-7580795/alignments/enhancers/lastz.maf
chrX_7573472-7573775__chrX_7580532-7580795	OK	0	0	0.0	/Users/jillianness/Downloads/new_LASTZ_analysis/enhancer_extraction/enhancer_pairs/FBgn0029504_sm/chrX_7573472-7573775__chrX_7580532-7580795/alignments/enhancers/lastz.maf
chrX_419897-420154__chrX_421493-421767	OK	0	0	0.0	/Users/jillianness/Downloads/new_LASTZ_analysis/enhancer_extraction/enhancer_pairs/FBgn0029526_Spearman/chrX_419897-420154__chrX_421493-421767/alignments/enhancers/lastz.maf
chrX_3411043-3411363__chrX_3413665-3413865	OK	0	0	0.0	/Users/jillianness/Downloads/new_LASTZ_analysis/enhancer_extraction/enhancer_pairs/FBgn0029665_sm/chrX_3411043-3411363__chrX_3413665-3413865/alignments/enhancers/lastz.maf
chrX_3411043-3411363__chrX_3417229-3417559	OK	0	0	0.0	/Users/jillianness/Downloads/new_LASTZ_analysis/enhancer_extraction/enhancer_pairs/FBgn0029665_sm/chrX_3411043-3411363__chrX_3417229-3417559/alignments/enhancers/lastz.maf
chrX_3413665-3413865__chrX_3417229-3417559	OK	0	0	0.0	/Users/jillianness/Downloads/new_LASTZ_analysis/enhancer_extraction/enhancer_pairs/FBgn0029665_sm/chrX_3413665-3413865__chrX_3417229-3417559/alignments/enhancers/lastz.maf
chrX_5291739-5291939__chrX_5295134-5295334	OK	0	0	0.0	/Users/jillianness/Downloads/new_LASTZ_analysis/enhancer_extraction/enhancer_pairs/FBgn0029755_sm/chrX_5291739-5291939__chrX_5295134-5295334/alignments/enhancers/lastz.maf
chrX_5915683-5915953__chrX_5921626-5922043	OK	0	0	0.0	/Users/jillianness/Downloads/new_LASTZ_analysis/enhancer_extraction/enhancer_pairs/FBgn0029830_vm/chrX_5915683-5915953__chrX_5921626-5922043/alignments/enhancers/lastz.maf
chrX_5915683-5915953__chrX_5946021-5946311	OK	0	0	0.0	/Users/jillianness/Downloads/new_LASTZ_analysis/enhancer_extraction/enhancer_pairs/FBgn0029830_vm/chrX_5915683-5915953__chrX_5946021-5946311/alignments/enhancers/lastz.maf
chrX_5921626-5922043__chrX_5946021-5946311	OK	0	0	0.0	/Users/jillianness/Downloads/new_LASTZ_analysis/enhancer_extraction/enhancer_pairs/FBgn0029830_vm/chrX_5921626-5922043__chrX_5946021-5946311/alignments/enhancers/lastz.maf
chrX_6565029-6565230__chrX_6572042-6572321	OK	0	0	0.0	/Users/jillianness/Downloads/new_LASTZ_analysis/enhancer_extraction/enhancer_pairs/FBgn0029885_vm/chrX_6565029-6565230__chrX_6572042-6572321/alignments/enhancers/lastz.maf
chrX_7046483-7046845__chrX_7048274-7048583	OK	0	0	0.0	/Users/jillianness/Downloads/new_LASTZ_analysis/enhancer_extraction/enhancer_pairs/FBgn0029939_Spearman/chrX_7046483-7046845__chrX_7048274-7048583/alignments/enhancers/lastz.maf
chrX_7046483-7046845__chrX_7140434-7140797	OK	0	0	0.0	/Users/jillianness/Downloads/new_LASTZ_analysis/enhancer_extraction/enhancer_pairs/FBgn0029939_Spearman/chrX_7046483-7046845__chrX_7140434-7140797/alignments/enhancers/lastz.maf
chrX_7046483-7046845__chrX_7177324-7177678	OK	0	0	0.0	/Users/jillianness/Downloads/new_LASTZ_analysis/enhancer_extraction/enhancer_pairs/FBgn0029939_Spearman/chrX_7046483-7046845__chrX_7177324-7177678/alignments/enhancers/lastz.maf
chrX_7048274-7048583__chrX_7140434-7140797	OK	0	0	0.0	/Users/jillianness/Downloads/new_LASTZ_analysis/enhancer_extraction/enhancer_pairs/FBgn0029939_Spearman/chrX_7048274-7048583__chrX_7140434-7140797/alignments/enhancers/lastz.maf
chrX_7048274-7048583__chrX_7177324-7177678	OK	0	0	0.0	/Users/jillianness/Downloads/new_LASTZ_analysis/enhancer_extraction/enhancer_pairs/FBgn0029939_Spearman/chrX_7048274-7048583__chrX_7177324-7177678/alignments/enhancers/lastz.maf
chrX_7140434-7140797__chrX_7177324-7177678	OK	0	0	0.0	/Users/jillianness/Downloads/new_LASTZ_analysis/enhancer_extraction/enhancer_pairs/FBgn0029939_Spearman/chrX_7140434-7140797__chrX_7177324-7177678/alignments/enhancers/lastz.maf
chrX_9680427-9680627__chrX_9708888-9709088	OK	0	0	0.0	/Users/jillianness/Downloads/new_LASTZ_analysis/enhancer_extraction/enhancer_pairs/FBgn0030151_Spearman/chrX_9680427-9680627__chrX_9708888-9709088/alignments/enhancers/lastz.maf
chrX_9680427-9680627__chrX_9709480-9709680	OK	0	0	0.0	/Users/jillianness/Downloads/new_LASTZ_analysis/enhancer_extraction/enhancer_pairs/FBgn0030151_Spearman/chrX_9680427-9680627__chrX_9709480-9709680/alignments/enhancers/lastz.maf
chrX_9708888-9709088__chrX_9709480-9709680	OK	0	0	0.0	/Users/jillianness/Downloads/new_LASTZ_analysis/enhancer_extraction/enhancer_pairs/FBgn0030151_Spearman/chrX_9708888-9709088__chrX_9709480-9709680/alignments/enhancers/lastz.maf
chrX_12516060-12516615__chrX_12551912-12552112	OK	0	0	0.0	/Users/jillianness/Downloads/new_LASTZ_analysis/enhancer_extraction/enhancer_pairs/FBgn0030406_Spearman/chrX_12516060-12516615__chrX_12551912-12552112/alignments/enhancers/lastz.maf
chrX_13051960-13052281__chrX_13070183-13070515	OK	0	0	0.0	/Users/jillianness/Downloads/new_LASTZ_analysis/enhancer_extraction/enhancer_pairs/FBgn0030451_sm/chrX_13051960-13052281__chrX_13070183-13070515/alignments/enhancers/lastz.maf
chrX_13051960-13052281__chrX_13078529-13078729	OK	0	0	0.0	/Users/jillianness/Downloads/new_LASTZ_analysis/enhancer_extraction/enhancer_pairs/FBgn0030451_sm/chrX_13051960-13052281__chrX_13078529-13078729/alignments/enhancers/lastz.maf
chrX_13070183-13070515__chrX_13078529-13078729	OK	0	0	0.0	/Users/jillianness/Downloads/new_LASTZ_analysis/enhancer_extraction/enhancer_pairs/FBgn0030451_sm/chrX_13070183-13070515__chrX_13078529-13078729/alignments/enhancers/lastz.maf
chrX_13335047-13335247__chrX_13337480-13337751	OK	0	0	0.0	/Users/jillianness/Downloads/new_LASTZ_analysis/enhancer_extraction/enhancer_pairs/FBgn0030480_sm/chrX_13335047-13335247__chrX_13337480-13337751/alignments/enhancers/lastz.maf
chrX_16749348-16749563__chrX_16752356-16752964	OK	0	0	0.0	/Users/jillianness/Downloads/new_LASTZ_analysis/enhancer_extraction/enhancer_pairs/FBgn0030789_Spearman/chrX_16749348-16749563__chrX_16752356-16752964/alignments/enhancers/lastz.maf
chrX_16750137-16750514__chrX_16751072-16751473	OK	0	0	0.0	/Users/jillianness/Downloads/new_LASTZ_analysis/enhancer_extraction/enhancer_pairs/FBgn0030794_vm/chrX_16750137-16750514__chrX_16751072-16751473/alignments/enhancers/lastz.maf
chrX_16750137-16750514__chrX_16752356-16752964	OK	0	0	0.0	/Users/jillianness/Downloads/new_LASTZ_analysis/enhancer_extraction/enhancer_pairs/FBgn0030794_vm/chrX_16750137-16750514__chrX_16752356-16752964/alignments/enhancers/lastz.maf
chrX_16750137-16750514__chrX_16773523-16773913	OK	0	0	0.0	/Users/jillianness/Downloads/new_LASTZ_analysis/enhancer_extraction/enhancer_pairs/FBgn0030794_vm/chrX_16750137-16750514__chrX_16773523-16773913/alignments/enhancers/lastz.maf
chrX_16751072-16751473__chrX_16752356-16752964	OK	0	0	0.0	/Users/jillianness/Downloads/new_LASTZ_analysis/enhancer_extraction/enhancer_pairs/FBgn0030794_vm/chrX_16751072-16751473__chrX_16752356-16752964/alignments/enhancers/lastz.maf
chrX_16751072-16751473__chrX_16773523-16773913	OK	0	0	0.0	/Users/jillianness/Downloads/new_LASTZ_analysis/enhancer_extraction/enhancer_pairs/FBgn0030794_vm/chrX_16751072-16751473__chrX_16773523-16773913/alignments/enhancers/lastz.maf
chrX_16752356-16752964__chrX_16773523-16773913	OK	0	0	0.0	/Users/jillianness/Downloads/new_LASTZ_analysis/enhancer_extraction/enhancer_pairs/FBgn0030794_vm/chrX_16752356-16752964__chrX_16773523-16773913/alignments/enhancers/lastz.maf
chrX_17650510-17650710__chrX_17660173-17660373	OK	0	0	0.0	/Users/jillianness/Downloads/new_LASTZ_analysis/enhancer_extraction/enhancer_pairs/FBgn0030864_sm/chrX_17650510-17650710__chrX_17660173-17660373/alignments/enhancers/lastz.maf
chrX_17650510-17650710__chrX_17667811-17668233	OK	0	0	0.0	/Users/jillianness/Downloads/new_LASTZ_analysis/enhancer_extraction/enhancer_pairs/FBgn0030864_sm/chrX_17650510-17650710__chrX_17667811-17668233/alignments/enhancers/lastz.maf
chrX_17660173-17660373__chrX_17667811-17668233	OK	0	0	0.0	/Users/jillianness/Downloads/new_LASTZ_analysis/enhancer_extraction/enhancer_pairs/FBgn0030864_sm/chrX_17660173-17660373__chrX_17667811-17668233/alignments/enhancers/lastz.maf
chrX_18146945-18147372__chrX_18147841-18148227	OK	0	0	0.0	/Users/jillianness/Downloads/new_LASTZ_analysis/enhancer_extraction/enhancer_pairs/FBgn0030900_Spearman/chrX_18146945-18147372__chrX_18147841-18148227/alignments/enhancers/lastz.maf
chrX_18146945-18147372__chrX_18148950-18149279	OK	0	0	0.0	/Users/jillianness/Downloads/new_LASTZ_analysis/enhancer_extraction/enhancer_pairs/FBgn0030900_Spearman/chrX_18146945-18147372__chrX_18148950-18149279/alignments/enhancers/lastz.maf
chrX_18147841-18148227__chrX_18148950-18149279	OK	0	0	0.0	/Users/jillianness/Downloads/new_LASTZ_analysis/enhancer_extraction/enhancer_pairs/FBgn0030900_Spearman/chrX_18147841-18148227__chrX_18148950-18149279/alignments/enhancers/lastz.maf
chrX_18714009-18714209__chrX_18715355-18715555	OK	0	0	0.0	/Users/jillianness/Downloads/new_LASTZ_analysis/enhancer_extraction/enhancer_pairs/FBgn0030955_Spearman/chrX_18714009-18714209__chrX_18715355-18715555/alignments/enhancers/lastz.maf
chrX_18714009-18714209__chrX_18737813-18738119	OK	0	0	0.0	/Users/jillianness/Downloads/new_LASTZ_analysis/enhancer_extraction/enhancer_pairs/FBgn0030955_Spearman/chrX_18714009-18714209__chrX_18737813-18738119/alignments/enhancers/lastz.maf
chrX_18715355-18715555__chrX_18737813-18738119	OK	0	0	0.0	/Users/jillianness/Downloads/new_LASTZ_analysis/enhancer_extraction/enhancer_pairs/FBgn0030955_Spearman/chrX_18715355-18715555__chrX_18737813-18738119/alignments/enhancers/lastz.maf
chrX_19236806-19237421__chrX_19238211-19238765	OK	0	0	0.0	/Users/jillianness/Downloads/new_LASTZ_analysis/enhancer_extraction/enhancer_pairs/FBgn0031008_sm/chrX_19236806-19237421__chrX_19238211-19238765/alignments/enhancers/lastz.maf
chrX_19544220-19544470__chrX_19544519-19544719	OK	0	0	0.0	/Users/jillianness/Downloads/new_LASTZ_analysis/enhancer_extraction/enhancer_pairs/FBgn0031037_sm/chrX_19544220-19544470__chrX_19544519-19544719/alignments/enhancers/lastz.maf
chr2L_160687-161034__chr2L_161603-162045	OK	0	0	0.0	/Users/jillianness/Downloads/new_LASTZ_analysis/enhancer_extraction/enhancer_pairs/FBgn0031228_sm/chr2L_160687-161034__chr2L_161603-162045/alignments/enhancers/lastz.maf
chr2L_160687-161034__chr2L_166574-166924	OK	0	0	0.0	/Users/jillianness/Downloads/new_LASTZ_analysis/enhancer_extraction/enhancer_pairs/FBgn0031228_sm/chr2L_160687-161034__chr2L_166574-166924/alignments/enhancers/lastz.maf
chr2L_161603-162045__chr2L_166574-166924	OK	0	0	0.0	/Users/jillianness/Downloads/new_LASTZ_analysis/enhancer_extraction/enhancer_pairs/FBgn0031228_sm/chr2L_161603-162045__chr2L_166574-166924/alignments/enhancers/lastz.maf
chr2L_1118230-1118839__chr2L_1123442-1123872	OK	0	0	0.0	/Users/jillianness/Downloads/new_LASTZ_analysis/enhancer_extraction/enhancer_pairs/FBgn0031307_sm/chr2L_1118230-1118839__chr2L_1123442-1123872/alignments/enhancers/lastz.maf
chr2L_1157764-1158130__chr2L_1162261-1162810	OK	0	0	0.0	/Users/jillianness/Downloads/new_LASTZ_analysis/enhancer_extraction/enhancer_pairs/FBgn0031313_vm_sm/chr2L_1157764-1158130__chr2L_1162261-1162810/alignments/enhancers/lastz.maf
chr2L_3152131-3152363__chr2L_3153478-3153742	OK	0	0	0.0	/Users/jillianness/Downloads/new_LASTZ_analysis/enhancer_extraction/enhancer_pairs/FBgn0031505_vm/chr2L_3152131-3152363__chr2L_3153478-3153742/alignments/enhancers/lastz.maf
chr2L_3095049-3095273__chr2L_3101225-3101432	OK	0	0	0.0	/Users/jillianness/Downloads/new_LASTZ_analysis/enhancer_extraction/enhancer_pairs/FBgn0031505_vm_sm/chr2L_3095049-3095273__chr2L_3101225-3101432/alignments/enhancers/lastz.maf
chr2L_3095049-3095273__chr2L_3108267-3108563	OK	0	0	0.0	/Users/jillianness/Downloads/new_LASTZ_analysis/enhancer_extraction/enhancer_pairs/FBgn0031505_vm_sm/chr2L_3095049-3095273__chr2L_3108267-3108563/alignments/enhancers/lastz.maf
chr2L_3095049-3095273__chr2L_3121835-3122035	OK	0	0	0.0	/Users/jillianness/Downloads/new_LASTZ_analysis/enhancer_extraction/enhancer_pairs/FBgn0031505_vm_sm/chr2L_3095049-3095273__chr2L_3121835-3122035/alignments/enhancers/lastz.maf
chr2L_3101225-3101432__chr2L_3108267-3108563	OK	0	0	0.0	/Users/jillianness/Downloads/new_LASTZ_analysis/enhancer_extraction/enhancer_pairs/FBgn0031505_vm_sm/chr2L_3101225-3101432__chr2L_3108267-3108563/alignments/enhancers/lastz.maf
chr2L_3101225-3101432__chr2L_3121835-3122035	OK	0	0	0.0	/Users/jillianness/Downloads/new_LASTZ_analysis/enhancer_extraction/enhancer_pairs/FBgn0031505_vm_sm/chr2L_3101225-3101432__chr2L_3121835-3122035/alignments/enhancers/lastz.maf
chr2L_3108267-3108563__chr2L_3121835-3122035	OK	0	0	0.0	/Users/jillianness/Downloads/new_LASTZ_analysis/enhancer_extraction/enhancer_pairs/FBgn0031505_vm_sm/chr2L_3108267-3108563__chr2L_3121835-3122035/alignments/enhancers/lastz.maf
chr2L_6075442-6075642__chr2L_6076424-6076624	OK	0	0	0.0	/Users/jillianness/Downloads/new_LASTZ_analysis/enhancer_extraction/enhancer_pairs/FBgn0031776_vm_sm/chr2L_6075442-6075642__chr2L_6076424-6076624/alignments/enhancers/lastz.maf
chr2L_6075442-6075642__chr2L_6090073-6090445	OK	0	0	0.0	/Users/jillianness/Downloads/new_LASTZ_analysis/enhancer_extraction/enhancer_pairs/FBgn0031776_vm_sm/chr2L_6075442-6075642__chr2L_6090073-6090445/alignments/enhancers/lastz.maf
chr2L_6076424-6076624__chr2L_6090073-6090445	OK	0	0	0.0	/Users/jillianness/Downloads/new_LASTZ_analysis/enhancer_extraction/enhancer_pairs/FBgn0031776_vm_sm/chr2L_6076424-6076624__chr2L_6090073-6090445/alignments/enhancers/lastz.maf
chr2L_6751919-6752178__chr2L_6772280-6772480	OK	0	0	0.0	/Users/jillianness/Downloads/new_LASTZ_analysis/enhancer_extraction/enhancer_pairs/FBgn0031857_sm/chr2L_6751919-6752178__chr2L_6772280-6772480/alignments/enhancers/lastz.maf
chr2L_6751919-6752178__chr2L_6787279-6787639	OK	0	0	0.0	/Users/jillianness/Downloads/new_LASTZ_analysis/enhancer_extraction/enhancer_pairs/FBgn0031857_sm/chr2L_6751919-6752178__chr2L_6787279-6787639/alignments/enhancers/lastz.maf
chr2L_6772280-6772480__chr2L_6787279-6787639	OK	0	0	0.0	/Users/jillianness/Downloads/new_LASTZ_analysis/enhancer_extraction/enhancer_pairs/FBgn0031857_sm/chr2L_6772280-6772480__chr2L_6787279-6787639/alignments/enhancers/lastz.maf
chr2L_7126464-7126736__chr2L_7133794-7134306	OK	0	0	0.0	/Users/jillianness/Downloads/new_LASTZ_analysis/enhancer_extraction/enhancer_pairs/FBgn0031895_vm/chr2L_7126464-7126736__chr2L_7133794-7134306/alignments/enhancers/lastz.maf
chr2L_7126464-7126736__chr2L_7157539-7157943	OK	0	0	0.0	/Users/jillianness/Downloads/new_LASTZ_analysis/enhancer_extraction/enhancer_pairs/FBgn0031895_vm/chr2L_7126464-7126736__chr2L_7157539-7157943/alignments/enhancers/lastz.maf
chr2L_7133794-7134306__chr2L_7157539-7157943	OK	0	0	0.0	/Users/jillianness/Downloads/new_LASTZ_analysis/enhancer_extraction/enhancer_pairs/FBgn0031895_vm/chr2L_7133794-7134306__chr2L_7157539-7157943/alignments/enhancers/lastz.maf
chr2L_7340816-7341016__chr2L_7398789-7398989	OK	0	0	0.0	/Users/jillianness/Downloads/new_LASTZ_analysis/enhancer_extraction/enhancer_pairs/FBgn0031908_sm/chr2L_7340816-7341016__chr2L_7398789-7398989/alignments/enhancers/lastz.maf
chr2L_7340816-7341016__chr2L_7401211-7401411	OK	0	0	0.0	/Users/jillianness/Downloads/new_LASTZ_analysis/enhancer_extraction/enhancer_pairs/FBgn0031908_sm/chr2L_7340816-7341016__chr2L_7401211-7401411/alignments/enhancers/lastz.maf
chr2L_7340816-7341016__chr2L_7404967-7405167	OK	0	0	0.0	/Users/jillianness/Downloads/new_LASTZ_analysis/enhancer_extraction/enhancer_pairs/FBgn0031908_sm/chr2L_7340816-7341016__chr2L_7404967-7405167/alignments/enhancers/lastz.maf
chr2L_7340816-7341016__chr2L_7407733-7408080	OK	0	0	0.0	/Users/jillianness/Downloads/new_LASTZ_analysis/enhancer_extraction/enhancer_pairs/FBgn0031908_sm/chr2L_7340816-7341016__chr2L_7407733-7408080/alignments/enhancers/lastz.maf
chr2L_7398789-7398989__chr2L_7401211-7401411	OK	0	0	0.0	/Users/jillianness/Downloads/new_LASTZ_analysis/enhancer_extraction/enhancer_pairs/FBgn0031908_sm/chr2L_7398789-7398989__chr2L_7401211-7401411/alignments/enhancers/lastz.maf
chr2L_7398789-7398989__chr2L_7404967-7405167	OK	0	0	0.0	/Users/jillianness/Downloads/new_LASTZ_analysis/enhancer_extraction/enhancer_pairs/FBgn0031908_sm/chr2L_7398789-7398989__chr2L_7404967-7405167/alignments/enhancers/lastz.maf
chr2L_7398789-7398989__chr2L_7407733-7408080	OK	0	0	0.0	/Users/jillianness/Downloads/new_LASTZ_analysis/enhancer_extraction/enhancer_pairs/FBgn0031908_sm/chr2L_7398789-7398989__chr2L_7407733-7408080/alignments/enhancers/lastz.maf
chr2L_7401211-7401411__chr2L_7404967-7405167	OK	0	0	0.0	/Users/jillianness/Downloads/new_LASTZ_analysis/enhancer_extraction/enhancer_pairs/FBgn0031908_sm/chr2L_7401211-7401411__chr2L_7404967-7405167/alignments/enhancers/lastz.maf
chr2L_7401211-7401411__chr2L_7407733-7408080	OK	0	0	0.0	/Users/jillianness/Downloads/new_LASTZ_analysis/enhancer_extraction/enhancer_pairs/FBgn0031908_sm/chr2L_7401211-7401411__chr2L_7407733-7408080/alignments/enhancers/lastz.maf
chr2L_7404967-7405167__chr2L_7407733-7408080	OK	0	0	0.0	/Users/jillianness/Downloads/new_LASTZ_analysis/enhancer_extraction/enhancer_pairs/FBgn0031908_sm/chr2L_7404967-7405167__chr2L_7407733-7408080/alignments/enhancers/lastz.maf
chr2L_7912619-7912927__chr2L_7915086-7915342	OK	0	0	0.0	/Users/jillianness/Downloads/new_LASTZ_analysis/enhancer_extraction/enhancer_pairs/FBgn0031959_sm/chr2L_7912619-7912927__chr2L_7915086-7915342/alignments/enhancers/lastz.maf
chr2L_7994243-7994806__chr2L_8002181-8002417	OK	0	0	0.0	/Users/jillianness/Downloads/new_LASTZ_analysis/enhancer_extraction/enhancer_pairs/FBgn0031971_vm_sm/chr2L_7994243-7994806__chr2L_8002181-8002417/alignments/enhancers/lastz.maf
chr2L_9525656-9525929__chr2L_9551353-9551553	OK	0	0	0.0	/Users/jillianness/Downloads/new_LASTZ_analysis/enhancer_extraction/enhancer_pairs/FBgn0032129_sm/chr2L_9525656-9525929__chr2L_9551353-9551553/alignments/enhancers/lastz.maf
chr2L_9525656-9525929__chr2L_9558167-9558367	OK	0	0	0.0	/Users/jillianness/Downloads/new_LASTZ_analysis/enhancer_extraction/enhancer_pairs/FBgn0032129_sm/chr2L_9525656-9525929__chr2L_9558167-9558367/alignments/enhancers/lastz.maf
chr2L_9551353-9551553__chr2L_9558167-9558367	OK	0	0	0.0	/Users/jillianness/Downloads/new_LASTZ_analysis/enhancer_extraction/enhancer_pairs/FBgn0032129_sm/chr2L_9551353-9551553__chr2L_9558167-9558367/alignments/enhancers/lastz.maf
chr2L_12003862-12004365__chr2L_12007022-12007307	OK	0	0	0.0	/Users/jillianness/Downloads/new_LASTZ_analysis/enhancer_extraction/enhancer_pairs/FBgn0032393_vm/chr2L_12003862-12004365__chr2L_12007022-12007307/alignments/enhancers/lastz.maf
chr2L_12003862-12004365__chr2L_12009847-12010112	OK	0	0	0.0	/Users/jillianness/Downloads/new_LASTZ_analysis/enhancer_extraction/enhancer_pairs/FBgn0032393_vm/chr2L_12003862-12004365__chr2L_12009847-12010112/alignments/enhancers/lastz.maf
chr2L_12007022-12007307__chr2L_12009847-12010112	OK	0	0	0.0	/Users/jillianness/Downloads/new_LASTZ_analysis/enhancer_extraction/enhancer_pairs/FBgn0032393_vm/chr2L_12007022-12007307__chr2L_12009847-12010112/alignments/enhancers/lastz.maf
chr2L_12594000-12594200__chr2L_12617842-12618274	OK	0	0	0.0	/Users/jillianness/Downloads/new_LASTZ_analysis/enhancer_extraction/enhancer_pairs/FBgn0032444_sm/chr2L_12594000-12594200__chr2L_12617842-12618274/alignments/enhancers/lastz.maf
chr2L_12594000-12594200__chr2L_12655423-12655623	OK	0	0	0.0	/Users/jillianness/Downloads/new_LASTZ_analysis/enhancer_extraction/enhancer_pairs/FBgn0032444_sm/chr2L_12594000-12594200__chr2L_12655423-12655623/alignments/enhancers/lastz.maf
chr2L_12617842-12618274__chr2L_12655423-12655623	OK	0	0	0.0	/Users/jillianness/Downloads/new_LASTZ_analysis/enhancer_extraction/enhancer_pairs/FBgn0032444_sm/chr2L_12617842-12618274__chr2L_12655423-12655623/alignments/enhancers/lastz.maf
chr2L_12617842-12618274__chr2L_12655423-12655623	OK	0	0	0.0	/Users/jillianness/Downloads/new_LASTZ_analysis/enhancer_extraction/enhancer_pairs/FBgn0032444_vm/chr2L_12617842-12618274__chr2L_12655423-12655623/alignments/enhancers/lastz.maf
chr2L_13203632-13203855__chr2L_13205136-13205433	OK	0	0	0.0	/Users/jillianness/Downloads/new_LASTZ_analysis/enhancer_extraction/enhancer_pairs/FBgn0032485_sm/chr2L_13203632-13203855__chr2L_13205136-13205433/alignments/enhancers/lastz.maf
chr2L_13211918-13212118__chr2L_13215675-13216164	OK	1	200	99.0	/Users/jillianness/Downloads/new_LASTZ_analysis/enhancer_extraction/enhancer_pairs/FBgn0032487_Spearman/chr2L_13211918-13212118__chr2L_13215675-13216164/alignments/enhancers/lastz.maf
chr2L_13211918-13212118__chr2L_13225382-13225582	OK	0	0	0.0	/Users/jillianness/Downloads/new_LASTZ_analysis/enhancer_extraction/enhancer_pairs/FBgn0032487_Spearman/chr2L_13211918-13212118__chr2L_13225382-13225582/alignments/enhancers/lastz.maf
chr2L_13211918-13212118__chr2L_13229384-13229619	OK	0	0	0.0	/Users/jillianness/Downloads/new_LASTZ_analysis/enhancer_extraction/enhancer_pairs/FBgn0032487_Spearman/chr2L_13211918-13212118__chr2L_13229384-13229619/alignments/enhancers/lastz.maf
chr2L_13215675-13216164__chr2L_13225382-13225582	OK	0	0	0.0	/Users/jillianness/Downloads/new_LASTZ_analysis/enhancer_extraction/enhancer_pairs/FBgn0032487_Spearman/chr2L_13215675-13216164__chr2L_13225382-13225582/alignments/enhancers/lastz.maf
chr2L_13215675-13216164__chr2L_13229384-13229619	OK	0	0	0.0	/Users/jillianness/Downloads/new_LASTZ_analysis/enhancer_extraction/enhancer_pairs/FBgn0032487_Spearman/chr2L_13215675-13216164__chr2L_13229384-13229619/alignments/enhancers/lastz.maf
chr2L_13225382-13225582__chr2L_13229384-13229619	OK	0	0	0.0	/Users/jillianness/Downloads/new_LASTZ_analysis/enhancer_extraction/enhancer_pairs/FBgn0032487_Spearman/chr2L_13225382-13225582__chr2L_13229384-13229619/alignments/enhancers/lastz.maf
chr2L_13254815-13255036__chr2L_13260602-13260802	OK	0	0	0.0	/Users/jillianness/Downloads/new_LASTZ_analysis/enhancer_extraction/enhancer_pairs/FBgn0032497_sm/chr2L_13254815-13255036__chr2L_13260602-13260802/alignments/enhancers/lastz.maf
chr2L_18476378-18477012__chr2L_18498013-18498258	OK	0	0	0.0	/Users/jillianness/Downloads/new_LASTZ_analysis/enhancer_extraction/enhancer_pairs/FBgn0032683_sm/chr2L_18476378-18477012__chr2L_18498013-18498258/alignments/enhancers/lastz.maf
chr2L_18926370-18926570__chr2L_18972587-18973068	OK	0	0	0.0	/Users/jillianness/Downloads/new_LASTZ_analysis/enhancer_extraction/enhancer_pairs/FBgn0032724_Spearman/chr2L_18926370-18926570__chr2L_18972587-18973068/alignments/enhancers/lastz.maf
chr2L_18977432-18977644__chr2L_18977693-18978042	OK	0	0	0.0	/Users/jillianness/Downloads/new_LASTZ_analysis/enhancer_extraction/enhancer_pairs/FBgn0032731_vm/chr2L_18977432-18977644__chr2L_18977693-18978042/alignments/enhancers/lastz.maf
chr2L_19759686-19760051__chr2L_19760541-19760780	OK	0	0	0.0	/Users/jillianness/Downloads/new_LASTZ_analysis/enhancer_extraction/enhancer_pairs/FBgn0032820_vm_sm/chr2L_19759686-19760051__chr2L_19760541-19760780/alignments/enhancers/lastz.maf
chr2L_20468678-20469091__chr2L_20473787-20474193	OK	0	0	0.0	/Users/jillianness/Downloads/new_LASTZ_analysis/enhancer_extraction/enhancer_pairs/FBgn0032864_meso/chr2L_20468678-20469091__chr2L_20473787-20474193/alignments/enhancers/lastz.maf
chr2L_21831155-21831728__chr2L_21835079-21835348	OK	0	0	0.0	/Users/jillianness/Downloads/new_LASTZ_analysis/enhancer_extraction/enhancer_pairs/FBgn0032961_Spearman/chr2L_21831155-21831728__chr2L_21835079-21835348/alignments/enhancers/lastz.maf
chr2L_21831155-21831728__chr2L_21835353-21835553	OK	0	0	0.0	/Users/jillianness/Downloads/new_LASTZ_analysis/enhancer_extraction/enhancer_pairs/FBgn0032961_Spearman/chr2L_21831155-21831728__chr2L_21835353-21835553/alignments/enhancers/lastz.maf
chr2L_21831155-21831728__chr2L_21836087-21836312	OK	0	0	0.0	/Users/jillianness/Downloads/new_LASTZ_analysis/enhancer_extraction/enhancer_pairs/FBgn0032961_Spearman/chr2L_21831155-21831728__chr2L_21836087-21836312/alignments/enhancers/lastz.maf
chr2L_21831155-21831728__chr2L_21839073-21839412	OK	0	0	0.0	/Users/jillianness/Downloads/new_LASTZ_analysis/enhancer_extraction/enhancer_pairs/FBgn0032961_Spearman/chr2L_21831155-21831728__chr2L_21839073-21839412/alignments/enhancers/lastz.maf
chr2L_21831155-21831728__chr2L_21840673-21841262	OK	0	0	0.0	/Users/jillianness/Downloads/new_LASTZ_analysis/enhancer_extraction/enhancer_pairs/FBgn0032961_Spearman/chr2L_21831155-21831728__chr2L_21840673-21841262/alignments/enhancers/lastz.maf
chr2L_21835079-21835348__chr2L_21835353-21835553	OK	0	0	0.0	/Users/jillianness/Downloads/new_LASTZ_analysis/enhancer_extraction/enhancer_pairs/FBgn0032961_Spearman/chr2L_21835079-21835348__chr2L_21835353-21835553/alignments/enhancers/lastz.maf
chr2L_21835079-21835348__chr2L_21836087-21836312	OK	0	0	0.0	/Users/jillianness/Downloads/new_LASTZ_analysis/enhancer_extraction/enhancer_pairs/FBgn0032961_Spearman/chr2L_21835079-21835348__chr2L_21836087-21836312/alignments/enhancers/lastz.maf
chr2L_21835079-21835348__chr2L_21839073-21839412	OK	0	0	0.0	/Users/jillianness/Downloads/new_LASTZ_analysis/enhancer_extraction/enhancer_pairs/FBgn0032961_Spearman/chr2L_21835079-21835348__chr2L_21839073-21839412/alignments/enhancers/lastz.maf
chr2L_21835079-21835348__chr2L_21840673-21841262	OK	0	0	0.0	/Users/jillianness/Downloads/new_LASTZ_analysis/enhancer_extraction/enhancer_pairs/FBgn0032961_Spearman/chr2L_21835079-21835348__chr2L_21840673-21841262/alignments/enhancers/lastz.maf
chr2L_21835353-21835553__chr2L_21836087-21836312	OK	0	0	0.0	/Users/jillianness/Downloads/new_LASTZ_analysis/enhancer_extraction/enhancer_pairs/FBgn0032961_Spearman/chr2L_21835353-21835553__chr2L_21836087-21836312/alignments/enhancers/lastz.maf
chr2L_21835353-21835553__chr2L_21839073-21839412	OK	0	0	0.0	/Users/jillianness/Downloads/new_LASTZ_analysis/enhancer_extraction/enhancer_pairs/FBgn0032961_Spearman/chr2L_21835353-21835553__chr2L_21839073-21839412/alignments/enhancers/lastz.maf
chr2L_21835353-21835553__chr2L_21840673-21841262	OK	0	0	0.0	/Users/jillianness/Downloads/new_LASTZ_analysis/enhancer_extraction/enhancer_pairs/FBgn0032961_Spearman/chr2L_21835353-21835553__chr2L_21840673-21841262/alignments/enhancers/lastz.maf
chr2L_21836087-21836312__chr2L_21839073-21839412	OK	0	0	0.0	/Users/jillianness/Downloads/new_LASTZ_analysis/enhancer_extraction/enhancer_pairs/FBgn0032961_Spearman/chr2L_21836087-21836312__chr2L_21839073-21839412/alignments/enhancers/lastz.maf
chr2L_21836087-21836312__chr2L_21840673-21841262	OK	0	0	0.0	/Users/jillianness/Downloads/new_LASTZ_analysis/enhancer_extraction/enhancer_pairs/FBgn0032961_Spearman/chr2L_21836087-21836312__chr2L_21840673-21841262/alignments/enhancers/lastz.maf
chr2L_21839073-21839412__chr2L_21840673-21841262	OK	0	0	0.0	/Users/jillianness/Downloads/new_LASTZ_analysis/enhancer_extraction/enhancer_pairs/FBgn0032961_Spearman/chr2L_21839073-21839412__chr2L_21840673-21841262/alignments/enhancers/lastz.maf
chr2L_21831155-21831728__chr2L_21840673-21841262	OK	0	0	0.0	/Users/jillianness/Downloads/new_LASTZ_analysis/enhancer_extraction/enhancer_pairs/FBgn0032961_sm/chr2L_21831155-21831728__chr2L_21840673-21841262/alignments/enhancers/lastz.maf
chr2R_7091539-7091739__chr2R_7110660-7110941	OK	0	0	0.0	/Users/jillianness/Downloads/new_LASTZ_analysis/enhancer_extraction/enhancer_pairs/FBgn0033179_Spearman/chr2R_7091539-7091739__chr2R_7110660-7110941/alignments/enhancers/lastz.maf
chr2R_7091539-7091739__chr2R_7112270-7112595	OK	0	0	0.0	/Users/jillianness/Downloads/new_LASTZ_analysis/enhancer_extraction/enhancer_pairs/FBgn0033179_Spearman/chr2R_7091539-7091739__chr2R_7112270-7112595/alignments/enhancers/lastz.maf
chr2R_7110660-7110941__chr2R_7112270-7112595	OK	0	0	0.0	/Users/jillianness/Downloads/new_LASTZ_analysis/enhancer_extraction/enhancer_pairs/FBgn0033179_Spearman/chr2R_7110660-7110941__chr2R_7112270-7112595/alignments/enhancers/lastz.maf
chr2R_8264126-8264454__chr2R_8266328-8266674	OK	0	0	0.0	/Users/jillianness/Downloads/new_LASTZ_analysis/enhancer_extraction/enhancer_pairs/FBgn0033310_Spearman/chr2R_8264126-8264454__chr2R_8266328-8266674/alignments/enhancers/lastz.maf
chr2R_8260764-8261094__chr2R_8264126-8264454	OK	0	0	0.0	/Users/jillianness/Downloads/new_LASTZ_analysis/enhancer_extraction/enhancer_pairs/FBgn0033310_meso/chr2R_8260764-8261094__chr2R_8264126-8264454/alignments/enhancers/lastz.maf
chr2R_9176883-9177262__chr2R_9178347-9178768	OK	0	0	0.0	/Users/jillianness/Downloads/new_LASTZ_analysis/enhancer_extraction/enhancer_pairs/FBgn0033426_Spearman/chr2R_9176883-9177262__chr2R_9178347-9178768/alignments/enhancers/lastz.maf
chr2R_9168156-9168363__chr2R_9176883-9177262	OK	0	0	0.0	/Users/jillianness/Downloads/new_LASTZ_analysis/enhancer_extraction/enhancer_pairs/FBgn0033426_vm_sm/chr2R_9168156-9168363__chr2R_9176883-9177262/alignments/enhancers/lastz.maf
chr2R_9168156-9168363__chr2R_9178347-9178768	OK	0	0	0.0	/Users/jillianness/Downloads/new_LASTZ_analysis/enhancer_extraction/enhancer_pairs/FBgn0033426_vm_sm/chr2R_9168156-9168363__chr2R_9178347-9178768/alignments/enhancers/lastz.maf
chr2R_9168156-9168363__chr2R_9189407-9189607	OK	0	0	0.0	/Users/jillianness/Downloads/new_LASTZ_analysis/enhancer_extraction/enhancer_pairs/FBgn0033426_vm_sm/chr2R_9168156-9168363__chr2R_9189407-9189607/alignments/enhancers/lastz.maf
chr2R_9176883-9177262__chr2R_9178347-9178768	OK	0	0	0.0	/Users/jillianness/Downloads/new_LASTZ_analysis/enhancer_extraction/enhancer_pairs/FBgn0033426_vm_sm/chr2R_9176883-9177262__chr2R_9178347-9178768/alignments/enhancers/lastz.maf
chr2R_9176883-9177262__chr2R_9189407-9189607	OK	0	0	0.0	/Users/jillianness/Downloads/new_LASTZ_analysis/enhancer_extraction/enhancer_pairs/FBgn0033426_vm_sm/chr2R_9176883-9177262__chr2R_9189407-9189607/alignments/enhancers/lastz.maf
chr2R_9178347-9178768__chr2R_9189407-9189607	OK	0	0	0.0	/Users/jillianness/Downloads/new_LASTZ_analysis/enhancer_extraction/enhancer_pairs/FBgn0033426_vm_sm/chr2R_9178347-9178768__chr2R_9189407-9189607/alignments/enhancers/lastz.maf
chr2R_9492171-9492437__chr2R_9492733-9492933	OK	0	0	0.0	/Users/jillianness/Downloads/new_LASTZ_analysis/enhancer_extraction/enhancer_pairs/FBgn0033454_Spearman/chr2R_9492171-9492437__chr2R_9492733-9492933/alignments/enhancers/lastz.maf
chr2R_9900668-9901086__chr2R_9911877-9912145	OK	0	0	0.0	/Users/jillianness/Downloads/new_LASTZ_analysis/enhancer_extraction/enhancer_pairs/FBgn0033504_vm/chr2R_9900668-9901086__chr2R_9911877-9912145/alignments/enhancers/lastz.maf
chr2R_9900668-9901086__chr2R_9936639-9936952	OK	0	0	0.0	/Users/jillianness/Downloads/new_LASTZ_analysis/enhancer_extraction/enhancer_pairs/FBgn0033504_vm/chr2R_9900668-9901086__chr2R_9936639-9936952/alignments/enhancers/lastz.maf
chr2R_9900668-9901086__chr2R_9938636-9938836	OK	0	0	0.0	/Users/jillianness/Downloads/new_LASTZ_analysis/enhancer_extraction/enhancer_pairs/FBgn0033504_vm/chr2R_9900668-9901086__chr2R_9938636-9938836/alignments/enhancers/lastz.maf
chr2R_9900668-9901086__chr2R_9940074-9940569	OK	0	0	0.0	/Users/jillianness/Downloads/new_LASTZ_analysis/enhancer_extraction/enhancer_pairs/FBgn0033504_vm/chr2R_9900668-9901086__chr2R_9940074-9940569/alignments/enhancers/lastz.maf
chr2R_9911877-9912145__chr2R_9936639-9936952	OK	0	0	0.0	/Users/jillianness/Downloads/new_LASTZ_analysis/enhancer_extraction/enhancer_pairs/FBgn0033504_vm/chr2R_9911877-9912145__chr2R_9936639-9936952/alignments/enhancers/lastz.maf
chr2R_9911877-9912145__chr2R_9938636-9938836	OK	0	0	0.0	/Users/jillianness/Downloads/new_LASTZ_analysis/enhancer_extraction/enhancer_pairs/FBgn0033504_vm/chr2R_9911877-9912145__chr2R_9938636-9938836/alignments/enhancers/lastz.maf
chr2R_9911877-9912145__chr2R_9940074-9940569	OK	0	0	0.0	/Users/jillianness/Downloads/new_LASTZ_analysis/enhancer_extraction/enhancer_pairs/FBgn0033504_vm/chr2R_9911877-9912145__chr2R_9940074-9940569/alignments/enhancers/lastz.maf
chr2R_9936639-9936952__chr2R_9938636-9938836	OK	0	0	0.0	/Users/jillianness/Downloads/new_LASTZ_analysis/enhancer_extraction/enhancer_pairs/FBgn0033504_vm/chr2R_9936639-9936952__chr2R_9938636-9938836/alignments/enhancers/lastz.maf
chr2R_9936639-9936952__chr2R_9940074-9940569	OK	0	0	0.0	/Users/jillianness/Downloads/new_LASTZ_analysis/enhancer_extraction/enhancer_pairs/FBgn0033504_vm/chr2R_9936639-9936952__chr2R_9940074-9940569/alignments/enhancers/lastz.maf
chr2R_9938636-9938836__chr2R_9940074-9940569	OK	0	0	0.0	/Users/jillianness/Downloads/new_LASTZ_analysis/enhancer_extraction/enhancer_pairs/FBgn0033504_vm/chr2R_9938636-9938836__chr2R_9940074-9940569/alignments/enhancers/lastz.maf
chr2R_10273454-10273813__chr2R_10301567-10301767	OK	0	0	0.0	/Users/jillianness/Downloads/new_LASTZ_analysis/enhancer_extraction/enhancer_pairs/FBgn0033539_sm/chr2R_10273454-10273813__chr2R_10301567-10301767/alignments/enhancers/lastz.maf
chr2R_10731714-10732027__chr2R_10732567-10732946	OK	0	0	0.0	/Users/jillianness/Downloads/new_LASTZ_analysis/enhancer_extraction/enhancer_pairs/FBgn0033581_sm/chr2R_10731714-10732027__chr2R_10732567-10732946/alignments/enhancers/lastz.maf
chr2R_10674070-10674314__chr2R_10724722-10724928	OK	0	0	0.0	/Users/jillianness/Downloads/new_LASTZ_analysis/enhancer_extraction/enhancer_pairs/FBgn0033581_vm/chr2R_10674070-10674314__chr2R_10724722-10724928/alignments/enhancers/lastz.maf
chr2R_10674070-10674314__chr2R_10731714-10732027	OK	0	0	0.0	/Users/jillianness/Downloads/new_LASTZ_analysis/enhancer_extraction/enhancer_pairs/FBgn0033581_vm/chr2R_10674070-10674314__chr2R_10731714-10732027/alignments/enhancers/lastz.maf
chr2R_10674070-10674314__chr2R_10732567-10732946	OK	0	0	0.0	/Users/jillianness/Downloads/new_LASTZ_analysis/enhancer_extraction/enhancer_pairs/FBgn0033581_vm/chr2R_10674070-10674314__chr2R_10732567-10732946/alignments/enhancers/lastz.maf
chr2R_10674070-10674314__chr2R_10734849-10735149	OK	0	0	0.0	/Users/jillianness/Downloads/new_LASTZ_analysis/enhancer_extraction/enhancer_pairs/FBgn0033581_vm/chr2R_10674070-10674314__chr2R_10734849-10735149/alignments/enhancers/lastz.maf
chr2R_10724722-10724928__chr2R_10731714-10732027	OK	0	0	0.0	/Users/jillianness/Downloads/new_LASTZ_analysis/enhancer_extraction/enhancer_pairs/FBgn0033581_vm/chr2R_10724722-10724928__chr2R_10731714-10732027/alignments/enhancers/lastz.maf
chr2R_10724722-10724928__chr2R_10732567-10732946	OK	0	0	0.0	/Users/jillianness/Downloads/new_LASTZ_analysis/enhancer_extraction/enhancer_pairs/FBgn0033581_vm/chr2R_10724722-10724928__chr2R_10732567-10732946/alignments/enhancers/lastz.maf
chr2R_10724722-10724928__chr2R_10734849-10735149	OK	0	0	0.0	/Users/jillianness/Downloads/new_LASTZ_analysis/enhancer_extraction/enhancer_pairs/FBgn0033581_vm/chr2R_10724722-10724928__chr2R_10734849-10735149/alignments/enhancers/lastz.maf
chr2R_10731714-10732027__chr2R_10732567-10732946	OK	0	0	0.0	/Users/jillianness/Downloads/new_LASTZ_analysis/enhancer_extraction/enhancer_pairs/FBgn0033581_vm/chr2R_10731714-10732027__chr2R_10732567-10732946/alignments/enhancers/lastz.maf
chr2R_10731714-10732027__chr2R_10734849-10735149	OK	0	0	0.0	/Users/jillianness/Downloads/new_LASTZ_analysis/enhancer_extraction/enhancer_pairs/FBgn0033581_vm/chr2R_10731714-10732027__chr2R_10734849-10735149/alignments/enhancers/lastz.maf
chr2R_10732567-10732946__chr2R_10734849-10735149	OK	0	0	0.0	/Users/jillianness/Downloads/new_LASTZ_analysis/enhancer_extraction/enhancer_pairs/FBgn0033581_vm/chr2R_10732567-10732946__chr2R_10734849-10735149/alignments/enhancers/lastz.maf
chr2R_11254848-11255163__chr2R_11259263-11259645	OK	0	0	0.0	/Users/jillianness/Downloads/new_LASTZ_analysis/enhancer_extraction/enhancer_pairs/FBgn0033638_sm/chr2R_11254848-11255163__chr2R_11259263-11259645/alignments/enhancers/lastz.maf
chr2R_11254848-11255163__chr2R_11260888-11261343	OK	0	0	0.0	/Users/jillianness/Downloads/new_LASTZ_analysis/enhancer_extraction/enhancer_pairs/FBgn0033638_sm/chr2R_11254848-11255163__chr2R_11260888-11261343/alignments/enhancers/lastz.maf
chr2R_11254848-11255163__chr2R_11280746-11281085	OK	0	0	0.0	/Users/jillianness/Downloads/new_LASTZ_analysis/enhancer_extraction/enhancer_pairs/FBgn0033638_sm/chr2R_11254848-11255163__chr2R_11280746-11281085/alignments/enhancers/lastz.maf
chr2R_11259263-11259645__chr2R_11260888-11261343	OK	0	0	0.0	/Users/jillianness/Downloads/new_LASTZ_analysis/enhancer_extraction/enhancer_pairs/FBgn0033638_sm/chr2R_11259263-11259645__chr2R_11260888-11261343/alignments/enhancers/lastz.maf
chr2R_11259263-11259645__chr2R_11280746-11281085	OK	0	0	0.0	/Users/jillianness/Downloads/new_LASTZ_analysis/enhancer_extraction/enhancer_pairs/FBgn0033638_sm/chr2R_11259263-11259645__chr2R_11280746-11281085/alignments/enhancers/lastz.maf
chr2R_11260888-11261343__chr2R_11280746-11281085	OK	0	0	0.0	/Users/jillianness/Downloads/new_LASTZ_analysis/enhancer_extraction/enhancer_pairs/FBgn0033638_sm/chr2R_11260888-11261343__chr2R_11280746-11281085/alignments/enhancers/lastz.maf
chr2R_11439695-11439903__chr2R_11467535-11467813	OK	0	0	0.0	/Users/jillianness/Downloads/new_LASTZ_analysis/enhancer_extraction/enhancer_pairs/FBgn0033654_vm_sm/chr2R_11439695-11439903__chr2R_11467535-11467813/alignments/enhancers/lastz.maf
chr2R_12529393-12529661__chr2R_12556332-12556741	OK	0	0	0.0	/Users/jillianness/Downloads/new_LASTZ_analysis/enhancer_extraction/enhancer_pairs/FBgn0033782_vm_sm/chr2R_12529393-12529661__chr2R_12556332-12556741/alignments/enhancers/lastz.maf
chr2R_12529393-12529661__chr2R_12587132-12587415	OK	0	0	0.0	/Users/jillianness/Downloads/new_LASTZ_analysis/enhancer_extraction/enhancer_pairs/FBgn0033782_vm_sm/chr2R_12529393-12529661__chr2R_12587132-12587415/alignments/enhancers/lastz.maf
chr2R_12556332-12556741__chr2R_12587132-12587415	OK	0	0	0.0	/Users/jillianness/Downloads/new_LASTZ_analysis/enhancer_extraction/enhancer_pairs/FBgn0033782_vm_sm/chr2R_12556332-12556741__chr2R_12587132-12587415/alignments/enhancers/lastz.maf
chr2R_13653626-13653909__chr2R_13656883-13657258	OK	0	0	0.0	/Users/jillianness/Downloads/new_LASTZ_analysis/enhancer_extraction/enhancer_pairs/FBgn0033891_sm/chr2R_13653626-13653909__chr2R_13656883-13657258/alignments/enhancers/lastz.maf
chr2R_14874175-14874447__chr2R_14877876-14878280	OK	1	226	70.35	/Users/jillianness/Downloads/new_LASTZ_analysis/enhancer_extraction/enhancer_pairs/FBgn0033998_vm/chr2R_14874175-14874447__chr2R_14877876-14878280/alignments/enhancers/lastz.maf
chr2R_14977821-14978455__chr2R_14980641-14981129	OK	0	0	0.0	/Users/jillianness/Downloads/new_LASTZ_analysis/enhancer_extraction/enhancer_pairs/FBgn0034013_meso/chr2R_14977821-14978455__chr2R_14980641-14981129/alignments/enhancers/lastz.maf
chr2R_14977821-14978455__chr2R_15006081-15006369	OK	0	0	0.0	/Users/jillianness/Downloads/new_LASTZ_analysis/enhancer_extraction/enhancer_pairs/FBgn0034013_meso/chr2R_14977821-14978455__chr2R_15006081-15006369/alignments/enhancers/lastz.maf
chr2R_14980641-14981129__chr2R_15006081-15006369	OK	0	0	0.0	/Users/jillianness/Downloads/new_LASTZ_analysis/enhancer_extraction/enhancer_pairs/FBgn0034013_meso/chr2R_14980641-14981129__chr2R_15006081-15006369/alignments/enhancers/lastz.maf
chr2R_15720559-15720844__chr2R_15757455-15757986	OK	0	0	0.0	/Users/jillianness/Downloads/new_LASTZ_analysis/enhancer_extraction/enhancer_pairs/FBgn0034072_Spearman/chr2R_15720559-15720844__chr2R_15757455-15757986/alignments/enhancers/lastz.maf
chr2R_15720559-15720844__chr2R_15722835-15723089	OK	0	0	0.0	/Users/jillianness/Downloads/new_LASTZ_analysis/enhancer_extraction/enhancer_pairs/FBgn0034072_vm/chr2R_15720559-15720844__chr2R_15722835-15723089/alignments/enhancers/lastz.maf
chr2R_16159018-16159309__chr2R_16192711-16192911	OK	0	0	0.0	/Users/jillianness/Downloads/new_LASTZ_analysis/enhancer_extraction/enhancer_pairs/FBgn0034135_vm/chr2R_16159018-16159309__chr2R_16192711-16192911/alignments/enhancers/lastz.maf
chr2R_16412035-16412367__chr2R_16437328-16437751	OK	0	0	0.0	/Users/jillianness/Downloads/new_LASTZ_analysis/enhancer_extraction/enhancer_pairs/FBgn0034158_sm/chr2R_16412035-16412367__chr2R_16437328-16437751/alignments/enhancers/lastz.maf
chr2R_16642879-16643383__chr2R_16643578-16643778	OK	0	0	0.0	/Users/jillianness/Downloads/new_LASTZ_analysis/enhancer_extraction/enhancer_pairs/FBgn0034177_sm/chr2R_16642879-16643383__chr2R_16643578-16643778/alignments/enhancers/lastz.maf
chr2R_18615551-18615751__chr2R_18617352-18617561	OK	0	0	0.0	/Users/jillianness/Downloads/new_LASTZ_analysis/enhancer_extraction/enhancer_pairs/FBgn0034412_sm/chr2R_18615551-18615751__chr2R_18617352-18617561/alignments/enhancers/lastz.maf
chr2R_18615551-18615751__chr2R_18617926-18618126	OK	0	0	0.0	/Users/jillianness/Downloads/new_LASTZ_analysis/enhancer_extraction/enhancer_pairs/FBgn0034412_sm/chr2R_18615551-18615751__chr2R_18617926-18618126/alignments/enhancers/lastz.maf
chr2R_18617352-18617561__chr2R_18617926-18618126	OK	0	0	0.0	/Users/jillianness/Downloads/new_LASTZ_analysis/enhancer_extraction/enhancer_pairs/FBgn0034412_sm/chr2R_18617352-18617561__chr2R_18617926-18618126/alignments/enhancers/lastz.maf
chr2R_18929511-18929711__chr2R_18948523-18948792	OK	0	0	0.0	/Users/jillianness/Downloads/new_LASTZ_analysis/enhancer_extraction/enhancer_pairs/FBgn0034432_sm/chr2R_18929511-18929711__chr2R_18948523-18948792/alignments/enhancers/lastz.maf
chr2R_18929511-18929711__chr2R_18959548-18959748	OK	0	0	0.0	/Users/jillianness/Downloads/new_LASTZ_analysis/enhancer_extraction/enhancer_pairs/FBgn0034432_sm/chr2R_18929511-18929711__chr2R_18959548-18959748/alignments/enhancers/lastz.maf
chr2R_18948523-18948792__chr2R_18959548-18959748	OK	0	0	0.0	/Users/jillianness/Downloads/new_LASTZ_analysis/enhancer_extraction/enhancer_pairs/FBgn0034432_sm/chr2R_18948523-18948792__chr2R_18959548-18959748/alignments/enhancers/lastz.maf
chr2R_18959548-18959748__chr2R_19007537-19007740	OK	0	0	0.0	/Users/jillianness/Downloads/new_LASTZ_analysis/enhancer_extraction/enhancer_pairs/FBgn0034438_vm/chr2R_18959548-18959748__chr2R_19007537-19007740/alignments/enhancers/lastz.maf
chr2R_20820012-20820311__chr2R_20823130-20823330	OK	0	0	0.0	/Users/jillianness/Downloads/new_LASTZ_analysis/enhancer_extraction/enhancer_pairs/FBgn0034603_sm/chr2R_20820012-20820311__chr2R_20823130-20823330/alignments/enhancers/lastz.maf
chr2R_20932829-20933143__chr2R_20943416-20943828	OK	0	0	0.0	/Users/jillianness/Downloads/new_LASTZ_analysis/enhancer_extraction/enhancer_pairs/FBgn0034618_sm/chr2R_20932829-20933143__chr2R_20943416-20943828/alignments/enhancers/lastz.maf
chr2R_22018043-22018243__chr2R_22028414-22028775	OK	0	0	0.0	/Users/jillianness/Downloads/new_LASTZ_analysis/enhancer_extraction/enhancer_pairs/FBgn0034723_Spearman/chr2R_22018043-22018243__chr2R_22028414-22028775/alignments/enhancers/lastz.maf
chr2R_22166944-22167150__chr2R_22168230-22168438	OK	0	0	0.0	/Users/jillianness/Downloads/new_LASTZ_analysis/enhancer_extraction/enhancer_pairs/FBgn0034739_vm/chr2R_22166944-22167150__chr2R_22168230-22168438/alignments/enhancers/lastz.maf
chr3L_519120-519320__chr3L_575897-576292	OK	0	0	0.0	/Users/jillianness/Downloads/new_LASTZ_analysis/enhancer_extraction/enhancer_pairs/FBgn0035144_vm_sm/chr3L_519120-519320__chr3L_575897-576292/alignments/enhancers/lastz.maf
chr3L_519120-519320__chr3L_593649-593985	OK	0	0	0.0	/Users/jillianness/Downloads/new_LASTZ_analysis/enhancer_extraction/enhancer_pairs/FBgn0035144_vm_sm/chr3L_519120-519320__chr3L_593649-593985/alignments/enhancers/lastz.maf
chr3L_575897-576292__chr3L_593649-593985	OK	0	0	0.0	/Users/jillianness/Downloads/new_LASTZ_analysis/enhancer_extraction/enhancer_pairs/FBgn0035144_vm_sm/chr3L_575897-576292__chr3L_593649-593985/alignments/enhancers/lastz.maf
chr3L_663582-663782__chr3L_668956-669192	OK	0	0	0.0	/Users/jillianness/Downloads/new_LASTZ_analysis/enhancer_extraction/enhancer_pairs/FBgn0035153_Spearman/chr3L_663582-663782__chr3L_668956-669192/alignments/enhancers/lastz.maf
chr3L_647134-647334__chr3L_668956-669192	OK	0	0	0.0	/Users/jillianness/Downloads/new_LASTZ_analysis/enhancer_extraction/enhancer_pairs/FBgn0035153_sm/chr3L_647134-647334__chr3L_668956-669192/alignments/enhancers/lastz.maf
chr3L_647134-647334__chr3L_691733-692030	OK	0	0	0.0	/Users/jillianness/Downloads/new_LASTZ_analysis/enhancer_extraction/enhancer_pairs/FBgn0035153_sm/chr3L_647134-647334__chr3L_691733-692030/alignments/enhancers/lastz.maf
chr3L_668956-669192__chr3L_691733-692030	OK	0	0	0.0	/Users/jillianness/Downloads/new_LASTZ_analysis/enhancer_extraction/enhancer_pairs/FBgn0035153_sm/chr3L_668956-669192__chr3L_691733-692030/alignments/enhancers/lastz.maf
chr3L_754449-754819__chr3L_755481-755805	OK	0	0	0.0	/Users/jillianness/Downloads/new_LASTZ_analysis/enhancer_extraction/enhancer_pairs/FBgn0035162_vm/chr3L_754449-754819__chr3L_755481-755805/alignments/enhancers/lastz.maf
chr3L_754449-754819__chr3L_774464-774809	OK	0	0	0.0	/Users/jillianness/Downloads/new_LASTZ_analysis/enhancer_extraction/enhancer_pairs/FBgn0035162_vm/chr3L_754449-754819__chr3L_774464-774809/alignments/enhancers/lastz.maf
chr3L_755481-755805__chr3L_774464-774809	OK	0	0	0.0	/Users/jillianness/Downloads/new_LASTZ_analysis/enhancer_extraction/enhancer_pairs/FBgn0035162_vm/chr3L_755481-755805__chr3L_774464-774809/alignments/enhancers/lastz.maf
chr3L_2363266-2363496__chr3L_2402613-2402864	OK	0	0	0.0	/Users/jillianness/Downloads/new_LASTZ_analysis/enhancer_extraction/enhancer_pairs/FBgn0035335_Spearman/chr3L_2363266-2363496__chr3L_2402613-2402864/alignments/enhancers/lastz.maf
chr3L_2362087-2362296__chr3L_2383777-2384194	OK	0	0	0.0	/Users/jillianness/Downloads/new_LASTZ_analysis/enhancer_extraction/enhancer_pairs/FBgn0035335_sm/chr3L_2362087-2362296__chr3L_2383777-2384194/alignments/enhancers/lastz.maf
chr3L_2362087-2362296__chr3L_2402613-2402864	OK	0	0	0.0	/Users/jillianness/Downloads/new_LASTZ_analysis/enhancer_extraction/enhancer_pairs/FBgn0035335_sm/chr3L_2362087-2362296__chr3L_2402613-2402864/alignments/enhancers/lastz.maf
chr3L_2383777-2384194__chr3L_2402613-2402864	OK	0	0	0.0	/Users/jillianness/Downloads/new_LASTZ_analysis/enhancer_extraction/enhancer_pairs/FBgn0035335_sm/chr3L_2383777-2384194__chr3L_2402613-2402864/alignments/enhancers/lastz.maf
chr3L_2836046-2836310__chr3L_2852084-2852431	OK	0	0	0.0	/Users/jillianness/Downloads/new_LASTZ_analysis/enhancer_extraction/enhancer_pairs/FBgn0035379_sm/chr3L_2836046-2836310__chr3L_2852084-2852431/alignments/enhancers/lastz.maf
chr3L_2836046-2836310__chr3L_2890005-2890205	OK	0	0	0.0	/Users/jillianness/Downloads/new_LASTZ_analysis/enhancer_extraction/enhancer_pairs/FBgn0035379_sm/chr3L_2836046-2836310__chr3L_2890005-2890205/alignments/enhancers/lastz.maf
chr3L_2836046-2836310__chr3L_2902176-2902376	OK	0	0	0.0	/Users/jillianness/Downloads/new_LASTZ_analysis/enhancer_extraction/enhancer_pairs/FBgn0035379_sm/chr3L_2836046-2836310__chr3L_2902176-2902376/alignments/enhancers/lastz.maf
chr3L_2852084-2852431__chr3L_2890005-2890205	OK	0	0	0.0	/Users/jillianness/Downloads/new_LASTZ_analysis/enhancer_extraction/enhancer_pairs/FBgn0035379_sm/chr3L_2852084-2852431__chr3L_2890005-2890205/alignments/enhancers/lastz.maf
chr3L_2852084-2852431__chr3L_2902176-2902376	OK	0	0	0.0	/Users/jillianness/Downloads/new_LASTZ_analysis/enhancer_extraction/enhancer_pairs/FBgn0035379_sm/chr3L_2852084-2852431__chr3L_2902176-2902376/alignments/enhancers/lastz.maf
chr3L_2890005-2890205__chr3L_2902176-2902376	OK	0	0	0.0	/Users/jillianness/Downloads/new_LASTZ_analysis/enhancer_extraction/enhancer_pairs/FBgn0035379_sm/chr3L_2890005-2890205__chr3L_2902176-2902376/alignments/enhancers/lastz.maf
chr3L_3132600-3133003__chr3L_3148881-3149344	OK	0	0	0.0	/Users/jillianness/Downloads/new_LASTZ_analysis/enhancer_extraction/enhancer_pairs/FBgn0035404_sm/chr3L_3132600-3133003__chr3L_3148881-3149344/alignments/enhancers/lastz.maf
chr3L_4334437-4334651__chr3L_4392038-4392238	OK	0	0	0.0	/Users/jillianness/Downloads/new_LASTZ_analysis/enhancer_extraction/enhancer_pairs/FBgn0035539_vm/chr3L_4334437-4334651__chr3L_4392038-4392238/alignments/enhancers/lastz.maf
chr3L_4334437-4334651__chr3L_4394326-4394609	OK	0	0	0.0	/Users/jillianness/Downloads/new_LASTZ_analysis/enhancer_extraction/enhancer_pairs/FBgn0035539_vm/chr3L_4334437-4334651__chr3L_4394326-4394609/alignments/enhancers/lastz.maf
chr3L_4392038-4392238__chr3L_4394326-4394609	OK	0	0	0.0	/Users/jillianness/Downloads/new_LASTZ_analysis/enhancer_extraction/enhancer_pairs/FBgn0035539_vm/chr3L_4392038-4392238__chr3L_4394326-4394609/alignments/enhancers/lastz.maf
chr3L_5635219-5635576__chr3L_5635883-5636083	OK	0	0	0.0	/Users/jillianness/Downloads/new_LASTZ_analysis/enhancer_extraction/enhancer_pairs/FBgn0035626_sm/chr3L_5635219-5635576__chr3L_5635883-5636083/alignments/enhancers/lastz.maf
chr3L_5956989-5957371__chr3L_5961714-5961914	OK	0	0	0.0	/Users/jillianness/Downloads/new_LASTZ_analysis/enhancer_extraction/enhancer_pairs/FBgn0035656_Spearman/chr3L_5956989-5957371__chr3L_5961714-5961914/alignments/enhancers/lastz.maf
chr3L_5956989-5957371__chr3L_5963004-5963247	OK	0	0	0.0	/Users/jillianness/Downloads/new_LASTZ_analysis/enhancer_extraction/enhancer_pairs/FBgn0035656_Spearman/chr3L_5956989-5957371__chr3L_5963004-5963247/alignments/enhancers/lastz.maf
chr3L_5956989-5957371__chr3L_5969720-5970091	OK	0	0	0.0	/Users/jillianness/Downloads/new_LASTZ_analysis/enhancer_extraction/enhancer_pairs/FBgn0035656_Spearman/chr3L_5956989-5957371__chr3L_5969720-5970091/alignments/enhancers/lastz.maf
chr3L_5956989-5957371__chr3L_5973866-5974081	OK	0	0	0.0	/Users/jillianness/Downloads/new_LASTZ_analysis/enhancer_extraction/enhancer_pairs/FBgn0035656_Spearman/chr3L_5956989-5957371__chr3L_5973866-5974081/alignments/enhancers/lastz.maf
chr3L_5956989-5957371__chr3L_5974676-5975048	OK	0	0	0.0	/Users/jillianness/Downloads/new_LASTZ_analysis/enhancer_extraction/enhancer_pairs/FBgn0035656_Spearman/chr3L_5956989-5957371__chr3L_5974676-5975048/alignments/enhancers/lastz.maf
chr3L_5956989-5957371__chr3L_5975471-5975750	OK	0	0	0.0	/Users/jillianness/Downloads/new_LASTZ_analysis/enhancer_extraction/enhancer_pairs/FBgn0035656_Spearman/chr3L_5956989-5957371__chr3L_5975471-5975750/alignments/enhancers/lastz.maf
chr3L_5956989-5957371__chr3L_5977448-5977703	OK	0	0	0.0	/Users/jillianness/Downloads/new_LASTZ_analysis/enhancer_extraction/enhancer_pairs/FBgn0035656_Spearman/chr3L_5956989-5957371__chr3L_5977448-5977703/alignments/enhancers/lastz.maf
chr3L_5956989-5957371__chr3L_5982072-5982272	OK	0	0	0.0	/Users/jillianness/Downloads/new_LASTZ_analysis/enhancer_extraction/enhancer_pairs/FBgn0035656_Spearman/chr3L_5956989-5957371__chr3L_5982072-5982272/alignments/enhancers/lastz.maf
chr3L_5961714-5961914__chr3L_5963004-5963247	OK	0	0	0.0	/Users/jillianness/Downloads/new_LASTZ_analysis/enhancer_extraction/enhancer_pairs/FBgn0035656_Spearman/chr3L_5961714-5961914__chr3L_5963004-5963247/alignments/enhancers/lastz.maf
chr3L_5961714-5961914__chr3L_5969720-5970091	OK	0	0	0.0	/Users/jillianness/Downloads/new_LASTZ_analysis/enhancer_extraction/enhancer_pairs/FBgn0035656_Spearman/chr3L_5961714-5961914__chr3L_5969720-5970091/alignments/enhancers/lastz.maf
chr3L_5961714-5961914__chr3L_5973866-5974081	OK	0	0	0.0	/Users/jillianness/Downloads/new_LASTZ_analysis/enhancer_extraction/enhancer_pairs/FBgn0035656_Spearman/chr3L_5961714-5961914__chr3L_5973866-5974081/alignments/enhancers/lastz.maf
chr3L_5961714-5961914__chr3L_5974676-5975048	OK	0	0	0.0	/Users/jillianness/Downloads/new_LASTZ_analysis/enhancer_extraction/enhancer_pairs/FBgn0035656_Spearman/chr3L_5961714-5961914__chr3L_5974676-5975048/alignments/enhancers/lastz.maf
chr3L_5961714-5961914__chr3L_5975471-5975750	OK	0	0	0.0	/Users/jillianness/Downloads/new_LASTZ_analysis/enhancer_extraction/enhancer_pairs/FBgn0035656_Spearman/chr3L_5961714-5961914__chr3L_5975471-5975750/alignments/enhancers/lastz.maf
chr3L_5961714-5961914__chr3L_5977448-5977703	OK	0	0	0.0	/Users/jillianness/Downloads/new_LASTZ_analysis/enhancer_extraction/enhancer_pairs/FBgn0035656_Spearman/chr3L_5961714-5961914__chr3L_5977448-5977703/alignments/enhancers/lastz.maf
chr3L_5961714-5961914__chr3L_5982072-5982272	OK	0	0	0.0	/Users/jillianness/Downloads/new_LASTZ_analysis/enhancer_extraction/enhancer_pairs/FBgn0035656_Spearman/chr3L_5961714-5961914__chr3L_5982072-5982272/alignments/enhancers/lastz.maf
chr3L_5963004-5963247__chr3L_5969720-5970091	OK	0	0	0.0	/Users/jillianness/Downloads/new_LASTZ_analysis/enhancer_extraction/enhancer_pairs/FBgn0035656_Spearman/chr3L_5963004-5963247__chr3L_5969720-5970091/alignments/enhancers/lastz.maf
chr3L_5963004-5963247__chr3L_5973866-5974081	OK	0	0	0.0	/Users/jillianness/Downloads/new_LASTZ_analysis/enhancer_extraction/enhancer_pairs/FBgn0035656_Spearman/chr3L_5963004-5963247__chr3L_5973866-5974081/alignments/enhancers/lastz.maf
chr3L_5963004-5963247__chr3L_5974676-5975048	OK	0	0	0.0	/Users/jillianness/Downloads/new_LASTZ_analysis/enhancer_extraction/enhancer_pairs/FBgn0035656_Spearman/chr3L_5963004-5963247__chr3L_5974676-5975048/alignments/enhancers/lastz.maf
chr3L_5963004-5963247__chr3L_5975471-5975750	OK	0	0	0.0	/Users/jillianness/Downloads/new_LASTZ_analysis/enhancer_extraction/enhancer_pairs/FBgn0035656_Spearman/chr3L_5963004-5963247__chr3L_5975471-5975750/alignments/enhancers/lastz.maf
chr3L_5963004-5963247__chr3L_5977448-5977703	OK	0	0	0.0	/Users/jillianness/Downloads/new_LASTZ_analysis/enhancer_extraction/enhancer_pairs/FBgn0035656_Spearman/chr3L_5963004-5963247__chr3L_5977448-5977703/alignments/enhancers/lastz.maf
chr3L_5963004-5963247__chr3L_5982072-5982272	OK	0	0	0.0	/Users/jillianness/Downloads/new_LASTZ_analysis/enhancer_extraction/enhancer_pairs/FBgn0035656_Spearman/chr3L_5963004-5963247__chr3L_5982072-5982272/alignments/enhancers/lastz.maf
chr3L_5969720-5970091__chr3L_5973866-5974081	OK	0	0	0.0	/Users/jillianness/Downloads/new_LASTZ_analysis/enhancer_extraction/enhancer_pairs/FBgn0035656_Spearman/chr3L_5969720-5970091__chr3L_5973866-5974081/alignments/enhancers/lastz.maf
chr3L_5969720-5970091__chr3L_5974676-5975048	OK	0	0	0.0	/Users/jillianness/Downloads/new_LASTZ_analysis/enhancer_extraction/enhancer_pairs/FBgn0035656_Spearman/chr3L_5969720-5970091__chr3L_5974676-5975048/alignments/enhancers/lastz.maf
chr3L_5969720-5970091__chr3L_5975471-5975750	OK	0	0	0.0	/Users/jillianness/Downloads/new_LASTZ_analysis/enhancer_extraction/enhancer_pairs/FBgn0035656_Spearman/chr3L_5969720-5970091__chr3L_5975471-5975750/alignments/enhancers/lastz.maf
chr3L_5969720-5970091__chr3L_5977448-5977703	OK	0	0	0.0	/Users/jillianness/Downloads/new_LASTZ_analysis/enhancer_extraction/enhancer_pairs/FBgn0035656_Spearman/chr3L_5969720-5970091__chr3L_5977448-5977703/alignments/enhancers/lastz.maf
chr3L_5969720-5970091__chr3L_5982072-5982272	OK	0	0	0.0	/Users/jillianness/Downloads/new_LASTZ_analysis/enhancer_extraction/enhancer_pairs/FBgn0035656_Spearman/chr3L_5969720-5970091__chr3L_5982072-5982272/alignments/enhancers/lastz.maf
chr3L_5973866-5974081__chr3L_5974676-5975048	OK	0	0	0.0	/Users/jillianness/Downloads/new_LASTZ_analysis/enhancer_extraction/enhancer_pairs/FBgn0035656_Spearman/chr3L_5973866-5974081__chr3L_5974676-5975048/alignments/enhancers/lastz.maf
chr3L_5973866-5974081__chr3L_5975471-5975750	OK	0	0	0.0	/Users/jillianness/Downloads/new_LASTZ_analysis/enhancer_extraction/enhancer_pairs/FBgn0035656_Spearman/chr3L_5973866-5974081__chr3L_5975471-5975750/alignments/enhancers/lastz.maf
chr3L_5973866-5974081__chr3L_5977448-5977703	OK	0	0	0.0	/Users/jillianness/Downloads/new_LASTZ_analysis/enhancer_extraction/enhancer_pairs/FBgn0035656_Spearman/chr3L_5973866-5974081__chr3L_5977448-5977703/alignments/enhancers/lastz.maf
chr3L_5973866-5974081__chr3L_5982072-5982272	OK	0	0	0.0	/Users/jillianness/Downloads/new_LASTZ_analysis/enhancer_extraction/enhancer_pairs/FBgn0035656_Spearman/chr3L_5973866-5974081__chr3L_5982072-5982272/alignments/enhancers/lastz.maf
chr3L_5974676-5975048__chr3L_5975471-5975750	OK	0	0	0.0	/Users/jillianness/Downloads/new_LASTZ_analysis/enhancer_extraction/enhancer_pairs/FBgn0035656_Spearman/chr3L_5974676-5975048__chr3L_5975471-5975750/alignments/enhancers/lastz.maf
chr3L_5974676-5975048__chr3L_5977448-5977703	OK	0	0	0.0	/Users/jillianness/Downloads/new_LASTZ_analysis/enhancer_extraction/enhancer_pairs/FBgn0035656_Spearman/chr3L_5974676-5975048__chr3L_5977448-5977703/alignments/enhancers/lastz.maf
chr3L_5974676-5975048__chr3L_5982072-5982272	OK	0	0	0.0	/Users/jillianness/Downloads/new_LASTZ_analysis/enhancer_extraction/enhancer_pairs/FBgn0035656_Spearman/chr3L_5974676-5975048__chr3L_5982072-5982272/alignments/enhancers/lastz.maf
chr3L_5975471-5975750__chr3L_5977448-5977703	OK	0	0	0.0	/Users/jillianness/Downloads/new_LASTZ_analysis/enhancer_extraction/enhancer_pairs/FBgn0035656_Spearman/chr3L_5975471-5975750__chr3L_5977448-5977703/alignments/enhancers/lastz.maf
chr3L_5975471-5975750__chr3L_5982072-5982272	OK	0	0	0.0	/Users/jillianness/Downloads/new_LASTZ_analysis/enhancer_extraction/enhancer_pairs/FBgn0035656_Spearman/chr3L_5975471-5975750__chr3L_5982072-5982272/alignments/enhancers/lastz.maf
chr3L_5977448-5977703__chr3L_5982072-5982272	OK	0	0	0.0	/Users/jillianness/Downloads/new_LASTZ_analysis/enhancer_extraction/enhancer_pairs/FBgn0035656_Spearman/chr3L_5977448-5977703__chr3L_5982072-5982272/alignments/enhancers/lastz.maf
chr3L_6678365-6678565__chr3L_6685484-6685719	OK	0	0	0.0	/Users/jillianness/Downloads/new_LASTZ_analysis/enhancer_extraction/enhancer_pairs/FBgn0035710_sm/chr3L_6678365-6678565__chr3L_6685484-6685719/alignments/enhancers/lastz.maf
chr3L_8984193-8984856__chr3L_8994546-8994994	OK	0	0	0.0	/Users/jillianness/Downloads/new_LASTZ_analysis/enhancer_extraction/enhancer_pairs/FBgn0035956_Spearman/chr3L_8984193-8984856__chr3L_8994546-8994994/alignments/enhancers/lastz.maf
chr3L_8984193-8984856__chr3L_9010205-9010405	OK	0	0	0.0	/Users/jillianness/Downloads/new_LASTZ_analysis/enhancer_extraction/enhancer_pairs/FBgn0035956_Spearman/chr3L_8984193-8984856__chr3L_9010205-9010405/alignments/enhancers/lastz.maf
chr3L_8984193-8984856__chr3L_9010490-9010720	OK	0	0	0.0	/Users/jillianness/Downloads/new_LASTZ_analysis/enhancer_extraction/enhancer_pairs/FBgn0035956_Spearman/chr3L_8984193-8984856__chr3L_9010490-9010720/alignments/enhancers/lastz.maf
chr3L_8984193-8984856__chr3L_9023155-9023452	OK	0	0	0.0	/Users/jillianness/Downloads/new_LASTZ_analysis/enhancer_extraction/enhancer_pairs/FBgn0035956_Spearman/chr3L_8984193-8984856__chr3L_9023155-9023452/alignments/enhancers/lastz.maf
chr3L_8984193-8984856__chr3L_9024467-9024945	OK	0	0	0.0	/Users/jillianness/Downloads/new_LASTZ_analysis/enhancer_extraction/enhancer_pairs/FBgn0035956_Spearman/chr3L_8984193-8984856__chr3L_9024467-9024945/alignments/enhancers/lastz.maf
chr3L_8994546-8994994__chr3L_9010205-9010405	OK	0	0	0.0	/Users/jillianness/Downloads/new_LASTZ_analysis/enhancer_extraction/enhancer_pairs/FBgn0035956_Spearman/chr3L_8994546-8994994__chr3L_9010205-9010405/alignments/enhancers/lastz.maf
chr3L_8994546-8994994__chr3L_9010490-9010720	OK	0	0	0.0	/Users/jillianness/Downloads/new_LASTZ_analysis/enhancer_extraction/enhancer_pairs/FBgn0035956_Spearman/chr3L_8994546-8994994__chr3L_9010490-9010720/alignments/enhancers/lastz.maf
chr3L_8994546-8994994__chr3L_9023155-9023452	OK	0	0	0.0	/Users/jillianness/Downloads/new_LASTZ_analysis/enhancer_extraction/enhancer_pairs/FBgn0035956_Spearman/chr3L_8994546-8994994__chr3L_9023155-9023452/alignments/enhancers/lastz.maf
chr3L_8994546-8994994__chr3L_9024467-9024945	OK	0	0	0.0	/Users/jillianness/Downloads/new_LASTZ_analysis/enhancer_extraction/enhancer_pairs/FBgn0035956_Spearman/chr3L_8994546-8994994__chr3L_9024467-9024945/alignments/enhancers/lastz.maf
chr3L_9010205-9010405__chr3L_9010490-9010720	OK	0	0	0.0	/Users/jillianness/Downloads/new_LASTZ_analysis/enhancer_extraction/enhancer_pairs/FBgn0035956_Spearman/chr3L_9010205-9010405__chr3L_9010490-9010720/alignments/enhancers/lastz.maf
chr3L_9010205-9010405__chr3L_9023155-9023452	OK	0	0	0.0	/Users/jillianness/Downloads/new_LASTZ_analysis/enhancer_extraction/enhancer_pairs/FBgn0035956_Spearman/chr3L_9010205-9010405__chr3L_9023155-9023452/alignments/enhancers/lastz.maf
chr3L_9010205-9010405__chr3L_9024467-9024945	OK	0	0	0.0	/Users/jillianness/Downloads/new_LASTZ_analysis/enhancer_extraction/enhancer_pairs/FBgn0035956_Spearman/chr3L_9010205-9010405__chr3L_9024467-9024945/alignments/enhancers/lastz.maf
chr3L_9010490-9010720__chr3L_9023155-9023452	OK	0	0	0.0	/Users/jillianness/Downloads/new_LASTZ_analysis/enhancer_extraction/enhancer_pairs/FBgn0035956_Spearman/chr3L_9010490-9010720__chr3L_9023155-9023452/alignments/enhancers/lastz.maf
chr3L_9010490-9010720__chr3L_9024467-9024945	OK	0	0	0.0	/Users/jillianness/Downloads/new_LASTZ_analysis/enhancer_extraction/enhancer_pairs/FBgn0035956_Spearman/chr3L_9010490-9010720__chr3L_9024467-9024945/alignments/enhancers/lastz.maf
chr3L_9023155-9023452__chr3L_9024467-9024945	OK	0	0	0.0	/Users/jillianness/Downloads/new_LASTZ_analysis/enhancer_extraction/enhancer_pairs/FBgn0035956_Spearman/chr3L_9023155-9023452__chr3L_9024467-9024945/alignments/enhancers/lastz.maf
chr3L_9442724-9443197__chr3L_9446026-9446417	OK	0	0	0.0	/Users/jillianness/Downloads/new_LASTZ_analysis/enhancer_extraction/enhancer_pairs/FBgn0036000_sm/chr3L_9442724-9443197__chr3L_9446026-9446417/alignments/enhancers/lastz.maf
chr3L_10718006-10718268__chr3L_10764416-10764696	OK	0	0	0.0	/Users/jillianness/Downloads/new_LASTZ_analysis/enhancer_extraction/enhancer_pairs/FBgn0036099_sm/chr3L_10718006-10718268__chr3L_10764416-10764696/alignments/enhancers/lastz.maf
chr3L_11066817-11067017__chr3L_11100667-11101152	OK	0	0	0.0	/Users/jillianness/Downloads/new_LASTZ_analysis/enhancer_extraction/enhancer_pairs/FBgn0036124_Spearman/chr3L_11066817-11067017__chr3L_11100667-11101152/alignments/enhancers/lastz.maf
chr3L_11090638-11090925__chr3L_11099385-11099783	OK	0	0	0.0	/Users/jillianness/Downloads/new_LASTZ_analysis/enhancer_extraction/enhancer_pairs/FBgn0036133_sm/chr3L_11090638-11090925__chr3L_11099385-11099783/alignments/enhancers/lastz.maf
chr3L_11090638-11090925__chr3L_11100667-11101152	OK	0	0	0.0	/Users/jillianness/Downloads/new_LASTZ_analysis/enhancer_extraction/enhancer_pairs/FBgn0036133_sm/chr3L_11090638-11090925__chr3L_11100667-11101152/alignments/enhancers/lastz.maf
chr3L_11090638-11090925__chr3L_11105575-11105775	OK	0	0	0.0	/Users/jillianness/Downloads/new_LASTZ_analysis/enhancer_extraction/enhancer_pairs/FBgn0036133_sm/chr3L_11090638-11090925__chr3L_11105575-11105775/alignments/enhancers/lastz.maf
chr3L_11099385-11099783__chr3L_11100667-11101152	OK	0	0	0.0	/Users/jillianness/Downloads/new_LASTZ_analysis/enhancer_extraction/enhancer_pairs/FBgn0036133_sm/chr3L_11099385-11099783__chr3L_11100667-11101152/alignments/enhancers/lastz.maf
chr3L_11099385-11099783__chr3L_11105575-11105775	OK	0	0	0.0	/Users/jillianness/Downloads/new_LASTZ_analysis/enhancer_extraction/enhancer_pairs/FBgn0036133_sm/chr3L_11099385-11099783__chr3L_11105575-11105775/alignments/enhancers/lastz.maf
chr3L_11100667-11101152__chr3L_11105575-11105775	OK	0	0	0.0	/Users/jillianness/Downloads/new_LASTZ_analysis/enhancer_extraction/enhancer_pairs/FBgn0036133_sm/chr3L_11100667-11101152__chr3L_11105575-11105775/alignments/enhancers/lastz.maf
chr3L_11099385-11099783__chr3L_11100667-11101152	OK	0	0	0.0	/Users/jillianness/Downloads/new_LASTZ_analysis/enhancer_extraction/enhancer_pairs/FBgn0036133_vm/chr3L_11099385-11099783__chr3L_11100667-11101152/alignments/enhancers/lastz.maf
chr3L_11099385-11099783__chr3L_11105575-11105775	OK	0	0	0.0	/Users/jillianness/Downloads/new_LASTZ_analysis/enhancer_extraction/enhancer_pairs/FBgn0036133_vm/chr3L_11099385-11099783__chr3L_11105575-11105775/alignments/enhancers/lastz.maf
chr3L_11100667-11101152__chr3L_11105575-11105775	OK	0	0	0.0	/Users/jillianness/Downloads/new_LASTZ_analysis/enhancer_extraction/enhancer_pairs/FBgn0036133_vm/chr3L_11100667-11101152__chr3L_11105575-11105775/alignments/enhancers/lastz.maf
chr3L_11224312-11224512__chr3L_11224761-11225250	OK	0	0	0.0	/Users/jillianness/Downloads/new_LASTZ_analysis/enhancer_extraction/enhancer_pairs/FBgn0036152_Spearman/chr3L_11224312-11224512__chr3L_11224761-11225250/alignments/enhancers/lastz.maf
chr3L_11238445-11238797__chr3L_11330795-11331281	OK	0	0	0.0	/Users/jillianness/Downloads/new_LASTZ_analysis/enhancer_extraction/enhancer_pairs/FBgn0036152_sm/chr3L_11238445-11238797__chr3L_11330795-11331281/alignments/enhancers/lastz.maf
chr3L_11238445-11238797__chr3L_11355874-11356295	OK	0	0	0.0	/Users/jillianness/Downloads/new_LASTZ_analysis/enhancer_extraction/enhancer_pairs/FBgn0036152_sm/chr3L_11238445-11238797__chr3L_11355874-11356295/alignments/enhancers/lastz.maf
chr3L_11330795-11331281__chr3L_11355874-11356295	OK	0	0	0.0	/Users/jillianness/Downloads/new_LASTZ_analysis/enhancer_extraction/enhancer_pairs/FBgn0036152_sm/chr3L_11330795-11331281__chr3L_11355874-11356295/alignments/enhancers/lastz.maf
chr3L_11684552-11684880__chr3L_11685890-11686273	OK	0	0	0.0	/Users/jillianness/Downloads/new_LASTZ_analysis/enhancer_extraction/enhancer_pairs/FBgn0036194_sm/chr3L_11684552-11684880__chr3L_11685890-11686273/alignments/enhancers/lastz.maf
chr3L_12372005-12372320__chr3L_12382640-12382989	OK	0	0	0.0	/Users/jillianness/Downloads/new_LASTZ_analysis/enhancer_extraction/enhancer_pairs/FBgn0036282_sm/chr3L_12372005-12372320__chr3L_12382640-12382989/alignments/enhancers/lastz.maf
chr3L_12372005-12372320__chr3L_12389231-12389431	OK	0	0	0.0	/Users/jillianness/Downloads/new_LASTZ_analysis/enhancer_extraction/enhancer_pairs/FBgn0036282_sm/chr3L_12372005-12372320__chr3L_12389231-12389431/alignments/enhancers/lastz.maf
chr3L_12382640-12382989__chr3L_12389231-12389431	OK	0	0	0.0	/Users/jillianness/Downloads/new_LASTZ_analysis/enhancer_extraction/enhancer_pairs/FBgn0036282_sm/chr3L_12382640-12382989__chr3L_12389231-12389431/alignments/enhancers/lastz.maf
chr3L_12448941-12449218__chr3L_12465365-12466115	OK	0	0	0.0	/Users/jillianness/Downloads/new_LASTZ_analysis/enhancer_extraction/enhancer_pairs/FBgn0036290_vm/chr3L_12448941-12449218__chr3L_12465365-12466115/alignments/enhancers/lastz.maf
chr3L_12448941-12449218__chr3L_12487652-12487993	OK	0	0	0.0	/Users/jillianness/Downloads/new_LASTZ_analysis/enhancer_extraction/enhancer_pairs/FBgn0036290_vm/chr3L_12448941-12449218__chr3L_12487652-12487993/alignments/enhancers/lastz.maf
chr3L_12465365-12466115__chr3L_12487652-12487993	OK	0	0	0.0	/Users/jillianness/Downloads/new_LASTZ_analysis/enhancer_extraction/enhancer_pairs/FBgn0036290_vm/chr3L_12465365-12466115__chr3L_12487652-12487993/alignments/enhancers/lastz.maf
chr3L_14727354-14728074__chr3L_14728691-14729056	OK	0	0	0.0	/Users/jillianness/Downloads/new_LASTZ_analysis/enhancer_extraction/enhancer_pairs/FBgn0036449_vm/chr3L_14727354-14728074__chr3L_14728691-14729056/alignments/enhancers/lastz.maf
chr3L_14918179-14918521__chr3L_14922238-14922460	OK	0	0	0.0	/Users/jillianness/Downloads/new_LASTZ_analysis/enhancer_extraction/enhancer_pairs/FBgn0036460_Spearman/chr3L_14918179-14918521__chr3L_14922238-14922460/alignments/enhancers/lastz.maf
chr3L_14918179-14918521__chr3L_14925390-14925769	OK	0	0	0.0	/Users/jillianness/Downloads/new_LASTZ_analysis/enhancer_extraction/enhancer_pairs/FBgn0036460_Spearman/chr3L_14918179-14918521__chr3L_14925390-14925769/alignments/enhancers/lastz.maf
chr3L_14918179-14918521__chr3L_14928799-14929134	OK	0	0	0.0	/Users/jillianness/Downloads/new_LASTZ_analysis/enhancer_extraction/enhancer_pairs/FBgn0036460_Spearman/chr3L_14918179-14918521__chr3L_14928799-14929134/alignments/enhancers/lastz.maf
chr3L_14918179-14918521__chr3L_14930753-14930953	OK	0	0	0.0	/Users/jillianness/Downloads/new_LASTZ_analysis/enhancer_extraction/enhancer_pairs/FBgn0036460_Spearman/chr3L_14918179-14918521__chr3L_14930753-14930953/alignments/enhancers/lastz.maf
chr3L_14918179-14918521__chr3L_14931009-14931209	OK	0	0	0.0	/Users/jillianness/Downloads/new_LASTZ_analysis/enhancer_extraction/enhancer_pairs/FBgn0036460_Spearman/chr3L_14918179-14918521__chr3L_14931009-14931209/alignments/enhancers/lastz.maf
chr3L_14918179-14918521__chr3L_14932705-14933060	OK	0	0	0.0	/Users/jillianness/Downloads/new_LASTZ_analysis/enhancer_extraction/enhancer_pairs/FBgn0036460_Spearman/chr3L_14918179-14918521__chr3L_14932705-14933060/alignments/enhancers/lastz.maf
chr3L_14918179-14918521__chr3L_14936376-14936760	OK	0	0	0.0	/Users/jillianness/Downloads/new_LASTZ_analysis/enhancer_extraction/enhancer_pairs/FBgn0036460_Spearman/chr3L_14918179-14918521__chr3L_14936376-14936760/alignments/enhancers/lastz.maf
chr3L_14918179-14918521__chr3L_14938074-14938558	OK	0	0	0.0	/Users/jillianness/Downloads/new_LASTZ_analysis/enhancer_extraction/enhancer_pairs/FBgn0036460_Spearman/chr3L_14918179-14918521__chr3L_14938074-14938558/alignments/enhancers/lastz.maf
chr3L_14918179-14918521__chr3L_14939995-14940646	OK	0	0	0.0	/Users/jillianness/Downloads/new_LASTZ_analysis/enhancer_extraction/enhancer_pairs/FBgn0036460_Spearman/chr3L_14918179-14918521__chr3L_14939995-14940646/alignments/enhancers/lastz.maf
chr3L_14918179-14918521__chr3L_14941342-14941625	OK	0	0	0.0	/Users/jillianness/Downloads/new_LASTZ_analysis/enhancer_extraction/enhancer_pairs/FBgn0036460_Spearman/chr3L_14918179-14918521__chr3L_14941342-14941625/alignments/enhancers/lastz.maf
chr3L_14918179-14918521__chr3L_14944241-14944774	OK	0	0	0.0	/Users/jillianness/Downloads/new_LASTZ_analysis/enhancer_extraction/enhancer_pairs/FBgn0036460_Spearman/chr3L_14918179-14918521__chr3L_14944241-14944774/alignments/enhancers/lastz.maf
chr3L_14918179-14918521__chr3L_14948136-14948479	OK	0	0	0.0	/Users/jillianness/Downloads/new_LASTZ_analysis/enhancer_extraction/enhancer_pairs/FBgn0036460_Spearman/chr3L_14918179-14918521__chr3L_14948136-14948479/alignments/enhancers/lastz.maf
chr3L_14922238-14922460__chr3L_14925390-14925769	OK	0	0	0.0	/Users/jillianness/Downloads/new_LASTZ_analysis/enhancer_extraction/enhancer_pairs/FBgn0036460_Spearman/chr3L_14922238-14922460__chr3L_14925390-14925769/alignments/enhancers/lastz.maf
chr3L_14922238-14922460__chr3L_14928799-14929134	OK	0	0	0.0	/Users/jillianness/Downloads/new_LASTZ_analysis/enhancer_extraction/enhancer_pairs/FBgn0036460_Spearman/chr3L_14922238-14922460__chr3L_14928799-14929134/alignments/enhancers/lastz.maf
chr3L_14922238-14922460__chr3L_14930753-14930953	OK	0	0	0.0	/Users/jillianness/Downloads/new_LASTZ_analysis/enhancer_extraction/enhancer_pairs/FBgn0036460_Spearman/chr3L_14922238-14922460__chr3L_14930753-14930953/alignments/enhancers/lastz.maf
chr3L_14922238-14922460__chr3L_14931009-14931209	OK	0	0	0.0	/Users/jillianness/Downloads/new_LASTZ_analysis/enhancer_extraction/enhancer_pairs/FBgn0036460_Spearman/chr3L_14922238-14922460__chr3L_14931009-14931209/alignments/enhancers/lastz.maf
chr3L_14922238-14922460__chr3L_14932705-14933060	OK	0	0	0.0	/Users/jillianness/Downloads/new_LASTZ_analysis/enhancer_extraction/enhancer_pairs/FBgn0036460_Spearman/chr3L_14922238-14922460__chr3L_14932705-14933060/alignments/enhancers/lastz.maf
chr3L_14922238-14922460__chr3L_14936376-14936760	OK	0	0	0.0	/Users/jillianness/Downloads/new_LASTZ_analysis/enhancer_extraction/enhancer_pairs/FBgn0036460_Spearman/chr3L_14922238-14922460__chr3L_14936376-14936760/alignments/enhancers/lastz.maf
chr3L_14922238-14922460__chr3L_14938074-14938558	OK	0	0	0.0	/Users/jillianness/Downloads/new_LASTZ_analysis/enhancer_extraction/enhancer_pairs/FBgn0036460_Spearman/chr3L_14922238-14922460__chr3L_14938074-14938558/alignments/enhancers/lastz.maf
chr3L_14922238-14922460__chr3L_14939995-14940646	OK	0	0	0.0	/Users/jillianness/Downloads/new_LASTZ_analysis/enhancer_extraction/enhancer_pairs/FBgn0036460_Spearman/chr3L_14922238-14922460__chr3L_14939995-14940646/alignments/enhancers/lastz.maf
chr3L_14922238-14922460__chr3L_14941342-14941625	OK	0	0	0.0	/Users/jillianness/Downloads/new_LASTZ_analysis/enhancer_extraction/enhancer_pairs/FBgn0036460_Spearman/chr3L_14922238-14922460__chr3L_14941342-14941625/alignments/enhancers/lastz.maf
chr3L_14922238-14922460__chr3L_14944241-14944774	OK	0	0	0.0	/Users/jillianness/Downloads/new_LASTZ_analysis/enhancer_extraction/enhancer_pairs/FBgn0036460_Spearman/chr3L_14922238-14922460__chr3L_14944241-14944774/alignments/enhancers/lastz.maf
chr3L_14922238-14922460__chr3L_14948136-14948479	OK	0	0	0.0	/Users/jillianness/Downloads/new_LASTZ_analysis/enhancer_extraction/enhancer_pairs/FBgn0036460_Spearman/chr3L_14922238-14922460__chr3L_14948136-14948479/alignments/enhancers/lastz.maf
chr3L_14925390-14925769__chr3L_14928799-14929134	OK	0	0	0.0	/Users/jillianness/Downloads/new_LASTZ_analysis/enhancer_extraction/enhancer_pairs/FBgn0036460_Spearman/chr3L_14925390-14925769__chr3L_14928799-14929134/alignments/enhancers/lastz.maf
chr3L_14925390-14925769__chr3L_14930753-14930953	OK	0	0	0.0	/Users/jillianness/Downloads/new_LASTZ_analysis/enhancer_extraction/enhancer_pairs/FBgn0036460_Spearman/chr3L_14925390-14925769__chr3L_14930753-14930953/alignments/enhancers/lastz.maf
chr3L_14925390-14925769__chr3L_14931009-14931209	OK	0	0	0.0	/Users/jillianness/Downloads/new_LASTZ_analysis/enhancer_extraction/enhancer_pairs/FBgn0036460_Spearman/chr3L_14925390-14925769__chr3L_14931009-14931209/alignments/enhancers/lastz.maf
chr3L_14925390-14925769__chr3L_14932705-14933060	OK	0	0	0.0	/Users/jillianness/Downloads/new_LASTZ_analysis/enhancer_extraction/enhancer_pairs/FBgn0036460_Spearman/chr3L_14925390-14925769__chr3L_14932705-14933060/alignments/enhancers/lastz.maf
chr3L_14925390-14925769__chr3L_14936376-14936760	OK	0	0	0.0	/Users/jillianness/Downloads/new_LASTZ_analysis/enhancer_extraction/enhancer_pairs/FBgn0036460_Spearman/chr3L_14925390-14925769__chr3L_14936376-14936760/alignments/enhancers/lastz.maf
chr3L_14925390-14925769__chr3L_14938074-14938558	OK	0	0	0.0	/Users/jillianness/Downloads/new_LASTZ_analysis/enhancer_extraction/enhancer_pairs/FBgn0036460_Spearman/chr3L_14925390-14925769__chr3L_14938074-14938558/alignments/enhancers/lastz.maf
chr3L_14925390-14925769__chr3L_14939995-14940646	OK	0	0	0.0	/Users/jillianness/Downloads/new_LASTZ_analysis/enhancer_extraction/enhancer_pairs/FBgn0036460_Spearman/chr3L_14925390-14925769__chr3L_14939995-14940646/alignments/enhancers/lastz.maf
chr3L_14925390-14925769__chr3L_14941342-14941625	OK	0	0	0.0	/Users/jillianness/Downloads/new_LASTZ_analysis/enhancer_extraction/enhancer_pairs/FBgn0036460_Spearman/chr3L_14925390-14925769__chr3L_14941342-14941625/alignments/enhancers/lastz.maf
chr3L_14925390-14925769__chr3L_14944241-14944774	OK	0	0	0.0	/Users/jillianness/Downloads/new_LASTZ_analysis/enhancer_extraction/enhancer_pairs/FBgn0036460_Spearman/chr3L_14925390-14925769__chr3L_14944241-14944774/alignments/enhancers/lastz.maf
chr3L_14925390-14925769__chr3L_14948136-14948479	OK	0	0	0.0	/Users/jillianness/Downloads/new_LASTZ_analysis/enhancer_extraction/enhancer_pairs/FBgn0036460_Spearman/chr3L_14925390-14925769__chr3L_14948136-14948479/alignments/enhancers/lastz.maf
chr3L_14928799-14929134__chr3L_14930753-14930953	OK	0	0	0.0	/Users/jillianness/Downloads/new_LASTZ_analysis/enhancer_extraction/enhancer_pairs/FBgn0036460_Spearman/chr3L_14928799-14929134__chr3L_14930753-14930953/alignments/enhancers/lastz.maf
chr3L_14928799-14929134__chr3L_14931009-14931209	OK	0	0	0.0	/Users/jillianness/Downloads/new_LASTZ_analysis/enhancer_extraction/enhancer_pairs/FBgn0036460_Spearman/chr3L_14928799-14929134__chr3L_14931009-14931209/alignments/enhancers/lastz.maf
chr3L_14928799-14929134__chr3L_14932705-14933060	OK	0	0	0.0	/Users/jillianness/Downloads/new_LASTZ_analysis/enhancer_extraction/enhancer_pairs/FBgn0036460_Spearman/chr3L_14928799-14929134__chr3L_14932705-14933060/alignments/enhancers/lastz.maf
chr3L_14928799-14929134__chr3L_14936376-14936760	OK	0	0	0.0	/Users/jillianness/Downloads/new_LASTZ_analysis/enhancer_extraction/enhancer_pairs/FBgn0036460_Spearman/chr3L_14928799-14929134__chr3L_14936376-14936760/alignments/enhancers/lastz.maf
chr3L_14928799-14929134__chr3L_14938074-14938558	OK	0	0	0.0	/Users/jillianness/Downloads/new_LASTZ_analysis/enhancer_extraction/enhancer_pairs/FBgn0036460_Spearman/chr3L_14928799-14929134__chr3L_14938074-14938558/alignments/enhancers/lastz.maf
chr3L_14928799-14929134__chr3L_14939995-14940646	OK	0	0	0.0	/Users/jillianness/Downloads/new_LASTZ_analysis/enhancer_extraction/enhancer_pairs/FBgn0036460_Spearman/chr3L_14928799-14929134__chr3L_14939995-14940646/alignments/enhancers/lastz.maf
chr3L_14928799-14929134__chr3L_14941342-14941625	OK	0	0	0.0	/Users/jillianness/Downloads/new_LASTZ_analysis/enhancer_extraction/enhancer_pairs/FBgn0036460_Spearman/chr3L_14928799-14929134__chr3L_14941342-14941625/alignments/enhancers/lastz.maf
chr3L_14928799-14929134__chr3L_14944241-14944774	OK	0	0	0.0	/Users/jillianness/Downloads/new_LASTZ_analysis/enhancer_extraction/enhancer_pairs/FBgn0036460_Spearman/chr3L_14928799-14929134__chr3L_14944241-14944774/alignments/enhancers/lastz.maf
chr3L_14928799-14929134__chr3L_14948136-14948479	OK	0	0	0.0	/Users/jillianness/Downloads/new_LASTZ_analysis/enhancer_extraction/enhancer_pairs/FBgn0036460_Spearman/chr3L_14928799-14929134__chr3L_14948136-14948479/alignments/enhancers/lastz.maf
chr3L_14930753-14930953__chr3L_14931009-14931209	OK	0	0	0.0	/Users/jillianness/Downloads/new_LASTZ_analysis/enhancer_extraction/enhancer_pairs/FBgn0036460_Spearman/chr3L_14930753-14930953__chr3L_14931009-14931209/alignments/enhancers/lastz.maf
chr3L_14930753-14930953__chr3L_14932705-14933060	OK	0	0	0.0	/Users/jillianness/Downloads/new_LASTZ_analysis/enhancer_extraction/enhancer_pairs/FBgn0036460_Spearman/chr3L_14930753-14930953__chr3L_14932705-14933060/alignments/enhancers/lastz.maf
chr3L_14930753-14930953__chr3L_14936376-14936760	OK	0	0	0.0	/Users/jillianness/Downloads/new_LASTZ_analysis/enhancer_extraction/enhancer_pairs/FBgn0036460_Spearman/chr3L_14930753-14930953__chr3L_14936376-14936760/alignments/enhancers/lastz.maf
chr3L_14930753-14930953__chr3L_14938074-14938558	OK	0	0	0.0	/Users/jillianness/Downloads/new_LASTZ_analysis/enhancer_extraction/enhancer_pairs/FBgn0036460_Spearman/chr3L_14930753-14930953__chr3L_14938074-14938558/alignments/enhancers/lastz.maf
chr3L_14930753-14930953__chr3L_14939995-14940646	OK	0	0	0.0	/Users/jillianness/Downloads/new_LASTZ_analysis/enhancer_extraction/enhancer_pairs/FBgn0036460_Spearman/chr3L_14930753-14930953__chr3L_14939995-14940646/alignments/enhancers/lastz.maf
chr3L_14930753-14930953__chr3L_14941342-14941625	OK	0	0	0.0	/Users/jillianness/Downloads/new_LASTZ_analysis/enhancer_extraction/enhancer_pairs/FBgn0036460_Spearman/chr3L_14930753-14930953__chr3L_14941342-14941625/alignments/enhancers/lastz.maf
chr3L_14930753-14930953__chr3L_14944241-14944774	OK	0	0	0.0	/Users/jillianness/Downloads/new_LASTZ_analysis/enhancer_extraction/enhancer_pairs/FBgn0036460_Spearman/chr3L_14930753-14930953__chr3L_14944241-14944774/alignments/enhancers/lastz.maf
chr3L_14930753-14930953__chr3L_14948136-14948479	OK	0	0	0.0	/Users/jillianness/Downloads/new_LASTZ_analysis/enhancer_extraction/enhancer_pairs/FBgn0036460_Spearman/chr3L_14930753-14930953__chr3L_14948136-14948479/alignments/enhancers/lastz.maf
chr3L_14931009-14931209__chr3L_14932705-14933060	OK	0	0	0.0	/Users/jillianness/Downloads/new_LASTZ_analysis/enhancer_extraction/enhancer_pairs/FBgn0036460_Spearman/chr3L_14931009-14931209__chr3L_14932705-14933060/alignments/enhancers/lastz.maf
chr3L_14931009-14931209__chr3L_14936376-14936760	OK	0	0	0.0	/Users/jillianness/Downloads/new_LASTZ_analysis/enhancer_extraction/enhancer_pairs/FBgn0036460_Spearman/chr3L_14931009-14931209__chr3L_14936376-14936760/alignments/enhancers/lastz.maf
chr3L_14931009-14931209__chr3L_14938074-14938558	OK	0	0	0.0	/Users/jillianness/Downloads/new_LASTZ_analysis/enhancer_extraction/enhancer_pairs/FBgn0036460_Spearman/chr3L_14931009-14931209__chr3L_14938074-14938558/alignments/enhancers/lastz.maf
chr3L_14931009-14931209__chr3L_14939995-14940646	OK	0	0	0.0	/Users/jillianness/Downloads/new_LASTZ_analysis/enhancer_extraction/enhancer_pairs/FBgn0036460_Spearman/chr3L_14931009-14931209__chr3L_14939995-14940646/alignments/enhancers/lastz.maf
chr3L_14931009-14931209__chr3L_14941342-14941625	OK	0	0	0.0	/Users/jillianness/Downloads/new_LASTZ_analysis/enhancer_extraction/enhancer_pairs/FBgn0036460_Spearman/chr3L_14931009-14931209__chr3L_14941342-14941625/alignments/enhancers/lastz.maf
chr3L_14931009-14931209__chr3L_14944241-14944774	OK	0	0	0.0	/Users/jillianness/Downloads/new_LASTZ_analysis/enhancer_extraction/enhancer_pairs/FBgn0036460_Spearman/chr3L_14931009-14931209__chr3L_14944241-14944774/alignments/enhancers/lastz.maf
chr3L_14931009-14931209__chr3L_14948136-14948479	OK	0	0	0.0	/Users/jillianness/Downloads/new_LASTZ_analysis/enhancer_extraction/enhancer_pairs/FBgn0036460_Spearman/chr3L_14931009-14931209__chr3L_14948136-14948479/alignments/enhancers/lastz.maf
chr3L_14932705-14933060__chr3L_14936376-14936760	OK	0	0	0.0	/Users/jillianness/Downloads/new_LASTZ_analysis/enhancer_extraction/enhancer_pairs/FBgn0036460_Spearman/chr3L_14932705-14933060__chr3L_14936376-14936760/alignments/enhancers/lastz.maf
chr3L_14932705-14933060__chr3L_14938074-14938558	OK	0	0	0.0	/Users/jillianness/Downloads/new_LASTZ_analysis/enhancer_extraction/enhancer_pairs/FBgn0036460_Spearman/chr3L_14932705-14933060__chr3L_14938074-14938558/alignments/enhancers/lastz.maf
chr3L_14932705-14933060__chr3L_14939995-14940646	OK	0	0	0.0	/Users/jillianness/Downloads/new_LASTZ_analysis/enhancer_extraction/enhancer_pairs/FBgn0036460_Spearman/chr3L_14932705-14933060__chr3L_14939995-14940646/alignments/enhancers/lastz.maf
chr3L_14932705-14933060__chr3L_14941342-14941625	OK	0	0	0.0	/Users/jillianness/Downloads/new_LASTZ_analysis/enhancer_extraction/enhancer_pairs/FBgn0036460_Spearman/chr3L_14932705-14933060__chr3L_14941342-14941625/alignments/enhancers/lastz.maf
chr3L_14932705-14933060__chr3L_14944241-14944774	OK	0	0	0.0	/Users/jillianness/Downloads/new_LASTZ_analysis/enhancer_extraction/enhancer_pairs/FBgn0036460_Spearman/chr3L_14932705-14933060__chr3L_14944241-14944774/alignments/enhancers/lastz.maf
chr3L_14932705-14933060__chr3L_14948136-14948479	OK	0	0	0.0	/Users/jillianness/Downloads/new_LASTZ_analysis/enhancer_extraction/enhancer_pairs/FBgn0036460_Spearman/chr3L_14932705-14933060__chr3L_14948136-14948479/alignments/enhancers/lastz.maf
chr3L_14936376-14936760__chr3L_14938074-14938558	OK	0	0	0.0	/Users/jillianness/Downloads/new_LASTZ_analysis/enhancer_extraction/enhancer_pairs/FBgn0036460_Spearman/chr3L_14936376-14936760__chr3L_14938074-14938558/alignments/enhancers/lastz.maf
chr3L_14936376-14936760__chr3L_14939995-14940646	OK	0	0	0.0	/Users/jillianness/Downloads/new_LASTZ_analysis/enhancer_extraction/enhancer_pairs/FBgn0036460_Spearman/chr3L_14936376-14936760__chr3L_14939995-14940646/alignments/enhancers/lastz.maf
chr3L_14936376-14936760__chr3L_14941342-14941625	OK	0	0	0.0	/Users/jillianness/Downloads/new_LASTZ_analysis/enhancer_extraction/enhancer_pairs/FBgn0036460_Spearman/chr3L_14936376-14936760__chr3L_14941342-14941625/alignments/enhancers/lastz.maf
chr3L_14936376-14936760__chr3L_14944241-14944774	OK	0	0	0.0	/Users/jillianness/Downloads/new_LASTZ_analysis/enhancer_extraction/enhancer_pairs/FBgn0036460_Spearman/chr3L_14936376-14936760__chr3L_14944241-14944774/alignments/enhancers/lastz.maf
chr3L_14936376-14936760__chr3L_14948136-14948479	OK	0	0	0.0	/Users/jillianness/Downloads/new_LASTZ_analysis/enhancer_extraction/enhancer_pairs/FBgn0036460_Spearman/chr3L_14936376-14936760__chr3L_14948136-14948479/alignments/enhancers/lastz.maf
chr3L_14938074-14938558__chr3L_14939995-14940646	OK	0	0	0.0	/Users/jillianness/Downloads/new_LASTZ_analysis/enhancer_extraction/enhancer_pairs/FBgn0036460_Spearman/chr3L_14938074-14938558__chr3L_14939995-14940646/alignments/enhancers/lastz.maf
chr3L_14938074-14938558__chr3L_14941342-14941625	OK	0	0	0.0	/Users/jillianness/Downloads/new_LASTZ_analysis/enhancer_extraction/enhancer_pairs/FBgn0036460_Spearman/chr3L_14938074-14938558__chr3L_14941342-14941625/alignments/enhancers/lastz.maf
chr3L_14938074-14938558__chr3L_14944241-14944774	OK	0	0	0.0	/Users/jillianness/Downloads/new_LASTZ_analysis/enhancer_extraction/enhancer_pairs/FBgn0036460_Spearman/chr3L_14938074-14938558__chr3L_14944241-14944774/alignments/enhancers/lastz.maf
chr3L_14938074-14938558__chr3L_14948136-14948479	OK	0	0	0.0	/Users/jillianness/Downloads/new_LASTZ_analysis/enhancer_extraction/enhancer_pairs/FBgn0036460_Spearman/chr3L_14938074-14938558__chr3L_14948136-14948479/alignments/enhancers/lastz.maf
chr3L_14939995-14940646__chr3L_14941342-14941625	OK	0	0	0.0	/Users/jillianness/Downloads/new_LASTZ_analysis/enhancer_extraction/enhancer_pairs/FBgn0036460_Spearman/chr3L_14939995-14940646__chr3L_14941342-14941625/alignments/enhancers/lastz.maf
chr3L_14939995-14940646__chr3L_14944241-14944774	OK	0	0	0.0	/Users/jillianness/Downloads/new_LASTZ_analysis/enhancer_extraction/enhancer_pairs/FBgn0036460_Spearman/chr3L_14939995-14940646__chr3L_14944241-14944774/alignments/enhancers/lastz.maf
chr3L_14939995-14940646__chr3L_14948136-14948479	OK	0	0	0.0	/Users/jillianness/Downloads/new_LASTZ_analysis/enhancer_extraction/enhancer_pairs/FBgn0036460_Spearman/chr3L_14939995-14940646__chr3L_14948136-14948479/alignments/enhancers/lastz.maf
chr3L_14941342-14941625__chr3L_14944241-14944774	OK	0	0	0.0	/Users/jillianness/Downloads/new_LASTZ_analysis/enhancer_extraction/enhancer_pairs/FBgn0036460_Spearman/chr3L_14941342-14941625__chr3L_14944241-14944774/alignments/enhancers/lastz.maf
chr3L_14941342-14941625__chr3L_14948136-14948479	OK	0	0	0.0	/Users/jillianness/Downloads/new_LASTZ_analysis/enhancer_extraction/enhancer_pairs/FBgn0036460_Spearman/chr3L_14941342-14941625__chr3L_14948136-14948479/alignments/enhancers/lastz.maf
chr3L_14944241-14944774__chr3L_14948136-14948479	OK	0	0	0.0	/Users/jillianness/Downloads/new_LASTZ_analysis/enhancer_extraction/enhancer_pairs/FBgn0036460_Spearman/chr3L_14944241-14944774__chr3L_14948136-14948479/alignments/enhancers/lastz.maf
chr3L_15984572-15984835__chr3L_15984916-15985116	OK	0	0	0.0	/Users/jillianness/Downloads/new_LASTZ_analysis/enhancer_extraction/enhancer_pairs/FBgn0036557_Spearman/chr3L_15984572-15984835__chr3L_15984916-15985116/alignments/enhancers/lastz.maf
chr3L_15984572-15984835__chr3L_15989718-15989918	OK	0	0	0.0	/Users/jillianness/Downloads/new_LASTZ_analysis/enhancer_extraction/enhancer_pairs/FBgn0036557_Spearman/chr3L_15984572-15984835__chr3L_15989718-15989918/alignments/enhancers/lastz.maf
chr3L_15984916-15985116__chr3L_15989718-15989918	OK	0	0	0.0	/Users/jillianness/Downloads/new_LASTZ_analysis/enhancer_extraction/enhancer_pairs/FBgn0036557_Spearman/chr3L_15984916-15985116__chr3L_15989718-15989918/alignments/enhancers/lastz.maf
chr3L_18966539-18966739__chr3L_18969320-18969520	OK	0	0	0.0	/Users/jillianness/Downloads/new_LASTZ_analysis/enhancer_extraction/enhancer_pairs/FBgn0036838_Spearman/chr3L_18966539-18966739__chr3L_18969320-18969520/alignments/enhancers/lastz.maf
chr3L_18976381-18976581__chr3L_19015534-19016171	OK	0	0	0.0	/Users/jillianness/Downloads/new_LASTZ_analysis/enhancer_extraction/enhancer_pairs/FBgn0036839_sm/chr3L_18976381-18976581__chr3L_19015534-19016171/alignments/enhancers/lastz.maf
chr3L_19051116-19051316__chr3L_19130352-19131228	OK	0	0	0.0	/Users/jillianness/Downloads/new_LASTZ_analysis/enhancer_extraction/enhancer_pairs/FBgn0036844_vm_sm/chr3L_19051116-19051316__chr3L_19130352-19131228/alignments/enhancers/lastz.maf
chr3L_20415984-20416184__chr3L_20459170-20459888	OK	0	0	0.0	/Users/jillianness/Downloads/new_LASTZ_analysis/enhancer_extraction/enhancer_pairs/FBgn0037001_Spearman/chr3L_20415984-20416184__chr3L_20459170-20459888/alignments/enhancers/lastz.maf
chr3L_20415688-20415906__chr3L_20448593-20448874	OK	0	0	0.0	/Users/jillianness/Downloads/new_LASTZ_analysis/enhancer_extraction/enhancer_pairs/FBgn0037001_vm/chr3L_20415688-20415906__chr3L_20448593-20448874/alignments/enhancers/lastz.maf
chr3L_20457312-20457678__chr3L_20459170-20459888	OK	0	0	0.0	/Users/jillianness/Downloads/new_LASTZ_analysis/enhancer_extraction/enhancer_pairs/FBgn0037007_vm/chr3L_20457312-20457678__chr3L_20459170-20459888/alignments/enhancers/lastz.maf
chr3L_22888570-22889072__chr3L_22893393-22893593	OK	0	0	0.0	/Users/jillianness/Downloads/new_LASTZ_analysis/enhancer_extraction/enhancer_pairs/FBgn0037207_meso/chr3L_22888570-22889072__chr3L_22893393-22893593/alignments/enhancers/lastz.maf
chr3L_22851931-22852313__chr3L_22946089-22946293	OK	0	0	0.0	/Users/jillianness/Downloads/new_LASTZ_analysis/enhancer_extraction/enhancer_pairs/FBgn0037207_vm/chr3L_22851931-22852313__chr3L_22946089-22946293/alignments/enhancers/lastz.maf
chr3R_4433712-4433912__chr3R_4452493-4452808	OK	0	0	0.0	/Users/jillianness/Downloads/new_LASTZ_analysis/enhancer_extraction/enhancer_pairs/FBgn0037248_Spearman/chr3R_4433712-4433912__chr3R_4452493-4452808/alignments/enhancers/lastz.maf
chr3R_4780432-4780632__chr3R_4806774-4807046	OK	0	0	0.0	/Users/jillianness/Downloads/new_LASTZ_analysis/enhancer_extraction/enhancer_pairs/FBgn0037275_sm/chr3R_4780432-4780632__chr3R_4806774-4807046/alignments/enhancers/lastz.maf
chr3R_5670022-5670340__chr3R_5670936-5671400	OK	0	0	0.0	/Users/jillianness/Downloads/new_LASTZ_analysis/enhancer_extraction/enhancer_pairs/FBgn0037358_vm/chr3R_5670022-5670340__chr3R_5670936-5671400/alignments/enhancers/lastz.maf
chr3R_5670022-5670340__chr3R_5672628-5673052	OK	0	0	0.0	/Users/jillianness/Downloads/new_LASTZ_analysis/enhancer_extraction/enhancer_pairs/FBgn0037358_vm/chr3R_5670022-5670340__chr3R_5672628-5673052/alignments/enhancers/lastz.maf
chr3R_5670936-5671400__chr3R_5672628-5673052	OK	0	0	0.0	/Users/jillianness/Downloads/new_LASTZ_analysis/enhancer_extraction/enhancer_pairs/FBgn0037358_vm/chr3R_5670936-5671400__chr3R_5672628-5673052/alignments/enhancers/lastz.maf
chr3R_6353539-6353883__chr3R_6394025-6394569	OK	0	0	0.0	/Users/jillianness/Downloads/new_LASTZ_analysis/enhancer_extraction/enhancer_pairs/FBgn0037439_sm/chr3R_6353539-6353883__chr3R_6394025-6394569/alignments/enhancers/lastz.maf
chr3R_6353539-6353883__chr3R_6409760-6410198	OK	0	0	0.0	/Users/jillianness/Downloads/new_LASTZ_analysis/enhancer_extraction/enhancer_pairs/FBgn0037439_sm/chr3R_6353539-6353883__chr3R_6409760-6410198/alignments/enhancers/lastz.maf
chr3R_6394025-6394569__chr3R_6409760-6410198	OK	0	0	0.0	/Users/jillianness/Downloads/new_LASTZ_analysis/enhancer_extraction/enhancer_pairs/FBgn0037439_sm/chr3R_6394025-6394569__chr3R_6409760-6410198/alignments/enhancers/lastz.maf
chr3R_6435505-6435705__chr3R_6467754-6468039	OK	0	0	0.0	/Users/jillianness/Downloads/new_LASTZ_analysis/enhancer_extraction/enhancer_pairs/FBgn0037443_Spearman/chr3R_6435505-6435705__chr3R_6467754-6468039/alignments/enhancers/lastz.maf
chr3R_6435505-6435705__chr3R_6481705-6482044	OK	0	0	0.0	/Users/jillianness/Downloads/new_LASTZ_analysis/enhancer_extraction/enhancer_pairs/FBgn0037443_Spearman/chr3R_6435505-6435705__chr3R_6481705-6482044/alignments/enhancers/lastz.maf
chr3R_6435505-6435705__chr3R_6484281-6484481	OK	0	0	0.0	/Users/jillianness/Downloads/new_LASTZ_analysis/enhancer_extraction/enhancer_pairs/FBgn0037443_Spearman/chr3R_6435505-6435705__chr3R_6484281-6484481/alignments/enhancers/lastz.maf
chr3R_6467754-6468039__chr3R_6481705-6482044	OK	0	0	0.0	/Users/jillianness/Downloads/new_LASTZ_analysis/enhancer_extraction/enhancer_pairs/FBgn0037443_Spearman/chr3R_6467754-6468039__chr3R_6481705-6482044/alignments/enhancers/lastz.maf
chr3R_6467754-6468039__chr3R_6484281-6484481	OK	0	0	0.0	/Users/jillianness/Downloads/new_LASTZ_analysis/enhancer_extraction/enhancer_pairs/FBgn0037443_Spearman/chr3R_6467754-6468039__chr3R_6484281-6484481/alignments/enhancers/lastz.maf
chr3R_6481705-6482044__chr3R_6484281-6484481	OK	0	0	0.0	/Users/jillianness/Downloads/new_LASTZ_analysis/enhancer_extraction/enhancer_pairs/FBgn0037443_Spearman/chr3R_6481705-6482044__chr3R_6484281-6484481/alignments/enhancers/lastz.maf
chr3R_6467754-6468039__chr3R_6481705-6482044	OK	0	0	0.0	/Users/jillianness/Downloads/new_LASTZ_analysis/enhancer_extraction/enhancer_pairs/FBgn0037447_vm_sm/chr3R_6467754-6468039__chr3R_6481705-6482044/alignments/enhancers/lastz.maf
chr3R_8275099-8275299__chr3R_8285979-8286212	OK	0	0	0.0	/Users/jillianness/Downloads/new_LASTZ_analysis/enhancer_extraction/enhancer_pairs/FBgn0037561_Spearman/chr3R_8275099-8275299__chr3R_8285979-8286212/alignments/enhancers/lastz.maf
chr3R_8664993-8665193__chr3R_8668848-8669048	OK	0	0	0.0	/Users/jillianness/Downloads/new_LASTZ_analysis/enhancer_extraction/enhancer_pairs/FBgn0037608_sm/chr3R_8664993-8665193__chr3R_8668848-8669048/alignments/enhancers/lastz.maf
chr3R_8664993-8665193__chr3R_8669125-8669443	OK	0	0	0.0	/Users/jillianness/Downloads/new_LASTZ_analysis/enhancer_extraction/enhancer_pairs/FBgn0037608_sm/chr3R_8664993-8665193__chr3R_8669125-8669443/alignments/enhancers/lastz.maf
chr3R_8664993-8665193__chr3R_8684628-8685183	OK	0	0	0.0	/Users/jillianness/Downloads/new_LASTZ_analysis/enhancer_extraction/enhancer_pairs/FBgn0037608_sm/chr3R_8664993-8665193__chr3R_8684628-8685183/alignments/enhancers/lastz.maf
chr3R_8668848-8669048__chr3R_8669125-8669443	OK	0	0	0.0	/Users/jillianness/Downloads/new_LASTZ_analysis/enhancer_extraction/enhancer_pairs/FBgn0037608_sm/chr3R_8668848-8669048__chr3R_8669125-8669443/alignments/enhancers/lastz.maf
chr3R_8668848-8669048__chr3R_8684628-8685183	OK	0	0	0.0	/Users/jillianness/Downloads/new_LASTZ_analysis/enhancer_extraction/enhancer_pairs/FBgn0037608_sm/chr3R_8668848-8669048__chr3R_8684628-8685183/alignments/enhancers/lastz.maf
chr3R_8669125-8669443__chr3R_8684628-8685183	OK	0	0	0.0	/Users/jillianness/Downloads/new_LASTZ_analysis/enhancer_extraction/enhancer_pairs/FBgn0037608_sm/chr3R_8669125-8669443__chr3R_8684628-8685183/alignments/enhancers/lastz.maf
chr3R_8664009-8664210__chr3R_8664993-8665193	OK	0	0	0.0	/Users/jillianness/Downloads/new_LASTZ_analysis/enhancer_extraction/enhancer_pairs/FBgn0037608_vm/chr3R_8664009-8664210__chr3R_8664993-8665193/alignments/enhancers/lastz.maf
chr3R_8664009-8664210__chr3R_8668848-8669048	OK	0	0	0.0	/Users/jillianness/Downloads/new_LASTZ_analysis/enhancer_extraction/enhancer_pairs/FBgn0037608_vm/chr3R_8664009-8664210__chr3R_8668848-8669048/alignments/enhancers/lastz.maf
chr3R_8664009-8664210__chr3R_8684628-8685183	OK	0	0	0.0	/Users/jillianness/Downloads/new_LASTZ_analysis/enhancer_extraction/enhancer_pairs/FBgn0037608_vm/chr3R_8664009-8664210__chr3R_8684628-8685183/alignments/enhancers/lastz.maf
chr3R_8664993-8665193__chr3R_8668848-8669048	OK	0	0	0.0	/Users/jillianness/Downloads/new_LASTZ_analysis/enhancer_extraction/enhancer_pairs/FBgn0037608_vm/chr3R_8664993-8665193__chr3R_8668848-8669048/alignments/enhancers/lastz.maf
chr3R_8664993-8665193__chr3R_8684628-8685183	OK	0	0	0.0	/Users/jillianness/Downloads/new_LASTZ_analysis/enhancer_extraction/enhancer_pairs/FBgn0037608_vm/chr3R_8664993-8665193__chr3R_8684628-8685183/alignments/enhancers/lastz.maf
chr3R_8668848-8669048__chr3R_8684628-8685183	OK	0	0	0.0	/Users/jillianness/Downloads/new_LASTZ_analysis/enhancer_extraction/enhancer_pairs/FBgn0037608_vm/chr3R_8668848-8669048__chr3R_8684628-8685183/alignments/enhancers/lastz.maf
chr3R_8801188-8801499__chr3R_8812222-8812640	OK	0	0	0.0	/Users/jillianness/Downloads/new_LASTZ_analysis/enhancer_extraction/enhancer_pairs/FBgn0037635_vm/chr3R_8801188-8801499__chr3R_8812222-8812640/alignments/enhancers/lastz.maf
chr3R_8801188-8801499__chr3R_8846388-8846652	OK	0	0	0.0	/Users/jillianness/Downloads/new_LASTZ_analysis/enhancer_extraction/enhancer_pairs/FBgn0037635_vm/chr3R_8801188-8801499__chr3R_8846388-8846652/alignments/enhancers/lastz.maf
chr3R_8801188-8801499__chr3R_8864161-8864361	OK	0	0	0.0	/Users/jillianness/Downloads/new_LASTZ_analysis/enhancer_extraction/enhancer_pairs/FBgn0037635_vm/chr3R_8801188-8801499__chr3R_8864161-8864361/alignments/enhancers/lastz.maf
chr3R_8812222-8812640__chr3R_8846388-8846652	OK	0	0	0.0	/Users/jillianness/Downloads/new_LASTZ_analysis/enhancer_extraction/enhancer_pairs/FBgn0037635_vm/chr3R_8812222-8812640__chr3R_8846388-8846652/alignments/enhancers/lastz.maf
chr3R_8812222-8812640__chr3R_8864161-8864361	OK	0	0	0.0	/Users/jillianness/Downloads/new_LASTZ_analysis/enhancer_extraction/enhancer_pairs/FBgn0037635_vm/chr3R_8812222-8812640__chr3R_8864161-8864361/alignments/enhancers/lastz.maf
chr3R_8846388-8846652__chr3R_8864161-8864361	OK	0	0	0.0	/Users/jillianness/Downloads/new_LASTZ_analysis/enhancer_extraction/enhancer_pairs/FBgn0037635_vm/chr3R_8846388-8846652__chr3R_8864161-8864361/alignments/enhancers/lastz.maf
chr3R_8812222-8812640__chr3R_8849790-8850241	OK	0	0	0.0	/Users/jillianness/Downloads/new_LASTZ_analysis/enhancer_extraction/enhancer_pairs/FBgn0037637_sm/chr3R_8812222-8812640__chr3R_8849790-8850241/alignments/enhancers/lastz.maf
chr3R_8812222-8812640__chr3R_8857786-8857986	OK	0	0	0.0	/Users/jillianness/Downloads/new_LASTZ_analysis/enhancer_extraction/enhancer_pairs/FBgn0037637_sm/chr3R_8812222-8812640__chr3R_8857786-8857986/alignments/enhancers/lastz.maf
chr3R_8812222-8812640__chr3R_8864161-8864361	OK	0	0	0.0	/Users/jillianness/Downloads/new_LASTZ_analysis/enhancer_extraction/enhancer_pairs/FBgn0037637_sm/chr3R_8812222-8812640__chr3R_8864161-8864361/alignments/enhancers/lastz.maf
chr3R_8849790-8850241__chr3R_8857786-8857986	OK	0	0	0.0	/Users/jillianness/Downloads/new_LASTZ_analysis/enhancer_extraction/enhancer_pairs/FBgn0037637_sm/chr3R_8849790-8850241__chr3R_8857786-8857986/alignments/enhancers/lastz.maf
chr3R_8849790-8850241__chr3R_8864161-8864361	OK	0	0	0.0	/Users/jillianness/Downloads/new_LASTZ_analysis/enhancer_extraction/enhancer_pairs/FBgn0037637_sm/chr3R_8849790-8850241__chr3R_8864161-8864361/alignments/enhancers/lastz.maf
chr3R_8857786-8857986__chr3R_8864161-8864361	OK	0	0	0.0	/Users/jillianness/Downloads/new_LASTZ_analysis/enhancer_extraction/enhancer_pairs/FBgn0037637_sm/chr3R_8857786-8857986__chr3R_8864161-8864361/alignments/enhancers/lastz.maf
chr3R_10382028-10382228__chr3R_10383102-10383302	OK	0	0	0.0	/Users/jillianness/Downloads/new_LASTZ_analysis/enhancer_extraction/enhancer_pairs/FBgn0037816_Spearman/chr3R_10382028-10382228__chr3R_10383102-10383302/alignments/enhancers/lastz.maf
chr3R_10382028-10382228__chr3R_10385663-10385863	OK	1	176	100.0	/Users/jillianness/Downloads/new_LASTZ_analysis/enhancer_extraction/enhancer_pairs/FBgn0037816_Spearman/chr3R_10382028-10382228__chr3R_10385663-10385863/alignments/enhancers/lastz.maf
chr3R_10382028-10382228__chr3R_10386663-10386863	OK	0	0	0.0	/Users/jillianness/Downloads/new_LASTZ_analysis/enhancer_extraction/enhancer_pairs/FBgn0037816_Spearman/chr3R_10382028-10382228__chr3R_10386663-10386863/alignments/enhancers/lastz.maf
chr3R_10383102-10383302__chr3R_10385663-10385863	OK	0	0	0.0	/Users/jillianness/Downloads/new_LASTZ_analysis/enhancer_extraction/enhancer_pairs/FBgn0037816_Spearman/chr3R_10383102-10383302__chr3R_10385663-10385863/alignments/enhancers/lastz.maf
chr3R_10383102-10383302__chr3R_10386663-10386863	OK	1	150	100.0	/Users/jillianness/Downloads/new_LASTZ_analysis/enhancer_extraction/enhancer_pairs/FBgn0037816_Spearman/chr3R_10383102-10383302__chr3R_10386663-10386863/alignments/enhancers/lastz.maf
chr3R_10385663-10385863__chr3R_10386663-10386863	OK	0	0	0.0	/Users/jillianness/Downloads/new_LASTZ_analysis/enhancer_extraction/enhancer_pairs/FBgn0037816_Spearman/chr3R_10385663-10385863__chr3R_10386663-10386863/alignments/enhancers/lastz.maf
chr3R_10387951-10388335__chr3R_10536788-10537065	OK	0	0	0.0	/Users/jillianness/Downloads/new_LASTZ_analysis/enhancer_extraction/enhancer_pairs/FBgn0037816_sm/chr3R_10387951-10388335__chr3R_10536788-10537065/alignments/enhancers/lastz.maf
chr3R_10777442-10777731__chr3R_10792254-10792567	OK	0	0	0.0	/Users/jillianness/Downloads/new_LASTZ_analysis/enhancer_extraction/enhancer_pairs/FBgn0037835_vm_sm/chr3R_10777442-10777731__chr3R_10792254-10792567/alignments/enhancers/lastz.maf
chr3R_10777442-10777731__chr3R_10793522-10793813	OK	0	0	0.0	/Users/jillianness/Downloads/new_LASTZ_analysis/enhancer_extraction/enhancer_pairs/FBgn0037835_vm_sm/chr3R_10777442-10777731__chr3R_10793522-10793813/alignments/enhancers/lastz.maf
chr3R_10792254-10792567__chr3R_10793522-10793813	OK	0	0	0.0	/Users/jillianness/Downloads/new_LASTZ_analysis/enhancer_extraction/enhancer_pairs/FBgn0037835_vm_sm/chr3R_10792254-10792567__chr3R_10793522-10793813/alignments/enhancers/lastz.maf
chr3R_11351913-11352365__chr3R_11352401-11352901	OK	0	0	0.0	/Users/jillianness/Downloads/new_LASTZ_analysis/enhancer_extraction/enhancer_pairs/FBgn0037892_Spearman/chr3R_11351913-11352365__chr3R_11352401-11352901/alignments/enhancers/lastz.maf
chr3R_11351913-11352365__chr3R_11353401-11353818	OK	0	0	0.0	/Users/jillianness/Downloads/new_LASTZ_analysis/enhancer_extraction/enhancer_pairs/FBgn0037892_Spearman/chr3R_11351913-11352365__chr3R_11353401-11353818/alignments/enhancers/lastz.maf
chr3R_11351913-11352365__chr3R_11372382-11372635	OK	0	0	0.0	/Users/jillianness/Downloads/new_LASTZ_analysis/enhancer_extraction/enhancer_pairs/FBgn0037892_Spearman/chr3R_11351913-11352365__chr3R_11372382-11372635/alignments/enhancers/lastz.maf
chr3R_11352401-11352901__chr3R_11353401-11353818	OK	0	0	0.0	/Users/jillianness/Downloads/new_LASTZ_analysis/enhancer_extraction/enhancer_pairs/FBgn0037892_Spearman/chr3R_11352401-11352901__chr3R_11353401-11353818/alignments/enhancers/lastz.maf
chr3R_11352401-11352901__chr3R_11372382-11372635	OK	0	0	0.0	/Users/jillianness/Downloads/new_LASTZ_analysis/enhancer_extraction/enhancer_pairs/FBgn0037892_Spearman/chr3R_11352401-11352901__chr3R_11372382-11372635/alignments/enhancers/lastz.maf
chr3R_11353401-11353818__chr3R_11372382-11372635	OK	0	0	0.0	/Users/jillianness/Downloads/new_LASTZ_analysis/enhancer_extraction/enhancer_pairs/FBgn0037892_Spearman/chr3R_11353401-11353818__chr3R_11372382-11372635/alignments/enhancers/lastz.maf
chr3R_12467679-12468072__chr3R_12477322-12477683	OK	1	260	98.46	/Users/jillianness/Downloads/new_LASTZ_analysis/enhancer_extraction/enhancer_pairs/FBgn0038056_sm/chr3R_12467679-12468072__chr3R_12477322-12477683/alignments/enhancers/lastz.maf
chr3R_12467679-12468072__chr3R_12502172-12502620	OK	1	391	98.98	/Users/jillianness/Downloads/new_LASTZ_analysis/enhancer_extraction/enhancer_pairs/FBgn0038056_sm/chr3R_12467679-12468072__chr3R_12502172-12502620/alignments/enhancers/lastz.maf
chr3R_12467679-12468072__chr3R_12505525-12505897	OK	1	372	98.92	/Users/jillianness/Downloads/new_LASTZ_analysis/enhancer_extraction/enhancer_pairs/FBgn0038056_sm/chr3R_12467679-12468072__chr3R_12505525-12505897/alignments/enhancers/lastz.maf
chr3R_12477322-12477683__chr3R_12502172-12502620	OK	1	260	97.69	/Users/jillianness/Downloads/new_LASTZ_analysis/enhancer_extraction/enhancer_pairs/FBgn0038056_sm/chr3R_12477322-12477683__chr3R_12502172-12502620/alignments/enhancers/lastz.maf
chr3R_12477322-12477683__chr3R_12505525-12505897	OK	1	260	97.69	/Users/jillianness/Downloads/new_LASTZ_analysis/enhancer_extraction/enhancer_pairs/FBgn0038056_sm/chr3R_12477322-12477683__chr3R_12505525-12505897/alignments/enhancers/lastz.maf
chr3R_12502172-12502620__chr3R_12505525-12505897	OK	1	372	100.0	/Users/jillianness/Downloads/new_LASTZ_analysis/enhancer_extraction/enhancer_pairs/FBgn0038056_sm/chr3R_12502172-12502620__chr3R_12505525-12505897/alignments/enhancers/lastz.maf
chr3R_13372296-13372496__chr3R_13403135-13403355	OK	0	0	0.0	/Users/jillianness/Downloads/new_LASTZ_analysis/enhancer_extraction/enhancer_pairs/FBgn0038146_sm/chr3R_13372296-13372496__chr3R_13403135-13403355/alignments/enhancers/lastz.maf
chr3R_14586821-14587560__chr3R_14589659-14590058	OK	0	0	0.0	/Users/jillianness/Downloads/new_LASTZ_analysis/enhancer_extraction/enhancer_pairs/FBgn0038244_meso_sm/chr3R_14586821-14587560__chr3R_14589659-14590058/alignments/enhancers/lastz.maf
chr3R_14675887-14676292__chr3R_14713950-14714458	OK	0	0	0.0	/Users/jillianness/Downloads/new_LASTZ_analysis/enhancer_extraction/enhancer_pairs/FBgn0038252_sm/chr3R_14675887-14676292__chr3R_14713950-14714458/alignments/enhancers/lastz.maf
chr3R_14675887-14676292__chr3R_14717274-14717609	OK	0	0	0.0	/Users/jillianness/Downloads/new_LASTZ_analysis/enhancer_extraction/enhancer_pairs/FBgn0038252_sm/chr3R_14675887-14676292__chr3R_14717274-14717609/alignments/enhancers/lastz.maf
chr3R_14713950-14714458__chr3R_14717274-14717609	OK	0	0	0.0	/Users/jillianness/Downloads/new_LASTZ_analysis/enhancer_extraction/enhancer_pairs/FBgn0038252_sm/chr3R_14713950-14714458__chr3R_14717274-14717609/alignments/enhancers/lastz.maf
chr3R_15089634-15089885__chr3R_15091554-15092117	OK	0	0	0.0	/Users/jillianness/Downloads/new_LASTZ_analysis/enhancer_extraction/enhancer_pairs/FBgn0038292_vm/chr3R_15089634-15089885__chr3R_15091554-15092117/alignments/enhancers/lastz.maf
chr3R_15089634-15089885__chr3R_15121624-15122081	OK	0	0	0.0	/Users/jillianness/Downloads/new_LASTZ_analysis/enhancer_extraction/enhancer_pairs/FBgn0038292_vm/chr3R_15089634-15089885__chr3R_15121624-15122081/alignments/enhancers/lastz.maf
chr3R_15091554-15092117__chr3R_15121624-15122081	OK	0	0	0.0	/Users/jillianness/Downloads/new_LASTZ_analysis/enhancer_extraction/enhancer_pairs/FBgn0038292_vm/chr3R_15091554-15092117__chr3R_15121624-15122081/alignments/enhancers/lastz.maf
chr3R_15091554-15092117__chr3R_15121624-15122081	OK	0	0	0.0	/Users/jillianness/Downloads/new_LASTZ_analysis/enhancer_extraction/enhancer_pairs/FBgn0038293_sm/chr3R_15091554-15092117__chr3R_15121624-15122081/alignments/enhancers/lastz.maf
chr3R_15091554-15092117__chr3R_15179459-15179659	OK	0	0	0.0	/Users/jillianness/Downloads/new_LASTZ_analysis/enhancer_extraction/enhancer_pairs/FBgn0038293_sm/chr3R_15091554-15092117__chr3R_15179459-15179659/alignments/enhancers/lastz.maf
chr3R_15121624-15122081__chr3R_15179459-15179659	OK	0	0	0.0	/Users/jillianness/Downloads/new_LASTZ_analysis/enhancer_extraction/enhancer_pairs/FBgn0038293_sm/chr3R_15121624-15122081__chr3R_15179459-15179659/alignments/enhancers/lastz.maf
chr3R_17067702-17068049__chr3R_17082131-17082723	OK	0	0	0.0	/Users/jillianness/Downloads/new_LASTZ_analysis/enhancer_extraction/enhancer_pairs/FBgn0038473_vm/chr3R_17067702-17068049__chr3R_17082131-17082723/alignments/enhancers/lastz.maf
chr3R_17067702-17068049__chr3R_17095604-17095904	OK	0	0	0.0	/Users/jillianness/Downloads/new_LASTZ_analysis/enhancer_extraction/enhancer_pairs/FBgn0038473_vm/chr3R_17067702-17068049__chr3R_17095604-17095904/alignments/enhancers/lastz.maf
chr3R_17082131-17082723__chr3R_17095604-17095904	OK	0	0	0.0	/Users/jillianness/Downloads/new_LASTZ_analysis/enhancer_extraction/enhancer_pairs/FBgn0038473_vm/chr3R_17082131-17082723__chr3R_17095604-17095904/alignments/enhancers/lastz.maf
chr3R_17249151-17249776__chr3R_17346097-17346604	OK	0	0	0.0	/Users/jillianness/Downloads/new_LASTZ_analysis/enhancer_extraction/enhancer_pairs/FBgn0038498_vm_sm/chr3R_17249151-17249776__chr3R_17346097-17346604/alignments/enhancers/lastz.maf
chr3R_17705753-17706062__chr3R_17712387-17713045	OK	0	0	0.0	/Users/jillianness/Downloads/new_LASTZ_analysis/enhancer_extraction/enhancer_pairs/FBgn0038536_vm/chr3R_17705753-17706062__chr3R_17712387-17713045/alignments/enhancers/lastz.maf
chr3R_17681245-17681597__chr3R_17682975-17683237	OK	0	0	0.0	/Users/jillianness/Downloads/new_LASTZ_analysis/enhancer_extraction/enhancer_pairs/FBgn0038536_vm_sm/chr3R_17681245-17681597__chr3R_17682975-17683237/alignments/enhancers/lastz.maf
chr3R_17781166-17781592__chr3R_17785711-17786086	OK	0	0	0.0	/Users/jillianness/Downloads/new_LASTZ_analysis/enhancer_extraction/enhancer_pairs/FBgn0038546_vm/chr3R_17781166-17781592__chr3R_17785711-17786086/alignments/enhancers/lastz.maf
chr3R_19163765-19164167__chr3R_19165868-19166123	OK	0	0	0.0	/Users/jillianness/Downloads/new_LASTZ_analysis/enhancer_extraction/enhancer_pairs/FBgn0038683_sm/chr3R_19163765-19164167__chr3R_19165868-19166123/alignments/enhancers/lastz.maf
chr3R_20264445-20264645__chr3R_20280523-20280723	OK	0	0	0.0	/Users/jillianness/Downloads/new_LASTZ_analysis/enhancer_extraction/enhancer_pairs/FBgn0038788_Spearman/chr3R_20264445-20264645__chr3R_20280523-20280723/alignments/enhancers/lastz.maf
chr3R_21965040-21965240__chr3R_22042244-22042444	OK	0	0	0.0	/Users/jillianness/Downloads/new_LASTZ_analysis/enhancer_extraction/enhancer_pairs/FBgn0038925_vm_sm/chr3R_21965040-21965240__chr3R_22042244-22042444/alignments/enhancers/lastz.maf
chr3R_21965040-21965240__chr3R_22047297-22047620	OK	0	0	0.0	/Users/jillianness/Downloads/new_LASTZ_analysis/enhancer_extraction/enhancer_pairs/FBgn0038925_vm_sm/chr3R_21965040-21965240__chr3R_22047297-22047620/alignments/enhancers/lastz.maf
chr3R_21965040-21965240__chr3R_22053290-22053582	OK	0	0	0.0	/Users/jillianness/Downloads/new_LASTZ_analysis/enhancer_extraction/enhancer_pairs/FBgn0038925_vm_sm/chr3R_21965040-21965240__chr3R_22053290-22053582/alignments/enhancers/lastz.maf
chr3R_22042244-22042444__chr3R_22047297-22047620	OK	0	0	0.0	/Users/jillianness/Downloads/new_LASTZ_analysis/enhancer_extraction/enhancer_pairs/FBgn0038925_vm_sm/chr3R_22042244-22042444__chr3R_22047297-22047620/alignments/enhancers/lastz.maf
chr3R_22042244-22042444__chr3R_22053290-22053582	OK	0	0	0.0	/Users/jillianness/Downloads/new_LASTZ_analysis/enhancer_extraction/enhancer_pairs/FBgn0038925_vm_sm/chr3R_22042244-22042444__chr3R_22053290-22053582/alignments/enhancers/lastz.maf
chr3R_22047297-22047620__chr3R_22053290-22053582	OK	0	0	0.0	/Users/jillianness/Downloads/new_LASTZ_analysis/enhancer_extraction/enhancer_pairs/FBgn0038925_vm_sm/chr3R_22047297-22047620__chr3R_22053290-22053582/alignments/enhancers/lastz.maf
chr3R_23037946-23038146__chr3R_23038606-23038806	OK	0	0	0.0	/Users/jillianness/Downloads/new_LASTZ_analysis/enhancer_extraction/enhancer_pairs/FBgn0039039_Spearman/chr3R_23037946-23038146__chr3R_23038606-23038806/alignments/enhancers/lastz.maf
chr3R_23026747-23027256__chr3R_23038157-23038558	OK	0	0	0.0	/Users/jillianness/Downloads/new_LASTZ_analysis/enhancer_extraction/enhancer_pairs/FBgn0039039_sm/chr3R_23026747-23027256__chr3R_23038157-23038558/alignments/enhancers/lastz.maf
chr3R_23026747-23027256__chr3R_23029409-23029889	OK	0	0	0.0	/Users/jillianness/Downloads/new_LASTZ_analysis/enhancer_extraction/enhancer_pairs/FBgn0039039_vm/chr3R_23026747-23027256__chr3R_23029409-23029889/alignments/enhancers/lastz.maf
chr3R_29064683-29065106__chr3R_29065872-29066072	OK	0	0	0.0	/Users/jillianness/Downloads/new_LASTZ_analysis/enhancer_extraction/enhancer_pairs/FBgn0039627_Spearman/chr3R_29064683-29065106__chr3R_29065872-29066072/alignments/enhancers/lastz.maf
chr3R_29510492-29510976__chr3R_29511283-29511790	OK	0	0	0.0	/Users/jillianness/Downloads/new_LASTZ_analysis/enhancer_extraction/enhancer_pairs/FBgn0039667_Spearman/chr3R_29510492-29510976__chr3R_29511283-29511790/alignments/enhancers/lastz.maf
chr3R_29458865-29459227__chr3R_29480007-29480263	OK	0	0	0.0	/Users/jillianness/Downloads/new_LASTZ_analysis/enhancer_extraction/enhancer_pairs/FBgn0039667_vm/chr3R_29458865-29459227__chr3R_29480007-29480263/alignments/enhancers/lastz.maf
chr3R_29457322-29457679__chr3R_29476471-29476689	OK	0	0	0.0	/Users/jillianness/Downloads/new_LASTZ_analysis/enhancer_extraction/enhancer_pairs/FBgn0039667_vm_sm/chr3R_29457322-29457679__chr3R_29476471-29476689/alignments/enhancers/lastz.maf
chr3R_29457322-29457679__chr3R_29496327-29496564	OK	0	0	0.0	/Users/jillianness/Downloads/new_LASTZ_analysis/enhancer_extraction/enhancer_pairs/FBgn0039667_vm_sm/chr3R_29457322-29457679__chr3R_29496327-29496564/alignments/enhancers/lastz.maf
chr3R_29476471-29476689__chr3R_29496327-29496564	OK	0	0	0.0	/Users/jillianness/Downloads/new_LASTZ_analysis/enhancer_extraction/enhancer_pairs/FBgn0039667_vm_sm/chr3R_29476471-29476689__chr3R_29496327-29496564/alignments/enhancers/lastz.maf
chr3R_31701754-31702148__chr3R_31704699-31705265	OK	0	0	0.0	/Users/jillianness/Downloads/new_LASTZ_analysis/enhancer_extraction/enhancer_pairs/FBgn0039863_Spearman/chr3R_31701754-31702148__chr3R_31704699-31705265/alignments/enhancers/lastz.maf
chrX_2478545-2478872__chrX_2479970-2480240	OK	0	0	0.0	/Users/jillianness/Downloads/new_LASTZ_analysis/enhancer_extraction/enhancer_pairs/FBgn0040066_sm/chrX_2478545-2478872__chrX_2479970-2480240/alignments/enhancers/lastz.maf
chr3R_16208035-16208235__chr3R_16234208-16234580	OK	0	0	0.0	/Users/jillianness/Downloads/new_LASTZ_analysis/enhancer_extraction/enhancer_pairs/FBgn0040071_Spearman/chr3R_16208035-16208235__chr3R_16234208-16234580/alignments/enhancers/lastz.maf
chr3R_16208035-16208235__chr3R_16235670-16236148	OK	0	0	0.0	/Users/jillianness/Downloads/new_LASTZ_analysis/enhancer_extraction/enhancer_pairs/FBgn0040071_Spearman/chr3R_16208035-16208235__chr3R_16235670-16236148/alignments/enhancers/lastz.maf
chr3R_16208035-16208235__chr3R_16236366-16236648	OK	0	0	0.0	/Users/jillianness/Downloads/new_LASTZ_analysis/enhancer_extraction/enhancer_pairs/FBgn0040071_Spearman/chr3R_16208035-16208235__chr3R_16236366-16236648/alignments/enhancers/lastz.maf
chr3R_16208035-16208235__chr3R_16242325-16242715	OK	0	0	0.0	/Users/jillianness/Downloads/new_LASTZ_analysis/enhancer_extraction/enhancer_pairs/FBgn0040071_Spearman/chr3R_16208035-16208235__chr3R_16242325-16242715/alignments/enhancers/lastz.maf
chr3R_16208035-16208235__chr3R_16254794-16255607	OK	0	0	0.0	/Users/jillianness/Downloads/new_LASTZ_analysis/enhancer_extraction/enhancer_pairs/FBgn0040071_Spearman/chr3R_16208035-16208235__chr3R_16254794-16255607/alignments/enhancers/lastz.maf
chr3R_16208035-16208235__chr3R_16256084-16256284	OK	0	0	0.0	/Users/jillianness/Downloads/new_LASTZ_analysis/enhancer_extraction/enhancer_pairs/FBgn0040071_Spearman/chr3R_16208035-16208235__chr3R_16256084-16256284/alignments/enhancers/lastz.maf
chr3R_16234208-16234580__chr3R_16235670-16236148	OK	0	0	0.0	/Users/jillianness/Downloads/new_LASTZ_analysis/enhancer_extraction/enhancer_pairs/FBgn0040071_Spearman/chr3R_16234208-16234580__chr3R_16235670-16236148/alignments/enhancers/lastz.maf
chr3R_16234208-16234580__chr3R_16236366-16236648	OK	0	0	0.0	/Users/jillianness/Downloads/new_LASTZ_analysis/enhancer_extraction/enhancer_pairs/FBgn0040071_Spearman/chr3R_16234208-16234580__chr3R_16236366-16236648/alignments/enhancers/lastz.maf
chr3R_16234208-16234580__chr3R_16242325-16242715	OK	0	0	0.0	/Users/jillianness/Downloads/new_LASTZ_analysis/enhancer_extraction/enhancer_pairs/FBgn0040071_Spearman/chr3R_16234208-16234580__chr3R_16242325-16242715/alignments/enhancers/lastz.maf
chr3R_16234208-16234580__chr3R_16254794-16255607	OK	0	0	0.0	/Users/jillianness/Downloads/new_LASTZ_analysis/enhancer_extraction/enhancer_pairs/FBgn0040071_Spearman/chr3R_16234208-16234580__chr3R_16254794-16255607/alignments/enhancers/lastz.maf
chr3R_16234208-16234580__chr3R_16256084-16256284	OK	0	0	0.0	/Users/jillianness/Downloads/new_LASTZ_analysis/enhancer_extraction/enhancer_pairs/FBgn0040071_Spearman/chr3R_16234208-16234580__chr3R_16256084-16256284/alignments/enhancers/lastz.maf
chr3R_16235670-16236148__chr3R_16236366-16236648	OK	0	0	0.0	/Users/jillianness/Downloads/new_LASTZ_analysis/enhancer_extraction/enhancer_pairs/FBgn0040071_Spearman/chr3R_16235670-16236148__chr3R_16236366-16236648/alignments/enhancers/lastz.maf
chr3R_16235670-16236148__chr3R_16242325-16242715	OK	0	0	0.0	/Users/jillianness/Downloads/new_LASTZ_analysis/enhancer_extraction/enhancer_pairs/FBgn0040071_Spearman/chr3R_16235670-16236148__chr3R_16242325-16242715/alignments/enhancers/lastz.maf
chr3R_16235670-16236148__chr3R_16254794-16255607	OK	0	0	0.0	/Users/jillianness/Downloads/new_LASTZ_analysis/enhancer_extraction/enhancer_pairs/FBgn0040071_Spearman/chr3R_16235670-16236148__chr3R_16254794-16255607/alignments/enhancers/lastz.maf
chr3R_16235670-16236148__chr3R_16256084-16256284	OK	0	0	0.0	/Users/jillianness/Downloads/new_LASTZ_analysis/enhancer_extraction/enhancer_pairs/FBgn0040071_Spearman/chr3R_16235670-16236148__chr3R_16256084-16256284/alignments/enhancers/lastz.maf
chr3R_16236366-16236648__chr3R_16242325-16242715	OK	0	0	0.0	/Users/jillianness/Downloads/new_LASTZ_analysis/enhancer_extraction/enhancer_pairs/FBgn0040071_Spearman/chr3R_16236366-16236648__chr3R_16242325-16242715/alignments/enhancers/lastz.maf
chr3R_16236366-16236648__chr3R_16254794-16255607	OK	0	0	0.0	/Users/jillianness/Downloads/new_LASTZ_analysis/enhancer_extraction/enhancer_pairs/FBgn0040071_Spearman/chr3R_16236366-16236648__chr3R_16254794-16255607/alignments/enhancers/lastz.maf
chr3R_16236366-16236648__chr3R_16256084-16256284	OK	0	0	0.0	/Users/jillianness/Downloads/new_LASTZ_analysis/enhancer_extraction/enhancer_pairs/FBgn0040071_Spearman/chr3R_16236366-16236648__chr3R_16256084-16256284/alignments/enhancers/lastz.maf
chr3R_16242325-16242715__chr3R_16254794-16255607	OK	1	23	78.26	/Users/jillianness/Downloads/new_LASTZ_analysis/enhancer_extraction/enhancer_pairs/FBgn0040071_Spearman/chr3R_16242325-16242715__chr3R_16254794-16255607/alignments/enhancers/lastz.maf
chr3R_16242325-16242715__chr3R_16256084-16256284	OK	0	0	0.0	/Users/jillianness/Downloads/new_LASTZ_analysis/enhancer_extraction/enhancer_pairs/FBgn0040071_Spearman/chr3R_16242325-16242715__chr3R_16256084-16256284/alignments/enhancers/lastz.maf
chr3R_16254794-16255607__chr3R_16256084-16256284	OK	0	0	0.0	/Users/jillianness/Downloads/new_LASTZ_analysis/enhancer_extraction/enhancer_pairs/FBgn0040071_Spearman/chr3R_16254794-16255607__chr3R_16256084-16256284/alignments/enhancers/lastz.maf
chr3R_16234208-16234580__chr3R_16242325-16242715	OK	0	0	0.0	/Users/jillianness/Downloads/new_LASTZ_analysis/enhancer_extraction/enhancer_pairs/FBgn0040071_sm/chr3R_16234208-16234580__chr3R_16242325-16242715/alignments/enhancers/lastz.maf
chr3R_16234208-16234580__chr3R_16281158-16281613	OK	0	0	0.0	/Users/jillianness/Downloads/new_LASTZ_analysis/enhancer_extraction/enhancer_pairs/FBgn0040071_sm/chr3R_16234208-16234580__chr3R_16281158-16281613/alignments/enhancers/lastz.maf
chr3R_16242325-16242715__chr3R_16281158-16281613	OK	0	0	0.0	/Users/jillianness/Downloads/new_LASTZ_analysis/enhancer_extraction/enhancer_pairs/FBgn0040071_sm/chr3R_16242325-16242715__chr3R_16281158-16281613/alignments/enhancers/lastz.maf
chr3R_16329845-16330045__chr3R_16341799-16342309	OK	0	0	0.0	/Users/jillianness/Downloads/new_LASTZ_analysis/enhancer_extraction/enhancer_pairs/FBgn0040271_sm/chr3R_16329845-16330045__chr3R_16341799-16342309/alignments/enhancers/lastz.maf
chr3L_9413206-9413480__chr3L_9413658-9413858	OK	0	0	0.0	/Users/jillianness/Downloads/new_LASTZ_analysis/enhancer_extraction/enhancer_pairs/FBgn0040305_vm/chr3L_9413206-9413480__chr3L_9413658-9413858/alignments/enhancers/lastz.maf
chrX_664986-665230__chrX_735534-735828	OK	0	0	0.0	/Users/jillianness/Downloads/new_LASTZ_analysis/enhancer_extraction/enhancer_pairs/FBgn0040383_sm/chrX_664986-665230__chrX_735534-735828/alignments/enhancers/lastz.maf
chrX_2270820-2271020__chrX_2282017-2282260	OK	0	0	0.0	/Users/jillianness/Downloads/new_LASTZ_analysis/enhancer_extraction/enhancer_pairs/FBgn0040389_Spearman/chrX_2270820-2271020__chrX_2282017-2282260/alignments/enhancers/lastz.maf
chrX_2294580-2295057__chrX_2296356-2296737	OK	0	0	0.0	/Users/jillianness/Downloads/new_LASTZ_analysis/enhancer_extraction/enhancer_pairs/FBgn0040389_sm/chrX_2294580-2295057__chrX_2296356-2296737/alignments/enhancers/lastz.maf
chr3L_12063986-12064331__chr3L_12082643-12082843	OK	0	0	0.0	/Users/jillianness/Downloads/new_LASTZ_analysis/enhancer_extraction/enhancer_pairs/FBgn0041096_Spearman/chr3L_12063986-12064331__chr3L_12082643-12082843/alignments/enhancers/lastz.maf
chr3L_11973666-11973958__chr3L_12043527-12044019	OK	0	0	0.0	/Users/jillianness/Downloads/new_LASTZ_analysis/enhancer_extraction/enhancer_pairs/FBgn0041096_vm_sm/chr3L_11973666-11973958__chr3L_12043527-12044019/alignments/enhancers/lastz.maf
chr3L_11973666-11973958__chr3L_12044554-12045005	OK	0	0	0.0	/Users/jillianness/Downloads/new_LASTZ_analysis/enhancer_extraction/enhancer_pairs/FBgn0041096_vm_sm/chr3L_11973666-11973958__chr3L_12044554-12045005/alignments/enhancers/lastz.maf
chr3L_11973666-11973958__chr3L_12047380-12047625	OK	0	0	0.0	/Users/jillianness/Downloads/new_LASTZ_analysis/enhancer_extraction/enhancer_pairs/FBgn0041096_vm_sm/chr3L_11973666-11973958__chr3L_12047380-12047625/alignments/enhancers/lastz.maf
chr3L_12043527-12044019__chr3L_12044554-12045005	OK	0	0	0.0	/Users/jillianness/Downloads/new_LASTZ_analysis/enhancer_extraction/enhancer_pairs/FBgn0041096_vm_sm/chr3L_12043527-12044019__chr3L_12044554-12045005/alignments/enhancers/lastz.maf
chr3L_12043527-12044019__chr3L_12047380-12047625	OK	0	0	0.0	/Users/jillianness/Downloads/new_LASTZ_analysis/enhancer_extraction/enhancer_pairs/FBgn0041096_vm_sm/chr3L_12043527-12044019__chr3L_12047380-12047625/alignments/enhancers/lastz.maf
chr3L_12044554-12045005__chr3L_12047380-12047625	OK	0	0	0.0	/Users/jillianness/Downloads/new_LASTZ_analysis/enhancer_extraction/enhancer_pairs/FBgn0041096_vm_sm/chr3L_12044554-12045005__chr3L_12047380-12047625/alignments/enhancers/lastz.maf
chr3L_14635397-14635808__chr3L_14636483-14636932	OK	0	0	0.0	/Users/jillianness/Downloads/new_LASTZ_analysis/enhancer_extraction/enhancer_pairs/FBgn0041604_sm/chr3L_14635397-14635808__chr3L_14636483-14636932/alignments/enhancers/lastz.maf
chr3L_14635397-14635808__chr3L_14646221-14646447	OK	0	0	0.0	/Users/jillianness/Downloads/new_LASTZ_analysis/enhancer_extraction/enhancer_pairs/FBgn0041604_sm/chr3L_14635397-14635808__chr3L_14646221-14646447/alignments/enhancers/lastz.maf
chr3L_14636483-14636932__chr3L_14646221-14646447	OK	0	0	0.0	/Users/jillianness/Downloads/new_LASTZ_analysis/enhancer_extraction/enhancer_pairs/FBgn0041604_sm/chr3L_14636483-14636932__chr3L_14646221-14646447/alignments/enhancers/lastz.maf
chrX_16040766-16041067__chrX_16080250-16080450	OK	0	0	0.0	/Users/jillianness/Downloads/new_LASTZ_analysis/enhancer_extraction/enhancer_pairs/FBgn0042650_vm/chrX_16040766-16041067__chrX_16080250-16080450/alignments/enhancers/lastz.maf
chrX_16040766-16041067__chrX_16108626-16109199	OK	0	0	0.0	/Users/jillianness/Downloads/new_LASTZ_analysis/enhancer_extraction/enhancer_pairs/FBgn0042650_vm/chrX_16040766-16041067__chrX_16108626-16109199/alignments/enhancers/lastz.maf
chrX_16080250-16080450__chrX_16108626-16109199	OK	0	0	0.0	/Users/jillianness/Downloads/new_LASTZ_analysis/enhancer_extraction/enhancer_pairs/FBgn0042650_vm/chrX_16080250-16080450__chrX_16108626-16109199/alignments/enhancers/lastz.maf
chr3L_6962082-6962696__chr3L_6964398-6964598	OK	0	0	0.0	/Users/jillianness/Downloads/new_LASTZ_analysis/enhancer_extraction/enhancer_pairs/FBgn0045759_Spearman/chr3L_6962082-6962696__chr3L_6964398-6964598/alignments/enhancers/lastz.maf
chr3L_6959693-6959979__chr3L_6961086-6961344	OK	0	0	0.0	/Users/jillianness/Downloads/new_LASTZ_analysis/enhancer_extraction/enhancer_pairs/FBgn0045759_vm/chr3L_6959693-6959979__chr3L_6961086-6961344/alignments/enhancers/lastz.maf
chr3L_6959693-6959979__chr3L_6968332-6968548	OK	0	0	0.0	/Users/jillianness/Downloads/new_LASTZ_analysis/enhancer_extraction/enhancer_pairs/FBgn0045759_vm/chr3L_6959693-6959979__chr3L_6968332-6968548/alignments/enhancers/lastz.maf
chr3L_6961086-6961344__chr3L_6968332-6968548	OK	0	0	0.0	/Users/jillianness/Downloads/new_LASTZ_analysis/enhancer_extraction/enhancer_pairs/FBgn0045759_vm/chr3L_6961086-6961344__chr3L_6968332-6968548/alignments/enhancers/lastz.maf
chr2R_10823498-10823995__chr2R_10827814-10828308	OK	0	0	0.0	/Users/jillianness/Downloads/new_LASTZ_analysis/enhancer_extraction/enhancer_pairs/FBgn0050021_sm/chr2R_10823498-10823995__chr2R_10827814-10828308/alignments/enhancers/lastz.maf
chr2R_16703381-16703786__chr2R_16705772-16705972	OK	0	0	0.0	/Users/jillianness/Downloads/new_LASTZ_analysis/enhancer_extraction/enhancer_pairs/FBgn0050460_vm_sm/chr2R_16703381-16703786__chr2R_16705772-16705972/alignments/enhancers/lastz.maf
chr3R_11851860-11852150__chr3R_11852470-11852670	OK	0	0	0.0	/Users/jillianness/Downloads/new_LASTZ_analysis/enhancer_extraction/enhancer_pairs/FBgn0051368_vm/chr3R_11851860-11852150__chr3R_11852470-11852670/alignments/enhancers/lastz.maf
chr3R_4979211-4979648__chr3R_4980433-4980891	OK	0	0	0.0	/Users/jillianness/Downloads/new_LASTZ_analysis/enhancer_extraction/enhancer_pairs/FBgn0051536_Spearman/chr3R_4979211-4979648__chr3R_4980433-4980891/alignments/enhancers/lastz.maf
chr3R_4976947-4977343__chr3R_4979211-4979648	OK	0	0	0.0	/Users/jillianness/Downloads/new_LASTZ_analysis/enhancer_extraction/enhancer_pairs/FBgn0051536_meso/chr3R_4976947-4977343__chr3R_4979211-4979648/alignments/enhancers/lastz.maf
chr3R_4974418-4974807__chr3R_4992040-4992492	OK	0	0	0.0	/Users/jillianness/Downloads/new_LASTZ_analysis/enhancer_extraction/enhancer_pairs/FBgn0051536_vm/chr3R_4974418-4974807__chr3R_4992040-4992492/alignments/enhancers/lastz.maf
chr4_225484-225868__chr4_276036-276284	OK	0	0	0.0	/Users/jillianness/Downloads/new_LASTZ_analysis/enhancer_extraction/enhancer_pairs/FBgn0051999_vm_sm/chr4_225484-225868__chr4_276036-276284/alignments/enhancers/lastz.maf
chr3L_2728464-2728664__chr3L_2732331-2732531	OK	0	0	0.0	/Users/jillianness/Downloads/new_LASTZ_analysis/enhancer_extraction/enhancer_pairs/FBgn0052296_vm_sm/chr3L_2728464-2728664__chr3L_2732331-2732531/alignments/enhancers/lastz.maf
chr3L_2728464-2728664__chr3L_2745584-2745810	OK	0	0	0.0	/Users/jillianness/Downloads/new_LASTZ_analysis/enhancer_extraction/enhancer_pairs/FBgn0052296_vm_sm/chr3L_2728464-2728664__chr3L_2745584-2745810/alignments/enhancers/lastz.maf
chr3L_2732331-2732531__chr3L_2745584-2745810	OK	0	0	0.0	/Users/jillianness/Downloads/new_LASTZ_analysis/enhancer_extraction/enhancer_pairs/FBgn0052296_vm_sm/chr3L_2732331-2732531__chr3L_2745584-2745810/alignments/enhancers/lastz.maf
chr3L_302973-303714__chr3L_304295-305216	OK	0	0	0.0	/Users/jillianness/Downloads/new_LASTZ_analysis/enhancer_extraction/enhancer_pairs/FBgn0052344_sm/chr3L_302973-303714__chr3L_304295-305216/alignments/enhancers/lastz.maf
chrX_19713152-19713438__chrX_19713966-19714243	OK	0	0	0.0	/Users/jillianness/Downloads/new_LASTZ_analysis/enhancer_extraction/enhancer_pairs/FBgn0052528_Spearman/chrX_19713152-19713438__chrX_19713966-19714243/alignments/enhancers/lastz.maf
chrX_19713152-19713438__chrX_19714899-19715388	OK	0	0	0.0	/Users/jillianness/Downloads/new_LASTZ_analysis/enhancer_extraction/enhancer_pairs/FBgn0052528_Spearman/chrX_19713152-19713438__chrX_19714899-19715388/alignments/enhancers/lastz.maf
chrX_19713152-19713438__chrX_19717880-19718080	OK	0	0	0.0	/Users/jillianness/Downloads/new_LASTZ_analysis/enhancer_extraction/enhancer_pairs/FBgn0052528_Spearman/chrX_19713152-19713438__chrX_19717880-19718080/alignments/enhancers/lastz.maf
chrX_19713966-19714243__chrX_19714899-19715388	OK	0	0	0.0	/Users/jillianness/Downloads/new_LASTZ_analysis/enhancer_extraction/enhancer_pairs/FBgn0052528_Spearman/chrX_19713966-19714243__chrX_19714899-19715388/alignments/enhancers/lastz.maf
chrX_19713966-19714243__chrX_19717880-19718080	OK	0	0	0.0	/Users/jillianness/Downloads/new_LASTZ_analysis/enhancer_extraction/enhancer_pairs/FBgn0052528_Spearman/chrX_19713966-19714243__chrX_19717880-19718080/alignments/enhancers/lastz.maf
chrX_19714899-19715388__chrX_19717880-19718080	OK	0	0	0.0	/Users/jillianness/Downloads/new_LASTZ_analysis/enhancer_extraction/enhancer_pairs/FBgn0052528_Spearman/chrX_19714899-19715388__chrX_19717880-19718080/alignments/enhancers/lastz.maf
chrX_19712135-19712461__chrX_19713152-19713438	OK	0	0	0.0	/Users/jillianness/Downloads/new_LASTZ_analysis/enhancer_extraction/enhancer_pairs/FBgn0052528_meso/chrX_19712135-19712461__chrX_19713152-19713438/alignments/enhancers/lastz.maf
chr2L_9145723-9146075__chr2L_9150928-9151180	OK	0	0	0.0	/Users/jillianness/Downloads/new_LASTZ_analysis/enhancer_extraction/enhancer_pairs/FBgn0052982_meso/chr2L_9145723-9146075__chr2L_9150928-9151180/alignments/enhancers/lastz.maf
chr2R_10362752-10363059__chr2R_10400185-10400401	OK	0	0	0.0	/Users/jillianness/Downloads/new_LASTZ_analysis/enhancer_extraction/enhancer_pairs/FBgn0053144_vm/chr2R_10362752-10363059__chr2R_10400185-10400401/alignments/enhancers/lastz.maf
chr3R_15639984-15640424__chr3R_15643161-15643399	OK	0	0	0.0	/Users/jillianness/Downloads/new_LASTZ_analysis/enhancer_extraction/enhancer_pairs/FBgn0053207_Spearman/chr3R_15639984-15640424__chr3R_15643161-15643399/alignments/enhancers/lastz.maf
chr3R_15639984-15640424__chr3R_15647486-15647986	OK	0	0	0.0	/Users/jillianness/Downloads/new_LASTZ_analysis/enhancer_extraction/enhancer_pairs/FBgn0053207_Spearman/chr3R_15639984-15640424__chr3R_15647486-15647986/alignments/enhancers/lastz.maf
chr3R_15639984-15640424__chr3R_15649388-15650148	OK	0	0	0.0	/Users/jillianness/Downloads/new_LASTZ_analysis/enhancer_extraction/enhancer_pairs/FBgn0053207_Spearman/chr3R_15639984-15640424__chr3R_15649388-15650148/alignments/enhancers/lastz.maf
chr3R_15639984-15640424__chr3R_15668979-15669269	OK	0	0	0.0	/Users/jillianness/Downloads/new_LASTZ_analysis/enhancer_extraction/enhancer_pairs/FBgn0053207_Spearman/chr3R_15639984-15640424__chr3R_15668979-15669269/alignments/enhancers/lastz.maf
chr3R_15639984-15640424__chr3R_15670860-15671233	OK	0	0	0.0	/Users/jillianness/Downloads/new_LASTZ_analysis/enhancer_extraction/enhancer_pairs/FBgn0053207_Spearman/chr3R_15639984-15640424__chr3R_15670860-15671233/alignments/enhancers/lastz.maf
chr3R_15639984-15640424__chr3R_15671596-15671796	OK	0	0	0.0	/Users/jillianness/Downloads/new_LASTZ_analysis/enhancer_extraction/enhancer_pairs/FBgn0053207_Spearman/chr3R_15639984-15640424__chr3R_15671596-15671796/alignments/enhancers/lastz.maf
chr3R_15643161-15643399__chr3R_15647486-15647986	OK	0	0	0.0	/Users/jillianness/Downloads/new_LASTZ_analysis/enhancer_extraction/enhancer_pairs/FBgn0053207_Spearman/chr3R_15643161-15643399__chr3R_15647486-15647986/alignments/enhancers/lastz.maf
chr3R_15643161-15643399__chr3R_15649388-15650148	OK	0	0	0.0	/Users/jillianness/Downloads/new_LASTZ_analysis/enhancer_extraction/enhancer_pairs/FBgn0053207_Spearman/chr3R_15643161-15643399__chr3R_15649388-15650148/alignments/enhancers/lastz.maf
chr3R_15643161-15643399__chr3R_15668979-15669269	OK	0	0	0.0	/Users/jillianness/Downloads/new_LASTZ_analysis/enhancer_extraction/enhancer_pairs/FBgn0053207_Spearman/chr3R_15643161-15643399__chr3R_15668979-15669269/alignments/enhancers/lastz.maf
chr3R_15643161-15643399__chr3R_15670860-15671233	OK	0	0	0.0	/Users/jillianness/Downloads/new_LASTZ_analysis/enhancer_extraction/enhancer_pairs/FBgn0053207_Spearman/chr3R_15643161-15643399__chr3R_15670860-15671233/alignments/enhancers/lastz.maf
chr3R_15643161-15643399__chr3R_15671596-15671796	OK	0	0	0.0	/Users/jillianness/Downloads/new_LASTZ_analysis/enhancer_extraction/enhancer_pairs/FBgn0053207_Spearman/chr3R_15643161-15643399__chr3R_15671596-15671796/alignments/enhancers/lastz.maf
chr3R_15647486-15647986__chr3R_15649388-15650148	OK	0	0	0.0	/Users/jillianness/Downloads/new_LASTZ_analysis/enhancer_extraction/enhancer_pairs/FBgn0053207_Spearman/chr3R_15647486-15647986__chr3R_15649388-15650148/alignments/enhancers/lastz.maf
chr3R_15647486-15647986__chr3R_15668979-15669269	OK	0	0	0.0	/Users/jillianness/Downloads/new_LASTZ_analysis/enhancer_extraction/enhancer_pairs/FBgn0053207_Spearman/chr3R_15647486-15647986__chr3R_15668979-15669269/alignments/enhancers/lastz.maf
chr3R_15647486-15647986__chr3R_15670860-15671233	OK	0	0	0.0	/Users/jillianness/Downloads/new_LASTZ_analysis/enhancer_extraction/enhancer_pairs/FBgn0053207_Spearman/chr3R_15647486-15647986__chr3R_15670860-15671233/alignments/enhancers/lastz.maf
chr3R_15647486-15647986__chr3R_15671596-15671796	OK	0	0	0.0	/Users/jillianness/Downloads/new_LASTZ_analysis/enhancer_extraction/enhancer_pairs/FBgn0053207_Spearman/chr3R_15647486-15647986__chr3R_15671596-15671796/alignments/enhancers/lastz.maf
chr3R_15649388-15650148__chr3R_15668979-15669269	OK	0	0	0.0	/Users/jillianness/Downloads/new_LASTZ_analysis/enhancer_extraction/enhancer_pairs/FBgn0053207_Spearman/chr3R_15649388-15650148__chr3R_15668979-15669269/alignments/enhancers/lastz.maf
chr3R_15649388-15650148__chr3R_15670860-15671233	OK	0	0	0.0	/Users/jillianness/Downloads/new_LASTZ_analysis/enhancer_extraction/enhancer_pairs/FBgn0053207_Spearman/chr3R_15649388-15650148__chr3R_15670860-15671233/alignments/enhancers/lastz.maf
chr3R_15649388-15650148__chr3R_15671596-15671796	OK	0	0	0.0	/Users/jillianness/Downloads/new_LASTZ_analysis/enhancer_extraction/enhancer_pairs/FBgn0053207_Spearman/chr3R_15649388-15650148__chr3R_15671596-15671796/alignments/enhancers/lastz.maf
chr3R_15668979-15669269__chr3R_15670860-15671233	OK	0	0	0.0	/Users/jillianness/Downloads/new_LASTZ_analysis/enhancer_extraction/enhancer_pairs/FBgn0053207_Spearman/chr3R_15668979-15669269__chr3R_15670860-15671233/alignments/enhancers/lastz.maf
chr3R_15668979-15669269__chr3R_15671596-15671796	OK	0	0	0.0	/Users/jillianness/Downloads/new_LASTZ_analysis/enhancer_extraction/enhancer_pairs/FBgn0053207_Spearman/chr3R_15668979-15669269__chr3R_15671596-15671796/alignments/enhancers/lastz.maf
chr3R_15670860-15671233__chr3R_15671596-15671796	OK	0	0	0.0	/Users/jillianness/Downloads/new_LASTZ_analysis/enhancer_extraction/enhancer_pairs/FBgn0053207_Spearman/chr3R_15670860-15671233__chr3R_15671596-15671796/alignments/enhancers/lastz.maf
chr3R_15587263-15587689__chr3R_15639984-15640424	OK	0	0	0.0	/Users/jillianness/Downloads/new_LASTZ_analysis/enhancer_extraction/enhancer_pairs/FBgn0053207_sm/chr3R_15587263-15587689__chr3R_15639984-15640424/alignments/enhancers/lastz.maf
chr3R_15587263-15587689__chr3R_15664641-15665034	OK	0	0	0.0	/Users/jillianness/Downloads/new_LASTZ_analysis/enhancer_extraction/enhancer_pairs/FBgn0053207_sm/chr3R_15587263-15587689__chr3R_15664641-15665034/alignments/enhancers/lastz.maf
chr3R_15639984-15640424__chr3R_15664641-15665034	OK	0	0	0.0	/Users/jillianness/Downloads/new_LASTZ_analysis/enhancer_extraction/enhancer_pairs/FBgn0053207_sm/chr3R_15639984-15640424__chr3R_15664641-15665034/alignments/enhancers/lastz.maf
chr3R_15644040-15644368__chr3R_15664641-15665034	OK	0	0	0.0	/Users/jillianness/Downloads/new_LASTZ_analysis/enhancer_extraction/enhancer_pairs/FBgn0053207_vm/chr3R_15644040-15644368__chr3R_15664641-15665034/alignments/enhancers/lastz.maf
chr3R_9918181-9918520__chr3R_10030129-10030427	OK	0	0	0.0	/Users/jillianness/Downloads/new_LASTZ_analysis/enhancer_extraction/enhancer_pairs/FBgn0053208_sm/chr3R_9918181-9918520__chr3R_10030129-10030427/alignments/enhancers/lastz.maf
chr2R_11027192-11027545__chr2R_11029627-11029827	OK	0	0	0.0	/Users/jillianness/Downloads/new_LASTZ_analysis/enhancer_extraction/enhancer_pairs/FBgn0082585_Spearman/chr2R_11027192-11027545__chr2R_11029627-11029827/alignments/enhancers/lastz.maf
chr2R_15362583-15363071__chr2R_15377471-15377749	OK	0	0	0.0	/Users/jillianness/Downloads/new_LASTZ_analysis/enhancer_extraction/enhancer_pairs/FBgn0083919_sm/chr2R_15362583-15363071__chr2R_15377471-15377749/alignments/enhancers/lastz.maf
chrX_20583131-20583750__chrX_20587174-20587464	OK	0	0	0.0	/Users/jillianness/Downloads/new_LASTZ_analysis/enhancer_extraction/enhancer_pairs/FBgn0083981_vm/chrX_20583131-20583750__chrX_20587174-20587464/alignments/enhancers/lastz.maf
chrX_20718699-20718899__chrX_20730577-20730852	OK	0	0	0.0	/Users/jillianness/Downloads/new_LASTZ_analysis/enhancer_extraction/enhancer_pairs/FBgn0085387_sm/chrX_20718699-20718899__chrX_20730577-20730852/alignments/enhancers/lastz.maf
chr3L_2091115-2091413__chr3L_2098335-2098584	OK	0	0	0.0	/Users/jillianness/Downloads/new_LASTZ_analysis/enhancer_extraction/enhancer_pairs/FBgn0086906_Spearman/chr3L_2091115-2091413__chr3L_2098335-2098584/alignments/enhancers/lastz.maf
chr3L_2073248-2073448__chr3L_2098335-2098584	OK	0	0	0.0	/Users/jillianness/Downloads/new_LASTZ_analysis/enhancer_extraction/enhancer_pairs/FBgn0086906_sm/chr3L_2073248-2073448__chr3L_2098335-2098584/alignments/enhancers/lastz.maf
chr3L_2073248-2073448__chr3L_2099069-2099450	OK	0	0	0.0	/Users/jillianness/Downloads/new_LASTZ_analysis/enhancer_extraction/enhancer_pairs/FBgn0086906_sm/chr3L_2073248-2073448__chr3L_2099069-2099450/alignments/enhancers/lastz.maf
chr3L_2073248-2073448__chr3L_2139317-2139517	OK	0	0	0.0	/Users/jillianness/Downloads/new_LASTZ_analysis/enhancer_extraction/enhancer_pairs/FBgn0086906_sm/chr3L_2073248-2073448__chr3L_2139317-2139517/alignments/enhancers/lastz.maf
chr3L_2098335-2098584__chr3L_2099069-2099450	OK	0	0	0.0	/Users/jillianness/Downloads/new_LASTZ_analysis/enhancer_extraction/enhancer_pairs/FBgn0086906_sm/chr3L_2098335-2098584__chr3L_2099069-2099450/alignments/enhancers/lastz.maf
chr3L_2098335-2098584__chr3L_2139317-2139517	OK	0	0	0.0	/Users/jillianness/Downloads/new_LASTZ_analysis/enhancer_extraction/enhancer_pairs/FBgn0086906_sm/chr3L_2098335-2098584__chr3L_2139317-2139517/alignments/enhancers/lastz.maf
chr3L_2099069-2099450__chr3L_2139317-2139517	OK	0	0	0.0	/Users/jillianness/Downloads/new_LASTZ_analysis/enhancer_extraction/enhancer_pairs/FBgn0086906_sm/chr3L_2099069-2099450__chr3L_2139317-2139517/alignments/enhancers/lastz.maf
chr2L_2731925-2732219__chr2L_2754369-2754751	OK	0	0	0.0	/Users/jillianness/Downloads/new_LASTZ_analysis/enhancer_extraction/enhancer_pairs/FBgn0250906_sm/chr2L_2731925-2732219__chr2L_2754369-2754751/alignments/enhancers/lastz.maf
chr2R_9318986-9319419__chr2R_9372513-9372734	OK	0	0	0.0	/Users/jillianness/Downloads/new_LASTZ_analysis/enhancer_extraction/enhancer_pairs/FBgn0259678_sm/chr2R_9318986-9319419__chr2R_9372513-9372734/alignments/enhancers/lastz.maf
chr2R_9318986-9319419__chr2R_9374511-9374908	OK	0	0	0.0	/Users/jillianness/Downloads/new_LASTZ_analysis/enhancer_extraction/enhancer_pairs/FBgn0259678_sm/chr2R_9318986-9319419__chr2R_9374511-9374908/alignments/enhancers/lastz.maf
chr2R_9372513-9372734__chr2R_9374511-9374908	OK	0	0	0.0	/Users/jillianness/Downloads/new_LASTZ_analysis/enhancer_extraction/enhancer_pairs/FBgn0259678_sm/chr2R_9372513-9372734__chr2R_9374511-9374908/alignments/enhancers/lastz.maf
chr3R_6854324-6854718__chr3R_6881766-6882026	OK	0	0	0.0	/Users/jillianness/Downloads/new_LASTZ_analysis/enhancer_extraction/enhancer_pairs/FBgn0260642_Spearman/chr3R_6854324-6854718__chr3R_6881766-6882026/alignments/enhancers/lastz.maf
chr3R_6854324-6854718__chr3R_6870932-6871323	OK	0	0	0.0	/Users/jillianness/Downloads/new_LASTZ_analysis/enhancer_extraction/enhancer_pairs/FBgn0260642_sm/chr3R_6854324-6854718__chr3R_6870932-6871323/alignments/enhancers/lastz.maf
chr3R_6854324-6854718__chr3R_6932962-6933173	OK	0	0	0.0	/Users/jillianness/Downloads/new_LASTZ_analysis/enhancer_extraction/enhancer_pairs/FBgn0260642_sm/chr3R_6854324-6854718__chr3R_6932962-6933173/alignments/enhancers/lastz.maf
chr3R_6854324-6854718__chr3R_6966630-6967006	OK	0	0	0.0	/Users/jillianness/Downloads/new_LASTZ_analysis/enhancer_extraction/enhancer_pairs/FBgn0260642_sm/chr3R_6854324-6854718__chr3R_6966630-6967006/alignments/enhancers/lastz.maf
chr3R_6854324-6854718__chr3R_6970146-6970346	OK	0	0	0.0	/Users/jillianness/Downloads/new_LASTZ_analysis/enhancer_extraction/enhancer_pairs/FBgn0260642_sm/chr3R_6854324-6854718__chr3R_6970146-6970346/alignments/enhancers/lastz.maf
chr3R_6870932-6871323__chr3R_6932962-6933173	OK	0	0	0.0	/Users/jillianness/Downloads/new_LASTZ_analysis/enhancer_extraction/enhancer_pairs/FBgn0260642_sm/chr3R_6870932-6871323__chr3R_6932962-6933173/alignments/enhancers/lastz.maf
chr3R_6870932-6871323__chr3R_6966630-6967006	OK	0	0	0.0	/Users/jillianness/Downloads/new_LASTZ_analysis/enhancer_extraction/enhancer_pairs/FBgn0260642_sm/chr3R_6870932-6871323__chr3R_6966630-6967006/alignments/enhancers/lastz.maf
chr3R_6870932-6871323__chr3R_6970146-6970346	OK	0	0	0.0	/Users/jillianness/Downloads/new_LASTZ_analysis/enhancer_extraction/enhancer_pairs/FBgn0260642_sm/chr3R_6870932-6871323__chr3R_6970146-6970346/alignments/enhancers/lastz.maf
chr3R_6932962-6933173__chr3R_6966630-6967006	OK	0	0	0.0	/Users/jillianness/Downloads/new_LASTZ_analysis/enhancer_extraction/enhancer_pairs/FBgn0260642_sm/chr3R_6932962-6933173__chr3R_6966630-6967006/alignments/enhancers/lastz.maf
chr3R_6932962-6933173__chr3R_6970146-6970346	OK	0	0	0.0	/Users/jillianness/Downloads/new_LASTZ_analysis/enhancer_extraction/enhancer_pairs/FBgn0260642_sm/chr3R_6932962-6933173__chr3R_6970146-6970346/alignments/enhancers/lastz.maf
chr3R_6966630-6967006__chr3R_6970146-6970346	OK	0	0	0.0	/Users/jillianness/Downloads/new_LASTZ_analysis/enhancer_extraction/enhancer_pairs/FBgn0260642_sm/chr3R_6966630-6967006__chr3R_6970146-6970346/alignments/enhancers/lastz.maf
chrX_16618927-16619240__chrX_16629633-16629833	OK	0	0	0.0	/Users/jillianness/Downloads/new_LASTZ_analysis/enhancer_extraction/enhancer_pairs/FBgn0261245_vm_sm/chrX_16618927-16619240__chrX_16629633-16629833/alignments/enhancers/lastz.maf
chrX_16618927-16619240__chrX_16630526-16630911	OK	0	0	0.0	/Users/jillianness/Downloads/new_LASTZ_analysis/enhancer_extraction/enhancer_pairs/FBgn0261245_vm_sm/chrX_16618927-16619240__chrX_16630526-16630911/alignments/enhancers/lastz.maf
chrX_16618927-16619240__chrX_16631143-16631343	OK	0	0	0.0	/Users/jillianness/Downloads/new_LASTZ_analysis/enhancer_extraction/enhancer_pairs/FBgn0261245_vm_sm/chrX_16618927-16619240__chrX_16631143-16631343/alignments/enhancers/lastz.maf
chrX_16629633-16629833__chrX_16630526-16630911	OK	0	0	0.0	/Users/jillianness/Downloads/new_LASTZ_analysis/enhancer_extraction/enhancer_pairs/FBgn0261245_vm_sm/chrX_16629633-16629833__chrX_16630526-16630911/alignments/enhancers/lastz.maf
chrX_16629633-16629833__chrX_16631143-16631343	OK	0	0	0.0	/Users/jillianness/Downloads/new_LASTZ_analysis/enhancer_extraction/enhancer_pairs/FBgn0261245_vm_sm/chrX_16629633-16629833__chrX_16631143-16631343/alignments/enhancers/lastz.maf
chrX_16630526-16630911__chrX_16631143-16631343	OK	0	0	0.0	/Users/jillianness/Downloads/new_LASTZ_analysis/enhancer_extraction/enhancer_pairs/FBgn0261245_vm_sm/chrX_16630526-16630911__chrX_16631143-16631343/alignments/enhancers/lastz.maf
chr3R_16234208-16234580__chr3R_16249888-16250609	OK	0	0	0.0	/Users/jillianness/Downloads/new_LASTZ_analysis/enhancer_extraction/enhancer_pairs/FBgn0261286_vm/chr3R_16234208-16234580__chr3R_16249888-16250609/alignments/enhancers/lastz.maf
chr3R_16234208-16234580__chr3R_16281158-16281613	OK	0	0	0.0	/Users/jillianness/Downloads/new_LASTZ_analysis/enhancer_extraction/enhancer_pairs/FBgn0261286_vm/chr3R_16234208-16234580__chr3R_16281158-16281613/alignments/enhancers/lastz.maf
chr3R_16249888-16250609__chr3R_16281158-16281613	OK	0	0	0.0	/Users/jillianness/Downloads/new_LASTZ_analysis/enhancer_extraction/enhancer_pairs/FBgn0261286_vm/chr3R_16249888-16250609__chr3R_16281158-16281613/alignments/enhancers/lastz.maf
chr2R_18999818-19000573__chr2R_19038773-19039303	OK	0	0	0.0	/Users/jillianness/Downloads/new_LASTZ_analysis/enhancer_extraction/enhancer_pairs/FBgn0261439_vm_sm/chr2R_18999818-19000573__chr2R_19038773-19039303/alignments/enhancers/lastz.maf
chr2R_18999818-19000573__chr2R_19042052-19042549	OK	0	0	0.0	/Users/jillianness/Downloads/new_LASTZ_analysis/enhancer_extraction/enhancer_pairs/FBgn0261439_vm_sm/chr2R_18999818-19000573__chr2R_19042052-19042549/alignments/enhancers/lastz.maf
chr2R_19038773-19039303__chr2R_19042052-19042549	OK	0	0	0.0	/Users/jillianness/Downloads/new_LASTZ_analysis/enhancer_extraction/enhancer_pairs/FBgn0261439_vm_sm/chr2R_19038773-19039303__chr2R_19042052-19042549/alignments/enhancers/lastz.maf
chr3L_16826033-16826304__chr3L_16883239-16883440	OK	0	0	0.0	/Users/jillianness/Downloads/new_LASTZ_analysis/enhancer_extraction/enhancer_pairs/FBgn0261565_vm_sm/chr3L_16826033-16826304__chr3L_16883239-16883440/alignments/enhancers/lastz.maf
chr2L_11415248-11415544__chr2L_11452852-11453384	OK	0	0	0.0	/Users/jillianness/Downloads/new_LASTZ_analysis/enhancer_extraction/enhancer_pairs/FBgn0261648_vm/chr2L_11415248-11415544__chr2L_11452852-11453384/alignments/enhancers/lastz.maf
chr2L_11415248-11415544__chr2L_11458598-11459020	OK	0	0	0.0	/Users/jillianness/Downloads/new_LASTZ_analysis/enhancer_extraction/enhancer_pairs/FBgn0261648_vm/chr2L_11415248-11415544__chr2L_11458598-11459020/alignments/enhancers/lastz.maf
chr2L_11452852-11453384__chr2L_11458598-11459020	OK	0	0	0.0	/Users/jillianness/Downloads/new_LASTZ_analysis/enhancer_extraction/enhancer_pairs/FBgn0261648_vm/chr2L_11452852-11453384__chr2L_11458598-11459020/alignments/enhancers/lastz.maf
chr2L_7810046-7810246__chr2L_7828777-7829096	OK	0	0	0.0	/Users/jillianness/Downloads/new_LASTZ_analysis/enhancer_extraction/enhancer_pairs/FBgn0261800_Spearman/chr2L_7810046-7810246__chr2L_7828777-7829096/alignments/enhancers/lastz.maf
chr2L_7808917-7809117__chr2L_7810046-7810246	OK	0	0	0.0	/Users/jillianness/Downloads/new_LASTZ_analysis/enhancer_extraction/enhancer_pairs/FBgn0261800_sm/chr2L_7808917-7809117__chr2L_7810046-7810246/alignments/enhancers/lastz.maf
chr2L_7808917-7809117__chr2L_7811525-7811900	OK	0	0	0.0	/Users/jillianness/Downloads/new_LASTZ_analysis/enhancer_extraction/enhancer_pairs/FBgn0261800_sm/chr2L_7808917-7809117__chr2L_7811525-7811900/alignments/enhancers/lastz.maf
chr2L_7810046-7810246__chr2L_7811525-7811900	OK	0	0	0.0	/Users/jillianness/Downloads/new_LASTZ_analysis/enhancer_extraction/enhancer_pairs/FBgn0261800_sm/chr2L_7810046-7810246__chr2L_7811525-7811900/alignments/enhancers/lastz.maf
chr2L_5101041-5101539__chr2L_5105118-5105417	OK	0	0	0.0	/Users/jillianness/Downloads/new_LASTZ_analysis/enhancer_extraction/enhancer_pairs/FBgn0261836_vm_sm/chr2L_5101041-5101539__chr2L_5105118-5105417/alignments/enhancers/lastz.maf
chrX_3306185-3306699__chrX_3329089-3329713	OK	0	0	0.0	/Users/jillianness/Downloads/new_LASTZ_analysis/enhancer_extraction/enhancer_pairs/FBgn0262656_Spearman/chrX_3306185-3306699__chrX_3329089-3329713/alignments/enhancers/lastz.maf
chr3R_26441174-26441374__chr3R_26442751-26442951	OK	0	0	0.0	/Users/jillianness/Downloads/new_LASTZ_analysis/enhancer_extraction/enhancer_pairs/FBgn0263118_Spearman/chr3R_26441174-26441374__chr3R_26442751-26442951/alignments/enhancers/lastz.maf
chr3R_26441174-26441374__chr3R_26443275-26443523	OK	0	0	0.0	/Users/jillianness/Downloads/new_LASTZ_analysis/enhancer_extraction/enhancer_pairs/FBgn0263118_Spearman/chr3R_26441174-26441374__chr3R_26443275-26443523/alignments/enhancers/lastz.maf
chr3R_26442751-26442951__chr3R_26443275-26443523	OK	0	0	0.0	/Users/jillianness/Downloads/new_LASTZ_analysis/enhancer_extraction/enhancer_pairs/FBgn0263118_Spearman/chr3R_26442751-26442951__chr3R_26443275-26443523/alignments/enhancers/lastz.maf
chr2L_7157539-7157943__chr2L_7277249-7277482	OK	0	0	0.0	/Users/jillianness/Downloads/new_LASTZ_analysis/enhancer_extraction/enhancer_pairs/FBgn0263133_sm/chr2L_7157539-7157943__chr2L_7277249-7277482/alignments/enhancers/lastz.maf
chr3L_13500764-13501176__chr3L_13641091-13641350	OK	0	0	0.0	/Users/jillianness/Downloads/new_LASTZ_analysis/enhancer_extraction/enhancer_pairs/FBgn0264001_vm/chr3L_13500764-13501176__chr3L_13641091-13641350/alignments/enhancers/lastz.maf
chr3L_13500764-13501176__chr3L_13646895-13647219	OK	0	0	0.0	/Users/jillianness/Downloads/new_LASTZ_analysis/enhancer_extraction/enhancer_pairs/FBgn0264001_vm/chr3L_13500764-13501176__chr3L_13646895-13647219/alignments/enhancers/lastz.maf
chr3L_13500764-13501176__chr3L_13655496-13656117	OK	0	0	0.0	/Users/jillianness/Downloads/new_LASTZ_analysis/enhancer_extraction/enhancer_pairs/FBgn0264001_vm/chr3L_13500764-13501176__chr3L_13655496-13656117/alignments/enhancers/lastz.maf
chr3L_13500764-13501176__chr3L_13657717-13657980	OK	0	0	0.0	/Users/jillianness/Downloads/new_LASTZ_analysis/enhancer_extraction/enhancer_pairs/FBgn0264001_vm/chr3L_13500764-13501176__chr3L_13657717-13657980/alignments/enhancers/lastz.maf
chr3L_13500764-13501176__chr3L_13834627-13835094	OK	0	0	0.0	/Users/jillianness/Downloads/new_LASTZ_analysis/enhancer_extraction/enhancer_pairs/FBgn0264001_vm/chr3L_13500764-13501176__chr3L_13834627-13835094/alignments/enhancers/lastz.maf
chr3L_13641091-13641350__chr3L_13646895-13647219	OK	0	0	0.0	/Users/jillianness/Downloads/new_LASTZ_analysis/enhancer_extraction/enhancer_pairs/FBgn0264001_vm/chr3L_13641091-13641350__chr3L_13646895-13647219/alignments/enhancers/lastz.maf
chr3L_13641091-13641350__chr3L_13655496-13656117	OK	0	0	0.0	/Users/jillianness/Downloads/new_LASTZ_analysis/enhancer_extraction/enhancer_pairs/FBgn0264001_vm/chr3L_13641091-13641350__chr3L_13655496-13656117/alignments/enhancers/lastz.maf
chr3L_13641091-13641350__chr3L_13657717-13657980	OK	0	0	0.0	/Users/jillianness/Downloads/new_LASTZ_analysis/enhancer_extraction/enhancer_pairs/FBgn0264001_vm/chr3L_13641091-13641350__chr3L_13657717-13657980/alignments/enhancers/lastz.maf
chr3L_13641091-13641350__chr3L_13834627-13835094	OK	0	0	0.0	/Users/jillianness/Downloads/new_LASTZ_analysis/enhancer_extraction/enhancer_pairs/FBgn0264001_vm/chr3L_13641091-13641350__chr3L_13834627-13835094/alignments/enhancers/lastz.maf
chr3L_13646895-13647219__chr3L_13655496-13656117	OK	0	0	0.0	/Users/jillianness/Downloads/new_LASTZ_analysis/enhancer_extraction/enhancer_pairs/FBgn0264001_vm/chr3L_13646895-13647219__chr3L_13655496-13656117/alignments/enhancers/lastz.maf
chr3L_13646895-13647219__chr3L_13657717-13657980	OK	0	0	0.0	/Users/jillianness/Downloads/new_LASTZ_analysis/enhancer_extraction/enhancer_pairs/FBgn0264001_vm/chr3L_13646895-13647219__chr3L_13657717-13657980/alignments/enhancers/lastz.maf
chr3L_13646895-13647219__chr3L_13834627-13835094	OK	0	0	0.0	/Users/jillianness/Downloads/new_LASTZ_analysis/enhancer_extraction/enhancer_pairs/FBgn0264001_vm/chr3L_13646895-13647219__chr3L_13834627-13835094/alignments/enhancers/lastz.maf
chr3L_13655496-13656117__chr3L_13657717-13657980	OK	0	0	0.0	/Users/jillianness/Downloads/new_LASTZ_analysis/enhancer_extraction/enhancer_pairs/FBgn0264001_vm/chr3L_13655496-13656117__chr3L_13657717-13657980/alignments/enhancers/lastz.maf
chr3L_13655496-13656117__chr3L_13834627-13835094	OK	0	0	0.0	/Users/jillianness/Downloads/new_LASTZ_analysis/enhancer_extraction/enhancer_pairs/FBgn0264001_vm/chr3L_13655496-13656117__chr3L_13834627-13835094/alignments/enhancers/lastz.maf
chr3L_13657717-13657980__chr3L_13834627-13835094	OK	0	0	0.0	/Users/jillianness/Downloads/new_LASTZ_analysis/enhancer_extraction/enhancer_pairs/FBgn0264001_vm/chr3L_13657717-13657980__chr3L_13834627-13835094/alignments/enhancers/lastz.maf
chr2R_8046126-8047096__chr2R_8049875-8050664	OK	0	0	0.0	/Users/jillianness/Downloads/new_LASTZ_analysis/enhancer_extraction/enhancer_pairs/Optix/chr2R_8046126-8047096__chr2R_8049875-8050664/alignments/enhancers/lastz.maf
chr2L_8789123-8789689__chr2L_8809398-8810868	OK	0	0	0.0	/Users/jillianness/Downloads/new_LASTZ_analysis/enhancer_extraction/enhancer_pairs/SoxN/chr2L_8789123-8789689__chr2L_8809398-8810868/alignments/enhancers/lastz.maf
chr2L_8789123-8789689__chr2L_8811130-8811511	OK	0	0	0.0	/Users/jillianness/Downloads/new_LASTZ_analysis/enhancer_extraction/enhancer_pairs/SoxN/chr2L_8789123-8789689__chr2L_8811130-8811511/alignments/enhancers/lastz.maf
chr2L_8789123-8789689__chr2L_8840416-8841144	OK	0	0	0.0	/Users/jillianness/Downloads/new_LASTZ_analysis/enhancer_extraction/enhancer_pairs/SoxN/chr2L_8789123-8789689__chr2L_8840416-8841144/alignments/enhancers/lastz.maf
chr2L_8789123-8789689__chr2L_8841314-8841573	OK	0	0	0.0	/Users/jillianness/Downloads/new_LASTZ_analysis/enhancer_extraction/enhancer_pairs/SoxN/chr2L_8789123-8789689__chr2L_8841314-8841573/alignments/enhancers/lastz.maf
chr2L_8789123-8789689__chr2L_8842046-8842771	OK	0	0	0.0	/Users/jillianness/Downloads/new_LASTZ_analysis/enhancer_extraction/enhancer_pairs/SoxN/chr2L_8789123-8789689__chr2L_8842046-8842771/alignments/enhancers/lastz.maf
chr2L_8789123-8789689__chr2L_8843634-8843738	OK	0	0	0.0	/Users/jillianness/Downloads/new_LASTZ_analysis/enhancer_extraction/enhancer_pairs/SoxN/chr2L_8789123-8789689__chr2L_8843634-8843738/alignments/enhancers/lastz.maf
chr2L_8789123-8789689__chr2L_8845956-8846437	OK	0	0	0.0	/Users/jillianness/Downloads/new_LASTZ_analysis/enhancer_extraction/enhancer_pairs/SoxN/chr2L_8789123-8789689__chr2L_8845956-8846437/alignments/enhancers/lastz.maf
chr2L_8789123-8789689__chr2L_8846495-8847235	OK	0	0	0.0	/Users/jillianness/Downloads/new_LASTZ_analysis/enhancer_extraction/enhancer_pairs/SoxN/chr2L_8789123-8789689__chr2L_8846495-8847235/alignments/enhancers/lastz.maf
chr2L_8809398-8810868__chr2L_8811130-8811511	OK	0	0	0.0	/Users/jillianness/Downloads/new_LASTZ_analysis/enhancer_extraction/enhancer_pairs/SoxN/chr2L_8809398-8810868__chr2L_8811130-8811511/alignments/enhancers/lastz.maf
chr2L_8809398-8810868__chr2L_8840416-8841144	OK	0	0	0.0	/Users/jillianness/Downloads/new_LASTZ_analysis/enhancer_extraction/enhancer_pairs/SoxN/chr2L_8809398-8810868__chr2L_8840416-8841144/alignments/enhancers/lastz.maf
chr2L_8809398-8810868__chr2L_8841314-8841573	OK	0	0	0.0	/Users/jillianness/Downloads/new_LASTZ_analysis/enhancer_extraction/enhancer_pairs/SoxN/chr2L_8809398-8810868__chr2L_8841314-8841573/alignments/enhancers/lastz.maf
chr2L_8809398-8810868__chr2L_8842046-8842771	OK	0	0	0.0	/Users/jillianness/Downloads/new_LASTZ_analysis/enhancer_extraction/enhancer_pairs/SoxN/chr2L_8809398-8810868__chr2L_8842046-8842771/alignments/enhancers/lastz.maf
chr2L_8809398-8810868__chr2L_8843634-8843738	OK	0	0	0.0	/Users/jillianness/Downloads/new_LASTZ_analysis/enhancer_extraction/enhancer_pairs/SoxN/chr2L_8809398-8810868__chr2L_8843634-8843738/alignments/enhancers/lastz.maf
chr2L_8809398-8810868__chr2L_8845956-8846437	OK	0	0	0.0	/Users/jillianness/Downloads/new_LASTZ_analysis/enhancer_extraction/enhancer_pairs/SoxN/chr2L_8809398-8810868__chr2L_8845956-8846437/alignments/enhancers/lastz.maf
chr2L_8809398-8810868__chr2L_8846495-8847235	OK	0	0	0.0	/Users/jillianness/Downloads/new_LASTZ_analysis/enhancer_extraction/enhancer_pairs/SoxN/chr2L_8809398-8810868__chr2L_8846495-8847235/alignments/enhancers/lastz.maf
chr2L_8811130-8811511__chr2L_8840416-8841144	OK	0	0	0.0	/Users/jillianness/Downloads/new_LASTZ_analysis/enhancer_extraction/enhancer_pairs/SoxN/chr2L_8811130-8811511__chr2L_8840416-8841144/alignments/enhancers/lastz.maf
chr2L_8811130-8811511__chr2L_8841314-8841573	OK	0	0	0.0	/Users/jillianness/Downloads/new_LASTZ_analysis/enhancer_extraction/enhancer_pairs/SoxN/chr2L_8811130-8811511__chr2L_8841314-8841573/alignments/enhancers/lastz.maf
chr2L_8811130-8811511__chr2L_8842046-8842771	OK	0	0	0.0	/Users/jillianness/Downloads/new_LASTZ_analysis/enhancer_extraction/enhancer_pairs/SoxN/chr2L_8811130-8811511__chr2L_8842046-8842771/alignments/enhancers/lastz.maf
chr2L_8811130-8811511__chr2L_8843634-8843738	OK	0	0	0.0	/Users/jillianness/Downloads/new_LASTZ_analysis/enhancer_extraction/enhancer_pairs/SoxN/chr2L_8811130-8811511__chr2L_8843634-8843738/alignments/enhancers/lastz.maf
chr2L_8811130-8811511__chr2L_8845956-8846437	OK	0	0	0.0	/Users/jillianness/Downloads/new_LASTZ_analysis/enhancer_extraction/enhancer_pairs/SoxN/chr2L_8811130-8811511__chr2L_8845956-8846437/alignments/enhancers/lastz.maf
chr2L_8811130-8811511__chr2L_8846495-8847235	OK	0	0	0.0	/Users/jillianness/Downloads/new_LASTZ_analysis/enhancer_extraction/enhancer_pairs/SoxN/chr2L_8811130-8811511__chr2L_8846495-8847235/alignments/enhancers/lastz.maf
chr2L_8840416-8841144__chr2L_8841314-8841573	OK	0	0	0.0	/Users/jillianness/Downloads/new_LASTZ_analysis/enhancer_extraction/enhancer_pairs/SoxN/chr2L_8840416-8841144__chr2L_8841314-8841573/alignments/enhancers/lastz.maf
chr2L_8840416-8841144__chr2L_8842046-8842771	OK	0	0	0.0	/Users/jillianness/Downloads/new_LASTZ_analysis/enhancer_extraction/enhancer_pairs/SoxN/chr2L_8840416-8841144__chr2L_8842046-8842771/alignments/enhancers/lastz.maf
chr2L_8840416-8841144__chr2L_8843634-8843738	OK	0	0	0.0	/Users/jillianness/Downloads/new_LASTZ_analysis/enhancer_extraction/enhancer_pairs/SoxN/chr2L_8840416-8841144__chr2L_8843634-8843738/alignments/enhancers/lastz.maf
chr2L_8840416-8841144__chr2L_8845956-8846437	OK	0	0	0.0	/Users/jillianness/Downloads/new_LASTZ_analysis/enhancer_extraction/enhancer_pairs/SoxN/chr2L_8840416-8841144__chr2L_8845956-8846437/alignments/enhancers/lastz.maf
chr2L_8840416-8841144__chr2L_8846495-8847235	OK	0	0	0.0	/Users/jillianness/Downloads/new_LASTZ_analysis/enhancer_extraction/enhancer_pairs/SoxN/chr2L_8840416-8841144__chr2L_8846495-8847235/alignments/enhancers/lastz.maf
chr2L_8841314-8841573__chr2L_8842046-8842771	OK	0	0	0.0	/Users/jillianness/Downloads/new_LASTZ_analysis/enhancer_extraction/enhancer_pairs/SoxN/chr2L_8841314-8841573__chr2L_8842046-8842771/alignments/enhancers/lastz.maf
chr2L_8841314-8841573__chr2L_8843634-8843738	OK	0	0	0.0	/Users/jillianness/Downloads/new_LASTZ_analysis/enhancer_extraction/enhancer_pairs/SoxN/chr2L_8841314-8841573__chr2L_8843634-8843738/alignments/enhancers/lastz.maf
chr2L_8841314-8841573__chr2L_8845956-8846437	OK	0	0	0.0	/Users/jillianness/Downloads/new_LASTZ_analysis/enhancer_extraction/enhancer_pairs/SoxN/chr2L_8841314-8841573__chr2L_8845956-8846437/alignments/enhancers/lastz.maf
chr2L_8841314-8841573__chr2L_8846495-8847235	OK	0	0	0.0	/Users/jillianness/Downloads/new_LASTZ_analysis/enhancer_extraction/enhancer_pairs/SoxN/chr2L_8841314-8841573__chr2L_8846495-8847235/alignments/enhancers/lastz.maf
chr2L_8842046-8842771__chr2L_8843634-8843738	OK	0	0	0.0	/Users/jillianness/Downloads/new_LASTZ_analysis/enhancer_extraction/enhancer_pairs/SoxN/chr2L_8842046-8842771__chr2L_8843634-8843738/alignments/enhancers/lastz.maf
chr2L_8842046-8842771__chr2L_8845956-8846437	OK	0	0	0.0	/Users/jillianness/Downloads/new_LASTZ_analysis/enhancer_extraction/enhancer_pairs/SoxN/chr2L_8842046-8842771__chr2L_8845956-8846437/alignments/enhancers/lastz.maf
chr2L_8842046-8842771__chr2L_8846495-8847235	OK	0	0	0.0	/Users/jillianness/Downloads/new_LASTZ_analysis/enhancer_extraction/enhancer_pairs/SoxN/chr2L_8842046-8842771__chr2L_8846495-8847235/alignments/enhancers/lastz.maf
chr2L_8843634-8843738__chr2L_8845956-8846437	OK	0	0	0.0	/Users/jillianness/Downloads/new_LASTZ_analysis/enhancer_extraction/enhancer_pairs/SoxN/chr2L_8843634-8843738__chr2L_8845956-8846437/alignments/enhancers/lastz.maf
chr2L_8843634-8843738__chr2L_8846495-8847235	OK	0	0	0.0	/Users/jillianness/Downloads/new_LASTZ_analysis/enhancer_extraction/enhancer_pairs/SoxN/chr2L_8843634-8843738__chr2L_8846495-8847235/alignments/enhancers/lastz.maf
chr2L_8845956-8846437__chr2L_8846495-8847235	OK	0	0	0.0	/Users/jillianness/Downloads/new_LASTZ_analysis/enhancer_extraction/enhancer_pairs/SoxN/chr2L_8845956-8846437__chr2L_8846495-8847235/alignments/enhancers/lastz.maf
chr3L_1082826-1083401__chr3L_1091260-1091650	OK	0	0	0.0	/Users/jillianness/Downloads/new_LASTZ_analysis/enhancer_extraction/enhancer_pairs/bab2/chr3L_1082826-1083401__chr3L_1091260-1091650/alignments/enhancers/lastz.maf
chr3L_1082826-1083401__chr3L_1167709-1167971	OK	0	0	0.0	/Users/jillianness/Downloads/new_LASTZ_analysis/enhancer_extraction/enhancer_pairs/bab2/chr3L_1082826-1083401__chr3L_1167709-1167971/alignments/enhancers/lastz.maf
chr3L_1091260-1091650__chr3L_1167709-1167971	OK	0	0	0.0	/Users/jillianness/Downloads/new_LASTZ_analysis/enhancer_extraction/enhancer_pairs/bab2/chr3L_1091260-1091650__chr3L_1167709-1167971/alignments/enhancers/lastz.maf
chr3R_25172238-25174205__chr3R_25182580-25184791	OK	0	0	0.0	/Users/jillianness/Downloads/new_LASTZ_analysis/enhancer_extraction/enhancer_pairs/dan/chr3R_25172238-25174205__chr3R_25182580-25184791/alignments/enhancers/lastz.maf
chr2L_15322444-15322772__chr2L_15323128-15323794	OK	1	28	78.57	/Users/jillianness/Downloads/new_LASTZ_analysis/enhancer_extraction/enhancer_pairs/esg/chr2L_15322444-15322772__chr2L_15323128-15323794/alignments/enhancers/lastz.maf
chr2L_15322444-15322772__chr2L_15323946-15324408	OK	0	0	0.0	/Users/jillianness/Downloads/new_LASTZ_analysis/enhancer_extraction/enhancer_pairs/esg/chr2L_15322444-15322772__chr2L_15323946-15324408/alignments/enhancers/lastz.maf
chr2L_15322444-15322772__chr2L_15331388-15332093	OK	0	0	0.0	/Users/jillianness/Downloads/new_LASTZ_analysis/enhancer_extraction/enhancer_pairs/esg/chr2L_15322444-15322772__chr2L_15331388-15332093/alignments/enhancers/lastz.maf
chr2L_15322444-15322772__chr2L_15332558-15332979	OK	0	0	0.0	/Users/jillianness/Downloads/new_LASTZ_analysis/enhancer_extraction/enhancer_pairs/esg/chr2L_15322444-15322772__chr2L_15332558-15332979/alignments/enhancers/lastz.maf
chr2L_15322444-15322772__chr2L_15333222-15333912	OK	0	0	0.0	/Users/jillianness/Downloads/new_LASTZ_analysis/enhancer_extraction/enhancer_pairs/esg/chr2L_15322444-15322772__chr2L_15333222-15333912/alignments/enhancers/lastz.maf
chr2L_15323128-15323794__chr2L_15323946-15324408	OK	0	0	0.0	/Users/jillianness/Downloads/new_LASTZ_analysis/enhancer_extraction/enhancer_pairs/esg/chr2L_15323128-15323794__chr2L_15323946-15324408/alignments/enhancers/lastz.maf
chr2L_15323128-15323794__chr2L_15331388-15332093	OK	0	0	0.0	/Users/jillianness/Downloads/new_LASTZ_analysis/enhancer_extraction/enhancer_pairs/esg/chr2L_15323128-15323794__chr2L_15331388-15332093/alignments/enhancers/lastz.maf
chr2L_15323128-15323794__chr2L_15332558-15332979	OK	0	0	0.0	/Users/jillianness/Downloads/new_LASTZ_analysis/enhancer_extraction/enhancer_pairs/esg/chr2L_15323128-15323794__chr2L_15332558-15332979/alignments/enhancers/lastz.maf
chr2L_15323128-15323794__chr2L_15333222-15333912	OK	0	0	0.0	/Users/jillianness/Downloads/new_LASTZ_analysis/enhancer_extraction/enhancer_pairs/esg/chr2L_15323128-15323794__chr2L_15333222-15333912/alignments/enhancers/lastz.maf
chr2L_15323946-15324408__chr2L_15331388-15332093	OK	0	0	0.0	/Users/jillianness/Downloads/new_LASTZ_analysis/enhancer_extraction/enhancer_pairs/esg/chr2L_15323946-15324408__chr2L_15331388-15332093/alignments/enhancers/lastz.maf
chr2L_15323946-15324408__chr2L_15332558-15332979	OK	0	0	0.0	/Users/jillianness/Downloads/new_LASTZ_analysis/enhancer_extraction/enhancer_pairs/esg/chr2L_15323946-15324408__chr2L_15332558-15332979/alignments/enhancers/lastz.maf
chr2L_15323946-15324408__chr2L_15333222-15333912	OK	0	0	0.0	/Users/jillianness/Downloads/new_LASTZ_analysis/enhancer_extraction/enhancer_pairs/esg/chr2L_15323946-15324408__chr2L_15333222-15333912/alignments/enhancers/lastz.maf
chr2L_15331388-15332093__chr2L_15332558-15332979	OK	0	0	0.0	/Users/jillianness/Downloads/new_LASTZ_analysis/enhancer_extraction/enhancer_pairs/esg/chr2L_15331388-15332093__chr2L_15332558-15332979/alignments/enhancers/lastz.maf
chr2L_15331388-15332093__chr2L_15333222-15333912	OK	0	0	0.0	/Users/jillianness/Downloads/new_LASTZ_analysis/enhancer_extraction/enhancer_pairs/esg/chr2L_15331388-15332093__chr2L_15333222-15333912/alignments/enhancers/lastz.maf
chr2L_15332558-15332979__chr2L_15333222-15333912	OK	0	0	0.0	/Users/jillianness/Downloads/new_LASTZ_analysis/enhancer_extraction/enhancer_pairs/esg/chr2L_15332558-15332979__chr2L_15333222-15333912/alignments/enhancers/lastz.maf
chrX_2428917-2429320__chrX_2429927-2430850	OK	0	0	0.0	/Users/jillianness/Downloads/new_LASTZ_analysis/enhancer_extraction/enhancer_pairs/gt/chrX_2428917-2429320__chrX_2429927-2430850/alignments/enhancers/lastz.maf
chrX_2428917-2429320__chrX_2431435-2431676	OK	0	0	0.0	/Users/jillianness/Downloads/new_LASTZ_analysis/enhancer_extraction/enhancer_pairs/gt/chrX_2428917-2429320__chrX_2431435-2431676/alignments/enhancers/lastz.maf
chrX_2428917-2429320__chrX_2431852-2432159	OK	0	0	0.0	/Users/jillianness/Downloads/new_LASTZ_analysis/enhancer_extraction/enhancer_pairs/gt/chrX_2428917-2429320__chrX_2431852-2432159/alignments/enhancers/lastz.maf
chrX_2428917-2429320__chrX_2432829-2432949	OK	0	0	0.0	/Users/jillianness/Downloads/new_LASTZ_analysis/enhancer_extraction/enhancer_pairs/gt/chrX_2428917-2429320__chrX_2432829-2432949/alignments/enhancers/lastz.maf
chrX_2428917-2429320__chrX_2434977-2435401	OK	0	0	0.0	/Users/jillianness/Downloads/new_LASTZ_analysis/enhancer_extraction/enhancer_pairs/gt/chrX_2428917-2429320__chrX_2434977-2435401/alignments/enhancers/lastz.maf
chrX_2428917-2429320__chrX_2437107-2437533	OK	0	0	0.0	/Users/jillianness/Downloads/new_LASTZ_analysis/enhancer_extraction/enhancer_pairs/gt/chrX_2428917-2429320__chrX_2437107-2437533/alignments/enhancers/lastz.maf
chrX_2428917-2429320__chrX_2438227-2439238	OK	0	0	0.0	/Users/jillianness/Downloads/new_LASTZ_analysis/enhancer_extraction/enhancer_pairs/gt/chrX_2428917-2429320__chrX_2438227-2439238/alignments/enhancers/lastz.maf
chrX_2428917-2429320__chrX_2440952-2442340	OK	0	0	0.0	/Users/jillianness/Downloads/new_LASTZ_analysis/enhancer_extraction/enhancer_pairs/gt/chrX_2428917-2429320__chrX_2440952-2442340/alignments/enhancers/lastz.maf
chrX_2429927-2430850__chrX_2431435-2431676	OK	0	0	0.0	/Users/jillianness/Downloads/new_LASTZ_analysis/enhancer_extraction/enhancer_pairs/gt/chrX_2429927-2430850__chrX_2431435-2431676/alignments/enhancers/lastz.maf
chrX_2429927-2430850__chrX_2431852-2432159	OK	1	27	77.78	/Users/jillianness/Downloads/new_LASTZ_analysis/enhancer_extraction/enhancer_pairs/gt/chrX_2429927-2430850__chrX_2431852-2432159/alignments/enhancers/lastz.maf
chrX_2429927-2430850__chrX_2432829-2432949	OK	0	0	0.0	/Users/jillianness/Downloads/new_LASTZ_analysis/enhancer_extraction/enhancer_pairs/gt/chrX_2429927-2430850__chrX_2432829-2432949/alignments/enhancers/lastz.maf
chrX_2429927-2430850__chrX_2434977-2435401	OK	0	0	0.0	/Users/jillianness/Downloads/new_LASTZ_analysis/enhancer_extraction/enhancer_pairs/gt/chrX_2429927-2430850__chrX_2434977-2435401/alignments/enhancers/lastz.maf
chrX_2429927-2430850__chrX_2437107-2437533	OK	0	0	0.0	/Users/jillianness/Downloads/new_LASTZ_analysis/enhancer_extraction/enhancer_pairs/gt/chrX_2429927-2430850__chrX_2437107-2437533/alignments/enhancers/lastz.maf
chrX_2429927-2430850__chrX_2438227-2439238	OK	0	0	0.0	/Users/jillianness/Downloads/new_LASTZ_analysis/enhancer_extraction/enhancer_pairs/gt/chrX_2429927-2430850__chrX_2438227-2439238/alignments/enhancers/lastz.maf
chrX_2429927-2430850__chrX_2440952-2442340	OK	0	0	0.0	/Users/jillianness/Downloads/new_LASTZ_analysis/enhancer_extraction/enhancer_pairs/gt/chrX_2429927-2430850__chrX_2440952-2442340/alignments/enhancers/lastz.maf
chrX_2431435-2431676__chrX_2431852-2432159	OK	0	0	0.0	/Users/jillianness/Downloads/new_LASTZ_analysis/enhancer_extraction/enhancer_pairs/gt/chrX_2431435-2431676__chrX_2431852-2432159/alignments/enhancers/lastz.maf
chrX_2431435-2431676__chrX_2432829-2432949	OK	0	0	0.0	/Users/jillianness/Downloads/new_LASTZ_analysis/enhancer_extraction/enhancer_pairs/gt/chrX_2431435-2431676__chrX_2432829-2432949/alignments/enhancers/lastz.maf
chrX_2431435-2431676__chrX_2434977-2435401	OK	0	0	0.0	/Users/jillianness/Downloads/new_LASTZ_analysis/enhancer_extraction/enhancer_pairs/gt/chrX_2431435-2431676__chrX_2434977-2435401/alignments/enhancers/lastz.maf
chrX_2431435-2431676__chrX_2437107-2437533	OK	0	0	0.0	/Users/jillianness/Downloads/new_LASTZ_analysis/enhancer_extraction/enhancer_pairs/gt/chrX_2431435-2431676__chrX_2437107-2437533/alignments/enhancers/lastz.maf
chrX_2431435-2431676__chrX_2438227-2439238	OK	0	0	0.0	/Users/jillianness/Downloads/new_LASTZ_analysis/enhancer_extraction/enhancer_pairs/gt/chrX_2431435-2431676__chrX_2438227-2439238/alignments/enhancers/lastz.maf
chrX_2431435-2431676__chrX_2440952-2442340	OK	0	0	0.0	/Users/jillianness/Downloads/new_LASTZ_analysis/enhancer_extraction/enhancer_pairs/gt/chrX_2431435-2431676__chrX_2440952-2442340/alignments/enhancers/lastz.maf
chrX_2431852-2432159__chrX_2432829-2432949	OK	0	0	0.0	/Users/jillianness/Downloads/new_LASTZ_analysis/enhancer_extraction/enhancer_pairs/gt/chrX_2431852-2432159__chrX_2432829-2432949/alignments/enhancers/lastz.maf
chrX_2431852-2432159__chrX_2434977-2435401	OK	0	0	0.0	/Users/jillianness/Downloads/new_LASTZ_analysis/enhancer_extraction/enhancer_pairs/gt/chrX_2431852-2432159__chrX_2434977-2435401/alignments/enhancers/lastz.maf
chrX_2431852-2432159__chrX_2437107-2437533	OK	0	0	0.0	/Users/jillianness/Downloads/new_LASTZ_analysis/enhancer_extraction/enhancer_pairs/gt/chrX_2431852-2432159__chrX_2437107-2437533/alignments/enhancers/lastz.maf
chrX_2431852-2432159__chrX_2438227-2439238	OK	0	0	0.0	/Users/jillianness/Downloads/new_LASTZ_analysis/enhancer_extraction/enhancer_pairs/gt/chrX_2431852-2432159__chrX_2438227-2439238/alignments/enhancers/lastz.maf
chrX_2431852-2432159__chrX_2440952-2442340	OK	0	0	0.0	/Users/jillianness/Downloads/new_LASTZ_analysis/enhancer_extraction/enhancer_pairs/gt/chrX_2431852-2432159__chrX_2440952-2442340/alignments/enhancers/lastz.maf
chrX_2432829-2432949__chrX_2434977-2435401	OK	0	0	0.0	/Users/jillianness/Downloads/new_LASTZ_analysis/enhancer_extraction/enhancer_pairs/gt/chrX_2432829-2432949__chrX_2434977-2435401/alignments/enhancers/lastz.maf
chrX_2432829-2432949__chrX_2437107-2437533	OK	0	0	0.0	/Users/jillianness/Downloads/new_LASTZ_analysis/enhancer_extraction/enhancer_pairs/gt/chrX_2432829-2432949__chrX_2437107-2437533/alignments/enhancers/lastz.maf
chrX_2432829-2432949__chrX_2438227-2439238	OK	0	0	0.0	/Users/jillianness/Downloads/new_LASTZ_analysis/enhancer_extraction/enhancer_pairs/gt/chrX_2432829-2432949__chrX_2438227-2439238/alignments/enhancers/lastz.maf
chrX_2432829-2432949__chrX_2440952-2442340	OK	0	0	0.0	/Users/jillianness/Downloads/new_LASTZ_analysis/enhancer_extraction/enhancer_pairs/gt/chrX_2432829-2432949__chrX_2440952-2442340/alignments/enhancers/lastz.maf
chrX_2434977-2435401__chrX_2437107-2437533	OK	0	0	0.0	/Users/jillianness/Downloads/new_LASTZ_analysis/enhancer_extraction/enhancer_pairs/gt/chrX_2434977-2435401__chrX_2437107-2437533/alignments/enhancers/lastz.maf
chrX_2434977-2435401__chrX_2438227-2439238	OK	0	0	0.0	/Users/jillianness/Downloads/new_LASTZ_analysis/enhancer_extraction/enhancer_pairs/gt/chrX_2434977-2435401__chrX_2438227-2439238/alignments/enhancers/lastz.maf
chrX_2434977-2435401__chrX_2440952-2442340	OK	0	0	0.0	/Users/jillianness/Downloads/new_LASTZ_analysis/enhancer_extraction/enhancer_pairs/gt/chrX_2434977-2435401__chrX_2440952-2442340/alignments/enhancers/lastz.maf
chrX_2437107-2437533__chrX_2438227-2439238	OK	0	0	0.0	/Users/jillianness/Downloads/new_LASTZ_analysis/enhancer_extraction/enhancer_pairs/gt/chrX_2437107-2437533__chrX_2438227-2439238/alignments/enhancers/lastz.maf
chrX_2437107-2437533__chrX_2440952-2442340	OK	0	0	0.0	/Users/jillianness/Downloads/new_LASTZ_analysis/enhancer_extraction/enhancer_pairs/gt/chrX_2437107-2437533__chrX_2440952-2442340/alignments/enhancers/lastz.maf
chrX_2438227-2439238__chrX_2440952-2442340	OK	0	0	0.0	/Users/jillianness/Downloads/new_LASTZ_analysis/enhancer_extraction/enhancer_pairs/gt/chrX_2438227-2439238__chrX_2440952-2442340/alignments/enhancers/lastz.maf
chr3R_8689217-8690108__chr3R_8700981-8701661	OK	0	0	0.0	/Users/jillianness/Downloads/new_LASTZ_analysis/enhancer_extraction/enhancer_pairs/hb/chr3R_8689217-8690108__chr3R_8700981-8701661/alignments/enhancers/lastz.maf
chrX_8643101-8643868__chrX_8653859-8654855	OK	0	0	0.0	/Users/jillianness/Downloads/new_LASTZ_analysis/enhancer_extraction/enhancer_pairs/oc/chrX_8643101-8643868__chrX_8653859-8654855/alignments/enhancers/lastz.maf
chr2L_12080941-12081738__chr2L_12082256-12083149	OK	0	0	0.0	/Users/jillianness/Downloads/new_LASTZ_analysis/enhancer_extraction/enhancer_pairs/prd/chr2L_12080941-12081738__chr2L_12082256-12083149/alignments/enhancers/lastz.maf
chr2L_12080941-12081738__chr2L_12088676-12088812	OK	0	0	0.0	/Users/jillianness/Downloads/new_LASTZ_analysis/enhancer_extraction/enhancer_pairs/prd/chr2L_12080941-12081738__chr2L_12088676-12088812/alignments/enhancers/lastz.maf
chr2L_12080941-12081738__chr2L_12089073-12089963	OK	0	0	0.0	/Users/jillianness/Downloads/new_LASTZ_analysis/enhancer_extraction/enhancer_pairs/prd/chr2L_12080941-12081738__chr2L_12089073-12089963/alignments/enhancers/lastz.maf
chr2L_12080941-12081738__chr2L_12090222-12090543	OK	0	0	0.0	/Users/jillianness/Downloads/new_LASTZ_analysis/enhancer_extraction/enhancer_pairs/prd/chr2L_12080941-12081738__chr2L_12090222-12090543/alignments/enhancers/lastz.maf
chr2L_12082256-12083149__chr2L_12088676-12088812	OK	0	0	0.0	/Users/jillianness/Downloads/new_LASTZ_analysis/enhancer_extraction/enhancer_pairs/prd/chr2L_12082256-12083149__chr2L_12088676-12088812/alignments/enhancers/lastz.maf
chr2L_12082256-12083149__chr2L_12089073-12089963	OK	0	0	0.0	/Users/jillianness/Downloads/new_LASTZ_analysis/enhancer_extraction/enhancer_pairs/prd/chr2L_12082256-12083149__chr2L_12089073-12089963/alignments/enhancers/lastz.maf
chr2L_12082256-12083149__chr2L_12090222-12090543	OK	0	0	0.0	/Users/jillianness/Downloads/new_LASTZ_analysis/enhancer_extraction/enhancer_pairs/prd/chr2L_12082256-12083149__chr2L_12090222-12090543/alignments/enhancers/lastz.maf
chr2L_12088676-12088812__chr2L_12089073-12089963	OK	0	0	0.0	/Users/jillianness/Downloads/new_LASTZ_analysis/enhancer_extraction/enhancer_pairs/prd/chr2L_12088676-12088812__chr2L_12089073-12089963/alignments/enhancers/lastz.maf
chr2L_12088676-12088812__chr2L_12090222-12090543	OK	0	0	0.0	/Users/jillianness/Downloads/new_LASTZ_analysis/enhancer_extraction/enhancer_pairs/prd/chr2L_12088676-12088812__chr2L_12090222-12090543/alignments/enhancers/lastz.maf
chr2L_12089073-12089963__chr2L_12090222-12090543	OK	0	0	0.0	/Users/jillianness/Downloads/new_LASTZ_analysis/enhancer_extraction/enhancer_pairs/prd/chr2L_12089073-12089963__chr2L_12090222-12090543/alignments/enhancers/lastz.maf
chr2L_18874725-18874929__chr2L_18874978-18876337	OK	1	24	91.67	/Users/jillianness/Downloads/new_LASTZ_analysis/enhancer_extraction/enhancer_pairs/tup/chr2L_18874725-18874929__chr2L_18874978-18876337/alignments/enhancers/lastz.maf
chr2L_18874725-18874929__chr2L_18893905-18894024	OK	0	0	0.0	/Users/jillianness/Downloads/new_LASTZ_analysis/enhancer_extraction/enhancer_pairs/tup/chr2L_18874725-18874929__chr2L_18893905-18894024/alignments/enhancers/lastz.maf
chr2L_18874725-18874929__chr2L_18894031-18894287	OK	0	0	0.0	/Users/jillianness/Downloads/new_LASTZ_analysis/enhancer_extraction/enhancer_pairs/tup/chr2L_18874725-18874929__chr2L_18894031-18894287/alignments/enhancers/lastz.maf
chr2L_18874725-18874929__chr2L_18894563-18895695	OK	0	0	0.0	/Users/jillianness/Downloads/new_LASTZ_analysis/enhancer_extraction/enhancer_pairs/tup/chr2L_18874725-18874929__chr2L_18894563-18895695/alignments/enhancers/lastz.maf
chr2L_18874978-18876337__chr2L_18893905-18894024	OK	0	0	0.0	/Users/jillianness/Downloads/new_LASTZ_analysis/enhancer_extraction/enhancer_pairs/tup/chr2L_18874978-18876337__chr2L_18893905-18894024/alignments/enhancers/lastz.maf
chr2L_18874978-18876337__chr2L_18894031-18894287	OK	0	0	0.0	/Users/jillianness/Downloads/new_LASTZ_analysis/enhancer_extraction/enhancer_pairs/tup/chr2L_18874978-18876337__chr2L_18894031-18894287/alignments/enhancers/lastz.maf
chr2L_18874978-18876337__chr2L_18894563-18895695	OK	0	0	0.0	/Users/jillianness/Downloads/new_LASTZ_analysis/enhancer_extraction/enhancer_pairs/tup/chr2L_18874978-18876337__chr2L_18894563-18895695/alignments/enhancers/lastz.maf
chr2L_18893905-18894024__chr2L_18894031-18894287	OK	0	0	0.0	/Users/jillianness/Downloads/new_LASTZ_analysis/enhancer_extraction/enhancer_pairs/tup/chr2L_18893905-18894024__chr2L_18894031-18894287/alignments/enhancers/lastz.maf
chr2L_18893905-18894024__chr2L_18894563-18895695	OK	0	0	0.0	/Users/jillianness/Downloads/new_LASTZ_analysis/enhancer_extraction/enhancer_pairs/tup/chr2L_18893905-18894024__chr2L_18894563-18895695/alignments/enhancers/lastz.maf
chr2L_18894031-18894287__chr2L_18894563-18895695	OK	0	0	0.0	/Users/jillianness/Downloads/new_LASTZ_analysis/enhancer_extraction/enhancer_pairs/tup/chr2L_18894031-18894287__chr2L_18894563-18895695/alignments/enhancers/lastz.maf
chrX_583829-584563__chrX_586024-586643	OK	0	0	0.0	/Users/jillianness/Downloads/new_LASTZ_analysis/enhancer_extraction/enhancer_pairs/vnd/chrX_583829-584563__chrX_586024-586643/alignments/enhancers/lastz.maf
chrX_583829-584563__chrX_586878-588097	OK	0	0	0.0	/Users/jillianness/Downloads/new_LASTZ_analysis/enhancer_extraction/enhancer_pairs/vnd/chrX_583829-584563__chrX_586878-588097/alignments/enhancers/lastz.maf
chrX_586024-586643__chrX_586878-588097	OK	0	0	0.0	/Users/jillianness/Downloads/new_LASTZ_analysis/enhancer_extraction/enhancer_pairs/vnd/chrX_586024-586643__chrX_586878-588097/alignments/enhancers/lastz.maf
