gene_label	pair_dir	enhancer_role	enhancer_id	chrom	start	end	fasta_path	length
FBgn0000015_sm	FBgn0000015_sm/chr3R_16904976-16905213__chr3R_16938077-16938336	LEFT	chr3R:16904976-16905213	chr3R	16904976	16905213	FBgn0000015_sm/chr3R_16904976-16905213__chr3R_16938077-16938336/enhancers/chr3R_16904976-16905213.fa	237
FBgn0000015_sm	FBgn0000015_sm/chr3R_16904976-16905213__chr3R_16938077-16938336	RIGHT	chr3R:16938077-16938336	chr3R	16938077	16938336	FBgn0000015_sm/chr3R_16904976-16905213__chr3R_16938077-16938336/enhancers/chr3R_16938077-16938336.fa	259
FBgn0000015_sm	FBgn0000015_sm/chr3R_16904976-16905213__chr3R_16969808-16970008	LEFT	chr3R:16904976-16905213	chr3R	16904976	16905213	FBgn0000015_sm/chr3R_16904976-16905213__chr3R_16969808-16970008/enhancers/chr3R_16904976-16905213.fa	237
FBgn0000015_sm	FBgn0000015_sm/chr3R_16904976-16905213__chr3R_16969808-16970008	RIGHT	chr3R:16969808-16970008	chr3R	16969808	16970008	FBgn0000015_sm/chr3R_16904976-16905213__chr3R_16969808-16970008/enhancers/chr3R_16969808-16970008.fa	200
FBgn0000015_sm	FBgn0000015_sm/chr3R_16938077-16938336__chr3R_16969808-16970008	LEFT	chr3R:16938077-16938336	chr3R	16938077	16938336	FBgn0000015_sm/chr3R_16938077-16938336__chr3R_16969808-16970008/enhancers/chr3R_16938077-16938336.fa	259
FBgn0000015_sm	FBgn0000015_sm/chr3R_16938077-16938336__chr3R_16969808-16970008	RIGHT	chr3R:16969808-16970008	chr3R	16969808	16970008	FBgn0000015_sm/chr3R_16938077-16938336__chr3R_16969808-16970008/enhancers/chr3R_16969808-16970008.fa	200
FBgn0000044_sm	FBgn0000044_sm/chr2R_20558766-20559051__chr2R_20559250-20559450	LEFT	chr2R:20558766-20559051	chr2R	20558766	20559051	FBgn0000044_sm/chr2R_20558766-20559051__chr2R_20559250-20559450/enhancers/chr2R_20558766-20559051.fa	285
FBgn0000044_sm	FBgn0000044_sm/chr2R_20558766-20559051__chr2R_20559250-20559450	RIGHT	chr2R:20559250-20559450	chr2R	20559250	20559450	FBgn0000044_sm/chr2R_20558766-20559051__chr2R_20559250-20559450/enhancers/chr2R_20559250-20559450.fa	200
FBgn0000044_sm	FBgn0000044_sm/chr2R_20558766-20559051__chr2R_20560480-20560860	LEFT	chr2R:20558766-20559051	chr2R	20558766	20559051	FBgn0000044_sm/chr2R_20558766-20559051__chr2R_20560480-20560860/enhancers/chr2R_20558766-20559051.fa	285
FBgn0000044_sm	FBgn0000044_sm/chr2R_20558766-20559051__chr2R_20560480-20560860	RIGHT	chr2R:20560480-20560860	chr2R	20560480	20560860	FBgn0000044_sm/chr2R_20558766-20559051__chr2R_20560480-20560860/enhancers/chr2R_20560480-20560860.fa	380
FBgn0000044_sm	FBgn0000044_sm/chr2R_20558766-20559051__chr2R_20562855-20563268	LEFT	chr2R:20558766-20559051	chr2R	20558766	20559051	FBgn0000044_sm/chr2R_20558766-20559051__chr2R_20562855-20563268/enhancers/chr2R_20558766-20559051.fa	285
FBgn0000044_sm	FBgn0000044_sm/chr2R_20558766-20559051__chr2R_20562855-20563268	RIGHT	chr2R:20562855-20563268	chr2R	20562855	20563268	FBgn0000044_sm/chr2R_20558766-20559051__chr2R_20562855-20563268/enhancers/chr2R_20562855-20563268.fa	413
FBgn0000044_sm	FBgn0000044_sm/chr2R_20558766-20559051__chr2R_20563710-20563921	LEFT	chr2R:20558766-20559051	chr2R	20558766	20559051	FBgn0000044_sm/chr2R_20558766-20559051__chr2R_20563710-20563921/enhancers/chr2R_20558766-20559051.fa	285
FBgn0000044_sm	FBgn0000044_sm/chr2R_20558766-20559051__chr2R_20563710-20563921	RIGHT	chr2R:20563710-20563921	chr2R	20563710	20563921	FBgn0000044_sm/chr2R_20558766-20559051__chr2R_20563710-20563921/enhancers/chr2R_20563710-20563921.fa	211
FBgn0000044_sm	FBgn0000044_sm/chr2R_20558766-20559051__chr2R_20566669-20566882	LEFT	chr2R:20558766-20559051	chr2R	20558766	20559051	FBgn0000044_sm/chr2R_20558766-20559051__chr2R_20566669-20566882/enhancers/chr2R_20558766-20559051.fa	285
FBgn0000044_sm	FBgn0000044_sm/chr2R_20558766-20559051__chr2R_20566669-20566882	RIGHT	chr2R:20566669-20566882	chr2R	20566669	20566882	FBgn0000044_sm/chr2R_20558766-20559051__chr2R_20566669-20566882/enhancers/chr2R_20566669-20566882.fa	213
FBgn0000044_sm	FBgn0000044_sm/chr2R_20559250-20559450__chr2R_20560480-20560860	LEFT	chr2R:20559250-20559450	chr2R	20559250	20559450	FBgn0000044_sm/chr2R_20559250-20559450__chr2R_20560480-20560860/enhancers/chr2R_20559250-20559450.fa	200
FBgn0000044_sm	FBgn0000044_sm/chr2R_20559250-20559450__chr2R_20560480-20560860	RIGHT	chr2R:20560480-20560860	chr2R	20560480	20560860	FBgn0000044_sm/chr2R_20559250-20559450__chr2R_20560480-20560860/enhancers/chr2R_20560480-20560860.fa	380
FBgn0000044_sm	FBgn0000044_sm/chr2R_20559250-20559450__chr2R_20562855-20563268	LEFT	chr2R:20559250-20559450	chr2R	20559250	20559450	FBgn0000044_sm/chr2R_20559250-20559450__chr2R_20562855-20563268/enhancers/chr2R_20559250-20559450.fa	200
FBgn0000044_sm	FBgn0000044_sm/chr2R_20559250-20559450__chr2R_20562855-20563268	RIGHT	chr2R:20562855-20563268	chr2R	20562855	20563268	FBgn0000044_sm/chr2R_20559250-20559450__chr2R_20562855-20563268/enhancers/chr2R_20562855-20563268.fa	413
FBgn0000044_sm	FBgn0000044_sm/chr2R_20559250-20559450__chr2R_20563710-20563921	LEFT	chr2R:20559250-20559450	chr2R	20559250	20559450	FBgn0000044_sm/chr2R_20559250-20559450__chr2R_20563710-20563921/enhancers/chr2R_20559250-20559450.fa	200
FBgn0000044_sm	FBgn0000044_sm/chr2R_20559250-20559450__chr2R_20563710-20563921	RIGHT	chr2R:20563710-20563921	chr2R	20563710	20563921	FBgn0000044_sm/chr2R_20559250-20559450__chr2R_20563710-20563921/enhancers/chr2R_20563710-20563921.fa	211
FBgn0000044_sm	FBgn0000044_sm/chr2R_20559250-20559450__chr2R_20566669-20566882	LEFT	chr2R:20559250-20559450	chr2R	20559250	20559450	FBgn0000044_sm/chr2R_20559250-20559450__chr2R_20566669-20566882/enhancers/chr2R_20559250-20559450.fa	200
FBgn0000044_sm	FBgn0000044_sm/chr2R_20559250-20559450__chr2R_20566669-20566882	RIGHT	chr2R:20566669-20566882	chr2R	20566669	20566882	FBgn0000044_sm/chr2R_20559250-20559450__chr2R_20566669-20566882/enhancers/chr2R_20566669-20566882.fa	213
FBgn0000044_sm	FBgn0000044_sm/chr2R_20560480-20560860__chr2R_20562855-20563268	LEFT	chr2R:20560480-20560860	chr2R	20560480	20560860	FBgn0000044_sm/chr2R_20560480-20560860__chr2R_20562855-20563268/enhancers/chr2R_20560480-20560860.fa	380
FBgn0000044_sm	FBgn0000044_sm/chr2R_20560480-20560860__chr2R_20562855-20563268	RIGHT	chr2R:20562855-20563268	chr2R	20562855	20563268	FBgn0000044_sm/chr2R_20560480-20560860__chr2R_20562855-20563268/enhancers/chr2R_20562855-20563268.fa	413
FBgn0000044_sm	FBgn0000044_sm/chr2R_20560480-20560860__chr2R_20563710-20563921	LEFT	chr2R:20560480-20560860	chr2R	20560480	20560860	FBgn0000044_sm/chr2R_20560480-20560860__chr2R_20563710-20563921/enhancers/chr2R_20560480-20560860.fa	380
FBgn0000044_sm	FBgn0000044_sm/chr2R_20560480-20560860__chr2R_20563710-20563921	RIGHT	chr2R:20563710-20563921	chr2R	20563710	20563921	FBgn0000044_sm/chr2R_20560480-20560860__chr2R_20563710-20563921/enhancers/chr2R_20563710-20563921.fa	211
FBgn0000044_sm	FBgn0000044_sm/chr2R_20560480-20560860__chr2R_20566669-20566882	LEFT	chr2R:20560480-20560860	chr2R	20560480	20560860	FBgn0000044_sm/chr2R_20560480-20560860__chr2R_20566669-20566882/enhancers/chr2R_20560480-20560860.fa	380
FBgn0000044_sm	FBgn0000044_sm/chr2R_20560480-20560860__chr2R_20566669-20566882	RIGHT	chr2R:20566669-20566882	chr2R	20566669	20566882	FBgn0000044_sm/chr2R_20560480-20560860__chr2R_20566669-20566882/enhancers/chr2R_20566669-20566882.fa	213
FBgn0000044_sm	FBgn0000044_sm/chr2R_20562855-20563268__chr2R_20563710-20563921	LEFT	chr2R:20562855-20563268	chr2R	20562855	20563268	FBgn0000044_sm/chr2R_20562855-20563268__chr2R_20563710-20563921/enhancers/chr2R_20562855-20563268.fa	413
FBgn0000044_sm	FBgn0000044_sm/chr2R_20562855-20563268__chr2R_20563710-20563921	RIGHT	chr2R:20563710-20563921	chr2R	20563710	20563921	FBgn0000044_sm/chr2R_20562855-20563268__chr2R_20563710-20563921/enhancers/chr2R_20563710-20563921.fa	211
FBgn0000044_sm	FBgn0000044_sm/chr2R_20562855-20563268__chr2R_20566669-20566882	LEFT	chr2R:20562855-20563268	chr2R	20562855	20563268	FBgn0000044_sm/chr2R_20562855-20563268__chr2R_20566669-20566882/enhancers/chr2R_20562855-20563268.fa	413
FBgn0000044_sm	FBgn0000044_sm/chr2R_20562855-20563268__chr2R_20566669-20566882	RIGHT	chr2R:20566669-20566882	chr2R	20566669	20566882	FBgn0000044_sm/chr2R_20562855-20563268__chr2R_20566669-20566882/enhancers/chr2R_20566669-20566882.fa	213
FBgn0000044_sm	FBgn0000044_sm/chr2R_20563710-20563921__chr2R_20566669-20566882	LEFT	chr2R:20563710-20563921	chr2R	20563710	20563921	FBgn0000044_sm/chr2R_20563710-20563921__chr2R_20566669-20566882/enhancers/chr2R_20563710-20563921.fa	211
FBgn0000044_sm	FBgn0000044_sm/chr2R_20563710-20563921__chr2R_20566669-20566882	RIGHT	chr2R:20566669-20566882	chr2R	20566669	20566882	FBgn0000044_sm/chr2R_20563710-20563921__chr2R_20566669-20566882/enhancers/chr2R_20566669-20566882.fa	213
FBgn0000228_sm	FBgn0000228_sm/chr2L_5245229-5245858__chr2L_5247934-5248134	LEFT	chr2L:5245229-5245858	chr2L	5245229	5245858	FBgn0000228_sm/chr2L_5245229-5245858__chr2L_5247934-5248134/enhancers/chr2L_5245229-5245858.fa	629
FBgn0000228_sm	FBgn0000228_sm/chr2L_5245229-5245858__chr2L_5247934-5248134	RIGHT	chr2L:5247934-5248134	chr2L	5247934	5248134	FBgn0000228_sm/chr2L_5245229-5245858__chr2L_5247934-5248134/enhancers/chr2L_5247934-5248134.fa	200
FBgn0000228_sm	FBgn0000228_sm/chr2L_5245229-5245858__chr2L_5261720-5261920	LEFT	chr2L:5245229-5245858	chr2L	5245229	5245858	FBgn0000228_sm/chr2L_5245229-5245858__chr2L_5261720-5261920/enhancers/chr2L_5245229-5245858.fa	629
FBgn0000228_sm	FBgn0000228_sm/chr2L_5245229-5245858__chr2L_5261720-5261920	RIGHT	chr2L:5261720-5261920	chr2L	5261720	5261920	FBgn0000228_sm/chr2L_5245229-5245858__chr2L_5261720-5261920/enhancers/chr2L_5261720-5261920.fa	200
FBgn0000228_sm	FBgn0000228_sm/chr2L_5247934-5248134__chr2L_5261720-5261920	LEFT	chr2L:5247934-5248134	chr2L	5247934	5248134	FBgn0000228_sm/chr2L_5247934-5248134__chr2L_5261720-5261920/enhancers/chr2L_5247934-5248134.fa	200
FBgn0000228_sm	FBgn0000228_sm/chr2L_5247934-5248134__chr2L_5261720-5261920	RIGHT	chr2L:5261720-5261920	chr2L	5261720	5261920	FBgn0000228_sm/chr2L_5247934-5248134__chr2L_5261720-5261920/enhancers/chr2L_5261720-5261920.fa	200
FBgn0000261_sm	FBgn0000261_sm/chr3L_18758861-18759061__chr3L_18792529-18792729	LEFT	chr3L:18758861-18759061	chr3L	18758861	18759061	FBgn0000261_sm/chr3L_18758861-18759061__chr3L_18792529-18792729/enhancers/chr3L_18758861-18759061.fa	200
FBgn0000261_sm	FBgn0000261_sm/chr3L_18758861-18759061__chr3L_18792529-18792729	RIGHT	chr3L:18792529-18792729	chr3L	18792529	18792729	FBgn0000261_sm/chr3L_18758861-18759061__chr3L_18792529-18792729/enhancers/chr3L_18792529-18792729.fa	200
FBgn0000261_sm	FBgn0000261_sm/chr3L_18758861-18759061__chr3L_18812160-18812714	LEFT	chr3L:18758861-18759061	chr3L	18758861	18759061	FBgn0000261_sm/chr3L_18758861-18759061__chr3L_18812160-18812714/enhancers/chr3L_18758861-18759061.fa	200
FBgn0000261_sm	FBgn0000261_sm/chr3L_18758861-18759061__chr3L_18812160-18812714	RIGHT	chr3L:18812160-18812714	chr3L	18812160	18812714	FBgn0000261_sm/chr3L_18758861-18759061__chr3L_18812160-18812714/enhancers/chr3L_18812160-18812714.fa	554
FBgn0000261_sm	FBgn0000261_sm/chr3L_18792529-18792729__chr3L_18812160-18812714	LEFT	chr3L:18792529-18792729	chr3L	18792529	18792729	FBgn0000261_sm/chr3L_18792529-18792729__chr3L_18812160-18812714/enhancers/chr3L_18792529-18792729.fa	200
FBgn0000261_sm	FBgn0000261_sm/chr3L_18792529-18792729__chr3L_18812160-18812714	RIGHT	chr3L:18812160-18812714	chr3L	18812160	18812714	FBgn0000261_sm/chr3L_18792529-18792729__chr3L_18812160-18812714/enhancers/chr3L_18812160-18812714.fa	554
FBgn0000414_sm	FBgn0000414_sm/chr3L_16674720-16675084__chr3L_16680906-16681461	LEFT	chr3L:16674720-16675084	chr3L	16674720	16675084	FBgn0000414_sm/chr3L_16674720-16675084__chr3L_16680906-16681461/enhancers/chr3L_16674720-16675084.fa	364
FBgn0000414_sm	FBgn0000414_sm/chr3L_16674720-16675084__chr3L_16680906-16681461	RIGHT	chr3L:16680906-16681461	chr3L	16680906	16681461	FBgn0000414_sm/chr3L_16674720-16675084__chr3L_16680906-16681461/enhancers/chr3L_16680906-16681461.fa	555
FBgn0000463_sm	FBgn0000463_sm/chr3R_19287679-19287954__chr3R_19300935-19301225	LEFT	chr3R:19287679-19287954	chr3R	19287679	19287954	FBgn0000463_sm/chr3R_19287679-19287954__chr3R_19300935-19301225/enhancers/chr3R_19287679-19287954.fa	275
FBgn0000463_sm	FBgn0000463_sm/chr3R_19287679-19287954__chr3R_19300935-19301225	RIGHT	chr3R:19300935-19301225	chr3R	19300935	19301225	FBgn0000463_sm/chr3R_19287679-19287954__chr3R_19300935-19301225/enhancers/chr3R_19300935-19301225.fa	290
FBgn0000463_sm	FBgn0000463_sm/chr3R_19287679-19287954__chr3R_19317753-19317953	LEFT	chr3R:19287679-19287954	chr3R	19287679	19287954	FBgn0000463_sm/chr3R_19287679-19287954__chr3R_19317753-19317953/enhancers/chr3R_19287679-19287954.fa	275
FBgn0000463_sm	FBgn0000463_sm/chr3R_19287679-19287954__chr3R_19317753-19317953	RIGHT	chr3R:19317753-19317953	chr3R	19317753	19317953	FBgn0000463_sm/chr3R_19287679-19287954__chr3R_19317753-19317953/enhancers/chr3R_19317753-19317953.fa	200
FBgn0000463_sm	FBgn0000463_sm/chr3R_19287679-19287954__chr3R_19350401-19350687	LEFT	chr3R:19287679-19287954	chr3R	19287679	19287954	FBgn0000463_sm/chr3R_19287679-19287954__chr3R_19350401-19350687/enhancers/chr3R_19287679-19287954.fa	275
FBgn0000463_sm	FBgn0000463_sm/chr3R_19287679-19287954__chr3R_19350401-19350687	RIGHT	chr3R:19350401-19350687	chr3R	19350401	19350687	FBgn0000463_sm/chr3R_19287679-19287954__chr3R_19350401-19350687/enhancers/chr3R_19350401-19350687.fa	286
FBgn0000463_sm	FBgn0000463_sm/chr3R_19300935-19301225__chr3R_19317753-19317953	LEFT	chr3R:19300935-19301225	chr3R	19300935	19301225	FBgn0000463_sm/chr3R_19300935-19301225__chr3R_19317753-19317953/enhancers/chr3R_19300935-19301225.fa	290
FBgn0000463_sm	FBgn0000463_sm/chr3R_19300935-19301225__chr3R_19317753-19317953	RIGHT	chr3R:19317753-19317953	chr3R	19317753	19317953	FBgn0000463_sm/chr3R_19300935-19301225__chr3R_19317753-19317953/enhancers/chr3R_19317753-19317953.fa	200
FBgn0000463_sm	FBgn0000463_sm/chr3R_19300935-19301225__chr3R_19350401-19350687	LEFT	chr3R:19300935-19301225	chr3R	19300935	19301225	FBgn0000463_sm/chr3R_19300935-19301225__chr3R_19350401-19350687/enhancers/chr3R_19300935-19301225.fa	290
FBgn0000463_sm	FBgn0000463_sm/chr3R_19300935-19301225__chr3R_19350401-19350687	RIGHT	chr3R:19350401-19350687	chr3R	19350401	19350687	FBgn0000463_sm/chr3R_19300935-19301225__chr3R_19350401-19350687/enhancers/chr3R_19350401-19350687.fa	286
FBgn0000463_sm	FBgn0000463_sm/chr3R_19317753-19317953__chr3R_19350401-19350687	LEFT	chr3R:19317753-19317953	chr3R	19317753	19317953	FBgn0000463_sm/chr3R_19317753-19317953__chr3R_19350401-19350687/enhancers/chr3R_19317753-19317953.fa	200
FBgn0000463_sm	FBgn0000463_sm/chr3R_19317753-19317953__chr3R_19350401-19350687	RIGHT	chr3R:19350401-19350687	chr3R	19350401	19350687	FBgn0000463_sm/chr3R_19317753-19317953__chr3R_19350401-19350687/enhancers/chr3R_19350401-19350687.fa	286
FBgn0000479_sm	FBgn0000479_sm/chrX_3035626-3035842__chrX_3036092-3036292	LEFT	chrX:3035626-3035842	chrX	3035626	3035842	FBgn0000479_sm/chrX_3035626-3035842__chrX_3036092-3036292/enhancers/chrX_3035626-3035842.fa	216
FBgn0000479_sm	FBgn0000479_sm/chrX_3035626-3035842__chrX_3036092-3036292	RIGHT	chrX:3036092-3036292	chrX	3036092	3036292	FBgn0000479_sm/chrX_3035626-3035842__chrX_3036092-3036292/enhancers/chrX_3036092-3036292.fa	200
FBgn0000479_sm	FBgn0000479_sm/chrX_3035626-3035842__chrX_3058248-3058549	LEFT	chrX:3035626-3035842	chrX	3035626	3035842	FBgn0000479_sm/chrX_3035626-3035842__chrX_3058248-3058549/enhancers/chrX_3035626-3035842.fa	216
FBgn0000479_sm	FBgn0000479_sm/chrX_3035626-3035842__chrX_3058248-3058549	RIGHT	chrX:3058248-3058549	chrX	3058248	3058549	FBgn0000479_sm/chrX_3035626-3035842__chrX_3058248-3058549/enhancers/chrX_3058248-3058549.fa	301
FBgn0000479_sm	FBgn0000479_sm/chrX_3035626-3035842__chrX_3096802-3097002	LEFT	chrX:3035626-3035842	chrX	3035626	3035842	FBgn0000479_sm/chrX_3035626-3035842__chrX_3096802-3097002/enhancers/chrX_3035626-3035842.fa	216
FBgn0000479_sm	FBgn0000479_sm/chrX_3035626-3035842__chrX_3096802-3097002	RIGHT	chrX:3096802-3097002	chrX	3096802	3097002	FBgn0000479_sm/chrX_3035626-3035842__chrX_3096802-3097002/enhancers/chrX_3096802-3097002.fa	200
FBgn0000479_sm	FBgn0000479_sm/chrX_3035626-3035842__chrX_3256916-3257157	LEFT	chrX:3035626-3035842	chrX	3035626	3035842	FBgn0000479_sm/chrX_3035626-3035842__chrX_3256916-3257157/enhancers/chrX_3035626-3035842.fa	216
FBgn0000479_sm	FBgn0000479_sm/chrX_3035626-3035842__chrX_3256916-3257157	RIGHT	chrX:3256916-3257157	chrX	3256916	3257157	FBgn0000479_sm/chrX_3035626-3035842__chrX_3256916-3257157/enhancers/chrX_3256916-3257157.fa	241
FBgn0000479_sm	FBgn0000479_sm/chrX_3035626-3035842__chrX_3328623-3328837	LEFT	chrX:3035626-3035842	chrX	3035626	3035842	FBgn0000479_sm/chrX_3035626-3035842__chrX_3328623-3328837/enhancers/chrX_3035626-3035842.fa	216
FBgn0000479_sm	FBgn0000479_sm/chrX_3035626-3035842__chrX_3328623-3328837	RIGHT	chrX:3328623-3328837	chrX	3328623	3328837	FBgn0000479_sm/chrX_3035626-3035842__chrX_3328623-3328837/enhancers/chrX_3328623-3328837.fa	214
FBgn0000479_sm	FBgn0000479_sm/chrX_3035626-3035842__chrX_3331542-3331742	LEFT	chrX:3035626-3035842	chrX	3035626	3035842	FBgn0000479_sm/chrX_3035626-3035842__chrX_3331542-3331742/enhancers/chrX_3035626-3035842.fa	216
FBgn0000479_sm	FBgn0000479_sm/chrX_3035626-3035842__chrX_3331542-3331742	RIGHT	chrX:3331542-3331742	chrX	3331542	3331742	FBgn0000479_sm/chrX_3035626-3035842__chrX_3331542-3331742/enhancers/chrX_3331542-3331742.fa	200
FBgn0000479_sm	FBgn0000479_sm/chrX_3036092-3036292__chrX_3058248-3058549	LEFT	chrX:3036092-3036292	chrX	3036092	3036292	FBgn0000479_sm/chrX_3036092-3036292__chrX_3058248-3058549/enhancers/chrX_3036092-3036292.fa	200
FBgn0000479_sm	FBgn0000479_sm/chrX_3036092-3036292__chrX_3058248-3058549	RIGHT	chrX:3058248-3058549	chrX	3058248	3058549	FBgn0000479_sm/chrX_3036092-3036292__chrX_3058248-3058549/enhancers/chrX_3058248-3058549.fa	301
FBgn0000479_sm	FBgn0000479_sm/chrX_3036092-3036292__chrX_3096802-3097002	LEFT	chrX:3036092-3036292	chrX	3036092	3036292	FBgn0000479_sm/chrX_3036092-3036292__chrX_3096802-3097002/enhancers/chrX_3036092-3036292.fa	200
FBgn0000479_sm	FBgn0000479_sm/chrX_3036092-3036292__chrX_3096802-3097002	RIGHT	chrX:3096802-3097002	chrX	3096802	3097002	FBgn0000479_sm/chrX_3036092-3036292__chrX_3096802-3097002/enhancers/chrX_3096802-3097002.fa	200
FBgn0000479_sm	FBgn0000479_sm/chrX_3036092-3036292__chrX_3256916-3257157	LEFT	chrX:3036092-3036292	chrX	3036092	3036292	FBgn0000479_sm/chrX_3036092-3036292__chrX_3256916-3257157/enhancers/chrX_3036092-3036292.fa	200
FBgn0000479_sm	FBgn0000479_sm/chrX_3036092-3036292__chrX_3256916-3257157	RIGHT	chrX:3256916-3257157	chrX	3256916	3257157	FBgn0000479_sm/chrX_3036092-3036292__chrX_3256916-3257157/enhancers/chrX_3256916-3257157.fa	241
FBgn0000479_sm	FBgn0000479_sm/chrX_3036092-3036292__chrX_3328623-3328837	LEFT	chrX:3036092-3036292	chrX	3036092	3036292	FBgn0000479_sm/chrX_3036092-3036292__chrX_3328623-3328837/enhancers/chrX_3036092-3036292.fa	200
FBgn0000479_sm	FBgn0000479_sm/chrX_3036092-3036292__chrX_3328623-3328837	RIGHT	chrX:3328623-3328837	chrX	3328623	3328837	FBgn0000479_sm/chrX_3036092-3036292__chrX_3328623-3328837/enhancers/chrX_3328623-3328837.fa	214
FBgn0000479_sm	FBgn0000479_sm/chrX_3036092-3036292__chrX_3331542-3331742	LEFT	chrX:3036092-3036292	chrX	3036092	3036292	FBgn0000479_sm/chrX_3036092-3036292__chrX_3331542-3331742/enhancers/chrX_3036092-3036292.fa	200
FBgn0000479_sm	FBgn0000479_sm/chrX_3036092-3036292__chrX_3331542-3331742	RIGHT	chrX:3331542-3331742	chrX	3331542	3331742	FBgn0000479_sm/chrX_3036092-3036292__chrX_3331542-3331742/enhancers/chrX_3331542-3331742.fa	200
FBgn0000479_sm	FBgn0000479_sm/chrX_3058248-3058549__chrX_3096802-3097002	LEFT	chrX:3058248-3058549	chrX	3058248	3058549	FBgn0000479_sm/chrX_3058248-3058549__chrX_3096802-3097002/enhancers/chrX_3058248-3058549.fa	301
FBgn0000479_sm	FBgn0000479_sm/chrX_3058248-3058549__chrX_3096802-3097002	RIGHT	chrX:3096802-3097002	chrX	3096802	3097002	FBgn0000479_sm/chrX_3058248-3058549__chrX_3096802-3097002/enhancers/chrX_3096802-3097002.fa	200
FBgn0000479_sm	FBgn0000479_sm/chrX_3058248-3058549__chrX_3256916-3257157	LEFT	chrX:3058248-3058549	chrX	3058248	3058549	FBgn0000479_sm/chrX_3058248-3058549__chrX_3256916-3257157/enhancers/chrX_3058248-3058549.fa	301
FBgn0000479_sm	FBgn0000479_sm/chrX_3058248-3058549__chrX_3256916-3257157	RIGHT	chrX:3256916-3257157	chrX	3256916	3257157	FBgn0000479_sm/chrX_3058248-3058549__chrX_3256916-3257157/enhancers/chrX_3256916-3257157.fa	241
FBgn0000479_sm	FBgn0000479_sm/chrX_3058248-3058549__chrX_3328623-3328837	LEFT	chrX:3058248-3058549	chrX	3058248	3058549	FBgn0000479_sm/chrX_3058248-3058549__chrX_3328623-3328837/enhancers/chrX_3058248-3058549.fa	301
FBgn0000479_sm	FBgn0000479_sm/chrX_3058248-3058549__chrX_3328623-3328837	RIGHT	chrX:3328623-3328837	chrX	3328623	3328837	FBgn0000479_sm/chrX_3058248-3058549__chrX_3328623-3328837/enhancers/chrX_3328623-3328837.fa	214
FBgn0000479_sm	FBgn0000479_sm/chrX_3058248-3058549__chrX_3331542-3331742	LEFT	chrX:3058248-3058549	chrX	3058248	3058549	FBgn0000479_sm/chrX_3058248-3058549__chrX_3331542-3331742/enhancers/chrX_3058248-3058549.fa	301
FBgn0000479_sm	FBgn0000479_sm/chrX_3058248-3058549__chrX_3331542-3331742	RIGHT	chrX:3331542-3331742	chrX	3331542	3331742	FBgn0000479_sm/chrX_3058248-3058549__chrX_3331542-3331742/enhancers/chrX_3331542-3331742.fa	200
FBgn0000479_sm	FBgn0000479_sm/chrX_3096802-3097002__chrX_3256916-3257157	LEFT	chrX:3096802-3097002	chrX	3096802	3097002	FBgn0000479_sm/chrX_3096802-3097002__chrX_3256916-3257157/enhancers/chrX_3096802-3097002.fa	200
FBgn0000479_sm	FBgn0000479_sm/chrX_3096802-3097002__chrX_3256916-3257157	RIGHT	chrX:3256916-3257157	chrX	3256916	3257157	FBgn0000479_sm/chrX_3096802-3097002__chrX_3256916-3257157/enhancers/chrX_3256916-3257157.fa	241
FBgn0000479_sm	FBgn0000479_sm/chrX_3096802-3097002__chrX_3328623-3328837	LEFT	chrX:3096802-3097002	chrX	3096802	3097002	FBgn0000479_sm/chrX_3096802-3097002__chrX_3328623-3328837/enhancers/chrX_3096802-3097002.fa	200
FBgn0000479_sm	FBgn0000479_sm/chrX_3096802-3097002__chrX_3328623-3328837	RIGHT	chrX:3328623-3328837	chrX	3328623	3328837	FBgn0000479_sm/chrX_3096802-3097002__chrX_3328623-3328837/enhancers/chrX_3328623-3328837.fa	214
FBgn0000479_sm	FBgn0000479_sm/chrX_3096802-3097002__chrX_3331542-3331742	LEFT	chrX:3096802-3097002	chrX	3096802	3097002	FBgn0000479_sm/chrX_3096802-3097002__chrX_3331542-3331742/enhancers/chrX_3096802-3097002.fa	200
FBgn0000479_sm	FBgn0000479_sm/chrX_3096802-3097002__chrX_3331542-3331742	RIGHT	chrX:3331542-3331742	chrX	3331542	3331742	FBgn0000479_sm/chrX_3096802-3097002__chrX_3331542-3331742/enhancers/chrX_3331542-3331742.fa	200
FBgn0000479_sm	FBgn0000479_sm/chrX_3256916-3257157__chrX_3328623-3328837	LEFT	chrX:3256916-3257157	chrX	3256916	3257157	FBgn0000479_sm/chrX_3256916-3257157__chrX_3328623-3328837/enhancers/chrX_3256916-3257157.fa	241
FBgn0000479_sm	FBgn0000479_sm/chrX_3256916-3257157__chrX_3328623-3328837	RIGHT	chrX:3328623-3328837	chrX	3328623	3328837	FBgn0000479_sm/chrX_3256916-3257157__chrX_3328623-3328837/enhancers/chrX_3328623-3328837.fa	214
FBgn0000479_sm	FBgn0000479_sm/chrX_3256916-3257157__chrX_3331542-3331742	LEFT	chrX:3256916-3257157	chrX	3256916	3257157	FBgn0000479_sm/chrX_3256916-3257157__chrX_3331542-3331742/enhancers/chrX_3256916-3257157.fa	241
FBgn0000479_sm	FBgn0000479_sm/chrX_3256916-3257157__chrX_3331542-3331742	RIGHT	chrX:3331542-3331742	chrX	3331542	3331742	FBgn0000479_sm/chrX_3256916-3257157__chrX_3331542-3331742/enhancers/chrX_3331542-3331742.fa	200
FBgn0000479_sm	FBgn0000479_sm/chrX_3328623-3328837__chrX_3331542-3331742	LEFT	chrX:3328623-3328837	chrX	3328623	3328837	FBgn0000479_sm/chrX_3328623-3328837__chrX_3331542-3331742/enhancers/chrX_3328623-3328837.fa	214
FBgn0000479_sm	FBgn0000479_sm/chrX_3328623-3328837__chrX_3331542-3331742	RIGHT	chrX:3331542-3331742	chrX	3331542	3331742	FBgn0000479_sm/chrX_3328623-3328837__chrX_3331542-3331742/enhancers/chrX_3331542-3331742.fa	200
FBgn0000635_sm	FBgn0000635_sm/chrX_4140118-4140318__chrX_4145024-4145343	LEFT	chrX:4140118-4140318	chrX	4140118	4140318	FBgn0000635_sm/chrX_4140118-4140318__chrX_4145024-4145343/enhancers/chrX_4140118-4140318.fa	200
FBgn0000635_sm	FBgn0000635_sm/chrX_4140118-4140318__chrX_4145024-4145343	RIGHT	chrX:4145024-4145343	chrX	4145024	4145343	FBgn0000635_sm/chrX_4140118-4140318__chrX_4145024-4145343/enhancers/chrX_4145024-4145343.fa	319
FBgn0000635_sm	FBgn0000635_sm/chrX_4140118-4140318__chrX_4156826-4157158	LEFT	chrX:4140118-4140318	chrX	4140118	4140318	FBgn0000635_sm/chrX_4140118-4140318__chrX_4156826-4157158/enhancers/chrX_4140118-4140318.fa	200
FBgn0000635_sm	FBgn0000635_sm/chrX_4140118-4140318__chrX_4156826-4157158	RIGHT	chrX:4156826-4157158	chrX	4156826	4157158	FBgn0000635_sm/chrX_4140118-4140318__chrX_4156826-4157158/enhancers/chrX_4156826-4157158.fa	332
FBgn0000635_sm	FBgn0000635_sm/chrX_4140118-4140318__chrX_4157262-4157462	LEFT	chrX:4140118-4140318	chrX	4140118	4140318	FBgn0000635_sm/chrX_4140118-4140318__chrX_4157262-4157462/enhancers/chrX_4140118-4140318.fa	200
FBgn0000635_sm	FBgn0000635_sm/chrX_4140118-4140318__chrX_4157262-4157462	RIGHT	chrX:4157262-4157462	chrX	4157262	4157462	FBgn0000635_sm/chrX_4140118-4140318__chrX_4157262-4157462/enhancers/chrX_4157262-4157462.fa	200
FBgn0000635_sm	FBgn0000635_sm/chrX_4140118-4140318__chrX_4157881-4158081	LEFT	chrX:4140118-4140318	chrX	4140118	4140318	FBgn0000635_sm/chrX_4140118-4140318__chrX_4157881-4158081/enhancers/chrX_4140118-4140318.fa	200
FBgn0000635_sm	FBgn0000635_sm/chrX_4140118-4140318__chrX_4157881-4158081	RIGHT	chrX:4157881-4158081	chrX	4157881	4158081	FBgn0000635_sm/chrX_4140118-4140318__chrX_4157881-4158081/enhancers/chrX_4157881-4158081.fa	200
FBgn0000635_sm	FBgn0000635_sm/chrX_4145024-4145343__chrX_4156826-4157158	LEFT	chrX:4145024-4145343	chrX	4145024	4145343	FBgn0000635_sm/chrX_4145024-4145343__chrX_4156826-4157158/enhancers/chrX_4145024-4145343.fa	319
FBgn0000635_sm	FBgn0000635_sm/chrX_4145024-4145343__chrX_4156826-4157158	RIGHT	chrX:4156826-4157158	chrX	4156826	4157158	FBgn0000635_sm/chrX_4145024-4145343__chrX_4156826-4157158/enhancers/chrX_4156826-4157158.fa	332
FBgn0000635_sm	FBgn0000635_sm/chrX_4145024-4145343__chrX_4157262-4157462	LEFT	chrX:4145024-4145343	chrX	4145024	4145343	FBgn0000635_sm/chrX_4145024-4145343__chrX_4157262-4157462/enhancers/chrX_4145024-4145343.fa	319
FBgn0000635_sm	FBgn0000635_sm/chrX_4145024-4145343__chrX_4157262-4157462	RIGHT	chrX:4157262-4157462	chrX	4157262	4157462	FBgn0000635_sm/chrX_4145024-4145343__chrX_4157262-4157462/enhancers/chrX_4157262-4157462.fa	200
FBgn0000635_sm	FBgn0000635_sm/chrX_4145024-4145343__chrX_4157881-4158081	LEFT	chrX:4145024-4145343	chrX	4145024	4145343	FBgn0000635_sm/chrX_4145024-4145343__chrX_4157881-4158081/enhancers/chrX_4145024-4145343.fa	319
FBgn0000635_sm	FBgn0000635_sm/chrX_4145024-4145343__chrX_4157881-4158081	RIGHT	chrX:4157881-4158081	chrX	4157881	4158081	FBgn0000635_sm/chrX_4145024-4145343__chrX_4157881-4158081/enhancers/chrX_4157881-4158081.fa	200
FBgn0000635_sm	FBgn0000635_sm/chrX_4156826-4157158__chrX_4157262-4157462	LEFT	chrX:4156826-4157158	chrX	4156826	4157158	FBgn0000635_sm/chrX_4156826-4157158__chrX_4157262-4157462/enhancers/chrX_4156826-4157158.fa	332
FBgn0000635_sm	FBgn0000635_sm/chrX_4156826-4157158__chrX_4157262-4157462	RIGHT	chrX:4157262-4157462	chrX	4157262	4157462	FBgn0000635_sm/chrX_4156826-4157158__chrX_4157262-4157462/enhancers/chrX_4157262-4157462.fa	200
FBgn0000635_sm	FBgn0000635_sm/chrX_4156826-4157158__chrX_4157881-4158081	LEFT	chrX:4156826-4157158	chrX	4156826	4157158	FBgn0000635_sm/chrX_4156826-4157158__chrX_4157881-4158081/enhancers/chrX_4156826-4157158.fa	332
FBgn0000635_sm	FBgn0000635_sm/chrX_4156826-4157158__chrX_4157881-4158081	RIGHT	chrX:4157881-4158081	chrX	4157881	4158081	FBgn0000635_sm/chrX_4156826-4157158__chrX_4157881-4158081/enhancers/chrX_4157881-4158081.fa	200
FBgn0000635_sm	FBgn0000635_sm/chrX_4157262-4157462__chrX_4157881-4158081	LEFT	chrX:4157262-4157462	chrX	4157262	4157462	FBgn0000635_sm/chrX_4157262-4157462__chrX_4157881-4158081/enhancers/chrX_4157262-4157462.fa	200
FBgn0000635_sm	FBgn0000635_sm/chrX_4157262-4157462__chrX_4157881-4158081	RIGHT	chrX:4157881-4158081	chrX	4157881	4158081	FBgn0000635_sm/chrX_4157262-4157462__chrX_4157881-4158081/enhancers/chrX_4157881-4158081.fa	200
FBgn0001147_sm	FBgn0001147_sm/chr2R_24627735-24628074__chr2R_24685575-24685932	LEFT	chr2R:24627735-24628074	chr2R	24627735	24628074	FBgn0001147_sm/chr2R_24627735-24628074__chr2R_24685575-24685932/enhancers/chr2R_24627735-24628074.fa	339
FBgn0001147_sm	FBgn0001147_sm/chr2R_24627735-24628074__chr2R_24685575-24685932	RIGHT	chr2R:24685575-24685932	chr2R	24685575	24685932	FBgn0001147_sm/chr2R_24627735-24628074__chr2R_24685575-24685932/enhancers/chr2R_24685575-24685932.fa	357
FBgn0001147_sm	FBgn0001147_sm/chr2R_24627735-24628074__chr2R_24696661-24696905	LEFT	chr2R:24627735-24628074	chr2R	24627735	24628074	FBgn0001147_sm/chr2R_24627735-24628074__chr2R_24696661-24696905/enhancers/chr2R_24627735-24628074.fa	339
FBgn0001147_sm	FBgn0001147_sm/chr2R_24627735-24628074__chr2R_24696661-24696905	RIGHT	chr2R:24696661-24696905	chr2R	24696661	24696905	FBgn0001147_sm/chr2R_24627735-24628074__chr2R_24696661-24696905/enhancers/chr2R_24696661-24696905.fa	244
FBgn0001147_sm	FBgn0001147_sm/chr2R_24685575-24685932__chr2R_24696661-24696905	LEFT	chr2R:24685575-24685932	chr2R	24685575	24685932	FBgn0001147_sm/chr2R_24685575-24685932__chr2R_24696661-24696905/enhancers/chr2R_24685575-24685932.fa	357
FBgn0001147_sm	FBgn0001147_sm/chr2R_24685575-24685932__chr2R_24696661-24696905	RIGHT	chr2R:24696661-24696905	chr2R	24696661	24696905	FBgn0001147_sm/chr2R_24685575-24685932__chr2R_24696661-24696905/enhancers/chr2R_24696661-24696905.fa	244
FBgn0001186_sm	FBgn0001186_sm/chrX_9534593-9534973__chrX_9535552-9535936	LEFT	chrX:9534593-9534973	chrX	9534593	9534973	FBgn0001186_sm/chrX_9534593-9534973__chrX_9535552-9535936/enhancers/chrX_9534593-9534973.fa	380
FBgn0001186_sm	FBgn0001186_sm/chrX_9534593-9534973__chrX_9535552-9535936	RIGHT	chrX:9535552-9535936	chrX	9535552	9535936	FBgn0001186_sm/chrX_9534593-9534973__chrX_9535552-9535936/enhancers/chrX_9535552-9535936.fa	384
FBgn0001186_sm	FBgn0001186_sm/chrX_9534593-9534973__chrX_9537260-9537482	LEFT	chrX:9534593-9534973	chrX	9534593	9534973	FBgn0001186_sm/chrX_9534593-9534973__chrX_9537260-9537482/enhancers/chrX_9534593-9534973.fa	380
FBgn0001186_sm	FBgn0001186_sm/chrX_9534593-9534973__chrX_9537260-9537482	RIGHT	chrX:9537260-9537482	chrX	9537260	9537482	FBgn0001186_sm/chrX_9534593-9534973__chrX_9537260-9537482/enhancers/chrX_9537260-9537482.fa	222
FBgn0001186_sm	FBgn0001186_sm/chrX_9534593-9534973__chrX_9609591-9609868	LEFT	chrX:9534593-9534973	chrX	9534593	9534973	FBgn0001186_sm/chrX_9534593-9534973__chrX_9609591-9609868/enhancers/chrX_9534593-9534973.fa	380
FBgn0001186_sm	FBgn0001186_sm/chrX_9534593-9534973__chrX_9609591-9609868	RIGHT	chrX:9609591-9609868	chrX	9609591	9609868	FBgn0001186_sm/chrX_9534593-9534973__chrX_9609591-9609868/enhancers/chrX_9609591-9609868.fa	277
FBgn0001186_sm	FBgn0001186_sm/chrX_9535552-9535936__chrX_9537260-9537482	LEFT	chrX:9535552-9535936	chrX	9535552	9535936	FBgn0001186_sm/chrX_9535552-9535936__chrX_9537260-9537482/enhancers/chrX_9535552-9535936.fa	384
FBgn0001186_sm	FBgn0001186_sm/chrX_9535552-9535936__chrX_9537260-9537482	RIGHT	chrX:9537260-9537482	chrX	9537260	9537482	FBgn0001186_sm/chrX_9535552-9535936__chrX_9537260-9537482/enhancers/chrX_9537260-9537482.fa	222
FBgn0001186_sm	FBgn0001186_sm/chrX_9535552-9535936__chrX_9609591-9609868	LEFT	chrX:9535552-9535936	chrX	9535552	9535936	FBgn0001186_sm/chrX_9535552-9535936__chrX_9609591-9609868/enhancers/chrX_9535552-9535936.fa	384
FBgn0001186_sm	FBgn0001186_sm/chrX_9535552-9535936__chrX_9609591-9609868	RIGHT	chrX:9609591-9609868	chrX	9609591	9609868	FBgn0001186_sm/chrX_9535552-9535936__chrX_9609591-9609868/enhancers/chrX_9609591-9609868.fa	277
FBgn0001186_sm	FBgn0001186_sm/chrX_9537260-9537482__chrX_9609591-9609868	LEFT	chrX:9537260-9537482	chrX	9537260	9537482	FBgn0001186_sm/chrX_9537260-9537482__chrX_9609591-9609868/enhancers/chrX_9537260-9537482.fa	222
FBgn0001186_sm	FBgn0001186_sm/chrX_9537260-9537482__chrX_9609591-9609868	RIGHT	chrX:9609591-9609868	chrX	9609591	9609868	FBgn0001186_sm/chrX_9537260-9537482__chrX_9609591-9609868/enhancers/chrX_9609591-9609868.fa	277
FBgn0001250_sm	FBgn0001250_sm/chrX_16703281-16703660__chrX_16732709-16733041	LEFT	chrX:16703281-16703660	chrX	16703281	16703660	FBgn0001250_sm/chrX_16703281-16703660__chrX_16732709-16733041/enhancers/chrX_16703281-16703660.fa	379
FBgn0001250_sm	FBgn0001250_sm/chrX_16703281-16703660__chrX_16732709-16733041	RIGHT	chrX:16732709-16733041	chrX	16732709	16733041	FBgn0001250_sm/chrX_16703281-16703660__chrX_16732709-16733041/enhancers/chrX_16732709-16733041.fa	332
FBgn0002941_sm	FBgn0002941_sm/chr3R_21528496-21528862__chr3R_21580239-21580489	LEFT	chr3R:21528496-21528862	chr3R	21528496	21528862	FBgn0002941_sm/chr3R_21528496-21528862__chr3R_21580239-21580489/enhancers/chr3R_21528496-21528862.fa	366
FBgn0002941_sm	FBgn0002941_sm/chr3R_21528496-21528862__chr3R_21580239-21580489	RIGHT	chr3R:21580239-21580489	chr3R	21580239	21580489	FBgn0002941_sm/chr3R_21528496-21528862__chr3R_21580239-21580489/enhancers/chr3R_21580239-21580489.fa	250
FBgn0003062_sm	FBgn0003062_sm/chr2R_22669923-22670415__chr2R_22671971-22672235	LEFT	chr2R:22669923-22670415	chr2R	22669923	22670415	FBgn0003062_sm/chr2R_22669923-22670415__chr2R_22671971-22672235/enhancers/chr2R_22669923-22670415.fa	492
FBgn0003062_sm	FBgn0003062_sm/chr2R_22669923-22670415__chr2R_22671971-22672235	RIGHT	chr2R:22671971-22672235	chr2R	22671971	22672235	FBgn0003062_sm/chr2R_22669923-22670415__chr2R_22671971-22672235/enhancers/chr2R_22671971-22672235.fa	264
FBgn0003062_sm	FBgn0003062_sm/chr2R_22669923-22670415__chr2R_22692057-22692354	LEFT	chr2R:22669923-22670415	chr2R	22669923	22670415	FBgn0003062_sm/chr2R_22669923-22670415__chr2R_22692057-22692354/enhancers/chr2R_22669923-22670415.fa	492
FBgn0003062_sm	FBgn0003062_sm/chr2R_22669923-22670415__chr2R_22692057-22692354	RIGHT	chr2R:22692057-22692354	chr2R	22692057	22692354	FBgn0003062_sm/chr2R_22669923-22670415__chr2R_22692057-22692354/enhancers/chr2R_22692057-22692354.fa	297
FBgn0003062_sm	FBgn0003062_sm/chr2R_22671971-22672235__chr2R_22692057-22692354	LEFT	chr2R:22671971-22672235	chr2R	22671971	22672235	FBgn0003062_sm/chr2R_22671971-22672235__chr2R_22692057-22692354/enhancers/chr2R_22671971-22672235.fa	264
FBgn0003062_sm	FBgn0003062_sm/chr2R_22671971-22672235__chr2R_22692057-22692354	RIGHT	chr2R:22692057-22692354	chr2R	22692057	22692354	FBgn0003062_sm/chr2R_22671971-22672235__chr2R_22692057-22692354/enhancers/chr2R_22692057-22692354.fa	297
FBgn0003071_sm	FBgn0003071_sm/chr2R_9727517-9727743__chr2R_9741763-9741963	LEFT	chr2R:9727517-9727743	chr2R	9727517	9727743	FBgn0003071_sm/chr2R_9727517-9727743__chr2R_9741763-9741963/enhancers/chr2R_9727517-9727743.fa	226
FBgn0003071_sm	FBgn0003071_sm/chr2R_9727517-9727743__chr2R_9741763-9741963	RIGHT	chr2R:9741763-9741963	chr2R	9741763	9741963	FBgn0003071_sm/chr2R_9727517-9727743__chr2R_9741763-9741963/enhancers/chr2R_9741763-9741963.fa	200
FBgn0003071_sm	FBgn0003071_sm/chr2R_9727517-9727743__chr2R_9748242-9748798	LEFT	chr2R:9727517-9727743	chr2R	9727517	9727743	FBgn0003071_sm/chr2R_9727517-9727743__chr2R_9748242-9748798/enhancers/chr2R_9727517-9727743.fa	226
FBgn0003071_sm	FBgn0003071_sm/chr2R_9727517-9727743__chr2R_9748242-9748798	RIGHT	chr2R:9748242-9748798	chr2R	9748242	9748798	FBgn0003071_sm/chr2R_9727517-9727743__chr2R_9748242-9748798/enhancers/chr2R_9748242-9748798.fa	556
FBgn0003071_sm	FBgn0003071_sm/chr2R_9741763-9741963__chr2R_9748242-9748798	LEFT	chr2R:9741763-9741963	chr2R	9741763	9741963	FBgn0003071_sm/chr2R_9741763-9741963__chr2R_9748242-9748798/enhancers/chr2R_9741763-9741963.fa	200
FBgn0003071_sm	FBgn0003071_sm/chr2R_9741763-9741963__chr2R_9748242-9748798	RIGHT	chr2R:9748242-9748798	chr2R	9748242	9748798	FBgn0003071_sm/chr2R_9741763-9741963__chr2R_9748242-9748798/enhancers/chr2R_9748242-9748798.fa	556
FBgn0003204_sm	FBgn0003204_sm/chrX_10688693-10688893__chrX_10723377-10723600	LEFT	chrX:10688693-10688893	chrX	10688693	10688893	FBgn0003204_sm/chrX_10688693-10688893__chrX_10723377-10723600/enhancers/chrX_10688693-10688893.fa	200
FBgn0003204_sm	FBgn0003204_sm/chrX_10688693-10688893__chrX_10723377-10723600	RIGHT	chrX:10723377-10723600	chrX	10723377	10723600	FBgn0003204_sm/chrX_10688693-10688893__chrX_10723377-10723600/enhancers/chrX_10723377-10723600.fa	223
FBgn0003254_sm	FBgn0003254_sm/chr2R_18881394-18881804__chr2R_18898203-18898705	LEFT	chr2R:18881394-18881804	chr2R	18881394	18881804	FBgn0003254_sm/chr2R_18881394-18881804__chr2R_18898203-18898705/enhancers/chr2R_18881394-18881804.fa	410
FBgn0003254_sm	FBgn0003254_sm/chr2R_18881394-18881804__chr2R_18898203-18898705	RIGHT	chr2R:18898203-18898705	chr2R	18898203	18898705	FBgn0003254_sm/chr2R_18881394-18881804__chr2R_18898203-18898705/enhancers/chr2R_18898203-18898705.fa	502
FBgn0003499_sm	FBgn0003499_sm/chr3R_18049262-18049590__chr3R_18114408-18114870	LEFT	chr3R:18049262-18049590	chr3R	18049262	18049590	FBgn0003499_sm/chr3R_18049262-18049590__chr3R_18114408-18114870/enhancers/chr3R_18049262-18049590.fa	328
FBgn0003499_sm	FBgn0003499_sm/chr3R_18049262-18049590__chr3R_18114408-18114870	RIGHT	chr3R:18114408-18114870	chr3R	18114408	18114870	FBgn0003499_sm/chr3R_18049262-18049590__chr3R_18114408-18114870/enhancers/chr3R_18114408-18114870.fa	462
FBgn0003502_sm	FBgn0003502_sm/chr2L_8278110-8278488__chr2L_8289769-8290156	LEFT	chr2L:8278110-8278488	chr2L	8278110	8278488	FBgn0003502_sm/chr2L_8278110-8278488__chr2L_8289769-8290156/enhancers/chr2L_8278110-8278488.fa	378
FBgn0003502_sm	FBgn0003502_sm/chr2L_8278110-8278488__chr2L_8289769-8290156	RIGHT	chr2L:8289769-8290156	chr2L	8289769	8290156	FBgn0003502_sm/chr2L_8278110-8278488__chr2L_8289769-8290156/enhancers/chr2L_8289769-8290156.fa	387
FBgn0003567_sm	FBgn0003567_sm/chr3R_14288142-14288461__chr3R_14332655-14333054	LEFT	chr3R:14288142-14288461	chr3R	14288142	14288461	FBgn0003567_sm/chr3R_14288142-14288461__chr3R_14332655-14333054/enhancers/chr3R_14288142-14288461.fa	319
FBgn0003567_sm	FBgn0003567_sm/chr3R_14288142-14288461__chr3R_14332655-14333054	RIGHT	chr3R:14332655-14333054	chr3R	14332655	14333054	FBgn0003567_sm/chr3R_14288142-14288461__chr3R_14332655-14333054/enhancers/chr3R_14332655-14333054.fa	399
FBgn0003889_sm	FBgn0003889_sm/chr3R_9393661-9394054__chr3R_9394057-9394430	LEFT	chr3R:9393661-9394054	chr3R	9393661	9394054	FBgn0003889_sm/chr3R_9393661-9394054__chr3R_9394057-9394430/enhancers/chr3R_9393661-9394054.fa	393
FBgn0003889_sm	FBgn0003889_sm/chr3R_9393661-9394054__chr3R_9394057-9394430	RIGHT	chr3R:9394057-9394430	chr3R	9394057	9394430	FBgn0003889_sm/chr3R_9393661-9394054__chr3R_9394057-9394430/enhancers/chr3R_9394057-9394430.fa	373
FBgn0003889_sm	FBgn0003889_sm/chr3R_9393661-9394054__chr3R_9417532-9417927	LEFT	chr3R:9393661-9394054	chr3R	9393661	9394054	FBgn0003889_sm/chr3R_9393661-9394054__chr3R_9417532-9417927/enhancers/chr3R_9393661-9394054.fa	393
FBgn0003889_sm	FBgn0003889_sm/chr3R_9393661-9394054__chr3R_9417532-9417927	RIGHT	chr3R:9417532-9417927	chr3R	9417532	9417927	FBgn0003889_sm/chr3R_9393661-9394054__chr3R_9417532-9417927/enhancers/chr3R_9417532-9417927.fa	395
FBgn0003889_sm	FBgn0003889_sm/chr3R_9393661-9394054__chr3R_9436206-9436581	LEFT	chr3R:9393661-9394054	chr3R	9393661	9394054	FBgn0003889_sm/chr3R_9393661-9394054__chr3R_9436206-9436581/enhancers/chr3R_9393661-9394054.fa	393
FBgn0003889_sm	FBgn0003889_sm/chr3R_9393661-9394054__chr3R_9436206-9436581	RIGHT	chr3R:9436206-9436581	chr3R	9436206	9436581	FBgn0003889_sm/chr3R_9393661-9394054__chr3R_9436206-9436581/enhancers/chr3R_9436206-9436581.fa	375
FBgn0003889_sm	FBgn0003889_sm/chr3R_9393661-9394054__chr3R_9437719-9437919	LEFT	chr3R:9393661-9394054	chr3R	9393661	9394054	FBgn0003889_sm/chr3R_9393661-9394054__chr3R_9437719-9437919/enhancers/chr3R_9393661-9394054.fa	393
FBgn0003889_sm	FBgn0003889_sm/chr3R_9393661-9394054__chr3R_9437719-9437919	RIGHT	chr3R:9437719-9437919	chr3R	9437719	9437919	FBgn0003889_sm/chr3R_9393661-9394054__chr3R_9437719-9437919/enhancers/chr3R_9437719-9437919.fa	200
FBgn0003889_sm	FBgn0003889_sm/chr3R_9394057-9394430__chr3R_9417532-9417927	LEFT	chr3R:9394057-9394430	chr3R	9394057	9394430	FBgn0003889_sm/chr3R_9394057-9394430__chr3R_9417532-9417927/enhancers/chr3R_9394057-9394430.fa	373
FBgn0003889_sm	FBgn0003889_sm/chr3R_9394057-9394430__chr3R_9417532-9417927	RIGHT	chr3R:9417532-9417927	chr3R	9417532	9417927	FBgn0003889_sm/chr3R_9394057-9394430__chr3R_9417532-9417927/enhancers/chr3R_9417532-9417927.fa	395
FBgn0003889_sm	FBgn0003889_sm/chr3R_9394057-9394430__chr3R_9436206-9436581	LEFT	chr3R:9394057-9394430	chr3R	9394057	9394430	FBgn0003889_sm/chr3R_9394057-9394430__chr3R_9436206-9436581/enhancers/chr3R_9394057-9394430.fa	373
FBgn0003889_sm	FBgn0003889_sm/chr3R_9394057-9394430__chr3R_9436206-9436581	RIGHT	chr3R:9436206-9436581	chr3R	9436206	9436581	FBgn0003889_sm/chr3R_9394057-9394430__chr3R_9436206-9436581/enhancers/chr3R_9436206-9436581.fa	375
FBgn0003889_sm	FBgn0003889_sm/chr3R_9394057-9394430__chr3R_9437719-9437919	LEFT	chr3R:9394057-9394430	chr3R	9394057	9394430	FBgn0003889_sm/chr3R_9394057-9394430__chr3R_9437719-9437919/enhancers/chr3R_9394057-9394430.fa	373
FBgn0003889_sm	FBgn0003889_sm/chr3R_9394057-9394430__chr3R_9437719-9437919	RIGHT	chr3R:9437719-9437919	chr3R	9437719	9437919	FBgn0003889_sm/chr3R_9394057-9394430__chr3R_9437719-9437919/enhancers/chr3R_9437719-9437919.fa	200
FBgn0003889_sm	FBgn0003889_sm/chr3R_9417532-9417927__chr3R_9436206-9436581	LEFT	chr3R:9417532-9417927	chr3R	9417532	9417927	FBgn0003889_sm/chr3R_9417532-9417927__chr3R_9436206-9436581/enhancers/chr3R_9417532-9417927.fa	395
FBgn0003889_sm	FBgn0003889_sm/chr3R_9417532-9417927__chr3R_9436206-9436581	RIGHT	chr3R:9436206-9436581	chr3R	9436206	9436581	FBgn0003889_sm/chr3R_9417532-9417927__chr3R_9436206-9436581/enhancers/chr3R_9436206-9436581.fa	375
FBgn0003889_sm	FBgn0003889_sm/chr3R_9417532-9417927__chr3R_9437719-9437919	LEFT	chr3R:9417532-9417927	chr3R	9417532	9417927	FBgn0003889_sm/chr3R_9417532-9417927__chr3R_9437719-9437919/enhancers/chr3R_9417532-9417927.fa	395
FBgn0003889_sm	FBgn0003889_sm/chr3R_9417532-9417927__chr3R_9437719-9437919	RIGHT	chr3R:9437719-9437919	chr3R	9437719	9437919	FBgn0003889_sm/chr3R_9417532-9417927__chr3R_9437719-9437919/enhancers/chr3R_9437719-9437919.fa	200
FBgn0003889_sm	FBgn0003889_sm/chr3R_9436206-9436581__chr3R_9437719-9437919	LEFT	chr3R:9436206-9436581	chr3R	9436206	9436581	FBgn0003889_sm/chr3R_9436206-9436581__chr3R_9437719-9437919/enhancers/chr3R_9436206-9436581.fa	375
FBgn0003889_sm	FBgn0003889_sm/chr3R_9436206-9436581__chr3R_9437719-9437919	RIGHT	chr3R:9437719-9437919	chr3R	9437719	9437919	FBgn0003889_sm/chr3R_9436206-9436581__chr3R_9437719-9437919/enhancers/chr3R_9437719-9437919.fa	200
FBgn0004028_sm	FBgn0004028_sm/chrX_18040570-18040954__chrX_18056747-18057063	LEFT	chrX:18040570-18040954	chrX	18040570	18040954	FBgn0004028_sm/chrX_18040570-18040954__chrX_18056747-18057063/enhancers/chrX_18040570-18040954.fa	384
FBgn0004028_sm	FBgn0004028_sm/chrX_18040570-18040954__chrX_18056747-18057063	RIGHT	chrX:18056747-18057063	chrX	18056747	18057063	FBgn0004028_sm/chrX_18040570-18040954__chrX_18056747-18057063/enhancers/chrX_18056747-18057063.fa	316
FBgn0004028_sm	FBgn0004028_sm/chrX_18040570-18040954__chrX_18058581-18058805	LEFT	chrX:18040570-18040954	chrX	18040570	18040954	FBgn0004028_sm/chrX_18040570-18040954__chrX_18058581-18058805/enhancers/chrX_18040570-18040954.fa	384
FBgn0004028_sm	FBgn0004028_sm/chrX_18040570-18040954__chrX_18058581-18058805	RIGHT	chrX:18058581-18058805	chrX	18058581	18058805	FBgn0004028_sm/chrX_18040570-18040954__chrX_18058581-18058805/enhancers/chrX_18058581-18058805.fa	224
FBgn0004028_sm	FBgn0004028_sm/chrX_18040570-18040954__chrX_18077576-18077881	LEFT	chrX:18040570-18040954	chrX	18040570	18040954	FBgn0004028_sm/chrX_18040570-18040954__chrX_18077576-18077881/enhancers/chrX_18040570-18040954.fa	384
FBgn0004028_sm	FBgn0004028_sm/chrX_18040570-18040954__chrX_18077576-18077881	RIGHT	chrX:18077576-18077881	chrX	18077576	18077881	FBgn0004028_sm/chrX_18040570-18040954__chrX_18077576-18077881/enhancers/chrX_18077576-18077881.fa	305
FBgn0004028_sm	FBgn0004028_sm/chrX_18056747-18057063__chrX_18058581-18058805	LEFT	chrX:18056747-18057063	chrX	18056747	18057063	FBgn0004028_sm/chrX_18056747-18057063__chrX_18058581-18058805/enhancers/chrX_18056747-18057063.fa	316
FBgn0004028_sm	FBgn0004028_sm/chrX_18056747-18057063__chrX_18058581-18058805	RIGHT	chrX:18058581-18058805	chrX	18058581	18058805	FBgn0004028_sm/chrX_18056747-18057063__chrX_18058581-18058805/enhancers/chrX_18058581-18058805.fa	224
FBgn0004028_sm	FBgn0004028_sm/chrX_18056747-18057063__chrX_18077576-18077881	LEFT	chrX:18056747-18057063	chrX	18056747	18057063	FBgn0004028_sm/chrX_18056747-18057063__chrX_18077576-18077881/enhancers/chrX_18056747-18057063.fa	316
FBgn0004028_sm	FBgn0004028_sm/chrX_18056747-18057063__chrX_18077576-18077881	RIGHT	chrX:18077576-18077881	chrX	18077576	18077881	FBgn0004028_sm/chrX_18056747-18057063__chrX_18077576-18077881/enhancers/chrX_18077576-18077881.fa	305
FBgn0004028_sm	FBgn0004028_sm/chrX_18058581-18058805__chrX_18077576-18077881	LEFT	chrX:18058581-18058805	chrX	18058581	18058805	FBgn0004028_sm/chrX_18058581-18058805__chrX_18077576-18077881/enhancers/chrX_18058581-18058805.fa	224
FBgn0004028_sm	FBgn0004028_sm/chrX_18058581-18058805__chrX_18077576-18077881	RIGHT	chrX:18077576-18077881	chrX	18077576	18077881	FBgn0004028_sm/chrX_18058581-18058805__chrX_18077576-18077881/enhancers/chrX_18077576-18077881.fa	305
FBgn0004456_sm	FBgn0004456_sm/chrX_13128708-13129040__chrX_13214681-13214911	LEFT	chrX:13128708-13129040	chrX	13128708	13129040	FBgn0004456_sm/chrX_13128708-13129040__chrX_13214681-13214911/enhancers/chrX_13128708-13129040.fa	332
FBgn0004456_sm	FBgn0004456_sm/chrX_13128708-13129040__chrX_13214681-13214911	RIGHT	chrX:13214681-13214911	chrX	13214681	13214911	FBgn0004456_sm/chrX_13128708-13129040__chrX_13214681-13214911/enhancers/chrX_13214681-13214911.fa	230
FBgn0004456_sm	FBgn0004456_sm/chrX_13128708-13129040__chrX_13217305-13217505	LEFT	chrX:13128708-13129040	chrX	13128708	13129040	FBgn0004456_sm/chrX_13128708-13129040__chrX_13217305-13217505/enhancers/chrX_13128708-13129040.fa	332
FBgn0004456_sm	FBgn0004456_sm/chrX_13128708-13129040__chrX_13217305-13217505	RIGHT	chrX:13217305-13217505	chrX	13217305	13217505	FBgn0004456_sm/chrX_13128708-13129040__chrX_13217305-13217505/enhancers/chrX_13217305-13217505.fa	200
FBgn0004456_sm	FBgn0004456_sm/chrX_13128708-13129040__chrX_13217664-13218019	LEFT	chrX:13128708-13129040	chrX	13128708	13129040	FBgn0004456_sm/chrX_13128708-13129040__chrX_13217664-13218019/enhancers/chrX_13128708-13129040.fa	332
FBgn0004456_sm	FBgn0004456_sm/chrX_13128708-13129040__chrX_13217664-13218019	RIGHT	chrX:13217664-13218019	chrX	13217664	13218019	FBgn0004456_sm/chrX_13128708-13129040__chrX_13217664-13218019/enhancers/chrX_13217664-13218019.fa	355
FBgn0004456_sm	FBgn0004456_sm/chrX_13214681-13214911__chrX_13217305-13217505	LEFT	chrX:13214681-13214911	chrX	13214681	13214911	FBgn0004456_sm/chrX_13214681-13214911__chrX_13217305-13217505/enhancers/chrX_13214681-13214911.fa	230
FBgn0004456_sm	FBgn0004456_sm/chrX_13214681-13214911__chrX_13217305-13217505	RIGHT	chrX:13217305-13217505	chrX	13217305	13217505	FBgn0004456_sm/chrX_13214681-13214911__chrX_13217305-13217505/enhancers/chrX_13217305-13217505.fa	200
FBgn0004456_sm	FBgn0004456_sm/chrX_13214681-13214911__chrX_13217664-13218019	LEFT	chrX:13214681-13214911	chrX	13214681	13214911	FBgn0004456_sm/chrX_13214681-13214911__chrX_13217664-13218019/enhancers/chrX_13214681-13214911.fa	230
FBgn0004456_sm	FBgn0004456_sm/chrX_13214681-13214911__chrX_13217664-13218019	RIGHT	chrX:13217664-13218019	chrX	13217664	13218019	FBgn0004456_sm/chrX_13214681-13214911__chrX_13217664-13218019/enhancers/chrX_13217664-13218019.fa	355
FBgn0004456_sm	FBgn0004456_sm/chrX_13217305-13217505__chrX_13217664-13218019	LEFT	chrX:13217305-13217505	chrX	13217305	13217505	FBgn0004456_sm/chrX_13217305-13217505__chrX_13217664-13218019/enhancers/chrX_13217305-13217505.fa	200
FBgn0004456_sm	FBgn0004456_sm/chrX_13217305-13217505__chrX_13217664-13218019	RIGHT	chrX:13217664-13218019	chrX	13217664	13218019	FBgn0004456_sm/chrX_13217305-13217505__chrX_13217664-13218019/enhancers/chrX_13217664-13218019.fa	355
FBgn0004569_sm	FBgn0004569_sm/chr3L_16424269-16424469__chr3L_16463198-16463716	LEFT	chr3L:16424269-16424469	chr3L	16424269	16424469	FBgn0004569_sm/chr3L_16424269-16424469__chr3L_16463198-16463716/enhancers/chr3L_16424269-16424469.fa	200
FBgn0004569_sm	FBgn0004569_sm/chr3L_16424269-16424469__chr3L_16463198-16463716	RIGHT	chr3L:16463198-16463716	chr3L	16463198	16463716	FBgn0004569_sm/chr3L_16424269-16424469__chr3L_16463198-16463716/enhancers/chr3L_16463198-16463716.fa	518
FBgn0004580_sm	FBgn0004580_sm/chr2R_16588244-16588444__chr2R_16601060-16601302	LEFT	chr2R:16588244-16588444	chr2R	16588244	16588444	FBgn0004580_sm/chr2R_16588244-16588444__chr2R_16601060-16601302/enhancers/chr2R_16588244-16588444.fa	200
FBgn0004580_sm	FBgn0004580_sm/chr2R_16588244-16588444__chr2R_16601060-16601302	RIGHT	chr2R:16601060-16601302	chr2R	16601060	16601302	FBgn0004580_sm/chr2R_16588244-16588444__chr2R_16601060-16601302/enhancers/chr2R_16601060-16601302.fa	242
FBgn0004606_sm	FBgn0004606_sm/chr3R_30770192-30770543__chr3R_30796870-30797305	LEFT	chr3R:30770192-30770543	chr3R	30770192	30770543	FBgn0004606_sm/chr3R_30770192-30770543__chr3R_30796870-30797305/enhancers/chr3R_30770192-30770543.fa	351
FBgn0004606_sm	FBgn0004606_sm/chr3R_30770192-30770543__chr3R_30796870-30797305	RIGHT	chr3R:30796870-30797305	chr3R	30796870	30797305	FBgn0004606_sm/chr3R_30770192-30770543__chr3R_30796870-30797305/enhancers/chr3R_30796870-30797305.fa	435
FBgn0004606_sm	FBgn0004606_sm/chr3R_30770192-30770543__chr3R_30805779-30805979	LEFT	chr3R:30770192-30770543	chr3R	30770192	30770543	FBgn0004606_sm/chr3R_30770192-30770543__chr3R_30805779-30805979/enhancers/chr3R_30770192-30770543.fa	351
FBgn0004606_sm	FBgn0004606_sm/chr3R_30770192-30770543__chr3R_30805779-30805979	RIGHT	chr3R:30805779-30805979	chr3R	30805779	30805979	FBgn0004606_sm/chr3R_30770192-30770543__chr3R_30805779-30805979/enhancers/chr3R_30805779-30805979.fa	200
FBgn0004606_sm	FBgn0004606_sm/chr3R_30796870-30797305__chr3R_30805779-30805979	LEFT	chr3R:30796870-30797305	chr3R	30796870	30797305	FBgn0004606_sm/chr3R_30796870-30797305__chr3R_30805779-30805979/enhancers/chr3R_30796870-30797305.fa	435
FBgn0004606_sm	FBgn0004606_sm/chr3R_30796870-30797305__chr3R_30805779-30805979	RIGHT	chr3R:30805779-30805979	chr3R	30805779	30805979	FBgn0004606_sm/chr3R_30796870-30797305__chr3R_30805779-30805979/enhancers/chr3R_30805779-30805979.fa	200
FBgn0004620_sm	FBgn0004620_sm/chr2L_5546801-5547067__chr2L_5559752-5560284	LEFT	chr2L:5546801-5547067	chr2L	5546801	5547067	FBgn0004620_sm/chr2L_5546801-5547067__chr2L_5559752-5560284/enhancers/chr2L_5546801-5547067.fa	266
FBgn0004620_sm	FBgn0004620_sm/chr2L_5546801-5547067__chr2L_5559752-5560284	RIGHT	chr2L:5559752-5560284	chr2L	5559752	5560284	FBgn0004620_sm/chr2L_5546801-5547067__chr2L_5559752-5560284/enhancers/chr2L_5559752-5560284.fa	532
FBgn0004652_sm	FBgn0004652_sm/chr3R_18399087-18399506__chr3R_18412271-18412574	LEFT	chr3R:18399087-18399506	chr3R	18399087	18399506	FBgn0004652_sm/chr3R_18399087-18399506__chr3R_18412271-18412574/enhancers/chr3R_18399087-18399506.fa	419
FBgn0004652_sm	FBgn0004652_sm/chr3R_18399087-18399506__chr3R_18412271-18412574	RIGHT	chr3R:18412271-18412574	chr3R	18412271	18412574	FBgn0004652_sm/chr3R_18399087-18399506__chr3R_18412271-18412574/enhancers/chr3R_18412271-18412574.fa	303
FBgn0004652_sm	FBgn0004652_sm/chr3R_18399087-18399506__chr3R_18584104-18584359	LEFT	chr3R:18399087-18399506	chr3R	18399087	18399506	FBgn0004652_sm/chr3R_18399087-18399506__chr3R_18584104-18584359/enhancers/chr3R_18399087-18399506.fa	419
FBgn0004652_sm	FBgn0004652_sm/chr3R_18399087-18399506__chr3R_18584104-18584359	RIGHT	chr3R:18584104-18584359	chr3R	18584104	18584359	FBgn0004652_sm/chr3R_18399087-18399506__chr3R_18584104-18584359/enhancers/chr3R_18584104-18584359.fa	255
FBgn0004652_sm	FBgn0004652_sm/chr3R_18399087-18399506__chr3R_18585296-18585648	LEFT	chr3R:18399087-18399506	chr3R	18399087	18399506	FBgn0004652_sm/chr3R_18399087-18399506__chr3R_18585296-18585648/enhancers/chr3R_18399087-18399506.fa	419
FBgn0004652_sm	FBgn0004652_sm/chr3R_18399087-18399506__chr3R_18585296-18585648	RIGHT	chr3R:18585296-18585648	chr3R	18585296	18585648	FBgn0004652_sm/chr3R_18399087-18399506__chr3R_18585296-18585648/enhancers/chr3R_18585296-18585648.fa	352
FBgn0004652_sm	FBgn0004652_sm/chr3R_18412271-18412574__chr3R_18584104-18584359	LEFT	chr3R:18412271-18412574	chr3R	18412271	18412574	FBgn0004652_sm/chr3R_18412271-18412574__chr3R_18584104-18584359/enhancers/chr3R_18412271-18412574.fa	303
FBgn0004652_sm	FBgn0004652_sm/chr3R_18412271-18412574__chr3R_18584104-18584359	RIGHT	chr3R:18584104-18584359	chr3R	18584104	18584359	FBgn0004652_sm/chr3R_18412271-18412574__chr3R_18584104-18584359/enhancers/chr3R_18584104-18584359.fa	255
FBgn0004652_sm	FBgn0004652_sm/chr3R_18412271-18412574__chr3R_18585296-18585648	LEFT	chr3R:18412271-18412574	chr3R	18412271	18412574	FBgn0004652_sm/chr3R_18412271-18412574__chr3R_18585296-18585648/enhancers/chr3R_18412271-18412574.fa	303
FBgn0004652_sm	FBgn0004652_sm/chr3R_18412271-18412574__chr3R_18585296-18585648	RIGHT	chr3R:18585296-18585648	chr3R	18585296	18585648	FBgn0004652_sm/chr3R_18412271-18412574__chr3R_18585296-18585648/enhancers/chr3R_18585296-18585648.fa	352
FBgn0004652_sm	FBgn0004652_sm/chr3R_18584104-18584359__chr3R_18585296-18585648	LEFT	chr3R:18584104-18584359	chr3R	18584104	18584359	FBgn0004652_sm/chr3R_18584104-18584359__chr3R_18585296-18585648/enhancers/chr3R_18584104-18584359.fa	255
FBgn0004652_sm	FBgn0004652_sm/chr3R_18584104-18584359__chr3R_18585296-18585648	RIGHT	chr3R:18585296-18585648	chr3R	18585296	18585648	FBgn0004652_sm/chr3R_18584104-18584359__chr3R_18585296-18585648/enhancers/chr3R_18585296-18585648.fa	352
FBgn0004858_sm	FBgn0004858_sm/chr2L_14434419-14434949__chr2L_14435741-14436213	LEFT	chr2L:14434419-14434949	chr2L	14434419	14434949	FBgn0004858_sm/chr2L_14434419-14434949__chr2L_14435741-14436213/enhancers/chr2L_14434419-14434949.fa	530
FBgn0004858_sm	FBgn0004858_sm/chr2L_14434419-14434949__chr2L_14435741-14436213	RIGHT	chr2L:14435741-14436213	chr2L	14435741	14436213	FBgn0004858_sm/chr2L_14434419-14434949__chr2L_14435741-14436213/enhancers/chr2L_14435741-14436213.fa	472
FBgn0004858_sm	FBgn0004858_sm/chr2L_14434419-14434949__chr2L_14444805-14445074	LEFT	chr2L:14434419-14434949	chr2L	14434419	14434949	FBgn0004858_sm/chr2L_14434419-14434949__chr2L_14444805-14445074/enhancers/chr2L_14434419-14434949.fa	530
FBgn0004858_sm	FBgn0004858_sm/chr2L_14434419-14434949__chr2L_14444805-14445074	RIGHT	chr2L:14444805-14445074	chr2L	14444805	14445074	FBgn0004858_sm/chr2L_14434419-14434949__chr2L_14444805-14445074/enhancers/chr2L_14444805-14445074.fa	269
FBgn0004858_sm	FBgn0004858_sm/chr2L_14435741-14436213__chr2L_14444805-14445074	LEFT	chr2L:14435741-14436213	chr2L	14435741	14436213	FBgn0004858_sm/chr2L_14435741-14436213__chr2L_14444805-14445074/enhancers/chr2L_14435741-14436213.fa	472
FBgn0004858_sm	FBgn0004858_sm/chr2L_14435741-14436213__chr2L_14444805-14445074	RIGHT	chr2L:14444805-14445074	chr2L	14444805	14445074	FBgn0004858_sm/chr2L_14435741-14436213__chr2L_14444805-14445074/enhancers/chr2L_14444805-14445074.fa	269
FBgn0005630_sm	FBgn0005630_sm/chr2R_10158762-10159202__chr2R_10165838-10166245	LEFT	chr2R:10158762-10159202	chr2R	10158762	10159202	FBgn0005630_sm/chr2R_10158762-10159202__chr2R_10165838-10166245/enhancers/chr2R_10158762-10159202.fa	440
FBgn0005630_sm	FBgn0005630_sm/chr2R_10158762-10159202__chr2R_10165838-10166245	RIGHT	chr2R:10165838-10166245	chr2R	10165838	10166245	FBgn0005630_sm/chr2R_10158762-10159202__chr2R_10165838-10166245/enhancers/chr2R_10165838-10166245.fa	407
FBgn0005630_sm	FBgn0005630_sm/chr2R_10158762-10159202__chr2R_10166703-10167099	LEFT	chr2R:10158762-10159202	chr2R	10158762	10159202	FBgn0005630_sm/chr2R_10158762-10159202__chr2R_10166703-10167099/enhancers/chr2R_10158762-10159202.fa	440
FBgn0005630_sm	FBgn0005630_sm/chr2R_10158762-10159202__chr2R_10166703-10167099	RIGHT	chr2R:10166703-10167099	chr2R	10166703	10167099	FBgn0005630_sm/chr2R_10158762-10159202__chr2R_10166703-10167099/enhancers/chr2R_10166703-10167099.fa	396
FBgn0005630_sm	FBgn0005630_sm/chr2R_10158762-10159202__chr2R_10179693-10179934	LEFT	chr2R:10158762-10159202	chr2R	10158762	10159202	FBgn0005630_sm/chr2R_10158762-10159202__chr2R_10179693-10179934/enhancers/chr2R_10158762-10159202.fa	440
FBgn0005630_sm	FBgn0005630_sm/chr2R_10158762-10159202__chr2R_10179693-10179934	RIGHT	chr2R:10179693-10179934	chr2R	10179693	10179934	FBgn0005630_sm/chr2R_10158762-10159202__chr2R_10179693-10179934/enhancers/chr2R_10179693-10179934.fa	241
FBgn0005630_sm	FBgn0005630_sm/chr2R_10165838-10166245__chr2R_10166703-10167099	LEFT	chr2R:10165838-10166245	chr2R	10165838	10166245	FBgn0005630_sm/chr2R_10165838-10166245__chr2R_10166703-10167099/enhancers/chr2R_10165838-10166245.fa	407
FBgn0005630_sm	FBgn0005630_sm/chr2R_10165838-10166245__chr2R_10166703-10167099	RIGHT	chr2R:10166703-10167099	chr2R	10166703	10167099	FBgn0005630_sm/chr2R_10165838-10166245__chr2R_10166703-10167099/enhancers/chr2R_10166703-10167099.fa	396
FBgn0005630_sm	FBgn0005630_sm/chr2R_10165838-10166245__chr2R_10179693-10179934	LEFT	chr2R:10165838-10166245	chr2R	10165838	10166245	FBgn0005630_sm/chr2R_10165838-10166245__chr2R_10179693-10179934/enhancers/chr2R_10165838-10166245.fa	407
FBgn0005630_sm	FBgn0005630_sm/chr2R_10165838-10166245__chr2R_10179693-10179934	RIGHT	chr2R:10179693-10179934	chr2R	10179693	10179934	FBgn0005630_sm/chr2R_10165838-10166245__chr2R_10179693-10179934/enhancers/chr2R_10179693-10179934.fa	241
FBgn0005630_sm	FBgn0005630_sm/chr2R_10166703-10167099__chr2R_10179693-10179934	LEFT	chr2R:10166703-10167099	chr2R	10166703	10167099	FBgn0005630_sm/chr2R_10166703-10167099__chr2R_10179693-10179934/enhancers/chr2R_10166703-10167099.fa	396
FBgn0005630_sm	FBgn0005630_sm/chr2R_10166703-10167099__chr2R_10179693-10179934	RIGHT	chr2R:10179693-10179934	chr2R	10179693	10179934	FBgn0005630_sm/chr2R_10166703-10167099__chr2R_10179693-10179934/enhancers/chr2R_10179693-10179934.fa	241
FBgn0005631_sm	FBgn0005631_sm/chr2R_22298445-22298713__chr2R_22308973-22309246	LEFT	chr2R:22298445-22298713	chr2R	22298445	22298713	FBgn0005631_sm/chr2R_22298445-22298713__chr2R_22308973-22309246/enhancers/chr2R_22298445-22298713.fa	268
FBgn0005631_sm	FBgn0005631_sm/chr2R_22298445-22298713__chr2R_22308973-22309246	RIGHT	chr2R:22308973-22309246	chr2R	22308973	22309246	FBgn0005631_sm/chr2R_22298445-22298713__chr2R_22308973-22309246/enhancers/chr2R_22308973-22309246.fa	273
FBgn0005631_sm	FBgn0005631_sm/chr2R_22298445-22298713__chr2R_22320703-22320999	LEFT	chr2R:22298445-22298713	chr2R	22298445	22298713	FBgn0005631_sm/chr2R_22298445-22298713__chr2R_22320703-22320999/enhancers/chr2R_22298445-22298713.fa	268
FBgn0005631_sm	FBgn0005631_sm/chr2R_22298445-22298713__chr2R_22320703-22320999	RIGHT	chr2R:22320703-22320999	chr2R	22320703	22320999	FBgn0005631_sm/chr2R_22298445-22298713__chr2R_22320703-22320999/enhancers/chr2R_22320703-22320999.fa	296
FBgn0005631_sm	FBgn0005631_sm/chr2R_22308973-22309246__chr2R_22320703-22320999	LEFT	chr2R:22308973-22309246	chr2R	22308973	22309246	FBgn0005631_sm/chr2R_22308973-22309246__chr2R_22320703-22320999/enhancers/chr2R_22308973-22309246.fa	273
FBgn0005631_sm	FBgn0005631_sm/chr2R_22308973-22309246__chr2R_22320703-22320999	RIGHT	chr2R:22320703-22320999	chr2R	22320703	22320999	FBgn0005631_sm/chr2R_22308973-22309246__chr2R_22320703-22320999/enhancers/chr2R_22320703-22320999.fa	296
FBgn0010341_sm	FBgn0010341_sm/chrX_19623427-19623800__chrX_19656920-19657594	LEFT	chrX:19623427-19623800	chrX	19623427	19623800	FBgn0010341_sm/chrX_19623427-19623800__chrX_19656920-19657594/enhancers/chrX_19623427-19623800.fa	373
FBgn0010341_sm	FBgn0010341_sm/chrX_19623427-19623800__chrX_19656920-19657594	RIGHT	chrX:19656920-19657594	chrX	19656920	19657594	FBgn0010341_sm/chrX_19623427-19623800__chrX_19656920-19657594/enhancers/chrX_19656920-19657594.fa	674
FBgn0010379_sm	FBgn0010379_sm/chr3R_16072483-16072683__chr3R_16073986-16074304	LEFT	chr3R:16072483-16072683	chr3R	16072483	16072683	FBgn0010379_sm/chr3R_16072483-16072683__chr3R_16073986-16074304/enhancers/chr3R_16072483-16072683.fa	200
FBgn0010379_sm	FBgn0010379_sm/chr3R_16072483-16072683__chr3R_16073986-16074304	RIGHT	chr3R:16073986-16074304	chr3R	16073986	16074304	FBgn0010379_sm/chr3R_16072483-16072683__chr3R_16073986-16074304/enhancers/chr3R_16073986-16074304.fa	318
FBgn0010379_sm	FBgn0010379_sm/chr3R_16072483-16072683__chr3R_16091648-16091848	LEFT	chr3R:16072483-16072683	chr3R	16072483	16072683	FBgn0010379_sm/chr3R_16072483-16072683__chr3R_16091648-16091848/enhancers/chr3R_16072483-16072683.fa	200
FBgn0010379_sm	FBgn0010379_sm/chr3R_16072483-16072683__chr3R_16091648-16091848	RIGHT	chr3R:16091648-16091848	chr3R	16091648	16091848	FBgn0010379_sm/chr3R_16072483-16072683__chr3R_16091648-16091848/enhancers/chr3R_16091648-16091848.fa	200
FBgn0010379_sm	FBgn0010379_sm/chr3R_16072483-16072683__chr3R_16094907-16095107	LEFT	chr3R:16072483-16072683	chr3R	16072483	16072683	FBgn0010379_sm/chr3R_16072483-16072683__chr3R_16094907-16095107/enhancers/chr3R_16072483-16072683.fa	200
FBgn0010379_sm	FBgn0010379_sm/chr3R_16072483-16072683__chr3R_16094907-16095107	RIGHT	chr3R:16094907-16095107	chr3R	16094907	16095107	FBgn0010379_sm/chr3R_16072483-16072683__chr3R_16094907-16095107/enhancers/chr3R_16094907-16095107.fa	200
FBgn0010379_sm	FBgn0010379_sm/chr3R_16073986-16074304__chr3R_16091648-16091848	LEFT	chr3R:16073986-16074304	chr3R	16073986	16074304	FBgn0010379_sm/chr3R_16073986-16074304__chr3R_16091648-16091848/enhancers/chr3R_16073986-16074304.fa	318
FBgn0010379_sm	FBgn0010379_sm/chr3R_16073986-16074304__chr3R_16091648-16091848	RIGHT	chr3R:16091648-16091848	chr3R	16091648	16091848	FBgn0010379_sm/chr3R_16073986-16074304__chr3R_16091648-16091848/enhancers/chr3R_16091648-16091848.fa	200
FBgn0010379_sm	FBgn0010379_sm/chr3R_16073986-16074304__chr3R_16094907-16095107	LEFT	chr3R:16073986-16074304	chr3R	16073986	16074304	FBgn0010379_sm/chr3R_16073986-16074304__chr3R_16094907-16095107/enhancers/chr3R_16073986-16074304.fa	318
FBgn0010379_sm	FBgn0010379_sm/chr3R_16073986-16074304__chr3R_16094907-16095107	RIGHT	chr3R:16094907-16095107	chr3R	16094907	16095107	FBgn0010379_sm/chr3R_16073986-16074304__chr3R_16094907-16095107/enhancers/chr3R_16094907-16095107.fa	200
FBgn0010379_sm	FBgn0010379_sm/chr3R_16091648-16091848__chr3R_16094907-16095107	LEFT	chr3R:16091648-16091848	chr3R	16091648	16091848	FBgn0010379_sm/chr3R_16091648-16091848__chr3R_16094907-16095107/enhancers/chr3R_16091648-16091848.fa	200
FBgn0010379_sm	FBgn0010379_sm/chr3R_16091648-16091848__chr3R_16094907-16095107	RIGHT	chr3R:16094907-16095107	chr3R	16094907	16095107	FBgn0010379_sm/chr3R_16091648-16091848__chr3R_16094907-16095107/enhancers/chr3R_16094907-16095107.fa	200
FBgn0010424_sm	FBgn0010424_sm/chr3L_17014763-17015190__chr3L_17019852-17020197	LEFT	chr3L:17014763-17015190	chr3L	17014763	17015190	FBgn0010424_sm/chr3L_17014763-17015190__chr3L_17019852-17020197/enhancers/chr3L_17014763-17015190.fa	427
FBgn0010424_sm	FBgn0010424_sm/chr3L_17014763-17015190__chr3L_17019852-17020197	RIGHT	chr3L:17019852-17020197	chr3L	17019852	17020197	FBgn0010424_sm/chr3L_17014763-17015190__chr3L_17019852-17020197/enhancers/chr3L_17019852-17020197.fa	345
FBgn0011286_sm	FBgn0011286_sm/chr2R_8425969-8426169__chr2R_8484944-8485225	LEFT	chr2R:8425969-8426169	chr2R	8425969	8426169	FBgn0011286_sm/chr2R_8425969-8426169__chr2R_8484944-8485225/enhancers/chr2R_8425969-8426169.fa	200
FBgn0011286_sm	FBgn0011286_sm/chr2R_8425969-8426169__chr2R_8484944-8485225	RIGHT	chr2R:8484944-8485225	chr2R	8484944	8485225	FBgn0011286_sm/chr2R_8425969-8426169__chr2R_8484944-8485225/enhancers/chr2R_8484944-8485225.fa	281
FBgn0011286_sm	FBgn0011286_sm/chr2R_8425969-8426169__chr2R_8486788-8487203	LEFT	chr2R:8425969-8426169	chr2R	8425969	8426169	FBgn0011286_sm/chr2R_8425969-8426169__chr2R_8486788-8487203/enhancers/chr2R_8425969-8426169.fa	200
FBgn0011286_sm	FBgn0011286_sm/chr2R_8425969-8426169__chr2R_8486788-8487203	RIGHT	chr2R:8486788-8487203	chr2R	8486788	8487203	FBgn0011286_sm/chr2R_8425969-8426169__chr2R_8486788-8487203/enhancers/chr2R_8486788-8487203.fa	415
FBgn0011286_sm	FBgn0011286_sm/chr2R_8484944-8485225__chr2R_8486788-8487203	LEFT	chr2R:8484944-8485225	chr2R	8484944	8485225	FBgn0011286_sm/chr2R_8484944-8485225__chr2R_8486788-8487203/enhancers/chr2R_8484944-8485225.fa	281
FBgn0011286_sm	FBgn0011286_sm/chr2R_8484944-8485225__chr2R_8486788-8487203	RIGHT	chr2R:8486788-8487203	chr2R	8486788	8487203	FBgn0011286_sm/chr2R_8484944-8485225__chr2R_8486788-8487203/enhancers/chr2R_8486788-8487203.fa	415
FBgn0011638_sm	FBgn0011638_sm/chr2L_20298155-20298629__chr2L_20339742-20340332	LEFT	chr2L:20298155-20298629	chr2L	20298155	20298629	FBgn0011638_sm/chr2L_20298155-20298629__chr2L_20339742-20340332/enhancers/chr2L_20298155-20298629.fa	474
FBgn0011638_sm	FBgn0011638_sm/chr2L_20298155-20298629__chr2L_20339742-20340332	RIGHT	chr2L:20339742-20340332	chr2L	20339742	20340332	FBgn0011638_sm/chr2L_20298155-20298629__chr2L_20339742-20340332/enhancers/chr2L_20339742-20340332.fa	590
FBgn0011656_sm	FBgn0011656_sm/chr2R_9555902-9556546__chr2R_9557786-9557986	LEFT	chr2R:9555902-9556546	chr2R	9555902	9556546	FBgn0011656_sm/chr2R_9555902-9556546__chr2R_9557786-9557986/enhancers/chr2R_9555902-9556546.fa	644
FBgn0011656_sm	FBgn0011656_sm/chr2R_9555902-9556546__chr2R_9557786-9557986	RIGHT	chr2R:9557786-9557986	chr2R	9557786	9557986	FBgn0011656_sm/chr2R_9555902-9556546__chr2R_9557786-9557986/enhancers/chr2R_9557786-9557986.fa	200
FBgn0011656_sm	FBgn0011656_sm/chr2R_9555902-9556546__chr2R_9559487-9559979	LEFT	chr2R:9555902-9556546	chr2R	9555902	9556546	FBgn0011656_sm/chr2R_9555902-9556546__chr2R_9559487-9559979/enhancers/chr2R_9555902-9556546.fa	644
FBgn0011656_sm	FBgn0011656_sm/chr2R_9555902-9556546__chr2R_9559487-9559979	RIGHT	chr2R:9559487-9559979	chr2R	9559487	9559979	FBgn0011656_sm/chr2R_9555902-9556546__chr2R_9559487-9559979/enhancers/chr2R_9559487-9559979.fa	492
FBgn0011656_sm	FBgn0011656_sm/chr2R_9555902-9556546__chr2R_9562047-9562495	LEFT	chr2R:9555902-9556546	chr2R	9555902	9556546	FBgn0011656_sm/chr2R_9555902-9556546__chr2R_9562047-9562495/enhancers/chr2R_9555902-9556546.fa	644
FBgn0011656_sm	FBgn0011656_sm/chr2R_9555902-9556546__chr2R_9562047-9562495	RIGHT	chr2R:9562047-9562495	chr2R	9562047	9562495	FBgn0011656_sm/chr2R_9555902-9556546__chr2R_9562047-9562495/enhancers/chr2R_9562047-9562495.fa	448
FBgn0011656_sm	FBgn0011656_sm/chr2R_9555902-9556546__chr2R_9567242-9567442	LEFT	chr2R:9555902-9556546	chr2R	9555902	9556546	FBgn0011656_sm/chr2R_9555902-9556546__chr2R_9567242-9567442/enhancers/chr2R_9555902-9556546.fa	644
FBgn0011656_sm	FBgn0011656_sm/chr2R_9555902-9556546__chr2R_9567242-9567442	RIGHT	chr2R:9567242-9567442	chr2R	9567242	9567442	FBgn0011656_sm/chr2R_9555902-9556546__chr2R_9567242-9567442/enhancers/chr2R_9567242-9567442.fa	200
FBgn0011656_sm	FBgn0011656_sm/chr2R_9557786-9557986__chr2R_9559487-9559979	LEFT	chr2R:9557786-9557986	chr2R	9557786	9557986	FBgn0011656_sm/chr2R_9557786-9557986__chr2R_9559487-9559979/enhancers/chr2R_9557786-9557986.fa	200
FBgn0011656_sm	FBgn0011656_sm/chr2R_9557786-9557986__chr2R_9559487-9559979	RIGHT	chr2R:9559487-9559979	chr2R	9559487	9559979	FBgn0011656_sm/chr2R_9557786-9557986__chr2R_9559487-9559979/enhancers/chr2R_9559487-9559979.fa	492
FBgn0011656_sm	FBgn0011656_sm/chr2R_9557786-9557986__chr2R_9562047-9562495	LEFT	chr2R:9557786-9557986	chr2R	9557786	9557986	FBgn0011656_sm/chr2R_9557786-9557986__chr2R_9562047-9562495/enhancers/chr2R_9557786-9557986.fa	200
FBgn0011656_sm	FBgn0011656_sm/chr2R_9557786-9557986__chr2R_9562047-9562495	RIGHT	chr2R:9562047-9562495	chr2R	9562047	9562495	FBgn0011656_sm/chr2R_9557786-9557986__chr2R_9562047-9562495/enhancers/chr2R_9562047-9562495.fa	448
FBgn0011656_sm	FBgn0011656_sm/chr2R_9557786-9557986__chr2R_9567242-9567442	LEFT	chr2R:9557786-9557986	chr2R	9557786	9557986	FBgn0011656_sm/chr2R_9557786-9557986__chr2R_9567242-9567442/enhancers/chr2R_9557786-9557986.fa	200
FBgn0011656_sm	FBgn0011656_sm/chr2R_9557786-9557986__chr2R_9567242-9567442	RIGHT	chr2R:9567242-9567442	chr2R	9567242	9567442	FBgn0011656_sm/chr2R_9557786-9557986__chr2R_9567242-9567442/enhancers/chr2R_9567242-9567442.fa	200
FBgn0011656_sm	FBgn0011656_sm/chr2R_9559487-9559979__chr2R_9562047-9562495	LEFT	chr2R:9559487-9559979	chr2R	9559487	9559979	FBgn0011656_sm/chr2R_9559487-9559979__chr2R_9562047-9562495/enhancers/chr2R_9559487-9559979.fa	492
FBgn0011656_sm	FBgn0011656_sm/chr2R_9559487-9559979__chr2R_9562047-9562495	RIGHT	chr2R:9562047-9562495	chr2R	9562047	9562495	FBgn0011656_sm/chr2R_9559487-9559979__chr2R_9562047-9562495/enhancers/chr2R_9562047-9562495.fa	448
FBgn0011656_sm	FBgn0011656_sm/chr2R_9559487-9559979__chr2R_9567242-9567442	LEFT	chr2R:9559487-9559979	chr2R	9559487	9559979	FBgn0011656_sm/chr2R_9559487-9559979__chr2R_9567242-9567442/enhancers/chr2R_9559487-9559979.fa	492
FBgn0011656_sm	FBgn0011656_sm/chr2R_9559487-9559979__chr2R_9567242-9567442	RIGHT	chr2R:9567242-9567442	chr2R	9567242	9567442	FBgn0011656_sm/chr2R_9559487-9559979__chr2R_9567242-9567442/enhancers/chr2R_9567242-9567442.fa	200
FBgn0011656_sm	FBgn0011656_sm/chr2R_9562047-9562495__chr2R_9567242-9567442	LEFT	chr2R:9562047-9562495	chr2R	9562047	9562495	FBgn0011656_sm/chr2R_9562047-9562495__chr2R_9567242-9567442/enhancers/chr2R_9562047-9562495.fa	448
FBgn0011656_sm	FBgn0011656_sm/chr2R_9562047-9562495__chr2R_9567242-9567442	RIGHT	chr2R:9567242-9567442	chr2R	9567242	9567442	FBgn0011656_sm/chr2R_9562047-9562495__chr2R_9567242-9567442/enhancers/chr2R_9567242-9567442.fa	200
FBgn0011722_sm	FBgn0011722_sm/chr2L_6411470-6411744__chr2L_6422856-6423068	LEFT	chr2L:6411470-6411744	chr2L	6411470	6411744	FBgn0011722_sm/chr2L_6411470-6411744__chr2L_6422856-6423068/enhancers/chr2L_6411470-6411744.fa	274
FBgn0011722_sm	FBgn0011722_sm/chr2L_6411470-6411744__chr2L_6422856-6423068	RIGHT	chr2L:6422856-6423068	chr2L	6422856	6423068	FBgn0011722_sm/chr2L_6411470-6411744__chr2L_6422856-6423068/enhancers/chr2L_6422856-6423068.fa	212
FBgn0011722_sm	FBgn0011722_sm/chr2L_6411470-6411744__chr2L_6423550-6423750	LEFT	chr2L:6411470-6411744	chr2L	6411470	6411744	FBgn0011722_sm/chr2L_6411470-6411744__chr2L_6423550-6423750/enhancers/chr2L_6411470-6411744.fa	274
FBgn0011722_sm	FBgn0011722_sm/chr2L_6411470-6411744__chr2L_6423550-6423750	RIGHT	chr2L:6423550-6423750	chr2L	6423550	6423750	FBgn0011722_sm/chr2L_6411470-6411744__chr2L_6423550-6423750/enhancers/chr2L_6423550-6423750.fa	200
FBgn0011722_sm	FBgn0011722_sm/chr2L_6422856-6423068__chr2L_6423550-6423750	LEFT	chr2L:6422856-6423068	chr2L	6422856	6423068	FBgn0011722_sm/chr2L_6422856-6423068__chr2L_6423550-6423750/enhancers/chr2L_6422856-6423068.fa	212
FBgn0011722_sm	FBgn0011722_sm/chr2L_6422856-6423068__chr2L_6423550-6423750	RIGHT	chr2L:6423550-6423750	chr2L	6423550	6423750	FBgn0011722_sm/chr2L_6422856-6423068__chr2L_6423550-6423750/enhancers/chr2L_6423550-6423750.fa	200
FBgn0013718_sm	FBgn0013718_sm/chr3L_14195647-14195954__chr3L_14244211-14244471	LEFT	chr3L:14195647-14195954	chr3L	14195647	14195954	FBgn0013718_sm/chr3L_14195647-14195954__chr3L_14244211-14244471/enhancers/chr3L_14195647-14195954.fa	307
FBgn0013718_sm	FBgn0013718_sm/chr3L_14195647-14195954__chr3L_14244211-14244471	RIGHT	chr3L:14244211-14244471	chr3L	14244211	14244471	FBgn0013718_sm/chr3L_14195647-14195954__chr3L_14244211-14244471/enhancers/chr3L_14244211-14244471.fa	260
FBgn0013750_sm	FBgn0013750_sm/chr2R_14935843-14936180__chr2R_14936533-14936887	LEFT	chr2R:14935843-14936180	chr2R	14935843	14936180	FBgn0013750_sm/chr2R_14935843-14936180__chr2R_14936533-14936887/enhancers/chr2R_14935843-14936180.fa	337
FBgn0013750_sm	FBgn0013750_sm/chr2R_14935843-14936180__chr2R_14936533-14936887	RIGHT	chr2R:14936533-14936887	chr2R	14936533	14936887	FBgn0013750_sm/chr2R_14935843-14936180__chr2R_14936533-14936887/enhancers/chr2R_14936533-14936887.fa	354
FBgn0013750_sm	FBgn0013750_sm/chr2R_14935843-14936180__chr2R_14976541-14977128	LEFT	chr2R:14935843-14936180	chr2R	14935843	14936180	FBgn0013750_sm/chr2R_14935843-14936180__chr2R_14976541-14977128/enhancers/chr2R_14935843-14936180.fa	337
FBgn0013750_sm	FBgn0013750_sm/chr2R_14935843-14936180__chr2R_14976541-14977128	RIGHT	chr2R:14976541-14977128	chr2R	14976541	14977128	FBgn0013750_sm/chr2R_14935843-14936180__chr2R_14976541-14977128/enhancers/chr2R_14976541-14977128.fa	587
FBgn0013750_sm	FBgn0013750_sm/chr2R_14936533-14936887__chr2R_14976541-14977128	LEFT	chr2R:14936533-14936887	chr2R	14936533	14936887	FBgn0013750_sm/chr2R_14936533-14936887__chr2R_14976541-14977128/enhancers/chr2R_14936533-14936887.fa	354
FBgn0013750_sm	FBgn0013750_sm/chr2R_14936533-14936887__chr2R_14976541-14977128	RIGHT	chr2R:14976541-14977128	chr2R	14976541	14977128	FBgn0013750_sm/chr2R_14936533-14936887__chr2R_14976541-14977128/enhancers/chr2R_14976541-14977128.fa	587
FBgn0014863_sm	FBgn0014863_sm/chr3R_7113126-7113381__chr3R_7122484-7122921	LEFT	chr3R:7113126-7113381	chr3R	7113126	7113381	FBgn0014863_sm/chr3R_7113126-7113381__chr3R_7122484-7122921/enhancers/chr3R_7113126-7113381.fa	255
FBgn0014863_sm	FBgn0014863_sm/chr3R_7113126-7113381__chr3R_7122484-7122921	RIGHT	chr3R:7122484-7122921	chr3R	7122484	7122921	FBgn0014863_sm/chr3R_7113126-7113381__chr3R_7122484-7122921/enhancers/chr3R_7122484-7122921.fa	437
FBgn0014877_sm	FBgn0014877_sm/chr2R_13192361-13193251__chr2R_13194170-13194587	LEFT	chr2R:13192361-13193251	chr2R	13192361	13193251	FBgn0014877_sm/chr2R_13192361-13193251__chr2R_13194170-13194587/enhancers/chr2R_13192361-13193251.fa	890
FBgn0014877_sm	FBgn0014877_sm/chr2R_13192361-13193251__chr2R_13194170-13194587	RIGHT	chr2R:13194170-13194587	chr2R	13194170	13194587	FBgn0014877_sm/chr2R_13192361-13193251__chr2R_13194170-13194587/enhancers/chr2R_13194170-13194587.fa	417
FBgn0014877_sm	FBgn0014877_sm/chr2R_13192361-13193251__chr2R_13195553-13195864	LEFT	chr2R:13192361-13193251	chr2R	13192361	13193251	FBgn0014877_sm/chr2R_13192361-13193251__chr2R_13195553-13195864/enhancers/chr2R_13192361-13193251.fa	890
FBgn0014877_sm	FBgn0014877_sm/chr2R_13192361-13193251__chr2R_13195553-13195864	RIGHT	chr2R:13195553-13195864	chr2R	13195553	13195864	FBgn0014877_sm/chr2R_13192361-13193251__chr2R_13195553-13195864/enhancers/chr2R_13195553-13195864.fa	311
FBgn0014877_sm	FBgn0014877_sm/chr2R_13192361-13193251__chr2R_13198071-13198730	LEFT	chr2R:13192361-13193251	chr2R	13192361	13193251	FBgn0014877_sm/chr2R_13192361-13193251__chr2R_13198071-13198730/enhancers/chr2R_13192361-13193251.fa	890
FBgn0014877_sm	FBgn0014877_sm/chr2R_13192361-13193251__chr2R_13198071-13198730	RIGHT	chr2R:13198071-13198730	chr2R	13198071	13198730	FBgn0014877_sm/chr2R_13192361-13193251__chr2R_13198071-13198730/enhancers/chr2R_13198071-13198730.fa	659
FBgn0014877_sm	FBgn0014877_sm/chr2R_13192361-13193251__chr2R_13199132-13199535	LEFT	chr2R:13192361-13193251	chr2R	13192361	13193251	FBgn0014877_sm/chr2R_13192361-13193251__chr2R_13199132-13199535/enhancers/chr2R_13192361-13193251.fa	890
FBgn0014877_sm	FBgn0014877_sm/chr2R_13192361-13193251__chr2R_13199132-13199535	RIGHT	chr2R:13199132-13199535	chr2R	13199132	13199535	FBgn0014877_sm/chr2R_13192361-13193251__chr2R_13199132-13199535/enhancers/chr2R_13199132-13199535.fa	403
FBgn0014877_sm	FBgn0014877_sm/chr2R_13194170-13194587__chr2R_13195553-13195864	LEFT	chr2R:13194170-13194587	chr2R	13194170	13194587	FBgn0014877_sm/chr2R_13194170-13194587__chr2R_13195553-13195864/enhancers/chr2R_13194170-13194587.fa	417
FBgn0014877_sm	FBgn0014877_sm/chr2R_13194170-13194587__chr2R_13195553-13195864	RIGHT	chr2R:13195553-13195864	chr2R	13195553	13195864	FBgn0014877_sm/chr2R_13194170-13194587__chr2R_13195553-13195864/enhancers/chr2R_13195553-13195864.fa	311
FBgn0014877_sm	FBgn0014877_sm/chr2R_13194170-13194587__chr2R_13198071-13198730	LEFT	chr2R:13194170-13194587	chr2R	13194170	13194587	FBgn0014877_sm/chr2R_13194170-13194587__chr2R_13198071-13198730/enhancers/chr2R_13194170-13194587.fa	417
FBgn0014877_sm	FBgn0014877_sm/chr2R_13194170-13194587__chr2R_13198071-13198730	RIGHT	chr2R:13198071-13198730	chr2R	13198071	13198730	FBgn0014877_sm/chr2R_13194170-13194587__chr2R_13198071-13198730/enhancers/chr2R_13198071-13198730.fa	659
FBgn0014877_sm	FBgn0014877_sm/chr2R_13194170-13194587__chr2R_13199132-13199535	LEFT	chr2R:13194170-13194587	chr2R	13194170	13194587	FBgn0014877_sm/chr2R_13194170-13194587__chr2R_13199132-13199535/enhancers/chr2R_13194170-13194587.fa	417
FBgn0014877_sm	FBgn0014877_sm/chr2R_13194170-13194587__chr2R_13199132-13199535	RIGHT	chr2R:13199132-13199535	chr2R	13199132	13199535	FBgn0014877_sm/chr2R_13194170-13194587__chr2R_13199132-13199535/enhancers/chr2R_13199132-13199535.fa	403
FBgn0014877_sm	FBgn0014877_sm/chr2R_13195553-13195864__chr2R_13198071-13198730	LEFT	chr2R:13195553-13195864	chr2R	13195553	13195864	FBgn0014877_sm/chr2R_13195553-13195864__chr2R_13198071-13198730/enhancers/chr2R_13195553-13195864.fa	311
FBgn0014877_sm	FBgn0014877_sm/chr2R_13195553-13195864__chr2R_13198071-13198730	RIGHT	chr2R:13198071-13198730	chr2R	13198071	13198730	FBgn0014877_sm/chr2R_13195553-13195864__chr2R_13198071-13198730/enhancers/chr2R_13198071-13198730.fa	659
FBgn0014877_sm	FBgn0014877_sm/chr2R_13195553-13195864__chr2R_13199132-13199535	LEFT	chr2R:13195553-13195864	chr2R	13195553	13195864	FBgn0014877_sm/chr2R_13195553-13195864__chr2R_13199132-13199535/enhancers/chr2R_13195553-13195864.fa	311
FBgn0014877_sm	FBgn0014877_sm/chr2R_13195553-13195864__chr2R_13199132-13199535	RIGHT	chr2R:13199132-13199535	chr2R	13199132	13199535	FBgn0014877_sm/chr2R_13195553-13195864__chr2R_13199132-13199535/enhancers/chr2R_13199132-13199535.fa	403
FBgn0014877_sm	FBgn0014877_sm/chr2R_13198071-13198730__chr2R_13199132-13199535	LEFT	chr2R:13198071-13198730	chr2R	13198071	13198730	FBgn0014877_sm/chr2R_13198071-13198730__chr2R_13199132-13199535/enhancers/chr2R_13198071-13198730.fa	659
FBgn0014877_sm	FBgn0014877_sm/chr2R_13198071-13198730__chr2R_13199132-13199535	RIGHT	chr2R:13199132-13199535	chr2R	13199132	13199535	FBgn0014877_sm/chr2R_13198071-13198730__chr2R_13199132-13199535/enhancers/chr2R_13199132-13199535.fa	403
FBgn0015218_sm	FBgn0015218_sm/chr3L_9382596-9382979__chr3L_9384190-9384390	LEFT	chr3L:9382596-9382979	chr3L	9382596	9382979	FBgn0015218_sm/chr3L_9382596-9382979__chr3L_9384190-9384390/enhancers/chr3L_9382596-9382979.fa	383
FBgn0015218_sm	FBgn0015218_sm/chr3L_9382596-9382979__chr3L_9384190-9384390	RIGHT	chr3L:9384190-9384390	chr3L	9384190	9384390	FBgn0015218_sm/chr3L_9382596-9382979__chr3L_9384190-9384390/enhancers/chr3L_9384190-9384390.fa	200
FBgn0015570_sm	FBgn0015570_sm/chr3R_7658315-7658594__chr3R_7661745-7661946	LEFT	chr3R:7658315-7658594	chr3R	7658315	7658594	FBgn0015570_sm/chr3R_7658315-7658594__chr3R_7661745-7661946/enhancers/chr3R_7658315-7658594.fa	279
FBgn0015570_sm	FBgn0015570_sm/chr3R_7658315-7658594__chr3R_7661745-7661946	RIGHT	chr3R:7661745-7661946	chr3R	7661745	7661946	FBgn0015570_sm/chr3R_7658315-7658594__chr3R_7661745-7661946/enhancers/chr3R_7661745-7661946.fa	201
FBgn0015773_sm	FBgn0015773_sm/chrX_14593777-14594065__chrX_14655967-14656167	LEFT	chrX:14593777-14594065	chrX	14593777	14594065	FBgn0015773_sm/chrX_14593777-14594065__chrX_14655967-14656167/enhancers/chrX_14593777-14594065.fa	288
FBgn0015773_sm	FBgn0015773_sm/chrX_14593777-14594065__chrX_14655967-14656167	RIGHT	chrX:14655967-14656167	chrX	14655967	14656167	FBgn0015773_sm/chrX_14593777-14594065__chrX_14655967-14656167/enhancers/chrX_14655967-14656167.fa	200
FBgn0015799_sm	FBgn0015799_sm/chrX_759222-759589__chrX_799237-799607	LEFT	chrX:759222-759589	chrX	759222	759589	FBgn0015799_sm/chrX_759222-759589__chrX_799237-799607/enhancers/chrX_759222-759589.fa	367
FBgn0015799_sm	FBgn0015799_sm/chrX_759222-759589__chrX_799237-799607	RIGHT	chrX:799237-799607	chrX	799237	799607	FBgn0015799_sm/chrX_759222-759589__chrX_799237-799607/enhancers/chrX_799237-799607.fa	370
FBgn0016041_sm	FBgn0016041_sm/chrX_7617780-7617980__chrX_7650029-7650229	LEFT	chrX:7617780-7617980	chrX	7617780	7617980	FBgn0016041_sm/chrX_7617780-7617980__chrX_7650029-7650229/enhancers/chrX_7617780-7617980.fa	200
FBgn0016041_sm	FBgn0016041_sm/chrX_7617780-7617980__chrX_7650029-7650229	RIGHT	chrX:7650029-7650229	chrX	7650029	7650229	FBgn0016041_sm/chrX_7617780-7617980__chrX_7650029-7650229/enhancers/chrX_7650029-7650229.fa	200
FBgn0016041_sm	FBgn0016041_sm/chrX_7617780-7617980__chrX_7654331-7654569	LEFT	chrX:7617780-7617980	chrX	7617780	7617980	FBgn0016041_sm/chrX_7617780-7617980__chrX_7654331-7654569/enhancers/chrX_7617780-7617980.fa	200
FBgn0016041_sm	FBgn0016041_sm/chrX_7617780-7617980__chrX_7654331-7654569	RIGHT	chrX:7654331-7654569	chrX	7654331	7654569	FBgn0016041_sm/chrX_7617780-7617980__chrX_7654331-7654569/enhancers/chrX_7654331-7654569.fa	238
FBgn0016041_sm	FBgn0016041_sm/chrX_7617780-7617980__chrX_7655607-7655855	LEFT	chrX:7617780-7617980	chrX	7617780	7617980	FBgn0016041_sm/chrX_7617780-7617980__chrX_7655607-7655855/enhancers/chrX_7617780-7617980.fa	200
FBgn0016041_sm	FBgn0016041_sm/chrX_7617780-7617980__chrX_7655607-7655855	RIGHT	chrX:7655607-7655855	chrX	7655607	7655855	FBgn0016041_sm/chrX_7617780-7617980__chrX_7655607-7655855/enhancers/chrX_7655607-7655855.fa	248
FBgn0016041_sm	FBgn0016041_sm/chrX_7617780-7617980__chrX_7657369-7657569	LEFT	chrX:7617780-7617980	chrX	7617780	7617980	FBgn0016041_sm/chrX_7617780-7617980__chrX_7657369-7657569/enhancers/chrX_7617780-7617980.fa	200
FBgn0016041_sm	FBgn0016041_sm/chrX_7617780-7617980__chrX_7657369-7657569	RIGHT	chrX:7657369-7657569	chrX	7657369	7657569	FBgn0016041_sm/chrX_7617780-7617980__chrX_7657369-7657569/enhancers/chrX_7657369-7657569.fa	200
FBgn0016041_sm	FBgn0016041_sm/chrX_7617780-7617980__chrX_7660283-7660576	LEFT	chrX:7617780-7617980	chrX	7617780	7617980	FBgn0016041_sm/chrX_7617780-7617980__chrX_7660283-7660576/enhancers/chrX_7617780-7617980.fa	200
FBgn0016041_sm	FBgn0016041_sm/chrX_7617780-7617980__chrX_7660283-7660576	RIGHT	chrX:7660283-7660576	chrX	7660283	7660576	FBgn0016041_sm/chrX_7617780-7617980__chrX_7660283-7660576/enhancers/chrX_7660283-7660576.fa	293
FBgn0016041_sm	FBgn0016041_sm/chrX_7617780-7617980__chrX_7686560-7686932	LEFT	chrX:7617780-7617980	chrX	7617780	7617980	FBgn0016041_sm/chrX_7617780-7617980__chrX_7686560-7686932/enhancers/chrX_7617780-7617980.fa	200
FBgn0016041_sm	FBgn0016041_sm/chrX_7617780-7617980__chrX_7686560-7686932	RIGHT	chrX:7686560-7686932	chrX	7686560	7686932	FBgn0016041_sm/chrX_7617780-7617980__chrX_7686560-7686932/enhancers/chrX_7686560-7686932.fa	372
FBgn0016041_sm	FBgn0016041_sm/chrX_7650029-7650229__chrX_7654331-7654569	LEFT	chrX:7650029-7650229	chrX	7650029	7650229	FBgn0016041_sm/chrX_7650029-7650229__chrX_7654331-7654569/enhancers/chrX_7650029-7650229.fa	200
FBgn0016041_sm	FBgn0016041_sm/chrX_7650029-7650229__chrX_7654331-7654569	RIGHT	chrX:7654331-7654569	chrX	7654331	7654569	FBgn0016041_sm/chrX_7650029-7650229__chrX_7654331-7654569/enhancers/chrX_7654331-7654569.fa	238
FBgn0016041_sm	FBgn0016041_sm/chrX_7650029-7650229__chrX_7655607-7655855	LEFT	chrX:7650029-7650229	chrX	7650029	7650229	FBgn0016041_sm/chrX_7650029-7650229__chrX_7655607-7655855/enhancers/chrX_7650029-7650229.fa	200
FBgn0016041_sm	FBgn0016041_sm/chrX_7650029-7650229__chrX_7655607-7655855	RIGHT	chrX:7655607-7655855	chrX	7655607	7655855	FBgn0016041_sm/chrX_7650029-7650229__chrX_7655607-7655855/enhancers/chrX_7655607-7655855.fa	248
FBgn0016041_sm	FBgn0016041_sm/chrX_7650029-7650229__chrX_7657369-7657569	LEFT	chrX:7650029-7650229	chrX	7650029	7650229	FBgn0016041_sm/chrX_7650029-7650229__chrX_7657369-7657569/enhancers/chrX_7650029-7650229.fa	200
FBgn0016041_sm	FBgn0016041_sm/chrX_7650029-7650229__chrX_7657369-7657569	RIGHT	chrX:7657369-7657569	chrX	7657369	7657569	FBgn0016041_sm/chrX_7650029-7650229__chrX_7657369-7657569/enhancers/chrX_7657369-7657569.fa	200
FBgn0016041_sm	FBgn0016041_sm/chrX_7650029-7650229__chrX_7660283-7660576	LEFT	chrX:7650029-7650229	chrX	7650029	7650229	FBgn0016041_sm/chrX_7650029-7650229__chrX_7660283-7660576/enhancers/chrX_7650029-7650229.fa	200
FBgn0016041_sm	FBgn0016041_sm/chrX_7650029-7650229__chrX_7660283-7660576	RIGHT	chrX:7660283-7660576	chrX	7660283	7660576	FBgn0016041_sm/chrX_7650029-7650229__chrX_7660283-7660576/enhancers/chrX_7660283-7660576.fa	293
FBgn0016041_sm	FBgn0016041_sm/chrX_7650029-7650229__chrX_7686560-7686932	LEFT	chrX:7650029-7650229	chrX	7650029	7650229	FBgn0016041_sm/chrX_7650029-7650229__chrX_7686560-7686932/enhancers/chrX_7650029-7650229.fa	200
FBgn0016041_sm	FBgn0016041_sm/chrX_7650029-7650229__chrX_7686560-7686932	RIGHT	chrX:7686560-7686932	chrX	7686560	7686932	FBgn0016041_sm/chrX_7650029-7650229__chrX_7686560-7686932/enhancers/chrX_7686560-7686932.fa	372
FBgn0016041_sm	FBgn0016041_sm/chrX_7654331-7654569__chrX_7655607-7655855	LEFT	chrX:7654331-7654569	chrX	7654331	7654569	FBgn0016041_sm/chrX_7654331-7654569__chrX_7655607-7655855/enhancers/chrX_7654331-7654569.fa	238
FBgn0016041_sm	FBgn0016041_sm/chrX_7654331-7654569__chrX_7655607-7655855	RIGHT	chrX:7655607-7655855	chrX	7655607	7655855	FBgn0016041_sm/chrX_7654331-7654569__chrX_7655607-7655855/enhancers/chrX_7655607-7655855.fa	248
FBgn0016041_sm	FBgn0016041_sm/chrX_7654331-7654569__chrX_7657369-7657569	LEFT	chrX:7654331-7654569	chrX	7654331	7654569	FBgn0016041_sm/chrX_7654331-7654569__chrX_7657369-7657569/enhancers/chrX_7654331-7654569.fa	238
FBgn0016041_sm	FBgn0016041_sm/chrX_7654331-7654569__chrX_7657369-7657569	RIGHT	chrX:7657369-7657569	chrX	7657369	7657569	FBgn0016041_sm/chrX_7654331-7654569__chrX_7657369-7657569/enhancers/chrX_7657369-7657569.fa	200
FBgn0016041_sm	FBgn0016041_sm/chrX_7654331-7654569__chrX_7660283-7660576	LEFT	chrX:7654331-7654569	chrX	7654331	7654569	FBgn0016041_sm/chrX_7654331-7654569__chrX_7660283-7660576/enhancers/chrX_7654331-7654569.fa	238
FBgn0016041_sm	FBgn0016041_sm/chrX_7654331-7654569__chrX_7660283-7660576	RIGHT	chrX:7660283-7660576	chrX	7660283	7660576	FBgn0016041_sm/chrX_7654331-7654569__chrX_7660283-7660576/enhancers/chrX_7660283-7660576.fa	293
FBgn0016041_sm	FBgn0016041_sm/chrX_7654331-7654569__chrX_7686560-7686932	LEFT	chrX:7654331-7654569	chrX	7654331	7654569	FBgn0016041_sm/chrX_7654331-7654569__chrX_7686560-7686932/enhancers/chrX_7654331-7654569.fa	238
FBgn0016041_sm	FBgn0016041_sm/chrX_7654331-7654569__chrX_7686560-7686932	RIGHT	chrX:7686560-7686932	chrX	7686560	7686932	FBgn0016041_sm/chrX_7654331-7654569__chrX_7686560-7686932/enhancers/chrX_7686560-7686932.fa	372
FBgn0016041_sm	FBgn0016041_sm/chrX_7655607-7655855__chrX_7657369-7657569	LEFT	chrX:7655607-7655855	chrX	7655607	7655855	FBgn0016041_sm/chrX_7655607-7655855__chrX_7657369-7657569/enhancers/chrX_7655607-7655855.fa	248
FBgn0016041_sm	FBgn0016041_sm/chrX_7655607-7655855__chrX_7657369-7657569	RIGHT	chrX:7657369-7657569	chrX	7657369	7657569	FBgn0016041_sm/chrX_7655607-7655855__chrX_7657369-7657569/enhancers/chrX_7657369-7657569.fa	200
FBgn0016041_sm	FBgn0016041_sm/chrX_7655607-7655855__chrX_7660283-7660576	LEFT	chrX:7655607-7655855	chrX	7655607	7655855	FBgn0016041_sm/chrX_7655607-7655855__chrX_7660283-7660576/enhancers/chrX_7655607-7655855.fa	248
FBgn0016041_sm	FBgn0016041_sm/chrX_7655607-7655855__chrX_7660283-7660576	RIGHT	chrX:7660283-7660576	chrX	7660283	7660576	FBgn0016041_sm/chrX_7655607-7655855__chrX_7660283-7660576/enhancers/chrX_7660283-7660576.fa	293
FBgn0016041_sm	FBgn0016041_sm/chrX_7655607-7655855__chrX_7686560-7686932	LEFT	chrX:7655607-7655855	chrX	7655607	7655855	FBgn0016041_sm/chrX_7655607-7655855__chrX_7686560-7686932/enhancers/chrX_7655607-7655855.fa	248
FBgn0016041_sm	FBgn0016041_sm/chrX_7655607-7655855__chrX_7686560-7686932	RIGHT	chrX:7686560-7686932	chrX	7686560	7686932	FBgn0016041_sm/chrX_7655607-7655855__chrX_7686560-7686932/enhancers/chrX_7686560-7686932.fa	372
FBgn0016041_sm	FBgn0016041_sm/chrX_7657369-7657569__chrX_7660283-7660576	LEFT	chrX:7657369-7657569	chrX	7657369	7657569	FBgn0016041_sm/chrX_7657369-7657569__chrX_7660283-7660576/enhancers/chrX_7657369-7657569.fa	200
FBgn0016041_sm	FBgn0016041_sm/chrX_7657369-7657569__chrX_7660283-7660576	RIGHT	chrX:7660283-7660576	chrX	7660283	7660576	FBgn0016041_sm/chrX_7657369-7657569__chrX_7660283-7660576/enhancers/chrX_7660283-7660576.fa	293
FBgn0016041_sm	FBgn0016041_sm/chrX_7657369-7657569__chrX_7686560-7686932	LEFT	chrX:7657369-7657569	chrX	7657369	7657569	FBgn0016041_sm/chrX_7657369-7657569__chrX_7686560-7686932/enhancers/chrX_7657369-7657569.fa	200
FBgn0016041_sm	FBgn0016041_sm/chrX_7657369-7657569__chrX_7686560-7686932	RIGHT	chrX:7686560-7686932	chrX	7686560	7686932	FBgn0016041_sm/chrX_7657369-7657569__chrX_7686560-7686932/enhancers/chrX_7686560-7686932.fa	372
FBgn0016041_sm	FBgn0016041_sm/chrX_7660283-7660576__chrX_7686560-7686932	LEFT	chrX:7660283-7660576	chrX	7660283	7660576	FBgn0016041_sm/chrX_7660283-7660576__chrX_7686560-7686932/enhancers/chrX_7660283-7660576.fa	293
FBgn0016041_sm	FBgn0016041_sm/chrX_7660283-7660576__chrX_7686560-7686932	RIGHT	chrX:7686560-7686932	chrX	7686560	7686932	FBgn0016041_sm/chrX_7660283-7660576__chrX_7686560-7686932/enhancers/chrX_7686560-7686932.fa	372
FBgn0016120_sm	FBgn0016120_sm/chr3R_19091653-19091872__chr3R_19092386-19092991	LEFT	chr3R:19091653-19091872	chr3R	19091653	19091872	FBgn0016120_sm/chr3R_19091653-19091872__chr3R_19092386-19092991/enhancers/chr3R_19091653-19091872.fa	219
FBgn0016120_sm	FBgn0016120_sm/chr3R_19091653-19091872__chr3R_19092386-19092991	RIGHT	chr3R:19092386-19092991	chr3R	19092386	19092991	FBgn0016120_sm/chr3R_19091653-19091872__chr3R_19092386-19092991/enhancers/chr3R_19092386-19092991.fa	605
FBgn0016120_sm	FBgn0016120_sm/chr3R_19091653-19091872__chr3R_19107971-19108412	LEFT	chr3R:19091653-19091872	chr3R	19091653	19091872	FBgn0016120_sm/chr3R_19091653-19091872__chr3R_19107971-19108412/enhancers/chr3R_19091653-19091872.fa	219
FBgn0016120_sm	FBgn0016120_sm/chr3R_19091653-19091872__chr3R_19107971-19108412	RIGHT	chr3R:19107971-19108412	chr3R	19107971	19108412	FBgn0016120_sm/chr3R_19091653-19091872__chr3R_19107971-19108412/enhancers/chr3R_19107971-19108412.fa	441
FBgn0016120_sm	FBgn0016120_sm/chr3R_19092386-19092991__chr3R_19107971-19108412	LEFT	chr3R:19092386-19092991	chr3R	19092386	19092991	FBgn0016120_sm/chr3R_19092386-19092991__chr3R_19107971-19108412/enhancers/chr3R_19092386-19092991.fa	605
FBgn0016120_sm	FBgn0016120_sm/chr3R_19092386-19092991__chr3R_19107971-19108412	RIGHT	chr3R:19107971-19108412	chr3R	19107971	19108412	FBgn0016120_sm/chr3R_19092386-19092991__chr3R_19107971-19108412/enhancers/chr3R_19107971-19108412.fa	441
FBgn0016694_sm	FBgn0016694_sm/chr3L_7762555-7762755__chr3L_7818834-7819086	LEFT	chr3L:7762555-7762755	chr3L	7762555	7762755	FBgn0016694_sm/chr3L_7762555-7762755__chr3L_7818834-7819086/enhancers/chr3L_7762555-7762755.fa	200
FBgn0016694_sm	FBgn0016694_sm/chr3L_7762555-7762755__chr3L_7818834-7819086	RIGHT	chr3L:7818834-7819086	chr3L	7818834	7819086	FBgn0016694_sm/chr3L_7762555-7762755__chr3L_7818834-7819086/enhancers/chr3L_7818834-7819086.fa	252
FBgn0016694_sm	FBgn0016694_sm/chr3L_7762555-7762755__chr3L_7848370-7848762	LEFT	chr3L:7762555-7762755	chr3L	7762555	7762755	FBgn0016694_sm/chr3L_7762555-7762755__chr3L_7848370-7848762/enhancers/chr3L_7762555-7762755.fa	200
FBgn0016694_sm	FBgn0016694_sm/chr3L_7762555-7762755__chr3L_7848370-7848762	RIGHT	chr3L:7848370-7848762	chr3L	7848370	7848762	FBgn0016694_sm/chr3L_7762555-7762755__chr3L_7848370-7848762/enhancers/chr3L_7848370-7848762.fa	392
FBgn0016694_sm	FBgn0016694_sm/chr3L_7818834-7819086__chr3L_7848370-7848762	LEFT	chr3L:7818834-7819086	chr3L	7818834	7819086	FBgn0016694_sm/chr3L_7818834-7819086__chr3L_7848370-7848762/enhancers/chr3L_7818834-7819086.fa	252
FBgn0016694_sm	FBgn0016694_sm/chr3L_7818834-7819086__chr3L_7848370-7848762	RIGHT	chr3L:7848370-7848762	chr3L	7848370	7848762	FBgn0016694_sm/chr3L_7818834-7819086__chr3L_7848370-7848762/enhancers/chr3L_7848370-7848762.fa	392
FBgn0016715_sm	FBgn0016715_sm/chr3L_574867-575113__chr3L_597378-597923	LEFT	chr3L:574867-575113	chr3L	574867	575113	FBgn0016715_sm/chr3L_574867-575113__chr3L_597378-597923/enhancers/chr3L_574867-575113.fa	246
FBgn0016715_sm	FBgn0016715_sm/chr3L_574867-575113__chr3L_597378-597923	RIGHT	chr3L:597378-597923	chr3L	597378	597923	FBgn0016715_sm/chr3L_574867-575113__chr3L_597378-597923/enhancers/chr3L_597378-597923.fa	545
FBgn0016715_sm	FBgn0016715_sm/chr3L_574867-575113__chr3L_610451-610651	LEFT	chr3L:574867-575113	chr3L	574867	575113	FBgn0016715_sm/chr3L_574867-575113__chr3L_610451-610651/enhancers/chr3L_574867-575113.fa	246
FBgn0016715_sm	FBgn0016715_sm/chr3L_574867-575113__chr3L_610451-610651	RIGHT	chr3L:610451-610651	chr3L	610451	610651	FBgn0016715_sm/chr3L_574867-575113__chr3L_610451-610651/enhancers/chr3L_610451-610651.fa	200
FBgn0016715_sm	FBgn0016715_sm/chr3L_574867-575113__chr3L_616535-616984	LEFT	chr3L:574867-575113	chr3L	574867	575113	FBgn0016715_sm/chr3L_574867-575113__chr3L_616535-616984/enhancers/chr3L_574867-575113.fa	246
FBgn0016715_sm	FBgn0016715_sm/chr3L_574867-575113__chr3L_616535-616984	RIGHT	chr3L:616535-616984	chr3L	616535	616984	FBgn0016715_sm/chr3L_574867-575113__chr3L_616535-616984/enhancers/chr3L_616535-616984.fa	449
FBgn0016715_sm	FBgn0016715_sm/chr3L_574867-575113__chr3L_618388-618844	LEFT	chr3L:574867-575113	chr3L	574867	575113	FBgn0016715_sm/chr3L_574867-575113__chr3L_618388-618844/enhancers/chr3L_574867-575113.fa	246
FBgn0016715_sm	FBgn0016715_sm/chr3L_574867-575113__chr3L_618388-618844	RIGHT	chr3L:618388-618844	chr3L	618388	618844	FBgn0016715_sm/chr3L_574867-575113__chr3L_618388-618844/enhancers/chr3L_618388-618844.fa	456
FBgn0016715_sm	FBgn0016715_sm/chr3L_574867-575113__chr3L_622169-622652	LEFT	chr3L:574867-575113	chr3L	574867	575113	FBgn0016715_sm/chr3L_574867-575113__chr3L_622169-622652/enhancers/chr3L_574867-575113.fa	246
FBgn0016715_sm	FBgn0016715_sm/chr3L_574867-575113__chr3L_622169-622652	RIGHT	chr3L:622169-622652	chr3L	622169	622652	FBgn0016715_sm/chr3L_574867-575113__chr3L_622169-622652/enhancers/chr3L_622169-622652.fa	483
FBgn0016715_sm	FBgn0016715_sm/chr3L_597378-597923__chr3L_610451-610651	LEFT	chr3L:597378-597923	chr3L	597378	597923	FBgn0016715_sm/chr3L_597378-597923__chr3L_610451-610651/enhancers/chr3L_597378-597923.fa	545
FBgn0016715_sm	FBgn0016715_sm/chr3L_597378-597923__chr3L_610451-610651	RIGHT	chr3L:610451-610651	chr3L	610451	610651	FBgn0016715_sm/chr3L_597378-597923__chr3L_610451-610651/enhancers/chr3L_610451-610651.fa	200
FBgn0016715_sm	FBgn0016715_sm/chr3L_597378-597923__chr3L_616535-616984	LEFT	chr3L:597378-597923	chr3L	597378	597923	FBgn0016715_sm/chr3L_597378-597923__chr3L_616535-616984/enhancers/chr3L_597378-597923.fa	545
FBgn0016715_sm	FBgn0016715_sm/chr3L_597378-597923__chr3L_616535-616984	RIGHT	chr3L:616535-616984	chr3L	616535	616984	FBgn0016715_sm/chr3L_597378-597923__chr3L_616535-616984/enhancers/chr3L_616535-616984.fa	449
FBgn0016715_sm	FBgn0016715_sm/chr3L_597378-597923__chr3L_618388-618844	LEFT	chr3L:597378-597923	chr3L	597378	597923	FBgn0016715_sm/chr3L_597378-597923__chr3L_618388-618844/enhancers/chr3L_597378-597923.fa	545
FBgn0016715_sm	FBgn0016715_sm/chr3L_597378-597923__chr3L_618388-618844	RIGHT	chr3L:618388-618844	chr3L	618388	618844	FBgn0016715_sm/chr3L_597378-597923__chr3L_618388-618844/enhancers/chr3L_618388-618844.fa	456
FBgn0016715_sm	FBgn0016715_sm/chr3L_597378-597923__chr3L_622169-622652	LEFT	chr3L:597378-597923	chr3L	597378	597923	FBgn0016715_sm/chr3L_597378-597923__chr3L_622169-622652/enhancers/chr3L_597378-597923.fa	545
FBgn0016715_sm	FBgn0016715_sm/chr3L_597378-597923__chr3L_622169-622652	RIGHT	chr3L:622169-622652	chr3L	622169	622652	FBgn0016715_sm/chr3L_597378-597923__chr3L_622169-622652/enhancers/chr3L_622169-622652.fa	483
FBgn0016715_sm	FBgn0016715_sm/chr3L_610451-610651__chr3L_616535-616984	LEFT	chr3L:610451-610651	chr3L	610451	610651	FBgn0016715_sm/chr3L_610451-610651__chr3L_616535-616984/enhancers/chr3L_610451-610651.fa	200
FBgn0016715_sm	FBgn0016715_sm/chr3L_610451-610651__chr3L_616535-616984	RIGHT	chr3L:616535-616984	chr3L	616535	616984	FBgn0016715_sm/chr3L_610451-610651__chr3L_616535-616984/enhancers/chr3L_616535-616984.fa	449
FBgn0016715_sm	FBgn0016715_sm/chr3L_610451-610651__chr3L_618388-618844	LEFT	chr3L:610451-610651	chr3L	610451	610651	FBgn0016715_sm/chr3L_610451-610651__chr3L_618388-618844/enhancers/chr3L_610451-610651.fa	200
FBgn0016715_sm	FBgn0016715_sm/chr3L_610451-610651__chr3L_618388-618844	RIGHT	chr3L:618388-618844	chr3L	618388	618844	FBgn0016715_sm/chr3L_610451-610651__chr3L_618388-618844/enhancers/chr3L_618388-618844.fa	456
FBgn0016715_sm	FBgn0016715_sm/chr3L_610451-610651__chr3L_622169-622652	LEFT	chr3L:610451-610651	chr3L	610451	610651	FBgn0016715_sm/chr3L_610451-610651__chr3L_622169-622652/enhancers/chr3L_610451-610651.fa	200
FBgn0016715_sm	FBgn0016715_sm/chr3L_610451-610651__chr3L_622169-622652	RIGHT	chr3L:622169-622652	chr3L	622169	622652	FBgn0016715_sm/chr3L_610451-610651__chr3L_622169-622652/enhancers/chr3L_622169-622652.fa	483
FBgn0016715_sm	FBgn0016715_sm/chr3L_616535-616984__chr3L_618388-618844	LEFT	chr3L:616535-616984	chr3L	616535	616984	FBgn0016715_sm/chr3L_616535-616984__chr3L_618388-618844/enhancers/chr3L_616535-616984.fa	449
FBgn0016715_sm	FBgn0016715_sm/chr3L_616535-616984__chr3L_618388-618844	RIGHT	chr3L:618388-618844	chr3L	618388	618844	FBgn0016715_sm/chr3L_616535-616984__chr3L_618388-618844/enhancers/chr3L_618388-618844.fa	456
FBgn0016715_sm	FBgn0016715_sm/chr3L_616535-616984__chr3L_622169-622652	LEFT	chr3L:616535-616984	chr3L	616535	616984	FBgn0016715_sm/chr3L_616535-616984__chr3L_622169-622652/enhancers/chr3L_616535-616984.fa	449
FBgn0016715_sm	FBgn0016715_sm/chr3L_616535-616984__chr3L_622169-622652	RIGHT	chr3L:622169-622652	chr3L	622169	622652	FBgn0016715_sm/chr3L_616535-616984__chr3L_622169-622652/enhancers/chr3L_622169-622652.fa	483
FBgn0016715_sm	FBgn0016715_sm/chr3L_618388-618844__chr3L_622169-622652	LEFT	chr3L:618388-618844	chr3L	618388	618844	FBgn0016715_sm/chr3L_618388-618844__chr3L_622169-622652/enhancers/chr3L_618388-618844.fa	456
FBgn0016715_sm	FBgn0016715_sm/chr3L_618388-618844__chr3L_622169-622652	RIGHT	chr3L:622169-622652	chr3L	622169	622652	FBgn0016715_sm/chr3L_618388-618844__chr3L_622169-622652/enhancers/chr3L_622169-622652.fa	483
FBgn0016930_sm	FBgn0016930_sm/chr2L_14238009-14238297__chr2L_14245654-14246036	LEFT	chr2L:14238009-14238297	chr2L	14238009	14238297	FBgn0016930_sm/chr2L_14238009-14238297__chr2L_14245654-14246036/enhancers/chr2L_14238009-14238297.fa	288
FBgn0016930_sm	FBgn0016930_sm/chr2L_14238009-14238297__chr2L_14245654-14246036	RIGHT	chr2L:14245654-14246036	chr2L	14245654	14246036	FBgn0016930_sm/chr2L_14238009-14238297__chr2L_14245654-14246036/enhancers/chr2L_14245654-14246036.fa	382
FBgn0016930_sm	FBgn0016930_sm/chr2L_14238009-14238297__chr2L_14248855-14249055	LEFT	chr2L:14238009-14238297	chr2L	14238009	14238297	FBgn0016930_sm/chr2L_14238009-14238297__chr2L_14248855-14249055/enhancers/chr2L_14238009-14238297.fa	288
FBgn0016930_sm	FBgn0016930_sm/chr2L_14238009-14238297__chr2L_14248855-14249055	RIGHT	chr2L:14248855-14249055	chr2L	14248855	14249055	FBgn0016930_sm/chr2L_14238009-14238297__chr2L_14248855-14249055/enhancers/chr2L_14248855-14249055.fa	200
FBgn0016930_sm	FBgn0016930_sm/chr2L_14238009-14238297__chr2L_14265078-14265431	LEFT	chr2L:14238009-14238297	chr2L	14238009	14238297	FBgn0016930_sm/chr2L_14238009-14238297__chr2L_14265078-14265431/enhancers/chr2L_14238009-14238297.fa	288
FBgn0016930_sm	FBgn0016930_sm/chr2L_14238009-14238297__chr2L_14265078-14265431	RIGHT	chr2L:14265078-14265431	chr2L	14265078	14265431	FBgn0016930_sm/chr2L_14238009-14238297__chr2L_14265078-14265431/enhancers/chr2L_14265078-14265431.fa	353
FBgn0016930_sm	FBgn0016930_sm/chr2L_14245654-14246036__chr2L_14248855-14249055	LEFT	chr2L:14245654-14246036	chr2L	14245654	14246036	FBgn0016930_sm/chr2L_14245654-14246036__chr2L_14248855-14249055/enhancers/chr2L_14245654-14246036.fa	382
FBgn0016930_sm	FBgn0016930_sm/chr2L_14245654-14246036__chr2L_14248855-14249055	RIGHT	chr2L:14248855-14249055	chr2L	14248855	14249055	FBgn0016930_sm/chr2L_14245654-14246036__chr2L_14248855-14249055/enhancers/chr2L_14248855-14249055.fa	200
FBgn0016930_sm	FBgn0016930_sm/chr2L_14245654-14246036__chr2L_14265078-14265431	LEFT	chr2L:14245654-14246036	chr2L	14245654	14246036	FBgn0016930_sm/chr2L_14245654-14246036__chr2L_14265078-14265431/enhancers/chr2L_14245654-14246036.fa	382
FBgn0016930_sm	FBgn0016930_sm/chr2L_14245654-14246036__chr2L_14265078-14265431	RIGHT	chr2L:14265078-14265431	chr2L	14265078	14265431	FBgn0016930_sm/chr2L_14245654-14246036__chr2L_14265078-14265431/enhancers/chr2L_14265078-14265431.fa	353
FBgn0016930_sm	FBgn0016930_sm/chr2L_14248855-14249055__chr2L_14265078-14265431	LEFT	chr2L:14248855-14249055	chr2L	14248855	14249055	FBgn0016930_sm/chr2L_14248855-14249055__chr2L_14265078-14265431/enhancers/chr2L_14248855-14249055.fa	200
FBgn0016930_sm	FBgn0016930_sm/chr2L_14248855-14249055__chr2L_14265078-14265431	RIGHT	chr2L:14265078-14265431	chr2L	14265078	14265431	FBgn0016930_sm/chr2L_14248855-14249055__chr2L_14265078-14265431/enhancers/chr2L_14265078-14265431.fa	353
FBgn0017578_sm	FBgn0017578_sm/chr3L_19174386-19174928__chr3L_19175349-19175549	LEFT	chr3L:19174386-19174928	chr3L	19174386	19174928	FBgn0017578_sm/chr3L_19174386-19174928__chr3L_19175349-19175549/enhancers/chr3L_19174386-19174928.fa	542
FBgn0017578_sm	FBgn0017578_sm/chr3L_19174386-19174928__chr3L_19175349-19175549	RIGHT	chr3L:19175349-19175549	chr3L	19175349	19175549	FBgn0017578_sm/chr3L_19174386-19174928__chr3L_19175349-19175549/enhancers/chr3L_19175349-19175549.fa	200
FBgn0020269_sm	FBgn0020269_sm/chr2R_14340650-14340945__chr2R_14350087-14350376	LEFT	chr2R:14340650-14340945	chr2R	14340650	14340945	FBgn0020269_sm/chr2R_14340650-14340945__chr2R_14350087-14350376/enhancers/chr2R_14340650-14340945.fa	295
FBgn0020269_sm	FBgn0020269_sm/chr2R_14340650-14340945__chr2R_14350087-14350376	RIGHT	chr2R:14350087-14350376	chr2R	14350087	14350376	FBgn0020269_sm/chr2R_14340650-14340945__chr2R_14350087-14350376/enhancers/chr2R_14350087-14350376.fa	289
FBgn0021767_sm	FBgn0021767_sm/chrX_8371202-8371498__chrX_8394680-8394949	LEFT	chrX:8371202-8371498	chrX	8371202	8371498	FBgn0021767_sm/chrX_8371202-8371498__chrX_8394680-8394949/enhancers/chrX_8371202-8371498.fa	296
FBgn0021767_sm	FBgn0021767_sm/chrX_8371202-8371498__chrX_8394680-8394949	RIGHT	chrX:8394680-8394949	chrX	8394680	8394949	FBgn0021767_sm/chrX_8371202-8371498__chrX_8394680-8394949/enhancers/chrX_8394680-8394949.fa	269
FBgn0021767_sm	FBgn0021767_sm/chrX_8371202-8371498__chrX_8405949-8406843	LEFT	chrX:8371202-8371498	chrX	8371202	8371498	FBgn0021767_sm/chrX_8371202-8371498__chrX_8405949-8406843/enhancers/chrX_8371202-8371498.fa	296
FBgn0021767_sm	FBgn0021767_sm/chrX_8371202-8371498__chrX_8405949-8406843	RIGHT	chrX:8405949-8406843	chrX	8405949	8406843	FBgn0021767_sm/chrX_8371202-8371498__chrX_8405949-8406843/enhancers/chrX_8405949-8406843.fa	894
FBgn0021767_sm	FBgn0021767_sm/chrX_8394680-8394949__chrX_8405949-8406843	LEFT	chrX:8394680-8394949	chrX	8394680	8394949	FBgn0021767_sm/chrX_8394680-8394949__chrX_8405949-8406843/enhancers/chrX_8394680-8394949.fa	269
FBgn0021767_sm	FBgn0021767_sm/chrX_8394680-8394949__chrX_8405949-8406843	RIGHT	chrX:8405949-8406843	chrX	8405949	8406843	FBgn0021767_sm/chrX_8394680-8394949__chrX_8405949-8406843/enhancers/chrX_8405949-8406843.fa	894
FBgn0021768_sm	FBgn0021768_sm/chr3L_16739294-16739644__chr3L_16754916-16755182	LEFT	chr3L:16739294-16739644	chr3L	16739294	16739644	FBgn0021768_sm/chr3L_16739294-16739644__chr3L_16754916-16755182/enhancers/chr3L_16739294-16739644.fa	350
FBgn0021768_sm	FBgn0021768_sm/chr3L_16739294-16739644__chr3L_16754916-16755182	RIGHT	chr3L:16754916-16755182	chr3L	16754916	16755182	FBgn0021768_sm/chr3L_16739294-16739644__chr3L_16754916-16755182/enhancers/chr3L_16754916-16755182.fa	266
FBgn0021768_sm	FBgn0021768_sm/chr3L_16739294-16739644__chr3L_16775645-16775870	LEFT	chr3L:16739294-16739644	chr3L	16739294	16739644	FBgn0021768_sm/chr3L_16739294-16739644__chr3L_16775645-16775870/enhancers/chr3L_16739294-16739644.fa	350
FBgn0021768_sm	FBgn0021768_sm/chr3L_16739294-16739644__chr3L_16775645-16775870	RIGHT	chr3L:16775645-16775870	chr3L	16775645	16775870	FBgn0021768_sm/chr3L_16739294-16739644__chr3L_16775645-16775870/enhancers/chr3L_16775645-16775870.fa	225
FBgn0021768_sm	FBgn0021768_sm/chr3L_16739294-16739644__chr3L_16776828-16777028	LEFT	chr3L:16739294-16739644	chr3L	16739294	16739644	FBgn0021768_sm/chr3L_16739294-16739644__chr3L_16776828-16777028/enhancers/chr3L_16739294-16739644.fa	350
FBgn0021768_sm	FBgn0021768_sm/chr3L_16739294-16739644__chr3L_16776828-16777028	RIGHT	chr3L:16776828-16777028	chr3L	16776828	16777028	FBgn0021768_sm/chr3L_16739294-16739644__chr3L_16776828-16777028/enhancers/chr3L_16776828-16777028.fa	200
FBgn0021768_sm	FBgn0021768_sm/chr3L_16754916-16755182__chr3L_16775645-16775870	LEFT	chr3L:16754916-16755182	chr3L	16754916	16755182	FBgn0021768_sm/chr3L_16754916-16755182__chr3L_16775645-16775870/enhancers/chr3L_16754916-16755182.fa	266
FBgn0021768_sm	FBgn0021768_sm/chr3L_16754916-16755182__chr3L_16775645-16775870	RIGHT	chr3L:16775645-16775870	chr3L	16775645	16775870	FBgn0021768_sm/chr3L_16754916-16755182__chr3L_16775645-16775870/enhancers/chr3L_16775645-16775870.fa	225
FBgn0021768_sm	FBgn0021768_sm/chr3L_16754916-16755182__chr3L_16776828-16777028	LEFT	chr3L:16754916-16755182	chr3L	16754916	16755182	FBgn0021768_sm/chr3L_16754916-16755182__chr3L_16776828-16777028/enhancers/chr3L_16754916-16755182.fa	266
FBgn0021768_sm	FBgn0021768_sm/chr3L_16754916-16755182__chr3L_16776828-16777028	RIGHT	chr3L:16776828-16777028	chr3L	16776828	16777028	FBgn0021768_sm/chr3L_16754916-16755182__chr3L_16776828-16777028/enhancers/chr3L_16776828-16777028.fa	200
FBgn0021768_sm	FBgn0021768_sm/chr3L_16775645-16775870__chr3L_16776828-16777028	LEFT	chr3L:16775645-16775870	chr3L	16775645	16775870	FBgn0021768_sm/chr3L_16775645-16775870__chr3L_16776828-16777028/enhancers/chr3L_16775645-16775870.fa	225
FBgn0021768_sm	FBgn0021768_sm/chr3L_16775645-16775870__chr3L_16776828-16777028	RIGHT	chr3L:16776828-16777028	chr3L	16776828	16777028	FBgn0021768_sm/chr3L_16775645-16775870__chr3L_16776828-16777028/enhancers/chr3L_16776828-16777028.fa	200
FBgn0023095_sm	FBgn0023095_sm/chr3L_13208620-13208905__chr3L_13231729-13231956	LEFT	chr3L:13208620-13208905	chr3L	13208620	13208905	FBgn0023095_sm/chr3L_13208620-13208905__chr3L_13231729-13231956/enhancers/chr3L_13208620-13208905.fa	285
FBgn0023095_sm	FBgn0023095_sm/chr3L_13208620-13208905__chr3L_13231729-13231956	RIGHT	chr3L:13231729-13231956	chr3L	13231729	13231956	FBgn0023095_sm/chr3L_13208620-13208905__chr3L_13231729-13231956/enhancers/chr3L_13231729-13231956.fa	227
FBgn0023095_sm	FBgn0023095_sm/chr3L_13208620-13208905__chr3L_13270814-13271136	LEFT	chr3L:13208620-13208905	chr3L	13208620	13208905	FBgn0023095_sm/chr3L_13208620-13208905__chr3L_13270814-13271136/enhancers/chr3L_13208620-13208905.fa	285
FBgn0023095_sm	FBgn0023095_sm/chr3L_13208620-13208905__chr3L_13270814-13271136	RIGHT	chr3L:13270814-13271136	chr3L	13270814	13271136	FBgn0023095_sm/chr3L_13208620-13208905__chr3L_13270814-13271136/enhancers/chr3L_13270814-13271136.fa	322
FBgn0023095_sm	FBgn0023095_sm/chr3L_13231729-13231956__chr3L_13270814-13271136	LEFT	chr3L:13231729-13231956	chr3L	13231729	13231956	FBgn0023095_sm/chr3L_13231729-13231956__chr3L_13270814-13271136/enhancers/chr3L_13231729-13231956.fa	227
FBgn0023095_sm	FBgn0023095_sm/chr3L_13231729-13231956__chr3L_13270814-13271136	RIGHT	chr3L:13270814-13271136	chr3L	13270814	13271136	FBgn0023095_sm/chr3L_13231729-13231956__chr3L_13270814-13271136/enhancers/chr3L_13270814-13271136.fa	322
FBgn0024321_sm	FBgn0024321_sm/chr3R_14346999-14347237__chr3R_14370227-14370493	LEFT	chr3R:14346999-14347237	chr3R	14346999	14347237	FBgn0024321_sm/chr3R_14346999-14347237__chr3R_14370227-14370493/enhancers/chr3R_14346999-14347237.fa	238
FBgn0024321_sm	FBgn0024321_sm/chr3R_14346999-14347237__chr3R_14370227-14370493	RIGHT	chr3R:14370227-14370493	chr3R	14370227	14370493	FBgn0024321_sm/chr3R_14346999-14347237__chr3R_14370227-14370493/enhancers/chr3R_14370227-14370493.fa	266
FBgn0024321_sm	FBgn0024321_sm/chr3R_14346999-14347237__chr3R_14372918-14373876	LEFT	chr3R:14346999-14347237	chr3R	14346999	14347237	FBgn0024321_sm/chr3R_14346999-14347237__chr3R_14372918-14373876/enhancers/chr3R_14346999-14347237.fa	238
FBgn0024321_sm	FBgn0024321_sm/chr3R_14346999-14347237__chr3R_14372918-14373876	RIGHT	chr3R:14372918-14373876	chr3R	14372918	14373876	FBgn0024321_sm/chr3R_14346999-14347237__chr3R_14372918-14373876/enhancers/chr3R_14372918-14373876.fa	958
FBgn0024321_sm	FBgn0024321_sm/chr3R_14346999-14347237__chr3R_14382371-14382571	LEFT	chr3R:14346999-14347237	chr3R	14346999	14347237	FBgn0024321_sm/chr3R_14346999-14347237__chr3R_14382371-14382571/enhancers/chr3R_14346999-14347237.fa	238
FBgn0024321_sm	FBgn0024321_sm/chr3R_14346999-14347237__chr3R_14382371-14382571	RIGHT	chr3R:14382371-14382571	chr3R	14382371	14382571	FBgn0024321_sm/chr3R_14346999-14347237__chr3R_14382371-14382571/enhancers/chr3R_14382371-14382571.fa	200
FBgn0024321_sm	FBgn0024321_sm/chr3R_14346999-14347237__chr3R_14384206-14384447	LEFT	chr3R:14346999-14347237	chr3R	14346999	14347237	FBgn0024321_sm/chr3R_14346999-14347237__chr3R_14384206-14384447/enhancers/chr3R_14346999-14347237.fa	238
FBgn0024321_sm	FBgn0024321_sm/chr3R_14346999-14347237__chr3R_14384206-14384447	RIGHT	chr3R:14384206-14384447	chr3R	14384206	14384447	FBgn0024321_sm/chr3R_14346999-14347237__chr3R_14384206-14384447/enhancers/chr3R_14384206-14384447.fa	241
FBgn0024321_sm	FBgn0024321_sm/chr3R_14346999-14347237__chr3R_14386667-14387031	LEFT	chr3R:14346999-14347237	chr3R	14346999	14347237	FBgn0024321_sm/chr3R_14346999-14347237__chr3R_14386667-14387031/enhancers/chr3R_14346999-14347237.fa	238
FBgn0024321_sm	FBgn0024321_sm/chr3R_14346999-14347237__chr3R_14386667-14387031	RIGHT	chr3R:14386667-14387031	chr3R	14386667	14387031	FBgn0024321_sm/chr3R_14346999-14347237__chr3R_14386667-14387031/enhancers/chr3R_14386667-14387031.fa	364
FBgn0024321_sm	FBgn0024321_sm/chr3R_14370227-14370493__chr3R_14372918-14373876	LEFT	chr3R:14370227-14370493	chr3R	14370227	14370493	FBgn0024321_sm/chr3R_14370227-14370493__chr3R_14372918-14373876/enhancers/chr3R_14370227-14370493.fa	266
FBgn0024321_sm	FBgn0024321_sm/chr3R_14370227-14370493__chr3R_14372918-14373876	RIGHT	chr3R:14372918-14373876	chr3R	14372918	14373876	FBgn0024321_sm/chr3R_14370227-14370493__chr3R_14372918-14373876/enhancers/chr3R_14372918-14373876.fa	958
FBgn0024321_sm	FBgn0024321_sm/chr3R_14370227-14370493__chr3R_14382371-14382571	LEFT	chr3R:14370227-14370493	chr3R	14370227	14370493	FBgn0024321_sm/chr3R_14370227-14370493__chr3R_14382371-14382571/enhancers/chr3R_14370227-14370493.fa	266
FBgn0024321_sm	FBgn0024321_sm/chr3R_14370227-14370493__chr3R_14382371-14382571	RIGHT	chr3R:14382371-14382571	chr3R	14382371	14382571	FBgn0024321_sm/chr3R_14370227-14370493__chr3R_14382371-14382571/enhancers/chr3R_14382371-14382571.fa	200
FBgn0024321_sm	FBgn0024321_sm/chr3R_14370227-14370493__chr3R_14384206-14384447	LEFT	chr3R:14370227-14370493	chr3R	14370227	14370493	FBgn0024321_sm/chr3R_14370227-14370493__chr3R_14384206-14384447/enhancers/chr3R_14370227-14370493.fa	266
FBgn0024321_sm	FBgn0024321_sm/chr3R_14370227-14370493__chr3R_14384206-14384447	RIGHT	chr3R:14384206-14384447	chr3R	14384206	14384447	FBgn0024321_sm/chr3R_14370227-14370493__chr3R_14384206-14384447/enhancers/chr3R_14384206-14384447.fa	241
FBgn0024321_sm	FBgn0024321_sm/chr3R_14370227-14370493__chr3R_14386667-14387031	LEFT	chr3R:14370227-14370493	chr3R	14370227	14370493	FBgn0024321_sm/chr3R_14370227-14370493__chr3R_14386667-14387031/enhancers/chr3R_14370227-14370493.fa	266
FBgn0024321_sm	FBgn0024321_sm/chr3R_14370227-14370493__chr3R_14386667-14387031	RIGHT	chr3R:14386667-14387031	chr3R	14386667	14387031	FBgn0024321_sm/chr3R_14370227-14370493__chr3R_14386667-14387031/enhancers/chr3R_14386667-14387031.fa	364
FBgn0024321_sm	FBgn0024321_sm/chr3R_14372918-14373876__chr3R_14382371-14382571	LEFT	chr3R:14372918-14373876	chr3R	14372918	14373876	FBgn0024321_sm/chr3R_14372918-14373876__chr3R_14382371-14382571/enhancers/chr3R_14372918-14373876.fa	958
FBgn0024321_sm	FBgn0024321_sm/chr3R_14372918-14373876__chr3R_14382371-14382571	RIGHT	chr3R:14382371-14382571	chr3R	14382371	14382571	FBgn0024321_sm/chr3R_14372918-14373876__chr3R_14382371-14382571/enhancers/chr3R_14382371-14382571.fa	200
FBgn0024321_sm	FBgn0024321_sm/chr3R_14372918-14373876__chr3R_14384206-14384447	LEFT	chr3R:14372918-14373876	chr3R	14372918	14373876	FBgn0024321_sm/chr3R_14372918-14373876__chr3R_14384206-14384447/enhancers/chr3R_14372918-14373876.fa	958
FBgn0024321_sm	FBgn0024321_sm/chr3R_14372918-14373876__chr3R_14384206-14384447	RIGHT	chr3R:14384206-14384447	chr3R	14384206	14384447	FBgn0024321_sm/chr3R_14372918-14373876__chr3R_14384206-14384447/enhancers/chr3R_14384206-14384447.fa	241
FBgn0024321_sm	FBgn0024321_sm/chr3R_14372918-14373876__chr3R_14386667-14387031	LEFT	chr3R:14372918-14373876	chr3R	14372918	14373876	FBgn0024321_sm/chr3R_14372918-14373876__chr3R_14386667-14387031/enhancers/chr3R_14372918-14373876.fa	958
FBgn0024321_sm	FBgn0024321_sm/chr3R_14372918-14373876__chr3R_14386667-14387031	RIGHT	chr3R:14386667-14387031	chr3R	14386667	14387031	FBgn0024321_sm/chr3R_14372918-14373876__chr3R_14386667-14387031/enhancers/chr3R_14386667-14387031.fa	364
FBgn0024321_sm	FBgn0024321_sm/chr3R_14382371-14382571__chr3R_14384206-14384447	LEFT	chr3R:14382371-14382571	chr3R	14382371	14382571	FBgn0024321_sm/chr3R_14382371-14382571__chr3R_14384206-14384447/enhancers/chr3R_14382371-14382571.fa	200
FBgn0024321_sm	FBgn0024321_sm/chr3R_14382371-14382571__chr3R_14384206-14384447	RIGHT	chr3R:14384206-14384447	chr3R	14384206	14384447	FBgn0024321_sm/chr3R_14382371-14382571__chr3R_14384206-14384447/enhancers/chr3R_14384206-14384447.fa	241
FBgn0024321_sm	FBgn0024321_sm/chr3R_14382371-14382571__chr3R_14386667-14387031	LEFT	chr3R:14382371-14382571	chr3R	14382371	14382571	FBgn0024321_sm/chr3R_14382371-14382571__chr3R_14386667-14387031/enhancers/chr3R_14382371-14382571.fa	200
FBgn0024321_sm	FBgn0024321_sm/chr3R_14382371-14382571__chr3R_14386667-14387031	RIGHT	chr3R:14386667-14387031	chr3R	14386667	14387031	FBgn0024321_sm/chr3R_14382371-14382571__chr3R_14386667-14387031/enhancers/chr3R_14386667-14387031.fa	364
FBgn0024321_sm	FBgn0024321_sm/chr3R_14384206-14384447__chr3R_14386667-14387031	LEFT	chr3R:14384206-14384447	chr3R	14384206	14384447	FBgn0024321_sm/chr3R_14384206-14384447__chr3R_14386667-14387031/enhancers/chr3R_14384206-14384447.fa	241
FBgn0024321_sm	FBgn0024321_sm/chr3R_14384206-14384447__chr3R_14386667-14387031	RIGHT	chr3R:14386667-14387031	chr3R	14386667	14387031	FBgn0024321_sm/chr3R_14384206-14384447__chr3R_14386667-14387031/enhancers/chr3R_14386667-14387031.fa	364
FBgn0025874_sm	FBgn0025874_sm/chr3L_13886841-13887250__chr3L_13887299-13887499	LEFT	chr3L:13886841-13887250	chr3L	13886841	13887250	FBgn0025874_sm/chr3L_13886841-13887250__chr3L_13887299-13887499/enhancers/chr3L_13886841-13887250.fa	409
FBgn0025874_sm	FBgn0025874_sm/chr3L_13886841-13887250__chr3L_13887299-13887499	RIGHT	chr3L:13887299-13887499	chr3L	13887299	13887499	FBgn0025874_sm/chr3L_13886841-13887250__chr3L_13887299-13887499/enhancers/chr3L_13887299-13887499.fa	200
FBgn0025874_sm	FBgn0025874_sm/chr3L_13886841-13887250__chr3L_13892257-13892580	LEFT	chr3L:13886841-13887250	chr3L	13886841	13887250	FBgn0025874_sm/chr3L_13886841-13887250__chr3L_13892257-13892580/enhancers/chr3L_13886841-13887250.fa	409
FBgn0025874_sm	FBgn0025874_sm/chr3L_13886841-13887250__chr3L_13892257-13892580	RIGHT	chr3L:13892257-13892580	chr3L	13892257	13892580	FBgn0025874_sm/chr3L_13886841-13887250__chr3L_13892257-13892580/enhancers/chr3L_13892257-13892580.fa	323
FBgn0025874_sm	FBgn0025874_sm/chr3L_13887299-13887499__chr3L_13892257-13892580	LEFT	chr3L:13887299-13887499	chr3L	13887299	13887499	FBgn0025874_sm/chr3L_13887299-13887499__chr3L_13892257-13892580/enhancers/chr3L_13887299-13887499.fa	200
FBgn0025874_sm	FBgn0025874_sm/chr3L_13887299-13887499__chr3L_13892257-13892580	RIGHT	chr3L:13892257-13892580	chr3L	13892257	13892580	FBgn0025874_sm/chr3L_13887299-13887499__chr3L_13892257-13892580/enhancers/chr3L_13892257-13892580.fa	323
FBgn0026403_sm	FBgn0026403_sm/chr2R_9936639-9936952__chr2R_9938636-9938836	LEFT	chr2R:9936639-9936952	chr2R	9936639	9936952	FBgn0026403_sm/chr2R_9936639-9936952__chr2R_9938636-9938836/enhancers/chr2R_9936639-9936952.fa	313
FBgn0026403_sm	FBgn0026403_sm/chr2R_9936639-9936952__chr2R_9938636-9938836	RIGHT	chr2R:9938636-9938836	chr2R	9938636	9938836	FBgn0026403_sm/chr2R_9936639-9936952__chr2R_9938636-9938836/enhancers/chr2R_9938636-9938836.fa	200
FBgn0026409_sm	FBgn0026409_sm/chr3L_14523287-14523596__chr3L_14524405-14524880	LEFT	chr3L:14523287-14523596	chr3L	14523287	14523596	FBgn0026409_sm/chr3L_14523287-14523596__chr3L_14524405-14524880/enhancers/chr3L_14523287-14523596.fa	309
FBgn0026409_sm	FBgn0026409_sm/chr3L_14523287-14523596__chr3L_14524405-14524880	RIGHT	chr3L:14524405-14524880	chr3L	14524405	14524880	FBgn0026409_sm/chr3L_14523287-14523596__chr3L_14524405-14524880/enhancers/chr3L_14524405-14524880.fa	475
FBgn0026409_sm	FBgn0026409_sm/chr3L_14523287-14523596__chr3L_14526208-14526538	LEFT	chr3L:14523287-14523596	chr3L	14523287	14523596	FBgn0026409_sm/chr3L_14523287-14523596__chr3L_14526208-14526538/enhancers/chr3L_14523287-14523596.fa	309
FBgn0026409_sm	FBgn0026409_sm/chr3L_14523287-14523596__chr3L_14526208-14526538	RIGHT	chr3L:14526208-14526538	chr3L	14526208	14526538	FBgn0026409_sm/chr3L_14523287-14523596__chr3L_14526208-14526538/enhancers/chr3L_14526208-14526538.fa	330
FBgn0026409_sm	FBgn0026409_sm/chr3L_14523287-14523596__chr3L_14571782-14572050	LEFT	chr3L:14523287-14523596	chr3L	14523287	14523596	FBgn0026409_sm/chr3L_14523287-14523596__chr3L_14571782-14572050/enhancers/chr3L_14523287-14523596.fa	309
FBgn0026409_sm	FBgn0026409_sm/chr3L_14523287-14523596__chr3L_14571782-14572050	RIGHT	chr3L:14571782-14572050	chr3L	14571782	14572050	FBgn0026409_sm/chr3L_14523287-14523596__chr3L_14571782-14572050/enhancers/chr3L_14571782-14572050.fa	268
FBgn0026409_sm	FBgn0026409_sm/chr3L_14524405-14524880__chr3L_14526208-14526538	LEFT	chr3L:14524405-14524880	chr3L	14524405	14524880	FBgn0026409_sm/chr3L_14524405-14524880__chr3L_14526208-14526538/enhancers/chr3L_14524405-14524880.fa	475
FBgn0026409_sm	FBgn0026409_sm/chr3L_14524405-14524880__chr3L_14526208-14526538	RIGHT	chr3L:14526208-14526538	chr3L	14526208	14526538	FBgn0026409_sm/chr3L_14524405-14524880__chr3L_14526208-14526538/enhancers/chr3L_14526208-14526538.fa	330
FBgn0026409_sm	FBgn0026409_sm/chr3L_14524405-14524880__chr3L_14571782-14572050	LEFT	chr3L:14524405-14524880	chr3L	14524405	14524880	FBgn0026409_sm/chr3L_14524405-14524880__chr3L_14571782-14572050/enhancers/chr3L_14524405-14524880.fa	475
FBgn0026409_sm	FBgn0026409_sm/chr3L_14524405-14524880__chr3L_14571782-14572050	RIGHT	chr3L:14571782-14572050	chr3L	14571782	14572050	FBgn0026409_sm/chr3L_14524405-14524880__chr3L_14571782-14572050/enhancers/chr3L_14571782-14572050.fa	268
FBgn0026409_sm	FBgn0026409_sm/chr3L_14526208-14526538__chr3L_14571782-14572050	LEFT	chr3L:14526208-14526538	chr3L	14526208	14526538	FBgn0026409_sm/chr3L_14526208-14526538__chr3L_14571782-14572050/enhancers/chr3L_14526208-14526538.fa	330
FBgn0026409_sm	FBgn0026409_sm/chr3L_14526208-14526538__chr3L_14571782-14572050	RIGHT	chr3L:14571782-14572050	chr3L	14571782	14572050	FBgn0026409_sm/chr3L_14526208-14526538__chr3L_14571782-14572050/enhancers/chr3L_14571782-14572050.fa	268
FBgn0026761_sm	FBgn0026761_sm/chr2R_6148201-6148543__chr2R_6148968-6149343	LEFT	chr2R:6148201-6148543	chr2R	6148201	6148543	FBgn0026761_sm/chr2R_6148201-6148543__chr2R_6148968-6149343/enhancers/chr2R_6148201-6148543.fa	342
FBgn0026761_sm	FBgn0026761_sm/chr2R_6148201-6148543__chr2R_6148968-6149343	RIGHT	chr2R:6148968-6149343	chr2R	6148968	6149343	FBgn0026761_sm/chr2R_6148201-6148543__chr2R_6148968-6149343/enhancers/chr2R_6148968-6149343.fa	375
FBgn0026761_sm	FBgn0026761_sm/chr2R_6148201-6148543__chr2R_6223828-6224166	LEFT	chr2R:6148201-6148543	chr2R	6148201	6148543	FBgn0026761_sm/chr2R_6148201-6148543__chr2R_6223828-6224166/enhancers/chr2R_6148201-6148543.fa	342
FBgn0026761_sm	FBgn0026761_sm/chr2R_6148201-6148543__chr2R_6223828-6224166	RIGHT	chr2R:6223828-6224166	chr2R	6223828	6224166	FBgn0026761_sm/chr2R_6148201-6148543__chr2R_6223828-6224166/enhancers/chr2R_6223828-6224166.fa	338
FBgn0026761_sm	FBgn0026761_sm/chr2R_6148201-6148543__chr2R_6237153-6237506	LEFT	chr2R:6148201-6148543	chr2R	6148201	6148543	FBgn0026761_sm/chr2R_6148201-6148543__chr2R_6237153-6237506/enhancers/chr2R_6148201-6148543.fa	342
FBgn0026761_sm	FBgn0026761_sm/chr2R_6148201-6148543__chr2R_6237153-6237506	RIGHT	chr2R:6237153-6237506	chr2R	6237153	6237506	FBgn0026761_sm/chr2R_6148201-6148543__chr2R_6237153-6237506/enhancers/chr2R_6237153-6237506.fa	353
FBgn0026761_sm	FBgn0026761_sm/chr2R_6148968-6149343__chr2R_6223828-6224166	LEFT	chr2R:6148968-6149343	chr2R	6148968	6149343	FBgn0026761_sm/chr2R_6148968-6149343__chr2R_6223828-6224166/enhancers/chr2R_6148968-6149343.fa	375
FBgn0026761_sm	FBgn0026761_sm/chr2R_6148968-6149343__chr2R_6223828-6224166	RIGHT	chr2R:6223828-6224166	chr2R	6223828	6224166	FBgn0026761_sm/chr2R_6148968-6149343__chr2R_6223828-6224166/enhancers/chr2R_6223828-6224166.fa	338
FBgn0026761_sm	FBgn0026761_sm/chr2R_6148968-6149343__chr2R_6237153-6237506	LEFT	chr2R:6148968-6149343	chr2R	6148968	6149343	FBgn0026761_sm/chr2R_6148968-6149343__chr2R_6237153-6237506/enhancers/chr2R_6148968-6149343.fa	375
FBgn0026761_sm	FBgn0026761_sm/chr2R_6148968-6149343__chr2R_6237153-6237506	RIGHT	chr2R:6237153-6237506	chr2R	6237153	6237506	FBgn0026761_sm/chr2R_6148968-6149343__chr2R_6237153-6237506/enhancers/chr2R_6237153-6237506.fa	353
FBgn0026761_sm	FBgn0026761_sm/chr2R_6223828-6224166__chr2R_6237153-6237506	LEFT	chr2R:6223828-6224166	chr2R	6223828	6224166	FBgn0026761_sm/chr2R_6223828-6224166__chr2R_6237153-6237506/enhancers/chr2R_6223828-6224166.fa	338
FBgn0026761_sm	FBgn0026761_sm/chr2R_6223828-6224166__chr2R_6237153-6237506	RIGHT	chr2R:6237153-6237506	chr2R	6237153	6237506	FBgn0026761_sm/chr2R_6223828-6224166__chr2R_6237153-6237506/enhancers/chr2R_6237153-6237506.fa	353
FBgn0027088_sm	FBgn0027088_sm/chr3L_15048542-15048758__chr3L_15051009-15051402	LEFT	chr3L:15048542-15048758	chr3L	15048542	15048758	FBgn0027088_sm/chr3L_15048542-15048758__chr3L_15051009-15051402/enhancers/chr3L_15048542-15048758.fa	216
FBgn0027088_sm	FBgn0027088_sm/chr3L_15048542-15048758__chr3L_15051009-15051402	RIGHT	chr3L:15051009-15051402	chr3L	15051009	15051402	FBgn0027088_sm/chr3L_15048542-15048758__chr3L_15051009-15051402/enhancers/chr3L_15051009-15051402.fa	393
FBgn0027088_sm	FBgn0027088_sm/chr3L_15048542-15048758__chr3L_15058846-15059046	LEFT	chr3L:15048542-15048758	chr3L	15048542	15048758	FBgn0027088_sm/chr3L_15048542-15048758__chr3L_15058846-15059046/enhancers/chr3L_15048542-15048758.fa	216
FBgn0027088_sm	FBgn0027088_sm/chr3L_15048542-15048758__chr3L_15058846-15059046	RIGHT	chr3L:15058846-15059046	chr3L	15058846	15059046	FBgn0027088_sm/chr3L_15048542-15048758__chr3L_15058846-15059046/enhancers/chr3L_15058846-15059046.fa	200
FBgn0027088_sm	FBgn0027088_sm/chr3L_15048542-15048758__chr3L_15062508-15062841	LEFT	chr3L:15048542-15048758	chr3L	15048542	15048758	FBgn0027088_sm/chr3L_15048542-15048758__chr3L_15062508-15062841/enhancers/chr3L_15048542-15048758.fa	216
FBgn0027088_sm	FBgn0027088_sm/chr3L_15048542-15048758__chr3L_15062508-15062841	RIGHT	chr3L:15062508-15062841	chr3L	15062508	15062841	FBgn0027088_sm/chr3L_15048542-15048758__chr3L_15062508-15062841/enhancers/chr3L_15062508-15062841.fa	333
FBgn0027088_sm	FBgn0027088_sm/chr3L_15048542-15048758__chr3L_15065782-15065982	LEFT	chr3L:15048542-15048758	chr3L	15048542	15048758	FBgn0027088_sm/chr3L_15048542-15048758__chr3L_15065782-15065982/enhancers/chr3L_15048542-15048758.fa	216
FBgn0027088_sm	FBgn0027088_sm/chr3L_15048542-15048758__chr3L_15065782-15065982	RIGHT	chr3L:15065782-15065982	chr3L	15065782	15065982	FBgn0027088_sm/chr3L_15048542-15048758__chr3L_15065782-15065982/enhancers/chr3L_15065782-15065982.fa	200
FBgn0027088_sm	FBgn0027088_sm/chr3L_15051009-15051402__chr3L_15058846-15059046	LEFT	chr3L:15051009-15051402	chr3L	15051009	15051402	FBgn0027088_sm/chr3L_15051009-15051402__chr3L_15058846-15059046/enhancers/chr3L_15051009-15051402.fa	393
FBgn0027088_sm	FBgn0027088_sm/chr3L_15051009-15051402__chr3L_15058846-15059046	RIGHT	chr3L:15058846-15059046	chr3L	15058846	15059046	FBgn0027088_sm/chr3L_15051009-15051402__chr3L_15058846-15059046/enhancers/chr3L_15058846-15059046.fa	200
FBgn0027088_sm	FBgn0027088_sm/chr3L_15051009-15051402__chr3L_15062508-15062841	LEFT	chr3L:15051009-15051402	chr3L	15051009	15051402	FBgn0027088_sm/chr3L_15051009-15051402__chr3L_15062508-15062841/enhancers/chr3L_15051009-15051402.fa	393
FBgn0027088_sm	FBgn0027088_sm/chr3L_15051009-15051402__chr3L_15062508-15062841	RIGHT	chr3L:15062508-15062841	chr3L	15062508	15062841	FBgn0027088_sm/chr3L_15051009-15051402__chr3L_15062508-15062841/enhancers/chr3L_15062508-15062841.fa	333
FBgn0027088_sm	FBgn0027088_sm/chr3L_15051009-15051402__chr3L_15065782-15065982	LEFT	chr3L:15051009-15051402	chr3L	15051009	15051402	FBgn0027088_sm/chr3L_15051009-15051402__chr3L_15065782-15065982/enhancers/chr3L_15051009-15051402.fa	393
FBgn0027088_sm	FBgn0027088_sm/chr3L_15051009-15051402__chr3L_15065782-15065982	RIGHT	chr3L:15065782-15065982	chr3L	15065782	15065982	FBgn0027088_sm/chr3L_15051009-15051402__chr3L_15065782-15065982/enhancers/chr3L_15065782-15065982.fa	200
FBgn0027088_sm	FBgn0027088_sm/chr3L_15058846-15059046__chr3L_15062508-15062841	LEFT	chr3L:15058846-15059046	chr3L	15058846	15059046	FBgn0027088_sm/chr3L_15058846-15059046__chr3L_15062508-15062841/enhancers/chr3L_15058846-15059046.fa	200
FBgn0027088_sm	FBgn0027088_sm/chr3L_15058846-15059046__chr3L_15062508-15062841	RIGHT	chr3L:15062508-15062841	chr3L	15062508	15062841	FBgn0027088_sm/chr3L_15058846-15059046__chr3L_15062508-15062841/enhancers/chr3L_15062508-15062841.fa	333
FBgn0027088_sm	FBgn0027088_sm/chr3L_15058846-15059046__chr3L_15065782-15065982	LEFT	chr3L:15058846-15059046	chr3L	15058846	15059046	FBgn0027088_sm/chr3L_15058846-15059046__chr3L_15065782-15065982/enhancers/chr3L_15058846-15059046.fa	200
FBgn0027088_sm	FBgn0027088_sm/chr3L_15058846-15059046__chr3L_15065782-15065982	RIGHT	chr3L:15065782-15065982	chr3L	15065782	15065982	FBgn0027088_sm/chr3L_15058846-15059046__chr3L_15065782-15065982/enhancers/chr3L_15065782-15065982.fa	200
FBgn0027088_sm	FBgn0027088_sm/chr3L_15062508-15062841__chr3L_15065782-15065982	LEFT	chr3L:15062508-15062841	chr3L	15062508	15062841	FBgn0027088_sm/chr3L_15062508-15062841__chr3L_15065782-15065982/enhancers/chr3L_15062508-15062841.fa	333
FBgn0027088_sm	FBgn0027088_sm/chr3L_15062508-15062841__chr3L_15065782-15065982	RIGHT	chr3L:15065782-15065982	chr3L	15065782	15065982	FBgn0027088_sm/chr3L_15062508-15062841__chr3L_15065782-15065982/enhancers/chr3L_15065782-15065982.fa	200
FBgn0027111_sm	FBgn0027111_sm/chr3L_254348-254880__chr3L_266056-266335	LEFT	chr3L:254348-254880	chr3L	254348	254880	FBgn0027111_sm/chr3L_254348-254880__chr3L_266056-266335/enhancers/chr3L_254348-254880.fa	532
FBgn0027111_sm	FBgn0027111_sm/chr3L_254348-254880__chr3L_266056-266335	RIGHT	chr3L:266056-266335	chr3L	266056	266335	FBgn0027111_sm/chr3L_254348-254880__chr3L_266056-266335/enhancers/chr3L_266056-266335.fa	279
FBgn0027111_sm	FBgn0027111_sm/chr3L_254348-254880__chr3L_278816-279016	LEFT	chr3L:254348-254880	chr3L	254348	254880	FBgn0027111_sm/chr3L_254348-254880__chr3L_278816-279016/enhancers/chr3L_254348-254880.fa	532
FBgn0027111_sm	FBgn0027111_sm/chr3L_254348-254880__chr3L_278816-279016	RIGHT	chr3L:278816-279016	chr3L	278816	279016	FBgn0027111_sm/chr3L_254348-254880__chr3L_278816-279016/enhancers/chr3L_278816-279016.fa	200
FBgn0027111_sm	FBgn0027111_sm/chr3L_266056-266335__chr3L_278816-279016	LEFT	chr3L:266056-266335	chr3L	266056	266335	FBgn0027111_sm/chr3L_266056-266335__chr3L_278816-279016/enhancers/chr3L_266056-266335.fa	279
FBgn0027111_sm	FBgn0027111_sm/chr3L_266056-266335__chr3L_278816-279016	RIGHT	chr3L:278816-279016	chr3L	278816	279016	FBgn0027111_sm/chr3L_266056-266335__chr3L_278816-279016/enhancers/chr3L_278816-279016.fa	200
FBgn0027339_sm	FBgn0027339_sm/chr3L_22728933-22729192__chr3L_22773634-22773848	LEFT	chr3L:22728933-22729192	chr3L	22728933	22729192	FBgn0027339_sm/chr3L_22728933-22729192__chr3L_22773634-22773848/enhancers/chr3L_22728933-22729192.fa	259
FBgn0027339_sm	FBgn0027339_sm/chr3L_22728933-22729192__chr3L_22773634-22773848	RIGHT	chr3L:22773634-22773848	chr3L	22773634	22773848	FBgn0027339_sm/chr3L_22728933-22729192__chr3L_22773634-22773848/enhancers/chr3L_22773634-22773848.fa	214
FBgn0027339_sm	FBgn0027339_sm/chr3L_22728933-22729192__chr3L_22788539-22788804	LEFT	chr3L:22728933-22729192	chr3L	22728933	22729192	FBgn0027339_sm/chr3L_22728933-22729192__chr3L_22788539-22788804/enhancers/chr3L_22728933-22729192.fa	259
FBgn0027339_sm	FBgn0027339_sm/chr3L_22728933-22729192__chr3L_22788539-22788804	RIGHT	chr3L:22788539-22788804	chr3L	22788539	22788804	FBgn0027339_sm/chr3L_22728933-22729192__chr3L_22788539-22788804/enhancers/chr3L_22788539-22788804.fa	265
FBgn0027339_sm	FBgn0027339_sm/chr3L_22773634-22773848__chr3L_22788539-22788804	LEFT	chr3L:22773634-22773848	chr3L	22773634	22773848	FBgn0027339_sm/chr3L_22773634-22773848__chr3L_22788539-22788804/enhancers/chr3L_22773634-22773848.fa	214
FBgn0027339_sm	FBgn0027339_sm/chr3L_22773634-22773848__chr3L_22788539-22788804	RIGHT	chr3L:22788539-22788804	chr3L	22788539	22788804	FBgn0027339_sm/chr3L_22773634-22773848__chr3L_22788539-22788804/enhancers/chr3L_22788539-22788804.fa	265
FBgn0027356_sm	FBgn0027356_sm/chr2R_12215684-12216005__chr2R_12224142-12224342	LEFT	chr2R:12215684-12216005	chr2R	12215684	12216005	FBgn0027356_sm/chr2R_12215684-12216005__chr2R_12224142-12224342/enhancers/chr2R_12215684-12216005.fa	321
FBgn0027356_sm	FBgn0027356_sm/chr2R_12215684-12216005__chr2R_12224142-12224342	RIGHT	chr2R:12224142-12224342	chr2R	12224142	12224342	FBgn0027356_sm/chr2R_12215684-12216005__chr2R_12224142-12224342/enhancers/chr2R_12224142-12224342.fa	200
FBgn0027865_sm	FBgn0027865_sm/chr3R_25851620-25852011__chr3R_25879434-25879634	LEFT	chr3R:25851620-25852011	chr3R	25851620	25852011	FBgn0027865_sm/chr3R_25851620-25852011__chr3R_25879434-25879634/enhancers/chr3R_25851620-25852011.fa	391
FBgn0027865_sm	FBgn0027865_sm/chr3R_25851620-25852011__chr3R_25879434-25879634	RIGHT	chr3R:25879434-25879634	chr3R	25879434	25879634	FBgn0027865_sm/chr3R_25851620-25852011__chr3R_25879434-25879634/enhancers/chr3R_25879434-25879634.fa	200
FBgn0027865_sm	FBgn0027865_sm/chr3R_25851620-25852011__chr3R_25880902-25881203	LEFT	chr3R:25851620-25852011	chr3R	25851620	25852011	FBgn0027865_sm/chr3R_25851620-25852011__chr3R_25880902-25881203/enhancers/chr3R_25851620-25852011.fa	391
FBgn0027865_sm	FBgn0027865_sm/chr3R_25851620-25852011__chr3R_25880902-25881203	RIGHT	chr3R:25880902-25881203	chr3R	25880902	25881203	FBgn0027865_sm/chr3R_25851620-25852011__chr3R_25880902-25881203/enhancers/chr3R_25880902-25881203.fa	301
FBgn0027865_sm	FBgn0027865_sm/chr3R_25879434-25879634__chr3R_25880902-25881203	LEFT	chr3R:25879434-25879634	chr3R	25879434	25879634	FBgn0027865_sm/chr3R_25879434-25879634__chr3R_25880902-25881203/enhancers/chr3R_25879434-25879634.fa	200
FBgn0027865_sm	FBgn0027865_sm/chr3R_25879434-25879634__chr3R_25880902-25881203	RIGHT	chr3R:25880902-25881203	chr3R	25880902	25881203	FBgn0027865_sm/chr3R_25879434-25879634__chr3R_25880902-25881203/enhancers/chr3R_25880902-25881203.fa	301
FBgn0028734_sm	FBgn0028734_sm/chr3R_10106432-10106719__chr3R_10108491-10108933	LEFT	chr3R:10106432-10106719	chr3R	10106432	10106719	FBgn0028734_sm/chr3R_10106432-10106719__chr3R_10108491-10108933/enhancers/chr3R_10106432-10106719.fa	287
FBgn0028734_sm	FBgn0028734_sm/chr3R_10106432-10106719__chr3R_10108491-10108933	RIGHT	chr3R:10108491-10108933	chr3R	10108491	10108933	FBgn0028734_sm/chr3R_10106432-10106719__chr3R_10108491-10108933/enhancers/chr3R_10108491-10108933.fa	442
FBgn0029504_sm	FBgn0029504_sm/chrX_7555826-7556105__chrX_7573472-7573775	LEFT	chrX:7555826-7556105	chrX	7555826	7556105	FBgn0029504_sm/chrX_7555826-7556105__chrX_7573472-7573775/enhancers/chrX_7555826-7556105.fa	279
FBgn0029504_sm	FBgn0029504_sm/chrX_7555826-7556105__chrX_7573472-7573775	RIGHT	chrX:7573472-7573775	chrX	7573472	7573775	FBgn0029504_sm/chrX_7555826-7556105__chrX_7573472-7573775/enhancers/chrX_7573472-7573775.fa	303
FBgn0029504_sm	FBgn0029504_sm/chrX_7555826-7556105__chrX_7580532-7580795	LEFT	chrX:7555826-7556105	chrX	7555826	7556105	FBgn0029504_sm/chrX_7555826-7556105__chrX_7580532-7580795/enhancers/chrX_7555826-7556105.fa	279
FBgn0029504_sm	FBgn0029504_sm/chrX_7555826-7556105__chrX_7580532-7580795	RIGHT	chrX:7580532-7580795	chrX	7580532	7580795	FBgn0029504_sm/chrX_7555826-7556105__chrX_7580532-7580795/enhancers/chrX_7580532-7580795.fa	263
FBgn0029504_sm	FBgn0029504_sm/chrX_7573472-7573775__chrX_7580532-7580795	LEFT	chrX:7573472-7573775	chrX	7573472	7573775	FBgn0029504_sm/chrX_7573472-7573775__chrX_7580532-7580795/enhancers/chrX_7573472-7573775.fa	303
FBgn0029504_sm	FBgn0029504_sm/chrX_7573472-7573775__chrX_7580532-7580795	RIGHT	chrX:7580532-7580795	chrX	7580532	7580795	FBgn0029504_sm/chrX_7573472-7573775__chrX_7580532-7580795/enhancers/chrX_7580532-7580795.fa	263
FBgn0029665_sm	FBgn0029665_sm/chrX_3411043-3411363__chrX_3413665-3413865	LEFT	chrX:3411043-3411363	chrX	3411043	3411363	FBgn0029665_sm/chrX_3411043-3411363__chrX_3413665-3413865/enhancers/chrX_3411043-3411363.fa	320
FBgn0029665_sm	FBgn0029665_sm/chrX_3411043-3411363__chrX_3413665-3413865	RIGHT	chrX:3413665-3413865	chrX	3413665	3413865	FBgn0029665_sm/chrX_3411043-3411363__chrX_3413665-3413865/enhancers/chrX_3413665-3413865.fa	200
FBgn0029665_sm	FBgn0029665_sm/chrX_3411043-3411363__chrX_3417229-3417559	LEFT	chrX:3411043-3411363	chrX	3411043	3411363	FBgn0029665_sm/chrX_3411043-3411363__chrX_3417229-3417559/enhancers/chrX_3411043-3411363.fa	320
FBgn0029665_sm	FBgn0029665_sm/chrX_3411043-3411363__chrX_3417229-3417559	RIGHT	chrX:3417229-3417559	chrX	3417229	3417559	FBgn0029665_sm/chrX_3411043-3411363__chrX_3417229-3417559/enhancers/chrX_3417229-3417559.fa	330
FBgn0029665_sm	FBgn0029665_sm/chrX_3413665-3413865__chrX_3417229-3417559	LEFT	chrX:3413665-3413865	chrX	3413665	3413865	FBgn0029665_sm/chrX_3413665-3413865__chrX_3417229-3417559/enhancers/chrX_3413665-3413865.fa	200
FBgn0029665_sm	FBgn0029665_sm/chrX_3413665-3413865__chrX_3417229-3417559	RIGHT	chrX:3417229-3417559	chrX	3417229	3417559	FBgn0029665_sm/chrX_3413665-3413865__chrX_3417229-3417559/enhancers/chrX_3417229-3417559.fa	330
FBgn0029755_sm	FBgn0029755_sm/chrX_5291739-5291939__chrX_5295134-5295334	LEFT	chrX:5291739-5291939	chrX	5291739	5291939	FBgn0029755_sm/chrX_5291739-5291939__chrX_5295134-5295334/enhancers/chrX_5291739-5291939.fa	200
FBgn0029755_sm	FBgn0029755_sm/chrX_5291739-5291939__chrX_5295134-5295334	RIGHT	chrX:5295134-5295334	chrX	5295134	5295334	FBgn0029755_sm/chrX_5291739-5291939__chrX_5295134-5295334/enhancers/chrX_5295134-5295334.fa	200
FBgn0030451_sm	FBgn0030451_sm/chrX_13051960-13052281__chrX_13070183-13070515	LEFT	chrX:13051960-13052281	chrX	13051960	13052281	FBgn0030451_sm/chrX_13051960-13052281__chrX_13070183-13070515/enhancers/chrX_13051960-13052281.fa	321
FBgn0030451_sm	FBgn0030451_sm/chrX_13051960-13052281__chrX_13070183-13070515	RIGHT	chrX:13070183-13070515	chrX	13070183	13070515	FBgn0030451_sm/chrX_13051960-13052281__chrX_13070183-13070515/enhancers/chrX_13070183-13070515.fa	332
FBgn0030451_sm	FBgn0030451_sm/chrX_13051960-13052281__chrX_13078529-13078729	LEFT	chrX:13051960-13052281	chrX	13051960	13052281	FBgn0030451_sm/chrX_13051960-13052281__chrX_13078529-13078729/enhancers/chrX_13051960-13052281.fa	321
FBgn0030451_sm	FBgn0030451_sm/chrX_13051960-13052281__chrX_13078529-13078729	RIGHT	chrX:13078529-13078729	chrX	13078529	13078729	FBgn0030451_sm/chrX_13051960-13052281__chrX_13078529-13078729/enhancers/chrX_13078529-13078729.fa	200
FBgn0030451_sm	FBgn0030451_sm/chrX_13070183-13070515__chrX_13078529-13078729	LEFT	chrX:13070183-13070515	chrX	13070183	13070515	FBgn0030451_sm/chrX_13070183-13070515__chrX_13078529-13078729/enhancers/chrX_13070183-13070515.fa	332
FBgn0030451_sm	FBgn0030451_sm/chrX_13070183-13070515__chrX_13078529-13078729	RIGHT	chrX:13078529-13078729	chrX	13078529	13078729	FBgn0030451_sm/chrX_13070183-13070515__chrX_13078529-13078729/enhancers/chrX_13078529-13078729.fa	200
FBgn0030480_sm	FBgn0030480_sm/chrX_13335047-13335247__chrX_13337480-13337751	LEFT	chrX:13335047-13335247	chrX	13335047	13335247	FBgn0030480_sm/chrX_13335047-13335247__chrX_13337480-13337751/enhancers/chrX_13335047-13335247.fa	200
FBgn0030480_sm	FBgn0030480_sm/chrX_13335047-13335247__chrX_13337480-13337751	RIGHT	chrX:13337480-13337751	chrX	13337480	13337751	FBgn0030480_sm/chrX_13335047-13335247__chrX_13337480-13337751/enhancers/chrX_13337480-13337751.fa	271
FBgn0030864_sm	FBgn0030864_sm/chrX_17650510-17650710__chrX_17660173-17660373	LEFT	chrX:17650510-17650710	chrX	17650510	17650710	FBgn0030864_sm/chrX_17650510-17650710__chrX_17660173-17660373/enhancers/chrX_17650510-17650710.fa	200
FBgn0030864_sm	FBgn0030864_sm/chrX_17650510-17650710__chrX_17660173-17660373	RIGHT	chrX:17660173-17660373	chrX	17660173	17660373	FBgn0030864_sm/chrX_17650510-17650710__chrX_17660173-17660373/enhancers/chrX_17660173-17660373.fa	200
FBgn0030864_sm	FBgn0030864_sm/chrX_17650510-17650710__chrX_17667811-17668233	LEFT	chrX:17650510-17650710	chrX	17650510	17650710	FBgn0030864_sm/chrX_17650510-17650710__chrX_17667811-17668233/enhancers/chrX_17650510-17650710.fa	200
FBgn0030864_sm	FBgn0030864_sm/chrX_17650510-17650710__chrX_17667811-17668233	RIGHT	chrX:17667811-17668233	chrX	17667811	17668233	FBgn0030864_sm/chrX_17650510-17650710__chrX_17667811-17668233/enhancers/chrX_17667811-17668233.fa	422
FBgn0030864_sm	FBgn0030864_sm/chrX_17660173-17660373__chrX_17667811-17668233	LEFT	chrX:17660173-17660373	chrX	17660173	17660373	FBgn0030864_sm/chrX_17660173-17660373__chrX_17667811-17668233/enhancers/chrX_17660173-17660373.fa	200
FBgn0030864_sm	FBgn0030864_sm/chrX_17660173-17660373__chrX_17667811-17668233	RIGHT	chrX:17667811-17668233	chrX	17667811	17668233	FBgn0030864_sm/chrX_17660173-17660373__chrX_17667811-17668233/enhancers/chrX_17667811-17668233.fa	422
FBgn0031008_sm	FBgn0031008_sm/chrX_19236806-19237421__chrX_19238211-19238765	LEFT	chrX:19236806-19237421	chrX	19236806	19237421	FBgn0031008_sm/chrX_19236806-19237421__chrX_19238211-19238765/enhancers/chrX_19236806-19237421.fa	615
FBgn0031008_sm	FBgn0031008_sm/chrX_19236806-19237421__chrX_19238211-19238765	RIGHT	chrX:19238211-19238765	chrX	19238211	19238765	FBgn0031008_sm/chrX_19236806-19237421__chrX_19238211-19238765/enhancers/chrX_19238211-19238765.fa	554
FBgn0031037_sm	FBgn0031037_sm/chrX_19544220-19544470__chrX_19544519-19544719	LEFT	chrX:19544220-19544470	chrX	19544220	19544470	FBgn0031037_sm/chrX_19544220-19544470__chrX_19544519-19544719/enhancers/chrX_19544220-19544470.fa	250
FBgn0031037_sm	FBgn0031037_sm/chrX_19544220-19544470__chrX_19544519-19544719	RIGHT	chrX:19544519-19544719	chrX	19544519	19544719	FBgn0031037_sm/chrX_19544220-19544470__chrX_19544519-19544719/enhancers/chrX_19544519-19544719.fa	200
FBgn0031228_sm	FBgn0031228_sm/chr2L_160687-161034__chr2L_161603-162045	LEFT	chr2L:160687-161034	chr2L	160687	161034	FBgn0031228_sm/chr2L_160687-161034__chr2L_161603-162045/enhancers/chr2L_160687-161034.fa	347
FBgn0031228_sm	FBgn0031228_sm/chr2L_160687-161034__chr2L_161603-162045	RIGHT	chr2L:161603-162045	chr2L	161603	162045	FBgn0031228_sm/chr2L_160687-161034__chr2L_161603-162045/enhancers/chr2L_161603-162045.fa	442
FBgn0031228_sm	FBgn0031228_sm/chr2L_160687-161034__chr2L_166574-166924	LEFT	chr2L:160687-161034	chr2L	160687	161034	FBgn0031228_sm/chr2L_160687-161034__chr2L_166574-166924/enhancers/chr2L_160687-161034.fa	347
FBgn0031228_sm	FBgn0031228_sm/chr2L_160687-161034__chr2L_166574-166924	RIGHT	chr2L:166574-166924	chr2L	166574	166924	FBgn0031228_sm/chr2L_160687-161034__chr2L_166574-166924/enhancers/chr2L_166574-166924.fa	350
FBgn0031228_sm	FBgn0031228_sm/chr2L_161603-162045__chr2L_166574-166924	LEFT	chr2L:161603-162045	chr2L	161603	162045	FBgn0031228_sm/chr2L_161603-162045__chr2L_166574-166924/enhancers/chr2L_161603-162045.fa	442
FBgn0031228_sm	FBgn0031228_sm/chr2L_161603-162045__chr2L_166574-166924	RIGHT	chr2L:166574-166924	chr2L	166574	166924	FBgn0031228_sm/chr2L_161603-162045__chr2L_166574-166924/enhancers/chr2L_166574-166924.fa	350
FBgn0031307_sm	FBgn0031307_sm/chr2L_1118230-1118839__chr2L_1123442-1123872	LEFT	chr2L:1118230-1118839	chr2L	1118230	1118839	FBgn0031307_sm/chr2L_1118230-1118839__chr2L_1123442-1123872/enhancers/chr2L_1118230-1118839.fa	609
FBgn0031307_sm	FBgn0031307_sm/chr2L_1118230-1118839__chr2L_1123442-1123872	RIGHT	chr2L:1123442-1123872	chr2L	1123442	1123872	FBgn0031307_sm/chr2L_1118230-1118839__chr2L_1123442-1123872/enhancers/chr2L_1123442-1123872.fa	430
FBgn0031857_sm	FBgn0031857_sm/chr2L_6751919-6752178__chr2L_6772280-6772480	LEFT	chr2L:6751919-6752178	chr2L	6751919	6752178	FBgn0031857_sm/chr2L_6751919-6752178__chr2L_6772280-6772480/enhancers/chr2L_6751919-6752178.fa	259
FBgn0031857_sm	FBgn0031857_sm/chr2L_6751919-6752178__chr2L_6772280-6772480	RIGHT	chr2L:6772280-6772480	chr2L	6772280	6772480	FBgn0031857_sm/chr2L_6751919-6752178__chr2L_6772280-6772480/enhancers/chr2L_6772280-6772480.fa	200
FBgn0031857_sm	FBgn0031857_sm/chr2L_6751919-6752178__chr2L_6787279-6787639	LEFT	chr2L:6751919-6752178	chr2L	6751919	6752178	FBgn0031857_sm/chr2L_6751919-6752178__chr2L_6787279-6787639/enhancers/chr2L_6751919-6752178.fa	259
FBgn0031857_sm	FBgn0031857_sm/chr2L_6751919-6752178__chr2L_6787279-6787639	RIGHT	chr2L:6787279-6787639	chr2L	6787279	6787639	FBgn0031857_sm/chr2L_6751919-6752178__chr2L_6787279-6787639/enhancers/chr2L_6787279-6787639.fa	360
FBgn0031857_sm	FBgn0031857_sm/chr2L_6772280-6772480__chr2L_6787279-6787639	LEFT	chr2L:6772280-6772480	chr2L	6772280	6772480	FBgn0031857_sm/chr2L_6772280-6772480__chr2L_6787279-6787639/enhancers/chr2L_6772280-6772480.fa	200
FBgn0031857_sm	FBgn0031857_sm/chr2L_6772280-6772480__chr2L_6787279-6787639	RIGHT	chr2L:6787279-6787639	chr2L	6787279	6787639	FBgn0031857_sm/chr2L_6772280-6772480__chr2L_6787279-6787639/enhancers/chr2L_6787279-6787639.fa	360
FBgn0031908_sm	FBgn0031908_sm/chr2L_7340816-7341016__chr2L_7398789-7398989	LEFT	chr2L:7340816-7341016	chr2L	7340816	7341016	FBgn0031908_sm/chr2L_7340816-7341016__chr2L_7398789-7398989/enhancers/chr2L_7340816-7341016.fa	200
FBgn0031908_sm	FBgn0031908_sm/chr2L_7340816-7341016__chr2L_7398789-7398989	RIGHT	chr2L:7398789-7398989	chr2L	7398789	7398989	FBgn0031908_sm/chr2L_7340816-7341016__chr2L_7398789-7398989/enhancers/chr2L_7398789-7398989.fa	200
FBgn0031908_sm	FBgn0031908_sm/chr2L_7340816-7341016__chr2L_7401211-7401411	LEFT	chr2L:7340816-7341016	chr2L	7340816	7341016	FBgn0031908_sm/chr2L_7340816-7341016__chr2L_7401211-7401411/enhancers/chr2L_7340816-7341016.fa	200
FBgn0031908_sm	FBgn0031908_sm/chr2L_7340816-7341016__chr2L_7401211-7401411	RIGHT	chr2L:7401211-7401411	chr2L	7401211	7401411	FBgn0031908_sm/chr2L_7340816-7341016__chr2L_7401211-7401411/enhancers/chr2L_7401211-7401411.fa	200
FBgn0031908_sm	FBgn0031908_sm/chr2L_7340816-7341016__chr2L_7404967-7405167	LEFT	chr2L:7340816-7341016	chr2L	7340816	7341016	FBgn0031908_sm/chr2L_7340816-7341016__chr2L_7404967-7405167/enhancers/chr2L_7340816-7341016.fa	200
FBgn0031908_sm	FBgn0031908_sm/chr2L_7340816-7341016__chr2L_7404967-7405167	RIGHT	chr2L:7404967-7405167	chr2L	7404967	7405167	FBgn0031908_sm/chr2L_7340816-7341016__chr2L_7404967-7405167/enhancers/chr2L_7404967-7405167.fa	200
FBgn0031908_sm	FBgn0031908_sm/chr2L_7340816-7341016__chr2L_7407733-7408080	LEFT	chr2L:7340816-7341016	chr2L	7340816	7341016	FBgn0031908_sm/chr2L_7340816-7341016__chr2L_7407733-7408080/enhancers/chr2L_7340816-7341016.fa	200
FBgn0031908_sm	FBgn0031908_sm/chr2L_7340816-7341016__chr2L_7407733-7408080	RIGHT	chr2L:7407733-7408080	chr2L	7407733	7408080	FBgn0031908_sm/chr2L_7340816-7341016__chr2L_7407733-7408080/enhancers/chr2L_7407733-7408080.fa	347
FBgn0031908_sm	FBgn0031908_sm/chr2L_7398789-7398989__chr2L_7401211-7401411	LEFT	chr2L:7398789-7398989	chr2L	7398789	7398989	FBgn0031908_sm/chr2L_7398789-7398989__chr2L_7401211-7401411/enhancers/chr2L_7398789-7398989.fa	200
FBgn0031908_sm	FBgn0031908_sm/chr2L_7398789-7398989__chr2L_7401211-7401411	RIGHT	chr2L:7401211-7401411	chr2L	7401211	7401411	FBgn0031908_sm/chr2L_7398789-7398989__chr2L_7401211-7401411/enhancers/chr2L_7401211-7401411.fa	200
FBgn0031908_sm	FBgn0031908_sm/chr2L_7398789-7398989__chr2L_7404967-7405167	LEFT	chr2L:7398789-7398989	chr2L	7398789	7398989	FBgn0031908_sm/chr2L_7398789-7398989__chr2L_7404967-7405167/enhancers/chr2L_7398789-7398989.fa	200
FBgn0031908_sm	FBgn0031908_sm/chr2L_7398789-7398989__chr2L_7404967-7405167	RIGHT	chr2L:7404967-7405167	chr2L	7404967	7405167	FBgn0031908_sm/chr2L_7398789-7398989__chr2L_7404967-7405167/enhancers/chr2L_7404967-7405167.fa	200
FBgn0031908_sm	FBgn0031908_sm/chr2L_7398789-7398989__chr2L_7407733-7408080	LEFT	chr2L:7398789-7398989	chr2L	7398789	7398989	FBgn0031908_sm/chr2L_7398789-7398989__chr2L_7407733-7408080/enhancers/chr2L_7398789-7398989.fa	200
FBgn0031908_sm	FBgn0031908_sm/chr2L_7398789-7398989__chr2L_7407733-7408080	RIGHT	chr2L:7407733-7408080	chr2L	7407733	7408080	FBgn0031908_sm/chr2L_7398789-7398989__chr2L_7407733-7408080/enhancers/chr2L_7407733-7408080.fa	347
FBgn0031908_sm	FBgn0031908_sm/chr2L_7401211-7401411__chr2L_7404967-7405167	LEFT	chr2L:7401211-7401411	chr2L	7401211	7401411	FBgn0031908_sm/chr2L_7401211-7401411__chr2L_7404967-7405167/enhancers/chr2L_7401211-7401411.fa	200
FBgn0031908_sm	FBgn0031908_sm/chr2L_7401211-7401411__chr2L_7404967-7405167	RIGHT	chr2L:7404967-7405167	chr2L	7404967	7405167	FBgn0031908_sm/chr2L_7401211-7401411__chr2L_7404967-7405167/enhancers/chr2L_7404967-7405167.fa	200
FBgn0031908_sm	FBgn0031908_sm/chr2L_7401211-7401411__chr2L_7407733-7408080	LEFT	chr2L:7401211-7401411	chr2L	7401211	7401411	FBgn0031908_sm/chr2L_7401211-7401411__chr2L_7407733-7408080/enhancers/chr2L_7401211-7401411.fa	200
FBgn0031908_sm	FBgn0031908_sm/chr2L_7401211-7401411__chr2L_7407733-7408080	RIGHT	chr2L:7407733-7408080	chr2L	7407733	7408080	FBgn0031908_sm/chr2L_7401211-7401411__chr2L_7407733-7408080/enhancers/chr2L_7407733-7408080.fa	347
FBgn0031908_sm	FBgn0031908_sm/chr2L_7404967-7405167__chr2L_7407733-7408080	LEFT	chr2L:7404967-7405167	chr2L	7404967	7405167	FBgn0031908_sm/chr2L_7404967-7405167__chr2L_7407733-7408080/enhancers/chr2L_7404967-7405167.fa	200
FBgn0031908_sm	FBgn0031908_sm/chr2L_7404967-7405167__chr2L_7407733-7408080	RIGHT	chr2L:7407733-7408080	chr2L	7407733	7408080	FBgn0031908_sm/chr2L_7404967-7405167__chr2L_7407733-7408080/enhancers/chr2L_7407733-7408080.fa	347
FBgn0031959_sm	FBgn0031959_sm/chr2L_7912619-7912927__chr2L_7915086-7915342	LEFT	chr2L:7912619-7912927	chr2L	7912619	7912927	FBgn0031959_sm/chr2L_7912619-7912927__chr2L_7915086-7915342/enhancers/chr2L_7912619-7912927.fa	308
FBgn0031959_sm	FBgn0031959_sm/chr2L_7912619-7912927__chr2L_7915086-7915342	RIGHT	chr2L:7915086-7915342	chr2L	7915086	7915342	FBgn0031959_sm/chr2L_7912619-7912927__chr2L_7915086-7915342/enhancers/chr2L_7915086-7915342.fa	256
FBgn0032129_sm	FBgn0032129_sm/chr2L_9525656-9525929__chr2L_9551353-9551553	LEFT	chr2L:9525656-9525929	chr2L	9525656	9525929	FBgn0032129_sm/chr2L_9525656-9525929__chr2L_9551353-9551553/enhancers/chr2L_9525656-9525929.fa	273
FBgn0032129_sm	FBgn0032129_sm/chr2L_9525656-9525929__chr2L_9551353-9551553	RIGHT	chr2L:9551353-9551553	chr2L	9551353	9551553	FBgn0032129_sm/chr2L_9525656-9525929__chr2L_9551353-9551553/enhancers/chr2L_9551353-9551553.fa	200
FBgn0032129_sm	FBgn0032129_sm/chr2L_9525656-9525929__chr2L_9558167-9558367	LEFT	chr2L:9525656-9525929	chr2L	9525656	9525929	FBgn0032129_sm/chr2L_9525656-9525929__chr2L_9558167-9558367/enhancers/chr2L_9525656-9525929.fa	273
FBgn0032129_sm	FBgn0032129_sm/chr2L_9525656-9525929__chr2L_9558167-9558367	RIGHT	chr2L:9558167-9558367	chr2L	9558167	9558367	FBgn0032129_sm/chr2L_9525656-9525929__chr2L_9558167-9558367/enhancers/chr2L_9558167-9558367.fa	200
FBgn0032129_sm	FBgn0032129_sm/chr2L_9551353-9551553__chr2L_9558167-9558367	LEFT	chr2L:9551353-9551553	chr2L	9551353	9551553	FBgn0032129_sm/chr2L_9551353-9551553__chr2L_9558167-9558367/enhancers/chr2L_9551353-9551553.fa	200
FBgn0032129_sm	FBgn0032129_sm/chr2L_9551353-9551553__chr2L_9558167-9558367	RIGHT	chr2L:9558167-9558367	chr2L	9558167	9558367	FBgn0032129_sm/chr2L_9551353-9551553__chr2L_9558167-9558367/enhancers/chr2L_9558167-9558367.fa	200
FBgn0032444_sm	FBgn0032444_sm/chr2L_12594000-12594200__chr2L_12617842-12618274	LEFT	chr2L:12594000-12594200	chr2L	12594000	12594200	FBgn0032444_sm/chr2L_12594000-12594200__chr2L_12617842-12618274/enhancers/chr2L_12594000-12594200.fa	200
FBgn0032444_sm	FBgn0032444_sm/chr2L_12594000-12594200__chr2L_12617842-12618274	RIGHT	chr2L:12617842-12618274	chr2L	12617842	12618274	FBgn0032444_sm/chr2L_12594000-12594200__chr2L_12617842-12618274/enhancers/chr2L_12617842-12618274.fa	432
FBgn0032444_sm	FBgn0032444_sm/chr2L_12594000-12594200__chr2L_12655423-12655623	LEFT	chr2L:12594000-12594200	chr2L	12594000	12594200	FBgn0032444_sm/chr2L_12594000-12594200__chr2L_12655423-12655623/enhancers/chr2L_12594000-12594200.fa	200
FBgn0032444_sm	FBgn0032444_sm/chr2L_12594000-12594200__chr2L_12655423-12655623	RIGHT	chr2L:12655423-12655623	chr2L	12655423	12655623	FBgn0032444_sm/chr2L_12594000-12594200__chr2L_12655423-12655623/enhancers/chr2L_12655423-12655623.fa	200
FBgn0032444_sm	FBgn0032444_sm/chr2L_12617842-12618274__chr2L_12655423-12655623	LEFT	chr2L:12617842-12618274	chr2L	12617842	12618274	FBgn0032444_sm/chr2L_12617842-12618274__chr2L_12655423-12655623/enhancers/chr2L_12617842-12618274.fa	432
FBgn0032444_sm	FBgn0032444_sm/chr2L_12617842-12618274__chr2L_12655423-12655623	RIGHT	chr2L:12655423-12655623	chr2L	12655423	12655623	FBgn0032444_sm/chr2L_12617842-12618274__chr2L_12655423-12655623/enhancers/chr2L_12655423-12655623.fa	200
FBgn0032485_sm	FBgn0032485_sm/chr2L_13203632-13203855__chr2L_13205136-13205433	LEFT	chr2L:13203632-13203855	chr2L	13203632	13203855	FBgn0032485_sm/chr2L_13203632-13203855__chr2L_13205136-13205433/enhancers/chr2L_13203632-13203855.fa	223
FBgn0032485_sm	FBgn0032485_sm/chr2L_13203632-13203855__chr2L_13205136-13205433	RIGHT	chr2L:13205136-13205433	chr2L	13205136	13205433	FBgn0032485_sm/chr2L_13203632-13203855__chr2L_13205136-13205433/enhancers/chr2L_13205136-13205433.fa	297
FBgn0032497_sm	FBgn0032497_sm/chr2L_13254815-13255036__chr2L_13260602-13260802	LEFT	chr2L:13254815-13255036	chr2L	13254815	13255036	FBgn0032497_sm/chr2L_13254815-13255036__chr2L_13260602-13260802/enhancers/chr2L_13254815-13255036.fa	221
FBgn0032497_sm	FBgn0032497_sm/chr2L_13254815-13255036__chr2L_13260602-13260802	RIGHT	chr2L:13260602-13260802	chr2L	13260602	13260802	FBgn0032497_sm/chr2L_13254815-13255036__chr2L_13260602-13260802/enhancers/chr2L_13260602-13260802.fa	200
FBgn0032683_sm	FBgn0032683_sm/chr2L_18476378-18477012__chr2L_18498013-18498258	LEFT	chr2L:18476378-18477012	chr2L	18476378	18477012	FBgn0032683_sm/chr2L_18476378-18477012__chr2L_18498013-18498258/enhancers/chr2L_18476378-18477012.fa	634
FBgn0032683_sm	FBgn0032683_sm/chr2L_18476378-18477012__chr2L_18498013-18498258	RIGHT	chr2L:18498013-18498258	chr2L	18498013	18498258	FBgn0032683_sm/chr2L_18476378-18477012__chr2L_18498013-18498258/enhancers/chr2L_18498013-18498258.fa	245
FBgn0032961_sm	FBgn0032961_sm/chr2L_21831155-21831728__chr2L_21840673-21841262	LEFT	chr2L:21831155-21831728	chr2L	21831155	21831728	FBgn0032961_sm/chr2L_21831155-21831728__chr2L_21840673-21841262/enhancers/chr2L_21831155-21831728.fa	573
FBgn0032961_sm	FBgn0032961_sm/chr2L_21831155-21831728__chr2L_21840673-21841262	RIGHT	chr2L:21840673-21841262	chr2L	21840673	21841262	FBgn0032961_sm/chr2L_21831155-21831728__chr2L_21840673-21841262/enhancers/chr2L_21840673-21841262.fa	589
FBgn0033539_sm	FBgn0033539_sm/chr2R_10273454-10273813__chr2R_10301567-10301767	LEFT	chr2R:10273454-10273813	chr2R	10273454	10273813	FBgn0033539_sm/chr2R_10273454-10273813__chr2R_10301567-10301767/enhancers/chr2R_10273454-10273813.fa	359
FBgn0033539_sm	FBgn0033539_sm/chr2R_10273454-10273813__chr2R_10301567-10301767	RIGHT	chr2R:10301567-10301767	chr2R	10301567	10301767	FBgn0033539_sm/chr2R_10273454-10273813__chr2R_10301567-10301767/enhancers/chr2R_10301567-10301767.fa	200
FBgn0033581_sm	FBgn0033581_sm/chr2R_10731714-10732027__chr2R_10732567-10732946	LEFT	chr2R:10731714-10732027	chr2R	10731714	10732027	FBgn0033581_sm/chr2R_10731714-10732027__chr2R_10732567-10732946/enhancers/chr2R_10731714-10732027.fa	313
FBgn0033581_sm	FBgn0033581_sm/chr2R_10731714-10732027__chr2R_10732567-10732946	RIGHT	chr2R:10732567-10732946	chr2R	10732567	10732946	FBgn0033581_sm/chr2R_10731714-10732027__chr2R_10732567-10732946/enhancers/chr2R_10732567-10732946.fa	379
FBgn0033638_sm	FBgn0033638_sm/chr2R_11254848-11255163__chr2R_11259263-11259645	LEFT	chr2R:11254848-11255163	chr2R	11254848	11255163	FBgn0033638_sm/chr2R_11254848-11255163__chr2R_11259263-11259645/enhancers/chr2R_11254848-11255163.fa	315
FBgn0033638_sm	FBgn0033638_sm/chr2R_11254848-11255163__chr2R_11259263-11259645	RIGHT	chr2R:11259263-11259645	chr2R	11259263	11259645	FBgn0033638_sm/chr2R_11254848-11255163__chr2R_11259263-11259645/enhancers/chr2R_11259263-11259645.fa	382
FBgn0033638_sm	FBgn0033638_sm/chr2R_11254848-11255163__chr2R_11260888-11261343	LEFT	chr2R:11254848-11255163	chr2R	11254848	11255163	FBgn0033638_sm/chr2R_11254848-11255163__chr2R_11260888-11261343/enhancers/chr2R_11254848-11255163.fa	315
FBgn0033638_sm	FBgn0033638_sm/chr2R_11254848-11255163__chr2R_11260888-11261343	RIGHT	chr2R:11260888-11261343	chr2R	11260888	11261343	FBgn0033638_sm/chr2R_11254848-11255163__chr2R_11260888-11261343/enhancers/chr2R_11260888-11261343.fa	455
FBgn0033638_sm	FBgn0033638_sm/chr2R_11254848-11255163__chr2R_11280746-11281085	LEFT	chr2R:11254848-11255163	chr2R	11254848	11255163	FBgn0033638_sm/chr2R_11254848-11255163__chr2R_11280746-11281085/enhancers/chr2R_11254848-11255163.fa	315
FBgn0033638_sm	FBgn0033638_sm/chr2R_11254848-11255163__chr2R_11280746-11281085	RIGHT	chr2R:11280746-11281085	chr2R	11280746	11281085	FBgn0033638_sm/chr2R_11254848-11255163__chr2R_11280746-11281085/enhancers/chr2R_11280746-11281085.fa	339
FBgn0033638_sm	FBgn0033638_sm/chr2R_11259263-11259645__chr2R_11260888-11261343	LEFT	chr2R:11259263-11259645	chr2R	11259263	11259645	FBgn0033638_sm/chr2R_11259263-11259645__chr2R_11260888-11261343/enhancers/chr2R_11259263-11259645.fa	382
FBgn0033638_sm	FBgn0033638_sm/chr2R_11259263-11259645__chr2R_11260888-11261343	RIGHT	chr2R:11260888-11261343	chr2R	11260888	11261343	FBgn0033638_sm/chr2R_11259263-11259645__chr2R_11260888-11261343/enhancers/chr2R_11260888-11261343.fa	455
FBgn0033638_sm	FBgn0033638_sm/chr2R_11259263-11259645__chr2R_11280746-11281085	LEFT	chr2R:11259263-11259645	chr2R	11259263	11259645	FBgn0033638_sm/chr2R_11259263-11259645__chr2R_11280746-11281085/enhancers/chr2R_11259263-11259645.fa	382
FBgn0033638_sm	FBgn0033638_sm/chr2R_11259263-11259645__chr2R_11280746-11281085	RIGHT	chr2R:11280746-11281085	chr2R	11280746	11281085	FBgn0033638_sm/chr2R_11259263-11259645__chr2R_11280746-11281085/enhancers/chr2R_11280746-11281085.fa	339
FBgn0033638_sm	FBgn0033638_sm/chr2R_11260888-11261343__chr2R_11280746-11281085	LEFT	chr2R:11260888-11261343	chr2R	11260888	11261343	FBgn0033638_sm/chr2R_11260888-11261343__chr2R_11280746-11281085/enhancers/chr2R_11260888-11261343.fa	455
FBgn0033638_sm	FBgn0033638_sm/chr2R_11260888-11261343__chr2R_11280746-11281085	RIGHT	chr2R:11280746-11281085	chr2R	11280746	11281085	FBgn0033638_sm/chr2R_11260888-11261343__chr2R_11280746-11281085/enhancers/chr2R_11280746-11281085.fa	339
FBgn0033891_sm	FBgn0033891_sm/chr2R_13653626-13653909__chr2R_13656883-13657258	LEFT	chr2R:13653626-13653909	chr2R	13653626	13653909	FBgn0033891_sm/chr2R_13653626-13653909__chr2R_13656883-13657258/enhancers/chr2R_13653626-13653909.fa	283
FBgn0033891_sm	FBgn0033891_sm/chr2R_13653626-13653909__chr2R_13656883-13657258	RIGHT	chr2R:13656883-13657258	chr2R	13656883	13657258	FBgn0033891_sm/chr2R_13653626-13653909__chr2R_13656883-13657258/enhancers/chr2R_13656883-13657258.fa	375
FBgn0034158_sm	FBgn0034158_sm/chr2R_16412035-16412367__chr2R_16437328-16437751	LEFT	chr2R:16412035-16412367	chr2R	16412035	16412367	FBgn0034158_sm/chr2R_16412035-16412367__chr2R_16437328-16437751/enhancers/chr2R_16412035-16412367.fa	332
FBgn0034158_sm	FBgn0034158_sm/chr2R_16412035-16412367__chr2R_16437328-16437751	RIGHT	chr2R:16437328-16437751	chr2R	16437328	16437751	FBgn0034158_sm/chr2R_16412035-16412367__chr2R_16437328-16437751/enhancers/chr2R_16437328-16437751.fa	423
FBgn0034177_sm	FBgn0034177_sm/chr2R_16642879-16643383__chr2R_16643578-16643778	LEFT	chr2R:16642879-16643383	chr2R	16642879	16643383	FBgn0034177_sm/chr2R_16642879-16643383__chr2R_16643578-16643778/enhancers/chr2R_16642879-16643383.fa	504
FBgn0034177_sm	FBgn0034177_sm/chr2R_16642879-16643383__chr2R_16643578-16643778	RIGHT	chr2R:16643578-16643778	chr2R	16643578	16643778	FBgn0034177_sm/chr2R_16642879-16643383__chr2R_16643578-16643778/enhancers/chr2R_16643578-16643778.fa	200
FBgn0034412_sm	FBgn0034412_sm/chr2R_18615551-18615751__chr2R_18617352-18617561	LEFT	chr2R:18615551-18615751	chr2R	18615551	18615751	FBgn0034412_sm/chr2R_18615551-18615751__chr2R_18617352-18617561/enhancers/chr2R_18615551-18615751.fa	200
FBgn0034412_sm	FBgn0034412_sm/chr2R_18615551-18615751__chr2R_18617352-18617561	RIGHT	chr2R:18617352-18617561	chr2R	18617352	18617561	FBgn0034412_sm/chr2R_18615551-18615751__chr2R_18617352-18617561/enhancers/chr2R_18617352-18617561.fa	209
FBgn0034412_sm	FBgn0034412_sm/chr2R_18615551-18615751__chr2R_18617926-18618126	LEFT	chr2R:18615551-18615751	chr2R	18615551	18615751	FBgn0034412_sm/chr2R_18615551-18615751__chr2R_18617926-18618126/enhancers/chr2R_18615551-18615751.fa	200
FBgn0034412_sm	FBgn0034412_sm/chr2R_18615551-18615751__chr2R_18617926-18618126	RIGHT	chr2R:18617926-18618126	chr2R	18617926	18618126	FBgn0034412_sm/chr2R_18615551-18615751__chr2R_18617926-18618126/enhancers/chr2R_18617926-18618126.fa	200
FBgn0034412_sm	FBgn0034412_sm/chr2R_18617352-18617561__chr2R_18617926-18618126	LEFT	chr2R:18617352-18617561	chr2R	18617352	18617561	FBgn0034412_sm/chr2R_18617352-18617561__chr2R_18617926-18618126/enhancers/chr2R_18617352-18617561.fa	209
FBgn0034412_sm	FBgn0034412_sm/chr2R_18617352-18617561__chr2R_18617926-18618126	RIGHT	chr2R:18617926-18618126	chr2R	18617926	18618126	FBgn0034412_sm/chr2R_18617352-18617561__chr2R_18617926-18618126/enhancers/chr2R_18617926-18618126.fa	200
FBgn0034432_sm	FBgn0034432_sm/chr2R_18929511-18929711__chr2R_18948523-18948792	LEFT	chr2R:18929511-18929711	chr2R	18929511	18929711	FBgn0034432_sm/chr2R_18929511-18929711__chr2R_18948523-18948792/enhancers/chr2R_18929511-18929711.fa	200
FBgn0034432_sm	FBgn0034432_sm/chr2R_18929511-18929711__chr2R_18948523-18948792	RIGHT	chr2R:18948523-18948792	chr2R	18948523	18948792	FBgn0034432_sm/chr2R_18929511-18929711__chr2R_18948523-18948792/enhancers/chr2R_18948523-18948792.fa	269
FBgn0034432_sm	FBgn0034432_sm/chr2R_18929511-18929711__chr2R_18959548-18959748	LEFT	chr2R:18929511-18929711	chr2R	18929511	18929711	FBgn0034432_sm/chr2R_18929511-18929711__chr2R_18959548-18959748/enhancers/chr2R_18929511-18929711.fa	200
FBgn0034432_sm	FBgn0034432_sm/chr2R_18929511-18929711__chr2R_18959548-18959748	RIGHT	chr2R:18959548-18959748	chr2R	18959548	18959748	FBgn0034432_sm/chr2R_18929511-18929711__chr2R_18959548-18959748/enhancers/chr2R_18959548-18959748.fa	200
FBgn0034432_sm	FBgn0034432_sm/chr2R_18948523-18948792__chr2R_18959548-18959748	LEFT	chr2R:18948523-18948792	chr2R	18948523	18948792	FBgn0034432_sm/chr2R_18948523-18948792__chr2R_18959548-18959748/enhancers/chr2R_18948523-18948792.fa	269
FBgn0034432_sm	FBgn0034432_sm/chr2R_18948523-18948792__chr2R_18959548-18959748	RIGHT	chr2R:18959548-18959748	chr2R	18959548	18959748	FBgn0034432_sm/chr2R_18948523-18948792__chr2R_18959548-18959748/enhancers/chr2R_18959548-18959748.fa	200
FBgn0034603_sm	FBgn0034603_sm/chr2R_20820012-20820311__chr2R_20823130-20823330	LEFT	chr2R:20820012-20820311	chr2R	20820012	20820311	FBgn0034603_sm/chr2R_20820012-20820311__chr2R_20823130-20823330/enhancers/chr2R_20820012-20820311.fa	299
FBgn0034603_sm	FBgn0034603_sm/chr2R_20820012-20820311__chr2R_20823130-20823330	RIGHT	chr2R:20823130-20823330	chr2R	20823130	20823330	FBgn0034603_sm/chr2R_20820012-20820311__chr2R_20823130-20823330/enhancers/chr2R_20823130-20823330.fa	200
FBgn0034618_sm	FBgn0034618_sm/chr2R_20932829-20933143__chr2R_20943416-20943828	LEFT	chr2R:20932829-20933143	chr2R	20932829	20933143	FBgn0034618_sm/chr2R_20932829-20933143__chr2R_20943416-20943828/enhancers/chr2R_20932829-20933143.fa	314
FBgn0034618_sm	FBgn0034618_sm/chr2R_20932829-20933143__chr2R_20943416-20943828	RIGHT	chr2R:20943416-20943828	chr2R	20943416	20943828	FBgn0034618_sm/chr2R_20932829-20933143__chr2R_20943416-20943828/enhancers/chr2R_20943416-20943828.fa	412
FBgn0035153_sm	FBgn0035153_sm/chr3L_647134-647334__chr3L_668956-669192	LEFT	chr3L:647134-647334	chr3L	647134	647334	FBgn0035153_sm/chr3L_647134-647334__chr3L_668956-669192/enhancers/chr3L_647134-647334.fa	200
FBgn0035153_sm	FBgn0035153_sm/chr3L_647134-647334__chr3L_668956-669192	RIGHT	chr3L:668956-669192	chr3L	668956	669192	FBgn0035153_sm/chr3L_647134-647334__chr3L_668956-669192/enhancers/chr3L_668956-669192.fa	236
FBgn0035153_sm	FBgn0035153_sm/chr3L_647134-647334__chr3L_691733-692030	LEFT	chr3L:647134-647334	chr3L	647134	647334	FBgn0035153_sm/chr3L_647134-647334__chr3L_691733-692030/enhancers/chr3L_647134-647334.fa	200
FBgn0035153_sm	FBgn0035153_sm/chr3L_647134-647334__chr3L_691733-692030	RIGHT	chr3L:691733-692030	chr3L	691733	692030	FBgn0035153_sm/chr3L_647134-647334__chr3L_691733-692030/enhancers/chr3L_691733-692030.fa	297
FBgn0035153_sm	FBgn0035153_sm/chr3L_668956-669192__chr3L_691733-692030	LEFT	chr3L:668956-669192	chr3L	668956	669192	FBgn0035153_sm/chr3L_668956-669192__chr3L_691733-692030/enhancers/chr3L_668956-669192.fa	236
FBgn0035153_sm	FBgn0035153_sm/chr3L_668956-669192__chr3L_691733-692030	RIGHT	chr3L:691733-692030	chr3L	691733	692030	FBgn0035153_sm/chr3L_668956-669192__chr3L_691733-692030/enhancers/chr3L_691733-692030.fa	297
FBgn0035335_sm	FBgn0035335_sm/chr3L_2362087-2362296__chr3L_2383777-2384194	LEFT	chr3L:2362087-2362296	chr3L	2362087	2362296	FBgn0035335_sm/chr3L_2362087-2362296__chr3L_2383777-2384194/enhancers/chr3L_2362087-2362296.fa	209
FBgn0035335_sm	FBgn0035335_sm/chr3L_2362087-2362296__chr3L_2383777-2384194	RIGHT	chr3L:2383777-2384194	chr3L	2383777	2384194	FBgn0035335_sm/chr3L_2362087-2362296__chr3L_2383777-2384194/enhancers/chr3L_2383777-2384194.fa	417
FBgn0035335_sm	FBgn0035335_sm/chr3L_2362087-2362296__chr3L_2402613-2402864	LEFT	chr3L:2362087-2362296	chr3L	2362087	2362296	FBgn0035335_sm/chr3L_2362087-2362296__chr3L_2402613-2402864/enhancers/chr3L_2362087-2362296.fa	209
FBgn0035335_sm	FBgn0035335_sm/chr3L_2362087-2362296__chr3L_2402613-2402864	RIGHT	chr3L:2402613-2402864	chr3L	2402613	2402864	FBgn0035335_sm/chr3L_2362087-2362296__chr3L_2402613-2402864/enhancers/chr3L_2402613-2402864.fa	251
FBgn0035335_sm	FBgn0035335_sm/chr3L_2383777-2384194__chr3L_2402613-2402864	LEFT	chr3L:2383777-2384194	chr3L	2383777	2384194	FBgn0035335_sm/chr3L_2383777-2384194__chr3L_2402613-2402864/enhancers/chr3L_2383777-2384194.fa	417
FBgn0035335_sm	FBgn0035335_sm/chr3L_2383777-2384194__chr3L_2402613-2402864	RIGHT	chr3L:2402613-2402864	chr3L	2402613	2402864	FBgn0035335_sm/chr3L_2383777-2384194__chr3L_2402613-2402864/enhancers/chr3L_2402613-2402864.fa	251
FBgn0035379_sm	FBgn0035379_sm/chr3L_2836046-2836310__chr3L_2852084-2852431	LEFT	chr3L:2836046-2836310	chr3L	2836046	2836310	FBgn0035379_sm/chr3L_2836046-2836310__chr3L_2852084-2852431/enhancers/chr3L_2836046-2836310.fa	264
FBgn0035379_sm	FBgn0035379_sm/chr3L_2836046-2836310__chr3L_2852084-2852431	RIGHT	chr3L:2852084-2852431	chr3L	2852084	2852431	FBgn0035379_sm/chr3L_2836046-2836310__chr3L_2852084-2852431/enhancers/chr3L_2852084-2852431.fa	347
FBgn0035379_sm	FBgn0035379_sm/chr3L_2836046-2836310__chr3L_2890005-2890205	LEFT	chr3L:2836046-2836310	chr3L	2836046	2836310	FBgn0035379_sm/chr3L_2836046-2836310__chr3L_2890005-2890205/enhancers/chr3L_2836046-2836310.fa	264
FBgn0035379_sm	FBgn0035379_sm/chr3L_2836046-2836310__chr3L_2890005-2890205	RIGHT	chr3L:2890005-2890205	chr3L	2890005	2890205	FBgn0035379_sm/chr3L_2836046-2836310__chr3L_2890005-2890205/enhancers/chr3L_2890005-2890205.fa	200
FBgn0035379_sm	FBgn0035379_sm/chr3L_2836046-2836310__chr3L_2902176-2902376	LEFT	chr3L:2836046-2836310	chr3L	2836046	2836310	FBgn0035379_sm/chr3L_2836046-2836310__chr3L_2902176-2902376/enhancers/chr3L_2836046-2836310.fa	264
FBgn0035379_sm	FBgn0035379_sm/chr3L_2836046-2836310__chr3L_2902176-2902376	RIGHT	chr3L:2902176-2902376	chr3L	2902176	2902376	FBgn0035379_sm/chr3L_2836046-2836310__chr3L_2902176-2902376/enhancers/chr3L_2902176-2902376.fa	200
FBgn0035379_sm	FBgn0035379_sm/chr3L_2852084-2852431__chr3L_2890005-2890205	LEFT	chr3L:2852084-2852431	chr3L	2852084	2852431	FBgn0035379_sm/chr3L_2852084-2852431__chr3L_2890005-2890205/enhancers/chr3L_2852084-2852431.fa	347
FBgn0035379_sm	FBgn0035379_sm/chr3L_2852084-2852431__chr3L_2890005-2890205	RIGHT	chr3L:2890005-2890205	chr3L	2890005	2890205	FBgn0035379_sm/chr3L_2852084-2852431__chr3L_2890005-2890205/enhancers/chr3L_2890005-2890205.fa	200
FBgn0035379_sm	FBgn0035379_sm/chr3L_2852084-2852431__chr3L_2902176-2902376	LEFT	chr3L:2852084-2852431	chr3L	2852084	2852431	FBgn0035379_sm/chr3L_2852084-2852431__chr3L_2902176-2902376/enhancers/chr3L_2852084-2852431.fa	347
FBgn0035379_sm	FBgn0035379_sm/chr3L_2852084-2852431__chr3L_2902176-2902376	RIGHT	chr3L:2902176-2902376	chr3L	2902176	2902376	FBgn0035379_sm/chr3L_2852084-2852431__chr3L_2902176-2902376/enhancers/chr3L_2902176-2902376.fa	200
FBgn0035379_sm	FBgn0035379_sm/chr3L_2890005-2890205__chr3L_2902176-2902376	LEFT	chr3L:2890005-2890205	chr3L	2890005	2890205	FBgn0035379_sm/chr3L_2890005-2890205__chr3L_2902176-2902376/enhancers/chr3L_2890005-2890205.fa	200
FBgn0035379_sm	FBgn0035379_sm/chr3L_2890005-2890205__chr3L_2902176-2902376	RIGHT	chr3L:2902176-2902376	chr3L	2902176	2902376	FBgn0035379_sm/chr3L_2890005-2890205__chr3L_2902176-2902376/enhancers/chr3L_2902176-2902376.fa	200
FBgn0035404_sm	FBgn0035404_sm/chr3L_3132600-3133003__chr3L_3148881-3149344	LEFT	chr3L:3132600-3133003	chr3L	3132600	3133003	FBgn0035404_sm/chr3L_3132600-3133003__chr3L_3148881-3149344/enhancers/chr3L_3132600-3133003.fa	403
FBgn0035404_sm	FBgn0035404_sm/chr3L_3132600-3133003__chr3L_3148881-3149344	RIGHT	chr3L:3148881-3149344	chr3L	3148881	3149344	FBgn0035404_sm/chr3L_3132600-3133003__chr3L_3148881-3149344/enhancers/chr3L_3148881-3149344.fa	463
FBgn0035626_sm	FBgn0035626_sm/chr3L_5635219-5635576__chr3L_5635883-5636083	LEFT	chr3L:5635219-5635576	chr3L	5635219	5635576	FBgn0035626_sm/chr3L_5635219-5635576__chr3L_5635883-5636083/enhancers/chr3L_5635219-5635576.fa	357
FBgn0035626_sm	FBgn0035626_sm/chr3L_5635219-5635576__chr3L_5635883-5636083	RIGHT	chr3L:5635883-5636083	chr3L	5635883	5636083	FBgn0035626_sm/chr3L_5635219-5635576__chr3L_5635883-5636083/enhancers/chr3L_5635883-5636083.fa	200
FBgn0035710_sm	FBgn0035710_sm/chr3L_6678365-6678565__chr3L_6685484-6685719	LEFT	chr3L:6678365-6678565	chr3L	6678365	6678565	FBgn0035710_sm/chr3L_6678365-6678565__chr3L_6685484-6685719/enhancers/chr3L_6678365-6678565.fa	200
FBgn0035710_sm	FBgn0035710_sm/chr3L_6678365-6678565__chr3L_6685484-6685719	RIGHT	chr3L:6685484-6685719	chr3L	6685484	6685719	FBgn0035710_sm/chr3L_6678365-6678565__chr3L_6685484-6685719/enhancers/chr3L_6685484-6685719.fa	235
FBgn0036000_sm	FBgn0036000_sm/chr3L_9442724-9443197__chr3L_9446026-9446417	LEFT	chr3L:9442724-9443197	chr3L	9442724	9443197	FBgn0036000_sm/chr3L_9442724-9443197__chr3L_9446026-9446417/enhancers/chr3L_9442724-9443197.fa	473
FBgn0036000_sm	FBgn0036000_sm/chr3L_9442724-9443197__chr3L_9446026-9446417	RIGHT	chr3L:9446026-9446417	chr3L	9446026	9446417	FBgn0036000_sm/chr3L_9442724-9443197__chr3L_9446026-9446417/enhancers/chr3L_9446026-9446417.fa	391
FBgn0036099_sm	FBgn0036099_sm/chr3L_10718006-10718268__chr3L_10764416-10764696	LEFT	chr3L:10718006-10718268	chr3L	10718006	10718268	FBgn0036099_sm/chr3L_10718006-10718268__chr3L_10764416-10764696/enhancers/chr3L_10718006-10718268.fa	262
FBgn0036099_sm	FBgn0036099_sm/chr3L_10718006-10718268__chr3L_10764416-10764696	RIGHT	chr3L:10764416-10764696	chr3L	10764416	10764696	FBgn0036099_sm/chr3L_10718006-10718268__chr3L_10764416-10764696/enhancers/chr3L_10764416-10764696.fa	280
FBgn0036133_sm	FBgn0036133_sm/chr3L_11090638-11090925__chr3L_11099385-11099783	LEFT	chr3L:11090638-11090925	chr3L	11090638	11090925	FBgn0036133_sm/chr3L_11090638-11090925__chr3L_11099385-11099783/enhancers/chr3L_11090638-11090925.fa	287
FBgn0036133_sm	FBgn0036133_sm/chr3L_11090638-11090925__chr3L_11099385-11099783	RIGHT	chr3L:11099385-11099783	chr3L	11099385	11099783	FBgn0036133_sm/chr3L_11090638-11090925__chr3L_11099385-11099783/enhancers/chr3L_11099385-11099783.fa	398
FBgn0036133_sm	FBgn0036133_sm/chr3L_11090638-11090925__chr3L_11100667-11101152	LEFT	chr3L:11090638-11090925	chr3L	11090638	11090925	FBgn0036133_sm/chr3L_11090638-11090925__chr3L_11100667-11101152/enhancers/chr3L_11090638-11090925.fa	287
FBgn0036133_sm	FBgn0036133_sm/chr3L_11090638-11090925__chr3L_11100667-11101152	RIGHT	chr3L:11100667-11101152	chr3L	11100667	11101152	FBgn0036133_sm/chr3L_11090638-11090925__chr3L_11100667-11101152/enhancers/chr3L_11100667-11101152.fa	485
FBgn0036133_sm	FBgn0036133_sm/chr3L_11090638-11090925__chr3L_11105575-11105775	LEFT	chr3L:11090638-11090925	chr3L	11090638	11090925	FBgn0036133_sm/chr3L_11090638-11090925__chr3L_11105575-11105775/enhancers/chr3L_11090638-11090925.fa	287
FBgn0036133_sm	FBgn0036133_sm/chr3L_11090638-11090925__chr3L_11105575-11105775	RIGHT	chr3L:11105575-11105775	chr3L	11105575	11105775	FBgn0036133_sm/chr3L_11090638-11090925__chr3L_11105575-11105775/enhancers/chr3L_11105575-11105775.fa	200
FBgn0036133_sm	FBgn0036133_sm/chr3L_11099385-11099783__chr3L_11100667-11101152	LEFT	chr3L:11099385-11099783	chr3L	11099385	11099783	FBgn0036133_sm/chr3L_11099385-11099783__chr3L_11100667-11101152/enhancers/chr3L_11099385-11099783.fa	398
FBgn0036133_sm	FBgn0036133_sm/chr3L_11099385-11099783__chr3L_11100667-11101152	RIGHT	chr3L:11100667-11101152	chr3L	11100667	11101152	FBgn0036133_sm/chr3L_11099385-11099783__chr3L_11100667-11101152/enhancers/chr3L_11100667-11101152.fa	485
FBgn0036133_sm	FBgn0036133_sm/chr3L_11099385-11099783__chr3L_11105575-11105775	LEFT	chr3L:11099385-11099783	chr3L	11099385	11099783	FBgn0036133_sm/chr3L_11099385-11099783__chr3L_11105575-11105775/enhancers/chr3L_11099385-11099783.fa	398
FBgn0036133_sm	FBgn0036133_sm/chr3L_11099385-11099783__chr3L_11105575-11105775	RIGHT	chr3L:11105575-11105775	chr3L	11105575	11105775	FBgn0036133_sm/chr3L_11099385-11099783__chr3L_11105575-11105775/enhancers/chr3L_11105575-11105775.fa	200
FBgn0036133_sm	FBgn0036133_sm/chr3L_11100667-11101152__chr3L_11105575-11105775	LEFT	chr3L:11100667-11101152	chr3L	11100667	11101152	FBgn0036133_sm/chr3L_11100667-11101152__chr3L_11105575-11105775/enhancers/chr3L_11100667-11101152.fa	485
FBgn0036133_sm	FBgn0036133_sm/chr3L_11100667-11101152__chr3L_11105575-11105775	RIGHT	chr3L:11105575-11105775	chr3L	11105575	11105775	FBgn0036133_sm/chr3L_11100667-11101152__chr3L_11105575-11105775/enhancers/chr3L_11105575-11105775.fa	200
FBgn0036152_sm	FBgn0036152_sm/chr3L_11238445-11238797__chr3L_11330795-11331281	LEFT	chr3L:11238445-11238797	chr3L	11238445	11238797	FBgn0036152_sm/chr3L_11238445-11238797__chr3L_11330795-11331281/enhancers/chr3L_11238445-11238797.fa	352
FBgn0036152_sm	FBgn0036152_sm/chr3L_11238445-11238797__chr3L_11330795-11331281	RIGHT	chr3L:11330795-11331281	chr3L	11330795	11331281	FBgn0036152_sm/chr3L_11238445-11238797__chr3L_11330795-11331281/enhancers/chr3L_11330795-11331281.fa	486
FBgn0036152_sm	FBgn0036152_sm/chr3L_11238445-11238797__chr3L_11355874-11356295	LEFT	chr3L:11238445-11238797	chr3L	11238445	11238797	FBgn0036152_sm/chr3L_11238445-11238797__chr3L_11355874-11356295/enhancers/chr3L_11238445-11238797.fa	352
FBgn0036152_sm	FBgn0036152_sm/chr3L_11238445-11238797__chr3L_11355874-11356295	RIGHT	chr3L:11355874-11356295	chr3L	11355874	11356295	FBgn0036152_sm/chr3L_11238445-11238797__chr3L_11355874-11356295/enhancers/chr3L_11355874-11356295.fa	421
FBgn0036152_sm	FBgn0036152_sm/chr3L_11330795-11331281__chr3L_11355874-11356295	LEFT	chr3L:11330795-11331281	chr3L	11330795	11331281	FBgn0036152_sm/chr3L_11330795-11331281__chr3L_11355874-11356295/enhancers/chr3L_11330795-11331281.fa	486
FBgn0036152_sm	FBgn0036152_sm/chr3L_11330795-11331281__chr3L_11355874-11356295	RIGHT	chr3L:11355874-11356295	chr3L	11355874	11356295	FBgn0036152_sm/chr3L_11330795-11331281__chr3L_11355874-11356295/enhancers/chr3L_11355874-11356295.fa	421
FBgn0036194_sm	FBgn0036194_sm/chr3L_11684552-11684880__chr3L_11685890-11686273	LEFT	chr3L:11684552-11684880	chr3L	11684552	11684880	FBgn0036194_sm/chr3L_11684552-11684880__chr3L_11685890-11686273/enhancers/chr3L_11684552-11684880.fa	328
FBgn0036194_sm	FBgn0036194_sm/chr3L_11684552-11684880__chr3L_11685890-11686273	RIGHT	chr3L:11685890-11686273	chr3L	11685890	11686273	FBgn0036194_sm/chr3L_11684552-11684880__chr3L_11685890-11686273/enhancers/chr3L_11685890-11686273.fa	383
FBgn0036282_sm	FBgn0036282_sm/chr3L_12372005-12372320__chr3L_12382640-12382989	LEFT	chr3L:12372005-12372320	chr3L	12372005	12372320	FBgn0036282_sm/chr3L_12372005-12372320__chr3L_12382640-12382989/enhancers/chr3L_12372005-12372320.fa	315
FBgn0036282_sm	FBgn0036282_sm/chr3L_12372005-12372320__chr3L_12382640-12382989	RIGHT	chr3L:12382640-12382989	chr3L	12382640	12382989	FBgn0036282_sm/chr3L_12372005-12372320__chr3L_12382640-12382989/enhancers/chr3L_12382640-12382989.fa	349
FBgn0036282_sm	FBgn0036282_sm/chr3L_12372005-12372320__chr3L_12389231-12389431	LEFT	chr3L:12372005-12372320	chr3L	12372005	12372320	FBgn0036282_sm/chr3L_12372005-12372320__chr3L_12389231-12389431/enhancers/chr3L_12372005-12372320.fa	315
FBgn0036282_sm	FBgn0036282_sm/chr3L_12372005-12372320__chr3L_12389231-12389431	RIGHT	chr3L:12389231-12389431	chr3L	12389231	12389431	FBgn0036282_sm/chr3L_12372005-12372320__chr3L_12389231-12389431/enhancers/chr3L_12389231-12389431.fa	200
FBgn0036282_sm	FBgn0036282_sm/chr3L_12382640-12382989__chr3L_12389231-12389431	LEFT	chr3L:12382640-12382989	chr3L	12382640	12382989	FBgn0036282_sm/chr3L_12382640-12382989__chr3L_12389231-12389431/enhancers/chr3L_12382640-12382989.fa	349
FBgn0036282_sm	FBgn0036282_sm/chr3L_12382640-12382989__chr3L_12389231-12389431	RIGHT	chr3L:12389231-12389431	chr3L	12389231	12389431	FBgn0036282_sm/chr3L_12382640-12382989__chr3L_12389231-12389431/enhancers/chr3L_12389231-12389431.fa	200
FBgn0036839_sm	FBgn0036839_sm/chr3L_18976381-18976581__chr3L_19015534-19016171	LEFT	chr3L:18976381-18976581	chr3L	18976381	18976581	FBgn0036839_sm/chr3L_18976381-18976581__chr3L_19015534-19016171/enhancers/chr3L_18976381-18976581.fa	200
FBgn0036839_sm	FBgn0036839_sm/chr3L_18976381-18976581__chr3L_19015534-19016171	RIGHT	chr3L:19015534-19016171	chr3L	19015534	19016171	FBgn0036839_sm/chr3L_18976381-18976581__chr3L_19015534-19016171/enhancers/chr3L_19015534-19016171.fa	637
FBgn0037275_sm	FBgn0037275_sm/chr3R_4780432-4780632__chr3R_4806774-4807046	LEFT	chr3R:4780432-4780632	chr3R	4780432	4780632	FBgn0037275_sm/chr3R_4780432-4780632__chr3R_4806774-4807046/enhancers/chr3R_4780432-4780632.fa	200
FBgn0037275_sm	FBgn0037275_sm/chr3R_4780432-4780632__chr3R_4806774-4807046	RIGHT	chr3R:4806774-4807046	chr3R	4806774	4807046	FBgn0037275_sm/chr3R_4780432-4780632__chr3R_4806774-4807046/enhancers/chr3R_4806774-4807046.fa	272
FBgn0037439_sm	FBgn0037439_sm/chr3R_6353539-6353883__chr3R_6394025-6394569	LEFT	chr3R:6353539-6353883	chr3R	6353539	6353883	FBgn0037439_sm/chr3R_6353539-6353883__chr3R_6394025-6394569/enhancers/chr3R_6353539-6353883.fa	344
FBgn0037439_sm	FBgn0037439_sm/chr3R_6353539-6353883__chr3R_6394025-6394569	RIGHT	chr3R:6394025-6394569	chr3R	6394025	6394569	FBgn0037439_sm/chr3R_6353539-6353883__chr3R_6394025-6394569/enhancers/chr3R_6394025-6394569.fa	544
FBgn0037439_sm	FBgn0037439_sm/chr3R_6353539-6353883__chr3R_6409760-6410198	LEFT	chr3R:6353539-6353883	chr3R	6353539	6353883	FBgn0037439_sm/chr3R_6353539-6353883__chr3R_6409760-6410198/enhancers/chr3R_6353539-6353883.fa	344
FBgn0037439_sm	FBgn0037439_sm/chr3R_6353539-6353883__chr3R_6409760-6410198	RIGHT	chr3R:6409760-6410198	chr3R	6409760	6410198	FBgn0037439_sm/chr3R_6353539-6353883__chr3R_6409760-6410198/enhancers/chr3R_6409760-6410198.fa	438
FBgn0037439_sm	FBgn0037439_sm/chr3R_6394025-6394569__chr3R_6409760-6410198	LEFT	chr3R:6394025-6394569	chr3R	6394025	6394569	FBgn0037439_sm/chr3R_6394025-6394569__chr3R_6409760-6410198/enhancers/chr3R_6394025-6394569.fa	544
FBgn0037439_sm	FBgn0037439_sm/chr3R_6394025-6394569__chr3R_6409760-6410198	RIGHT	chr3R:6409760-6410198	chr3R	6409760	6410198	FBgn0037439_sm/chr3R_6394025-6394569__chr3R_6409760-6410198/enhancers/chr3R_6409760-6410198.fa	438
FBgn0037608_sm	FBgn0037608_sm/chr3R_8664993-8665193__chr3R_8668848-8669048	LEFT	chr3R:8664993-8665193	chr3R	8664993	8665193	FBgn0037608_sm/chr3R_8664993-8665193__chr3R_8668848-8669048/enhancers/chr3R_8664993-8665193.fa	200
FBgn0037608_sm	FBgn0037608_sm/chr3R_8664993-8665193__chr3R_8668848-8669048	RIGHT	chr3R:8668848-8669048	chr3R	8668848	8669048	FBgn0037608_sm/chr3R_8664993-8665193__chr3R_8668848-8669048/enhancers/chr3R_8668848-8669048.fa	200
FBgn0037608_sm	FBgn0037608_sm/chr3R_8664993-8665193__chr3R_8669125-8669443	LEFT	chr3R:8664993-8665193	chr3R	8664993	8665193	FBgn0037608_sm/chr3R_8664993-8665193__chr3R_8669125-8669443/enhancers/chr3R_8664993-8665193.fa	200
FBgn0037608_sm	FBgn0037608_sm/chr3R_8664993-8665193__chr3R_8669125-8669443	RIGHT	chr3R:8669125-8669443	chr3R	8669125	8669443	FBgn0037608_sm/chr3R_8664993-8665193__chr3R_8669125-8669443/enhancers/chr3R_8669125-8669443.fa	318
FBgn0037608_sm	FBgn0037608_sm/chr3R_8664993-8665193__chr3R_8684628-8685183	LEFT	chr3R:8664993-8665193	chr3R	8664993	8665193	FBgn0037608_sm/chr3R_8664993-8665193__chr3R_8684628-8685183/enhancers/chr3R_8664993-8665193.fa	200
FBgn0037608_sm	FBgn0037608_sm/chr3R_8664993-8665193__chr3R_8684628-8685183	RIGHT	chr3R:8684628-8685183	chr3R	8684628	8685183	FBgn0037608_sm/chr3R_8664993-8665193__chr3R_8684628-8685183/enhancers/chr3R_8684628-8685183.fa	555
FBgn0037608_sm	FBgn0037608_sm/chr3R_8668848-8669048__chr3R_8669125-8669443	LEFT	chr3R:8668848-8669048	chr3R	8668848	8669048	FBgn0037608_sm/chr3R_8668848-8669048__chr3R_8669125-8669443/enhancers/chr3R_8668848-8669048.fa	200
FBgn0037608_sm	FBgn0037608_sm/chr3R_8668848-8669048__chr3R_8669125-8669443	RIGHT	chr3R:8669125-8669443	chr3R	8669125	8669443	FBgn0037608_sm/chr3R_8668848-8669048__chr3R_8669125-8669443/enhancers/chr3R_8669125-8669443.fa	318
FBgn0037608_sm	FBgn0037608_sm/chr3R_8668848-8669048__chr3R_8684628-8685183	LEFT	chr3R:8668848-8669048	chr3R	8668848	8669048	FBgn0037608_sm/chr3R_8668848-8669048__chr3R_8684628-8685183/enhancers/chr3R_8668848-8669048.fa	200
FBgn0037608_sm	FBgn0037608_sm/chr3R_8668848-8669048__chr3R_8684628-8685183	RIGHT	chr3R:8684628-8685183	chr3R	8684628	8685183	FBgn0037608_sm/chr3R_8668848-8669048__chr3R_8684628-8685183/enhancers/chr3R_8684628-8685183.fa	555
FBgn0037608_sm	FBgn0037608_sm/chr3R_8669125-8669443__chr3R_8684628-8685183	LEFT	chr3R:8669125-8669443	chr3R	8669125	8669443	FBgn0037608_sm/chr3R_8669125-8669443__chr3R_8684628-8685183/enhancers/chr3R_8669125-8669443.fa	318
FBgn0037608_sm	FBgn0037608_sm/chr3R_8669125-8669443__chr3R_8684628-8685183	RIGHT	chr3R:8684628-8685183	chr3R	8684628	8685183	FBgn0037608_sm/chr3R_8669125-8669443__chr3R_8684628-8685183/enhancers/chr3R_8684628-8685183.fa	555
FBgn0037637_sm	FBgn0037637_sm/chr3R_8812222-8812640__chr3R_8849790-8850241	LEFT	chr3R:8812222-8812640	chr3R	8812222	8812640	FBgn0037637_sm/chr3R_8812222-8812640__chr3R_8849790-8850241/enhancers/chr3R_8812222-8812640.fa	418
FBgn0037637_sm	FBgn0037637_sm/chr3R_8812222-8812640__chr3R_8849790-8850241	RIGHT	chr3R:8849790-8850241	chr3R	8849790	8850241	FBgn0037637_sm/chr3R_8812222-8812640__chr3R_8849790-8850241/enhancers/chr3R_8849790-8850241.fa	451
FBgn0037637_sm	FBgn0037637_sm/chr3R_8812222-8812640__chr3R_8857786-8857986	LEFT	chr3R:8812222-8812640	chr3R	8812222	8812640	FBgn0037637_sm/chr3R_8812222-8812640__chr3R_8857786-8857986/enhancers/chr3R_8812222-8812640.fa	418
FBgn0037637_sm	FBgn0037637_sm/chr3R_8812222-8812640__chr3R_8857786-8857986	RIGHT	chr3R:8857786-8857986	chr3R	8857786	8857986	FBgn0037637_sm/chr3R_8812222-8812640__chr3R_8857786-8857986/enhancers/chr3R_8857786-8857986.fa	200
FBgn0037637_sm	FBgn0037637_sm/chr3R_8812222-8812640__chr3R_8864161-8864361	LEFT	chr3R:8812222-8812640	chr3R	8812222	8812640	FBgn0037637_sm/chr3R_8812222-8812640__chr3R_8864161-8864361/enhancers/chr3R_8812222-8812640.fa	418
FBgn0037637_sm	FBgn0037637_sm/chr3R_8812222-8812640__chr3R_8864161-8864361	RIGHT	chr3R:8864161-8864361	chr3R	8864161	8864361	FBgn0037637_sm/chr3R_8812222-8812640__chr3R_8864161-8864361/enhancers/chr3R_8864161-8864361.fa	200
FBgn0037637_sm	FBgn0037637_sm/chr3R_8849790-8850241__chr3R_8857786-8857986	LEFT	chr3R:8849790-8850241	chr3R	8849790	8850241	FBgn0037637_sm/chr3R_8849790-8850241__chr3R_8857786-8857986/enhancers/chr3R_8849790-8850241.fa	451
FBgn0037637_sm	FBgn0037637_sm/chr3R_8849790-8850241__chr3R_8857786-8857986	RIGHT	chr3R:8857786-8857986	chr3R	8857786	8857986	FBgn0037637_sm/chr3R_8849790-8850241__chr3R_8857786-8857986/enhancers/chr3R_8857786-8857986.fa	200
FBgn0037637_sm	FBgn0037637_sm/chr3R_8849790-8850241__chr3R_8864161-8864361	LEFT	chr3R:8849790-8850241	chr3R	8849790	8850241	FBgn0037637_sm/chr3R_8849790-8850241__chr3R_8864161-8864361/enhancers/chr3R_8849790-8850241.fa	451
FBgn0037637_sm	FBgn0037637_sm/chr3R_8849790-8850241__chr3R_8864161-8864361	RIGHT	chr3R:8864161-8864361	chr3R	8864161	8864361	FBgn0037637_sm/chr3R_8849790-8850241__chr3R_8864161-8864361/enhancers/chr3R_8864161-8864361.fa	200
FBgn0037637_sm	FBgn0037637_sm/chr3R_8857786-8857986__chr3R_8864161-8864361	LEFT	chr3R:8857786-8857986	chr3R	8857786	8857986	FBgn0037637_sm/chr3R_8857786-8857986__chr3R_8864161-8864361/enhancers/chr3R_8857786-8857986.fa	200
FBgn0037637_sm	FBgn0037637_sm/chr3R_8857786-8857986__chr3R_8864161-8864361	RIGHT	chr3R:8864161-8864361	chr3R	8864161	8864361	FBgn0037637_sm/chr3R_8857786-8857986__chr3R_8864161-8864361/enhancers/chr3R_8864161-8864361.fa	200
FBgn0037816_sm	FBgn0037816_sm/chr3R_10387951-10388335__chr3R_10536788-10537065	LEFT	chr3R:10387951-10388335	chr3R	10387951	10388335	FBgn0037816_sm/chr3R_10387951-10388335__chr3R_10536788-10537065/enhancers/chr3R_10387951-10388335.fa	384
FBgn0037816_sm	FBgn0037816_sm/chr3R_10387951-10388335__chr3R_10536788-10537065	RIGHT	chr3R:10536788-10537065	chr3R	10536788	10537065	FBgn0037816_sm/chr3R_10387951-10388335__chr3R_10536788-10537065/enhancers/chr3R_10536788-10537065.fa	277
FBgn0038056_sm	FBgn0038056_sm/chr3R_12467679-12468072__chr3R_12477322-12477683	LEFT	chr3R:12467679-12468072	chr3R	12467679	12468072	FBgn0038056_sm/chr3R_12467679-12468072__chr3R_12477322-12477683/enhancers/chr3R_12467679-12468072.fa	393
FBgn0038056_sm	FBgn0038056_sm/chr3R_12467679-12468072__chr3R_12477322-12477683	RIGHT	chr3R:12477322-12477683	chr3R	12477322	12477683	FBgn0038056_sm/chr3R_12467679-12468072__chr3R_12477322-12477683/enhancers/chr3R_12477322-12477683.fa	361
FBgn0038056_sm	FBgn0038056_sm/chr3R_12467679-12468072__chr3R_12502172-12502620	LEFT	chr3R:12467679-12468072	chr3R	12467679	12468072	FBgn0038056_sm/chr3R_12467679-12468072__chr3R_12502172-12502620/enhancers/chr3R_12467679-12468072.fa	393
FBgn0038056_sm	FBgn0038056_sm/chr3R_12467679-12468072__chr3R_12502172-12502620	RIGHT	chr3R:12502172-12502620	chr3R	12502172	12502620	FBgn0038056_sm/chr3R_12467679-12468072__chr3R_12502172-12502620/enhancers/chr3R_12502172-12502620.fa	448
FBgn0038056_sm	FBgn0038056_sm/chr3R_12467679-12468072__chr3R_12505525-12505897	LEFT	chr3R:12467679-12468072	chr3R	12467679	12468072	FBgn0038056_sm/chr3R_12467679-12468072__chr3R_12505525-12505897/enhancers/chr3R_12467679-12468072.fa	393
FBgn0038056_sm	FBgn0038056_sm/chr3R_12467679-12468072__chr3R_12505525-12505897	RIGHT	chr3R:12505525-12505897	chr3R	12505525	12505897	FBgn0038056_sm/chr3R_12467679-12468072__chr3R_12505525-12505897/enhancers/chr3R_12505525-12505897.fa	372
FBgn0038056_sm	FBgn0038056_sm/chr3R_12477322-12477683__chr3R_12502172-12502620	LEFT	chr3R:12477322-12477683	chr3R	12477322	12477683	FBgn0038056_sm/chr3R_12477322-12477683__chr3R_12502172-12502620/enhancers/chr3R_12477322-12477683.fa	361
FBgn0038056_sm	FBgn0038056_sm/chr3R_12477322-12477683__chr3R_12502172-12502620	RIGHT	chr3R:12502172-12502620	chr3R	12502172	12502620	FBgn0038056_sm/chr3R_12477322-12477683__chr3R_12502172-12502620/enhancers/chr3R_12502172-12502620.fa	448
FBgn0038056_sm	FBgn0038056_sm/chr3R_12477322-12477683__chr3R_12505525-12505897	LEFT	chr3R:12477322-12477683	chr3R	12477322	12477683	FBgn0038056_sm/chr3R_12477322-12477683__chr3R_12505525-12505897/enhancers/chr3R_12477322-12477683.fa	361
FBgn0038056_sm	FBgn0038056_sm/chr3R_12477322-12477683__chr3R_12505525-12505897	RIGHT	chr3R:12505525-12505897	chr3R	12505525	12505897	FBgn0038056_sm/chr3R_12477322-12477683__chr3R_12505525-12505897/enhancers/chr3R_12505525-12505897.fa	372
FBgn0038056_sm	FBgn0038056_sm/chr3R_12502172-12502620__chr3R_12505525-12505897	LEFT	chr3R:12502172-12502620	chr3R	12502172	12502620	FBgn0038056_sm/chr3R_12502172-12502620__chr3R_12505525-12505897/enhancers/chr3R_12502172-12502620.fa	448
FBgn0038056_sm	FBgn0038056_sm/chr3R_12502172-12502620__chr3R_12505525-12505897	RIGHT	chr3R:12505525-12505897	chr3R	12505525	12505897	FBgn0038056_sm/chr3R_12502172-12502620__chr3R_12505525-12505897/enhancers/chr3R_12505525-12505897.fa	372
FBgn0038146_sm	FBgn0038146_sm/chr3R_13372296-13372496__chr3R_13403135-13403355	LEFT	chr3R:13372296-13372496	chr3R	13372296	13372496	FBgn0038146_sm/chr3R_13372296-13372496__chr3R_13403135-13403355/enhancers/chr3R_13372296-13372496.fa	200
FBgn0038146_sm	FBgn0038146_sm/chr3R_13372296-13372496__chr3R_13403135-13403355	RIGHT	chr3R:13403135-13403355	chr3R	13403135	13403355	FBgn0038146_sm/chr3R_13372296-13372496__chr3R_13403135-13403355/enhancers/chr3R_13403135-13403355.fa	220
FBgn0038252_sm	FBgn0038252_sm/chr3R_14675887-14676292__chr3R_14713950-14714458	LEFT	chr3R:14675887-14676292	chr3R	14675887	14676292	FBgn0038252_sm/chr3R_14675887-14676292__chr3R_14713950-14714458/enhancers/chr3R_14675887-14676292.fa	405
FBgn0038252_sm	FBgn0038252_sm/chr3R_14675887-14676292__chr3R_14713950-14714458	RIGHT	chr3R:14713950-14714458	chr3R	14713950	14714458	FBgn0038252_sm/chr3R_14675887-14676292__chr3R_14713950-14714458/enhancers/chr3R_14713950-14714458.fa	508
FBgn0038252_sm	FBgn0038252_sm/chr3R_14675887-14676292__chr3R_14717274-14717609	LEFT	chr3R:14675887-14676292	chr3R	14675887	14676292	FBgn0038252_sm/chr3R_14675887-14676292__chr3R_14717274-14717609/enhancers/chr3R_14675887-14676292.fa	405
FBgn0038252_sm	FBgn0038252_sm/chr3R_14675887-14676292__chr3R_14717274-14717609	RIGHT	chr3R:14717274-14717609	chr3R	14717274	14717609	FBgn0038252_sm/chr3R_14675887-14676292__chr3R_14717274-14717609/enhancers/chr3R_14717274-14717609.fa	335
FBgn0038252_sm	FBgn0038252_sm/chr3R_14713950-14714458__chr3R_14717274-14717609	LEFT	chr3R:14713950-14714458	chr3R	14713950	14714458	FBgn0038252_sm/chr3R_14713950-14714458__chr3R_14717274-14717609/enhancers/chr3R_14713950-14714458.fa	508
FBgn0038252_sm	FBgn0038252_sm/chr3R_14713950-14714458__chr3R_14717274-14717609	RIGHT	chr3R:14717274-14717609	chr3R	14717274	14717609	FBgn0038252_sm/chr3R_14713950-14714458__chr3R_14717274-14717609/enhancers/chr3R_14717274-14717609.fa	335
FBgn0038293_sm	FBgn0038293_sm/chr3R_15091554-15092117__chr3R_15121624-15122081	LEFT	chr3R:15091554-15092117	chr3R	15091554	15092117	FBgn0038293_sm/chr3R_15091554-15092117__chr3R_15121624-15122081/enhancers/chr3R_15091554-15092117.fa	563
FBgn0038293_sm	FBgn0038293_sm/chr3R_15091554-15092117__chr3R_15121624-15122081	RIGHT	chr3R:15121624-15122081	chr3R	15121624	15122081	FBgn0038293_sm/chr3R_15091554-15092117__chr3R_15121624-15122081/enhancers/chr3R_15121624-15122081.fa	457
FBgn0038293_sm	FBgn0038293_sm/chr3R_15091554-15092117__chr3R_15179459-15179659	LEFT	chr3R:15091554-15092117	chr3R	15091554	15092117	FBgn0038293_sm/chr3R_15091554-15092117__chr3R_15179459-15179659/enhancers/chr3R_15091554-15092117.fa	563
FBgn0038293_sm	FBgn0038293_sm/chr3R_15091554-15092117__chr3R_15179459-15179659	RIGHT	chr3R:15179459-15179659	chr3R	15179459	15179659	FBgn0038293_sm/chr3R_15091554-15092117__chr3R_15179459-15179659/enhancers/chr3R_15179459-15179659.fa	200
FBgn0038293_sm	FBgn0038293_sm/chr3R_15121624-15122081__chr3R_15179459-15179659	LEFT	chr3R:15121624-15122081	chr3R	15121624	15122081	FBgn0038293_sm/chr3R_15121624-15122081__chr3R_15179459-15179659/enhancers/chr3R_15121624-15122081.fa	457
FBgn0038293_sm	FBgn0038293_sm/chr3R_15121624-15122081__chr3R_15179459-15179659	RIGHT	chr3R:15179459-15179659	chr3R	15179459	15179659	FBgn0038293_sm/chr3R_15121624-15122081__chr3R_15179459-15179659/enhancers/chr3R_15179459-15179659.fa	200
FBgn0038683_sm	FBgn0038683_sm/chr3R_19163765-19164167__chr3R_19165868-19166123	LEFT	chr3R:19163765-19164167	chr3R	19163765	19164167	FBgn0038683_sm/chr3R_19163765-19164167__chr3R_19165868-19166123/enhancers/chr3R_19163765-19164167.fa	402
FBgn0038683_sm	FBgn0038683_sm/chr3R_19163765-19164167__chr3R_19165868-19166123	RIGHT	chr3R:19165868-19166123	chr3R	19165868	19166123	FBgn0038683_sm/chr3R_19163765-19164167__chr3R_19165868-19166123/enhancers/chr3R_19165868-19166123.fa	255
FBgn0039039_sm	FBgn0039039_sm/chr3R_23026747-23027256__chr3R_23038157-23038558	LEFT	chr3R:23026747-23027256	chr3R	23026747	23027256	FBgn0039039_sm/chr3R_23026747-23027256__chr3R_23038157-23038558/enhancers/chr3R_23026747-23027256.fa	509
FBgn0039039_sm	FBgn0039039_sm/chr3R_23026747-23027256__chr3R_23038157-23038558	RIGHT	chr3R:23038157-23038558	chr3R	23038157	23038558	FBgn0039039_sm/chr3R_23026747-23027256__chr3R_23038157-23038558/enhancers/chr3R_23038157-23038558.fa	401
FBgn0040066_sm	FBgn0040066_sm/chrX_2478545-2478872__chrX_2479970-2480240	LEFT	chrX:2478545-2478872	chrX	2478545	2478872	FBgn0040066_sm/chrX_2478545-2478872__chrX_2479970-2480240/enhancers/chrX_2478545-2478872.fa	327
FBgn0040066_sm	FBgn0040066_sm/chrX_2478545-2478872__chrX_2479970-2480240	RIGHT	chrX:2479970-2480240	chrX	2479970	2480240	FBgn0040066_sm/chrX_2478545-2478872__chrX_2479970-2480240/enhancers/chrX_2479970-2480240.fa	270
FBgn0040071_sm	FBgn0040071_sm/chr3R_16234208-16234580__chr3R_16242325-16242715	LEFT	chr3R:16234208-16234580	chr3R	16234208	16234580	FBgn0040071_sm/chr3R_16234208-16234580__chr3R_16242325-16242715/enhancers/chr3R_16234208-16234580.fa	372
FBgn0040071_sm	FBgn0040071_sm/chr3R_16234208-16234580__chr3R_16242325-16242715	RIGHT	chr3R:16242325-16242715	chr3R	16242325	16242715	FBgn0040071_sm/chr3R_16234208-16234580__chr3R_16242325-16242715/enhancers/chr3R_16242325-16242715.fa	390
FBgn0040071_sm	FBgn0040071_sm/chr3R_16234208-16234580__chr3R_16281158-16281613	LEFT	chr3R:16234208-16234580	chr3R	16234208	16234580	FBgn0040071_sm/chr3R_16234208-16234580__chr3R_16281158-16281613/enhancers/chr3R_16234208-16234580.fa	372
FBgn0040071_sm	FBgn0040071_sm/chr3R_16234208-16234580__chr3R_16281158-16281613	RIGHT	chr3R:16281158-16281613	chr3R	16281158	16281613	FBgn0040071_sm/chr3R_16234208-16234580__chr3R_16281158-16281613/enhancers/chr3R_16281158-16281613.fa	455
FBgn0040071_sm	FBgn0040071_sm/chr3R_16242325-16242715__chr3R_16281158-16281613	LEFT	chr3R:16242325-16242715	chr3R	16242325	16242715	FBgn0040071_sm/chr3R_16242325-16242715__chr3R_16281158-16281613/enhancers/chr3R_16242325-16242715.fa	390
FBgn0040071_sm	FBgn0040071_sm/chr3R_16242325-16242715__chr3R_16281158-16281613	RIGHT	chr3R:16281158-16281613	chr3R	16281158	16281613	FBgn0040071_sm/chr3R_16242325-16242715__chr3R_16281158-16281613/enhancers/chr3R_16281158-16281613.fa	455
FBgn0040271_sm	FBgn0040271_sm/chr3R_16329845-16330045__chr3R_16341799-16342309	LEFT	chr3R:16329845-16330045	chr3R	16329845	16330045	FBgn0040271_sm/chr3R_16329845-16330045__chr3R_16341799-16342309/enhancers/chr3R_16329845-16330045.fa	200
FBgn0040271_sm	FBgn0040271_sm/chr3R_16329845-16330045__chr3R_16341799-16342309	RIGHT	chr3R:16341799-16342309	chr3R	16341799	16342309	FBgn0040271_sm/chr3R_16329845-16330045__chr3R_16341799-16342309/enhancers/chr3R_16341799-16342309.fa	510
FBgn0040383_sm	FBgn0040383_sm/chrX_664986-665230__chrX_735534-735828	LEFT	chrX:664986-665230	chrX	664986	665230	FBgn0040383_sm/chrX_664986-665230__chrX_735534-735828/enhancers/chrX_664986-665230.fa	244
FBgn0040383_sm	FBgn0040383_sm/chrX_664986-665230__chrX_735534-735828	RIGHT	chrX:735534-735828	chrX	735534	735828	FBgn0040383_sm/chrX_664986-665230__chrX_735534-735828/enhancers/chrX_735534-735828.fa	294
FBgn0040389_sm	FBgn0040389_sm/chrX_2294580-2295057__chrX_2296356-2296737	LEFT	chrX:2294580-2295057	chrX	2294580	2295057	FBgn0040389_sm/chrX_2294580-2295057__chrX_2296356-2296737/enhancers/chrX_2294580-2295057.fa	477
FBgn0040389_sm	FBgn0040389_sm/chrX_2294580-2295057__chrX_2296356-2296737	RIGHT	chrX:2296356-2296737	chrX	2296356	2296737	FBgn0040389_sm/chrX_2294580-2295057__chrX_2296356-2296737/enhancers/chrX_2296356-2296737.fa	381
FBgn0041604_sm	FBgn0041604_sm/chr3L_14635397-14635808__chr3L_14636483-14636932	LEFT	chr3L:14635397-14635808	chr3L	14635397	14635808	FBgn0041604_sm/chr3L_14635397-14635808__chr3L_14636483-14636932/enhancers/chr3L_14635397-14635808.fa	411
FBgn0041604_sm	FBgn0041604_sm/chr3L_14635397-14635808__chr3L_14636483-14636932	RIGHT	chr3L:14636483-14636932	chr3L	14636483	14636932	FBgn0041604_sm/chr3L_14635397-14635808__chr3L_14636483-14636932/enhancers/chr3L_14636483-14636932.fa	449
FBgn0041604_sm	FBgn0041604_sm/chr3L_14635397-14635808__chr3L_14646221-14646447	LEFT	chr3L:14635397-14635808	chr3L	14635397	14635808	FBgn0041604_sm/chr3L_14635397-14635808__chr3L_14646221-14646447/enhancers/chr3L_14635397-14635808.fa	411
FBgn0041604_sm	FBgn0041604_sm/chr3L_14635397-14635808__chr3L_14646221-14646447	RIGHT	chr3L:14646221-14646447	chr3L	14646221	14646447	FBgn0041604_sm/chr3L_14635397-14635808__chr3L_14646221-14646447/enhancers/chr3L_14646221-14646447.fa	226
FBgn0041604_sm	FBgn0041604_sm/chr3L_14636483-14636932__chr3L_14646221-14646447	LEFT	chr3L:14636483-14636932	chr3L	14636483	14636932	FBgn0041604_sm/chr3L_14636483-14636932__chr3L_14646221-14646447/enhancers/chr3L_14636483-14636932.fa	449
FBgn0041604_sm	FBgn0041604_sm/chr3L_14636483-14636932__chr3L_14646221-14646447	RIGHT	chr3L:14646221-14646447	chr3L	14646221	14646447	FBgn0041604_sm/chr3L_14636483-14636932__chr3L_14646221-14646447/enhancers/chr3L_14646221-14646447.fa	226
FBgn0050021_sm	FBgn0050021_sm/chr2R_10823498-10823995__chr2R_10827814-10828308	LEFT	chr2R:10823498-10823995	chr2R	10823498	10823995	FBgn0050021_sm/chr2R_10823498-10823995__chr2R_10827814-10828308/enhancers/chr2R_10823498-10823995.fa	497
FBgn0050021_sm	FBgn0050021_sm/chr2R_10823498-10823995__chr2R_10827814-10828308	RIGHT	chr2R:10827814-10828308	chr2R	10827814	10828308	FBgn0050021_sm/chr2R_10823498-10823995__chr2R_10827814-10828308/enhancers/chr2R_10827814-10828308.fa	494
FBgn0052344_sm	FBgn0052344_sm/chr3L_302973-303714__chr3L_304295-305216	LEFT	chr3L:302973-303714	chr3L	302973	303714	FBgn0052344_sm/chr3L_302973-303714__chr3L_304295-305216/enhancers/chr3L_302973-303714.fa	741
FBgn0052344_sm	FBgn0052344_sm/chr3L_302973-303714__chr3L_304295-305216	RIGHT	chr3L:304295-305216	chr3L	304295	305216	FBgn0052344_sm/chr3L_302973-303714__chr3L_304295-305216/enhancers/chr3L_304295-305216.fa	921
FBgn0053207_sm	FBgn0053207_sm/chr3R_15587263-15587689__chr3R_15639984-15640424	LEFT	chr3R:15587263-15587689	chr3R	15587263	15587689	FBgn0053207_sm/chr3R_15587263-15587689__chr3R_15639984-15640424/enhancers/chr3R_15587263-15587689.fa	426
FBgn0053207_sm	FBgn0053207_sm/chr3R_15587263-15587689__chr3R_15639984-15640424	RIGHT	chr3R:15639984-15640424	chr3R	15639984	15640424	FBgn0053207_sm/chr3R_15587263-15587689__chr3R_15639984-15640424/enhancers/chr3R_15639984-15640424.fa	440
FBgn0053207_sm	FBgn0053207_sm/chr3R_15587263-15587689__chr3R_15664641-15665034	LEFT	chr3R:15587263-15587689	chr3R	15587263	15587689	FBgn0053207_sm/chr3R_15587263-15587689__chr3R_15664641-15665034/enhancers/chr3R_15587263-15587689.fa	426
FBgn0053207_sm	FBgn0053207_sm/chr3R_15587263-15587689__chr3R_15664641-15665034	RIGHT	chr3R:15664641-15665034	chr3R	15664641	15665034	FBgn0053207_sm/chr3R_15587263-15587689__chr3R_15664641-15665034/enhancers/chr3R_15664641-15665034.fa	393
FBgn0053207_sm	FBgn0053207_sm/chr3R_15639984-15640424__chr3R_15664641-15665034	LEFT	chr3R:15639984-15640424	chr3R	15639984	15640424	FBgn0053207_sm/chr3R_15639984-15640424__chr3R_15664641-15665034/enhancers/chr3R_15639984-15640424.fa	440
FBgn0053207_sm	FBgn0053207_sm/chr3R_15639984-15640424__chr3R_15664641-15665034	RIGHT	chr3R:15664641-15665034	chr3R	15664641	15665034	FBgn0053207_sm/chr3R_15639984-15640424__chr3R_15664641-15665034/enhancers/chr3R_15664641-15665034.fa	393
FBgn0053208_sm	FBgn0053208_sm/chr3R_9918181-9918520__chr3R_10030129-10030427	LEFT	chr3R:9918181-9918520	chr3R	9918181	9918520	FBgn0053208_sm/chr3R_9918181-9918520__chr3R_10030129-10030427/enhancers/chr3R_9918181-9918520.fa	339
FBgn0053208_sm	FBgn0053208_sm/chr3R_9918181-9918520__chr3R_10030129-10030427	RIGHT	chr3R:10030129-10030427	chr3R	10030129	10030427	FBgn0053208_sm/chr3R_9918181-9918520__chr3R_10030129-10030427/enhancers/chr3R_10030129-10030427.fa	298
FBgn0083919_sm	FBgn0083919_sm/chr2R_15362583-15363071__chr2R_15377471-15377749	LEFT	chr2R:15362583-15363071	chr2R	15362583	15363071	FBgn0083919_sm/chr2R_15362583-15363071__chr2R_15377471-15377749/enhancers/chr2R_15362583-15363071.fa	488
FBgn0083919_sm	FBgn0083919_sm/chr2R_15362583-15363071__chr2R_15377471-15377749	RIGHT	chr2R:15377471-15377749	chr2R	15377471	15377749	FBgn0083919_sm/chr2R_15362583-15363071__chr2R_15377471-15377749/enhancers/chr2R_15377471-15377749.fa	278
FBgn0085387_sm	FBgn0085387_sm/chrX_20718699-20718899__chrX_20730577-20730852	LEFT	chrX:20718699-20718899	chrX	20718699	20718899	FBgn0085387_sm/chrX_20718699-20718899__chrX_20730577-20730852/enhancers/chrX_20718699-20718899.fa	200
FBgn0085387_sm	FBgn0085387_sm/chrX_20718699-20718899__chrX_20730577-20730852	RIGHT	chrX:20730577-20730852	chrX	20730577	20730852	FBgn0085387_sm/chrX_20718699-20718899__chrX_20730577-20730852/enhancers/chrX_20730577-20730852.fa	275
FBgn0086906_sm	FBgn0086906_sm/chr3L_2073248-2073448__chr3L_2098335-2098584	LEFT	chr3L:2073248-2073448	chr3L	2073248	2073448	FBgn0086906_sm/chr3L_2073248-2073448__chr3L_2098335-2098584/enhancers/chr3L_2073248-2073448.fa	200
FBgn0086906_sm	FBgn0086906_sm/chr3L_2073248-2073448__chr3L_2098335-2098584	RIGHT	chr3L:2098335-2098584	chr3L	2098335	2098584	FBgn0086906_sm/chr3L_2073248-2073448__chr3L_2098335-2098584/enhancers/chr3L_2098335-2098584.fa	249
FBgn0086906_sm	FBgn0086906_sm/chr3L_2073248-2073448__chr3L_2099069-2099450	LEFT	chr3L:2073248-2073448	chr3L	2073248	2073448	FBgn0086906_sm/chr3L_2073248-2073448__chr3L_2099069-2099450/enhancers/chr3L_2073248-2073448.fa	200
FBgn0086906_sm	FBgn0086906_sm/chr3L_2073248-2073448__chr3L_2099069-2099450	RIGHT	chr3L:2099069-2099450	chr3L	2099069	2099450	FBgn0086906_sm/chr3L_2073248-2073448__chr3L_2099069-2099450/enhancers/chr3L_2099069-2099450.fa	381
FBgn0086906_sm	FBgn0086906_sm/chr3L_2073248-2073448__chr3L_2139317-2139517	LEFT	chr3L:2073248-2073448	chr3L	2073248	2073448	FBgn0086906_sm/chr3L_2073248-2073448__chr3L_2139317-2139517/enhancers/chr3L_2073248-2073448.fa	200
FBgn0086906_sm	FBgn0086906_sm/chr3L_2073248-2073448__chr3L_2139317-2139517	RIGHT	chr3L:2139317-2139517	chr3L	2139317	2139517	FBgn0086906_sm/chr3L_2073248-2073448__chr3L_2139317-2139517/enhancers/chr3L_2139317-2139517.fa	200
FBgn0086906_sm	FBgn0086906_sm/chr3L_2098335-2098584__chr3L_2099069-2099450	LEFT	chr3L:2098335-2098584	chr3L	2098335	2098584	FBgn0086906_sm/chr3L_2098335-2098584__chr3L_2099069-2099450/enhancers/chr3L_2098335-2098584.fa	249
FBgn0086906_sm	FBgn0086906_sm/chr3L_2098335-2098584__chr3L_2099069-2099450	RIGHT	chr3L:2099069-2099450	chr3L	2099069	2099450	FBgn0086906_sm/chr3L_2098335-2098584__chr3L_2099069-2099450/enhancers/chr3L_2099069-2099450.fa	381
FBgn0086906_sm	FBgn0086906_sm/chr3L_2098335-2098584__chr3L_2139317-2139517	LEFT	chr3L:2098335-2098584	chr3L	2098335	2098584	FBgn0086906_sm/chr3L_2098335-2098584__chr3L_2139317-2139517/enhancers/chr3L_2098335-2098584.fa	249
FBgn0086906_sm	FBgn0086906_sm/chr3L_2098335-2098584__chr3L_2139317-2139517	RIGHT	chr3L:2139317-2139517	chr3L	2139317	2139517	FBgn0086906_sm/chr3L_2098335-2098584__chr3L_2139317-2139517/enhancers/chr3L_2139317-2139517.fa	200
FBgn0086906_sm	FBgn0086906_sm/chr3L_2099069-2099450__chr3L_2139317-2139517	LEFT	chr3L:2099069-2099450	chr3L	2099069	2099450	FBgn0086906_sm/chr3L_2099069-2099450__chr3L_2139317-2139517/enhancers/chr3L_2099069-2099450.fa	381
FBgn0086906_sm	FBgn0086906_sm/chr3L_2099069-2099450__chr3L_2139317-2139517	RIGHT	chr3L:2139317-2139517	chr3L	2139317	2139517	FBgn0086906_sm/chr3L_2099069-2099450__chr3L_2139317-2139517/enhancers/chr3L_2139317-2139517.fa	200
FBgn0250906_sm	FBgn0250906_sm/chr2L_2731925-2732219__chr2L_2754369-2754751	LEFT	chr2L:2731925-2732219	chr2L	2731925	2732219	FBgn0250906_sm/chr2L_2731925-2732219__chr2L_2754369-2754751/enhancers/chr2L_2731925-2732219.fa	294
FBgn0250906_sm	FBgn0250906_sm/chr2L_2731925-2732219__chr2L_2754369-2754751	RIGHT	chr2L:2754369-2754751	chr2L	2754369	2754751	FBgn0250906_sm/chr2L_2731925-2732219__chr2L_2754369-2754751/enhancers/chr2L_2754369-2754751.fa	382
FBgn0259678_sm	FBgn0259678_sm/chr2R_9318986-9319419__chr2R_9372513-9372734	LEFT	chr2R:9318986-9319419	chr2R	9318986	9319419	FBgn0259678_sm/chr2R_9318986-9319419__chr2R_9372513-9372734/enhancers/chr2R_9318986-9319419.fa	433
FBgn0259678_sm	FBgn0259678_sm/chr2R_9318986-9319419__chr2R_9372513-9372734	RIGHT	chr2R:9372513-9372734	chr2R	9372513	9372734	FBgn0259678_sm/chr2R_9318986-9319419__chr2R_9372513-9372734/enhancers/chr2R_9372513-9372734.fa	221
FBgn0259678_sm	FBgn0259678_sm/chr2R_9318986-9319419__chr2R_9374511-9374908	LEFT	chr2R:9318986-9319419	chr2R	9318986	9319419	FBgn0259678_sm/chr2R_9318986-9319419__chr2R_9374511-9374908/enhancers/chr2R_9318986-9319419.fa	433
FBgn0259678_sm	FBgn0259678_sm/chr2R_9318986-9319419__chr2R_9374511-9374908	RIGHT	chr2R:9374511-9374908	chr2R	9374511	9374908	FBgn0259678_sm/chr2R_9318986-9319419__chr2R_9374511-9374908/enhancers/chr2R_9374511-9374908.fa	397
FBgn0259678_sm	FBgn0259678_sm/chr2R_9372513-9372734__chr2R_9374511-9374908	LEFT	chr2R:9372513-9372734	chr2R	9372513	9372734	FBgn0259678_sm/chr2R_9372513-9372734__chr2R_9374511-9374908/enhancers/chr2R_9372513-9372734.fa	221
FBgn0259678_sm	FBgn0259678_sm/chr2R_9372513-9372734__chr2R_9374511-9374908	RIGHT	chr2R:9374511-9374908	chr2R	9374511	9374908	FBgn0259678_sm/chr2R_9372513-9372734__chr2R_9374511-9374908/enhancers/chr2R_9374511-9374908.fa	397
FBgn0260642_sm	FBgn0260642_sm/chr3R_6854324-6854718__chr3R_6870932-6871323	LEFT	chr3R:6854324-6854718	chr3R	6854324	6854718	FBgn0260642_sm/chr3R_6854324-6854718__chr3R_6870932-6871323/enhancers/chr3R_6854324-6854718.fa	394
FBgn0260642_sm	FBgn0260642_sm/chr3R_6854324-6854718__chr3R_6870932-6871323	RIGHT	chr3R:6870932-6871323	chr3R	6870932	6871323	FBgn0260642_sm/chr3R_6854324-6854718__chr3R_6870932-6871323/enhancers/chr3R_6870932-6871323.fa	391
FBgn0260642_sm	FBgn0260642_sm/chr3R_6854324-6854718__chr3R_6932962-6933173	LEFT	chr3R:6854324-6854718	chr3R	6854324	6854718	FBgn0260642_sm/chr3R_6854324-6854718__chr3R_6932962-6933173/enhancers/chr3R_6854324-6854718.fa	394
FBgn0260642_sm	FBgn0260642_sm/chr3R_6854324-6854718__chr3R_6932962-6933173	RIGHT	chr3R:6932962-6933173	chr3R	6932962	6933173	FBgn0260642_sm/chr3R_6854324-6854718__chr3R_6932962-6933173/enhancers/chr3R_6932962-6933173.fa	211
FBgn0260642_sm	FBgn0260642_sm/chr3R_6854324-6854718__chr3R_6966630-6967006	LEFT	chr3R:6854324-6854718	chr3R	6854324	6854718	FBgn0260642_sm/chr3R_6854324-6854718__chr3R_6966630-6967006/enhancers/chr3R_6854324-6854718.fa	394
FBgn0260642_sm	FBgn0260642_sm/chr3R_6854324-6854718__chr3R_6966630-6967006	RIGHT	chr3R:6966630-6967006	chr3R	6966630	6967006	FBgn0260642_sm/chr3R_6854324-6854718__chr3R_6966630-6967006/enhancers/chr3R_6966630-6967006.fa	376
FBgn0260642_sm	FBgn0260642_sm/chr3R_6854324-6854718__chr3R_6970146-6970346	LEFT	chr3R:6854324-6854718	chr3R	6854324	6854718	FBgn0260642_sm/chr3R_6854324-6854718__chr3R_6970146-6970346/enhancers/chr3R_6854324-6854718.fa	394
FBgn0260642_sm	FBgn0260642_sm/chr3R_6854324-6854718__chr3R_6970146-6970346	RIGHT	chr3R:6970146-6970346	chr3R	6970146	6970346	FBgn0260642_sm/chr3R_6854324-6854718__chr3R_6970146-6970346/enhancers/chr3R_6970146-6970346.fa	200
FBgn0260642_sm	FBgn0260642_sm/chr3R_6870932-6871323__chr3R_6932962-6933173	LEFT	chr3R:6870932-6871323	chr3R	6870932	6871323	FBgn0260642_sm/chr3R_6870932-6871323__chr3R_6932962-6933173/enhancers/chr3R_6870932-6871323.fa	391
FBgn0260642_sm	FBgn0260642_sm/chr3R_6870932-6871323__chr3R_6932962-6933173	RIGHT	chr3R:6932962-6933173	chr3R	6932962	6933173	FBgn0260642_sm/chr3R_6870932-6871323__chr3R_6932962-6933173/enhancers/chr3R_6932962-6933173.fa	211
FBgn0260642_sm	FBgn0260642_sm/chr3R_6870932-6871323__chr3R_6966630-6967006	LEFT	chr3R:6870932-6871323	chr3R	6870932	6871323	FBgn0260642_sm/chr3R_6870932-6871323__chr3R_6966630-6967006/enhancers/chr3R_6870932-6871323.fa	391
FBgn0260642_sm	FBgn0260642_sm/chr3R_6870932-6871323__chr3R_6966630-6967006	RIGHT	chr3R:6966630-6967006	chr3R	6966630	6967006	FBgn0260642_sm/chr3R_6870932-6871323__chr3R_6966630-6967006/enhancers/chr3R_6966630-6967006.fa	376
FBgn0260642_sm	FBgn0260642_sm/chr3R_6870932-6871323__chr3R_6970146-6970346	LEFT	chr3R:6870932-6871323	chr3R	6870932	6871323	FBgn0260642_sm/chr3R_6870932-6871323__chr3R_6970146-6970346/enhancers/chr3R_6870932-6871323.fa	391
FBgn0260642_sm	FBgn0260642_sm/chr3R_6870932-6871323__chr3R_6970146-6970346	RIGHT	chr3R:6970146-6970346	chr3R	6970146	6970346	FBgn0260642_sm/chr3R_6870932-6871323__chr3R_6970146-6970346/enhancers/chr3R_6970146-6970346.fa	200
FBgn0260642_sm	FBgn0260642_sm/chr3R_6932962-6933173__chr3R_6966630-6967006	LEFT	chr3R:6932962-6933173	chr3R	6932962	6933173	FBgn0260642_sm/chr3R_6932962-6933173__chr3R_6966630-6967006/enhancers/chr3R_6932962-6933173.fa	211
FBgn0260642_sm	FBgn0260642_sm/chr3R_6932962-6933173__chr3R_6966630-6967006	RIGHT	chr3R:6966630-6967006	chr3R	6966630	6967006	FBgn0260642_sm/chr3R_6932962-6933173__chr3R_6966630-6967006/enhancers/chr3R_6966630-6967006.fa	376
FBgn0260642_sm	FBgn0260642_sm/chr3R_6932962-6933173__chr3R_6970146-6970346	LEFT	chr3R:6932962-6933173	chr3R	6932962	6933173	FBgn0260642_sm/chr3R_6932962-6933173__chr3R_6970146-6970346/enhancers/chr3R_6932962-6933173.fa	211
FBgn0260642_sm	FBgn0260642_sm/chr3R_6932962-6933173__chr3R_6970146-6970346	RIGHT	chr3R:6970146-6970346	chr3R	6970146	6970346	FBgn0260642_sm/chr3R_6932962-6933173__chr3R_6970146-6970346/enhancers/chr3R_6970146-6970346.fa	200
FBgn0260642_sm	FBgn0260642_sm/chr3R_6966630-6967006__chr3R_6970146-6970346	LEFT	chr3R:6966630-6967006	chr3R	6966630	6967006	FBgn0260642_sm/chr3R_6966630-6967006__chr3R_6970146-6970346/enhancers/chr3R_6966630-6967006.fa	376
FBgn0260642_sm	FBgn0260642_sm/chr3R_6966630-6967006__chr3R_6970146-6970346	RIGHT	chr3R:6970146-6970346	chr3R	6970146	6970346	FBgn0260642_sm/chr3R_6966630-6967006__chr3R_6970146-6970346/enhancers/chr3R_6970146-6970346.fa	200
FBgn0261800_sm	FBgn0261800_sm/chr2L_7808917-7809117__chr2L_7810046-7810246	LEFT	chr2L:7808917-7809117	chr2L	7808917	7809117	FBgn0261800_sm/chr2L_7808917-7809117__chr2L_7810046-7810246/enhancers/chr2L_7808917-7809117.fa	200
FBgn0261800_sm	FBgn0261800_sm/chr2L_7808917-7809117__chr2L_7810046-7810246	RIGHT	chr2L:7810046-7810246	chr2L	7810046	7810246	FBgn0261800_sm/chr2L_7808917-7809117__chr2L_7810046-7810246/enhancers/chr2L_7810046-7810246.fa	200
FBgn0261800_sm	FBgn0261800_sm/chr2L_7808917-7809117__chr2L_7811525-7811900	LEFT	chr2L:7808917-7809117	chr2L	7808917	7809117	FBgn0261800_sm/chr2L_7808917-7809117__chr2L_7811525-7811900/enhancers/chr2L_7808917-7809117.fa	200
FBgn0261800_sm	FBgn0261800_sm/chr2L_7808917-7809117__chr2L_7811525-7811900	RIGHT	chr2L:7811525-7811900	chr2L	7811525	7811900	FBgn0261800_sm/chr2L_7808917-7809117__chr2L_7811525-7811900/enhancers/chr2L_7811525-7811900.fa	375
FBgn0261800_sm	FBgn0261800_sm/chr2L_7810046-7810246__chr2L_7811525-7811900	LEFT	chr2L:7810046-7810246	chr2L	7810046	7810246	FBgn0261800_sm/chr2L_7810046-7810246__chr2L_7811525-7811900/enhancers/chr2L_7810046-7810246.fa	200
FBgn0261800_sm	FBgn0261800_sm/chr2L_7810046-7810246__chr2L_7811525-7811900	RIGHT	chr2L:7811525-7811900	chr2L	7811525	7811900	FBgn0261800_sm/chr2L_7810046-7810246__chr2L_7811525-7811900/enhancers/chr2L_7811525-7811900.fa	375
FBgn0263133_sm	FBgn0263133_sm/chr2L_7157539-7157943__chr2L_7277249-7277482	LEFT	chr2L:7157539-7157943	chr2L	7157539	7157943	FBgn0263133_sm/chr2L_7157539-7157943__chr2L_7277249-7277482/enhancers/chr2L_7157539-7157943.fa	404
FBgn0263133_sm	FBgn0263133_sm/chr2L_7157539-7157943__chr2L_7277249-7277482	RIGHT	chr2L:7277249-7277482	chr2L	7277249	7277482	FBgn0263133_sm/chr2L_7157539-7157943__chr2L_7277249-7277482/enhancers/chr2L_7277249-7277482.fa	233
FBgn0000014_vm	FBgn0000014_vm/chr3R_16737098-16737410__chr3R_16813228-16813680	LEFT	chr3R:16737098-16737410	chr3R	16737098	16737410	FBgn0000014_vm/chr3R_16737098-16737410__chr3R_16813228-16813680/enhancers/chr3R_16737098-16737410.fa	312
FBgn0000014_vm	FBgn0000014_vm/chr3R_16737098-16737410__chr3R_16813228-16813680	RIGHT	chr3R:16813228-16813680	chr3R	16813228	16813680	FBgn0000014_vm/chr3R_16737098-16737410__chr3R_16813228-16813680/enhancers/chr3R_16813228-16813680.fa	452
FBgn0000014_vm	FBgn0000014_vm/chr3R_16737098-16737410__chr3R_16814262-16814590	LEFT	chr3R:16737098-16737410	chr3R	16737098	16737410	FBgn0000014_vm/chr3R_16737098-16737410__chr3R_16814262-16814590/enhancers/chr3R_16737098-16737410.fa	312
FBgn0000014_vm	FBgn0000014_vm/chr3R_16737098-16737410__chr3R_16814262-16814590	RIGHT	chr3R:16814262-16814590	chr3R	16814262	16814590	FBgn0000014_vm/chr3R_16737098-16737410__chr3R_16814262-16814590/enhancers/chr3R_16814262-16814590.fa	328
FBgn0000014_vm	FBgn0000014_vm/chr3R_16737098-16737410__chr3R_16841943-16842333	LEFT	chr3R:16737098-16737410	chr3R	16737098	16737410	FBgn0000014_vm/chr3R_16737098-16737410__chr3R_16841943-16842333/enhancers/chr3R_16737098-16737410.fa	312
FBgn0000014_vm	FBgn0000014_vm/chr3R_16737098-16737410__chr3R_16841943-16842333	RIGHT	chr3R:16841943-16842333	chr3R	16841943	16842333	FBgn0000014_vm/chr3R_16737098-16737410__chr3R_16841943-16842333/enhancers/chr3R_16841943-16842333.fa	390
FBgn0000014_vm	FBgn0000014_vm/chr3R_16737098-16737410__chr3R_16904976-16905213	LEFT	chr3R:16737098-16737410	chr3R	16737098	16737410	FBgn0000014_vm/chr3R_16737098-16737410__chr3R_16904976-16905213/enhancers/chr3R_16737098-16737410.fa	312
FBgn0000014_vm	FBgn0000014_vm/chr3R_16737098-16737410__chr3R_16904976-16905213	RIGHT	chr3R:16904976-16905213	chr3R	16904976	16905213	FBgn0000014_vm/chr3R_16737098-16737410__chr3R_16904976-16905213/enhancers/chr3R_16904976-16905213.fa	237
FBgn0000014_vm	FBgn0000014_vm/chr3R_16813228-16813680__chr3R_16814262-16814590	LEFT	chr3R:16813228-16813680	chr3R	16813228	16813680	FBgn0000014_vm/chr3R_16813228-16813680__chr3R_16814262-16814590/enhancers/chr3R_16813228-16813680.fa	452
FBgn0000014_vm	FBgn0000014_vm/chr3R_16813228-16813680__chr3R_16814262-16814590	RIGHT	chr3R:16814262-16814590	chr3R	16814262	16814590	FBgn0000014_vm/chr3R_16813228-16813680__chr3R_16814262-16814590/enhancers/chr3R_16814262-16814590.fa	328
FBgn0000014_vm	FBgn0000014_vm/chr3R_16813228-16813680__chr3R_16841943-16842333	LEFT	chr3R:16813228-16813680	chr3R	16813228	16813680	FBgn0000014_vm/chr3R_16813228-16813680__chr3R_16841943-16842333/enhancers/chr3R_16813228-16813680.fa	452
FBgn0000014_vm	FBgn0000014_vm/chr3R_16813228-16813680__chr3R_16841943-16842333	RIGHT	chr3R:16841943-16842333	chr3R	16841943	16842333	FBgn0000014_vm/chr3R_16813228-16813680__chr3R_16841943-16842333/enhancers/chr3R_16841943-16842333.fa	390
FBgn0000014_vm	FBgn0000014_vm/chr3R_16813228-16813680__chr3R_16904976-16905213	LEFT	chr3R:16813228-16813680	chr3R	16813228	16813680	FBgn0000014_vm/chr3R_16813228-16813680__chr3R_16904976-16905213/enhancers/chr3R_16813228-16813680.fa	452
FBgn0000014_vm	FBgn0000014_vm/chr3R_16813228-16813680__chr3R_16904976-16905213	RIGHT	chr3R:16904976-16905213	chr3R	16904976	16905213	FBgn0000014_vm/chr3R_16813228-16813680__chr3R_16904976-16905213/enhancers/chr3R_16904976-16905213.fa	237
FBgn0000014_vm	FBgn0000014_vm/chr3R_16814262-16814590__chr3R_16841943-16842333	LEFT	chr3R:16814262-16814590	chr3R	16814262	16814590	FBgn0000014_vm/chr3R_16814262-16814590__chr3R_16841943-16842333/enhancers/chr3R_16814262-16814590.fa	328
FBgn0000014_vm	FBgn0000014_vm/chr3R_16814262-16814590__chr3R_16841943-16842333	RIGHT	chr3R:16841943-16842333	chr3R	16841943	16842333	FBgn0000014_vm/chr3R_16814262-16814590__chr3R_16841943-16842333/enhancers/chr3R_16841943-16842333.fa	390
FBgn0000014_vm	FBgn0000014_vm/chr3R_16814262-16814590__chr3R_16904976-16905213	LEFT	chr3R:16814262-16814590	chr3R	16814262	16814590	FBgn0000014_vm/chr3R_16814262-16814590__chr3R_16904976-16905213/enhancers/chr3R_16814262-16814590.fa	328
FBgn0000014_vm	FBgn0000014_vm/chr3R_16814262-16814590__chr3R_16904976-16905213	RIGHT	chr3R:16904976-16905213	chr3R	16904976	16905213	FBgn0000014_vm/chr3R_16814262-16814590__chr3R_16904976-16905213/enhancers/chr3R_16904976-16905213.fa	237
FBgn0000014_vm	FBgn0000014_vm/chr3R_16841943-16842333__chr3R_16904976-16905213	LEFT	chr3R:16841943-16842333	chr3R	16841943	16842333	FBgn0000014_vm/chr3R_16841943-16842333__chr3R_16904976-16905213/enhancers/chr3R_16841943-16842333.fa	390
FBgn0000014_vm	FBgn0000014_vm/chr3R_16841943-16842333__chr3R_16904976-16905213	RIGHT	chr3R:16904976-16905213	chr3R	16904976	16905213	FBgn0000014_vm/chr3R_16841943-16842333__chr3R_16904976-16905213/enhancers/chr3R_16904976-16905213.fa	237
FBgn0000015_vm	FBgn0000015_vm/chr3R_16938077-16938336__chr3R_16981038-16981250	LEFT	chr3R:16938077-16938336	chr3R	16938077	16938336	FBgn0000015_vm/chr3R_16938077-16938336__chr3R_16981038-16981250/enhancers/chr3R_16938077-16938336.fa	259
FBgn0000015_vm	FBgn0000015_vm/chr3R_16938077-16938336__chr3R_16981038-16981250	RIGHT	chr3R:16981038-16981250	chr3R	16981038	16981250	FBgn0000015_vm/chr3R_16938077-16938336__chr3R_16981038-16981250/enhancers/chr3R_16981038-16981250.fa	212
FBgn0000046_vm	FBgn0000046_vm/chr3R_13424734-13425026__chr3R_13448043-13448596	LEFT	chr3R:13424734-13425026	chr3R	13424734	13425026	FBgn0000046_vm/chr3R_13424734-13425026__chr3R_13448043-13448596/enhancers/chr3R_13424734-13425026.fa	292
FBgn0000046_vm	FBgn0000046_vm/chr3R_13424734-13425026__chr3R_13448043-13448596	RIGHT	chr3R:13448043-13448596	chr3R	13448043	13448596	FBgn0000046_vm/chr3R_13424734-13425026__chr3R_13448043-13448596/enhancers/chr3R_13448043-13448596.fa	553
FBgn0000046_vm	FBgn0000046_vm/chr3R_13424734-13425026__chr3R_13448995-13449256	LEFT	chr3R:13424734-13425026	chr3R	13424734	13425026	FBgn0000046_vm/chr3R_13424734-13425026__chr3R_13448995-13449256/enhancers/chr3R_13424734-13425026.fa	292
FBgn0000046_vm	FBgn0000046_vm/chr3R_13424734-13425026__chr3R_13448995-13449256	RIGHT	chr3R:13448995-13449256	chr3R	13448995	13449256	FBgn0000046_vm/chr3R_13424734-13425026__chr3R_13448995-13449256/enhancers/chr3R_13448995-13449256.fa	261
FBgn0000046_vm	FBgn0000046_vm/chr3R_13448043-13448596__chr3R_13448995-13449256	LEFT	chr3R:13448043-13448596	chr3R	13448043	13448596	FBgn0000046_vm/chr3R_13448043-13448596__chr3R_13448995-13449256/enhancers/chr3R_13448043-13448596.fa	553
FBgn0000046_vm	FBgn0000046_vm/chr3R_13448043-13448596__chr3R_13448995-13449256	RIGHT	chr3R:13448995-13449256	chr3R	13448995	13449256	FBgn0000046_vm/chr3R_13448043-13448596__chr3R_13448995-13449256/enhancers/chr3R_13448995-13449256.fa	261
FBgn0000636_vm	FBgn0000636_vm/chr2L_18315739-18316039__chr2L_18329506-18330029	LEFT	chr2L:18315739-18316039	chr2L	18315739	18316039	FBgn0000636_vm/chr2L_18315739-18316039__chr2L_18329506-18330029/enhancers/chr2L_18315739-18316039.fa	300
FBgn0000636_vm	FBgn0000636_vm/chr2L_18315739-18316039__chr2L_18329506-18330029	RIGHT	chr2L:18329506-18330029	chr2L	18329506	18330029	FBgn0000636_vm/chr2L_18315739-18316039__chr2L_18329506-18330029/enhancers/chr2L_18329506-18330029.fa	523
FBgn0000636_vm	FBgn0000636_vm/chr2L_18315739-18316039__chr2L_18331524-18331944	LEFT	chr2L:18315739-18316039	chr2L	18315739	18316039	FBgn0000636_vm/chr2L_18315739-18316039__chr2L_18331524-18331944/enhancers/chr2L_18315739-18316039.fa	300
FBgn0000636_vm	FBgn0000636_vm/chr2L_18315739-18316039__chr2L_18331524-18331944	RIGHT	chr2L:18331524-18331944	chr2L	18331524	18331944	FBgn0000636_vm/chr2L_18315739-18316039__chr2L_18331524-18331944/enhancers/chr2L_18331524-18331944.fa	420
FBgn0000636_vm	FBgn0000636_vm/chr2L_18315739-18316039__chr2L_18332556-18332942	LEFT	chr2L:18315739-18316039	chr2L	18315739	18316039	FBgn0000636_vm/chr2L_18315739-18316039__chr2L_18332556-18332942/enhancers/chr2L_18315739-18316039.fa	300
FBgn0000636_vm	FBgn0000636_vm/chr2L_18315739-18316039__chr2L_18332556-18332942	RIGHT	chr2L:18332556-18332942	chr2L	18332556	18332942	FBgn0000636_vm/chr2L_18315739-18316039__chr2L_18332556-18332942/enhancers/chr2L_18332556-18332942.fa	386
FBgn0000636_vm	FBgn0000636_vm/chr2L_18329506-18330029__chr2L_18331524-18331944	LEFT	chr2L:18329506-18330029	chr2L	18329506	18330029	FBgn0000636_vm/chr2L_18329506-18330029__chr2L_18331524-18331944/enhancers/chr2L_18329506-18330029.fa	523
FBgn0000636_vm	FBgn0000636_vm/chr2L_18329506-18330029__chr2L_18331524-18331944	RIGHT	chr2L:18331524-18331944	chr2L	18331524	18331944	FBgn0000636_vm/chr2L_18329506-18330029__chr2L_18331524-18331944/enhancers/chr2L_18331524-18331944.fa	420
FBgn0000636_vm	FBgn0000636_vm/chr2L_18329506-18330029__chr2L_18332556-18332942	LEFT	chr2L:18329506-18330029	chr2L	18329506	18330029	FBgn0000636_vm/chr2L_18329506-18330029__chr2L_18332556-18332942/enhancers/chr2L_18329506-18330029.fa	523
FBgn0000636_vm	FBgn0000636_vm/chr2L_18329506-18330029__chr2L_18332556-18332942	RIGHT	chr2L:18332556-18332942	chr2L	18332556	18332942	FBgn0000636_vm/chr2L_18329506-18330029__chr2L_18332556-18332942/enhancers/chr2L_18332556-18332942.fa	386
FBgn0000636_vm	FBgn0000636_vm/chr2L_18331524-18331944__chr2L_18332556-18332942	LEFT	chr2L:18331524-18331944	chr2L	18331524	18331944	FBgn0000636_vm/chr2L_18331524-18331944__chr2L_18332556-18332942/enhancers/chr2L_18331524-18331944.fa	420
FBgn0000636_vm	FBgn0000636_vm/chr2L_18331524-18331944__chr2L_18332556-18332942	RIGHT	chr2L:18332556-18332942	chr2L	18332556	18332942	FBgn0000636_vm/chr2L_18331524-18331944__chr2L_18332556-18332942/enhancers/chr2L_18332556-18332942.fa	386
FBgn0000667_vm	FBgn0000667_vm/chrX_1936833-1937033__chrX_1947402-1947602	LEFT	chrX:1936833-1937033	chrX	1936833	1937033	FBgn0000667_vm/chrX_1936833-1937033__chrX_1947402-1947602/enhancers/chrX_1936833-1937033.fa	200
FBgn0000667_vm	FBgn0000667_vm/chrX_1936833-1937033__chrX_1947402-1947602	RIGHT	chrX:1947402-1947602	chrX	1947402	1947602	FBgn0000667_vm/chrX_1936833-1937033__chrX_1947402-1947602/enhancers/chrX_1947402-1947602.fa	200
FBgn0000667_vm	FBgn0000667_vm/chrX_1936833-1937033__chrX_1967981-1968192	LEFT	chrX:1936833-1937033	chrX	1936833	1937033	FBgn0000667_vm/chrX_1936833-1937033__chrX_1967981-1968192/enhancers/chrX_1936833-1937033.fa	200
FBgn0000667_vm	FBgn0000667_vm/chrX_1936833-1937033__chrX_1967981-1968192	RIGHT	chrX:1967981-1968192	chrX	1967981	1968192	FBgn0000667_vm/chrX_1936833-1937033__chrX_1967981-1968192/enhancers/chrX_1967981-1968192.fa	211
FBgn0000667_vm	FBgn0000667_vm/chrX_1936833-1937033__chrX_1994981-1995181	LEFT	chrX:1936833-1937033	chrX	1936833	1937033	FBgn0000667_vm/chrX_1936833-1937033__chrX_1994981-1995181/enhancers/chrX_1936833-1937033.fa	200
FBgn0000667_vm	FBgn0000667_vm/chrX_1936833-1937033__chrX_1994981-1995181	RIGHT	chrX:1994981-1995181	chrX	1994981	1995181	FBgn0000667_vm/chrX_1936833-1937033__chrX_1994981-1995181/enhancers/chrX_1994981-1995181.fa	200
FBgn0000667_vm	FBgn0000667_vm/chrX_1936833-1937033__chrX_1995248-1995488	LEFT	chrX:1936833-1937033	chrX	1936833	1937033	FBgn0000667_vm/chrX_1936833-1937033__chrX_1995248-1995488/enhancers/chrX_1936833-1937033.fa	200
FBgn0000667_vm	FBgn0000667_vm/chrX_1936833-1937033__chrX_1995248-1995488	RIGHT	chrX:1995248-1995488	chrX	1995248	1995488	FBgn0000667_vm/chrX_1936833-1937033__chrX_1995248-1995488/enhancers/chrX_1995248-1995488.fa	240
FBgn0000667_vm	FBgn0000667_vm/chrX_1936833-1937033__chrX_1995994-1996521	LEFT	chrX:1936833-1937033	chrX	1936833	1937033	FBgn0000667_vm/chrX_1936833-1937033__chrX_1995994-1996521/enhancers/chrX_1936833-1937033.fa	200
FBgn0000667_vm	FBgn0000667_vm/chrX_1936833-1937033__chrX_1995994-1996521	RIGHT	chrX:1995994-1996521	chrX	1995994	1996521	FBgn0000667_vm/chrX_1936833-1937033__chrX_1995994-1996521/enhancers/chrX_1995994-1996521.fa	527
FBgn0000667_vm	FBgn0000667_vm/chrX_1947402-1947602__chrX_1967981-1968192	LEFT	chrX:1947402-1947602	chrX	1947402	1947602	FBgn0000667_vm/chrX_1947402-1947602__chrX_1967981-1968192/enhancers/chrX_1947402-1947602.fa	200
FBgn0000667_vm	FBgn0000667_vm/chrX_1947402-1947602__chrX_1967981-1968192	RIGHT	chrX:1967981-1968192	chrX	1967981	1968192	FBgn0000667_vm/chrX_1947402-1947602__chrX_1967981-1968192/enhancers/chrX_1967981-1968192.fa	211
FBgn0000667_vm	FBgn0000667_vm/chrX_1947402-1947602__chrX_1994981-1995181	LEFT	chrX:1947402-1947602	chrX	1947402	1947602	FBgn0000667_vm/chrX_1947402-1947602__chrX_1994981-1995181/enhancers/chrX_1947402-1947602.fa	200
FBgn0000667_vm	FBgn0000667_vm/chrX_1947402-1947602__chrX_1994981-1995181	RIGHT	chrX:1994981-1995181	chrX	1994981	1995181	FBgn0000667_vm/chrX_1947402-1947602__chrX_1994981-1995181/enhancers/chrX_1994981-1995181.fa	200
FBgn0000667_vm	FBgn0000667_vm/chrX_1947402-1947602__chrX_1995248-1995488	LEFT	chrX:1947402-1947602	chrX	1947402	1947602	FBgn0000667_vm/chrX_1947402-1947602__chrX_1995248-1995488/enhancers/chrX_1947402-1947602.fa	200
FBgn0000667_vm	FBgn0000667_vm/chrX_1947402-1947602__chrX_1995248-1995488	RIGHT	chrX:1995248-1995488	chrX	1995248	1995488	FBgn0000667_vm/chrX_1947402-1947602__chrX_1995248-1995488/enhancers/chrX_1995248-1995488.fa	240
FBgn0000667_vm	FBgn0000667_vm/chrX_1947402-1947602__chrX_1995994-1996521	LEFT	chrX:1947402-1947602	chrX	1947402	1947602	FBgn0000667_vm/chrX_1947402-1947602__chrX_1995994-1996521/enhancers/chrX_1947402-1947602.fa	200
FBgn0000667_vm	FBgn0000667_vm/chrX_1947402-1947602__chrX_1995994-1996521	RIGHT	chrX:1995994-1996521	chrX	1995994	1996521	FBgn0000667_vm/chrX_1947402-1947602__chrX_1995994-1996521/enhancers/chrX_1995994-1996521.fa	527
FBgn0000667_vm	FBgn0000667_vm/chrX_1967981-1968192__chrX_1994981-1995181	LEFT	chrX:1967981-1968192	chrX	1967981	1968192	FBgn0000667_vm/chrX_1967981-1968192__chrX_1994981-1995181/enhancers/chrX_1967981-1968192.fa	211
FBgn0000667_vm	FBgn0000667_vm/chrX_1967981-1968192__chrX_1994981-1995181	RIGHT	chrX:1994981-1995181	chrX	1994981	1995181	FBgn0000667_vm/chrX_1967981-1968192__chrX_1994981-1995181/enhancers/chrX_1994981-1995181.fa	200
FBgn0000667_vm	FBgn0000667_vm/chrX_1967981-1968192__chrX_1995248-1995488	LEFT	chrX:1967981-1968192	chrX	1967981	1968192	FBgn0000667_vm/chrX_1967981-1968192__chrX_1995248-1995488/enhancers/chrX_1967981-1968192.fa	211
FBgn0000667_vm	FBgn0000667_vm/chrX_1967981-1968192__chrX_1995248-1995488	RIGHT	chrX:1995248-1995488	chrX	1995248	1995488	FBgn0000667_vm/chrX_1967981-1968192__chrX_1995248-1995488/enhancers/chrX_1995248-1995488.fa	240
FBgn0000667_vm	FBgn0000667_vm/chrX_1967981-1968192__chrX_1995994-1996521	LEFT	chrX:1967981-1968192	chrX	1967981	1968192	FBgn0000667_vm/chrX_1967981-1968192__chrX_1995994-1996521/enhancers/chrX_1967981-1968192.fa	211
FBgn0000667_vm	FBgn0000667_vm/chrX_1967981-1968192__chrX_1995994-1996521	RIGHT	chrX:1995994-1996521	chrX	1995994	1996521	FBgn0000667_vm/chrX_1967981-1968192__chrX_1995994-1996521/enhancers/chrX_1995994-1996521.fa	527
FBgn0000667_vm	FBgn0000667_vm/chrX_1994981-1995181__chrX_1995248-1995488	LEFT	chrX:1994981-1995181	chrX	1994981	1995181	FBgn0000667_vm/chrX_1994981-1995181__chrX_1995248-1995488/enhancers/chrX_1994981-1995181.fa	200
FBgn0000667_vm	FBgn0000667_vm/chrX_1994981-1995181__chrX_1995248-1995488	RIGHT	chrX:1995248-1995488	chrX	1995248	1995488	FBgn0000667_vm/chrX_1994981-1995181__chrX_1995248-1995488/enhancers/chrX_1995248-1995488.fa	240
FBgn0000667_vm	FBgn0000667_vm/chrX_1994981-1995181__chrX_1995994-1996521	LEFT	chrX:1994981-1995181	chrX	1994981	1995181	FBgn0000667_vm/chrX_1994981-1995181__chrX_1995994-1996521/enhancers/chrX_1994981-1995181.fa	200
FBgn0000667_vm	FBgn0000667_vm/chrX_1994981-1995181__chrX_1995994-1996521	RIGHT	chrX:1995994-1996521	chrX	1995994	1996521	FBgn0000667_vm/chrX_1994981-1995181__chrX_1995994-1996521/enhancers/chrX_1995994-1996521.fa	527
FBgn0000667_vm	FBgn0000667_vm/chrX_1995248-1995488__chrX_1995994-1996521	LEFT	chrX:1995248-1995488	chrX	1995248	1995488	FBgn0000667_vm/chrX_1995248-1995488__chrX_1995994-1996521/enhancers/chrX_1995248-1995488.fa	240
FBgn0000667_vm	FBgn0000667_vm/chrX_1995248-1995488__chrX_1995994-1996521	RIGHT	chrX:1995994-1996521	chrX	1995994	1996521	FBgn0000667_vm/chrX_1995248-1995488__chrX_1995994-1996521/enhancers/chrX_1995994-1996521.fa	527
FBgn0000721_vm	FBgn0000721_vm/chr2L_3581785-3581985__chr2L_3628830-3629162	LEFT	chr2L:3581785-3581985	chr2L	3581785	3581985	FBgn0000721_vm/chr2L_3581785-3581985__chr2L_3628830-3629162/enhancers/chr2L_3581785-3581985.fa	200
FBgn0000721_vm	FBgn0000721_vm/chr2L_3581785-3581985__chr2L_3628830-3629162	RIGHT	chr2L:3628830-3629162	chr2L	3628830	3629162	FBgn0000721_vm/chr2L_3581785-3581985__chr2L_3628830-3629162/enhancers/chr2L_3628830-3629162.fa	332
FBgn0000721_vm	FBgn0000721_vm/chr2L_3581785-3581985__chr2L_3631721-3632029	LEFT	chr2L:3581785-3581985	chr2L	3581785	3581985	FBgn0000721_vm/chr2L_3581785-3581985__chr2L_3631721-3632029/enhancers/chr2L_3581785-3581985.fa	200
FBgn0000721_vm	FBgn0000721_vm/chr2L_3581785-3581985__chr2L_3631721-3632029	RIGHT	chr2L:3631721-3632029	chr2L	3631721	3632029	FBgn0000721_vm/chr2L_3581785-3581985__chr2L_3631721-3632029/enhancers/chr2L_3631721-3632029.fa	308
FBgn0000721_vm	FBgn0000721_vm/chr2L_3581785-3581985__chr2L_3655828-3656265	LEFT	chr2L:3581785-3581985	chr2L	3581785	3581985	FBgn0000721_vm/chr2L_3581785-3581985__chr2L_3655828-3656265/enhancers/chr2L_3581785-3581985.fa	200
FBgn0000721_vm	FBgn0000721_vm/chr2L_3581785-3581985__chr2L_3655828-3656265	RIGHT	chr2L:3655828-3656265	chr2L	3655828	3656265	FBgn0000721_vm/chr2L_3581785-3581985__chr2L_3655828-3656265/enhancers/chr2L_3655828-3656265.fa	437
FBgn0000721_vm	FBgn0000721_vm/chr2L_3628830-3629162__chr2L_3631721-3632029	LEFT	chr2L:3628830-3629162	chr2L	3628830	3629162	FBgn0000721_vm/chr2L_3628830-3629162__chr2L_3631721-3632029/enhancers/chr2L_3628830-3629162.fa	332
FBgn0000721_vm	FBgn0000721_vm/chr2L_3628830-3629162__chr2L_3631721-3632029	RIGHT	chr2L:3631721-3632029	chr2L	3631721	3632029	FBgn0000721_vm/chr2L_3628830-3629162__chr2L_3631721-3632029/enhancers/chr2L_3631721-3632029.fa	308
FBgn0000721_vm	FBgn0000721_vm/chr2L_3628830-3629162__chr2L_3655828-3656265	LEFT	chr2L:3628830-3629162	chr2L	3628830	3629162	FBgn0000721_vm/chr2L_3628830-3629162__chr2L_3655828-3656265/enhancers/chr2L_3628830-3629162.fa	332
FBgn0000721_vm	FBgn0000721_vm/chr2L_3628830-3629162__chr2L_3655828-3656265	RIGHT	chr2L:3655828-3656265	chr2L	3655828	3656265	FBgn0000721_vm/chr2L_3628830-3629162__chr2L_3655828-3656265/enhancers/chr2L_3655828-3656265.fa	437
FBgn0000721_vm	FBgn0000721_vm/chr2L_3631721-3632029__chr2L_3655828-3656265	LEFT	chr2L:3631721-3632029	chr2L	3631721	3632029	FBgn0000721_vm/chr2L_3631721-3632029__chr2L_3655828-3656265/enhancers/chr2L_3631721-3632029.fa	308
FBgn0000721_vm	FBgn0000721_vm/chr2L_3631721-3632029__chr2L_3655828-3656265	RIGHT	chr2L:3655828-3656265	chr2L	3655828	3656265	FBgn0000721_vm/chr2L_3631721-3632029__chr2L_3655828-3656265/enhancers/chr2L_3655828-3656265.fa	437
FBgn0001091_vm	FBgn0001091_vm/chr2R_7378288-7378537__chr2R_7400926-7401168	LEFT	chr2R:7378288-7378537	chr2R	7378288	7378537	FBgn0001091_vm/chr2R_7378288-7378537__chr2R_7400926-7401168/enhancers/chr2R_7378288-7378537.fa	249
FBgn0001091_vm	FBgn0001091_vm/chr2R_7378288-7378537__chr2R_7400926-7401168	RIGHT	chr2R:7400926-7401168	chr2R	7400926	7401168	FBgn0001091_vm/chr2R_7378288-7378537__chr2R_7400926-7401168/enhancers/chr2R_7400926-7401168.fa	242
FBgn0001091_vm	FBgn0001091_vm/chr2R_7378288-7378537__chr2R_7415997-7416241	LEFT	chr2R:7378288-7378537	chr2R	7378288	7378537	FBgn0001091_vm/chr2R_7378288-7378537__chr2R_7415997-7416241/enhancers/chr2R_7378288-7378537.fa	249
FBgn0001091_vm	FBgn0001091_vm/chr2R_7378288-7378537__chr2R_7415997-7416241	RIGHT	chr2R:7415997-7416241	chr2R	7415997	7416241	FBgn0001091_vm/chr2R_7378288-7378537__chr2R_7415997-7416241/enhancers/chr2R_7415997-7416241.fa	244
FBgn0001091_vm	FBgn0001091_vm/chr2R_7400926-7401168__chr2R_7415997-7416241	LEFT	chr2R:7400926-7401168	chr2R	7400926	7401168	FBgn0001091_vm/chr2R_7400926-7401168__chr2R_7415997-7416241/enhancers/chr2R_7400926-7401168.fa	242
FBgn0001091_vm	FBgn0001091_vm/chr2R_7400926-7401168__chr2R_7415997-7416241	RIGHT	chr2R:7415997-7416241	chr2R	7415997	7416241	FBgn0001091_vm/chr2R_7400926-7401168__chr2R_7415997-7416241/enhancers/chr2R_7415997-7416241.fa	244
FBgn0001122_vm	FBgn0001122_vm/chr2R_10052571-10053081__chr2R_10109599-10110119	LEFT	chr2R:10052571-10053081	chr2R	10052571	10053081	FBgn0001122_vm/chr2R_10052571-10053081__chr2R_10109599-10110119/enhancers/chr2R_10052571-10053081.fa	510
FBgn0001122_vm	FBgn0001122_vm/chr2R_10052571-10053081__chr2R_10109599-10110119	RIGHT	chr2R:10109599-10110119	chr2R	10109599	10110119	FBgn0001122_vm/chr2R_10052571-10053081__chr2R_10109599-10110119/enhancers/chr2R_10109599-10110119.fa	520
FBgn0001170_vm	FBgn0001170_vm/chr2L_6015000-6015255__chr2L_6017484-6017937	LEFT	chr2L:6015000-6015255	chr2L	6015000	6015255	FBgn0001170_vm/chr2L_6015000-6015255__chr2L_6017484-6017937/enhancers/chr2L_6015000-6015255.fa	255
FBgn0001170_vm	FBgn0001170_vm/chr2L_6015000-6015255__chr2L_6017484-6017937	RIGHT	chr2L:6017484-6017937	chr2L	6017484	6017937	FBgn0001170_vm/chr2L_6015000-6015255__chr2L_6017484-6017937/enhancers/chr2L_6017484-6017937.fa	453
FBgn0001170_vm	FBgn0001170_vm/chr2L_6015000-6015255__chr2L_6019719-6020065	LEFT	chr2L:6015000-6015255	chr2L	6015000	6015255	FBgn0001170_vm/chr2L_6015000-6015255__chr2L_6019719-6020065/enhancers/chr2L_6015000-6015255.fa	255
FBgn0001170_vm	FBgn0001170_vm/chr2L_6015000-6015255__chr2L_6019719-6020065	RIGHT	chr2L:6019719-6020065	chr2L	6019719	6020065	FBgn0001170_vm/chr2L_6015000-6015255__chr2L_6019719-6020065/enhancers/chr2L_6019719-6020065.fa	346
FBgn0001170_vm	FBgn0001170_vm/chr2L_6017484-6017937__chr2L_6019719-6020065	LEFT	chr2L:6017484-6017937	chr2L	6017484	6017937	FBgn0001170_vm/chr2L_6017484-6017937__chr2L_6019719-6020065/enhancers/chr2L_6017484-6017937.fa	453
FBgn0001170_vm	FBgn0001170_vm/chr2L_6017484-6017937__chr2L_6019719-6020065	RIGHT	chr2L:6019719-6020065	chr2L	6019719	6020065	FBgn0001170_vm/chr2L_6017484-6017937__chr2L_6019719-6020065/enhancers/chr2L_6019719-6020065.fa	346
FBgn0002922_vm	FBgn0002922_vm/chr3R_23718371-23718820__chr3R_23723782-23724049	LEFT	chr3R:23718371-23718820	chr3R	23718371	23718820	FBgn0002922_vm/chr3R_23718371-23718820__chr3R_23723782-23724049/enhancers/chr3R_23718371-23718820.fa	449
FBgn0002922_vm	FBgn0002922_vm/chr3R_23718371-23718820__chr3R_23723782-23724049	RIGHT	chr3R:23723782-23724049	chr3R	23723782	23724049	FBgn0002922_vm/chr3R_23718371-23718820__chr3R_23723782-23724049/enhancers/chr3R_23723782-23724049.fa	267
FBgn0002922_vm	FBgn0002922_vm/chr3R_23718371-23718820__chr3R_23730272-23730626	LEFT	chr3R:23718371-23718820	chr3R	23718371	23718820	FBgn0002922_vm/chr3R_23718371-23718820__chr3R_23730272-23730626/enhancers/chr3R_23718371-23718820.fa	449
FBgn0002922_vm	FBgn0002922_vm/chr3R_23718371-23718820__chr3R_23730272-23730626	RIGHT	chr3R:23730272-23730626	chr3R	23730272	23730626	FBgn0002922_vm/chr3R_23718371-23718820__chr3R_23730272-23730626/enhancers/chr3R_23730272-23730626.fa	354
FBgn0002922_vm	FBgn0002922_vm/chr3R_23723782-23724049__chr3R_23730272-23730626	LEFT	chr3R:23723782-23724049	chr3R	23723782	23724049	FBgn0002922_vm/chr3R_23723782-23724049__chr3R_23730272-23730626/enhancers/chr3R_23723782-23724049.fa	267
FBgn0002922_vm	FBgn0002922_vm/chr3R_23723782-23724049__chr3R_23730272-23730626	RIGHT	chr3R:23730272-23730626	chr3R	23730272	23730626	FBgn0002922_vm/chr3R_23723782-23724049__chr3R_23730272-23730626/enhancers/chr3R_23730272-23730626.fa	354
FBgn0003002_vm	FBgn0003002_vm/chr3R_4875269-4875597__chr3R_4878667-4879056	LEFT	chr3R:4875269-4875597	chr3R	4875269	4875597	FBgn0003002_vm/chr3R_4875269-4875597__chr3R_4878667-4879056/enhancers/chr3R_4875269-4875597.fa	328
FBgn0003002_vm	FBgn0003002_vm/chr3R_4875269-4875597__chr3R_4878667-4879056	RIGHT	chr3R:4878667-4879056	chr3R	4878667	4879056	FBgn0003002_vm/chr3R_4875269-4875597__chr3R_4878667-4879056/enhancers/chr3R_4878667-4879056.fa	389
FBgn0003002_vm	FBgn0003002_vm/chr3R_4875269-4875597__chr3R_4914310-4914978	LEFT	chr3R:4875269-4875597	chr3R	4875269	4875597	FBgn0003002_vm/chr3R_4875269-4875597__chr3R_4914310-4914978/enhancers/chr3R_4875269-4875597.fa	328
FBgn0003002_vm	FBgn0003002_vm/chr3R_4875269-4875597__chr3R_4914310-4914978	RIGHT	chr3R:4914310-4914978	chr3R	4914310	4914978	FBgn0003002_vm/chr3R_4875269-4875597__chr3R_4914310-4914978/enhancers/chr3R_4914310-4914978.fa	668
FBgn0003002_vm	FBgn0003002_vm/chr3R_4878667-4879056__chr3R_4914310-4914978	LEFT	chr3R:4878667-4879056	chr3R	4878667	4879056	FBgn0003002_vm/chr3R_4878667-4879056__chr3R_4914310-4914978/enhancers/chr3R_4878667-4879056.fa	389
FBgn0003002_vm	FBgn0003002_vm/chr3R_4878667-4879056__chr3R_4914310-4914978	RIGHT	chr3R:4914310-4914978	chr3R	4914310	4914978	FBgn0003002_vm/chr3R_4878667-4879056__chr3R_4914310-4914978/enhancers/chr3R_4914310-4914978.fa	668
FBgn0003062_vm	FBgn0003062_vm/chr2R_22671971-22672235__chr2R_22692057-22692354	LEFT	chr2R:22671971-22672235	chr2R	22671971	22672235	FBgn0003062_vm/chr2R_22671971-22672235__chr2R_22692057-22692354/enhancers/chr2R_22671971-22672235.fa	264
FBgn0003062_vm	FBgn0003062_vm/chr2R_22671971-22672235__chr2R_22692057-22692354	RIGHT	chr2R:22692057-22692354	chr2R	22692057	22692354	FBgn0003062_vm/chr2R_22671971-22672235__chr2R_22692057-22692354/enhancers/chr2R_22692057-22692354.fa	297
FBgn0003169_vm	FBgn0003169_vm/chr3R_14598420-14598710__chr3R_14650533-14651041	LEFT	chr3R:14598420-14598710	chr3R	14598420	14598710	FBgn0003169_vm/chr3R_14598420-14598710__chr3R_14650533-14651041/enhancers/chr3R_14598420-14598710.fa	290
FBgn0003169_vm	FBgn0003169_vm/chr3R_14598420-14598710__chr3R_14650533-14651041	RIGHT	chr3R:14650533-14651041	chr3R	14650533	14651041	FBgn0003169_vm/chr3R_14598420-14598710__chr3R_14650533-14651041/enhancers/chr3R_14650533-14651041.fa	508
FBgn0003254_vm	FBgn0003254_vm/chr2R_18881394-18881804__chr2R_18899660-18899871	LEFT	chr2R:18881394-18881804	chr2R	18881394	18881804	FBgn0003254_vm/chr2R_18881394-18881804__chr2R_18899660-18899871/enhancers/chr2R_18881394-18881804.fa	410
FBgn0003254_vm	FBgn0003254_vm/chr2R_18881394-18881804__chr2R_18899660-18899871	RIGHT	chr2R:18899660-18899871	chr2R	18899660	18899871	FBgn0003254_vm/chr2R_18881394-18881804__chr2R_18899660-18899871/enhancers/chr2R_18899660-18899871.fa	211
FBgn0003285_vm	FBgn0003285_vm/chrX_2937051-2937571__chrX_2942451-2942688	LEFT	chrX:2937051-2937571	chrX	2937051	2937571	FBgn0003285_vm/chrX_2937051-2937571__chrX_2942451-2942688/enhancers/chrX_2937051-2937571.fa	520
FBgn0003285_vm	FBgn0003285_vm/chrX_2937051-2937571__chrX_2942451-2942688	RIGHT	chrX:2942451-2942688	chrX	2942451	2942688	FBgn0003285_vm/chrX_2937051-2937571__chrX_2942451-2942688/enhancers/chrX_2942451-2942688.fa	237
FBgn0003285_vm	FBgn0003285_vm/chrX_2937051-2937571__chrX_3035626-3035842	LEFT	chrX:2937051-2937571	chrX	2937051	2937571	FBgn0003285_vm/chrX_2937051-2937571__chrX_3035626-3035842/enhancers/chrX_2937051-2937571.fa	520
FBgn0003285_vm	FBgn0003285_vm/chrX_2937051-2937571__chrX_3035626-3035842	RIGHT	chrX:3035626-3035842	chrX	3035626	3035842	FBgn0003285_vm/chrX_2937051-2937571__chrX_3035626-3035842/enhancers/chrX_3035626-3035842.fa	216
FBgn0003285_vm	FBgn0003285_vm/chrX_2937051-2937571__chrX_3036092-3036292	LEFT	chrX:2937051-2937571	chrX	2937051	2937571	FBgn0003285_vm/chrX_2937051-2937571__chrX_3036092-3036292/enhancers/chrX_2937051-2937571.fa	520
FBgn0003285_vm	FBgn0003285_vm/chrX_2937051-2937571__chrX_3036092-3036292	RIGHT	chrX:3036092-3036292	chrX	3036092	3036292	FBgn0003285_vm/chrX_2937051-2937571__chrX_3036092-3036292/enhancers/chrX_3036092-3036292.fa	200
FBgn0003285_vm	FBgn0003285_vm/chrX_2937051-2937571__chrX_3058248-3058549	LEFT	chrX:2937051-2937571	chrX	2937051	2937571	FBgn0003285_vm/chrX_2937051-2937571__chrX_3058248-3058549/enhancers/chrX_2937051-2937571.fa	520
FBgn0003285_vm	FBgn0003285_vm/chrX_2937051-2937571__chrX_3058248-3058549	RIGHT	chrX:3058248-3058549	chrX	3058248	3058549	FBgn0003285_vm/chrX_2937051-2937571__chrX_3058248-3058549/enhancers/chrX_3058248-3058549.fa	301
FBgn0003285_vm	FBgn0003285_vm/chrX_2942451-2942688__chrX_3035626-3035842	LEFT	chrX:2942451-2942688	chrX	2942451	2942688	FBgn0003285_vm/chrX_2942451-2942688__chrX_3035626-3035842/enhancers/chrX_2942451-2942688.fa	237
FBgn0003285_vm	FBgn0003285_vm/chrX_2942451-2942688__chrX_3035626-3035842	RIGHT	chrX:3035626-3035842	chrX	3035626	3035842	FBgn0003285_vm/chrX_2942451-2942688__chrX_3035626-3035842/enhancers/chrX_3035626-3035842.fa	216
FBgn0003285_vm	FBgn0003285_vm/chrX_2942451-2942688__chrX_3036092-3036292	LEFT	chrX:2942451-2942688	chrX	2942451	2942688	FBgn0003285_vm/chrX_2942451-2942688__chrX_3036092-3036292/enhancers/chrX_2942451-2942688.fa	237
FBgn0003285_vm	FBgn0003285_vm/chrX_2942451-2942688__chrX_3036092-3036292	RIGHT	chrX:3036092-3036292	chrX	3036092	3036292	FBgn0003285_vm/chrX_2942451-2942688__chrX_3036092-3036292/enhancers/chrX_3036092-3036292.fa	200
FBgn0003285_vm	FBgn0003285_vm/chrX_2942451-2942688__chrX_3058248-3058549	LEFT	chrX:2942451-2942688	chrX	2942451	2942688	FBgn0003285_vm/chrX_2942451-2942688__chrX_3058248-3058549/enhancers/chrX_2942451-2942688.fa	237
FBgn0003285_vm	FBgn0003285_vm/chrX_2942451-2942688__chrX_3058248-3058549	RIGHT	chrX:3058248-3058549	chrX	3058248	3058549	FBgn0003285_vm/chrX_2942451-2942688__chrX_3058248-3058549/enhancers/chrX_3058248-3058549.fa	301
FBgn0003285_vm	FBgn0003285_vm/chrX_3035626-3035842__chrX_3036092-3036292	LEFT	chrX:3035626-3035842	chrX	3035626	3035842	FBgn0003285_vm/chrX_3035626-3035842__chrX_3036092-3036292/enhancers/chrX_3035626-3035842.fa	216
FBgn0003285_vm	FBgn0003285_vm/chrX_3035626-3035842__chrX_3036092-3036292	RIGHT	chrX:3036092-3036292	chrX	3036092	3036292	FBgn0003285_vm/chrX_3035626-3035842__chrX_3036092-3036292/enhancers/chrX_3036092-3036292.fa	200
FBgn0003285_vm	FBgn0003285_vm/chrX_3035626-3035842__chrX_3058248-3058549	LEFT	chrX:3035626-3035842	chrX	3035626	3035842	FBgn0003285_vm/chrX_3035626-3035842__chrX_3058248-3058549/enhancers/chrX_3035626-3035842.fa	216
FBgn0003285_vm	FBgn0003285_vm/chrX_3035626-3035842__chrX_3058248-3058549	RIGHT	chrX:3058248-3058549	chrX	3058248	3058549	FBgn0003285_vm/chrX_3035626-3035842__chrX_3058248-3058549/enhancers/chrX_3058248-3058549.fa	301
FBgn0003285_vm	FBgn0003285_vm/chrX_3036092-3036292__chrX_3058248-3058549	LEFT	chrX:3036092-3036292	chrX	3036092	3036292	FBgn0003285_vm/chrX_3036092-3036292__chrX_3058248-3058549/enhancers/chrX_3036092-3036292.fa	200
FBgn0003285_vm	FBgn0003285_vm/chrX_3036092-3036292__chrX_3058248-3058549	RIGHT	chrX:3058248-3058549	chrX	3058248	3058549	FBgn0003285_vm/chrX_3036092-3036292__chrX_3058248-3058549/enhancers/chrX_3058248-3058549.fa	301
FBgn0003888_vm	FBgn0003888_vm/chr2R_23903917-23904191__chr2R_23929145-23929692	LEFT	chr2R:23903917-23904191	chr2R	23903917	23904191	FBgn0003888_vm/chr2R_23903917-23904191__chr2R_23929145-23929692/enhancers/chr2R_23903917-23904191.fa	274
FBgn0003888_vm	FBgn0003888_vm/chr2R_23903917-23904191__chr2R_23929145-23929692	RIGHT	chr2R:23929145-23929692	chr2R	23929145	23929692	FBgn0003888_vm/chr2R_23903917-23904191__chr2R_23929145-23929692/enhancers/chr2R_23929145-23929692.fa	547
FBgn0003984_vm	FBgn0003984_vm/chr3L_5811621-5811828__chr3L_5821284-5821579	LEFT	chr3L:5811621-5811828	chr3L	5811621	5811828	FBgn0003984_vm/chr3L_5811621-5811828__chr3L_5821284-5821579/enhancers/chr3L_5811621-5811828.fa	207
FBgn0003984_vm	FBgn0003984_vm/chr3L_5811621-5811828__chr3L_5821284-5821579	RIGHT	chr3L:5821284-5821579	chr3L	5821284	5821579	FBgn0003984_vm/chr3L_5811621-5811828__chr3L_5821284-5821579/enhancers/chr3L_5821284-5821579.fa	295
FBgn0003984_vm	FBgn0003984_vm/chr3L_5811621-5811828__chr3L_5825323-5825765	LEFT	chr3L:5811621-5811828	chr3L	5811621	5811828	FBgn0003984_vm/chr3L_5811621-5811828__chr3L_5825323-5825765/enhancers/chr3L_5811621-5811828.fa	207
FBgn0003984_vm	FBgn0003984_vm/chr3L_5811621-5811828__chr3L_5825323-5825765	RIGHT	chr3L:5825323-5825765	chr3L	5825323	5825765	FBgn0003984_vm/chr3L_5811621-5811828__chr3L_5825323-5825765/enhancers/chr3L_5825323-5825765.fa	442
FBgn0003984_vm	FBgn0003984_vm/chr3L_5821284-5821579__chr3L_5825323-5825765	LEFT	chr3L:5821284-5821579	chr3L	5821284	5821579	FBgn0003984_vm/chr3L_5821284-5821579__chr3L_5825323-5825765/enhancers/chr3L_5821284-5821579.fa	295
FBgn0003984_vm	FBgn0003984_vm/chr3L_5821284-5821579__chr3L_5825323-5825765	RIGHT	chr3L:5825323-5825765	chr3L	5825323	5825765	FBgn0003984_vm/chr3L_5821284-5821579__chr3L_5825323-5825765/enhancers/chr3L_5825323-5825765.fa	442
FBgn0003997_vm	FBgn0003997_vm/chr3L_18216020-18216270__chr3L_18223141-18223473	LEFT	chr3L:18216020-18216270	chr3L	18216020	18216270	FBgn0003997_vm/chr3L_18216020-18216270__chr3L_18223141-18223473/enhancers/chr3L_18216020-18216270.fa	250
FBgn0003997_vm	FBgn0003997_vm/chr3L_18216020-18216270__chr3L_18223141-18223473	RIGHT	chr3L:18223141-18223473	chr3L	18223141	18223473	FBgn0003997_vm/chr3L_18216020-18216270__chr3L_18223141-18223473/enhancers/chr3L_18223141-18223473.fa	332
FBgn0003997_vm	FBgn0003997_vm/chr3L_18216020-18216270__chr3L_18253096-18253493	LEFT	chr3L:18216020-18216270	chr3L	18216020	18216270	FBgn0003997_vm/chr3L_18216020-18216270__chr3L_18253096-18253493/enhancers/chr3L_18216020-18216270.fa	250
FBgn0003997_vm	FBgn0003997_vm/chr3L_18216020-18216270__chr3L_18253096-18253493	RIGHT	chr3L:18253096-18253493	chr3L	18253096	18253493	FBgn0003997_vm/chr3L_18216020-18216270__chr3L_18253096-18253493/enhancers/chr3L_18253096-18253493.fa	397
FBgn0003997_vm	FBgn0003997_vm/chr3L_18223141-18223473__chr3L_18253096-18253493	LEFT	chr3L:18223141-18223473	chr3L	18223141	18223473	FBgn0003997_vm/chr3L_18223141-18223473__chr3L_18253096-18253493/enhancers/chr3L_18223141-18223473.fa	332
FBgn0003997_vm	FBgn0003997_vm/chr3L_18223141-18223473__chr3L_18253096-18253493	RIGHT	chr3L:18253096-18253493	chr3L	18253096	18253493	FBgn0003997_vm/chr3L_18223141-18223473__chr3L_18253096-18253493/enhancers/chr3L_18253096-18253493.fa	397
FBgn0004108_vm	FBgn0004108_vm/chr3L_16739977-16740479__chr3L_16775645-16775870	LEFT	chr3L:16739977-16740479	chr3L	16739977	16740479	FBgn0004108_vm/chr3L_16739977-16740479__chr3L_16775645-16775870/enhancers/chr3L_16739977-16740479.fa	502
FBgn0004108_vm	FBgn0004108_vm/chr3L_16739977-16740479__chr3L_16775645-16775870	RIGHT	chr3L:16775645-16775870	chr3L	16775645	16775870	FBgn0004108_vm/chr3L_16739977-16740479__chr3L_16775645-16775870/enhancers/chr3L_16775645-16775870.fa	225
FBgn0004108_vm	FBgn0004108_vm/chr3L_16739977-16740479__chr3L_16776828-16777028	LEFT	chr3L:16739977-16740479	chr3L	16739977	16740479	FBgn0004108_vm/chr3L_16739977-16740479__chr3L_16776828-16777028/enhancers/chr3L_16739977-16740479.fa	502
FBgn0004108_vm	FBgn0004108_vm/chr3L_16739977-16740479__chr3L_16776828-16777028	RIGHT	chr3L:16776828-16777028	chr3L	16776828	16777028	FBgn0004108_vm/chr3L_16739977-16740479__chr3L_16776828-16777028/enhancers/chr3L_16776828-16777028.fa	200
FBgn0004108_vm	FBgn0004108_vm/chr3L_16775645-16775870__chr3L_16776828-16777028	LEFT	chr3L:16775645-16775870	chr3L	16775645	16775870	FBgn0004108_vm/chr3L_16775645-16775870__chr3L_16776828-16777028/enhancers/chr3L_16775645-16775870.fa	225
FBgn0004108_vm	FBgn0004108_vm/chr3L_16775645-16775870__chr3L_16776828-16777028	RIGHT	chr3L:16776828-16777028	chr3L	16776828	16777028	FBgn0004108_vm/chr3L_16775645-16775870__chr3L_16776828-16777028/enhancers/chr3L_16776828-16777028.fa	200
FBgn0004110_vm	FBgn0004110_vm/chr3R_21388520-21388798__chr3R_21393784-21394075	LEFT	chr3R:21388520-21388798	chr3R	21388520	21388798	FBgn0004110_vm/chr3R_21388520-21388798__chr3R_21393784-21394075/enhancers/chr3R_21388520-21388798.fa	278
FBgn0004110_vm	FBgn0004110_vm/chr3R_21388520-21388798__chr3R_21393784-21394075	RIGHT	chr3R:21393784-21394075	chr3R	21393784	21394075	FBgn0004110_vm/chr3R_21388520-21388798__chr3R_21393784-21394075/enhancers/chr3R_21393784-21394075.fa	291
FBgn0004110_vm	FBgn0004110_vm/chr3R_21388520-21388798__chr3R_21396772-21397111	LEFT	chr3R:21388520-21388798	chr3R	21388520	21388798	FBgn0004110_vm/chr3R_21388520-21388798__chr3R_21396772-21397111/enhancers/chr3R_21388520-21388798.fa	278
FBgn0004110_vm	FBgn0004110_vm/chr3R_21388520-21388798__chr3R_21396772-21397111	RIGHT	chr3R:21396772-21397111	chr3R	21396772	21397111	FBgn0004110_vm/chr3R_21388520-21388798__chr3R_21396772-21397111/enhancers/chr3R_21396772-21397111.fa	339
FBgn0004110_vm	FBgn0004110_vm/chr3R_21388520-21388798__chr3R_21426735-21426998	LEFT	chr3R:21388520-21388798	chr3R	21388520	21388798	FBgn0004110_vm/chr3R_21388520-21388798__chr3R_21426735-21426998/enhancers/chr3R_21388520-21388798.fa	278
FBgn0004110_vm	FBgn0004110_vm/chr3R_21388520-21388798__chr3R_21426735-21426998	RIGHT	chr3R:21426735-21426998	chr3R	21426735	21426998	FBgn0004110_vm/chr3R_21388520-21388798__chr3R_21426735-21426998/enhancers/chr3R_21426735-21426998.fa	263
FBgn0004110_vm	FBgn0004110_vm/chr3R_21393784-21394075__chr3R_21396772-21397111	LEFT	chr3R:21393784-21394075	chr3R	21393784	21394075	FBgn0004110_vm/chr3R_21393784-21394075__chr3R_21396772-21397111/enhancers/chr3R_21393784-21394075.fa	291
FBgn0004110_vm	FBgn0004110_vm/chr3R_21393784-21394075__chr3R_21396772-21397111	RIGHT	chr3R:21396772-21397111	chr3R	21396772	21397111	FBgn0004110_vm/chr3R_21393784-21394075__chr3R_21396772-21397111/enhancers/chr3R_21396772-21397111.fa	339
FBgn0004110_vm	FBgn0004110_vm/chr3R_21393784-21394075__chr3R_21426735-21426998	LEFT	chr3R:21393784-21394075	chr3R	21393784	21394075	FBgn0004110_vm/chr3R_21393784-21394075__chr3R_21426735-21426998/enhancers/chr3R_21393784-21394075.fa	291
FBgn0004110_vm	FBgn0004110_vm/chr3R_21393784-21394075__chr3R_21426735-21426998	RIGHT	chr3R:21426735-21426998	chr3R	21426735	21426998	FBgn0004110_vm/chr3R_21393784-21394075__chr3R_21426735-21426998/enhancers/chr3R_21426735-21426998.fa	263
FBgn0004110_vm	FBgn0004110_vm/chr3R_21396772-21397111__chr3R_21426735-21426998	LEFT	chr3R:21396772-21397111	chr3R	21396772	21397111	FBgn0004110_vm/chr3R_21396772-21397111__chr3R_21426735-21426998/enhancers/chr3R_21396772-21397111.fa	339
FBgn0004110_vm	FBgn0004110_vm/chr3R_21396772-21397111__chr3R_21426735-21426998	RIGHT	chr3R:21426735-21426998	chr3R	21426735	21426998	FBgn0004110_vm/chr3R_21396772-21397111__chr3R_21426735-21426998/enhancers/chr3R_21426735-21426998.fa	263
FBgn0004167_vm	FBgn0004167_vm/chr3L_3320367-3320567__chr3L_3322687-3323052	LEFT	chr3L:3320367-3320567	chr3L	3320367	3320567	FBgn0004167_vm/chr3L_3320367-3320567__chr3L_3322687-3323052/enhancers/chr3L_3320367-3320567.fa	200
FBgn0004167_vm	FBgn0004167_vm/chr3L_3320367-3320567__chr3L_3322687-3323052	RIGHT	chr3L:3322687-3323052	chr3L	3322687	3323052	FBgn0004167_vm/chr3L_3320367-3320567__chr3L_3322687-3323052/enhancers/chr3L_3322687-3323052.fa	365
FBgn0004167_vm	FBgn0004167_vm/chr3L_3320367-3320567__chr3L_3332328-3333012	LEFT	chr3L:3320367-3320567	chr3L	3320367	3320567	FBgn0004167_vm/chr3L_3320367-3320567__chr3L_3332328-3333012/enhancers/chr3L_3320367-3320567.fa	200
FBgn0004167_vm	FBgn0004167_vm/chr3L_3320367-3320567__chr3L_3332328-3333012	RIGHT	chr3L:3332328-3333012	chr3L	3332328	3333012	FBgn0004167_vm/chr3L_3320367-3320567__chr3L_3332328-3333012/enhancers/chr3L_3332328-3333012.fa	684
FBgn0004167_vm	FBgn0004167_vm/chr3L_3320367-3320567__chr3L_3384074-3384511	LEFT	chr3L:3320367-3320567	chr3L	3320367	3320567	FBgn0004167_vm/chr3L_3320367-3320567__chr3L_3384074-3384511/enhancers/chr3L_3320367-3320567.fa	200
FBgn0004167_vm	FBgn0004167_vm/chr3L_3320367-3320567__chr3L_3384074-3384511	RIGHT	chr3L:3384074-3384511	chr3L	3384074	3384511	FBgn0004167_vm/chr3L_3320367-3320567__chr3L_3384074-3384511/enhancers/chr3L_3384074-3384511.fa	437
FBgn0004167_vm	FBgn0004167_vm/chr3L_3322687-3323052__chr3L_3332328-3333012	LEFT	chr3L:3322687-3323052	chr3L	3322687	3323052	FBgn0004167_vm/chr3L_3322687-3323052__chr3L_3332328-3333012/enhancers/chr3L_3322687-3323052.fa	365
FBgn0004167_vm	FBgn0004167_vm/chr3L_3322687-3323052__chr3L_3332328-3333012	RIGHT	chr3L:3332328-3333012	chr3L	3332328	3333012	FBgn0004167_vm/chr3L_3322687-3323052__chr3L_3332328-3333012/enhancers/chr3L_3332328-3333012.fa	684
FBgn0004167_vm	FBgn0004167_vm/chr3L_3322687-3323052__chr3L_3384074-3384511	LEFT	chr3L:3322687-3323052	chr3L	3322687	3323052	FBgn0004167_vm/chr3L_3322687-3323052__chr3L_3384074-3384511/enhancers/chr3L_3322687-3323052.fa	365
FBgn0004167_vm	FBgn0004167_vm/chr3L_3322687-3323052__chr3L_3384074-3384511	RIGHT	chr3L:3384074-3384511	chr3L	3384074	3384511	FBgn0004167_vm/chr3L_3322687-3323052__chr3L_3384074-3384511/enhancers/chr3L_3384074-3384511.fa	437
FBgn0004167_vm	FBgn0004167_vm/chr3L_3332328-3333012__chr3L_3384074-3384511	LEFT	chr3L:3332328-3333012	chr3L	3332328	3333012	FBgn0004167_vm/chr3L_3332328-3333012__chr3L_3384074-3384511/enhancers/chr3L_3332328-3333012.fa	684
FBgn0004167_vm	FBgn0004167_vm/chr3L_3332328-3333012__chr3L_3384074-3384511	RIGHT	chr3L:3384074-3384511	chr3L	3384074	3384511	FBgn0004167_vm/chr3L_3332328-3333012__chr3L_3384074-3384511/enhancers/chr3L_3384074-3384511.fa	437
FBgn0004606_vm	FBgn0004606_vm/chr3R_30767234-30767502__chr3R_30781959-30782292	LEFT	chr3R:30767234-30767502	chr3R	30767234	30767502	FBgn0004606_vm/chr3R_30767234-30767502__chr3R_30781959-30782292/enhancers/chr3R_30767234-30767502.fa	268
FBgn0004606_vm	FBgn0004606_vm/chr3R_30767234-30767502__chr3R_30781959-30782292	RIGHT	chr3R:30781959-30782292	chr3R	30781959	30782292	FBgn0004606_vm/chr3R_30767234-30767502__chr3R_30781959-30782292/enhancers/chr3R_30781959-30782292.fa	333
FBgn0004606_vm	FBgn0004606_vm/chr3R_30767234-30767502__chr3R_30796870-30797305	LEFT	chr3R:30767234-30767502	chr3R	30767234	30767502	FBgn0004606_vm/chr3R_30767234-30767502__chr3R_30796870-30797305/enhancers/chr3R_30767234-30767502.fa	268
FBgn0004606_vm	FBgn0004606_vm/chr3R_30767234-30767502__chr3R_30796870-30797305	RIGHT	chr3R:30796870-30797305	chr3R	30796870	30797305	FBgn0004606_vm/chr3R_30767234-30767502__chr3R_30796870-30797305/enhancers/chr3R_30796870-30797305.fa	435
FBgn0004606_vm	FBgn0004606_vm/chr3R_30767234-30767502__chr3R_30805779-30805979	LEFT	chr3R:30767234-30767502	chr3R	30767234	30767502	FBgn0004606_vm/chr3R_30767234-30767502__chr3R_30805779-30805979/enhancers/chr3R_30767234-30767502.fa	268
FBgn0004606_vm	FBgn0004606_vm/chr3R_30767234-30767502__chr3R_30805779-30805979	RIGHT	chr3R:30805779-30805979	chr3R	30805779	30805979	FBgn0004606_vm/chr3R_30767234-30767502__chr3R_30805779-30805979/enhancers/chr3R_30805779-30805979.fa	200
FBgn0004606_vm	FBgn0004606_vm/chr3R_30781959-30782292__chr3R_30796870-30797305	LEFT	chr3R:30781959-30782292	chr3R	30781959	30782292	FBgn0004606_vm/chr3R_30781959-30782292__chr3R_30796870-30797305/enhancers/chr3R_30781959-30782292.fa	333
FBgn0004606_vm	FBgn0004606_vm/chr3R_30781959-30782292__chr3R_30796870-30797305	RIGHT	chr3R:30796870-30797305	chr3R	30796870	30797305	FBgn0004606_vm/chr3R_30781959-30782292__chr3R_30796870-30797305/enhancers/chr3R_30796870-30797305.fa	435
FBgn0004606_vm	FBgn0004606_vm/chr3R_30781959-30782292__chr3R_30805779-30805979	LEFT	chr3R:30781959-30782292	chr3R	30781959	30782292	FBgn0004606_vm/chr3R_30781959-30782292__chr3R_30805779-30805979/enhancers/chr3R_30781959-30782292.fa	333
FBgn0004606_vm	FBgn0004606_vm/chr3R_30781959-30782292__chr3R_30805779-30805979	RIGHT	chr3R:30805779-30805979	chr3R	30805779	30805979	FBgn0004606_vm/chr3R_30781959-30782292__chr3R_30805779-30805979/enhancers/chr3R_30805779-30805979.fa	200
FBgn0004606_vm	FBgn0004606_vm/chr3R_30796870-30797305__chr3R_30805779-30805979	LEFT	chr3R:30796870-30797305	chr3R	30796870	30797305	FBgn0004606_vm/chr3R_30796870-30797305__chr3R_30805779-30805979/enhancers/chr3R_30796870-30797305.fa	435
FBgn0004606_vm	FBgn0004606_vm/chr3R_30796870-30797305__chr3R_30805779-30805979	RIGHT	chr3R:30805779-30805979	chr3R	30805779	30805979	FBgn0004606_vm/chr3R_30796870-30797305__chr3R_30805779-30805979/enhancers/chr3R_30805779-30805979.fa	200
FBgn0004895_vm	FBgn0004895_vm/chr3L_3997727-3997967__chr3L_4000780-4001108	LEFT	chr3L:3997727-3997967	chr3L	3997727	3997967	FBgn0004895_vm/chr3L_3997727-3997967__chr3L_4000780-4001108/enhancers/chr3L_3997727-3997967.fa	240
FBgn0004895_vm	FBgn0004895_vm/chr3L_3997727-3997967__chr3L_4000780-4001108	RIGHT	chr3L:4000780-4001108	chr3L	4000780	4001108	FBgn0004895_vm/chr3L_3997727-3997967__chr3L_4000780-4001108/enhancers/chr3L_4000780-4001108.fa	328
FBgn0005771_vm	FBgn0005771_vm/chr2L_14476624-14476824__chr2L_14527451-14527987	LEFT	chr2L:14476624-14476824	chr2L	14476624	14476824	FBgn0005771_vm/chr2L_14476624-14476824__chr2L_14527451-14527987/enhancers/chr2L_14476624-14476824.fa	200
FBgn0005771_vm	FBgn0005771_vm/chr2L_14476624-14476824__chr2L_14527451-14527987	RIGHT	chr2L:14527451-14527987	chr2L	14527451	14527987	FBgn0005771_vm/chr2L_14476624-14476824__chr2L_14527451-14527987/enhancers/chr2L_14527451-14527987.fa	536
FBgn0005771_vm	FBgn0005771_vm/chr2L_14476624-14476824__chr2L_14537085-14537454	LEFT	chr2L:14476624-14476824	chr2L	14476624	14476824	FBgn0005771_vm/chr2L_14476624-14476824__chr2L_14537085-14537454/enhancers/chr2L_14476624-14476824.fa	200
FBgn0005771_vm	FBgn0005771_vm/chr2L_14476624-14476824__chr2L_14537085-14537454	RIGHT	chr2L:14537085-14537454	chr2L	14537085	14537454	FBgn0005771_vm/chr2L_14476624-14476824__chr2L_14537085-14537454/enhancers/chr2L_14537085-14537454.fa	369
FBgn0005771_vm	FBgn0005771_vm/chr2L_14527451-14527987__chr2L_14537085-14537454	LEFT	chr2L:14527451-14527987	chr2L	14527451	14527987	FBgn0005771_vm/chr2L_14527451-14527987__chr2L_14537085-14537454/enhancers/chr2L_14527451-14527987.fa	536
FBgn0005771_vm	FBgn0005771_vm/chr2L_14527451-14527987__chr2L_14537085-14537454	RIGHT	chr2L:14537085-14537454	chr2L	14537085	14537454	FBgn0005771_vm/chr2L_14527451-14527987__chr2L_14537085-14537454/enhancers/chr2L_14537085-14537454.fa	369
FBgn0010379_vm	FBgn0010379_vm/chr3R_16073986-16074304__chr3R_16091648-16091848	LEFT	chr3R:16073986-16074304	chr3R	16073986	16074304	FBgn0010379_vm/chr3R_16073986-16074304__chr3R_16091648-16091848/enhancers/chr3R_16073986-16074304.fa	318
FBgn0010379_vm	FBgn0010379_vm/chr3R_16073986-16074304__chr3R_16091648-16091848	RIGHT	chr3R:16091648-16091848	chr3R	16091648	16091848	FBgn0010379_vm/chr3R_16073986-16074304__chr3R_16091648-16091848/enhancers/chr3R_16091648-16091848.fa	200
FBgn0010379_vm	FBgn0010379_vm/chr3R_16073986-16074304__chr3R_16094907-16095107	LEFT	chr3R:16073986-16074304	chr3R	16073986	16074304	FBgn0010379_vm/chr3R_16073986-16074304__chr3R_16094907-16095107/enhancers/chr3R_16073986-16074304.fa	318
FBgn0010379_vm	FBgn0010379_vm/chr3R_16073986-16074304__chr3R_16094907-16095107	RIGHT	chr3R:16094907-16095107	chr3R	16094907	16095107	FBgn0010379_vm/chr3R_16073986-16074304__chr3R_16094907-16095107/enhancers/chr3R_16094907-16095107.fa	200
FBgn0010379_vm	FBgn0010379_vm/chr3R_16091648-16091848__chr3R_16094907-16095107	LEFT	chr3R:16091648-16091848	chr3R	16091648	16091848	FBgn0010379_vm/chr3R_16091648-16091848__chr3R_16094907-16095107/enhancers/chr3R_16091648-16091848.fa	200
FBgn0010379_vm	FBgn0010379_vm/chr3R_16091648-16091848__chr3R_16094907-16095107	RIGHT	chr3R:16094907-16095107	chr3R	16094907	16095107	FBgn0010379_vm/chr3R_16091648-16091848__chr3R_16094907-16095107/enhancers/chr3R_16094907-16095107.fa	200
FBgn0011656_vm	FBgn0011656_vm/chr2R_9557786-9557986__chr2R_9562047-9562495	LEFT	chr2R:9557786-9557986	chr2R	9557786	9557986	FBgn0011656_vm/chr2R_9557786-9557986__chr2R_9562047-9562495/enhancers/chr2R_9557786-9557986.fa	200
FBgn0011656_vm	FBgn0011656_vm/chr2R_9557786-9557986__chr2R_9562047-9562495	RIGHT	chr2R:9562047-9562495	chr2R	9562047	9562495	FBgn0011656_vm/chr2R_9557786-9557986__chr2R_9562047-9562495/enhancers/chr2R_9562047-9562495.fa	448
FBgn0011656_vm	FBgn0011656_vm/chr2R_9557786-9557986__chr2R_9562516-9562910	LEFT	chr2R:9557786-9557986	chr2R	9557786	9557986	FBgn0011656_vm/chr2R_9557786-9557986__chr2R_9562516-9562910/enhancers/chr2R_9557786-9557986.fa	200
FBgn0011656_vm	FBgn0011656_vm/chr2R_9557786-9557986__chr2R_9562516-9562910	RIGHT	chr2R:9562516-9562910	chr2R	9562516	9562910	FBgn0011656_vm/chr2R_9557786-9557986__chr2R_9562516-9562910/enhancers/chr2R_9562516-9562910.fa	394
FBgn0011656_vm	FBgn0011656_vm/chr2R_9557786-9557986__chr2R_9567242-9567442	LEFT	chr2R:9557786-9557986	chr2R	9557786	9557986	FBgn0011656_vm/chr2R_9557786-9557986__chr2R_9567242-9567442/enhancers/chr2R_9557786-9557986.fa	200
FBgn0011656_vm	FBgn0011656_vm/chr2R_9557786-9557986__chr2R_9567242-9567442	RIGHT	chr2R:9567242-9567442	chr2R	9567242	9567442	FBgn0011656_vm/chr2R_9557786-9557986__chr2R_9567242-9567442/enhancers/chr2R_9567242-9567442.fa	200
FBgn0011656_vm	FBgn0011656_vm/chr2R_9562047-9562495__chr2R_9562516-9562910	LEFT	chr2R:9562047-9562495	chr2R	9562047	9562495	FBgn0011656_vm/chr2R_9562047-9562495__chr2R_9562516-9562910/enhancers/chr2R_9562047-9562495.fa	448
FBgn0011656_vm	FBgn0011656_vm/chr2R_9562047-9562495__chr2R_9562516-9562910	RIGHT	chr2R:9562516-9562910	chr2R	9562516	9562910	FBgn0011656_vm/chr2R_9562047-9562495__chr2R_9562516-9562910/enhancers/chr2R_9562516-9562910.fa	394
FBgn0011656_vm	FBgn0011656_vm/chr2R_9562047-9562495__chr2R_9567242-9567442	LEFT	chr2R:9562047-9562495	chr2R	9562047	9562495	FBgn0011656_vm/chr2R_9562047-9562495__chr2R_9567242-9567442/enhancers/chr2R_9562047-9562495.fa	448
FBgn0011656_vm	FBgn0011656_vm/chr2R_9562047-9562495__chr2R_9567242-9567442	RIGHT	chr2R:9567242-9567442	chr2R	9567242	9567442	FBgn0011656_vm/chr2R_9562047-9562495__chr2R_9567242-9567442/enhancers/chr2R_9567242-9567442.fa	200
FBgn0011656_vm	FBgn0011656_vm/chr2R_9562516-9562910__chr2R_9567242-9567442	LEFT	chr2R:9562516-9562910	chr2R	9562516	9562910	FBgn0011656_vm/chr2R_9562516-9562910__chr2R_9567242-9567442/enhancers/chr2R_9562516-9562910.fa	394
FBgn0011656_vm	FBgn0011656_vm/chr2R_9562516-9562910__chr2R_9567242-9567442	RIGHT	chr2R:9567242-9567442	chr2R	9567242	9567442	FBgn0011656_vm/chr2R_9562516-9562910__chr2R_9567242-9567442/enhancers/chr2R_9567242-9567442.fa	200
FBgn0014028_vm	FBgn0014028_vm/chr2R_6412842-6413057__chr2R_6413232-6413731	LEFT	chr2R:6412842-6413057	chr2R	6412842	6413057	FBgn0014028_vm/chr2R_6412842-6413057__chr2R_6413232-6413731/enhancers/chr2R_6412842-6413057.fa	215
FBgn0014028_vm	FBgn0014028_vm/chr2R_6412842-6413057__chr2R_6413232-6413731	RIGHT	chr2R:6413232-6413731	chr2R	6413232	6413731	FBgn0014028_vm/chr2R_6412842-6413057__chr2R_6413232-6413731/enhancers/chr2R_6413232-6413731.fa	499
FBgn0014863_vm	FBgn0014863_vm/chr3R_7108574-7109019__chr3R_7113126-7113381	LEFT	chr3R:7108574-7109019	chr3R	7108574	7109019	FBgn0014863_vm/chr3R_7108574-7109019__chr3R_7113126-7113381/enhancers/chr3R_7108574-7109019.fa	445
FBgn0014863_vm	FBgn0014863_vm/chr3R_7108574-7109019__chr3R_7113126-7113381	RIGHT	chr3R:7113126-7113381	chr3R	7113126	7113381	FBgn0014863_vm/chr3R_7108574-7109019__chr3R_7113126-7113381/enhancers/chr3R_7113126-7113381.fa	255
FBgn0014877_vm	FBgn0014877_vm/chr2R_13189049-13189699__chr2R_13192361-13193251	LEFT	chr2R:13189049-13189699	chr2R	13189049	13189699	FBgn0014877_vm/chr2R_13189049-13189699__chr2R_13192361-13193251/enhancers/chr2R_13189049-13189699.fa	650
FBgn0014877_vm	FBgn0014877_vm/chr2R_13189049-13189699__chr2R_13192361-13193251	RIGHT	chr2R:13192361-13193251	chr2R	13192361	13193251	FBgn0014877_vm/chr2R_13189049-13189699__chr2R_13192361-13193251/enhancers/chr2R_13192361-13193251.fa	890
FBgn0015773_vm	FBgn0015773_vm/chrX_14567039-14567412__chrX_14593777-14594065	LEFT	chrX:14567039-14567412	chrX	14567039	14567412	FBgn0015773_vm/chrX_14567039-14567412__chrX_14593777-14594065/enhancers/chrX_14567039-14567412.fa	373
FBgn0015773_vm	FBgn0015773_vm/chrX_14567039-14567412__chrX_14593777-14594065	RIGHT	chrX:14593777-14594065	chrX	14593777	14594065	FBgn0015773_vm/chrX_14567039-14567412__chrX_14593777-14594065/enhancers/chrX_14593777-14594065.fa	288
FBgn0015773_vm	FBgn0015773_vm/chrX_14567039-14567412__chrX_14655967-14656167	LEFT	chrX:14567039-14567412	chrX	14567039	14567412	FBgn0015773_vm/chrX_14567039-14567412__chrX_14655967-14656167/enhancers/chrX_14567039-14567412.fa	373
FBgn0015773_vm	FBgn0015773_vm/chrX_14567039-14567412__chrX_14655967-14656167	RIGHT	chrX:14655967-14656167	chrX	14655967	14656167	FBgn0015773_vm/chrX_14567039-14567412__chrX_14655967-14656167/enhancers/chrX_14655967-14656167.fa	200
FBgn0015773_vm	FBgn0015773_vm/chrX_14593777-14594065__chrX_14655967-14656167	LEFT	chrX:14593777-14594065	chrX	14593777	14594065	FBgn0015773_vm/chrX_14593777-14594065__chrX_14655967-14656167/enhancers/chrX_14593777-14594065.fa	288
FBgn0015773_vm	FBgn0015773_vm/chrX_14593777-14594065__chrX_14655967-14656167	RIGHT	chrX:14655967-14656167	chrX	14655967	14656167	FBgn0015773_vm/chrX_14593777-14594065__chrX_14655967-14656167/enhancers/chrX_14655967-14656167.fa	200
FBgn0016078_vm	FBgn0016078_vm/chr2R_9030972-9031304__chr2R_9045494-9045735	LEFT	chr2R:9030972-9031304	chr2R	9030972	9031304	FBgn0016078_vm/chr2R_9030972-9031304__chr2R_9045494-9045735/enhancers/chr2R_9030972-9031304.fa	332
FBgn0016078_vm	FBgn0016078_vm/chr2R_9030972-9031304__chr2R_9045494-9045735	RIGHT	chr2R:9045494-9045735	chr2R	9045494	9045735	FBgn0016078_vm/chr2R_9030972-9031304__chr2R_9045494-9045735/enhancers/chr2R_9045494-9045735.fa	241
FBgn0016122_vm	FBgn0016122_vm/chr2L_8542173-8542517__chr2L_8581723-8582037	LEFT	chr2L:8542173-8542517	chr2L	8542173	8542517	FBgn0016122_vm/chr2L_8542173-8542517__chr2L_8581723-8582037/enhancers/chr2L_8542173-8542517.fa	344
FBgn0016122_vm	FBgn0016122_vm/chr2L_8542173-8542517__chr2L_8581723-8582037	RIGHT	chr2L:8581723-8582037	chr2L	8581723	8582037	FBgn0016122_vm/chr2L_8542173-8542517__chr2L_8581723-8582037/enhancers/chr2L_8581723-8582037.fa	314
FBgn0016694_vm	FBgn0016694_vm/chr3L_7818834-7819086__chr3L_7848370-7848762	LEFT	chr3L:7818834-7819086	chr3L	7818834	7819086	FBgn0016694_vm/chr3L_7818834-7819086__chr3L_7848370-7848762/enhancers/chr3L_7818834-7819086.fa	252
FBgn0016694_vm	FBgn0016694_vm/chr3L_7818834-7819086__chr3L_7848370-7848762	RIGHT	chr3L:7848370-7848762	chr3L	7848370	7848762	FBgn0016694_vm/chr3L_7818834-7819086__chr3L_7848370-7848762/enhancers/chr3L_7848370-7848762.fa	392
FBgn0016715_vm	FBgn0016715_vm/chr3L_571531-572037__chr3L_575160-575533	LEFT	chr3L:571531-572037	chr3L	571531	572037	FBgn0016715_vm/chr3L_571531-572037__chr3L_575160-575533/enhancers/chr3L_571531-572037.fa	506
FBgn0016715_vm	FBgn0016715_vm/chr3L_571531-572037__chr3L_575160-575533	RIGHT	chr3L:575160-575533	chr3L	575160	575533	FBgn0016715_vm/chr3L_571531-572037__chr3L_575160-575533/enhancers/chr3L_575160-575533.fa	373
FBgn0016715_vm	FBgn0016715_vm/chr3L_571531-572037__chr3L_610451-610651	LEFT	chr3L:571531-572037	chr3L	571531	572037	FBgn0016715_vm/chr3L_571531-572037__chr3L_610451-610651/enhancers/chr3L_571531-572037.fa	506
FBgn0016715_vm	FBgn0016715_vm/chr3L_571531-572037__chr3L_610451-610651	RIGHT	chr3L:610451-610651	chr3L	610451	610651	FBgn0016715_vm/chr3L_571531-572037__chr3L_610451-610651/enhancers/chr3L_610451-610651.fa	200
FBgn0016715_vm	FBgn0016715_vm/chr3L_571531-572037__chr3L_618388-618844	LEFT	chr3L:571531-572037	chr3L	571531	572037	FBgn0016715_vm/chr3L_571531-572037__chr3L_618388-618844/enhancers/chr3L_571531-572037.fa	506
FBgn0016715_vm	FBgn0016715_vm/chr3L_571531-572037__chr3L_618388-618844	RIGHT	chr3L:618388-618844	chr3L	618388	618844	FBgn0016715_vm/chr3L_571531-572037__chr3L_618388-618844/enhancers/chr3L_618388-618844.fa	456
FBgn0016715_vm	FBgn0016715_vm/chr3L_571531-572037__chr3L_622169-622652	LEFT	chr3L:571531-572037	chr3L	571531	572037	FBgn0016715_vm/chr3L_571531-572037__chr3L_622169-622652/enhancers/chr3L_571531-572037.fa	506
FBgn0016715_vm	FBgn0016715_vm/chr3L_571531-572037__chr3L_622169-622652	RIGHT	chr3L:622169-622652	chr3L	622169	622652	FBgn0016715_vm/chr3L_571531-572037__chr3L_622169-622652/enhancers/chr3L_622169-622652.fa	483
FBgn0016715_vm	FBgn0016715_vm/chr3L_575160-575533__chr3L_610451-610651	LEFT	chr3L:575160-575533	chr3L	575160	575533	FBgn0016715_vm/chr3L_575160-575533__chr3L_610451-610651/enhancers/chr3L_575160-575533.fa	373
FBgn0016715_vm	FBgn0016715_vm/chr3L_575160-575533__chr3L_610451-610651	RIGHT	chr3L:610451-610651	chr3L	610451	610651	FBgn0016715_vm/chr3L_575160-575533__chr3L_610451-610651/enhancers/chr3L_610451-610651.fa	200
FBgn0016715_vm	FBgn0016715_vm/chr3L_575160-575533__chr3L_618388-618844	LEFT	chr3L:575160-575533	chr3L	575160	575533	FBgn0016715_vm/chr3L_575160-575533__chr3L_618388-618844/enhancers/chr3L_575160-575533.fa	373
FBgn0016715_vm	FBgn0016715_vm/chr3L_575160-575533__chr3L_618388-618844	RIGHT	chr3L:618388-618844	chr3L	618388	618844	FBgn0016715_vm/chr3L_575160-575533__chr3L_618388-618844/enhancers/chr3L_618388-618844.fa	456
FBgn0016715_vm	FBgn0016715_vm/chr3L_575160-575533__chr3L_622169-622652	LEFT	chr3L:575160-575533	chr3L	575160	575533	FBgn0016715_vm/chr3L_575160-575533__chr3L_622169-622652/enhancers/chr3L_575160-575533.fa	373
FBgn0016715_vm	FBgn0016715_vm/chr3L_575160-575533__chr3L_622169-622652	RIGHT	chr3L:622169-622652	chr3L	622169	622652	FBgn0016715_vm/chr3L_575160-575533__chr3L_622169-622652/enhancers/chr3L_622169-622652.fa	483
FBgn0016715_vm	FBgn0016715_vm/chr3L_610451-610651__chr3L_618388-618844	LEFT	chr3L:610451-610651	chr3L	610451	610651	FBgn0016715_vm/chr3L_610451-610651__chr3L_618388-618844/enhancers/chr3L_610451-610651.fa	200
FBgn0016715_vm	FBgn0016715_vm/chr3L_610451-610651__chr3L_618388-618844	RIGHT	chr3L:618388-618844	chr3L	618388	618844	FBgn0016715_vm/chr3L_610451-610651__chr3L_618388-618844/enhancers/chr3L_618388-618844.fa	456
FBgn0016715_vm	FBgn0016715_vm/chr3L_610451-610651__chr3L_622169-622652	LEFT	chr3L:610451-610651	chr3L	610451	610651	FBgn0016715_vm/chr3L_610451-610651__chr3L_622169-622652/enhancers/chr3L_610451-610651.fa	200
FBgn0016715_vm	FBgn0016715_vm/chr3L_610451-610651__chr3L_622169-622652	RIGHT	chr3L:622169-622652	chr3L	622169	622652	FBgn0016715_vm/chr3L_610451-610651__chr3L_622169-622652/enhancers/chr3L_622169-622652.fa	483
FBgn0016715_vm	FBgn0016715_vm/chr3L_618388-618844__chr3L_622169-622652	LEFT	chr3L:618388-618844	chr3L	618388	618844	FBgn0016715_vm/chr3L_618388-618844__chr3L_622169-622652/enhancers/chr3L_618388-618844.fa	456
FBgn0016715_vm	FBgn0016715_vm/chr3L_618388-618844__chr3L_622169-622652	RIGHT	chr3L:622169-622652	chr3L	622169	622652	FBgn0016715_vm/chr3L_618388-618844__chr3L_622169-622652/enhancers/chr3L_622169-622652.fa	483
FBgn0016794_vm	FBgn0016794_vm/chr3L_2533105-2533332__chr3L_2552007-2552315	LEFT	chr3L:2533105-2533332	chr3L	2533105	2533332	FBgn0016794_vm/chr3L_2533105-2533332__chr3L_2552007-2552315/enhancers/chr3L_2533105-2533332.fa	227
FBgn0016794_vm	FBgn0016794_vm/chr3L_2533105-2533332__chr3L_2552007-2552315	RIGHT	chr3L:2552007-2552315	chr3L	2552007	2552315	FBgn0016794_vm/chr3L_2533105-2533332__chr3L_2552007-2552315/enhancers/chr3L_2552007-2552315.fa	308
FBgn0016794_vm	FBgn0016794_vm/chr3L_2533105-2533332__chr3L_2562100-2562492	LEFT	chr3L:2533105-2533332	chr3L	2533105	2533332	FBgn0016794_vm/chr3L_2533105-2533332__chr3L_2562100-2562492/enhancers/chr3L_2533105-2533332.fa	227
FBgn0016794_vm	FBgn0016794_vm/chr3L_2533105-2533332__chr3L_2562100-2562492	RIGHT	chr3L:2562100-2562492	chr3L	2562100	2562492	FBgn0016794_vm/chr3L_2533105-2533332__chr3L_2562100-2562492/enhancers/chr3L_2562100-2562492.fa	392
FBgn0016794_vm	FBgn0016794_vm/chr3L_2533105-2533332__chr3L_2566292-2566652	LEFT	chr3L:2533105-2533332	chr3L	2533105	2533332	FBgn0016794_vm/chr3L_2533105-2533332__chr3L_2566292-2566652/enhancers/chr3L_2533105-2533332.fa	227
FBgn0016794_vm	FBgn0016794_vm/chr3L_2533105-2533332__chr3L_2566292-2566652	RIGHT	chr3L:2566292-2566652	chr3L	2566292	2566652	FBgn0016794_vm/chr3L_2533105-2533332__chr3L_2566292-2566652/enhancers/chr3L_2566292-2566652.fa	360
FBgn0016794_vm	FBgn0016794_vm/chr3L_2533105-2533332__chr3L_2568872-2569202	LEFT	chr3L:2533105-2533332	chr3L	2533105	2533332	FBgn0016794_vm/chr3L_2533105-2533332__chr3L_2568872-2569202/enhancers/chr3L_2533105-2533332.fa	227
FBgn0016794_vm	FBgn0016794_vm/chr3L_2533105-2533332__chr3L_2568872-2569202	RIGHT	chr3L:2568872-2569202	chr3L	2568872	2569202	FBgn0016794_vm/chr3L_2533105-2533332__chr3L_2568872-2569202/enhancers/chr3L_2568872-2569202.fa	330
FBgn0016794_vm	FBgn0016794_vm/chr3L_2533105-2533332__chr3L_2574144-2574754	LEFT	chr3L:2533105-2533332	chr3L	2533105	2533332	FBgn0016794_vm/chr3L_2533105-2533332__chr3L_2574144-2574754/enhancers/chr3L_2533105-2533332.fa	227
FBgn0016794_vm	FBgn0016794_vm/chr3L_2533105-2533332__chr3L_2574144-2574754	RIGHT	chr3L:2574144-2574754	chr3L	2574144	2574754	FBgn0016794_vm/chr3L_2533105-2533332__chr3L_2574144-2574754/enhancers/chr3L_2574144-2574754.fa	610
FBgn0016794_vm	FBgn0016794_vm/chr3L_2552007-2552315__chr3L_2562100-2562492	LEFT	chr3L:2552007-2552315	chr3L	2552007	2552315	FBgn0016794_vm/chr3L_2552007-2552315__chr3L_2562100-2562492/enhancers/chr3L_2552007-2552315.fa	308
FBgn0016794_vm	FBgn0016794_vm/chr3L_2552007-2552315__chr3L_2562100-2562492	RIGHT	chr3L:2562100-2562492	chr3L	2562100	2562492	FBgn0016794_vm/chr3L_2552007-2552315__chr3L_2562100-2562492/enhancers/chr3L_2562100-2562492.fa	392
FBgn0016794_vm	FBgn0016794_vm/chr3L_2552007-2552315__chr3L_2566292-2566652	LEFT	chr3L:2552007-2552315	chr3L	2552007	2552315	FBgn0016794_vm/chr3L_2552007-2552315__chr3L_2566292-2566652/enhancers/chr3L_2552007-2552315.fa	308
FBgn0016794_vm	FBgn0016794_vm/chr3L_2552007-2552315__chr3L_2566292-2566652	RIGHT	chr3L:2566292-2566652	chr3L	2566292	2566652	FBgn0016794_vm/chr3L_2552007-2552315__chr3L_2566292-2566652/enhancers/chr3L_2566292-2566652.fa	360
FBgn0016794_vm	FBgn0016794_vm/chr3L_2552007-2552315__chr3L_2568872-2569202	LEFT	chr3L:2552007-2552315	chr3L	2552007	2552315	FBgn0016794_vm/chr3L_2552007-2552315__chr3L_2568872-2569202/enhancers/chr3L_2552007-2552315.fa	308
FBgn0016794_vm	FBgn0016794_vm/chr3L_2552007-2552315__chr3L_2568872-2569202	RIGHT	chr3L:2568872-2569202	chr3L	2568872	2569202	FBgn0016794_vm/chr3L_2552007-2552315__chr3L_2568872-2569202/enhancers/chr3L_2568872-2569202.fa	330
FBgn0016794_vm	FBgn0016794_vm/chr3L_2552007-2552315__chr3L_2574144-2574754	LEFT	chr3L:2552007-2552315	chr3L	2552007	2552315	FBgn0016794_vm/chr3L_2552007-2552315__chr3L_2574144-2574754/enhancers/chr3L_2552007-2552315.fa	308
FBgn0016794_vm	FBgn0016794_vm/chr3L_2552007-2552315__chr3L_2574144-2574754	RIGHT	chr3L:2574144-2574754	chr3L	2574144	2574754	FBgn0016794_vm/chr3L_2552007-2552315__chr3L_2574144-2574754/enhancers/chr3L_2574144-2574754.fa	610
FBgn0016794_vm	FBgn0016794_vm/chr3L_2562100-2562492__chr3L_2566292-2566652	LEFT	chr3L:2562100-2562492	chr3L	2562100	2562492	FBgn0016794_vm/chr3L_2562100-2562492__chr3L_2566292-2566652/enhancers/chr3L_2562100-2562492.fa	392
FBgn0016794_vm	FBgn0016794_vm/chr3L_2562100-2562492__chr3L_2566292-2566652	RIGHT	chr3L:2566292-2566652	chr3L	2566292	2566652	FBgn0016794_vm/chr3L_2562100-2562492__chr3L_2566292-2566652/enhancers/chr3L_2566292-2566652.fa	360
FBgn0016794_vm	FBgn0016794_vm/chr3L_2562100-2562492__chr3L_2568872-2569202	LEFT	chr3L:2562100-2562492	chr3L	2562100	2562492	FBgn0016794_vm/chr3L_2562100-2562492__chr3L_2568872-2569202/enhancers/chr3L_2562100-2562492.fa	392
FBgn0016794_vm	FBgn0016794_vm/chr3L_2562100-2562492__chr3L_2568872-2569202	RIGHT	chr3L:2568872-2569202	chr3L	2568872	2569202	FBgn0016794_vm/chr3L_2562100-2562492__chr3L_2568872-2569202/enhancers/chr3L_2568872-2569202.fa	330
FBgn0016794_vm	FBgn0016794_vm/chr3L_2562100-2562492__chr3L_2574144-2574754	LEFT	chr3L:2562100-2562492	chr3L	2562100	2562492	FBgn0016794_vm/chr3L_2562100-2562492__chr3L_2574144-2574754/enhancers/chr3L_2562100-2562492.fa	392
FBgn0016794_vm	FBgn0016794_vm/chr3L_2562100-2562492__chr3L_2574144-2574754	RIGHT	chr3L:2574144-2574754	chr3L	2574144	2574754	FBgn0016794_vm/chr3L_2562100-2562492__chr3L_2574144-2574754/enhancers/chr3L_2574144-2574754.fa	610
FBgn0016794_vm	FBgn0016794_vm/chr3L_2566292-2566652__chr3L_2568872-2569202	LEFT	chr3L:2566292-2566652	chr3L	2566292	2566652	FBgn0016794_vm/chr3L_2566292-2566652__chr3L_2568872-2569202/enhancers/chr3L_2566292-2566652.fa	360
FBgn0016794_vm	FBgn0016794_vm/chr3L_2566292-2566652__chr3L_2568872-2569202	RIGHT	chr3L:2568872-2569202	chr3L	2568872	2569202	FBgn0016794_vm/chr3L_2566292-2566652__chr3L_2568872-2569202/enhancers/chr3L_2568872-2569202.fa	330
FBgn0016794_vm	FBgn0016794_vm/chr3L_2566292-2566652__chr3L_2574144-2574754	LEFT	chr3L:2566292-2566652	chr3L	2566292	2566652	FBgn0016794_vm/chr3L_2566292-2566652__chr3L_2574144-2574754/enhancers/chr3L_2566292-2566652.fa	360
FBgn0016794_vm	FBgn0016794_vm/chr3L_2566292-2566652__chr3L_2574144-2574754	RIGHT	chr3L:2574144-2574754	chr3L	2574144	2574754	FBgn0016794_vm/chr3L_2566292-2566652__chr3L_2574144-2574754/enhancers/chr3L_2574144-2574754.fa	610
FBgn0016794_vm	FBgn0016794_vm/chr3L_2568872-2569202__chr3L_2574144-2574754	LEFT	chr3L:2568872-2569202	chr3L	2568872	2569202	FBgn0016794_vm/chr3L_2568872-2569202__chr3L_2574144-2574754/enhancers/chr3L_2568872-2569202.fa	330
FBgn0016794_vm	FBgn0016794_vm/chr3L_2568872-2569202__chr3L_2574144-2574754	RIGHT	chr3L:2574144-2574754	chr3L	2574144	2574754	FBgn0016794_vm/chr3L_2568872-2569202__chr3L_2574144-2574754/enhancers/chr3L_2574144-2574754.fa	610
FBgn0016797_vm	FBgn0016797_vm/chr3L_19135570-19135853__chr3L_19159338-19159712	LEFT	chr3L:19135570-19135853	chr3L	19135570	19135853	FBgn0016797_vm/chr3L_19135570-19135853__chr3L_19159338-19159712/enhancers/chr3L_19135570-19135853.fa	283
FBgn0016797_vm	FBgn0016797_vm/chr3L_19135570-19135853__chr3L_19159338-19159712	RIGHT	chr3L:19159338-19159712	chr3L	19159338	19159712	FBgn0016797_vm/chr3L_19135570-19135853__chr3L_19159338-19159712/enhancers/chr3L_19159338-19159712.fa	374
FBgn0016797_vm	FBgn0016797_vm/chr3L_19135570-19135853__chr3L_19164181-19164596	LEFT	chr3L:19135570-19135853	chr3L	19135570	19135853	FBgn0016797_vm/chr3L_19135570-19135853__chr3L_19164181-19164596/enhancers/chr3L_19135570-19135853.fa	283
FBgn0016797_vm	FBgn0016797_vm/chr3L_19135570-19135853__chr3L_19164181-19164596	RIGHT	chr3L:19164181-19164596	chr3L	19164181	19164596	FBgn0016797_vm/chr3L_19135570-19135853__chr3L_19164181-19164596/enhancers/chr3L_19164181-19164596.fa	415
FBgn0016797_vm	FBgn0016797_vm/chr3L_19135570-19135853__chr3L_19174386-19174928	LEFT	chr3L:19135570-19135853	chr3L	19135570	19135853	FBgn0016797_vm/chr3L_19135570-19135853__chr3L_19174386-19174928/enhancers/chr3L_19135570-19135853.fa	283
FBgn0016797_vm	FBgn0016797_vm/chr3L_19135570-19135853__chr3L_19174386-19174928	RIGHT	chr3L:19174386-19174928	chr3L	19174386	19174928	FBgn0016797_vm/chr3L_19135570-19135853__chr3L_19174386-19174928/enhancers/chr3L_19174386-19174928.fa	542
FBgn0016797_vm	FBgn0016797_vm/chr3L_19135570-19135853__chr3L_19175349-19175549	LEFT	chr3L:19135570-19135853	chr3L	19135570	19135853	FBgn0016797_vm/chr3L_19135570-19135853__chr3L_19175349-19175549/enhancers/chr3L_19135570-19135853.fa	283
FBgn0016797_vm	FBgn0016797_vm/chr3L_19135570-19135853__chr3L_19175349-19175549	RIGHT	chr3L:19175349-19175549	chr3L	19175349	19175549	FBgn0016797_vm/chr3L_19135570-19135853__chr3L_19175349-19175549/enhancers/chr3L_19175349-19175549.fa	200
FBgn0016797_vm	FBgn0016797_vm/chr3L_19159338-19159712__chr3L_19164181-19164596	LEFT	chr3L:19159338-19159712	chr3L	19159338	19159712	FBgn0016797_vm/chr3L_19159338-19159712__chr3L_19164181-19164596/enhancers/chr3L_19159338-19159712.fa	374
FBgn0016797_vm	FBgn0016797_vm/chr3L_19159338-19159712__chr3L_19164181-19164596	RIGHT	chr3L:19164181-19164596	chr3L	19164181	19164596	FBgn0016797_vm/chr3L_19159338-19159712__chr3L_19164181-19164596/enhancers/chr3L_19164181-19164596.fa	415
FBgn0016797_vm	FBgn0016797_vm/chr3L_19159338-19159712__chr3L_19174386-19174928	LEFT	chr3L:19159338-19159712	chr3L	19159338	19159712	FBgn0016797_vm/chr3L_19159338-19159712__chr3L_19174386-19174928/enhancers/chr3L_19159338-19159712.fa	374
FBgn0016797_vm	FBgn0016797_vm/chr3L_19159338-19159712__chr3L_19174386-19174928	RIGHT	chr3L:19174386-19174928	chr3L	19174386	19174928	FBgn0016797_vm/chr3L_19159338-19159712__chr3L_19174386-19174928/enhancers/chr3L_19174386-19174928.fa	542
FBgn0016797_vm	FBgn0016797_vm/chr3L_19159338-19159712__chr3L_19175349-19175549	LEFT	chr3L:19159338-19159712	chr3L	19159338	19159712	FBgn0016797_vm/chr3L_19159338-19159712__chr3L_19175349-19175549/enhancers/chr3L_19159338-19159712.fa	374
FBgn0016797_vm	FBgn0016797_vm/chr3L_19159338-19159712__chr3L_19175349-19175549	RIGHT	chr3L:19175349-19175549	chr3L	19175349	19175549	FBgn0016797_vm/chr3L_19159338-19159712__chr3L_19175349-19175549/enhancers/chr3L_19175349-19175549.fa	200
FBgn0016797_vm	FBgn0016797_vm/chr3L_19164181-19164596__chr3L_19174386-19174928	LEFT	chr3L:19164181-19164596	chr3L	19164181	19164596	FBgn0016797_vm/chr3L_19164181-19164596__chr3L_19174386-19174928/enhancers/chr3L_19164181-19164596.fa	415
FBgn0016797_vm	FBgn0016797_vm/chr3L_19164181-19164596__chr3L_19174386-19174928	RIGHT	chr3L:19174386-19174928	chr3L	19174386	19174928	FBgn0016797_vm/chr3L_19164181-19164596__chr3L_19174386-19174928/enhancers/chr3L_19174386-19174928.fa	542
FBgn0016797_vm	FBgn0016797_vm/chr3L_19164181-19164596__chr3L_19175349-19175549	LEFT	chr3L:19164181-19164596	chr3L	19164181	19164596	FBgn0016797_vm/chr3L_19164181-19164596__chr3L_19175349-19175549/enhancers/chr3L_19164181-19164596.fa	415
FBgn0016797_vm	FBgn0016797_vm/chr3L_19164181-19164596__chr3L_19175349-19175549	RIGHT	chr3L:19175349-19175549	chr3L	19175349	19175549	FBgn0016797_vm/chr3L_19164181-19164596__chr3L_19175349-19175549/enhancers/chr3L_19175349-19175549.fa	200
FBgn0016797_vm	FBgn0016797_vm/chr3L_19174386-19174928__chr3L_19175349-19175549	LEFT	chr3L:19174386-19174928	chr3L	19174386	19174928	FBgn0016797_vm/chr3L_19174386-19174928__chr3L_19175349-19175549/enhancers/chr3L_19174386-19174928.fa	542
FBgn0016797_vm	FBgn0016797_vm/chr3L_19174386-19174928__chr3L_19175349-19175549	RIGHT	chr3L:19175349-19175549	chr3L	19175349	19175549	FBgn0016797_vm/chr3L_19174386-19174928__chr3L_19175349-19175549/enhancers/chr3L_19175349-19175549.fa	200
FBgn0016926_vm	FBgn0016926_vm/chr2L_1074290-1074681__chr2L_1118230-1118839	LEFT	chr2L:1074290-1074681	chr2L	1074290	1074681	FBgn0016926_vm/chr2L_1074290-1074681__chr2L_1118230-1118839/enhancers/chr2L_1074290-1074681.fa	391
FBgn0016926_vm	FBgn0016926_vm/chr2L_1074290-1074681__chr2L_1118230-1118839	RIGHT	chr2L:1118230-1118839	chr2L	1118230	1118839	FBgn0016926_vm/chr2L_1074290-1074681__chr2L_1118230-1118839/enhancers/chr2L_1118230-1118839.fa	609
FBgn0016926_vm	FBgn0016926_vm/chr2L_1074290-1074681__chr2L_1123442-1123872	LEFT	chr2L:1074290-1074681	chr2L	1074290	1074681	FBgn0016926_vm/chr2L_1074290-1074681__chr2L_1123442-1123872/enhancers/chr2L_1074290-1074681.fa	391
FBgn0016926_vm	FBgn0016926_vm/chr2L_1074290-1074681__chr2L_1123442-1123872	RIGHT	chr2L:1123442-1123872	chr2L	1123442	1123872	FBgn0016926_vm/chr2L_1074290-1074681__chr2L_1123442-1123872/enhancers/chr2L_1123442-1123872.fa	430
FBgn0016926_vm	FBgn0016926_vm/chr2L_1118230-1118839__chr2L_1123442-1123872	LEFT	chr2L:1118230-1118839	chr2L	1118230	1118839	FBgn0016926_vm/chr2L_1118230-1118839__chr2L_1123442-1123872/enhancers/chr2L_1118230-1118839.fa	609
FBgn0016926_vm	FBgn0016926_vm/chr2L_1118230-1118839__chr2L_1123442-1123872	RIGHT	chr2L:1123442-1123872	chr2L	1123442	1123872	FBgn0016926_vm/chr2L_1118230-1118839__chr2L_1123442-1123872/enhancers/chr2L_1123442-1123872.fa	430
FBgn0016930_vm	FBgn0016930_vm/chr2L_14211117-14211371__chr2L_14230546-14231007	LEFT	chr2L:14211117-14211371	chr2L	14211117	14211371	FBgn0016930_vm/chr2L_14211117-14211371__chr2L_14230546-14231007/enhancers/chr2L_14211117-14211371.fa	254
FBgn0016930_vm	FBgn0016930_vm/chr2L_14211117-14211371__chr2L_14230546-14231007	RIGHT	chr2L:14230546-14231007	chr2L	14230546	14231007	FBgn0016930_vm/chr2L_14211117-14211371__chr2L_14230546-14231007/enhancers/chr2L_14230546-14231007.fa	461
FBgn0016930_vm	FBgn0016930_vm/chr2L_14211117-14211371__chr2L_14238009-14238297	LEFT	chr2L:14211117-14211371	chr2L	14211117	14211371	FBgn0016930_vm/chr2L_14211117-14211371__chr2L_14238009-14238297/enhancers/chr2L_14211117-14211371.fa	254
FBgn0016930_vm	FBgn0016930_vm/chr2L_14211117-14211371__chr2L_14238009-14238297	RIGHT	chr2L:14238009-14238297	chr2L	14238009	14238297	FBgn0016930_vm/chr2L_14211117-14211371__chr2L_14238009-14238297/enhancers/chr2L_14238009-14238297.fa	288
FBgn0016930_vm	FBgn0016930_vm/chr2L_14211117-14211371__chr2L_14245654-14246036	LEFT	chr2L:14211117-14211371	chr2L	14211117	14211371	FBgn0016930_vm/chr2L_14211117-14211371__chr2L_14245654-14246036/enhancers/chr2L_14211117-14211371.fa	254
FBgn0016930_vm	FBgn0016930_vm/chr2L_14211117-14211371__chr2L_14245654-14246036	RIGHT	chr2L:14245654-14246036	chr2L	14245654	14246036	FBgn0016930_vm/chr2L_14211117-14211371__chr2L_14245654-14246036/enhancers/chr2L_14245654-14246036.fa	382
FBgn0016930_vm	FBgn0016930_vm/chr2L_14211117-14211371__chr2L_14248855-14249055	LEFT	chr2L:14211117-14211371	chr2L	14211117	14211371	FBgn0016930_vm/chr2L_14211117-14211371__chr2L_14248855-14249055/enhancers/chr2L_14211117-14211371.fa	254
FBgn0016930_vm	FBgn0016930_vm/chr2L_14211117-14211371__chr2L_14248855-14249055	RIGHT	chr2L:14248855-14249055	chr2L	14248855	14249055	FBgn0016930_vm/chr2L_14211117-14211371__chr2L_14248855-14249055/enhancers/chr2L_14248855-14249055.fa	200
FBgn0016930_vm	FBgn0016930_vm/chr2L_14211117-14211371__chr2L_14267350-14267653	LEFT	chr2L:14211117-14211371	chr2L	14211117	14211371	FBgn0016930_vm/chr2L_14211117-14211371__chr2L_14267350-14267653/enhancers/chr2L_14211117-14211371.fa	254
FBgn0016930_vm	FBgn0016930_vm/chr2L_14211117-14211371__chr2L_14267350-14267653	RIGHT	chr2L:14267350-14267653	chr2L	14267350	14267653	FBgn0016930_vm/chr2L_14211117-14211371__chr2L_14267350-14267653/enhancers/chr2L_14267350-14267653.fa	303
FBgn0016930_vm	FBgn0016930_vm/chr2L_14230546-14231007__chr2L_14238009-14238297	LEFT	chr2L:14230546-14231007	chr2L	14230546	14231007	FBgn0016930_vm/chr2L_14230546-14231007__chr2L_14238009-14238297/enhancers/chr2L_14230546-14231007.fa	461
FBgn0016930_vm	FBgn0016930_vm/chr2L_14230546-14231007__chr2L_14238009-14238297	RIGHT	chr2L:14238009-14238297	chr2L	14238009	14238297	FBgn0016930_vm/chr2L_14230546-14231007__chr2L_14238009-14238297/enhancers/chr2L_14238009-14238297.fa	288
FBgn0016930_vm	FBgn0016930_vm/chr2L_14230546-14231007__chr2L_14245654-14246036	LEFT	chr2L:14230546-14231007	chr2L	14230546	14231007	FBgn0016930_vm/chr2L_14230546-14231007__chr2L_14245654-14246036/enhancers/chr2L_14230546-14231007.fa	461
FBgn0016930_vm	FBgn0016930_vm/chr2L_14230546-14231007__chr2L_14245654-14246036	RIGHT	chr2L:14245654-14246036	chr2L	14245654	14246036	FBgn0016930_vm/chr2L_14230546-14231007__chr2L_14245654-14246036/enhancers/chr2L_14245654-14246036.fa	382
FBgn0016930_vm	FBgn0016930_vm/chr2L_14230546-14231007__chr2L_14248855-14249055	LEFT	chr2L:14230546-14231007	chr2L	14230546	14231007	FBgn0016930_vm/chr2L_14230546-14231007__chr2L_14248855-14249055/enhancers/chr2L_14230546-14231007.fa	461
FBgn0016930_vm	FBgn0016930_vm/chr2L_14230546-14231007__chr2L_14248855-14249055	RIGHT	chr2L:14248855-14249055	chr2L	14248855	14249055	FBgn0016930_vm/chr2L_14230546-14231007__chr2L_14248855-14249055/enhancers/chr2L_14248855-14249055.fa	200
FBgn0016930_vm	FBgn0016930_vm/chr2L_14230546-14231007__chr2L_14267350-14267653	LEFT	chr2L:14230546-14231007	chr2L	14230546	14231007	FBgn0016930_vm/chr2L_14230546-14231007__chr2L_14267350-14267653/enhancers/chr2L_14230546-14231007.fa	461
FBgn0016930_vm	FBgn0016930_vm/chr2L_14230546-14231007__chr2L_14267350-14267653	RIGHT	chr2L:14267350-14267653	chr2L	14267350	14267653	FBgn0016930_vm/chr2L_14230546-14231007__chr2L_14267350-14267653/enhancers/chr2L_14267350-14267653.fa	303
FBgn0016930_vm	FBgn0016930_vm/chr2L_14238009-14238297__chr2L_14245654-14246036	LEFT	chr2L:14238009-14238297	chr2L	14238009	14238297	FBgn0016930_vm/chr2L_14238009-14238297__chr2L_14245654-14246036/enhancers/chr2L_14238009-14238297.fa	288
FBgn0016930_vm	FBgn0016930_vm/chr2L_14238009-14238297__chr2L_14245654-14246036	RIGHT	chr2L:14245654-14246036	chr2L	14245654	14246036	FBgn0016930_vm/chr2L_14238009-14238297__chr2L_14245654-14246036/enhancers/chr2L_14245654-14246036.fa	382
FBgn0016930_vm	FBgn0016930_vm/chr2L_14238009-14238297__chr2L_14248855-14249055	LEFT	chr2L:14238009-14238297	chr2L	14238009	14238297	FBgn0016930_vm/chr2L_14238009-14238297__chr2L_14248855-14249055/enhancers/chr2L_14238009-14238297.fa	288
FBgn0016930_vm	FBgn0016930_vm/chr2L_14238009-14238297__chr2L_14248855-14249055	RIGHT	chr2L:14248855-14249055	chr2L	14248855	14249055	FBgn0016930_vm/chr2L_14238009-14238297__chr2L_14248855-14249055/enhancers/chr2L_14248855-14249055.fa	200
FBgn0016930_vm	FBgn0016930_vm/chr2L_14238009-14238297__chr2L_14267350-14267653	LEFT	chr2L:14238009-14238297	chr2L	14238009	14238297	FBgn0016930_vm/chr2L_14238009-14238297__chr2L_14267350-14267653/enhancers/chr2L_14238009-14238297.fa	288
FBgn0016930_vm	FBgn0016930_vm/chr2L_14238009-14238297__chr2L_14267350-14267653	RIGHT	chr2L:14267350-14267653	chr2L	14267350	14267653	FBgn0016930_vm/chr2L_14238009-14238297__chr2L_14267350-14267653/enhancers/chr2L_14267350-14267653.fa	303
FBgn0016930_vm	FBgn0016930_vm/chr2L_14245654-14246036__chr2L_14248855-14249055	LEFT	chr2L:14245654-14246036	chr2L	14245654	14246036	FBgn0016930_vm/chr2L_14245654-14246036__chr2L_14248855-14249055/enhancers/chr2L_14245654-14246036.fa	382
FBgn0016930_vm	FBgn0016930_vm/chr2L_14245654-14246036__chr2L_14248855-14249055	RIGHT	chr2L:14248855-14249055	chr2L	14248855	14249055	FBgn0016930_vm/chr2L_14245654-14246036__chr2L_14248855-14249055/enhancers/chr2L_14248855-14249055.fa	200
FBgn0016930_vm	FBgn0016930_vm/chr2L_14245654-14246036__chr2L_14267350-14267653	LEFT	chr2L:14245654-14246036	chr2L	14245654	14246036	FBgn0016930_vm/chr2L_14245654-14246036__chr2L_14267350-14267653/enhancers/chr2L_14245654-14246036.fa	382
FBgn0016930_vm	FBgn0016930_vm/chr2L_14245654-14246036__chr2L_14267350-14267653	RIGHT	chr2L:14267350-14267653	chr2L	14267350	14267653	FBgn0016930_vm/chr2L_14245654-14246036__chr2L_14267350-14267653/enhancers/chr2L_14267350-14267653.fa	303
FBgn0016930_vm	FBgn0016930_vm/chr2L_14248855-14249055__chr2L_14267350-14267653	LEFT	chr2L:14248855-14249055	chr2L	14248855	14249055	FBgn0016930_vm/chr2L_14248855-14249055__chr2L_14267350-14267653/enhancers/chr2L_14248855-14249055.fa	200
FBgn0016930_vm	FBgn0016930_vm/chr2L_14248855-14249055__chr2L_14267350-14267653	RIGHT	chr2L:14267350-14267653	chr2L	14267350	14267653	FBgn0016930_vm/chr2L_14248855-14249055__chr2L_14267350-14267653/enhancers/chr2L_14267350-14267653.fa	303
FBgn0020513_vm	FBgn0020513_vm/chrX_12676886-12677437__chrX_12691690-12692049	LEFT	chrX:12676886-12677437	chrX	12676886	12677437	FBgn0020513_vm/chrX_12676886-12677437__chrX_12691690-12692049/enhancers/chrX_12676886-12677437.fa	551
FBgn0020513_vm	FBgn0020513_vm/chrX_12676886-12677437__chrX_12691690-12692049	RIGHT	chrX:12691690-12692049	chrX	12691690	12692049	FBgn0020513_vm/chrX_12676886-12677437__chrX_12691690-12692049/enhancers/chrX_12691690-12692049.fa	359
FBgn0020513_vm	FBgn0020513_vm/chrX_12676886-12677437__chrX_12692632-12693074	LEFT	chrX:12676886-12677437	chrX	12676886	12677437	FBgn0020513_vm/chrX_12676886-12677437__chrX_12692632-12693074/enhancers/chrX_12676886-12677437.fa	551
FBgn0020513_vm	FBgn0020513_vm/chrX_12676886-12677437__chrX_12692632-12693074	RIGHT	chrX:12692632-12693074	chrX	12692632	12693074	FBgn0020513_vm/chrX_12676886-12677437__chrX_12692632-12693074/enhancers/chrX_12692632-12693074.fa	442
FBgn0020513_vm	FBgn0020513_vm/chrX_12676886-12677437__chrX_12693668-12694287	LEFT	chrX:12676886-12677437	chrX	12676886	12677437	FBgn0020513_vm/chrX_12676886-12677437__chrX_12693668-12694287/enhancers/chrX_12676886-12677437.fa	551
FBgn0020513_vm	FBgn0020513_vm/chrX_12676886-12677437__chrX_12693668-12694287	RIGHT	chrX:12693668-12694287	chrX	12693668	12694287	FBgn0020513_vm/chrX_12676886-12677437__chrX_12693668-12694287/enhancers/chrX_12693668-12694287.fa	619
FBgn0020513_vm	FBgn0020513_vm/chrX_12691690-12692049__chrX_12692632-12693074	LEFT	chrX:12691690-12692049	chrX	12691690	12692049	FBgn0020513_vm/chrX_12691690-12692049__chrX_12692632-12693074/enhancers/chrX_12691690-12692049.fa	359
FBgn0020513_vm	FBgn0020513_vm/chrX_12691690-12692049__chrX_12692632-12693074	RIGHT	chrX:12692632-12693074	chrX	12692632	12693074	FBgn0020513_vm/chrX_12691690-12692049__chrX_12692632-12693074/enhancers/chrX_12692632-12693074.fa	442
FBgn0020513_vm	FBgn0020513_vm/chrX_12691690-12692049__chrX_12693668-12694287	LEFT	chrX:12691690-12692049	chrX	12691690	12692049	FBgn0020513_vm/chrX_12691690-12692049__chrX_12693668-12694287/enhancers/chrX_12691690-12692049.fa	359
FBgn0020513_vm	FBgn0020513_vm/chrX_12691690-12692049__chrX_12693668-12694287	RIGHT	chrX:12693668-12694287	chrX	12693668	12694287	FBgn0020513_vm/chrX_12691690-12692049__chrX_12693668-12694287/enhancers/chrX_12693668-12694287.fa	619
FBgn0020513_vm	FBgn0020513_vm/chrX_12692632-12693074__chrX_12693668-12694287	LEFT	chrX:12692632-12693074	chrX	12692632	12693074	FBgn0020513_vm/chrX_12692632-12693074__chrX_12693668-12694287/enhancers/chrX_12692632-12693074.fa	442
FBgn0020513_vm	FBgn0020513_vm/chrX_12692632-12693074__chrX_12693668-12694287	RIGHT	chrX:12693668-12694287	chrX	12693668	12694287	FBgn0020513_vm/chrX_12692632-12693074__chrX_12693668-12694287/enhancers/chrX_12693668-12694287.fa	619
FBgn0020647_vm	FBgn0020647_vm/chr3R_24021882-24022138__chr3R_24032072-24032273	LEFT	chr3R:24021882-24022138	chr3R	24021882	24022138	FBgn0020647_vm/chr3R_24021882-24022138__chr3R_24032072-24032273/enhancers/chr3R_24021882-24022138.fa	256
FBgn0020647_vm	FBgn0020647_vm/chr3R_24021882-24022138__chr3R_24032072-24032273	RIGHT	chr3R:24032072-24032273	chr3R	24032072	24032273	FBgn0020647_vm/chr3R_24021882-24022138__chr3R_24032072-24032273/enhancers/chr3R_24032072-24032273.fa	201
FBgn0021995_vm	FBgn0021995_vm/chr2R_7775078-7775289__chr2R_7798993-7799522	LEFT	chr2R:7775078-7775289	chr2R	7775078	7775289	FBgn0021995_vm/chr2R_7775078-7775289__chr2R_7798993-7799522/enhancers/chr2R_7775078-7775289.fa	211
FBgn0021995_vm	FBgn0021995_vm/chr2R_7775078-7775289__chr2R_7798993-7799522	RIGHT	chr2R:7798993-7799522	chr2R	7798993	7799522	FBgn0021995_vm/chr2R_7775078-7775289__chr2R_7798993-7799522/enhancers/chr2R_7798993-7799522.fa	529
FBgn0022029_vm	FBgn0022029_vm/chr2R_17019592-17019979__chr2R_17034595-17034875	LEFT	chr2R:17019592-17019979	chr2R	17019592	17019979	FBgn0022029_vm/chr2R_17019592-17019979__chr2R_17034595-17034875/enhancers/chr2R_17019592-17019979.fa	387
FBgn0022029_vm	FBgn0022029_vm/chr2R_17019592-17019979__chr2R_17034595-17034875	RIGHT	chr2R:17034595-17034875	chr2R	17034595	17034875	FBgn0022029_vm/chr2R_17019592-17019979__chr2R_17034595-17034875/enhancers/chr2R_17034595-17034875.fa	280
FBgn0022029_vm	FBgn0022029_vm/chr2R_17019592-17019979__chr2R_17054642-17054966	LEFT	chr2R:17019592-17019979	chr2R	17019592	17019979	FBgn0022029_vm/chr2R_17019592-17019979__chr2R_17054642-17054966/enhancers/chr2R_17019592-17019979.fa	387
FBgn0022029_vm	FBgn0022029_vm/chr2R_17019592-17019979__chr2R_17054642-17054966	RIGHT	chr2R:17054642-17054966	chr2R	17054642	17054966	FBgn0022029_vm/chr2R_17019592-17019979__chr2R_17054642-17054966/enhancers/chr2R_17054642-17054966.fa	324
FBgn0022029_vm	FBgn0022029_vm/chr2R_17034595-17034875__chr2R_17054642-17054966	LEFT	chr2R:17034595-17034875	chr2R	17034595	17034875	FBgn0022029_vm/chr2R_17034595-17034875__chr2R_17054642-17054966/enhancers/chr2R_17034595-17034875.fa	280
FBgn0022029_vm	FBgn0022029_vm/chr2R_17034595-17034875__chr2R_17054642-17054966	RIGHT	chr2R:17054642-17054966	chr2R	17054642	17054966	FBgn0022029_vm/chr2R_17034595-17034875__chr2R_17054642-17054966/enhancers/chr2R_17054642-17054966.fa	324
FBgn0023540_vm	FBgn0023540_vm/chrX_2097213-2097718__chrX_2098250-2098696	LEFT	chrX:2097213-2097718	chrX	2097213	2097718	FBgn0023540_vm/chrX_2097213-2097718__chrX_2098250-2098696/enhancers/chrX_2097213-2097718.fa	505
FBgn0023540_vm	FBgn0023540_vm/chrX_2097213-2097718__chrX_2098250-2098696	RIGHT	chrX:2098250-2098696	chrX	2098250	2098696	FBgn0023540_vm/chrX_2097213-2097718__chrX_2098250-2098696/enhancers/chrX_2098250-2098696.fa	446
FBgn0023540_vm	FBgn0023540_vm/chrX_2097213-2097718__chrX_2100179-2100460	LEFT	chrX:2097213-2097718	chrX	2097213	2097718	FBgn0023540_vm/chrX_2097213-2097718__chrX_2100179-2100460/enhancers/chrX_2097213-2097718.fa	505
FBgn0023540_vm	FBgn0023540_vm/chrX_2097213-2097718__chrX_2100179-2100460	RIGHT	chrX:2100179-2100460	chrX	2100179	2100460	FBgn0023540_vm/chrX_2097213-2097718__chrX_2100179-2100460/enhancers/chrX_2100179-2100460.fa	281
FBgn0023540_vm	FBgn0023540_vm/chrX_2097213-2097718__chrX_2124693-2125061	LEFT	chrX:2097213-2097718	chrX	2097213	2097718	FBgn0023540_vm/chrX_2097213-2097718__chrX_2124693-2125061/enhancers/chrX_2097213-2097718.fa	505
FBgn0023540_vm	FBgn0023540_vm/chrX_2097213-2097718__chrX_2124693-2125061	RIGHT	chrX:2124693-2125061	chrX	2124693	2125061	FBgn0023540_vm/chrX_2097213-2097718__chrX_2124693-2125061/enhancers/chrX_2124693-2125061.fa	368
FBgn0023540_vm	FBgn0023540_vm/chrX_2098250-2098696__chrX_2100179-2100460	LEFT	chrX:2098250-2098696	chrX	2098250	2098696	FBgn0023540_vm/chrX_2098250-2098696__chrX_2100179-2100460/enhancers/chrX_2098250-2098696.fa	446
FBgn0023540_vm	FBgn0023540_vm/chrX_2098250-2098696__chrX_2100179-2100460	RIGHT	chrX:2100179-2100460	chrX	2100179	2100460	FBgn0023540_vm/chrX_2098250-2098696__chrX_2100179-2100460/enhancers/chrX_2100179-2100460.fa	281
FBgn0023540_vm	FBgn0023540_vm/chrX_2098250-2098696__chrX_2124693-2125061	LEFT	chrX:2098250-2098696	chrX	2098250	2098696	FBgn0023540_vm/chrX_2098250-2098696__chrX_2124693-2125061/enhancers/chrX_2098250-2098696.fa	446
FBgn0023540_vm	FBgn0023540_vm/chrX_2098250-2098696__chrX_2124693-2125061	RIGHT	chrX:2124693-2125061	chrX	2124693	2125061	FBgn0023540_vm/chrX_2098250-2098696__chrX_2124693-2125061/enhancers/chrX_2124693-2125061.fa	368
FBgn0023540_vm	FBgn0023540_vm/chrX_2100179-2100460__chrX_2124693-2125061	LEFT	chrX:2100179-2100460	chrX	2100179	2100460	FBgn0023540_vm/chrX_2100179-2100460__chrX_2124693-2125061/enhancers/chrX_2100179-2100460.fa	281
FBgn0023540_vm	FBgn0023540_vm/chrX_2100179-2100460__chrX_2124693-2125061	RIGHT	chrX:2124693-2125061	chrX	2124693	2125061	FBgn0023540_vm/chrX_2100179-2100460__chrX_2124693-2125061/enhancers/chrX_2124693-2125061.fa	368
FBgn0025632_vm	FBgn0025632_vm/chrX_2012689-2013147__chrX_2014352-2014702	LEFT	chrX:2012689-2013147	chrX	2012689	2013147	FBgn0025632_vm/chrX_2012689-2013147__chrX_2014352-2014702/enhancers/chrX_2012689-2013147.fa	458
FBgn0025632_vm	FBgn0025632_vm/chrX_2012689-2013147__chrX_2014352-2014702	RIGHT	chrX:2014352-2014702	chrX	2014352	2014702	FBgn0025632_vm/chrX_2012689-2013147__chrX_2014352-2014702/enhancers/chrX_2014352-2014702.fa	350
FBgn0026239_vm	FBgn0026239_vm/chr3R_18988180-18988605__chr3R_19014156-19014356	LEFT	chr3R:18988180-18988605	chr3R	18988180	18988605	FBgn0026239_vm/chr3R_18988180-18988605__chr3R_19014156-19014356/enhancers/chr3R_18988180-18988605.fa	425
FBgn0026239_vm	FBgn0026239_vm/chr3R_18988180-18988605__chr3R_19014156-19014356	RIGHT	chr3R:19014156-19014356	chr3R	19014156	19014356	FBgn0026239_vm/chr3R_18988180-18988605__chr3R_19014156-19014356/enhancers/chr3R_19014156-19014356.fa	200
FBgn0026261_vm	FBgn0026261_vm/chr2R_22263977-22264346__chr2R_22264962-22265213	LEFT	chr2R:22263977-22264346	chr2R	22263977	22264346	FBgn0026261_vm/chr2R_22263977-22264346__chr2R_22264962-22265213/enhancers/chr2R_22263977-22264346.fa	369
FBgn0026261_vm	FBgn0026261_vm/chr2R_22263977-22264346__chr2R_22264962-22265213	RIGHT	chr2R:22264962-22265213	chr2R	22264962	22265213	FBgn0026261_vm/chr2R_22263977-22264346__chr2R_22264962-22265213/enhancers/chr2R_22264962-22265213.fa	251
FBgn0027111_vm	FBgn0027111_vm/chr3L_254348-254880__chr3L_278317-278724	LEFT	chr3L:254348-254880	chr3L	254348	254880	FBgn0027111_vm/chr3L_254348-254880__chr3L_278317-278724/enhancers/chr3L_254348-254880.fa	532
FBgn0027111_vm	FBgn0027111_vm/chr3L_254348-254880__chr3L_278317-278724	RIGHT	chr3L:278317-278724	chr3L	278317	278724	FBgn0027111_vm/chr3L_254348-254880__chr3L_278317-278724/enhancers/chr3L_278317-278724.fa	407
FBgn0027111_vm	FBgn0027111_vm/chr3L_254348-254880__chr3L_278816-279016	LEFT	chr3L:254348-254880	chr3L	254348	254880	FBgn0027111_vm/chr3L_254348-254880__chr3L_278816-279016/enhancers/chr3L_254348-254880.fa	532
FBgn0027111_vm	FBgn0027111_vm/chr3L_254348-254880__chr3L_278816-279016	RIGHT	chr3L:278816-279016	chr3L	278816	279016	FBgn0027111_vm/chr3L_254348-254880__chr3L_278816-279016/enhancers/chr3L_278816-279016.fa	200
FBgn0027111_vm	FBgn0027111_vm/chr3L_278317-278724__chr3L_278816-279016	LEFT	chr3L:278317-278724	chr3L	278317	278724	FBgn0027111_vm/chr3L_278317-278724__chr3L_278816-279016/enhancers/chr3L_278317-278724.fa	407
FBgn0027111_vm	FBgn0027111_vm/chr3L_278317-278724__chr3L_278816-279016	RIGHT	chr3L:278816-279016	chr3L	278816	279016	FBgn0027111_vm/chr3L_278317-278724__chr3L_278816-279016/enhancers/chr3L_278816-279016.fa	200
FBgn0029830_vm	FBgn0029830_vm/chrX_5915683-5915953__chrX_5921626-5922043	LEFT	chrX:5915683-5915953	chrX	5915683	5915953	FBgn0029830_vm/chrX_5915683-5915953__chrX_5921626-5922043/enhancers/chrX_5915683-5915953.fa	270
FBgn0029830_vm	FBgn0029830_vm/chrX_5915683-5915953__chrX_5921626-5922043	RIGHT	chrX:5921626-5922043	chrX	5921626	5922043	FBgn0029830_vm/chrX_5915683-5915953__chrX_5921626-5922043/enhancers/chrX_5921626-5922043.fa	417
FBgn0029830_vm	FBgn0029830_vm/chrX_5915683-5915953__chrX_5946021-5946311	LEFT	chrX:5915683-5915953	chrX	5915683	5915953	FBgn0029830_vm/chrX_5915683-5915953__chrX_5946021-5946311/enhancers/chrX_5915683-5915953.fa	270
FBgn0029830_vm	FBgn0029830_vm/chrX_5915683-5915953__chrX_5946021-5946311	RIGHT	chrX:5946021-5946311	chrX	5946021	5946311	FBgn0029830_vm/chrX_5915683-5915953__chrX_5946021-5946311/enhancers/chrX_5946021-5946311.fa	290
FBgn0029830_vm	FBgn0029830_vm/chrX_5921626-5922043__chrX_5946021-5946311	LEFT	chrX:5921626-5922043	chrX	5921626	5922043	FBgn0029830_vm/chrX_5921626-5922043__chrX_5946021-5946311/enhancers/chrX_5921626-5922043.fa	417
FBgn0029830_vm	FBgn0029830_vm/chrX_5921626-5922043__chrX_5946021-5946311	RIGHT	chrX:5946021-5946311	chrX	5946021	5946311	FBgn0029830_vm/chrX_5921626-5922043__chrX_5946021-5946311/enhancers/chrX_5946021-5946311.fa	290
FBgn0029885_vm	FBgn0029885_vm/chrX_6565029-6565230__chrX_6572042-6572321	LEFT	chrX:6565029-6565230	chrX	6565029	6565230	FBgn0029885_vm/chrX_6565029-6565230__chrX_6572042-6572321/enhancers/chrX_6565029-6565230.fa	201
FBgn0029885_vm	FBgn0029885_vm/chrX_6565029-6565230__chrX_6572042-6572321	RIGHT	chrX:6572042-6572321	chrX	6572042	6572321	FBgn0029885_vm/chrX_6565029-6565230__chrX_6572042-6572321/enhancers/chrX_6572042-6572321.fa	279
FBgn0030794_vm	FBgn0030794_vm/chrX_16750137-16750514__chrX_16751072-16751473	LEFT	chrX:16750137-16750514	chrX	16750137	16750514	FBgn0030794_vm/chrX_16750137-16750514__chrX_16751072-16751473/enhancers/chrX_16750137-16750514.fa	377
FBgn0030794_vm	FBgn0030794_vm/chrX_16750137-16750514__chrX_16751072-16751473	RIGHT	chrX:16751072-16751473	chrX	16751072	16751473	FBgn0030794_vm/chrX_16750137-16750514__chrX_16751072-16751473/enhancers/chrX_16751072-16751473.fa	401
FBgn0030794_vm	FBgn0030794_vm/chrX_16750137-16750514__chrX_16752356-16752964	LEFT	chrX:16750137-16750514	chrX	16750137	16750514	FBgn0030794_vm/chrX_16750137-16750514__chrX_16752356-16752964/enhancers/chrX_16750137-16750514.fa	377
FBgn0030794_vm	FBgn0030794_vm/chrX_16750137-16750514__chrX_16752356-16752964	RIGHT	chrX:16752356-16752964	chrX	16752356	16752964	FBgn0030794_vm/chrX_16750137-16750514__chrX_16752356-16752964/enhancers/chrX_16752356-16752964.fa	608
FBgn0030794_vm	FBgn0030794_vm/chrX_16750137-16750514__chrX_16773523-16773913	LEFT	chrX:16750137-16750514	chrX	16750137	16750514	FBgn0030794_vm/chrX_16750137-16750514__chrX_16773523-16773913/enhancers/chrX_16750137-16750514.fa	377
FBgn0030794_vm	FBgn0030794_vm/chrX_16750137-16750514__chrX_16773523-16773913	RIGHT	chrX:16773523-16773913	chrX	16773523	16773913	FBgn0030794_vm/chrX_16750137-16750514__chrX_16773523-16773913/enhancers/chrX_16773523-16773913.fa	390
FBgn0030794_vm	FBgn0030794_vm/chrX_16751072-16751473__chrX_16752356-16752964	LEFT	chrX:16751072-16751473	chrX	16751072	16751473	FBgn0030794_vm/chrX_16751072-16751473__chrX_16752356-16752964/enhancers/chrX_16751072-16751473.fa	401
FBgn0030794_vm	FBgn0030794_vm/chrX_16751072-16751473__chrX_16752356-16752964	RIGHT	chrX:16752356-16752964	chrX	16752356	16752964	FBgn0030794_vm/chrX_16751072-16751473__chrX_16752356-16752964/enhancers/chrX_16752356-16752964.fa	608
FBgn0030794_vm	FBgn0030794_vm/chrX_16751072-16751473__chrX_16773523-16773913	LEFT	chrX:16751072-16751473	chrX	16751072	16751473	FBgn0030794_vm/chrX_16751072-16751473__chrX_16773523-16773913/enhancers/chrX_16751072-16751473.fa	401
FBgn0030794_vm	FBgn0030794_vm/chrX_16751072-16751473__chrX_16773523-16773913	RIGHT	chrX:16773523-16773913	chrX	16773523	16773913	FBgn0030794_vm/chrX_16751072-16751473__chrX_16773523-16773913/enhancers/chrX_16773523-16773913.fa	390
FBgn0030794_vm	FBgn0030794_vm/chrX_16752356-16752964__chrX_16773523-16773913	LEFT	chrX:16752356-16752964	chrX	16752356	16752964	FBgn0030794_vm/chrX_16752356-16752964__chrX_16773523-16773913/enhancers/chrX_16752356-16752964.fa	608
FBgn0030794_vm	FBgn0030794_vm/chrX_16752356-16752964__chrX_16773523-16773913	RIGHT	chrX:16773523-16773913	chrX	16773523	16773913	FBgn0030794_vm/chrX_16752356-16752964__chrX_16773523-16773913/enhancers/chrX_16773523-16773913.fa	390
FBgn0031505_vm	FBgn0031505_vm/chr2L_3152131-3152363__chr2L_3153478-3153742	LEFT	chr2L:3152131-3152363	chr2L	3152131	3152363	FBgn0031505_vm/chr2L_3152131-3152363__chr2L_3153478-3153742/enhancers/chr2L_3152131-3152363.fa	232
FBgn0031505_vm	FBgn0031505_vm/chr2L_3152131-3152363__chr2L_3153478-3153742	RIGHT	chr2L:3153478-3153742	chr2L	3153478	3153742	FBgn0031505_vm/chr2L_3152131-3152363__chr2L_3153478-3153742/enhancers/chr2L_3153478-3153742.fa	264
FBgn0031895_vm	FBgn0031895_vm/chr2L_7126464-7126736__chr2L_7133794-7134306	LEFT	chr2L:7126464-7126736	chr2L	7126464	7126736	FBgn0031895_vm/chr2L_7126464-7126736__chr2L_7133794-7134306/enhancers/chr2L_7126464-7126736.fa	272
FBgn0031895_vm	FBgn0031895_vm/chr2L_7126464-7126736__chr2L_7133794-7134306	RIGHT	chr2L:7133794-7134306	chr2L	7133794	7134306	FBgn0031895_vm/chr2L_7126464-7126736__chr2L_7133794-7134306/enhancers/chr2L_7133794-7134306.fa	512
FBgn0031895_vm	FBgn0031895_vm/chr2L_7126464-7126736__chr2L_7157539-7157943	LEFT	chr2L:7126464-7126736	chr2L	7126464	7126736	FBgn0031895_vm/chr2L_7126464-7126736__chr2L_7157539-7157943/enhancers/chr2L_7126464-7126736.fa	272
FBgn0031895_vm	FBgn0031895_vm/chr2L_7126464-7126736__chr2L_7157539-7157943	RIGHT	chr2L:7157539-7157943	chr2L	7157539	7157943	FBgn0031895_vm/chr2L_7126464-7126736__chr2L_7157539-7157943/enhancers/chr2L_7157539-7157943.fa	404
FBgn0031895_vm	FBgn0031895_vm/chr2L_7133794-7134306__chr2L_7157539-7157943	LEFT	chr2L:7133794-7134306	chr2L	7133794	7134306	FBgn0031895_vm/chr2L_7133794-7134306__chr2L_7157539-7157943/enhancers/chr2L_7133794-7134306.fa	512
FBgn0031895_vm	FBgn0031895_vm/chr2L_7133794-7134306__chr2L_7157539-7157943	RIGHT	chr2L:7157539-7157943	chr2L	7157539	7157943	FBgn0031895_vm/chr2L_7133794-7134306__chr2L_7157539-7157943/enhancers/chr2L_7157539-7157943.fa	404
FBgn0032393_vm	FBgn0032393_vm/chr2L_12003862-12004365__chr2L_12007022-12007307	LEFT	chr2L:12003862-12004365	chr2L	12003862	12004365	FBgn0032393_vm/chr2L_12003862-12004365__chr2L_12007022-12007307/enhancers/chr2L_12003862-12004365.fa	503
FBgn0032393_vm	FBgn0032393_vm/chr2L_12003862-12004365__chr2L_12007022-12007307	RIGHT	chr2L:12007022-12007307	chr2L	12007022	12007307	FBgn0032393_vm/chr2L_12003862-12004365__chr2L_12007022-12007307/enhancers/chr2L_12007022-12007307.fa	285
FBgn0032393_vm	FBgn0032393_vm/chr2L_12003862-12004365__chr2L_12009847-12010112	LEFT	chr2L:12003862-12004365	chr2L	12003862	12004365	FBgn0032393_vm/chr2L_12003862-12004365__chr2L_12009847-12010112/enhancers/chr2L_12003862-12004365.fa	503
FBgn0032393_vm	FBgn0032393_vm/chr2L_12003862-12004365__chr2L_12009847-12010112	RIGHT	chr2L:12009847-12010112	chr2L	12009847	12010112	FBgn0032393_vm/chr2L_12003862-12004365__chr2L_12009847-12010112/enhancers/chr2L_12009847-12010112.fa	265
FBgn0032393_vm	FBgn0032393_vm/chr2L_12007022-12007307__chr2L_12009847-12010112	LEFT	chr2L:12007022-12007307	chr2L	12007022	12007307	FBgn0032393_vm/chr2L_12007022-12007307__chr2L_12009847-12010112/enhancers/chr2L_12007022-12007307.fa	285
FBgn0032393_vm	FBgn0032393_vm/chr2L_12007022-12007307__chr2L_12009847-12010112	RIGHT	chr2L:12009847-12010112	chr2L	12009847	12010112	FBgn0032393_vm/chr2L_12007022-12007307__chr2L_12009847-12010112/enhancers/chr2L_12009847-12010112.fa	265
FBgn0032444_vm	FBgn0032444_vm/chr2L_12617842-12618274__chr2L_12655423-12655623	LEFT	chr2L:12617842-12618274	chr2L	12617842	12618274	FBgn0032444_vm/chr2L_12617842-12618274__chr2L_12655423-12655623/enhancers/chr2L_12617842-12618274.fa	432
FBgn0032444_vm	FBgn0032444_vm/chr2L_12617842-12618274__chr2L_12655423-12655623	RIGHT	chr2L:12655423-12655623	chr2L	12655423	12655623	FBgn0032444_vm/chr2L_12617842-12618274__chr2L_12655423-12655623/enhancers/chr2L_12655423-12655623.fa	200
FBgn0032731_vm	FBgn0032731_vm/chr2L_18977432-18977644__chr2L_18977693-18978042	LEFT	chr2L:18977432-18977644	chr2L	18977432	18977644	FBgn0032731_vm/chr2L_18977432-18977644__chr2L_18977693-18978042/enhancers/chr2L_18977432-18977644.fa	212
FBgn0032731_vm	FBgn0032731_vm/chr2L_18977432-18977644__chr2L_18977693-18978042	RIGHT	chr2L:18977693-18978042	chr2L	18977693	18978042	FBgn0032731_vm/chr2L_18977432-18977644__chr2L_18977693-18978042/enhancers/chr2L_18977693-18978042.fa	349
FBgn0033504_vm	FBgn0033504_vm/chr2R_9900668-9901086__chr2R_9911877-9912145	LEFT	chr2R:9900668-9901086	chr2R	9900668	9901086	FBgn0033504_vm/chr2R_9900668-9901086__chr2R_9911877-9912145/enhancers/chr2R_9900668-9901086.fa	418
FBgn0033504_vm	FBgn0033504_vm/chr2R_9900668-9901086__chr2R_9911877-9912145	RIGHT	chr2R:9911877-9912145	chr2R	9911877	9912145	FBgn0033504_vm/chr2R_9900668-9901086__chr2R_9911877-9912145/enhancers/chr2R_9911877-9912145.fa	268
FBgn0033504_vm	FBgn0033504_vm/chr2R_9900668-9901086__chr2R_9936639-9936952	LEFT	chr2R:9900668-9901086	chr2R	9900668	9901086	FBgn0033504_vm/chr2R_9900668-9901086__chr2R_9936639-9936952/enhancers/chr2R_9900668-9901086.fa	418
FBgn0033504_vm	FBgn0033504_vm/chr2R_9900668-9901086__chr2R_9936639-9936952	RIGHT	chr2R:9936639-9936952	chr2R	9936639	9936952	FBgn0033504_vm/chr2R_9900668-9901086__chr2R_9936639-9936952/enhancers/chr2R_9936639-9936952.fa	313
FBgn0033504_vm	FBgn0033504_vm/chr2R_9900668-9901086__chr2R_9938636-9938836	LEFT	chr2R:9900668-9901086	chr2R	9900668	9901086	FBgn0033504_vm/chr2R_9900668-9901086__chr2R_9938636-9938836/enhancers/chr2R_9900668-9901086.fa	418
FBgn0033504_vm	FBgn0033504_vm/chr2R_9900668-9901086__chr2R_9938636-9938836	RIGHT	chr2R:9938636-9938836	chr2R	9938636	9938836	FBgn0033504_vm/chr2R_9900668-9901086__chr2R_9938636-9938836/enhancers/chr2R_9938636-9938836.fa	200
FBgn0033504_vm	FBgn0033504_vm/chr2R_9900668-9901086__chr2R_9940074-9940569	LEFT	chr2R:9900668-9901086	chr2R	9900668	9901086	FBgn0033504_vm/chr2R_9900668-9901086__chr2R_9940074-9940569/enhancers/chr2R_9900668-9901086.fa	418
FBgn0033504_vm	FBgn0033504_vm/chr2R_9900668-9901086__chr2R_9940074-9940569	RIGHT	chr2R:9940074-9940569	chr2R	9940074	9940569	FBgn0033504_vm/chr2R_9900668-9901086__chr2R_9940074-9940569/enhancers/chr2R_9940074-9940569.fa	495
FBgn0033504_vm	FBgn0033504_vm/chr2R_9911877-9912145__chr2R_9936639-9936952	LEFT	chr2R:9911877-9912145	chr2R	9911877	9912145	FBgn0033504_vm/chr2R_9911877-9912145__chr2R_9936639-9936952/enhancers/chr2R_9911877-9912145.fa	268
FBgn0033504_vm	FBgn0033504_vm/chr2R_9911877-9912145__chr2R_9936639-9936952	RIGHT	chr2R:9936639-9936952	chr2R	9936639	9936952	FBgn0033504_vm/chr2R_9911877-9912145__chr2R_9936639-9936952/enhancers/chr2R_9936639-9936952.fa	313
FBgn0033504_vm	FBgn0033504_vm/chr2R_9911877-9912145__chr2R_9938636-9938836	LEFT	chr2R:9911877-9912145	chr2R	9911877	9912145	FBgn0033504_vm/chr2R_9911877-9912145__chr2R_9938636-9938836/enhancers/chr2R_9911877-9912145.fa	268
FBgn0033504_vm	FBgn0033504_vm/chr2R_9911877-9912145__chr2R_9938636-9938836	RIGHT	chr2R:9938636-9938836	chr2R	9938636	9938836	FBgn0033504_vm/chr2R_9911877-9912145__chr2R_9938636-9938836/enhancers/chr2R_9938636-9938836.fa	200
FBgn0033504_vm	FBgn0033504_vm/chr2R_9911877-9912145__chr2R_9940074-9940569	LEFT	chr2R:9911877-9912145	chr2R	9911877	9912145	FBgn0033504_vm/chr2R_9911877-9912145__chr2R_9940074-9940569/enhancers/chr2R_9911877-9912145.fa	268
FBgn0033504_vm	FBgn0033504_vm/chr2R_9911877-9912145__chr2R_9940074-9940569	RIGHT	chr2R:9940074-9940569	chr2R	9940074	9940569	FBgn0033504_vm/chr2R_9911877-9912145__chr2R_9940074-9940569/enhancers/chr2R_9940074-9940569.fa	495
FBgn0033504_vm	FBgn0033504_vm/chr2R_9936639-9936952__chr2R_9938636-9938836	LEFT	chr2R:9936639-9936952	chr2R	9936639	9936952	FBgn0033504_vm/chr2R_9936639-9936952__chr2R_9938636-9938836/enhancers/chr2R_9936639-9936952.fa	313
FBgn0033504_vm	FBgn0033504_vm/chr2R_9936639-9936952__chr2R_9938636-9938836	RIGHT	chr2R:9938636-9938836	chr2R	9938636	9938836	FBgn0033504_vm/chr2R_9936639-9936952__chr2R_9938636-9938836/enhancers/chr2R_9938636-9938836.fa	200
FBgn0033504_vm	FBgn0033504_vm/chr2R_9936639-9936952__chr2R_9940074-9940569	LEFT	chr2R:9936639-9936952	chr2R	9936639	9936952	FBgn0033504_vm/chr2R_9936639-9936952__chr2R_9940074-9940569/enhancers/chr2R_9936639-9936952.fa	313
FBgn0033504_vm	FBgn0033504_vm/chr2R_9936639-9936952__chr2R_9940074-9940569	RIGHT	chr2R:9940074-9940569	chr2R	9940074	9940569	FBgn0033504_vm/chr2R_9936639-9936952__chr2R_9940074-9940569/enhancers/chr2R_9940074-9940569.fa	495
FBgn0033504_vm	FBgn0033504_vm/chr2R_9938636-9938836__chr2R_9940074-9940569	LEFT	chr2R:9938636-9938836	chr2R	9938636	9938836	FBgn0033504_vm/chr2R_9938636-9938836__chr2R_9940074-9940569/enhancers/chr2R_9938636-9938836.fa	200
FBgn0033504_vm	FBgn0033504_vm/chr2R_9938636-9938836__chr2R_9940074-9940569	RIGHT	chr2R:9940074-9940569	chr2R	9940074	9940569	FBgn0033504_vm/chr2R_9938636-9938836__chr2R_9940074-9940569/enhancers/chr2R_9940074-9940569.fa	495
FBgn0033581_vm	FBgn0033581_vm/chr2R_10674070-10674314__chr2R_10724722-10724928	LEFT	chr2R:10674070-10674314	chr2R	10674070	10674314	FBgn0033581_vm/chr2R_10674070-10674314__chr2R_10724722-10724928/enhancers/chr2R_10674070-10674314.fa	244
FBgn0033581_vm	FBgn0033581_vm/chr2R_10674070-10674314__chr2R_10724722-10724928	RIGHT	chr2R:10724722-10724928	chr2R	10724722	10724928	FBgn0033581_vm/chr2R_10674070-10674314__chr2R_10724722-10724928/enhancers/chr2R_10724722-10724928.fa	206
FBgn0033581_vm	FBgn0033581_vm/chr2R_10674070-10674314__chr2R_10731714-10732027	LEFT	chr2R:10674070-10674314	chr2R	10674070	10674314	FBgn0033581_vm/chr2R_10674070-10674314__chr2R_10731714-10732027/enhancers/chr2R_10674070-10674314.fa	244
FBgn0033581_vm	FBgn0033581_vm/chr2R_10674070-10674314__chr2R_10731714-10732027	RIGHT	chr2R:10731714-10732027	chr2R	10731714	10732027	FBgn0033581_vm/chr2R_10674070-10674314__chr2R_10731714-10732027/enhancers/chr2R_10731714-10732027.fa	313
FBgn0033581_vm	FBgn0033581_vm/chr2R_10674070-10674314__chr2R_10732567-10732946	LEFT	chr2R:10674070-10674314	chr2R	10674070	10674314	FBgn0033581_vm/chr2R_10674070-10674314__chr2R_10732567-10732946/enhancers/chr2R_10674070-10674314.fa	244
FBgn0033581_vm	FBgn0033581_vm/chr2R_10674070-10674314__chr2R_10732567-10732946	RIGHT	chr2R:10732567-10732946	chr2R	10732567	10732946	FBgn0033581_vm/chr2R_10674070-10674314__chr2R_10732567-10732946/enhancers/chr2R_10732567-10732946.fa	379
FBgn0033581_vm	FBgn0033581_vm/chr2R_10674070-10674314__chr2R_10734849-10735149	LEFT	chr2R:10674070-10674314	chr2R	10674070	10674314	FBgn0033581_vm/chr2R_10674070-10674314__chr2R_10734849-10735149/enhancers/chr2R_10674070-10674314.fa	244
FBgn0033581_vm	FBgn0033581_vm/chr2R_10674070-10674314__chr2R_10734849-10735149	RIGHT	chr2R:10734849-10735149	chr2R	10734849	10735149	FBgn0033581_vm/chr2R_10674070-10674314__chr2R_10734849-10735149/enhancers/chr2R_10734849-10735149.fa	300
FBgn0033581_vm	FBgn0033581_vm/chr2R_10724722-10724928__chr2R_10731714-10732027	LEFT	chr2R:10724722-10724928	chr2R	10724722	10724928	FBgn0033581_vm/chr2R_10724722-10724928__chr2R_10731714-10732027/enhancers/chr2R_10724722-10724928.fa	206
FBgn0033581_vm	FBgn0033581_vm/chr2R_10724722-10724928__chr2R_10731714-10732027	RIGHT	chr2R:10731714-10732027	chr2R	10731714	10732027	FBgn0033581_vm/chr2R_10724722-10724928__chr2R_10731714-10732027/enhancers/chr2R_10731714-10732027.fa	313
FBgn0033581_vm	FBgn0033581_vm/chr2R_10724722-10724928__chr2R_10732567-10732946	LEFT	chr2R:10724722-10724928	chr2R	10724722	10724928	FBgn0033581_vm/chr2R_10724722-10724928__chr2R_10732567-10732946/enhancers/chr2R_10724722-10724928.fa	206
FBgn0033581_vm	FBgn0033581_vm/chr2R_10724722-10724928__chr2R_10732567-10732946	RIGHT	chr2R:10732567-10732946	chr2R	10732567	10732946	FBgn0033581_vm/chr2R_10724722-10724928__chr2R_10732567-10732946/enhancers/chr2R_10732567-10732946.fa	379
FBgn0033581_vm	FBgn0033581_vm/chr2R_10724722-10724928__chr2R_10734849-10735149	LEFT	chr2R:10724722-10724928	chr2R	10724722	10724928	FBgn0033581_vm/chr2R_10724722-10724928__chr2R_10734849-10735149/enhancers/chr2R_10724722-10724928.fa	206
FBgn0033581_vm	FBgn0033581_vm/chr2R_10724722-10724928__chr2R_10734849-10735149	RIGHT	chr2R:10734849-10735149	chr2R	10734849	10735149	FBgn0033581_vm/chr2R_10724722-10724928__chr2R_10734849-10735149/enhancers/chr2R_10734849-10735149.fa	300
FBgn0033581_vm	FBgn0033581_vm/chr2R_10731714-10732027__chr2R_10732567-10732946	LEFT	chr2R:10731714-10732027	chr2R	10731714	10732027	FBgn0033581_vm/chr2R_10731714-10732027__chr2R_10732567-10732946/enhancers/chr2R_10731714-10732027.fa	313
FBgn0033581_vm	FBgn0033581_vm/chr2R_10731714-10732027__chr2R_10732567-10732946	RIGHT	chr2R:10732567-10732946	chr2R	10732567	10732946	FBgn0033581_vm/chr2R_10731714-10732027__chr2R_10732567-10732946/enhancers/chr2R_10732567-10732946.fa	379
FBgn0033581_vm	FBgn0033581_vm/chr2R_10731714-10732027__chr2R_10734849-10735149	LEFT	chr2R:10731714-10732027	chr2R	10731714	10732027	FBgn0033581_vm/chr2R_10731714-10732027__chr2R_10734849-10735149/enhancers/chr2R_10731714-10732027.fa	313
FBgn0033581_vm	FBgn0033581_vm/chr2R_10731714-10732027__chr2R_10734849-10735149	RIGHT	chr2R:10734849-10735149	chr2R	10734849	10735149	FBgn0033581_vm/chr2R_10731714-10732027__chr2R_10734849-10735149/enhancers/chr2R_10734849-10735149.fa	300
FBgn0033581_vm	FBgn0033581_vm/chr2R_10732567-10732946__chr2R_10734849-10735149	LEFT	chr2R:10732567-10732946	chr2R	10732567	10732946	FBgn0033581_vm/chr2R_10732567-10732946__chr2R_10734849-10735149/enhancers/chr2R_10732567-10732946.fa	379
FBgn0033581_vm	FBgn0033581_vm/chr2R_10732567-10732946__chr2R_10734849-10735149	RIGHT	chr2R:10734849-10735149	chr2R	10734849	10735149	FBgn0033581_vm/chr2R_10732567-10732946__chr2R_10734849-10735149/enhancers/chr2R_10734849-10735149.fa	300
FBgn0033998_vm	FBgn0033998_vm/chr2R_14874175-14874447__chr2R_14877876-14878280	LEFT	chr2R:14874175-14874447	chr2R	14874175	14874447	FBgn0033998_vm/chr2R_14874175-14874447__chr2R_14877876-14878280/enhancers/chr2R_14874175-14874447.fa	272
FBgn0033998_vm	FBgn0033998_vm/chr2R_14874175-14874447__chr2R_14877876-14878280	RIGHT	chr2R:14877876-14878280	chr2R	14877876	14878280	FBgn0033998_vm/chr2R_14874175-14874447__chr2R_14877876-14878280/enhancers/chr2R_14877876-14878280.fa	404
FBgn0034072_vm	FBgn0034072_vm/chr2R_15720559-15720844__chr2R_15722835-15723089	LEFT	chr2R:15720559-15720844	chr2R	15720559	15720844	FBgn0034072_vm/chr2R_15720559-15720844__chr2R_15722835-15723089/enhancers/chr2R_15720559-15720844.fa	285
FBgn0034072_vm	FBgn0034072_vm/chr2R_15720559-15720844__chr2R_15722835-15723089	RIGHT	chr2R:15722835-15723089	chr2R	15722835	15723089	FBgn0034072_vm/chr2R_15720559-15720844__chr2R_15722835-15723089/enhancers/chr2R_15722835-15723089.fa	254
FBgn0034135_vm	FBgn0034135_vm/chr2R_16159018-16159309__chr2R_16192711-16192911	LEFT	chr2R:16159018-16159309	chr2R	16159018	16159309	FBgn0034135_vm/chr2R_16159018-16159309__chr2R_16192711-16192911/enhancers/chr2R_16159018-16159309.fa	291
FBgn0034135_vm	FBgn0034135_vm/chr2R_16159018-16159309__chr2R_16192711-16192911	RIGHT	chr2R:16192711-16192911	chr2R	16192711	16192911	FBgn0034135_vm/chr2R_16159018-16159309__chr2R_16192711-16192911/enhancers/chr2R_16192711-16192911.fa	200
FBgn0034438_vm	FBgn0034438_vm/chr2R_18959548-18959748__chr2R_19007537-19007740	LEFT	chr2R:18959548-18959748	chr2R	18959548	18959748	FBgn0034438_vm/chr2R_18959548-18959748__chr2R_19007537-19007740/enhancers/chr2R_18959548-18959748.fa	200
FBgn0034438_vm	FBgn0034438_vm/chr2R_18959548-18959748__chr2R_19007537-19007740	RIGHT	chr2R:19007537-19007740	chr2R	19007537	19007740	FBgn0034438_vm/chr2R_18959548-18959748__chr2R_19007537-19007740/enhancers/chr2R_19007537-19007740.fa	203
FBgn0034739_vm	FBgn0034739_vm/chr2R_22166944-22167150__chr2R_22168230-22168438	LEFT	chr2R:22166944-22167150	chr2R	22166944	22167150	FBgn0034739_vm/chr2R_22166944-22167150__chr2R_22168230-22168438/enhancers/chr2R_22166944-22167150.fa	206
FBgn0034739_vm	FBgn0034739_vm/chr2R_22166944-22167150__chr2R_22168230-22168438	RIGHT	chr2R:22168230-22168438	chr2R	22168230	22168438	FBgn0034739_vm/chr2R_22166944-22167150__chr2R_22168230-22168438/enhancers/chr2R_22168230-22168438.fa	208
FBgn0035162_vm	FBgn0035162_vm/chr3L_754449-754819__chr3L_755481-755805	LEFT	chr3L:754449-754819	chr3L	754449	754819	FBgn0035162_vm/chr3L_754449-754819__chr3L_755481-755805/enhancers/chr3L_754449-754819.fa	370
FBgn0035162_vm	FBgn0035162_vm/chr3L_754449-754819__chr3L_755481-755805	RIGHT	chr3L:755481-755805	chr3L	755481	755805	FBgn0035162_vm/chr3L_754449-754819__chr3L_755481-755805/enhancers/chr3L_755481-755805.fa	324
FBgn0035162_vm	FBgn0035162_vm/chr3L_754449-754819__chr3L_774464-774809	LEFT	chr3L:754449-754819	chr3L	754449	754819	FBgn0035162_vm/chr3L_754449-754819__chr3L_774464-774809/enhancers/chr3L_754449-754819.fa	370
FBgn0035162_vm	FBgn0035162_vm/chr3L_754449-754819__chr3L_774464-774809	RIGHT	chr3L:774464-774809	chr3L	774464	774809	FBgn0035162_vm/chr3L_754449-754819__chr3L_774464-774809/enhancers/chr3L_774464-774809.fa	345
FBgn0035162_vm	FBgn0035162_vm/chr3L_755481-755805__chr3L_774464-774809	LEFT	chr3L:755481-755805	chr3L	755481	755805	FBgn0035162_vm/chr3L_755481-755805__chr3L_774464-774809/enhancers/chr3L_755481-755805.fa	324
FBgn0035162_vm	FBgn0035162_vm/chr3L_755481-755805__chr3L_774464-774809	RIGHT	chr3L:774464-774809	chr3L	774464	774809	FBgn0035162_vm/chr3L_755481-755805__chr3L_774464-774809/enhancers/chr3L_774464-774809.fa	345
FBgn0035539_vm	FBgn0035539_vm/chr3L_4334437-4334651__chr3L_4392038-4392238	LEFT	chr3L:4334437-4334651	chr3L	4334437	4334651	FBgn0035539_vm/chr3L_4334437-4334651__chr3L_4392038-4392238/enhancers/chr3L_4334437-4334651.fa	214
FBgn0035539_vm	FBgn0035539_vm/chr3L_4334437-4334651__chr3L_4392038-4392238	RIGHT	chr3L:4392038-4392238	chr3L	4392038	4392238	FBgn0035539_vm/chr3L_4334437-4334651__chr3L_4392038-4392238/enhancers/chr3L_4392038-4392238.fa	200
FBgn0035539_vm	FBgn0035539_vm/chr3L_4334437-4334651__chr3L_4394326-4394609	LEFT	chr3L:4334437-4334651	chr3L	4334437	4334651	FBgn0035539_vm/chr3L_4334437-4334651__chr3L_4394326-4394609/enhancers/chr3L_4334437-4334651.fa	214
FBgn0035539_vm	FBgn0035539_vm/chr3L_4334437-4334651__chr3L_4394326-4394609	RIGHT	chr3L:4394326-4394609	chr3L	4394326	4394609	FBgn0035539_vm/chr3L_4334437-4334651__chr3L_4394326-4394609/enhancers/chr3L_4394326-4394609.fa	283
FBgn0035539_vm	FBgn0035539_vm/chr3L_4392038-4392238__chr3L_4394326-4394609	LEFT	chr3L:4392038-4392238	chr3L	4392038	4392238	FBgn0035539_vm/chr3L_4392038-4392238__chr3L_4394326-4394609/enhancers/chr3L_4392038-4392238.fa	200
FBgn0035539_vm	FBgn0035539_vm/chr3L_4392038-4392238__chr3L_4394326-4394609	RIGHT	chr3L:4394326-4394609	chr3L	4394326	4394609	FBgn0035539_vm/chr3L_4392038-4392238__chr3L_4394326-4394609/enhancers/chr3L_4394326-4394609.fa	283
FBgn0036133_vm	FBgn0036133_vm/chr3L_11099385-11099783__chr3L_11100667-11101152	LEFT	chr3L:11099385-11099783	chr3L	11099385	11099783	FBgn0036133_vm/chr3L_11099385-11099783__chr3L_11100667-11101152/enhancers/chr3L_11099385-11099783.fa	398
FBgn0036133_vm	FBgn0036133_vm/chr3L_11099385-11099783__chr3L_11100667-11101152	RIGHT	chr3L:11100667-11101152	chr3L	11100667	11101152	FBgn0036133_vm/chr3L_11099385-11099783__chr3L_11100667-11101152/enhancers/chr3L_11100667-11101152.fa	485
FBgn0036133_vm	FBgn0036133_vm/chr3L_11099385-11099783__chr3L_11105575-11105775	LEFT	chr3L:11099385-11099783	chr3L	11099385	11099783	FBgn0036133_vm/chr3L_11099385-11099783__chr3L_11105575-11105775/enhancers/chr3L_11099385-11099783.fa	398
FBgn0036133_vm	FBgn0036133_vm/chr3L_11099385-11099783__chr3L_11105575-11105775	RIGHT	chr3L:11105575-11105775	chr3L	11105575	11105775	FBgn0036133_vm/chr3L_11099385-11099783__chr3L_11105575-11105775/enhancers/chr3L_11105575-11105775.fa	200
FBgn0036133_vm	FBgn0036133_vm/chr3L_11100667-11101152__chr3L_11105575-11105775	LEFT	chr3L:11100667-11101152	chr3L	11100667	11101152	FBgn0036133_vm/chr3L_11100667-11101152__chr3L_11105575-11105775/enhancers/chr3L_11100667-11101152.fa	485
FBgn0036133_vm	FBgn0036133_vm/chr3L_11100667-11101152__chr3L_11105575-11105775	RIGHT	chr3L:11105575-11105775	chr3L	11105575	11105775	FBgn0036133_vm/chr3L_11100667-11101152__chr3L_11105575-11105775/enhancers/chr3L_11105575-11105775.fa	200
FBgn0036290_vm	FBgn0036290_vm/chr3L_12448941-12449218__chr3L_12465365-12466115	LEFT	chr3L:12448941-12449218	chr3L	12448941	12449218	FBgn0036290_vm/chr3L_12448941-12449218__chr3L_12465365-12466115/enhancers/chr3L_12448941-12449218.fa	277
FBgn0036290_vm	FBgn0036290_vm/chr3L_12448941-12449218__chr3L_12465365-12466115	RIGHT	chr3L:12465365-12466115	chr3L	12465365	12466115	FBgn0036290_vm/chr3L_12448941-12449218__chr3L_12465365-12466115/enhancers/chr3L_12465365-12466115.fa	750
FBgn0036290_vm	FBgn0036290_vm/chr3L_12448941-12449218__chr3L_12487652-12487993	LEFT	chr3L:12448941-12449218	chr3L	12448941	12449218	FBgn0036290_vm/chr3L_12448941-12449218__chr3L_12487652-12487993/enhancers/chr3L_12448941-12449218.fa	277
FBgn0036290_vm	FBgn0036290_vm/chr3L_12448941-12449218__chr3L_12487652-12487993	RIGHT	chr3L:12487652-12487993	chr3L	12487652	12487993	FBgn0036290_vm/chr3L_12448941-12449218__chr3L_12487652-12487993/enhancers/chr3L_12487652-12487993.fa	341
FBgn0036290_vm	FBgn0036290_vm/chr3L_12465365-12466115__chr3L_12487652-12487993	LEFT	chr3L:12465365-12466115	chr3L	12465365	12466115	FBgn0036290_vm/chr3L_12465365-12466115__chr3L_12487652-12487993/enhancers/chr3L_12465365-12466115.fa	750
FBgn0036290_vm	FBgn0036290_vm/chr3L_12465365-12466115__chr3L_12487652-12487993	RIGHT	chr3L:12487652-12487993	chr3L	12487652	12487993	FBgn0036290_vm/chr3L_12465365-12466115__chr3L_12487652-12487993/enhancers/chr3L_12487652-12487993.fa	341
FBgn0036449_vm	FBgn0036449_vm/chr3L_14727354-14728074__chr3L_14728691-14729056	LEFT	chr3L:14727354-14728074	chr3L	14727354	14728074	FBgn0036449_vm/chr3L_14727354-14728074__chr3L_14728691-14729056/enhancers/chr3L_14727354-14728074.fa	720
FBgn0036449_vm	FBgn0036449_vm/chr3L_14727354-14728074__chr3L_14728691-14729056	RIGHT	chr3L:14728691-14729056	chr3L	14728691	14729056	FBgn0036449_vm/chr3L_14727354-14728074__chr3L_14728691-14729056/enhancers/chr3L_14728691-14729056.fa	365
FBgn0037001_vm	FBgn0037001_vm/chr3L_20415688-20415906__chr3L_20448593-20448874	LEFT	chr3L:20415688-20415906	chr3L	20415688	20415906	FBgn0037001_vm/chr3L_20415688-20415906__chr3L_20448593-20448874/enhancers/chr3L_20415688-20415906.fa	218
FBgn0037001_vm	FBgn0037001_vm/chr3L_20415688-20415906__chr3L_20448593-20448874	RIGHT	chr3L:20448593-20448874	chr3L	20448593	20448874	FBgn0037001_vm/chr3L_20415688-20415906__chr3L_20448593-20448874/enhancers/chr3L_20448593-20448874.fa	281
FBgn0037007_vm	FBgn0037007_vm/chr3L_20457312-20457678__chr3L_20459170-20459888	LEFT	chr3L:20457312-20457678	chr3L	20457312	20457678	FBgn0037007_vm/chr3L_20457312-20457678__chr3L_20459170-20459888/enhancers/chr3L_20457312-20457678.fa	366
FBgn0037007_vm	FBgn0037007_vm/chr3L_20457312-20457678__chr3L_20459170-20459888	RIGHT	chr3L:20459170-20459888	chr3L	20459170	20459888	FBgn0037007_vm/chr3L_20457312-20457678__chr3L_20459170-20459888/enhancers/chr3L_20459170-20459888.fa	718
FBgn0037207_vm	FBgn0037207_vm/chr3L_22851931-22852313__chr3L_22946089-22946293	LEFT	chr3L:22851931-22852313	chr3L	22851931	22852313	FBgn0037207_vm/chr3L_22851931-22852313__chr3L_22946089-22946293/enhancers/chr3L_22851931-22852313.fa	382
FBgn0037207_vm	FBgn0037207_vm/chr3L_22851931-22852313__chr3L_22946089-22946293	RIGHT	chr3L:22946089-22946293	chr3L	22946089	22946293	FBgn0037207_vm/chr3L_22851931-22852313__chr3L_22946089-22946293/enhancers/chr3L_22946089-22946293.fa	204
FBgn0037358_vm	FBgn0037358_vm/chr3R_5670022-5670340__chr3R_5670936-5671400	LEFT	chr3R:5670022-5670340	chr3R	5670022	5670340	FBgn0037358_vm/chr3R_5670022-5670340__chr3R_5670936-5671400/enhancers/chr3R_5670022-5670340.fa	318
FBgn0037358_vm	FBgn0037358_vm/chr3R_5670022-5670340__chr3R_5670936-5671400	RIGHT	chr3R:5670936-5671400	chr3R	5670936	5671400	FBgn0037358_vm/chr3R_5670022-5670340__chr3R_5670936-5671400/enhancers/chr3R_5670936-5671400.fa	464
FBgn0037358_vm	FBgn0037358_vm/chr3R_5670022-5670340__chr3R_5672628-5673052	LEFT	chr3R:5670022-5670340	chr3R	5670022	5670340	FBgn0037358_vm/chr3R_5670022-5670340__chr3R_5672628-5673052/enhancers/chr3R_5670022-5670340.fa	318
FBgn0037358_vm	FBgn0037358_vm/chr3R_5670022-5670340__chr3R_5672628-5673052	RIGHT	chr3R:5672628-5673052	chr3R	5672628	5673052	FBgn0037358_vm/chr3R_5670022-5670340__chr3R_5672628-5673052/enhancers/chr3R_5672628-5673052.fa	424
FBgn0037358_vm	FBgn0037358_vm/chr3R_5670936-5671400__chr3R_5672628-5673052	LEFT	chr3R:5670936-5671400	chr3R	5670936	5671400	FBgn0037358_vm/chr3R_5670936-5671400__chr3R_5672628-5673052/enhancers/chr3R_5670936-5671400.fa	464
FBgn0037358_vm	FBgn0037358_vm/chr3R_5670936-5671400__chr3R_5672628-5673052	RIGHT	chr3R:5672628-5673052	chr3R	5672628	5673052	FBgn0037358_vm/chr3R_5670936-5671400__chr3R_5672628-5673052/enhancers/chr3R_5672628-5673052.fa	424
FBgn0037608_vm	FBgn0037608_vm/chr3R_8664009-8664210__chr3R_8664993-8665193	LEFT	chr3R:8664009-8664210	chr3R	8664009	8664210	FBgn0037608_vm/chr3R_8664009-8664210__chr3R_8664993-8665193/enhancers/chr3R_8664009-8664210.fa	201
FBgn0037608_vm	FBgn0037608_vm/chr3R_8664009-8664210__chr3R_8664993-8665193	RIGHT	chr3R:8664993-8665193	chr3R	8664993	8665193	FBgn0037608_vm/chr3R_8664009-8664210__chr3R_8664993-8665193/enhancers/chr3R_8664993-8665193.fa	200
FBgn0037608_vm	FBgn0037608_vm/chr3R_8664009-8664210__chr3R_8668848-8669048	LEFT	chr3R:8664009-8664210	chr3R	8664009	8664210	FBgn0037608_vm/chr3R_8664009-8664210__chr3R_8668848-8669048/enhancers/chr3R_8664009-8664210.fa	201
FBgn0037608_vm	FBgn0037608_vm/chr3R_8664009-8664210__chr3R_8668848-8669048	RIGHT	chr3R:8668848-8669048	chr3R	8668848	8669048	FBgn0037608_vm/chr3R_8664009-8664210__chr3R_8668848-8669048/enhancers/chr3R_8668848-8669048.fa	200
FBgn0037608_vm	FBgn0037608_vm/chr3R_8664009-8664210__chr3R_8684628-8685183	LEFT	chr3R:8664009-8664210	chr3R	8664009	8664210	FBgn0037608_vm/chr3R_8664009-8664210__chr3R_8684628-8685183/enhancers/chr3R_8664009-8664210.fa	201
FBgn0037608_vm	FBgn0037608_vm/chr3R_8664009-8664210__chr3R_8684628-8685183	RIGHT	chr3R:8684628-8685183	chr3R	8684628	8685183	FBgn0037608_vm/chr3R_8664009-8664210__chr3R_8684628-8685183/enhancers/chr3R_8684628-8685183.fa	555
FBgn0037608_vm	FBgn0037608_vm/chr3R_8664993-8665193__chr3R_8668848-8669048	LEFT	chr3R:8664993-8665193	chr3R	8664993	8665193	FBgn0037608_vm/chr3R_8664993-8665193__chr3R_8668848-8669048/enhancers/chr3R_8664993-8665193.fa	200
FBgn0037608_vm	FBgn0037608_vm/chr3R_8664993-8665193__chr3R_8668848-8669048	RIGHT	chr3R:8668848-8669048	chr3R	8668848	8669048	FBgn0037608_vm/chr3R_8664993-8665193__chr3R_8668848-8669048/enhancers/chr3R_8668848-8669048.fa	200
FBgn0037608_vm	FBgn0037608_vm/chr3R_8664993-8665193__chr3R_8684628-8685183	LEFT	chr3R:8664993-8665193	chr3R	8664993	8665193	FBgn0037608_vm/chr3R_8664993-8665193__chr3R_8684628-8685183/enhancers/chr3R_8664993-8665193.fa	200
FBgn0037608_vm	FBgn0037608_vm/chr3R_8664993-8665193__chr3R_8684628-8685183	RIGHT	chr3R:8684628-8685183	chr3R	8684628	8685183	FBgn0037608_vm/chr3R_8664993-8665193__chr3R_8684628-8685183/enhancers/chr3R_8684628-8685183.fa	555
FBgn0037608_vm	FBgn0037608_vm/chr3R_8668848-8669048__chr3R_8684628-8685183	LEFT	chr3R:8668848-8669048	chr3R	8668848	8669048	FBgn0037608_vm/chr3R_8668848-8669048__chr3R_8684628-8685183/enhancers/chr3R_8668848-8669048.fa	200
FBgn0037608_vm	FBgn0037608_vm/chr3R_8668848-8669048__chr3R_8684628-8685183	RIGHT	chr3R:8684628-8685183	chr3R	8684628	8685183	FBgn0037608_vm/chr3R_8668848-8669048__chr3R_8684628-8685183/enhancers/chr3R_8684628-8685183.fa	555
FBgn0037635_vm	FBgn0037635_vm/chr3R_8801188-8801499__chr3R_8812222-8812640	LEFT	chr3R:8801188-8801499	chr3R	8801188	8801499	FBgn0037635_vm/chr3R_8801188-8801499__chr3R_8812222-8812640/enhancers/chr3R_8801188-8801499.fa	311
FBgn0037635_vm	FBgn0037635_vm/chr3R_8801188-8801499__chr3R_8812222-8812640	RIGHT	chr3R:8812222-8812640	chr3R	8812222	8812640	FBgn0037635_vm/chr3R_8801188-8801499__chr3R_8812222-8812640/enhancers/chr3R_8812222-8812640.fa	418
FBgn0037635_vm	FBgn0037635_vm/chr3R_8801188-8801499__chr3R_8846388-8846652	LEFT	chr3R:8801188-8801499	chr3R	8801188	8801499	FBgn0037635_vm/chr3R_8801188-8801499__chr3R_8846388-8846652/enhancers/chr3R_8801188-8801499.fa	311
FBgn0037635_vm	FBgn0037635_vm/chr3R_8801188-8801499__chr3R_8846388-8846652	RIGHT	chr3R:8846388-8846652	chr3R	8846388	8846652	FBgn0037635_vm/chr3R_8801188-8801499__chr3R_8846388-8846652/enhancers/chr3R_8846388-8846652.fa	264
FBgn0037635_vm	FBgn0037635_vm/chr3R_8801188-8801499__chr3R_8864161-8864361	LEFT	chr3R:8801188-8801499	chr3R	8801188	8801499	FBgn0037635_vm/chr3R_8801188-8801499__chr3R_8864161-8864361/enhancers/chr3R_8801188-8801499.fa	311
FBgn0037635_vm	FBgn0037635_vm/chr3R_8801188-8801499__chr3R_8864161-8864361	RIGHT	chr3R:8864161-8864361	chr3R	8864161	8864361	FBgn0037635_vm/chr3R_8801188-8801499__chr3R_8864161-8864361/enhancers/chr3R_8864161-8864361.fa	200
FBgn0037635_vm	FBgn0037635_vm/chr3R_8812222-8812640__chr3R_8846388-8846652	LEFT	chr3R:8812222-8812640	chr3R	8812222	8812640	FBgn0037635_vm/chr3R_8812222-8812640__chr3R_8846388-8846652/enhancers/chr3R_8812222-8812640.fa	418
FBgn0037635_vm	FBgn0037635_vm/chr3R_8812222-8812640__chr3R_8846388-8846652	RIGHT	chr3R:8846388-8846652	chr3R	8846388	8846652	FBgn0037635_vm/chr3R_8812222-8812640__chr3R_8846388-8846652/enhancers/chr3R_8846388-8846652.fa	264
FBgn0037635_vm	FBgn0037635_vm/chr3R_8812222-8812640__chr3R_8864161-8864361	LEFT	chr3R:8812222-8812640	chr3R	8812222	8812640	FBgn0037635_vm/chr3R_8812222-8812640__chr3R_8864161-8864361/enhancers/chr3R_8812222-8812640.fa	418
FBgn0037635_vm	FBgn0037635_vm/chr3R_8812222-8812640__chr3R_8864161-8864361	RIGHT	chr3R:8864161-8864361	chr3R	8864161	8864361	FBgn0037635_vm/chr3R_8812222-8812640__chr3R_8864161-8864361/enhancers/chr3R_8864161-8864361.fa	200
FBgn0037635_vm	FBgn0037635_vm/chr3R_8846388-8846652__chr3R_8864161-8864361	LEFT	chr3R:8846388-8846652	chr3R	8846388	8846652	FBgn0037635_vm/chr3R_8846388-8846652__chr3R_8864161-8864361/enhancers/chr3R_8846388-8846652.fa	264
FBgn0037635_vm	FBgn0037635_vm/chr3R_8846388-8846652__chr3R_8864161-8864361	RIGHT	chr3R:8864161-8864361	chr3R	8864161	8864361	FBgn0037635_vm/chr3R_8846388-8846652__chr3R_8864161-8864361/enhancers/chr3R_8864161-8864361.fa	200
FBgn0038292_vm	FBgn0038292_vm/chr3R_15089634-15089885__chr3R_15091554-15092117	LEFT	chr3R:15089634-15089885	chr3R	15089634	15089885	FBgn0038292_vm/chr3R_15089634-15089885__chr3R_15091554-15092117/enhancers/chr3R_15089634-15089885.fa	251
FBgn0038292_vm	FBgn0038292_vm/chr3R_15089634-15089885__chr3R_15091554-15092117	RIGHT	chr3R:15091554-15092117	chr3R	15091554	15092117	FBgn0038292_vm/chr3R_15089634-15089885__chr3R_15091554-15092117/enhancers/chr3R_15091554-15092117.fa	563
FBgn0038292_vm	FBgn0038292_vm/chr3R_15089634-15089885__chr3R_15121624-15122081	LEFT	chr3R:15089634-15089885	chr3R	15089634	15089885	FBgn0038292_vm/chr3R_15089634-15089885__chr3R_15121624-15122081/enhancers/chr3R_15089634-15089885.fa	251
FBgn0038292_vm	FBgn0038292_vm/chr3R_15089634-15089885__chr3R_15121624-15122081	RIGHT	chr3R:15121624-15122081	chr3R	15121624	15122081	FBgn0038292_vm/chr3R_15089634-15089885__chr3R_15121624-15122081/enhancers/chr3R_15121624-15122081.fa	457
FBgn0038292_vm	FBgn0038292_vm/chr3R_15091554-15092117__chr3R_15121624-15122081	LEFT	chr3R:15091554-15092117	chr3R	15091554	15092117	FBgn0038292_vm/chr3R_15091554-15092117__chr3R_15121624-15122081/enhancers/chr3R_15091554-15092117.fa	563
FBgn0038292_vm	FBgn0038292_vm/chr3R_15091554-15092117__chr3R_15121624-15122081	RIGHT	chr3R:15121624-15122081	chr3R	15121624	15122081	FBgn0038292_vm/chr3R_15091554-15092117__chr3R_15121624-15122081/enhancers/chr3R_15121624-15122081.fa	457
FBgn0038473_vm	FBgn0038473_vm/chr3R_17067702-17068049__chr3R_17082131-17082723	LEFT	chr3R:17067702-17068049	chr3R	17067702	17068049	FBgn0038473_vm/chr3R_17067702-17068049__chr3R_17082131-17082723/enhancers/chr3R_17067702-17068049.fa	347
FBgn0038473_vm	FBgn0038473_vm/chr3R_17067702-17068049__chr3R_17082131-17082723	RIGHT	chr3R:17082131-17082723	chr3R	17082131	17082723	FBgn0038473_vm/chr3R_17067702-17068049__chr3R_17082131-17082723/enhancers/chr3R_17082131-17082723.fa	592
FBgn0038473_vm	FBgn0038473_vm/chr3R_17067702-17068049__chr3R_17095604-17095904	LEFT	chr3R:17067702-17068049	chr3R	17067702	17068049	FBgn0038473_vm/chr3R_17067702-17068049__chr3R_17095604-17095904/enhancers/chr3R_17067702-17068049.fa	347
FBgn0038473_vm	FBgn0038473_vm/chr3R_17067702-17068049__chr3R_17095604-17095904	RIGHT	chr3R:17095604-17095904	chr3R	17095604	17095904	FBgn0038473_vm/chr3R_17067702-17068049__chr3R_17095604-17095904/enhancers/chr3R_17095604-17095904.fa	300
FBgn0038473_vm	FBgn0038473_vm/chr3R_17082131-17082723__chr3R_17095604-17095904	LEFT	chr3R:17082131-17082723	chr3R	17082131	17082723	FBgn0038473_vm/chr3R_17082131-17082723__chr3R_17095604-17095904/enhancers/chr3R_17082131-17082723.fa	592
FBgn0038473_vm	FBgn0038473_vm/chr3R_17082131-17082723__chr3R_17095604-17095904	RIGHT	chr3R:17095604-17095904	chr3R	17095604	17095904	FBgn0038473_vm/chr3R_17082131-17082723__chr3R_17095604-17095904/enhancers/chr3R_17095604-17095904.fa	300
FBgn0038536_vm	FBgn0038536_vm/chr3R_17705753-17706062__chr3R_17712387-17713045	LEFT	chr3R:17705753-17706062	chr3R	17705753	17706062	FBgn0038536_vm/chr3R_17705753-17706062__chr3R_17712387-17713045/enhancers/chr3R_17705753-17706062.fa	309
FBgn0038536_vm	FBgn0038536_vm/chr3R_17705753-17706062__chr3R_17712387-17713045	RIGHT	chr3R:17712387-17713045	chr3R	17712387	17713045	FBgn0038536_vm/chr3R_17705753-17706062__chr3R_17712387-17713045/enhancers/chr3R_17712387-17713045.fa	658
FBgn0038546_vm	FBgn0038546_vm/chr3R_17781166-17781592__chr3R_17785711-17786086	LEFT	chr3R:17781166-17781592	chr3R	17781166	17781592	FBgn0038546_vm/chr3R_17781166-17781592__chr3R_17785711-17786086/enhancers/chr3R_17781166-17781592.fa	426
FBgn0038546_vm	FBgn0038546_vm/chr3R_17781166-17781592__chr3R_17785711-17786086	RIGHT	chr3R:17785711-17786086	chr3R	17785711	17786086	FBgn0038546_vm/chr3R_17781166-17781592__chr3R_17785711-17786086/enhancers/chr3R_17785711-17786086.fa	375
FBgn0039039_vm	FBgn0039039_vm/chr3R_23026747-23027256__chr3R_23029409-23029889	LEFT	chr3R:23026747-23027256	chr3R	23026747	23027256	FBgn0039039_vm/chr3R_23026747-23027256__chr3R_23029409-23029889/enhancers/chr3R_23026747-23027256.fa	509
FBgn0039039_vm	FBgn0039039_vm/chr3R_23026747-23027256__chr3R_23029409-23029889	RIGHT	chr3R:23029409-23029889	chr3R	23029409	23029889	FBgn0039039_vm/chr3R_23026747-23027256__chr3R_23029409-23029889/enhancers/chr3R_23029409-23029889.fa	480
FBgn0039667_vm	FBgn0039667_vm/chr3R_29458865-29459227__chr3R_29480007-29480263	LEFT	chr3R:29458865-29459227	chr3R	29458865	29459227	FBgn0039667_vm/chr3R_29458865-29459227__chr3R_29480007-29480263/enhancers/chr3R_29458865-29459227.fa	362
FBgn0039667_vm	FBgn0039667_vm/chr3R_29458865-29459227__chr3R_29480007-29480263	RIGHT	chr3R:29480007-29480263	chr3R	29480007	29480263	FBgn0039667_vm/chr3R_29458865-29459227__chr3R_29480007-29480263/enhancers/chr3R_29480007-29480263.fa	256
FBgn0040305_vm	FBgn0040305_vm/chr3L_9413206-9413480__chr3L_9413658-9413858	LEFT	chr3L:9413206-9413480	chr3L	9413206	9413480	FBgn0040305_vm/chr3L_9413206-9413480__chr3L_9413658-9413858/enhancers/chr3L_9413206-9413480.fa	274
FBgn0040305_vm	FBgn0040305_vm/chr3L_9413206-9413480__chr3L_9413658-9413858	RIGHT	chr3L:9413658-9413858	chr3L	9413658	9413858	FBgn0040305_vm/chr3L_9413206-9413480__chr3L_9413658-9413858/enhancers/chr3L_9413658-9413858.fa	200
FBgn0042650_vm	FBgn0042650_vm/chrX_16040766-16041067__chrX_16080250-16080450	LEFT	chrX:16040766-16041067	chrX	16040766	16041067	FBgn0042650_vm/chrX_16040766-16041067__chrX_16080250-16080450/enhancers/chrX_16040766-16041067.fa	301
FBgn0042650_vm	FBgn0042650_vm/chrX_16040766-16041067__chrX_16080250-16080450	RIGHT	chrX:16080250-16080450	chrX	16080250	16080450	FBgn0042650_vm/chrX_16040766-16041067__chrX_16080250-16080450/enhancers/chrX_16080250-16080450.fa	200
FBgn0042650_vm	FBgn0042650_vm/chrX_16040766-16041067__chrX_16108626-16109199	LEFT	chrX:16040766-16041067	chrX	16040766	16041067	FBgn0042650_vm/chrX_16040766-16041067__chrX_16108626-16109199/enhancers/chrX_16040766-16041067.fa	301
FBgn0042650_vm	FBgn0042650_vm/chrX_16040766-16041067__chrX_16108626-16109199	RIGHT	chrX:16108626-16109199	chrX	16108626	16109199	FBgn0042650_vm/chrX_16040766-16041067__chrX_16108626-16109199/enhancers/chrX_16108626-16109199.fa	573
FBgn0042650_vm	FBgn0042650_vm/chrX_16080250-16080450__chrX_16108626-16109199	LEFT	chrX:16080250-16080450	chrX	16080250	16080450	FBgn0042650_vm/chrX_16080250-16080450__chrX_16108626-16109199/enhancers/chrX_16080250-16080450.fa	200
FBgn0042650_vm	FBgn0042650_vm/chrX_16080250-16080450__chrX_16108626-16109199	RIGHT	chrX:16108626-16109199	chrX	16108626	16109199	FBgn0042650_vm/chrX_16080250-16080450__chrX_16108626-16109199/enhancers/chrX_16108626-16109199.fa	573
FBgn0045759_vm	FBgn0045759_vm/chr3L_6959693-6959979__chr3L_6961086-6961344	LEFT	chr3L:6959693-6959979	chr3L	6959693	6959979	FBgn0045759_vm/chr3L_6959693-6959979__chr3L_6961086-6961344/enhancers/chr3L_6959693-6959979.fa	286
FBgn0045759_vm	FBgn0045759_vm/chr3L_6959693-6959979__chr3L_6961086-6961344	RIGHT	chr3L:6961086-6961344	chr3L	6961086	6961344	FBgn0045759_vm/chr3L_6959693-6959979__chr3L_6961086-6961344/enhancers/chr3L_6961086-6961344.fa	258
FBgn0045759_vm	FBgn0045759_vm/chr3L_6959693-6959979__chr3L_6968332-6968548	LEFT	chr3L:6959693-6959979	chr3L	6959693	6959979	FBgn0045759_vm/chr3L_6959693-6959979__chr3L_6968332-6968548/enhancers/chr3L_6959693-6959979.fa	286
FBgn0045759_vm	FBgn0045759_vm/chr3L_6959693-6959979__chr3L_6968332-6968548	RIGHT	chr3L:6968332-6968548	chr3L	6968332	6968548	FBgn0045759_vm/chr3L_6959693-6959979__chr3L_6968332-6968548/enhancers/chr3L_6968332-6968548.fa	216
FBgn0045759_vm	FBgn0045759_vm/chr3L_6961086-6961344__chr3L_6968332-6968548	LEFT	chr3L:6961086-6961344	chr3L	6961086	6961344	FBgn0045759_vm/chr3L_6961086-6961344__chr3L_6968332-6968548/enhancers/chr3L_6961086-6961344.fa	258
FBgn0045759_vm	FBgn0045759_vm/chr3L_6961086-6961344__chr3L_6968332-6968548	RIGHT	chr3L:6968332-6968548	chr3L	6968332	6968548	FBgn0045759_vm/chr3L_6961086-6961344__chr3L_6968332-6968548/enhancers/chr3L_6968332-6968548.fa	216
FBgn0051368_vm	FBgn0051368_vm/chr3R_11851860-11852150__chr3R_11852470-11852670	LEFT	chr3R:11851860-11852150	chr3R	11851860	11852150	FBgn0051368_vm/chr3R_11851860-11852150__chr3R_11852470-11852670/enhancers/chr3R_11851860-11852150.fa	290
FBgn0051368_vm	FBgn0051368_vm/chr3R_11851860-11852150__chr3R_11852470-11852670	RIGHT	chr3R:11852470-11852670	chr3R	11852470	11852670	FBgn0051368_vm/chr3R_11851860-11852150__chr3R_11852470-11852670/enhancers/chr3R_11852470-11852670.fa	200
FBgn0051536_vm	FBgn0051536_vm/chr3R_4974418-4974807__chr3R_4992040-4992492	LEFT	chr3R:4974418-4974807	chr3R	4974418	4974807	FBgn0051536_vm/chr3R_4974418-4974807__chr3R_4992040-4992492/enhancers/chr3R_4974418-4974807.fa	389
FBgn0051536_vm	FBgn0051536_vm/chr3R_4974418-4974807__chr3R_4992040-4992492	RIGHT	chr3R:4992040-4992492	chr3R	4992040	4992492	FBgn0051536_vm/chr3R_4974418-4974807__chr3R_4992040-4992492/enhancers/chr3R_4992040-4992492.fa	452
FBgn0053144_vm	FBgn0053144_vm/chr2R_10362752-10363059__chr2R_10400185-10400401	LEFT	chr2R:10362752-10363059	chr2R	10362752	10363059	FBgn0053144_vm/chr2R_10362752-10363059__chr2R_10400185-10400401/enhancers/chr2R_10362752-10363059.fa	307
FBgn0053144_vm	FBgn0053144_vm/chr2R_10362752-10363059__chr2R_10400185-10400401	RIGHT	chr2R:10400185-10400401	chr2R	10400185	10400401	FBgn0053144_vm/chr2R_10362752-10363059__chr2R_10400185-10400401/enhancers/chr2R_10400185-10400401.fa	216
FBgn0053207_vm	FBgn0053207_vm/chr3R_15644040-15644368__chr3R_15664641-15665034	LEFT	chr3R:15644040-15644368	chr3R	15644040	15644368	FBgn0053207_vm/chr3R_15644040-15644368__chr3R_15664641-15665034/enhancers/chr3R_15644040-15644368.fa	328
FBgn0053207_vm	FBgn0053207_vm/chr3R_15644040-15644368__chr3R_15664641-15665034	RIGHT	chr3R:15664641-15665034	chr3R	15664641	15665034	FBgn0053207_vm/chr3R_15644040-15644368__chr3R_15664641-15665034/enhancers/chr3R_15664641-15665034.fa	393
FBgn0083981_vm	FBgn0083981_vm/chrX_20583131-20583750__chrX_20587174-20587464	LEFT	chrX:20583131-20583750	chrX	20583131	20583750	FBgn0083981_vm/chrX_20583131-20583750__chrX_20587174-20587464/enhancers/chrX_20583131-20583750.fa	619
FBgn0083981_vm	FBgn0083981_vm/chrX_20583131-20583750__chrX_20587174-20587464	RIGHT	chrX:20587174-20587464	chrX	20587174	20587464	FBgn0083981_vm/chrX_20583131-20583750__chrX_20587174-20587464/enhancers/chrX_20587174-20587464.fa	290
FBgn0261286_vm	FBgn0261286_vm/chr3R_16234208-16234580__chr3R_16249888-16250609	LEFT	chr3R:16234208-16234580	chr3R	16234208	16234580	FBgn0261286_vm/chr3R_16234208-16234580__chr3R_16249888-16250609/enhancers/chr3R_16234208-16234580.fa	372
FBgn0261286_vm	FBgn0261286_vm/chr3R_16234208-16234580__chr3R_16249888-16250609	RIGHT	chr3R:16249888-16250609	chr3R	16249888	16250609	FBgn0261286_vm/chr3R_16234208-16234580__chr3R_16249888-16250609/enhancers/chr3R_16249888-16250609.fa	721
FBgn0261286_vm	FBgn0261286_vm/chr3R_16234208-16234580__chr3R_16281158-16281613	LEFT	chr3R:16234208-16234580	chr3R	16234208	16234580	FBgn0261286_vm/chr3R_16234208-16234580__chr3R_16281158-16281613/enhancers/chr3R_16234208-16234580.fa	372
FBgn0261286_vm	FBgn0261286_vm/chr3R_16234208-16234580__chr3R_16281158-16281613	RIGHT	chr3R:16281158-16281613	chr3R	16281158	16281613	FBgn0261286_vm/chr3R_16234208-16234580__chr3R_16281158-16281613/enhancers/chr3R_16281158-16281613.fa	455
FBgn0261286_vm	FBgn0261286_vm/chr3R_16249888-16250609__chr3R_16281158-16281613	LEFT	chr3R:16249888-16250609	chr3R	16249888	16250609	FBgn0261286_vm/chr3R_16249888-16250609__chr3R_16281158-16281613/enhancers/chr3R_16249888-16250609.fa	721
FBgn0261286_vm	FBgn0261286_vm/chr3R_16249888-16250609__chr3R_16281158-16281613	RIGHT	chr3R:16281158-16281613	chr3R	16281158	16281613	FBgn0261286_vm/chr3R_16249888-16250609__chr3R_16281158-16281613/enhancers/chr3R_16281158-16281613.fa	455
FBgn0261648_vm	FBgn0261648_vm/chr2L_11415248-11415544__chr2L_11452852-11453384	LEFT	chr2L:11415248-11415544	chr2L	11415248	11415544	FBgn0261648_vm/chr2L_11415248-11415544__chr2L_11452852-11453384/enhancers/chr2L_11415248-11415544.fa	296
FBgn0261648_vm	FBgn0261648_vm/chr2L_11415248-11415544__chr2L_11452852-11453384	RIGHT	chr2L:11452852-11453384	chr2L	11452852	11453384	FBgn0261648_vm/chr2L_11415248-11415544__chr2L_11452852-11453384/enhancers/chr2L_11452852-11453384.fa	532
FBgn0261648_vm	FBgn0261648_vm/chr2L_11415248-11415544__chr2L_11458598-11459020	LEFT	chr2L:11415248-11415544	chr2L	11415248	11415544	FBgn0261648_vm/chr2L_11415248-11415544__chr2L_11458598-11459020/enhancers/chr2L_11415248-11415544.fa	296
FBgn0261648_vm	FBgn0261648_vm/chr2L_11415248-11415544__chr2L_11458598-11459020	RIGHT	chr2L:11458598-11459020	chr2L	11458598	11459020	FBgn0261648_vm/chr2L_11415248-11415544__chr2L_11458598-11459020/enhancers/chr2L_11458598-11459020.fa	422
FBgn0261648_vm	FBgn0261648_vm/chr2L_11452852-11453384__chr2L_11458598-11459020	LEFT	chr2L:11452852-11453384	chr2L	11452852	11453384	FBgn0261648_vm/chr2L_11452852-11453384__chr2L_11458598-11459020/enhancers/chr2L_11452852-11453384.fa	532
FBgn0261648_vm	FBgn0261648_vm/chr2L_11452852-11453384__chr2L_11458598-11459020	RIGHT	chr2L:11458598-11459020	chr2L	11458598	11459020	FBgn0261648_vm/chr2L_11452852-11453384__chr2L_11458598-11459020/enhancers/chr2L_11458598-11459020.fa	422
FBgn0264001_vm	FBgn0264001_vm/chr3L_13500764-13501176__chr3L_13641091-13641350	LEFT	chr3L:13500764-13501176	chr3L	13500764	13501176	FBgn0264001_vm/chr3L_13500764-13501176__chr3L_13641091-13641350/enhancers/chr3L_13500764-13501176.fa	412
FBgn0264001_vm	FBgn0264001_vm/chr3L_13500764-13501176__chr3L_13641091-13641350	RIGHT	chr3L:13641091-13641350	chr3L	13641091	13641350	FBgn0264001_vm/chr3L_13500764-13501176__chr3L_13641091-13641350/enhancers/chr3L_13641091-13641350.fa	259
FBgn0264001_vm	FBgn0264001_vm/chr3L_13500764-13501176__chr3L_13646895-13647219	LEFT	chr3L:13500764-13501176	chr3L	13500764	13501176	FBgn0264001_vm/chr3L_13500764-13501176__chr3L_13646895-13647219/enhancers/chr3L_13500764-13501176.fa	412
FBgn0264001_vm	FBgn0264001_vm/chr3L_13500764-13501176__chr3L_13646895-13647219	RIGHT	chr3L:13646895-13647219	chr3L	13646895	13647219	FBgn0264001_vm/chr3L_13500764-13501176__chr3L_13646895-13647219/enhancers/chr3L_13646895-13647219.fa	324
FBgn0264001_vm	FBgn0264001_vm/chr3L_13500764-13501176__chr3L_13655496-13656117	LEFT	chr3L:13500764-13501176	chr3L	13500764	13501176	FBgn0264001_vm/chr3L_13500764-13501176__chr3L_13655496-13656117/enhancers/chr3L_13500764-13501176.fa	412
FBgn0264001_vm	FBgn0264001_vm/chr3L_13500764-13501176__chr3L_13655496-13656117	RIGHT	chr3L:13655496-13656117	chr3L	13655496	13656117	FBgn0264001_vm/chr3L_13500764-13501176__chr3L_13655496-13656117/enhancers/chr3L_13655496-13656117.fa	621
FBgn0264001_vm	FBgn0264001_vm/chr3L_13500764-13501176__chr3L_13657717-13657980	LEFT	chr3L:13500764-13501176	chr3L	13500764	13501176	FBgn0264001_vm/chr3L_13500764-13501176__chr3L_13657717-13657980/enhancers/chr3L_13500764-13501176.fa	412
FBgn0264001_vm	FBgn0264001_vm/chr3L_13500764-13501176__chr3L_13657717-13657980	RIGHT	chr3L:13657717-13657980	chr3L	13657717	13657980	FBgn0264001_vm/chr3L_13500764-13501176__chr3L_13657717-13657980/enhancers/chr3L_13657717-13657980.fa	263
FBgn0264001_vm	FBgn0264001_vm/chr3L_13500764-13501176__chr3L_13834627-13835094	LEFT	chr3L:13500764-13501176	chr3L	13500764	13501176	FBgn0264001_vm/chr3L_13500764-13501176__chr3L_13834627-13835094/enhancers/chr3L_13500764-13501176.fa	412
FBgn0264001_vm	FBgn0264001_vm/chr3L_13500764-13501176__chr3L_13834627-13835094	RIGHT	chr3L:13834627-13835094	chr3L	13834627	13835094	FBgn0264001_vm/chr3L_13500764-13501176__chr3L_13834627-13835094/enhancers/chr3L_13834627-13835094.fa	467
FBgn0264001_vm	FBgn0264001_vm/chr3L_13641091-13641350__chr3L_13646895-13647219	LEFT	chr3L:13641091-13641350	chr3L	13641091	13641350	FBgn0264001_vm/chr3L_13641091-13641350__chr3L_13646895-13647219/enhancers/chr3L_13641091-13641350.fa	259
FBgn0264001_vm	FBgn0264001_vm/chr3L_13641091-13641350__chr3L_13646895-13647219	RIGHT	chr3L:13646895-13647219	chr3L	13646895	13647219	FBgn0264001_vm/chr3L_13641091-13641350__chr3L_13646895-13647219/enhancers/chr3L_13646895-13647219.fa	324
FBgn0264001_vm	FBgn0264001_vm/chr3L_13641091-13641350__chr3L_13655496-13656117	LEFT	chr3L:13641091-13641350	chr3L	13641091	13641350	FBgn0264001_vm/chr3L_13641091-13641350__chr3L_13655496-13656117/enhancers/chr3L_13641091-13641350.fa	259
FBgn0264001_vm	FBgn0264001_vm/chr3L_13641091-13641350__chr3L_13655496-13656117	RIGHT	chr3L:13655496-13656117	chr3L	13655496	13656117	FBgn0264001_vm/chr3L_13641091-13641350__chr3L_13655496-13656117/enhancers/chr3L_13655496-13656117.fa	621
FBgn0264001_vm	FBgn0264001_vm/chr3L_13641091-13641350__chr3L_13657717-13657980	LEFT	chr3L:13641091-13641350	chr3L	13641091	13641350	FBgn0264001_vm/chr3L_13641091-13641350__chr3L_13657717-13657980/enhancers/chr3L_13641091-13641350.fa	259
FBgn0264001_vm	FBgn0264001_vm/chr3L_13641091-13641350__chr3L_13657717-13657980	RIGHT	chr3L:13657717-13657980	chr3L	13657717	13657980	FBgn0264001_vm/chr3L_13641091-13641350__chr3L_13657717-13657980/enhancers/chr3L_13657717-13657980.fa	263
FBgn0264001_vm	FBgn0264001_vm/chr3L_13641091-13641350__chr3L_13834627-13835094	LEFT	chr3L:13641091-13641350	chr3L	13641091	13641350	FBgn0264001_vm/chr3L_13641091-13641350__chr3L_13834627-13835094/enhancers/chr3L_13641091-13641350.fa	259
FBgn0264001_vm	FBgn0264001_vm/chr3L_13641091-13641350__chr3L_13834627-13835094	RIGHT	chr3L:13834627-13835094	chr3L	13834627	13835094	FBgn0264001_vm/chr3L_13641091-13641350__chr3L_13834627-13835094/enhancers/chr3L_13834627-13835094.fa	467
FBgn0264001_vm	FBgn0264001_vm/chr3L_13646895-13647219__chr3L_13655496-13656117	LEFT	chr3L:13646895-13647219	chr3L	13646895	13647219	FBgn0264001_vm/chr3L_13646895-13647219__chr3L_13655496-13656117/enhancers/chr3L_13646895-13647219.fa	324
FBgn0264001_vm	FBgn0264001_vm/chr3L_13646895-13647219__chr3L_13655496-13656117	RIGHT	chr3L:13655496-13656117	chr3L	13655496	13656117	FBgn0264001_vm/chr3L_13646895-13647219__chr3L_13655496-13656117/enhancers/chr3L_13655496-13656117.fa	621
FBgn0264001_vm	FBgn0264001_vm/chr3L_13646895-13647219__chr3L_13657717-13657980	LEFT	chr3L:13646895-13647219	chr3L	13646895	13647219	FBgn0264001_vm/chr3L_13646895-13647219__chr3L_13657717-13657980/enhancers/chr3L_13646895-13647219.fa	324
FBgn0264001_vm	FBgn0264001_vm/chr3L_13646895-13647219__chr3L_13657717-13657980	RIGHT	chr3L:13657717-13657980	chr3L	13657717	13657980	FBgn0264001_vm/chr3L_13646895-13647219__chr3L_13657717-13657980/enhancers/chr3L_13657717-13657980.fa	263
FBgn0264001_vm	FBgn0264001_vm/chr3L_13646895-13647219__chr3L_13834627-13835094	LEFT	chr3L:13646895-13647219	chr3L	13646895	13647219	FBgn0264001_vm/chr3L_13646895-13647219__chr3L_13834627-13835094/enhancers/chr3L_13646895-13647219.fa	324
FBgn0264001_vm	FBgn0264001_vm/chr3L_13646895-13647219__chr3L_13834627-13835094	RIGHT	chr3L:13834627-13835094	chr3L	13834627	13835094	FBgn0264001_vm/chr3L_13646895-13647219__chr3L_13834627-13835094/enhancers/chr3L_13834627-13835094.fa	467
FBgn0264001_vm	FBgn0264001_vm/chr3L_13655496-13656117__chr3L_13657717-13657980	LEFT	chr3L:13655496-13656117	chr3L	13655496	13656117	FBgn0264001_vm/chr3L_13655496-13656117__chr3L_13657717-13657980/enhancers/chr3L_13655496-13656117.fa	621
FBgn0264001_vm	FBgn0264001_vm/chr3L_13655496-13656117__chr3L_13657717-13657980	RIGHT	chr3L:13657717-13657980	chr3L	13657717	13657980	FBgn0264001_vm/chr3L_13655496-13656117__chr3L_13657717-13657980/enhancers/chr3L_13657717-13657980.fa	263
FBgn0264001_vm	FBgn0264001_vm/chr3L_13655496-13656117__chr3L_13834627-13835094	LEFT	chr3L:13655496-13656117	chr3L	13655496	13656117	FBgn0264001_vm/chr3L_13655496-13656117__chr3L_13834627-13835094/enhancers/chr3L_13655496-13656117.fa	621
FBgn0264001_vm	FBgn0264001_vm/chr3L_13655496-13656117__chr3L_13834627-13835094	RIGHT	chr3L:13834627-13835094	chr3L	13834627	13835094	FBgn0264001_vm/chr3L_13655496-13656117__chr3L_13834627-13835094/enhancers/chr3L_13834627-13835094.fa	467
FBgn0264001_vm	FBgn0264001_vm/chr3L_13657717-13657980__chr3L_13834627-13835094	LEFT	chr3L:13657717-13657980	chr3L	13657717	13657980	FBgn0264001_vm/chr3L_13657717-13657980__chr3L_13834627-13835094/enhancers/chr3L_13657717-13657980.fa	263
FBgn0264001_vm	FBgn0264001_vm/chr3L_13657717-13657980__chr3L_13834627-13835094	RIGHT	chr3L:13834627-13835094	chr3L	13834627	13835094	FBgn0264001_vm/chr3L_13657717-13657980__chr3L_13834627-13835094/enhancers/chr3L_13834627-13835094.fa	467
FBgn0000014_meso	FBgn0000014_meso/chr3R_16744397-16744662__chr3R_16892248-16892452	LEFT	chr3R:16744397-16744662	chr3R	16744397	16744662	FBgn0000014_meso/chr3R_16744397-16744662__chr3R_16892248-16892452/enhancers/chr3R_16744397-16744662.fa	265
FBgn0000014_meso	FBgn0000014_meso/chr3R_16744397-16744662__chr3R_16892248-16892452	RIGHT	chr3R:16892248-16892452	chr3R	16892248	16892452	FBgn0000014_meso/chr3R_16744397-16744662__chr3R_16892248-16892452/enhancers/chr3R_16892248-16892452.fa	204
FBgn0000097_meso	FBgn0000097_meso/chr2L_2162797-2163546__chr2L_2164726-2165263	LEFT	chr2L:2162797-2163546	chr2L	2162797	2163546	FBgn0000097_meso/chr2L_2162797-2163546__chr2L_2164726-2165263/enhancers/chr2L_2162797-2163546.fa	749
FBgn0000097_meso	FBgn0000097_meso/chr2L_2162797-2163546__chr2L_2164726-2165263	RIGHT	chr2L:2164726-2165263	chr2L	2164726	2165263	FBgn0000097_meso/chr2L_2162797-2163546__chr2L_2164726-2165263/enhancers/chr2L_2164726-2165263.fa	537
FBgn0000097_meso	FBgn0000097_meso/chr2L_2162797-2163546__chr2L_2181980-2182476	LEFT	chr2L:2162797-2163546	chr2L	2162797	2163546	FBgn0000097_meso/chr2L_2162797-2163546__chr2L_2181980-2182476/enhancers/chr2L_2162797-2163546.fa	749
FBgn0000097_meso	FBgn0000097_meso/chr2L_2162797-2163546__chr2L_2181980-2182476	RIGHT	chr2L:2181980-2182476	chr2L	2181980	2182476	FBgn0000097_meso/chr2L_2162797-2163546__chr2L_2181980-2182476/enhancers/chr2L_2181980-2182476.fa	496
FBgn0000097_meso	FBgn0000097_meso/chr2L_2164726-2165263__chr2L_2181980-2182476	LEFT	chr2L:2164726-2165263	chr2L	2164726	2165263	FBgn0000097_meso/chr2L_2164726-2165263__chr2L_2181980-2182476/enhancers/chr2L_2164726-2165263.fa	537
FBgn0000097_meso	FBgn0000097_meso/chr2L_2164726-2165263__chr2L_2181980-2182476	RIGHT	chr2L:2181980-2182476	chr2L	2181980	2182476	FBgn0000097_meso/chr2L_2164726-2165263__chr2L_2181980-2182476/enhancers/chr2L_2181980-2182476.fa	496
FBgn0000404_meso	FBgn0000404_meso/chr3L_11812108-11812359__chr3L_11813289-11813573	LEFT	chr3L:11812108-11812359	chr3L	11812108	11812359	FBgn0000404_meso/chr3L_11812108-11812359__chr3L_11813289-11813573/enhancers/chr3L_11812108-11812359.fa	251
FBgn0000404_meso	FBgn0000404_meso/chr3L_11812108-11812359__chr3L_11813289-11813573	RIGHT	chr3L:11813289-11813573	chr3L	11813289	11813573	FBgn0000404_meso/chr3L_11812108-11812359__chr3L_11813289-11813573/enhancers/chr3L_11813289-11813573.fa	284
FBgn0000463_meso	FBgn0000463_meso/chr3R_19341900-19342100__chr3R_19346468-19346888	LEFT	chr3R:19341900-19342100	chr3R	19341900	19342100	FBgn0000463_meso/chr3R_19341900-19342100__chr3R_19346468-19346888/enhancers/chr3R_19341900-19342100.fa	200
FBgn0000463_meso	FBgn0000463_meso/chr3R_19341900-19342100__chr3R_19346468-19346888	RIGHT	chr3R:19346468-19346888	chr3R	19346468	19346888	FBgn0000463_meso/chr3R_19341900-19342100__chr3R_19346468-19346888/enhancers/chr3R_19346468-19346888.fa	420
FBgn0000463_meso	FBgn0000463_meso/chr3R_19341900-19342100__chr3R_19350401-19350687	LEFT	chr3R:19341900-19342100	chr3R	19341900	19342100	FBgn0000463_meso/chr3R_19341900-19342100__chr3R_19350401-19350687/enhancers/chr3R_19341900-19342100.fa	200
FBgn0000463_meso	FBgn0000463_meso/chr3R_19341900-19342100__chr3R_19350401-19350687	RIGHT	chr3R:19350401-19350687	chr3R	19350401	19350687	FBgn0000463_meso/chr3R_19341900-19342100__chr3R_19350401-19350687/enhancers/chr3R_19350401-19350687.fa	286
FBgn0000463_meso	FBgn0000463_meso/chr3R_19346468-19346888__chr3R_19350401-19350687	LEFT	chr3R:19346468-19346888	chr3R	19346468	19346888	FBgn0000463_meso/chr3R_19346468-19346888__chr3R_19350401-19350687/enhancers/chr3R_19346468-19346888.fa	420
FBgn0000463_meso	FBgn0000463_meso/chr3R_19346468-19346888__chr3R_19350401-19350687	RIGHT	chr3R:19350401-19350687	chr3R	19350401	19350687	FBgn0000463_meso/chr3R_19346468-19346888__chr3R_19350401-19350687/enhancers/chr3R_19350401-19350687.fa	286
FBgn0000575_meso	FBgn0000575_meso/chr3L_709891-710336__chr3L_723323-723674	LEFT	chr3L:709891-710336	chr3L	709891	710336	FBgn0000575_meso/chr3L_709891-710336__chr3L_723323-723674/enhancers/chr3L_709891-710336.fa	445
FBgn0000575_meso	FBgn0000575_meso/chr3L_709891-710336__chr3L_723323-723674	RIGHT	chr3L:723323-723674	chr3L	723323	723674	FBgn0000575_meso/chr3L_709891-710336__chr3L_723323-723674/enhancers/chr3L_723323-723674.fa	351
FBgn0000575_meso	FBgn0000575_meso/chr3L_709891-710336__chr3L_726050-726267	LEFT	chr3L:709891-710336	chr3L	709891	710336	FBgn0000575_meso/chr3L_709891-710336__chr3L_726050-726267/enhancers/chr3L_709891-710336.fa	445
FBgn0000575_meso	FBgn0000575_meso/chr3L_709891-710336__chr3L_726050-726267	RIGHT	chr3L:726050-726267	chr3L	726050	726267	FBgn0000575_meso/chr3L_709891-710336__chr3L_726050-726267/enhancers/chr3L_726050-726267.fa	217
FBgn0000575_meso	FBgn0000575_meso/chr3L_709891-710336__chr3L_726645-726923	LEFT	chr3L:709891-710336	chr3L	709891	710336	FBgn0000575_meso/chr3L_709891-710336__chr3L_726645-726923/enhancers/chr3L_709891-710336.fa	445
FBgn0000575_meso	FBgn0000575_meso/chr3L_709891-710336__chr3L_726645-726923	RIGHT	chr3L:726645-726923	chr3L	726645	726923	FBgn0000575_meso/chr3L_709891-710336__chr3L_726645-726923/enhancers/chr3L_726645-726923.fa	278
FBgn0000575_meso	FBgn0000575_meso/chr3L_709891-710336__chr3L_731320-731606	LEFT	chr3L:709891-710336	chr3L	709891	710336	FBgn0000575_meso/chr3L_709891-710336__chr3L_731320-731606/enhancers/chr3L_709891-710336.fa	445
FBgn0000575_meso	FBgn0000575_meso/chr3L_709891-710336__chr3L_731320-731606	RIGHT	chr3L:731320-731606	chr3L	731320	731606	FBgn0000575_meso/chr3L_709891-710336__chr3L_731320-731606/enhancers/chr3L_731320-731606.fa	286
FBgn0000575_meso	FBgn0000575_meso/chr3L_723323-723674__chr3L_726050-726267	LEFT	chr3L:723323-723674	chr3L	723323	723674	FBgn0000575_meso/chr3L_723323-723674__chr3L_726050-726267/enhancers/chr3L_723323-723674.fa	351
FBgn0000575_meso	FBgn0000575_meso/chr3L_723323-723674__chr3L_726050-726267	RIGHT	chr3L:726050-726267	chr3L	726050	726267	FBgn0000575_meso/chr3L_723323-723674__chr3L_726050-726267/enhancers/chr3L_726050-726267.fa	217
FBgn0000575_meso	FBgn0000575_meso/chr3L_723323-723674__chr3L_726645-726923	LEFT	chr3L:723323-723674	chr3L	723323	723674	FBgn0000575_meso/chr3L_723323-723674__chr3L_726645-726923/enhancers/chr3L_723323-723674.fa	351
FBgn0000575_meso	FBgn0000575_meso/chr3L_723323-723674__chr3L_726645-726923	RIGHT	chr3L:726645-726923	chr3L	726645	726923	FBgn0000575_meso/chr3L_723323-723674__chr3L_726645-726923/enhancers/chr3L_726645-726923.fa	278
FBgn0000575_meso	FBgn0000575_meso/chr3L_723323-723674__chr3L_731320-731606	LEFT	chr3L:723323-723674	chr3L	723323	723674	FBgn0000575_meso/chr3L_723323-723674__chr3L_731320-731606/enhancers/chr3L_723323-723674.fa	351
FBgn0000575_meso	FBgn0000575_meso/chr3L_723323-723674__chr3L_731320-731606	RIGHT	chr3L:731320-731606	chr3L	731320	731606	FBgn0000575_meso/chr3L_723323-723674__chr3L_731320-731606/enhancers/chr3L_731320-731606.fa	286
FBgn0000575_meso	FBgn0000575_meso/chr3L_726050-726267__chr3L_726645-726923	LEFT	chr3L:726050-726267	chr3L	726050	726267	FBgn0000575_meso/chr3L_726050-726267__chr3L_726645-726923/enhancers/chr3L_726050-726267.fa	217
FBgn0000575_meso	FBgn0000575_meso/chr3L_726050-726267__chr3L_726645-726923	RIGHT	chr3L:726645-726923	chr3L	726645	726923	FBgn0000575_meso/chr3L_726050-726267__chr3L_726645-726923/enhancers/chr3L_726645-726923.fa	278
FBgn0000575_meso	FBgn0000575_meso/chr3L_726050-726267__chr3L_731320-731606	LEFT	chr3L:726050-726267	chr3L	726050	726267	FBgn0000575_meso/chr3L_726050-726267__chr3L_731320-731606/enhancers/chr3L_726050-726267.fa	217
FBgn0000575_meso	FBgn0000575_meso/chr3L_726050-726267__chr3L_731320-731606	RIGHT	chr3L:731320-731606	chr3L	731320	731606	FBgn0000575_meso/chr3L_726050-726267__chr3L_731320-731606/enhancers/chr3L_731320-731606.fa	286
FBgn0000575_meso	FBgn0000575_meso/chr3L_726645-726923__chr3L_731320-731606	LEFT	chr3L:726645-726923	chr3L	726645	726923	FBgn0000575_meso/chr3L_726645-726923__chr3L_731320-731606/enhancers/chr3L_726645-726923.fa	278
FBgn0000575_meso	FBgn0000575_meso/chr3L_726645-726923__chr3L_731320-731606	RIGHT	chr3L:731320-731606	chr3L	731320	731606	FBgn0000575_meso/chr3L_726645-726923__chr3L_731320-731606/enhancers/chr3L_731320-731606.fa	286
FBgn0001077_meso	FBgn0001077_meso/chr3R_6845754-6846203__chr3R_6885321-6885521	LEFT	chr3R:6845754-6846203	chr3R	6845754	6846203	FBgn0001077_meso/chr3R_6845754-6846203__chr3R_6885321-6885521/enhancers/chr3R_6845754-6846203.fa	449
FBgn0001077_meso	FBgn0001077_meso/chr3R_6845754-6846203__chr3R_6885321-6885521	RIGHT	chr3R:6885321-6885521	chr3R	6885321	6885521	FBgn0001077_meso/chr3R_6845754-6846203__chr3R_6885321-6885521/enhancers/chr3R_6885321-6885521.fa	200
FBgn0001235_meso	FBgn0001235_meso/chr3R_10618771-10619181__chr3R_10626588-10627045	LEFT	chr3R:10618771-10619181	chr3R	10618771	10619181	FBgn0001235_meso/chr3R_10618771-10619181__chr3R_10626588-10627045/enhancers/chr3R_10618771-10619181.fa	410
FBgn0001235_meso	FBgn0001235_meso/chr3R_10618771-10619181__chr3R_10626588-10627045	RIGHT	chr3R:10626588-10627045	chr3R	10626588	10627045	FBgn0001235_meso/chr3R_10618771-10619181__chr3R_10626588-10627045/enhancers/chr3R_10626588-10627045.fa	457
FBgn0001235_meso	FBgn0001235_meso/chr3R_10618771-10619181__chr3R_10645396-10645910	LEFT	chr3R:10618771-10619181	chr3R	10618771	10619181	FBgn0001235_meso/chr3R_10618771-10619181__chr3R_10645396-10645910/enhancers/chr3R_10618771-10619181.fa	410
FBgn0001235_meso	FBgn0001235_meso/chr3R_10618771-10619181__chr3R_10645396-10645910	RIGHT	chr3R:10645396-10645910	chr3R	10645396	10645910	FBgn0001235_meso/chr3R_10618771-10619181__chr3R_10645396-10645910/enhancers/chr3R_10645396-10645910.fa	514
FBgn0001235_meso	FBgn0001235_meso/chr3R_10626588-10627045__chr3R_10645396-10645910	LEFT	chr3R:10626588-10627045	chr3R	10626588	10627045	FBgn0001235_meso/chr3R_10626588-10627045__chr3R_10645396-10645910/enhancers/chr3R_10626588-10627045.fa	457
FBgn0001235_meso	FBgn0001235_meso/chr3R_10626588-10627045__chr3R_10645396-10645910	RIGHT	chr3R:10645396-10645910	chr3R	10645396	10645910	FBgn0001235_meso/chr3R_10626588-10627045__chr3R_10645396-10645910/enhancers/chr3R_10645396-10645910.fa	514
FBgn0003254_meso	FBgn0003254_meso/chr2R_18898203-18898705__chr2R_18900616-18900816	LEFT	chr2R:18898203-18898705	chr2R	18898203	18898705	FBgn0003254_meso/chr2R_18898203-18898705__chr2R_18900616-18900816/enhancers/chr2R_18898203-18898705.fa	502
FBgn0003254_meso	FBgn0003254_meso/chr2R_18898203-18898705__chr2R_18900616-18900816	RIGHT	chr2R:18900616-18900816	chr2R	18900616	18900816	FBgn0003254_meso/chr2R_18898203-18898705__chr2R_18900616-18900816/enhancers/chr2R_18900616-18900816.fa	200
FBgn0003448_meso	FBgn0003448_meso/chr2L_15475634-15475834__chr2L_15482011-15482211	LEFT	chr2L:15475634-15475834	chr2L	15475634	15475834	FBgn0003448_meso/chr2L_15475634-15475834__chr2L_15482011-15482211/enhancers/chr2L_15475634-15475834.fa	200
FBgn0003448_meso	FBgn0003448_meso/chr2L_15475634-15475834__chr2L_15482011-15482211	RIGHT	chr2L:15482011-15482211	chr2L	15482011	15482211	FBgn0003448_meso/chr2L_15475634-15475834__chr2L_15482011-15482211/enhancers/chr2L_15482011-15482211.fa	200
FBgn0003731_meso	FBgn0003731_meso/chr2R_21145088-21145606__chr2R_21165406-21165606	LEFT	chr2R:21145088-21145606	chr2R	21145088	21145606	FBgn0003731_meso/chr2R_21145088-21145606__chr2R_21165406-21165606/enhancers/chr2R_21145088-21145606.fa	518
FBgn0003731_meso	FBgn0003731_meso/chr2R_21145088-21145606__chr2R_21165406-21165606	RIGHT	chr2R:21165406-21165606	chr2R	21165406	21165606	FBgn0003731_meso/chr2R_21145088-21145606__chr2R_21165406-21165606/enhancers/chr2R_21165406-21165606.fa	200
FBgn0003866_meso	FBgn0003866_meso/chr2L_21736607-21736899__chr2L_21797958-21798158	LEFT	chr2L:21736607-21736899	chr2L	21736607	21736899	FBgn0003866_meso/chr2L_21736607-21736899__chr2L_21797958-21798158/enhancers/chr2L_21736607-21736899.fa	292
FBgn0003866_meso	FBgn0003866_meso/chr2L_21736607-21736899__chr2L_21797958-21798158	RIGHT	chr2L:21797958-21798158	chr2L	21797958	21798158	FBgn0003866_meso/chr2L_21736607-21736899__chr2L_21797958-21798158/enhancers/chr2L_21797958-21798158.fa	200
FBgn0003866_meso	FBgn0003866_meso/chr2L_21736607-21736899__chr2L_21831155-21831728	LEFT	chr2L:21736607-21736899	chr2L	21736607	21736899	FBgn0003866_meso/chr2L_21736607-21736899__chr2L_21831155-21831728/enhancers/chr2L_21736607-21736899.fa	292
FBgn0003866_meso	FBgn0003866_meso/chr2L_21736607-21736899__chr2L_21831155-21831728	RIGHT	chr2L:21831155-21831728	chr2L	21831155	21831728	FBgn0003866_meso/chr2L_21736607-21736899__chr2L_21831155-21831728/enhancers/chr2L_21831155-21831728.fa	573
FBgn0003866_meso	FBgn0003866_meso/chr2L_21736607-21736899__chr2L_21835079-21835348	LEFT	chr2L:21736607-21736899	chr2L	21736607	21736899	FBgn0003866_meso/chr2L_21736607-21736899__chr2L_21835079-21835348/enhancers/chr2L_21736607-21736899.fa	292
FBgn0003866_meso	FBgn0003866_meso/chr2L_21736607-21736899__chr2L_21835079-21835348	RIGHT	chr2L:21835079-21835348	chr2L	21835079	21835348	FBgn0003866_meso/chr2L_21736607-21736899__chr2L_21835079-21835348/enhancers/chr2L_21835079-21835348.fa	269
FBgn0003866_meso	FBgn0003866_meso/chr2L_21736607-21736899__chr2L_21840673-21841262	LEFT	chr2L:21736607-21736899	chr2L	21736607	21736899	FBgn0003866_meso/chr2L_21736607-21736899__chr2L_21840673-21841262/enhancers/chr2L_21736607-21736899.fa	292
FBgn0003866_meso	FBgn0003866_meso/chr2L_21736607-21736899__chr2L_21840673-21841262	RIGHT	chr2L:21840673-21841262	chr2L	21840673	21841262	FBgn0003866_meso/chr2L_21736607-21736899__chr2L_21840673-21841262/enhancers/chr2L_21840673-21841262.fa	589
FBgn0003866_meso	FBgn0003866_meso/chr2L_21797958-21798158__chr2L_21831155-21831728	LEFT	chr2L:21797958-21798158	chr2L	21797958	21798158	FBgn0003866_meso/chr2L_21797958-21798158__chr2L_21831155-21831728/enhancers/chr2L_21797958-21798158.fa	200
FBgn0003866_meso	FBgn0003866_meso/chr2L_21797958-21798158__chr2L_21831155-21831728	RIGHT	chr2L:21831155-21831728	chr2L	21831155	21831728	FBgn0003866_meso/chr2L_21797958-21798158__chr2L_21831155-21831728/enhancers/chr2L_21831155-21831728.fa	573
FBgn0003866_meso	FBgn0003866_meso/chr2L_21797958-21798158__chr2L_21835079-21835348	LEFT	chr2L:21797958-21798158	chr2L	21797958	21798158	FBgn0003866_meso/chr2L_21797958-21798158__chr2L_21835079-21835348/enhancers/chr2L_21797958-21798158.fa	200
FBgn0003866_meso	FBgn0003866_meso/chr2L_21797958-21798158__chr2L_21835079-21835348	RIGHT	chr2L:21835079-21835348	chr2L	21835079	21835348	FBgn0003866_meso/chr2L_21797958-21798158__chr2L_21835079-21835348/enhancers/chr2L_21835079-21835348.fa	269
FBgn0003866_meso	FBgn0003866_meso/chr2L_21797958-21798158__chr2L_21840673-21841262	LEFT	chr2L:21797958-21798158	chr2L	21797958	21798158	FBgn0003866_meso/chr2L_21797958-21798158__chr2L_21840673-21841262/enhancers/chr2L_21797958-21798158.fa	200
FBgn0003866_meso	FBgn0003866_meso/chr2L_21797958-21798158__chr2L_21840673-21841262	RIGHT	chr2L:21840673-21841262	chr2L	21840673	21841262	FBgn0003866_meso/chr2L_21797958-21798158__chr2L_21840673-21841262/enhancers/chr2L_21840673-21841262.fa	589
FBgn0003866_meso	FBgn0003866_meso/chr2L_21831155-21831728__chr2L_21835079-21835348	LEFT	chr2L:21831155-21831728	chr2L	21831155	21831728	FBgn0003866_meso/chr2L_21831155-21831728__chr2L_21835079-21835348/enhancers/chr2L_21831155-21831728.fa	573
FBgn0003866_meso	FBgn0003866_meso/chr2L_21831155-21831728__chr2L_21835079-21835348	RIGHT	chr2L:21835079-21835348	chr2L	21835079	21835348	FBgn0003866_meso/chr2L_21831155-21831728__chr2L_21835079-21835348/enhancers/chr2L_21835079-21835348.fa	269
FBgn0003866_meso	FBgn0003866_meso/chr2L_21831155-21831728__chr2L_21840673-21841262	LEFT	chr2L:21831155-21831728	chr2L	21831155	21831728	FBgn0003866_meso/chr2L_21831155-21831728__chr2L_21840673-21841262/enhancers/chr2L_21831155-21831728.fa	573
FBgn0003866_meso	FBgn0003866_meso/chr2L_21831155-21831728__chr2L_21840673-21841262	RIGHT	chr2L:21840673-21841262	chr2L	21840673	21841262	FBgn0003866_meso/chr2L_21831155-21831728__chr2L_21840673-21841262/enhancers/chr2L_21840673-21841262.fa	589
FBgn0003866_meso	FBgn0003866_meso/chr2L_21835079-21835348__chr2L_21840673-21841262	LEFT	chr2L:21835079-21835348	chr2L	21835079	21835348	FBgn0003866_meso/chr2L_21835079-21835348__chr2L_21840673-21841262/enhancers/chr2L_21835079-21835348.fa	269
FBgn0003866_meso	FBgn0003866_meso/chr2L_21835079-21835348__chr2L_21840673-21841262	RIGHT	chr2L:21840673-21841262	chr2L	21840673	21841262	FBgn0003866_meso/chr2L_21835079-21835348__chr2L_21840673-21841262/enhancers/chr2L_21840673-21841262.fa	589
FBgn0003997_meso	FBgn0003997_meso/chr3L_18188992-18189399__chr3L_18288111-18288550	LEFT	chr3L:18188992-18189399	chr3L	18188992	18189399	FBgn0003997_meso/chr3L_18188992-18189399__chr3L_18288111-18288550/enhancers/chr3L_18188992-18189399.fa	407
FBgn0003997_meso	FBgn0003997_meso/chr3L_18188992-18189399__chr3L_18288111-18288550	RIGHT	chr3L:18288111-18288550	chr3L	18288111	18288550	FBgn0003997_meso/chr3L_18188992-18189399__chr3L_18288111-18288550/enhancers/chr3L_18288111-18288550.fa	439
FBgn0004606_meso	FBgn0004606_meso/chr3R_30754912-30755289__chr3R_30762287-30762650	LEFT	chr3R:30754912-30755289	chr3R	30754912	30755289	FBgn0004606_meso/chr3R_30754912-30755289__chr3R_30762287-30762650/enhancers/chr3R_30754912-30755289.fa	377
FBgn0004606_meso	FBgn0004606_meso/chr3R_30754912-30755289__chr3R_30762287-30762650	RIGHT	chr3R:30762287-30762650	chr3R	30762287	30762650	FBgn0004606_meso/chr3R_30754912-30755289__chr3R_30762287-30762650/enhancers/chr3R_30762287-30762650.fa	363
FBgn0004606_meso	FBgn0004606_meso/chr3R_30754912-30755289__chr3R_30770192-30770543	LEFT	chr3R:30754912-30755289	chr3R	30754912	30755289	FBgn0004606_meso/chr3R_30754912-30755289__chr3R_30770192-30770543/enhancers/chr3R_30754912-30755289.fa	377
FBgn0004606_meso	FBgn0004606_meso/chr3R_30754912-30755289__chr3R_30770192-30770543	RIGHT	chr3R:30770192-30770543	chr3R	30770192	30770543	FBgn0004606_meso/chr3R_30754912-30755289__chr3R_30770192-30770543/enhancers/chr3R_30770192-30770543.fa	351
FBgn0004606_meso	FBgn0004606_meso/chr3R_30762287-30762650__chr3R_30770192-30770543	LEFT	chr3R:30762287-30762650	chr3R	30762287	30762650	FBgn0004606_meso/chr3R_30762287-30762650__chr3R_30770192-30770543/enhancers/chr3R_30762287-30762650.fa	363
FBgn0004606_meso	FBgn0004606_meso/chr3R_30762287-30762650__chr3R_30770192-30770543	RIGHT	chr3R:30770192-30770543	chr3R	30770192	30770543	FBgn0004606_meso/chr3R_30762287-30762650__chr3R_30770192-30770543/enhancers/chr3R_30770192-30770543.fa	351
FBgn0005630_meso	FBgn0005630_meso/chr2R_10160478-10160690__chr2R_10206031-10206422	LEFT	chr2R:10160478-10160690	chr2R	10160478	10160690	FBgn0005630_meso/chr2R_10160478-10160690__chr2R_10206031-10206422/enhancers/chr2R_10160478-10160690.fa	212
FBgn0005630_meso	FBgn0005630_meso/chr2R_10160478-10160690__chr2R_10206031-10206422	RIGHT	chr2R:10206031-10206422	chr2R	10206031	10206422	FBgn0005630_meso/chr2R_10160478-10160690__chr2R_10206031-10206422/enhancers/chr2R_10206031-10206422.fa	391
FBgn0005771_meso	FBgn0005771_meso/chr2L_14434419-14434949__chr2L_14435741-14436213	LEFT	chr2L:14434419-14434949	chr2L	14434419	14434949	FBgn0005771_meso/chr2L_14434419-14434949__chr2L_14435741-14436213/enhancers/chr2L_14434419-14434949.fa	530
FBgn0005771_meso	FBgn0005771_meso/chr2L_14434419-14434949__chr2L_14435741-14436213	RIGHT	chr2L:14435741-14436213	chr2L	14435741	14436213	FBgn0005771_meso/chr2L_14434419-14434949__chr2L_14435741-14436213/enhancers/chr2L_14435741-14436213.fa	472
FBgn0005771_meso	FBgn0005771_meso/chr2L_14434419-14434949__chr2L_14446061-14446392	LEFT	chr2L:14434419-14434949	chr2L	14434419	14434949	FBgn0005771_meso/chr2L_14434419-14434949__chr2L_14446061-14446392/enhancers/chr2L_14434419-14434949.fa	530
FBgn0005771_meso	FBgn0005771_meso/chr2L_14434419-14434949__chr2L_14446061-14446392	RIGHT	chr2L:14446061-14446392	chr2L	14446061	14446392	FBgn0005771_meso/chr2L_14434419-14434949__chr2L_14446061-14446392/enhancers/chr2L_14446061-14446392.fa	331
FBgn0005771_meso	FBgn0005771_meso/chr2L_14434419-14434949__chr2L_14517261-14517665	LEFT	chr2L:14434419-14434949	chr2L	14434419	14434949	FBgn0005771_meso/chr2L_14434419-14434949__chr2L_14517261-14517665/enhancers/chr2L_14434419-14434949.fa	530
FBgn0005771_meso	FBgn0005771_meso/chr2L_14434419-14434949__chr2L_14517261-14517665	RIGHT	chr2L:14517261-14517665	chr2L	14517261	14517665	FBgn0005771_meso/chr2L_14434419-14434949__chr2L_14517261-14517665/enhancers/chr2L_14517261-14517665.fa	404
FBgn0005771_meso	FBgn0005771_meso/chr2L_14435741-14436213__chr2L_14446061-14446392	LEFT	chr2L:14435741-14436213	chr2L	14435741	14436213	FBgn0005771_meso/chr2L_14435741-14436213__chr2L_14446061-14446392/enhancers/chr2L_14435741-14436213.fa	472
FBgn0005771_meso	FBgn0005771_meso/chr2L_14435741-14436213__chr2L_14446061-14446392	RIGHT	chr2L:14446061-14446392	chr2L	14446061	14446392	FBgn0005771_meso/chr2L_14435741-14436213__chr2L_14446061-14446392/enhancers/chr2L_14446061-14446392.fa	331
FBgn0005771_meso	FBgn0005771_meso/chr2L_14435741-14436213__chr2L_14517261-14517665	LEFT	chr2L:14435741-14436213	chr2L	14435741	14436213	FBgn0005771_meso/chr2L_14435741-14436213__chr2L_14517261-14517665/enhancers/chr2L_14435741-14436213.fa	472
FBgn0005771_meso	FBgn0005771_meso/chr2L_14435741-14436213__chr2L_14517261-14517665	RIGHT	chr2L:14517261-14517665	chr2L	14517261	14517665	FBgn0005771_meso/chr2L_14435741-14436213__chr2L_14517261-14517665/enhancers/chr2L_14517261-14517665.fa	404
FBgn0005771_meso	FBgn0005771_meso/chr2L_14446061-14446392__chr2L_14517261-14517665	LEFT	chr2L:14446061-14446392	chr2L	14446061	14446392	FBgn0005771_meso/chr2L_14446061-14446392__chr2L_14517261-14517665/enhancers/chr2L_14446061-14446392.fa	331
FBgn0005771_meso	FBgn0005771_meso/chr2L_14446061-14446392__chr2L_14517261-14517665	RIGHT	chr2L:14517261-14517665	chr2L	14517261	14517665	FBgn0005771_meso/chr2L_14446061-14446392__chr2L_14517261-14517665/enhancers/chr2L_14517261-14517665.fa	404
FBgn0010316_meso	FBgn0010316_meso/chr2R_9318986-9319419__chr2R_9338882-9339082	LEFT	chr2R:9318986-9319419	chr2R	9318986	9319419	FBgn0010316_meso/chr2R_9318986-9319419__chr2R_9338882-9339082/enhancers/chr2R_9318986-9319419.fa	433
FBgn0010316_meso	FBgn0010316_meso/chr2R_9318986-9319419__chr2R_9338882-9339082	RIGHT	chr2R:9338882-9339082	chr2R	9338882	9339082	FBgn0010316_meso/chr2R_9318986-9319419__chr2R_9338882-9339082/enhancers/chr2R_9338882-9339082.fa	200
FBgn0015609_meso	FBgn0015609_meso/chr2L_17736424-17736667__chr2L_17744617-17744940	LEFT	chr2L:17736424-17736667	chr2L	17736424	17736667	FBgn0015609_meso/chr2L_17736424-17736667__chr2L_17744617-17744940/enhancers/chr2L_17736424-17736667.fa	243
FBgn0015609_meso	FBgn0015609_meso/chr2L_17736424-17736667__chr2L_17744617-17744940	RIGHT	chr2L:17744617-17744940	chr2L	17744617	17744940	FBgn0015609_meso/chr2L_17736424-17736667__chr2L_17744617-17744940/enhancers/chr2L_17744617-17744940.fa	323
FBgn0016797_meso	FBgn0016797_meso/chr3L_19143539-19143824__chr3L_19151316-19151710	LEFT	chr3L:19143539-19143824	chr3L	19143539	19143824	FBgn0016797_meso/chr3L_19143539-19143824__chr3L_19151316-19151710/enhancers/chr3L_19143539-19143824.fa	285
FBgn0016797_meso	FBgn0016797_meso/chr3L_19143539-19143824__chr3L_19151316-19151710	RIGHT	chr3L:19151316-19151710	chr3L	19151316	19151710	FBgn0016797_meso/chr3L_19143539-19143824__chr3L_19151316-19151710/enhancers/chr3L_19151316-19151710.fa	394
FBgn0020762_meso	FBgn0020762_meso/chr2L_4282002-4282202__chr2L_4363652-4364006	LEFT	chr2L:4282002-4282202	chr2L	4282002	4282202	FBgn0020762_meso/chr2L_4282002-4282202__chr2L_4363652-4364006/enhancers/chr2L_4282002-4282202.fa	200
FBgn0020762_meso	FBgn0020762_meso/chr2L_4282002-4282202__chr2L_4363652-4364006	RIGHT	chr2L:4363652-4364006	chr2L	4363652	4364006	FBgn0020762_meso/chr2L_4282002-4282202__chr2L_4363652-4364006/enhancers/chr2L_4363652-4364006.fa	354
FBgn0020762_meso	FBgn0020762_meso/chr2L_4282002-4282202__chr2L_4368795-4369066	LEFT	chr2L:4282002-4282202	chr2L	4282002	4282202	FBgn0020762_meso/chr2L_4282002-4282202__chr2L_4368795-4369066/enhancers/chr2L_4282002-4282202.fa	200
FBgn0020762_meso	FBgn0020762_meso/chr2L_4282002-4282202__chr2L_4368795-4369066	RIGHT	chr2L:4368795-4369066	chr2L	4368795	4369066	FBgn0020762_meso/chr2L_4282002-4282202__chr2L_4368795-4369066/enhancers/chr2L_4368795-4369066.fa	271
FBgn0020762_meso	FBgn0020762_meso/chr2L_4282002-4282202__chr2L_4370195-4370400	LEFT	chr2L:4282002-4282202	chr2L	4282002	4282202	FBgn0020762_meso/chr2L_4282002-4282202__chr2L_4370195-4370400/enhancers/chr2L_4282002-4282202.fa	200
FBgn0020762_meso	FBgn0020762_meso/chr2L_4282002-4282202__chr2L_4370195-4370400	RIGHT	chr2L:4370195-4370400	chr2L	4370195	4370400	FBgn0020762_meso/chr2L_4282002-4282202__chr2L_4370195-4370400/enhancers/chr2L_4370195-4370400.fa	205
FBgn0020762_meso	FBgn0020762_meso/chr2L_4363652-4364006__chr2L_4368795-4369066	LEFT	chr2L:4363652-4364006	chr2L	4363652	4364006	FBgn0020762_meso/chr2L_4363652-4364006__chr2L_4368795-4369066/enhancers/chr2L_4363652-4364006.fa	354
FBgn0020762_meso	FBgn0020762_meso/chr2L_4363652-4364006__chr2L_4368795-4369066	RIGHT	chr2L:4368795-4369066	chr2L	4368795	4369066	FBgn0020762_meso/chr2L_4363652-4364006__chr2L_4368795-4369066/enhancers/chr2L_4368795-4369066.fa	271
FBgn0020762_meso	FBgn0020762_meso/chr2L_4363652-4364006__chr2L_4370195-4370400	LEFT	chr2L:4363652-4364006	chr2L	4363652	4364006	FBgn0020762_meso/chr2L_4363652-4364006__chr2L_4370195-4370400/enhancers/chr2L_4363652-4364006.fa	354
FBgn0020762_meso	FBgn0020762_meso/chr2L_4363652-4364006__chr2L_4370195-4370400	RIGHT	chr2L:4370195-4370400	chr2L	4370195	4370400	FBgn0020762_meso/chr2L_4363652-4364006__chr2L_4370195-4370400/enhancers/chr2L_4370195-4370400.fa	205
FBgn0020762_meso	FBgn0020762_meso/chr2L_4368795-4369066__chr2L_4370195-4370400	LEFT	chr2L:4368795-4369066	chr2L	4368795	4369066	FBgn0020762_meso/chr2L_4368795-4369066__chr2L_4370195-4370400/enhancers/chr2L_4368795-4369066.fa	271
FBgn0020762_meso	FBgn0020762_meso/chr2L_4368795-4369066__chr2L_4370195-4370400	RIGHT	chr2L:4370195-4370400	chr2L	4370195	4370400	FBgn0020762_meso/chr2L_4368795-4369066__chr2L_4370195-4370400/enhancers/chr2L_4370195-4370400.fa	205
FBgn0024250_meso	FBgn0024250_meso/chrX_7248231-7248431__chrX_7271398-7271982	LEFT	chrX:7248231-7248431	chrX	7248231	7248431	FBgn0024250_meso/chrX_7248231-7248431__chrX_7271398-7271982/enhancers/chrX_7248231-7248431.fa	200
FBgn0024250_meso	FBgn0024250_meso/chrX_7248231-7248431__chrX_7271398-7271982	RIGHT	chrX:7271398-7271982	chrX	7271398	7271982	FBgn0024250_meso/chrX_7248231-7248431__chrX_7271398-7271982/enhancers/chrX_7271398-7271982.fa	584
FBgn0026320_meso	FBgn0026320_meso/chr3L_14936376-14936760__chr3L_14939995-14940646	LEFT	chr3L:14936376-14936760	chr3L	14936376	14936760	FBgn0026320_meso/chr3L_14936376-14936760__chr3L_14939995-14940646/enhancers/chr3L_14936376-14936760.fa	384
FBgn0026320_meso	FBgn0026320_meso/chr3L_14936376-14936760__chr3L_14939995-14940646	RIGHT	chr3L:14939995-14940646	chr3L	14939995	14940646	FBgn0026320_meso/chr3L_14936376-14936760__chr3L_14939995-14940646/enhancers/chr3L_14939995-14940646.fa	651
FBgn0026320_meso	FBgn0026320_meso/chr3L_14936376-14936760__chr3L_14944241-14944774	LEFT	chr3L:14936376-14936760	chr3L	14936376	14936760	FBgn0026320_meso/chr3L_14936376-14936760__chr3L_14944241-14944774/enhancers/chr3L_14936376-14936760.fa	384
FBgn0026320_meso	FBgn0026320_meso/chr3L_14936376-14936760__chr3L_14944241-14944774	RIGHT	chr3L:14944241-14944774	chr3L	14944241	14944774	FBgn0026320_meso/chr3L_14936376-14936760__chr3L_14944241-14944774/enhancers/chr3L_14944241-14944774.fa	533
FBgn0026320_meso	FBgn0026320_meso/chr3L_14936376-14936760__chr3L_14948136-14948479	LEFT	chr3L:14936376-14936760	chr3L	14936376	14936760	FBgn0026320_meso/chr3L_14936376-14936760__chr3L_14948136-14948479/enhancers/chr3L_14936376-14936760.fa	384
FBgn0026320_meso	FBgn0026320_meso/chr3L_14936376-14936760__chr3L_14948136-14948479	RIGHT	chr3L:14948136-14948479	chr3L	14948136	14948479	FBgn0026320_meso/chr3L_14936376-14936760__chr3L_14948136-14948479/enhancers/chr3L_14948136-14948479.fa	343
FBgn0026320_meso	FBgn0026320_meso/chr3L_14939995-14940646__chr3L_14944241-14944774	LEFT	chr3L:14939995-14940646	chr3L	14939995	14940646	FBgn0026320_meso/chr3L_14939995-14940646__chr3L_14944241-14944774/enhancers/chr3L_14939995-14940646.fa	651
FBgn0026320_meso	FBgn0026320_meso/chr3L_14939995-14940646__chr3L_14944241-14944774	RIGHT	chr3L:14944241-14944774	chr3L	14944241	14944774	FBgn0026320_meso/chr3L_14939995-14940646__chr3L_14944241-14944774/enhancers/chr3L_14944241-14944774.fa	533
FBgn0026320_meso	FBgn0026320_meso/chr3L_14939995-14940646__chr3L_14948136-14948479	LEFT	chr3L:14939995-14940646	chr3L	14939995	14940646	FBgn0026320_meso/chr3L_14939995-14940646__chr3L_14948136-14948479/enhancers/chr3L_14939995-14940646.fa	651
FBgn0026320_meso	FBgn0026320_meso/chr3L_14939995-14940646__chr3L_14948136-14948479	RIGHT	chr3L:14948136-14948479	chr3L	14948136	14948479	FBgn0026320_meso/chr3L_14939995-14940646__chr3L_14948136-14948479/enhancers/chr3L_14948136-14948479.fa	343
FBgn0026320_meso	FBgn0026320_meso/chr3L_14944241-14944774__chr3L_14948136-14948479	LEFT	chr3L:14944241-14944774	chr3L	14944241	14944774	FBgn0026320_meso/chr3L_14944241-14944774__chr3L_14948136-14948479/enhancers/chr3L_14944241-14944774.fa	533
FBgn0026320_meso	FBgn0026320_meso/chr3L_14944241-14944774__chr3L_14948136-14948479	RIGHT	chr3L:14948136-14948479	chr3L	14948136	14948479	FBgn0026320_meso/chr3L_14944241-14944774__chr3L_14948136-14948479/enhancers/chr3L_14948136-14948479.fa	343
FBgn0028895_meso	FBgn0028895_meso/chr2L_16276078-16276279__chr2L_16277332-16277560	LEFT	chr2L:16276078-16276279	chr2L	16276078	16276279	FBgn0028895_meso/chr2L_16276078-16276279__chr2L_16277332-16277560/enhancers/chr2L_16276078-16276279.fa	201
FBgn0028895_meso	FBgn0028895_meso/chr2L_16276078-16276279__chr2L_16277332-16277560	RIGHT	chr2L:16277332-16277560	chr2L	16277332	16277560	FBgn0028895_meso/chr2L_16276078-16276279__chr2L_16277332-16277560/enhancers/chr2L_16277332-16277560.fa	228
FBgn0032864_meso	FBgn0032864_meso/chr2L_20468678-20469091__chr2L_20473787-20474193	LEFT	chr2L:20468678-20469091	chr2L	20468678	20469091	FBgn0032864_meso/chr2L_20468678-20469091__chr2L_20473787-20474193/enhancers/chr2L_20468678-20469091.fa	413
FBgn0032864_meso	FBgn0032864_meso/chr2L_20468678-20469091__chr2L_20473787-20474193	RIGHT	chr2L:20473787-20474193	chr2L	20473787	20474193	FBgn0032864_meso/chr2L_20468678-20469091__chr2L_20473787-20474193/enhancers/chr2L_20473787-20474193.fa	406
FBgn0033310_meso	FBgn0033310_meso/chr2R_8260764-8261094__chr2R_8264126-8264454	LEFT	chr2R:8260764-8261094	chr2R	8260764	8261094	FBgn0033310_meso/chr2R_8260764-8261094__chr2R_8264126-8264454/enhancers/chr2R_8260764-8261094.fa	330
FBgn0033310_meso	FBgn0033310_meso/chr2R_8260764-8261094__chr2R_8264126-8264454	RIGHT	chr2R:8264126-8264454	chr2R	8264126	8264454	FBgn0033310_meso/chr2R_8260764-8261094__chr2R_8264126-8264454/enhancers/chr2R_8264126-8264454.fa	328
FBgn0034013_meso	FBgn0034013_meso/chr2R_14977821-14978455__chr2R_14980641-14981129	LEFT	chr2R:14977821-14978455	chr2R	14977821	14978455	FBgn0034013_meso/chr2R_14977821-14978455__chr2R_14980641-14981129/enhancers/chr2R_14977821-14978455.fa	634
FBgn0034013_meso	FBgn0034013_meso/chr2R_14977821-14978455__chr2R_14980641-14981129	RIGHT	chr2R:14980641-14981129	chr2R	14980641	14981129	FBgn0034013_meso/chr2R_14977821-14978455__chr2R_14980641-14981129/enhancers/chr2R_14980641-14981129.fa	488
FBgn0034013_meso	FBgn0034013_meso/chr2R_14977821-14978455__chr2R_15006081-15006369	LEFT	chr2R:14977821-14978455	chr2R	14977821	14978455	FBgn0034013_meso/chr2R_14977821-14978455__chr2R_15006081-15006369/enhancers/chr2R_14977821-14978455.fa	634
FBgn0034013_meso	FBgn0034013_meso/chr2R_14977821-14978455__chr2R_15006081-15006369	RIGHT	chr2R:15006081-15006369	chr2R	15006081	15006369	FBgn0034013_meso/chr2R_14977821-14978455__chr2R_15006081-15006369/enhancers/chr2R_15006081-15006369.fa	288
FBgn0034013_meso	FBgn0034013_meso/chr2R_14980641-14981129__chr2R_15006081-15006369	LEFT	chr2R:14980641-14981129	chr2R	14980641	14981129	FBgn0034013_meso/chr2R_14980641-14981129__chr2R_15006081-15006369/enhancers/chr2R_14980641-14981129.fa	488
FBgn0034013_meso	FBgn0034013_meso/chr2R_14980641-14981129__chr2R_15006081-15006369	RIGHT	chr2R:15006081-15006369	chr2R	15006081	15006369	FBgn0034013_meso/chr2R_14980641-14981129__chr2R_15006081-15006369/enhancers/chr2R_15006081-15006369.fa	288
FBgn0037207_meso	FBgn0037207_meso/chr3L_22888570-22889072__chr3L_22893393-22893593	LEFT	chr3L:22888570-22889072	chr3L	22888570	22889072	FBgn0037207_meso/chr3L_22888570-22889072__chr3L_22893393-22893593/enhancers/chr3L_22888570-22889072.fa	502
FBgn0037207_meso	FBgn0037207_meso/chr3L_22888570-22889072__chr3L_22893393-22893593	RIGHT	chr3L:22893393-22893593	chr3L	22893393	22893593	FBgn0037207_meso/chr3L_22888570-22889072__chr3L_22893393-22893593/enhancers/chr3L_22893393-22893593.fa	200
FBgn0051536_meso	FBgn0051536_meso/chr3R_4976947-4977343__chr3R_4979211-4979648	LEFT	chr3R:4976947-4977343	chr3R	4976947	4977343	FBgn0051536_meso/chr3R_4976947-4977343__chr3R_4979211-4979648/enhancers/chr3R_4976947-4977343.fa	396
FBgn0051536_meso	FBgn0051536_meso/chr3R_4976947-4977343__chr3R_4979211-4979648	RIGHT	chr3R:4979211-4979648	chr3R	4979211	4979648	FBgn0051536_meso/chr3R_4976947-4977343__chr3R_4979211-4979648/enhancers/chr3R_4979211-4979648.fa	437
FBgn0052528_meso	FBgn0052528_meso/chrX_19712135-19712461__chrX_19713152-19713438	LEFT	chrX:19712135-19712461	chrX	19712135	19712461	FBgn0052528_meso/chrX_19712135-19712461__chrX_19713152-19713438/enhancers/chrX_19712135-19712461.fa	326
FBgn0052528_meso	FBgn0052528_meso/chrX_19712135-19712461__chrX_19713152-19713438	RIGHT	chrX:19713152-19713438	chrX	19713152	19713438	FBgn0052528_meso/chrX_19712135-19712461__chrX_19713152-19713438/enhancers/chrX_19713152-19713438.fa	286
FBgn0052982_meso	FBgn0052982_meso/chr2L_9145723-9146075__chr2L_9150928-9151180	LEFT	chr2L:9145723-9146075	chr2L	9145723	9146075	FBgn0052982_meso/chr2L_9145723-9146075__chr2L_9150928-9151180/enhancers/chr2L_9145723-9146075.fa	352
FBgn0052982_meso	FBgn0052982_meso/chr2L_9145723-9146075__chr2L_9150928-9151180	RIGHT	chr2L:9150928-9151180	chr2L	9150928	9151180	FBgn0052982_meso/chr2L_9145723-9146075__chr2L_9150928-9151180/enhancers/chr2L_9150928-9151180.fa	252
FBgn0000406_vm_sm	FBgn0000406_vm_sm/chr2L_16757637-16757844__chr2L_16762522-16762722	LEFT	chr2L:16757637-16757844	chr2L	16757637	16757844	FBgn0000406_vm_sm/chr2L_16757637-16757844__chr2L_16762522-16762722/enhancers/chr2L_16757637-16757844.fa	207
FBgn0000406_vm_sm	FBgn0000406_vm_sm/chr2L_16757637-16757844__chr2L_16762522-16762722	RIGHT	chr2L:16762522-16762722	chr2L	16762522	16762722	FBgn0000406_vm_sm/chr2L_16757637-16757844__chr2L_16762522-16762722/enhancers/chr2L_16762522-16762722.fa	200
FBgn0000406_vm_sm	FBgn0000406_vm_sm/chr2L_16757637-16757844__chr2L_16763500-16763743	LEFT	chr2L:16757637-16757844	chr2L	16757637	16757844	FBgn0000406_vm_sm/chr2L_16757637-16757844__chr2L_16763500-16763743/enhancers/chr2L_16757637-16757844.fa	207
FBgn0000406_vm_sm	FBgn0000406_vm_sm/chr2L_16757637-16757844__chr2L_16763500-16763743	RIGHT	chr2L:16763500-16763743	chr2L	16763500	16763743	FBgn0000406_vm_sm/chr2L_16757637-16757844__chr2L_16763500-16763743/enhancers/chr2L_16763500-16763743.fa	243
FBgn0000406_vm_sm	FBgn0000406_vm_sm/chr2L_16757637-16757844__chr2L_16764311-16764631	LEFT	chr2L:16757637-16757844	chr2L	16757637	16757844	FBgn0000406_vm_sm/chr2L_16757637-16757844__chr2L_16764311-16764631/enhancers/chr2L_16757637-16757844.fa	207
FBgn0000406_vm_sm	FBgn0000406_vm_sm/chr2L_16757637-16757844__chr2L_16764311-16764631	RIGHT	chr2L:16764311-16764631	chr2L	16764311	16764631	FBgn0000406_vm_sm/chr2L_16757637-16757844__chr2L_16764311-16764631/enhancers/chr2L_16764311-16764631.fa	320
FBgn0000406_vm_sm	FBgn0000406_vm_sm/chr2L_16762522-16762722__chr2L_16763500-16763743	LEFT	chr2L:16762522-16762722	chr2L	16762522	16762722	FBgn0000406_vm_sm/chr2L_16762522-16762722__chr2L_16763500-16763743/enhancers/chr2L_16762522-16762722.fa	200
FBgn0000406_vm_sm	FBgn0000406_vm_sm/chr2L_16762522-16762722__chr2L_16763500-16763743	RIGHT	chr2L:16763500-16763743	chr2L	16763500	16763743	FBgn0000406_vm_sm/chr2L_16762522-16762722__chr2L_16763500-16763743/enhancers/chr2L_16763500-16763743.fa	243
FBgn0000406_vm_sm	FBgn0000406_vm_sm/chr2L_16762522-16762722__chr2L_16764311-16764631	LEFT	chr2L:16762522-16762722	chr2L	16762522	16762722	FBgn0000406_vm_sm/chr2L_16762522-16762722__chr2L_16764311-16764631/enhancers/chr2L_16762522-16762722.fa	200
FBgn0000406_vm_sm	FBgn0000406_vm_sm/chr2L_16762522-16762722__chr2L_16764311-16764631	RIGHT	chr2L:16764311-16764631	chr2L	16764311	16764631	FBgn0000406_vm_sm/chr2L_16762522-16762722__chr2L_16764311-16764631/enhancers/chr2L_16764311-16764631.fa	320
FBgn0000406_vm_sm	FBgn0000406_vm_sm/chr2L_16763500-16763743__chr2L_16764311-16764631	LEFT	chr2L:16763500-16763743	chr2L	16763500	16763743	FBgn0000406_vm_sm/chr2L_16763500-16763743__chr2L_16764311-16764631/enhancers/chr2L_16763500-16763743.fa	243
FBgn0000406_vm_sm	FBgn0000406_vm_sm/chr2L_16763500-16763743__chr2L_16764311-16764631	RIGHT	chr2L:16764311-16764631	chr2L	16764311	16764631	FBgn0000406_vm_sm/chr2L_16763500-16763743__chr2L_16764311-16764631/enhancers/chr2L_16764311-16764631.fa	320
FBgn0001124_vm_sm	FBgn0001124_vm_sm/chr2R_15757455-15757986__chr2R_15777722-15778274	LEFT	chr2R:15757455-15757986	chr2R	15757455	15757986	FBgn0001124_vm_sm/chr2R_15757455-15757986__chr2R_15777722-15778274/enhancers/chr2R_15757455-15757986.fa	531
FBgn0001124_vm_sm	FBgn0001124_vm_sm/chr2R_15757455-15757986__chr2R_15777722-15778274	RIGHT	chr2R:15777722-15778274	chr2R	15777722	15778274	FBgn0001124_vm_sm/chr2R_15757455-15757986__chr2R_15777722-15778274/enhancers/chr2R_15777722-15778274.fa	552
FBgn0001124_vm_sm	FBgn0001124_vm_sm/chr2R_15757455-15757986__chr2R_15790355-15790636	LEFT	chr2R:15757455-15757986	chr2R	15757455	15757986	FBgn0001124_vm_sm/chr2R_15757455-15757986__chr2R_15790355-15790636/enhancers/chr2R_15757455-15757986.fa	531
FBgn0001124_vm_sm	FBgn0001124_vm_sm/chr2R_15757455-15757986__chr2R_15790355-15790636	RIGHT	chr2R:15790355-15790636	chr2R	15790355	15790636	FBgn0001124_vm_sm/chr2R_15757455-15757986__chr2R_15790355-15790636/enhancers/chr2R_15790355-15790636.fa	281
FBgn0001124_vm_sm	FBgn0001124_vm_sm/chr2R_15777722-15778274__chr2R_15790355-15790636	LEFT	chr2R:15777722-15778274	chr2R	15777722	15778274	FBgn0001124_vm_sm/chr2R_15777722-15778274__chr2R_15790355-15790636/enhancers/chr2R_15777722-15778274.fa	552
FBgn0001124_vm_sm	FBgn0001124_vm_sm/chr2R_15777722-15778274__chr2R_15790355-15790636	RIGHT	chr2R:15790355-15790636	chr2R	15790355	15790636	FBgn0001124_vm_sm/chr2R_15777722-15778274__chr2R_15790355-15790636/enhancers/chr2R_15790355-15790636.fa	281
FBgn0002772_vm_sm	FBgn0002772_vm_sm/chr3R_27636779-27637140__chr3R_27659306-27659544	LEFT	chr3R:27636779-27637140	chr3R	27636779	27637140	FBgn0002772_vm_sm/chr3R_27636779-27637140__chr3R_27659306-27659544/enhancers/chr3R_27636779-27637140.fa	361
FBgn0002772_vm_sm	FBgn0002772_vm_sm/chr3R_27636779-27637140__chr3R_27659306-27659544	RIGHT	chr3R:27659306-27659544	chr3R	27659306	27659544	FBgn0002772_vm_sm/chr3R_27636779-27637140__chr3R_27659306-27659544/enhancers/chr3R_27659306-27659544.fa	238
FBgn0002772_vm_sm	FBgn0002772_vm_sm/chr3R_27636779-27637140__chr3R_27660249-27660711	LEFT	chr3R:27636779-27637140	chr3R	27636779	27637140	FBgn0002772_vm_sm/chr3R_27636779-27637140__chr3R_27660249-27660711/enhancers/chr3R_27636779-27637140.fa	361
FBgn0002772_vm_sm	FBgn0002772_vm_sm/chr3R_27636779-27637140__chr3R_27660249-27660711	RIGHT	chr3R:27660249-27660711	chr3R	27660249	27660711	FBgn0002772_vm_sm/chr3R_27636779-27637140__chr3R_27660249-27660711/enhancers/chr3R_27660249-27660711.fa	462
FBgn0002772_vm_sm	FBgn0002772_vm_sm/chr3R_27659306-27659544__chr3R_27660249-27660711	LEFT	chr3R:27659306-27659544	chr3R	27659306	27659544	FBgn0002772_vm_sm/chr3R_27659306-27659544__chr3R_27660249-27660711/enhancers/chr3R_27659306-27659544.fa	238
FBgn0002772_vm_sm	FBgn0002772_vm_sm/chr3R_27659306-27659544__chr3R_27660249-27660711	RIGHT	chr3R:27660249-27660711	chr3R	27660249	27660711	FBgn0002772_vm_sm/chr3R_27659306-27659544__chr3R_27660249-27660711/enhancers/chr3R_27660249-27660711.fa	462
FBgn0002773_vm_sm	FBgn0002773_vm_sm/chr3R_30174222-30174422__chr3R_30175122-30175322	LEFT	chr3R:30174222-30174422	chr3R	30174222	30174422	FBgn0002773_vm_sm/chr3R_30174222-30174422__chr3R_30175122-30175322/enhancers/chr3R_30174222-30174422.fa	200
FBgn0002773_vm_sm	FBgn0002773_vm_sm/chr3R_30174222-30174422__chr3R_30175122-30175322	RIGHT	chr3R:30175122-30175322	chr3R	30175122	30175322	FBgn0002773_vm_sm/chr3R_30174222-30174422__chr3R_30175122-30175322/enhancers/chr3R_30175122-30175322.fa	200
FBgn0002789_vm_sm	FBgn0002789_vm_sm/chr2R_12872374-12872767__chr2R_12873676-12873937	LEFT	chr2R:12872374-12872767	chr2R	12872374	12872767	FBgn0002789_vm_sm/chr2R_12872374-12872767__chr2R_12873676-12873937/enhancers/chr2R_12872374-12872767.fa	393
FBgn0002789_vm_sm	FBgn0002789_vm_sm/chr2R_12872374-12872767__chr2R_12873676-12873937	RIGHT	chr2R:12873676-12873937	chr2R	12873676	12873937	FBgn0002789_vm_sm/chr2R_12872374-12872767__chr2R_12873676-12873937/enhancers/chr2R_12873676-12873937.fa	261
FBgn0003721_vm_sm	FBgn0003721_vm_sm/chr3R_15280609-15280877__chr3R_15282470-15282698	LEFT	chr3R:15280609-15280877	chr3R	15280609	15280877	FBgn0003721_vm_sm/chr3R_15280609-15280877__chr3R_15282470-15282698/enhancers/chr3R_15280609-15280877.fa	268
FBgn0003721_vm_sm	FBgn0003721_vm_sm/chr3R_15280609-15280877__chr3R_15282470-15282698	RIGHT	chr3R:15282470-15282698	chr3R	15282470	15282698	FBgn0003721_vm_sm/chr3R_15280609-15280877__chr3R_15282470-15282698/enhancers/chr3R_15282470-15282698.fa	228
FBgn0003721_vm_sm	FBgn0003721_vm_sm/chr3R_15280609-15280877__chr3R_15286228-15286550	LEFT	chr3R:15280609-15280877	chr3R	15280609	15280877	FBgn0003721_vm_sm/chr3R_15280609-15280877__chr3R_15286228-15286550/enhancers/chr3R_15280609-15280877.fa	268
FBgn0003721_vm_sm	FBgn0003721_vm_sm/chr3R_15280609-15280877__chr3R_15286228-15286550	RIGHT	chr3R:15286228-15286550	chr3R	15286228	15286550	FBgn0003721_vm_sm/chr3R_15280609-15280877__chr3R_15286228-15286550/enhancers/chr3R_15286228-15286550.fa	322
FBgn0003721_vm_sm	FBgn0003721_vm_sm/chr3R_15280609-15280877__chr3R_15289850-15290050	LEFT	chr3R:15280609-15280877	chr3R	15280609	15280877	FBgn0003721_vm_sm/chr3R_15280609-15280877__chr3R_15289850-15290050/enhancers/chr3R_15280609-15280877.fa	268
FBgn0003721_vm_sm	FBgn0003721_vm_sm/chr3R_15280609-15280877__chr3R_15289850-15290050	RIGHT	chr3R:15289850-15290050	chr3R	15289850	15290050	FBgn0003721_vm_sm/chr3R_15280609-15280877__chr3R_15289850-15290050/enhancers/chr3R_15289850-15290050.fa	200
FBgn0003721_vm_sm	FBgn0003721_vm_sm/chr3R_15280609-15280877__chr3R_15309823-15310090	LEFT	chr3R:15280609-15280877	chr3R	15280609	15280877	FBgn0003721_vm_sm/chr3R_15280609-15280877__chr3R_15309823-15310090/enhancers/chr3R_15280609-15280877.fa	268
FBgn0003721_vm_sm	FBgn0003721_vm_sm/chr3R_15280609-15280877__chr3R_15309823-15310090	RIGHT	chr3R:15309823-15310090	chr3R	15309823	15310090	FBgn0003721_vm_sm/chr3R_15280609-15280877__chr3R_15309823-15310090/enhancers/chr3R_15309823-15310090.fa	267
FBgn0003721_vm_sm	FBgn0003721_vm_sm/chr3R_15280609-15280877__chr3R_15311608-15312057	LEFT	chr3R:15280609-15280877	chr3R	15280609	15280877	FBgn0003721_vm_sm/chr3R_15280609-15280877__chr3R_15311608-15312057/enhancers/chr3R_15280609-15280877.fa	268
FBgn0003721_vm_sm	FBgn0003721_vm_sm/chr3R_15280609-15280877__chr3R_15311608-15312057	RIGHT	chr3R:15311608-15312057	chr3R	15311608	15312057	FBgn0003721_vm_sm/chr3R_15280609-15280877__chr3R_15311608-15312057/enhancers/chr3R_15311608-15312057.fa	449
FBgn0003721_vm_sm	FBgn0003721_vm_sm/chr3R_15282470-15282698__chr3R_15286228-15286550	LEFT	chr3R:15282470-15282698	chr3R	15282470	15282698	FBgn0003721_vm_sm/chr3R_15282470-15282698__chr3R_15286228-15286550/enhancers/chr3R_15282470-15282698.fa	228
FBgn0003721_vm_sm	FBgn0003721_vm_sm/chr3R_15282470-15282698__chr3R_15286228-15286550	RIGHT	chr3R:15286228-15286550	chr3R	15286228	15286550	FBgn0003721_vm_sm/chr3R_15282470-15282698__chr3R_15286228-15286550/enhancers/chr3R_15286228-15286550.fa	322
FBgn0003721_vm_sm	FBgn0003721_vm_sm/chr3R_15282470-15282698__chr3R_15289850-15290050	LEFT	chr3R:15282470-15282698	chr3R	15282470	15282698	FBgn0003721_vm_sm/chr3R_15282470-15282698__chr3R_15289850-15290050/enhancers/chr3R_15282470-15282698.fa	228
FBgn0003721_vm_sm	FBgn0003721_vm_sm/chr3R_15282470-15282698__chr3R_15289850-15290050	RIGHT	chr3R:15289850-15290050	chr3R	15289850	15290050	FBgn0003721_vm_sm/chr3R_15282470-15282698__chr3R_15289850-15290050/enhancers/chr3R_15289850-15290050.fa	200
FBgn0003721_vm_sm	FBgn0003721_vm_sm/chr3R_15282470-15282698__chr3R_15309823-15310090	LEFT	chr3R:15282470-15282698	chr3R	15282470	15282698	FBgn0003721_vm_sm/chr3R_15282470-15282698__chr3R_15309823-15310090/enhancers/chr3R_15282470-15282698.fa	228
FBgn0003721_vm_sm	FBgn0003721_vm_sm/chr3R_15282470-15282698__chr3R_15309823-15310090	RIGHT	chr3R:15309823-15310090	chr3R	15309823	15310090	FBgn0003721_vm_sm/chr3R_15282470-15282698__chr3R_15309823-15310090/enhancers/chr3R_15309823-15310090.fa	267
FBgn0003721_vm_sm	FBgn0003721_vm_sm/chr3R_15282470-15282698__chr3R_15311608-15312057	LEFT	chr3R:15282470-15282698	chr3R	15282470	15282698	FBgn0003721_vm_sm/chr3R_15282470-15282698__chr3R_15311608-15312057/enhancers/chr3R_15282470-15282698.fa	228
FBgn0003721_vm_sm	FBgn0003721_vm_sm/chr3R_15282470-15282698__chr3R_15311608-15312057	RIGHT	chr3R:15311608-15312057	chr3R	15311608	15312057	FBgn0003721_vm_sm/chr3R_15282470-15282698__chr3R_15311608-15312057/enhancers/chr3R_15311608-15312057.fa	449
FBgn0003721_vm_sm	FBgn0003721_vm_sm/chr3R_15286228-15286550__chr3R_15289850-15290050	LEFT	chr3R:15286228-15286550	chr3R	15286228	15286550	FBgn0003721_vm_sm/chr3R_15286228-15286550__chr3R_15289850-15290050/enhancers/chr3R_15286228-15286550.fa	322
FBgn0003721_vm_sm	FBgn0003721_vm_sm/chr3R_15286228-15286550__chr3R_15289850-15290050	RIGHT	chr3R:15289850-15290050	chr3R	15289850	15290050	FBgn0003721_vm_sm/chr3R_15286228-15286550__chr3R_15289850-15290050/enhancers/chr3R_15289850-15290050.fa	200
FBgn0003721_vm_sm	FBgn0003721_vm_sm/chr3R_15286228-15286550__chr3R_15309823-15310090	LEFT	chr3R:15286228-15286550	chr3R	15286228	15286550	FBgn0003721_vm_sm/chr3R_15286228-15286550__chr3R_15309823-15310090/enhancers/chr3R_15286228-15286550.fa	322
FBgn0003721_vm_sm	FBgn0003721_vm_sm/chr3R_15286228-15286550__chr3R_15309823-15310090	RIGHT	chr3R:15309823-15310090	chr3R	15309823	15310090	FBgn0003721_vm_sm/chr3R_15286228-15286550__chr3R_15309823-15310090/enhancers/chr3R_15309823-15310090.fa	267
FBgn0003721_vm_sm	FBgn0003721_vm_sm/chr3R_15286228-15286550__chr3R_15311608-15312057	LEFT	chr3R:15286228-15286550	chr3R	15286228	15286550	FBgn0003721_vm_sm/chr3R_15286228-15286550__chr3R_15311608-15312057/enhancers/chr3R_15286228-15286550.fa	322
FBgn0003721_vm_sm	FBgn0003721_vm_sm/chr3R_15286228-15286550__chr3R_15311608-15312057	RIGHT	chr3R:15311608-15312057	chr3R	15311608	15312057	FBgn0003721_vm_sm/chr3R_15286228-15286550__chr3R_15311608-15312057/enhancers/chr3R_15311608-15312057.fa	449
FBgn0003721_vm_sm	FBgn0003721_vm_sm/chr3R_15289850-15290050__chr3R_15309823-15310090	LEFT	chr3R:15289850-15290050	chr3R	15289850	15290050	FBgn0003721_vm_sm/chr3R_15289850-15290050__chr3R_15309823-15310090/enhancers/chr3R_15289850-15290050.fa	200
FBgn0003721_vm_sm	FBgn0003721_vm_sm/chr3R_15289850-15290050__chr3R_15309823-15310090	RIGHT	chr3R:15309823-15310090	chr3R	15309823	15310090	FBgn0003721_vm_sm/chr3R_15289850-15290050__chr3R_15309823-15310090/enhancers/chr3R_15309823-15310090.fa	267
FBgn0003721_vm_sm	FBgn0003721_vm_sm/chr3R_15289850-15290050__chr3R_15311608-15312057	LEFT	chr3R:15289850-15290050	chr3R	15289850	15290050	FBgn0003721_vm_sm/chr3R_15289850-15290050__chr3R_15311608-15312057/enhancers/chr3R_15289850-15290050.fa	200
FBgn0003721_vm_sm	FBgn0003721_vm_sm/chr3R_15289850-15290050__chr3R_15311608-15312057	RIGHT	chr3R:15311608-15312057	chr3R	15311608	15312057	FBgn0003721_vm_sm/chr3R_15289850-15290050__chr3R_15311608-15312057/enhancers/chr3R_15311608-15312057.fa	449
FBgn0003721_vm_sm	FBgn0003721_vm_sm/chr3R_15309823-15310090__chr3R_15311608-15312057	LEFT	chr3R:15309823-15310090	chr3R	15309823	15310090	FBgn0003721_vm_sm/chr3R_15309823-15310090__chr3R_15311608-15312057/enhancers/chr3R_15309823-15310090.fa	267
FBgn0003721_vm_sm	FBgn0003721_vm_sm/chr3R_15309823-15310090__chr3R_15311608-15312057	RIGHT	chr3R:15311608-15312057	chr3R	15311608	15312057	FBgn0003721_vm_sm/chr3R_15309823-15310090__chr3R_15311608-15312057/enhancers/chr3R_15311608-15312057.fa	449
FBgn0004101_vm_sm	FBgn0004101_vm_sm/chr2R_23924684-23925158__chr2R_23948285-23948607	LEFT	chr2R:23924684-23925158	chr2R	23924684	23925158	FBgn0004101_vm_sm/chr2R_23924684-23925158__chr2R_23948285-23948607/enhancers/chr2R_23924684-23925158.fa	474
FBgn0004101_vm_sm	FBgn0004101_vm_sm/chr2R_23924684-23925158__chr2R_23948285-23948607	RIGHT	chr2R:23948285-23948607	chr2R	23948285	23948607	FBgn0004101_vm_sm/chr2R_23924684-23925158__chr2R_23948285-23948607/enhancers/chr2R_23948285-23948607.fa	322
FBgn0004169_vm_sm	FBgn0004169_vm_sm/chrX_13540438-13540671__chrX_13541354-13541663	LEFT	chrX:13540438-13540671	chrX	13540438	13540671	FBgn0004169_vm_sm/chrX_13540438-13540671__chrX_13541354-13541663/enhancers/chrX_13540438-13540671.fa	233
FBgn0004169_vm_sm	FBgn0004169_vm_sm/chrX_13540438-13540671__chrX_13541354-13541663	RIGHT	chrX:13541354-13541663	chrX	13541354	13541663	FBgn0004169_vm_sm/chrX_13540438-13540671__chrX_13541354-13541663/enhancers/chrX_13541354-13541663.fa	309
FBgn0004169_vm_sm	FBgn0004169_vm_sm/chrX_13540438-13540671__chrX_13544237-13544746	LEFT	chrX:13540438-13540671	chrX	13540438	13540671	FBgn0004169_vm_sm/chrX_13540438-13540671__chrX_13544237-13544746/enhancers/chrX_13540438-13540671.fa	233
FBgn0004169_vm_sm	FBgn0004169_vm_sm/chrX_13540438-13540671__chrX_13544237-13544746	RIGHT	chrX:13544237-13544746	chrX	13544237	13544746	FBgn0004169_vm_sm/chrX_13540438-13540671__chrX_13544237-13544746/enhancers/chrX_13544237-13544746.fa	509
FBgn0004169_vm_sm	FBgn0004169_vm_sm/chrX_13540438-13540671__chrX_13566080-13566336	LEFT	chrX:13540438-13540671	chrX	13540438	13540671	FBgn0004169_vm_sm/chrX_13540438-13540671__chrX_13566080-13566336/enhancers/chrX_13540438-13540671.fa	233
FBgn0004169_vm_sm	FBgn0004169_vm_sm/chrX_13540438-13540671__chrX_13566080-13566336	RIGHT	chrX:13566080-13566336	chrX	13566080	13566336	FBgn0004169_vm_sm/chrX_13540438-13540671__chrX_13566080-13566336/enhancers/chrX_13566080-13566336.fa	256
FBgn0004169_vm_sm	FBgn0004169_vm_sm/chrX_13541354-13541663__chrX_13544237-13544746	LEFT	chrX:13541354-13541663	chrX	13541354	13541663	FBgn0004169_vm_sm/chrX_13541354-13541663__chrX_13544237-13544746/enhancers/chrX_13541354-13541663.fa	309
FBgn0004169_vm_sm	FBgn0004169_vm_sm/chrX_13541354-13541663__chrX_13544237-13544746	RIGHT	chrX:13544237-13544746	chrX	13544237	13544746	FBgn0004169_vm_sm/chrX_13541354-13541663__chrX_13544237-13544746/enhancers/chrX_13544237-13544746.fa	509
FBgn0004169_vm_sm	FBgn0004169_vm_sm/chrX_13541354-13541663__chrX_13566080-13566336	LEFT	chrX:13541354-13541663	chrX	13541354	13541663	FBgn0004169_vm_sm/chrX_13541354-13541663__chrX_13566080-13566336/enhancers/chrX_13541354-13541663.fa	309
FBgn0004169_vm_sm	FBgn0004169_vm_sm/chrX_13541354-13541663__chrX_13566080-13566336	RIGHT	chrX:13566080-13566336	chrX	13566080	13566336	FBgn0004169_vm_sm/chrX_13541354-13541663__chrX_13566080-13566336/enhancers/chrX_13566080-13566336.fa	256
FBgn0004169_vm_sm	FBgn0004169_vm_sm/chrX_13544237-13544746__chrX_13566080-13566336	LEFT	chrX:13544237-13544746	chrX	13544237	13544746	FBgn0004169_vm_sm/chrX_13544237-13544746__chrX_13566080-13566336/enhancers/chrX_13544237-13544746.fa	509
FBgn0004169_vm_sm	FBgn0004169_vm_sm/chrX_13544237-13544746__chrX_13566080-13566336	RIGHT	chrX:13566080-13566336	chrX	13566080	13566336	FBgn0004169_vm_sm/chrX_13544237-13544746__chrX_13566080-13566336/enhancers/chrX_13566080-13566336.fa	256
FBgn0004858_vm_sm	FBgn0004858_vm_sm/chr2L_14410187-14410566__chr2L_14453181-14453682	LEFT	chr2L:14410187-14410566	chr2L	14410187	14410566	FBgn0004858_vm_sm/chr2L_14410187-14410566__chr2L_14453181-14453682/enhancers/chr2L_14410187-14410566.fa	379
FBgn0004858_vm_sm	FBgn0004858_vm_sm/chr2L_14410187-14410566__chr2L_14453181-14453682	RIGHT	chr2L:14453181-14453682	chr2L	14453181	14453682	FBgn0004858_vm_sm/chr2L_14410187-14410566__chr2L_14453181-14453682/enhancers/chr2L_14453181-14453682.fa	501
FBgn0005536_vm_sm	FBgn0005536_vm_sm/chr3L_16018683-16019261__chr3L_16045010-16045232	LEFT	chr3L:16018683-16019261	chr3L	16018683	16019261	FBgn0005536_vm_sm/chr3L_16018683-16019261__chr3L_16045010-16045232/enhancers/chr3L_16018683-16019261.fa	578
FBgn0005536_vm_sm	FBgn0005536_vm_sm/chr3L_16018683-16019261__chr3L_16045010-16045232	RIGHT	chr3L:16045010-16045232	chr3L	16045010	16045232	FBgn0005536_vm_sm/chr3L_16018683-16019261__chr3L_16045010-16045232/enhancers/chr3L_16045010-16045232.fa	222
FBgn0005536_vm_sm	FBgn0005536_vm_sm/chr3L_16018683-16019261__chr3L_16046788-16047125	LEFT	chr3L:16018683-16019261	chr3L	16018683	16019261	FBgn0005536_vm_sm/chr3L_16018683-16019261__chr3L_16046788-16047125/enhancers/chr3L_16018683-16019261.fa	578
FBgn0005536_vm_sm	FBgn0005536_vm_sm/chr3L_16018683-16019261__chr3L_16046788-16047125	RIGHT	chr3L:16046788-16047125	chr3L	16046788	16047125	FBgn0005536_vm_sm/chr3L_16018683-16019261__chr3L_16046788-16047125/enhancers/chr3L_16046788-16047125.fa	337
FBgn0005536_vm_sm	FBgn0005536_vm_sm/chr3L_16045010-16045232__chr3L_16046788-16047125	LEFT	chr3L:16045010-16045232	chr3L	16045010	16045232	FBgn0005536_vm_sm/chr3L_16045010-16045232__chr3L_16046788-16047125/enhancers/chr3L_16045010-16045232.fa	222
FBgn0005536_vm_sm	FBgn0005536_vm_sm/chr3L_16045010-16045232__chr3L_16046788-16047125	RIGHT	chr3L:16046788-16047125	chr3L	16046788	16047125	FBgn0005536_vm_sm/chr3L_16045010-16045232__chr3L_16046788-16047125/enhancers/chr3L_16046788-16047125.fa	337
FBgn0014028_vm_sm	FBgn0014028_vm_sm/chr2R_6411991-6412223__chr2R_6436010-6436295	LEFT	chr2R:6411991-6412223	chr2R	6411991	6412223	FBgn0014028_vm_sm/chr2R_6411991-6412223__chr2R_6436010-6436295/enhancers/chr2R_6411991-6412223.fa	232
FBgn0014028_vm_sm	FBgn0014028_vm_sm/chr2R_6411991-6412223__chr2R_6436010-6436295	RIGHT	chr2R:6436010-6436295	chr2R	6436010	6436295	FBgn0014028_vm_sm/chr2R_6411991-6412223__chr2R_6436010-6436295/enhancers/chr2R_6436010-6436295.fa	285
FBgn0014877_vm_sm	FBgn0014877_vm_sm/chr2R_13164461-13164824__chr2R_13189815-13190137	LEFT	chr2R:13164461-13164824	chr2R	13164461	13164824	FBgn0014877_vm_sm/chr2R_13164461-13164824__chr2R_13189815-13190137/enhancers/chr2R_13164461-13164824.fa	363
FBgn0014877_vm_sm	FBgn0014877_vm_sm/chr2R_13164461-13164824__chr2R_13189815-13190137	RIGHT	chr2R:13189815-13190137	chr2R	13189815	13190137	FBgn0014877_vm_sm/chr2R_13164461-13164824__chr2R_13189815-13190137/enhancers/chr2R_13189815-13190137.fa	322
FBgn0020766_vm_sm	FBgn0020766_vm_sm/chr2R_13555091-13555340__chr2R_13594497-13594795	LEFT	chr2R:13555091-13555340	chr2R	13555091	13555340	FBgn0020766_vm_sm/chr2R_13555091-13555340__chr2R_13594497-13594795/enhancers/chr2R_13555091-13555340.fa	249
FBgn0020766_vm_sm	FBgn0020766_vm_sm/chr2R_13555091-13555340__chr2R_13594497-13594795	RIGHT	chr2R:13594497-13594795	chr2R	13594497	13594795	FBgn0020766_vm_sm/chr2R_13555091-13555340__chr2R_13594497-13594795/enhancers/chr2R_13594497-13594795.fa	298
FBgn0022960_vm_sm	FBgn0022960_vm_sm/chr2R_6608594-6608985__chr2R_6626145-6626383	LEFT	chr2R:6608594-6608985	chr2R	6608594	6608985	FBgn0022960_vm_sm/chr2R_6608594-6608985__chr2R_6626145-6626383/enhancers/chr2R_6608594-6608985.fa	391
FBgn0022960_vm_sm	FBgn0022960_vm_sm/chr2R_6608594-6608985__chr2R_6626145-6626383	RIGHT	chr2R:6626145-6626383	chr2R	6626145	6626383	FBgn0022960_vm_sm/chr2R_6608594-6608985__chr2R_6626145-6626383/enhancers/chr2R_6626145-6626383.fa	238
FBgn0026199_vm_sm	FBgn0026199_vm_sm/chr4_723852-724124__chr4_725008-725208	LEFT	chr4:723852-724124	chr4	723852	724124	FBgn0026199_vm_sm/chr4_723852-724124__chr4_725008-725208/enhancers/chr4_723852-724124.fa	272
FBgn0026199_vm_sm	FBgn0026199_vm_sm/chr4_723852-724124__chr4_725008-725208	RIGHT	chr4:725008-725208	chr4	725008	725208	FBgn0026199_vm_sm/chr4_723852-724124__chr4_725008-725208/enhancers/chr4_725008-725208.fa	200
FBgn0027066_vm_sm	FBgn0027066_vm_sm/chr2R_6359418-6359689__chr2R_6363538-6363738	LEFT	chr2R:6359418-6359689	chr2R	6359418	6359689	FBgn0027066_vm_sm/chr2R_6359418-6359689__chr2R_6363538-6363738/enhancers/chr2R_6359418-6359689.fa	271
FBgn0027066_vm_sm	FBgn0027066_vm_sm/chr2R_6359418-6359689__chr2R_6363538-6363738	RIGHT	chr2R:6363538-6363738	chr2R	6363538	6363738	FBgn0027066_vm_sm/chr2R_6359418-6359689__chr2R_6363538-6363738/enhancers/chr2R_6363538-6363738.fa	200
FBgn0027066_vm_sm	FBgn0027066_vm_sm/chr2R_6359418-6359689__chr2R_6365997-6366271	LEFT	chr2R:6359418-6359689	chr2R	6359418	6359689	FBgn0027066_vm_sm/chr2R_6359418-6359689__chr2R_6365997-6366271/enhancers/chr2R_6359418-6359689.fa	271
FBgn0027066_vm_sm	FBgn0027066_vm_sm/chr2R_6359418-6359689__chr2R_6365997-6366271	RIGHT	chr2R:6365997-6366271	chr2R	6365997	6366271	FBgn0027066_vm_sm/chr2R_6359418-6359689__chr2R_6365997-6366271/enhancers/chr2R_6365997-6366271.fa	274
FBgn0027066_vm_sm	FBgn0027066_vm_sm/chr2R_6363538-6363738__chr2R_6365997-6366271	LEFT	chr2R:6363538-6363738	chr2R	6363538	6363738	FBgn0027066_vm_sm/chr2R_6363538-6363738__chr2R_6365997-6366271/enhancers/chr2R_6363538-6363738.fa	200
FBgn0027066_vm_sm	FBgn0027066_vm_sm/chr2R_6363538-6363738__chr2R_6365997-6366271	RIGHT	chr2R:6365997-6366271	chr2R	6365997	6366271	FBgn0027066_vm_sm/chr2R_6363538-6363738__chr2R_6365997-6366271/enhancers/chr2R_6365997-6366271.fa	274
FBgn0031313_vm_sm	FBgn0031313_vm_sm/chr2L_1157764-1158130__chr2L_1162261-1162810	LEFT	chr2L:1157764-1158130	chr2L	1157764	1158130	FBgn0031313_vm_sm/chr2L_1157764-1158130__chr2L_1162261-1162810/enhancers/chr2L_1157764-1158130.fa	366
FBgn0031313_vm_sm	FBgn0031313_vm_sm/chr2L_1157764-1158130__chr2L_1162261-1162810	RIGHT	chr2L:1162261-1162810	chr2L	1162261	1162810	FBgn0031313_vm_sm/chr2L_1157764-1158130__chr2L_1162261-1162810/enhancers/chr2L_1162261-1162810.fa	549
FBgn0031505_vm_sm	FBgn0031505_vm_sm/chr2L_3095049-3095273__chr2L_3101225-3101432	LEFT	chr2L:3095049-3095273	chr2L	3095049	3095273	FBgn0031505_vm_sm/chr2L_3095049-3095273__chr2L_3101225-3101432/enhancers/chr2L_3095049-3095273.fa	224
FBgn0031505_vm_sm	FBgn0031505_vm_sm/chr2L_3095049-3095273__chr2L_3101225-3101432	RIGHT	chr2L:3101225-3101432	chr2L	3101225	3101432	FBgn0031505_vm_sm/chr2L_3095049-3095273__chr2L_3101225-3101432/enhancers/chr2L_3101225-3101432.fa	207
FBgn0031505_vm_sm	FBgn0031505_vm_sm/chr2L_3095049-3095273__chr2L_3108267-3108563	LEFT	chr2L:3095049-3095273	chr2L	3095049	3095273	FBgn0031505_vm_sm/chr2L_3095049-3095273__chr2L_3108267-3108563/enhancers/chr2L_3095049-3095273.fa	224
FBgn0031505_vm_sm	FBgn0031505_vm_sm/chr2L_3095049-3095273__chr2L_3108267-3108563	RIGHT	chr2L:3108267-3108563	chr2L	3108267	3108563	FBgn0031505_vm_sm/chr2L_3095049-3095273__chr2L_3108267-3108563/enhancers/chr2L_3108267-3108563.fa	296
FBgn0031505_vm_sm	FBgn0031505_vm_sm/chr2L_3095049-3095273__chr2L_3121835-3122035	LEFT	chr2L:3095049-3095273	chr2L	3095049	3095273	FBgn0031505_vm_sm/chr2L_3095049-3095273__chr2L_3121835-3122035/enhancers/chr2L_3095049-3095273.fa	224
FBgn0031505_vm_sm	FBgn0031505_vm_sm/chr2L_3095049-3095273__chr2L_3121835-3122035	RIGHT	chr2L:3121835-3122035	chr2L	3121835	3122035	FBgn0031505_vm_sm/chr2L_3095049-3095273__chr2L_3121835-3122035/enhancers/chr2L_3121835-3122035.fa	200
FBgn0031505_vm_sm	FBgn0031505_vm_sm/chr2L_3101225-3101432__chr2L_3108267-3108563	LEFT	chr2L:3101225-3101432	chr2L	3101225	3101432	FBgn0031505_vm_sm/chr2L_3101225-3101432__chr2L_3108267-3108563/enhancers/chr2L_3101225-3101432.fa	207
FBgn0031505_vm_sm	FBgn0031505_vm_sm/chr2L_3101225-3101432__chr2L_3108267-3108563	RIGHT	chr2L:3108267-3108563	chr2L	3108267	3108563	FBgn0031505_vm_sm/chr2L_3101225-3101432__chr2L_3108267-3108563/enhancers/chr2L_3108267-3108563.fa	296
FBgn0031505_vm_sm	FBgn0031505_vm_sm/chr2L_3101225-3101432__chr2L_3121835-3122035	LEFT	chr2L:3101225-3101432	chr2L	3101225	3101432	FBgn0031505_vm_sm/chr2L_3101225-3101432__chr2L_3121835-3122035/enhancers/chr2L_3101225-3101432.fa	207
FBgn0031505_vm_sm	FBgn0031505_vm_sm/chr2L_3101225-3101432__chr2L_3121835-3122035	RIGHT	chr2L:3121835-3122035	chr2L	3121835	3122035	FBgn0031505_vm_sm/chr2L_3101225-3101432__chr2L_3121835-3122035/enhancers/chr2L_3121835-3122035.fa	200
FBgn0031505_vm_sm	FBgn0031505_vm_sm/chr2L_3108267-3108563__chr2L_3121835-3122035	LEFT	chr2L:3108267-3108563	chr2L	3108267	3108563	FBgn0031505_vm_sm/chr2L_3108267-3108563__chr2L_3121835-3122035/enhancers/chr2L_3108267-3108563.fa	296
FBgn0031505_vm_sm	FBgn0031505_vm_sm/chr2L_3108267-3108563__chr2L_3121835-3122035	RIGHT	chr2L:3121835-3122035	chr2L	3121835	3122035	FBgn0031505_vm_sm/chr2L_3108267-3108563__chr2L_3121835-3122035/enhancers/chr2L_3121835-3122035.fa	200
FBgn0031776_vm_sm	FBgn0031776_vm_sm/chr2L_6075442-6075642__chr2L_6076424-6076624	LEFT	chr2L:6075442-6075642	chr2L	6075442	6075642	FBgn0031776_vm_sm/chr2L_6075442-6075642__chr2L_6076424-6076624/enhancers/chr2L_6075442-6075642.fa	200
FBgn0031776_vm_sm	FBgn0031776_vm_sm/chr2L_6075442-6075642__chr2L_6076424-6076624	RIGHT	chr2L:6076424-6076624	chr2L	6076424	6076624	FBgn0031776_vm_sm/chr2L_6075442-6075642__chr2L_6076424-6076624/enhancers/chr2L_6076424-6076624.fa	200
FBgn0031776_vm_sm	FBgn0031776_vm_sm/chr2L_6075442-6075642__chr2L_6090073-6090445	LEFT	chr2L:6075442-6075642	chr2L	6075442	6075642	FBgn0031776_vm_sm/chr2L_6075442-6075642__chr2L_6090073-6090445/enhancers/chr2L_6075442-6075642.fa	200
FBgn0031776_vm_sm	FBgn0031776_vm_sm/chr2L_6075442-6075642__chr2L_6090073-6090445	RIGHT	chr2L:6090073-6090445	chr2L	6090073	6090445	FBgn0031776_vm_sm/chr2L_6075442-6075642__chr2L_6090073-6090445/enhancers/chr2L_6090073-6090445.fa	372
FBgn0031776_vm_sm	FBgn0031776_vm_sm/chr2L_6076424-6076624__chr2L_6090073-6090445	LEFT	chr2L:6076424-6076624	chr2L	6076424	6076624	FBgn0031776_vm_sm/chr2L_6076424-6076624__chr2L_6090073-6090445/enhancers/chr2L_6076424-6076624.fa	200
FBgn0031776_vm_sm	FBgn0031776_vm_sm/chr2L_6076424-6076624__chr2L_6090073-6090445	RIGHT	chr2L:6090073-6090445	chr2L	6090073	6090445	FBgn0031776_vm_sm/chr2L_6076424-6076624__chr2L_6090073-6090445/enhancers/chr2L_6090073-6090445.fa	372
FBgn0031971_vm_sm	FBgn0031971_vm_sm/chr2L_7994243-7994806__chr2L_8002181-8002417	LEFT	chr2L:7994243-7994806	chr2L	7994243	7994806	FBgn0031971_vm_sm/chr2L_7994243-7994806__chr2L_8002181-8002417/enhancers/chr2L_7994243-7994806.fa	563
FBgn0031971_vm_sm	FBgn0031971_vm_sm/chr2L_7994243-7994806__chr2L_8002181-8002417	RIGHT	chr2L:8002181-8002417	chr2L	8002181	8002417	FBgn0031971_vm_sm/chr2L_7994243-7994806__chr2L_8002181-8002417/enhancers/chr2L_8002181-8002417.fa	236
FBgn0032820_vm_sm	FBgn0032820_vm_sm/chr2L_19759686-19760051__chr2L_19760541-19760780	LEFT	chr2L:19759686-19760051	chr2L	19759686	19760051	FBgn0032820_vm_sm/chr2L_19759686-19760051__chr2L_19760541-19760780/enhancers/chr2L_19759686-19760051.fa	365
FBgn0032820_vm_sm	FBgn0032820_vm_sm/chr2L_19759686-19760051__chr2L_19760541-19760780	RIGHT	chr2L:19760541-19760780	chr2L	19760541	19760780	FBgn0032820_vm_sm/chr2L_19759686-19760051__chr2L_19760541-19760780/enhancers/chr2L_19760541-19760780.fa	239
FBgn0033426_vm_sm	FBgn0033426_vm_sm/chr2R_9168156-9168363__chr2R_9176883-9177262	LEFT	chr2R:9168156-9168363	chr2R	9168156	9168363	FBgn0033426_vm_sm/chr2R_9168156-9168363__chr2R_9176883-9177262/enhancers/chr2R_9168156-9168363.fa	207
FBgn0033426_vm_sm	FBgn0033426_vm_sm/chr2R_9168156-9168363__chr2R_9176883-9177262	RIGHT	chr2R:9176883-9177262	chr2R	9176883	9177262	FBgn0033426_vm_sm/chr2R_9168156-9168363__chr2R_9176883-9177262/enhancers/chr2R_9176883-9177262.fa	379
FBgn0033426_vm_sm	FBgn0033426_vm_sm/chr2R_9168156-9168363__chr2R_9178347-9178768	LEFT	chr2R:9168156-9168363	chr2R	9168156	9168363	FBgn0033426_vm_sm/chr2R_9168156-9168363__chr2R_9178347-9178768/enhancers/chr2R_9168156-9168363.fa	207
FBgn0033426_vm_sm	FBgn0033426_vm_sm/chr2R_9168156-9168363__chr2R_9178347-9178768	RIGHT	chr2R:9178347-9178768	chr2R	9178347	9178768	FBgn0033426_vm_sm/chr2R_9168156-9168363__chr2R_9178347-9178768/enhancers/chr2R_9178347-9178768.fa	421
FBgn0033426_vm_sm	FBgn0033426_vm_sm/chr2R_9168156-9168363__chr2R_9189407-9189607	LEFT	chr2R:9168156-9168363	chr2R	9168156	9168363	FBgn0033426_vm_sm/chr2R_9168156-9168363__chr2R_9189407-9189607/enhancers/chr2R_9168156-9168363.fa	207
FBgn0033426_vm_sm	FBgn0033426_vm_sm/chr2R_9168156-9168363__chr2R_9189407-9189607	RIGHT	chr2R:9189407-9189607	chr2R	9189407	9189607	FBgn0033426_vm_sm/chr2R_9168156-9168363__chr2R_9189407-9189607/enhancers/chr2R_9189407-9189607.fa	200
FBgn0033426_vm_sm	FBgn0033426_vm_sm/chr2R_9176883-9177262__chr2R_9178347-9178768	LEFT	chr2R:9176883-9177262	chr2R	9176883	9177262	FBgn0033426_vm_sm/chr2R_9176883-9177262__chr2R_9178347-9178768/enhancers/chr2R_9176883-9177262.fa	379
FBgn0033426_vm_sm	FBgn0033426_vm_sm/chr2R_9176883-9177262__chr2R_9178347-9178768	RIGHT	chr2R:9178347-9178768	chr2R	9178347	9178768	FBgn0033426_vm_sm/chr2R_9176883-9177262__chr2R_9178347-9178768/enhancers/chr2R_9178347-9178768.fa	421
FBgn0033426_vm_sm	FBgn0033426_vm_sm/chr2R_9176883-9177262__chr2R_9189407-9189607	LEFT	chr2R:9176883-9177262	chr2R	9176883	9177262	FBgn0033426_vm_sm/chr2R_9176883-9177262__chr2R_9189407-9189607/enhancers/chr2R_9176883-9177262.fa	379
FBgn0033426_vm_sm	FBgn0033426_vm_sm/chr2R_9176883-9177262__chr2R_9189407-9189607	RIGHT	chr2R:9189407-9189607	chr2R	9189407	9189607	FBgn0033426_vm_sm/chr2R_9176883-9177262__chr2R_9189407-9189607/enhancers/chr2R_9189407-9189607.fa	200
FBgn0033426_vm_sm	FBgn0033426_vm_sm/chr2R_9178347-9178768__chr2R_9189407-9189607	LEFT	chr2R:9178347-9178768	chr2R	9178347	9178768	FBgn0033426_vm_sm/chr2R_9178347-9178768__chr2R_9189407-9189607/enhancers/chr2R_9178347-9178768.fa	421
FBgn0033426_vm_sm	FBgn0033426_vm_sm/chr2R_9178347-9178768__chr2R_9189407-9189607	RIGHT	chr2R:9189407-9189607	chr2R	9189407	9189607	FBgn0033426_vm_sm/chr2R_9178347-9178768__chr2R_9189407-9189607/enhancers/chr2R_9189407-9189607.fa	200
FBgn0033654_vm_sm	FBgn0033654_vm_sm/chr2R_11439695-11439903__chr2R_11467535-11467813	LEFT	chr2R:11439695-11439903	chr2R	11439695	11439903	FBgn0033654_vm_sm/chr2R_11439695-11439903__chr2R_11467535-11467813/enhancers/chr2R_11439695-11439903.fa	208
FBgn0033654_vm_sm	FBgn0033654_vm_sm/chr2R_11439695-11439903__chr2R_11467535-11467813	RIGHT	chr2R:11467535-11467813	chr2R	11467535	11467813	FBgn0033654_vm_sm/chr2R_11439695-11439903__chr2R_11467535-11467813/enhancers/chr2R_11467535-11467813.fa	278
FBgn0033782_vm_sm	FBgn0033782_vm_sm/chr2R_12529393-12529661__chr2R_12556332-12556741	LEFT	chr2R:12529393-12529661	chr2R	12529393	12529661	FBgn0033782_vm_sm/chr2R_12529393-12529661__chr2R_12556332-12556741/enhancers/chr2R_12529393-12529661.fa	268
FBgn0033782_vm_sm	FBgn0033782_vm_sm/chr2R_12529393-12529661__chr2R_12556332-12556741	RIGHT	chr2R:12556332-12556741	chr2R	12556332	12556741	FBgn0033782_vm_sm/chr2R_12529393-12529661__chr2R_12556332-12556741/enhancers/chr2R_12556332-12556741.fa	409
FBgn0033782_vm_sm	FBgn0033782_vm_sm/chr2R_12529393-12529661__chr2R_12587132-12587415	LEFT	chr2R:12529393-12529661	chr2R	12529393	12529661	FBgn0033782_vm_sm/chr2R_12529393-12529661__chr2R_12587132-12587415/enhancers/chr2R_12529393-12529661.fa	268
FBgn0033782_vm_sm	FBgn0033782_vm_sm/chr2R_12529393-12529661__chr2R_12587132-12587415	RIGHT	chr2R:12587132-12587415	chr2R	12587132	12587415	FBgn0033782_vm_sm/chr2R_12529393-12529661__chr2R_12587132-12587415/enhancers/chr2R_12587132-12587415.fa	283
FBgn0033782_vm_sm	FBgn0033782_vm_sm/chr2R_12556332-12556741__chr2R_12587132-12587415	LEFT	chr2R:12556332-12556741	chr2R	12556332	12556741	FBgn0033782_vm_sm/chr2R_12556332-12556741__chr2R_12587132-12587415/enhancers/chr2R_12556332-12556741.fa	409
FBgn0033782_vm_sm	FBgn0033782_vm_sm/chr2R_12556332-12556741__chr2R_12587132-12587415	RIGHT	chr2R:12587132-12587415	chr2R	12587132	12587415	FBgn0033782_vm_sm/chr2R_12556332-12556741__chr2R_12587132-12587415/enhancers/chr2R_12587132-12587415.fa	283
FBgn0035144_vm_sm	FBgn0035144_vm_sm/chr3L_519120-519320__chr3L_575897-576292	LEFT	chr3L:519120-519320	chr3L	519120	519320	FBgn0035144_vm_sm/chr3L_519120-519320__chr3L_575897-576292/enhancers/chr3L_519120-519320.fa	200
FBgn0035144_vm_sm	FBgn0035144_vm_sm/chr3L_519120-519320__chr3L_575897-576292	RIGHT	chr3L:575897-576292	chr3L	575897	576292	FBgn0035144_vm_sm/chr3L_519120-519320__chr3L_575897-576292/enhancers/chr3L_575897-576292.fa	395
FBgn0035144_vm_sm	FBgn0035144_vm_sm/chr3L_519120-519320__chr3L_593649-593985	LEFT	chr3L:519120-519320	chr3L	519120	519320	FBgn0035144_vm_sm/chr3L_519120-519320__chr3L_593649-593985/enhancers/chr3L_519120-519320.fa	200
FBgn0035144_vm_sm	FBgn0035144_vm_sm/chr3L_519120-519320__chr3L_593649-593985	RIGHT	chr3L:593649-593985	chr3L	593649	593985	FBgn0035144_vm_sm/chr3L_519120-519320__chr3L_593649-593985/enhancers/chr3L_593649-593985.fa	336
FBgn0035144_vm_sm	FBgn0035144_vm_sm/chr3L_575897-576292__chr3L_593649-593985	LEFT	chr3L:575897-576292	chr3L	575897	576292	FBgn0035144_vm_sm/chr3L_575897-576292__chr3L_593649-593985/enhancers/chr3L_575897-576292.fa	395
FBgn0035144_vm_sm	FBgn0035144_vm_sm/chr3L_575897-576292__chr3L_593649-593985	RIGHT	chr3L:593649-593985	chr3L	593649	593985	FBgn0035144_vm_sm/chr3L_575897-576292__chr3L_593649-593985/enhancers/chr3L_593649-593985.fa	336
FBgn0036844_vm_sm	FBgn0036844_vm_sm/chr3L_19051116-19051316__chr3L_19130352-19131228	LEFT	chr3L:19051116-19051316	chr3L	19051116	19051316	FBgn0036844_vm_sm/chr3L_19051116-19051316__chr3L_19130352-19131228/enhancers/chr3L_19051116-19051316.fa	200
FBgn0036844_vm_sm	FBgn0036844_vm_sm/chr3L_19051116-19051316__chr3L_19130352-19131228	RIGHT	chr3L:19130352-19131228	chr3L	19130352	19131228	FBgn0036844_vm_sm/chr3L_19051116-19051316__chr3L_19130352-19131228/enhancers/chr3L_19130352-19131228.fa	876
FBgn0037447_vm_sm	FBgn0037447_vm_sm/chr3R_6467754-6468039__chr3R_6481705-6482044	LEFT	chr3R:6467754-6468039	chr3R	6467754	6468039	FBgn0037447_vm_sm/chr3R_6467754-6468039__chr3R_6481705-6482044/enhancers/chr3R_6467754-6468039.fa	285
FBgn0037447_vm_sm	FBgn0037447_vm_sm/chr3R_6467754-6468039__chr3R_6481705-6482044	RIGHT	chr3R:6481705-6482044	chr3R	6481705	6482044	FBgn0037447_vm_sm/chr3R_6467754-6468039__chr3R_6481705-6482044/enhancers/chr3R_6481705-6482044.fa	339
FBgn0037835_vm_sm	FBgn0037835_vm_sm/chr3R_10777442-10777731__chr3R_10792254-10792567	LEFT	chr3R:10777442-10777731	chr3R	10777442	10777731	FBgn0037835_vm_sm/chr3R_10777442-10777731__chr3R_10792254-10792567/enhancers/chr3R_10777442-10777731.fa	289
FBgn0037835_vm_sm	FBgn0037835_vm_sm/chr3R_10777442-10777731__chr3R_10792254-10792567	RIGHT	chr3R:10792254-10792567	chr3R	10792254	10792567	FBgn0037835_vm_sm/chr3R_10777442-10777731__chr3R_10792254-10792567/enhancers/chr3R_10792254-10792567.fa	313
FBgn0037835_vm_sm	FBgn0037835_vm_sm/chr3R_10777442-10777731__chr3R_10793522-10793813	LEFT	chr3R:10777442-10777731	chr3R	10777442	10777731	FBgn0037835_vm_sm/chr3R_10777442-10777731__chr3R_10793522-10793813/enhancers/chr3R_10777442-10777731.fa	289
FBgn0037835_vm_sm	FBgn0037835_vm_sm/chr3R_10777442-10777731__chr3R_10793522-10793813	RIGHT	chr3R:10793522-10793813	chr3R	10793522	10793813	FBgn0037835_vm_sm/chr3R_10777442-10777731__chr3R_10793522-10793813/enhancers/chr3R_10793522-10793813.fa	291
FBgn0037835_vm_sm	FBgn0037835_vm_sm/chr3R_10792254-10792567__chr3R_10793522-10793813	LEFT	chr3R:10792254-10792567	chr3R	10792254	10792567	FBgn0037835_vm_sm/chr3R_10792254-10792567__chr3R_10793522-10793813/enhancers/chr3R_10792254-10792567.fa	313
FBgn0037835_vm_sm	FBgn0037835_vm_sm/chr3R_10792254-10792567__chr3R_10793522-10793813	RIGHT	chr3R:10793522-10793813	chr3R	10793522	10793813	FBgn0037835_vm_sm/chr3R_10792254-10792567__chr3R_10793522-10793813/enhancers/chr3R_10793522-10793813.fa	291
FBgn0038498_vm_sm	FBgn0038498_vm_sm/chr3R_17249151-17249776__chr3R_17346097-17346604	LEFT	chr3R:17249151-17249776	chr3R	17249151	17249776	FBgn0038498_vm_sm/chr3R_17249151-17249776__chr3R_17346097-17346604/enhancers/chr3R_17249151-17249776.fa	625
FBgn0038498_vm_sm	FBgn0038498_vm_sm/chr3R_17249151-17249776__chr3R_17346097-17346604	RIGHT	chr3R:17346097-17346604	chr3R	17346097	17346604	FBgn0038498_vm_sm/chr3R_17249151-17249776__chr3R_17346097-17346604/enhancers/chr3R_17346097-17346604.fa	507
FBgn0038536_vm_sm	FBgn0038536_vm_sm/chr3R_17681245-17681597__chr3R_17682975-17683237	LEFT	chr3R:17681245-17681597	chr3R	17681245	17681597	FBgn0038536_vm_sm/chr3R_17681245-17681597__chr3R_17682975-17683237/enhancers/chr3R_17681245-17681597.fa	352
FBgn0038536_vm_sm	FBgn0038536_vm_sm/chr3R_17681245-17681597__chr3R_17682975-17683237	RIGHT	chr3R:17682975-17683237	chr3R	17682975	17683237	FBgn0038536_vm_sm/chr3R_17681245-17681597__chr3R_17682975-17683237/enhancers/chr3R_17682975-17683237.fa	262
FBgn0038925_vm_sm	FBgn0038925_vm_sm/chr3R_21965040-21965240__chr3R_22042244-22042444	LEFT	chr3R:21965040-21965240	chr3R	21965040	21965240	FBgn0038925_vm_sm/chr3R_21965040-21965240__chr3R_22042244-22042444/enhancers/chr3R_21965040-21965240.fa	200
FBgn0038925_vm_sm	FBgn0038925_vm_sm/chr3R_21965040-21965240__chr3R_22042244-22042444	RIGHT	chr3R:22042244-22042444	chr3R	22042244	22042444	FBgn0038925_vm_sm/chr3R_21965040-21965240__chr3R_22042244-22042444/enhancers/chr3R_22042244-22042444.fa	200
FBgn0038925_vm_sm	FBgn0038925_vm_sm/chr3R_21965040-21965240__chr3R_22047297-22047620	LEFT	chr3R:21965040-21965240	chr3R	21965040	21965240	FBgn0038925_vm_sm/chr3R_21965040-21965240__chr3R_22047297-22047620/enhancers/chr3R_21965040-21965240.fa	200
FBgn0038925_vm_sm	FBgn0038925_vm_sm/chr3R_21965040-21965240__chr3R_22047297-22047620	RIGHT	chr3R:22047297-22047620	chr3R	22047297	22047620	FBgn0038925_vm_sm/chr3R_21965040-21965240__chr3R_22047297-22047620/enhancers/chr3R_22047297-22047620.fa	323
FBgn0038925_vm_sm	FBgn0038925_vm_sm/chr3R_21965040-21965240__chr3R_22053290-22053582	LEFT	chr3R:21965040-21965240	chr3R	21965040	21965240	FBgn0038925_vm_sm/chr3R_21965040-21965240__chr3R_22053290-22053582/enhancers/chr3R_21965040-21965240.fa	200
FBgn0038925_vm_sm	FBgn0038925_vm_sm/chr3R_21965040-21965240__chr3R_22053290-22053582	RIGHT	chr3R:22053290-22053582	chr3R	22053290	22053582	FBgn0038925_vm_sm/chr3R_21965040-21965240__chr3R_22053290-22053582/enhancers/chr3R_22053290-22053582.fa	292
FBgn0038925_vm_sm	FBgn0038925_vm_sm/chr3R_22042244-22042444__chr3R_22047297-22047620	LEFT	chr3R:22042244-22042444	chr3R	22042244	22042444	FBgn0038925_vm_sm/chr3R_22042244-22042444__chr3R_22047297-22047620/enhancers/chr3R_22042244-22042444.fa	200
FBgn0038925_vm_sm	FBgn0038925_vm_sm/chr3R_22042244-22042444__chr3R_22047297-22047620	RIGHT	chr3R:22047297-22047620	chr3R	22047297	22047620	FBgn0038925_vm_sm/chr3R_22042244-22042444__chr3R_22047297-22047620/enhancers/chr3R_22047297-22047620.fa	323
FBgn0038925_vm_sm	FBgn0038925_vm_sm/chr3R_22042244-22042444__chr3R_22053290-22053582	LEFT	chr3R:22042244-22042444	chr3R	22042244	22042444	FBgn0038925_vm_sm/chr3R_22042244-22042444__chr3R_22053290-22053582/enhancers/chr3R_22042244-22042444.fa	200
FBgn0038925_vm_sm	FBgn0038925_vm_sm/chr3R_22042244-22042444__chr3R_22053290-22053582	RIGHT	chr3R:22053290-22053582	chr3R	22053290	22053582	FBgn0038925_vm_sm/chr3R_22042244-22042444__chr3R_22053290-22053582/enhancers/chr3R_22053290-22053582.fa	292
FBgn0038925_vm_sm	FBgn0038925_vm_sm/chr3R_22047297-22047620__chr3R_22053290-22053582	LEFT	chr3R:22047297-22047620	chr3R	22047297	22047620	FBgn0038925_vm_sm/chr3R_22047297-22047620__chr3R_22053290-22053582/enhancers/chr3R_22047297-22047620.fa	323
FBgn0038925_vm_sm	FBgn0038925_vm_sm/chr3R_22047297-22047620__chr3R_22053290-22053582	RIGHT	chr3R:22053290-22053582	chr3R	22053290	22053582	FBgn0038925_vm_sm/chr3R_22047297-22047620__chr3R_22053290-22053582/enhancers/chr3R_22053290-22053582.fa	292
FBgn0039667_vm_sm	FBgn0039667_vm_sm/chr3R_29457322-29457679__chr3R_29476471-29476689	LEFT	chr3R:29457322-29457679	chr3R	29457322	29457679	FBgn0039667_vm_sm/chr3R_29457322-29457679__chr3R_29476471-29476689/enhancers/chr3R_29457322-29457679.fa	357
FBgn0039667_vm_sm	FBgn0039667_vm_sm/chr3R_29457322-29457679__chr3R_29476471-29476689	RIGHT	chr3R:29476471-29476689	chr3R	29476471	29476689	FBgn0039667_vm_sm/chr3R_29457322-29457679__chr3R_29476471-29476689/enhancers/chr3R_29476471-29476689.fa	218
FBgn0039667_vm_sm	FBgn0039667_vm_sm/chr3R_29457322-29457679__chr3R_29496327-29496564	LEFT	chr3R:29457322-29457679	chr3R	29457322	29457679	FBgn0039667_vm_sm/chr3R_29457322-29457679__chr3R_29496327-29496564/enhancers/chr3R_29457322-29457679.fa	357
FBgn0039667_vm_sm	FBgn0039667_vm_sm/chr3R_29457322-29457679__chr3R_29496327-29496564	RIGHT	chr3R:29496327-29496564	chr3R	29496327	29496564	FBgn0039667_vm_sm/chr3R_29457322-29457679__chr3R_29496327-29496564/enhancers/chr3R_29496327-29496564.fa	237
FBgn0039667_vm_sm	FBgn0039667_vm_sm/chr3R_29476471-29476689__chr3R_29496327-29496564	LEFT	chr3R:29476471-29476689	chr3R	29476471	29476689	FBgn0039667_vm_sm/chr3R_29476471-29476689__chr3R_29496327-29496564/enhancers/chr3R_29476471-29476689.fa	218
FBgn0039667_vm_sm	FBgn0039667_vm_sm/chr3R_29476471-29476689__chr3R_29496327-29496564	RIGHT	chr3R:29496327-29496564	chr3R	29496327	29496564	FBgn0039667_vm_sm/chr3R_29476471-29476689__chr3R_29496327-29496564/enhancers/chr3R_29496327-29496564.fa	237
FBgn0041096_vm_sm	FBgn0041096_vm_sm/chr3L_11973666-11973958__chr3L_12043527-12044019	LEFT	chr3L:11973666-11973958	chr3L	11973666	11973958	FBgn0041096_vm_sm/chr3L_11973666-11973958__chr3L_12043527-12044019/enhancers/chr3L_11973666-11973958.fa	292
FBgn0041096_vm_sm	FBgn0041096_vm_sm/chr3L_11973666-11973958__chr3L_12043527-12044019	RIGHT	chr3L:12043527-12044019	chr3L	12043527	12044019	FBgn0041096_vm_sm/chr3L_11973666-11973958__chr3L_12043527-12044019/enhancers/chr3L_12043527-12044019.fa	492
FBgn0041096_vm_sm	FBgn0041096_vm_sm/chr3L_11973666-11973958__chr3L_12044554-12045005	LEFT	chr3L:11973666-11973958	chr3L	11973666	11973958	FBgn0041096_vm_sm/chr3L_11973666-11973958__chr3L_12044554-12045005/enhancers/chr3L_11973666-11973958.fa	292
FBgn0041096_vm_sm	FBgn0041096_vm_sm/chr3L_11973666-11973958__chr3L_12044554-12045005	RIGHT	chr3L:12044554-12045005	chr3L	12044554	12045005	FBgn0041096_vm_sm/chr3L_11973666-11973958__chr3L_12044554-12045005/enhancers/chr3L_12044554-12045005.fa	451
FBgn0041096_vm_sm	FBgn0041096_vm_sm/chr3L_11973666-11973958__chr3L_12047380-12047625	LEFT	chr3L:11973666-11973958	chr3L	11973666	11973958	FBgn0041096_vm_sm/chr3L_11973666-11973958__chr3L_12047380-12047625/enhancers/chr3L_11973666-11973958.fa	292
FBgn0041096_vm_sm	FBgn0041096_vm_sm/chr3L_11973666-11973958__chr3L_12047380-12047625	RIGHT	chr3L:12047380-12047625	chr3L	12047380	12047625	FBgn0041096_vm_sm/chr3L_11973666-11973958__chr3L_12047380-12047625/enhancers/chr3L_12047380-12047625.fa	245
FBgn0041096_vm_sm	FBgn0041096_vm_sm/chr3L_12043527-12044019__chr3L_12044554-12045005	LEFT	chr3L:12043527-12044019	chr3L	12043527	12044019	FBgn0041096_vm_sm/chr3L_12043527-12044019__chr3L_12044554-12045005/enhancers/chr3L_12043527-12044019.fa	492
FBgn0041096_vm_sm	FBgn0041096_vm_sm/chr3L_12043527-12044019__chr3L_12044554-12045005	RIGHT	chr3L:12044554-12045005	chr3L	12044554	12045005	FBgn0041096_vm_sm/chr3L_12043527-12044019__chr3L_12044554-12045005/enhancers/chr3L_12044554-12045005.fa	451
FBgn0041096_vm_sm	FBgn0041096_vm_sm/chr3L_12043527-12044019__chr3L_12047380-12047625	LEFT	chr3L:12043527-12044019	chr3L	12043527	12044019	FBgn0041096_vm_sm/chr3L_12043527-12044019__chr3L_12047380-12047625/enhancers/chr3L_12043527-12044019.fa	492
FBgn0041096_vm_sm	FBgn0041096_vm_sm/chr3L_12043527-12044019__chr3L_12047380-12047625	RIGHT	chr3L:12047380-12047625	chr3L	12047380	12047625	FBgn0041096_vm_sm/chr3L_12043527-12044019__chr3L_12047380-12047625/enhancers/chr3L_12047380-12047625.fa	245
FBgn0041096_vm_sm	FBgn0041096_vm_sm/chr3L_12044554-12045005__chr3L_12047380-12047625	LEFT	chr3L:12044554-12045005	chr3L	12044554	12045005	FBgn0041096_vm_sm/chr3L_12044554-12045005__chr3L_12047380-12047625/enhancers/chr3L_12044554-12045005.fa	451
FBgn0041096_vm_sm	FBgn0041096_vm_sm/chr3L_12044554-12045005__chr3L_12047380-12047625	RIGHT	chr3L:12047380-12047625	chr3L	12047380	12047625	FBgn0041096_vm_sm/chr3L_12044554-12045005__chr3L_12047380-12047625/enhancers/chr3L_12047380-12047625.fa	245
FBgn0050460_vm_sm	FBgn0050460_vm_sm/chr2R_16703381-16703786__chr2R_16705772-16705972	LEFT	chr2R:16703381-16703786	chr2R	16703381	16703786	FBgn0050460_vm_sm/chr2R_16703381-16703786__chr2R_16705772-16705972/enhancers/chr2R_16703381-16703786.fa	405
FBgn0050460_vm_sm	FBgn0050460_vm_sm/chr2R_16703381-16703786__chr2R_16705772-16705972	RIGHT	chr2R:16705772-16705972	chr2R	16705772	16705972	FBgn0050460_vm_sm/chr2R_16703381-16703786__chr2R_16705772-16705972/enhancers/chr2R_16705772-16705972.fa	200
FBgn0051999_vm_sm	FBgn0051999_vm_sm/chr4_225484-225868__chr4_276036-276284	LEFT	chr4:225484-225868	chr4	225484	225868	FBgn0051999_vm_sm/chr4_225484-225868__chr4_276036-276284/enhancers/chr4_225484-225868.fa	384
FBgn0051999_vm_sm	FBgn0051999_vm_sm/chr4_225484-225868__chr4_276036-276284	RIGHT	chr4:276036-276284	chr4	276036	276284	FBgn0051999_vm_sm/chr4_225484-225868__chr4_276036-276284/enhancers/chr4_276036-276284.fa	248
FBgn0052296_vm_sm	FBgn0052296_vm_sm/chr3L_2728464-2728664__chr3L_2732331-2732531	LEFT	chr3L:2728464-2728664	chr3L	2728464	2728664	FBgn0052296_vm_sm/chr3L_2728464-2728664__chr3L_2732331-2732531/enhancers/chr3L_2728464-2728664.fa	200
FBgn0052296_vm_sm	FBgn0052296_vm_sm/chr3L_2728464-2728664__chr3L_2732331-2732531	RIGHT	chr3L:2732331-2732531	chr3L	2732331	2732531	FBgn0052296_vm_sm/chr3L_2728464-2728664__chr3L_2732331-2732531/enhancers/chr3L_2732331-2732531.fa	200
FBgn0052296_vm_sm	FBgn0052296_vm_sm/chr3L_2728464-2728664__chr3L_2745584-2745810	LEFT	chr3L:2728464-2728664	chr3L	2728464	2728664	FBgn0052296_vm_sm/chr3L_2728464-2728664__chr3L_2745584-2745810/enhancers/chr3L_2728464-2728664.fa	200
FBgn0052296_vm_sm	FBgn0052296_vm_sm/chr3L_2728464-2728664__chr3L_2745584-2745810	RIGHT	chr3L:2745584-2745810	chr3L	2745584	2745810	FBgn0052296_vm_sm/chr3L_2728464-2728664__chr3L_2745584-2745810/enhancers/chr3L_2745584-2745810.fa	226
FBgn0052296_vm_sm	FBgn0052296_vm_sm/chr3L_2732331-2732531__chr3L_2745584-2745810	LEFT	chr3L:2732331-2732531	chr3L	2732331	2732531	FBgn0052296_vm_sm/chr3L_2732331-2732531__chr3L_2745584-2745810/enhancers/chr3L_2732331-2732531.fa	200
FBgn0052296_vm_sm	FBgn0052296_vm_sm/chr3L_2732331-2732531__chr3L_2745584-2745810	RIGHT	chr3L:2745584-2745810	chr3L	2745584	2745810	FBgn0052296_vm_sm/chr3L_2732331-2732531__chr3L_2745584-2745810/enhancers/chr3L_2745584-2745810.fa	226
FBgn0261245_vm_sm	FBgn0261245_vm_sm/chrX_16618927-16619240__chrX_16629633-16629833	LEFT	chrX:16618927-16619240	chrX	16618927	16619240	FBgn0261245_vm_sm/chrX_16618927-16619240__chrX_16629633-16629833/enhancers/chrX_16618927-16619240.fa	313
FBgn0261245_vm_sm	FBgn0261245_vm_sm/chrX_16618927-16619240__chrX_16629633-16629833	RIGHT	chrX:16629633-16629833	chrX	16629633	16629833	FBgn0261245_vm_sm/chrX_16618927-16619240__chrX_16629633-16629833/enhancers/chrX_16629633-16629833.fa	200
FBgn0261245_vm_sm	FBgn0261245_vm_sm/chrX_16618927-16619240__chrX_16630526-16630911	LEFT	chrX:16618927-16619240	chrX	16618927	16619240	FBgn0261245_vm_sm/chrX_16618927-16619240__chrX_16630526-16630911/enhancers/chrX_16618927-16619240.fa	313
FBgn0261245_vm_sm	FBgn0261245_vm_sm/chrX_16618927-16619240__chrX_16630526-16630911	RIGHT	chrX:16630526-16630911	chrX	16630526	16630911	FBgn0261245_vm_sm/chrX_16618927-16619240__chrX_16630526-16630911/enhancers/chrX_16630526-16630911.fa	385
FBgn0261245_vm_sm	FBgn0261245_vm_sm/chrX_16618927-16619240__chrX_16631143-16631343	LEFT	chrX:16618927-16619240	chrX	16618927	16619240	FBgn0261245_vm_sm/chrX_16618927-16619240__chrX_16631143-16631343/enhancers/chrX_16618927-16619240.fa	313
FBgn0261245_vm_sm	FBgn0261245_vm_sm/chrX_16618927-16619240__chrX_16631143-16631343	RIGHT	chrX:16631143-16631343	chrX	16631143	16631343	FBgn0261245_vm_sm/chrX_16618927-16619240__chrX_16631143-16631343/enhancers/chrX_16631143-16631343.fa	200
FBgn0261245_vm_sm	FBgn0261245_vm_sm/chrX_16629633-16629833__chrX_16630526-16630911	LEFT	chrX:16629633-16629833	chrX	16629633	16629833	FBgn0261245_vm_sm/chrX_16629633-16629833__chrX_16630526-16630911/enhancers/chrX_16629633-16629833.fa	200
FBgn0261245_vm_sm	FBgn0261245_vm_sm/chrX_16629633-16629833__chrX_16630526-16630911	RIGHT	chrX:16630526-16630911	chrX	16630526	16630911	FBgn0261245_vm_sm/chrX_16629633-16629833__chrX_16630526-16630911/enhancers/chrX_16630526-16630911.fa	385
FBgn0261245_vm_sm	FBgn0261245_vm_sm/chrX_16629633-16629833__chrX_16631143-16631343	LEFT	chrX:16629633-16629833	chrX	16629633	16629833	FBgn0261245_vm_sm/chrX_16629633-16629833__chrX_16631143-16631343/enhancers/chrX_16629633-16629833.fa	200
FBgn0261245_vm_sm	FBgn0261245_vm_sm/chrX_16629633-16629833__chrX_16631143-16631343	RIGHT	chrX:16631143-16631343	chrX	16631143	16631343	FBgn0261245_vm_sm/chrX_16629633-16629833__chrX_16631143-16631343/enhancers/chrX_16631143-16631343.fa	200
FBgn0261245_vm_sm	FBgn0261245_vm_sm/chrX_16630526-16630911__chrX_16631143-16631343	LEFT	chrX:16630526-16630911	chrX	16630526	16630911	FBgn0261245_vm_sm/chrX_16630526-16630911__chrX_16631143-16631343/enhancers/chrX_16630526-16630911.fa	385
FBgn0261245_vm_sm	FBgn0261245_vm_sm/chrX_16630526-16630911__chrX_16631143-16631343	RIGHT	chrX:16631143-16631343	chrX	16631143	16631343	FBgn0261245_vm_sm/chrX_16630526-16630911__chrX_16631143-16631343/enhancers/chrX_16631143-16631343.fa	200
FBgn0261439_vm_sm	FBgn0261439_vm_sm/chr2R_18999818-19000573__chr2R_19038773-19039303	LEFT	chr2R:18999818-19000573	chr2R	18999818	19000573	FBgn0261439_vm_sm/chr2R_18999818-19000573__chr2R_19038773-19039303/enhancers/chr2R_18999818-19000573.fa	755
FBgn0261439_vm_sm	FBgn0261439_vm_sm/chr2R_18999818-19000573__chr2R_19038773-19039303	RIGHT	chr2R:19038773-19039303	chr2R	19038773	19039303	FBgn0261439_vm_sm/chr2R_18999818-19000573__chr2R_19038773-19039303/enhancers/chr2R_19038773-19039303.fa	530
FBgn0261439_vm_sm	FBgn0261439_vm_sm/chr2R_18999818-19000573__chr2R_19042052-19042549	LEFT	chr2R:18999818-19000573	chr2R	18999818	19000573	FBgn0261439_vm_sm/chr2R_18999818-19000573__chr2R_19042052-19042549/enhancers/chr2R_18999818-19000573.fa	755
FBgn0261439_vm_sm	FBgn0261439_vm_sm/chr2R_18999818-19000573__chr2R_19042052-19042549	RIGHT	chr2R:19042052-19042549	chr2R	19042052	19042549	FBgn0261439_vm_sm/chr2R_18999818-19000573__chr2R_19042052-19042549/enhancers/chr2R_19042052-19042549.fa	497
FBgn0261439_vm_sm	FBgn0261439_vm_sm/chr2R_19038773-19039303__chr2R_19042052-19042549	LEFT	chr2R:19038773-19039303	chr2R	19038773	19039303	FBgn0261439_vm_sm/chr2R_19038773-19039303__chr2R_19042052-19042549/enhancers/chr2R_19038773-19039303.fa	530
FBgn0261439_vm_sm	FBgn0261439_vm_sm/chr2R_19038773-19039303__chr2R_19042052-19042549	RIGHT	chr2R:19042052-19042549	chr2R	19042052	19042549	FBgn0261439_vm_sm/chr2R_19038773-19039303__chr2R_19042052-19042549/enhancers/chr2R_19042052-19042549.fa	497
FBgn0261565_vm_sm	FBgn0261565_vm_sm/chr3L_16826033-16826304__chr3L_16883239-16883440	LEFT	chr3L:16826033-16826304	chr3L	16826033	16826304	FBgn0261565_vm_sm/chr3L_16826033-16826304__chr3L_16883239-16883440/enhancers/chr3L_16826033-16826304.fa	271
FBgn0261565_vm_sm	FBgn0261565_vm_sm/chr3L_16826033-16826304__chr3L_16883239-16883440	RIGHT	chr3L:16883239-16883440	chr3L	16883239	16883440	FBgn0261565_vm_sm/chr3L_16826033-16826304__chr3L_16883239-16883440/enhancers/chr3L_16883239-16883440.fa	201
FBgn0261836_vm_sm	FBgn0261836_vm_sm/chr2L_5101041-5101539__chr2L_5105118-5105417	LEFT	chr2L:5101041-5101539	chr2L	5101041	5101539	FBgn0261836_vm_sm/chr2L_5101041-5101539__chr2L_5105118-5105417/enhancers/chr2L_5101041-5101539.fa	498
FBgn0261836_vm_sm	FBgn0261836_vm_sm/chr2L_5101041-5101539__chr2L_5105118-5105417	RIGHT	chr2L:5105118-5105417	chr2L	5105118	5105417	FBgn0261836_vm_sm/chr2L_5101041-5101539__chr2L_5105118-5105417/enhancers/chr2L_5105118-5105417.fa	299
FBgn0028369_meso_sm	FBgn0028369_meso_sm/chrX_2944529-2944919__chrX_3044554-3044926	LEFT	chrX:2944529-2944919	chrX	2944529	2944919	FBgn0028369_meso_sm/chrX_2944529-2944919__chrX_3044554-3044926/enhancers/chrX_2944529-2944919.fa	390
FBgn0028369_meso_sm	FBgn0028369_meso_sm/chrX_2944529-2944919__chrX_3044554-3044926	RIGHT	chrX:3044554-3044926	chrX	3044554	3044926	FBgn0028369_meso_sm/chrX_2944529-2944919__chrX_3044554-3044926/enhancers/chrX_3044554-3044926.fa	372
FBgn0028369_meso_sm	FBgn0028369_meso_sm/chrX_2944529-2944919__chrX_3104146-3104671	LEFT	chrX:2944529-2944919	chrX	2944529	2944919	FBgn0028369_meso_sm/chrX_2944529-2944919__chrX_3104146-3104671/enhancers/chrX_2944529-2944919.fa	390
FBgn0028369_meso_sm	FBgn0028369_meso_sm/chrX_2944529-2944919__chrX_3104146-3104671	RIGHT	chrX:3104146-3104671	chrX	3104146	3104671	FBgn0028369_meso_sm/chrX_2944529-2944919__chrX_3104146-3104671/enhancers/chrX_3104146-3104671.fa	525
FBgn0028369_meso_sm	FBgn0028369_meso_sm/chrX_3044554-3044926__chrX_3104146-3104671	LEFT	chrX:3044554-3044926	chrX	3044554	3044926	FBgn0028369_meso_sm/chrX_3044554-3044926__chrX_3104146-3104671/enhancers/chrX_3044554-3044926.fa	372
FBgn0028369_meso_sm	FBgn0028369_meso_sm/chrX_3044554-3044926__chrX_3104146-3104671	RIGHT	chrX:3104146-3104671	chrX	3104146	3104671	FBgn0028369_meso_sm/chrX_3044554-3044926__chrX_3104146-3104671/enhancers/chrX_3104146-3104671.fa	525
FBgn0038244_meso_sm	FBgn0038244_meso_sm/chr3R_14586821-14587560__chr3R_14589659-14590058	LEFT	chr3R:14586821-14587560	chr3R	14586821	14587560	FBgn0038244_meso_sm/chr3R_14586821-14587560__chr3R_14589659-14590058/enhancers/chr3R_14586821-14587560.fa	739
FBgn0038244_meso_sm	FBgn0038244_meso_sm/chr3R_14586821-14587560__chr3R_14589659-14590058	RIGHT	chr3R:14589659-14590058	chr3R	14589659	14590058	FBgn0038244_meso_sm/chr3R_14586821-14587560__chr3R_14589659-14590058/enhancers/chr3R_14589659-14590058.fa	399
FBgn0000014_Spearman	FBgn0000014_Spearman/chr3R_16743196-16743622__chr3R_16756098-16756427	LEFT	chr3R:16743196-16743622	chr3R	16743196	16743622	FBgn0000014_Spearman/chr3R_16743196-16743622__chr3R_16756098-16756427/enhancers/chr3R_16743196-16743622.fa	426
FBgn0000014_Spearman	FBgn0000014_Spearman/chr3R_16743196-16743622__chr3R_16756098-16756427	RIGHT	chr3R:16756098-16756427	chr3R	16756098	16756427	FBgn0000014_Spearman/chr3R_16743196-16743622__chr3R_16756098-16756427/enhancers/chr3R_16756098-16756427.fa	329
FBgn0000014_Spearman	FBgn0000014_Spearman/chr3R_16743196-16743622__chr3R_16764121-16764485	LEFT	chr3R:16743196-16743622	chr3R	16743196	16743622	FBgn0000014_Spearman/chr3R_16743196-16743622__chr3R_16764121-16764485/enhancers/chr3R_16743196-16743622.fa	426
FBgn0000014_Spearman	FBgn0000014_Spearman/chr3R_16743196-16743622__chr3R_16764121-16764485	RIGHT	chr3R:16764121-16764485	chr3R	16764121	16764485	FBgn0000014_Spearman/chr3R_16743196-16743622__chr3R_16764121-16764485/enhancers/chr3R_16764121-16764485.fa	364
FBgn0000014_Spearman	FBgn0000014_Spearman/chr3R_16743196-16743622__chr3R_16802761-16803112	LEFT	chr3R:16743196-16743622	chr3R	16743196	16743622	FBgn0000014_Spearman/chr3R_16743196-16743622__chr3R_16802761-16803112/enhancers/chr3R_16743196-16743622.fa	426
FBgn0000014_Spearman	FBgn0000014_Spearman/chr3R_16743196-16743622__chr3R_16802761-16803112	RIGHT	chr3R:16802761-16803112	chr3R	16802761	16803112	FBgn0000014_Spearman/chr3R_16743196-16743622__chr3R_16802761-16803112/enhancers/chr3R_16802761-16803112.fa	351
FBgn0000014_Spearman	FBgn0000014_Spearman/chr3R_16743196-16743622__chr3R_16857769-16858049	LEFT	chr3R:16743196-16743622	chr3R	16743196	16743622	FBgn0000014_Spearman/chr3R_16743196-16743622__chr3R_16857769-16858049/enhancers/chr3R_16743196-16743622.fa	426
FBgn0000014_Spearman	FBgn0000014_Spearman/chr3R_16743196-16743622__chr3R_16857769-16858049	RIGHT	chr3R:16857769-16858049	chr3R	16857769	16858049	FBgn0000014_Spearman/chr3R_16743196-16743622__chr3R_16857769-16858049/enhancers/chr3R_16857769-16858049.fa	280
FBgn0000014_Spearman	FBgn0000014_Spearman/chr3R_16743196-16743622__chr3R_16878885-16879147	LEFT	chr3R:16743196-16743622	chr3R	16743196	16743622	FBgn0000014_Spearman/chr3R_16743196-16743622__chr3R_16878885-16879147/enhancers/chr3R_16743196-16743622.fa	426
FBgn0000014_Spearman	FBgn0000014_Spearman/chr3R_16743196-16743622__chr3R_16878885-16879147	RIGHT	chr3R:16878885-16879147	chr3R	16878885	16879147	FBgn0000014_Spearman/chr3R_16743196-16743622__chr3R_16878885-16879147/enhancers/chr3R_16878885-16879147.fa	262
FBgn0000014_Spearman	FBgn0000014_Spearman/chr3R_16743196-16743622__chr3R_16882506-16882728	LEFT	chr3R:16743196-16743622	chr3R	16743196	16743622	FBgn0000014_Spearman/chr3R_16743196-16743622__chr3R_16882506-16882728/enhancers/chr3R_16743196-16743622.fa	426
FBgn0000014_Spearman	FBgn0000014_Spearman/chr3R_16743196-16743622__chr3R_16882506-16882728	RIGHT	chr3R:16882506-16882728	chr3R	16882506	16882728	FBgn0000014_Spearman/chr3R_16743196-16743622__chr3R_16882506-16882728/enhancers/chr3R_16882506-16882728.fa	222
FBgn0000014_Spearman	FBgn0000014_Spearman/chr3R_16743196-16743622__chr3R_16920451-16920854	LEFT	chr3R:16743196-16743622	chr3R	16743196	16743622	FBgn0000014_Spearman/chr3R_16743196-16743622__chr3R_16920451-16920854/enhancers/chr3R_16743196-16743622.fa	426
FBgn0000014_Spearman	FBgn0000014_Spearman/chr3R_16743196-16743622__chr3R_16920451-16920854	RIGHT	chr3R:16920451-16920854	chr3R	16920451	16920854	FBgn0000014_Spearman/chr3R_16743196-16743622__chr3R_16920451-16920854/enhancers/chr3R_16920451-16920854.fa	403
FBgn0000014_Spearman	FBgn0000014_Spearman/chr3R_16756098-16756427__chr3R_16764121-16764485	LEFT	chr3R:16756098-16756427	chr3R	16756098	16756427	FBgn0000014_Spearman/chr3R_16756098-16756427__chr3R_16764121-16764485/enhancers/chr3R_16756098-16756427.fa	329
FBgn0000014_Spearman	FBgn0000014_Spearman/chr3R_16756098-16756427__chr3R_16764121-16764485	RIGHT	chr3R:16764121-16764485	chr3R	16764121	16764485	FBgn0000014_Spearman/chr3R_16756098-16756427__chr3R_16764121-16764485/enhancers/chr3R_16764121-16764485.fa	364
FBgn0000014_Spearman	FBgn0000014_Spearman/chr3R_16756098-16756427__chr3R_16802761-16803112	LEFT	chr3R:16756098-16756427	chr3R	16756098	16756427	FBgn0000014_Spearman/chr3R_16756098-16756427__chr3R_16802761-16803112/enhancers/chr3R_16756098-16756427.fa	329
FBgn0000014_Spearman	FBgn0000014_Spearman/chr3R_16756098-16756427__chr3R_16802761-16803112	RIGHT	chr3R:16802761-16803112	chr3R	16802761	16803112	FBgn0000014_Spearman/chr3R_16756098-16756427__chr3R_16802761-16803112/enhancers/chr3R_16802761-16803112.fa	351
FBgn0000014_Spearman	FBgn0000014_Spearman/chr3R_16756098-16756427__chr3R_16857769-16858049	LEFT	chr3R:16756098-16756427	chr3R	16756098	16756427	FBgn0000014_Spearman/chr3R_16756098-16756427__chr3R_16857769-16858049/enhancers/chr3R_16756098-16756427.fa	329
FBgn0000014_Spearman	FBgn0000014_Spearman/chr3R_16756098-16756427__chr3R_16857769-16858049	RIGHT	chr3R:16857769-16858049	chr3R	16857769	16858049	FBgn0000014_Spearman/chr3R_16756098-16756427__chr3R_16857769-16858049/enhancers/chr3R_16857769-16858049.fa	280
FBgn0000014_Spearman	FBgn0000014_Spearman/chr3R_16756098-16756427__chr3R_16878885-16879147	LEFT	chr3R:16756098-16756427	chr3R	16756098	16756427	FBgn0000014_Spearman/chr3R_16756098-16756427__chr3R_16878885-16879147/enhancers/chr3R_16756098-16756427.fa	329
FBgn0000014_Spearman	FBgn0000014_Spearman/chr3R_16756098-16756427__chr3R_16878885-16879147	RIGHT	chr3R:16878885-16879147	chr3R	16878885	16879147	FBgn0000014_Spearman/chr3R_16756098-16756427__chr3R_16878885-16879147/enhancers/chr3R_16878885-16879147.fa	262
FBgn0000014_Spearman	FBgn0000014_Spearman/chr3R_16756098-16756427__chr3R_16882506-16882728	LEFT	chr3R:16756098-16756427	chr3R	16756098	16756427	FBgn0000014_Spearman/chr3R_16756098-16756427__chr3R_16882506-16882728/enhancers/chr3R_16756098-16756427.fa	329
FBgn0000014_Spearman	FBgn0000014_Spearman/chr3R_16756098-16756427__chr3R_16882506-16882728	RIGHT	chr3R:16882506-16882728	chr3R	16882506	16882728	FBgn0000014_Spearman/chr3R_16756098-16756427__chr3R_16882506-16882728/enhancers/chr3R_16882506-16882728.fa	222
FBgn0000014_Spearman	FBgn0000014_Spearman/chr3R_16756098-16756427__chr3R_16920451-16920854	LEFT	chr3R:16756098-16756427	chr3R	16756098	16756427	FBgn0000014_Spearman/chr3R_16756098-16756427__chr3R_16920451-16920854/enhancers/chr3R_16756098-16756427.fa	329
FBgn0000014_Spearman	FBgn0000014_Spearman/chr3R_16756098-16756427__chr3R_16920451-16920854	RIGHT	chr3R:16920451-16920854	chr3R	16920451	16920854	FBgn0000014_Spearman/chr3R_16756098-16756427__chr3R_16920451-16920854/enhancers/chr3R_16920451-16920854.fa	403
FBgn0000014_Spearman	FBgn0000014_Spearman/chr3R_16764121-16764485__chr3R_16802761-16803112	LEFT	chr3R:16764121-16764485	chr3R	16764121	16764485	FBgn0000014_Spearman/chr3R_16764121-16764485__chr3R_16802761-16803112/enhancers/chr3R_16764121-16764485.fa	364
FBgn0000014_Spearman	FBgn0000014_Spearman/chr3R_16764121-16764485__chr3R_16802761-16803112	RIGHT	chr3R:16802761-16803112	chr3R	16802761	16803112	FBgn0000014_Spearman/chr3R_16764121-16764485__chr3R_16802761-16803112/enhancers/chr3R_16802761-16803112.fa	351
FBgn0000014_Spearman	FBgn0000014_Spearman/chr3R_16764121-16764485__chr3R_16857769-16858049	LEFT	chr3R:16764121-16764485	chr3R	16764121	16764485	FBgn0000014_Spearman/chr3R_16764121-16764485__chr3R_16857769-16858049/enhancers/chr3R_16764121-16764485.fa	364
FBgn0000014_Spearman	FBgn0000014_Spearman/chr3R_16764121-16764485__chr3R_16857769-16858049	RIGHT	chr3R:16857769-16858049	chr3R	16857769	16858049	FBgn0000014_Spearman/chr3R_16764121-16764485__chr3R_16857769-16858049/enhancers/chr3R_16857769-16858049.fa	280
FBgn0000014_Spearman	FBgn0000014_Spearman/chr3R_16764121-16764485__chr3R_16878885-16879147	LEFT	chr3R:16764121-16764485	chr3R	16764121	16764485	FBgn0000014_Spearman/chr3R_16764121-16764485__chr3R_16878885-16879147/enhancers/chr3R_16764121-16764485.fa	364
FBgn0000014_Spearman	FBgn0000014_Spearman/chr3R_16764121-16764485__chr3R_16878885-16879147	RIGHT	chr3R:16878885-16879147	chr3R	16878885	16879147	FBgn0000014_Spearman/chr3R_16764121-16764485__chr3R_16878885-16879147/enhancers/chr3R_16878885-16879147.fa	262
FBgn0000014_Spearman	FBgn0000014_Spearman/chr3R_16764121-16764485__chr3R_16882506-16882728	LEFT	chr3R:16764121-16764485	chr3R	16764121	16764485	FBgn0000014_Spearman/chr3R_16764121-16764485__chr3R_16882506-16882728/enhancers/chr3R_16764121-16764485.fa	364
FBgn0000014_Spearman	FBgn0000014_Spearman/chr3R_16764121-16764485__chr3R_16882506-16882728	RIGHT	chr3R:16882506-16882728	chr3R	16882506	16882728	FBgn0000014_Spearman/chr3R_16764121-16764485__chr3R_16882506-16882728/enhancers/chr3R_16882506-16882728.fa	222
FBgn0000014_Spearman	FBgn0000014_Spearman/chr3R_16764121-16764485__chr3R_16920451-16920854	LEFT	chr3R:16764121-16764485	chr3R	16764121	16764485	FBgn0000014_Spearman/chr3R_16764121-16764485__chr3R_16920451-16920854/enhancers/chr3R_16764121-16764485.fa	364
FBgn0000014_Spearman	FBgn0000014_Spearman/chr3R_16764121-16764485__chr3R_16920451-16920854	RIGHT	chr3R:16920451-16920854	chr3R	16920451	16920854	FBgn0000014_Spearman/chr3R_16764121-16764485__chr3R_16920451-16920854/enhancers/chr3R_16920451-16920854.fa	403
FBgn0000014_Spearman	FBgn0000014_Spearman/chr3R_16802761-16803112__chr3R_16857769-16858049	LEFT	chr3R:16802761-16803112	chr3R	16802761	16803112	FBgn0000014_Spearman/chr3R_16802761-16803112__chr3R_16857769-16858049/enhancers/chr3R_16802761-16803112.fa	351
FBgn0000014_Spearman	FBgn0000014_Spearman/chr3R_16802761-16803112__chr3R_16857769-16858049	RIGHT	chr3R:16857769-16858049	chr3R	16857769	16858049	FBgn0000014_Spearman/chr3R_16802761-16803112__chr3R_16857769-16858049/enhancers/chr3R_16857769-16858049.fa	280
FBgn0000014_Spearman	FBgn0000014_Spearman/chr3R_16802761-16803112__chr3R_16878885-16879147	LEFT	chr3R:16802761-16803112	chr3R	16802761	16803112	FBgn0000014_Spearman/chr3R_16802761-16803112__chr3R_16878885-16879147/enhancers/chr3R_16802761-16803112.fa	351
FBgn0000014_Spearman	FBgn0000014_Spearman/chr3R_16802761-16803112__chr3R_16878885-16879147	RIGHT	chr3R:16878885-16879147	chr3R	16878885	16879147	FBgn0000014_Spearman/chr3R_16802761-16803112__chr3R_16878885-16879147/enhancers/chr3R_16878885-16879147.fa	262
FBgn0000014_Spearman	FBgn0000014_Spearman/chr3R_16802761-16803112__chr3R_16882506-16882728	LEFT	chr3R:16802761-16803112	chr3R	16802761	16803112	FBgn0000014_Spearman/chr3R_16802761-16803112__chr3R_16882506-16882728/enhancers/chr3R_16802761-16803112.fa	351
FBgn0000014_Spearman	FBgn0000014_Spearman/chr3R_16802761-16803112__chr3R_16882506-16882728	RIGHT	chr3R:16882506-16882728	chr3R	16882506	16882728	FBgn0000014_Spearman/chr3R_16802761-16803112__chr3R_16882506-16882728/enhancers/chr3R_16882506-16882728.fa	222
FBgn0000014_Spearman	FBgn0000014_Spearman/chr3R_16802761-16803112__chr3R_16920451-16920854	LEFT	chr3R:16802761-16803112	chr3R	16802761	16803112	FBgn0000014_Spearman/chr3R_16802761-16803112__chr3R_16920451-16920854/enhancers/chr3R_16802761-16803112.fa	351
FBgn0000014_Spearman	FBgn0000014_Spearman/chr3R_16802761-16803112__chr3R_16920451-16920854	RIGHT	chr3R:16920451-16920854	chr3R	16920451	16920854	FBgn0000014_Spearman/chr3R_16802761-16803112__chr3R_16920451-16920854/enhancers/chr3R_16920451-16920854.fa	403
FBgn0000014_Spearman	FBgn0000014_Spearman/chr3R_16857769-16858049__chr3R_16878885-16879147	LEFT	chr3R:16857769-16858049	chr3R	16857769	16858049	FBgn0000014_Spearman/chr3R_16857769-16858049__chr3R_16878885-16879147/enhancers/chr3R_16857769-16858049.fa	280
FBgn0000014_Spearman	FBgn0000014_Spearman/chr3R_16857769-16858049__chr3R_16878885-16879147	RIGHT	chr3R:16878885-16879147	chr3R	16878885	16879147	FBgn0000014_Spearman/chr3R_16857769-16858049__chr3R_16878885-16879147/enhancers/chr3R_16878885-16879147.fa	262
FBgn0000014_Spearman	FBgn0000014_Spearman/chr3R_16857769-16858049__chr3R_16882506-16882728	LEFT	chr3R:16857769-16858049	chr3R	16857769	16858049	FBgn0000014_Spearman/chr3R_16857769-16858049__chr3R_16882506-16882728/enhancers/chr3R_16857769-16858049.fa	280
FBgn0000014_Spearman	FBgn0000014_Spearman/chr3R_16857769-16858049__chr3R_16882506-16882728	RIGHT	chr3R:16882506-16882728	chr3R	16882506	16882728	FBgn0000014_Spearman/chr3R_16857769-16858049__chr3R_16882506-16882728/enhancers/chr3R_16882506-16882728.fa	222
FBgn0000014_Spearman	FBgn0000014_Spearman/chr3R_16857769-16858049__chr3R_16920451-16920854	LEFT	chr3R:16857769-16858049	chr3R	16857769	16858049	FBgn0000014_Spearman/chr3R_16857769-16858049__chr3R_16920451-16920854/enhancers/chr3R_16857769-16858049.fa	280
FBgn0000014_Spearman	FBgn0000014_Spearman/chr3R_16857769-16858049__chr3R_16920451-16920854	RIGHT	chr3R:16920451-16920854	chr3R	16920451	16920854	FBgn0000014_Spearman/chr3R_16857769-16858049__chr3R_16920451-16920854/enhancers/chr3R_16920451-16920854.fa	403
FBgn0000014_Spearman	FBgn0000014_Spearman/chr3R_16878885-16879147__chr3R_16882506-16882728	LEFT	chr3R:16878885-16879147	chr3R	16878885	16879147	FBgn0000014_Spearman/chr3R_16878885-16879147__chr3R_16882506-16882728/enhancers/chr3R_16878885-16879147.fa	262
FBgn0000014_Spearman	FBgn0000014_Spearman/chr3R_16878885-16879147__chr3R_16882506-16882728	RIGHT	chr3R:16882506-16882728	chr3R	16882506	16882728	FBgn0000014_Spearman/chr3R_16878885-16879147__chr3R_16882506-16882728/enhancers/chr3R_16882506-16882728.fa	222
FBgn0000014_Spearman	FBgn0000014_Spearman/chr3R_16878885-16879147__chr3R_16920451-16920854	LEFT	chr3R:16878885-16879147	chr3R	16878885	16879147	FBgn0000014_Spearman/chr3R_16878885-16879147__chr3R_16920451-16920854/enhancers/chr3R_16878885-16879147.fa	262
FBgn0000014_Spearman	FBgn0000014_Spearman/chr3R_16878885-16879147__chr3R_16920451-16920854	RIGHT	chr3R:16920451-16920854	chr3R	16920451	16920854	FBgn0000014_Spearman/chr3R_16878885-16879147__chr3R_16920451-16920854/enhancers/chr3R_16920451-16920854.fa	403
FBgn0000014_Spearman	FBgn0000014_Spearman/chr3R_16882506-16882728__chr3R_16920451-16920854	LEFT	chr3R:16882506-16882728	chr3R	16882506	16882728	FBgn0000014_Spearman/chr3R_16882506-16882728__chr3R_16920451-16920854/enhancers/chr3R_16882506-16882728.fa	222
FBgn0000014_Spearman	FBgn0000014_Spearman/chr3R_16882506-16882728__chr3R_16920451-16920854	RIGHT	chr3R:16920451-16920854	chr3R	16920451	16920854	FBgn0000014_Spearman/chr3R_16882506-16882728__chr3R_16920451-16920854/enhancers/chr3R_16920451-16920854.fa	403
FBgn0000046_Spearman	FBgn0000046_Spearman/chr3R_13428342-13429087__chr3R_13450374-13450711	LEFT	chr3R:13428342-13429087	chr3R	13428342	13429087	FBgn0000046_Spearman/chr3R_13428342-13429087__chr3R_13450374-13450711/enhancers/chr3R_13428342-13429087.fa	745
FBgn0000046_Spearman	FBgn0000046_Spearman/chr3R_13428342-13429087__chr3R_13450374-13450711	RIGHT	chr3R:13450374-13450711	chr3R	13450374	13450711	FBgn0000046_Spearman/chr3R_13428342-13429087__chr3R_13450374-13450711/enhancers/chr3R_13450374-13450711.fa	337
FBgn0000116_Spearman	FBgn0000116_Spearman/chr3L_9019828-9020140__chr3L_9021970-9022336	LEFT	chr3L:9019828-9020140	chr3L	9019828	9020140	FBgn0000116_Spearman/chr3L_9019828-9020140__chr3L_9021970-9022336/enhancers/chr3L_9019828-9020140.fa	312
FBgn0000116_Spearman	FBgn0000116_Spearman/chr3L_9019828-9020140__chr3L_9021970-9022336	RIGHT	chr3L:9021970-9022336	chr3L	9021970	9022336	FBgn0000116_Spearman/chr3L_9019828-9020140__chr3L_9021970-9022336/enhancers/chr3L_9021970-9022336.fa	366
FBgn0000116_Spearman	FBgn0000116_Spearman/chr3L_9019828-9020140__chr3L_9024467-9024945	LEFT	chr3L:9019828-9020140	chr3L	9019828	9020140	FBgn0000116_Spearman/chr3L_9019828-9020140__chr3L_9024467-9024945/enhancers/chr3L_9019828-9020140.fa	312
FBgn0000116_Spearman	FBgn0000116_Spearman/chr3L_9019828-9020140__chr3L_9024467-9024945	RIGHT	chr3L:9024467-9024945	chr3L	9024467	9024945	FBgn0000116_Spearman/chr3L_9019828-9020140__chr3L_9024467-9024945/enhancers/chr3L_9024467-9024945.fa	478
FBgn0000116_Spearman	FBgn0000116_Spearman/chr3L_9021970-9022336__chr3L_9024467-9024945	LEFT	chr3L:9021970-9022336	chr3L	9021970	9022336	FBgn0000116_Spearman/chr3L_9021970-9022336__chr3L_9024467-9024945/enhancers/chr3L_9021970-9022336.fa	366
FBgn0000116_Spearman	FBgn0000116_Spearman/chr3L_9021970-9022336__chr3L_9024467-9024945	RIGHT	chr3L:9024467-9024945	chr3L	9024467	9024945	FBgn0000116_Spearman/chr3L_9021970-9022336__chr3L_9024467-9024945/enhancers/chr3L_9024467-9024945.fa	478
FBgn0000180_Spearman	FBgn0000180_Spearman/chr2L_9988598-9989094__chr2L_9989401-9989775	LEFT	chr2L:9988598-9989094	chr2L	9988598	9989094	FBgn0000180_Spearman/chr2L_9988598-9989094__chr2L_9989401-9989775/enhancers/chr2L_9988598-9989094.fa	496
FBgn0000180_Spearman	FBgn0000180_Spearman/chr2L_9988598-9989094__chr2L_9989401-9989775	RIGHT	chr2L:9989401-9989775	chr2L	9989401	9989775	FBgn0000180_Spearman/chr2L_9988598-9989094__chr2L_9989401-9989775/enhancers/chr2L_9989401-9989775.fa	374
FBgn0000181_Spearman	FBgn0000181_Spearman/chr2R_12485374-12485574__chr2R_12496961-12497161	LEFT	chr2R:12485374-12485574	chr2R	12485374	12485574	FBgn0000181_Spearman/chr2R_12485374-12485574__chr2R_12496961-12497161/enhancers/chr2R_12485374-12485574.fa	200
FBgn0000181_Spearman	FBgn0000181_Spearman/chr2R_12485374-12485574__chr2R_12496961-12497161	RIGHT	chr2R:12496961-12497161	chr2R	12496961	12497161	FBgn0000181_Spearman/chr2R_12485374-12485574__chr2R_12496961-12497161/enhancers/chr2R_12496961-12497161.fa	200
FBgn0000406_Spearman	FBgn0000406_Spearman/chr2L_16757034-16757234__chr2L_16764311-16764631	LEFT	chr2L:16757034-16757234	chr2L	16757034	16757234	FBgn0000406_Spearman/chr2L_16757034-16757234__chr2L_16764311-16764631/enhancers/chr2L_16757034-16757234.fa	200
FBgn0000406_Spearman	FBgn0000406_Spearman/chr2L_16757034-16757234__chr2L_16764311-16764631	RIGHT	chr2L:16764311-16764631	chr2L	16764311	16764631	FBgn0000406_Spearman/chr2L_16757034-16757234__chr2L_16764311-16764631/enhancers/chr2L_16764311-16764631.fa	320
FBgn0000463_Spearman	FBgn0000463_Spearman/chr3R_19287679-19287954__chr3R_19317230-19317464	LEFT	chr3R:19287679-19287954	chr3R	19287679	19287954	FBgn0000463_Spearman/chr3R_19287679-19287954__chr3R_19317230-19317464/enhancers/chr3R_19287679-19287954.fa	275
FBgn0000463_Spearman	FBgn0000463_Spearman/chr3R_19287679-19287954__chr3R_19317230-19317464	RIGHT	chr3R:19317230-19317464	chr3R	19317230	19317464	FBgn0000463_Spearman/chr3R_19287679-19287954__chr3R_19317230-19317464/enhancers/chr3R_19317230-19317464.fa	234
FBgn0000463_Spearman	FBgn0000463_Spearman/chr3R_19287679-19287954__chr3R_19326610-19326911	LEFT	chr3R:19287679-19287954	chr3R	19287679	19287954	FBgn0000463_Spearman/chr3R_19287679-19287954__chr3R_19326610-19326911/enhancers/chr3R_19287679-19287954.fa	275
FBgn0000463_Spearman	FBgn0000463_Spearman/chr3R_19287679-19287954__chr3R_19326610-19326911	RIGHT	chr3R:19326610-19326911	chr3R	19326610	19326911	FBgn0000463_Spearman/chr3R_19287679-19287954__chr3R_19326610-19326911/enhancers/chr3R_19326610-19326911.fa	301
FBgn0000463_Spearman	FBgn0000463_Spearman/chr3R_19287679-19287954__chr3R_19329924-19330208	LEFT	chr3R:19287679-19287954	chr3R	19287679	19287954	FBgn0000463_Spearman/chr3R_19287679-19287954__chr3R_19329924-19330208/enhancers/chr3R_19287679-19287954.fa	275
FBgn0000463_Spearman	FBgn0000463_Spearman/chr3R_19287679-19287954__chr3R_19329924-19330208	RIGHT	chr3R:19329924-19330208	chr3R	19329924	19330208	FBgn0000463_Spearman/chr3R_19287679-19287954__chr3R_19329924-19330208/enhancers/chr3R_19329924-19330208.fa	284
FBgn0000463_Spearman	FBgn0000463_Spearman/chr3R_19287679-19287954__chr3R_19332565-19332811	LEFT	chr3R:19287679-19287954	chr3R	19287679	19287954	FBgn0000463_Spearman/chr3R_19287679-19287954__chr3R_19332565-19332811/enhancers/chr3R_19287679-19287954.fa	275
FBgn0000463_Spearman	FBgn0000463_Spearman/chr3R_19287679-19287954__chr3R_19332565-19332811	RIGHT	chr3R:19332565-19332811	chr3R	19332565	19332811	FBgn0000463_Spearman/chr3R_19287679-19287954__chr3R_19332565-19332811/enhancers/chr3R_19332565-19332811.fa	246
FBgn0000463_Spearman	FBgn0000463_Spearman/chr3R_19287679-19287954__chr3R_19339027-19339227	LEFT	chr3R:19287679-19287954	chr3R	19287679	19287954	FBgn0000463_Spearman/chr3R_19287679-19287954__chr3R_19339027-19339227/enhancers/chr3R_19287679-19287954.fa	275
FBgn0000463_Spearman	FBgn0000463_Spearman/chr3R_19287679-19287954__chr3R_19339027-19339227	RIGHT	chr3R:19339027-19339227	chr3R	19339027	19339227	FBgn0000463_Spearman/chr3R_19287679-19287954__chr3R_19339027-19339227/enhancers/chr3R_19339027-19339227.fa	200
FBgn0000463_Spearman	FBgn0000463_Spearman/chr3R_19287679-19287954__chr3R_19340770-19340970	LEFT	chr3R:19287679-19287954	chr3R	19287679	19287954	FBgn0000463_Spearman/chr3R_19287679-19287954__chr3R_19340770-19340970/enhancers/chr3R_19287679-19287954.fa	275
FBgn0000463_Spearman	FBgn0000463_Spearman/chr3R_19287679-19287954__chr3R_19340770-19340970	RIGHT	chr3R:19340770-19340970	chr3R	19340770	19340970	FBgn0000463_Spearman/chr3R_19287679-19287954__chr3R_19340770-19340970/enhancers/chr3R_19340770-19340970.fa	200
FBgn0000463_Spearman	FBgn0000463_Spearman/chr3R_19287679-19287954__chr3R_19343351-19343609	LEFT	chr3R:19287679-19287954	chr3R	19287679	19287954	FBgn0000463_Spearman/chr3R_19287679-19287954__chr3R_19343351-19343609/enhancers/chr3R_19287679-19287954.fa	275
FBgn0000463_Spearman	FBgn0000463_Spearman/chr3R_19287679-19287954__chr3R_19343351-19343609	RIGHT	chr3R:19343351-19343609	chr3R	19343351	19343609	FBgn0000463_Spearman/chr3R_19287679-19287954__chr3R_19343351-19343609/enhancers/chr3R_19343351-19343609.fa	258
FBgn0000463_Spearman	FBgn0000463_Spearman/chr3R_19287679-19287954__chr3R_19343988-19344362	LEFT	chr3R:19287679-19287954	chr3R	19287679	19287954	FBgn0000463_Spearman/chr3R_19287679-19287954__chr3R_19343988-19344362/enhancers/chr3R_19287679-19287954.fa	275
FBgn0000463_Spearman	FBgn0000463_Spearman/chr3R_19287679-19287954__chr3R_19343988-19344362	RIGHT	chr3R:19343988-19344362	chr3R	19343988	19344362	FBgn0000463_Spearman/chr3R_19287679-19287954__chr3R_19343988-19344362/enhancers/chr3R_19343988-19344362.fa	374
FBgn0000463_Spearman	FBgn0000463_Spearman/chr3R_19287679-19287954__chr3R_19346468-19346888	LEFT	chr3R:19287679-19287954	chr3R	19287679	19287954	FBgn0000463_Spearman/chr3R_19287679-19287954__chr3R_19346468-19346888/enhancers/chr3R_19287679-19287954.fa	275
FBgn0000463_Spearman	FBgn0000463_Spearman/chr3R_19287679-19287954__chr3R_19346468-19346888	RIGHT	chr3R:19346468-19346888	chr3R	19346468	19346888	FBgn0000463_Spearman/chr3R_19287679-19287954__chr3R_19346468-19346888/enhancers/chr3R_19346468-19346888.fa	420
FBgn0000463_Spearman	FBgn0000463_Spearman/chr3R_19287679-19287954__chr3R_19350401-19350687	LEFT	chr3R:19287679-19287954	chr3R	19287679	19287954	FBgn0000463_Spearman/chr3R_19287679-19287954__chr3R_19350401-19350687/enhancers/chr3R_19287679-19287954.fa	275
FBgn0000463_Spearman	FBgn0000463_Spearman/chr3R_19287679-19287954__chr3R_19350401-19350687	RIGHT	chr3R:19350401-19350687	chr3R	19350401	19350687	FBgn0000463_Spearman/chr3R_19287679-19287954__chr3R_19350401-19350687/enhancers/chr3R_19350401-19350687.fa	286
FBgn0000463_Spearman	FBgn0000463_Spearman/chr3R_19317230-19317464__chr3R_19326610-19326911	LEFT	chr3R:19317230-19317464	chr3R	19317230	19317464	FBgn0000463_Spearman/chr3R_19317230-19317464__chr3R_19326610-19326911/enhancers/chr3R_19317230-19317464.fa	234
FBgn0000463_Spearman	FBgn0000463_Spearman/chr3R_19317230-19317464__chr3R_19326610-19326911	RIGHT	chr3R:19326610-19326911	chr3R	19326610	19326911	FBgn0000463_Spearman/chr3R_19317230-19317464__chr3R_19326610-19326911/enhancers/chr3R_19326610-19326911.fa	301
FBgn0000463_Spearman	FBgn0000463_Spearman/chr3R_19317230-19317464__chr3R_19329924-19330208	LEFT	chr3R:19317230-19317464	chr3R	19317230	19317464	FBgn0000463_Spearman/chr3R_19317230-19317464__chr3R_19329924-19330208/enhancers/chr3R_19317230-19317464.fa	234
FBgn0000463_Spearman	FBgn0000463_Spearman/chr3R_19317230-19317464__chr3R_19329924-19330208	RIGHT	chr3R:19329924-19330208	chr3R	19329924	19330208	FBgn0000463_Spearman/chr3R_19317230-19317464__chr3R_19329924-19330208/enhancers/chr3R_19329924-19330208.fa	284
FBgn0000463_Spearman	FBgn0000463_Spearman/chr3R_19317230-19317464__chr3R_19332565-19332811	LEFT	chr3R:19317230-19317464	chr3R	19317230	19317464	FBgn0000463_Spearman/chr3R_19317230-19317464__chr3R_19332565-19332811/enhancers/chr3R_19317230-19317464.fa	234
FBgn0000463_Spearman	FBgn0000463_Spearman/chr3R_19317230-19317464__chr3R_19332565-19332811	RIGHT	chr3R:19332565-19332811	chr3R	19332565	19332811	FBgn0000463_Spearman/chr3R_19317230-19317464__chr3R_19332565-19332811/enhancers/chr3R_19332565-19332811.fa	246
FBgn0000463_Spearman	FBgn0000463_Spearman/chr3R_19317230-19317464__chr3R_19339027-19339227	LEFT	chr3R:19317230-19317464	chr3R	19317230	19317464	FBgn0000463_Spearman/chr3R_19317230-19317464__chr3R_19339027-19339227/enhancers/chr3R_19317230-19317464.fa	234
FBgn0000463_Spearman	FBgn0000463_Spearman/chr3R_19317230-19317464__chr3R_19339027-19339227	RIGHT	chr3R:19339027-19339227	chr3R	19339027	19339227	FBgn0000463_Spearman/chr3R_19317230-19317464__chr3R_19339027-19339227/enhancers/chr3R_19339027-19339227.fa	200
FBgn0000463_Spearman	FBgn0000463_Spearman/chr3R_19317230-19317464__chr3R_19340770-19340970	LEFT	chr3R:19317230-19317464	chr3R	19317230	19317464	FBgn0000463_Spearman/chr3R_19317230-19317464__chr3R_19340770-19340970/enhancers/chr3R_19317230-19317464.fa	234
FBgn0000463_Spearman	FBgn0000463_Spearman/chr3R_19317230-19317464__chr3R_19340770-19340970	RIGHT	chr3R:19340770-19340970	chr3R	19340770	19340970	FBgn0000463_Spearman/chr3R_19317230-19317464__chr3R_19340770-19340970/enhancers/chr3R_19340770-19340970.fa	200
FBgn0000463_Spearman	FBgn0000463_Spearman/chr3R_19317230-19317464__chr3R_19343351-19343609	LEFT	chr3R:19317230-19317464	chr3R	19317230	19317464	FBgn0000463_Spearman/chr3R_19317230-19317464__chr3R_19343351-19343609/enhancers/chr3R_19317230-19317464.fa	234
FBgn0000463_Spearman	FBgn0000463_Spearman/chr3R_19317230-19317464__chr3R_19343351-19343609	RIGHT	chr3R:19343351-19343609	chr3R	19343351	19343609	FBgn0000463_Spearman/chr3R_19317230-19317464__chr3R_19343351-19343609/enhancers/chr3R_19343351-19343609.fa	258
FBgn0000463_Spearman	FBgn0000463_Spearman/chr3R_19317230-19317464__chr3R_19343988-19344362	LEFT	chr3R:19317230-19317464	chr3R	19317230	19317464	FBgn0000463_Spearman/chr3R_19317230-19317464__chr3R_19343988-19344362/enhancers/chr3R_19317230-19317464.fa	234
FBgn0000463_Spearman	FBgn0000463_Spearman/chr3R_19317230-19317464__chr3R_19343988-19344362	RIGHT	chr3R:19343988-19344362	chr3R	19343988	19344362	FBgn0000463_Spearman/chr3R_19317230-19317464__chr3R_19343988-19344362/enhancers/chr3R_19343988-19344362.fa	374
FBgn0000463_Spearman	FBgn0000463_Spearman/chr3R_19317230-19317464__chr3R_19346468-19346888	LEFT	chr3R:19317230-19317464	chr3R	19317230	19317464	FBgn0000463_Spearman/chr3R_19317230-19317464__chr3R_19346468-19346888/enhancers/chr3R_19317230-19317464.fa	234
FBgn0000463_Spearman	FBgn0000463_Spearman/chr3R_19317230-19317464__chr3R_19346468-19346888	RIGHT	chr3R:19346468-19346888	chr3R	19346468	19346888	FBgn0000463_Spearman/chr3R_19317230-19317464__chr3R_19346468-19346888/enhancers/chr3R_19346468-19346888.fa	420
FBgn0000463_Spearman	FBgn0000463_Spearman/chr3R_19317230-19317464__chr3R_19350401-19350687	LEFT	chr3R:19317230-19317464	chr3R	19317230	19317464	FBgn0000463_Spearman/chr3R_19317230-19317464__chr3R_19350401-19350687/enhancers/chr3R_19317230-19317464.fa	234
FBgn0000463_Spearman	FBgn0000463_Spearman/chr3R_19317230-19317464__chr3R_19350401-19350687	RIGHT	chr3R:19350401-19350687	chr3R	19350401	19350687	FBgn0000463_Spearman/chr3R_19317230-19317464__chr3R_19350401-19350687/enhancers/chr3R_19350401-19350687.fa	286
FBgn0000463_Spearman	FBgn0000463_Spearman/chr3R_19326610-19326911__chr3R_19329924-19330208	LEFT	chr3R:19326610-19326911	chr3R	19326610	19326911	FBgn0000463_Spearman/chr3R_19326610-19326911__chr3R_19329924-19330208/enhancers/chr3R_19326610-19326911.fa	301
FBgn0000463_Spearman	FBgn0000463_Spearman/chr3R_19326610-19326911__chr3R_19329924-19330208	RIGHT	chr3R:19329924-19330208	chr3R	19329924	19330208	FBgn0000463_Spearman/chr3R_19326610-19326911__chr3R_19329924-19330208/enhancers/chr3R_19329924-19330208.fa	284
FBgn0000463_Spearman	FBgn0000463_Spearman/chr3R_19326610-19326911__chr3R_19332565-19332811	LEFT	chr3R:19326610-19326911	chr3R	19326610	19326911	FBgn0000463_Spearman/chr3R_19326610-19326911__chr3R_19332565-19332811/enhancers/chr3R_19326610-19326911.fa	301
FBgn0000463_Spearman	FBgn0000463_Spearman/chr3R_19326610-19326911__chr3R_19332565-19332811	RIGHT	chr3R:19332565-19332811	chr3R	19332565	19332811	FBgn0000463_Spearman/chr3R_19326610-19326911__chr3R_19332565-19332811/enhancers/chr3R_19332565-19332811.fa	246
FBgn0000463_Spearman	FBgn0000463_Spearman/chr3R_19326610-19326911__chr3R_19339027-19339227	LEFT	chr3R:19326610-19326911	chr3R	19326610	19326911	FBgn0000463_Spearman/chr3R_19326610-19326911__chr3R_19339027-19339227/enhancers/chr3R_19326610-19326911.fa	301
FBgn0000463_Spearman	FBgn0000463_Spearman/chr3R_19326610-19326911__chr3R_19339027-19339227	RIGHT	chr3R:19339027-19339227	chr3R	19339027	19339227	FBgn0000463_Spearman/chr3R_19326610-19326911__chr3R_19339027-19339227/enhancers/chr3R_19339027-19339227.fa	200
FBgn0000463_Spearman	FBgn0000463_Spearman/chr3R_19326610-19326911__chr3R_19340770-19340970	LEFT	chr3R:19326610-19326911	chr3R	19326610	19326911	FBgn0000463_Spearman/chr3R_19326610-19326911__chr3R_19340770-19340970/enhancers/chr3R_19326610-19326911.fa	301
FBgn0000463_Spearman	FBgn0000463_Spearman/chr3R_19326610-19326911__chr3R_19340770-19340970	RIGHT	chr3R:19340770-19340970	chr3R	19340770	19340970	FBgn0000463_Spearman/chr3R_19326610-19326911__chr3R_19340770-19340970/enhancers/chr3R_19340770-19340970.fa	200
FBgn0000463_Spearman	FBgn0000463_Spearman/chr3R_19326610-19326911__chr3R_19343351-19343609	LEFT	chr3R:19326610-19326911	chr3R	19326610	19326911	FBgn0000463_Spearman/chr3R_19326610-19326911__chr3R_19343351-19343609/enhancers/chr3R_19326610-19326911.fa	301
FBgn0000463_Spearman	FBgn0000463_Spearman/chr3R_19326610-19326911__chr3R_19343351-19343609	RIGHT	chr3R:19343351-19343609	chr3R	19343351	19343609	FBgn0000463_Spearman/chr3R_19326610-19326911__chr3R_19343351-19343609/enhancers/chr3R_19343351-19343609.fa	258
FBgn0000463_Spearman	FBgn0000463_Spearman/chr3R_19326610-19326911__chr3R_19343988-19344362	LEFT	chr3R:19326610-19326911	chr3R	19326610	19326911	FBgn0000463_Spearman/chr3R_19326610-19326911__chr3R_19343988-19344362/enhancers/chr3R_19326610-19326911.fa	301
FBgn0000463_Spearman	FBgn0000463_Spearman/chr3R_19326610-19326911__chr3R_19343988-19344362	RIGHT	chr3R:19343988-19344362	chr3R	19343988	19344362	FBgn0000463_Spearman/chr3R_19326610-19326911__chr3R_19343988-19344362/enhancers/chr3R_19343988-19344362.fa	374
FBgn0000463_Spearman	FBgn0000463_Spearman/chr3R_19326610-19326911__chr3R_19346468-19346888	LEFT	chr3R:19326610-19326911	chr3R	19326610	19326911	FBgn0000463_Spearman/chr3R_19326610-19326911__chr3R_19346468-19346888/enhancers/chr3R_19326610-19326911.fa	301
FBgn0000463_Spearman	FBgn0000463_Spearman/chr3R_19326610-19326911__chr3R_19346468-19346888	RIGHT	chr3R:19346468-19346888	chr3R	19346468	19346888	FBgn0000463_Spearman/chr3R_19326610-19326911__chr3R_19346468-19346888/enhancers/chr3R_19346468-19346888.fa	420
FBgn0000463_Spearman	FBgn0000463_Spearman/chr3R_19326610-19326911__chr3R_19350401-19350687	LEFT	chr3R:19326610-19326911	chr3R	19326610	19326911	FBgn0000463_Spearman/chr3R_19326610-19326911__chr3R_19350401-19350687/enhancers/chr3R_19326610-19326911.fa	301
FBgn0000463_Spearman	FBgn0000463_Spearman/chr3R_19326610-19326911__chr3R_19350401-19350687	RIGHT	chr3R:19350401-19350687	chr3R	19350401	19350687	FBgn0000463_Spearman/chr3R_19326610-19326911__chr3R_19350401-19350687/enhancers/chr3R_19350401-19350687.fa	286
FBgn0000463_Spearman	FBgn0000463_Spearman/chr3R_19329924-19330208__chr3R_19332565-19332811	LEFT	chr3R:19329924-19330208	chr3R	19329924	19330208	FBgn0000463_Spearman/chr3R_19329924-19330208__chr3R_19332565-19332811/enhancers/chr3R_19329924-19330208.fa	284
FBgn0000463_Spearman	FBgn0000463_Spearman/chr3R_19329924-19330208__chr3R_19332565-19332811	RIGHT	chr3R:19332565-19332811	chr3R	19332565	19332811	FBgn0000463_Spearman/chr3R_19329924-19330208__chr3R_19332565-19332811/enhancers/chr3R_19332565-19332811.fa	246
FBgn0000463_Spearman	FBgn0000463_Spearman/chr3R_19329924-19330208__chr3R_19339027-19339227	LEFT	chr3R:19329924-19330208	chr3R	19329924	19330208	FBgn0000463_Spearman/chr3R_19329924-19330208__chr3R_19339027-19339227/enhancers/chr3R_19329924-19330208.fa	284
FBgn0000463_Spearman	FBgn0000463_Spearman/chr3R_19329924-19330208__chr3R_19339027-19339227	RIGHT	chr3R:19339027-19339227	chr3R	19339027	19339227	FBgn0000463_Spearman/chr3R_19329924-19330208__chr3R_19339027-19339227/enhancers/chr3R_19339027-19339227.fa	200
FBgn0000463_Spearman	FBgn0000463_Spearman/chr3R_19329924-19330208__chr3R_19340770-19340970	LEFT	chr3R:19329924-19330208	chr3R	19329924	19330208	FBgn0000463_Spearman/chr3R_19329924-19330208__chr3R_19340770-19340970/enhancers/chr3R_19329924-19330208.fa	284
FBgn0000463_Spearman	FBgn0000463_Spearman/chr3R_19329924-19330208__chr3R_19340770-19340970	RIGHT	chr3R:19340770-19340970	chr3R	19340770	19340970	FBgn0000463_Spearman/chr3R_19329924-19330208__chr3R_19340770-19340970/enhancers/chr3R_19340770-19340970.fa	200
FBgn0000463_Spearman	FBgn0000463_Spearman/chr3R_19329924-19330208__chr3R_19343351-19343609	LEFT	chr3R:19329924-19330208	chr3R	19329924	19330208	FBgn0000463_Spearman/chr3R_19329924-19330208__chr3R_19343351-19343609/enhancers/chr3R_19329924-19330208.fa	284
FBgn0000463_Spearman	FBgn0000463_Spearman/chr3R_19329924-19330208__chr3R_19343351-19343609	RIGHT	chr3R:19343351-19343609	chr3R	19343351	19343609	FBgn0000463_Spearman/chr3R_19329924-19330208__chr3R_19343351-19343609/enhancers/chr3R_19343351-19343609.fa	258
FBgn0000463_Spearman	FBgn0000463_Spearman/chr3R_19329924-19330208__chr3R_19343988-19344362	LEFT	chr3R:19329924-19330208	chr3R	19329924	19330208	FBgn0000463_Spearman/chr3R_19329924-19330208__chr3R_19343988-19344362/enhancers/chr3R_19329924-19330208.fa	284
FBgn0000463_Spearman	FBgn0000463_Spearman/chr3R_19329924-19330208__chr3R_19343988-19344362	RIGHT	chr3R:19343988-19344362	chr3R	19343988	19344362	FBgn0000463_Spearman/chr3R_19329924-19330208__chr3R_19343988-19344362/enhancers/chr3R_19343988-19344362.fa	374
FBgn0000463_Spearman	FBgn0000463_Spearman/chr3R_19329924-19330208__chr3R_19346468-19346888	LEFT	chr3R:19329924-19330208	chr3R	19329924	19330208	FBgn0000463_Spearman/chr3R_19329924-19330208__chr3R_19346468-19346888/enhancers/chr3R_19329924-19330208.fa	284
FBgn0000463_Spearman	FBgn0000463_Spearman/chr3R_19329924-19330208__chr3R_19346468-19346888	RIGHT	chr3R:19346468-19346888	chr3R	19346468	19346888	FBgn0000463_Spearman/chr3R_19329924-19330208__chr3R_19346468-19346888/enhancers/chr3R_19346468-19346888.fa	420
FBgn0000463_Spearman	FBgn0000463_Spearman/chr3R_19329924-19330208__chr3R_19350401-19350687	LEFT	chr3R:19329924-19330208	chr3R	19329924	19330208	FBgn0000463_Spearman/chr3R_19329924-19330208__chr3R_19350401-19350687/enhancers/chr3R_19329924-19330208.fa	284
FBgn0000463_Spearman	FBgn0000463_Spearman/chr3R_19329924-19330208__chr3R_19350401-19350687	RIGHT	chr3R:19350401-19350687	chr3R	19350401	19350687	FBgn0000463_Spearman/chr3R_19329924-19330208__chr3R_19350401-19350687/enhancers/chr3R_19350401-19350687.fa	286
FBgn0000463_Spearman	FBgn0000463_Spearman/chr3R_19332565-19332811__chr3R_19339027-19339227	LEFT	chr3R:19332565-19332811	chr3R	19332565	19332811	FBgn0000463_Spearman/chr3R_19332565-19332811__chr3R_19339027-19339227/enhancers/chr3R_19332565-19332811.fa	246
FBgn0000463_Spearman	FBgn0000463_Spearman/chr3R_19332565-19332811__chr3R_19339027-19339227	RIGHT	chr3R:19339027-19339227	chr3R	19339027	19339227	FBgn0000463_Spearman/chr3R_19332565-19332811__chr3R_19339027-19339227/enhancers/chr3R_19339027-19339227.fa	200
FBgn0000463_Spearman	FBgn0000463_Spearman/chr3R_19332565-19332811__chr3R_19340770-19340970	LEFT	chr3R:19332565-19332811	chr3R	19332565	19332811	FBgn0000463_Spearman/chr3R_19332565-19332811__chr3R_19340770-19340970/enhancers/chr3R_19332565-19332811.fa	246
FBgn0000463_Spearman	FBgn0000463_Spearman/chr3R_19332565-19332811__chr3R_19340770-19340970	RIGHT	chr3R:19340770-19340970	chr3R	19340770	19340970	FBgn0000463_Spearman/chr3R_19332565-19332811__chr3R_19340770-19340970/enhancers/chr3R_19340770-19340970.fa	200
FBgn0000463_Spearman	FBgn0000463_Spearman/chr3R_19332565-19332811__chr3R_19343351-19343609	LEFT	chr3R:19332565-19332811	chr3R	19332565	19332811	FBgn0000463_Spearman/chr3R_19332565-19332811__chr3R_19343351-19343609/enhancers/chr3R_19332565-19332811.fa	246
FBgn0000463_Spearman	FBgn0000463_Spearman/chr3R_19332565-19332811__chr3R_19343351-19343609	RIGHT	chr3R:19343351-19343609	chr3R	19343351	19343609	FBgn0000463_Spearman/chr3R_19332565-19332811__chr3R_19343351-19343609/enhancers/chr3R_19343351-19343609.fa	258
FBgn0000463_Spearman	FBgn0000463_Spearman/chr3R_19332565-19332811__chr3R_19343988-19344362	LEFT	chr3R:19332565-19332811	chr3R	19332565	19332811	FBgn0000463_Spearman/chr3R_19332565-19332811__chr3R_19343988-19344362/enhancers/chr3R_19332565-19332811.fa	246
FBgn0000463_Spearman	FBgn0000463_Spearman/chr3R_19332565-19332811__chr3R_19343988-19344362	RIGHT	chr3R:19343988-19344362	chr3R	19343988	19344362	FBgn0000463_Spearman/chr3R_19332565-19332811__chr3R_19343988-19344362/enhancers/chr3R_19343988-19344362.fa	374
FBgn0000463_Spearman	FBgn0000463_Spearman/chr3R_19332565-19332811__chr3R_19346468-19346888	LEFT	chr3R:19332565-19332811	chr3R	19332565	19332811	FBgn0000463_Spearman/chr3R_19332565-19332811__chr3R_19346468-19346888/enhancers/chr3R_19332565-19332811.fa	246
FBgn0000463_Spearman	FBgn0000463_Spearman/chr3R_19332565-19332811__chr3R_19346468-19346888	RIGHT	chr3R:19346468-19346888	chr3R	19346468	19346888	FBgn0000463_Spearman/chr3R_19332565-19332811__chr3R_19346468-19346888/enhancers/chr3R_19346468-19346888.fa	420
FBgn0000463_Spearman	FBgn0000463_Spearman/chr3R_19332565-19332811__chr3R_19350401-19350687	LEFT	chr3R:19332565-19332811	chr3R	19332565	19332811	FBgn0000463_Spearman/chr3R_19332565-19332811__chr3R_19350401-19350687/enhancers/chr3R_19332565-19332811.fa	246
FBgn0000463_Spearman	FBgn0000463_Spearman/chr3R_19332565-19332811__chr3R_19350401-19350687	RIGHT	chr3R:19350401-19350687	chr3R	19350401	19350687	FBgn0000463_Spearman/chr3R_19332565-19332811__chr3R_19350401-19350687/enhancers/chr3R_19350401-19350687.fa	286
FBgn0000463_Spearman	FBgn0000463_Spearman/chr3R_19339027-19339227__chr3R_19340770-19340970	LEFT	chr3R:19339027-19339227	chr3R	19339027	19339227	FBgn0000463_Spearman/chr3R_19339027-19339227__chr3R_19340770-19340970/enhancers/chr3R_19339027-19339227.fa	200
FBgn0000463_Spearman	FBgn0000463_Spearman/chr3R_19339027-19339227__chr3R_19340770-19340970	RIGHT	chr3R:19340770-19340970	chr3R	19340770	19340970	FBgn0000463_Spearman/chr3R_19339027-19339227__chr3R_19340770-19340970/enhancers/chr3R_19340770-19340970.fa	200
FBgn0000463_Spearman	FBgn0000463_Spearman/chr3R_19339027-19339227__chr3R_19343351-19343609	LEFT	chr3R:19339027-19339227	chr3R	19339027	19339227	FBgn0000463_Spearman/chr3R_19339027-19339227__chr3R_19343351-19343609/enhancers/chr3R_19339027-19339227.fa	200
FBgn0000463_Spearman	FBgn0000463_Spearman/chr3R_19339027-19339227__chr3R_19343351-19343609	RIGHT	chr3R:19343351-19343609	chr3R	19343351	19343609	FBgn0000463_Spearman/chr3R_19339027-19339227__chr3R_19343351-19343609/enhancers/chr3R_19343351-19343609.fa	258
FBgn0000463_Spearman	FBgn0000463_Spearman/chr3R_19339027-19339227__chr3R_19343988-19344362	LEFT	chr3R:19339027-19339227	chr3R	19339027	19339227	FBgn0000463_Spearman/chr3R_19339027-19339227__chr3R_19343988-19344362/enhancers/chr3R_19339027-19339227.fa	200
FBgn0000463_Spearman	FBgn0000463_Spearman/chr3R_19339027-19339227__chr3R_19343988-19344362	RIGHT	chr3R:19343988-19344362	chr3R	19343988	19344362	FBgn0000463_Spearman/chr3R_19339027-19339227__chr3R_19343988-19344362/enhancers/chr3R_19343988-19344362.fa	374
FBgn0000463_Spearman	FBgn0000463_Spearman/chr3R_19339027-19339227__chr3R_19346468-19346888	LEFT	chr3R:19339027-19339227	chr3R	19339027	19339227	FBgn0000463_Spearman/chr3R_19339027-19339227__chr3R_19346468-19346888/enhancers/chr3R_19339027-19339227.fa	200
FBgn0000463_Spearman	FBgn0000463_Spearman/chr3R_19339027-19339227__chr3R_19346468-19346888	RIGHT	chr3R:19346468-19346888	chr3R	19346468	19346888	FBgn0000463_Spearman/chr3R_19339027-19339227__chr3R_19346468-19346888/enhancers/chr3R_19346468-19346888.fa	420
FBgn0000463_Spearman	FBgn0000463_Spearman/chr3R_19339027-19339227__chr3R_19350401-19350687	LEFT	chr3R:19339027-19339227	chr3R	19339027	19339227	FBgn0000463_Spearman/chr3R_19339027-19339227__chr3R_19350401-19350687/enhancers/chr3R_19339027-19339227.fa	200
FBgn0000463_Spearman	FBgn0000463_Spearman/chr3R_19339027-19339227__chr3R_19350401-19350687	RIGHT	chr3R:19350401-19350687	chr3R	19350401	19350687	FBgn0000463_Spearman/chr3R_19339027-19339227__chr3R_19350401-19350687/enhancers/chr3R_19350401-19350687.fa	286
FBgn0000463_Spearman	FBgn0000463_Spearman/chr3R_19340770-19340970__chr3R_19343351-19343609	LEFT	chr3R:19340770-19340970	chr3R	19340770	19340970	FBgn0000463_Spearman/chr3R_19340770-19340970__chr3R_19343351-19343609/enhancers/chr3R_19340770-19340970.fa	200
FBgn0000463_Spearman	FBgn0000463_Spearman/chr3R_19340770-19340970__chr3R_19343351-19343609	RIGHT	chr3R:19343351-19343609	chr3R	19343351	19343609	FBgn0000463_Spearman/chr3R_19340770-19340970__chr3R_19343351-19343609/enhancers/chr3R_19343351-19343609.fa	258
FBgn0000463_Spearman	FBgn0000463_Spearman/chr3R_19340770-19340970__chr3R_19343988-19344362	LEFT	chr3R:19340770-19340970	chr3R	19340770	19340970	FBgn0000463_Spearman/chr3R_19340770-19340970__chr3R_19343988-19344362/enhancers/chr3R_19340770-19340970.fa	200
FBgn0000463_Spearman	FBgn0000463_Spearman/chr3R_19340770-19340970__chr3R_19343988-19344362	RIGHT	chr3R:19343988-19344362	chr3R	19343988	19344362	FBgn0000463_Spearman/chr3R_19340770-19340970__chr3R_19343988-19344362/enhancers/chr3R_19343988-19344362.fa	374
FBgn0000463_Spearman	FBgn0000463_Spearman/chr3R_19340770-19340970__chr3R_19346468-19346888	LEFT	chr3R:19340770-19340970	chr3R	19340770	19340970	FBgn0000463_Spearman/chr3R_19340770-19340970__chr3R_19346468-19346888/enhancers/chr3R_19340770-19340970.fa	200
FBgn0000463_Spearman	FBgn0000463_Spearman/chr3R_19340770-19340970__chr3R_19346468-19346888	RIGHT	chr3R:19346468-19346888	chr3R	19346468	19346888	FBgn0000463_Spearman/chr3R_19340770-19340970__chr3R_19346468-19346888/enhancers/chr3R_19346468-19346888.fa	420
FBgn0000463_Spearman	FBgn0000463_Spearman/chr3R_19340770-19340970__chr3R_19350401-19350687	LEFT	chr3R:19340770-19340970	chr3R	19340770	19340970	FBgn0000463_Spearman/chr3R_19340770-19340970__chr3R_19350401-19350687/enhancers/chr3R_19340770-19340970.fa	200
FBgn0000463_Spearman	FBgn0000463_Spearman/chr3R_19340770-19340970__chr3R_19350401-19350687	RIGHT	chr3R:19350401-19350687	chr3R	19350401	19350687	FBgn0000463_Spearman/chr3R_19340770-19340970__chr3R_19350401-19350687/enhancers/chr3R_19350401-19350687.fa	286
FBgn0000463_Spearman	FBgn0000463_Spearman/chr3R_19343351-19343609__chr3R_19343988-19344362	LEFT	chr3R:19343351-19343609	chr3R	19343351	19343609	FBgn0000463_Spearman/chr3R_19343351-19343609__chr3R_19343988-19344362/enhancers/chr3R_19343351-19343609.fa	258
FBgn0000463_Spearman	FBgn0000463_Spearman/chr3R_19343351-19343609__chr3R_19343988-19344362	RIGHT	chr3R:19343988-19344362	chr3R	19343988	19344362	FBgn0000463_Spearman/chr3R_19343351-19343609__chr3R_19343988-19344362/enhancers/chr3R_19343988-19344362.fa	374
FBgn0000463_Spearman	FBgn0000463_Spearman/chr3R_19343351-19343609__chr3R_19346468-19346888	LEFT	chr3R:19343351-19343609	chr3R	19343351	19343609	FBgn0000463_Spearman/chr3R_19343351-19343609__chr3R_19346468-19346888/enhancers/chr3R_19343351-19343609.fa	258
FBgn0000463_Spearman	FBgn0000463_Spearman/chr3R_19343351-19343609__chr3R_19346468-19346888	RIGHT	chr3R:19346468-19346888	chr3R	19346468	19346888	FBgn0000463_Spearman/chr3R_19343351-19343609__chr3R_19346468-19346888/enhancers/chr3R_19346468-19346888.fa	420
FBgn0000463_Spearman	FBgn0000463_Spearman/chr3R_19343351-19343609__chr3R_19350401-19350687	LEFT	chr3R:19343351-19343609	chr3R	19343351	19343609	FBgn0000463_Spearman/chr3R_19343351-19343609__chr3R_19350401-19350687/enhancers/chr3R_19343351-19343609.fa	258
FBgn0000463_Spearman	FBgn0000463_Spearman/chr3R_19343351-19343609__chr3R_19350401-19350687	RIGHT	chr3R:19350401-19350687	chr3R	19350401	19350687	FBgn0000463_Spearman/chr3R_19343351-19343609__chr3R_19350401-19350687/enhancers/chr3R_19350401-19350687.fa	286
FBgn0000463_Spearman	FBgn0000463_Spearman/chr3R_19343988-19344362__chr3R_19346468-19346888	LEFT	chr3R:19343988-19344362	chr3R	19343988	19344362	FBgn0000463_Spearman/chr3R_19343988-19344362__chr3R_19346468-19346888/enhancers/chr3R_19343988-19344362.fa	374
FBgn0000463_Spearman	FBgn0000463_Spearman/chr3R_19343988-19344362__chr3R_19346468-19346888	RIGHT	chr3R:19346468-19346888	chr3R	19346468	19346888	FBgn0000463_Spearman/chr3R_19343988-19344362__chr3R_19346468-19346888/enhancers/chr3R_19346468-19346888.fa	420
FBgn0000463_Spearman	FBgn0000463_Spearman/chr3R_19343988-19344362__chr3R_19350401-19350687	LEFT	chr3R:19343988-19344362	chr3R	19343988	19344362	FBgn0000463_Spearman/chr3R_19343988-19344362__chr3R_19350401-19350687/enhancers/chr3R_19343988-19344362.fa	374
FBgn0000463_Spearman	FBgn0000463_Spearman/chr3R_19343988-19344362__chr3R_19350401-19350687	RIGHT	chr3R:19350401-19350687	chr3R	19350401	19350687	FBgn0000463_Spearman/chr3R_19343988-19344362__chr3R_19350401-19350687/enhancers/chr3R_19350401-19350687.fa	286
FBgn0000463_Spearman	FBgn0000463_Spearman/chr3R_19346468-19346888__chr3R_19350401-19350687	LEFT	chr3R:19346468-19346888	chr3R	19346468	19346888	FBgn0000463_Spearman/chr3R_19346468-19346888__chr3R_19350401-19350687/enhancers/chr3R_19346468-19346888.fa	420
FBgn0000463_Spearman	FBgn0000463_Spearman/chr3R_19346468-19346888__chr3R_19350401-19350687	RIGHT	chr3R:19350401-19350687	chr3R	19350401	19350687	FBgn0000463_Spearman/chr3R_19346468-19346888__chr3R_19350401-19350687/enhancers/chr3R_19350401-19350687.fa	286
FBgn0000577_Spearman	FBgn0000577_Spearman/chr2R_11174981-11175181__chr2R_11176966-11177231	LEFT	chr2R:11174981-11175181	chr2R	11174981	11175181	FBgn0000577_Spearman/chr2R_11174981-11175181__chr2R_11176966-11177231/enhancers/chr2R_11174981-11175181.fa	200
FBgn0000577_Spearman	FBgn0000577_Spearman/chr2R_11174981-11175181__chr2R_11176966-11177231	RIGHT	chr2R:11176966-11177231	chr2R	11176966	11177231	FBgn0000577_Spearman/chr2R_11174981-11175181__chr2R_11176966-11177231/enhancers/chr2R_11176966-11177231.fa	265
FBgn0000721_Spearman	FBgn0000721_Spearman/chr2L_3609083-3609283__chr2L_3613425-3613748	LEFT	chr2L:3609083-3609283	chr2L	3609083	3609283	FBgn0000721_Spearman/chr2L_3609083-3609283__chr2L_3613425-3613748/enhancers/chr2L_3609083-3609283.fa	200
FBgn0000721_Spearman	FBgn0000721_Spearman/chr2L_3609083-3609283__chr2L_3613425-3613748	RIGHT	chr2L:3613425-3613748	chr2L	3613425	3613748	FBgn0000721_Spearman/chr2L_3609083-3609283__chr2L_3613425-3613748/enhancers/chr2L_3613425-3613748.fa	323
FBgn0001122_Spearman	FBgn0001122_Spearman/chr2R_10098614-10098835__chr2R_10099473-10099798	LEFT	chr2R:10098614-10098835	chr2R	10098614	10098835	FBgn0001122_Spearman/chr2R_10098614-10098835__chr2R_10099473-10099798/enhancers/chr2R_10098614-10098835.fa	221
FBgn0001122_Spearman	FBgn0001122_Spearman/chr2R_10098614-10098835__chr2R_10099473-10099798	RIGHT	chr2R:10099473-10099798	chr2R	10099473	10099798	FBgn0001122_Spearman/chr2R_10098614-10098835__chr2R_10099473-10099798/enhancers/chr2R_10099473-10099798.fa	325
FBgn0001122_Spearman	FBgn0001122_Spearman/chr2R_10098614-10098835__chr2R_10104067-10104664	LEFT	chr2R:10098614-10098835	chr2R	10098614	10098835	FBgn0001122_Spearman/chr2R_10098614-10098835__chr2R_10104067-10104664/enhancers/chr2R_10098614-10098835.fa	221
FBgn0001122_Spearman	FBgn0001122_Spearman/chr2R_10098614-10098835__chr2R_10104067-10104664	RIGHT	chr2R:10104067-10104664	chr2R	10104067	10104664	FBgn0001122_Spearman/chr2R_10098614-10098835__chr2R_10104067-10104664/enhancers/chr2R_10104067-10104664.fa	597
FBgn0001122_Spearman	FBgn0001122_Spearman/chr2R_10098614-10098835__chr2R_10109599-10110119	LEFT	chr2R:10098614-10098835	chr2R	10098614	10098835	FBgn0001122_Spearman/chr2R_10098614-10098835__chr2R_10109599-10110119/enhancers/chr2R_10098614-10098835.fa	221
FBgn0001122_Spearman	FBgn0001122_Spearman/chr2R_10098614-10098835__chr2R_10109599-10110119	RIGHT	chr2R:10109599-10110119	chr2R	10109599	10110119	FBgn0001122_Spearman/chr2R_10098614-10098835__chr2R_10109599-10110119/enhancers/chr2R_10109599-10110119.fa	520
FBgn0001122_Spearman	FBgn0001122_Spearman/chr2R_10098614-10098835__chr2R_10110809-10111161	LEFT	chr2R:10098614-10098835	chr2R	10098614	10098835	FBgn0001122_Spearman/chr2R_10098614-10098835__chr2R_10110809-10111161/enhancers/chr2R_10098614-10098835.fa	221
FBgn0001122_Spearman	FBgn0001122_Spearman/chr2R_10098614-10098835__chr2R_10110809-10111161	RIGHT	chr2R:10110809-10111161	chr2R	10110809	10111161	FBgn0001122_Spearman/chr2R_10098614-10098835__chr2R_10110809-10111161/enhancers/chr2R_10110809-10111161.fa	352
FBgn0001122_Spearman	FBgn0001122_Spearman/chr2R_10098614-10098835__chr2R_10160478-10160690	LEFT	chr2R:10098614-10098835	chr2R	10098614	10098835	FBgn0001122_Spearman/chr2R_10098614-10098835__chr2R_10160478-10160690/enhancers/chr2R_10098614-10098835.fa	221
FBgn0001122_Spearman	FBgn0001122_Spearman/chr2R_10098614-10098835__chr2R_10160478-10160690	RIGHT	chr2R:10160478-10160690	chr2R	10160478	10160690	FBgn0001122_Spearman/chr2R_10098614-10098835__chr2R_10160478-10160690/enhancers/chr2R_10160478-10160690.fa	212
FBgn0001122_Spearman	FBgn0001122_Spearman/chr2R_10099473-10099798__chr2R_10104067-10104664	LEFT	chr2R:10099473-10099798	chr2R	10099473	10099798	FBgn0001122_Spearman/chr2R_10099473-10099798__chr2R_10104067-10104664/enhancers/chr2R_10099473-10099798.fa	325
FBgn0001122_Spearman	FBgn0001122_Spearman/chr2R_10099473-10099798__chr2R_10104067-10104664	RIGHT	chr2R:10104067-10104664	chr2R	10104067	10104664	FBgn0001122_Spearman/chr2R_10099473-10099798__chr2R_10104067-10104664/enhancers/chr2R_10104067-10104664.fa	597
FBgn0001122_Spearman	FBgn0001122_Spearman/chr2R_10099473-10099798__chr2R_10109599-10110119	LEFT	chr2R:10099473-10099798	chr2R	10099473	10099798	FBgn0001122_Spearman/chr2R_10099473-10099798__chr2R_10109599-10110119/enhancers/chr2R_10099473-10099798.fa	325
FBgn0001122_Spearman	FBgn0001122_Spearman/chr2R_10099473-10099798__chr2R_10109599-10110119	RIGHT	chr2R:10109599-10110119	chr2R	10109599	10110119	FBgn0001122_Spearman/chr2R_10099473-10099798__chr2R_10109599-10110119/enhancers/chr2R_10109599-10110119.fa	520
FBgn0001122_Spearman	FBgn0001122_Spearman/chr2R_10099473-10099798__chr2R_10110809-10111161	LEFT	chr2R:10099473-10099798	chr2R	10099473	10099798	FBgn0001122_Spearman/chr2R_10099473-10099798__chr2R_10110809-10111161/enhancers/chr2R_10099473-10099798.fa	325
FBgn0001122_Spearman	FBgn0001122_Spearman/chr2R_10099473-10099798__chr2R_10110809-10111161	RIGHT	chr2R:10110809-10111161	chr2R	10110809	10111161	FBgn0001122_Spearman/chr2R_10099473-10099798__chr2R_10110809-10111161/enhancers/chr2R_10110809-10111161.fa	352
FBgn0001122_Spearman	FBgn0001122_Spearman/chr2R_10099473-10099798__chr2R_10160478-10160690	LEFT	chr2R:10099473-10099798	chr2R	10099473	10099798	FBgn0001122_Spearman/chr2R_10099473-10099798__chr2R_10160478-10160690/enhancers/chr2R_10099473-10099798.fa	325
FBgn0001122_Spearman	FBgn0001122_Spearman/chr2R_10099473-10099798__chr2R_10160478-10160690	RIGHT	chr2R:10160478-10160690	chr2R	10160478	10160690	FBgn0001122_Spearman/chr2R_10099473-10099798__chr2R_10160478-10160690/enhancers/chr2R_10160478-10160690.fa	212
FBgn0001122_Spearman	FBgn0001122_Spearman/chr2R_10104067-10104664__chr2R_10109599-10110119	LEFT	chr2R:10104067-10104664	chr2R	10104067	10104664	FBgn0001122_Spearman/chr2R_10104067-10104664__chr2R_10109599-10110119/enhancers/chr2R_10104067-10104664.fa	597
FBgn0001122_Spearman	FBgn0001122_Spearman/chr2R_10104067-10104664__chr2R_10109599-10110119	RIGHT	chr2R:10109599-10110119	chr2R	10109599	10110119	FBgn0001122_Spearman/chr2R_10104067-10104664__chr2R_10109599-10110119/enhancers/chr2R_10109599-10110119.fa	520
FBgn0001122_Spearman	FBgn0001122_Spearman/chr2R_10104067-10104664__chr2R_10110809-10111161	LEFT	chr2R:10104067-10104664	chr2R	10104067	10104664	FBgn0001122_Spearman/chr2R_10104067-10104664__chr2R_10110809-10111161/enhancers/chr2R_10104067-10104664.fa	597
FBgn0001122_Spearman	FBgn0001122_Spearman/chr2R_10104067-10104664__chr2R_10110809-10111161	RIGHT	chr2R:10110809-10111161	chr2R	10110809	10111161	FBgn0001122_Spearman/chr2R_10104067-10104664__chr2R_10110809-10111161/enhancers/chr2R_10110809-10111161.fa	352
FBgn0001122_Spearman	FBgn0001122_Spearman/chr2R_10104067-10104664__chr2R_10160478-10160690	LEFT	chr2R:10104067-10104664	chr2R	10104067	10104664	FBgn0001122_Spearman/chr2R_10104067-10104664__chr2R_10160478-10160690/enhancers/chr2R_10104067-10104664.fa	597
FBgn0001122_Spearman	FBgn0001122_Spearman/chr2R_10104067-10104664__chr2R_10160478-10160690	RIGHT	chr2R:10160478-10160690	chr2R	10160478	10160690	FBgn0001122_Spearman/chr2R_10104067-10104664__chr2R_10160478-10160690/enhancers/chr2R_10160478-10160690.fa	212
FBgn0001122_Spearman	FBgn0001122_Spearman/chr2R_10109599-10110119__chr2R_10110809-10111161	LEFT	chr2R:10109599-10110119	chr2R	10109599	10110119	FBgn0001122_Spearman/chr2R_10109599-10110119__chr2R_10110809-10111161/enhancers/chr2R_10109599-10110119.fa	520
FBgn0001122_Spearman	FBgn0001122_Spearman/chr2R_10109599-10110119__chr2R_10110809-10111161	RIGHT	chr2R:10110809-10111161	chr2R	10110809	10111161	FBgn0001122_Spearman/chr2R_10109599-10110119__chr2R_10110809-10111161/enhancers/chr2R_10110809-10111161.fa	352
FBgn0001122_Spearman	FBgn0001122_Spearman/chr2R_10109599-10110119__chr2R_10160478-10160690	LEFT	chr2R:10109599-10110119	chr2R	10109599	10110119	FBgn0001122_Spearman/chr2R_10109599-10110119__chr2R_10160478-10160690/enhancers/chr2R_10109599-10110119.fa	520
FBgn0001122_Spearman	FBgn0001122_Spearman/chr2R_10109599-10110119__chr2R_10160478-10160690	RIGHT	chr2R:10160478-10160690	chr2R	10160478	10160690	FBgn0001122_Spearman/chr2R_10109599-10110119__chr2R_10160478-10160690/enhancers/chr2R_10160478-10160690.fa	212
FBgn0001122_Spearman	FBgn0001122_Spearman/chr2R_10110809-10111161__chr2R_10160478-10160690	LEFT	chr2R:10110809-10111161	chr2R	10110809	10111161	FBgn0001122_Spearman/chr2R_10110809-10111161__chr2R_10160478-10160690/enhancers/chr2R_10110809-10111161.fa	352
FBgn0001122_Spearman	FBgn0001122_Spearman/chr2R_10110809-10111161__chr2R_10160478-10160690	RIGHT	chr2R:10160478-10160690	chr2R	10160478	10160690	FBgn0001122_Spearman/chr2R_10110809-10111161__chr2R_10160478-10160690/enhancers/chr2R_10160478-10160690.fa	212
FBgn0001124_Spearman	FBgn0001124_Spearman/chr2R_15781976-15782453__chr2R_15782875-15783226	LEFT	chr2R:15781976-15782453	chr2R	15781976	15782453	FBgn0001124_Spearman/chr2R_15781976-15782453__chr2R_15782875-15783226/enhancers/chr2R_15781976-15782453.fa	477
FBgn0001124_Spearman	FBgn0001124_Spearman/chr2R_15781976-15782453__chr2R_15782875-15783226	RIGHT	chr2R:15782875-15783226	chr2R	15782875	15783226	FBgn0001124_Spearman/chr2R_15781976-15782453__chr2R_15782875-15783226/enhancers/chr2R_15782875-15783226.fa	351
FBgn0001250_Spearman	FBgn0001250_Spearman/chrX_16714138-16714498__chrX_16714979-16715355	LEFT	chrX:16714138-16714498	chrX	16714138	16714498	FBgn0001250_Spearman/chrX_16714138-16714498__chrX_16714979-16715355/enhancers/chrX_16714138-16714498.fa	360
FBgn0001250_Spearman	FBgn0001250_Spearman/chrX_16714138-16714498__chrX_16714979-16715355	RIGHT	chrX:16714979-16715355	chrX	16714979	16715355	FBgn0001250_Spearman/chrX_16714138-16714498__chrX_16714979-16715355/enhancers/chrX_16714979-16715355.fa	376
FBgn0001319_Spearman	FBgn0001319_Spearman/chr2R_14405171-14405442__chr2R_14428730-14429102	LEFT	chr2R:14405171-14405442	chr2R	14405171	14405442	FBgn0001319_Spearman/chr2R_14405171-14405442__chr2R_14428730-14429102/enhancers/chr2R_14405171-14405442.fa	271
FBgn0001319_Spearman	FBgn0001319_Spearman/chr2R_14405171-14405442__chr2R_14428730-14429102	RIGHT	chr2R:14428730-14429102	chr2R	14428730	14429102	FBgn0001319_Spearman/chr2R_14405171-14405442__chr2R_14428730-14429102/enhancers/chr2R_14428730-14429102.fa	372
FBgn0002561_Spearman	FBgn0002561_Spearman/chrX_372134-372334__chrX_374797-375243	LEFT	chrX:372134-372334	chrX	372134	372334	FBgn0002561_Spearman/chrX_372134-372334__chrX_374797-375243/enhancers/chrX_372134-372334.fa	200
FBgn0002561_Spearman	FBgn0002561_Spearman/chrX_372134-372334__chrX_374797-375243	RIGHT	chrX:374797-375243	chrX	374797	375243	FBgn0002561_Spearman/chrX_372134-372334__chrX_374797-375243/enhancers/chrX_374797-375243.fa	446
FBgn0002561_Spearman	FBgn0002561_Spearman/chrX_372134-372334__chrX_421493-421767	LEFT	chrX:372134-372334	chrX	372134	372334	FBgn0002561_Spearman/chrX_372134-372334__chrX_421493-421767/enhancers/chrX_372134-372334.fa	200
FBgn0002561_Spearman	FBgn0002561_Spearman/chrX_372134-372334__chrX_421493-421767	RIGHT	chrX:421493-421767	chrX	421493	421767	FBgn0002561_Spearman/chrX_372134-372334__chrX_421493-421767/enhancers/chrX_421493-421767.fa	274
FBgn0002561_Spearman	FBgn0002561_Spearman/chrX_374797-375243__chrX_421493-421767	LEFT	chrX:374797-375243	chrX	374797	375243	FBgn0002561_Spearman/chrX_374797-375243__chrX_421493-421767/enhancers/chrX_374797-375243.fa	446
FBgn0002561_Spearman	FBgn0002561_Spearman/chrX_374797-375243__chrX_421493-421767	RIGHT	chrX:421493-421767	chrX	421493	421767	FBgn0002561_Spearman/chrX_374797-375243__chrX_421493-421767/enhancers/chrX_421493-421767.fa	274
FBgn0002733_Spearman	FBgn0002733_Spearman/chr3R_25997262-25997462__chr3R_25999494-25999722	LEFT	chr3R:25997262-25997462	chr3R	25997262	25997462	FBgn0002733_Spearman/chr3R_25997262-25997462__chr3R_25999494-25999722/enhancers/chr3R_25997262-25997462.fa	200
FBgn0002733_Spearman	FBgn0002733_Spearman/chr3R_25997262-25997462__chr3R_25999494-25999722	RIGHT	chr3R:25999494-25999722	chr3R	25999494	25999722	FBgn0002733_Spearman/chr3R_25997262-25997462__chr3R_25999494-25999722/enhancers/chr3R_25999494-25999722.fa	228
FBgn0002733_Spearman	FBgn0002733_Spearman/chr3R_25997262-25997462__chr3R_26002453-26002853	LEFT	chr3R:25997262-25997462	chr3R	25997262	25997462	FBgn0002733_Spearman/chr3R_25997262-25997462__chr3R_26002453-26002853/enhancers/chr3R_25997262-25997462.fa	200
FBgn0002733_Spearman	FBgn0002733_Spearman/chr3R_25997262-25997462__chr3R_26002453-26002853	RIGHT	chr3R:26002453-26002853	chr3R	26002453	26002853	FBgn0002733_Spearman/chr3R_25997262-25997462__chr3R_26002453-26002853/enhancers/chr3R_26002453-26002853.fa	400
FBgn0002733_Spearman	FBgn0002733_Spearman/chr3R_25997262-25997462__chr3R_26006043-26006577	LEFT	chr3R:25997262-25997462	chr3R	25997262	25997462	FBgn0002733_Spearman/chr3R_25997262-25997462__chr3R_26006043-26006577/enhancers/chr3R_25997262-25997462.fa	200
FBgn0002733_Spearman	FBgn0002733_Spearman/chr3R_25997262-25997462__chr3R_26006043-26006577	RIGHT	chr3R:26006043-26006577	chr3R	26006043	26006577	FBgn0002733_Spearman/chr3R_25997262-25997462__chr3R_26006043-26006577/enhancers/chr3R_26006043-26006577.fa	534
FBgn0002733_Spearman	FBgn0002733_Spearman/chr3R_25997262-25997462__chr3R_26009977-26010219	LEFT	chr3R:25997262-25997462	chr3R	25997262	25997462	FBgn0002733_Spearman/chr3R_25997262-25997462__chr3R_26009977-26010219/enhancers/chr3R_25997262-25997462.fa	200
FBgn0002733_Spearman	FBgn0002733_Spearman/chr3R_25997262-25997462__chr3R_26009977-26010219	RIGHT	chr3R:26009977-26010219	chr3R	26009977	26010219	FBgn0002733_Spearman/chr3R_25997262-25997462__chr3R_26009977-26010219/enhancers/chr3R_26009977-26010219.fa	242
FBgn0002733_Spearman	FBgn0002733_Spearman/chr3R_25997262-25997462__chr3R_26010258-26010647	LEFT	chr3R:25997262-25997462	chr3R	25997262	25997462	FBgn0002733_Spearman/chr3R_25997262-25997462__chr3R_26010258-26010647/enhancers/chr3R_25997262-25997462.fa	200
FBgn0002733_Spearman	FBgn0002733_Spearman/chr3R_25997262-25997462__chr3R_26010258-26010647	RIGHT	chr3R:26010258-26010647	chr3R	26010258	26010647	FBgn0002733_Spearman/chr3R_25997262-25997462__chr3R_26010258-26010647/enhancers/chr3R_26010258-26010647.fa	389
FBgn0002733_Spearman	FBgn0002733_Spearman/chr3R_25997262-25997462__chr3R_26017398-26017815	LEFT	chr3R:25997262-25997462	chr3R	25997262	25997462	FBgn0002733_Spearman/chr3R_25997262-25997462__chr3R_26017398-26017815/enhancers/chr3R_25997262-25997462.fa	200
FBgn0002733_Spearman	FBgn0002733_Spearman/chr3R_25997262-25997462__chr3R_26017398-26017815	RIGHT	chr3R:26017398-26017815	chr3R	26017398	26017815	FBgn0002733_Spearman/chr3R_25997262-25997462__chr3R_26017398-26017815/enhancers/chr3R_26017398-26017815.fa	417
FBgn0002733_Spearman	FBgn0002733_Spearman/chr3R_25997262-25997462__chr3R_26018200-26018652	LEFT	chr3R:25997262-25997462	chr3R	25997262	25997462	FBgn0002733_Spearman/chr3R_25997262-25997462__chr3R_26018200-26018652/enhancers/chr3R_25997262-25997462.fa	200
FBgn0002733_Spearman	FBgn0002733_Spearman/chr3R_25997262-25997462__chr3R_26018200-26018652	RIGHT	chr3R:26018200-26018652	chr3R	26018200	26018652	FBgn0002733_Spearman/chr3R_25997262-25997462__chr3R_26018200-26018652/enhancers/chr3R_26018200-26018652.fa	452
FBgn0002733_Spearman	FBgn0002733_Spearman/chr3R_25999494-25999722__chr3R_26002453-26002853	LEFT	chr3R:25999494-25999722	chr3R	25999494	25999722	FBgn0002733_Spearman/chr3R_25999494-25999722__chr3R_26002453-26002853/enhancers/chr3R_25999494-25999722.fa	228
FBgn0002733_Spearman	FBgn0002733_Spearman/chr3R_25999494-25999722__chr3R_26002453-26002853	RIGHT	chr3R:26002453-26002853	chr3R	26002453	26002853	FBgn0002733_Spearman/chr3R_25999494-25999722__chr3R_26002453-26002853/enhancers/chr3R_26002453-26002853.fa	400
FBgn0002733_Spearman	FBgn0002733_Spearman/chr3R_25999494-25999722__chr3R_26006043-26006577	LEFT	chr3R:25999494-25999722	chr3R	25999494	25999722	FBgn0002733_Spearman/chr3R_25999494-25999722__chr3R_26006043-26006577/enhancers/chr3R_25999494-25999722.fa	228
FBgn0002733_Spearman	FBgn0002733_Spearman/chr3R_25999494-25999722__chr3R_26006043-26006577	RIGHT	chr3R:26006043-26006577	chr3R	26006043	26006577	FBgn0002733_Spearman/chr3R_25999494-25999722__chr3R_26006043-26006577/enhancers/chr3R_26006043-26006577.fa	534
FBgn0002733_Spearman	FBgn0002733_Spearman/chr3R_25999494-25999722__chr3R_26009977-26010219	LEFT	chr3R:25999494-25999722	chr3R	25999494	25999722	FBgn0002733_Spearman/chr3R_25999494-25999722__chr3R_26009977-26010219/enhancers/chr3R_25999494-25999722.fa	228
FBgn0002733_Spearman	FBgn0002733_Spearman/chr3R_25999494-25999722__chr3R_26009977-26010219	RIGHT	chr3R:26009977-26010219	chr3R	26009977	26010219	FBgn0002733_Spearman/chr3R_25999494-25999722__chr3R_26009977-26010219/enhancers/chr3R_26009977-26010219.fa	242
FBgn0002733_Spearman	FBgn0002733_Spearman/chr3R_25999494-25999722__chr3R_26010258-26010647	LEFT	chr3R:25999494-25999722	chr3R	25999494	25999722	FBgn0002733_Spearman/chr3R_25999494-25999722__chr3R_26010258-26010647/enhancers/chr3R_25999494-25999722.fa	228
FBgn0002733_Spearman	FBgn0002733_Spearman/chr3R_25999494-25999722__chr3R_26010258-26010647	RIGHT	chr3R:26010258-26010647	chr3R	26010258	26010647	FBgn0002733_Spearman/chr3R_25999494-25999722__chr3R_26010258-26010647/enhancers/chr3R_26010258-26010647.fa	389
FBgn0002733_Spearman	FBgn0002733_Spearman/chr3R_25999494-25999722__chr3R_26017398-26017815	LEFT	chr3R:25999494-25999722	chr3R	25999494	25999722	FBgn0002733_Spearman/chr3R_25999494-25999722__chr3R_26017398-26017815/enhancers/chr3R_25999494-25999722.fa	228
FBgn0002733_Spearman	FBgn0002733_Spearman/chr3R_25999494-25999722__chr3R_26017398-26017815	RIGHT	chr3R:26017398-26017815	chr3R	26017398	26017815	FBgn0002733_Spearman/chr3R_25999494-25999722__chr3R_26017398-26017815/enhancers/chr3R_26017398-26017815.fa	417
FBgn0002733_Spearman	FBgn0002733_Spearman/chr3R_25999494-25999722__chr3R_26018200-26018652	LEFT	chr3R:25999494-25999722	chr3R	25999494	25999722	FBgn0002733_Spearman/chr3R_25999494-25999722__chr3R_26018200-26018652/enhancers/chr3R_25999494-25999722.fa	228
FBgn0002733_Spearman	FBgn0002733_Spearman/chr3R_25999494-25999722__chr3R_26018200-26018652	RIGHT	chr3R:26018200-26018652	chr3R	26018200	26018652	FBgn0002733_Spearman/chr3R_25999494-25999722__chr3R_26018200-26018652/enhancers/chr3R_26018200-26018652.fa	452
FBgn0002733_Spearman	FBgn0002733_Spearman/chr3R_26002453-26002853__chr3R_26006043-26006577	LEFT	chr3R:26002453-26002853	chr3R	26002453	26002853	FBgn0002733_Spearman/chr3R_26002453-26002853__chr3R_26006043-26006577/enhancers/chr3R_26002453-26002853.fa	400
FBgn0002733_Spearman	FBgn0002733_Spearman/chr3R_26002453-26002853__chr3R_26006043-26006577	RIGHT	chr3R:26006043-26006577	chr3R	26006043	26006577	FBgn0002733_Spearman/chr3R_26002453-26002853__chr3R_26006043-26006577/enhancers/chr3R_26006043-26006577.fa	534
FBgn0002733_Spearman	FBgn0002733_Spearman/chr3R_26002453-26002853__chr3R_26009977-26010219	LEFT	chr3R:26002453-26002853	chr3R	26002453	26002853	FBgn0002733_Spearman/chr3R_26002453-26002853__chr3R_26009977-26010219/enhancers/chr3R_26002453-26002853.fa	400
FBgn0002733_Spearman	FBgn0002733_Spearman/chr3R_26002453-26002853__chr3R_26009977-26010219	RIGHT	chr3R:26009977-26010219	chr3R	26009977	26010219	FBgn0002733_Spearman/chr3R_26002453-26002853__chr3R_26009977-26010219/enhancers/chr3R_26009977-26010219.fa	242
FBgn0002733_Spearman	FBgn0002733_Spearman/chr3R_26002453-26002853__chr3R_26010258-26010647	LEFT	chr3R:26002453-26002853	chr3R	26002453	26002853	FBgn0002733_Spearman/chr3R_26002453-26002853__chr3R_26010258-26010647/enhancers/chr3R_26002453-26002853.fa	400
FBgn0002733_Spearman	FBgn0002733_Spearman/chr3R_26002453-26002853__chr3R_26010258-26010647	RIGHT	chr3R:26010258-26010647	chr3R	26010258	26010647	FBgn0002733_Spearman/chr3R_26002453-26002853__chr3R_26010258-26010647/enhancers/chr3R_26010258-26010647.fa	389
FBgn0002733_Spearman	FBgn0002733_Spearman/chr3R_26002453-26002853__chr3R_26017398-26017815	LEFT	chr3R:26002453-26002853	chr3R	26002453	26002853	FBgn0002733_Spearman/chr3R_26002453-26002853__chr3R_26017398-26017815/enhancers/chr3R_26002453-26002853.fa	400
FBgn0002733_Spearman	FBgn0002733_Spearman/chr3R_26002453-26002853__chr3R_26017398-26017815	RIGHT	chr3R:26017398-26017815	chr3R	26017398	26017815	FBgn0002733_Spearman/chr3R_26002453-26002853__chr3R_26017398-26017815/enhancers/chr3R_26017398-26017815.fa	417
FBgn0002733_Spearman	FBgn0002733_Spearman/chr3R_26002453-26002853__chr3R_26018200-26018652	LEFT	chr3R:26002453-26002853	chr3R	26002453	26002853	FBgn0002733_Spearman/chr3R_26002453-26002853__chr3R_26018200-26018652/enhancers/chr3R_26002453-26002853.fa	400
FBgn0002733_Spearman	FBgn0002733_Spearman/chr3R_26002453-26002853__chr3R_26018200-26018652	RIGHT	chr3R:26018200-26018652	chr3R	26018200	26018652	FBgn0002733_Spearman/chr3R_26002453-26002853__chr3R_26018200-26018652/enhancers/chr3R_26018200-26018652.fa	452
FBgn0002733_Spearman	FBgn0002733_Spearman/chr3R_26006043-26006577__chr3R_26009977-26010219	LEFT	chr3R:26006043-26006577	chr3R	26006043	26006577	FBgn0002733_Spearman/chr3R_26006043-26006577__chr3R_26009977-26010219/enhancers/chr3R_26006043-26006577.fa	534
FBgn0002733_Spearman	FBgn0002733_Spearman/chr3R_26006043-26006577__chr3R_26009977-26010219	RIGHT	chr3R:26009977-26010219	chr3R	26009977	26010219	FBgn0002733_Spearman/chr3R_26006043-26006577__chr3R_26009977-26010219/enhancers/chr3R_26009977-26010219.fa	242
FBgn0002733_Spearman	FBgn0002733_Spearman/chr3R_26006043-26006577__chr3R_26010258-26010647	LEFT	chr3R:26006043-26006577	chr3R	26006043	26006577	FBgn0002733_Spearman/chr3R_26006043-26006577__chr3R_26010258-26010647/enhancers/chr3R_26006043-26006577.fa	534
FBgn0002733_Spearman	FBgn0002733_Spearman/chr3R_26006043-26006577__chr3R_26010258-26010647	RIGHT	chr3R:26010258-26010647	chr3R	26010258	26010647	FBgn0002733_Spearman/chr3R_26006043-26006577__chr3R_26010258-26010647/enhancers/chr3R_26010258-26010647.fa	389
FBgn0002733_Spearman	FBgn0002733_Spearman/chr3R_26006043-26006577__chr3R_26017398-26017815	LEFT	chr3R:26006043-26006577	chr3R	26006043	26006577	FBgn0002733_Spearman/chr3R_26006043-26006577__chr3R_26017398-26017815/enhancers/chr3R_26006043-26006577.fa	534
FBgn0002733_Spearman	FBgn0002733_Spearman/chr3R_26006043-26006577__chr3R_26017398-26017815	RIGHT	chr3R:26017398-26017815	chr3R	26017398	26017815	FBgn0002733_Spearman/chr3R_26006043-26006577__chr3R_26017398-26017815/enhancers/chr3R_26017398-26017815.fa	417
FBgn0002733_Spearman	FBgn0002733_Spearman/chr3R_26006043-26006577__chr3R_26018200-26018652	LEFT	chr3R:26006043-26006577	chr3R	26006043	26006577	FBgn0002733_Spearman/chr3R_26006043-26006577__chr3R_26018200-26018652/enhancers/chr3R_26006043-26006577.fa	534
FBgn0002733_Spearman	FBgn0002733_Spearman/chr3R_26006043-26006577__chr3R_26018200-26018652	RIGHT	chr3R:26018200-26018652	chr3R	26018200	26018652	FBgn0002733_Spearman/chr3R_26006043-26006577__chr3R_26018200-26018652/enhancers/chr3R_26018200-26018652.fa	452
FBgn0002733_Spearman	FBgn0002733_Spearman/chr3R_26009977-26010219__chr3R_26010258-26010647	LEFT	chr3R:26009977-26010219	chr3R	26009977	26010219	FBgn0002733_Spearman/chr3R_26009977-26010219__chr3R_26010258-26010647/enhancers/chr3R_26009977-26010219.fa	242
FBgn0002733_Spearman	FBgn0002733_Spearman/chr3R_26009977-26010219__chr3R_26010258-26010647	RIGHT	chr3R:26010258-26010647	chr3R	26010258	26010647	FBgn0002733_Spearman/chr3R_26009977-26010219__chr3R_26010258-26010647/enhancers/chr3R_26010258-26010647.fa	389
FBgn0002733_Spearman	FBgn0002733_Spearman/chr3R_26009977-26010219__chr3R_26017398-26017815	LEFT	chr3R:26009977-26010219	chr3R	26009977	26010219	FBgn0002733_Spearman/chr3R_26009977-26010219__chr3R_26017398-26017815/enhancers/chr3R_26009977-26010219.fa	242
FBgn0002733_Spearman	FBgn0002733_Spearman/chr3R_26009977-26010219__chr3R_26017398-26017815	RIGHT	chr3R:26017398-26017815	chr3R	26017398	26017815	FBgn0002733_Spearman/chr3R_26009977-26010219__chr3R_26017398-26017815/enhancers/chr3R_26017398-26017815.fa	417
FBgn0002733_Spearman	FBgn0002733_Spearman/chr3R_26009977-26010219__chr3R_26018200-26018652	LEFT	chr3R:26009977-26010219	chr3R	26009977	26010219	FBgn0002733_Spearman/chr3R_26009977-26010219__chr3R_26018200-26018652/enhancers/chr3R_26009977-26010219.fa	242
FBgn0002733_Spearman	FBgn0002733_Spearman/chr3R_26009977-26010219__chr3R_26018200-26018652	RIGHT	chr3R:26018200-26018652	chr3R	26018200	26018652	FBgn0002733_Spearman/chr3R_26009977-26010219__chr3R_26018200-26018652/enhancers/chr3R_26018200-26018652.fa	452
FBgn0002733_Spearman	FBgn0002733_Spearman/chr3R_26010258-26010647__chr3R_26017398-26017815	LEFT	chr3R:26010258-26010647	chr3R	26010258	26010647	FBgn0002733_Spearman/chr3R_26010258-26010647__chr3R_26017398-26017815/enhancers/chr3R_26010258-26010647.fa	389
FBgn0002733_Spearman	FBgn0002733_Spearman/chr3R_26010258-26010647__chr3R_26017398-26017815	RIGHT	chr3R:26017398-26017815	chr3R	26017398	26017815	FBgn0002733_Spearman/chr3R_26010258-26010647__chr3R_26017398-26017815/enhancers/chr3R_26017398-26017815.fa	417
FBgn0002733_Spearman	FBgn0002733_Spearman/chr3R_26010258-26010647__chr3R_26018200-26018652	LEFT	chr3R:26010258-26010647	chr3R	26010258	26010647	FBgn0002733_Spearman/chr3R_26010258-26010647__chr3R_26018200-26018652/enhancers/chr3R_26010258-26010647.fa	389
FBgn0002733_Spearman	FBgn0002733_Spearman/chr3R_26010258-26010647__chr3R_26018200-26018652	RIGHT	chr3R:26018200-26018652	chr3R	26018200	26018652	FBgn0002733_Spearman/chr3R_26010258-26010647__chr3R_26018200-26018652/enhancers/chr3R_26018200-26018652.fa	452
FBgn0002733_Spearman	FBgn0002733_Spearman/chr3R_26017398-26017815__chr3R_26018200-26018652	LEFT	chr3R:26017398-26017815	chr3R	26017398	26017815	FBgn0002733_Spearman/chr3R_26017398-26017815__chr3R_26018200-26018652/enhancers/chr3R_26017398-26017815.fa	417
FBgn0002733_Spearman	FBgn0002733_Spearman/chr3R_26017398-26017815__chr3R_26018200-26018652	RIGHT	chr3R:26018200-26018652	chr3R	26018200	26018652	FBgn0002733_Spearman/chr3R_26017398-26017815__chr3R_26018200-26018652/enhancers/chr3R_26018200-26018652.fa	452
FBgn0002931_Spearman	FBgn0002931_Spearman/chr2L_17816-18016__chr2L_20624-20824	LEFT	chr2L:17816-18016	chr2L	17816	18016	FBgn0002931_Spearman/chr2L_17816-18016__chr2L_20624-20824/enhancers/chr2L_17816-18016.fa	200
FBgn0002931_Spearman	FBgn0002931_Spearman/chr2L_17816-18016__chr2L_20624-20824	RIGHT	chr2L:20624-20824	chr2L	20624	20824	FBgn0002931_Spearman/chr2L_17816-18016__chr2L_20624-20824/enhancers/chr2L_20624-20824.fa	200
FBgn0002941_Spearman	FBgn0002941_Spearman/chr3R_21530848-21531048__chr3R_21534979-21535407	LEFT	chr3R:21530848-21531048	chr3R	21530848	21531048	FBgn0002941_Spearman/chr3R_21530848-21531048__chr3R_21534979-21535407/enhancers/chr3R_21530848-21531048.fa	200
FBgn0002941_Spearman	FBgn0002941_Spearman/chr3R_21530848-21531048__chr3R_21534979-21535407	RIGHT	chr3R:21534979-21535407	chr3R	21534979	21535407	FBgn0002941_Spearman/chr3R_21530848-21531048__chr3R_21534979-21535407/enhancers/chr3R_21534979-21535407.fa	428
FBgn0003002_Spearman	FBgn0003002_Spearman/chr3R_4835379-4835784__chr3R_4840732-4840997	LEFT	chr3R:4835379-4835784	chr3R	4835379	4835784	FBgn0003002_Spearman/chr3R_4835379-4835784__chr3R_4840732-4840997/enhancers/chr3R_4835379-4835784.fa	405
FBgn0003002_Spearman	FBgn0003002_Spearman/chr3R_4835379-4835784__chr3R_4840732-4840997	RIGHT	chr3R:4840732-4840997	chr3R	4840732	4840997	FBgn0003002_Spearman/chr3R_4835379-4835784__chr3R_4840732-4840997/enhancers/chr3R_4840732-4840997.fa	265
FBgn0003002_Spearman	FBgn0003002_Spearman/chr3R_4835379-4835784__chr3R_4852430-4852762	LEFT	chr3R:4835379-4835784	chr3R	4835379	4835784	FBgn0003002_Spearman/chr3R_4835379-4835784__chr3R_4852430-4852762/enhancers/chr3R_4835379-4835784.fa	405
FBgn0003002_Spearman	FBgn0003002_Spearman/chr3R_4835379-4835784__chr3R_4852430-4852762	RIGHT	chr3R:4852430-4852762	chr3R	4852430	4852762	FBgn0003002_Spearman/chr3R_4835379-4835784__chr3R_4852430-4852762/enhancers/chr3R_4852430-4852762.fa	332
FBgn0003002_Spearman	FBgn0003002_Spearman/chr3R_4835379-4835784__chr3R_4913812-4914012	LEFT	chr3R:4835379-4835784	chr3R	4835379	4835784	FBgn0003002_Spearman/chr3R_4835379-4835784__chr3R_4913812-4914012/enhancers/chr3R_4835379-4835784.fa	405
FBgn0003002_Spearman	FBgn0003002_Spearman/chr3R_4835379-4835784__chr3R_4913812-4914012	RIGHT	chr3R:4913812-4914012	chr3R	4913812	4914012	FBgn0003002_Spearman/chr3R_4835379-4835784__chr3R_4913812-4914012/enhancers/chr3R_4913812-4914012.fa	200
FBgn0003002_Spearman	FBgn0003002_Spearman/chr3R_4835379-4835784__chr3R_4960008-4960208	LEFT	chr3R:4835379-4835784	chr3R	4835379	4835784	FBgn0003002_Spearman/chr3R_4835379-4835784__chr3R_4960008-4960208/enhancers/chr3R_4835379-4835784.fa	405
FBgn0003002_Spearman	FBgn0003002_Spearman/chr3R_4835379-4835784__chr3R_4960008-4960208	RIGHT	chr3R:4960008-4960208	chr3R	4960008	4960208	FBgn0003002_Spearman/chr3R_4835379-4835784__chr3R_4960008-4960208/enhancers/chr3R_4960008-4960208.fa	200
FBgn0003002_Spearman	FBgn0003002_Spearman/chr3R_4840732-4840997__chr3R_4852430-4852762	LEFT	chr3R:4840732-4840997	chr3R	4840732	4840997	FBgn0003002_Spearman/chr3R_4840732-4840997__chr3R_4852430-4852762/enhancers/chr3R_4840732-4840997.fa	265
FBgn0003002_Spearman	FBgn0003002_Spearman/chr3R_4840732-4840997__chr3R_4852430-4852762	RIGHT	chr3R:4852430-4852762	chr3R	4852430	4852762	FBgn0003002_Spearman/chr3R_4840732-4840997__chr3R_4852430-4852762/enhancers/chr3R_4852430-4852762.fa	332
FBgn0003002_Spearman	FBgn0003002_Spearman/chr3R_4840732-4840997__chr3R_4913812-4914012	LEFT	chr3R:4840732-4840997	chr3R	4840732	4840997	FBgn0003002_Spearman/chr3R_4840732-4840997__chr3R_4913812-4914012/enhancers/chr3R_4840732-4840997.fa	265
FBgn0003002_Spearman	FBgn0003002_Spearman/chr3R_4840732-4840997__chr3R_4913812-4914012	RIGHT	chr3R:4913812-4914012	chr3R	4913812	4914012	FBgn0003002_Spearman/chr3R_4840732-4840997__chr3R_4913812-4914012/enhancers/chr3R_4913812-4914012.fa	200
FBgn0003002_Spearman	FBgn0003002_Spearman/chr3R_4840732-4840997__chr3R_4960008-4960208	LEFT	chr3R:4840732-4840997	chr3R	4840732	4840997	FBgn0003002_Spearman/chr3R_4840732-4840997__chr3R_4960008-4960208/enhancers/chr3R_4840732-4840997.fa	265
FBgn0003002_Spearman	FBgn0003002_Spearman/chr3R_4840732-4840997__chr3R_4960008-4960208	RIGHT	chr3R:4960008-4960208	chr3R	4960008	4960208	FBgn0003002_Spearman/chr3R_4840732-4840997__chr3R_4960008-4960208/enhancers/chr3R_4960008-4960208.fa	200
FBgn0003002_Spearman	FBgn0003002_Spearman/chr3R_4852430-4852762__chr3R_4913812-4914012	LEFT	chr3R:4852430-4852762	chr3R	4852430	4852762	FBgn0003002_Spearman/chr3R_4852430-4852762__chr3R_4913812-4914012/enhancers/chr3R_4852430-4852762.fa	332
FBgn0003002_Spearman	FBgn0003002_Spearman/chr3R_4852430-4852762__chr3R_4913812-4914012	RIGHT	chr3R:4913812-4914012	chr3R	4913812	4914012	FBgn0003002_Spearman/chr3R_4852430-4852762__chr3R_4913812-4914012/enhancers/chr3R_4913812-4914012.fa	200
FBgn0003002_Spearman	FBgn0003002_Spearman/chr3R_4852430-4852762__chr3R_4960008-4960208	LEFT	chr3R:4852430-4852762	chr3R	4852430	4852762	FBgn0003002_Spearman/chr3R_4852430-4852762__chr3R_4960008-4960208/enhancers/chr3R_4852430-4852762.fa	332
FBgn0003002_Spearman	FBgn0003002_Spearman/chr3R_4852430-4852762__chr3R_4960008-4960208	RIGHT	chr3R:4960008-4960208	chr3R	4960008	4960208	FBgn0003002_Spearman/chr3R_4852430-4852762__chr3R_4960008-4960208/enhancers/chr3R_4960008-4960208.fa	200
FBgn0003002_Spearman	FBgn0003002_Spearman/chr3R_4913812-4914012__chr3R_4960008-4960208	LEFT	chr3R:4913812-4914012	chr3R	4913812	4914012	FBgn0003002_Spearman/chr3R_4913812-4914012__chr3R_4960008-4960208/enhancers/chr3R_4913812-4914012.fa	200
FBgn0003002_Spearman	FBgn0003002_Spearman/chr3R_4913812-4914012__chr3R_4960008-4960208	RIGHT	chr3R:4960008-4960208	chr3R	4960008	4960208	FBgn0003002_Spearman/chr3R_4913812-4914012__chr3R_4960008-4960208/enhancers/chr3R_4960008-4960208.fa	200
FBgn0003118_Spearman	FBgn0003118_Spearman/chr3R_23300278-23300772__chr3R_23300984-23301221	LEFT	chr3R:23300278-23300772	chr3R	23300278	23300772	FBgn0003118_Spearman/chr3R_23300278-23300772__chr3R_23300984-23301221/enhancers/chr3R_23300278-23300772.fa	494
FBgn0003118_Spearman	FBgn0003118_Spearman/chr3R_23300278-23300772__chr3R_23300984-23301221	RIGHT	chr3R:23300984-23301221	chr3R	23300984	23301221	FBgn0003118_Spearman/chr3R_23300278-23300772__chr3R_23300984-23301221/enhancers/chr3R_23300984-23301221.fa	237
FBgn0003118_Spearman	FBgn0003118_Spearman/chr3R_23300278-23300772__chr3R_23343757-23344225	LEFT	chr3R:23300278-23300772	chr3R	23300278	23300772	FBgn0003118_Spearman/chr3R_23300278-23300772__chr3R_23343757-23344225/enhancers/chr3R_23300278-23300772.fa	494
FBgn0003118_Spearman	FBgn0003118_Spearman/chr3R_23300278-23300772__chr3R_23343757-23344225	RIGHT	chr3R:23343757-23344225	chr3R	23343757	23344225	FBgn0003118_Spearman/chr3R_23300278-23300772__chr3R_23343757-23344225/enhancers/chr3R_23343757-23344225.fa	468
FBgn0003118_Spearman	FBgn0003118_Spearman/chr3R_23300278-23300772__chr3R_23347543-23347873	LEFT	chr3R:23300278-23300772	chr3R	23300278	23300772	FBgn0003118_Spearman/chr3R_23300278-23300772__chr3R_23347543-23347873/enhancers/chr3R_23300278-23300772.fa	494
FBgn0003118_Spearman	FBgn0003118_Spearman/chr3R_23300278-23300772__chr3R_23347543-23347873	RIGHT	chr3R:23347543-23347873	chr3R	23347543	23347873	FBgn0003118_Spearman/chr3R_23300278-23300772__chr3R_23347543-23347873/enhancers/chr3R_23347543-23347873.fa	330
FBgn0003118_Spearman	FBgn0003118_Spearman/chr3R_23300984-23301221__chr3R_23343757-23344225	LEFT	chr3R:23300984-23301221	chr3R	23300984	23301221	FBgn0003118_Spearman/chr3R_23300984-23301221__chr3R_23343757-23344225/enhancers/chr3R_23300984-23301221.fa	237
FBgn0003118_Spearman	FBgn0003118_Spearman/chr3R_23300984-23301221__chr3R_23343757-23344225	RIGHT	chr3R:23343757-23344225	chr3R	23343757	23344225	FBgn0003118_Spearman/chr3R_23300984-23301221__chr3R_23343757-23344225/enhancers/chr3R_23343757-23344225.fa	468
FBgn0003118_Spearman	FBgn0003118_Spearman/chr3R_23300984-23301221__chr3R_23347543-23347873	LEFT	chr3R:23300984-23301221	chr3R	23300984	23301221	FBgn0003118_Spearman/chr3R_23300984-23301221__chr3R_23347543-23347873/enhancers/chr3R_23300984-23301221.fa	237
FBgn0003118_Spearman	FBgn0003118_Spearman/chr3R_23300984-23301221__chr3R_23347543-23347873	RIGHT	chr3R:23347543-23347873	chr3R	23347543	23347873	FBgn0003118_Spearman/chr3R_23300984-23301221__chr3R_23347543-23347873/enhancers/chr3R_23347543-23347873.fa	330
FBgn0003118_Spearman	FBgn0003118_Spearman/chr3R_23343757-23344225__chr3R_23347543-23347873	LEFT	chr3R:23343757-23344225	chr3R	23343757	23344225	FBgn0003118_Spearman/chr3R_23343757-23344225__chr3R_23347543-23347873/enhancers/chr3R_23343757-23344225.fa	468
FBgn0003118_Spearman	FBgn0003118_Spearman/chr3R_23343757-23344225__chr3R_23347543-23347873	RIGHT	chr3R:23347543-23347873	chr3R	23347543	23347873	FBgn0003118_Spearman/chr3R_23343757-23344225__chr3R_23347543-23347873/enhancers/chr3R_23347543-23347873.fa	330
FBgn0003169_Spearman	FBgn0003169_Spearman/chr3R_14590821-14591563__chr3R_14591568-14591768	LEFT	chr3R:14590821-14591563	chr3R	14590821	14591563	FBgn0003169_Spearman/chr3R_14590821-14591563__chr3R_14591568-14591768/enhancers/chr3R_14590821-14591563.fa	742
FBgn0003169_Spearman	FBgn0003169_Spearman/chr3R_14590821-14591563__chr3R_14591568-14591768	RIGHT	chr3R:14591568-14591768	chr3R	14591568	14591768	FBgn0003169_Spearman/chr3R_14590821-14591563__chr3R_14591568-14591768/enhancers/chr3R_14591568-14591768.fa	200
FBgn0003169_Spearman	FBgn0003169_Spearman/chr3R_14590821-14591563__chr3R_14597044-14597244	LEFT	chr3R:14590821-14591563	chr3R	14590821	14591563	FBgn0003169_Spearman/chr3R_14590821-14591563__chr3R_14597044-14597244/enhancers/chr3R_14590821-14591563.fa	742
FBgn0003169_Spearman	FBgn0003169_Spearman/chr3R_14590821-14591563__chr3R_14597044-14597244	RIGHT	chr3R:14597044-14597244	chr3R	14597044	14597244	FBgn0003169_Spearman/chr3R_14590821-14591563__chr3R_14597044-14597244/enhancers/chr3R_14597044-14597244.fa	200
FBgn0003169_Spearman	FBgn0003169_Spearman/chr3R_14590821-14591563__chr3R_14624470-14624670	LEFT	chr3R:14590821-14591563	chr3R	14590821	14591563	FBgn0003169_Spearman/chr3R_14590821-14591563__chr3R_14624470-14624670/enhancers/chr3R_14590821-14591563.fa	742
FBgn0003169_Spearman	FBgn0003169_Spearman/chr3R_14590821-14591563__chr3R_14624470-14624670	RIGHT	chr3R:14624470-14624670	chr3R	14624470	14624670	FBgn0003169_Spearman/chr3R_14590821-14591563__chr3R_14624470-14624670/enhancers/chr3R_14624470-14624670.fa	200
FBgn0003169_Spearman	FBgn0003169_Spearman/chr3R_14591568-14591768__chr3R_14597044-14597244	LEFT	chr3R:14591568-14591768	chr3R	14591568	14591768	FBgn0003169_Spearman/chr3R_14591568-14591768__chr3R_14597044-14597244/enhancers/chr3R_14591568-14591768.fa	200
FBgn0003169_Spearman	FBgn0003169_Spearman/chr3R_14591568-14591768__chr3R_14597044-14597244	RIGHT	chr3R:14597044-14597244	chr3R	14597044	14597244	FBgn0003169_Spearman/chr3R_14591568-14591768__chr3R_14597044-14597244/enhancers/chr3R_14597044-14597244.fa	200
FBgn0003169_Spearman	FBgn0003169_Spearman/chr3R_14591568-14591768__chr3R_14624470-14624670	LEFT	chr3R:14591568-14591768	chr3R	14591568	14591768	FBgn0003169_Spearman/chr3R_14591568-14591768__chr3R_14624470-14624670/enhancers/chr3R_14591568-14591768.fa	200
FBgn0003169_Spearman	FBgn0003169_Spearman/chr3R_14591568-14591768__chr3R_14624470-14624670	RIGHT	chr3R:14624470-14624670	chr3R	14624470	14624670	FBgn0003169_Spearman/chr3R_14591568-14591768__chr3R_14624470-14624670/enhancers/chr3R_14624470-14624670.fa	200
FBgn0003169_Spearman	FBgn0003169_Spearman/chr3R_14597044-14597244__chr3R_14624470-14624670	LEFT	chr3R:14597044-14597244	chr3R	14597044	14597244	FBgn0003169_Spearman/chr3R_14597044-14597244__chr3R_14624470-14624670/enhancers/chr3R_14597044-14597244.fa	200
FBgn0003169_Spearman	FBgn0003169_Spearman/chr3R_14597044-14597244__chr3R_14624470-14624670	RIGHT	chr3R:14624470-14624670	chr3R	14624470	14624670	FBgn0003169_Spearman/chr3R_14597044-14597244__chr3R_14624470-14624670/enhancers/chr3R_14624470-14624670.fa	200
FBgn0003285_Spearman	FBgn0003285_Spearman/chrX_3059091-3059476__chrX_3103691-3103945	LEFT	chrX:3059091-3059476	chrX	3059091	3059476	FBgn0003285_Spearman/chrX_3059091-3059476__chrX_3103691-3103945/enhancers/chrX_3059091-3059476.fa	385
FBgn0003285_Spearman	FBgn0003285_Spearman/chrX_3059091-3059476__chrX_3103691-3103945	RIGHT	chrX:3103691-3103945	chrX	3103691	3103945	FBgn0003285_Spearman/chrX_3059091-3059476__chrX_3103691-3103945/enhancers/chrX_3103691-3103945.fa	254
FBgn0003721_Spearman	FBgn0003721_Spearman/chr3R_15282470-15282698__chr3R_15310903-15311103	LEFT	chr3R:15282470-15282698	chr3R	15282470	15282698	FBgn0003721_Spearman/chr3R_15282470-15282698__chr3R_15310903-15311103/enhancers/chr3R_15282470-15282698.fa	228
FBgn0003721_Spearman	FBgn0003721_Spearman/chr3R_15282470-15282698__chr3R_15310903-15311103	RIGHT	chr3R:15310903-15311103	chr3R	15310903	15311103	FBgn0003721_Spearman/chr3R_15282470-15282698__chr3R_15310903-15311103/enhancers/chr3R_15310903-15311103.fa	200
FBgn0003731_Spearman	FBgn0003731_Spearman/chr2R_21145088-21145606__chr2R_21164556-21164883	LEFT	chr2R:21145088-21145606	chr2R	21145088	21145606	FBgn0003731_Spearman/chr2R_21145088-21145606__chr2R_21164556-21164883/enhancers/chr2R_21145088-21145606.fa	518
FBgn0003731_Spearman	FBgn0003731_Spearman/chr2R_21145088-21145606__chr2R_21164556-21164883	RIGHT	chr2R:21164556-21164883	chr2R	21164556	21164883	FBgn0003731_Spearman/chr2R_21145088-21145606__chr2R_21164556-21164883/enhancers/chr2R_21164556-21164883.fa	327
FBgn0003997_Spearman	FBgn0003997_Spearman/chr3L_18177706-18178000__chr3L_18188992-18189399	LEFT	chr3L:18177706-18178000	chr3L	18177706	18178000	FBgn0003997_Spearman/chr3L_18177706-18178000__chr3L_18188992-18189399/enhancers/chr3L_18177706-18178000.fa	294
FBgn0003997_Spearman	FBgn0003997_Spearman/chr3L_18177706-18178000__chr3L_18188992-18189399	RIGHT	chr3L:18188992-18189399	chr3L	18188992	18189399	FBgn0003997_Spearman/chr3L_18177706-18178000__chr3L_18188992-18189399/enhancers/chr3L_18188992-18189399.fa	407
FBgn0003997_Spearman	FBgn0003997_Spearman/chr3L_18177706-18178000__chr3L_18193476-18193931	LEFT	chr3L:18177706-18178000	chr3L	18177706	18178000	FBgn0003997_Spearman/chr3L_18177706-18178000__chr3L_18193476-18193931/enhancers/chr3L_18177706-18178000.fa	294
FBgn0003997_Spearman	FBgn0003997_Spearman/chr3L_18177706-18178000__chr3L_18193476-18193931	RIGHT	chr3L:18193476-18193931	chr3L	18193476	18193931	FBgn0003997_Spearman/chr3L_18177706-18178000__chr3L_18193476-18193931/enhancers/chr3L_18193476-18193931.fa	455
FBgn0003997_Spearman	FBgn0003997_Spearman/chr3L_18177706-18178000__chr3L_18241081-18241477	LEFT	chr3L:18177706-18178000	chr3L	18177706	18178000	FBgn0003997_Spearman/chr3L_18177706-18178000__chr3L_18241081-18241477/enhancers/chr3L_18177706-18178000.fa	294
FBgn0003997_Spearman	FBgn0003997_Spearman/chr3L_18177706-18178000__chr3L_18241081-18241477	RIGHT	chr3L:18241081-18241477	chr3L	18241081	18241477	FBgn0003997_Spearman/chr3L_18177706-18178000__chr3L_18241081-18241477/enhancers/chr3L_18241081-18241477.fa	396
FBgn0003997_Spearman	FBgn0003997_Spearman/chr3L_18177706-18178000__chr3L_18244888-18245144	LEFT	chr3L:18177706-18178000	chr3L	18177706	18178000	FBgn0003997_Spearman/chr3L_18177706-18178000__chr3L_18244888-18245144/enhancers/chr3L_18177706-18178000.fa	294
FBgn0003997_Spearman	FBgn0003997_Spearman/chr3L_18177706-18178000__chr3L_18244888-18245144	RIGHT	chr3L:18244888-18245144	chr3L	18244888	18245144	FBgn0003997_Spearman/chr3L_18177706-18178000__chr3L_18244888-18245144/enhancers/chr3L_18244888-18245144.fa	256
FBgn0003997_Spearman	FBgn0003997_Spearman/chr3L_18188992-18189399__chr3L_18193476-18193931	LEFT	chr3L:18188992-18189399	chr3L	18188992	18189399	FBgn0003997_Spearman/chr3L_18188992-18189399__chr3L_18193476-18193931/enhancers/chr3L_18188992-18189399.fa	407
FBgn0003997_Spearman	FBgn0003997_Spearman/chr3L_18188992-18189399__chr3L_18193476-18193931	RIGHT	chr3L:18193476-18193931	chr3L	18193476	18193931	FBgn0003997_Spearman/chr3L_18188992-18189399__chr3L_18193476-18193931/enhancers/chr3L_18193476-18193931.fa	455
FBgn0003997_Spearman	FBgn0003997_Spearman/chr3L_18188992-18189399__chr3L_18241081-18241477	LEFT	chr3L:18188992-18189399	chr3L	18188992	18189399	FBgn0003997_Spearman/chr3L_18188992-18189399__chr3L_18241081-18241477/enhancers/chr3L_18188992-18189399.fa	407
FBgn0003997_Spearman	FBgn0003997_Spearman/chr3L_18188992-18189399__chr3L_18241081-18241477	RIGHT	chr3L:18241081-18241477	chr3L	18241081	18241477	FBgn0003997_Spearman/chr3L_18188992-18189399__chr3L_18241081-18241477/enhancers/chr3L_18241081-18241477.fa	396
FBgn0003997_Spearman	FBgn0003997_Spearman/chr3L_18188992-18189399__chr3L_18244888-18245144	LEFT	chr3L:18188992-18189399	chr3L	18188992	18189399	FBgn0003997_Spearman/chr3L_18188992-18189399__chr3L_18244888-18245144/enhancers/chr3L_18188992-18189399.fa	407
FBgn0003997_Spearman	FBgn0003997_Spearman/chr3L_18188992-18189399__chr3L_18244888-18245144	RIGHT	chr3L:18244888-18245144	chr3L	18244888	18245144	FBgn0003997_Spearman/chr3L_18188992-18189399__chr3L_18244888-18245144/enhancers/chr3L_18244888-18245144.fa	256
FBgn0003997_Spearman	FBgn0003997_Spearman/chr3L_18193476-18193931__chr3L_18241081-18241477	LEFT	chr3L:18193476-18193931	chr3L	18193476	18193931	FBgn0003997_Spearman/chr3L_18193476-18193931__chr3L_18241081-18241477/enhancers/chr3L_18193476-18193931.fa	455
FBgn0003997_Spearman	FBgn0003997_Spearman/chr3L_18193476-18193931__chr3L_18241081-18241477	RIGHT	chr3L:18241081-18241477	chr3L	18241081	18241477	FBgn0003997_Spearman/chr3L_18193476-18193931__chr3L_18241081-18241477/enhancers/chr3L_18241081-18241477.fa	396
FBgn0003997_Spearman	FBgn0003997_Spearman/chr3L_18193476-18193931__chr3L_18244888-18245144	LEFT	chr3L:18193476-18193931	chr3L	18193476	18193931	FBgn0003997_Spearman/chr3L_18193476-18193931__chr3L_18244888-18245144/enhancers/chr3L_18193476-18193931.fa	455
FBgn0003997_Spearman	FBgn0003997_Spearman/chr3L_18193476-18193931__chr3L_18244888-18245144	RIGHT	chr3L:18244888-18245144	chr3L	18244888	18245144	FBgn0003997_Spearman/chr3L_18193476-18193931__chr3L_18244888-18245144/enhancers/chr3L_18244888-18245144.fa	256
FBgn0003997_Spearman	FBgn0003997_Spearman/chr3L_18241081-18241477__chr3L_18244888-18245144	LEFT	chr3L:18241081-18241477	chr3L	18241081	18241477	FBgn0003997_Spearman/chr3L_18241081-18241477__chr3L_18244888-18245144/enhancers/chr3L_18241081-18241477.fa	396
FBgn0003997_Spearman	FBgn0003997_Spearman/chr3L_18241081-18241477__chr3L_18244888-18245144	RIGHT	chr3L:18244888-18245144	chr3L	18244888	18245144	FBgn0003997_Spearman/chr3L_18241081-18241477__chr3L_18244888-18245144/enhancers/chr3L_18244888-18245144.fa	256
FBgn0004009_Spearman	FBgn0004009_Spearman/chr2L_7300056-7300353__chr2L_7310393-7310593	LEFT	chr2L:7300056-7300353	chr2L	7300056	7300353	FBgn0004009_Spearman/chr2L_7300056-7300353__chr2L_7310393-7310593/enhancers/chr2L_7300056-7300353.fa	297
FBgn0004009_Spearman	FBgn0004009_Spearman/chr2L_7300056-7300353__chr2L_7310393-7310593	RIGHT	chr2L:7310393-7310593	chr2L	7310393	7310593	FBgn0004009_Spearman/chr2L_7300056-7300353__chr2L_7310393-7310593/enhancers/chr2L_7310393-7310593.fa	200
FBgn0004009_Spearman	FBgn0004009_Spearman/chr2L_7300056-7300353__chr2L_7312164-7312502	LEFT	chr2L:7300056-7300353	chr2L	7300056	7300353	FBgn0004009_Spearman/chr2L_7300056-7300353__chr2L_7312164-7312502/enhancers/chr2L_7300056-7300353.fa	297
FBgn0004009_Spearman	FBgn0004009_Spearman/chr2L_7300056-7300353__chr2L_7312164-7312502	RIGHT	chr2L:7312164-7312502	chr2L	7312164	7312502	FBgn0004009_Spearman/chr2L_7300056-7300353__chr2L_7312164-7312502/enhancers/chr2L_7312164-7312502.fa	338
FBgn0004009_Spearman	FBgn0004009_Spearman/chr2L_7310393-7310593__chr2L_7312164-7312502	LEFT	chr2L:7310393-7310593	chr2L	7310393	7310593	FBgn0004009_Spearman/chr2L_7310393-7310593__chr2L_7312164-7312502/enhancers/chr2L_7310393-7310593.fa	200
FBgn0004009_Spearman	FBgn0004009_Spearman/chr2L_7310393-7310593__chr2L_7312164-7312502	RIGHT	chr2L:7312164-7312502	chr2L	7312164	7312502	FBgn0004009_Spearman/chr2L_7310393-7310593__chr2L_7312164-7312502/enhancers/chr2L_7312164-7312502.fa	338
FBgn0004432_Spearman	FBgn0004432_Spearman/chrX_16259170-16259635__chrX_16272729-16273509	LEFT	chrX:16259170-16259635	chrX	16259170	16259635	FBgn0004432_Spearman/chrX_16259170-16259635__chrX_16272729-16273509/enhancers/chrX_16259170-16259635.fa	465
FBgn0004432_Spearman	FBgn0004432_Spearman/chrX_16259170-16259635__chrX_16272729-16273509	RIGHT	chrX:16272729-16273509	chrX	16272729	16273509	FBgn0004432_Spearman/chrX_16259170-16259635__chrX_16272729-16273509/enhancers/chrX_16272729-16273509.fa	780
FBgn0004456_Spearman	FBgn0004456_Spearman/chrX_13214172-13214372__chrX_13214681-13214911	LEFT	chrX:13214172-13214372	chrX	13214172	13214372	FBgn0004456_Spearman/chrX_13214172-13214372__chrX_13214681-13214911/enhancers/chrX_13214172-13214372.fa	200
FBgn0004456_Spearman	FBgn0004456_Spearman/chrX_13214172-13214372__chrX_13214681-13214911	RIGHT	chrX:13214681-13214911	chrX	13214681	13214911	FBgn0004456_Spearman/chrX_13214172-13214372__chrX_13214681-13214911/enhancers/chrX_13214681-13214911.fa	230
FBgn0004606_Spearman	FBgn0004606_Spearman/chr3R_30732121-30732337__chr3R_30764337-30764604	LEFT	chr3R:30732121-30732337	chr3R	30732121	30732337	FBgn0004606_Spearman/chr3R_30732121-30732337__chr3R_30764337-30764604/enhancers/chr3R_30732121-30732337.fa	216
FBgn0004606_Spearman	FBgn0004606_Spearman/chr3R_30732121-30732337__chr3R_30764337-30764604	RIGHT	chr3R:30764337-30764604	chr3R	30764337	30764604	FBgn0004606_Spearman/chr3R_30732121-30732337__chr3R_30764337-30764604/enhancers/chr3R_30764337-30764604.fa	267
FBgn0004606_Spearman	FBgn0004606_Spearman/chr3R_30732121-30732337__chr3R_30765989-30766189	LEFT	chr3R:30732121-30732337	chr3R	30732121	30732337	FBgn0004606_Spearman/chr3R_30732121-30732337__chr3R_30765989-30766189/enhancers/chr3R_30732121-30732337.fa	216
FBgn0004606_Spearman	FBgn0004606_Spearman/chr3R_30732121-30732337__chr3R_30765989-30766189	RIGHT	chr3R:30765989-30766189	chr3R	30765989	30766189	FBgn0004606_Spearman/chr3R_30732121-30732337__chr3R_30765989-30766189/enhancers/chr3R_30765989-30766189.fa	200
FBgn0004606_Spearman	FBgn0004606_Spearman/chr3R_30732121-30732337__chr3R_30780915-30781294	LEFT	chr3R:30732121-30732337	chr3R	30732121	30732337	FBgn0004606_Spearman/chr3R_30732121-30732337__chr3R_30780915-30781294/enhancers/chr3R_30732121-30732337.fa	216
FBgn0004606_Spearman	FBgn0004606_Spearman/chr3R_30732121-30732337__chr3R_30780915-30781294	RIGHT	chr3R:30780915-30781294	chr3R	30780915	30781294	FBgn0004606_Spearman/chr3R_30732121-30732337__chr3R_30780915-30781294/enhancers/chr3R_30780915-30781294.fa	379
FBgn0004606_Spearman	FBgn0004606_Spearman/chr3R_30732121-30732337__chr3R_30794867-30795176	LEFT	chr3R:30732121-30732337	chr3R	30732121	30732337	FBgn0004606_Spearman/chr3R_30732121-30732337__chr3R_30794867-30795176/enhancers/chr3R_30732121-30732337.fa	216
FBgn0004606_Spearman	FBgn0004606_Spearman/chr3R_30732121-30732337__chr3R_30794867-30795176	RIGHT	chr3R:30794867-30795176	chr3R	30794867	30795176	FBgn0004606_Spearman/chr3R_30732121-30732337__chr3R_30794867-30795176/enhancers/chr3R_30794867-30795176.fa	309
FBgn0004606_Spearman	FBgn0004606_Spearman/chr3R_30764337-30764604__chr3R_30765989-30766189	LEFT	chr3R:30764337-30764604	chr3R	30764337	30764604	FBgn0004606_Spearman/chr3R_30764337-30764604__chr3R_30765989-30766189/enhancers/chr3R_30764337-30764604.fa	267
FBgn0004606_Spearman	FBgn0004606_Spearman/chr3R_30764337-30764604__chr3R_30765989-30766189	RIGHT	chr3R:30765989-30766189	chr3R	30765989	30766189	FBgn0004606_Spearman/chr3R_30764337-30764604__chr3R_30765989-30766189/enhancers/chr3R_30765989-30766189.fa	200
FBgn0004606_Spearman	FBgn0004606_Spearman/chr3R_30764337-30764604__chr3R_30780915-30781294	LEFT	chr3R:30764337-30764604	chr3R	30764337	30764604	FBgn0004606_Spearman/chr3R_30764337-30764604__chr3R_30780915-30781294/enhancers/chr3R_30764337-30764604.fa	267
FBgn0004606_Spearman	FBgn0004606_Spearman/chr3R_30764337-30764604__chr3R_30780915-30781294	RIGHT	chr3R:30780915-30781294	chr3R	30780915	30781294	FBgn0004606_Spearman/chr3R_30764337-30764604__chr3R_30780915-30781294/enhancers/chr3R_30780915-30781294.fa	379
FBgn0004606_Spearman	FBgn0004606_Spearman/chr3R_30764337-30764604__chr3R_30794867-30795176	LEFT	chr3R:30764337-30764604	chr3R	30764337	30764604	FBgn0004606_Spearman/chr3R_30764337-30764604__chr3R_30794867-30795176/enhancers/chr3R_30764337-30764604.fa	267
FBgn0004606_Spearman	FBgn0004606_Spearman/chr3R_30764337-30764604__chr3R_30794867-30795176	RIGHT	chr3R:30794867-30795176	chr3R	30794867	30795176	FBgn0004606_Spearman/chr3R_30764337-30764604__chr3R_30794867-30795176/enhancers/chr3R_30794867-30795176.fa	309
FBgn0004606_Spearman	FBgn0004606_Spearman/chr3R_30765989-30766189__chr3R_30780915-30781294	LEFT	chr3R:30765989-30766189	chr3R	30765989	30766189	FBgn0004606_Spearman/chr3R_30765989-30766189__chr3R_30780915-30781294/enhancers/chr3R_30765989-30766189.fa	200
FBgn0004606_Spearman	FBgn0004606_Spearman/chr3R_30765989-30766189__chr3R_30780915-30781294	RIGHT	chr3R:30780915-30781294	chr3R	30780915	30781294	FBgn0004606_Spearman/chr3R_30765989-30766189__chr3R_30780915-30781294/enhancers/chr3R_30780915-30781294.fa	379
FBgn0004606_Spearman	FBgn0004606_Spearman/chr3R_30765989-30766189__chr3R_30794867-30795176	LEFT	chr3R:30765989-30766189	chr3R	30765989	30766189	FBgn0004606_Spearman/chr3R_30765989-30766189__chr3R_30794867-30795176/enhancers/chr3R_30765989-30766189.fa	200
FBgn0004606_Spearman	FBgn0004606_Spearman/chr3R_30765989-30766189__chr3R_30794867-30795176	RIGHT	chr3R:30794867-30795176	chr3R	30794867	30795176	FBgn0004606_Spearman/chr3R_30765989-30766189__chr3R_30794867-30795176/enhancers/chr3R_30794867-30795176.fa	309
FBgn0004606_Spearman	FBgn0004606_Spearman/chr3R_30780915-30781294__chr3R_30794867-30795176	LEFT	chr3R:30780915-30781294	chr3R	30780915	30781294	FBgn0004606_Spearman/chr3R_30780915-30781294__chr3R_30794867-30795176/enhancers/chr3R_30780915-30781294.fa	379
FBgn0004606_Spearman	FBgn0004606_Spearman/chr3R_30780915-30781294__chr3R_30794867-30795176	RIGHT	chr3R:30794867-30795176	chr3R	30794867	30795176	FBgn0004606_Spearman/chr3R_30780915-30781294__chr3R_30794867-30795176/enhancers/chr3R_30794867-30795176.fa	309
FBgn0004795_Spearman	FBgn0004795_Spearman/chr2R_23259211-23259587__chr2R_23265755-23266160	LEFT	chr2R:23259211-23259587	chr2R	23259211	23259587	FBgn0004795_Spearman/chr2R_23259211-23259587__chr2R_23265755-23266160/enhancers/chr2R_23259211-23259587.fa	376
FBgn0004795_Spearman	FBgn0004795_Spearman/chr2R_23259211-23259587__chr2R_23265755-23266160	RIGHT	chr2R:23265755-23266160	chr2R	23265755	23266160	FBgn0004795_Spearman/chr2R_23259211-23259587__chr2R_23265755-23266160/enhancers/chr2R_23265755-23266160.fa	405
FBgn0004858_Spearman	FBgn0004858_Spearman/chr2L_14431426-14431854__chr2L_14443791-14444179	LEFT	chr2L:14431426-14431854	chr2L	14431426	14431854	FBgn0004858_Spearman/chr2L_14431426-14431854__chr2L_14443791-14444179/enhancers/chr2L_14431426-14431854.fa	428
FBgn0004858_Spearman	FBgn0004858_Spearman/chr2L_14431426-14431854__chr2L_14443791-14444179	RIGHT	chr2L:14443791-14444179	chr2L	14443791	14444179	FBgn0004858_Spearman/chr2L_14431426-14431854__chr2L_14443791-14444179/enhancers/chr2L_14443791-14444179.fa	388
FBgn0004858_Spearman	FBgn0004858_Spearman/chr2L_14431426-14431854__chr2L_14445719-14445919	LEFT	chr2L:14431426-14431854	chr2L	14431426	14431854	FBgn0004858_Spearman/chr2L_14431426-14431854__chr2L_14445719-14445919/enhancers/chr2L_14431426-14431854.fa	428
FBgn0004858_Spearman	FBgn0004858_Spearman/chr2L_14431426-14431854__chr2L_14445719-14445919	RIGHT	chr2L:14445719-14445919	chr2L	14445719	14445919	FBgn0004858_Spearman/chr2L_14431426-14431854__chr2L_14445719-14445919/enhancers/chr2L_14445719-14445919.fa	200
FBgn0004858_Spearman	FBgn0004858_Spearman/chr2L_14431426-14431854__chr2L_14446061-14446392	LEFT	chr2L:14431426-14431854	chr2L	14431426	14431854	FBgn0004858_Spearman/chr2L_14431426-14431854__chr2L_14446061-14446392/enhancers/chr2L_14431426-14431854.fa	428
FBgn0004858_Spearman	FBgn0004858_Spearman/chr2L_14431426-14431854__chr2L_14446061-14446392	RIGHT	chr2L:14446061-14446392	chr2L	14446061	14446392	FBgn0004858_Spearman/chr2L_14431426-14431854__chr2L_14446061-14446392/enhancers/chr2L_14446061-14446392.fa	331
FBgn0004858_Spearman	FBgn0004858_Spearman/chr2L_14431426-14431854__chr2L_14446412-14446612	LEFT	chr2L:14431426-14431854	chr2L	14431426	14431854	FBgn0004858_Spearman/chr2L_14431426-14431854__chr2L_14446412-14446612/enhancers/chr2L_14431426-14431854.fa	428
FBgn0004858_Spearman	FBgn0004858_Spearman/chr2L_14431426-14431854__chr2L_14446412-14446612	RIGHT	chr2L:14446412-14446612	chr2L	14446412	14446612	FBgn0004858_Spearman/chr2L_14431426-14431854__chr2L_14446412-14446612/enhancers/chr2L_14446412-14446612.fa	200
FBgn0004858_Spearman	FBgn0004858_Spearman/chr2L_14431426-14431854__chr2L_14447428-14447837	LEFT	chr2L:14431426-14431854	chr2L	14431426	14431854	FBgn0004858_Spearman/chr2L_14431426-14431854__chr2L_14447428-14447837/enhancers/chr2L_14431426-14431854.fa	428
FBgn0004858_Spearman	FBgn0004858_Spearman/chr2L_14431426-14431854__chr2L_14447428-14447837	RIGHT	chr2L:14447428-14447837	chr2L	14447428	14447837	FBgn0004858_Spearman/chr2L_14431426-14431854__chr2L_14447428-14447837/enhancers/chr2L_14447428-14447837.fa	409
FBgn0004858_Spearman	FBgn0004858_Spearman/chr2L_14431426-14431854__chr2L_14481618-14482010	LEFT	chr2L:14431426-14431854	chr2L	14431426	14431854	FBgn0004858_Spearman/chr2L_14431426-14431854__chr2L_14481618-14482010/enhancers/chr2L_14431426-14431854.fa	428
FBgn0004858_Spearman	FBgn0004858_Spearman/chr2L_14431426-14431854__chr2L_14481618-14482010	RIGHT	chr2L:14481618-14482010	chr2L	14481618	14482010	FBgn0004858_Spearman/chr2L_14431426-14431854__chr2L_14481618-14482010/enhancers/chr2L_14481618-14482010.fa	392
FBgn0004858_Spearman	FBgn0004858_Spearman/chr2L_14431426-14431854__chr2L_14484848-14485326	LEFT	chr2L:14431426-14431854	chr2L	14431426	14431854	FBgn0004858_Spearman/chr2L_14431426-14431854__chr2L_14484848-14485326/enhancers/chr2L_14431426-14431854.fa	428
FBgn0004858_Spearman	FBgn0004858_Spearman/chr2L_14431426-14431854__chr2L_14484848-14485326	RIGHT	chr2L:14484848-14485326	chr2L	14484848	14485326	FBgn0004858_Spearman/chr2L_14431426-14431854__chr2L_14484848-14485326/enhancers/chr2L_14484848-14485326.fa	478
FBgn0004858_Spearman	FBgn0004858_Spearman/chr2L_14443791-14444179__chr2L_14445719-14445919	LEFT	chr2L:14443791-14444179	chr2L	14443791	14444179	FBgn0004858_Spearman/chr2L_14443791-14444179__chr2L_14445719-14445919/enhancers/chr2L_14443791-14444179.fa	388
FBgn0004858_Spearman	FBgn0004858_Spearman/chr2L_14443791-14444179__chr2L_14445719-14445919	RIGHT	chr2L:14445719-14445919	chr2L	14445719	14445919	FBgn0004858_Spearman/chr2L_14443791-14444179__chr2L_14445719-14445919/enhancers/chr2L_14445719-14445919.fa	200
FBgn0004858_Spearman	FBgn0004858_Spearman/chr2L_14443791-14444179__chr2L_14446061-14446392	LEFT	chr2L:14443791-14444179	chr2L	14443791	14444179	FBgn0004858_Spearman/chr2L_14443791-14444179__chr2L_14446061-14446392/enhancers/chr2L_14443791-14444179.fa	388
FBgn0004858_Spearman	FBgn0004858_Spearman/chr2L_14443791-14444179__chr2L_14446061-14446392	RIGHT	chr2L:14446061-14446392	chr2L	14446061	14446392	FBgn0004858_Spearman/chr2L_14443791-14444179__chr2L_14446061-14446392/enhancers/chr2L_14446061-14446392.fa	331
FBgn0004858_Spearman	FBgn0004858_Spearman/chr2L_14443791-14444179__chr2L_14446412-14446612	LEFT	chr2L:14443791-14444179	chr2L	14443791	14444179	FBgn0004858_Spearman/chr2L_14443791-14444179__chr2L_14446412-14446612/enhancers/chr2L_14443791-14444179.fa	388
FBgn0004858_Spearman	FBgn0004858_Spearman/chr2L_14443791-14444179__chr2L_14446412-14446612	RIGHT	chr2L:14446412-14446612	chr2L	14446412	14446612	FBgn0004858_Spearman/chr2L_14443791-14444179__chr2L_14446412-14446612/enhancers/chr2L_14446412-14446612.fa	200
FBgn0004858_Spearman	FBgn0004858_Spearman/chr2L_14443791-14444179__chr2L_14447428-14447837	LEFT	chr2L:14443791-14444179	chr2L	14443791	14444179	FBgn0004858_Spearman/chr2L_14443791-14444179__chr2L_14447428-14447837/enhancers/chr2L_14443791-14444179.fa	388
FBgn0004858_Spearman	FBgn0004858_Spearman/chr2L_14443791-14444179__chr2L_14447428-14447837	RIGHT	chr2L:14447428-14447837	chr2L	14447428	14447837	FBgn0004858_Spearman/chr2L_14443791-14444179__chr2L_14447428-14447837/enhancers/chr2L_14447428-14447837.fa	409
FBgn0004858_Spearman	FBgn0004858_Spearman/chr2L_14443791-14444179__chr2L_14481618-14482010	LEFT	chr2L:14443791-14444179	chr2L	14443791	14444179	FBgn0004858_Spearman/chr2L_14443791-14444179__chr2L_14481618-14482010/enhancers/chr2L_14443791-14444179.fa	388
FBgn0004858_Spearman	FBgn0004858_Spearman/chr2L_14443791-14444179__chr2L_14481618-14482010	RIGHT	chr2L:14481618-14482010	chr2L	14481618	14482010	FBgn0004858_Spearman/chr2L_14443791-14444179__chr2L_14481618-14482010/enhancers/chr2L_14481618-14482010.fa	392
FBgn0004858_Spearman	FBgn0004858_Spearman/chr2L_14443791-14444179__chr2L_14484848-14485326	LEFT	chr2L:14443791-14444179	chr2L	14443791	14444179	FBgn0004858_Spearman/chr2L_14443791-14444179__chr2L_14484848-14485326/enhancers/chr2L_14443791-14444179.fa	388
FBgn0004858_Spearman	FBgn0004858_Spearman/chr2L_14443791-14444179__chr2L_14484848-14485326	RIGHT	chr2L:14484848-14485326	chr2L	14484848	14485326	FBgn0004858_Spearman/chr2L_14443791-14444179__chr2L_14484848-14485326/enhancers/chr2L_14484848-14485326.fa	478
FBgn0004858_Spearman	FBgn0004858_Spearman/chr2L_14445719-14445919__chr2L_14446061-14446392	LEFT	chr2L:14445719-14445919	chr2L	14445719	14445919	FBgn0004858_Spearman/chr2L_14445719-14445919__chr2L_14446061-14446392/enhancers/chr2L_14445719-14445919.fa	200
FBgn0004858_Spearman	FBgn0004858_Spearman/chr2L_14445719-14445919__chr2L_14446061-14446392	RIGHT	chr2L:14446061-14446392	chr2L	14446061	14446392	FBgn0004858_Spearman/chr2L_14445719-14445919__chr2L_14446061-14446392/enhancers/chr2L_14446061-14446392.fa	331
FBgn0004858_Spearman	FBgn0004858_Spearman/chr2L_14445719-14445919__chr2L_14446412-14446612	LEFT	chr2L:14445719-14445919	chr2L	14445719	14445919	FBgn0004858_Spearman/chr2L_14445719-14445919__chr2L_14446412-14446612/enhancers/chr2L_14445719-14445919.fa	200
FBgn0004858_Spearman	FBgn0004858_Spearman/chr2L_14445719-14445919__chr2L_14446412-14446612	RIGHT	chr2L:14446412-14446612	chr2L	14446412	14446612	FBgn0004858_Spearman/chr2L_14445719-14445919__chr2L_14446412-14446612/enhancers/chr2L_14446412-14446612.fa	200
FBgn0004858_Spearman	FBgn0004858_Spearman/chr2L_14445719-14445919__chr2L_14447428-14447837	LEFT	chr2L:14445719-14445919	chr2L	14445719	14445919	FBgn0004858_Spearman/chr2L_14445719-14445919__chr2L_14447428-14447837/enhancers/chr2L_14445719-14445919.fa	200
FBgn0004858_Spearman	FBgn0004858_Spearman/chr2L_14445719-14445919__chr2L_14447428-14447837	RIGHT	chr2L:14447428-14447837	chr2L	14447428	14447837	FBgn0004858_Spearman/chr2L_14445719-14445919__chr2L_14447428-14447837/enhancers/chr2L_14447428-14447837.fa	409
FBgn0004858_Spearman	FBgn0004858_Spearman/chr2L_14445719-14445919__chr2L_14481618-14482010	LEFT	chr2L:14445719-14445919	chr2L	14445719	14445919	FBgn0004858_Spearman/chr2L_14445719-14445919__chr2L_14481618-14482010/enhancers/chr2L_14445719-14445919.fa	200
FBgn0004858_Spearman	FBgn0004858_Spearman/chr2L_14445719-14445919__chr2L_14481618-14482010	RIGHT	chr2L:14481618-14482010	chr2L	14481618	14482010	FBgn0004858_Spearman/chr2L_14445719-14445919__chr2L_14481618-14482010/enhancers/chr2L_14481618-14482010.fa	392
FBgn0004858_Spearman	FBgn0004858_Spearman/chr2L_14445719-14445919__chr2L_14484848-14485326	LEFT	chr2L:14445719-14445919	chr2L	14445719	14445919	FBgn0004858_Spearman/chr2L_14445719-14445919__chr2L_14484848-14485326/enhancers/chr2L_14445719-14445919.fa	200
FBgn0004858_Spearman	FBgn0004858_Spearman/chr2L_14445719-14445919__chr2L_14484848-14485326	RIGHT	chr2L:14484848-14485326	chr2L	14484848	14485326	FBgn0004858_Spearman/chr2L_14445719-14445919__chr2L_14484848-14485326/enhancers/chr2L_14484848-14485326.fa	478
FBgn0004858_Spearman	FBgn0004858_Spearman/chr2L_14446061-14446392__chr2L_14446412-14446612	LEFT	chr2L:14446061-14446392	chr2L	14446061	14446392	FBgn0004858_Spearman/chr2L_14446061-14446392__chr2L_14446412-14446612/enhancers/chr2L_14446061-14446392.fa	331
FBgn0004858_Spearman	FBgn0004858_Spearman/chr2L_14446061-14446392__chr2L_14446412-14446612	RIGHT	chr2L:14446412-14446612	chr2L	14446412	14446612	FBgn0004858_Spearman/chr2L_14446061-14446392__chr2L_14446412-14446612/enhancers/chr2L_14446412-14446612.fa	200
FBgn0004858_Spearman	FBgn0004858_Spearman/chr2L_14446061-14446392__chr2L_14447428-14447837	LEFT	chr2L:14446061-14446392	chr2L	14446061	14446392	FBgn0004858_Spearman/chr2L_14446061-14446392__chr2L_14447428-14447837/enhancers/chr2L_14446061-14446392.fa	331
FBgn0004858_Spearman	FBgn0004858_Spearman/chr2L_14446061-14446392__chr2L_14447428-14447837	RIGHT	chr2L:14447428-14447837	chr2L	14447428	14447837	FBgn0004858_Spearman/chr2L_14446061-14446392__chr2L_14447428-14447837/enhancers/chr2L_14447428-14447837.fa	409
FBgn0004858_Spearman	FBgn0004858_Spearman/chr2L_14446061-14446392__chr2L_14481618-14482010	LEFT	chr2L:14446061-14446392	chr2L	14446061	14446392	FBgn0004858_Spearman/chr2L_14446061-14446392__chr2L_14481618-14482010/enhancers/chr2L_14446061-14446392.fa	331
FBgn0004858_Spearman	FBgn0004858_Spearman/chr2L_14446061-14446392__chr2L_14481618-14482010	RIGHT	chr2L:14481618-14482010	chr2L	14481618	14482010	FBgn0004858_Spearman/chr2L_14446061-14446392__chr2L_14481618-14482010/enhancers/chr2L_14481618-14482010.fa	392
FBgn0004858_Spearman	FBgn0004858_Spearman/chr2L_14446061-14446392__chr2L_14484848-14485326	LEFT	chr2L:14446061-14446392	chr2L	14446061	14446392	FBgn0004858_Spearman/chr2L_14446061-14446392__chr2L_14484848-14485326/enhancers/chr2L_14446061-14446392.fa	331
FBgn0004858_Spearman	FBgn0004858_Spearman/chr2L_14446061-14446392__chr2L_14484848-14485326	RIGHT	chr2L:14484848-14485326	chr2L	14484848	14485326	FBgn0004858_Spearman/chr2L_14446061-14446392__chr2L_14484848-14485326/enhancers/chr2L_14484848-14485326.fa	478
FBgn0004858_Spearman	FBgn0004858_Spearman/chr2L_14446412-14446612__chr2L_14447428-14447837	LEFT	chr2L:14446412-14446612	chr2L	14446412	14446612	FBgn0004858_Spearman/chr2L_14446412-14446612__chr2L_14447428-14447837/enhancers/chr2L_14446412-14446612.fa	200
FBgn0004858_Spearman	FBgn0004858_Spearman/chr2L_14446412-14446612__chr2L_14447428-14447837	RIGHT	chr2L:14447428-14447837	chr2L	14447428	14447837	FBgn0004858_Spearman/chr2L_14446412-14446612__chr2L_14447428-14447837/enhancers/chr2L_14447428-14447837.fa	409
FBgn0004858_Spearman	FBgn0004858_Spearman/chr2L_14446412-14446612__chr2L_14481618-14482010	LEFT	chr2L:14446412-14446612	chr2L	14446412	14446612	FBgn0004858_Spearman/chr2L_14446412-14446612__chr2L_14481618-14482010/enhancers/chr2L_14446412-14446612.fa	200
FBgn0004858_Spearman	FBgn0004858_Spearman/chr2L_14446412-14446612__chr2L_14481618-14482010	RIGHT	chr2L:14481618-14482010	chr2L	14481618	14482010	FBgn0004858_Spearman/chr2L_14446412-14446612__chr2L_14481618-14482010/enhancers/chr2L_14481618-14482010.fa	392
FBgn0004858_Spearman	FBgn0004858_Spearman/chr2L_14446412-14446612__chr2L_14484848-14485326	LEFT	chr2L:14446412-14446612	chr2L	14446412	14446612	FBgn0004858_Spearman/chr2L_14446412-14446612__chr2L_14484848-14485326/enhancers/chr2L_14446412-14446612.fa	200
FBgn0004858_Spearman	FBgn0004858_Spearman/chr2L_14446412-14446612__chr2L_14484848-14485326	RIGHT	chr2L:14484848-14485326	chr2L	14484848	14485326	FBgn0004858_Spearman/chr2L_14446412-14446612__chr2L_14484848-14485326/enhancers/chr2L_14484848-14485326.fa	478
FBgn0004858_Spearman	FBgn0004858_Spearman/chr2L_14447428-14447837__chr2L_14481618-14482010	LEFT	chr2L:14447428-14447837	chr2L	14447428	14447837	FBgn0004858_Spearman/chr2L_14447428-14447837__chr2L_14481618-14482010/enhancers/chr2L_14447428-14447837.fa	409
FBgn0004858_Spearman	FBgn0004858_Spearman/chr2L_14447428-14447837__chr2L_14481618-14482010	RIGHT	chr2L:14481618-14482010	chr2L	14481618	14482010	FBgn0004858_Spearman/chr2L_14447428-14447837__chr2L_14481618-14482010/enhancers/chr2L_14481618-14482010.fa	392
FBgn0004858_Spearman	FBgn0004858_Spearman/chr2L_14447428-14447837__chr2L_14484848-14485326	LEFT	chr2L:14447428-14447837	chr2L	14447428	14447837	FBgn0004858_Spearman/chr2L_14447428-14447837__chr2L_14484848-14485326/enhancers/chr2L_14447428-14447837.fa	409
FBgn0004858_Spearman	FBgn0004858_Spearman/chr2L_14447428-14447837__chr2L_14484848-14485326	RIGHT	chr2L:14484848-14485326	chr2L	14484848	14485326	FBgn0004858_Spearman/chr2L_14447428-14447837__chr2L_14484848-14485326/enhancers/chr2L_14484848-14485326.fa	478
FBgn0004858_Spearman	FBgn0004858_Spearman/chr2L_14481618-14482010__chr2L_14484848-14485326	LEFT	chr2L:14481618-14482010	chr2L	14481618	14482010	FBgn0004858_Spearman/chr2L_14481618-14482010__chr2L_14484848-14485326/enhancers/chr2L_14481618-14482010.fa	392
FBgn0004858_Spearman	FBgn0004858_Spearman/chr2L_14481618-14482010__chr2L_14484848-14485326	RIGHT	chr2L:14484848-14485326	chr2L	14484848	14485326	FBgn0004858_Spearman/chr2L_14481618-14482010__chr2L_14484848-14485326/enhancers/chr2L_14484848-14485326.fa	478
FBgn0005630_Spearman	FBgn0005630_Spearman/chr2R_10166703-10167099__chr2R_10169607-10169832	LEFT	chr2R:10166703-10167099	chr2R	10166703	10167099	FBgn0005630_Spearman/chr2R_10166703-10167099__chr2R_10169607-10169832/enhancers/chr2R_10166703-10167099.fa	396
FBgn0005630_Spearman	FBgn0005630_Spearman/chr2R_10166703-10167099__chr2R_10169607-10169832	RIGHT	chr2R:10169607-10169832	chr2R	10169607	10169832	FBgn0005630_Spearman/chr2R_10166703-10167099__chr2R_10169607-10169832/enhancers/chr2R_10169607-10169832.fa	225
FBgn0005771_Spearman	FBgn0005771_Spearman/chr2L_14481618-14482010__chr2L_14497639-14498275	LEFT	chr2L:14481618-14482010	chr2L	14481618	14482010	FBgn0005771_Spearman/chr2L_14481618-14482010__chr2L_14497639-14498275/enhancers/chr2L_14481618-14482010.fa	392
FBgn0005771_Spearman	FBgn0005771_Spearman/chr2L_14481618-14482010__chr2L_14497639-14498275	RIGHT	chr2L:14497639-14498275	chr2L	14497639	14498275	FBgn0005771_Spearman/chr2L_14481618-14482010__chr2L_14497639-14498275/enhancers/chr2L_14497639-14498275.fa	636
FBgn0005771_Spearman	FBgn0005771_Spearman/chr2L_14481618-14482010__chr2L_14517261-14517665	LEFT	chr2L:14481618-14482010	chr2L	14481618	14482010	FBgn0005771_Spearman/chr2L_14481618-14482010__chr2L_14517261-14517665/enhancers/chr2L_14481618-14482010.fa	392
FBgn0005771_Spearman	FBgn0005771_Spearman/chr2L_14481618-14482010__chr2L_14517261-14517665	RIGHT	chr2L:14517261-14517665	chr2L	14517261	14517665	FBgn0005771_Spearman/chr2L_14481618-14482010__chr2L_14517261-14517665/enhancers/chr2L_14517261-14517665.fa	404
FBgn0005771_Spearman	FBgn0005771_Spearman/chr2L_14481618-14482010__chr2L_14540200-14540420	LEFT	chr2L:14481618-14482010	chr2L	14481618	14482010	FBgn0005771_Spearman/chr2L_14481618-14482010__chr2L_14540200-14540420/enhancers/chr2L_14481618-14482010.fa	392
FBgn0005771_Spearman	FBgn0005771_Spearman/chr2L_14481618-14482010__chr2L_14540200-14540420	RIGHT	chr2L:14540200-14540420	chr2L	14540200	14540420	FBgn0005771_Spearman/chr2L_14481618-14482010__chr2L_14540200-14540420/enhancers/chr2L_14540200-14540420.fa	220
FBgn0005771_Spearman	FBgn0005771_Spearman/chr2L_14497639-14498275__chr2L_14517261-14517665	LEFT	chr2L:14497639-14498275	chr2L	14497639	14498275	FBgn0005771_Spearman/chr2L_14497639-14498275__chr2L_14517261-14517665/enhancers/chr2L_14497639-14498275.fa	636
FBgn0005771_Spearman	FBgn0005771_Spearman/chr2L_14497639-14498275__chr2L_14517261-14517665	RIGHT	chr2L:14517261-14517665	chr2L	14517261	14517665	FBgn0005771_Spearman/chr2L_14497639-14498275__chr2L_14517261-14517665/enhancers/chr2L_14517261-14517665.fa	404
FBgn0005771_Spearman	FBgn0005771_Spearman/chr2L_14497639-14498275__chr2L_14540200-14540420	LEFT	chr2L:14497639-14498275	chr2L	14497639	14498275	FBgn0005771_Spearman/chr2L_14497639-14498275__chr2L_14540200-14540420/enhancers/chr2L_14497639-14498275.fa	636
FBgn0005771_Spearman	FBgn0005771_Spearman/chr2L_14497639-14498275__chr2L_14540200-14540420	RIGHT	chr2L:14540200-14540420	chr2L	14540200	14540420	FBgn0005771_Spearman/chr2L_14497639-14498275__chr2L_14540200-14540420/enhancers/chr2L_14540200-14540420.fa	220
FBgn0005771_Spearman	FBgn0005771_Spearman/chr2L_14517261-14517665__chr2L_14540200-14540420	LEFT	chr2L:14517261-14517665	chr2L	14517261	14517665	FBgn0005771_Spearman/chr2L_14517261-14517665__chr2L_14540200-14540420/enhancers/chr2L_14517261-14517665.fa	404
FBgn0005771_Spearman	FBgn0005771_Spearman/chr2L_14517261-14517665__chr2L_14540200-14540420	RIGHT	chr2L:14540200-14540420	chr2L	14540200	14540420	FBgn0005771_Spearman/chr2L_14517261-14517665__chr2L_14540200-14540420/enhancers/chr2L_14540200-14540420.fa	220
FBgn0010235_Spearman	FBgn0010235_Spearman/chr3L_12658389-12658612__chr3L_12678456-12678703	LEFT	chr3L:12658389-12658612	chr3L	12658389	12658612	FBgn0010235_Spearman/chr3L_12658389-12658612__chr3L_12678456-12678703/enhancers/chr3L_12658389-12658612.fa	223
FBgn0010235_Spearman	FBgn0010235_Spearman/chr3L_12658389-12658612__chr3L_12678456-12678703	RIGHT	chr3L:12678456-12678703	chr3L	12678456	12678703	FBgn0010235_Spearman/chr3L_12658389-12658612__chr3L_12678456-12678703/enhancers/chr3L_12678456-12678703.fa	247
FBgn0010341_Spearman	FBgn0010341_Spearman/chrX_19653071-19653752__chrX_19656920-19657594	LEFT	chrX:19653071-19653752	chrX	19653071	19653752	FBgn0010341_Spearman/chrX_19653071-19653752__chrX_19656920-19657594/enhancers/chrX_19653071-19653752.fa	681
FBgn0010341_Spearman	FBgn0010341_Spearman/chrX_19653071-19653752__chrX_19656920-19657594	RIGHT	chrX:19656920-19657594	chrX	19656920	19657594	FBgn0010341_Spearman/chrX_19653071-19653752__chrX_19656920-19657594/enhancers/chrX_19656920-19657594.fa	674
FBgn0011638_Spearman	FBgn0011638_Spearman/chr2L_20298155-20298629__chr2L_20304372-20304698	LEFT	chr2L:20298155-20298629	chr2L	20298155	20298629	FBgn0011638_Spearman/chr2L_20298155-20298629__chr2L_20304372-20304698/enhancers/chr2L_20298155-20298629.fa	474
FBgn0011638_Spearman	FBgn0011638_Spearman/chr2L_20298155-20298629__chr2L_20304372-20304698	RIGHT	chr2L:20304372-20304698	chr2L	20304372	20304698	FBgn0011638_Spearman/chr2L_20298155-20298629__chr2L_20304372-20304698/enhancers/chr2L_20304372-20304698.fa	326
FBgn0011656_Spearman	FBgn0011656_Spearman/chr2R_9559487-9559979__chr2R_9598105-9598410	LEFT	chr2R:9559487-9559979	chr2R	9559487	9559979	FBgn0011656_Spearman/chr2R_9559487-9559979__chr2R_9598105-9598410/enhancers/chr2R_9559487-9559979.fa	492
FBgn0011656_Spearman	FBgn0011656_Spearman/chr2R_9559487-9559979__chr2R_9598105-9598410	RIGHT	chr2R:9598105-9598410	chr2R	9598105	9598410	FBgn0011656_Spearman/chr2R_9559487-9559979__chr2R_9598105-9598410/enhancers/chr2R_9598105-9598410.fa	305
FBgn0014877_Spearman	FBgn0014877_Spearman/chr2R_13188356-13188670__chr2R_13190587-13190787	LEFT	chr2R:13188356-13188670	chr2R	13188356	13188670	FBgn0014877_Spearman/chr2R_13188356-13188670__chr2R_13190587-13190787/enhancers/chr2R_13188356-13188670.fa	314
FBgn0014877_Spearman	FBgn0014877_Spearman/chr2R_13188356-13188670__chr2R_13190587-13190787	RIGHT	chr2R:13190587-13190787	chr2R	13190587	13190787	FBgn0014877_Spearman/chr2R_13188356-13188670__chr2R_13190587-13190787/enhancers/chr2R_13190587-13190787.fa	200
FBgn0014877_Spearman	FBgn0014877_Spearman/chr2R_13188356-13188670__chr2R_13192033-13192233	LEFT	chr2R:13188356-13188670	chr2R	13188356	13188670	FBgn0014877_Spearman/chr2R_13188356-13188670__chr2R_13192033-13192233/enhancers/chr2R_13188356-13188670.fa	314
FBgn0014877_Spearman	FBgn0014877_Spearman/chr2R_13188356-13188670__chr2R_13192033-13192233	RIGHT	chr2R:13192033-13192233	chr2R	13192033	13192233	FBgn0014877_Spearman/chr2R_13188356-13188670__chr2R_13192033-13192233/enhancers/chr2R_13192033-13192233.fa	200
FBgn0014877_Spearman	FBgn0014877_Spearman/chr2R_13188356-13188670__chr2R_13194170-13194587	LEFT	chr2R:13188356-13188670	chr2R	13188356	13188670	FBgn0014877_Spearman/chr2R_13188356-13188670__chr2R_13194170-13194587/enhancers/chr2R_13188356-13188670.fa	314
FBgn0014877_Spearman	FBgn0014877_Spearman/chr2R_13188356-13188670__chr2R_13194170-13194587	RIGHT	chr2R:13194170-13194587	chr2R	13194170	13194587	FBgn0014877_Spearman/chr2R_13188356-13188670__chr2R_13194170-13194587/enhancers/chr2R_13194170-13194587.fa	417
FBgn0014877_Spearman	FBgn0014877_Spearman/chr2R_13188356-13188670__chr2R_13195866-13196315	LEFT	chr2R:13188356-13188670	chr2R	13188356	13188670	FBgn0014877_Spearman/chr2R_13188356-13188670__chr2R_13195866-13196315/enhancers/chr2R_13188356-13188670.fa	314
FBgn0014877_Spearman	FBgn0014877_Spearman/chr2R_13188356-13188670__chr2R_13195866-13196315	RIGHT	chr2R:13195866-13196315	chr2R	13195866	13196315	FBgn0014877_Spearman/chr2R_13188356-13188670__chr2R_13195866-13196315/enhancers/chr2R_13195866-13196315.fa	449
FBgn0014877_Spearman	FBgn0014877_Spearman/chr2R_13188356-13188670__chr2R_13196419-13196619	LEFT	chr2R:13188356-13188670	chr2R	13188356	13188670	FBgn0014877_Spearman/chr2R_13188356-13188670__chr2R_13196419-13196619/enhancers/chr2R_13188356-13188670.fa	314
FBgn0014877_Spearman	FBgn0014877_Spearman/chr2R_13188356-13188670__chr2R_13196419-13196619	RIGHT	chr2R:13196419-13196619	chr2R	13196419	13196619	FBgn0014877_Spearman/chr2R_13188356-13188670__chr2R_13196419-13196619/enhancers/chr2R_13196419-13196619.fa	200
FBgn0014877_Spearman	FBgn0014877_Spearman/chr2R_13188356-13188670__chr2R_13197479-13197679	LEFT	chr2R:13188356-13188670	chr2R	13188356	13188670	FBgn0014877_Spearman/chr2R_13188356-13188670__chr2R_13197479-13197679/enhancers/chr2R_13188356-13188670.fa	314
FBgn0014877_Spearman	FBgn0014877_Spearman/chr2R_13188356-13188670__chr2R_13197479-13197679	RIGHT	chr2R:13197479-13197679	chr2R	13197479	13197679	FBgn0014877_Spearman/chr2R_13188356-13188670__chr2R_13197479-13197679/enhancers/chr2R_13197479-13197679.fa	200
FBgn0014877_Spearman	FBgn0014877_Spearman/chr2R_13188356-13188670__chr2R_13198071-13198730	LEFT	chr2R:13188356-13188670	chr2R	13188356	13188670	FBgn0014877_Spearman/chr2R_13188356-13188670__chr2R_13198071-13198730/enhancers/chr2R_13188356-13188670.fa	314
FBgn0014877_Spearman	FBgn0014877_Spearman/chr2R_13188356-13188670__chr2R_13198071-13198730	RIGHT	chr2R:13198071-13198730	chr2R	13198071	13198730	FBgn0014877_Spearman/chr2R_13188356-13188670__chr2R_13198071-13198730/enhancers/chr2R_13198071-13198730.fa	659
FBgn0014877_Spearman	FBgn0014877_Spearman/chr2R_13188356-13188670__chr2R_13199132-13199535	LEFT	chr2R:13188356-13188670	chr2R	13188356	13188670	FBgn0014877_Spearman/chr2R_13188356-13188670__chr2R_13199132-13199535/enhancers/chr2R_13188356-13188670.fa	314
FBgn0014877_Spearman	FBgn0014877_Spearman/chr2R_13188356-13188670__chr2R_13199132-13199535	RIGHT	chr2R:13199132-13199535	chr2R	13199132	13199535	FBgn0014877_Spearman/chr2R_13188356-13188670__chr2R_13199132-13199535/enhancers/chr2R_13199132-13199535.fa	403
FBgn0014877_Spearman	FBgn0014877_Spearman/chr2R_13190587-13190787__chr2R_13192033-13192233	LEFT	chr2R:13190587-13190787	chr2R	13190587	13190787	FBgn0014877_Spearman/chr2R_13190587-13190787__chr2R_13192033-13192233/enhancers/chr2R_13190587-13190787.fa	200
FBgn0014877_Spearman	FBgn0014877_Spearman/chr2R_13190587-13190787__chr2R_13192033-13192233	RIGHT	chr2R:13192033-13192233	chr2R	13192033	13192233	FBgn0014877_Spearman/chr2R_13190587-13190787__chr2R_13192033-13192233/enhancers/chr2R_13192033-13192233.fa	200
FBgn0014877_Spearman	FBgn0014877_Spearman/chr2R_13190587-13190787__chr2R_13194170-13194587	LEFT	chr2R:13190587-13190787	chr2R	13190587	13190787	FBgn0014877_Spearman/chr2R_13190587-13190787__chr2R_13194170-13194587/enhancers/chr2R_13190587-13190787.fa	200
FBgn0014877_Spearman	FBgn0014877_Spearman/chr2R_13190587-13190787__chr2R_13194170-13194587	RIGHT	chr2R:13194170-13194587	chr2R	13194170	13194587	FBgn0014877_Spearman/chr2R_13190587-13190787__chr2R_13194170-13194587/enhancers/chr2R_13194170-13194587.fa	417
FBgn0014877_Spearman	FBgn0014877_Spearman/chr2R_13190587-13190787__chr2R_13195866-13196315	LEFT	chr2R:13190587-13190787	chr2R	13190587	13190787	FBgn0014877_Spearman/chr2R_13190587-13190787__chr2R_13195866-13196315/enhancers/chr2R_13190587-13190787.fa	200
FBgn0014877_Spearman	FBgn0014877_Spearman/chr2R_13190587-13190787__chr2R_13195866-13196315	RIGHT	chr2R:13195866-13196315	chr2R	13195866	13196315	FBgn0014877_Spearman/chr2R_13190587-13190787__chr2R_13195866-13196315/enhancers/chr2R_13195866-13196315.fa	449
FBgn0014877_Spearman	FBgn0014877_Spearman/chr2R_13190587-13190787__chr2R_13196419-13196619	LEFT	chr2R:13190587-13190787	chr2R	13190587	13190787	FBgn0014877_Spearman/chr2R_13190587-13190787__chr2R_13196419-13196619/enhancers/chr2R_13190587-13190787.fa	200
FBgn0014877_Spearman	FBgn0014877_Spearman/chr2R_13190587-13190787__chr2R_13196419-13196619	RIGHT	chr2R:13196419-13196619	chr2R	13196419	13196619	FBgn0014877_Spearman/chr2R_13190587-13190787__chr2R_13196419-13196619/enhancers/chr2R_13196419-13196619.fa	200
FBgn0014877_Spearman	FBgn0014877_Spearman/chr2R_13190587-13190787__chr2R_13197479-13197679	LEFT	chr2R:13190587-13190787	chr2R	13190587	13190787	FBgn0014877_Spearman/chr2R_13190587-13190787__chr2R_13197479-13197679/enhancers/chr2R_13190587-13190787.fa	200
FBgn0014877_Spearman	FBgn0014877_Spearman/chr2R_13190587-13190787__chr2R_13197479-13197679	RIGHT	chr2R:13197479-13197679	chr2R	13197479	13197679	FBgn0014877_Spearman/chr2R_13190587-13190787__chr2R_13197479-13197679/enhancers/chr2R_13197479-13197679.fa	200
FBgn0014877_Spearman	FBgn0014877_Spearman/chr2R_13190587-13190787__chr2R_13198071-13198730	LEFT	chr2R:13190587-13190787	chr2R	13190587	13190787	FBgn0014877_Spearman/chr2R_13190587-13190787__chr2R_13198071-13198730/enhancers/chr2R_13190587-13190787.fa	200
FBgn0014877_Spearman	FBgn0014877_Spearman/chr2R_13190587-13190787__chr2R_13198071-13198730	RIGHT	chr2R:13198071-13198730	chr2R	13198071	13198730	FBgn0014877_Spearman/chr2R_13190587-13190787__chr2R_13198071-13198730/enhancers/chr2R_13198071-13198730.fa	659
FBgn0014877_Spearman	FBgn0014877_Spearman/chr2R_13190587-13190787__chr2R_13199132-13199535	LEFT	chr2R:13190587-13190787	chr2R	13190587	13190787	FBgn0014877_Spearman/chr2R_13190587-13190787__chr2R_13199132-13199535/enhancers/chr2R_13190587-13190787.fa	200
FBgn0014877_Spearman	FBgn0014877_Spearman/chr2R_13190587-13190787__chr2R_13199132-13199535	RIGHT	chr2R:13199132-13199535	chr2R	13199132	13199535	FBgn0014877_Spearman/chr2R_13190587-13190787__chr2R_13199132-13199535/enhancers/chr2R_13199132-13199535.fa	403
FBgn0014877_Spearman	FBgn0014877_Spearman/chr2R_13192033-13192233__chr2R_13194170-13194587	LEFT	chr2R:13192033-13192233	chr2R	13192033	13192233	FBgn0014877_Spearman/chr2R_13192033-13192233__chr2R_13194170-13194587/enhancers/chr2R_13192033-13192233.fa	200
FBgn0014877_Spearman	FBgn0014877_Spearman/chr2R_13192033-13192233__chr2R_13194170-13194587	RIGHT	chr2R:13194170-13194587	chr2R	13194170	13194587	FBgn0014877_Spearman/chr2R_13192033-13192233__chr2R_13194170-13194587/enhancers/chr2R_13194170-13194587.fa	417
FBgn0014877_Spearman	FBgn0014877_Spearman/chr2R_13192033-13192233__chr2R_13195866-13196315	LEFT	chr2R:13192033-13192233	chr2R	13192033	13192233	FBgn0014877_Spearman/chr2R_13192033-13192233__chr2R_13195866-13196315/enhancers/chr2R_13192033-13192233.fa	200
FBgn0014877_Spearman	FBgn0014877_Spearman/chr2R_13192033-13192233__chr2R_13195866-13196315	RIGHT	chr2R:13195866-13196315	chr2R	13195866	13196315	FBgn0014877_Spearman/chr2R_13192033-13192233__chr2R_13195866-13196315/enhancers/chr2R_13195866-13196315.fa	449
FBgn0014877_Spearman	FBgn0014877_Spearman/chr2R_13192033-13192233__chr2R_13196419-13196619	LEFT	chr2R:13192033-13192233	chr2R	13192033	13192233	FBgn0014877_Spearman/chr2R_13192033-13192233__chr2R_13196419-13196619/enhancers/chr2R_13192033-13192233.fa	200
FBgn0014877_Spearman	FBgn0014877_Spearman/chr2R_13192033-13192233__chr2R_13196419-13196619	RIGHT	chr2R:13196419-13196619	chr2R	13196419	13196619	FBgn0014877_Spearman/chr2R_13192033-13192233__chr2R_13196419-13196619/enhancers/chr2R_13196419-13196619.fa	200
FBgn0014877_Spearman	FBgn0014877_Spearman/chr2R_13192033-13192233__chr2R_13197479-13197679	LEFT	chr2R:13192033-13192233	chr2R	13192033	13192233	FBgn0014877_Spearman/chr2R_13192033-13192233__chr2R_13197479-13197679/enhancers/chr2R_13192033-13192233.fa	200
FBgn0014877_Spearman	FBgn0014877_Spearman/chr2R_13192033-13192233__chr2R_13197479-13197679	RIGHT	chr2R:13197479-13197679	chr2R	13197479	13197679	FBgn0014877_Spearman/chr2R_13192033-13192233__chr2R_13197479-13197679/enhancers/chr2R_13197479-13197679.fa	200
FBgn0014877_Spearman	FBgn0014877_Spearman/chr2R_13192033-13192233__chr2R_13198071-13198730	LEFT	chr2R:13192033-13192233	chr2R	13192033	13192233	FBgn0014877_Spearman/chr2R_13192033-13192233__chr2R_13198071-13198730/enhancers/chr2R_13192033-13192233.fa	200
FBgn0014877_Spearman	FBgn0014877_Spearman/chr2R_13192033-13192233__chr2R_13198071-13198730	RIGHT	chr2R:13198071-13198730	chr2R	13198071	13198730	FBgn0014877_Spearman/chr2R_13192033-13192233__chr2R_13198071-13198730/enhancers/chr2R_13198071-13198730.fa	659
FBgn0014877_Spearman	FBgn0014877_Spearman/chr2R_13192033-13192233__chr2R_13199132-13199535	LEFT	chr2R:13192033-13192233	chr2R	13192033	13192233	FBgn0014877_Spearman/chr2R_13192033-13192233__chr2R_13199132-13199535/enhancers/chr2R_13192033-13192233.fa	200
FBgn0014877_Spearman	FBgn0014877_Spearman/chr2R_13192033-13192233__chr2R_13199132-13199535	RIGHT	chr2R:13199132-13199535	chr2R	13199132	13199535	FBgn0014877_Spearman/chr2R_13192033-13192233__chr2R_13199132-13199535/enhancers/chr2R_13199132-13199535.fa	403
FBgn0014877_Spearman	FBgn0014877_Spearman/chr2R_13194170-13194587__chr2R_13195866-13196315	LEFT	chr2R:13194170-13194587	chr2R	13194170	13194587	FBgn0014877_Spearman/chr2R_13194170-13194587__chr2R_13195866-13196315/enhancers/chr2R_13194170-13194587.fa	417
FBgn0014877_Spearman	FBgn0014877_Spearman/chr2R_13194170-13194587__chr2R_13195866-13196315	RIGHT	chr2R:13195866-13196315	chr2R	13195866	13196315	FBgn0014877_Spearman/chr2R_13194170-13194587__chr2R_13195866-13196315/enhancers/chr2R_13195866-13196315.fa	449
FBgn0014877_Spearman	FBgn0014877_Spearman/chr2R_13194170-13194587__chr2R_13196419-13196619	LEFT	chr2R:13194170-13194587	chr2R	13194170	13194587	FBgn0014877_Spearman/chr2R_13194170-13194587__chr2R_13196419-13196619/enhancers/chr2R_13194170-13194587.fa	417
FBgn0014877_Spearman	FBgn0014877_Spearman/chr2R_13194170-13194587__chr2R_13196419-13196619	RIGHT	chr2R:13196419-13196619	chr2R	13196419	13196619	FBgn0014877_Spearman/chr2R_13194170-13194587__chr2R_13196419-13196619/enhancers/chr2R_13196419-13196619.fa	200
FBgn0014877_Spearman	FBgn0014877_Spearman/chr2R_13194170-13194587__chr2R_13197479-13197679	LEFT	chr2R:13194170-13194587	chr2R	13194170	13194587	FBgn0014877_Spearman/chr2R_13194170-13194587__chr2R_13197479-13197679/enhancers/chr2R_13194170-13194587.fa	417
FBgn0014877_Spearman	FBgn0014877_Spearman/chr2R_13194170-13194587__chr2R_13197479-13197679	RIGHT	chr2R:13197479-13197679	chr2R	13197479	13197679	FBgn0014877_Spearman/chr2R_13194170-13194587__chr2R_13197479-13197679/enhancers/chr2R_13197479-13197679.fa	200
FBgn0014877_Spearman	FBgn0014877_Spearman/chr2R_13194170-13194587__chr2R_13198071-13198730	LEFT	chr2R:13194170-13194587	chr2R	13194170	13194587	FBgn0014877_Spearman/chr2R_13194170-13194587__chr2R_13198071-13198730/enhancers/chr2R_13194170-13194587.fa	417
FBgn0014877_Spearman	FBgn0014877_Spearman/chr2R_13194170-13194587__chr2R_13198071-13198730	RIGHT	chr2R:13198071-13198730	chr2R	13198071	13198730	FBgn0014877_Spearman/chr2R_13194170-13194587__chr2R_13198071-13198730/enhancers/chr2R_13198071-13198730.fa	659
FBgn0014877_Spearman	FBgn0014877_Spearman/chr2R_13194170-13194587__chr2R_13199132-13199535	LEFT	chr2R:13194170-13194587	chr2R	13194170	13194587	FBgn0014877_Spearman/chr2R_13194170-13194587__chr2R_13199132-13199535/enhancers/chr2R_13194170-13194587.fa	417
FBgn0014877_Spearman	FBgn0014877_Spearman/chr2R_13194170-13194587__chr2R_13199132-13199535	RIGHT	chr2R:13199132-13199535	chr2R	13199132	13199535	FBgn0014877_Spearman/chr2R_13194170-13194587__chr2R_13199132-13199535/enhancers/chr2R_13199132-13199535.fa	403
FBgn0014877_Spearman	FBgn0014877_Spearman/chr2R_13195866-13196315__chr2R_13196419-13196619	LEFT	chr2R:13195866-13196315	chr2R	13195866	13196315	FBgn0014877_Spearman/chr2R_13195866-13196315__chr2R_13196419-13196619/enhancers/chr2R_13195866-13196315.fa	449
FBgn0014877_Spearman	FBgn0014877_Spearman/chr2R_13195866-13196315__chr2R_13196419-13196619	RIGHT	chr2R:13196419-13196619	chr2R	13196419	13196619	FBgn0014877_Spearman/chr2R_13195866-13196315__chr2R_13196419-13196619/enhancers/chr2R_13196419-13196619.fa	200
FBgn0014877_Spearman	FBgn0014877_Spearman/chr2R_13195866-13196315__chr2R_13197479-13197679	LEFT	chr2R:13195866-13196315	chr2R	13195866	13196315	FBgn0014877_Spearman/chr2R_13195866-13196315__chr2R_13197479-13197679/enhancers/chr2R_13195866-13196315.fa	449
FBgn0014877_Spearman	FBgn0014877_Spearman/chr2R_13195866-13196315__chr2R_13197479-13197679	RIGHT	chr2R:13197479-13197679	chr2R	13197479	13197679	FBgn0014877_Spearman/chr2R_13195866-13196315__chr2R_13197479-13197679/enhancers/chr2R_13197479-13197679.fa	200
FBgn0014877_Spearman	FBgn0014877_Spearman/chr2R_13195866-13196315__chr2R_13198071-13198730	LEFT	chr2R:13195866-13196315	chr2R	13195866	13196315	FBgn0014877_Spearman/chr2R_13195866-13196315__chr2R_13198071-13198730/enhancers/chr2R_13195866-13196315.fa	449
FBgn0014877_Spearman	FBgn0014877_Spearman/chr2R_13195866-13196315__chr2R_13198071-13198730	RIGHT	chr2R:13198071-13198730	chr2R	13198071	13198730	FBgn0014877_Spearman/chr2R_13195866-13196315__chr2R_13198071-13198730/enhancers/chr2R_13198071-13198730.fa	659
FBgn0014877_Spearman	FBgn0014877_Spearman/chr2R_13195866-13196315__chr2R_13199132-13199535	LEFT	chr2R:13195866-13196315	chr2R	13195866	13196315	FBgn0014877_Spearman/chr2R_13195866-13196315__chr2R_13199132-13199535/enhancers/chr2R_13195866-13196315.fa	449
FBgn0014877_Spearman	FBgn0014877_Spearman/chr2R_13195866-13196315__chr2R_13199132-13199535	RIGHT	chr2R:13199132-13199535	chr2R	13199132	13199535	FBgn0014877_Spearman/chr2R_13195866-13196315__chr2R_13199132-13199535/enhancers/chr2R_13199132-13199535.fa	403
FBgn0014877_Spearman	FBgn0014877_Spearman/chr2R_13196419-13196619__chr2R_13197479-13197679	LEFT	chr2R:13196419-13196619	chr2R	13196419	13196619	FBgn0014877_Spearman/chr2R_13196419-13196619__chr2R_13197479-13197679/enhancers/chr2R_13196419-13196619.fa	200
FBgn0014877_Spearman	FBgn0014877_Spearman/chr2R_13196419-13196619__chr2R_13197479-13197679	RIGHT	chr2R:13197479-13197679	chr2R	13197479	13197679	FBgn0014877_Spearman/chr2R_13196419-13196619__chr2R_13197479-13197679/enhancers/chr2R_13197479-13197679.fa	200
FBgn0014877_Spearman	FBgn0014877_Spearman/chr2R_13196419-13196619__chr2R_13198071-13198730	LEFT	chr2R:13196419-13196619	chr2R	13196419	13196619	FBgn0014877_Spearman/chr2R_13196419-13196619__chr2R_13198071-13198730/enhancers/chr2R_13196419-13196619.fa	200
FBgn0014877_Spearman	FBgn0014877_Spearman/chr2R_13196419-13196619__chr2R_13198071-13198730	RIGHT	chr2R:13198071-13198730	chr2R	13198071	13198730	FBgn0014877_Spearman/chr2R_13196419-13196619__chr2R_13198071-13198730/enhancers/chr2R_13198071-13198730.fa	659
FBgn0014877_Spearman	FBgn0014877_Spearman/chr2R_13196419-13196619__chr2R_13199132-13199535	LEFT	chr2R:13196419-13196619	chr2R	13196419	13196619	FBgn0014877_Spearman/chr2R_13196419-13196619__chr2R_13199132-13199535/enhancers/chr2R_13196419-13196619.fa	200
FBgn0014877_Spearman	FBgn0014877_Spearman/chr2R_13196419-13196619__chr2R_13199132-13199535	RIGHT	chr2R:13199132-13199535	chr2R	13199132	13199535	FBgn0014877_Spearman/chr2R_13196419-13196619__chr2R_13199132-13199535/enhancers/chr2R_13199132-13199535.fa	403
FBgn0014877_Spearman	FBgn0014877_Spearman/chr2R_13197479-13197679__chr2R_13198071-13198730	LEFT	chr2R:13197479-13197679	chr2R	13197479	13197679	FBgn0014877_Spearman/chr2R_13197479-13197679__chr2R_13198071-13198730/enhancers/chr2R_13197479-13197679.fa	200
FBgn0014877_Spearman	FBgn0014877_Spearman/chr2R_13197479-13197679__chr2R_13198071-13198730	RIGHT	chr2R:13198071-13198730	chr2R	13198071	13198730	FBgn0014877_Spearman/chr2R_13197479-13197679__chr2R_13198071-13198730/enhancers/chr2R_13198071-13198730.fa	659
FBgn0014877_Spearman	FBgn0014877_Spearman/chr2R_13197479-13197679__chr2R_13199132-13199535	LEFT	chr2R:13197479-13197679	chr2R	13197479	13197679	FBgn0014877_Spearman/chr2R_13197479-13197679__chr2R_13199132-13199535/enhancers/chr2R_13197479-13197679.fa	200
FBgn0014877_Spearman	FBgn0014877_Spearman/chr2R_13197479-13197679__chr2R_13199132-13199535	RIGHT	chr2R:13199132-13199535	chr2R	13199132	13199535	FBgn0014877_Spearman/chr2R_13197479-13197679__chr2R_13199132-13199535/enhancers/chr2R_13199132-13199535.fa	403
FBgn0014877_Spearman	FBgn0014877_Spearman/chr2R_13198071-13198730__chr2R_13199132-13199535	LEFT	chr2R:13198071-13198730	chr2R	13198071	13198730	FBgn0014877_Spearman/chr2R_13198071-13198730__chr2R_13199132-13199535/enhancers/chr2R_13198071-13198730.fa	659
FBgn0014877_Spearman	FBgn0014877_Spearman/chr2R_13198071-13198730__chr2R_13199132-13199535	RIGHT	chr2R:13199132-13199535	chr2R	13199132	13199535	FBgn0014877_Spearman/chr2R_13198071-13198730__chr2R_13199132-13199535/enhancers/chr2R_13199132-13199535.fa	403
FBgn0015019_Spearman	FBgn0015019_Spearman/chr3R_16715587-16715916__chr3R_16744397-16744662	LEFT	chr3R:16715587-16715916	chr3R	16715587	16715916	FBgn0015019_Spearman/chr3R_16715587-16715916__chr3R_16744397-16744662/enhancers/chr3R_16715587-16715916.fa	329
FBgn0015019_Spearman	FBgn0015019_Spearman/chr3R_16715587-16715916__chr3R_16744397-16744662	RIGHT	chr3R:16744397-16744662	chr3R	16744397	16744662	FBgn0015019_Spearman/chr3R_16715587-16715916__chr3R_16744397-16744662/enhancers/chr3R_16744397-16744662.fa	265
FBgn0015380_Spearman	FBgn0015380_Spearman/chr2L_19215078-19215278__chr2L_19215688-19216293	LEFT	chr2L:19215078-19215278	chr2L	19215078	19215278	FBgn0015380_Spearman/chr2L_19215078-19215278__chr2L_19215688-19216293/enhancers/chr2L_19215078-19215278.fa	200
FBgn0015380_Spearman	FBgn0015380_Spearman/chr2L_19215078-19215278__chr2L_19215688-19216293	RIGHT	chr2L:19215688-19216293	chr2L	19215688	19216293	FBgn0015380_Spearman/chr2L_19215078-19215278__chr2L_19215688-19216293/enhancers/chr2L_19215688-19216293.fa	605
FBgn0016715_Spearman	FBgn0016715_Spearman/chr3L_623882-624388__chr3L_665701-666210	LEFT	chr3L:623882-624388	chr3L	623882	624388	FBgn0016715_Spearman/chr3L_623882-624388__chr3L_665701-666210/enhancers/chr3L_623882-624388.fa	506
FBgn0016715_Spearman	FBgn0016715_Spearman/chr3L_623882-624388__chr3L_665701-666210	RIGHT	chr3L:665701-666210	chr3L	665701	666210	FBgn0016715_Spearman/chr3L_623882-624388__chr3L_665701-666210/enhancers/chr3L_665701-666210.fa	509
FBgn0016794_Spearman	FBgn0016794_Spearman/chr3L_2552007-2552315__chr3L_2553779-2553979	LEFT	chr3L:2552007-2552315	chr3L	2552007	2552315	FBgn0016794_Spearman/chr3L_2552007-2552315__chr3L_2553779-2553979/enhancers/chr3L_2552007-2552315.fa	308
FBgn0016794_Spearman	FBgn0016794_Spearman/chr3L_2552007-2552315__chr3L_2553779-2553979	RIGHT	chr3L:2553779-2553979	chr3L	2553779	2553979	FBgn0016794_Spearman/chr3L_2552007-2552315__chr3L_2553779-2553979/enhancers/chr3L_2553779-2553979.fa	200
FBgn0016794_Spearman	FBgn0016794_Spearman/chr3L_2552007-2552315__chr3L_2562100-2562492	LEFT	chr3L:2552007-2552315	chr3L	2552007	2552315	FBgn0016794_Spearman/chr3L_2552007-2552315__chr3L_2562100-2562492/enhancers/chr3L_2552007-2552315.fa	308
FBgn0016794_Spearman	FBgn0016794_Spearman/chr3L_2552007-2552315__chr3L_2562100-2562492	RIGHT	chr3L:2562100-2562492	chr3L	2562100	2562492	FBgn0016794_Spearman/chr3L_2552007-2552315__chr3L_2562100-2562492/enhancers/chr3L_2562100-2562492.fa	392
FBgn0016794_Spearman	FBgn0016794_Spearman/chr3L_2552007-2552315__chr3L_2568872-2569202	LEFT	chr3L:2552007-2552315	chr3L	2552007	2552315	FBgn0016794_Spearman/chr3L_2552007-2552315__chr3L_2568872-2569202/enhancers/chr3L_2552007-2552315.fa	308
FBgn0016794_Spearman	FBgn0016794_Spearman/chr3L_2552007-2552315__chr3L_2568872-2569202	RIGHT	chr3L:2568872-2569202	chr3L	2568872	2569202	FBgn0016794_Spearman/chr3L_2552007-2552315__chr3L_2568872-2569202/enhancers/chr3L_2568872-2569202.fa	330
FBgn0016794_Spearman	FBgn0016794_Spearman/chr3L_2553779-2553979__chr3L_2562100-2562492	LEFT	chr3L:2553779-2553979	chr3L	2553779	2553979	FBgn0016794_Spearman/chr3L_2553779-2553979__chr3L_2562100-2562492/enhancers/chr3L_2553779-2553979.fa	200
FBgn0016794_Spearman	FBgn0016794_Spearman/chr3L_2553779-2553979__chr3L_2562100-2562492	RIGHT	chr3L:2562100-2562492	chr3L	2562100	2562492	FBgn0016794_Spearman/chr3L_2553779-2553979__chr3L_2562100-2562492/enhancers/chr3L_2562100-2562492.fa	392
FBgn0016794_Spearman	FBgn0016794_Spearman/chr3L_2553779-2553979__chr3L_2568872-2569202	LEFT	chr3L:2553779-2553979	chr3L	2553779	2553979	FBgn0016794_Spearman/chr3L_2553779-2553979__chr3L_2568872-2569202/enhancers/chr3L_2553779-2553979.fa	200
FBgn0016794_Spearman	FBgn0016794_Spearman/chr3L_2553779-2553979__chr3L_2568872-2569202	RIGHT	chr3L:2568872-2569202	chr3L	2568872	2569202	FBgn0016794_Spearman/chr3L_2553779-2553979__chr3L_2568872-2569202/enhancers/chr3L_2568872-2569202.fa	330
FBgn0016794_Spearman	FBgn0016794_Spearman/chr3L_2562100-2562492__chr3L_2568872-2569202	LEFT	chr3L:2562100-2562492	chr3L	2562100	2562492	FBgn0016794_Spearman/chr3L_2562100-2562492__chr3L_2568872-2569202/enhancers/chr3L_2562100-2562492.fa	392
FBgn0016794_Spearman	FBgn0016794_Spearman/chr3L_2562100-2562492__chr3L_2568872-2569202	RIGHT	chr3L:2568872-2569202	chr3L	2568872	2569202	FBgn0016794_Spearman/chr3L_2562100-2562492__chr3L_2568872-2569202/enhancers/chr3L_2568872-2569202.fa	330
FBgn0016797_Spearman	FBgn0016797_Spearman/chr3L_19137342-19137588__chr3L_19151316-19151710	LEFT	chr3L:19137342-19137588	chr3L	19137342	19137588	FBgn0016797_Spearman/chr3L_19137342-19137588__chr3L_19151316-19151710/enhancers/chr3L_19137342-19137588.fa	246
FBgn0016797_Spearman	FBgn0016797_Spearman/chr3L_19137342-19137588__chr3L_19151316-19151710	RIGHT	chr3L:19151316-19151710	chr3L	19151316	19151710	FBgn0016797_Spearman/chr3L_19137342-19137588__chr3L_19151316-19151710/enhancers/chr3L_19151316-19151710.fa	394
FBgn0016797_Spearman	FBgn0016797_Spearman/chr3L_19137342-19137588__chr3L_19173146-19173442	LEFT	chr3L:19137342-19137588	chr3L	19137342	19137588	FBgn0016797_Spearman/chr3L_19137342-19137588__chr3L_19173146-19173442/enhancers/chr3L_19137342-19137588.fa	246
FBgn0016797_Spearman	FBgn0016797_Spearman/chr3L_19137342-19137588__chr3L_19173146-19173442	RIGHT	chr3L:19173146-19173442	chr3L	19173146	19173442	FBgn0016797_Spearman/chr3L_19137342-19137588__chr3L_19173146-19173442/enhancers/chr3L_19173146-19173442.fa	296
FBgn0016797_Spearman	FBgn0016797_Spearman/chr3L_19151316-19151710__chr3L_19173146-19173442	LEFT	chr3L:19151316-19151710	chr3L	19151316	19151710	FBgn0016797_Spearman/chr3L_19151316-19151710__chr3L_19173146-19173442/enhancers/chr3L_19151316-19151710.fa	394
FBgn0016797_Spearman	FBgn0016797_Spearman/chr3L_19151316-19151710__chr3L_19173146-19173442	RIGHT	chr3L:19173146-19173442	chr3L	19173146	19173442	FBgn0016797_Spearman/chr3L_19151316-19151710__chr3L_19173146-19173442/enhancers/chr3L_19173146-19173442.fa	296
FBgn0016930_Spearman	FBgn0016930_Spearman/chr2L_14261983-14262284__chr2L_14265078-14265431	LEFT	chr2L:14261983-14262284	chr2L	14261983	14262284	FBgn0016930_Spearman/chr2L_14261983-14262284__chr2L_14265078-14265431/enhancers/chr2L_14261983-14262284.fa	301
FBgn0016930_Spearman	FBgn0016930_Spearman/chr2L_14261983-14262284__chr2L_14265078-14265431	RIGHT	chr2L:14265078-14265431	chr2L	14265078	14265431	FBgn0016930_Spearman/chr2L_14261983-14262284__chr2L_14265078-14265431/enhancers/chr2L_14265078-14265431.fa	353
FBgn0020235_Spearman	FBgn0020235_Spearman/chr3R_29771806-29772210__chr3R_29774631-29774899	LEFT	chr3R:29771806-29772210	chr3R	29771806	29772210	FBgn0020235_Spearman/chr3R_29771806-29772210__chr3R_29774631-29774899/enhancers/chr3R_29771806-29772210.fa	404
FBgn0020235_Spearman	FBgn0020235_Spearman/chr3R_29771806-29772210__chr3R_29774631-29774899	RIGHT	chr3R:29774631-29774899	chr3R	29774631	29774899	FBgn0020235_Spearman/chr3R_29771806-29772210__chr3R_29774631-29774899/enhancers/chr3R_29774631-29774899.fa	268
FBgn0020257_Spearman	FBgn0020257_Spearman/chr2R_22301850-22302125__chr2R_22309744-22310226	LEFT	chr2R:22301850-22302125	chr2R	22301850	22302125	FBgn0020257_Spearman/chr2R_22301850-22302125__chr2R_22309744-22310226/enhancers/chr2R_22301850-22302125.fa	275
FBgn0020257_Spearman	FBgn0020257_Spearman/chr2R_22301850-22302125__chr2R_22309744-22310226	RIGHT	chr2R:22309744-22310226	chr2R	22309744	22310226	FBgn0020257_Spearman/chr2R_22301850-22302125__chr2R_22309744-22310226/enhancers/chr2R_22309744-22310226.fa	482
FBgn0020257_Spearman	FBgn0020257_Spearman/chr2R_22301850-22302125__chr2R_22310630-22311004	LEFT	chr2R:22301850-22302125	chr2R	22301850	22302125	FBgn0020257_Spearman/chr2R_22301850-22302125__chr2R_22310630-22311004/enhancers/chr2R_22301850-22302125.fa	275
FBgn0020257_Spearman	FBgn0020257_Spearman/chr2R_22301850-22302125__chr2R_22310630-22311004	RIGHT	chr2R:22310630-22311004	chr2R	22310630	22311004	FBgn0020257_Spearman/chr2R_22301850-22302125__chr2R_22310630-22311004/enhancers/chr2R_22310630-22311004.fa	374
FBgn0020257_Spearman	FBgn0020257_Spearman/chr2R_22301850-22302125__chr2R_22311826-22312026	LEFT	chr2R:22301850-22302125	chr2R	22301850	22302125	FBgn0020257_Spearman/chr2R_22301850-22302125__chr2R_22311826-22312026/enhancers/chr2R_22301850-22302125.fa	275
FBgn0020257_Spearman	FBgn0020257_Spearman/chr2R_22301850-22302125__chr2R_22311826-22312026	RIGHT	chr2R:22311826-22312026	chr2R	22311826	22312026	FBgn0020257_Spearman/chr2R_22301850-22302125__chr2R_22311826-22312026/enhancers/chr2R_22311826-22312026.fa	200
FBgn0020257_Spearman	FBgn0020257_Spearman/chr2R_22301850-22302125__chr2R_22312131-22312433	LEFT	chr2R:22301850-22302125	chr2R	22301850	22302125	FBgn0020257_Spearman/chr2R_22301850-22302125__chr2R_22312131-22312433/enhancers/chr2R_22301850-22302125.fa	275
FBgn0020257_Spearman	FBgn0020257_Spearman/chr2R_22301850-22302125__chr2R_22312131-22312433	RIGHT	chr2R:22312131-22312433	chr2R	22312131	22312433	FBgn0020257_Spearman/chr2R_22301850-22302125__chr2R_22312131-22312433/enhancers/chr2R_22312131-22312433.fa	302
FBgn0020257_Spearman	FBgn0020257_Spearman/chr2R_22309744-22310226__chr2R_22310630-22311004	LEFT	chr2R:22309744-22310226	chr2R	22309744	22310226	FBgn0020257_Spearman/chr2R_22309744-22310226__chr2R_22310630-22311004/enhancers/chr2R_22309744-22310226.fa	482
FBgn0020257_Spearman	FBgn0020257_Spearman/chr2R_22309744-22310226__chr2R_22310630-22311004	RIGHT	chr2R:22310630-22311004	chr2R	22310630	22311004	FBgn0020257_Spearman/chr2R_22309744-22310226__chr2R_22310630-22311004/enhancers/chr2R_22310630-22311004.fa	374
FBgn0020257_Spearman	FBgn0020257_Spearman/chr2R_22309744-22310226__chr2R_22311826-22312026	LEFT	chr2R:22309744-22310226	chr2R	22309744	22310226	FBgn0020257_Spearman/chr2R_22309744-22310226__chr2R_22311826-22312026/enhancers/chr2R_22309744-22310226.fa	482
FBgn0020257_Spearman	FBgn0020257_Spearman/chr2R_22309744-22310226__chr2R_22311826-22312026	RIGHT	chr2R:22311826-22312026	chr2R	22311826	22312026	FBgn0020257_Spearman/chr2R_22309744-22310226__chr2R_22311826-22312026/enhancers/chr2R_22311826-22312026.fa	200
FBgn0020257_Spearman	FBgn0020257_Spearman/chr2R_22309744-22310226__chr2R_22312131-22312433	LEFT	chr2R:22309744-22310226	chr2R	22309744	22310226	FBgn0020257_Spearman/chr2R_22309744-22310226__chr2R_22312131-22312433/enhancers/chr2R_22309744-22310226.fa	482
FBgn0020257_Spearman	FBgn0020257_Spearman/chr2R_22309744-22310226__chr2R_22312131-22312433	RIGHT	chr2R:22312131-22312433	chr2R	22312131	22312433	FBgn0020257_Spearman/chr2R_22309744-22310226__chr2R_22312131-22312433/enhancers/chr2R_22312131-22312433.fa	302
FBgn0020257_Spearman	FBgn0020257_Spearman/chr2R_22310630-22311004__chr2R_22311826-22312026	LEFT	chr2R:22310630-22311004	chr2R	22310630	22311004	FBgn0020257_Spearman/chr2R_22310630-22311004__chr2R_22311826-22312026/enhancers/chr2R_22310630-22311004.fa	374
FBgn0020257_Spearman	FBgn0020257_Spearman/chr2R_22310630-22311004__chr2R_22311826-22312026	RIGHT	chr2R:22311826-22312026	chr2R	22311826	22312026	FBgn0020257_Spearman/chr2R_22310630-22311004__chr2R_22311826-22312026/enhancers/chr2R_22311826-22312026.fa	200
FBgn0020257_Spearman	FBgn0020257_Spearman/chr2R_22310630-22311004__chr2R_22312131-22312433	LEFT	chr2R:22310630-22311004	chr2R	22310630	22311004	FBgn0020257_Spearman/chr2R_22310630-22311004__chr2R_22312131-22312433/enhancers/chr2R_22310630-22311004.fa	374
FBgn0020257_Spearman	FBgn0020257_Spearman/chr2R_22310630-22311004__chr2R_22312131-22312433	RIGHT	chr2R:22312131-22312433	chr2R	22312131	22312433	FBgn0020257_Spearman/chr2R_22310630-22311004__chr2R_22312131-22312433/enhancers/chr2R_22312131-22312433.fa	302
FBgn0020257_Spearman	FBgn0020257_Spearman/chr2R_22311826-22312026__chr2R_22312131-22312433	LEFT	chr2R:22311826-22312026	chr2R	22311826	22312026	FBgn0020257_Spearman/chr2R_22311826-22312026__chr2R_22312131-22312433/enhancers/chr2R_22311826-22312026.fa	200
FBgn0020257_Spearman	FBgn0020257_Spearman/chr2R_22311826-22312026__chr2R_22312131-22312433	RIGHT	chr2R:22312131-22312433	chr2R	22312131	22312433	FBgn0020257_Spearman/chr2R_22311826-22312026__chr2R_22312131-22312433/enhancers/chr2R_22312131-22312433.fa	302
FBgn0020497_Spearman	FBgn0020497_Spearman/chr2L_8416468-8416668__chr2L_8422167-8422367	LEFT	chr2L:8416468-8416668	chr2L	8416468	8416668	FBgn0020497_Spearman/chr2L_8416468-8416668__chr2L_8422167-8422367/enhancers/chr2L_8416468-8416668.fa	200
FBgn0020497_Spearman	FBgn0020497_Spearman/chr2L_8416468-8416668__chr2L_8422167-8422367	RIGHT	chr2L:8422167-8422367	chr2L	8422167	8422367	FBgn0020497_Spearman/chr2L_8416468-8416668__chr2L_8422167-8422367/enhancers/chr2L_8422167-8422367.fa	200
FBgn0020513_Spearman	FBgn0020513_Spearman/chrX_12673789-12674154__chrX_12675733-12676468	LEFT	chrX:12673789-12674154	chrX	12673789	12674154	FBgn0020513_Spearman/chrX_12673789-12674154__chrX_12675733-12676468/enhancers/chrX_12673789-12674154.fa	365
FBgn0020513_Spearman	FBgn0020513_Spearman/chrX_12673789-12674154__chrX_12675733-12676468	RIGHT	chrX:12675733-12676468	chrX	12675733	12676468	FBgn0020513_Spearman/chrX_12673789-12674154__chrX_12675733-12676468/enhancers/chrX_12675733-12676468.fa	735
FBgn0020762_Spearman	FBgn0020762_Spearman/chr2L_4351796-4352022__chr2L_4363652-4364006	LEFT	chr2L:4351796-4352022	chr2L	4351796	4352022	FBgn0020762_Spearman/chr2L_4351796-4352022__chr2L_4363652-4364006/enhancers/chr2L_4351796-4352022.fa	226
FBgn0020762_Spearman	FBgn0020762_Spearman/chr2L_4351796-4352022__chr2L_4363652-4364006	RIGHT	chr2L:4363652-4364006	chr2L	4363652	4364006	FBgn0020762_Spearman/chr2L_4351796-4352022__chr2L_4363652-4364006/enhancers/chr2L_4363652-4364006.fa	354
FBgn0020762_Spearman	FBgn0020762_Spearman/chr2L_4351796-4352022__chr2L_4370195-4370400	LEFT	chr2L:4351796-4352022	chr2L	4351796	4352022	FBgn0020762_Spearman/chr2L_4351796-4352022__chr2L_4370195-4370400/enhancers/chr2L_4351796-4352022.fa	226
FBgn0020762_Spearman	FBgn0020762_Spearman/chr2L_4351796-4352022__chr2L_4370195-4370400	RIGHT	chr2L:4370195-4370400	chr2L	4370195	4370400	FBgn0020762_Spearman/chr2L_4351796-4352022__chr2L_4370195-4370400/enhancers/chr2L_4370195-4370400.fa	205
FBgn0020762_Spearman	FBgn0020762_Spearman/chr2L_4363652-4364006__chr2L_4370195-4370400	LEFT	chr2L:4363652-4364006	chr2L	4363652	4364006	FBgn0020762_Spearman/chr2L_4363652-4364006__chr2L_4370195-4370400/enhancers/chr2L_4363652-4364006.fa	354
FBgn0020762_Spearman	FBgn0020762_Spearman/chr2L_4363652-4364006__chr2L_4370195-4370400	RIGHT	chr2L:4370195-4370400	chr2L	4370195	4370400	FBgn0020762_Spearman/chr2L_4363652-4364006__chr2L_4370195-4370400/enhancers/chr2L_4370195-4370400.fa	205
FBgn0020766_Spearman	FBgn0020766_Spearman/chr2R_13582159-13582576__chr2R_13623881-13624272	LEFT	chr2R:13582159-13582576	chr2R	13582159	13582576	FBgn0020766_Spearman/chr2R_13582159-13582576__chr2R_13623881-13624272/enhancers/chr2R_13582159-13582576.fa	417
FBgn0020766_Spearman	FBgn0020766_Spearman/chr2R_13582159-13582576__chr2R_13623881-13624272	RIGHT	chr2R:13623881-13624272	chr2R	13623881	13624272	FBgn0020766_Spearman/chr2R_13582159-13582576__chr2R_13623881-13624272/enhancers/chr2R_13623881-13624272.fa	391
FBgn0021767_Spearman	FBgn0021767_Spearman/chrX_8395325-8395635__chrX_8396414-8396775	LEFT	chrX:8395325-8395635	chrX	8395325	8395635	FBgn0021767_Spearman/chrX_8395325-8395635__chrX_8396414-8396775/enhancers/chrX_8395325-8395635.fa	310
FBgn0021767_Spearman	FBgn0021767_Spearman/chrX_8395325-8395635__chrX_8396414-8396775	RIGHT	chrX:8396414-8396775	chrX	8396414	8396775	FBgn0021767_Spearman/chrX_8395325-8395635__chrX_8396414-8396775/enhancers/chrX_8396414-8396775.fa	361
FBgn0021906_Spearman	FBgn0021906_Spearman/chr2L_1645971-1646171__chr2L_1657116-1657316	LEFT	chr2L:1645971-1646171	chr2L	1645971	1646171	FBgn0021906_Spearman/chr2L_1645971-1646171__chr2L_1657116-1657316/enhancers/chr2L_1645971-1646171.fa	200
FBgn0021906_Spearman	FBgn0021906_Spearman/chr2L_1645971-1646171__chr2L_1657116-1657316	RIGHT	chr2L:1657116-1657316	chr2L	1657116	1657316	FBgn0021906_Spearman/chr2L_1645971-1646171__chr2L_1657116-1657316/enhancers/chr2L_1657116-1657316.fa	200
FBgn0022960_Spearman	FBgn0022960_Spearman/chr2R_6619868-6620115__chr2R_6626145-6626383	LEFT	chr2R:6619868-6620115	chr2R	6619868	6620115	FBgn0022960_Spearman/chr2R_6619868-6620115__chr2R_6626145-6626383/enhancers/chr2R_6619868-6620115.fa	247
FBgn0022960_Spearman	FBgn0022960_Spearman/chr2R_6619868-6620115__chr2R_6626145-6626383	RIGHT	chr2R:6626145-6626383	chr2R	6626145	6626383	FBgn0022960_Spearman/chr2R_6619868-6620115__chr2R_6626145-6626383/enhancers/chr2R_6626145-6626383.fa	238
FBgn0026409_Spearman	FBgn0026409_Spearman/chr3L_14524405-14524880__chr3L_14572837-14573037	LEFT	chr3L:14524405-14524880	chr3L	14524405	14524880	FBgn0026409_Spearman/chr3L_14524405-14524880__chr3L_14572837-14573037/enhancers/chr3L_14524405-14524880.fa	475
FBgn0026409_Spearman	FBgn0026409_Spearman/chr3L_14524405-14524880__chr3L_14572837-14573037	RIGHT	chr3L:14572837-14573037	chr3L	14572837	14573037	FBgn0026409_Spearman/chr3L_14524405-14524880__chr3L_14572837-14573037/enhancers/chr3L_14572837-14573037.fa	200
FBgn0026761_Spearman	FBgn0026761_Spearman/chr2R_6219294-6219494__chr2R_6256635-6257061	LEFT	chr2R:6219294-6219494	chr2R	6219294	6219494	FBgn0026761_Spearman/chr2R_6219294-6219494__chr2R_6256635-6257061/enhancers/chr2R_6219294-6219494.fa	200
FBgn0026761_Spearman	FBgn0026761_Spearman/chr2R_6219294-6219494__chr2R_6256635-6257061	RIGHT	chr2R:6256635-6257061	chr2R	6256635	6257061	FBgn0026761_Spearman/chr2R_6219294-6219494__chr2R_6256635-6257061/enhancers/chr2R_6256635-6257061.fa	426
FBgn0027084_Spearman	FBgn0027084_Spearman/chrX_9645073-9645375__chrX_9651073-9651377	LEFT	chrX:9645073-9645375	chrX	9645073	9645375	FBgn0027084_Spearman/chrX_9645073-9645375__chrX_9651073-9651377/enhancers/chrX_9645073-9645375.fa	302
FBgn0027084_Spearman	FBgn0027084_Spearman/chrX_9645073-9645375__chrX_9651073-9651377	RIGHT	chrX:9651073-9651377	chrX	9651073	9651377	FBgn0027084_Spearman/chrX_9645073-9645375__chrX_9651073-9651377/enhancers/chrX_9651073-9651377.fa	304
FBgn0027084_Spearman	FBgn0027084_Spearman/chrX_9645073-9645375__chrX_9680427-9680627	LEFT	chrX:9645073-9645375	chrX	9645073	9645375	FBgn0027084_Spearman/chrX_9645073-9645375__chrX_9680427-9680627/enhancers/chrX_9645073-9645375.fa	302
FBgn0027084_Spearman	FBgn0027084_Spearman/chrX_9645073-9645375__chrX_9680427-9680627	RIGHT	chrX:9680427-9680627	chrX	9680427	9680627	FBgn0027084_Spearman/chrX_9645073-9645375__chrX_9680427-9680627/enhancers/chrX_9680427-9680627.fa	200
FBgn0027084_Spearman	FBgn0027084_Spearman/chrX_9651073-9651377__chrX_9680427-9680627	LEFT	chrX:9651073-9651377	chrX	9651073	9651377	FBgn0027084_Spearman/chrX_9651073-9651377__chrX_9680427-9680627/enhancers/chrX_9651073-9651377.fa	304
FBgn0027084_Spearman	FBgn0027084_Spearman/chrX_9651073-9651377__chrX_9680427-9680627	RIGHT	chrX:9680427-9680627	chrX	9680427	9680627	FBgn0027084_Spearman/chrX_9651073-9651377__chrX_9680427-9680627/enhancers/chrX_9680427-9680627.fa	200
FBgn0027111_Spearman	FBgn0027111_Spearman/chr3L_247505-247705__chr3L_255201-255682	LEFT	chr3L:247505-247705	chr3L	247505	247705	FBgn0027111_Spearman/chr3L_247505-247705__chr3L_255201-255682/enhancers/chr3L_247505-247705.fa	200
FBgn0027111_Spearman	FBgn0027111_Spearman/chr3L_247505-247705__chr3L_255201-255682	RIGHT	chr3L:255201-255682	chr3L	255201	255682	FBgn0027111_Spearman/chr3L_247505-247705__chr3L_255201-255682/enhancers/chr3L_255201-255682.fa	481
FBgn0027111_Spearman	FBgn0027111_Spearman/chr3L_247505-247705__chr3L_260322-260568	LEFT	chr3L:247505-247705	chr3L	247505	247705	FBgn0027111_Spearman/chr3L_247505-247705__chr3L_260322-260568/enhancers/chr3L_247505-247705.fa	200
FBgn0027111_Spearman	FBgn0027111_Spearman/chr3L_247505-247705__chr3L_260322-260568	RIGHT	chr3L:260322-260568	chr3L	260322	260568	FBgn0027111_Spearman/chr3L_247505-247705__chr3L_260322-260568/enhancers/chr3L_260322-260568.fa	246
FBgn0027111_Spearman	FBgn0027111_Spearman/chr3L_255201-255682__chr3L_260322-260568	LEFT	chr3L:255201-255682	chr3L	255201	255682	FBgn0027111_Spearman/chr3L_255201-255682__chr3L_260322-260568/enhancers/chr3L_255201-255682.fa	481
FBgn0027111_Spearman	FBgn0027111_Spearman/chr3L_255201-255682__chr3L_260322-260568	RIGHT	chr3L:260322-260568	chr3L	260322	260568	FBgn0027111_Spearman/chr3L_255201-255682__chr3L_260322-260568/enhancers/chr3L_260322-260568.fa	246
FBgn0028369_Spearman	FBgn0028369_Spearman/chrX_3100007-3100398__chrX_3102934-3103204	LEFT	chrX:3100007-3100398	chrX	3100007	3100398	FBgn0028369_Spearman/chrX_3100007-3100398__chrX_3102934-3103204/enhancers/chrX_3100007-3100398.fa	391
FBgn0028369_Spearman	FBgn0028369_Spearman/chrX_3100007-3100398__chrX_3102934-3103204	RIGHT	chrX:3102934-3103204	chrX	3102934	3103204	FBgn0028369_Spearman/chrX_3100007-3100398__chrX_3102934-3103204/enhancers/chrX_3102934-3103204.fa	270
FBgn0028369_Spearman	FBgn0028369_Spearman/chrX_3100007-3100398__chrX_3103482-3103682	LEFT	chrX:3100007-3100398	chrX	3100007	3100398	FBgn0028369_Spearman/chrX_3100007-3100398__chrX_3103482-3103682/enhancers/chrX_3100007-3100398.fa	391
FBgn0028369_Spearman	FBgn0028369_Spearman/chrX_3100007-3100398__chrX_3103482-3103682	RIGHT	chrX:3103482-3103682	chrX	3103482	3103682	FBgn0028369_Spearman/chrX_3100007-3100398__chrX_3103482-3103682/enhancers/chrX_3103482-3103682.fa	200
FBgn0028369_Spearman	FBgn0028369_Spearman/chrX_3100007-3100398__chrX_3103691-3103945	LEFT	chrX:3100007-3100398	chrX	3100007	3100398	FBgn0028369_Spearman/chrX_3100007-3100398__chrX_3103691-3103945/enhancers/chrX_3100007-3100398.fa	391
FBgn0028369_Spearman	FBgn0028369_Spearman/chrX_3100007-3100398__chrX_3103691-3103945	RIGHT	chrX:3103691-3103945	chrX	3103691	3103945	FBgn0028369_Spearman/chrX_3100007-3100398__chrX_3103691-3103945/enhancers/chrX_3103691-3103945.fa	254
FBgn0028369_Spearman	FBgn0028369_Spearman/chrX_3100007-3100398__chrX_3104146-3104671	LEFT	chrX:3100007-3100398	chrX	3100007	3100398	FBgn0028369_Spearman/chrX_3100007-3100398__chrX_3104146-3104671/enhancers/chrX_3100007-3100398.fa	391
FBgn0028369_Spearman	FBgn0028369_Spearman/chrX_3100007-3100398__chrX_3104146-3104671	RIGHT	chrX:3104146-3104671	chrX	3104146	3104671	FBgn0028369_Spearman/chrX_3100007-3100398__chrX_3104146-3104671/enhancers/chrX_3104146-3104671.fa	525
FBgn0028369_Spearman	FBgn0028369_Spearman/chrX_3100007-3100398__chrX_3123638-3124075	LEFT	chrX:3100007-3100398	chrX	3100007	3100398	FBgn0028369_Spearman/chrX_3100007-3100398__chrX_3123638-3124075/enhancers/chrX_3100007-3100398.fa	391
FBgn0028369_Spearman	FBgn0028369_Spearman/chrX_3100007-3100398__chrX_3123638-3124075	RIGHT	chrX:3123638-3124075	chrX	3123638	3124075	FBgn0028369_Spearman/chrX_3100007-3100398__chrX_3123638-3124075/enhancers/chrX_3123638-3124075.fa	437
FBgn0028369_Spearman	FBgn0028369_Spearman/chrX_3100007-3100398__chrX_3124946-3125240	LEFT	chrX:3100007-3100398	chrX	3100007	3100398	FBgn0028369_Spearman/chrX_3100007-3100398__chrX_3124946-3125240/enhancers/chrX_3100007-3100398.fa	391
FBgn0028369_Spearman	FBgn0028369_Spearman/chrX_3100007-3100398__chrX_3124946-3125240	RIGHT	chrX:3124946-3125240	chrX	3124946	3125240	FBgn0028369_Spearman/chrX_3100007-3100398__chrX_3124946-3125240/enhancers/chrX_3124946-3125240.fa	294
FBgn0028369_Spearman	FBgn0028369_Spearman/chrX_3102934-3103204__chrX_3103482-3103682	LEFT	chrX:3102934-3103204	chrX	3102934	3103204	FBgn0028369_Spearman/chrX_3102934-3103204__chrX_3103482-3103682/enhancers/chrX_3102934-3103204.fa	270
FBgn0028369_Spearman	FBgn0028369_Spearman/chrX_3102934-3103204__chrX_3103482-3103682	RIGHT	chrX:3103482-3103682	chrX	3103482	3103682	FBgn0028369_Spearman/chrX_3102934-3103204__chrX_3103482-3103682/enhancers/chrX_3103482-3103682.fa	200
FBgn0028369_Spearman	FBgn0028369_Spearman/chrX_3102934-3103204__chrX_3103691-3103945	LEFT	chrX:3102934-3103204	chrX	3102934	3103204	FBgn0028369_Spearman/chrX_3102934-3103204__chrX_3103691-3103945/enhancers/chrX_3102934-3103204.fa	270
FBgn0028369_Spearman	FBgn0028369_Spearman/chrX_3102934-3103204__chrX_3103691-3103945	RIGHT	chrX:3103691-3103945	chrX	3103691	3103945	FBgn0028369_Spearman/chrX_3102934-3103204__chrX_3103691-3103945/enhancers/chrX_3103691-3103945.fa	254
FBgn0028369_Spearman	FBgn0028369_Spearman/chrX_3102934-3103204__chrX_3104146-3104671	LEFT	chrX:3102934-3103204	chrX	3102934	3103204	FBgn0028369_Spearman/chrX_3102934-3103204__chrX_3104146-3104671/enhancers/chrX_3102934-3103204.fa	270
FBgn0028369_Spearman	FBgn0028369_Spearman/chrX_3102934-3103204__chrX_3104146-3104671	RIGHT	chrX:3104146-3104671	chrX	3104146	3104671	FBgn0028369_Spearman/chrX_3102934-3103204__chrX_3104146-3104671/enhancers/chrX_3104146-3104671.fa	525
FBgn0028369_Spearman	FBgn0028369_Spearman/chrX_3102934-3103204__chrX_3123638-3124075	LEFT	chrX:3102934-3103204	chrX	3102934	3103204	FBgn0028369_Spearman/chrX_3102934-3103204__chrX_3123638-3124075/enhancers/chrX_3102934-3103204.fa	270
FBgn0028369_Spearman	FBgn0028369_Spearman/chrX_3102934-3103204__chrX_3123638-3124075	RIGHT	chrX:3123638-3124075	chrX	3123638	3124075	FBgn0028369_Spearman/chrX_3102934-3103204__chrX_3123638-3124075/enhancers/chrX_3123638-3124075.fa	437
FBgn0028369_Spearman	FBgn0028369_Spearman/chrX_3102934-3103204__chrX_3124946-3125240	LEFT	chrX:3102934-3103204	chrX	3102934	3103204	FBgn0028369_Spearman/chrX_3102934-3103204__chrX_3124946-3125240/enhancers/chrX_3102934-3103204.fa	270
FBgn0028369_Spearman	FBgn0028369_Spearman/chrX_3102934-3103204__chrX_3124946-3125240	RIGHT	chrX:3124946-3125240	chrX	3124946	3125240	FBgn0028369_Spearman/chrX_3102934-3103204__chrX_3124946-3125240/enhancers/chrX_3124946-3125240.fa	294
FBgn0028369_Spearman	FBgn0028369_Spearman/chrX_3103482-3103682__chrX_3103691-3103945	LEFT	chrX:3103482-3103682	chrX	3103482	3103682	FBgn0028369_Spearman/chrX_3103482-3103682__chrX_3103691-3103945/enhancers/chrX_3103482-3103682.fa	200
FBgn0028369_Spearman	FBgn0028369_Spearman/chrX_3103482-3103682__chrX_3103691-3103945	RIGHT	chrX:3103691-3103945	chrX	3103691	3103945	FBgn0028369_Spearman/chrX_3103482-3103682__chrX_3103691-3103945/enhancers/chrX_3103691-3103945.fa	254
FBgn0028369_Spearman	FBgn0028369_Spearman/chrX_3103482-3103682__chrX_3104146-3104671	LEFT	chrX:3103482-3103682	chrX	3103482	3103682	FBgn0028369_Spearman/chrX_3103482-3103682__chrX_3104146-3104671/enhancers/chrX_3103482-3103682.fa	200
FBgn0028369_Spearman	FBgn0028369_Spearman/chrX_3103482-3103682__chrX_3104146-3104671	RIGHT	chrX:3104146-3104671	chrX	3104146	3104671	FBgn0028369_Spearman/chrX_3103482-3103682__chrX_3104146-3104671/enhancers/chrX_3104146-3104671.fa	525
FBgn0028369_Spearman	FBgn0028369_Spearman/chrX_3103482-3103682__chrX_3123638-3124075	LEFT	chrX:3103482-3103682	chrX	3103482	3103682	FBgn0028369_Spearman/chrX_3103482-3103682__chrX_3123638-3124075/enhancers/chrX_3103482-3103682.fa	200
FBgn0028369_Spearman	FBgn0028369_Spearman/chrX_3103482-3103682__chrX_3123638-3124075	RIGHT	chrX:3123638-3124075	chrX	3123638	3124075	FBgn0028369_Spearman/chrX_3103482-3103682__chrX_3123638-3124075/enhancers/chrX_3123638-3124075.fa	437
FBgn0028369_Spearman	FBgn0028369_Spearman/chrX_3103482-3103682__chrX_3124946-3125240	LEFT	chrX:3103482-3103682	chrX	3103482	3103682	FBgn0028369_Spearman/chrX_3103482-3103682__chrX_3124946-3125240/enhancers/chrX_3103482-3103682.fa	200
FBgn0028369_Spearman	FBgn0028369_Spearman/chrX_3103482-3103682__chrX_3124946-3125240	RIGHT	chrX:3124946-3125240	chrX	3124946	3125240	FBgn0028369_Spearman/chrX_3103482-3103682__chrX_3124946-3125240/enhancers/chrX_3124946-3125240.fa	294
FBgn0028369_Spearman	FBgn0028369_Spearman/chrX_3103691-3103945__chrX_3104146-3104671	LEFT	chrX:3103691-3103945	chrX	3103691	3103945	FBgn0028369_Spearman/chrX_3103691-3103945__chrX_3104146-3104671/enhancers/chrX_3103691-3103945.fa	254
FBgn0028369_Spearman	FBgn0028369_Spearman/chrX_3103691-3103945__chrX_3104146-3104671	RIGHT	chrX:3104146-3104671	chrX	3104146	3104671	FBgn0028369_Spearman/chrX_3103691-3103945__chrX_3104146-3104671/enhancers/chrX_3104146-3104671.fa	525
FBgn0028369_Spearman	FBgn0028369_Spearman/chrX_3103691-3103945__chrX_3123638-3124075	LEFT	chrX:3103691-3103945	chrX	3103691	3103945	FBgn0028369_Spearman/chrX_3103691-3103945__chrX_3123638-3124075/enhancers/chrX_3103691-3103945.fa	254
FBgn0028369_Spearman	FBgn0028369_Spearman/chrX_3103691-3103945__chrX_3123638-3124075	RIGHT	chrX:3123638-3124075	chrX	3123638	3124075	FBgn0028369_Spearman/chrX_3103691-3103945__chrX_3123638-3124075/enhancers/chrX_3123638-3124075.fa	437
FBgn0028369_Spearman	FBgn0028369_Spearman/chrX_3103691-3103945__chrX_3124946-3125240	LEFT	chrX:3103691-3103945	chrX	3103691	3103945	FBgn0028369_Spearman/chrX_3103691-3103945__chrX_3124946-3125240/enhancers/chrX_3103691-3103945.fa	254
FBgn0028369_Spearman	FBgn0028369_Spearman/chrX_3103691-3103945__chrX_3124946-3125240	RIGHT	chrX:3124946-3125240	chrX	3124946	3125240	FBgn0028369_Spearman/chrX_3103691-3103945__chrX_3124946-3125240/enhancers/chrX_3124946-3125240.fa	294
FBgn0028369_Spearman	FBgn0028369_Spearman/chrX_3104146-3104671__chrX_3123638-3124075	LEFT	chrX:3104146-3104671	chrX	3104146	3104671	FBgn0028369_Spearman/chrX_3104146-3104671__chrX_3123638-3124075/enhancers/chrX_3104146-3104671.fa	525
FBgn0028369_Spearman	FBgn0028369_Spearman/chrX_3104146-3104671__chrX_3123638-3124075	RIGHT	chrX:3123638-3124075	chrX	3123638	3124075	FBgn0028369_Spearman/chrX_3104146-3104671__chrX_3123638-3124075/enhancers/chrX_3123638-3124075.fa	437
FBgn0028369_Spearman	FBgn0028369_Spearman/chrX_3104146-3104671__chrX_3124946-3125240	LEFT	chrX:3104146-3104671	chrX	3104146	3104671	FBgn0028369_Spearman/chrX_3104146-3104671__chrX_3124946-3125240/enhancers/chrX_3104146-3104671.fa	525
FBgn0028369_Spearman	FBgn0028369_Spearman/chrX_3104146-3104671__chrX_3124946-3125240	RIGHT	chrX:3124946-3125240	chrX	3124946	3125240	FBgn0028369_Spearman/chrX_3104146-3104671__chrX_3124946-3125240/enhancers/chrX_3124946-3125240.fa	294
FBgn0028369_Spearman	FBgn0028369_Spearman/chrX_3123638-3124075__chrX_3124946-3125240	LEFT	chrX:3123638-3124075	chrX	3123638	3124075	FBgn0028369_Spearman/chrX_3123638-3124075__chrX_3124946-3125240/enhancers/chrX_3123638-3124075.fa	437
FBgn0028369_Spearman	FBgn0028369_Spearman/chrX_3123638-3124075__chrX_3124946-3125240	RIGHT	chrX:3124946-3125240	chrX	3124946	3125240	FBgn0028369_Spearman/chrX_3123638-3124075__chrX_3124946-3125240/enhancers/chrX_3124946-3125240.fa	294
FBgn0029526_Spearman	FBgn0029526_Spearman/chrX_419897-420154__chrX_421493-421767	LEFT	chrX:419897-420154	chrX	419897	420154	FBgn0029526_Spearman/chrX_419897-420154__chrX_421493-421767/enhancers/chrX_419897-420154.fa	257
FBgn0029526_Spearman	FBgn0029526_Spearman/chrX_419897-420154__chrX_421493-421767	RIGHT	chrX:421493-421767	chrX	421493	421767	FBgn0029526_Spearman/chrX_419897-420154__chrX_421493-421767/enhancers/chrX_421493-421767.fa	274
FBgn0029939_Spearman	FBgn0029939_Spearman/chrX_7046483-7046845__chrX_7048274-7048583	LEFT	chrX:7046483-7046845	chrX	7046483	7046845	FBgn0029939_Spearman/chrX_7046483-7046845__chrX_7048274-7048583/enhancers/chrX_7046483-7046845.fa	362
FBgn0029939_Spearman	FBgn0029939_Spearman/chrX_7046483-7046845__chrX_7048274-7048583	RIGHT	chrX:7048274-7048583	chrX	7048274	7048583	FBgn0029939_Spearman/chrX_7046483-7046845__chrX_7048274-7048583/enhancers/chrX_7048274-7048583.fa	309
FBgn0029939_Spearman	FBgn0029939_Spearman/chrX_7046483-7046845__chrX_7140434-7140797	LEFT	chrX:7046483-7046845	chrX	7046483	7046845	FBgn0029939_Spearman/chrX_7046483-7046845__chrX_7140434-7140797/enhancers/chrX_7046483-7046845.fa	362
FBgn0029939_Spearman	FBgn0029939_Spearman/chrX_7046483-7046845__chrX_7140434-7140797	RIGHT	chrX:7140434-7140797	chrX	7140434	7140797	FBgn0029939_Spearman/chrX_7046483-7046845__chrX_7140434-7140797/enhancers/chrX_7140434-7140797.fa	363
FBgn0029939_Spearman	FBgn0029939_Spearman/chrX_7046483-7046845__chrX_7177324-7177678	LEFT	chrX:7046483-7046845	chrX	7046483	7046845	FBgn0029939_Spearman/chrX_7046483-7046845__chrX_7177324-7177678/enhancers/chrX_7046483-7046845.fa	362
FBgn0029939_Spearman	FBgn0029939_Spearman/chrX_7046483-7046845__chrX_7177324-7177678	RIGHT	chrX:7177324-7177678	chrX	7177324	7177678	FBgn0029939_Spearman/chrX_7046483-7046845__chrX_7177324-7177678/enhancers/chrX_7177324-7177678.fa	354
FBgn0029939_Spearman	FBgn0029939_Spearman/chrX_7048274-7048583__chrX_7140434-7140797	LEFT	chrX:7048274-7048583	chrX	7048274	7048583	FBgn0029939_Spearman/chrX_7048274-7048583__chrX_7140434-7140797/enhancers/chrX_7048274-7048583.fa	309
FBgn0029939_Spearman	FBgn0029939_Spearman/chrX_7048274-7048583__chrX_7140434-7140797	RIGHT	chrX:7140434-7140797	chrX	7140434	7140797	FBgn0029939_Spearman/chrX_7048274-7048583__chrX_7140434-7140797/enhancers/chrX_7140434-7140797.fa	363
FBgn0029939_Spearman	FBgn0029939_Spearman/chrX_7048274-7048583__chrX_7177324-7177678	LEFT	chrX:7048274-7048583	chrX	7048274	7048583	FBgn0029939_Spearman/chrX_7048274-7048583__chrX_7177324-7177678/enhancers/chrX_7048274-7048583.fa	309
FBgn0029939_Spearman	FBgn0029939_Spearman/chrX_7048274-7048583__chrX_7177324-7177678	RIGHT	chrX:7177324-7177678	chrX	7177324	7177678	FBgn0029939_Spearman/chrX_7048274-7048583__chrX_7177324-7177678/enhancers/chrX_7177324-7177678.fa	354
FBgn0029939_Spearman	FBgn0029939_Spearman/chrX_7140434-7140797__chrX_7177324-7177678	LEFT	chrX:7140434-7140797	chrX	7140434	7140797	FBgn0029939_Spearman/chrX_7140434-7140797__chrX_7177324-7177678/enhancers/chrX_7140434-7140797.fa	363
FBgn0029939_Spearman	FBgn0029939_Spearman/chrX_7140434-7140797__chrX_7177324-7177678	RIGHT	chrX:7177324-7177678	chrX	7177324	7177678	FBgn0029939_Spearman/chrX_7140434-7140797__chrX_7177324-7177678/enhancers/chrX_7177324-7177678.fa	354
FBgn0030151_Spearman	FBgn0030151_Spearman/chrX_9680427-9680627__chrX_9708888-9709088	LEFT	chrX:9680427-9680627	chrX	9680427	9680627	FBgn0030151_Spearman/chrX_9680427-9680627__chrX_9708888-9709088/enhancers/chrX_9680427-9680627.fa	200
FBgn0030151_Spearman	FBgn0030151_Spearman/chrX_9680427-9680627__chrX_9708888-9709088	RIGHT	chrX:9708888-9709088	chrX	9708888	9709088	FBgn0030151_Spearman/chrX_9680427-9680627__chrX_9708888-9709088/enhancers/chrX_9708888-9709088.fa	200
FBgn0030151_Spearman	FBgn0030151_Spearman/chrX_9680427-9680627__chrX_9709480-9709680	LEFT	chrX:9680427-9680627	chrX	9680427	9680627	FBgn0030151_Spearman/chrX_9680427-9680627__chrX_9709480-9709680/enhancers/chrX_9680427-9680627.fa	200
FBgn0030151_Spearman	FBgn0030151_Spearman/chrX_9680427-9680627__chrX_9709480-9709680	RIGHT	chrX:9709480-9709680	chrX	9709480	9709680	FBgn0030151_Spearman/chrX_9680427-9680627__chrX_9709480-9709680/enhancers/chrX_9709480-9709680.fa	200
FBgn0030151_Spearman	FBgn0030151_Spearman/chrX_9708888-9709088__chrX_9709480-9709680	LEFT	chrX:9708888-9709088	chrX	9708888	9709088	FBgn0030151_Spearman/chrX_9708888-9709088__chrX_9709480-9709680/enhancers/chrX_9708888-9709088.fa	200
FBgn0030151_Spearman	FBgn0030151_Spearman/chrX_9708888-9709088__chrX_9709480-9709680	RIGHT	chrX:9709480-9709680	chrX	9709480	9709680	FBgn0030151_Spearman/chrX_9708888-9709088__chrX_9709480-9709680/enhancers/chrX_9709480-9709680.fa	200
FBgn0030406_Spearman	FBgn0030406_Spearman/chrX_12516060-12516615__chrX_12551912-12552112	LEFT	chrX:12516060-12516615	chrX	12516060	12516615	FBgn0030406_Spearman/chrX_12516060-12516615__chrX_12551912-12552112/enhancers/chrX_12516060-12516615.fa	555
FBgn0030406_Spearman	FBgn0030406_Spearman/chrX_12516060-12516615__chrX_12551912-12552112	RIGHT	chrX:12551912-12552112	chrX	12551912	12552112	FBgn0030406_Spearman/chrX_12516060-12516615__chrX_12551912-12552112/enhancers/chrX_12551912-12552112.fa	200
FBgn0030789_Spearman	FBgn0030789_Spearman/chrX_16749348-16749563__chrX_16752356-16752964	LEFT	chrX:16749348-16749563	chrX	16749348	16749563	FBgn0030789_Spearman/chrX_16749348-16749563__chrX_16752356-16752964/enhancers/chrX_16749348-16749563.fa	215
FBgn0030789_Spearman	FBgn0030789_Spearman/chrX_16749348-16749563__chrX_16752356-16752964	RIGHT	chrX:16752356-16752964	chrX	16752356	16752964	FBgn0030789_Spearman/chrX_16749348-16749563__chrX_16752356-16752964/enhancers/chrX_16752356-16752964.fa	608
FBgn0030900_Spearman	FBgn0030900_Spearman/chrX_18146945-18147372__chrX_18147841-18148227	LEFT	chrX:18146945-18147372	chrX	18146945	18147372	FBgn0030900_Spearman/chrX_18146945-18147372__chrX_18147841-18148227/enhancers/chrX_18146945-18147372.fa	427
FBgn0030900_Spearman	FBgn0030900_Spearman/chrX_18146945-18147372__chrX_18147841-18148227	RIGHT	chrX:18147841-18148227	chrX	18147841	18148227	FBgn0030900_Spearman/chrX_18146945-18147372__chrX_18147841-18148227/enhancers/chrX_18147841-18148227.fa	386
FBgn0030900_Spearman	FBgn0030900_Spearman/chrX_18146945-18147372__chrX_18148950-18149279	LEFT	chrX:18146945-18147372	chrX	18146945	18147372	FBgn0030900_Spearman/chrX_18146945-18147372__chrX_18148950-18149279/enhancers/chrX_18146945-18147372.fa	427
FBgn0030900_Spearman	FBgn0030900_Spearman/chrX_18146945-18147372__chrX_18148950-18149279	RIGHT	chrX:18148950-18149279	chrX	18148950	18149279	FBgn0030900_Spearman/chrX_18146945-18147372__chrX_18148950-18149279/enhancers/chrX_18148950-18149279.fa	329
FBgn0030900_Spearman	FBgn0030900_Spearman/chrX_18147841-18148227__chrX_18148950-18149279	LEFT	chrX:18147841-18148227	chrX	18147841	18148227	FBgn0030900_Spearman/chrX_18147841-18148227__chrX_18148950-18149279/enhancers/chrX_18147841-18148227.fa	386
FBgn0030900_Spearman	FBgn0030900_Spearman/chrX_18147841-18148227__chrX_18148950-18149279	RIGHT	chrX:18148950-18149279	chrX	18148950	18149279	FBgn0030900_Spearman/chrX_18147841-18148227__chrX_18148950-18149279/enhancers/chrX_18148950-18149279.fa	329
FBgn0030955_Spearman	FBgn0030955_Spearman/chrX_18714009-18714209__chrX_18715355-18715555	LEFT	chrX:18714009-18714209	chrX	18714009	18714209	FBgn0030955_Spearman/chrX_18714009-18714209__chrX_18715355-18715555/enhancers/chrX_18714009-18714209.fa	200
FBgn0030955_Spearman	FBgn0030955_Spearman/chrX_18714009-18714209__chrX_18715355-18715555	RIGHT	chrX:18715355-18715555	chrX	18715355	18715555	FBgn0030955_Spearman/chrX_18714009-18714209__chrX_18715355-18715555/enhancers/chrX_18715355-18715555.fa	200
FBgn0030955_Spearman	FBgn0030955_Spearman/chrX_18714009-18714209__chrX_18737813-18738119	LEFT	chrX:18714009-18714209	chrX	18714009	18714209	FBgn0030955_Spearman/chrX_18714009-18714209__chrX_18737813-18738119/enhancers/chrX_18714009-18714209.fa	200
FBgn0030955_Spearman	FBgn0030955_Spearman/chrX_18714009-18714209__chrX_18737813-18738119	RIGHT	chrX:18737813-18738119	chrX	18737813	18738119	FBgn0030955_Spearman/chrX_18714009-18714209__chrX_18737813-18738119/enhancers/chrX_18737813-18738119.fa	306
FBgn0030955_Spearman	FBgn0030955_Spearman/chrX_18715355-18715555__chrX_18737813-18738119	LEFT	chrX:18715355-18715555	chrX	18715355	18715555	FBgn0030955_Spearman/chrX_18715355-18715555__chrX_18737813-18738119/enhancers/chrX_18715355-18715555.fa	200
FBgn0030955_Spearman	FBgn0030955_Spearman/chrX_18715355-18715555__chrX_18737813-18738119	RIGHT	chrX:18737813-18738119	chrX	18737813	18738119	FBgn0030955_Spearman/chrX_18715355-18715555__chrX_18737813-18738119/enhancers/chrX_18737813-18738119.fa	306
FBgn0032487_Spearman	FBgn0032487_Spearman/chr2L_13211918-13212118__chr2L_13215675-13216164	LEFT	chr2L:13211918-13212118	chr2L	13211918	13212118	FBgn0032487_Spearman/chr2L_13211918-13212118__chr2L_13215675-13216164/enhancers/chr2L_13211918-13212118.fa	200
FBgn0032487_Spearman	FBgn0032487_Spearman/chr2L_13211918-13212118__chr2L_13215675-13216164	RIGHT	chr2L:13215675-13216164	chr2L	13215675	13216164	FBgn0032487_Spearman/chr2L_13211918-13212118__chr2L_13215675-13216164/enhancers/chr2L_13215675-13216164.fa	489
FBgn0032487_Spearman	FBgn0032487_Spearman/chr2L_13211918-13212118__chr2L_13225382-13225582	LEFT	chr2L:13211918-13212118	chr2L	13211918	13212118	FBgn0032487_Spearman/chr2L_13211918-13212118__chr2L_13225382-13225582/enhancers/chr2L_13211918-13212118.fa	200
FBgn0032487_Spearman	FBgn0032487_Spearman/chr2L_13211918-13212118__chr2L_13225382-13225582	RIGHT	chr2L:13225382-13225582	chr2L	13225382	13225582	FBgn0032487_Spearman/chr2L_13211918-13212118__chr2L_13225382-13225582/enhancers/chr2L_13225382-13225582.fa	200
FBgn0032487_Spearman	FBgn0032487_Spearman/chr2L_13211918-13212118__chr2L_13229384-13229619	LEFT	chr2L:13211918-13212118	chr2L	13211918	13212118	FBgn0032487_Spearman/chr2L_13211918-13212118__chr2L_13229384-13229619/enhancers/chr2L_13211918-13212118.fa	200
FBgn0032487_Spearman	FBgn0032487_Spearman/chr2L_13211918-13212118__chr2L_13229384-13229619	RIGHT	chr2L:13229384-13229619	chr2L	13229384	13229619	FBgn0032487_Spearman/chr2L_13211918-13212118__chr2L_13229384-13229619/enhancers/chr2L_13229384-13229619.fa	235
FBgn0032487_Spearman	FBgn0032487_Spearman/chr2L_13215675-13216164__chr2L_13225382-13225582	LEFT	chr2L:13215675-13216164	chr2L	13215675	13216164	FBgn0032487_Spearman/chr2L_13215675-13216164__chr2L_13225382-13225582/enhancers/chr2L_13215675-13216164.fa	489
FBgn0032487_Spearman	FBgn0032487_Spearman/chr2L_13215675-13216164__chr2L_13225382-13225582	RIGHT	chr2L:13225382-13225582	chr2L	13225382	13225582	FBgn0032487_Spearman/chr2L_13215675-13216164__chr2L_13225382-13225582/enhancers/chr2L_13225382-13225582.fa	200
FBgn0032487_Spearman	FBgn0032487_Spearman/chr2L_13215675-13216164__chr2L_13229384-13229619	LEFT	chr2L:13215675-13216164	chr2L	13215675	13216164	FBgn0032487_Spearman/chr2L_13215675-13216164__chr2L_13229384-13229619/enhancers/chr2L_13215675-13216164.fa	489
FBgn0032487_Spearman	FBgn0032487_Spearman/chr2L_13215675-13216164__chr2L_13229384-13229619	RIGHT	chr2L:13229384-13229619	chr2L	13229384	13229619	FBgn0032487_Spearman/chr2L_13215675-13216164__chr2L_13229384-13229619/enhancers/chr2L_13229384-13229619.fa	235
FBgn0032487_Spearman	FBgn0032487_Spearman/chr2L_13225382-13225582__chr2L_13229384-13229619	LEFT	chr2L:13225382-13225582	chr2L	13225382	13225582	FBgn0032487_Spearman/chr2L_13225382-13225582__chr2L_13229384-13229619/enhancers/chr2L_13225382-13225582.fa	200
FBgn0032487_Spearman	FBgn0032487_Spearman/chr2L_13225382-13225582__chr2L_13229384-13229619	RIGHT	chr2L:13229384-13229619	chr2L	13229384	13229619	FBgn0032487_Spearman/chr2L_13225382-13225582__chr2L_13229384-13229619/enhancers/chr2L_13229384-13229619.fa	235
FBgn0032724_Spearman	FBgn0032724_Spearman/chr2L_18926370-18926570__chr2L_18972587-18973068	LEFT	chr2L:18926370-18926570	chr2L	18926370	18926570	FBgn0032724_Spearman/chr2L_18926370-18926570__chr2L_18972587-18973068/enhancers/chr2L_18926370-18926570.fa	200
FBgn0032724_Spearman	FBgn0032724_Spearman/chr2L_18926370-18926570__chr2L_18972587-18973068	RIGHT	chr2L:18972587-18973068	chr2L	18972587	18973068	FBgn0032724_Spearman/chr2L_18926370-18926570__chr2L_18972587-18973068/enhancers/chr2L_18972587-18973068.fa	481
FBgn0032961_Spearman	FBgn0032961_Spearman/chr2L_21831155-21831728__chr2L_21835079-21835348	LEFT	chr2L:21831155-21831728	chr2L	21831155	21831728	FBgn0032961_Spearman/chr2L_21831155-21831728__chr2L_21835079-21835348/enhancers/chr2L_21831155-21831728.fa	573
FBgn0032961_Spearman	FBgn0032961_Spearman/chr2L_21831155-21831728__chr2L_21835079-21835348	RIGHT	chr2L:21835079-21835348	chr2L	21835079	21835348	FBgn0032961_Spearman/chr2L_21831155-21831728__chr2L_21835079-21835348/enhancers/chr2L_21835079-21835348.fa	269
FBgn0032961_Spearman	FBgn0032961_Spearman/chr2L_21831155-21831728__chr2L_21835353-21835553	LEFT	chr2L:21831155-21831728	chr2L	21831155	21831728	FBgn0032961_Spearman/chr2L_21831155-21831728__chr2L_21835353-21835553/enhancers/chr2L_21831155-21831728.fa	573
FBgn0032961_Spearman	FBgn0032961_Spearman/chr2L_21831155-21831728__chr2L_21835353-21835553	RIGHT	chr2L:21835353-21835553	chr2L	21835353	21835553	FBgn0032961_Spearman/chr2L_21831155-21831728__chr2L_21835353-21835553/enhancers/chr2L_21835353-21835553.fa	200
FBgn0032961_Spearman	FBgn0032961_Spearman/chr2L_21831155-21831728__chr2L_21836087-21836312	LEFT	chr2L:21831155-21831728	chr2L	21831155	21831728	FBgn0032961_Spearman/chr2L_21831155-21831728__chr2L_21836087-21836312/enhancers/chr2L_21831155-21831728.fa	573
FBgn0032961_Spearman	FBgn0032961_Spearman/chr2L_21831155-21831728__chr2L_21836087-21836312	RIGHT	chr2L:21836087-21836312	chr2L	21836087	21836312	FBgn0032961_Spearman/chr2L_21831155-21831728__chr2L_21836087-21836312/enhancers/chr2L_21836087-21836312.fa	225
FBgn0032961_Spearman	FBgn0032961_Spearman/chr2L_21831155-21831728__chr2L_21839073-21839412	LEFT	chr2L:21831155-21831728	chr2L	21831155	21831728	FBgn0032961_Spearman/chr2L_21831155-21831728__chr2L_21839073-21839412/enhancers/chr2L_21831155-21831728.fa	573
FBgn0032961_Spearman	FBgn0032961_Spearman/chr2L_21831155-21831728__chr2L_21839073-21839412	RIGHT	chr2L:21839073-21839412	chr2L	21839073	21839412	FBgn0032961_Spearman/chr2L_21831155-21831728__chr2L_21839073-21839412/enhancers/chr2L_21839073-21839412.fa	339
FBgn0032961_Spearman	FBgn0032961_Spearman/chr2L_21831155-21831728__chr2L_21840673-21841262	LEFT	chr2L:21831155-21831728	chr2L	21831155	21831728	FBgn0032961_Spearman/chr2L_21831155-21831728__chr2L_21840673-21841262/enhancers/chr2L_21831155-21831728.fa	573
FBgn0032961_Spearman	FBgn0032961_Spearman/chr2L_21831155-21831728__chr2L_21840673-21841262	RIGHT	chr2L:21840673-21841262	chr2L	21840673	21841262	FBgn0032961_Spearman/chr2L_21831155-21831728__chr2L_21840673-21841262/enhancers/chr2L_21840673-21841262.fa	589
FBgn0032961_Spearman	FBgn0032961_Spearman/chr2L_21835079-21835348__chr2L_21835353-21835553	LEFT	chr2L:21835079-21835348	chr2L	21835079	21835348	FBgn0032961_Spearman/chr2L_21835079-21835348__chr2L_21835353-21835553/enhancers/chr2L_21835079-21835348.fa	269
FBgn0032961_Spearman	FBgn0032961_Spearman/chr2L_21835079-21835348__chr2L_21835353-21835553	RIGHT	chr2L:21835353-21835553	chr2L	21835353	21835553	FBgn0032961_Spearman/chr2L_21835079-21835348__chr2L_21835353-21835553/enhancers/chr2L_21835353-21835553.fa	200
FBgn0032961_Spearman	FBgn0032961_Spearman/chr2L_21835079-21835348__chr2L_21836087-21836312	LEFT	chr2L:21835079-21835348	chr2L	21835079	21835348	FBgn0032961_Spearman/chr2L_21835079-21835348__chr2L_21836087-21836312/enhancers/chr2L_21835079-21835348.fa	269
FBgn0032961_Spearman	FBgn0032961_Spearman/chr2L_21835079-21835348__chr2L_21836087-21836312	RIGHT	chr2L:21836087-21836312	chr2L	21836087	21836312	FBgn0032961_Spearman/chr2L_21835079-21835348__chr2L_21836087-21836312/enhancers/chr2L_21836087-21836312.fa	225
FBgn0032961_Spearman	FBgn0032961_Spearman/chr2L_21835079-21835348__chr2L_21839073-21839412	LEFT	chr2L:21835079-21835348	chr2L	21835079	21835348	FBgn0032961_Spearman/chr2L_21835079-21835348__chr2L_21839073-21839412/enhancers/chr2L_21835079-21835348.fa	269
FBgn0032961_Spearman	FBgn0032961_Spearman/chr2L_21835079-21835348__chr2L_21839073-21839412	RIGHT	chr2L:21839073-21839412	chr2L	21839073	21839412	FBgn0032961_Spearman/chr2L_21835079-21835348__chr2L_21839073-21839412/enhancers/chr2L_21839073-21839412.fa	339
FBgn0032961_Spearman	FBgn0032961_Spearman/chr2L_21835079-21835348__chr2L_21840673-21841262	LEFT	chr2L:21835079-21835348	chr2L	21835079	21835348	FBgn0032961_Spearman/chr2L_21835079-21835348__chr2L_21840673-21841262/enhancers/chr2L_21835079-21835348.fa	269
FBgn0032961_Spearman	FBgn0032961_Spearman/chr2L_21835079-21835348__chr2L_21840673-21841262	RIGHT	chr2L:21840673-21841262	chr2L	21840673	21841262	FBgn0032961_Spearman/chr2L_21835079-21835348__chr2L_21840673-21841262/enhancers/chr2L_21840673-21841262.fa	589
FBgn0032961_Spearman	FBgn0032961_Spearman/chr2L_21835353-21835553__chr2L_21836087-21836312	LEFT	chr2L:21835353-21835553	chr2L	21835353	21835553	FBgn0032961_Spearman/chr2L_21835353-21835553__chr2L_21836087-21836312/enhancers/chr2L_21835353-21835553.fa	200
FBgn0032961_Spearman	FBgn0032961_Spearman/chr2L_21835353-21835553__chr2L_21836087-21836312	RIGHT	chr2L:21836087-21836312	chr2L	21836087	21836312	FBgn0032961_Spearman/chr2L_21835353-21835553__chr2L_21836087-21836312/enhancers/chr2L_21836087-21836312.fa	225
FBgn0032961_Spearman	FBgn0032961_Spearman/chr2L_21835353-21835553__chr2L_21839073-21839412	LEFT	chr2L:21835353-21835553	chr2L	21835353	21835553	FBgn0032961_Spearman/chr2L_21835353-21835553__chr2L_21839073-21839412/enhancers/chr2L_21835353-21835553.fa	200
FBgn0032961_Spearman	FBgn0032961_Spearman/chr2L_21835353-21835553__chr2L_21839073-21839412	RIGHT	chr2L:21839073-21839412	chr2L	21839073	21839412	FBgn0032961_Spearman/chr2L_21835353-21835553__chr2L_21839073-21839412/enhancers/chr2L_21839073-21839412.fa	339
FBgn0032961_Spearman	FBgn0032961_Spearman/chr2L_21835353-21835553__chr2L_21840673-21841262	LEFT	chr2L:21835353-21835553	chr2L	21835353	21835553	FBgn0032961_Spearman/chr2L_21835353-21835553__chr2L_21840673-21841262/enhancers/chr2L_21835353-21835553.fa	200
FBgn0032961_Spearman	FBgn0032961_Spearman/chr2L_21835353-21835553__chr2L_21840673-21841262	RIGHT	chr2L:21840673-21841262	chr2L	21840673	21841262	FBgn0032961_Spearman/chr2L_21835353-21835553__chr2L_21840673-21841262/enhancers/chr2L_21840673-21841262.fa	589
FBgn0032961_Spearman	FBgn0032961_Spearman/chr2L_21836087-21836312__chr2L_21839073-21839412	LEFT	chr2L:21836087-21836312	chr2L	21836087	21836312	FBgn0032961_Spearman/chr2L_21836087-21836312__chr2L_21839073-21839412/enhancers/chr2L_21836087-21836312.fa	225
FBgn0032961_Spearman	FBgn0032961_Spearman/chr2L_21836087-21836312__chr2L_21839073-21839412	RIGHT	chr2L:21839073-21839412	chr2L	21839073	21839412	FBgn0032961_Spearman/chr2L_21836087-21836312__chr2L_21839073-21839412/enhancers/chr2L_21839073-21839412.fa	339
FBgn0032961_Spearman	FBgn0032961_Spearman/chr2L_21836087-21836312__chr2L_21840673-21841262	LEFT	chr2L:21836087-21836312	chr2L	21836087	21836312	FBgn0032961_Spearman/chr2L_21836087-21836312__chr2L_21840673-21841262/enhancers/chr2L_21836087-21836312.fa	225
FBgn0032961_Spearman	FBgn0032961_Spearman/chr2L_21836087-21836312__chr2L_21840673-21841262	RIGHT	chr2L:21840673-21841262	chr2L	21840673	21841262	FBgn0032961_Spearman/chr2L_21836087-21836312__chr2L_21840673-21841262/enhancers/chr2L_21840673-21841262.fa	589
FBgn0032961_Spearman	FBgn0032961_Spearman/chr2L_21839073-21839412__chr2L_21840673-21841262	LEFT	chr2L:21839073-21839412	chr2L	21839073	21839412	FBgn0032961_Spearman/chr2L_21839073-21839412__chr2L_21840673-21841262/enhancers/chr2L_21839073-21839412.fa	339
FBgn0032961_Spearman	FBgn0032961_Spearman/chr2L_21839073-21839412__chr2L_21840673-21841262	RIGHT	chr2L:21840673-21841262	chr2L	21840673	21841262	FBgn0032961_Spearman/chr2L_21839073-21839412__chr2L_21840673-21841262/enhancers/chr2L_21840673-21841262.fa	589
FBgn0033179_Spearman	FBgn0033179_Spearman/chr2R_7091539-7091739__chr2R_7110660-7110941	LEFT	chr2R:7091539-7091739	chr2R	7091539	7091739	FBgn0033179_Spearman/chr2R_7091539-7091739__chr2R_7110660-7110941/enhancers/chr2R_7091539-7091739.fa	200
FBgn0033179_Spearman	FBgn0033179_Spearman/chr2R_7091539-7091739__chr2R_7110660-7110941	RIGHT	chr2R:7110660-7110941	chr2R	7110660	7110941	FBgn0033179_Spearman/chr2R_7091539-7091739__chr2R_7110660-7110941/enhancers/chr2R_7110660-7110941.fa	281
FBgn0033179_Spearman	FBgn0033179_Spearman/chr2R_7091539-7091739__chr2R_7112270-7112595	LEFT	chr2R:7091539-7091739	chr2R	7091539	7091739	FBgn0033179_Spearman/chr2R_7091539-7091739__chr2R_7112270-7112595/enhancers/chr2R_7091539-7091739.fa	200
FBgn0033179_Spearman	FBgn0033179_Spearman/chr2R_7091539-7091739__chr2R_7112270-7112595	RIGHT	chr2R:7112270-7112595	chr2R	7112270	7112595	FBgn0033179_Spearman/chr2R_7091539-7091739__chr2R_7112270-7112595/enhancers/chr2R_7112270-7112595.fa	325
FBgn0033179_Spearman	FBgn0033179_Spearman/chr2R_7110660-7110941__chr2R_7112270-7112595	LEFT	chr2R:7110660-7110941	chr2R	7110660	7110941	FBgn0033179_Spearman/chr2R_7110660-7110941__chr2R_7112270-7112595/enhancers/chr2R_7110660-7110941.fa	281
FBgn0033179_Spearman	FBgn0033179_Spearman/chr2R_7110660-7110941__chr2R_7112270-7112595	RIGHT	chr2R:7112270-7112595	chr2R	7112270	7112595	FBgn0033179_Spearman/chr2R_7110660-7110941__chr2R_7112270-7112595/enhancers/chr2R_7112270-7112595.fa	325
FBgn0033310_Spearman	FBgn0033310_Spearman/chr2R_8264126-8264454__chr2R_8266328-8266674	LEFT	chr2R:8264126-8264454	chr2R	8264126	8264454	FBgn0033310_Spearman/chr2R_8264126-8264454__chr2R_8266328-8266674/enhancers/chr2R_8264126-8264454.fa	328
FBgn0033310_Spearman	FBgn0033310_Spearman/chr2R_8264126-8264454__chr2R_8266328-8266674	RIGHT	chr2R:8266328-8266674	chr2R	8266328	8266674	FBgn0033310_Spearman/chr2R_8264126-8264454__chr2R_8266328-8266674/enhancers/chr2R_8266328-8266674.fa	346
FBgn0033426_Spearman	FBgn0033426_Spearman/chr2R_9176883-9177262__chr2R_9178347-9178768	LEFT	chr2R:9176883-9177262	chr2R	9176883	9177262	FBgn0033426_Spearman/chr2R_9176883-9177262__chr2R_9178347-9178768/enhancers/chr2R_9176883-9177262.fa	379
FBgn0033426_Spearman	FBgn0033426_Spearman/chr2R_9176883-9177262__chr2R_9178347-9178768	RIGHT	chr2R:9178347-9178768	chr2R	9178347	9178768	FBgn0033426_Spearman/chr2R_9176883-9177262__chr2R_9178347-9178768/enhancers/chr2R_9178347-9178768.fa	421
FBgn0033454_Spearman	FBgn0033454_Spearman/chr2R_9492171-9492437__chr2R_9492733-9492933	LEFT	chr2R:9492171-9492437	chr2R	9492171	9492437	FBgn0033454_Spearman/chr2R_9492171-9492437__chr2R_9492733-9492933/enhancers/chr2R_9492171-9492437.fa	266
FBgn0033454_Spearman	FBgn0033454_Spearman/chr2R_9492171-9492437__chr2R_9492733-9492933	RIGHT	chr2R:9492733-9492933	chr2R	9492733	9492933	FBgn0033454_Spearman/chr2R_9492171-9492437__chr2R_9492733-9492933/enhancers/chr2R_9492733-9492933.fa	200
FBgn0034072_Spearman	FBgn0034072_Spearman/chr2R_15720559-15720844__chr2R_15757455-15757986	LEFT	chr2R:15720559-15720844	chr2R	15720559	15720844	FBgn0034072_Spearman/chr2R_15720559-15720844__chr2R_15757455-15757986/enhancers/chr2R_15720559-15720844.fa	285
FBgn0034072_Spearman	FBgn0034072_Spearman/chr2R_15720559-15720844__chr2R_15757455-15757986	RIGHT	chr2R:15757455-15757986	chr2R	15757455	15757986	FBgn0034072_Spearman/chr2R_15720559-15720844__chr2R_15757455-15757986/enhancers/chr2R_15757455-15757986.fa	531
FBgn0034723_Spearman	FBgn0034723_Spearman/chr2R_22018043-22018243__chr2R_22028414-22028775	LEFT	chr2R:22018043-22018243	chr2R	22018043	22018243	FBgn0034723_Spearman/chr2R_22018043-22018243__chr2R_22028414-22028775/enhancers/chr2R_22018043-22018243.fa	200
FBgn0034723_Spearman	FBgn0034723_Spearman/chr2R_22018043-22018243__chr2R_22028414-22028775	RIGHT	chr2R:22028414-22028775	chr2R	22028414	22028775	FBgn0034723_Spearman/chr2R_22018043-22018243__chr2R_22028414-22028775/enhancers/chr2R_22028414-22028775.fa	361
FBgn0035153_Spearman	FBgn0035153_Spearman/chr3L_663582-663782__chr3L_668956-669192	LEFT	chr3L:663582-663782	chr3L	663582	663782	FBgn0035153_Spearman/chr3L_663582-663782__chr3L_668956-669192/enhancers/chr3L_663582-663782.fa	200
FBgn0035153_Spearman	FBgn0035153_Spearman/chr3L_663582-663782__chr3L_668956-669192	RIGHT	chr3L:668956-669192	chr3L	668956	669192	FBgn0035153_Spearman/chr3L_663582-663782__chr3L_668956-669192/enhancers/chr3L_668956-669192.fa	236
FBgn0035335_Spearman	FBgn0035335_Spearman/chr3L_2363266-2363496__chr3L_2402613-2402864	LEFT	chr3L:2363266-2363496	chr3L	2363266	2363496	FBgn0035335_Spearman/chr3L_2363266-2363496__chr3L_2402613-2402864/enhancers/chr3L_2363266-2363496.fa	230
FBgn0035335_Spearman	FBgn0035335_Spearman/chr3L_2363266-2363496__chr3L_2402613-2402864	RIGHT	chr3L:2402613-2402864	chr3L	2402613	2402864	FBgn0035335_Spearman/chr3L_2363266-2363496__chr3L_2402613-2402864/enhancers/chr3L_2402613-2402864.fa	251
FBgn0035656_Spearman	FBgn0035656_Spearman/chr3L_5956989-5957371__chr3L_5961714-5961914	LEFT	chr3L:5956989-5957371	chr3L	5956989	5957371	FBgn0035656_Spearman/chr3L_5956989-5957371__chr3L_5961714-5961914/enhancers/chr3L_5956989-5957371.fa	382
FBgn0035656_Spearman	FBgn0035656_Spearman/chr3L_5956989-5957371__chr3L_5961714-5961914	RIGHT	chr3L:5961714-5961914	chr3L	5961714	5961914	FBgn0035656_Spearman/chr3L_5956989-5957371__chr3L_5961714-5961914/enhancers/chr3L_5961714-5961914.fa	200
FBgn0035656_Spearman	FBgn0035656_Spearman/chr3L_5956989-5957371__chr3L_5963004-5963247	LEFT	chr3L:5956989-5957371	chr3L	5956989	5957371	FBgn0035656_Spearman/chr3L_5956989-5957371__chr3L_5963004-5963247/enhancers/chr3L_5956989-5957371.fa	382
FBgn0035656_Spearman	FBgn0035656_Spearman/chr3L_5956989-5957371__chr3L_5963004-5963247	RIGHT	chr3L:5963004-5963247	chr3L	5963004	5963247	FBgn0035656_Spearman/chr3L_5956989-5957371__chr3L_5963004-5963247/enhancers/chr3L_5963004-5963247.fa	243
FBgn0035656_Spearman	FBgn0035656_Spearman/chr3L_5956989-5957371__chr3L_5969720-5970091	LEFT	chr3L:5956989-5957371	chr3L	5956989	5957371	FBgn0035656_Spearman/chr3L_5956989-5957371__chr3L_5969720-5970091/enhancers/chr3L_5956989-5957371.fa	382
FBgn0035656_Spearman	FBgn0035656_Spearman/chr3L_5956989-5957371__chr3L_5969720-5970091	RIGHT	chr3L:5969720-5970091	chr3L	5969720	5970091	FBgn0035656_Spearman/chr3L_5956989-5957371__chr3L_5969720-5970091/enhancers/chr3L_5969720-5970091.fa	371
FBgn0035656_Spearman	FBgn0035656_Spearman/chr3L_5956989-5957371__chr3L_5973866-5974081	LEFT	chr3L:5956989-5957371	chr3L	5956989	5957371	FBgn0035656_Spearman/chr3L_5956989-5957371__chr3L_5973866-5974081/enhancers/chr3L_5956989-5957371.fa	382
FBgn0035656_Spearman	FBgn0035656_Spearman/chr3L_5956989-5957371__chr3L_5973866-5974081	RIGHT	chr3L:5973866-5974081	chr3L	5973866	5974081	FBgn0035656_Spearman/chr3L_5956989-5957371__chr3L_5973866-5974081/enhancers/chr3L_5973866-5974081.fa	215
FBgn0035656_Spearman	FBgn0035656_Spearman/chr3L_5956989-5957371__chr3L_5974676-5975048	LEFT	chr3L:5956989-5957371	chr3L	5956989	5957371	FBgn0035656_Spearman/chr3L_5956989-5957371__chr3L_5974676-5975048/enhancers/chr3L_5956989-5957371.fa	382
FBgn0035656_Spearman	FBgn0035656_Spearman/chr3L_5956989-5957371__chr3L_5974676-5975048	RIGHT	chr3L:5974676-5975048	chr3L	5974676	5975048	FBgn0035656_Spearman/chr3L_5956989-5957371__chr3L_5974676-5975048/enhancers/chr3L_5974676-5975048.fa	372
FBgn0035656_Spearman	FBgn0035656_Spearman/chr3L_5956989-5957371__chr3L_5975471-5975750	LEFT	chr3L:5956989-5957371	chr3L	5956989	5957371	FBgn0035656_Spearman/chr3L_5956989-5957371__chr3L_5975471-5975750/enhancers/chr3L_5956989-5957371.fa	382
FBgn0035656_Spearman	FBgn0035656_Spearman/chr3L_5956989-5957371__chr3L_5975471-5975750	RIGHT	chr3L:5975471-5975750	chr3L	5975471	5975750	FBgn0035656_Spearman/chr3L_5956989-5957371__chr3L_5975471-5975750/enhancers/chr3L_5975471-5975750.fa	279
FBgn0035656_Spearman	FBgn0035656_Spearman/chr3L_5956989-5957371__chr3L_5977448-5977703	LEFT	chr3L:5956989-5957371	chr3L	5956989	5957371	FBgn0035656_Spearman/chr3L_5956989-5957371__chr3L_5977448-5977703/enhancers/chr3L_5956989-5957371.fa	382
FBgn0035656_Spearman	FBgn0035656_Spearman/chr3L_5956989-5957371__chr3L_5977448-5977703	RIGHT	chr3L:5977448-5977703	chr3L	5977448	5977703	FBgn0035656_Spearman/chr3L_5956989-5957371__chr3L_5977448-5977703/enhancers/chr3L_5977448-5977703.fa	255
FBgn0035656_Spearman	FBgn0035656_Spearman/chr3L_5956989-5957371__chr3L_5982072-5982272	LEFT	chr3L:5956989-5957371	chr3L	5956989	5957371	FBgn0035656_Spearman/chr3L_5956989-5957371__chr3L_5982072-5982272/enhancers/chr3L_5956989-5957371.fa	382
FBgn0035656_Spearman	FBgn0035656_Spearman/chr3L_5956989-5957371__chr3L_5982072-5982272	RIGHT	chr3L:5982072-5982272	chr3L	5982072	5982272	FBgn0035656_Spearman/chr3L_5956989-5957371__chr3L_5982072-5982272/enhancers/chr3L_5982072-5982272.fa	200
FBgn0035656_Spearman	FBgn0035656_Spearman/chr3L_5961714-5961914__chr3L_5963004-5963247	LEFT	chr3L:5961714-5961914	chr3L	5961714	5961914	FBgn0035656_Spearman/chr3L_5961714-5961914__chr3L_5963004-5963247/enhancers/chr3L_5961714-5961914.fa	200
FBgn0035656_Spearman	FBgn0035656_Spearman/chr3L_5961714-5961914__chr3L_5963004-5963247	RIGHT	chr3L:5963004-5963247	chr3L	5963004	5963247	FBgn0035656_Spearman/chr3L_5961714-5961914__chr3L_5963004-5963247/enhancers/chr3L_5963004-5963247.fa	243
FBgn0035656_Spearman	FBgn0035656_Spearman/chr3L_5961714-5961914__chr3L_5969720-5970091	LEFT	chr3L:5961714-5961914	chr3L	5961714	5961914	FBgn0035656_Spearman/chr3L_5961714-5961914__chr3L_5969720-5970091/enhancers/chr3L_5961714-5961914.fa	200
FBgn0035656_Spearman	FBgn0035656_Spearman/chr3L_5961714-5961914__chr3L_5969720-5970091	RIGHT	chr3L:5969720-5970091	chr3L	5969720	5970091	FBgn0035656_Spearman/chr3L_5961714-5961914__chr3L_5969720-5970091/enhancers/chr3L_5969720-5970091.fa	371
FBgn0035656_Spearman	FBgn0035656_Spearman/chr3L_5961714-5961914__chr3L_5973866-5974081	LEFT	chr3L:5961714-5961914	chr3L	5961714	5961914	FBgn0035656_Spearman/chr3L_5961714-5961914__chr3L_5973866-5974081/enhancers/chr3L_5961714-5961914.fa	200
FBgn0035656_Spearman	FBgn0035656_Spearman/chr3L_5961714-5961914__chr3L_5973866-5974081	RIGHT	chr3L:5973866-5974081	chr3L	5973866	5974081	FBgn0035656_Spearman/chr3L_5961714-5961914__chr3L_5973866-5974081/enhancers/chr3L_5973866-5974081.fa	215
FBgn0035656_Spearman	FBgn0035656_Spearman/chr3L_5961714-5961914__chr3L_5974676-5975048	LEFT	chr3L:5961714-5961914	chr3L	5961714	5961914	FBgn0035656_Spearman/chr3L_5961714-5961914__chr3L_5974676-5975048/enhancers/chr3L_5961714-5961914.fa	200
FBgn0035656_Spearman	FBgn0035656_Spearman/chr3L_5961714-5961914__chr3L_5974676-5975048	RIGHT	chr3L:5974676-5975048	chr3L	5974676	5975048	FBgn0035656_Spearman/chr3L_5961714-5961914__chr3L_5974676-5975048/enhancers/chr3L_5974676-5975048.fa	372
FBgn0035656_Spearman	FBgn0035656_Spearman/chr3L_5961714-5961914__chr3L_5975471-5975750	LEFT	chr3L:5961714-5961914	chr3L	5961714	5961914	FBgn0035656_Spearman/chr3L_5961714-5961914__chr3L_5975471-5975750/enhancers/chr3L_5961714-5961914.fa	200
FBgn0035656_Spearman	FBgn0035656_Spearman/chr3L_5961714-5961914__chr3L_5975471-5975750	RIGHT	chr3L:5975471-5975750	chr3L	5975471	5975750	FBgn0035656_Spearman/chr3L_5961714-5961914__chr3L_5975471-5975750/enhancers/chr3L_5975471-5975750.fa	279
FBgn0035656_Spearman	FBgn0035656_Spearman/chr3L_5961714-5961914__chr3L_5977448-5977703	LEFT	chr3L:5961714-5961914	chr3L	5961714	5961914	FBgn0035656_Spearman/chr3L_5961714-5961914__chr3L_5977448-5977703/enhancers/chr3L_5961714-5961914.fa	200
FBgn0035656_Spearman	FBgn0035656_Spearman/chr3L_5961714-5961914__chr3L_5977448-5977703	RIGHT	chr3L:5977448-5977703	chr3L	5977448	5977703	FBgn0035656_Spearman/chr3L_5961714-5961914__chr3L_5977448-5977703/enhancers/chr3L_5977448-5977703.fa	255
FBgn0035656_Spearman	FBgn0035656_Spearman/chr3L_5961714-5961914__chr3L_5982072-5982272	LEFT	chr3L:5961714-5961914	chr3L	5961714	5961914	FBgn0035656_Spearman/chr3L_5961714-5961914__chr3L_5982072-5982272/enhancers/chr3L_5961714-5961914.fa	200
FBgn0035656_Spearman	FBgn0035656_Spearman/chr3L_5961714-5961914__chr3L_5982072-5982272	RIGHT	chr3L:5982072-5982272	chr3L	5982072	5982272	FBgn0035656_Spearman/chr3L_5961714-5961914__chr3L_5982072-5982272/enhancers/chr3L_5982072-5982272.fa	200
FBgn0035656_Spearman	FBgn0035656_Spearman/chr3L_5963004-5963247__chr3L_5969720-5970091	LEFT	chr3L:5963004-5963247	chr3L	5963004	5963247	FBgn0035656_Spearman/chr3L_5963004-5963247__chr3L_5969720-5970091/enhancers/chr3L_5963004-5963247.fa	243
FBgn0035656_Spearman	FBgn0035656_Spearman/chr3L_5963004-5963247__chr3L_5969720-5970091	RIGHT	chr3L:5969720-5970091	chr3L	5969720	5970091	FBgn0035656_Spearman/chr3L_5963004-5963247__chr3L_5969720-5970091/enhancers/chr3L_5969720-5970091.fa	371
FBgn0035656_Spearman	FBgn0035656_Spearman/chr3L_5963004-5963247__chr3L_5973866-5974081	LEFT	chr3L:5963004-5963247	chr3L	5963004	5963247	FBgn0035656_Spearman/chr3L_5963004-5963247__chr3L_5973866-5974081/enhancers/chr3L_5963004-5963247.fa	243
FBgn0035656_Spearman	FBgn0035656_Spearman/chr3L_5963004-5963247__chr3L_5973866-5974081	RIGHT	chr3L:5973866-5974081	chr3L	5973866	5974081	FBgn0035656_Spearman/chr3L_5963004-5963247__chr3L_5973866-5974081/enhancers/chr3L_5973866-5974081.fa	215
FBgn0035656_Spearman	FBgn0035656_Spearman/chr3L_5963004-5963247__chr3L_5974676-5975048	LEFT	chr3L:5963004-5963247	chr3L	5963004	5963247	FBgn0035656_Spearman/chr3L_5963004-5963247__chr3L_5974676-5975048/enhancers/chr3L_5963004-5963247.fa	243
FBgn0035656_Spearman	FBgn0035656_Spearman/chr3L_5963004-5963247__chr3L_5974676-5975048	RIGHT	chr3L:5974676-5975048	chr3L	5974676	5975048	FBgn0035656_Spearman/chr3L_5963004-5963247__chr3L_5974676-5975048/enhancers/chr3L_5974676-5975048.fa	372
FBgn0035656_Spearman	FBgn0035656_Spearman/chr3L_5963004-5963247__chr3L_5975471-5975750	LEFT	chr3L:5963004-5963247	chr3L	5963004	5963247	FBgn0035656_Spearman/chr3L_5963004-5963247__chr3L_5975471-5975750/enhancers/chr3L_5963004-5963247.fa	243
FBgn0035656_Spearman	FBgn0035656_Spearman/chr3L_5963004-5963247__chr3L_5975471-5975750	RIGHT	chr3L:5975471-5975750	chr3L	5975471	5975750	FBgn0035656_Spearman/chr3L_5963004-5963247__chr3L_5975471-5975750/enhancers/chr3L_5975471-5975750.fa	279
FBgn0035656_Spearman	FBgn0035656_Spearman/chr3L_5963004-5963247__chr3L_5977448-5977703	LEFT	chr3L:5963004-5963247	chr3L	5963004	5963247	FBgn0035656_Spearman/chr3L_5963004-5963247__chr3L_5977448-5977703/enhancers/chr3L_5963004-5963247.fa	243
FBgn0035656_Spearman	FBgn0035656_Spearman/chr3L_5963004-5963247__chr3L_5977448-5977703	RIGHT	chr3L:5977448-5977703	chr3L	5977448	5977703	FBgn0035656_Spearman/chr3L_5963004-5963247__chr3L_5977448-5977703/enhancers/chr3L_5977448-5977703.fa	255
FBgn0035656_Spearman	FBgn0035656_Spearman/chr3L_5963004-5963247__chr3L_5982072-5982272	LEFT	chr3L:5963004-5963247	chr3L	5963004	5963247	FBgn0035656_Spearman/chr3L_5963004-5963247__chr3L_5982072-5982272/enhancers/chr3L_5963004-5963247.fa	243
FBgn0035656_Spearman	FBgn0035656_Spearman/chr3L_5963004-5963247__chr3L_5982072-5982272	RIGHT	chr3L:5982072-5982272	chr3L	5982072	5982272	FBgn0035656_Spearman/chr3L_5963004-5963247__chr3L_5982072-5982272/enhancers/chr3L_5982072-5982272.fa	200
FBgn0035656_Spearman	FBgn0035656_Spearman/chr3L_5969720-5970091__chr3L_5973866-5974081	LEFT	chr3L:5969720-5970091	chr3L	5969720	5970091	FBgn0035656_Spearman/chr3L_5969720-5970091__chr3L_5973866-5974081/enhancers/chr3L_5969720-5970091.fa	371
FBgn0035656_Spearman	FBgn0035656_Spearman/chr3L_5969720-5970091__chr3L_5973866-5974081	RIGHT	chr3L:5973866-5974081	chr3L	5973866	5974081	FBgn0035656_Spearman/chr3L_5969720-5970091__chr3L_5973866-5974081/enhancers/chr3L_5973866-5974081.fa	215
FBgn0035656_Spearman	FBgn0035656_Spearman/chr3L_5969720-5970091__chr3L_5974676-5975048	LEFT	chr3L:5969720-5970091	chr3L	5969720	5970091	FBgn0035656_Spearman/chr3L_5969720-5970091__chr3L_5974676-5975048/enhancers/chr3L_5969720-5970091.fa	371
FBgn0035656_Spearman	FBgn0035656_Spearman/chr3L_5969720-5970091__chr3L_5974676-5975048	RIGHT	chr3L:5974676-5975048	chr3L	5974676	5975048	FBgn0035656_Spearman/chr3L_5969720-5970091__chr3L_5974676-5975048/enhancers/chr3L_5974676-5975048.fa	372
FBgn0035656_Spearman	FBgn0035656_Spearman/chr3L_5969720-5970091__chr3L_5975471-5975750	LEFT	chr3L:5969720-5970091	chr3L	5969720	5970091	FBgn0035656_Spearman/chr3L_5969720-5970091__chr3L_5975471-5975750/enhancers/chr3L_5969720-5970091.fa	371
FBgn0035656_Spearman	FBgn0035656_Spearman/chr3L_5969720-5970091__chr3L_5975471-5975750	RIGHT	chr3L:5975471-5975750	chr3L	5975471	5975750	FBgn0035656_Spearman/chr3L_5969720-5970091__chr3L_5975471-5975750/enhancers/chr3L_5975471-5975750.fa	279
FBgn0035656_Spearman	FBgn0035656_Spearman/chr3L_5969720-5970091__chr3L_5977448-5977703	LEFT	chr3L:5969720-5970091	chr3L	5969720	5970091	FBgn0035656_Spearman/chr3L_5969720-5970091__chr3L_5977448-5977703/enhancers/chr3L_5969720-5970091.fa	371
FBgn0035656_Spearman	FBgn0035656_Spearman/chr3L_5969720-5970091__chr3L_5977448-5977703	RIGHT	chr3L:5977448-5977703	chr3L	5977448	5977703	FBgn0035656_Spearman/chr3L_5969720-5970091__chr3L_5977448-5977703/enhancers/chr3L_5977448-5977703.fa	255
FBgn0035656_Spearman	FBgn0035656_Spearman/chr3L_5969720-5970091__chr3L_5982072-5982272	LEFT	chr3L:5969720-5970091	chr3L	5969720	5970091	FBgn0035656_Spearman/chr3L_5969720-5970091__chr3L_5982072-5982272/enhancers/chr3L_5969720-5970091.fa	371
FBgn0035656_Spearman	FBgn0035656_Spearman/chr3L_5969720-5970091__chr3L_5982072-5982272	RIGHT	chr3L:5982072-5982272	chr3L	5982072	5982272	FBgn0035656_Spearman/chr3L_5969720-5970091__chr3L_5982072-5982272/enhancers/chr3L_5982072-5982272.fa	200
FBgn0035656_Spearman	FBgn0035656_Spearman/chr3L_5973866-5974081__chr3L_5974676-5975048	LEFT	chr3L:5973866-5974081	chr3L	5973866	5974081	FBgn0035656_Spearman/chr3L_5973866-5974081__chr3L_5974676-5975048/enhancers/chr3L_5973866-5974081.fa	215
FBgn0035656_Spearman	FBgn0035656_Spearman/chr3L_5973866-5974081__chr3L_5974676-5975048	RIGHT	chr3L:5974676-5975048	chr3L	5974676	5975048	FBgn0035656_Spearman/chr3L_5973866-5974081__chr3L_5974676-5975048/enhancers/chr3L_5974676-5975048.fa	372
FBgn0035656_Spearman	FBgn0035656_Spearman/chr3L_5973866-5974081__chr3L_5975471-5975750	LEFT	chr3L:5973866-5974081	chr3L	5973866	5974081	FBgn0035656_Spearman/chr3L_5973866-5974081__chr3L_5975471-5975750/enhancers/chr3L_5973866-5974081.fa	215
FBgn0035656_Spearman	FBgn0035656_Spearman/chr3L_5973866-5974081__chr3L_5975471-5975750	RIGHT	chr3L:5975471-5975750	chr3L	5975471	5975750	FBgn0035656_Spearman/chr3L_5973866-5974081__chr3L_5975471-5975750/enhancers/chr3L_5975471-5975750.fa	279
FBgn0035656_Spearman	FBgn0035656_Spearman/chr3L_5973866-5974081__chr3L_5977448-5977703	LEFT	chr3L:5973866-5974081	chr3L	5973866	5974081	FBgn0035656_Spearman/chr3L_5973866-5974081__chr3L_5977448-5977703/enhancers/chr3L_5973866-5974081.fa	215
FBgn0035656_Spearman	FBgn0035656_Spearman/chr3L_5973866-5974081__chr3L_5977448-5977703	RIGHT	chr3L:5977448-5977703	chr3L	5977448	5977703	FBgn0035656_Spearman/chr3L_5973866-5974081__chr3L_5977448-5977703/enhancers/chr3L_5977448-5977703.fa	255
FBgn0035656_Spearman	FBgn0035656_Spearman/chr3L_5973866-5974081__chr3L_5982072-5982272	LEFT	chr3L:5973866-5974081	chr3L	5973866	5974081	FBgn0035656_Spearman/chr3L_5973866-5974081__chr3L_5982072-5982272/enhancers/chr3L_5973866-5974081.fa	215
FBgn0035656_Spearman	FBgn0035656_Spearman/chr3L_5973866-5974081__chr3L_5982072-5982272	RIGHT	chr3L:5982072-5982272	chr3L	5982072	5982272	FBgn0035656_Spearman/chr3L_5973866-5974081__chr3L_5982072-5982272/enhancers/chr3L_5982072-5982272.fa	200
FBgn0035656_Spearman	FBgn0035656_Spearman/chr3L_5974676-5975048__chr3L_5975471-5975750	LEFT	chr3L:5974676-5975048	chr3L	5974676	5975048	FBgn0035656_Spearman/chr3L_5974676-5975048__chr3L_5975471-5975750/enhancers/chr3L_5974676-5975048.fa	372
FBgn0035656_Spearman	FBgn0035656_Spearman/chr3L_5974676-5975048__chr3L_5975471-5975750	RIGHT	chr3L:5975471-5975750	chr3L	5975471	5975750	FBgn0035656_Spearman/chr3L_5974676-5975048__chr3L_5975471-5975750/enhancers/chr3L_5975471-5975750.fa	279
FBgn0035656_Spearman	FBgn0035656_Spearman/chr3L_5974676-5975048__chr3L_5977448-5977703	LEFT	chr3L:5974676-5975048	chr3L	5974676	5975048	FBgn0035656_Spearman/chr3L_5974676-5975048__chr3L_5977448-5977703/enhancers/chr3L_5974676-5975048.fa	372
FBgn0035656_Spearman	FBgn0035656_Spearman/chr3L_5974676-5975048__chr3L_5977448-5977703	RIGHT	chr3L:5977448-5977703	chr3L	5977448	5977703	FBgn0035656_Spearman/chr3L_5974676-5975048__chr3L_5977448-5977703/enhancers/chr3L_5977448-5977703.fa	255
FBgn0035656_Spearman	FBgn0035656_Spearman/chr3L_5974676-5975048__chr3L_5982072-5982272	LEFT	chr3L:5974676-5975048	chr3L	5974676	5975048	FBgn0035656_Spearman/chr3L_5974676-5975048__chr3L_5982072-5982272/enhancers/chr3L_5974676-5975048.fa	372
FBgn0035656_Spearman	FBgn0035656_Spearman/chr3L_5974676-5975048__chr3L_5982072-5982272	RIGHT	chr3L:5982072-5982272	chr3L	5982072	5982272	FBgn0035656_Spearman/chr3L_5974676-5975048__chr3L_5982072-5982272/enhancers/chr3L_5982072-5982272.fa	200
FBgn0035656_Spearman	FBgn0035656_Spearman/chr3L_5975471-5975750__chr3L_5977448-5977703	LEFT	chr3L:5975471-5975750	chr3L	5975471	5975750	FBgn0035656_Spearman/chr3L_5975471-5975750__chr3L_5977448-5977703/enhancers/chr3L_5975471-5975750.fa	279
FBgn0035656_Spearman	FBgn0035656_Spearman/chr3L_5975471-5975750__chr3L_5977448-5977703	RIGHT	chr3L:5977448-5977703	chr3L	5977448	5977703	FBgn0035656_Spearman/chr3L_5975471-5975750__chr3L_5977448-5977703/enhancers/chr3L_5977448-5977703.fa	255
FBgn0035656_Spearman	FBgn0035656_Spearman/chr3L_5975471-5975750__chr3L_5982072-5982272	LEFT	chr3L:5975471-5975750	chr3L	5975471	5975750	FBgn0035656_Spearman/chr3L_5975471-5975750__chr3L_5982072-5982272/enhancers/chr3L_5975471-5975750.fa	279
FBgn0035656_Spearman	FBgn0035656_Spearman/chr3L_5975471-5975750__chr3L_5982072-5982272	RIGHT	chr3L:5982072-5982272	chr3L	5982072	5982272	FBgn0035656_Spearman/chr3L_5975471-5975750__chr3L_5982072-5982272/enhancers/chr3L_5982072-5982272.fa	200
FBgn0035656_Spearman	FBgn0035656_Spearman/chr3L_5977448-5977703__chr3L_5982072-5982272	LEFT	chr3L:5977448-5977703	chr3L	5977448	5977703	FBgn0035656_Spearman/chr3L_5977448-5977703__chr3L_5982072-5982272/enhancers/chr3L_5977448-5977703.fa	255
FBgn0035656_Spearman	FBgn0035656_Spearman/chr3L_5977448-5977703__chr3L_5982072-5982272	RIGHT	chr3L:5982072-5982272	chr3L	5982072	5982272	FBgn0035656_Spearman/chr3L_5977448-5977703__chr3L_5982072-5982272/enhancers/chr3L_5982072-5982272.fa	200
FBgn0035956_Spearman	FBgn0035956_Spearman/chr3L_8984193-8984856__chr3L_8994546-8994994	LEFT	chr3L:8984193-8984856	chr3L	8984193	8984856	FBgn0035956_Spearman/chr3L_8984193-8984856__chr3L_8994546-8994994/enhancers/chr3L_8984193-8984856.fa	663
FBgn0035956_Spearman	FBgn0035956_Spearman/chr3L_8984193-8984856__chr3L_8994546-8994994	RIGHT	chr3L:8994546-8994994	chr3L	8994546	8994994	FBgn0035956_Spearman/chr3L_8984193-8984856__chr3L_8994546-8994994/enhancers/chr3L_8994546-8994994.fa	448
FBgn0035956_Spearman	FBgn0035956_Spearman/chr3L_8984193-8984856__chr3L_9010205-9010405	LEFT	chr3L:8984193-8984856	chr3L	8984193	8984856	FBgn0035956_Spearman/chr3L_8984193-8984856__chr3L_9010205-9010405/enhancers/chr3L_8984193-8984856.fa	663
FBgn0035956_Spearman	FBgn0035956_Spearman/chr3L_8984193-8984856__chr3L_9010205-9010405	RIGHT	chr3L:9010205-9010405	chr3L	9010205	9010405	FBgn0035956_Spearman/chr3L_8984193-8984856__chr3L_9010205-9010405/enhancers/chr3L_9010205-9010405.fa	200
FBgn0035956_Spearman	FBgn0035956_Spearman/chr3L_8984193-8984856__chr3L_9010490-9010720	LEFT	chr3L:8984193-8984856	chr3L	8984193	8984856	FBgn0035956_Spearman/chr3L_8984193-8984856__chr3L_9010490-9010720/enhancers/chr3L_8984193-8984856.fa	663
FBgn0035956_Spearman	FBgn0035956_Spearman/chr3L_8984193-8984856__chr3L_9010490-9010720	RIGHT	chr3L:9010490-9010720	chr3L	9010490	9010720	FBgn0035956_Spearman/chr3L_8984193-8984856__chr3L_9010490-9010720/enhancers/chr3L_9010490-9010720.fa	230
FBgn0035956_Spearman	FBgn0035956_Spearman/chr3L_8984193-8984856__chr3L_9023155-9023452	LEFT	chr3L:8984193-8984856	chr3L	8984193	8984856	FBgn0035956_Spearman/chr3L_8984193-8984856__chr3L_9023155-9023452/enhancers/chr3L_8984193-8984856.fa	663
FBgn0035956_Spearman	FBgn0035956_Spearman/chr3L_8984193-8984856__chr3L_9023155-9023452	RIGHT	chr3L:9023155-9023452	chr3L	9023155	9023452	FBgn0035956_Spearman/chr3L_8984193-8984856__chr3L_9023155-9023452/enhancers/chr3L_9023155-9023452.fa	297
FBgn0035956_Spearman	FBgn0035956_Spearman/chr3L_8984193-8984856__chr3L_9024467-9024945	LEFT	chr3L:8984193-8984856	chr3L	8984193	8984856	FBgn0035956_Spearman/chr3L_8984193-8984856__chr3L_9024467-9024945/enhancers/chr3L_8984193-8984856.fa	663
FBgn0035956_Spearman	FBgn0035956_Spearman/chr3L_8984193-8984856__chr3L_9024467-9024945	RIGHT	chr3L:9024467-9024945	chr3L	9024467	9024945	FBgn0035956_Spearman/chr3L_8984193-8984856__chr3L_9024467-9024945/enhancers/chr3L_9024467-9024945.fa	478
FBgn0035956_Spearman	FBgn0035956_Spearman/chr3L_8994546-8994994__chr3L_9010205-9010405	LEFT	chr3L:8994546-8994994	chr3L	8994546	8994994	FBgn0035956_Spearman/chr3L_8994546-8994994__chr3L_9010205-9010405/enhancers/chr3L_8994546-8994994.fa	448
FBgn0035956_Spearman	FBgn0035956_Spearman/chr3L_8994546-8994994__chr3L_9010205-9010405	RIGHT	chr3L:9010205-9010405	chr3L	9010205	9010405	FBgn0035956_Spearman/chr3L_8994546-8994994__chr3L_9010205-9010405/enhancers/chr3L_9010205-9010405.fa	200
FBgn0035956_Spearman	FBgn0035956_Spearman/chr3L_8994546-8994994__chr3L_9010490-9010720	LEFT	chr3L:8994546-8994994	chr3L	8994546	8994994	FBgn0035956_Spearman/chr3L_8994546-8994994__chr3L_9010490-9010720/enhancers/chr3L_8994546-8994994.fa	448
FBgn0035956_Spearman	FBgn0035956_Spearman/chr3L_8994546-8994994__chr3L_9010490-9010720	RIGHT	chr3L:9010490-9010720	chr3L	9010490	9010720	FBgn0035956_Spearman/chr3L_8994546-8994994__chr3L_9010490-9010720/enhancers/chr3L_9010490-9010720.fa	230
FBgn0035956_Spearman	FBgn0035956_Spearman/chr3L_8994546-8994994__chr3L_9023155-9023452	LEFT	chr3L:8994546-8994994	chr3L	8994546	8994994	FBgn0035956_Spearman/chr3L_8994546-8994994__chr3L_9023155-9023452/enhancers/chr3L_8994546-8994994.fa	448
FBgn0035956_Spearman	FBgn0035956_Spearman/chr3L_8994546-8994994__chr3L_9023155-9023452	RIGHT	chr3L:9023155-9023452	chr3L	9023155	9023452	FBgn0035956_Spearman/chr3L_8994546-8994994__chr3L_9023155-9023452/enhancers/chr3L_9023155-9023452.fa	297
FBgn0035956_Spearman	FBgn0035956_Spearman/chr3L_8994546-8994994__chr3L_9024467-9024945	LEFT	chr3L:8994546-8994994	chr3L	8994546	8994994	FBgn0035956_Spearman/chr3L_8994546-8994994__chr3L_9024467-9024945/enhancers/chr3L_8994546-8994994.fa	448
FBgn0035956_Spearman	FBgn0035956_Spearman/chr3L_8994546-8994994__chr3L_9024467-9024945	RIGHT	chr3L:9024467-9024945	chr3L	9024467	9024945	FBgn0035956_Spearman/chr3L_8994546-8994994__chr3L_9024467-9024945/enhancers/chr3L_9024467-9024945.fa	478
FBgn0035956_Spearman	FBgn0035956_Spearman/chr3L_9010205-9010405__chr3L_9010490-9010720	LEFT	chr3L:9010205-9010405	chr3L	9010205	9010405	FBgn0035956_Spearman/chr3L_9010205-9010405__chr3L_9010490-9010720/enhancers/chr3L_9010205-9010405.fa	200
FBgn0035956_Spearman	FBgn0035956_Spearman/chr3L_9010205-9010405__chr3L_9010490-9010720	RIGHT	chr3L:9010490-9010720	chr3L	9010490	9010720	FBgn0035956_Spearman/chr3L_9010205-9010405__chr3L_9010490-9010720/enhancers/chr3L_9010490-9010720.fa	230
FBgn0035956_Spearman	FBgn0035956_Spearman/chr3L_9010205-9010405__chr3L_9023155-9023452	LEFT	chr3L:9010205-9010405	chr3L	9010205	9010405	FBgn0035956_Spearman/chr3L_9010205-9010405__chr3L_9023155-9023452/enhancers/chr3L_9010205-9010405.fa	200
FBgn0035956_Spearman	FBgn0035956_Spearman/chr3L_9010205-9010405__chr3L_9023155-9023452	RIGHT	chr3L:9023155-9023452	chr3L	9023155	9023452	FBgn0035956_Spearman/chr3L_9010205-9010405__chr3L_9023155-9023452/enhancers/chr3L_9023155-9023452.fa	297
FBgn0035956_Spearman	FBgn0035956_Spearman/chr3L_9010205-9010405__chr3L_9024467-9024945	LEFT	chr3L:9010205-9010405	chr3L	9010205	9010405	FBgn0035956_Spearman/chr3L_9010205-9010405__chr3L_9024467-9024945/enhancers/chr3L_9010205-9010405.fa	200
FBgn0035956_Spearman	FBgn0035956_Spearman/chr3L_9010205-9010405__chr3L_9024467-9024945	RIGHT	chr3L:9024467-9024945	chr3L	9024467	9024945	FBgn0035956_Spearman/chr3L_9010205-9010405__chr3L_9024467-9024945/enhancers/chr3L_9024467-9024945.fa	478
FBgn0035956_Spearman	FBgn0035956_Spearman/chr3L_9010490-9010720__chr3L_9023155-9023452	LEFT	chr3L:9010490-9010720	chr3L	9010490	9010720	FBgn0035956_Spearman/chr3L_9010490-9010720__chr3L_9023155-9023452/enhancers/chr3L_9010490-9010720.fa	230
FBgn0035956_Spearman	FBgn0035956_Spearman/chr3L_9010490-9010720__chr3L_9023155-9023452	RIGHT	chr3L:9023155-9023452	chr3L	9023155	9023452	FBgn0035956_Spearman/chr3L_9010490-9010720__chr3L_9023155-9023452/enhancers/chr3L_9023155-9023452.fa	297
FBgn0035956_Spearman	FBgn0035956_Spearman/chr3L_9010490-9010720__chr3L_9024467-9024945	LEFT	chr3L:9010490-9010720	chr3L	9010490	9010720	FBgn0035956_Spearman/chr3L_9010490-9010720__chr3L_9024467-9024945/enhancers/chr3L_9010490-9010720.fa	230
FBgn0035956_Spearman	FBgn0035956_Spearman/chr3L_9010490-9010720__chr3L_9024467-9024945	RIGHT	chr3L:9024467-9024945	chr3L	9024467	9024945	FBgn0035956_Spearman/chr3L_9010490-9010720__chr3L_9024467-9024945/enhancers/chr3L_9024467-9024945.fa	478
FBgn0035956_Spearman	FBgn0035956_Spearman/chr3L_9023155-9023452__chr3L_9024467-9024945	LEFT	chr3L:9023155-9023452	chr3L	9023155	9023452	FBgn0035956_Spearman/chr3L_9023155-9023452__chr3L_9024467-9024945/enhancers/chr3L_9023155-9023452.fa	297
FBgn0035956_Spearman	FBgn0035956_Spearman/chr3L_9023155-9023452__chr3L_9024467-9024945	RIGHT	chr3L:9024467-9024945	chr3L	9024467	9024945	FBgn0035956_Spearman/chr3L_9023155-9023452__chr3L_9024467-9024945/enhancers/chr3L_9024467-9024945.fa	478
FBgn0036124_Spearman	FBgn0036124_Spearman/chr3L_11066817-11067017__chr3L_11100667-11101152	LEFT	chr3L:11066817-11067017	chr3L	11066817	11067017	FBgn0036124_Spearman/chr3L_11066817-11067017__chr3L_11100667-11101152/enhancers/chr3L_11066817-11067017.fa	200
FBgn0036124_Spearman	FBgn0036124_Spearman/chr3L_11066817-11067017__chr3L_11100667-11101152	RIGHT	chr3L:11100667-11101152	chr3L	11100667	11101152	FBgn0036124_Spearman/chr3L_11066817-11067017__chr3L_11100667-11101152/enhancers/chr3L_11100667-11101152.fa	485
FBgn0036152_Spearman	FBgn0036152_Spearman/chr3L_11224312-11224512__chr3L_11224761-11225250	LEFT	chr3L:11224312-11224512	chr3L	11224312	11224512	FBgn0036152_Spearman/chr3L_11224312-11224512__chr3L_11224761-11225250/enhancers/chr3L_11224312-11224512.fa	200
FBgn0036152_Spearman	FBgn0036152_Spearman/chr3L_11224312-11224512__chr3L_11224761-11225250	RIGHT	chr3L:11224761-11225250	chr3L	11224761	11225250	FBgn0036152_Spearman/chr3L_11224312-11224512__chr3L_11224761-11225250/enhancers/chr3L_11224761-11225250.fa	489
FBgn0036460_Spearman	FBgn0036460_Spearman/chr3L_14918179-14918521__chr3L_14922238-14922460	LEFT	chr3L:14918179-14918521	chr3L	14918179	14918521	FBgn0036460_Spearman/chr3L_14918179-14918521__chr3L_14922238-14922460/enhancers/chr3L_14918179-14918521.fa	342
FBgn0036460_Spearman	FBgn0036460_Spearman/chr3L_14918179-14918521__chr3L_14922238-14922460	RIGHT	chr3L:14922238-14922460	chr3L	14922238	14922460	FBgn0036460_Spearman/chr3L_14918179-14918521__chr3L_14922238-14922460/enhancers/chr3L_14922238-14922460.fa	222
FBgn0036460_Spearman	FBgn0036460_Spearman/chr3L_14918179-14918521__chr3L_14925390-14925769	LEFT	chr3L:14918179-14918521	chr3L	14918179	14918521	FBgn0036460_Spearman/chr3L_14918179-14918521__chr3L_14925390-14925769/enhancers/chr3L_14918179-14918521.fa	342
FBgn0036460_Spearman	FBgn0036460_Spearman/chr3L_14918179-14918521__chr3L_14925390-14925769	RIGHT	chr3L:14925390-14925769	chr3L	14925390	14925769	FBgn0036460_Spearman/chr3L_14918179-14918521__chr3L_14925390-14925769/enhancers/chr3L_14925390-14925769.fa	379
FBgn0036460_Spearman	FBgn0036460_Spearman/chr3L_14918179-14918521__chr3L_14928799-14929134	LEFT	chr3L:14918179-14918521	chr3L	14918179	14918521	FBgn0036460_Spearman/chr3L_14918179-14918521__chr3L_14928799-14929134/enhancers/chr3L_14918179-14918521.fa	342
FBgn0036460_Spearman	FBgn0036460_Spearman/chr3L_14918179-14918521__chr3L_14928799-14929134	RIGHT	chr3L:14928799-14929134	chr3L	14928799	14929134	FBgn0036460_Spearman/chr3L_14918179-14918521__chr3L_14928799-14929134/enhancers/chr3L_14928799-14929134.fa	335
FBgn0036460_Spearman	FBgn0036460_Spearman/chr3L_14918179-14918521__chr3L_14930753-14930953	LEFT	chr3L:14918179-14918521	chr3L	14918179	14918521	FBgn0036460_Spearman/chr3L_14918179-14918521__chr3L_14930753-14930953/enhancers/chr3L_14918179-14918521.fa	342
FBgn0036460_Spearman	FBgn0036460_Spearman/chr3L_14918179-14918521__chr3L_14930753-14930953	RIGHT	chr3L:14930753-14930953	chr3L	14930753	14930953	FBgn0036460_Spearman/chr3L_14918179-14918521__chr3L_14930753-14930953/enhancers/chr3L_14930753-14930953.fa	200
FBgn0036460_Spearman	FBgn0036460_Spearman/chr3L_14918179-14918521__chr3L_14931009-14931209	LEFT	chr3L:14918179-14918521	chr3L	14918179	14918521	FBgn0036460_Spearman/chr3L_14918179-14918521__chr3L_14931009-14931209/enhancers/chr3L_14918179-14918521.fa	342
FBgn0036460_Spearman	FBgn0036460_Spearman/chr3L_14918179-14918521__chr3L_14931009-14931209	RIGHT	chr3L:14931009-14931209	chr3L	14931009	14931209	FBgn0036460_Spearman/chr3L_14918179-14918521__chr3L_14931009-14931209/enhancers/chr3L_14931009-14931209.fa	200
FBgn0036460_Spearman	FBgn0036460_Spearman/chr3L_14918179-14918521__chr3L_14932705-14933060	LEFT	chr3L:14918179-14918521	chr3L	14918179	14918521	FBgn0036460_Spearman/chr3L_14918179-14918521__chr3L_14932705-14933060/enhancers/chr3L_14918179-14918521.fa	342
FBgn0036460_Spearman	FBgn0036460_Spearman/chr3L_14918179-14918521__chr3L_14932705-14933060	RIGHT	chr3L:14932705-14933060	chr3L	14932705	14933060	FBgn0036460_Spearman/chr3L_14918179-14918521__chr3L_14932705-14933060/enhancers/chr3L_14932705-14933060.fa	355
FBgn0036460_Spearman	FBgn0036460_Spearman/chr3L_14918179-14918521__chr3L_14936376-14936760	LEFT	chr3L:14918179-14918521	chr3L	14918179	14918521	FBgn0036460_Spearman/chr3L_14918179-14918521__chr3L_14936376-14936760/enhancers/chr3L_14918179-14918521.fa	342
FBgn0036460_Spearman	FBgn0036460_Spearman/chr3L_14918179-14918521__chr3L_14936376-14936760	RIGHT	chr3L:14936376-14936760	chr3L	14936376	14936760	FBgn0036460_Spearman/chr3L_14918179-14918521__chr3L_14936376-14936760/enhancers/chr3L_14936376-14936760.fa	384
FBgn0036460_Spearman	FBgn0036460_Spearman/chr3L_14918179-14918521__chr3L_14938074-14938558	LEFT	chr3L:14918179-14918521	chr3L	14918179	14918521	FBgn0036460_Spearman/chr3L_14918179-14918521__chr3L_14938074-14938558/enhancers/chr3L_14918179-14918521.fa	342
FBgn0036460_Spearman	FBgn0036460_Spearman/chr3L_14918179-14918521__chr3L_14938074-14938558	RIGHT	chr3L:14938074-14938558	chr3L	14938074	14938558	FBgn0036460_Spearman/chr3L_14918179-14918521__chr3L_14938074-14938558/enhancers/chr3L_14938074-14938558.fa	484
FBgn0036460_Spearman	FBgn0036460_Spearman/chr3L_14918179-14918521__chr3L_14939995-14940646	LEFT	chr3L:14918179-14918521	chr3L	14918179	14918521	FBgn0036460_Spearman/chr3L_14918179-14918521__chr3L_14939995-14940646/enhancers/chr3L_14918179-14918521.fa	342
FBgn0036460_Spearman	FBgn0036460_Spearman/chr3L_14918179-14918521__chr3L_14939995-14940646	RIGHT	chr3L:14939995-14940646	chr3L	14939995	14940646	FBgn0036460_Spearman/chr3L_14918179-14918521__chr3L_14939995-14940646/enhancers/chr3L_14939995-14940646.fa	651
FBgn0036460_Spearman	FBgn0036460_Spearman/chr3L_14918179-14918521__chr3L_14941342-14941625	LEFT	chr3L:14918179-14918521	chr3L	14918179	14918521	FBgn0036460_Spearman/chr3L_14918179-14918521__chr3L_14941342-14941625/enhancers/chr3L_14918179-14918521.fa	342
FBgn0036460_Spearman	FBgn0036460_Spearman/chr3L_14918179-14918521__chr3L_14941342-14941625	RIGHT	chr3L:14941342-14941625	chr3L	14941342	14941625	FBgn0036460_Spearman/chr3L_14918179-14918521__chr3L_14941342-14941625/enhancers/chr3L_14941342-14941625.fa	283
FBgn0036460_Spearman	FBgn0036460_Spearman/chr3L_14918179-14918521__chr3L_14944241-14944774	LEFT	chr3L:14918179-14918521	chr3L	14918179	14918521	FBgn0036460_Spearman/chr3L_14918179-14918521__chr3L_14944241-14944774/enhancers/chr3L_14918179-14918521.fa	342
FBgn0036460_Spearman	FBgn0036460_Spearman/chr3L_14918179-14918521__chr3L_14944241-14944774	RIGHT	chr3L:14944241-14944774	chr3L	14944241	14944774	FBgn0036460_Spearman/chr3L_14918179-14918521__chr3L_14944241-14944774/enhancers/chr3L_14944241-14944774.fa	533
FBgn0036460_Spearman	FBgn0036460_Spearman/chr3L_14918179-14918521__chr3L_14948136-14948479	LEFT	chr3L:14918179-14918521	chr3L	14918179	14918521	FBgn0036460_Spearman/chr3L_14918179-14918521__chr3L_14948136-14948479/enhancers/chr3L_14918179-14918521.fa	342
FBgn0036460_Spearman	FBgn0036460_Spearman/chr3L_14918179-14918521__chr3L_14948136-14948479	RIGHT	chr3L:14948136-14948479	chr3L	14948136	14948479	FBgn0036460_Spearman/chr3L_14918179-14918521__chr3L_14948136-14948479/enhancers/chr3L_14948136-14948479.fa	343
FBgn0036460_Spearman	FBgn0036460_Spearman/chr3L_14922238-14922460__chr3L_14925390-14925769	LEFT	chr3L:14922238-14922460	chr3L	14922238	14922460	FBgn0036460_Spearman/chr3L_14922238-14922460__chr3L_14925390-14925769/enhancers/chr3L_14922238-14922460.fa	222
FBgn0036460_Spearman	FBgn0036460_Spearman/chr3L_14922238-14922460__chr3L_14925390-14925769	RIGHT	chr3L:14925390-14925769	chr3L	14925390	14925769	FBgn0036460_Spearman/chr3L_14922238-14922460__chr3L_14925390-14925769/enhancers/chr3L_14925390-14925769.fa	379
FBgn0036460_Spearman	FBgn0036460_Spearman/chr3L_14922238-14922460__chr3L_14928799-14929134	LEFT	chr3L:14922238-14922460	chr3L	14922238	14922460	FBgn0036460_Spearman/chr3L_14922238-14922460__chr3L_14928799-14929134/enhancers/chr3L_14922238-14922460.fa	222
FBgn0036460_Spearman	FBgn0036460_Spearman/chr3L_14922238-14922460__chr3L_14928799-14929134	RIGHT	chr3L:14928799-14929134	chr3L	14928799	14929134	FBgn0036460_Spearman/chr3L_14922238-14922460__chr3L_14928799-14929134/enhancers/chr3L_14928799-14929134.fa	335
FBgn0036460_Spearman	FBgn0036460_Spearman/chr3L_14922238-14922460__chr3L_14930753-14930953	LEFT	chr3L:14922238-14922460	chr3L	14922238	14922460	FBgn0036460_Spearman/chr3L_14922238-14922460__chr3L_14930753-14930953/enhancers/chr3L_14922238-14922460.fa	222
FBgn0036460_Spearman	FBgn0036460_Spearman/chr3L_14922238-14922460__chr3L_14930753-14930953	RIGHT	chr3L:14930753-14930953	chr3L	14930753	14930953	FBgn0036460_Spearman/chr3L_14922238-14922460__chr3L_14930753-14930953/enhancers/chr3L_14930753-14930953.fa	200
FBgn0036460_Spearman	FBgn0036460_Spearman/chr3L_14922238-14922460__chr3L_14931009-14931209	LEFT	chr3L:14922238-14922460	chr3L	14922238	14922460	FBgn0036460_Spearman/chr3L_14922238-14922460__chr3L_14931009-14931209/enhancers/chr3L_14922238-14922460.fa	222
FBgn0036460_Spearman	FBgn0036460_Spearman/chr3L_14922238-14922460__chr3L_14931009-14931209	RIGHT	chr3L:14931009-14931209	chr3L	14931009	14931209	FBgn0036460_Spearman/chr3L_14922238-14922460__chr3L_14931009-14931209/enhancers/chr3L_14931009-14931209.fa	200
FBgn0036460_Spearman	FBgn0036460_Spearman/chr3L_14922238-14922460__chr3L_14932705-14933060	LEFT	chr3L:14922238-14922460	chr3L	14922238	14922460	FBgn0036460_Spearman/chr3L_14922238-14922460__chr3L_14932705-14933060/enhancers/chr3L_14922238-14922460.fa	222
FBgn0036460_Spearman	FBgn0036460_Spearman/chr3L_14922238-14922460__chr3L_14932705-14933060	RIGHT	chr3L:14932705-14933060	chr3L	14932705	14933060	FBgn0036460_Spearman/chr3L_14922238-14922460__chr3L_14932705-14933060/enhancers/chr3L_14932705-14933060.fa	355
FBgn0036460_Spearman	FBgn0036460_Spearman/chr3L_14922238-14922460__chr3L_14936376-14936760	LEFT	chr3L:14922238-14922460	chr3L	14922238	14922460	FBgn0036460_Spearman/chr3L_14922238-14922460__chr3L_14936376-14936760/enhancers/chr3L_14922238-14922460.fa	222
FBgn0036460_Spearman	FBgn0036460_Spearman/chr3L_14922238-14922460__chr3L_14936376-14936760	RIGHT	chr3L:14936376-14936760	chr3L	14936376	14936760	FBgn0036460_Spearman/chr3L_14922238-14922460__chr3L_14936376-14936760/enhancers/chr3L_14936376-14936760.fa	384
FBgn0036460_Spearman	FBgn0036460_Spearman/chr3L_14922238-14922460__chr3L_14938074-14938558	LEFT	chr3L:14922238-14922460	chr3L	14922238	14922460	FBgn0036460_Spearman/chr3L_14922238-14922460__chr3L_14938074-14938558/enhancers/chr3L_14922238-14922460.fa	222
FBgn0036460_Spearman	FBgn0036460_Spearman/chr3L_14922238-14922460__chr3L_14938074-14938558	RIGHT	chr3L:14938074-14938558	chr3L	14938074	14938558	FBgn0036460_Spearman/chr3L_14922238-14922460__chr3L_14938074-14938558/enhancers/chr3L_14938074-14938558.fa	484
FBgn0036460_Spearman	FBgn0036460_Spearman/chr3L_14922238-14922460__chr3L_14939995-14940646	LEFT	chr3L:14922238-14922460	chr3L	14922238	14922460	FBgn0036460_Spearman/chr3L_14922238-14922460__chr3L_14939995-14940646/enhancers/chr3L_14922238-14922460.fa	222
FBgn0036460_Spearman	FBgn0036460_Spearman/chr3L_14922238-14922460__chr3L_14939995-14940646	RIGHT	chr3L:14939995-14940646	chr3L	14939995	14940646	FBgn0036460_Spearman/chr3L_14922238-14922460__chr3L_14939995-14940646/enhancers/chr3L_14939995-14940646.fa	651
FBgn0036460_Spearman	FBgn0036460_Spearman/chr3L_14922238-14922460__chr3L_14941342-14941625	LEFT	chr3L:14922238-14922460	chr3L	14922238	14922460	FBgn0036460_Spearman/chr3L_14922238-14922460__chr3L_14941342-14941625/enhancers/chr3L_14922238-14922460.fa	222
FBgn0036460_Spearman	FBgn0036460_Spearman/chr3L_14922238-14922460__chr3L_14941342-14941625	RIGHT	chr3L:14941342-14941625	chr3L	14941342	14941625	FBgn0036460_Spearman/chr3L_14922238-14922460__chr3L_14941342-14941625/enhancers/chr3L_14941342-14941625.fa	283
FBgn0036460_Spearman	FBgn0036460_Spearman/chr3L_14922238-14922460__chr3L_14944241-14944774	LEFT	chr3L:14922238-14922460	chr3L	14922238	14922460	FBgn0036460_Spearman/chr3L_14922238-14922460__chr3L_14944241-14944774/enhancers/chr3L_14922238-14922460.fa	222
FBgn0036460_Spearman	FBgn0036460_Spearman/chr3L_14922238-14922460__chr3L_14944241-14944774	RIGHT	chr3L:14944241-14944774	chr3L	14944241	14944774	FBgn0036460_Spearman/chr3L_14922238-14922460__chr3L_14944241-14944774/enhancers/chr3L_14944241-14944774.fa	533
FBgn0036460_Spearman	FBgn0036460_Spearman/chr3L_14922238-14922460__chr3L_14948136-14948479	LEFT	chr3L:14922238-14922460	chr3L	14922238	14922460	FBgn0036460_Spearman/chr3L_14922238-14922460__chr3L_14948136-14948479/enhancers/chr3L_14922238-14922460.fa	222
FBgn0036460_Spearman	FBgn0036460_Spearman/chr3L_14922238-14922460__chr3L_14948136-14948479	RIGHT	chr3L:14948136-14948479	chr3L	14948136	14948479	FBgn0036460_Spearman/chr3L_14922238-14922460__chr3L_14948136-14948479/enhancers/chr3L_14948136-14948479.fa	343
FBgn0036460_Spearman	FBgn0036460_Spearman/chr3L_14925390-14925769__chr3L_14928799-14929134	LEFT	chr3L:14925390-14925769	chr3L	14925390	14925769	FBgn0036460_Spearman/chr3L_14925390-14925769__chr3L_14928799-14929134/enhancers/chr3L_14925390-14925769.fa	379
FBgn0036460_Spearman	FBgn0036460_Spearman/chr3L_14925390-14925769__chr3L_14928799-14929134	RIGHT	chr3L:14928799-14929134	chr3L	14928799	14929134	FBgn0036460_Spearman/chr3L_14925390-14925769__chr3L_14928799-14929134/enhancers/chr3L_14928799-14929134.fa	335
FBgn0036460_Spearman	FBgn0036460_Spearman/chr3L_14925390-14925769__chr3L_14930753-14930953	LEFT	chr3L:14925390-14925769	chr3L	14925390	14925769	FBgn0036460_Spearman/chr3L_14925390-14925769__chr3L_14930753-14930953/enhancers/chr3L_14925390-14925769.fa	379
FBgn0036460_Spearman	FBgn0036460_Spearman/chr3L_14925390-14925769__chr3L_14930753-14930953	RIGHT	chr3L:14930753-14930953	chr3L	14930753	14930953	FBgn0036460_Spearman/chr3L_14925390-14925769__chr3L_14930753-14930953/enhancers/chr3L_14930753-14930953.fa	200
FBgn0036460_Spearman	FBgn0036460_Spearman/chr3L_14925390-14925769__chr3L_14931009-14931209	LEFT	chr3L:14925390-14925769	chr3L	14925390	14925769	FBgn0036460_Spearman/chr3L_14925390-14925769__chr3L_14931009-14931209/enhancers/chr3L_14925390-14925769.fa	379
FBgn0036460_Spearman	FBgn0036460_Spearman/chr3L_14925390-14925769__chr3L_14931009-14931209	RIGHT	chr3L:14931009-14931209	chr3L	14931009	14931209	FBgn0036460_Spearman/chr3L_14925390-14925769__chr3L_14931009-14931209/enhancers/chr3L_14931009-14931209.fa	200
FBgn0036460_Spearman	FBgn0036460_Spearman/chr3L_14925390-14925769__chr3L_14932705-14933060	LEFT	chr3L:14925390-14925769	chr3L	14925390	14925769	FBgn0036460_Spearman/chr3L_14925390-14925769__chr3L_14932705-14933060/enhancers/chr3L_14925390-14925769.fa	379
FBgn0036460_Spearman	FBgn0036460_Spearman/chr3L_14925390-14925769__chr3L_14932705-14933060	RIGHT	chr3L:14932705-14933060	chr3L	14932705	14933060	FBgn0036460_Spearman/chr3L_14925390-14925769__chr3L_14932705-14933060/enhancers/chr3L_14932705-14933060.fa	355
FBgn0036460_Spearman	FBgn0036460_Spearman/chr3L_14925390-14925769__chr3L_14936376-14936760	LEFT	chr3L:14925390-14925769	chr3L	14925390	14925769	FBgn0036460_Spearman/chr3L_14925390-14925769__chr3L_14936376-14936760/enhancers/chr3L_14925390-14925769.fa	379
FBgn0036460_Spearman	FBgn0036460_Spearman/chr3L_14925390-14925769__chr3L_14936376-14936760	RIGHT	chr3L:14936376-14936760	chr3L	14936376	14936760	FBgn0036460_Spearman/chr3L_14925390-14925769__chr3L_14936376-14936760/enhancers/chr3L_14936376-14936760.fa	384
FBgn0036460_Spearman	FBgn0036460_Spearman/chr3L_14925390-14925769__chr3L_14938074-14938558	LEFT	chr3L:14925390-14925769	chr3L	14925390	14925769	FBgn0036460_Spearman/chr3L_14925390-14925769__chr3L_14938074-14938558/enhancers/chr3L_14925390-14925769.fa	379
FBgn0036460_Spearman	FBgn0036460_Spearman/chr3L_14925390-14925769__chr3L_14938074-14938558	RIGHT	chr3L:14938074-14938558	chr3L	14938074	14938558	FBgn0036460_Spearman/chr3L_14925390-14925769__chr3L_14938074-14938558/enhancers/chr3L_14938074-14938558.fa	484
FBgn0036460_Spearman	FBgn0036460_Spearman/chr3L_14925390-14925769__chr3L_14939995-14940646	LEFT	chr3L:14925390-14925769	chr3L	14925390	14925769	FBgn0036460_Spearman/chr3L_14925390-14925769__chr3L_14939995-14940646/enhancers/chr3L_14925390-14925769.fa	379
FBgn0036460_Spearman	FBgn0036460_Spearman/chr3L_14925390-14925769__chr3L_14939995-14940646	RIGHT	chr3L:14939995-14940646	chr3L	14939995	14940646	FBgn0036460_Spearman/chr3L_14925390-14925769__chr3L_14939995-14940646/enhancers/chr3L_14939995-14940646.fa	651
FBgn0036460_Spearman	FBgn0036460_Spearman/chr3L_14925390-14925769__chr3L_14941342-14941625	LEFT	chr3L:14925390-14925769	chr3L	14925390	14925769	FBgn0036460_Spearman/chr3L_14925390-14925769__chr3L_14941342-14941625/enhancers/chr3L_14925390-14925769.fa	379
FBgn0036460_Spearman	FBgn0036460_Spearman/chr3L_14925390-14925769__chr3L_14941342-14941625	RIGHT	chr3L:14941342-14941625	chr3L	14941342	14941625	FBgn0036460_Spearman/chr3L_14925390-14925769__chr3L_14941342-14941625/enhancers/chr3L_14941342-14941625.fa	283
FBgn0036460_Spearman	FBgn0036460_Spearman/chr3L_14925390-14925769__chr3L_14944241-14944774	LEFT	chr3L:14925390-14925769	chr3L	14925390	14925769	FBgn0036460_Spearman/chr3L_14925390-14925769__chr3L_14944241-14944774/enhancers/chr3L_14925390-14925769.fa	379
FBgn0036460_Spearman	FBgn0036460_Spearman/chr3L_14925390-14925769__chr3L_14944241-14944774	RIGHT	chr3L:14944241-14944774	chr3L	14944241	14944774	FBgn0036460_Spearman/chr3L_14925390-14925769__chr3L_14944241-14944774/enhancers/chr3L_14944241-14944774.fa	533
FBgn0036460_Spearman	FBgn0036460_Spearman/chr3L_14925390-14925769__chr3L_14948136-14948479	LEFT	chr3L:14925390-14925769	chr3L	14925390	14925769	FBgn0036460_Spearman/chr3L_14925390-14925769__chr3L_14948136-14948479/enhancers/chr3L_14925390-14925769.fa	379
FBgn0036460_Spearman	FBgn0036460_Spearman/chr3L_14925390-14925769__chr3L_14948136-14948479	RIGHT	chr3L:14948136-14948479	chr3L	14948136	14948479	FBgn0036460_Spearman/chr3L_14925390-14925769__chr3L_14948136-14948479/enhancers/chr3L_14948136-14948479.fa	343
FBgn0036460_Spearman	FBgn0036460_Spearman/chr3L_14928799-14929134__chr3L_14930753-14930953	LEFT	chr3L:14928799-14929134	chr3L	14928799	14929134	FBgn0036460_Spearman/chr3L_14928799-14929134__chr3L_14930753-14930953/enhancers/chr3L_14928799-14929134.fa	335
FBgn0036460_Spearman	FBgn0036460_Spearman/chr3L_14928799-14929134__chr3L_14930753-14930953	RIGHT	chr3L:14930753-14930953	chr3L	14930753	14930953	FBgn0036460_Spearman/chr3L_14928799-14929134__chr3L_14930753-14930953/enhancers/chr3L_14930753-14930953.fa	200
FBgn0036460_Spearman	FBgn0036460_Spearman/chr3L_14928799-14929134__chr3L_14931009-14931209	LEFT	chr3L:14928799-14929134	chr3L	14928799	14929134	FBgn0036460_Spearman/chr3L_14928799-14929134__chr3L_14931009-14931209/enhancers/chr3L_14928799-14929134.fa	335
FBgn0036460_Spearman	FBgn0036460_Spearman/chr3L_14928799-14929134__chr3L_14931009-14931209	RIGHT	chr3L:14931009-14931209	chr3L	14931009	14931209	FBgn0036460_Spearman/chr3L_14928799-14929134__chr3L_14931009-14931209/enhancers/chr3L_14931009-14931209.fa	200
FBgn0036460_Spearman	FBgn0036460_Spearman/chr3L_14928799-14929134__chr3L_14932705-14933060	LEFT	chr3L:14928799-14929134	chr3L	14928799	14929134	FBgn0036460_Spearman/chr3L_14928799-14929134__chr3L_14932705-14933060/enhancers/chr3L_14928799-14929134.fa	335
FBgn0036460_Spearman	FBgn0036460_Spearman/chr3L_14928799-14929134__chr3L_14932705-14933060	RIGHT	chr3L:14932705-14933060	chr3L	14932705	14933060	FBgn0036460_Spearman/chr3L_14928799-14929134__chr3L_14932705-14933060/enhancers/chr3L_14932705-14933060.fa	355
FBgn0036460_Spearman	FBgn0036460_Spearman/chr3L_14928799-14929134__chr3L_14936376-14936760	LEFT	chr3L:14928799-14929134	chr3L	14928799	14929134	FBgn0036460_Spearman/chr3L_14928799-14929134__chr3L_14936376-14936760/enhancers/chr3L_14928799-14929134.fa	335
FBgn0036460_Spearman	FBgn0036460_Spearman/chr3L_14928799-14929134__chr3L_14936376-14936760	RIGHT	chr3L:14936376-14936760	chr3L	14936376	14936760	FBgn0036460_Spearman/chr3L_14928799-14929134__chr3L_14936376-14936760/enhancers/chr3L_14936376-14936760.fa	384
FBgn0036460_Spearman	FBgn0036460_Spearman/chr3L_14928799-14929134__chr3L_14938074-14938558	LEFT	chr3L:14928799-14929134	chr3L	14928799	14929134	FBgn0036460_Spearman/chr3L_14928799-14929134__chr3L_14938074-14938558/enhancers/chr3L_14928799-14929134.fa	335
FBgn0036460_Spearman	FBgn0036460_Spearman/chr3L_14928799-14929134__chr3L_14938074-14938558	RIGHT	chr3L:14938074-14938558	chr3L	14938074	14938558	FBgn0036460_Spearman/chr3L_14928799-14929134__chr3L_14938074-14938558/enhancers/chr3L_14938074-14938558.fa	484
FBgn0036460_Spearman	FBgn0036460_Spearman/chr3L_14928799-14929134__chr3L_14939995-14940646	LEFT	chr3L:14928799-14929134	chr3L	14928799	14929134	FBgn0036460_Spearman/chr3L_14928799-14929134__chr3L_14939995-14940646/enhancers/chr3L_14928799-14929134.fa	335
FBgn0036460_Spearman	FBgn0036460_Spearman/chr3L_14928799-14929134__chr3L_14939995-14940646	RIGHT	chr3L:14939995-14940646	chr3L	14939995	14940646	FBgn0036460_Spearman/chr3L_14928799-14929134__chr3L_14939995-14940646/enhancers/chr3L_14939995-14940646.fa	651
FBgn0036460_Spearman	FBgn0036460_Spearman/chr3L_14928799-14929134__chr3L_14941342-14941625	LEFT	chr3L:14928799-14929134	chr3L	14928799	14929134	FBgn0036460_Spearman/chr3L_14928799-14929134__chr3L_14941342-14941625/enhancers/chr3L_14928799-14929134.fa	335
FBgn0036460_Spearman	FBgn0036460_Spearman/chr3L_14928799-14929134__chr3L_14941342-14941625	RIGHT	chr3L:14941342-14941625	chr3L	14941342	14941625	FBgn0036460_Spearman/chr3L_14928799-14929134__chr3L_14941342-14941625/enhancers/chr3L_14941342-14941625.fa	283
FBgn0036460_Spearman	FBgn0036460_Spearman/chr3L_14928799-14929134__chr3L_14944241-14944774	LEFT	chr3L:14928799-14929134	chr3L	14928799	14929134	FBgn0036460_Spearman/chr3L_14928799-14929134__chr3L_14944241-14944774/enhancers/chr3L_14928799-14929134.fa	335
FBgn0036460_Spearman	FBgn0036460_Spearman/chr3L_14928799-14929134__chr3L_14944241-14944774	RIGHT	chr3L:14944241-14944774	chr3L	14944241	14944774	FBgn0036460_Spearman/chr3L_14928799-14929134__chr3L_14944241-14944774/enhancers/chr3L_14944241-14944774.fa	533
FBgn0036460_Spearman	FBgn0036460_Spearman/chr3L_14928799-14929134__chr3L_14948136-14948479	LEFT	chr3L:14928799-14929134	chr3L	14928799	14929134	FBgn0036460_Spearman/chr3L_14928799-14929134__chr3L_14948136-14948479/enhancers/chr3L_14928799-14929134.fa	335
FBgn0036460_Spearman	FBgn0036460_Spearman/chr3L_14928799-14929134__chr3L_14948136-14948479	RIGHT	chr3L:14948136-14948479	chr3L	14948136	14948479	FBgn0036460_Spearman/chr3L_14928799-14929134__chr3L_14948136-14948479/enhancers/chr3L_14948136-14948479.fa	343
FBgn0036460_Spearman	FBgn0036460_Spearman/chr3L_14930753-14930953__chr3L_14931009-14931209	LEFT	chr3L:14930753-14930953	chr3L	14930753	14930953	FBgn0036460_Spearman/chr3L_14930753-14930953__chr3L_14931009-14931209/enhancers/chr3L_14930753-14930953.fa	200
FBgn0036460_Spearman	FBgn0036460_Spearman/chr3L_14930753-14930953__chr3L_14931009-14931209	RIGHT	chr3L:14931009-14931209	chr3L	14931009	14931209	FBgn0036460_Spearman/chr3L_14930753-14930953__chr3L_14931009-14931209/enhancers/chr3L_14931009-14931209.fa	200
FBgn0036460_Spearman	FBgn0036460_Spearman/chr3L_14930753-14930953__chr3L_14932705-14933060	LEFT	chr3L:14930753-14930953	chr3L	14930753	14930953	FBgn0036460_Spearman/chr3L_14930753-14930953__chr3L_14932705-14933060/enhancers/chr3L_14930753-14930953.fa	200
FBgn0036460_Spearman	FBgn0036460_Spearman/chr3L_14930753-14930953__chr3L_14932705-14933060	RIGHT	chr3L:14932705-14933060	chr3L	14932705	14933060	FBgn0036460_Spearman/chr3L_14930753-14930953__chr3L_14932705-14933060/enhancers/chr3L_14932705-14933060.fa	355
FBgn0036460_Spearman	FBgn0036460_Spearman/chr3L_14930753-14930953__chr3L_14936376-14936760	LEFT	chr3L:14930753-14930953	chr3L	14930753	14930953	FBgn0036460_Spearman/chr3L_14930753-14930953__chr3L_14936376-14936760/enhancers/chr3L_14930753-14930953.fa	200
FBgn0036460_Spearman	FBgn0036460_Spearman/chr3L_14930753-14930953__chr3L_14936376-14936760	RIGHT	chr3L:14936376-14936760	chr3L	14936376	14936760	FBgn0036460_Spearman/chr3L_14930753-14930953__chr3L_14936376-14936760/enhancers/chr3L_14936376-14936760.fa	384
FBgn0036460_Spearman	FBgn0036460_Spearman/chr3L_14930753-14930953__chr3L_14938074-14938558	LEFT	chr3L:14930753-14930953	chr3L	14930753	14930953	FBgn0036460_Spearman/chr3L_14930753-14930953__chr3L_14938074-14938558/enhancers/chr3L_14930753-14930953.fa	200
FBgn0036460_Spearman	FBgn0036460_Spearman/chr3L_14930753-14930953__chr3L_14938074-14938558	RIGHT	chr3L:14938074-14938558	chr3L	14938074	14938558	FBgn0036460_Spearman/chr3L_14930753-14930953__chr3L_14938074-14938558/enhancers/chr3L_14938074-14938558.fa	484
FBgn0036460_Spearman	FBgn0036460_Spearman/chr3L_14930753-14930953__chr3L_14939995-14940646	LEFT	chr3L:14930753-14930953	chr3L	14930753	14930953	FBgn0036460_Spearman/chr3L_14930753-14930953__chr3L_14939995-14940646/enhancers/chr3L_14930753-14930953.fa	200
FBgn0036460_Spearman	FBgn0036460_Spearman/chr3L_14930753-14930953__chr3L_14939995-14940646	RIGHT	chr3L:14939995-14940646	chr3L	14939995	14940646	FBgn0036460_Spearman/chr3L_14930753-14930953__chr3L_14939995-14940646/enhancers/chr3L_14939995-14940646.fa	651
FBgn0036460_Spearman	FBgn0036460_Spearman/chr3L_14930753-14930953__chr3L_14941342-14941625	LEFT	chr3L:14930753-14930953	chr3L	14930753	14930953	FBgn0036460_Spearman/chr3L_14930753-14930953__chr3L_14941342-14941625/enhancers/chr3L_14930753-14930953.fa	200
FBgn0036460_Spearman	FBgn0036460_Spearman/chr3L_14930753-14930953__chr3L_14941342-14941625	RIGHT	chr3L:14941342-14941625	chr3L	14941342	14941625	FBgn0036460_Spearman/chr3L_14930753-14930953__chr3L_14941342-14941625/enhancers/chr3L_14941342-14941625.fa	283
FBgn0036460_Spearman	FBgn0036460_Spearman/chr3L_14930753-14930953__chr3L_14944241-14944774	LEFT	chr3L:14930753-14930953	chr3L	14930753	14930953	FBgn0036460_Spearman/chr3L_14930753-14930953__chr3L_14944241-14944774/enhancers/chr3L_14930753-14930953.fa	200
FBgn0036460_Spearman	FBgn0036460_Spearman/chr3L_14930753-14930953__chr3L_14944241-14944774	RIGHT	chr3L:14944241-14944774	chr3L	14944241	14944774	FBgn0036460_Spearman/chr3L_14930753-14930953__chr3L_14944241-14944774/enhancers/chr3L_14944241-14944774.fa	533
FBgn0036460_Spearman	FBgn0036460_Spearman/chr3L_14930753-14930953__chr3L_14948136-14948479	LEFT	chr3L:14930753-14930953	chr3L	14930753	14930953	FBgn0036460_Spearman/chr3L_14930753-14930953__chr3L_14948136-14948479/enhancers/chr3L_14930753-14930953.fa	200
FBgn0036460_Spearman	FBgn0036460_Spearman/chr3L_14930753-14930953__chr3L_14948136-14948479	RIGHT	chr3L:14948136-14948479	chr3L	14948136	14948479	FBgn0036460_Spearman/chr3L_14930753-14930953__chr3L_14948136-14948479/enhancers/chr3L_14948136-14948479.fa	343
FBgn0036460_Spearman	FBgn0036460_Spearman/chr3L_14931009-14931209__chr3L_14932705-14933060	LEFT	chr3L:14931009-14931209	chr3L	14931009	14931209	FBgn0036460_Spearman/chr3L_14931009-14931209__chr3L_14932705-14933060/enhancers/chr3L_14931009-14931209.fa	200
FBgn0036460_Spearman	FBgn0036460_Spearman/chr3L_14931009-14931209__chr3L_14932705-14933060	RIGHT	chr3L:14932705-14933060	chr3L	14932705	14933060	FBgn0036460_Spearman/chr3L_14931009-14931209__chr3L_14932705-14933060/enhancers/chr3L_14932705-14933060.fa	355
FBgn0036460_Spearman	FBgn0036460_Spearman/chr3L_14931009-14931209__chr3L_14936376-14936760	LEFT	chr3L:14931009-14931209	chr3L	14931009	14931209	FBgn0036460_Spearman/chr3L_14931009-14931209__chr3L_14936376-14936760/enhancers/chr3L_14931009-14931209.fa	200
FBgn0036460_Spearman	FBgn0036460_Spearman/chr3L_14931009-14931209__chr3L_14936376-14936760	RIGHT	chr3L:14936376-14936760	chr3L	14936376	14936760	FBgn0036460_Spearman/chr3L_14931009-14931209__chr3L_14936376-14936760/enhancers/chr3L_14936376-14936760.fa	384
FBgn0036460_Spearman	FBgn0036460_Spearman/chr3L_14931009-14931209__chr3L_14938074-14938558	LEFT	chr3L:14931009-14931209	chr3L	14931009	14931209	FBgn0036460_Spearman/chr3L_14931009-14931209__chr3L_14938074-14938558/enhancers/chr3L_14931009-14931209.fa	200
FBgn0036460_Spearman	FBgn0036460_Spearman/chr3L_14931009-14931209__chr3L_14938074-14938558	RIGHT	chr3L:14938074-14938558	chr3L	14938074	14938558	FBgn0036460_Spearman/chr3L_14931009-14931209__chr3L_14938074-14938558/enhancers/chr3L_14938074-14938558.fa	484
FBgn0036460_Spearman	FBgn0036460_Spearman/chr3L_14931009-14931209__chr3L_14939995-14940646	LEFT	chr3L:14931009-14931209	chr3L	14931009	14931209	FBgn0036460_Spearman/chr3L_14931009-14931209__chr3L_14939995-14940646/enhancers/chr3L_14931009-14931209.fa	200
FBgn0036460_Spearman	FBgn0036460_Spearman/chr3L_14931009-14931209__chr3L_14939995-14940646	RIGHT	chr3L:14939995-14940646	chr3L	14939995	14940646	FBgn0036460_Spearman/chr3L_14931009-14931209__chr3L_14939995-14940646/enhancers/chr3L_14939995-14940646.fa	651
FBgn0036460_Spearman	FBgn0036460_Spearman/chr3L_14931009-14931209__chr3L_14941342-14941625	LEFT	chr3L:14931009-14931209	chr3L	14931009	14931209	FBgn0036460_Spearman/chr3L_14931009-14931209__chr3L_14941342-14941625/enhancers/chr3L_14931009-14931209.fa	200
FBgn0036460_Spearman	FBgn0036460_Spearman/chr3L_14931009-14931209__chr3L_14941342-14941625	RIGHT	chr3L:14941342-14941625	chr3L	14941342	14941625	FBgn0036460_Spearman/chr3L_14931009-14931209__chr3L_14941342-14941625/enhancers/chr3L_14941342-14941625.fa	283
FBgn0036460_Spearman	FBgn0036460_Spearman/chr3L_14931009-14931209__chr3L_14944241-14944774	LEFT	chr3L:14931009-14931209	chr3L	14931009	14931209	FBgn0036460_Spearman/chr3L_14931009-14931209__chr3L_14944241-14944774/enhancers/chr3L_14931009-14931209.fa	200
FBgn0036460_Spearman	FBgn0036460_Spearman/chr3L_14931009-14931209__chr3L_14944241-14944774	RIGHT	chr3L:14944241-14944774	chr3L	14944241	14944774	FBgn0036460_Spearman/chr3L_14931009-14931209__chr3L_14944241-14944774/enhancers/chr3L_14944241-14944774.fa	533
FBgn0036460_Spearman	FBgn0036460_Spearman/chr3L_14931009-14931209__chr3L_14948136-14948479	LEFT	chr3L:14931009-14931209	chr3L	14931009	14931209	FBgn0036460_Spearman/chr3L_14931009-14931209__chr3L_14948136-14948479/enhancers/chr3L_14931009-14931209.fa	200
FBgn0036460_Spearman	FBgn0036460_Spearman/chr3L_14931009-14931209__chr3L_14948136-14948479	RIGHT	chr3L:14948136-14948479	chr3L	14948136	14948479	FBgn0036460_Spearman/chr3L_14931009-14931209__chr3L_14948136-14948479/enhancers/chr3L_14948136-14948479.fa	343
FBgn0036460_Spearman	FBgn0036460_Spearman/chr3L_14932705-14933060__chr3L_14936376-14936760	LEFT	chr3L:14932705-14933060	chr3L	14932705	14933060	FBgn0036460_Spearman/chr3L_14932705-14933060__chr3L_14936376-14936760/enhancers/chr3L_14932705-14933060.fa	355
FBgn0036460_Spearman	FBgn0036460_Spearman/chr3L_14932705-14933060__chr3L_14936376-14936760	RIGHT	chr3L:14936376-14936760	chr3L	14936376	14936760	FBgn0036460_Spearman/chr3L_14932705-14933060__chr3L_14936376-14936760/enhancers/chr3L_14936376-14936760.fa	384
FBgn0036460_Spearman	FBgn0036460_Spearman/chr3L_14932705-14933060__chr3L_14938074-14938558	LEFT	chr3L:14932705-14933060	chr3L	14932705	14933060	FBgn0036460_Spearman/chr3L_14932705-14933060__chr3L_14938074-14938558/enhancers/chr3L_14932705-14933060.fa	355
FBgn0036460_Spearman	FBgn0036460_Spearman/chr3L_14932705-14933060__chr3L_14938074-14938558	RIGHT	chr3L:14938074-14938558	chr3L	14938074	14938558	FBgn0036460_Spearman/chr3L_14932705-14933060__chr3L_14938074-14938558/enhancers/chr3L_14938074-14938558.fa	484
FBgn0036460_Spearman	FBgn0036460_Spearman/chr3L_14932705-14933060__chr3L_14939995-14940646	LEFT	chr3L:14932705-14933060	chr3L	14932705	14933060	FBgn0036460_Spearman/chr3L_14932705-14933060__chr3L_14939995-14940646/enhancers/chr3L_14932705-14933060.fa	355
FBgn0036460_Spearman	FBgn0036460_Spearman/chr3L_14932705-14933060__chr3L_14939995-14940646	RIGHT	chr3L:14939995-14940646	chr3L	14939995	14940646	FBgn0036460_Spearman/chr3L_14932705-14933060__chr3L_14939995-14940646/enhancers/chr3L_14939995-14940646.fa	651
FBgn0036460_Spearman	FBgn0036460_Spearman/chr3L_14932705-14933060__chr3L_14941342-14941625	LEFT	chr3L:14932705-14933060	chr3L	14932705	14933060	FBgn0036460_Spearman/chr3L_14932705-14933060__chr3L_14941342-14941625/enhancers/chr3L_14932705-14933060.fa	355
FBgn0036460_Spearman	FBgn0036460_Spearman/chr3L_14932705-14933060__chr3L_14941342-14941625	RIGHT	chr3L:14941342-14941625	chr3L	14941342	14941625	FBgn0036460_Spearman/chr3L_14932705-14933060__chr3L_14941342-14941625/enhancers/chr3L_14941342-14941625.fa	283
FBgn0036460_Spearman	FBgn0036460_Spearman/chr3L_14932705-14933060__chr3L_14944241-14944774	LEFT	chr3L:14932705-14933060	chr3L	14932705	14933060	FBgn0036460_Spearman/chr3L_14932705-14933060__chr3L_14944241-14944774/enhancers/chr3L_14932705-14933060.fa	355
FBgn0036460_Spearman	FBgn0036460_Spearman/chr3L_14932705-14933060__chr3L_14944241-14944774	RIGHT	chr3L:14944241-14944774	chr3L	14944241	14944774	FBgn0036460_Spearman/chr3L_14932705-14933060__chr3L_14944241-14944774/enhancers/chr3L_14944241-14944774.fa	533
FBgn0036460_Spearman	FBgn0036460_Spearman/chr3L_14932705-14933060__chr3L_14948136-14948479	LEFT	chr3L:14932705-14933060	chr3L	14932705	14933060	FBgn0036460_Spearman/chr3L_14932705-14933060__chr3L_14948136-14948479/enhancers/chr3L_14932705-14933060.fa	355
FBgn0036460_Spearman	FBgn0036460_Spearman/chr3L_14932705-14933060__chr3L_14948136-14948479	RIGHT	chr3L:14948136-14948479	chr3L	14948136	14948479	FBgn0036460_Spearman/chr3L_14932705-14933060__chr3L_14948136-14948479/enhancers/chr3L_14948136-14948479.fa	343
FBgn0036460_Spearman	FBgn0036460_Spearman/chr3L_14936376-14936760__chr3L_14938074-14938558	LEFT	chr3L:14936376-14936760	chr3L	14936376	14936760	FBgn0036460_Spearman/chr3L_14936376-14936760__chr3L_14938074-14938558/enhancers/chr3L_14936376-14936760.fa	384
FBgn0036460_Spearman	FBgn0036460_Spearman/chr3L_14936376-14936760__chr3L_14938074-14938558	RIGHT	chr3L:14938074-14938558	chr3L	14938074	14938558	FBgn0036460_Spearman/chr3L_14936376-14936760__chr3L_14938074-14938558/enhancers/chr3L_14938074-14938558.fa	484
FBgn0036460_Spearman	FBgn0036460_Spearman/chr3L_14936376-14936760__chr3L_14939995-14940646	LEFT	chr3L:14936376-14936760	chr3L	14936376	14936760	FBgn0036460_Spearman/chr3L_14936376-14936760__chr3L_14939995-14940646/enhancers/chr3L_14936376-14936760.fa	384
FBgn0036460_Spearman	FBgn0036460_Spearman/chr3L_14936376-14936760__chr3L_14939995-14940646	RIGHT	chr3L:14939995-14940646	chr3L	14939995	14940646	FBgn0036460_Spearman/chr3L_14936376-14936760__chr3L_14939995-14940646/enhancers/chr3L_14939995-14940646.fa	651
FBgn0036460_Spearman	FBgn0036460_Spearman/chr3L_14936376-14936760__chr3L_14941342-14941625	LEFT	chr3L:14936376-14936760	chr3L	14936376	14936760	FBgn0036460_Spearman/chr3L_14936376-14936760__chr3L_14941342-14941625/enhancers/chr3L_14936376-14936760.fa	384
FBgn0036460_Spearman	FBgn0036460_Spearman/chr3L_14936376-14936760__chr3L_14941342-14941625	RIGHT	chr3L:14941342-14941625	chr3L	14941342	14941625	FBgn0036460_Spearman/chr3L_14936376-14936760__chr3L_14941342-14941625/enhancers/chr3L_14941342-14941625.fa	283
FBgn0036460_Spearman	FBgn0036460_Spearman/chr3L_14936376-14936760__chr3L_14944241-14944774	LEFT	chr3L:14936376-14936760	chr3L	14936376	14936760	FBgn0036460_Spearman/chr3L_14936376-14936760__chr3L_14944241-14944774/enhancers/chr3L_14936376-14936760.fa	384
FBgn0036460_Spearman	FBgn0036460_Spearman/chr3L_14936376-14936760__chr3L_14944241-14944774	RIGHT	chr3L:14944241-14944774	chr3L	14944241	14944774	FBgn0036460_Spearman/chr3L_14936376-14936760__chr3L_14944241-14944774/enhancers/chr3L_14944241-14944774.fa	533
FBgn0036460_Spearman	FBgn0036460_Spearman/chr3L_14936376-14936760__chr3L_14948136-14948479	LEFT	chr3L:14936376-14936760	chr3L	14936376	14936760	FBgn0036460_Spearman/chr3L_14936376-14936760__chr3L_14948136-14948479/enhancers/chr3L_14936376-14936760.fa	384
FBgn0036460_Spearman	FBgn0036460_Spearman/chr3L_14936376-14936760__chr3L_14948136-14948479	RIGHT	chr3L:14948136-14948479	chr3L	14948136	14948479	FBgn0036460_Spearman/chr3L_14936376-14936760__chr3L_14948136-14948479/enhancers/chr3L_14948136-14948479.fa	343
FBgn0036460_Spearman	FBgn0036460_Spearman/chr3L_14938074-14938558__chr3L_14939995-14940646	LEFT	chr3L:14938074-14938558	chr3L	14938074	14938558	FBgn0036460_Spearman/chr3L_14938074-14938558__chr3L_14939995-14940646/enhancers/chr3L_14938074-14938558.fa	484
FBgn0036460_Spearman	FBgn0036460_Spearman/chr3L_14938074-14938558__chr3L_14939995-14940646	RIGHT	chr3L:14939995-14940646	chr3L	14939995	14940646	FBgn0036460_Spearman/chr3L_14938074-14938558__chr3L_14939995-14940646/enhancers/chr3L_14939995-14940646.fa	651
FBgn0036460_Spearman	FBgn0036460_Spearman/chr3L_14938074-14938558__chr3L_14941342-14941625	LEFT	chr3L:14938074-14938558	chr3L	14938074	14938558	FBgn0036460_Spearman/chr3L_14938074-14938558__chr3L_14941342-14941625/enhancers/chr3L_14938074-14938558.fa	484
FBgn0036460_Spearman	FBgn0036460_Spearman/chr3L_14938074-14938558__chr3L_14941342-14941625	RIGHT	chr3L:14941342-14941625	chr3L	14941342	14941625	FBgn0036460_Spearman/chr3L_14938074-14938558__chr3L_14941342-14941625/enhancers/chr3L_14941342-14941625.fa	283
FBgn0036460_Spearman	FBgn0036460_Spearman/chr3L_14938074-14938558__chr3L_14944241-14944774	LEFT	chr3L:14938074-14938558	chr3L	14938074	14938558	FBgn0036460_Spearman/chr3L_14938074-14938558__chr3L_14944241-14944774/enhancers/chr3L_14938074-14938558.fa	484
FBgn0036460_Spearman	FBgn0036460_Spearman/chr3L_14938074-14938558__chr3L_14944241-14944774	RIGHT	chr3L:14944241-14944774	chr3L	14944241	14944774	FBgn0036460_Spearman/chr3L_14938074-14938558__chr3L_14944241-14944774/enhancers/chr3L_14944241-14944774.fa	533
FBgn0036460_Spearman	FBgn0036460_Spearman/chr3L_14938074-14938558__chr3L_14948136-14948479	LEFT	chr3L:14938074-14938558	chr3L	14938074	14938558	FBgn0036460_Spearman/chr3L_14938074-14938558__chr3L_14948136-14948479/enhancers/chr3L_14938074-14938558.fa	484
FBgn0036460_Spearman	FBgn0036460_Spearman/chr3L_14938074-14938558__chr3L_14948136-14948479	RIGHT	chr3L:14948136-14948479	chr3L	14948136	14948479	FBgn0036460_Spearman/chr3L_14938074-14938558__chr3L_14948136-14948479/enhancers/chr3L_14948136-14948479.fa	343
FBgn0036460_Spearman	FBgn0036460_Spearman/chr3L_14939995-14940646__chr3L_14941342-14941625	LEFT	chr3L:14939995-14940646	chr3L	14939995	14940646	FBgn0036460_Spearman/chr3L_14939995-14940646__chr3L_14941342-14941625/enhancers/chr3L_14939995-14940646.fa	651
FBgn0036460_Spearman	FBgn0036460_Spearman/chr3L_14939995-14940646__chr3L_14941342-14941625	RIGHT	chr3L:14941342-14941625	chr3L	14941342	14941625	FBgn0036460_Spearman/chr3L_14939995-14940646__chr3L_14941342-14941625/enhancers/chr3L_14941342-14941625.fa	283
FBgn0036460_Spearman	FBgn0036460_Spearman/chr3L_14939995-14940646__chr3L_14944241-14944774	LEFT	chr3L:14939995-14940646	chr3L	14939995	14940646	FBgn0036460_Spearman/chr3L_14939995-14940646__chr3L_14944241-14944774/enhancers/chr3L_14939995-14940646.fa	651
FBgn0036460_Spearman	FBgn0036460_Spearman/chr3L_14939995-14940646__chr3L_14944241-14944774	RIGHT	chr3L:14944241-14944774	chr3L	14944241	14944774	FBgn0036460_Spearman/chr3L_14939995-14940646__chr3L_14944241-14944774/enhancers/chr3L_14944241-14944774.fa	533
FBgn0036460_Spearman	FBgn0036460_Spearman/chr3L_14939995-14940646__chr3L_14948136-14948479	LEFT	chr3L:14939995-14940646	chr3L	14939995	14940646	FBgn0036460_Spearman/chr3L_14939995-14940646__chr3L_14948136-14948479/enhancers/chr3L_14939995-14940646.fa	651
FBgn0036460_Spearman	FBgn0036460_Spearman/chr3L_14939995-14940646__chr3L_14948136-14948479	RIGHT	chr3L:14948136-14948479	chr3L	14948136	14948479	FBgn0036460_Spearman/chr3L_14939995-14940646__chr3L_14948136-14948479/enhancers/chr3L_14948136-14948479.fa	343
FBgn0036460_Spearman	FBgn0036460_Spearman/chr3L_14941342-14941625__chr3L_14944241-14944774	LEFT	chr3L:14941342-14941625	chr3L	14941342	14941625	FBgn0036460_Spearman/chr3L_14941342-14941625__chr3L_14944241-14944774/enhancers/chr3L_14941342-14941625.fa	283
FBgn0036460_Spearman	FBgn0036460_Spearman/chr3L_14941342-14941625__chr3L_14944241-14944774	RIGHT	chr3L:14944241-14944774	chr3L	14944241	14944774	FBgn0036460_Spearman/chr3L_14941342-14941625__chr3L_14944241-14944774/enhancers/chr3L_14944241-14944774.fa	533
FBgn0036460_Spearman	FBgn0036460_Spearman/chr3L_14941342-14941625__chr3L_14948136-14948479	LEFT	chr3L:14941342-14941625	chr3L	14941342	14941625	FBgn0036460_Spearman/chr3L_14941342-14941625__chr3L_14948136-14948479/enhancers/chr3L_14941342-14941625.fa	283
FBgn0036460_Spearman	FBgn0036460_Spearman/chr3L_14941342-14941625__chr3L_14948136-14948479	RIGHT	chr3L:14948136-14948479	chr3L	14948136	14948479	FBgn0036460_Spearman/chr3L_14941342-14941625__chr3L_14948136-14948479/enhancers/chr3L_14948136-14948479.fa	343
FBgn0036460_Spearman	FBgn0036460_Spearman/chr3L_14944241-14944774__chr3L_14948136-14948479	LEFT	chr3L:14944241-14944774	chr3L	14944241	14944774	FBgn0036460_Spearman/chr3L_14944241-14944774__chr3L_14948136-14948479/enhancers/chr3L_14944241-14944774.fa	533
FBgn0036460_Spearman	FBgn0036460_Spearman/chr3L_14944241-14944774__chr3L_14948136-14948479	RIGHT	chr3L:14948136-14948479	chr3L	14948136	14948479	FBgn0036460_Spearman/chr3L_14944241-14944774__chr3L_14948136-14948479/enhancers/chr3L_14948136-14948479.fa	343
FBgn0036557_Spearman	FBgn0036557_Spearman/chr3L_15984572-15984835__chr3L_15984916-15985116	LEFT	chr3L:15984572-15984835	chr3L	15984572	15984835	FBgn0036557_Spearman/chr3L_15984572-15984835__chr3L_15984916-15985116/enhancers/chr3L_15984572-15984835.fa	263
FBgn0036557_Spearman	FBgn0036557_Spearman/chr3L_15984572-15984835__chr3L_15984916-15985116	RIGHT	chr3L:15984916-15985116	chr3L	15984916	15985116	FBgn0036557_Spearman/chr3L_15984572-15984835__chr3L_15984916-15985116/enhancers/chr3L_15984916-15985116.fa	200
FBgn0036557_Spearman	FBgn0036557_Spearman/chr3L_15984572-15984835__chr3L_15989718-15989918	LEFT	chr3L:15984572-15984835	chr3L	15984572	15984835	FBgn0036557_Spearman/chr3L_15984572-15984835__chr3L_15989718-15989918/enhancers/chr3L_15984572-15984835.fa	263
FBgn0036557_Spearman	FBgn0036557_Spearman/chr3L_15984572-15984835__chr3L_15989718-15989918	RIGHT	chr3L:15989718-15989918	chr3L	15989718	15989918	FBgn0036557_Spearman/chr3L_15984572-15984835__chr3L_15989718-15989918/enhancers/chr3L_15989718-15989918.fa	200
FBgn0036557_Spearman	FBgn0036557_Spearman/chr3L_15984916-15985116__chr3L_15989718-15989918	LEFT	chr3L:15984916-15985116	chr3L	15984916	15985116	FBgn0036557_Spearman/chr3L_15984916-15985116__chr3L_15989718-15989918/enhancers/chr3L_15984916-15985116.fa	200
FBgn0036557_Spearman	FBgn0036557_Spearman/chr3L_15984916-15985116__chr3L_15989718-15989918	RIGHT	chr3L:15989718-15989918	chr3L	15989718	15989918	FBgn0036557_Spearman/chr3L_15984916-15985116__chr3L_15989718-15989918/enhancers/chr3L_15989718-15989918.fa	200
FBgn0036838_Spearman	FBgn0036838_Spearman/chr3L_18966539-18966739__chr3L_18969320-18969520	LEFT	chr3L:18966539-18966739	chr3L	18966539	18966739	FBgn0036838_Spearman/chr3L_18966539-18966739__chr3L_18969320-18969520/enhancers/chr3L_18966539-18966739.fa	200
FBgn0036838_Spearman	FBgn0036838_Spearman/chr3L_18966539-18966739__chr3L_18969320-18969520	RIGHT	chr3L:18969320-18969520	chr3L	18969320	18969520	FBgn0036838_Spearman/chr3L_18966539-18966739__chr3L_18969320-18969520/enhancers/chr3L_18969320-18969520.fa	200
FBgn0037001_Spearman	FBgn0037001_Spearman/chr3L_20415984-20416184__chr3L_20459170-20459888	LEFT	chr3L:20415984-20416184	chr3L	20415984	20416184	FBgn0037001_Spearman/chr3L_20415984-20416184__chr3L_20459170-20459888/enhancers/chr3L_20415984-20416184.fa	200
FBgn0037001_Spearman	FBgn0037001_Spearman/chr3L_20415984-20416184__chr3L_20459170-20459888	RIGHT	chr3L:20459170-20459888	chr3L	20459170	20459888	FBgn0037001_Spearman/chr3L_20415984-20416184__chr3L_20459170-20459888/enhancers/chr3L_20459170-20459888.fa	718
FBgn0037248_Spearman	FBgn0037248_Spearman/chr3R_4433712-4433912__chr3R_4452493-4452808	LEFT	chr3R:4433712-4433912	chr3R	4433712	4433912	FBgn0037248_Spearman/chr3R_4433712-4433912__chr3R_4452493-4452808/enhancers/chr3R_4433712-4433912.fa	200
FBgn0037248_Spearman	FBgn0037248_Spearman/chr3R_4433712-4433912__chr3R_4452493-4452808	RIGHT	chr3R:4452493-4452808	chr3R	4452493	4452808	FBgn0037248_Spearman/chr3R_4433712-4433912__chr3R_4452493-4452808/enhancers/chr3R_4452493-4452808.fa	315
FBgn0037443_Spearman	FBgn0037443_Spearman/chr3R_6435505-6435705__chr3R_6467754-6468039	LEFT	chr3R:6435505-6435705	chr3R	6435505	6435705	FBgn0037443_Spearman/chr3R_6435505-6435705__chr3R_6467754-6468039/enhancers/chr3R_6435505-6435705.fa	200
FBgn0037443_Spearman	FBgn0037443_Spearman/chr3R_6435505-6435705__chr3R_6467754-6468039	RIGHT	chr3R:6467754-6468039	chr3R	6467754	6468039	FBgn0037443_Spearman/chr3R_6435505-6435705__chr3R_6467754-6468039/enhancers/chr3R_6467754-6468039.fa	285
FBgn0037443_Spearman	FBgn0037443_Spearman/chr3R_6435505-6435705__chr3R_6481705-6482044	LEFT	chr3R:6435505-6435705	chr3R	6435505	6435705	FBgn0037443_Spearman/chr3R_6435505-6435705__chr3R_6481705-6482044/enhancers/chr3R_6435505-6435705.fa	200
FBgn0037443_Spearman	FBgn0037443_Spearman/chr3R_6435505-6435705__chr3R_6481705-6482044	RIGHT	chr3R:6481705-6482044	chr3R	6481705	6482044	FBgn0037443_Spearman/chr3R_6435505-6435705__chr3R_6481705-6482044/enhancers/chr3R_6481705-6482044.fa	339
FBgn0037443_Spearman	FBgn0037443_Spearman/chr3R_6435505-6435705__chr3R_6484281-6484481	LEFT	chr3R:6435505-6435705	chr3R	6435505	6435705	FBgn0037443_Spearman/chr3R_6435505-6435705__chr3R_6484281-6484481/enhancers/chr3R_6435505-6435705.fa	200
FBgn0037443_Spearman	FBgn0037443_Spearman/chr3R_6435505-6435705__chr3R_6484281-6484481	RIGHT	chr3R:6484281-6484481	chr3R	6484281	6484481	FBgn0037443_Spearman/chr3R_6435505-6435705__chr3R_6484281-6484481/enhancers/chr3R_6484281-6484481.fa	200
FBgn0037443_Spearman	FBgn0037443_Spearman/chr3R_6467754-6468039__chr3R_6481705-6482044	LEFT	chr3R:6467754-6468039	chr3R	6467754	6468039	FBgn0037443_Spearman/chr3R_6467754-6468039__chr3R_6481705-6482044/enhancers/chr3R_6467754-6468039.fa	285
FBgn0037443_Spearman	FBgn0037443_Spearman/chr3R_6467754-6468039__chr3R_6481705-6482044	RIGHT	chr3R:6481705-6482044	chr3R	6481705	6482044	FBgn0037443_Spearman/chr3R_6467754-6468039__chr3R_6481705-6482044/enhancers/chr3R_6481705-6482044.fa	339
FBgn0037443_Spearman	FBgn0037443_Spearman/chr3R_6467754-6468039__chr3R_6484281-6484481	LEFT	chr3R:6467754-6468039	chr3R	6467754	6468039	FBgn0037443_Spearman/chr3R_6467754-6468039__chr3R_6484281-6484481/enhancers/chr3R_6467754-6468039.fa	285
FBgn0037443_Spearman	FBgn0037443_Spearman/chr3R_6467754-6468039__chr3R_6484281-6484481	RIGHT	chr3R:6484281-6484481	chr3R	6484281	6484481	FBgn0037443_Spearman/chr3R_6467754-6468039__chr3R_6484281-6484481/enhancers/chr3R_6484281-6484481.fa	200
FBgn0037443_Spearman	FBgn0037443_Spearman/chr3R_6481705-6482044__chr3R_6484281-6484481	LEFT	chr3R:6481705-6482044	chr3R	6481705	6482044	FBgn0037443_Spearman/chr3R_6481705-6482044__chr3R_6484281-6484481/enhancers/chr3R_6481705-6482044.fa	339
FBgn0037443_Spearman	FBgn0037443_Spearman/chr3R_6481705-6482044__chr3R_6484281-6484481	RIGHT	chr3R:6484281-6484481	chr3R	6484281	6484481	FBgn0037443_Spearman/chr3R_6481705-6482044__chr3R_6484281-6484481/enhancers/chr3R_6484281-6484481.fa	200
FBgn0037561_Spearman	FBgn0037561_Spearman/chr3R_8275099-8275299__chr3R_8285979-8286212	LEFT	chr3R:8275099-8275299	chr3R	8275099	8275299	FBgn0037561_Spearman/chr3R_8275099-8275299__chr3R_8285979-8286212/enhancers/chr3R_8275099-8275299.fa	200
FBgn0037561_Spearman	FBgn0037561_Spearman/chr3R_8275099-8275299__chr3R_8285979-8286212	RIGHT	chr3R:8285979-8286212	chr3R	8285979	8286212	FBgn0037561_Spearman/chr3R_8275099-8275299__chr3R_8285979-8286212/enhancers/chr3R_8285979-8286212.fa	233
FBgn0037816_Spearman	FBgn0037816_Spearman/chr3R_10382028-10382228__chr3R_10383102-10383302	LEFT	chr3R:10382028-10382228	chr3R	10382028	10382228	FBgn0037816_Spearman/chr3R_10382028-10382228__chr3R_10383102-10383302/enhancers/chr3R_10382028-10382228.fa	200
FBgn0037816_Spearman	FBgn0037816_Spearman/chr3R_10382028-10382228__chr3R_10383102-10383302	RIGHT	chr3R:10383102-10383302	chr3R	10383102	10383302	FBgn0037816_Spearman/chr3R_10382028-10382228__chr3R_10383102-10383302/enhancers/chr3R_10383102-10383302.fa	200
FBgn0037816_Spearman	FBgn0037816_Spearman/chr3R_10382028-10382228__chr3R_10385663-10385863	LEFT	chr3R:10382028-10382228	chr3R	10382028	10382228	FBgn0037816_Spearman/chr3R_10382028-10382228__chr3R_10385663-10385863/enhancers/chr3R_10382028-10382228.fa	200
FBgn0037816_Spearman	FBgn0037816_Spearman/chr3R_10382028-10382228__chr3R_10385663-10385863	RIGHT	chr3R:10385663-10385863	chr3R	10385663	10385863	FBgn0037816_Spearman/chr3R_10382028-10382228__chr3R_10385663-10385863/enhancers/chr3R_10385663-10385863.fa	200
FBgn0037816_Spearman	FBgn0037816_Spearman/chr3R_10382028-10382228__chr3R_10386663-10386863	LEFT	chr3R:10382028-10382228	chr3R	10382028	10382228	FBgn0037816_Spearman/chr3R_10382028-10382228__chr3R_10386663-10386863/enhancers/chr3R_10382028-10382228.fa	200
FBgn0037816_Spearman	FBgn0037816_Spearman/chr3R_10382028-10382228__chr3R_10386663-10386863	RIGHT	chr3R:10386663-10386863	chr3R	10386663	10386863	FBgn0037816_Spearman/chr3R_10382028-10382228__chr3R_10386663-10386863/enhancers/chr3R_10386663-10386863.fa	200
FBgn0037816_Spearman	FBgn0037816_Spearman/chr3R_10383102-10383302__chr3R_10385663-10385863	LEFT	chr3R:10383102-10383302	chr3R	10383102	10383302	FBgn0037816_Spearman/chr3R_10383102-10383302__chr3R_10385663-10385863/enhancers/chr3R_10383102-10383302.fa	200
FBgn0037816_Spearman	FBgn0037816_Spearman/chr3R_10383102-10383302__chr3R_10385663-10385863	RIGHT	chr3R:10385663-10385863	chr3R	10385663	10385863	FBgn0037816_Spearman/chr3R_10383102-10383302__chr3R_10385663-10385863/enhancers/chr3R_10385663-10385863.fa	200
FBgn0037816_Spearman	FBgn0037816_Spearman/chr3R_10383102-10383302__chr3R_10386663-10386863	LEFT	chr3R:10383102-10383302	chr3R	10383102	10383302	FBgn0037816_Spearman/chr3R_10383102-10383302__chr3R_10386663-10386863/enhancers/chr3R_10383102-10383302.fa	200
FBgn0037816_Spearman	FBgn0037816_Spearman/chr3R_10383102-10383302__chr3R_10386663-10386863	RIGHT	chr3R:10386663-10386863	chr3R	10386663	10386863	FBgn0037816_Spearman/chr3R_10383102-10383302__chr3R_10386663-10386863/enhancers/chr3R_10386663-10386863.fa	200
FBgn0037816_Spearman	FBgn0037816_Spearman/chr3R_10385663-10385863__chr3R_10386663-10386863	LEFT	chr3R:10385663-10385863	chr3R	10385663	10385863	FBgn0037816_Spearman/chr3R_10385663-10385863__chr3R_10386663-10386863/enhancers/chr3R_10385663-10385863.fa	200
FBgn0037816_Spearman	FBgn0037816_Spearman/chr3R_10385663-10385863__chr3R_10386663-10386863	RIGHT	chr3R:10386663-10386863	chr3R	10386663	10386863	FBgn0037816_Spearman/chr3R_10385663-10385863__chr3R_10386663-10386863/enhancers/chr3R_10386663-10386863.fa	200
FBgn0037892_Spearman	FBgn0037892_Spearman/chr3R_11351913-11352365__chr3R_11352401-11352901	LEFT	chr3R:11351913-11352365	chr3R	11351913	11352365	FBgn0037892_Spearman/chr3R_11351913-11352365__chr3R_11352401-11352901/enhancers/chr3R_11351913-11352365.fa	452
FBgn0037892_Spearman	FBgn0037892_Spearman/chr3R_11351913-11352365__chr3R_11352401-11352901	RIGHT	chr3R:11352401-11352901	chr3R	11352401	11352901	FBgn0037892_Spearman/chr3R_11351913-11352365__chr3R_11352401-11352901/enhancers/chr3R_11352401-11352901.fa	500
FBgn0037892_Spearman	FBgn0037892_Spearman/chr3R_11351913-11352365__chr3R_11353401-11353818	LEFT	chr3R:11351913-11352365	chr3R	11351913	11352365	FBgn0037892_Spearman/chr3R_11351913-11352365__chr3R_11353401-11353818/enhancers/chr3R_11351913-11352365.fa	452
FBgn0037892_Spearman	FBgn0037892_Spearman/chr3R_11351913-11352365__chr3R_11353401-11353818	RIGHT	chr3R:11353401-11353818	chr3R	11353401	11353818	FBgn0037892_Spearman/chr3R_11351913-11352365__chr3R_11353401-11353818/enhancers/chr3R_11353401-11353818.fa	417
FBgn0037892_Spearman	FBgn0037892_Spearman/chr3R_11351913-11352365__chr3R_11372382-11372635	LEFT	chr3R:11351913-11352365	chr3R	11351913	11352365	FBgn0037892_Spearman/chr3R_11351913-11352365__chr3R_11372382-11372635/enhancers/chr3R_11351913-11352365.fa	452
FBgn0037892_Spearman	FBgn0037892_Spearman/chr3R_11351913-11352365__chr3R_11372382-11372635	RIGHT	chr3R:11372382-11372635	chr3R	11372382	11372635	FBgn0037892_Spearman/chr3R_11351913-11352365__chr3R_11372382-11372635/enhancers/chr3R_11372382-11372635.fa	253
FBgn0037892_Spearman	FBgn0037892_Spearman/chr3R_11352401-11352901__chr3R_11353401-11353818	LEFT	chr3R:11352401-11352901	chr3R	11352401	11352901	FBgn0037892_Spearman/chr3R_11352401-11352901__chr3R_11353401-11353818/enhancers/chr3R_11352401-11352901.fa	500
FBgn0037892_Spearman	FBgn0037892_Spearman/chr3R_11352401-11352901__chr3R_11353401-11353818	RIGHT	chr3R:11353401-11353818	chr3R	11353401	11353818	FBgn0037892_Spearman/chr3R_11352401-11352901__chr3R_11353401-11353818/enhancers/chr3R_11353401-11353818.fa	417
FBgn0037892_Spearman	FBgn0037892_Spearman/chr3R_11352401-11352901__chr3R_11372382-11372635	LEFT	chr3R:11352401-11352901	chr3R	11352401	11352901	FBgn0037892_Spearman/chr3R_11352401-11352901__chr3R_11372382-11372635/enhancers/chr3R_11352401-11352901.fa	500
FBgn0037892_Spearman	FBgn0037892_Spearman/chr3R_11352401-11352901__chr3R_11372382-11372635	RIGHT	chr3R:11372382-11372635	chr3R	11372382	11372635	FBgn0037892_Spearman/chr3R_11352401-11352901__chr3R_11372382-11372635/enhancers/chr3R_11372382-11372635.fa	253
FBgn0037892_Spearman	FBgn0037892_Spearman/chr3R_11353401-11353818__chr3R_11372382-11372635	LEFT	chr3R:11353401-11353818	chr3R	11353401	11353818	FBgn0037892_Spearman/chr3R_11353401-11353818__chr3R_11372382-11372635/enhancers/chr3R_11353401-11353818.fa	417
FBgn0037892_Spearman	FBgn0037892_Spearman/chr3R_11353401-11353818__chr3R_11372382-11372635	RIGHT	chr3R:11372382-11372635	chr3R	11372382	11372635	FBgn0037892_Spearman/chr3R_11353401-11353818__chr3R_11372382-11372635/enhancers/chr3R_11372382-11372635.fa	253
FBgn0038788_Spearman	FBgn0038788_Spearman/chr3R_20264445-20264645__chr3R_20280523-20280723	LEFT	chr3R:20264445-20264645	chr3R	20264445	20264645	FBgn0038788_Spearman/chr3R_20264445-20264645__chr3R_20280523-20280723/enhancers/chr3R_20264445-20264645.fa	200
FBgn0038788_Spearman	FBgn0038788_Spearman/chr3R_20264445-20264645__chr3R_20280523-20280723	RIGHT	chr3R:20280523-20280723	chr3R	20280523	20280723	FBgn0038788_Spearman/chr3R_20264445-20264645__chr3R_20280523-20280723/enhancers/chr3R_20280523-20280723.fa	200
FBgn0039039_Spearman	FBgn0039039_Spearman/chr3R_23037946-23038146__chr3R_23038606-23038806	LEFT	chr3R:23037946-23038146	chr3R	23037946	23038146	FBgn0039039_Spearman/chr3R_23037946-23038146__chr3R_23038606-23038806/enhancers/chr3R_23037946-23038146.fa	200
FBgn0039039_Spearman	FBgn0039039_Spearman/chr3R_23037946-23038146__chr3R_23038606-23038806	RIGHT	chr3R:23038606-23038806	chr3R	23038606	23038806	FBgn0039039_Spearman/chr3R_23037946-23038146__chr3R_23038606-23038806/enhancers/chr3R_23038606-23038806.fa	200
FBgn0039627_Spearman	FBgn0039627_Spearman/chr3R_29064683-29065106__chr3R_29065872-29066072	LEFT	chr3R:29064683-29065106	chr3R	29064683	29065106	FBgn0039627_Spearman/chr3R_29064683-29065106__chr3R_29065872-29066072/enhancers/chr3R_29064683-29065106.fa	423
FBgn0039627_Spearman	FBgn0039627_Spearman/chr3R_29064683-29065106__chr3R_29065872-29066072	RIGHT	chr3R:29065872-29066072	chr3R	29065872	29066072	FBgn0039627_Spearman/chr3R_29064683-29065106__chr3R_29065872-29066072/enhancers/chr3R_29065872-29066072.fa	200
FBgn0039667_Spearman	FBgn0039667_Spearman/chr3R_29510492-29510976__chr3R_29511283-29511790	LEFT	chr3R:29510492-29510976	chr3R	29510492	29510976	FBgn0039667_Spearman/chr3R_29510492-29510976__chr3R_29511283-29511790/enhancers/chr3R_29510492-29510976.fa	484
FBgn0039667_Spearman	FBgn0039667_Spearman/chr3R_29510492-29510976__chr3R_29511283-29511790	RIGHT	chr3R:29511283-29511790	chr3R	29511283	29511790	FBgn0039667_Spearman/chr3R_29510492-29510976__chr3R_29511283-29511790/enhancers/chr3R_29511283-29511790.fa	507
FBgn0039863_Spearman	FBgn0039863_Spearman/chr3R_31701754-31702148__chr3R_31704699-31705265	LEFT	chr3R:31701754-31702148	chr3R	31701754	31702148	FBgn0039863_Spearman/chr3R_31701754-31702148__chr3R_31704699-31705265/enhancers/chr3R_31701754-31702148.fa	394
FBgn0039863_Spearman	FBgn0039863_Spearman/chr3R_31701754-31702148__chr3R_31704699-31705265	RIGHT	chr3R:31704699-31705265	chr3R	31704699	31705265	FBgn0039863_Spearman/chr3R_31701754-31702148__chr3R_31704699-31705265/enhancers/chr3R_31704699-31705265.fa	566
FBgn0040071_Spearman	FBgn0040071_Spearman/chr3R_16208035-16208235__chr3R_16234208-16234580	LEFT	chr3R:16208035-16208235	chr3R	16208035	16208235	FBgn0040071_Spearman/chr3R_16208035-16208235__chr3R_16234208-16234580/enhancers/chr3R_16208035-16208235.fa	200
FBgn0040071_Spearman	FBgn0040071_Spearman/chr3R_16208035-16208235__chr3R_16234208-16234580	RIGHT	chr3R:16234208-16234580	chr3R	16234208	16234580	FBgn0040071_Spearman/chr3R_16208035-16208235__chr3R_16234208-16234580/enhancers/chr3R_16234208-16234580.fa	372
FBgn0040071_Spearman	FBgn0040071_Spearman/chr3R_16208035-16208235__chr3R_16235670-16236148	LEFT	chr3R:16208035-16208235	chr3R	16208035	16208235	FBgn0040071_Spearman/chr3R_16208035-16208235__chr3R_16235670-16236148/enhancers/chr3R_16208035-16208235.fa	200
FBgn0040071_Spearman	FBgn0040071_Spearman/chr3R_16208035-16208235__chr3R_16235670-16236148	RIGHT	chr3R:16235670-16236148	chr3R	16235670	16236148	FBgn0040071_Spearman/chr3R_16208035-16208235__chr3R_16235670-16236148/enhancers/chr3R_16235670-16236148.fa	478
FBgn0040071_Spearman	FBgn0040071_Spearman/chr3R_16208035-16208235__chr3R_16236366-16236648	LEFT	chr3R:16208035-16208235	chr3R	16208035	16208235	FBgn0040071_Spearman/chr3R_16208035-16208235__chr3R_16236366-16236648/enhancers/chr3R_16208035-16208235.fa	200
FBgn0040071_Spearman	FBgn0040071_Spearman/chr3R_16208035-16208235__chr3R_16236366-16236648	RIGHT	chr3R:16236366-16236648	chr3R	16236366	16236648	FBgn0040071_Spearman/chr3R_16208035-16208235__chr3R_16236366-16236648/enhancers/chr3R_16236366-16236648.fa	282
FBgn0040071_Spearman	FBgn0040071_Spearman/chr3R_16208035-16208235__chr3R_16242325-16242715	LEFT	chr3R:16208035-16208235	chr3R	16208035	16208235	FBgn0040071_Spearman/chr3R_16208035-16208235__chr3R_16242325-16242715/enhancers/chr3R_16208035-16208235.fa	200
FBgn0040071_Spearman	FBgn0040071_Spearman/chr3R_16208035-16208235__chr3R_16242325-16242715	RIGHT	chr3R:16242325-16242715	chr3R	16242325	16242715	FBgn0040071_Spearman/chr3R_16208035-16208235__chr3R_16242325-16242715/enhancers/chr3R_16242325-16242715.fa	390
FBgn0040071_Spearman	FBgn0040071_Spearman/chr3R_16208035-16208235__chr3R_16254794-16255607	LEFT	chr3R:16208035-16208235	chr3R	16208035	16208235	FBgn0040071_Spearman/chr3R_16208035-16208235__chr3R_16254794-16255607/enhancers/chr3R_16208035-16208235.fa	200
FBgn0040071_Spearman	FBgn0040071_Spearman/chr3R_16208035-16208235__chr3R_16254794-16255607	RIGHT	chr3R:16254794-16255607	chr3R	16254794	16255607	FBgn0040071_Spearman/chr3R_16208035-16208235__chr3R_16254794-16255607/enhancers/chr3R_16254794-16255607.fa	813
FBgn0040071_Spearman	FBgn0040071_Spearman/chr3R_16208035-16208235__chr3R_16256084-16256284	LEFT	chr3R:16208035-16208235	chr3R	16208035	16208235	FBgn0040071_Spearman/chr3R_16208035-16208235__chr3R_16256084-16256284/enhancers/chr3R_16208035-16208235.fa	200
FBgn0040071_Spearman	FBgn0040071_Spearman/chr3R_16208035-16208235__chr3R_16256084-16256284	RIGHT	chr3R:16256084-16256284	chr3R	16256084	16256284	FBgn0040071_Spearman/chr3R_16208035-16208235__chr3R_16256084-16256284/enhancers/chr3R_16256084-16256284.fa	200
FBgn0040071_Spearman	FBgn0040071_Spearman/chr3R_16234208-16234580__chr3R_16235670-16236148	LEFT	chr3R:16234208-16234580	chr3R	16234208	16234580	FBgn0040071_Spearman/chr3R_16234208-16234580__chr3R_16235670-16236148/enhancers/chr3R_16234208-16234580.fa	372
FBgn0040071_Spearman	FBgn0040071_Spearman/chr3R_16234208-16234580__chr3R_16235670-16236148	RIGHT	chr3R:16235670-16236148	chr3R	16235670	16236148	FBgn0040071_Spearman/chr3R_16234208-16234580__chr3R_16235670-16236148/enhancers/chr3R_16235670-16236148.fa	478
FBgn0040071_Spearman	FBgn0040071_Spearman/chr3R_16234208-16234580__chr3R_16236366-16236648	LEFT	chr3R:16234208-16234580	chr3R	16234208	16234580	FBgn0040071_Spearman/chr3R_16234208-16234580__chr3R_16236366-16236648/enhancers/chr3R_16234208-16234580.fa	372
FBgn0040071_Spearman	FBgn0040071_Spearman/chr3R_16234208-16234580__chr3R_16236366-16236648	RIGHT	chr3R:16236366-16236648	chr3R	16236366	16236648	FBgn0040071_Spearman/chr3R_16234208-16234580__chr3R_16236366-16236648/enhancers/chr3R_16236366-16236648.fa	282
FBgn0040071_Spearman	FBgn0040071_Spearman/chr3R_16234208-16234580__chr3R_16242325-16242715	LEFT	chr3R:16234208-16234580	chr3R	16234208	16234580	FBgn0040071_Spearman/chr3R_16234208-16234580__chr3R_16242325-16242715/enhancers/chr3R_16234208-16234580.fa	372
FBgn0040071_Spearman	FBgn0040071_Spearman/chr3R_16234208-16234580__chr3R_16242325-16242715	RIGHT	chr3R:16242325-16242715	chr3R	16242325	16242715	FBgn0040071_Spearman/chr3R_16234208-16234580__chr3R_16242325-16242715/enhancers/chr3R_16242325-16242715.fa	390
FBgn0040071_Spearman	FBgn0040071_Spearman/chr3R_16234208-16234580__chr3R_16254794-16255607	LEFT	chr3R:16234208-16234580	chr3R	16234208	16234580	FBgn0040071_Spearman/chr3R_16234208-16234580__chr3R_16254794-16255607/enhancers/chr3R_16234208-16234580.fa	372
FBgn0040071_Spearman	FBgn0040071_Spearman/chr3R_16234208-16234580__chr3R_16254794-16255607	RIGHT	chr3R:16254794-16255607	chr3R	16254794	16255607	FBgn0040071_Spearman/chr3R_16234208-16234580__chr3R_16254794-16255607/enhancers/chr3R_16254794-16255607.fa	813
FBgn0040071_Spearman	FBgn0040071_Spearman/chr3R_16234208-16234580__chr3R_16256084-16256284	LEFT	chr3R:16234208-16234580	chr3R	16234208	16234580	FBgn0040071_Spearman/chr3R_16234208-16234580__chr3R_16256084-16256284/enhancers/chr3R_16234208-16234580.fa	372
FBgn0040071_Spearman	FBgn0040071_Spearman/chr3R_16234208-16234580__chr3R_16256084-16256284	RIGHT	chr3R:16256084-16256284	chr3R	16256084	16256284	FBgn0040071_Spearman/chr3R_16234208-16234580__chr3R_16256084-16256284/enhancers/chr3R_16256084-16256284.fa	200
FBgn0040071_Spearman	FBgn0040071_Spearman/chr3R_16235670-16236148__chr3R_16236366-16236648	LEFT	chr3R:16235670-16236148	chr3R	16235670	16236148	FBgn0040071_Spearman/chr3R_16235670-16236148__chr3R_16236366-16236648/enhancers/chr3R_16235670-16236148.fa	478
FBgn0040071_Spearman	FBgn0040071_Spearman/chr3R_16235670-16236148__chr3R_16236366-16236648	RIGHT	chr3R:16236366-16236648	chr3R	16236366	16236648	FBgn0040071_Spearman/chr3R_16235670-16236148__chr3R_16236366-16236648/enhancers/chr3R_16236366-16236648.fa	282
FBgn0040071_Spearman	FBgn0040071_Spearman/chr3R_16235670-16236148__chr3R_16242325-16242715	LEFT	chr3R:16235670-16236148	chr3R	16235670	16236148	FBgn0040071_Spearman/chr3R_16235670-16236148__chr3R_16242325-16242715/enhancers/chr3R_16235670-16236148.fa	478
FBgn0040071_Spearman	FBgn0040071_Spearman/chr3R_16235670-16236148__chr3R_16242325-16242715	RIGHT	chr3R:16242325-16242715	chr3R	16242325	16242715	FBgn0040071_Spearman/chr3R_16235670-16236148__chr3R_16242325-16242715/enhancers/chr3R_16242325-16242715.fa	390
FBgn0040071_Spearman	FBgn0040071_Spearman/chr3R_16235670-16236148__chr3R_16254794-16255607	LEFT	chr3R:16235670-16236148	chr3R	16235670	16236148	FBgn0040071_Spearman/chr3R_16235670-16236148__chr3R_16254794-16255607/enhancers/chr3R_16235670-16236148.fa	478
FBgn0040071_Spearman	FBgn0040071_Spearman/chr3R_16235670-16236148__chr3R_16254794-16255607	RIGHT	chr3R:16254794-16255607	chr3R	16254794	16255607	FBgn0040071_Spearman/chr3R_16235670-16236148__chr3R_16254794-16255607/enhancers/chr3R_16254794-16255607.fa	813
FBgn0040071_Spearman	FBgn0040071_Spearman/chr3R_16235670-16236148__chr3R_16256084-16256284	LEFT	chr3R:16235670-16236148	chr3R	16235670	16236148	FBgn0040071_Spearman/chr3R_16235670-16236148__chr3R_16256084-16256284/enhancers/chr3R_16235670-16236148.fa	478
FBgn0040071_Spearman	FBgn0040071_Spearman/chr3R_16235670-16236148__chr3R_16256084-16256284	RIGHT	chr3R:16256084-16256284	chr3R	16256084	16256284	FBgn0040071_Spearman/chr3R_16235670-16236148__chr3R_16256084-16256284/enhancers/chr3R_16256084-16256284.fa	200
FBgn0040071_Spearman	FBgn0040071_Spearman/chr3R_16236366-16236648__chr3R_16242325-16242715	LEFT	chr3R:16236366-16236648	chr3R	16236366	16236648	FBgn0040071_Spearman/chr3R_16236366-16236648__chr3R_16242325-16242715/enhancers/chr3R_16236366-16236648.fa	282
FBgn0040071_Spearman	FBgn0040071_Spearman/chr3R_16236366-16236648__chr3R_16242325-16242715	RIGHT	chr3R:16242325-16242715	chr3R	16242325	16242715	FBgn0040071_Spearman/chr3R_16236366-16236648__chr3R_16242325-16242715/enhancers/chr3R_16242325-16242715.fa	390
FBgn0040071_Spearman	FBgn0040071_Spearman/chr3R_16236366-16236648__chr3R_16254794-16255607	LEFT	chr3R:16236366-16236648	chr3R	16236366	16236648	FBgn0040071_Spearman/chr3R_16236366-16236648__chr3R_16254794-16255607/enhancers/chr3R_16236366-16236648.fa	282
FBgn0040071_Spearman	FBgn0040071_Spearman/chr3R_16236366-16236648__chr3R_16254794-16255607	RIGHT	chr3R:16254794-16255607	chr3R	16254794	16255607	FBgn0040071_Spearman/chr3R_16236366-16236648__chr3R_16254794-16255607/enhancers/chr3R_16254794-16255607.fa	813
FBgn0040071_Spearman	FBgn0040071_Spearman/chr3R_16236366-16236648__chr3R_16256084-16256284	LEFT	chr3R:16236366-16236648	chr3R	16236366	16236648	FBgn0040071_Spearman/chr3R_16236366-16236648__chr3R_16256084-16256284/enhancers/chr3R_16236366-16236648.fa	282
FBgn0040071_Spearman	FBgn0040071_Spearman/chr3R_16236366-16236648__chr3R_16256084-16256284	RIGHT	chr3R:16256084-16256284	chr3R	16256084	16256284	FBgn0040071_Spearman/chr3R_16236366-16236648__chr3R_16256084-16256284/enhancers/chr3R_16256084-16256284.fa	200
FBgn0040071_Spearman	FBgn0040071_Spearman/chr3R_16242325-16242715__chr3R_16254794-16255607	LEFT	chr3R:16242325-16242715	chr3R	16242325	16242715	FBgn0040071_Spearman/chr3R_16242325-16242715__chr3R_16254794-16255607/enhancers/chr3R_16242325-16242715.fa	390
FBgn0040071_Spearman	FBgn0040071_Spearman/chr3R_16242325-16242715__chr3R_16254794-16255607	RIGHT	chr3R:16254794-16255607	chr3R	16254794	16255607	FBgn0040071_Spearman/chr3R_16242325-16242715__chr3R_16254794-16255607/enhancers/chr3R_16254794-16255607.fa	813
FBgn0040071_Spearman	FBgn0040071_Spearman/chr3R_16242325-16242715__chr3R_16256084-16256284	LEFT	chr3R:16242325-16242715	chr3R	16242325	16242715	FBgn0040071_Spearman/chr3R_16242325-16242715__chr3R_16256084-16256284/enhancers/chr3R_16242325-16242715.fa	390
FBgn0040071_Spearman	FBgn0040071_Spearman/chr3R_16242325-16242715__chr3R_16256084-16256284	RIGHT	chr3R:16256084-16256284	chr3R	16256084	16256284	FBgn0040071_Spearman/chr3R_16242325-16242715__chr3R_16256084-16256284/enhancers/chr3R_16256084-16256284.fa	200
FBgn0040071_Spearman	FBgn0040071_Spearman/chr3R_16254794-16255607__chr3R_16256084-16256284	LEFT	chr3R:16254794-16255607	chr3R	16254794	16255607	FBgn0040071_Spearman/chr3R_16254794-16255607__chr3R_16256084-16256284/enhancers/chr3R_16254794-16255607.fa	813
FBgn0040071_Spearman	FBgn0040071_Spearman/chr3R_16254794-16255607__chr3R_16256084-16256284	RIGHT	chr3R:16256084-16256284	chr3R	16256084	16256284	FBgn0040071_Spearman/chr3R_16254794-16255607__chr3R_16256084-16256284/enhancers/chr3R_16256084-16256284.fa	200
FBgn0040389_Spearman	FBgn0040389_Spearman/chrX_2270820-2271020__chrX_2282017-2282260	LEFT	chrX:2270820-2271020	chrX	2270820	2271020	FBgn0040389_Spearman/chrX_2270820-2271020__chrX_2282017-2282260/enhancers/chrX_2270820-2271020.fa	200
FBgn0040389_Spearman	FBgn0040389_Spearman/chrX_2270820-2271020__chrX_2282017-2282260	RIGHT	chrX:2282017-2282260	chrX	2282017	2282260	FBgn0040389_Spearman/chrX_2270820-2271020__chrX_2282017-2282260/enhancers/chrX_2282017-2282260.fa	243
FBgn0041096_Spearman	FBgn0041096_Spearman/chr3L_12063986-12064331__chr3L_12082643-12082843	LEFT	chr3L:12063986-12064331	chr3L	12063986	12064331	FBgn0041096_Spearman/chr3L_12063986-12064331__chr3L_12082643-12082843/enhancers/chr3L_12063986-12064331.fa	345
FBgn0041096_Spearman	FBgn0041096_Spearman/chr3L_12063986-12064331__chr3L_12082643-12082843	RIGHT	chr3L:12082643-12082843	chr3L	12082643	12082843	FBgn0041096_Spearman/chr3L_12063986-12064331__chr3L_12082643-12082843/enhancers/chr3L_12082643-12082843.fa	200
FBgn0045759_Spearman	FBgn0045759_Spearman/chr3L_6962082-6962696__chr3L_6964398-6964598	LEFT	chr3L:6962082-6962696	chr3L	6962082	6962696	FBgn0045759_Spearman/chr3L_6962082-6962696__chr3L_6964398-6964598/enhancers/chr3L_6962082-6962696.fa	614
FBgn0045759_Spearman	FBgn0045759_Spearman/chr3L_6962082-6962696__chr3L_6964398-6964598	RIGHT	chr3L:6964398-6964598	chr3L	6964398	6964598	FBgn0045759_Spearman/chr3L_6962082-6962696__chr3L_6964398-6964598/enhancers/chr3L_6964398-6964598.fa	200
FBgn0051536_Spearman	FBgn0051536_Spearman/chr3R_4979211-4979648__chr3R_4980433-4980891	LEFT	chr3R:4979211-4979648	chr3R	4979211	4979648	FBgn0051536_Spearman/chr3R_4979211-4979648__chr3R_4980433-4980891/enhancers/chr3R_4979211-4979648.fa	437
FBgn0051536_Spearman	FBgn0051536_Spearman/chr3R_4979211-4979648__chr3R_4980433-4980891	RIGHT	chr3R:4980433-4980891	chr3R	4980433	4980891	FBgn0051536_Spearman/chr3R_4979211-4979648__chr3R_4980433-4980891/enhancers/chr3R_4980433-4980891.fa	458
FBgn0052528_Spearman	FBgn0052528_Spearman/chrX_19713152-19713438__chrX_19713966-19714243	LEFT	chrX:19713152-19713438	chrX	19713152	19713438	FBgn0052528_Spearman/chrX_19713152-19713438__chrX_19713966-19714243/enhancers/chrX_19713152-19713438.fa	286
FBgn0052528_Spearman	FBgn0052528_Spearman/chrX_19713152-19713438__chrX_19713966-19714243	RIGHT	chrX:19713966-19714243	chrX	19713966	19714243	FBgn0052528_Spearman/chrX_19713152-19713438__chrX_19713966-19714243/enhancers/chrX_19713966-19714243.fa	277
FBgn0052528_Spearman	FBgn0052528_Spearman/chrX_19713152-19713438__chrX_19714899-19715388	LEFT	chrX:19713152-19713438	chrX	19713152	19713438	FBgn0052528_Spearman/chrX_19713152-19713438__chrX_19714899-19715388/enhancers/chrX_19713152-19713438.fa	286
FBgn0052528_Spearman	FBgn0052528_Spearman/chrX_19713152-19713438__chrX_19714899-19715388	RIGHT	chrX:19714899-19715388	chrX	19714899	19715388	FBgn0052528_Spearman/chrX_19713152-19713438__chrX_19714899-19715388/enhancers/chrX_19714899-19715388.fa	489
FBgn0052528_Spearman	FBgn0052528_Spearman/chrX_19713152-19713438__chrX_19717880-19718080	LEFT	chrX:19713152-19713438	chrX	19713152	19713438	FBgn0052528_Spearman/chrX_19713152-19713438__chrX_19717880-19718080/enhancers/chrX_19713152-19713438.fa	286
FBgn0052528_Spearman	FBgn0052528_Spearman/chrX_19713152-19713438__chrX_19717880-19718080	RIGHT	chrX:19717880-19718080	chrX	19717880	19718080	FBgn0052528_Spearman/chrX_19713152-19713438__chrX_19717880-19718080/enhancers/chrX_19717880-19718080.fa	200
FBgn0052528_Spearman	FBgn0052528_Spearman/chrX_19713966-19714243__chrX_19714899-19715388	LEFT	chrX:19713966-19714243	chrX	19713966	19714243	FBgn0052528_Spearman/chrX_19713966-19714243__chrX_19714899-19715388/enhancers/chrX_19713966-19714243.fa	277
FBgn0052528_Spearman	FBgn0052528_Spearman/chrX_19713966-19714243__chrX_19714899-19715388	RIGHT	chrX:19714899-19715388	chrX	19714899	19715388	FBgn0052528_Spearman/chrX_19713966-19714243__chrX_19714899-19715388/enhancers/chrX_19714899-19715388.fa	489
FBgn0052528_Spearman	FBgn0052528_Spearman/chrX_19713966-19714243__chrX_19717880-19718080	LEFT	chrX:19713966-19714243	chrX	19713966	19714243	FBgn0052528_Spearman/chrX_19713966-19714243__chrX_19717880-19718080/enhancers/chrX_19713966-19714243.fa	277
FBgn0052528_Spearman	FBgn0052528_Spearman/chrX_19713966-19714243__chrX_19717880-19718080	RIGHT	chrX:19717880-19718080	chrX	19717880	19718080	FBgn0052528_Spearman/chrX_19713966-19714243__chrX_19717880-19718080/enhancers/chrX_19717880-19718080.fa	200
FBgn0052528_Spearman	FBgn0052528_Spearman/chrX_19714899-19715388__chrX_19717880-19718080	LEFT	chrX:19714899-19715388	chrX	19714899	19715388	FBgn0052528_Spearman/chrX_19714899-19715388__chrX_19717880-19718080/enhancers/chrX_19714899-19715388.fa	489
FBgn0052528_Spearman	FBgn0052528_Spearman/chrX_19714899-19715388__chrX_19717880-19718080	RIGHT	chrX:19717880-19718080	chrX	19717880	19718080	FBgn0052528_Spearman/chrX_19714899-19715388__chrX_19717880-19718080/enhancers/chrX_19717880-19718080.fa	200
FBgn0053207_Spearman	FBgn0053207_Spearman/chr3R_15639984-15640424__chr3R_15643161-15643399	LEFT	chr3R:15639984-15640424	chr3R	15639984	15640424	FBgn0053207_Spearman/chr3R_15639984-15640424__chr3R_15643161-15643399/enhancers/chr3R_15639984-15640424.fa	440
FBgn0053207_Spearman	FBgn0053207_Spearman/chr3R_15639984-15640424__chr3R_15643161-15643399	RIGHT	chr3R:15643161-15643399	chr3R	15643161	15643399	FBgn0053207_Spearman/chr3R_15639984-15640424__chr3R_15643161-15643399/enhancers/chr3R_15643161-15643399.fa	238
FBgn0053207_Spearman	FBgn0053207_Spearman/chr3R_15639984-15640424__chr3R_15647486-15647986	LEFT	chr3R:15639984-15640424	chr3R	15639984	15640424	FBgn0053207_Spearman/chr3R_15639984-15640424__chr3R_15647486-15647986/enhancers/chr3R_15639984-15640424.fa	440
FBgn0053207_Spearman	FBgn0053207_Spearman/chr3R_15639984-15640424__chr3R_15647486-15647986	RIGHT	chr3R:15647486-15647986	chr3R	15647486	15647986	FBgn0053207_Spearman/chr3R_15639984-15640424__chr3R_15647486-15647986/enhancers/chr3R_15647486-15647986.fa	500
FBgn0053207_Spearman	FBgn0053207_Spearman/chr3R_15639984-15640424__chr3R_15649388-15650148	LEFT	chr3R:15639984-15640424	chr3R	15639984	15640424	FBgn0053207_Spearman/chr3R_15639984-15640424__chr3R_15649388-15650148/enhancers/chr3R_15639984-15640424.fa	440
FBgn0053207_Spearman	FBgn0053207_Spearman/chr3R_15639984-15640424__chr3R_15649388-15650148	RIGHT	chr3R:15649388-15650148	chr3R	15649388	15650148	FBgn0053207_Spearman/chr3R_15639984-15640424__chr3R_15649388-15650148/enhancers/chr3R_15649388-15650148.fa	760
FBgn0053207_Spearman	FBgn0053207_Spearman/chr3R_15639984-15640424__chr3R_15668979-15669269	LEFT	chr3R:15639984-15640424	chr3R	15639984	15640424	FBgn0053207_Spearman/chr3R_15639984-15640424__chr3R_15668979-15669269/enhancers/chr3R_15639984-15640424.fa	440
FBgn0053207_Spearman	FBgn0053207_Spearman/chr3R_15639984-15640424__chr3R_15668979-15669269	RIGHT	chr3R:15668979-15669269	chr3R	15668979	15669269	FBgn0053207_Spearman/chr3R_15639984-15640424__chr3R_15668979-15669269/enhancers/chr3R_15668979-15669269.fa	290
FBgn0053207_Spearman	FBgn0053207_Spearman/chr3R_15639984-15640424__chr3R_15670860-15671233	LEFT	chr3R:15639984-15640424	chr3R	15639984	15640424	FBgn0053207_Spearman/chr3R_15639984-15640424__chr3R_15670860-15671233/enhancers/chr3R_15639984-15640424.fa	440
FBgn0053207_Spearman	FBgn0053207_Spearman/chr3R_15639984-15640424__chr3R_15670860-15671233	RIGHT	chr3R:15670860-15671233	chr3R	15670860	15671233	FBgn0053207_Spearman/chr3R_15639984-15640424__chr3R_15670860-15671233/enhancers/chr3R_15670860-15671233.fa	373
FBgn0053207_Spearman	FBgn0053207_Spearman/chr3R_15639984-15640424__chr3R_15671596-15671796	LEFT	chr3R:15639984-15640424	chr3R	15639984	15640424	FBgn0053207_Spearman/chr3R_15639984-15640424__chr3R_15671596-15671796/enhancers/chr3R_15639984-15640424.fa	440
FBgn0053207_Spearman	FBgn0053207_Spearman/chr3R_15639984-15640424__chr3R_15671596-15671796	RIGHT	chr3R:15671596-15671796	chr3R	15671596	15671796	FBgn0053207_Spearman/chr3R_15639984-15640424__chr3R_15671596-15671796/enhancers/chr3R_15671596-15671796.fa	200
FBgn0053207_Spearman	FBgn0053207_Spearman/chr3R_15643161-15643399__chr3R_15647486-15647986	LEFT	chr3R:15643161-15643399	chr3R	15643161	15643399	FBgn0053207_Spearman/chr3R_15643161-15643399__chr3R_15647486-15647986/enhancers/chr3R_15643161-15643399.fa	238
FBgn0053207_Spearman	FBgn0053207_Spearman/chr3R_15643161-15643399__chr3R_15647486-15647986	RIGHT	chr3R:15647486-15647986	chr3R	15647486	15647986	FBgn0053207_Spearman/chr3R_15643161-15643399__chr3R_15647486-15647986/enhancers/chr3R_15647486-15647986.fa	500
FBgn0053207_Spearman	FBgn0053207_Spearman/chr3R_15643161-15643399__chr3R_15649388-15650148	LEFT	chr3R:15643161-15643399	chr3R	15643161	15643399	FBgn0053207_Spearman/chr3R_15643161-15643399__chr3R_15649388-15650148/enhancers/chr3R_15643161-15643399.fa	238
FBgn0053207_Spearman	FBgn0053207_Spearman/chr3R_15643161-15643399__chr3R_15649388-15650148	RIGHT	chr3R:15649388-15650148	chr3R	15649388	15650148	FBgn0053207_Spearman/chr3R_15643161-15643399__chr3R_15649388-15650148/enhancers/chr3R_15649388-15650148.fa	760
FBgn0053207_Spearman	FBgn0053207_Spearman/chr3R_15643161-15643399__chr3R_15668979-15669269	LEFT	chr3R:15643161-15643399	chr3R	15643161	15643399	FBgn0053207_Spearman/chr3R_15643161-15643399__chr3R_15668979-15669269/enhancers/chr3R_15643161-15643399.fa	238
FBgn0053207_Spearman	FBgn0053207_Spearman/chr3R_15643161-15643399__chr3R_15668979-15669269	RIGHT	chr3R:15668979-15669269	chr3R	15668979	15669269	FBgn0053207_Spearman/chr3R_15643161-15643399__chr3R_15668979-15669269/enhancers/chr3R_15668979-15669269.fa	290
FBgn0053207_Spearman	FBgn0053207_Spearman/chr3R_15643161-15643399__chr3R_15670860-15671233	LEFT	chr3R:15643161-15643399	chr3R	15643161	15643399	FBgn0053207_Spearman/chr3R_15643161-15643399__chr3R_15670860-15671233/enhancers/chr3R_15643161-15643399.fa	238
FBgn0053207_Spearman	FBgn0053207_Spearman/chr3R_15643161-15643399__chr3R_15670860-15671233	RIGHT	chr3R:15670860-15671233	chr3R	15670860	15671233	FBgn0053207_Spearman/chr3R_15643161-15643399__chr3R_15670860-15671233/enhancers/chr3R_15670860-15671233.fa	373
FBgn0053207_Spearman	FBgn0053207_Spearman/chr3R_15643161-15643399__chr3R_15671596-15671796	LEFT	chr3R:15643161-15643399	chr3R	15643161	15643399	FBgn0053207_Spearman/chr3R_15643161-15643399__chr3R_15671596-15671796/enhancers/chr3R_15643161-15643399.fa	238
FBgn0053207_Spearman	FBgn0053207_Spearman/chr3R_15643161-15643399__chr3R_15671596-15671796	RIGHT	chr3R:15671596-15671796	chr3R	15671596	15671796	FBgn0053207_Spearman/chr3R_15643161-15643399__chr3R_15671596-15671796/enhancers/chr3R_15671596-15671796.fa	200
FBgn0053207_Spearman	FBgn0053207_Spearman/chr3R_15647486-15647986__chr3R_15649388-15650148	LEFT	chr3R:15647486-15647986	chr3R	15647486	15647986	FBgn0053207_Spearman/chr3R_15647486-15647986__chr3R_15649388-15650148/enhancers/chr3R_15647486-15647986.fa	500
FBgn0053207_Spearman	FBgn0053207_Spearman/chr3R_15647486-15647986__chr3R_15649388-15650148	RIGHT	chr3R:15649388-15650148	chr3R	15649388	15650148	FBgn0053207_Spearman/chr3R_15647486-15647986__chr3R_15649388-15650148/enhancers/chr3R_15649388-15650148.fa	760
FBgn0053207_Spearman	FBgn0053207_Spearman/chr3R_15647486-15647986__chr3R_15668979-15669269	LEFT	chr3R:15647486-15647986	chr3R	15647486	15647986	FBgn0053207_Spearman/chr3R_15647486-15647986__chr3R_15668979-15669269/enhancers/chr3R_15647486-15647986.fa	500
FBgn0053207_Spearman	FBgn0053207_Spearman/chr3R_15647486-15647986__chr3R_15668979-15669269	RIGHT	chr3R:15668979-15669269	chr3R	15668979	15669269	FBgn0053207_Spearman/chr3R_15647486-15647986__chr3R_15668979-15669269/enhancers/chr3R_15668979-15669269.fa	290
FBgn0053207_Spearman	FBgn0053207_Spearman/chr3R_15647486-15647986__chr3R_15670860-15671233	LEFT	chr3R:15647486-15647986	chr3R	15647486	15647986	FBgn0053207_Spearman/chr3R_15647486-15647986__chr3R_15670860-15671233/enhancers/chr3R_15647486-15647986.fa	500
FBgn0053207_Spearman	FBgn0053207_Spearman/chr3R_15647486-15647986__chr3R_15670860-15671233	RIGHT	chr3R:15670860-15671233	chr3R	15670860	15671233	FBgn0053207_Spearman/chr3R_15647486-15647986__chr3R_15670860-15671233/enhancers/chr3R_15670860-15671233.fa	373
FBgn0053207_Spearman	FBgn0053207_Spearman/chr3R_15647486-15647986__chr3R_15671596-15671796	LEFT	chr3R:15647486-15647986	chr3R	15647486	15647986	FBgn0053207_Spearman/chr3R_15647486-15647986__chr3R_15671596-15671796/enhancers/chr3R_15647486-15647986.fa	500
FBgn0053207_Spearman	FBgn0053207_Spearman/chr3R_15647486-15647986__chr3R_15671596-15671796	RIGHT	chr3R:15671596-15671796	chr3R	15671596	15671796	FBgn0053207_Spearman/chr3R_15647486-15647986__chr3R_15671596-15671796/enhancers/chr3R_15671596-15671796.fa	200
FBgn0053207_Spearman	FBgn0053207_Spearman/chr3R_15649388-15650148__chr3R_15668979-15669269	LEFT	chr3R:15649388-15650148	chr3R	15649388	15650148	FBgn0053207_Spearman/chr3R_15649388-15650148__chr3R_15668979-15669269/enhancers/chr3R_15649388-15650148.fa	760
FBgn0053207_Spearman	FBgn0053207_Spearman/chr3R_15649388-15650148__chr3R_15668979-15669269	RIGHT	chr3R:15668979-15669269	chr3R	15668979	15669269	FBgn0053207_Spearman/chr3R_15649388-15650148__chr3R_15668979-15669269/enhancers/chr3R_15668979-15669269.fa	290
FBgn0053207_Spearman	FBgn0053207_Spearman/chr3R_15649388-15650148__chr3R_15670860-15671233	LEFT	chr3R:15649388-15650148	chr3R	15649388	15650148	FBgn0053207_Spearman/chr3R_15649388-15650148__chr3R_15670860-15671233/enhancers/chr3R_15649388-15650148.fa	760
FBgn0053207_Spearman	FBgn0053207_Spearman/chr3R_15649388-15650148__chr3R_15670860-15671233	RIGHT	chr3R:15670860-15671233	chr3R	15670860	15671233	FBgn0053207_Spearman/chr3R_15649388-15650148__chr3R_15670860-15671233/enhancers/chr3R_15670860-15671233.fa	373
FBgn0053207_Spearman	FBgn0053207_Spearman/chr3R_15649388-15650148__chr3R_15671596-15671796	LEFT	chr3R:15649388-15650148	chr3R	15649388	15650148	FBgn0053207_Spearman/chr3R_15649388-15650148__chr3R_15671596-15671796/enhancers/chr3R_15649388-15650148.fa	760
FBgn0053207_Spearman	FBgn0053207_Spearman/chr3R_15649388-15650148__chr3R_15671596-15671796	RIGHT	chr3R:15671596-15671796	chr3R	15671596	15671796	FBgn0053207_Spearman/chr3R_15649388-15650148__chr3R_15671596-15671796/enhancers/chr3R_15671596-15671796.fa	200
FBgn0053207_Spearman	FBgn0053207_Spearman/chr3R_15668979-15669269__chr3R_15670860-15671233	LEFT	chr3R:15668979-15669269	chr3R	15668979	15669269	FBgn0053207_Spearman/chr3R_15668979-15669269__chr3R_15670860-15671233/enhancers/chr3R_15668979-15669269.fa	290
FBgn0053207_Spearman	FBgn0053207_Spearman/chr3R_15668979-15669269__chr3R_15670860-15671233	RIGHT	chr3R:15670860-15671233	chr3R	15670860	15671233	FBgn0053207_Spearman/chr3R_15668979-15669269__chr3R_15670860-15671233/enhancers/chr3R_15670860-15671233.fa	373
FBgn0053207_Spearman	FBgn0053207_Spearman/chr3R_15668979-15669269__chr3R_15671596-15671796	LEFT	chr3R:15668979-15669269	chr3R	15668979	15669269	FBgn0053207_Spearman/chr3R_15668979-15669269__chr3R_15671596-15671796/enhancers/chr3R_15668979-15669269.fa	290
FBgn0053207_Spearman	FBgn0053207_Spearman/chr3R_15668979-15669269__chr3R_15671596-15671796	RIGHT	chr3R:15671596-15671796	chr3R	15671596	15671796	FBgn0053207_Spearman/chr3R_15668979-15669269__chr3R_15671596-15671796/enhancers/chr3R_15671596-15671796.fa	200
FBgn0053207_Spearman	FBgn0053207_Spearman/chr3R_15670860-15671233__chr3R_15671596-15671796	LEFT	chr3R:15670860-15671233	chr3R	15670860	15671233	FBgn0053207_Spearman/chr3R_15670860-15671233__chr3R_15671596-15671796/enhancers/chr3R_15670860-15671233.fa	373
FBgn0053207_Spearman	FBgn0053207_Spearman/chr3R_15670860-15671233__chr3R_15671596-15671796	RIGHT	chr3R:15671596-15671796	chr3R	15671596	15671796	FBgn0053207_Spearman/chr3R_15670860-15671233__chr3R_15671596-15671796/enhancers/chr3R_15671596-15671796.fa	200
FBgn0082585_Spearman	FBgn0082585_Spearman/chr2R_11027192-11027545__chr2R_11029627-11029827	LEFT	chr2R:11027192-11027545	chr2R	11027192	11027545	FBgn0082585_Spearman/chr2R_11027192-11027545__chr2R_11029627-11029827/enhancers/chr2R_11027192-11027545.fa	353
FBgn0082585_Spearman	FBgn0082585_Spearman/chr2R_11027192-11027545__chr2R_11029627-11029827	RIGHT	chr2R:11029627-11029827	chr2R	11029627	11029827	FBgn0082585_Spearman/chr2R_11027192-11027545__chr2R_11029627-11029827/enhancers/chr2R_11029627-11029827.fa	200
FBgn0086906_Spearman	FBgn0086906_Spearman/chr3L_2091115-2091413__chr3L_2098335-2098584	LEFT	chr3L:2091115-2091413	chr3L	2091115	2091413	FBgn0086906_Spearman/chr3L_2091115-2091413__chr3L_2098335-2098584/enhancers/chr3L_2091115-2091413.fa	298
FBgn0086906_Spearman	FBgn0086906_Spearman/chr3L_2091115-2091413__chr3L_2098335-2098584	RIGHT	chr3L:2098335-2098584	chr3L	2098335	2098584	FBgn0086906_Spearman/chr3L_2091115-2091413__chr3L_2098335-2098584/enhancers/chr3L_2098335-2098584.fa	249
FBgn0260642_Spearman	FBgn0260642_Spearman/chr3R_6854324-6854718__chr3R_6881766-6882026	LEFT	chr3R:6854324-6854718	chr3R	6854324	6854718	FBgn0260642_Spearman/chr3R_6854324-6854718__chr3R_6881766-6882026/enhancers/chr3R_6854324-6854718.fa	394
FBgn0260642_Spearman	FBgn0260642_Spearman/chr3R_6854324-6854718__chr3R_6881766-6882026	RIGHT	chr3R:6881766-6882026	chr3R	6881766	6882026	FBgn0260642_Spearman/chr3R_6854324-6854718__chr3R_6881766-6882026/enhancers/chr3R_6881766-6882026.fa	260
FBgn0261800_Spearman	FBgn0261800_Spearman/chr2L_7810046-7810246__chr2L_7828777-7829096	LEFT	chr2L:7810046-7810246	chr2L	7810046	7810246	FBgn0261800_Spearman/chr2L_7810046-7810246__chr2L_7828777-7829096/enhancers/chr2L_7810046-7810246.fa	200
FBgn0261800_Spearman	FBgn0261800_Spearman/chr2L_7810046-7810246__chr2L_7828777-7829096	RIGHT	chr2L:7828777-7829096	chr2L	7828777	7829096	FBgn0261800_Spearman/chr2L_7810046-7810246__chr2L_7828777-7829096/enhancers/chr2L_7828777-7829096.fa	319
FBgn0262656_Spearman	FBgn0262656_Spearman/chrX_3306185-3306699__chrX_3329089-3329713	LEFT	chrX:3306185-3306699	chrX	3306185	3306699	FBgn0262656_Spearman/chrX_3306185-3306699__chrX_3329089-3329713/enhancers/chrX_3306185-3306699.fa	514
FBgn0262656_Spearman	FBgn0262656_Spearman/chrX_3306185-3306699__chrX_3329089-3329713	RIGHT	chrX:3329089-3329713	chrX	3329089	3329713	FBgn0262656_Spearman/chrX_3306185-3306699__chrX_3329089-3329713/enhancers/chrX_3329089-3329713.fa	624
FBgn0263118_Spearman	FBgn0263118_Spearman/chr3R_26441174-26441374__chr3R_26442751-26442951	LEFT	chr3R:26441174-26441374	chr3R	26441174	26441374	FBgn0263118_Spearman/chr3R_26441174-26441374__chr3R_26442751-26442951/enhancers/chr3R_26441174-26441374.fa	200
FBgn0263118_Spearman	FBgn0263118_Spearman/chr3R_26441174-26441374__chr3R_26442751-26442951	RIGHT	chr3R:26442751-26442951	chr3R	26442751	26442951	FBgn0263118_Spearman/chr3R_26441174-26441374__chr3R_26442751-26442951/enhancers/chr3R_26442751-26442951.fa	200
FBgn0263118_Spearman	FBgn0263118_Spearman/chr3R_26441174-26441374__chr3R_26443275-26443523	LEFT	chr3R:26441174-26441374	chr3R	26441174	26441374	FBgn0263118_Spearman/chr3R_26441174-26441374__chr3R_26443275-26443523/enhancers/chr3R_26441174-26441374.fa	200
FBgn0263118_Spearman	FBgn0263118_Spearman/chr3R_26441174-26441374__chr3R_26443275-26443523	RIGHT	chr3R:26443275-26443523	chr3R	26443275	26443523	FBgn0263118_Spearman/chr3R_26441174-26441374__chr3R_26443275-26443523/enhancers/chr3R_26443275-26443523.fa	248
FBgn0263118_Spearman	FBgn0263118_Spearman/chr3R_26442751-26442951__chr3R_26443275-26443523	LEFT	chr3R:26442751-26442951	chr3R	26442751	26442951	FBgn0263118_Spearman/chr3R_26442751-26442951__chr3R_26443275-26443523/enhancers/chr3R_26442751-26442951.fa	200
FBgn0263118_Spearman	FBgn0263118_Spearman/chr3R_26442751-26442951__chr3R_26443275-26443523	RIGHT	chr3R:26443275-26443523	chr3R	26443275	26443523	FBgn0263118_Spearman/chr3R_26442751-26442951__chr3R_26443275-26443523/enhancers/chr3R_26443275-26443523.fa	248
Abd-B	Abd-B/chr3R_16891893-16892448__chr3R_16901949-16902502	LEFT	chr3R:16891893-16892448	chr3R	16891893	16892448	Abd-B/chr3R_16891893-16892448__chr3R_16901949-16902502/enhancers/chr3R_16891893-16892448.fa	555
Abd-B	Abd-B/chr3R_16891893-16892448__chr3R_16901949-16902502	RIGHT	chr3R:16901949-16902502	chr3R	16901949	16902502	Abd-B/chr3R_16891893-16892448__chr3R_16901949-16902502/enhancers/chr3R_16901949-16902502.fa	553
Abd-B	Abd-B/chr3R_16891893-16892448__chr3R_16920234-16921056	LEFT	chr3R:16891893-16892448	chr3R	16891893	16892448	Abd-B/chr3R_16891893-16892448__chr3R_16920234-16921056/enhancers/chr3R_16891893-16892448.fa	555
Abd-B	Abd-B/chr3R_16891893-16892448__chr3R_16920234-16921056	RIGHT	chr3R:16920234-16921056	chr3R	16920234	16921056	Abd-B/chr3R_16891893-16892448__chr3R_16920234-16921056/enhancers/chr3R_16920234-16921056.fa	822
Abd-B	Abd-B/chr3R_16891893-16892448__chr3R_16921371-16921858	LEFT	chr3R:16891893-16892448	chr3R	16891893	16892448	Abd-B/chr3R_16891893-16892448__chr3R_16921371-16921858/enhancers/chr3R_16891893-16892448.fa	555
Abd-B	Abd-B/chr3R_16891893-16892448__chr3R_16921371-16921858	RIGHT	chr3R:16921371-16921858	chr3R	16921371	16921858	Abd-B/chr3R_16891893-16892448__chr3R_16921371-16921858/enhancers/chr3R_16921371-16921858.fa	487
Abd-B	Abd-B/chr3R_16901949-16902502__chr3R_16920234-16921056	LEFT	chr3R:16901949-16902502	chr3R	16901949	16902502	Abd-B/chr3R_16901949-16902502__chr3R_16920234-16921056/enhancers/chr3R_16901949-16902502.fa	553
Abd-B	Abd-B/chr3R_16901949-16902502__chr3R_16920234-16921056	RIGHT	chr3R:16920234-16921056	chr3R	16920234	16921056	Abd-B/chr3R_16901949-16902502__chr3R_16920234-16921056/enhancers/chr3R_16920234-16921056.fa	822
Abd-B	Abd-B/chr3R_16901949-16902502__chr3R_16921371-16921858	LEFT	chr3R:16901949-16902502	chr3R	16901949	16902502	Abd-B/chr3R_16901949-16902502__chr3R_16921371-16921858/enhancers/chr3R_16901949-16902502.fa	553
Abd-B	Abd-B/chr3R_16901949-16902502__chr3R_16921371-16921858	RIGHT	chr3R:16921371-16921858	chr3R	16921371	16921858	Abd-B/chr3R_16901949-16902502__chr3R_16921371-16921858/enhancers/chr3R_16921371-16921858.fa	487
Abd-B	Abd-B/chr3R_16920234-16921056__chr3R_16921371-16921858	LEFT	chr3R:16920234-16921056	chr3R	16920234	16921056	Abd-B/chr3R_16920234-16921056__chr3R_16921371-16921858/enhancers/chr3R_16920234-16921056.fa	822
Abd-B	Abd-B/chr3R_16920234-16921056__chr3R_16921371-16921858	RIGHT	chr3R:16921371-16921858	chr3R	16921371	16921858	Abd-B/chr3R_16920234-16921056__chr3R_16921371-16921858/enhancers/chr3R_16921371-16921858.fa	487
hb	hb/chr3R_8689217-8690108__chr3R_8700981-8701661	LEFT	chr3R:8689217-8690108	chr3R	8689217	8690108	hb/chr3R_8689217-8690108__chr3R_8700981-8701661/enhancers/chr3R_8689217-8690108.fa	891
hb	hb/chr3R_8689217-8690108__chr3R_8700981-8701661	RIGHT	chr3R:8700981-8701661	chr3R	8700981	8701661	hb/chr3R_8689217-8690108__chr3R_8700981-8701661/enhancers/chr3R_8700981-8701661.fa	680
DI	DI/chr3R_19314425-19316093__chr3R_19316385-19316666	LEFT	chr3R:19314425-19316093	chr3R	19314425	19316093	DI/chr3R_19314425-19316093__chr3R_19316385-19316666/enhancers/chr3R_19314425-19316093.fa	1668
DI	DI/chr3R_19314425-19316093__chr3R_19316385-19316666	RIGHT	chr3R:19316385-19316666	chr3R	19316385	19316666	DI/chr3R_19314425-19316093__chr3R_19316385-19316666/enhancers/chr3R_19316385-19316666.fa	281
DI	DI/chr3R_19314425-19316093__chr3R_19340454-19341279	LEFT	chr3R:19314425-19316093	chr3R	19314425	19316093	DI/chr3R_19314425-19316093__chr3R_19340454-19341279/enhancers/chr3R_19314425-19316093.fa	1668
DI	DI/chr3R_19314425-19316093__chr3R_19340454-19341279	RIGHT	chr3R:19340454-19341279	chr3R	19340454	19341279	DI/chr3R_19314425-19316093__chr3R_19340454-19341279/enhancers/chr3R_19340454-19341279.fa	825
DI	DI/chr3R_19314425-19316093__chr3R_19341536-19342363	LEFT	chr3R:19314425-19316093	chr3R	19314425	19316093	DI/chr3R_19314425-19316093__chr3R_19341536-19342363/enhancers/chr3R_19314425-19316093.fa	1668
DI	DI/chr3R_19314425-19316093__chr3R_19341536-19342363	RIGHT	chr3R:19341536-19342363	chr3R	19341536	19342363	DI/chr3R_19314425-19316093__chr3R_19341536-19342363/enhancers/chr3R_19341536-19342363.fa	827
DI	DI/chr3R_19316385-19316666__chr3R_19340454-19341279	LEFT	chr3R:19316385-19316666	chr3R	19316385	19316666	DI/chr3R_19316385-19316666__chr3R_19340454-19341279/enhancers/chr3R_19316385-19316666.fa	281
DI	DI/chr3R_19316385-19316666__chr3R_19340454-19341279	RIGHT	chr3R:19340454-19341279	chr3R	19340454	19341279	DI/chr3R_19316385-19316666__chr3R_19340454-19341279/enhancers/chr3R_19340454-19341279.fa	825
DI	DI/chr3R_19316385-19316666__chr3R_19341536-19342363	LEFT	chr3R:19316385-19316666	chr3R	19316385	19316666	DI/chr3R_19316385-19316666__chr3R_19341536-19342363/enhancers/chr3R_19316385-19316666.fa	281
DI	DI/chr3R_19316385-19316666__chr3R_19341536-19342363	RIGHT	chr3R:19341536-19342363	chr3R	19341536	19342363	DI/chr3R_19316385-19316666__chr3R_19341536-19342363/enhancers/chr3R_19341536-19342363.fa	827
DI	DI/chr3R_19340454-19341279__chr3R_19341536-19342363	LEFT	chr3R:19340454-19341279	chr3R	19340454	19341279	DI/chr3R_19340454-19341279__chr3R_19341536-19342363/enhancers/chr3R_19340454-19341279.fa	825
DI	DI/chr3R_19340454-19341279__chr3R_19341536-19342363	RIGHT	chr3R:19341536-19342363	chr3R	19341536	19342363	DI/chr3R_19340454-19341279__chr3R_19341536-19342363/enhancers/chr3R_19341536-19342363.fa	827
SoxN	SoxN/chr2L_8789123-8789689__chr2L_8809398-8810868	LEFT	chr2L:8789123-8789689	chr2L	8789123	8789689	SoxN/chr2L_8789123-8789689__chr2L_8809398-8810868/enhancers/chr2L_8789123-8789689.fa	566
SoxN	SoxN/chr2L_8789123-8789689__chr2L_8809398-8810868	RIGHT	chr2L:8809398-8810868	chr2L	8809398	8810868	SoxN/chr2L_8789123-8789689__chr2L_8809398-8810868/enhancers/chr2L_8809398-8810868.fa	1470
SoxN	SoxN/chr2L_8789123-8789689__chr2L_8811130-8811511	LEFT	chr2L:8789123-8789689	chr2L	8789123	8789689	SoxN/chr2L_8789123-8789689__chr2L_8811130-8811511/enhancers/chr2L_8789123-8789689.fa	566
SoxN	SoxN/chr2L_8789123-8789689__chr2L_8811130-8811511	RIGHT	chr2L:8811130-8811511	chr2L	8811130	8811511	SoxN/chr2L_8789123-8789689__chr2L_8811130-8811511/enhancers/chr2L_8811130-8811511.fa	381
SoxN	SoxN/chr2L_8789123-8789689__chr2L_8840416-8841144	LEFT	chr2L:8789123-8789689	chr2L	8789123	8789689	SoxN/chr2L_8789123-8789689__chr2L_8840416-8841144/enhancers/chr2L_8789123-8789689.fa	566
SoxN	SoxN/chr2L_8789123-8789689__chr2L_8840416-8841144	RIGHT	chr2L:8840416-8841144	chr2L	8840416	8841144	SoxN/chr2L_8789123-8789689__chr2L_8840416-8841144/enhancers/chr2L_8840416-8841144.fa	728
SoxN	SoxN/chr2L_8789123-8789689__chr2L_8841314-8841573	LEFT	chr2L:8789123-8789689	chr2L	8789123	8789689	SoxN/chr2L_8789123-8789689__chr2L_8841314-8841573/enhancers/chr2L_8789123-8789689.fa	566
SoxN	SoxN/chr2L_8789123-8789689__chr2L_8841314-8841573	RIGHT	chr2L:8841314-8841573	chr2L	8841314	8841573	SoxN/chr2L_8789123-8789689__chr2L_8841314-8841573/enhancers/chr2L_8841314-8841573.fa	259
SoxN	SoxN/chr2L_8789123-8789689__chr2L_8842046-8842771	LEFT	chr2L:8789123-8789689	chr2L	8789123	8789689	SoxN/chr2L_8789123-8789689__chr2L_8842046-8842771/enhancers/chr2L_8789123-8789689.fa	566
SoxN	SoxN/chr2L_8789123-8789689__chr2L_8842046-8842771	RIGHT	chr2L:8842046-8842771	chr2L	8842046	8842771	SoxN/chr2L_8789123-8789689__chr2L_8842046-8842771/enhancers/chr2L_8842046-8842771.fa	725
SoxN	SoxN/chr2L_8789123-8789689__chr2L_8843634-8843738	LEFT	chr2L:8789123-8789689	chr2L	8789123	8789689	SoxN/chr2L_8789123-8789689__chr2L_8843634-8843738/enhancers/chr2L_8789123-8789689.fa	566
SoxN	SoxN/chr2L_8789123-8789689__chr2L_8843634-8843738	RIGHT	chr2L:8843634-8843738	chr2L	8843634	8843738	SoxN/chr2L_8789123-8789689__chr2L_8843634-8843738/enhancers/chr2L_8843634-8843738.fa	104
SoxN	SoxN/chr2L_8789123-8789689__chr2L_8845956-8846437	LEFT	chr2L:8789123-8789689	chr2L	8789123	8789689	SoxN/chr2L_8789123-8789689__chr2L_8845956-8846437/enhancers/chr2L_8789123-8789689.fa	566
SoxN	SoxN/chr2L_8789123-8789689__chr2L_8845956-8846437	RIGHT	chr2L:8845956-8846437	chr2L	8845956	8846437	SoxN/chr2L_8789123-8789689__chr2L_8845956-8846437/enhancers/chr2L_8845956-8846437.fa	481
SoxN	SoxN/chr2L_8789123-8789689__chr2L_8846495-8847235	LEFT	chr2L:8789123-8789689	chr2L	8789123	8789689	SoxN/chr2L_8789123-8789689__chr2L_8846495-8847235/enhancers/chr2L_8789123-8789689.fa	566
SoxN	SoxN/chr2L_8789123-8789689__chr2L_8846495-8847235	RIGHT	chr2L:8846495-8847235	chr2L	8846495	8847235	SoxN/chr2L_8789123-8789689__chr2L_8846495-8847235/enhancers/chr2L_8846495-8847235.fa	740
SoxN	SoxN/chr2L_8809398-8810868__chr2L_8811130-8811511	LEFT	chr2L:8809398-8810868	chr2L	8809398	8810868	SoxN/chr2L_8809398-8810868__chr2L_8811130-8811511/enhancers/chr2L_8809398-8810868.fa	1470
SoxN	SoxN/chr2L_8809398-8810868__chr2L_8811130-8811511	RIGHT	chr2L:8811130-8811511	chr2L	8811130	8811511	SoxN/chr2L_8809398-8810868__chr2L_8811130-8811511/enhancers/chr2L_8811130-8811511.fa	381
SoxN	SoxN/chr2L_8809398-8810868__chr2L_8840416-8841144	LEFT	chr2L:8809398-8810868	chr2L	8809398	8810868	SoxN/chr2L_8809398-8810868__chr2L_8840416-8841144/enhancers/chr2L_8809398-8810868.fa	1470
SoxN	SoxN/chr2L_8809398-8810868__chr2L_8840416-8841144	RIGHT	chr2L:8840416-8841144	chr2L	8840416	8841144	SoxN/chr2L_8809398-8810868__chr2L_8840416-8841144/enhancers/chr2L_8840416-8841144.fa	728
SoxN	SoxN/chr2L_8809398-8810868__chr2L_8841314-8841573	LEFT	chr2L:8809398-8810868	chr2L	8809398	8810868	SoxN/chr2L_8809398-8810868__chr2L_8841314-8841573/enhancers/chr2L_8809398-8810868.fa	1470
SoxN	SoxN/chr2L_8809398-8810868__chr2L_8841314-8841573	RIGHT	chr2L:8841314-8841573	chr2L	8841314	8841573	SoxN/chr2L_8809398-8810868__chr2L_8841314-8841573/enhancers/chr2L_8841314-8841573.fa	259
SoxN	SoxN/chr2L_8809398-8810868__chr2L_8842046-8842771	LEFT	chr2L:8809398-8810868	chr2L	8809398	8810868	SoxN/chr2L_8809398-8810868__chr2L_8842046-8842771/enhancers/chr2L_8809398-8810868.fa	1470
SoxN	SoxN/chr2L_8809398-8810868__chr2L_8842046-8842771	RIGHT	chr2L:8842046-8842771	chr2L	8842046	8842771	SoxN/chr2L_8809398-8810868__chr2L_8842046-8842771/enhancers/chr2L_8842046-8842771.fa	725
SoxN	SoxN/chr2L_8809398-8810868__chr2L_8843634-8843738	LEFT	chr2L:8809398-8810868	chr2L	8809398	8810868	SoxN/chr2L_8809398-8810868__chr2L_8843634-8843738/enhancers/chr2L_8809398-8810868.fa	1470
SoxN	SoxN/chr2L_8809398-8810868__chr2L_8843634-8843738	RIGHT	chr2L:8843634-8843738	chr2L	8843634	8843738	SoxN/chr2L_8809398-8810868__chr2L_8843634-8843738/enhancers/chr2L_8843634-8843738.fa	104
SoxN	SoxN/chr2L_8809398-8810868__chr2L_8845956-8846437	LEFT	chr2L:8809398-8810868	chr2L	8809398	8810868	SoxN/chr2L_8809398-8810868__chr2L_8845956-8846437/enhancers/chr2L_8809398-8810868.fa	1470
SoxN	SoxN/chr2L_8809398-8810868__chr2L_8845956-8846437	RIGHT	chr2L:8845956-8846437	chr2L	8845956	8846437	SoxN/chr2L_8809398-8810868__chr2L_8845956-8846437/enhancers/chr2L_8845956-8846437.fa	481
SoxN	SoxN/chr2L_8809398-8810868__chr2L_8846495-8847235	LEFT	chr2L:8809398-8810868	chr2L	8809398	8810868	SoxN/chr2L_8809398-8810868__chr2L_8846495-8847235/enhancers/chr2L_8809398-8810868.fa	1470
SoxN	SoxN/chr2L_8809398-8810868__chr2L_8846495-8847235	RIGHT	chr2L:8846495-8847235	chr2L	8846495	8847235	SoxN/chr2L_8809398-8810868__chr2L_8846495-8847235/enhancers/chr2L_8846495-8847235.fa	740
SoxN	SoxN/chr2L_8811130-8811511__chr2L_8840416-8841144	LEFT	chr2L:8811130-8811511	chr2L	8811130	8811511	SoxN/chr2L_8811130-8811511__chr2L_8840416-8841144/enhancers/chr2L_8811130-8811511.fa	381
SoxN	SoxN/chr2L_8811130-8811511__chr2L_8840416-8841144	RIGHT	chr2L:8840416-8841144	chr2L	8840416	8841144	SoxN/chr2L_8811130-8811511__chr2L_8840416-8841144/enhancers/chr2L_8840416-8841144.fa	728
SoxN	SoxN/chr2L_8811130-8811511__chr2L_8841314-8841573	LEFT	chr2L:8811130-8811511	chr2L	8811130	8811511	SoxN/chr2L_8811130-8811511__chr2L_8841314-8841573/enhancers/chr2L_8811130-8811511.fa	381
SoxN	SoxN/chr2L_8811130-8811511__chr2L_8841314-8841573	RIGHT	chr2L:8841314-8841573	chr2L	8841314	8841573	SoxN/chr2L_8811130-8811511__chr2L_8841314-8841573/enhancers/chr2L_8841314-8841573.fa	259
SoxN	SoxN/chr2L_8811130-8811511__chr2L_8842046-8842771	LEFT	chr2L:8811130-8811511	chr2L	8811130	8811511	SoxN/chr2L_8811130-8811511__chr2L_8842046-8842771/enhancers/chr2L_8811130-8811511.fa	381
SoxN	SoxN/chr2L_8811130-8811511__chr2L_8842046-8842771	RIGHT	chr2L:8842046-8842771	chr2L	8842046	8842771	SoxN/chr2L_8811130-8811511__chr2L_8842046-8842771/enhancers/chr2L_8842046-8842771.fa	725
SoxN	SoxN/chr2L_8811130-8811511__chr2L_8843634-8843738	LEFT	chr2L:8811130-8811511	chr2L	8811130	8811511	SoxN/chr2L_8811130-8811511__chr2L_8843634-8843738/enhancers/chr2L_8811130-8811511.fa	381
SoxN	SoxN/chr2L_8811130-8811511__chr2L_8843634-8843738	RIGHT	chr2L:8843634-8843738	chr2L	8843634	8843738	SoxN/chr2L_8811130-8811511__chr2L_8843634-8843738/enhancers/chr2L_8843634-8843738.fa	104
SoxN	SoxN/chr2L_8811130-8811511__chr2L_8845956-8846437	LEFT	chr2L:8811130-8811511	chr2L	8811130	8811511	SoxN/chr2L_8811130-8811511__chr2L_8845956-8846437/enhancers/chr2L_8811130-8811511.fa	381
SoxN	SoxN/chr2L_8811130-8811511__chr2L_8845956-8846437	RIGHT	chr2L:8845956-8846437	chr2L	8845956	8846437	SoxN/chr2L_8811130-8811511__chr2L_8845956-8846437/enhancers/chr2L_8845956-8846437.fa	481
SoxN	SoxN/chr2L_8811130-8811511__chr2L_8846495-8847235	LEFT	chr2L:8811130-8811511	chr2L	8811130	8811511	SoxN/chr2L_8811130-8811511__chr2L_8846495-8847235/enhancers/chr2L_8811130-8811511.fa	381
SoxN	SoxN/chr2L_8811130-8811511__chr2L_8846495-8847235	RIGHT	chr2L:8846495-8847235	chr2L	8846495	8847235	SoxN/chr2L_8811130-8811511__chr2L_8846495-8847235/enhancers/chr2L_8846495-8847235.fa	740
SoxN	SoxN/chr2L_8840416-8841144__chr2L_8841314-8841573	LEFT	chr2L:8840416-8841144	chr2L	8840416	8841144	SoxN/chr2L_8840416-8841144__chr2L_8841314-8841573/enhancers/chr2L_8840416-8841144.fa	728
SoxN	SoxN/chr2L_8840416-8841144__chr2L_8841314-8841573	RIGHT	chr2L:8841314-8841573	chr2L	8841314	8841573	SoxN/chr2L_8840416-8841144__chr2L_8841314-8841573/enhancers/chr2L_8841314-8841573.fa	259
SoxN	SoxN/chr2L_8840416-8841144__chr2L_8842046-8842771	LEFT	chr2L:8840416-8841144	chr2L	8840416	8841144	SoxN/chr2L_8840416-8841144__chr2L_8842046-8842771/enhancers/chr2L_8840416-8841144.fa	728
SoxN	SoxN/chr2L_8840416-8841144__chr2L_8842046-8842771	RIGHT	chr2L:8842046-8842771	chr2L	8842046	8842771	SoxN/chr2L_8840416-8841144__chr2L_8842046-8842771/enhancers/chr2L_8842046-8842771.fa	725
SoxN	SoxN/chr2L_8840416-8841144__chr2L_8843634-8843738	LEFT	chr2L:8840416-8841144	chr2L	8840416	8841144	SoxN/chr2L_8840416-8841144__chr2L_8843634-8843738/enhancers/chr2L_8840416-8841144.fa	728
SoxN	SoxN/chr2L_8840416-8841144__chr2L_8843634-8843738	RIGHT	chr2L:8843634-8843738	chr2L	8843634	8843738	SoxN/chr2L_8840416-8841144__chr2L_8843634-8843738/enhancers/chr2L_8843634-8843738.fa	104
SoxN	SoxN/chr2L_8840416-8841144__chr2L_8845956-8846437	LEFT	chr2L:8840416-8841144	chr2L	8840416	8841144	SoxN/chr2L_8840416-8841144__chr2L_8845956-8846437/enhancers/chr2L_8840416-8841144.fa	728
SoxN	SoxN/chr2L_8840416-8841144__chr2L_8845956-8846437	RIGHT	chr2L:8845956-8846437	chr2L	8845956	8846437	SoxN/chr2L_8840416-8841144__chr2L_8845956-8846437/enhancers/chr2L_8845956-8846437.fa	481
SoxN	SoxN/chr2L_8840416-8841144__chr2L_8846495-8847235	LEFT	chr2L:8840416-8841144	chr2L	8840416	8841144	SoxN/chr2L_8840416-8841144__chr2L_8846495-8847235/enhancers/chr2L_8840416-8841144.fa	728
SoxN	SoxN/chr2L_8840416-8841144__chr2L_8846495-8847235	RIGHT	chr2L:8846495-8847235	chr2L	8846495	8847235	SoxN/chr2L_8840416-8841144__chr2L_8846495-8847235/enhancers/chr2L_8846495-8847235.fa	740
SoxN	SoxN/chr2L_8841314-8841573__chr2L_8842046-8842771	LEFT	chr2L:8841314-8841573	chr2L	8841314	8841573	SoxN/chr2L_8841314-8841573__chr2L_8842046-8842771/enhancers/chr2L_8841314-8841573.fa	259
SoxN	SoxN/chr2L_8841314-8841573__chr2L_8842046-8842771	RIGHT	chr2L:8842046-8842771	chr2L	8842046	8842771	SoxN/chr2L_8841314-8841573__chr2L_8842046-8842771/enhancers/chr2L_8842046-8842771.fa	725
SoxN	SoxN/chr2L_8841314-8841573__chr2L_8843634-8843738	LEFT	chr2L:8841314-8841573	chr2L	8841314	8841573	SoxN/chr2L_8841314-8841573__chr2L_8843634-8843738/enhancers/chr2L_8841314-8841573.fa	259
SoxN	SoxN/chr2L_8841314-8841573__chr2L_8843634-8843738	RIGHT	chr2L:8843634-8843738	chr2L	8843634	8843738	SoxN/chr2L_8841314-8841573__chr2L_8843634-8843738/enhancers/chr2L_8843634-8843738.fa	104
SoxN	SoxN/chr2L_8841314-8841573__chr2L_8845956-8846437	LEFT	chr2L:8841314-8841573	chr2L	8841314	8841573	SoxN/chr2L_8841314-8841573__chr2L_8845956-8846437/enhancers/chr2L_8841314-8841573.fa	259
SoxN	SoxN/chr2L_8841314-8841573__chr2L_8845956-8846437	RIGHT	chr2L:8845956-8846437	chr2L	8845956	8846437	SoxN/chr2L_8841314-8841573__chr2L_8845956-8846437/enhancers/chr2L_8845956-8846437.fa	481
SoxN	SoxN/chr2L_8841314-8841573__chr2L_8846495-8847235	LEFT	chr2L:8841314-8841573	chr2L	8841314	8841573	SoxN/chr2L_8841314-8841573__chr2L_8846495-8847235/enhancers/chr2L_8841314-8841573.fa	259
SoxN	SoxN/chr2L_8841314-8841573__chr2L_8846495-8847235	RIGHT	chr2L:8846495-8847235	chr2L	8846495	8847235	SoxN/chr2L_8841314-8841573__chr2L_8846495-8847235/enhancers/chr2L_8846495-8847235.fa	740
SoxN	SoxN/chr2L_8842046-8842771__chr2L_8843634-8843738	LEFT	chr2L:8842046-8842771	chr2L	8842046	8842771	SoxN/chr2L_8842046-8842771__chr2L_8843634-8843738/enhancers/chr2L_8842046-8842771.fa	725
SoxN	SoxN/chr2L_8842046-8842771__chr2L_8843634-8843738	RIGHT	chr2L:8843634-8843738	chr2L	8843634	8843738	SoxN/chr2L_8842046-8842771__chr2L_8843634-8843738/enhancers/chr2L_8843634-8843738.fa	104
SoxN	SoxN/chr2L_8842046-8842771__chr2L_8845956-8846437	LEFT	chr2L:8842046-8842771	chr2L	8842046	8842771	SoxN/chr2L_8842046-8842771__chr2L_8845956-8846437/enhancers/chr2L_8842046-8842771.fa	725
SoxN	SoxN/chr2L_8842046-8842771__chr2L_8845956-8846437	RIGHT	chr2L:8845956-8846437	chr2L	8845956	8846437	SoxN/chr2L_8842046-8842771__chr2L_8845956-8846437/enhancers/chr2L_8845956-8846437.fa	481
SoxN	SoxN/chr2L_8842046-8842771__chr2L_8846495-8847235	LEFT	chr2L:8842046-8842771	chr2L	8842046	8842771	SoxN/chr2L_8842046-8842771__chr2L_8846495-8847235/enhancers/chr2L_8842046-8842771.fa	725
SoxN	SoxN/chr2L_8842046-8842771__chr2L_8846495-8847235	RIGHT	chr2L:8846495-8847235	chr2L	8846495	8847235	SoxN/chr2L_8842046-8842771__chr2L_8846495-8847235/enhancers/chr2L_8846495-8847235.fa	740
SoxN	SoxN/chr2L_8843634-8843738__chr2L_8845956-8846437	LEFT	chr2L:8843634-8843738	chr2L	8843634	8843738	SoxN/chr2L_8843634-8843738__chr2L_8845956-8846437/enhancers/chr2L_8843634-8843738.fa	104
SoxN	SoxN/chr2L_8843634-8843738__chr2L_8845956-8846437	RIGHT	chr2L:8845956-8846437	chr2L	8845956	8846437	SoxN/chr2L_8843634-8843738__chr2L_8845956-8846437/enhancers/chr2L_8845956-8846437.fa	481
SoxN	SoxN/chr2L_8843634-8843738__chr2L_8846495-8847235	LEFT	chr2L:8843634-8843738	chr2L	8843634	8843738	SoxN/chr2L_8843634-8843738__chr2L_8846495-8847235/enhancers/chr2L_8843634-8843738.fa	104
SoxN	SoxN/chr2L_8843634-8843738__chr2L_8846495-8847235	RIGHT	chr2L:8846495-8847235	chr2L	8846495	8847235	SoxN/chr2L_8843634-8843738__chr2L_8846495-8847235/enhancers/chr2L_8846495-8847235.fa	740
SoxN	SoxN/chr2L_8845956-8846437__chr2L_8846495-8847235	LEFT	chr2L:8845956-8846437	chr2L	8845956	8846437	SoxN/chr2L_8845956-8846437__chr2L_8846495-8847235/enhancers/chr2L_8845956-8846437.fa	481
SoxN	SoxN/chr2L_8845956-8846437__chr2L_8846495-8847235	RIGHT	chr2L:8846495-8847235	chr2L	8846495	8847235	SoxN/chr2L_8845956-8846437__chr2L_8846495-8847235/enhancers/chr2L_8846495-8847235.fa	740
gt	gt/chrX_2428917-2429320__chrX_2429927-2430850	LEFT	chrX:2428917-2429320	chrX	2428917	2429320	gt/chrX_2428917-2429320__chrX_2429927-2430850/enhancers/chrX_2428917-2429320.fa	403
gt	gt/chrX_2428917-2429320__chrX_2429927-2430850	RIGHT	chrX:2429927-2430850	chrX	2429927	2430850	gt/chrX_2428917-2429320__chrX_2429927-2430850/enhancers/chrX_2429927-2430850.fa	923
gt	gt/chrX_2428917-2429320__chrX_2431435-2431676	LEFT	chrX:2428917-2429320	chrX	2428917	2429320	gt/chrX_2428917-2429320__chrX_2431435-2431676/enhancers/chrX_2428917-2429320.fa	403
gt	gt/chrX_2428917-2429320__chrX_2431435-2431676	RIGHT	chrX:2431435-2431676	chrX	2431435	2431676	gt/chrX_2428917-2429320__chrX_2431435-2431676/enhancers/chrX_2431435-2431676.fa	241
gt	gt/chrX_2428917-2429320__chrX_2431852-2432159	LEFT	chrX:2428917-2429320	chrX	2428917	2429320	gt/chrX_2428917-2429320__chrX_2431852-2432159/enhancers/chrX_2428917-2429320.fa	403
gt	gt/chrX_2428917-2429320__chrX_2431852-2432159	RIGHT	chrX:2431852-2432159	chrX	2431852	2432159	gt/chrX_2428917-2429320__chrX_2431852-2432159/enhancers/chrX_2431852-2432159.fa	307
gt	gt/chrX_2428917-2429320__chrX_2432829-2432949	LEFT	chrX:2428917-2429320	chrX	2428917	2429320	gt/chrX_2428917-2429320__chrX_2432829-2432949/enhancers/chrX_2428917-2429320.fa	403
gt	gt/chrX_2428917-2429320__chrX_2432829-2432949	RIGHT	chrX:2432829-2432949	chrX	2432829	2432949	gt/chrX_2428917-2429320__chrX_2432829-2432949/enhancers/chrX_2432829-2432949.fa	120
gt	gt/chrX_2428917-2429320__chrX_2434977-2435401	LEFT	chrX:2428917-2429320	chrX	2428917	2429320	gt/chrX_2428917-2429320__chrX_2434977-2435401/enhancers/chrX_2428917-2429320.fa	403
gt	gt/chrX_2428917-2429320__chrX_2434977-2435401	RIGHT	chrX:2434977-2435401	chrX	2434977	2435401	gt/chrX_2428917-2429320__chrX_2434977-2435401/enhancers/chrX_2434977-2435401.fa	424
gt	gt/chrX_2428917-2429320__chrX_2437107-2437533	LEFT	chrX:2428917-2429320	chrX	2428917	2429320	gt/chrX_2428917-2429320__chrX_2437107-2437533/enhancers/chrX_2428917-2429320.fa	403
gt	gt/chrX_2428917-2429320__chrX_2437107-2437533	RIGHT	chrX:2437107-2437533	chrX	2437107	2437533	gt/chrX_2428917-2429320__chrX_2437107-2437533/enhancers/chrX_2437107-2437533.fa	426
gt	gt/chrX_2428917-2429320__chrX_2438227-2439238	LEFT	chrX:2428917-2429320	chrX	2428917	2429320	gt/chrX_2428917-2429320__chrX_2438227-2439238/enhancers/chrX_2428917-2429320.fa	403
gt	gt/chrX_2428917-2429320__chrX_2438227-2439238	RIGHT	chrX:2438227-2439238	chrX	2438227	2439238	gt/chrX_2428917-2429320__chrX_2438227-2439238/enhancers/chrX_2438227-2439238.fa	1011
gt	gt/chrX_2428917-2429320__chrX_2440952-2442340	LEFT	chrX:2428917-2429320	chrX	2428917	2429320	gt/chrX_2428917-2429320__chrX_2440952-2442340/enhancers/chrX_2428917-2429320.fa	403
gt	gt/chrX_2428917-2429320__chrX_2440952-2442340	RIGHT	chrX:2440952-2442340	chrX	2440952	2442340	gt/chrX_2428917-2429320__chrX_2440952-2442340/enhancers/chrX_2440952-2442340.fa	1388
gt	gt/chrX_2429927-2430850__chrX_2431435-2431676	LEFT	chrX:2429927-2430850	chrX	2429927	2430850	gt/chrX_2429927-2430850__chrX_2431435-2431676/enhancers/chrX_2429927-2430850.fa	923
gt	gt/chrX_2429927-2430850__chrX_2431435-2431676	RIGHT	chrX:2431435-2431676	chrX	2431435	2431676	gt/chrX_2429927-2430850__chrX_2431435-2431676/enhancers/chrX_2431435-2431676.fa	241
gt	gt/chrX_2429927-2430850__chrX_2431852-2432159	LEFT	chrX:2429927-2430850	chrX	2429927	2430850	gt/chrX_2429927-2430850__chrX_2431852-2432159/enhancers/chrX_2429927-2430850.fa	923
gt	gt/chrX_2429927-2430850__chrX_2431852-2432159	RIGHT	chrX:2431852-2432159	chrX	2431852	2432159	gt/chrX_2429927-2430850__chrX_2431852-2432159/enhancers/chrX_2431852-2432159.fa	307
gt	gt/chrX_2429927-2430850__chrX_2432829-2432949	LEFT	chrX:2429927-2430850	chrX	2429927	2430850	gt/chrX_2429927-2430850__chrX_2432829-2432949/enhancers/chrX_2429927-2430850.fa	923
gt	gt/chrX_2429927-2430850__chrX_2432829-2432949	RIGHT	chrX:2432829-2432949	chrX	2432829	2432949	gt/chrX_2429927-2430850__chrX_2432829-2432949/enhancers/chrX_2432829-2432949.fa	120
gt	gt/chrX_2429927-2430850__chrX_2434977-2435401	LEFT	chrX:2429927-2430850	chrX	2429927	2430850	gt/chrX_2429927-2430850__chrX_2434977-2435401/enhancers/chrX_2429927-2430850.fa	923
gt	gt/chrX_2429927-2430850__chrX_2434977-2435401	RIGHT	chrX:2434977-2435401	chrX	2434977	2435401	gt/chrX_2429927-2430850__chrX_2434977-2435401/enhancers/chrX_2434977-2435401.fa	424
gt	gt/chrX_2429927-2430850__chrX_2437107-2437533	LEFT	chrX:2429927-2430850	chrX	2429927	2430850	gt/chrX_2429927-2430850__chrX_2437107-2437533/enhancers/chrX_2429927-2430850.fa	923
gt	gt/chrX_2429927-2430850__chrX_2437107-2437533	RIGHT	chrX:2437107-2437533	chrX	2437107	2437533	gt/chrX_2429927-2430850__chrX_2437107-2437533/enhancers/chrX_2437107-2437533.fa	426
gt	gt/chrX_2429927-2430850__chrX_2438227-2439238	LEFT	chrX:2429927-2430850	chrX	2429927	2430850	gt/chrX_2429927-2430850__chrX_2438227-2439238/enhancers/chrX_2429927-2430850.fa	923
gt	gt/chrX_2429927-2430850__chrX_2438227-2439238	RIGHT	chrX:2438227-2439238	chrX	2438227	2439238	gt/chrX_2429927-2430850__chrX_2438227-2439238/enhancers/chrX_2438227-2439238.fa	1011
gt	gt/chrX_2429927-2430850__chrX_2440952-2442340	LEFT	chrX:2429927-2430850	chrX	2429927	2430850	gt/chrX_2429927-2430850__chrX_2440952-2442340/enhancers/chrX_2429927-2430850.fa	923
gt	gt/chrX_2429927-2430850__chrX_2440952-2442340	RIGHT	chrX:2440952-2442340	chrX	2440952	2442340	gt/chrX_2429927-2430850__chrX_2440952-2442340/enhancers/chrX_2440952-2442340.fa	1388
gt	gt/chrX_2431435-2431676__chrX_2431852-2432159	LEFT	chrX:2431435-2431676	chrX	2431435	2431676	gt/chrX_2431435-2431676__chrX_2431852-2432159/enhancers/chrX_2431435-2431676.fa	241
gt	gt/chrX_2431435-2431676__chrX_2431852-2432159	RIGHT	chrX:2431852-2432159	chrX	2431852	2432159	gt/chrX_2431435-2431676__chrX_2431852-2432159/enhancers/chrX_2431852-2432159.fa	307
gt	gt/chrX_2431435-2431676__chrX_2432829-2432949	LEFT	chrX:2431435-2431676	chrX	2431435	2431676	gt/chrX_2431435-2431676__chrX_2432829-2432949/enhancers/chrX_2431435-2431676.fa	241
gt	gt/chrX_2431435-2431676__chrX_2432829-2432949	RIGHT	chrX:2432829-2432949	chrX	2432829	2432949	gt/chrX_2431435-2431676__chrX_2432829-2432949/enhancers/chrX_2432829-2432949.fa	120
gt	gt/chrX_2431435-2431676__chrX_2434977-2435401	LEFT	chrX:2431435-2431676	chrX	2431435	2431676	gt/chrX_2431435-2431676__chrX_2434977-2435401/enhancers/chrX_2431435-2431676.fa	241
gt	gt/chrX_2431435-2431676__chrX_2434977-2435401	RIGHT	chrX:2434977-2435401	chrX	2434977	2435401	gt/chrX_2431435-2431676__chrX_2434977-2435401/enhancers/chrX_2434977-2435401.fa	424
gt	gt/chrX_2431435-2431676__chrX_2437107-2437533	LEFT	chrX:2431435-2431676	chrX	2431435	2431676	gt/chrX_2431435-2431676__chrX_2437107-2437533/enhancers/chrX_2431435-2431676.fa	241
gt	gt/chrX_2431435-2431676__chrX_2437107-2437533	RIGHT	chrX:2437107-2437533	chrX	2437107	2437533	gt/chrX_2431435-2431676__chrX_2437107-2437533/enhancers/chrX_2437107-2437533.fa	426
gt	gt/chrX_2431435-2431676__chrX_2438227-2439238	LEFT	chrX:2431435-2431676	chrX	2431435	2431676	gt/chrX_2431435-2431676__chrX_2438227-2439238/enhancers/chrX_2431435-2431676.fa	241
gt	gt/chrX_2431435-2431676__chrX_2438227-2439238	RIGHT	chrX:2438227-2439238	chrX	2438227	2439238	gt/chrX_2431435-2431676__chrX_2438227-2439238/enhancers/chrX_2438227-2439238.fa	1011
gt	gt/chrX_2431435-2431676__chrX_2440952-2442340	LEFT	chrX:2431435-2431676	chrX	2431435	2431676	gt/chrX_2431435-2431676__chrX_2440952-2442340/enhancers/chrX_2431435-2431676.fa	241
gt	gt/chrX_2431435-2431676__chrX_2440952-2442340	RIGHT	chrX:2440952-2442340	chrX	2440952	2442340	gt/chrX_2431435-2431676__chrX_2440952-2442340/enhancers/chrX_2440952-2442340.fa	1388
gt	gt/chrX_2431852-2432159__chrX_2432829-2432949	LEFT	chrX:2431852-2432159	chrX	2431852	2432159	gt/chrX_2431852-2432159__chrX_2432829-2432949/enhancers/chrX_2431852-2432159.fa	307
gt	gt/chrX_2431852-2432159__chrX_2432829-2432949	RIGHT	chrX:2432829-2432949	chrX	2432829	2432949	gt/chrX_2431852-2432159__chrX_2432829-2432949/enhancers/chrX_2432829-2432949.fa	120
gt	gt/chrX_2431852-2432159__chrX_2434977-2435401	LEFT	chrX:2431852-2432159	chrX	2431852	2432159	gt/chrX_2431852-2432159__chrX_2434977-2435401/enhancers/chrX_2431852-2432159.fa	307
gt	gt/chrX_2431852-2432159__chrX_2434977-2435401	RIGHT	chrX:2434977-2435401	chrX	2434977	2435401	gt/chrX_2431852-2432159__chrX_2434977-2435401/enhancers/chrX_2434977-2435401.fa	424
gt	gt/chrX_2431852-2432159__chrX_2437107-2437533	LEFT	chrX:2431852-2432159	chrX	2431852	2432159	gt/chrX_2431852-2432159__chrX_2437107-2437533/enhancers/chrX_2431852-2432159.fa	307
gt	gt/chrX_2431852-2432159__chrX_2437107-2437533	RIGHT	chrX:2437107-2437533	chrX	2437107	2437533	gt/chrX_2431852-2432159__chrX_2437107-2437533/enhancers/chrX_2437107-2437533.fa	426
gt	gt/chrX_2431852-2432159__chrX_2438227-2439238	LEFT	chrX:2431852-2432159	chrX	2431852	2432159	gt/chrX_2431852-2432159__chrX_2438227-2439238/enhancers/chrX_2431852-2432159.fa	307
gt	gt/chrX_2431852-2432159__chrX_2438227-2439238	RIGHT	chrX:2438227-2439238	chrX	2438227	2439238	gt/chrX_2431852-2432159__chrX_2438227-2439238/enhancers/chrX_2438227-2439238.fa	1011
gt	gt/chrX_2431852-2432159__chrX_2440952-2442340	LEFT	chrX:2431852-2432159	chrX	2431852	2432159	gt/chrX_2431852-2432159__chrX_2440952-2442340/enhancers/chrX_2431852-2432159.fa	307
gt	gt/chrX_2431852-2432159__chrX_2440952-2442340	RIGHT	chrX:2440952-2442340	chrX	2440952	2442340	gt/chrX_2431852-2432159__chrX_2440952-2442340/enhancers/chrX_2440952-2442340.fa	1388
gt	gt/chrX_2432829-2432949__chrX_2434977-2435401	LEFT	chrX:2432829-2432949	chrX	2432829	2432949	gt/chrX_2432829-2432949__chrX_2434977-2435401/enhancers/chrX_2432829-2432949.fa	120
gt	gt/chrX_2432829-2432949__chrX_2434977-2435401	RIGHT	chrX:2434977-2435401	chrX	2434977	2435401	gt/chrX_2432829-2432949__chrX_2434977-2435401/enhancers/chrX_2434977-2435401.fa	424
gt	gt/chrX_2432829-2432949__chrX_2437107-2437533	LEFT	chrX:2432829-2432949	chrX	2432829	2432949	gt/chrX_2432829-2432949__chrX_2437107-2437533/enhancers/chrX_2432829-2432949.fa	120
gt	gt/chrX_2432829-2432949__chrX_2437107-2437533	RIGHT	chrX:2437107-2437533	chrX	2437107	2437533	gt/chrX_2432829-2432949__chrX_2437107-2437533/enhancers/chrX_2437107-2437533.fa	426
gt	gt/chrX_2432829-2432949__chrX_2438227-2439238	LEFT	chrX:2432829-2432949	chrX	2432829	2432949	gt/chrX_2432829-2432949__chrX_2438227-2439238/enhancers/chrX_2432829-2432949.fa	120
gt	gt/chrX_2432829-2432949__chrX_2438227-2439238	RIGHT	chrX:2438227-2439238	chrX	2438227	2439238	gt/chrX_2432829-2432949__chrX_2438227-2439238/enhancers/chrX_2438227-2439238.fa	1011
gt	gt/chrX_2432829-2432949__chrX_2440952-2442340	LEFT	chrX:2432829-2432949	chrX	2432829	2432949	gt/chrX_2432829-2432949__chrX_2440952-2442340/enhancers/chrX_2432829-2432949.fa	120
gt	gt/chrX_2432829-2432949__chrX_2440952-2442340	RIGHT	chrX:2440952-2442340	chrX	2440952	2442340	gt/chrX_2432829-2432949__chrX_2440952-2442340/enhancers/chrX_2440952-2442340.fa	1388
gt	gt/chrX_2434977-2435401__chrX_2437107-2437533	LEFT	chrX:2434977-2435401	chrX	2434977	2435401	gt/chrX_2434977-2435401__chrX_2437107-2437533/enhancers/chrX_2434977-2435401.fa	424
gt	gt/chrX_2434977-2435401__chrX_2437107-2437533	RIGHT	chrX:2437107-2437533	chrX	2437107	2437533	gt/chrX_2434977-2435401__chrX_2437107-2437533/enhancers/chrX_2437107-2437533.fa	426
gt	gt/chrX_2434977-2435401__chrX_2438227-2439238	LEFT	chrX:2434977-2435401	chrX	2434977	2435401	gt/chrX_2434977-2435401__chrX_2438227-2439238/enhancers/chrX_2434977-2435401.fa	424
gt	gt/chrX_2434977-2435401__chrX_2438227-2439238	RIGHT	chrX:2438227-2439238	chrX	2438227	2439238	gt/chrX_2434977-2435401__chrX_2438227-2439238/enhancers/chrX_2438227-2439238.fa	1011
gt	gt/chrX_2434977-2435401__chrX_2440952-2442340	LEFT	chrX:2434977-2435401	chrX	2434977	2435401	gt/chrX_2434977-2435401__chrX_2440952-2442340/enhancers/chrX_2434977-2435401.fa	424
gt	gt/chrX_2434977-2435401__chrX_2440952-2442340	RIGHT	chrX:2440952-2442340	chrX	2440952	2442340	gt/chrX_2434977-2435401__chrX_2440952-2442340/enhancers/chrX_2440952-2442340.fa	1388
gt	gt/chrX_2437107-2437533__chrX_2438227-2439238	LEFT	chrX:2437107-2437533	chrX	2437107	2437533	gt/chrX_2437107-2437533__chrX_2438227-2439238/enhancers/chrX_2437107-2437533.fa	426
gt	gt/chrX_2437107-2437533__chrX_2438227-2439238	RIGHT	chrX:2438227-2439238	chrX	2438227	2439238	gt/chrX_2437107-2437533__chrX_2438227-2439238/enhancers/chrX_2438227-2439238.fa	1011
gt	gt/chrX_2437107-2437533__chrX_2440952-2442340	LEFT	chrX:2437107-2437533	chrX	2437107	2437533	gt/chrX_2437107-2437533__chrX_2440952-2442340/enhancers/chrX_2437107-2437533.fa	426
gt	gt/chrX_2437107-2437533__chrX_2440952-2442340	RIGHT	chrX:2440952-2442340	chrX	2440952	2442340	gt/chrX_2437107-2437533__chrX_2440952-2442340/enhancers/chrX_2440952-2442340.fa	1388
gt	gt/chrX_2438227-2439238__chrX_2440952-2442340	LEFT	chrX:2438227-2439238	chrX	2438227	2439238	gt/chrX_2438227-2439238__chrX_2440952-2442340/enhancers/chrX_2438227-2439238.fa	1011
gt	gt/chrX_2438227-2439238__chrX_2440952-2442340	RIGHT	chrX:2440952-2442340	chrX	2440952	2442340	gt/chrX_2438227-2439238__chrX_2440952-2442340/enhancers/chrX_2440952-2442340.fa	1388
dan	dan/chr3R_25172238-25174205__chr3R_25182580-25184791	LEFT	chr3R:25172238-25174205	chr3R	25172238	25174205	dan/chr3R_25172238-25174205__chr3R_25182580-25184791/enhancers/chr3R_25172238-25174205.fa	1967
dan	dan/chr3R_25172238-25174205__chr3R_25182580-25184791	RIGHT	chr3R:25182580-25184791	chr3R	25182580	25184791	dan/chr3R_25172238-25174205__chr3R_25182580-25184791/enhancers/chr3R_25182580-25184791.fa	2211
oc	oc/chrX_8643101-8643868__chrX_8653859-8654855	LEFT	chrX:8643101-8643868	chrX	8643101	8643868	oc/chrX_8643101-8643868__chrX_8653859-8654855/enhancers/chrX_8643101-8643868.fa	767
oc	oc/chrX_8643101-8643868__chrX_8653859-8654855	RIGHT	chrX:8653859-8654855	chrX	8653859	8654855	oc/chrX_8643101-8643868__chrX_8653859-8654855/enhancers/chrX_8653859-8654855.fa	996
vnd	vnd/chrX_583829-584563__chrX_586024-586643	LEFT	chrX:583829-584563	chrX	583829	584563	vnd/chrX_583829-584563__chrX_586024-586643/enhancers/chrX_583829-584563.fa	734
vnd	vnd/chrX_583829-584563__chrX_586024-586643	RIGHT	chrX:586024-586643	chrX	586024	586643	vnd/chrX_583829-584563__chrX_586024-586643/enhancers/chrX_586024-586643.fa	619
vnd	vnd/chrX_583829-584563__chrX_586878-588097	LEFT	chrX:583829-584563	chrX	583829	584563	vnd/chrX_583829-584563__chrX_586878-588097/enhancers/chrX_583829-584563.fa	734
vnd	vnd/chrX_583829-584563__chrX_586878-588097	RIGHT	chrX:586878-588097	chrX	586878	588097	vnd/chrX_583829-584563__chrX_586878-588097/enhancers/chrX_586878-588097.fa	1219
vnd	vnd/chrX_586024-586643__chrX_586878-588097	LEFT	chrX:586024-586643	chrX	586024	586643	vnd/chrX_586024-586643__chrX_586878-588097/enhancers/chrX_586024-586643.fa	619
vnd	vnd/chrX_586024-586643__chrX_586878-588097	RIGHT	chrX:586878-588097	chrX	586878	588097	vnd/chrX_586024-586643__chrX_586878-588097/enhancers/chrX_586878-588097.fa	1219
Optix	Optix/chr2R_8046126-8047096__chr2R_8049875-8050664	LEFT	chr2R:8046126-8047096	chr2R	8046126	8047096	Optix/chr2R_8046126-8047096__chr2R_8049875-8050664/enhancers/chr2R_8046126-8047096.fa	970
Optix	Optix/chr2R_8046126-8047096__chr2R_8049875-8050664	RIGHT	chr2R:8049875-8050664	chr2R	8049875	8050664	Optix/chr2R_8046126-8047096__chr2R_8049875-8050664/enhancers/chr2R_8049875-8050664.fa	789
CG10479	CG10479/chr3L_5979576-5979770__chr3L_5989752-5990383	LEFT	chr3L:5979576-5979770	chr3L	5979576	5979770	CG10479/chr3L_5979576-5979770__chr3L_5989752-5990383/enhancers/chr3L_5979576-5979770.fa	194
CG10479	CG10479/chr3L_5979576-5979770__chr3L_5989752-5990383	RIGHT	chr3L:5989752-5990383	chr3L	5989752	5990383	CG10479/chr3L_5979576-5979770__chr3L_5989752-5990383/enhancers/chr3L_5989752-5990383.fa	631
CG10479	CG10479/chr3L_5979576-5979770__chr3L_5991306-5991899	LEFT	chr3L:5979576-5979770	chr3L	5979576	5979770	CG10479/chr3L_5979576-5979770__chr3L_5991306-5991899/enhancers/chr3L_5979576-5979770.fa	194
CG10479	CG10479/chr3L_5979576-5979770__chr3L_5991306-5991899	RIGHT	chr3L:5991306-5991899	chr3L	5991306	5991899	CG10479/chr3L_5979576-5979770__chr3L_5991306-5991899/enhancers/chr3L_5991306-5991899.fa	593
CG10479	CG10479/chr3L_5989752-5990383__chr3L_5991306-5991899	LEFT	chr3L:5989752-5990383	chr3L	5989752	5990383	CG10479/chr3L_5989752-5990383__chr3L_5991306-5991899/enhancers/chr3L_5989752-5990383.fa	631
CG10479	CG10479/chr3L_5989752-5990383__chr3L_5991306-5991899	RIGHT	chr3L:5991306-5991899	chr3L	5991306	5991899	CG10479/chr3L_5989752-5990383__chr3L_5991306-5991899/enhancers/chr3L_5991306-5991899.fa	593
DII	DII/chr2R_24808103-24808896__chr2R_24809499-24809705	LEFT	chr2R:24808103-24808896	chr2R	24808103	24808896	DII/chr2R_24808103-24808896__chr2R_24809499-24809705/enhancers/chr2R_24808103-24808896.fa	793
DII	DII/chr2R_24808103-24808896__chr2R_24809499-24809705	RIGHT	chr2R:24809499-24809705	chr2R	24809499	24809705	DII/chr2R_24808103-24808896__chr2R_24809499-24809705/enhancers/chr2R_24809499-24809705.fa	206
DII	DII/chr2R_24808103-24808896__chr2R_24854572-24855864	LEFT	chr2R:24808103-24808896	chr2R	24808103	24808896	DII/chr2R_24808103-24808896__chr2R_24854572-24855864/enhancers/chr2R_24808103-24808896.fa	793
DII	DII/chr2R_24808103-24808896__chr2R_24854572-24855864	RIGHT	chr2R:24854572-24855864	chr2R	24854572	24855864	DII/chr2R_24808103-24808896__chr2R_24854572-24855864/enhancers/chr2R_24854572-24855864.fa	1292
DII	DII/chr2R_24809499-24809705__chr2R_24854572-24855864	LEFT	chr2R:24809499-24809705	chr2R	24809499	24809705	DII/chr2R_24809499-24809705__chr2R_24854572-24855864/enhancers/chr2R_24809499-24809705.fa	206
DII	DII/chr2R_24809499-24809705__chr2R_24854572-24855864	RIGHT	chr2R:24854572-24855864	chr2R	24854572	24855864	DII/chr2R_24809499-24809705__chr2R_24854572-24855864/enhancers/chr2R_24854572-24855864.fa	1292
esg	esg/chr2L_15322444-15322772__chr2L_15323128-15323794	LEFT	chr2L:15322444-15322772	chr2L	15322444	15322772	esg/chr2L_15322444-15322772__chr2L_15323128-15323794/enhancers/chr2L_15322444-15322772.fa	328
esg	esg/chr2L_15322444-15322772__chr2L_15323128-15323794	RIGHT	chr2L:15323128-15323794	chr2L	15323128	15323794	esg/chr2L_15322444-15322772__chr2L_15323128-15323794/enhancers/chr2L_15323128-15323794.fa	666
esg	esg/chr2L_15322444-15322772__chr2L_15323946-15324408	LEFT	chr2L:15322444-15322772	chr2L	15322444	15322772	esg/chr2L_15322444-15322772__chr2L_15323946-15324408/enhancers/chr2L_15322444-15322772.fa	328
esg	esg/chr2L_15322444-15322772__chr2L_15323946-15324408	RIGHT	chr2L:15323946-15324408	chr2L	15323946	15324408	esg/chr2L_15322444-15322772__chr2L_15323946-15324408/enhancers/chr2L_15323946-15324408.fa	462
esg	esg/chr2L_15322444-15322772__chr2L_15331388-15332093	LEFT	chr2L:15322444-15322772	chr2L	15322444	15322772	esg/chr2L_15322444-15322772__chr2L_15331388-15332093/enhancers/chr2L_15322444-15322772.fa	328
esg	esg/chr2L_15322444-15322772__chr2L_15331388-15332093	RIGHT	chr2L:15331388-15332093	chr2L	15331388	15332093	esg/chr2L_15322444-15322772__chr2L_15331388-15332093/enhancers/chr2L_15331388-15332093.fa	705
esg	esg/chr2L_15322444-15322772__chr2L_15332558-15332979	LEFT	chr2L:15322444-15322772	chr2L	15322444	15322772	esg/chr2L_15322444-15322772__chr2L_15332558-15332979/enhancers/chr2L_15322444-15322772.fa	328
esg	esg/chr2L_15322444-15322772__chr2L_15332558-15332979	RIGHT	chr2L:15332558-15332979	chr2L	15332558	15332979	esg/chr2L_15322444-15322772__chr2L_15332558-15332979/enhancers/chr2L_15332558-15332979.fa	421
esg	esg/chr2L_15322444-15322772__chr2L_15333222-15333912	LEFT	chr2L:15322444-15322772	chr2L	15322444	15322772	esg/chr2L_15322444-15322772__chr2L_15333222-15333912/enhancers/chr2L_15322444-15322772.fa	328
esg	esg/chr2L_15322444-15322772__chr2L_15333222-15333912	RIGHT	chr2L:15333222-15333912	chr2L	15333222	15333912	esg/chr2L_15322444-15322772__chr2L_15333222-15333912/enhancers/chr2L_15333222-15333912.fa	690
esg	esg/chr2L_15323128-15323794__chr2L_15323946-15324408	LEFT	chr2L:15323128-15323794	chr2L	15323128	15323794	esg/chr2L_15323128-15323794__chr2L_15323946-15324408/enhancers/chr2L_15323128-15323794.fa	666
esg	esg/chr2L_15323128-15323794__chr2L_15323946-15324408	RIGHT	chr2L:15323946-15324408	chr2L	15323946	15324408	esg/chr2L_15323128-15323794__chr2L_15323946-15324408/enhancers/chr2L_15323946-15324408.fa	462
esg	esg/chr2L_15323128-15323794__chr2L_15331388-15332093	LEFT	chr2L:15323128-15323794	chr2L	15323128	15323794	esg/chr2L_15323128-15323794__chr2L_15331388-15332093/enhancers/chr2L_15323128-15323794.fa	666
esg	esg/chr2L_15323128-15323794__chr2L_15331388-15332093	RIGHT	chr2L:15331388-15332093	chr2L	15331388	15332093	esg/chr2L_15323128-15323794__chr2L_15331388-15332093/enhancers/chr2L_15331388-15332093.fa	705
esg	esg/chr2L_15323128-15323794__chr2L_15332558-15332979	LEFT	chr2L:15323128-15323794	chr2L	15323128	15323794	esg/chr2L_15323128-15323794__chr2L_15332558-15332979/enhancers/chr2L_15323128-15323794.fa	666
esg	esg/chr2L_15323128-15323794__chr2L_15332558-15332979	RIGHT	chr2L:15332558-15332979	chr2L	15332558	15332979	esg/chr2L_15323128-15323794__chr2L_15332558-15332979/enhancers/chr2L_15332558-15332979.fa	421
esg	esg/chr2L_15323128-15323794__chr2L_15333222-15333912	LEFT	chr2L:15323128-15323794	chr2L	15323128	15323794	esg/chr2L_15323128-15323794__chr2L_15333222-15333912/enhancers/chr2L_15323128-15323794.fa	666
esg	esg/chr2L_15323128-15323794__chr2L_15333222-15333912	RIGHT	chr2L:15333222-15333912	chr2L	15333222	15333912	esg/chr2L_15323128-15323794__chr2L_15333222-15333912/enhancers/chr2L_15333222-15333912.fa	690
esg	esg/chr2L_15323946-15324408__chr2L_15331388-15332093	LEFT	chr2L:15323946-15324408	chr2L	15323946	15324408	esg/chr2L_15323946-15324408__chr2L_15331388-15332093/enhancers/chr2L_15323946-15324408.fa	462
esg	esg/chr2L_15323946-15324408__chr2L_15331388-15332093	RIGHT	chr2L:15331388-15332093	chr2L	15331388	15332093	esg/chr2L_15323946-15324408__chr2L_15331388-15332093/enhancers/chr2L_15331388-15332093.fa	705
esg	esg/chr2L_15323946-15324408__chr2L_15332558-15332979	LEFT	chr2L:15323946-15324408	chr2L	15323946	15324408	esg/chr2L_15323946-15324408__chr2L_15332558-15332979/enhancers/chr2L_15323946-15324408.fa	462
esg	esg/chr2L_15323946-15324408__chr2L_15332558-15332979	RIGHT	chr2L:15332558-15332979	chr2L	15332558	15332979	esg/chr2L_15323946-15324408__chr2L_15332558-15332979/enhancers/chr2L_15332558-15332979.fa	421
esg	esg/chr2L_15323946-15324408__chr2L_15333222-15333912	LEFT	chr2L:15323946-15324408	chr2L	15323946	15324408	esg/chr2L_15323946-15324408__chr2L_15333222-15333912/enhancers/chr2L_15323946-15324408.fa	462
esg	esg/chr2L_15323946-15324408__chr2L_15333222-15333912	RIGHT	chr2L:15333222-15333912	chr2L	15333222	15333912	esg/chr2L_15323946-15324408__chr2L_15333222-15333912/enhancers/chr2L_15333222-15333912.fa	690
esg	esg/chr2L_15331388-15332093__chr2L_15332558-15332979	LEFT	chr2L:15331388-15332093	chr2L	15331388	15332093	esg/chr2L_15331388-15332093__chr2L_15332558-15332979/enhancers/chr2L_15331388-15332093.fa	705
esg	esg/chr2L_15331388-15332093__chr2L_15332558-15332979	RIGHT	chr2L:15332558-15332979	chr2L	15332558	15332979	esg/chr2L_15331388-15332093__chr2L_15332558-15332979/enhancers/chr2L_15332558-15332979.fa	421
esg	esg/chr2L_15331388-15332093__chr2L_15333222-15333912	LEFT	chr2L:15331388-15332093	chr2L	15331388	15332093	esg/chr2L_15331388-15332093__chr2L_15333222-15333912/enhancers/chr2L_15331388-15332093.fa	705
esg	esg/chr2L_15331388-15332093__chr2L_15333222-15333912	RIGHT	chr2L:15333222-15333912	chr2L	15333222	15333912	esg/chr2L_15331388-15332093__chr2L_15333222-15333912/enhancers/chr2L_15333222-15333912.fa	690
esg	esg/chr2L_15332558-15332979__chr2L_15333222-15333912	LEFT	chr2L:15332558-15332979	chr2L	15332558	15332979	esg/chr2L_15332558-15332979__chr2L_15333222-15333912/enhancers/chr2L_15332558-15332979.fa	421
esg	esg/chr2L_15332558-15332979__chr2L_15333222-15333912	RIGHT	chr2L:15333222-15333912	chr2L	15333222	15333912	esg/chr2L_15332558-15332979__chr2L_15333222-15333912/enhancers/chr2L_15333222-15333912.fa	690
prd	prd/chr2L_12080941-12081738__chr2L_12082256-12083149	LEFT	chr2L:12080941-12081738	chr2L	12080941	12081738	prd/chr2L_12080941-12081738__chr2L_12082256-12083149/enhancers/chr2L_12080941-12081738.fa	797
prd	prd/chr2L_12080941-12081738__chr2L_12082256-12083149	RIGHT	chr2L:12082256-12083149	chr2L	12082256	12083149	prd/chr2L_12080941-12081738__chr2L_12082256-12083149/enhancers/chr2L_12082256-12083149.fa	893
prd	prd/chr2L_12080941-12081738__chr2L_12088676-12088812	LEFT	chr2L:12080941-12081738	chr2L	12080941	12081738	prd/chr2L_12080941-12081738__chr2L_12088676-12088812/enhancers/chr2L_12080941-12081738.fa	797
prd	prd/chr2L_12080941-12081738__chr2L_12088676-12088812	RIGHT	chr2L:12088676-12088812	chr2L	12088676	12088812	prd/chr2L_12080941-12081738__chr2L_12088676-12088812/enhancers/chr2L_12088676-12088812.fa	136
prd	prd/chr2L_12080941-12081738__chr2L_12089073-12089963	LEFT	chr2L:12080941-12081738	chr2L	12080941	12081738	prd/chr2L_12080941-12081738__chr2L_12089073-12089963/enhancers/chr2L_12080941-12081738.fa	797
prd	prd/chr2L_12080941-12081738__chr2L_12089073-12089963	RIGHT	chr2L:12089073-12089963	chr2L	12089073	12089963	prd/chr2L_12080941-12081738__chr2L_12089073-12089963/enhancers/chr2L_12089073-12089963.fa	890
prd	prd/chr2L_12080941-12081738__chr2L_12090222-12090543	LEFT	chr2L:12080941-12081738	chr2L	12080941	12081738	prd/chr2L_12080941-12081738__chr2L_12090222-12090543/enhancers/chr2L_12080941-12081738.fa	797
prd	prd/chr2L_12080941-12081738__chr2L_12090222-12090543	RIGHT	chr2L:12090222-12090543	chr2L	12090222	12090543	prd/chr2L_12080941-12081738__chr2L_12090222-12090543/enhancers/chr2L_12090222-12090543.fa	321
prd	prd/chr2L_12082256-12083149__chr2L_12088676-12088812	LEFT	chr2L:12082256-12083149	chr2L	12082256	12083149	prd/chr2L_12082256-12083149__chr2L_12088676-12088812/enhancers/chr2L_12082256-12083149.fa	893
prd	prd/chr2L_12082256-12083149__chr2L_12088676-12088812	RIGHT	chr2L:12088676-12088812	chr2L	12088676	12088812	prd/chr2L_12082256-12083149__chr2L_12088676-12088812/enhancers/chr2L_12088676-12088812.fa	136
prd	prd/chr2L_12082256-12083149__chr2L_12089073-12089963	LEFT	chr2L:12082256-12083149	chr2L	12082256	12083149	prd/chr2L_12082256-12083149__chr2L_12089073-12089963/enhancers/chr2L_12082256-12083149.fa	893
prd	prd/chr2L_12082256-12083149__chr2L_12089073-12089963	RIGHT	chr2L:12089073-12089963	chr2L	12089073	12089963	prd/chr2L_12082256-12083149__chr2L_12089073-12089963/enhancers/chr2L_12089073-12089963.fa	890
prd	prd/chr2L_12082256-12083149__chr2L_12090222-12090543	LEFT	chr2L:12082256-12083149	chr2L	12082256	12083149	prd/chr2L_12082256-12083149__chr2L_12090222-12090543/enhancers/chr2L_12082256-12083149.fa	893
prd	prd/chr2L_12082256-12083149__chr2L_12090222-12090543	RIGHT	chr2L:12090222-12090543	chr2L	12090222	12090543	prd/chr2L_12082256-12083149__chr2L_12090222-12090543/enhancers/chr2L_12090222-12090543.fa	321
prd	prd/chr2L_12088676-12088812__chr2L_12089073-12089963	LEFT	chr2L:12088676-12088812	chr2L	12088676	12088812	prd/chr2L_12088676-12088812__chr2L_12089073-12089963/enhancers/chr2L_12088676-12088812.fa	136
prd	prd/chr2L_12088676-12088812__chr2L_12089073-12089963	RIGHT	chr2L:12089073-12089963	chr2L	12089073	12089963	prd/chr2L_12088676-12088812__chr2L_12089073-12089963/enhancers/chr2L_12089073-12089963.fa	890
prd	prd/chr2L_12088676-12088812__chr2L_12090222-12090543	LEFT	chr2L:12088676-12088812	chr2L	12088676	12088812	prd/chr2L_12088676-12088812__chr2L_12090222-12090543/enhancers/chr2L_12088676-12088812.fa	136
prd	prd/chr2L_12088676-12088812__chr2L_12090222-12090543	RIGHT	chr2L:12090222-12090543	chr2L	12090222	12090543	prd/chr2L_12088676-12088812__chr2L_12090222-12090543/enhancers/chr2L_12090222-12090543.fa	321
prd	prd/chr2L_12089073-12089963__chr2L_12090222-12090543	LEFT	chr2L:12089073-12089963	chr2L	12089073	12089963	prd/chr2L_12089073-12089963__chr2L_12090222-12090543/enhancers/chr2L_12089073-12089963.fa	890
prd	prd/chr2L_12089073-12089963__chr2L_12090222-12090543	RIGHT	chr2L:12090222-12090543	chr2L	12090222	12090543	prd/chr2L_12089073-12089963__chr2L_12090222-12090543/enhancers/chr2L_12090222-12090543.fa	321
bab2	bab2/chr3L_1082826-1083401__chr3L_1091260-1091650	LEFT	chr3L:1082826-1083401	chr3L	1082826	1083401	bab2/chr3L_1082826-1083401__chr3L_1091260-1091650/enhancers/chr3L_1082826-1083401.fa	575
bab2	bab2/chr3L_1082826-1083401__chr3L_1091260-1091650	RIGHT	chr3L:1091260-1091650	chr3L	1091260	1091650	bab2/chr3L_1082826-1083401__chr3L_1091260-1091650/enhancers/chr3L_1091260-1091650.fa	390
bab2	bab2/chr3L_1082826-1083401__chr3L_1167709-1167971	LEFT	chr3L:1082826-1083401	chr3L	1082826	1083401	bab2/chr3L_1082826-1083401__chr3L_1167709-1167971/enhancers/chr3L_1082826-1083401.fa	575
bab2	bab2/chr3L_1082826-1083401__chr3L_1167709-1167971	RIGHT	chr3L:1167709-1167971	chr3L	1167709	1167971	bab2/chr3L_1082826-1083401__chr3L_1167709-1167971/enhancers/chr3L_1167709-1167971.fa	262
bab2	bab2/chr3L_1091260-1091650__chr3L_1167709-1167971	LEFT	chr3L:1091260-1091650	chr3L	1091260	1091650	bab2/chr3L_1091260-1091650__chr3L_1167709-1167971/enhancers/chr3L_1091260-1091650.fa	390
bab2	bab2/chr3L_1091260-1091650__chr3L_1167709-1167971	RIGHT	chr3L:1167709-1167971	chr3L	1167709	1167971	bab2/chr3L_1091260-1091650__chr3L_1167709-1167971/enhancers/chr3L_1167709-1167971.fa	262
tup	tup/chr2L_18874725-18874929__chr2L_18874978-18876337	LEFT	chr2L:18874725-18874929	chr2L	18874725	18874929	tup/chr2L_18874725-18874929__chr2L_18874978-18876337/enhancers/chr2L_18874725-18874929.fa	204
tup	tup/chr2L_18874725-18874929__chr2L_18874978-18876337	RIGHT	chr2L:18874978-18876337	chr2L	18874978	18876337	tup/chr2L_18874725-18874929__chr2L_18874978-18876337/enhancers/chr2L_18874978-18876337.fa	1359
tup	tup/chr2L_18874725-18874929__chr2L_18893905-18894024	LEFT	chr2L:18874725-18874929	chr2L	18874725	18874929	tup/chr2L_18874725-18874929__chr2L_18893905-18894024/enhancers/chr2L_18874725-18874929.fa	204
tup	tup/chr2L_18874725-18874929__chr2L_18893905-18894024	RIGHT	chr2L:18893905-18894024	chr2L	18893905	18894024	tup/chr2L_18874725-18874929__chr2L_18893905-18894024/enhancers/chr2L_18893905-18894024.fa	119
tup	tup/chr2L_18874725-18874929__chr2L_18894031-18894287	LEFT	chr2L:18874725-18874929	chr2L	18874725	18874929	tup/chr2L_18874725-18874929__chr2L_18894031-18894287/enhancers/chr2L_18874725-18874929.fa	204
tup	tup/chr2L_18874725-18874929__chr2L_18894031-18894287	RIGHT	chr2L:18894031-18894287	chr2L	18894031	18894287	tup/chr2L_18874725-18874929__chr2L_18894031-18894287/enhancers/chr2L_18894031-18894287.fa	256
tup	tup/chr2L_18874725-18874929__chr2L_18894563-18895695	LEFT	chr2L:18874725-18874929	chr2L	18874725	18874929	tup/chr2L_18874725-18874929__chr2L_18894563-18895695/enhancers/chr2L_18874725-18874929.fa	204
tup	tup/chr2L_18874725-18874929__chr2L_18894563-18895695	RIGHT	chr2L:18894563-18895695	chr2L	18894563	18895695	tup/chr2L_18874725-18874929__chr2L_18894563-18895695/enhancers/chr2L_18894563-18895695.fa	1132
tup	tup/chr2L_18874978-18876337__chr2L_18893905-18894024	LEFT	chr2L:18874978-18876337	chr2L	18874978	18876337	tup/chr2L_18874978-18876337__chr2L_18893905-18894024/enhancers/chr2L_18874978-18876337.fa	1359
tup	tup/chr2L_18874978-18876337__chr2L_18893905-18894024	RIGHT	chr2L:18893905-18894024	chr2L	18893905	18894024	tup/chr2L_18874978-18876337__chr2L_18893905-18894024/enhancers/chr2L_18893905-18894024.fa	119
tup	tup/chr2L_18874978-18876337__chr2L_18894031-18894287	LEFT	chr2L:18874978-18876337	chr2L	18874978	18876337	tup/chr2L_18874978-18876337__chr2L_18894031-18894287/enhancers/chr2L_18874978-18876337.fa	1359
tup	tup/chr2L_18874978-18876337__chr2L_18894031-18894287	RIGHT	chr2L:18894031-18894287	chr2L	18894031	18894287	tup/chr2L_18874978-18876337__chr2L_18894031-18894287/enhancers/chr2L_18894031-18894287.fa	256
tup	tup/chr2L_18874978-18876337__chr2L_18894563-18895695	LEFT	chr2L:18874978-18876337	chr2L	18874978	18876337	tup/chr2L_18874978-18876337__chr2L_18894563-18895695/enhancers/chr2L_18874978-18876337.fa	1359
tup	tup/chr2L_18874978-18876337__chr2L_18894563-18895695	RIGHT	chr2L:18894563-18895695	chr2L	18894563	18895695	tup/chr2L_18874978-18876337__chr2L_18894563-18895695/enhancers/chr2L_18894563-18895695.fa	1132
tup	tup/chr2L_18893905-18894024__chr2L_18894031-18894287	LEFT	chr2L:18893905-18894024	chr2L	18893905	18894024	tup/chr2L_18893905-18894024__chr2L_18894031-18894287/enhancers/chr2L_18893905-18894024.fa	119
tup	tup/chr2L_18893905-18894024__chr2L_18894031-18894287	RIGHT	chr2L:18894031-18894287	chr2L	18894031	18894287	tup/chr2L_18893905-18894024__chr2L_18894031-18894287/enhancers/chr2L_18894031-18894287.fa	256
tup	tup/chr2L_18893905-18894024__chr2L_18894563-18895695	LEFT	chr2L:18893905-18894024	chr2L	18893905	18894024	tup/chr2L_18893905-18894024__chr2L_18894563-18895695/enhancers/chr2L_18893905-18894024.fa	119
tup	tup/chr2L_18893905-18894024__chr2L_18894563-18895695	RIGHT	chr2L:18894563-18895695	chr2L	18894563	18895695	tup/chr2L_18893905-18894024__chr2L_18894563-18895695/enhancers/chr2L_18894563-18895695.fa	1132
tup	tup/chr2L_18894031-18894287__chr2L_18894563-18895695	LEFT	chr2L:18894031-18894287	chr2L	18894031	18894287	tup/chr2L_18894031-18894287__chr2L_18894563-18895695/enhancers/chr2L_18894031-18894287.fa	256
tup	tup/chr2L_18894031-18894287__chr2L_18894563-18895695	RIGHT	chr2L:18894563-18895695	chr2L	18894563	18895695	tup/chr2L_18894031-18894287__chr2L_18894563-18895695/enhancers/chr2L_18894563-18895695.fa	1132
D	D/chr3L_14152518-14152826__chr3L_14153051-14154215	LEFT	chr3L:14152518-14152826	chr3L	14152518	14152826	D/chr3L_14152518-14152826__chr3L_14153051-14154215/enhancers/chr3L_14152518-14152826.fa	308
D	D/chr3L_14152518-14152826__chr3L_14153051-14154215	RIGHT	chr3L:14153051-14154215	chr3L	14153051	14154215	D/chr3L_14152518-14152826__chr3L_14153051-14154215/enhancers/chr3L_14153051-14154215.fa	1164
D	D/chr3L_14152518-14152826__chr3L_14171965-14172435	LEFT	chr3L:14152518-14152826	chr3L	14152518	14152826	D/chr3L_14152518-14152826__chr3L_14171965-14172435/enhancers/chr3L_14152518-14152826.fa	308
D	D/chr3L_14152518-14152826__chr3L_14171965-14172435	RIGHT	chr3L:14171965-14172435	chr3L	14171965	14172435	D/chr3L_14152518-14152826__chr3L_14171965-14172435/enhancers/chr3L_14171965-14172435.fa	470
D	D/chr3L_14152518-14152826__chr3L_14172843-14173610	LEFT	chr3L:14152518-14152826	chr3L	14152518	14152826	D/chr3L_14152518-14152826__chr3L_14172843-14173610/enhancers/chr3L_14152518-14152826.fa	308
D	D/chr3L_14152518-14152826__chr3L_14172843-14173610	RIGHT	chr3L:14172843-14173610	chr3L	14172843	14173610	D/chr3L_14152518-14152826__chr3L_14172843-14173610/enhancers/chr3L_14172843-14173610.fa	767
D	D/chr3L_14153051-14154215__chr3L_14171965-14172435	LEFT	chr3L:14153051-14154215	chr3L	14153051	14154215	D/chr3L_14153051-14154215__chr3L_14171965-14172435/enhancers/chr3L_14153051-14154215.fa	1164
D	D/chr3L_14153051-14154215__chr3L_14171965-14172435	RIGHT	chr3L:14171965-14172435	chr3L	14171965	14172435	D/chr3L_14153051-14154215__chr3L_14171965-14172435/enhancers/chr3L_14171965-14172435.fa	470
D	D/chr3L_14153051-14154215__chr3L_14172843-14173610	LEFT	chr3L:14153051-14154215	chr3L	14153051	14154215	D/chr3L_14153051-14154215__chr3L_14172843-14173610/enhancers/chr3L_14153051-14154215.fa	1164
D	D/chr3L_14153051-14154215__chr3L_14172843-14173610	RIGHT	chr3L:14172843-14173610	chr3L	14172843	14173610	D/chr3L_14153051-14154215__chr3L_14172843-14173610/enhancers/chr3L_14172843-14173610.fa	767
D	D/chr3L_14171965-14172435__chr3L_14172843-14173610	LEFT	chr3L:14171965-14172435	chr3L	14171965	14172435	D/chr3L_14171965-14172435__chr3L_14172843-14173610/enhancers/chr3L_14171965-14172435.fa	470
D	D/chr3L_14171965-14172435__chr3L_14172843-14173610	RIGHT	chr3L:14172843-14173610	chr3L	14172843	14173610	D/chr3L_14171965-14172435__chr3L_14172843-14173610/enhancers/chr3L_14172843-14173610.fa	767
