pair_dir	is_close_gap	is_adjacent_neighbors	LL_hit	RR_hit	LR_hit	RL_hit	LL_RR_double_hit	LR_RL_double_hit	any_double_hit	double_hit_type	best_double_hit_comparison	best_double_hit_evalue	best_double_hit_bitscore	best_double_hit_neg_log10_evalue
Abd-B/chr3R_16891893-16892448__chr3R_16901949-16902502	False	False	1	0	1	1	0	1	1	LR_RL	LR	0.018	28.3	1.744727494896694
Abd-B/chr3R_16891893-16892448__chr3R_16920234-16921056	False	False	0	1	1	1	0	1	1	LR_RL	RL	0.22	24.7	0.6575773191777937
Abd-B/chr3R_16891893-16892448__chr3R_16921371-16921858	False	False	1	1	1	1	1	1	1	BOTH	LR	0.018	28.3	1.744727494896694
Abd-B/chr3R_16901949-16902502__chr3R_16920234-16921056	False	False	1	1	0	1	1	0	1	LL_RR	RR	0.094	22.9	1.0268721464003014
Abd-B/chr3R_16901949-16902502__chr3R_16921371-16921858	False	False	0	1	0	1	0	0	0	NONE				
Abd-B/chr3R_16920234-16921056__chr3R_16921371-16921858	True	True	0	0	1	0	0	0	0	NONE				
CG10479/chr3L_5979576-5979770__chr3L_5989752-5990383	False	False	1	1	1	0	1	0	1	LL_RR	RR	0.081	24.7	1.0915149811213503
CG10479/chr3L_5979576-5979770__chr3L_5991306-5991899	False	False	1	1	1	1	1	1	1	BOTH	LL	0.007	28.3	2.154901959985743
CG10479/chr3L_5989752-5990383__chr3L_5991306-5991899	True	True	1	1	1	0	1	0	1	LL_RR	LL	0.28	22.9	0.5528419686577808
D/chr3L_14152518-14152826__chr3L_14153051-14154215	True	True	0	0	1	0	0	0	0	NONE				
D/chr3L_14152518-14152826__chr3L_14171965-14172435	False	False	1	0	1	0	0	0	0	NONE				
D/chr3L_14152518-14152826__chr3L_14172843-14173610	False	False	1	1	1	0	1	0	1	LL_RR	RR	0.005	27.4	2.3010299956639813
D/chr3L_14153051-14154215__chr3L_14171965-14172435	False	False	0	1	0	1	0	0	0	NONE				
D/chr3L_14153051-14154215__chr3L_14172843-14173610	False	False	0	1	1	1	0	1	1	LR_RL	LR	0.005	27.4	2.3010299956639813
D/chr3L_14171965-14172435__chr3L_14172843-14173610	True	True	1	1	1	0	1	0	1	LL_RR	RR	0.035	24.7	1.4559319556497243
DI/chr3R_19314425-19316093__chr3R_19316385-19316666	True	True	1	0	1	0	0	0	0	NONE				
DI/chr3R_19314425-19316093__chr3R_19340454-19341279	False	False	1	0	0	1	0	0	0	NONE				
DI/chr3R_19314425-19316093__chr3R_19341536-19342363	False	False	0	1	1	0	0	0	0	NONE				
DI/chr3R_19316385-19316666__chr3R_19340454-19341279	False	False	1	0	0	1	0	0	0	NONE				
DI/chr3R_19316385-19316666__chr3R_19341536-19342363	False	False	0	1	1	0	0	0	0	NONE				
DI/chr3R_19340454-19341279__chr3R_19341536-19342363	True	True	1	0	1	0	0	0	0	NONE				
DII/chr2R_24808103-24808896__chr2R_24809499-24809705	True	True	1	1	1	0	1	0	1	LL_RR	RR	0.004	29.2	2.3979400086720375
DII/chr2R_24808103-24808896__chr2R_24854572-24855864	False	False	0	1	1	1	0	1	1	LR_RL	RL	0.64	22.9	0.1938200260161128
DII/chr2R_24809499-24809705__chr2R_24854572-24855864	False	False	1	0	1	1	0	1	1	LR_RL	LR	0.015	26.5	1.8239087409443189
FBgn0000014_Spearman/chr3R_16743196-16743622__chr3R_16756098-16756427	False	False	1	1	0	1	1	0	1	LL_RR	RR	0.005	30.1	2.3010299956639813
FBgn0000014_Spearman/chr3R_16743196-16743622__chr3R_16764121-16764485	False	False	1	1	1	1	1	1	1	BOTH	LR	1.01e-05	40.1	4.995678626217358
FBgn0000014_Spearman/chr3R_16743196-16743622__chr3R_16802761-16803112	False	False	1	1	1	1	1	1	1	BOTH	RR	0.005	30.1	2.3010299956639813
FBgn0000014_Spearman/chr3R_16743196-16743622__chr3R_16857769-16858049	False	False	1	1	1	1	1	1	1	BOTH	RR	0.005	31.0	2.3010299956639813
FBgn0000014_Spearman/chr3R_16743196-16743622__chr3R_16878885-16879147	False	False	1	1	1	1	1	1	1	BOTH	LR	0.064	27.4	1.193820026016113
FBgn0000014_Spearman/chr3R_16743196-16743622__chr3R_16882506-16882728	False	False	1	1	1	1	1	1	1	BOTH	LR	0.018	28.3	1.744727494896694
FBgn0000014_Spearman/chr3R_16743196-16743622__chr3R_16920451-16920854	False	False	1	1	1	1	1	1	1	BOTH	RL	0.22	25.6	0.6575773191777937
FBgn0000014_Spearman/chr3R_16756098-16756427__chr3R_16764121-16764485	False	False	1	1	1	1	1	1	1	BOTH	RL	1.49e-98	347.0	97.82681373158772
FBgn0000014_Spearman/chr3R_16756098-16756427__chr3R_16802761-16803112	False	False	1	0	1	1	0	1	1	LR_RL	LR	0.064	26.5	1.193820026016113
FBgn0000014_Spearman/chr3R_16756098-16756427__chr3R_16857769-16858049	False	False	1	0	1	1	0	1	1	LR_RL	LR	0.018	28.3	1.744727494896694
FBgn0000014_Spearman/chr3R_16756098-16756427__chr3R_16878885-16879147	False	False	1	1	1	1	1	1	1	BOTH	LR	0.018	28.3	1.744727494896694
FBgn0000014_Spearman/chr3R_16756098-16756427__chr3R_16882506-16882728	False	False	1	1	1	1	1	1	1	BOTH	LL	0.018	28.3	1.744727494896694
FBgn0000014_Spearman/chr3R_16756098-16756427__chr3R_16920451-16920854	False	False	1	1	1	0	1	0	1	LL_RR	LL	0.22	25.6	0.6575773191777937
FBgn0000014_Spearman/chr3R_16764121-16764485__chr3R_16802761-16803112	False	False	1	1	1	1	1	1	1	BOTH	RL	0.018	28.3	1.744727494896694
FBgn0000014_Spearman/chr3R_16764121-16764485__chr3R_16857769-16858049	False	False	1	0	1	1	0	1	1	LR_RL	RL	0.22	25.6	0.6575773191777937
FBgn0000014_Spearman/chr3R_16764121-16764485__chr3R_16878885-16879147	False	False	1	1	1	1	1	1	1	BOTH	LR	1.01e-05	39.2	4.995678626217358
FBgn0000014_Spearman/chr3R_16764121-16764485__chr3R_16882506-16882728	False	False	1	1	1	1	1	1	1	BOTH	LL	1.01e-05	39.2	4.995678626217358
FBgn0000014_Spearman/chr3R_16764121-16764485__chr3R_16920451-16920854	False	False	1	1	1	1	1	1	1	BOTH	RR	0.064	26.5	1.193820026016113
FBgn0000014_Spearman/chr3R_16802761-16803112__chr3R_16857769-16858049	False	False	1	1	1	1	1	1	1	BOTH	RL	0.001	31.9	3.0
FBgn0000014_Spearman/chr3R_16802761-16803112__chr3R_16878885-16879147	False	False	1	0	0	1	0	0	0	NONE				
FBgn0000014_Spearman/chr3R_16802761-16803112__chr3R_16882506-16882728	False	False	1	1	1	1	1	1	1	BOTH	LL	0.064	26.5	1.193820026016113
FBgn0000014_Spearman/chr3R_16802761-16803112__chr3R_16920451-16920854	False	False	1	1	1	1	1	1	1	BOTH	RR	0.064	26.5	1.193820026016113
FBgn0000014_Spearman/chr3R_16857769-16858049__chr3R_16878885-16879147	False	False	1	1	1	1	1	1	1	BOTH	LR	0.064	26.5	1.193820026016113
FBgn0000014_Spearman/chr3R_16857769-16858049__chr3R_16882506-16882728	False	False	1	1	1	1	1	1	1	BOTH	LR	0.018	29.2	1.744727494896694
FBgn0000014_Spearman/chr3R_16857769-16858049__chr3R_16920451-16920854	False	False	1	1	1	1	1	1	1	BOTH	LL	0.064	26.5	1.193820026016113
FBgn0000014_Spearman/chr3R_16878885-16879147__chr3R_16882506-16882728	True	True	1	1	1	0	1	0	1	LL_RR	LL	0.085	27.4	1.0705810742857071
FBgn0000014_Spearman/chr3R_16878885-16879147__chr3R_16920451-16920854	False	False	1	1	0	1	1	0	1	LL_RR	LL	0.77	22.9	0.11350927482751812
FBgn0000014_Spearman/chr3R_16882506-16882728__chr3R_16920451-16920854	False	False	1	0	1	1	0	1	1	LR_RL	LR	0.064	26.5	1.193820026016113
FBgn0000014_meso/chr3R_16744397-16744662__chr3R_16892248-16892452	False	False	0	1	1	1	0	1	1	LR_RL	RL	0.064	26.5	1.193820026016113
FBgn0000014_vm/chr3R_16737098-16737410__chr3R_16813228-16813680	False	False	1	1	1	1	1	1	1	BOTH	LL	0.005	30.1	2.3010299956639813
FBgn0000014_vm/chr3R_16737098-16737410__chr3R_16814262-16814590	False	False	1	1	1	1	1	1	1	BOTH	LL	0.051	27.4	1.2924298239020637
FBgn0000014_vm/chr3R_16737098-16737410__chr3R_16841943-16842333	False	False	1	0	1	1	0	1	1	LR_RL	LR	0.064	26.5	1.193820026016113
FBgn0000014_vm/chr3R_16737098-16737410__chr3R_16904976-16905213	False	False	0	0	1	1	0	1	1	LR_RL	LR	0.018	29.2	1.744727494896694
FBgn0000014_vm/chr3R_16813228-16813680__chr3R_16814262-16814590	True	True	1	1	1	0	1	0	1	LL_RR	LL	0.051	24.7	1.2924298239020637
FBgn0000014_vm/chr3R_16813228-16813680__chr3R_16841943-16842333	False	False	1	1	1	1	1	1	1	BOTH	RR	0.051	24.7	1.2924298239020637
FBgn0000014_vm/chr3R_16813228-16813680__chr3R_16904976-16905213	False	False	1	1	1	1	1	1	1	BOTH	LR	0.018	29.2	1.744727494896694
FBgn0000014_vm/chr3R_16814262-16814590__chr3R_16841943-16842333	False	False	1	1	1	0	1	0	1	LL_RR	LL	0.62	23.8	0.20760831050174613
FBgn0000014_vm/chr3R_16814262-16814590__chr3R_16904976-16905213	False	False	1	1	1	1	1	1	1	BOTH	RL	0.018	28.3	1.744727494896694
FBgn0000014_vm/chr3R_16841943-16842333__chr3R_16904976-16905213	False	False	1	1	1	1	1	1	1	BOTH	RL	3.51e-05	37.4	4.454692883534176
FBgn0000015_sm/chr3R_16904976-16905213__chr3R_16938077-16938336	False	False	1	1	1	1	1	1	1	BOTH	RL	0.018	28.3	1.744727494896694
FBgn0000015_sm/chr3R_16904976-16905213__chr3R_16969808-16970008	False	False	1	0	1	1	0	1	1	LR_RL	RL	0.064	27.4	1.193820026016113
FBgn0000015_sm/chr3R_16938077-16938336__chr3R_16969808-16970008	False	False	1	1	1	1	1	1	1	BOTH	LR	0.018	29.2	1.744727494896694
FBgn0000015_vm/chr3R_16938077-16938336__chr3R_16981038-16981250	False	False	1	1	1	1	1	1	1	BOTH	RL	0.005	30.1	2.3010299956639813
FBgn0000044_sm/chr2R_20558766-20559051__chr2R_20559250-20559450	True	True	0	0	1	0	0	0	0	NONE				
FBgn0000044_sm/chr2R_20558766-20559051__chr2R_20560480-20560860	True	False	1	0	1	0	0	0	0	NONE				
FBgn0000044_sm/chr2R_20558766-20559051__chr2R_20562855-20563268	True	False	1	0	1	0	0	0	0	NONE				
FBgn0000044_sm/chr2R_20558766-20559051__chr2R_20563710-20563921	True	False	1	1	1	0	1	0	1	LL_RR	RR	0.2	21.1	0.6989700043360187
FBgn0000044_sm/chr2R_20558766-20559051__chr2R_20566669-20566882	False	False	1	0	0	1	0	0	0	NONE				
FBgn0000044_sm/chr2R_20559250-20559450__chr2R_20560480-20560860	True	True	0	1	0	0	0	0	0	NONE				
FBgn0000044_sm/chr2R_20559250-20559450__chr2R_20562855-20563268	True	False	0	1	0	1	0	0	0	NONE				
FBgn0000044_sm/chr2R_20559250-20559450__chr2R_20563710-20563921	True	False	0	1	1	1	0	1	1	LR_RL	RL	0.19	21.1	0.721246399047171
FBgn0000044_sm/chr2R_20559250-20559450__chr2R_20566669-20566882	False	False	1	0	0	1	0	0	0	NONE				
FBgn0000044_sm/chr2R_20560480-20560860__chr2R_20562855-20563268	True	True	1	0	1	0	0	0	0	NONE				
FBgn0000044_sm/chr2R_20560480-20560860__chr2R_20563710-20563921	True	False	1	1	1	0	1	0	1	LL_RR	RR	0.18	24.7	0.744727494896694
FBgn0000044_sm/chr2R_20560480-20560860__chr2R_20566669-20566882	False	False	1	1	0	1	1	0	1	LL_RR	RR	0.18	25.6	0.744727494896694
FBgn0000044_sm/chr2R_20562855-20563268__chr2R_20563710-20563921	True	True	0	0	1	0	0	0	0	NONE				
FBgn0000044_sm/chr2R_20562855-20563268__chr2R_20566669-20566882	True	False	1	0	1	0	0	0	0	NONE				
FBgn0000044_sm/chr2R_20563710-20563921__chr2R_20566669-20566882	True	True	0	0	0	0	0	0	0	NONE				
FBgn0000046_Spearman/chr3R_13428342-13429087__chr3R_13450374-13450711	False	False	1	1	0	0	1	0	1	LL_RR	LL	0.22	24.7	0.6575773191777937
FBgn0000046_vm/chr3R_13424734-13425026__chr3R_13448043-13448596	False	False	1	0	0	1	0	0	0	NONE				
FBgn0000046_vm/chr3R_13424734-13425026__chr3R_13448995-13449256	False	False	0	1	1	0	0	0	0	NONE				
FBgn0000046_vm/chr3R_13448043-13448596__chr3R_13448995-13449256	True	True	1	1	0	0	1	0	1	LL_RR	LL	0.12	22.9	0.9208187539523752
FBgn0000097_meso/chr2L_2162797-2163546__chr2L_2164726-2165263	True	True	1	1	1	0	1	0	1	LL_RR	LL	0.002	31.0	2.6989700043360187
FBgn0000097_meso/chr2L_2162797-2163546__chr2L_2181980-2182476	False	False	1	1	1	1	1	1	1	BOTH	RR	0.1	25.6	1.0
FBgn0000097_meso/chr2L_2164726-2165263__chr2L_2181980-2182476	False	False	1	1	1	1	1	1	1	BOTH	RR	0.005	31.0	2.3010299956639813
FBgn0000116_Spearman/chr3L_9019828-9020140__chr3L_9021970-9022336	True	True	0	1	1	0	0	0	0	NONE				
FBgn0000116_Spearman/chr3L_9019828-9020140__chr3L_9024467-9024945	True	False	1	1	1	1	1	1	1	BOTH	LR	0.018	28.3	1.744727494896694
FBgn0000116_Spearman/chr3L_9021970-9022336__chr3L_9024467-9024945	True	True	1	1	1	0	1	0	1	LL_RR	LL	0.039	27.4	1.408935392973501
FBgn0000180_Spearman/chr2L_9988598-9989094__chr2L_9989401-9989775	True	True	0	0	1	0	0	0	0	NONE				
FBgn0000181_Spearman/chr2R_12485374-12485574__chr2R_12496961-12497161	False	False	1	1	1	1	1	1	1	BOTH	LR	0.018	29.2	1.744727494896694
FBgn0000228_sm/chr2L_5245229-5245858__chr2L_5247934-5248134	True	True	1	1	0	0	1	0	1	LL_RR	RR	0.015	29.2	1.8239087409443189
FBgn0000228_sm/chr2L_5245229-5245858__chr2L_5261720-5261920	False	False	1	0	0	1	0	0	0	NONE				
FBgn0000228_sm/chr2L_5247934-5248134__chr2L_5261720-5261920	False	False	1	1	0	1	1	0	1	LL_RR	RR	0.064	27.4	1.193820026016113
FBgn0000261_sm/chr3L_18758861-18759061__chr3L_18792529-18792729	False	False	1	1	1	1	1	1	1	BOTH	RL	0.001	32.8	3.0
FBgn0000261_sm/chr3L_18758861-18759061__chr3L_18812160-18812714	False	False	1	1	1	1	1	1	1	BOTH	LR	3.51e-05	37.4	4.454692883534176
FBgn0000261_sm/chr3L_18792529-18792729__chr3L_18812160-18812714	False	False	1	1	1	1	1	1	1	BOTH	LR	0.005	30.1	2.3010299956639813
FBgn0000404_meso/chr3L_11812108-11812359__chr3L_11813289-11813573	True	True	1	1	1	0	1	0	1	LL_RR	LL	0.29	22.9	0.5376020021010439
FBgn0000406_Spearman/chr2L_16757034-16757234__chr2L_16764311-16764631	False	False	1	1	1	0	1	0	1	LL_RR	RR	0.018	28.3	1.744727494896694
FBgn0000406_vm_sm/chr2L_16757637-16757844__chr2L_16762522-16762722	True	True	1	1	0	0	1	0	1	LL_RR	RR	0.13	24.7	0.8860566476931632
FBgn0000406_vm_sm/chr2L_16757637-16757844__chr2L_16763500-16763743	False	False	0	0	1	0	0	0	0	NONE				
FBgn0000406_vm_sm/chr2L_16757637-16757844__chr2L_16764311-16764631	False	False	1	1	1	0	1	0	1	LL_RR	RR	0.018	28.3	1.744727494896694
FBgn0000406_vm_sm/chr2L_16762522-16762722__chr2L_16763500-16763743	True	True	1	1	1	0	1	0	1	LL_RR	LL	0.068	24.7	1.1674910872937636
FBgn0000406_vm_sm/chr2L_16762522-16762722__chr2L_16764311-16764631	True	False	1	1	1	1	1	1	1	BOTH	LL	0.014	26.5	1.853871964321762
FBgn0000406_vm_sm/chr2L_16763500-16763743__chr2L_16764311-16764631	True	True	1	1	1	0	1	0	1	LL_RR	RR	0.17	22.9	0.769551078621726
FBgn0000414_sm/chr3L_16674720-16675084__chr3L_16680906-16681461	False	False	1	1	0	1	1	0	1	LL_RR	LL	0.005	31.0	2.3010299956639813
FBgn0000463_Spearman/chr3R_19287679-19287954__chr3R_19317230-19317464	False	False	1	0	1	1	0	1	1	LR_RL	RL	0.77	23.8	0.11350927482751812
FBgn0000463_Spearman/chr3R_19287679-19287954__chr3R_19326610-19326911	False	False	1	1	1	1	1	1	1	BOTH	LL	0.005	30.1	2.3010299956639813
FBgn0000463_Spearman/chr3R_19287679-19287954__chr3R_19329924-19330208	False	False	1	1	1	1	1	1	1	BOTH	LL	0.005	30.1	2.3010299956639813
FBgn0000463_Spearman/chr3R_19287679-19287954__chr3R_19332565-19332811	False	False	1	1	1	1	1	1	1	BOTH	RR	0.018	29.2	1.744727494896694
FBgn0000463_Spearman/chr3R_19287679-19287954__chr3R_19339027-19339227	False	False	1	0	0	1	0	0	0	NONE				
FBgn0000463_Spearman/chr3R_19287679-19287954__chr3R_19340770-19340970	False	False	0	1	1	0	0	0	0	NONE				
FBgn0000463_Spearman/chr3R_19287679-19287954__chr3R_19343351-19343609	False	False	1	1	1	1	1	1	1	BOTH	LR	0.033	24.7	1.4814860601221125
FBgn0000463_Spearman/chr3R_19287679-19287954__chr3R_19343988-19344362	False	False	1	1	1	1	1	1	1	BOTH	LL	0.033	26.5	1.4814860601221125
FBgn0000463_Spearman/chr3R_19287679-19287954__chr3R_19346468-19346888	False	False	1	1	1	1	1	1	1	BOTH	RL	0.053	26.5	1.275724130399211
FBgn0000463_Spearman/chr3R_19287679-19287954__chr3R_19350401-19350687	False	False	1	1	1	1	1	1	1	BOTH	LR	0.22	25.6	0.6575773191777937
FBgn0000463_Spearman/chr3R_19317230-19317464__chr3R_19326610-19326911	False	False	1	1	1	1	1	1	1	BOTH	LL	2.88e-06	41.0	5.540607512240769
FBgn0000463_Spearman/chr3R_19317230-19317464__chr3R_19329924-19330208	False	False	1	1	1	1	1	1	1	BOTH	LL	0.064	26.5	1.193820026016113
FBgn0000463_Spearman/chr3R_19317230-19317464__chr3R_19332565-19332811	False	False	1	1	1	1	1	1	1	BOTH	LR	0.064	26.5	1.193820026016113
FBgn0000463_Spearman/chr3R_19317230-19317464__chr3R_19339027-19339227	False	False	1	1	1	1	1	1	1	BOTH	RL	0.064	26.5	1.193820026016113
FBgn0000463_Spearman/chr3R_19317230-19317464__chr3R_19340770-19340970	False	False	1	1	1	1	1	1	1	BOTH	LL	0.14	24.7	0.8538719643217619
FBgn0000463_Spearman/chr3R_19317230-19317464__chr3R_19343351-19343609	False	False	1	1	1	1	1	1	1	BOTH	LL	0.21	24.7	0.6777807052660807
FBgn0000463_Spearman/chr3R_19317230-19317464__chr3R_19343988-19344362	False	False	1	0	1	1	0	1	1	LR_RL	LR	0.015	28.3	1.8239087409443189
FBgn0000463_Spearman/chr3R_19317230-19317464__chr3R_19346468-19346888	False	False	1	0	0	0	0	0	0	NONE				
FBgn0000463_Spearman/chr3R_19317230-19317464__chr3R_19350401-19350687	False	False	1	1	1	1	1	1	1	BOTH	RR	0.005	30.1	2.3010299956639813
FBgn0000463_Spearman/chr3R_19326610-19326911__chr3R_19329924-19330208	True	True	1	1	1	0	1	0	1	LL_RR	RR	0.002	32.8	2.6989700043360187
FBgn0000463_Spearman/chr3R_19326610-19326911__chr3R_19332565-19332811	False	False	1	1	1	1	1	1	1	BOTH	RL	0.001	32.8	3.0
FBgn0000463_Spearman/chr3R_19326610-19326911__chr3R_19339027-19339227	False	False	1	1	1	1	1	1	1	BOTH	LR	0.011	28.3	1.958607314841775
FBgn0000463_Spearman/chr3R_19326610-19326911__chr3R_19340770-19340970	False	False	1	1	1	1	1	1	1	BOTH	RR	0.000408	33.7	3.38933983691012
FBgn0000463_Spearman/chr3R_19326610-19326911__chr3R_19343351-19343609	False	False	1	1	1	1	1	1	1	BOTH	RL	0.000408	33.7	3.38933983691012
FBgn0000463_Spearman/chr3R_19326610-19326911__chr3R_19343988-19344362	False	False	1	1	1	1	1	1	1	BOTH	RL	0.11	24.7	0.958607314841775
FBgn0000463_Spearman/chr3R_19326610-19326911__chr3R_19346468-19346888	False	False	1	1	1	1	1	1	1	BOTH	RR	0.064	26.5	1.193820026016113
FBgn0000463_Spearman/chr3R_19326610-19326911__chr3R_19350401-19350687	False	False	1	1	1	1	1	1	1	BOTH	LR	0.77	23.8	0.11350927482751812
FBgn0000463_Spearman/chr3R_19329924-19330208__chr3R_19332565-19332811	True	True	1	1	1	0	1	0	1	LL_RR	LL	0.001	32.8	3.0
FBgn0000463_Spearman/chr3R_19329924-19330208__chr3R_19339027-19339227	False	False	1	1	1	0	1	0	1	LL_RR	LL	0.064	27.4	1.193820026016113
FBgn0000463_Spearman/chr3R_19329924-19330208__chr3R_19340770-19340970	False	False	1	1	1	1	1	1	1	BOTH	LR	0.000408	33.7	3.38933983691012
FBgn0000463_Spearman/chr3R_19329924-19330208__chr3R_19343351-19343609	False	False	1	1	1	1	1	1	1	BOTH	LL	0.000408	33.7	3.38933983691012
FBgn0000463_Spearman/chr3R_19329924-19330208__chr3R_19343988-19344362	False	False	1	1	1	1	1	1	1	BOTH	LL	0.11	24.7	0.958607314841775
FBgn0000463_Spearman/chr3R_19329924-19330208__chr3R_19346468-19346888	False	False	1	1	1	1	1	1	1	BOTH	LR	0.005	30.1	2.3010299956639813
FBgn0000463_Spearman/chr3R_19329924-19330208__chr3R_19350401-19350687	False	False	1	1	1	1	1	1	1	BOTH	RR	0.06	27.4	1.2218487496163564
FBgn0000463_Spearman/chr3R_19332565-19332811__chr3R_19339027-19339227	False	False	0	1	1	1	0	1	1	LR_RL	RL	0.064	26.5	1.193820026016113
FBgn0000463_Spearman/chr3R_19332565-19332811__chr3R_19340770-19340970	False	False	1	0	1	1	0	1	1	LR_RL	RL	0.039	27.4	1.408935392973501
FBgn0000463_Spearman/chr3R_19332565-19332811__chr3R_19343351-19343609	False	False	1	0	1	0	0	0	0	NONE				
FBgn0000463_Spearman/chr3R_19332565-19332811__chr3R_19343988-19344362	False	False	1	1	1	0	1	0	1	LL_RR	LL	0.37	22.9	0.431798275933005
FBgn0000463_Spearman/chr3R_19332565-19332811__chr3R_19346468-19346888	False	False	1	1	1	1	1	1	1	BOTH	RR	0.064	26.5	1.193820026016113
FBgn0000463_Spearman/chr3R_19332565-19332811__chr3R_19350401-19350687	False	False	1	1	1	1	1	1	1	BOTH	LR	0.06	27.4	1.2218487496163564
FBgn0000463_Spearman/chr3R_19339027-19339227__chr3R_19340770-19340970	True	True	1	1	0	0	1	0	1	LL_RR	RR	0.003	31.0	2.5228787452803374
FBgn0000463_Spearman/chr3R_19339027-19339227__chr3R_19343351-19343609	True	False	0	1	1	1	0	1	1	LR_RL	RL	0.003	31.0	2.5228787452803374
FBgn0000463_Spearman/chr3R_19339027-19339227__chr3R_19343988-19344362	True	False	1	1	1	1	1	1	1	BOTH	RL	0.07	24.7	1.154901959985743
FBgn0000463_Spearman/chr3R_19339027-19339227__chr3R_19346468-19346888	False	False	1	0	0	1	0	0	0	NONE				
FBgn0000463_Spearman/chr3R_19339027-19339227__chr3R_19350401-19350687	False	False	0	1	1	1	0	1	1	LR_RL	RL	0.14	25.6	0.8538719643217619
FBgn0000463_Spearman/chr3R_19340770-19340970__chr3R_19343351-19343609	True	True	1	0	1	0	0	0	0	NONE				
FBgn0000463_Spearman/chr3R_19340770-19340970__chr3R_19343988-19344362	True	False	1	1	1	0	1	0	1	LL_RR	LL	0.07	22.9	1.154901959985743
FBgn0000463_Spearman/chr3R_19340770-19340970__chr3R_19346468-19346888	False	False	1	0	0	1	0	0	0	NONE				
FBgn0000463_Spearman/chr3R_19340770-19340970__chr3R_19350401-19350687	False	False	1	1	1	1	1	1	1	BOTH	RR	0.017	29.2	1.7695510786217261
FBgn0000463_Spearman/chr3R_19343351-19343609__chr3R_19343988-19344362	True	True	0	1	1	0	0	0	0	NONE				
FBgn0000463_Spearman/chr3R_19343351-19343609__chr3R_19346468-19346888	True	False	1	1	0	1	1	0	1	LL_RR	RR	0.4	22.9	0.3979400086720376
FBgn0000463_Spearman/chr3R_19343351-19343609__chr3R_19350401-19350687	False	False	1	1	1	0	1	0	1	LL_RR	LL	0.21	24.7	0.6777807052660807
FBgn0000463_Spearman/chr3R_19343988-19344362__chr3R_19346468-19346888	True	True	1	1	1	0	1	0	1	LL_RR	RR	0.053	26.5	1.275724130399211
FBgn0000463_Spearman/chr3R_19343988-19344362__chr3R_19350401-19350687	False	False	0	1	1	0	0	0	0	NONE				
FBgn0000463_Spearman/chr3R_19346468-19346888__chr3R_19350401-19350687	True	True	1	1	1	0	1	0	1	LL_RR	LL	0.075	26.5	1.1249387366083
FBgn0000463_meso/chr3R_19341900-19342100__chr3R_19346468-19346888	True	True	1	1	1	0	1	0	1	LL_RR	RR	0.11	26.5	0.958607314841775
FBgn0000463_meso/chr3R_19341900-19342100__chr3R_19350401-19350687	False	False	1	1	1	1	1	1	1	BOTH	RL	0.22	24.7	0.6575773191777937
FBgn0000463_meso/chr3R_19346468-19346888__chr3R_19350401-19350687	True	True	1	1	1	0	1	0	1	LL_RR	LL	0.089	26.5	1.0506099933550872
FBgn0000463_sm/chr3R_19287679-19287954__chr3R_19300935-19301225	False	False	0	1	1	1	0	1	1	LR_RL	RL	0.22	25.6	0.6575773191777937
FBgn0000463_sm/chr3R_19287679-19287954__chr3R_19317753-19317953	False	False	1	0	0	0	0	0	0	NONE				
FBgn0000463_sm/chr3R_19287679-19287954__chr3R_19350401-19350687	False	False	1	1	1	1	1	1	1	BOTH	LR	0.22	25.6	0.6575773191777937
FBgn0000463_sm/chr3R_19300935-19301225__chr3R_19317753-19317953	False	False	1	1	1	1	1	1	1	BOTH	RL	0.018	28.3	1.744727494896694
FBgn0000463_sm/chr3R_19300935-19301225__chr3R_19350401-19350687	False	False	1	0	1	0	0	0	0	NONE				
FBgn0000463_sm/chr3R_19317753-19317953__chr3R_19350401-19350687	False	False	1	1	0	1	1	0	1	LL_RR	RR	0.005	30.1	2.3010299956639813
FBgn0000479_sm/chrX_3035626-3035842__chrX_3036092-3036292	True	True	1	1	1	0	1	0	1	LL_RR	RR	0.26	22.0	0.585026652029182
FBgn0000479_sm/chrX_3035626-3035842__chrX_3058248-3058549	False	False	1	1	1	0	1	0	1	LL_RR	LL	0.001	31.9	3.0
FBgn0000479_sm/chrX_3035626-3035842__chrX_3096802-3097002	False	False	1	0	1	1	0	1	1	LR_RL	LR	2.88e-06	41.9	5.540607512240769
FBgn0000479_sm/chrX_3035626-3035842__chrX_3256916-3257157	False	False	1	1	1	1	1	1	1	BOTH	LR	2.37e-07	44.6	6.6252516539898965
FBgn0000479_sm/chrX_3035626-3035842__chrX_3328623-3328837	False	False	1	1	1	1	1	1	1	BOTH	LL	0.000123	35.6	3.910094888560602
FBgn0000479_sm/chrX_3035626-3035842__chrX_3331542-3331742	False	False	1	0	1	1	0	1	1	LR_RL	LR	0.000428	33.7	3.3685562309868278
FBgn0000479_sm/chrX_3036092-3036292__chrX_3058248-3058549	False	False	0	1	1	1	0	1	1	LR_RL	RL	0.064	27.4	1.193820026016113
FBgn0000479_sm/chrX_3036092-3036292__chrX_3096802-3097002	False	False	1	1	0	1	1	0	1	LL_RR	RR	0.000428	33.7	3.3685562309868278
FBgn0000479_sm/chrX_3036092-3036292__chrX_3256916-3257157	False	False	1	1	1	1	1	1	1	BOTH	RR	0.000123	35.6	3.910094888560602
FBgn0000479_sm/chrX_3036092-3036292__chrX_3328623-3328837	False	False	1	1	1	1	1	1	1	BOTH	RL	2.88e-06	41.9	5.540607512240769
FBgn0000479_sm/chrX_3036092-3036292__chrX_3331542-3331742	False	False	1	1	0	1	1	0	1	LL_RR	LL	0.000498	31.9	3.3027706572402824
FBgn0000479_sm/chrX_3058248-3058549__chrX_3096802-3097002	False	False	1	1	1	1	1	1	1	BOTH	RR	1.01e-05	40.1	4.995678626217358
FBgn0000479_sm/chrX_3058248-3058549__chrX_3256916-3257157	False	False	1	1	1	1	1	1	1	BOTH	RL	3.51e-05	38.3	4.454692883534176
FBgn0000479_sm/chrX_3058248-3058549__chrX_3328623-3328837	False	False	1	1	1	1	1	1	1	BOTH	RR	0.000428	34.6	3.3685562309868278
FBgn0000479_sm/chrX_3058248-3058549__chrX_3331542-3331742	False	False	1	1	1	1	1	1	1	BOTH	RR	0.000123	35.6	3.910094888560602
FBgn0000479_sm/chrX_3096802-3097002__chrX_3256916-3257157	False	False	1	1	1	1	1	1	1	BOTH	RR	5.57e-09	50.9	8.254144804826272
FBgn0000479_sm/chrX_3096802-3097002__chrX_3328623-3328837	False	False	1	1	1	1	1	1	1	BOTH	RL	2.37e-07	45.5	6.6252516539898965
FBgn0000479_sm/chrX_3096802-3097002__chrX_3331542-3331742	False	False	1	1	1	1	1	1	1	BOTH	RR	2.88e-06	41.9	5.540607512240769
FBgn0000479_sm/chrX_3256916-3257157__chrX_3328623-3328837	False	False	1	1	1	1	1	1	1	BOTH	RL	8.26e-07	42.8	6.083019952679618
FBgn0000479_sm/chrX_3256916-3257157__chrX_3331542-3331742	False	False	1	1	1	1	1	1	1	BOTH	LL	1.01e-05	40.1	4.995678626217358
FBgn0000479_sm/chrX_3328623-3328837__chrX_3331542-3331742	True	True	1	1	1	0	1	0	1	LL_RR	LL	0.002	32.8	2.6989700043360187
FBgn0000575_meso/chr3L_709891-710336__chr3L_723323-723674	False	False	1	0	1	1	0	1	1	LR_RL	RL	0.22	24.7	0.6575773191777937
FBgn0000575_meso/chr3L_709891-710336__chr3L_726050-726267	False	False	1	0	1	0	0	0	0	NONE				
FBgn0000575_meso/chr3L_709891-710336__chr3L_726645-726923	False	False	1	1	1	0	1	0	1	LL_RR	LL	0.11	23.8	0.958607314841775
FBgn0000575_meso/chr3L_709891-710336__chr3L_731320-731606	False	False	0	1	1	1	0	1	1	LR_RL	RL	0.77	22.9	0.11350927482751812
FBgn0000575_meso/chr3L_723323-723674__chr3L_726050-726267	True	True	0	0	1	0	0	0	0	NONE				
FBgn0000575_meso/chr3L_723323-723674__chr3L_726645-726923	True	False	1	0	1	0	0	0	0	NONE				
FBgn0000575_meso/chr3L_723323-723674__chr3L_731320-731606	False	False	0	0	1	1	0	1	1	LR_RL	LR	0.018	29.2	1.744727494896694
FBgn0000575_meso/chr3L_726050-726267__chr3L_726645-726923	True	True	0	1	0	0	0	0	0	NONE				
FBgn0000575_meso/chr3L_726050-726267__chr3L_731320-731606	False	False	1	1	0	1	1	0	1	LL_RR	RR	0.033	25.6	1.4814860601221125
FBgn0000575_meso/chr3L_726645-726923__chr3L_731320-731606	True	True	1	0	1	0	0	0	0	NONE				
FBgn0000577_Spearman/chr2R_11174981-11175181__chr2R_11176966-11177231	True	True	1	0	1	0	0	0	0	NONE				
FBgn0000635_sm/chrX_4140118-4140318__chrX_4145024-4145343	True	True	1	1	1	0	1	0	1	LL_RR	RR	7.08e-11	57.2	10.14996674231023
FBgn0000635_sm/chrX_4140118-4140318__chrX_4156826-4157158	False	False	1	0	1	1	0	1	1	LR_RL	RL	0.005	30.1	2.3010299956639813
FBgn0000635_sm/chrX_4140118-4140318__chrX_4157262-4157462	False	False	1	1	1	0	1	0	1	LL_RR	RR	2e-05	35.6	4.698970004336019
FBgn0000635_sm/chrX_4140118-4140318__chrX_4157881-4158081	False	False	1	1	1	1	1	1	1	BOTH	RL	2e-05	35.6	4.698970004336019
FBgn0000635_sm/chrX_4145024-4145343__chrX_4156826-4157158	False	False	1	0	0	1	0	0	0	NONE				
FBgn0000635_sm/chrX_4145024-4145343__chrX_4157262-4157462	False	False	0	1	1	0	0	0	0	NONE				
FBgn0000635_sm/chrX_4145024-4145343__chrX_4157881-4158081	False	False	1	1	0	1	1	0	1	LL_RR	RR	0.064	26.5	1.193820026016113
FBgn0000635_sm/chrX_4156826-4157158__chrX_4157262-4157462	True	True	0	0	1	0	0	0	0	NONE				
FBgn0000635_sm/chrX_4156826-4157158__chrX_4157881-4158081	True	False	1	1	1	0	1	0	1	LL_RR	LL	0.003	28.3	2.5228787452803374
FBgn0000635_sm/chrX_4157262-4157462__chrX_4157881-4158081	True	True	0	1	1	0	0	0	0	NONE				
FBgn0000636_vm/chr2L_18315739-18316039__chr2L_18329506-18330029	False	False	1	1	0	1	1	0	1	LL_RR	LL	0.018	28.3	1.744727494896694
FBgn0000636_vm/chr2L_18315739-18316039__chr2L_18331524-18331944	False	False	0	1	1	1	0	1	1	LR_RL	LR	0.015	27.4	1.8239087409443189
FBgn0000636_vm/chr2L_18315739-18316039__chr2L_18332556-18332942	False	False	1	1	1	1	1	1	1	BOTH	LL	0.015	27.4	1.8239087409443189
FBgn0000636_vm/chr2L_18329506-18330029__chr2L_18331524-18331944	True	True	1	1	1	0	1	0	1	LL_RR	RR	0.000748	30.1	3.1260984021355385
FBgn0000636_vm/chr2L_18329506-18330029__chr2L_18332556-18332942	True	False	1	1	1	1	1	1	1	BOTH	RL	0.000748	30.1	3.1260984021355385
FBgn0000636_vm/chr2L_18331524-18331944__chr2L_18332556-18332942	True	True	1	1	1	0	1	0	1	LL_RR	LL	0.000748	30.1	3.1260984021355385
FBgn0000667_vm/chrX_1936833-1937033__chrX_1947402-1947602	False	False	0	1	1	1	0	1	1	LR_RL	LR	0.22	25.6	0.6575773191777937
FBgn0000667_vm/chrX_1936833-1937033__chrX_1967981-1968192	False	False	1	1	1	1	1	1	1	BOTH	RR	0.018	28.3	1.744727494896694
FBgn0000667_vm/chrX_1936833-1937033__chrX_1994981-1995181	False	False	0	0	0	0	0	0	0	NONE				
FBgn0000667_vm/chrX_1936833-1937033__chrX_1995248-1995488	False	False	0	0	0	0	0	0	0	NONE				
FBgn0000667_vm/chrX_1936833-1937033__chrX_1995994-1996521	False	False	0	1	0	0	0	0	0	NONE				
FBgn0000667_vm/chrX_1947402-1947602__chrX_1967981-1968192	False	False	1	1	1	1	1	1	1	BOTH	LL	0.000123	36.5	3.910094888560602
FBgn0000667_vm/chrX_1947402-1947602__chrX_1994981-1995181	False	False	1	0	0	1	0	0	0	NONE				
FBgn0000667_vm/chrX_1947402-1947602__chrX_1995248-1995488	False	False	0	1	1	0	0	0	0	NONE				
FBgn0000667_vm/chrX_1947402-1947602__chrX_1995994-1996521	False	False	1	1	0	1	1	0	1	LL_RR	LL	0.004	28.3	2.3979400086720375
FBgn0000667_vm/chrX_1967981-1968192__chrX_1994981-1995181	False	False	1	0	1	1	0	1	1	LR_RL	LR	0.017	24.7	1.7695510786217261
FBgn0000667_vm/chrX_1967981-1968192__chrX_1995248-1995488	False	False	1	1	1	0	1	0	1	LL_RR	RR	8.48e-05	34.6	4.071604147743286
FBgn0000667_vm/chrX_1967981-1968192__chrX_1995994-1996521	False	False	1	1	0	1	1	0	1	LL_RR	LL	0.000296	31.9	3.5287082889410613
FBgn0000667_vm/chrX_1994981-1995181__chrX_1995248-1995488	True	True	0	0	1	0	0	0	0	NONE				
FBgn0000667_vm/chrX_1994981-1995181__chrX_1995994-1996521	True	False	1	0	1	0	0	0	0	NONE				
FBgn0000667_vm/chrX_1995248-1995488__chrX_1995994-1996521	True	True	0	1	0	0	0	0	0	NONE				
FBgn0000721_Spearman/chr2L_3609083-3609283__chr2L_3613425-3613748	True	True	0	0	1	0	0	0	0	NONE				
FBgn0000721_vm/chr2L_3581785-3581985__chr2L_3628830-3629162	False	False	1	1	1	0	1	0	1	LL_RR	LL	0.064	27.4	1.193820026016113
FBgn0000721_vm/chr2L_3581785-3581985__chr2L_3631721-3632029	False	False	1	0	1	1	0	1	1	LR_RL	LR	0.22	24.7	0.6575773191777937
FBgn0000721_vm/chr2L_3581785-3581985__chr2L_3655828-3656265	False	False	1	1	1	1	1	1	1	BOTH	LR	0.064	26.5	1.193820026016113
FBgn0000721_vm/chr2L_3628830-3629162__chr2L_3631721-3632029	True	True	1	0	1	0	0	0	0	NONE				
FBgn0000721_vm/chr2L_3628830-3629162__chr2L_3655828-3656265	False	False	1	1	1	1	1	1	1	BOTH	LL	0.22	25.6	0.6575773191777937
FBgn0000721_vm/chr2L_3631721-3632029__chr2L_3655828-3656265	False	False	1	1	1	1	1	1	1	BOTH	RL	0.005	30.1	2.3010299956639813
FBgn0001077_meso/chr3R_6845754-6846203__chr3R_6885321-6885521	False	False	1	1	1	1	1	1	1	BOTH	LR	0.000123	35.6	3.910094888560602
FBgn0001091_vm/chr2R_7378288-7378537__chr2R_7400926-7401168	False	False	1	1	1	1	1	1	1	BOTH	RL	0.018	28.3	1.744727494896694
FBgn0001091_vm/chr2R_7378288-7378537__chr2R_7415997-7416241	False	False	1	1	1	1	1	1	1	BOTH	RR	3.51e-05	37.4	4.454692883534176
FBgn0001091_vm/chr2R_7400926-7401168__chr2R_7415997-7416241	False	False	1	1	1	1	1	1	1	BOTH	LR	0.22	24.7	0.6575773191777937
FBgn0001122_Spearman/chr2R_10098614-10098835__chr2R_10099473-10099798	True	True	1	0	0	0	0	0	0	NONE				
FBgn0001122_Spearman/chr2R_10098614-10098835__chr2R_10104067-10104664	False	False	0	0	1	0	0	0	0	NONE				
FBgn0001122_Spearman/chr2R_10098614-10098835__chr2R_10109599-10110119	False	False	1	0	0	1	0	0	0	NONE				
FBgn0001122_Spearman/chr2R_10098614-10098835__chr2R_10110809-10111161	False	False	0	0	1	0	0	0	0	NONE				
FBgn0001122_Spearman/chr2R_10098614-10098835__chr2R_10160478-10160690	False	False	1	0	1	1	0	1	1	LR_RL	LR	0.22	25.6	0.6575773191777937
FBgn0001122_Spearman/chr2R_10099473-10099798__chr2R_10104067-10104664	True	True	0	1	0	0	0	0	0	NONE				
FBgn0001122_Spearman/chr2R_10099473-10099798__chr2R_10109599-10110119	False	False	1	0	0	1	0	0	0	NONE				
FBgn0001122_Spearman/chr2R_10099473-10099798__chr2R_10110809-10111161	False	False	0	1	0	0	0	0	0	NONE				
FBgn0001122_Spearman/chr2R_10099473-10099798__chr2R_10160478-10160690	False	False	1	1	0	1	1	0	1	LL_RR	RR	0.064	27.4	1.193820026016113
FBgn0001122_Spearman/chr2R_10104067-10104664__chr2R_10109599-10110119	True	True	1	1	0	0	1	0	1	LL_RR	RR	0.12	24.7	0.9208187539523752
FBgn0001122_Spearman/chr2R_10104067-10104664__chr2R_10110809-10111161	False	False	0	1	1	1	0	1	1	LR_RL	RL	0.06	27.4	1.2218487496163564
FBgn0001122_Spearman/chr2R_10104067-10104664__chr2R_10160478-10160690	False	False	1	1	1	1	1	1	1	BOTH	LR	0.064	26.5	1.193820026016113
FBgn0001122_Spearman/chr2R_10109599-10110119__chr2R_10110809-10111161	True	True	1	0	1	0	0	0	0	NONE				
FBgn0001122_Spearman/chr2R_10109599-10110119__chr2R_10160478-10160690	False	False	1	1	1	1	1	1	1	BOTH	LL	0.001	31.9	3.0
FBgn0001122_Spearman/chr2R_10110809-10111161__chr2R_10160478-10160690	False	False	1	1	1	1	1	1	1	BOTH	LL	0.017	26.5	1.7695510786217261
FBgn0001122_vm/chr2R_10052571-10053081__chr2R_10109599-10110119	False	False	1	0	1	1	0	1	1	LR_RL	RL	0.005	30.1	2.3010299956639813
FBgn0001124_Spearman/chr2R_15781976-15782453__chr2R_15782875-15783226	True	True	1	0	1	0	0	0	0	NONE				
FBgn0001124_vm_sm/chr2R_15757455-15757986__chr2R_15777722-15778274	False	False	1	1	1	0	1	0	1	LL_RR	LL	0.77	22.9	0.11350927482751812
FBgn0001124_vm_sm/chr2R_15757455-15757986__chr2R_15790355-15790636	False	False	1	0	1	0	0	0	0	NONE				
FBgn0001124_vm_sm/chr2R_15777722-15778274__chr2R_15790355-15790636	False	False	1	0	1	1	0	1	1	LR_RL	RL	0.064	26.5	1.193820026016113
FBgn0001147_sm/chr2R_24627735-24628074__chr2R_24685575-24685932	False	False	0	1	0	1	0	0	0	NONE				
FBgn0001147_sm/chr2R_24627735-24628074__chr2R_24696661-24696905	False	False	1	1	1	1	1	1	1	BOTH	RR	0.064	26.5	1.193820026016113
FBgn0001147_sm/chr2R_24685575-24685932__chr2R_24696661-24696905	False	False	1	1	1	1	1	1	1	BOTH	LL	0.000123	35.6	3.910094888560602
FBgn0001170_vm/chr2L_6015000-6015255__chr2L_6017484-6017937	True	True	1	0	1	0	0	0	0	NONE				
FBgn0001170_vm/chr2L_6015000-6015255__chr2L_6019719-6020065	True	False	1	1	0	0	1	0	1	LL_RR	LL	0.55	23.8	0.2596373105057561
FBgn0001170_vm/chr2L_6017484-6017937__chr2L_6019719-6020065	True	True	0	0	1	0	0	0	0	NONE				
FBgn0001186_sm/chrX_9534593-9534973__chrX_9535552-9535936	True	True	1	1	1	0	1	0	1	LL_RR	LL	0.001	30.1	3.0
FBgn0001186_sm/chrX_9534593-9534973__chrX_9537260-9537482	True	False	1	1	1	1	1	1	1	BOTH	LR	1.6e-09	52.7	8.795880017344075
FBgn0001186_sm/chrX_9534593-9534973__chrX_9609591-9609868	False	False	1	0	1	0	0	0	0	NONE				
FBgn0001186_sm/chrX_9535552-9535936__chrX_9537260-9537482	True	True	1	1	1	0	1	0	1	LL_RR	LL	0.32	22.9	0.494850021680094
FBgn0001186_sm/chrX_9535552-9535936__chrX_9609591-9609868	False	False	0	0	0	1	0	0	0	NONE				
FBgn0001186_sm/chrX_9537260-9537482__chrX_9609591-9609868	False	False	1	1	0	1	1	0	1	LL_RR	LL	0.000225	34.6	3.6478174818886377
FBgn0001235_meso/chr3R_10618771-10619181__chr3R_10626588-10627045	False	False	0	1	1	1	0	1	1	LR_RL	LR	0.018	28.3	1.744727494896694
FBgn0001235_meso/chr3R_10618771-10619181__chr3R_10645396-10645910	False	False	1	1	1	1	1	1	1	BOTH	LL	0.005	31.0	2.3010299956639813
FBgn0001235_meso/chr3R_10626588-10627045__chr3R_10645396-10645910	False	False	1	1	1	1	1	1	1	BOTH	RL	3.51e-05	38.3	4.454692883534176
FBgn0001250_Spearman/chrX_16714138-16714498__chrX_16714979-16715355	True	True	0	1	0	0	0	0	0	NONE				
FBgn0001250_sm/chrX_16703281-16703660__chrX_16732709-16733041	False	False	1	1	1	1	1	1	1	BOTH	RL	3.51e-05	38.3	4.454692883534176
FBgn0001319_Spearman/chr2R_14405171-14405442__chr2R_14428730-14429102	False	False	1	1	1	1	1	1	1	BOTH	RR	0.018	29.2	1.744727494896694
FBgn0002561_Spearman/chrX_372134-372334__chrX_374797-375243	True	True	1	1	1	0	1	0	1	LL_RR	RR	0.22	24.7	0.6575773191777937
FBgn0002561_Spearman/chrX_372134-372334__chrX_421493-421767	False	False	1	1	1	1	1	1	1	BOTH	RL	0.001	31.9	3.0
FBgn0002561_Spearman/chrX_374797-375243__chrX_421493-421767	False	False	1	1	1	1	1	1	1	BOTH	LL	0.001	31.9	3.0
FBgn0002733_Spearman/chr3R_25997262-25997462__chr3R_25999494-25999722	True	True	1	1	1	0	1	0	1	LL_RR	RR	5.5e-27	110.0	26.259637310505756
FBgn0002733_Spearman/chr3R_25997262-25997462__chr3R_26002453-26002853	True	False	1	1	1	1	1	1	1	BOTH	RL	6.0100000000000005e-27	110.0	26.22112552799726
FBgn0002733_Spearman/chr3R_25997262-25997462__chr3R_26006043-26006577	False	False	1	1	1	1	1	1	1	BOTH	RL	6.7e-26	105.0	25.173925197299173
FBgn0002733_Spearman/chr3R_25997262-25997462__chr3R_26009977-26010219	False	False	1	0	0	1	0	0	0	NONE				
FBgn0002733_Spearman/chr3R_25997262-25997462__chr3R_26010258-26010647	False	False	0	1	1	0	0	0	0	NONE				
FBgn0002733_Spearman/chr3R_25997262-25997462__chr3R_26017398-26017815	False	False	1	1	0	1	1	0	1	LL_RR	LL	2.88e-06	41.9	5.540607512240769
FBgn0002733_Spearman/chr3R_25997262-25997462__chr3R_26018200-26018652	False	False	0	1	1	1	0	1	1	LR_RL	RL	0.094	22.9	1.0268721464003014
FBgn0002733_Spearman/chr3R_25999494-25999722__chr3R_26002453-26002853	True	True	1	1	1	0	1	0	1	LL_RR	LL	6.0100000000000005e-27	110.0	26.22112552799726
FBgn0002733_Spearman/chr3R_25999494-25999722__chr3R_26006043-26006577	False	False	1	1	1	1	1	1	1	BOTH	RL	1.7e-53	198.0	52.769551078621724
FBgn0002733_Spearman/chr3R_25999494-25999722__chr3R_26009977-26010219	False	False	1	0	0	1	0	0	0	NONE				
FBgn0002733_Spearman/chr3R_25999494-25999722__chr3R_26010258-26010647	False	False	0	1	1	0	0	0	0	NONE				
FBgn0002733_Spearman/chr3R_25999494-25999722__chr3R_26017398-26017815	False	False	1	1	1	1	1	1	1	BOTH	LL	0.052	26.5	1.2839966563652008
FBgn0002733_Spearman/chr3R_25999494-25999722__chr3R_26018200-26018652	False	False	1	1	1	1	1	1	1	BOTH	LR	0.052	27.4	1.2839966563652008
FBgn0002733_Spearman/chr3R_26002453-26002853__chr3R_26006043-26006577	True	True	1	1	1	0	1	0	1	LL_RR	LL	9.23e-52	192.0	51.03479829897409
FBgn0002733_Spearman/chr3R_26002453-26002853__chr3R_26009977-26010219	False	False	1	0	0	1	0	0	0	NONE				
FBgn0002733_Spearman/chr3R_26002453-26002853__chr3R_26010258-26010647	False	False	0	0	1	0	0	0	0	NONE				
FBgn0002733_Spearman/chr3R_26002453-26002853__chr3R_26017398-26017815	False	False	1	1	1	1	1	1	1	BOTH	RL	0.005	30.1	2.3010299956639813
FBgn0002733_Spearman/chr3R_26002453-26002853__chr3R_26018200-26018652	False	False	1	1	1	1	1	1	1	BOTH	RR	0.22	25.6	0.6575773191777937
FBgn0002733_Spearman/chr3R_26006043-26006577__chr3R_26009977-26010219	True	True	1	0	0	0	0	0	0	NONE				
FBgn0002733_Spearman/chr3R_26006043-26006577__chr3R_26010258-26010647	True	False	0	1	1	0	0	0	0	NONE				
FBgn0002733_Spearman/chr3R_26006043-26006577__chr3R_26017398-26017815	False	False	1	1	1	0	1	0	1	LL_RR	LL	0.005	30.1	2.3010299956639813
FBgn0002733_Spearman/chr3R_26006043-26006577__chr3R_26018200-26018652	False	False	1	1	1	1	1	1	1	BOTH	RR	0.018	28.3	1.744727494896694
FBgn0002733_Spearman/chr3R_26009977-26010219__chr3R_26010258-26010647	True	True	0	0	1	0	0	0	0	NONE				
FBgn0002733_Spearman/chr3R_26009977-26010219__chr3R_26017398-26017815	False	False	0	0	1	0	0	0	0	NONE				
FBgn0002733_Spearman/chr3R_26009977-26010219__chr3R_26018200-26018652	False	False	1	0	1	0	0	0	0	NONE				
FBgn0002733_Spearman/chr3R_26010258-26010647__chr3R_26017398-26017815	False	False	0	1	0	1	0	0	0	NONE				
FBgn0002733_Spearman/chr3R_26010258-26010647__chr3R_26018200-26018652	False	False	0	1	0	1	0	0	0	NONE				
FBgn0002733_Spearman/chr3R_26017398-26017815__chr3R_26018200-26018652	True	True	0	1	1	0	0	0	0	NONE				
FBgn0002772_vm_sm/chr3R_27636779-27637140__chr3R_27659306-27659544	False	False	1	0	1	1	0	1	1	LR_RL	LR	0.75	23.8	0.12493873660829995
FBgn0002772_vm_sm/chr3R_27636779-27637140__chr3R_27660249-27660711	False	False	1	1	1	0	1	0	1	LL_RR	RR	0.22	24.7	0.6575773191777937
FBgn0002772_vm_sm/chr3R_27659306-27659544__chr3R_27660249-27660711	True	True	0	0	1	0	0	0	0	NONE				
FBgn0002773_vm_sm/chr3R_30174222-30174422__chr3R_30175122-30175322	True	True	1	0	1	0	0	0	0	NONE				
FBgn0002789_vm_sm/chr2R_12872374-12872767__chr2R_12873676-12873937	True	True	1	0	1	0	0	0	0	NONE				
FBgn0002922_vm/chr3R_23718371-23718820__chr3R_23723782-23724049	True	True	1	1	1	0	1	0	1	LL_RR	RR	0.036	28.3	1.4436974992327127
FBgn0002922_vm/chr3R_23718371-23718820__chr3R_23730272-23730626	False	False	1	1	0	1	1	0	1	LL_RR	LL	0.22	24.7	0.6575773191777937
FBgn0002922_vm/chr3R_23723782-23724049__chr3R_23730272-23730626	False	False	1	1	1	1	1	1	1	BOTH	LR	0.005	30.1	2.3010299956639813
FBgn0002931_Spearman/chr2L_17816-18016__chr2L_20624-20824	True	True	1	1	1	0	1	0	1	LL_RR	LL	0.0	2540.0	300.0
FBgn0002941_Spearman/chr3R_21530848-21531048__chr3R_21534979-21535407	True	True	0	1	1	0	0	0	0	NONE				
FBgn0002941_sm/chr3R_21528496-21528862__chr3R_21580239-21580489	False	False	1	0	1	1	0	1	1	LR_RL	RL	0.064	27.4	1.193820026016113
FBgn0003002_Spearman/chr3R_4835379-4835784__chr3R_4840732-4840997	True	True	0	0	0	0	0	0	0	NONE				
FBgn0003002_Spearman/chr3R_4835379-4835784__chr3R_4852430-4852762	False	False	1	0	1	1	0	1	1	LR_RL	LR	0.018	28.3	1.744727494896694
FBgn0003002_Spearman/chr3R_4835379-4835784__chr3R_4913812-4914012	False	False	1	1	1	1	1	1	1	BOTH	RL	0.005	31.0	2.3010299956639813
FBgn0003002_Spearman/chr3R_4835379-4835784__chr3R_4960008-4960208	False	False	1	1	0	1	1	0	1	LL_RR	LL	0.22	25.6	0.6575773191777937
FBgn0003002_Spearman/chr3R_4840732-4840997__chr3R_4852430-4852762	False	False	1	1	1	1	1	1	1	BOTH	RR	0.064	26.5	1.193820026016113
FBgn0003002_Spearman/chr3R_4840732-4840997__chr3R_4913812-4914012	False	False	1	1	1	1	1	1	1	BOTH	RR	0.005	30.1	2.3010299956639813
FBgn0003002_Spearman/chr3R_4840732-4840997__chr3R_4960008-4960208	False	False	1	0	1	1	0	1	1	LR_RL	LR	0.001	31.9	3.0
FBgn0003002_Spearman/chr3R_4852430-4852762__chr3R_4913812-4914012	False	False	1	0	1	1	0	1	1	LR_RL	LR	0.22	25.6	0.6575773191777937
FBgn0003002_Spearman/chr3R_4852430-4852762__chr3R_4960008-4960208	False	False	1	1	1	0	1	0	1	LL_RR	RR	0.005	30.1	2.3010299956639813
FBgn0003002_Spearman/chr3R_4913812-4914012__chr3R_4960008-4960208	False	False	1	1	0	1	1	0	1	LL_RR	RR	0.22	25.6	0.6575773191777937
FBgn0003002_vm/chr3R_4875269-4875597__chr3R_4878667-4879056	True	True	0	0	1	0	0	0	0	NONE				
FBgn0003002_vm/chr3R_4875269-4875597__chr3R_4914310-4914978	False	False	1	1	1	1	1	1	1	BOTH	LL	0.018	29.2	1.744727494896694
FBgn0003002_vm/chr3R_4878667-4879056__chr3R_4914310-4914978	False	False	1	1	1	1	1	1	1	BOTH	RL	0.064	26.5	1.193820026016113
FBgn0003062_sm/chr2R_22669923-22670415__chr2R_22671971-22672235	True	True	0	1	0	0	0	0	0	NONE				
FBgn0003062_sm/chr2R_22669923-22670415__chr2R_22692057-22692354	False	False	1	0	1	1	0	1	1	LR_RL	LR	0.22	24.7	0.6575773191777937
FBgn0003062_sm/chr2R_22671971-22672235__chr2R_22692057-22692354	False	False	1	1	0	0	1	0	1	LL_RR	RR	0.064	26.5	1.193820026016113
FBgn0003062_vm/chr2R_22671971-22672235__chr2R_22692057-22692354	False	False	1	1	0	0	1	0	1	LL_RR	RR	0.064	26.5	1.193820026016113
FBgn0003071_sm/chr2R_9727517-9727743__chr2R_9741763-9741963	False	False	1	0	1	1	0	1	1	LR_RL	RL	0.064	26.5	1.193820026016113
FBgn0003071_sm/chr2R_9727517-9727743__chr2R_9748242-9748798	False	False	1	1	1	1	1	1	1	BOTH	RL	0.22	24.7	0.6575773191777937
FBgn0003071_sm/chr2R_9741763-9741963__chr2R_9748242-9748798	False	False	1	1	1	0	1	0	1	LL_RR	RR	0.064	26.5	1.193820026016113
FBgn0003118_Spearman/chr3R_23300278-23300772__chr3R_23300984-23301221	True	True	1	0	1	0	0	0	0	NONE				
FBgn0003118_Spearman/chr3R_23300278-23300772__chr3R_23343757-23344225	False	False	1	1	1	0	1	0	1	LL_RR	LL	0.22	25.6	0.6575773191777937
FBgn0003118_Spearman/chr3R_23300278-23300772__chr3R_23347543-23347873	False	False	1	0	1	1	0	1	1	LR_RL	LR	0.22	25.6	0.6575773191777937
FBgn0003118_Spearman/chr3R_23300984-23301221__chr3R_23343757-23344225	False	False	0	1	1	1	0	1	1	LR_RL	RL	0.005	30.1	2.3010299956639813
FBgn0003118_Spearman/chr3R_23300984-23301221__chr3R_23347543-23347873	False	False	1	0	0	1	0	0	0	NONE				
FBgn0003118_Spearman/chr3R_23343757-23344225__chr3R_23347543-23347873	True	True	0	1	1	0	0	0	0	NONE				
FBgn0003169_Spearman/chr3R_14590821-14591563__chr3R_14591568-14591768	True	True	0	0	1	0	0	0	0	NONE				
FBgn0003169_Spearman/chr3R_14590821-14591563__chr3R_14597044-14597244	False	False	1	0	1	0	0	0	0	NONE				
FBgn0003169_Spearman/chr3R_14590821-14591563__chr3R_14624470-14624670	False	False	1	0	1	0	0	0	0	NONE				
FBgn0003169_Spearman/chr3R_14591568-14591768__chr3R_14597044-14597244	False	False	0	1	0	1	0	0	0	NONE				
FBgn0003169_Spearman/chr3R_14591568-14591768__chr3R_14624470-14624670	False	False	0	1	0	0	0	0	0	NONE				
FBgn0003169_Spearman/chr3R_14597044-14597244__chr3R_14624470-14624670	False	False	1	1	1	1	1	1	1	BOTH	RL	3.51e-05	37.4	4.454692883534176
FBgn0003169_vm/chr3R_14598420-14598710__chr3R_14650533-14651041	False	False	1	1	1	1	1	1	1	BOTH	LR	0.005	31.0	2.3010299956639813
FBgn0003204_sm/chrX_10688693-10688893__chrX_10723377-10723600	False	False	0	1	1	1	0	1	1	LR_RL	RL	0.001	31.9	3.0
FBgn0003254_meso/chr2R_18898203-18898705__chr2R_18900616-18900816	True	True	1	1	1	0	1	0	1	LL_RR	RR	0.001	32.8	3.0
FBgn0003254_sm/chr2R_18881394-18881804__chr2R_18898203-18898705	False	False	1	1	1	1	1	1	1	BOTH	RL	0.064	26.5	1.193820026016113
FBgn0003254_vm/chr2R_18881394-18881804__chr2R_18899660-18899871	False	False	1	1	1	1	1	1	1	BOTH	RR	0.064	27.4	1.193820026016113
FBgn0003285_Spearman/chrX_3059091-3059476__chrX_3103691-3103945	False	False	1	1	1	1	1	1	1	BOTH	RL	3.51e-05	38.3	4.454692883534176
FBgn0003285_vm/chrX_2937051-2937571__chrX_2942451-2942688	True	True	1	1	1	0	1	0	1	LL_RR	RR	2.25e-17	78.8	16.647817481888637
FBgn0003285_vm/chrX_2937051-2937571__chrX_3035626-3035842	False	False	1	0	0	1	0	0	0	NONE				
FBgn0003285_vm/chrX_2937051-2937571__chrX_3036092-3036292	False	False	0	1	1	0	0	0	0	NONE				
FBgn0003285_vm/chrX_2937051-2937571__chrX_3058248-3058549	False	False	1	1	1	1	1	1	1	BOTH	LR	0.22	25.6	0.6575773191777937
FBgn0003285_vm/chrX_2942451-2942688__chrX_3035626-3035842	False	False	1	1	0	1	1	0	1	LL_RR	LL	0.000123	35.6	3.910094888560602
FBgn0003285_vm/chrX_2942451-2942688__chrX_3036092-3036292	False	False	0	0	1	1	0	1	1	LR_RL	RL	0.021	27.4	1.6777807052660807
FBgn0003285_vm/chrX_2942451-2942688__chrX_3058248-3058549	False	False	1	1	1	1	1	1	1	BOTH	LR	0.001	32.8	3.0
FBgn0003285_vm/chrX_3035626-3035842__chrX_3036092-3036292	True	True	1	1	1	0	1	0	1	LL_RR	RR	0.26	22.0	0.585026652029182
FBgn0003285_vm/chrX_3035626-3035842__chrX_3058248-3058549	False	False	1	1	1	0	1	0	1	LL_RR	LL	0.001	31.9	3.0
FBgn0003285_vm/chrX_3036092-3036292__chrX_3058248-3058549	False	False	0	1	1	1	0	1	1	LR_RL	RL	0.064	27.4	1.193820026016113
FBgn0003448_meso/chr2L_15475634-15475834__chr2L_15482011-15482211	False	False	0	1	1	1	0	1	1	LR_RL	LR	0.22	25.6	0.6575773191777937
FBgn0003499_sm/chr3R_18049262-18049590__chr3R_18114408-18114870	False	False	1	1	0	1	1	0	1	LL_RR	LL	0.22	24.7	0.6575773191777937
FBgn0003502_sm/chr2L_8278110-8278488__chr2L_8289769-8290156	False	False	1	1	1	1	1	1	1	BOTH	LL	0.000123	36.5	3.910094888560602
FBgn0003567_sm/chr3R_14288142-14288461__chr3R_14332655-14333054	False	False	1	1	1	1	1	1	1	BOTH	LR	0.000428	33.7	3.3685562309868278
FBgn0003721_Spearman/chr3R_15282470-15282698__chr3R_15310903-15311103	False	False	1	1	1	1	1	1	1	BOTH	RR	5.94e-15	69.8	14.226213555018806
FBgn0003721_vm_sm/chr3R_15280609-15280877__chr3R_15282470-15282698	True	True	1	1	1	0	1	0	1	LL_RR	LL	0.14	24.7	0.8538719643217619
FBgn0003721_vm_sm/chr3R_15280609-15280877__chr3R_15286228-15286550	False	False	1	1	1	1	1	1	1	BOTH	LL	0.005	30.1	2.3010299956639813
FBgn0003721_vm_sm/chr3R_15280609-15280877__chr3R_15289850-15290050	False	False	1	1	1	0	1	0	1	LL_RR	RR	0.04	26.5	1.3979400086720375
FBgn0003721_vm_sm/chr3R_15280609-15280877__chr3R_15309823-15310090	False	False	1	0	1	1	0	1	1	LR_RL	LR	0.003	31.0	2.5228787452803374
FBgn0003721_vm_sm/chr3R_15280609-15280877__chr3R_15311608-15312057	False	False	1	1	1	0	1	0	1	LL_RR	LL	0.003	31.0	2.5228787452803374
FBgn0003721_vm_sm/chr3R_15282470-15282698__chr3R_15286228-15286550	True	True	1	1	1	0	1	0	1	LL_RR	LL	0.057	26.5	1.2441251443275085
FBgn0003721_vm_sm/chr3R_15282470-15282698__chr3R_15289850-15290050	False	False	0	1	1	1	0	1	1	LR_RL	LR	0.04	26.5	1.3979400086720375
FBgn0003721_vm_sm/chr3R_15282470-15282698__chr3R_15309823-15310090	False	False	1	1	0	1	1	0	1	LL_RR	RR	0.038	26.5	1.4202164033831899
FBgn0003721_vm_sm/chr3R_15282470-15282698__chr3R_15311608-15312057	False	False	0	1	1	1	0	1	1	LR_RL	RL	0.038	26.5	1.4202164033831899
FBgn0003721_vm_sm/chr3R_15286228-15286550__chr3R_15289850-15290050	True	True	1	1	1	0	1	0	1	LL_RR	LL	0.084	26.5	1.0757207139381184
FBgn0003721_vm_sm/chr3R_15286228-15286550__chr3R_15309823-15310090	False	False	1	1	1	0	1	0	1	LL_RR	LL	0.005	31.0	2.3010299956639813
FBgn0003721_vm_sm/chr3R_15286228-15286550__chr3R_15311608-15312057	False	False	1	1	1	1	1	1	1	BOTH	LR	5.94e-15	69.8	14.226213555018806
FBgn0003721_vm_sm/chr3R_15289850-15290050__chr3R_15309823-15310090	False	False	1	1	1	0	1	0	1	LL_RR	RR	0.003	30.1	2.5228787452803374
FBgn0003721_vm_sm/chr3R_15289850-15290050__chr3R_15311608-15312057	False	False	1	1	1	1	1	1	1	BOTH	RR	0.001	31.9	3.0
FBgn0003721_vm_sm/chr3R_15309823-15310090__chr3R_15311608-15312057	True	True	1	1	1	0	1	0	1	LL_RR	LL	0.47	22.9	0.3279021420642826
FBgn0003731_Spearman/chr2R_21145088-21145606__chr2R_21164556-21164883	False	False	1	1	1	1	1	1	1	BOTH	LL	0.018	28.3	1.744727494896694
FBgn0003731_meso/chr2R_21145088-21145606__chr2R_21165406-21165606	False	False	1	1	1	1	1	1	1	BOTH	LL	0.018	28.3	1.744727494896694
FBgn0003866_meso/chr2L_21736607-21736899__chr2L_21797958-21798158	False	False	1	1	0	1	1	0	1	LL_RR	RR	0.064	27.4	1.193820026016113
FBgn0003866_meso/chr2L_21736607-21736899__chr2L_21831155-21831728	False	False	1	1	1	1	1	1	1	BOTH	LL	0.064	26.5	1.193820026016113
FBgn0003866_meso/chr2L_21736607-21736899__chr2L_21835079-21835348	False	False	1	1	1	1	1	1	1	BOTH	LL	0.22	24.7	0.6575773191777937
FBgn0003866_meso/chr2L_21736607-21736899__chr2L_21840673-21841262	False	False	0	1	1	1	0	1	1	LR_RL	LR	0.22	24.7	0.6575773191777937
FBgn0003866_meso/chr2L_21797958-21798158__chr2L_21831155-21831728	False	False	1	1	1	1	1	1	1	BOTH	RL	0.018	28.3	1.744727494896694
FBgn0003866_meso/chr2L_21797958-21798158__chr2L_21835079-21835348	False	False	1	1	0	1	1	0	1	LL_RR	RR	0.064	26.5	1.193820026016113
FBgn0003866_meso/chr2L_21797958-21798158__chr2L_21840673-21841262	False	False	1	0	1	1	0	1	1	LR_RL	RL	0.064	26.5	1.193820026016113
FBgn0003866_meso/chr2L_21831155-21831728__chr2L_21835079-21835348	True	True	1	1	0	0	1	0	1	LL_RR	RR	0.085	27.4	1.0705810742857071
FBgn0003866_meso/chr2L_21831155-21831728__chr2L_21840673-21841262	False	False	1	1	1	0	1	0	1	LL_RR	LL	0.064	27.4	1.193820026016113
FBgn0003866_meso/chr2L_21835079-21835348__chr2L_21840673-21841262	False	False	1	0	1	0	0	0	0	NONE				
FBgn0003888_vm/chr2R_23903917-23904191__chr2R_23929145-23929692	False	False	1	1	1	0	1	0	1	LL_RR	LL	0.22	25.6	0.6575773191777937
FBgn0003889_sm/chr3R_9393661-9394054__chr3R_9394057-9394430	True	True	0	0	1	0	0	0	0	NONE				
FBgn0003889_sm/chr3R_9393661-9394054__chr3R_9417532-9417927	False	False	1	0	1	0	0	0	0	NONE				
FBgn0003889_sm/chr3R_9393661-9394054__chr3R_9436206-9436581	False	False	1	0	1	0	0	0	0	NONE				
FBgn0003889_sm/chr3R_9393661-9394054__chr3R_9437719-9437919	False	False	1	0	1	0	0	0	0	NONE				
FBgn0003889_sm/chr3R_9394057-9394430__chr3R_9417532-9417927	False	False	0	1	0	1	0	0	0	NONE				
FBgn0003889_sm/chr3R_9394057-9394430__chr3R_9436206-9436581	False	False	0	1	0	1	0	0	0	NONE				
FBgn0003889_sm/chr3R_9394057-9394430__chr3R_9437719-9437919	False	False	0	1	0	1	0	0	0	NONE				
FBgn0003889_sm/chr3R_9417532-9417927__chr3R_9436206-9436581	False	False	1	1	1	1	1	1	1	BOTH	LL	0.018	29.2	1.744727494896694
FBgn0003889_sm/chr3R_9417532-9417927__chr3R_9437719-9437919	False	False	1	1	1	1	1	1	1	BOTH	RL	0.029	26.5	1.537602002101044
FBgn0003889_sm/chr3R_9436206-9436581__chr3R_9437719-9437919	True	True	1	1	1	0	1	0	1	LL_RR	RR	0.000194	33.7	3.712198270069774
FBgn0003984_vm/chr3L_5811621-5811828__chr3L_5821284-5821579	False	False	1	1	0	1	1	0	1	LL_RR	RR	0.22	24.7	0.6575773191777937
FBgn0003984_vm/chr3L_5811621-5811828__chr3L_5825323-5825765	False	False	0	1	0	1	0	0	0	NONE				
FBgn0003984_vm/chr3L_5821284-5821579__chr3L_5825323-5825765	True	True	1	0	1	0	0	0	0	NONE				
FBgn0003997_Spearman/chr3L_18177706-18178000__chr3L_18188992-18189399	False	False	1	1	1	1	1	1	1	BOTH	LR	0.000428	33.7	3.3685562309868278
FBgn0003997_Spearman/chr3L_18177706-18178000__chr3L_18193476-18193931	False	False	1	1	1	1	1	1	1	BOTH	LL	0.000428	33.7	3.3685562309868278
FBgn0003997_Spearman/chr3L_18177706-18178000__chr3L_18241081-18241477	False	False	1	1	1	1	1	1	1	BOTH	LR	8.26e-07	42.8	6.083019952679618
FBgn0003997_Spearman/chr3L_18177706-18178000__chr3L_18244888-18245144	False	False	1	1	1	1	1	1	1	BOTH	LL	8.26e-07	42.8	6.083019952679618
FBgn0003997_Spearman/chr3L_18188992-18189399__chr3L_18193476-18193931	True	True	1	1	1	0	1	0	1	LL_RR	LL	4.71e-06	41.0	5.326979092871104
FBgn0003997_Spearman/chr3L_18188992-18189399__chr3L_18241081-18241477	False	False	1	1	1	1	1	1	1	BOTH	LL	2.88e-06	41.0	5.540607512240769
FBgn0003997_Spearman/chr3L_18188992-18189399__chr3L_18244888-18245144	False	False	1	1	1	1	1	1	1	BOTH	RL	0.000123	35.6	3.910094888560602
FBgn0003997_Spearman/chr3L_18193476-18193931__chr3L_18241081-18241477	False	False	1	1	1	1	1	1	1	BOTH	RR	0.000123	36.5	3.910094888560602
FBgn0003997_Spearman/chr3L_18193476-18193931__chr3L_18244888-18245144	False	False	1	1	1	1	1	1	1	BOTH	LL	0.000123	35.6	3.910094888560602
FBgn0003997_Spearman/chr3L_18241081-18241477__chr3L_18244888-18245144	True	True	1	1	1	0	1	0	1	LL_RR	RR	0.007	31.0	2.154901959985743
FBgn0003997_meso/chr3L_18188992-18189399__chr3L_18288111-18288550	False	False	1	1	1	1	1	1	1	BOTH	RR	0.001	31.9	3.0
FBgn0003997_vm/chr3L_18216020-18216270__chr3L_18223141-18223473	False	False	1	0	1	1	0	1	1	LR_RL	LR	0.064	26.5	1.193820026016113
FBgn0003997_vm/chr3L_18216020-18216270__chr3L_18253096-18253493	False	False	1	1	1	1	1	1	1	BOTH	LR	0.018	29.2	1.744727494896694
FBgn0003997_vm/chr3L_18223141-18223473__chr3L_18253096-18253493	False	False	1	1	1	1	1	1	1	BOTH	LL	1.01e-05	40.1	4.995678626217358
FBgn0004009_Spearman/chr2L_7300056-7300353__chr2L_7310393-7310593	False	False	1	1	0	1	1	0	1	LL_RR	RR	0.003	30.1	2.5228787452803374
FBgn0004009_Spearman/chr2L_7300056-7300353__chr2L_7312164-7312502	False	False	0	1	1	1	0	1	1	LR_RL	RL	0.003	30.1	2.5228787452803374
FBgn0004009_Spearman/chr2L_7310393-7310593__chr2L_7312164-7312502	True	True	1	0	1	0	0	0	0	NONE				
FBgn0004028_sm/chrX_18040570-18040954__chrX_18056747-18057063	False	False	1	1	1	1	1	1	1	BOTH	RR	0.13	25.6	0.8860566476931632
FBgn0004028_sm/chrX_18040570-18040954__chrX_18058581-18058805	False	False	1	1	1	1	1	1	1	BOTH	LR	0.005	31.0	2.3010299956639813
FBgn0004028_sm/chrX_18040570-18040954__chrX_18077576-18077881	False	False	0	1	1	1	0	1	1	LR_RL	RL	0.064	27.4	1.193820026016113
FBgn0004028_sm/chrX_18056747-18057063__chrX_18058581-18058805	True	True	1	1	1	0	1	0	1	LL_RR	LL	0.038	27.4	1.4202164033831899
FBgn0004028_sm/chrX_18056747-18057063__chrX_18077576-18077881	False	False	1	1	1	1	1	1	1	BOTH	LR	8.26e-07	42.8	6.083019952679618
FBgn0004028_sm/chrX_18058581-18058805__chrX_18077576-18077881	False	False	1	1	1	0	1	0	1	LL_RR	RR	0.018	29.2	1.744727494896694
FBgn0004101_vm_sm/chr2R_23924684-23925158__chr2R_23948285-23948607	False	False	1	0	0	1	0	0	0	NONE				
FBgn0004108_vm/chr3L_16739977-16740479__chr3L_16775645-16775870	False	False	1	1	1	0	1	0	1	LL_RR	RR	0.084	25.6	1.0757207139381184
FBgn0004108_vm/chr3L_16739977-16740479__chr3L_16776828-16777028	False	False	1	0	1	1	0	1	1	LR_RL	RL	0.084	25.6	1.0757207139381184
FBgn0004108_vm/chr3L_16775645-16775870__chr3L_16776828-16777028	True	True	1	0	0	0	0	0	0	NONE				
FBgn0004110_vm/chr3R_21388520-21388798__chr3R_21393784-21394075	True	True	1	0	1	0	0	0	0	NONE				
FBgn0004110_vm/chr3R_21388520-21388798__chr3R_21396772-21397111	False	False	1	1	0	0	1	0	1	LL_RR	LL	0.77	23.8	0.11350927482751812
FBgn0004110_vm/chr3R_21388520-21388798__chr3R_21426735-21426998	False	False	1	1	1	1	1	1	1	BOTH	RL	0.018	28.3	1.744727494896694
FBgn0004110_vm/chr3R_21393784-21394075__chr3R_21396772-21397111	True	True	0	1	1	0	0	0	0	NONE				
FBgn0004110_vm/chr3R_21393784-21394075__chr3R_21426735-21426998	False	False	1	1	1	1	1	1	1	BOTH	LL	0.77	23.8	0.11350927482751812
FBgn0004110_vm/chr3R_21396772-21397111__chr3R_21426735-21426998	False	False	1	1	1	1	1	1	1	BOTH	RR	0.064	26.5	1.193820026016113
FBgn0004167_vm/chr3L_3320367-3320567__chr3L_3322687-3323052	True	True	1	1	1	0	1	0	1	LL_RR	LL	0.015	28.3	1.8239087409443189
FBgn0004167_vm/chr3L_3320367-3320567__chr3L_3332328-3333012	False	False	0	1	1	1	0	1	1	LR_RL	RL	0.054	27.4	1.2676062401770316
FBgn0004167_vm/chr3L_3320367-3320567__chr3L_3384074-3384511	False	False	1	1	0	1	1	0	1	LL_RR	RR	0.19	24.7	0.721246399047171
FBgn0004167_vm/chr3L_3322687-3323052__chr3L_3332328-3333012	False	False	1	1	1	1	1	1	1	BOTH	LL	0.054	27.4	1.2676062401770316
FBgn0004167_vm/chr3L_3322687-3323052__chr3L_3384074-3384511	False	False	1	1	1	0	1	0	1	LL_RR	LL	0.19	24.7	0.721246399047171
FBgn0004167_vm/chr3L_3332328-3333012__chr3L_3384074-3384511	False	False	0	1	1	1	0	1	1	LR_RL	LR	0.22	24.7	0.6575773191777937
FBgn0004169_vm_sm/chrX_13540438-13540671__chrX_13541354-13541663	True	True	0	1	1	0	0	0	0	NONE				
FBgn0004169_vm_sm/chrX_13540438-13540671__chrX_13544237-13544746	True	False	1	1	1	1	1	1	1	BOTH	LR	3.51e-05	38.3	4.454692883534176
FBgn0004169_vm_sm/chrX_13540438-13540671__chrX_13566080-13566336	False	False	1	1	1	0	1	0	1	LL_RR	LL	2.88e-06	41.0	5.540607512240769
FBgn0004169_vm_sm/chrX_13541354-13541663__chrX_13544237-13544746	True	True	1	1	1	0	1	0	1	LL_RR	RR	0.019	28.3	1.7212463990471711
FBgn0004169_vm_sm/chrX_13541354-13541663__chrX_13566080-13566336	False	False	0	0	1	1	0	1	1	LR_RL	RL	0.018	28.3	1.744727494896694
FBgn0004169_vm_sm/chrX_13544237-13544746__chrX_13566080-13566336	False	False	1	1	0	1	1	0	1	LL_RR	RR	0.005	31.0	2.3010299956639813
FBgn0004432_Spearman/chrX_16259170-16259635__chrX_16272729-16273509	False	False	1	1	0	0	1	0	1	LL_RR	LL	0.77	22.9	0.11350927482751812
FBgn0004456_Spearman/chrX_13214172-13214372__chrX_13214681-13214911	True	True	0	1	1	0	0	0	0	NONE				
FBgn0004456_sm/chrX_13128708-13129040__chrX_13214681-13214911	False	False	1	0	1	0	0	0	0	NONE				
FBgn0004456_sm/chrX_13128708-13129040__chrX_13217305-13217505	False	False	1	0	0	0	0	0	0	NONE				
FBgn0004456_sm/chrX_13128708-13129040__chrX_13217664-13218019	False	False	0	1	1	0	0	0	0	NONE				
FBgn0004456_sm/chrX_13214681-13214911__chrX_13217305-13217505	True	True	1	0	1	0	0	0	0	NONE				
FBgn0004456_sm/chrX_13214681-13214911__chrX_13217664-13218019	True	False	1	1	1	0	1	0	1	LL_RR	RR	2.76e-06	41.9	5.559090917934783
FBgn0004456_sm/chrX_13217305-13217505__chrX_13217664-13218019	True	True	0	0	1	0	0	0	0	NONE				
FBgn0004569_sm/chr3L_16424269-16424469__chr3L_16463198-16463716	False	False	1	0	1	1	0	1	1	LR_RL	LR	0.77	23.8	0.11350927482751812
FBgn0004580_sm/chr2R_16588244-16588444__chr2R_16601060-16601302	False	False	1	0	1	1	0	1	1	LR_RL	LR	0.77	22.9	0.11350927482751812
FBgn0004606_Spearman/chr3R_30732121-30732337__chr3R_30764337-30764604	False	False	1	1	0	1	1	0	1	LL_RR	RR	0.43	22.9	0.36653154442041347
FBgn0004606_Spearman/chr3R_30732121-30732337__chr3R_30765989-30766189	False	False	0	1	1	1	0	1	1	LR_RL	LR	0.22	25.6	0.6575773191777937
FBgn0004606_Spearman/chr3R_30732121-30732337__chr3R_30780915-30781294	False	False	1	1	0	1	1	0	1	LL_RR	RR	0.018	28.3	1.744727494896694
FBgn0004606_Spearman/chr3R_30732121-30732337__chr3R_30794867-30795176	False	False	1	1	1	1	1	1	1	BOTH	LL	0.77	23.8	0.11350927482751812
FBgn0004606_Spearman/chr3R_30764337-30764604__chr3R_30765989-30766189	True	True	1	1	1	0	1	0	1	LL_RR	LL	0.000823	32.8	3.08460016478773
FBgn0004606_Spearman/chr3R_30764337-30764604__chr3R_30780915-30781294	False	False	1	0	1	1	0	1	1	LR_RL	LR	0.005	31.0	2.3010299956639813
FBgn0004606_Spearman/chr3R_30764337-30764604__chr3R_30794867-30795176	False	False	1	1	1	0	1	0	1	LL_RR	LL	0.000428	33.7	3.3685562309868278
FBgn0004606_Spearman/chr3R_30765989-30766189__chr3R_30780915-30781294	False	False	1	1	0	1	1	0	1	LL_RR	RR	0.018	28.3	1.744727494896694
FBgn0004606_Spearman/chr3R_30765989-30766189__chr3R_30794867-30795176	False	False	0	1	1	1	0	1	1	LR_RL	RL	0.22	25.6	0.6575773191777937
FBgn0004606_Spearman/chr3R_30780915-30781294__chr3R_30794867-30795176	False	False	1	1	1	1	1	1	1	BOTH	RL	0.064	27.4	1.193820026016113
FBgn0004606_meso/chr3R_30754912-30755289__chr3R_30762287-30762650	False	False	1	1	1	1	1	1	1	BOTH	LL	0.77	23.8	0.11350927482751812
FBgn0004606_meso/chr3R_30754912-30755289__chr3R_30770192-30770543	False	False	0	0	1	1	0	1	1	LR_RL	LR	0.018	29.2	1.744727494896694
FBgn0004606_meso/chr3R_30762287-30762650__chr3R_30770192-30770543	False	False	1	1	1	1	1	1	1	BOTH	LR	0.000123	35.6	3.910094888560602
FBgn0004606_sm/chr3R_30770192-30770543__chr3R_30796870-30797305	False	False	1	1	1	0	1	0	1	LL_RR	LL	0.22	24.7	0.6575773191777937
FBgn0004606_sm/chr3R_30770192-30770543__chr3R_30805779-30805979	False	False	1	1	1	1	1	1	1	BOTH	RL	0.005	31.0	2.3010299956639813
FBgn0004606_sm/chr3R_30796870-30797305__chr3R_30805779-30805979	False	False	1	1	1	1	1	1	1	BOTH	LL	0.005	30.1	2.3010299956639813
FBgn0004606_vm/chr3R_30767234-30767502__chr3R_30781959-30782292	False	False	1	1	0	1	1	0	1	LL_RR	RR	0.018	28.3	1.744727494896694
FBgn0004606_vm/chr3R_30767234-30767502__chr3R_30796870-30797305	False	False	0	1	1	1	0	1	1	LR_RL	LR	0.22	24.7	0.6575773191777937
FBgn0004606_vm/chr3R_30767234-30767502__chr3R_30805779-30805979	False	False	1	1	1	1	1	1	1	BOTH	LR	0.064	27.4	1.193820026016113
FBgn0004606_vm/chr3R_30781959-30782292__chr3R_30796870-30797305	False	False	1	1	1	1	1	1	1	BOTH	LL	0.064	26.5	1.193820026016113
FBgn0004606_vm/chr3R_30781959-30782292__chr3R_30805779-30805979	False	False	1	1	1	1	1	1	1	BOTH	RL	0.064	27.4	1.193820026016113
FBgn0004606_vm/chr3R_30796870-30797305__chr3R_30805779-30805979	False	False	1	1	1	1	1	1	1	BOTH	LL	0.005	30.1	2.3010299956639813
FBgn0004620_sm/chr2L_5546801-5547067__chr2L_5559752-5560284	False	False	0	1	1	1	0	1	1	LR_RL	LR	0.22	25.6	0.6575773191777937
FBgn0004652_sm/chr3R_18399087-18399506__chr3R_18412271-18412574	False	False	1	1	1	1	1	1	1	BOTH	LR	0.064	26.5	1.193820026016113
FBgn0004652_sm/chr3R_18399087-18399506__chr3R_18584104-18584359	False	False	0	0	1	0	0	0	0	NONE				
FBgn0004652_sm/chr3R_18399087-18399506__chr3R_18585296-18585648	False	False	1	1	1	0	1	0	1	LL_RR	LL	0.024	26.5	1.6197887582883939
FBgn0004652_sm/chr3R_18412271-18412574__chr3R_18584104-18584359	False	False	1	1	0	1	1	0	1	LL_RR	RR	1.3e-05	38.3	4.886056647693163
FBgn0004652_sm/chr3R_18412271-18412574__chr3R_18585296-18585648	False	False	0	0	1	1	0	1	1	LR_RL	RL	1.3e-05	38.3	4.886056647693163
FBgn0004652_sm/chr3R_18584104-18584359__chr3R_18585296-18585648	True	True	1	0	1	0	0	0	0	NONE				
FBgn0004795_Spearman/chr2R_23259211-23259587__chr2R_23265755-23266160	False	False	1	1	1	1	1	1	1	BOTH	LL	0.005	31.0	2.3010299956639813
FBgn0004858_Spearman/chr2L_14431426-14431854__chr2L_14443791-14444179	False	False	1	0	0	1	0	0	0	NONE				
FBgn0004858_Spearman/chr2L_14431426-14431854__chr2L_14445719-14445919	False	False	0	0	0	0	0	0	0	NONE				
FBgn0004858_Spearman/chr2L_14431426-14431854__chr2L_14446061-14446392	False	False	0	0	1	0	0	0	0	NONE				
FBgn0004858_Spearman/chr2L_14431426-14431854__chr2L_14446412-14446612	False	False	1	1	1	0	1	0	1	LL_RR	LL	0.012	21.1	1.9208187539523751
FBgn0004858_Spearman/chr2L_14431426-14431854__chr2L_14447428-14447837	False	False	1	0	0	1	0	0	0	NONE				
FBgn0004858_Spearman/chr2L_14431426-14431854__chr2L_14481618-14482010	False	False	1	1	1	1	1	1	1	BOTH	LR	0.064	26.5	1.193820026016113
FBgn0004858_Spearman/chr2L_14431426-14431854__chr2L_14484848-14485326	False	False	1	1	1	1	1	1	1	BOTH	LL	0.064	26.5	1.193820026016113
FBgn0004858_Spearman/chr2L_14443791-14444179__chr2L_14445719-14445919	True	True	1	0	0	0	0	0	0	NONE				
FBgn0004858_Spearman/chr2L_14443791-14444179__chr2L_14446061-14446392	True	False	0	0	0	0	0	0	0	NONE				
FBgn0004858_Spearman/chr2L_14443791-14444179__chr2L_14446412-14446612	True	False	0	1	1	0	0	0	0	NONE				
FBgn0004858_Spearman/chr2L_14443791-14444179__chr2L_14447428-14447837	True	False	1	1	1	1	1	1	1	BOTH	RL	0.15	22.9	0.8239087409443188
FBgn0004858_Spearman/chr2L_14443791-14444179__chr2L_14481618-14482010	False	False	1	1	1	1	1	1	1	BOTH	LL	0.064	27.4	1.193820026016113
FBgn0004858_Spearman/chr2L_14443791-14444179__chr2L_14484848-14485326	False	False	1	0	0	1	0	0	0	NONE				
FBgn0004858_Spearman/chr2L_14445719-14445919__chr2L_14446061-14446392	True	True	0	0	0	0	0	0	0	NONE				
FBgn0004858_Spearman/chr2L_14445719-14445919__chr2L_14446412-14446612	True	False	0	0	1	0	0	0	0	NONE				
FBgn0004858_Spearman/chr2L_14445719-14445919__chr2L_14447428-14447837	True	False	1	0	1	0	0	0	0	NONE				
FBgn0004858_Spearman/chr2L_14445719-14445919__chr2L_14481618-14482010	False	False	1	0	1	0	0	0	0	NONE				
FBgn0004858_Spearman/chr2L_14445719-14445919__chr2L_14484848-14485326	False	False	1	1	0	0	1	0	1	LL_RR	RR	0.04	25.6	1.3979400086720375
FBgn0004858_Spearman/chr2L_14446061-14446392__chr2L_14446412-14446612	True	True	0	0	0	0	0	0	0	NONE				
FBgn0004858_Spearman/chr2L_14446061-14446392__chr2L_14447428-14447837	True	False	0	0	0	0	0	0	0	NONE				
FBgn0004858_Spearman/chr2L_14446061-14446392__chr2L_14481618-14482010	False	False	0	0	0	1	0	0	0	NONE				
FBgn0004858_Spearman/chr2L_14446061-14446392__chr2L_14484848-14485326	False	False	0	0	1	0	0	0	0	NONE				
FBgn0004858_Spearman/chr2L_14446412-14446612__chr2L_14447428-14447837	True	True	0	1	0	0	0	0	0	NONE				
FBgn0004858_Spearman/chr2L_14446412-14446612__chr2L_14481618-14482010	False	False	1	1	0	1	1	0	1	LL_RR	LL	0.012	24.7	1.9208187539523751
FBgn0004858_Spearman/chr2L_14446412-14446612__chr2L_14484848-14485326	False	False	0	1	0	1	0	0	0	NONE				
FBgn0004858_Spearman/chr2L_14447428-14447837__chr2L_14481618-14482010	False	False	1	1	1	1	1	1	1	BOTH	LR	0.072	24.7	1.1426675035687315
FBgn0004858_Spearman/chr2L_14447428-14447837__chr2L_14484848-14485326	False	False	1	1	1	1	1	1	1	BOTH	RR	0.005	31.0	2.3010299956639813
FBgn0004858_Spearman/chr2L_14481618-14482010__chr2L_14484848-14485326	True	True	1	1	1	0	1	0	1	LL_RR	RR	0.006	30.1	2.221848749616356
FBgn0004858_sm/chr2L_14434419-14434949__chr2L_14435741-14436213	True	True	1	1	0	0	1	0	1	LL_RR	LL	0.02	26.5	1.6989700043360187
FBgn0004858_sm/chr2L_14434419-14434949__chr2L_14444805-14445074	False	False	1	1	1	1	1	1	1	BOTH	RL	0.069	24.7	1.1611509092627446
FBgn0004858_sm/chr2L_14435741-14436213__chr2L_14444805-14445074	False	False	1	1	1	1	1	1	1	BOTH	LL	0.069	25.6	1.1611509092627446
FBgn0004858_vm_sm/chr2L_14410187-14410566__chr2L_14453181-14453682	False	False	1	0	1	1	0	1	1	LR_RL	LR	0.064	26.5	1.193820026016113
FBgn0004895_vm/chr3L_3997727-3997967__chr3L_4000780-4001108	True	True	0	1	1	0	0	0	0	NONE				
FBgn0005536_vm_sm/chr3L_16018683-16019261__chr3L_16045010-16045232	False	False	1	1	0	1	1	0	1	LL_RR	RR	0.14	25.6	0.8538719643217619
FBgn0005536_vm_sm/chr3L_16018683-16019261__chr3L_16046788-16047125	False	False	0	1	0	1	0	0	0	NONE				
FBgn0005536_vm_sm/chr3L_16045010-16045232__chr3L_16046788-16047125	True	True	1	1	0	0	1	0	1	LL_RR	LL	0.14	25.6	0.8538719643217619
FBgn0005630_Spearman/chr2R_10166703-10167099__chr2R_10169607-10169832	True	True	1	1	1	0	1	0	1	LL_RR	LL	0.005	31.0	2.3010299956639813
FBgn0005630_meso/chr2R_10160478-10160690__chr2R_10206031-10206422	False	False	1	1	1	1	1	1	1	BOTH	LL	0.000123	35.6	3.910094888560602
FBgn0005630_sm/chr2R_10158762-10159202__chr2R_10165838-10166245	False	False	1	0	1	0	0	0	0	NONE				
FBgn0005630_sm/chr2R_10158762-10159202__chr2R_10166703-10167099	False	False	1	1	1	0	1	0	1	LL_RR	RR	0.001	31.9	3.0
FBgn0005630_sm/chr2R_10158762-10159202__chr2R_10179693-10179934	False	False	0	1	1	1	0	1	1	LR_RL	RL	0.064	27.4	1.193820026016113
FBgn0005630_sm/chr2R_10165838-10166245__chr2R_10166703-10167099	True	True	0	1	1	0	0	0	0	NONE				
FBgn0005630_sm/chr2R_10165838-10166245__chr2R_10179693-10179934	False	False	1	0	0	0	0	0	0	NONE				
FBgn0005630_sm/chr2R_10166703-10167099__chr2R_10179693-10179934	False	False	0	1	0	0	0	0	0	NONE				
FBgn0005631_sm/chr2R_22298445-22298713__chr2R_22308973-22309246	False	False	0	0	1	0	0	0	0	NONE				
FBgn0005631_sm/chr2R_22298445-22298713__chr2R_22320703-22320999	False	False	0	0	1	1	0	1	1	LR_RL	LR	0.22	24.7	0.6575773191777937
FBgn0005631_sm/chr2R_22308973-22309246__chr2R_22320703-22320999	False	False	1	1	0	1	1	0	1	LL_RR	RR	0.22	24.7	0.6575773191777937
FBgn0005771_Spearman/chr2L_14481618-14482010__chr2L_14497639-14498275	False	False	1	1	1	1	1	1	1	BOTH	LR	0.018	28.3	1.744727494896694
FBgn0005771_Spearman/chr2L_14481618-14482010__chr2L_14517261-14517665	False	False	1	1	1	1	1	1	1	BOTH	LR	0.005	31.0	2.3010299956639813
FBgn0005771_Spearman/chr2L_14481618-14482010__chr2L_14540200-14540420	False	False	1	1	1	1	1	1	1	BOTH	RL	0.064	27.4	1.193820026016113
FBgn0005771_Spearman/chr2L_14497639-14498275__chr2L_14517261-14517665	False	False	1	1	1	1	1	1	1	BOTH	RL	0.000428	34.6	3.3685562309868278
FBgn0005771_Spearman/chr2L_14497639-14498275__chr2L_14540200-14540420	False	False	1	1	1	1	1	1	1	BOTH	RL	0.018	29.2	1.744727494896694
FBgn0005771_Spearman/chr2L_14517261-14517665__chr2L_14540200-14540420	False	False	1	1	1	1	1	1	1	BOTH	RR	0.018	29.2	1.744727494896694
FBgn0005771_meso/chr2L_14434419-14434949__chr2L_14435741-14436213	True	True	1	1	0	0	1	0	1	LL_RR	LL	0.02	26.5	1.6989700043360187
FBgn0005771_meso/chr2L_14434419-14434949__chr2L_14446061-14446392	False	False	1	0	1	1	0	1	1	LR_RL	RL	0.069	24.7	1.1611509092627446
FBgn0005771_meso/chr2L_14434419-14434949__chr2L_14517261-14517665	False	False	1	1	1	1	1	1	1	BOTH	LR	0.064	26.5	1.193820026016113
FBgn0005771_meso/chr2L_14435741-14436213__chr2L_14446061-14446392	False	False	1	1	0	1	1	0	1	LL_RR	LL	0.069	25.6	1.1611509092627446
FBgn0005771_meso/chr2L_14435741-14436213__chr2L_14517261-14517665	False	False	1	1	1	1	1	1	1	BOTH	RL	0.001	32.8	3.0
FBgn0005771_meso/chr2L_14446061-14446392__chr2L_14517261-14517665	False	False	0	0	1	1	0	1	1	LR_RL	LR	0.064	26.5	1.193820026016113
FBgn0005771_vm/chr2L_14476624-14476824__chr2L_14527451-14527987	False	False	0	1	1	1	0	1	1	LR_RL	RL	0.77	23.8	0.11350927482751812
FBgn0005771_vm/chr2L_14476624-14476824__chr2L_14537085-14537454	False	False	1	1	1	1	1	1	1	BOTH	RL	0.018	29.2	1.744727494896694
FBgn0005771_vm/chr2L_14527451-14527987__chr2L_14537085-14537454	False	False	1	1	1	1	1	1	1	BOTH	LL	0.001	31.9	3.0
FBgn0010235_Spearman/chr3L_12658389-12658612__chr3L_12678456-12678703	False	False	1	1	1	1	1	1	1	BOTH	RR	3.51e-05	37.4	4.454692883534176
FBgn0010316_meso/chr2R_9318986-9319419__chr2R_9338882-9339082	False	False	1	1	0	1	1	0	1	LL_RR	RR	0.018	28.3	1.744727494896694
FBgn0010341_Spearman/chrX_19653071-19653752__chrX_19656920-19657594	True	True	1	1	1	0	1	0	1	LL_RR	RR	0.98	22.9	0.00877392430750515
FBgn0010341_sm/chrX_19623427-19623800__chrX_19656920-19657594	False	False	1	0	0	1	0	0	0	NONE				
FBgn0010379_sm/chr3R_16072483-16072683__chr3R_16073986-16074304	True	True	1	1	0	0	1	0	1	LL_RR	LL	0.033	27.4	1.4814860601221125
FBgn0010379_sm/chr3R_16072483-16072683__chr3R_16091648-16091848	False	False	1	0	1	1	0	1	1	LR_RL	LR	0.22	24.7	0.6575773191777937
FBgn0010379_sm/chr3R_16072483-16072683__chr3R_16094907-16095107	False	False	1	1	1	1	1	1	1	BOTH	RL	0.009	29.2	2.0457574905606752
FBgn0010379_sm/chr3R_16073986-16074304__chr3R_16091648-16091848	False	False	1	1	0	0	1	0	1	LL_RR	RR	0.22	25.6	0.6575773191777937
FBgn0010379_sm/chr3R_16073986-16074304__chr3R_16094907-16095107	False	False	1	1	1	1	1	1	1	BOTH	LL	0.009	29.2	2.0457574905606752
FBgn0010379_sm/chr3R_16091648-16091848__chr3R_16094907-16095107	True	True	1	1	0	0	1	0	1	LL_RR	LL	0.078	26.5	1.1079053973095196
FBgn0010379_vm/chr3R_16073986-16074304__chr3R_16091648-16091848	False	False	1	1	1	0	1	0	1	LL_RR	RR	0.22	25.6	0.6575773191777937
FBgn0010379_vm/chr3R_16073986-16074304__chr3R_16094907-16095107	False	False	1	1	1	1	1	1	1	BOTH	LL	0.018	29.2	1.744727494896694
FBgn0010379_vm/chr3R_16091648-16091848__chr3R_16094907-16095107	True	True	1	1	0	0	1	0	1	LL_RR	LL	0.078	26.5	1.1079053973095196
FBgn0010424_sm/chr3L_17014763-17015190__chr3L_17019852-17020197	True	True	1	0	0	0	0	0	0	NONE				
FBgn0011286_sm/chr2R_8425969-8426169__chr2R_8484944-8485225	False	False	1	1	1	1	1	1	1	BOTH	LR	0.14	25.6	0.8538719643217619
FBgn0011286_sm/chr2R_8425969-8426169__chr2R_8486788-8487203	False	False	1	1	1	1	1	1	1	BOTH	LL	0.14	25.6	0.8538719643217619
FBgn0011286_sm/chr2R_8484944-8485225__chr2R_8486788-8487203	True	True	0	1	1	0	0	0	0	NONE				
FBgn0011638_Spearman/chr2L_20298155-20298629__chr2L_20304372-20304698	False	False	1	1	1	1	1	1	1	BOTH	LR	0.018	28.3	1.744727494896694
FBgn0011638_sm/chr2L_20298155-20298629__chr2L_20339742-20340332	False	False	1	1	1	1	1	1	1	BOTH	LL	0.22	25.6	0.6575773191777937
FBgn0011656_Spearman/chr2R_9559487-9559979__chr2R_9598105-9598410	False	False	0	0	1	1	0	1	1	LR_RL	RL	0.064	27.4	1.193820026016113
FBgn0011656_sm/chr2R_9555902-9556546__chr2R_9557786-9557986	True	True	0	1	1	0	0	0	0	NONE				
FBgn0011656_sm/chr2R_9555902-9556546__chr2R_9559487-9559979	True	False	1	0	1	1	0	1	1	LR_RL	RL	0.065	25.6	1.1870866433571443
FBgn0011656_sm/chr2R_9555902-9556546__chr2R_9562047-9562495	False	False	1	1	0	0	1	0	1	LL_RR	RR	0.38	23.8	0.42021640338318983
FBgn0011656_sm/chr2R_9555902-9556546__chr2R_9567242-9567442	False	False	1	0	1	1	0	1	1	LR_RL	RL	0.11	25.6	0.958607314841775
FBgn0011656_sm/chr2R_9557786-9557986__chr2R_9559487-9559979	True	True	1	0	0	0	0	0	0	NONE				
FBgn0011656_sm/chr2R_9557786-9557986__chr2R_9562047-9562495	True	False	0	1	1	0	0	0	0	NONE				
FBgn0011656_sm/chr2R_9557786-9557986__chr2R_9567242-9567442	False	False	1	1	0	1	1	0	1	LL_RR	RR	0.038	26.5	1.4202164033831899
FBgn0011656_sm/chr2R_9559487-9559979__chr2R_9562047-9562495	True	True	0	0	1	0	0	0	0	NONE				
FBgn0011656_sm/chr2R_9559487-9559979__chr2R_9567242-9567442	False	False	1	0	1	1	0	1	1	LR_RL	LR	0.038	26.5	1.4202164033831899
FBgn0011656_sm/chr2R_9562047-9562495__chr2R_9567242-9567442	True	True	0	0	0	0	0	0	0	NONE				
FBgn0011656_vm/chr2R_9557786-9557986__chr2R_9562047-9562495	True	True	1	0	0	0	0	0	0	NONE				
FBgn0011656_vm/chr2R_9557786-9557986__chr2R_9562516-9562910	True	False	0	1	1	0	0	0	0	NONE				
FBgn0011656_vm/chr2R_9557786-9557986__chr2R_9567242-9567442	False	False	1	1	0	1	1	0	1	LL_RR	RR	0.064	26.5	1.193820026016113
FBgn0011656_vm/chr2R_9562047-9562495__chr2R_9562516-9562910	True	True	0	0	1	0	0	0	0	NONE				
FBgn0011656_vm/chr2R_9562047-9562495__chr2R_9567242-9567442	True	False	0	0	0	0	0	0	0	NONE				
FBgn0011656_vm/chr2R_9562516-9562910__chr2R_9567242-9567442	True	True	0	0	0	0	0	0	0	NONE				
FBgn0011722_sm/chr2L_6411470-6411744__chr2L_6422856-6423068	False	False	1	1	0	1	1	0	1	LL_RR	LL	0.22	24.7	0.6575773191777937
FBgn0011722_sm/chr2L_6411470-6411744__chr2L_6423550-6423750	False	False	0	0	1	1	0	1	1	LR_RL	LR	0.22	24.7	0.6575773191777937
FBgn0011722_sm/chr2L_6422856-6423068__chr2L_6423550-6423750	True	True	1	0	1	0	0	0	0	NONE				
FBgn0013718_sm/chr3L_14195647-14195954__chr3L_14244211-14244471	False	False	1	1	1	1	1	1	1	BOTH	LR	0.018	29.2	1.744727494896694
FBgn0013750_sm/chr2R_14935843-14936180__chr2R_14936533-14936887	True	True	0	1	1	0	0	0	0	NONE				
FBgn0013750_sm/chr2R_14935843-14936180__chr2R_14976541-14977128	False	False	1	1	1	1	1	1	1	BOTH	LR	0.018	28.3	1.744727494896694
FBgn0013750_sm/chr2R_14936533-14936887__chr2R_14976541-14977128	False	False	1	1	1	0	1	0	1	LL_RR	RR	0.064	26.5	1.193820026016113
FBgn0014028_vm/chr2R_6412842-6413057__chr2R_6413232-6413731	True	True	1	1	1	0	1	0	1	LL_RR	LL	2.79e-05	33.7	4.554395796726403
FBgn0014028_vm_sm/chr2R_6411991-6412223__chr2R_6436010-6436295	False	False	1	1	0	1	1	0	1	LL_RR	LL	0.064	27.4	1.193820026016113
FBgn0014863_sm/chr3R_7113126-7113381__chr3R_7122484-7122921	False	False	0	1	1	1	0	1	1	LR_RL	RL	0.000428	34.6	3.3685562309868278
FBgn0014863_vm/chr3R_7108574-7109019__chr3R_7113126-7113381	True	True	1	0	1	0	0	0	0	NONE				
FBgn0014877_Spearman/chr2R_13188356-13188670__chr2R_13190587-13190787	True	True	1	1	1	0	1	0	1	LL_RR	RR	0.000162	34.6	3.7904849854573692
FBgn0014877_Spearman/chr2R_13188356-13188670__chr2R_13192033-13192233	True	False	1	1	1	1	1	1	1	BOTH	RL	0.000162	34.6	3.7904849854573692
FBgn0014877_Spearman/chr2R_13188356-13188670__chr2R_13194170-13194587	False	False	1	1	0	1	1	0	1	LL_RR	LL	0.014	28.3	1.853871964321762
FBgn0014877_Spearman/chr2R_13188356-13188670__chr2R_13195866-13196315	False	False	0	0	0	1	0	0	0	NONE				
FBgn0014877_Spearman/chr2R_13188356-13188670__chr2R_13196419-13196619	False	False	0	0	0	0	0	0	0	NONE				
FBgn0014877_Spearman/chr2R_13188356-13188670__chr2R_13197479-13197679	False	False	0	0	0	0	0	0	0	NONE				
FBgn0014877_Spearman/chr2R_13188356-13188670__chr2R_13198071-13198730	False	False	0	0	0	0	0	0	0	NONE				
FBgn0014877_Spearman/chr2R_13188356-13188670__chr2R_13199132-13199535	False	False	0	0	1	0	0	0	0	NONE				
FBgn0014877_Spearman/chr2R_13190587-13190787__chr2R_13192033-13192233	True	True	1	1	1	0	1	0	1	LL_RR	LL	0.000162	34.6	3.7904849854573692
FBgn0014877_Spearman/chr2R_13190587-13190787__chr2R_13194170-13194587	True	False	1	0	1	1	0	1	1	LR_RL	RL	0.024	26.5	1.6197887582883939
FBgn0014877_Spearman/chr2R_13190587-13190787__chr2R_13195866-13196315	False	False	1	0	0	0	0	0	0	NONE				
FBgn0014877_Spearman/chr2R_13190587-13190787__chr2R_13196419-13196619	False	False	0	1	0	0	0	0	0	NONE				
FBgn0014877_Spearman/chr2R_13190587-13190787__chr2R_13197479-13197679	False	False	0	1	0	1	0	0	0	NONE				
FBgn0014877_Spearman/chr2R_13190587-13190787__chr2R_13198071-13198730	False	False	0	1	0	1	0	0	0	NONE				
FBgn0014877_Spearman/chr2R_13190587-13190787__chr2R_13199132-13199535	False	False	0	0	0	1	0	0	0	NONE				
FBgn0014877_Spearman/chr2R_13192033-13192233__chr2R_13194170-13194587	True	True	1	0	0	0	0	0	0	NONE				
FBgn0014877_Spearman/chr2R_13192033-13192233__chr2R_13195866-13196315	True	False	0	1	0	0	0	0	0	NONE				
FBgn0014877_Spearman/chr2R_13192033-13192233__chr2R_13196419-13196619	True	False	0	1	1	1	0	1	1	LR_RL	RL	0.022	23.8	1.6575773191777938
FBgn0014877_Spearman/chr2R_13192033-13192233__chr2R_13197479-13197679	False	False	1	0	1	1	0	1	1	LR_RL	LR	0.000113	32.8	3.9469215565165805
FBgn0014877_Spearman/chr2R_13192033-13192233__chr2R_13198071-13198730	False	False	1	1	1	0	1	0	1	LL_RR	LL	0.000113	32.8	3.9469215565165805
FBgn0014877_Spearman/chr2R_13192033-13192233__chr2R_13199132-13199535	False	False	1	0	0	1	0	0	0	NONE				
FBgn0014877_Spearman/chr2R_13194170-13194587__chr2R_13195866-13196315	True	True	0	0	1	0	0	0	0	NONE				
FBgn0014877_Spearman/chr2R_13194170-13194587__chr2R_13196419-13196619	True	False	1	0	1	0	0	0	0	NONE				
FBgn0014877_Spearman/chr2R_13194170-13194587__chr2R_13197479-13197679	True	False	1	0	0	0	0	0	0	NONE				
FBgn0014877_Spearman/chr2R_13194170-13194587__chr2R_13198071-13198730	True	False	0	0	1	0	0	0	0	NONE				
FBgn0014877_Spearman/chr2R_13194170-13194587__chr2R_13199132-13199535	True	False	1	0	0	0	0	0	0	NONE				
FBgn0014877_Spearman/chr2R_13195866-13196315__chr2R_13196419-13196619	True	True	0	0	0	0	0	0	0	NONE				
FBgn0014877_Spearman/chr2R_13195866-13196315__chr2R_13197479-13197679	True	False	0	0	0	0	0	0	0	NONE				
FBgn0014877_Spearman/chr2R_13195866-13196315__chr2R_13198071-13198730	True	False	0	0	0	0	0	0	0	NONE				
FBgn0014877_Spearman/chr2R_13195866-13196315__chr2R_13199132-13199535	True	False	0	0	0	0	0	0	0	NONE				
FBgn0014877_Spearman/chr2R_13196419-13196619__chr2R_13197479-13197679	True	True	0	0	0	0	0	0	0	NONE				
FBgn0014877_Spearman/chr2R_13196419-13196619__chr2R_13198071-13198730	True	False	0	0	0	0	0	0	0	NONE				
FBgn0014877_Spearman/chr2R_13196419-13196619__chr2R_13199132-13199535	True	False	0	1	0	0	0	0	0	NONE				
FBgn0014877_Spearman/chr2R_13197479-13197679__chr2R_13198071-13198730	True	True	0	0	0	0	0	0	0	NONE				
FBgn0014877_Spearman/chr2R_13197479-13197679__chr2R_13199132-13199535	True	False	0	1	1	0	0	0	0	NONE				
FBgn0014877_Spearman/chr2R_13198071-13198730__chr2R_13199132-13199535	True	True	0	0	1	0	0	0	0	NONE				
FBgn0014877_sm/chr2R_13192361-13193251__chr2R_13194170-13194587	True	True	1	0	1	0	0	0	0	NONE				
FBgn0014877_sm/chr2R_13192361-13193251__chr2R_13195553-13195864	True	False	1	1	1	0	1	0	1	LL_RR	LL	0.085	24.7	1.0705810742857071
FBgn0014877_sm/chr2R_13192361-13193251__chr2R_13198071-13198730	True	False	1	0	1	1	0	1	1	LR_RL	LR	0.035	24.7	1.4559319556497243
FBgn0014877_sm/chr2R_13192361-13193251__chr2R_13199132-13199535	False	False	1	1	0	0	1	0	1	LL_RR	LL	0.035	24.7	1.4559319556497243
FBgn0014877_sm/chr2R_13194170-13194587__chr2R_13195553-13195864	True	True	0	1	1	0	0	0	0	NONE				
FBgn0014877_sm/chr2R_13194170-13194587__chr2R_13198071-13198730	True	False	1	0	0	1	0	0	0	NONE				
FBgn0014877_sm/chr2R_13194170-13194587__chr2R_13199132-13199535	True	False	0	0	1	0	0	0	0	NONE				
FBgn0014877_sm/chr2R_13195553-13195864__chr2R_13198071-13198730	True	True	1	0	0	0	0	0	0	NONE				
FBgn0014877_sm/chr2R_13195553-13195864__chr2R_13199132-13199535	True	False	0	0	0	0	0	0	0	NONE				
FBgn0014877_sm/chr2R_13198071-13198730__chr2R_13199132-13199535	True	True	0	0	0	0	0	0	0	NONE				
FBgn0014877_vm/chr2R_13189049-13189699__chr2R_13192361-13193251	True	True	1	1	1	0	1	0	1	LL_RR	RR	0.068	27.4	1.1674910872937636
FBgn0014877_vm_sm/chr2R_13164461-13164824__chr2R_13189815-13190137	False	False	0	0	1	1	0	1	1	LR_RL	LR	0.77	22.9	0.11350927482751812
FBgn0015019_Spearman/chr3R_16715587-16715916__chr3R_16744397-16744662	False	False	1	0	1	1	0	1	1	LR_RL	RL	0.018	28.3	1.744727494896694
FBgn0015218_sm/chr3L_9382596-9382979__chr3L_9384190-9384390	True	True	1	1	1	0	1	0	1	LL_RR	LL	0.000206	34.6	3.6861327796308467
FBgn0015380_Spearman/chr2L_19215078-19215278__chr2L_19215688-19216293	True	True	1	1	1	0	1	0	1	LL_RR	LL	0.003	28.3	2.5228787452803374
FBgn0015570_sm/chr3R_7658315-7658594__chr3R_7661745-7661946	True	True	1	0	1	0	0	0	0	NONE				
FBgn0015609_meso/chr2L_17736424-17736667__chr2L_17744617-17744940	False	False	1	1	1	1	1	1	1	BOTH	LL	0.064	26.5	1.193820026016113
FBgn0015773_sm/chrX_14593777-14594065__chrX_14655967-14656167	False	False	1	1	1	1	1	1	1	BOTH	LL	0.001	31.9	3.0
FBgn0015773_vm/chrX_14567039-14567412__chrX_14593777-14594065	False	False	1	1	1	1	1	1	1	BOTH	LL	3.51e-05	38.3	4.454692883534176
FBgn0015773_vm/chrX_14567039-14567412__chrX_14655967-14656167	False	False	1	1	1	1	1	1	1	BOTH	LL	0.000428	33.7	3.3685562309868278
FBgn0015773_vm/chrX_14593777-14594065__chrX_14655967-14656167	False	False	1	1	1	1	1	1	1	BOTH	LL	0.001	31.9	3.0
FBgn0015799_sm/chrX_759222-759589__chrX_799237-799607	False	False	1	1	1	0	1	0	1	LL_RR	LL	4.57e-10	54.5	9.34008379993015
FBgn0016041_sm/chrX_7617780-7617980__chrX_7650029-7650229	False	False	1	1	1	1	1	1	1	BOTH	RR	2.88e-06	41.0	5.540607512240769
FBgn0016041_sm/chrX_7617780-7617980__chrX_7654331-7654569	False	False	1	1	1	1	1	1	1	BOTH	LL	0.005	30.1	2.3010299956639813
FBgn0016041_sm/chrX_7617780-7617980__chrX_7655607-7655855	False	False	1	1	1	1	1	1	1	BOTH	LR	0.003	30.1	2.5228787452803374
FBgn0016041_sm/chrX_7617780-7617980__chrX_7657369-7657569	False	False	1	1	1	1	1	1	1	BOTH	LL	0.003	30.1	2.5228787452803374
FBgn0016041_sm/chrX_7617780-7617980__chrX_7660283-7660576	False	False	1	1	1	1	1	1	1	BOTH	RR	3.51e-05	37.4	4.454692883534176
FBgn0016041_sm/chrX_7617780-7617980__chrX_7686560-7686932	False	False	1	1	1	1	1	1	1	BOTH	RL	2.37e-07	45.5	6.6252516539898965
FBgn0016041_sm/chrX_7650029-7650229__chrX_7654331-7654569	True	True	1	1	1	0	1	0	1	LL_RR	LL	0.002	31.9	2.6989700043360187
FBgn0016041_sm/chrX_7650029-7650229__chrX_7655607-7655855	False	False	1	1	1	1	1	1	1	BOTH	LR	0.000258	34.6	3.58838029403677
FBgn0016041_sm/chrX_7650029-7650229__chrX_7657369-7657569	False	False	1	1	1	1	1	1	1	BOTH	LL	0.000258	34.6	3.58838029403677
FBgn0016041_sm/chrX_7650029-7650229__chrX_7660283-7660576	False	False	1	1	1	1	1	1	1	BOTH	RR	2.37e-07	44.6	6.6252516539898965
FBgn0016041_sm/chrX_7650029-7650229__chrX_7686560-7686932	False	False	1	1	1	1	1	1	1	BOTH	RL	6.78e-08	47.3	7.168770306132937
FBgn0016041_sm/chrX_7654331-7654569__chrX_7655607-7655855	True	True	1	1	1	0	1	0	1	LL_RR	LL	0.007	29.2	2.154901959985743
FBgn0016041_sm/chrX_7654331-7654569__chrX_7657369-7657569	True	False	1	1	1	1	1	1	1	BOTH	LL	2.12e-05	37.4	4.673664139071248
FBgn0016041_sm/chrX_7654331-7654569__chrX_7660283-7660576	False	False	1	1	1	1	1	1	1	BOTH	LR	0.005	31.0	2.3010299956639813
FBgn0016041_sm/chrX_7654331-7654569__chrX_7686560-7686932	False	False	1	0	1	1	0	1	1	LR_RL	RL	0.002	31.0	2.6989700043360187
FBgn0016041_sm/chrX_7655607-7655855__chrX_7657369-7657569	True	True	1	1	1	0	1	0	1	LL_RR	RR	0.038	26.5	1.4202164033831899
FBgn0016041_sm/chrX_7655607-7655855__chrX_7660283-7660576	True	False	1	1	1	1	1	1	1	BOTH	RR	0.003	30.1	2.5228787452803374
FBgn0016041_sm/chrX_7655607-7655855__chrX_7686560-7686932	False	False	1	1	0	1	1	0	1	LL_RR	LL	0.002	31.0	2.6989700043360187
FBgn0016041_sm/chrX_7657369-7657569__chrX_7660283-7660576	True	True	1	1	1	0	1	0	1	LL_RR	LL	0.042	26.5	1.3767507096020994
FBgn0016041_sm/chrX_7657369-7657569__chrX_7686560-7686932	False	False	1	0	1	1	0	1	1	LR_RL	LR	0.011	28.3	1.958607314841775
FBgn0016041_sm/chrX_7660283-7660576__chrX_7686560-7686932	False	False	1	1	0	1	1	0	1	LL_RR	RR	1.4e-16	76.1	15.853871964321762
FBgn0016078_vm/chr2R_9030972-9031304__chr2R_9045494-9045735	False	False	1	0	1	1	0	1	1	LR_RL	RL	0.064	27.4	1.193820026016113
FBgn0016120_sm/chr3R_19091653-19091872__chr3R_19092386-19092991	True	True	1	1	1	0	1	0	1	LL_RR	LL	0.045	24.7	1.3467874862246563
FBgn0016120_sm/chr3R_19091653-19091872__chr3R_19107971-19108412	False	False	1	0	1	1	0	1	1	LR_RL	RL	0.045	24.7	1.3467874862246563
FBgn0016120_sm/chr3R_19092386-19092991__chr3R_19107971-19108412	False	False	1	1	0	1	1	0	1	LL_RR	LL	0.045	27.4	1.3467874862246563
FBgn0016122_vm/chr2L_8542173-8542517__chr2L_8581723-8582037	False	False	1	1	1	1	1	1	1	BOTH	RL	0.005	30.1	2.3010299956639813
FBgn0016694_sm/chr3L_7762555-7762755__chr3L_7818834-7819086	False	False	1	1	1	1	1	1	1	BOTH	LR	0.000123	35.6	3.910094888560602
FBgn0016694_sm/chr3L_7762555-7762755__chr3L_7848370-7848762	False	False	1	1	1	1	1	1	1	BOTH	LR	0.018	28.3	1.744727494896694
FBgn0016694_sm/chr3L_7818834-7819086__chr3L_7848370-7848762	False	False	1	1	1	1	1	1	1	BOTH	LR	0.22	25.6	0.6575773191777937
FBgn0016694_vm/chr3L_7818834-7819086__chr3L_7848370-7848762	False	False	1	1	1	1	1	1	1	BOTH	LR	0.22	25.6	0.6575773191777937
FBgn0016715_Spearman/chr3L_623882-624388__chr3L_665701-666210	False	False	1	0	1	1	0	1	1	LR_RL	LR	0.064	27.4	1.193820026016113
FBgn0016715_sm/chr3L_574867-575113__chr3L_597378-597923	False	False	1	1	1	1	1	1	1	BOTH	LL	0.064	27.4	1.193820026016113
FBgn0016715_sm/chr3L_574867-575113__chr3L_610451-610651	False	False	1	1	1	1	1	1	1	BOTH	RL	0.005	31.0	2.3010299956639813
FBgn0016715_sm/chr3L_574867-575113__chr3L_616535-616984	False	False	1	1	1	1	1	1	1	BOTH	RL	0.000123	36.5	3.910094888560602
FBgn0016715_sm/chr3L_574867-575113__chr3L_618388-618844	False	False	1	1	1	1	1	1	1	BOTH	LR	0.005	31.0	2.3010299956639813
FBgn0016715_sm/chr3L_574867-575113__chr3L_622169-622652	False	False	1	1	1	1	1	1	1	BOTH	LR	0.000123	35.6	3.910094888560602
FBgn0016715_sm/chr3L_597378-597923__chr3L_610451-610651	False	False	0	0	1	1	0	1	1	LR_RL	RL	0.064	26.5	1.193820026016113
FBgn0016715_sm/chr3L_597378-597923__chr3L_616535-616984	False	False	1	0	0	1	0	0	0	NONE				
FBgn0016715_sm/chr3L_597378-597923__chr3L_618388-618844	False	False	0	1	1	0	0	0	0	NONE				
FBgn0016715_sm/chr3L_597378-597923__chr3L_622169-622652	False	False	1	1	0	1	1	0	1	LL_RR	LL	0.77	23.8	0.11350927482751812
FBgn0016715_sm/chr3L_610451-610651__chr3L_616535-616984	False	False	1	1	1	1	1	1	1	BOTH	LR	2.55e-10	53.6	9.593459819566045
FBgn0016715_sm/chr3L_610451-610651__chr3L_618388-618844	False	False	1	1	1	1	1	1	1	BOTH	LL	2.55e-10	53.6	9.593459819566045
FBgn0016715_sm/chr3L_610451-610651__chr3L_622169-622652	False	False	1	0	1	1	0	1	1	LR_RL	RL	0.22	25.6	0.6575773191777937
FBgn0016715_sm/chr3L_616535-616984__chr3L_618388-618844	True	True	1	1	1	0	1	0	1	LL_RR	RR	4.62e-07	43.7	6.335358024443875
FBgn0016715_sm/chr3L_616535-616984__chr3L_622169-622652	False	False	0	0	1	1	0	1	1	LR_RL	RL	0.01	29.2	2.0
FBgn0016715_sm/chr3L_618388-618844__chr3L_622169-622652	True	True	1	1	0	0	1	0	1	LL_RR	LL	6.15e-07	43.7	6.211124884224583
FBgn0016715_vm/chr3L_571531-572037__chr3L_575160-575533	True	True	1	1	1	0	1	0	1	LL_RR	RR	0.007	30.1	2.154901959985743
FBgn0016715_vm/chr3L_571531-572037__chr3L_610451-610651	False	False	0	1	1	1	0	1	1	LR_RL	RL	0.22	24.7	0.6575773191777937
FBgn0016715_vm/chr3L_571531-572037__chr3L_618388-618844	False	False	1	1	1	0	1	0	1	LL_RR	RR	0.001	32.8	3.0
FBgn0016715_vm/chr3L_571531-572037__chr3L_622169-622652	False	False	0	1	1	1	0	1	1	LR_RL	RL	0.001	32.8	3.0
FBgn0016715_vm/chr3L_575160-575533__chr3L_610451-610651	False	False	1	1	1	1	1	1	1	BOTH	RL	0.005	31.0	2.3010299956639813
FBgn0016715_vm/chr3L_575160-575533__chr3L_618388-618844	False	False	1	1	1	1	1	1	1	BOTH	RL	0.005	31.0	2.3010299956639813
FBgn0016715_vm/chr3L_575160-575533__chr3L_622169-622652	False	False	1	1	1	1	1	1	1	BOTH	LR	0.000123	35.6	3.910094888560602
FBgn0016715_vm/chr3L_610451-610651__chr3L_618388-618844	False	False	1	1	1	1	1	1	1	BOTH	LL	4.57e-10	53.6	9.34008379993015
FBgn0016715_vm/chr3L_610451-610651__chr3L_622169-622652	False	False	1	0	1	1	0	1	1	LR_RL	RL	0.22	25.6	0.6575773191777937
FBgn0016715_vm/chr3L_618388-618844__chr3L_622169-622652	True	True	1	1	0	0	1	0	1	LL_RR	LL	1.1e-06	43.7	5.958607314841775
FBgn0016794_Spearman/chr3L_2552007-2552315__chr3L_2553779-2553979	True	True	1	1	1	0	1	0	1	LL_RR	LL	3.95e-08	46.4	7.403402904373539
FBgn0016794_Spearman/chr3L_2552007-2552315__chr3L_2562100-2562492	False	False	1	1	1	1	1	1	1	BOTH	RL	0.037	26.5	1.431798275933005
FBgn0016794_Spearman/chr3L_2552007-2552315__chr3L_2568872-2569202	False	False	0	1	1	0	0	0	0	NONE				
FBgn0016794_Spearman/chr3L_2553779-2553979__chr3L_2562100-2562492	False	False	1	1	1	1	1	1	1	BOTH	RR	6.78e-08	46.4	7.168770306132937
FBgn0016794_Spearman/chr3L_2553779-2553979__chr3L_2568872-2569202	False	False	0	1	1	1	0	1	1	LR_RL	RL	0.018	29.2	1.744727494896694
FBgn0016794_Spearman/chr3L_2562100-2562492__chr3L_2568872-2569202	False	False	1	1	1	1	1	1	1	BOTH	LL	1.01e-05	39.2	4.995678626217358
FBgn0016794_vm/chr3L_2533105-2533332__chr3L_2552007-2552315	False	False	1	1	1	1	1	1	1	BOTH	LR	0.064	27.4	1.193820026016113
FBgn0016794_vm/chr3L_2533105-2533332__chr3L_2562100-2562492	False	False	1	1	1	1	1	1	1	BOTH	LL	0.22	25.6	0.6575773191777937
FBgn0016794_vm/chr3L_2533105-2533332__chr3L_2566292-2566652	False	False	1	1	1	1	1	1	1	BOTH	LR	0.056	26.5	1.2518119729937995
FBgn0016794_vm/chr3L_2533105-2533332__chr3L_2568872-2569202	False	False	1	0	1	1	0	1	1	LR_RL	RL	0.69	23.8	0.16115090926274472
FBgn0016794_vm/chr3L_2533105-2533332__chr3L_2574144-2574754	False	False	1	0	1	0	0	0	0	NONE				
FBgn0016794_vm/chr3L_2552007-2552315__chr3L_2562100-2562492	False	False	1	1	1	1	1	1	1	BOTH	RL	0.064	26.5	1.193820026016113
FBgn0016794_vm/chr3L_2552007-2552315__chr3L_2566292-2566652	False	False	1	0	0	1	0	0	0	NONE				
FBgn0016794_vm/chr3L_2552007-2552315__chr3L_2568872-2569202	False	False	0	1	1	0	0	0	0	NONE				
FBgn0016794_vm/chr3L_2552007-2552315__chr3L_2574144-2574754	False	False	1	1	1	1	1	1	1	BOTH	RR	0.005	31.0	2.3010299956639813
FBgn0016794_vm/chr3L_2562100-2562492__chr3L_2566292-2566652	True	True	1	0	1	0	0	0	0	NONE				
FBgn0016794_vm/chr3L_2562100-2562492__chr3L_2568872-2569202	False	False	1	1	1	1	1	1	1	BOTH	LR	0.22	25.6	0.6575773191777937
FBgn0016794_vm/chr3L_2562100-2562492__chr3L_2574144-2574754	False	False	1	1	0	1	1	0	1	LL_RR	RR	6.78e-08	46.4	7.168770306132937
FBgn0016794_vm/chr3L_2566292-2566652__chr3L_2568872-2569202	True	True	1	1	1	0	1	0	1	LL_RR	RR	0.2	24.7	0.6989700043360187
FBgn0016794_vm/chr3L_2566292-2566652__chr3L_2574144-2574754	False	False	1	1	1	0	1	0	1	LL_RR	LL	0.064	26.5	1.193820026016113
FBgn0016794_vm/chr3L_2568872-2569202__chr3L_2574144-2574754	True	True	1	1	1	0	1	0	1	LL_RR	RR	0.000243	35.6	3.614393726401688
FBgn0016797_Spearman/chr3L_19137342-19137588__chr3L_19151316-19151710	False	False	1	1	1	0	1	0	1	LL_RR	RR	0.000428	34.6	3.3685562309868278
FBgn0016797_Spearman/chr3L_19137342-19137588__chr3L_19173146-19173442	False	False	0	1	1	1	0	1	1	LR_RL	LR	0.77	22.9	0.11350927482751812
FBgn0016797_Spearman/chr3L_19151316-19151710__chr3L_19173146-19173442	False	False	1	1	1	1	1	1	1	BOTH	RL	0.005	31.0	2.3010299956639813
FBgn0016797_meso/chr3L_19143539-19143824__chr3L_19151316-19151710	False	False	1	1	1	1	1	1	1	BOTH	LR	0.005	30.1	2.3010299956639813
FBgn0016797_vm/chr3L_19135570-19135853__chr3L_19159338-19159712	False	False	1	1	1	1	1	1	1	BOTH	RL	0.005	31.0	2.3010299956639813
FBgn0016797_vm/chr3L_19135570-19135853__chr3L_19164181-19164596	False	False	1	1	1	1	1	1	1	BOTH	RR	0.000428	34.6	3.3685562309868278
FBgn0016797_vm/chr3L_19135570-19135853__chr3L_19174386-19174928	False	False	1	1	1	0	1	0	1	LL_RR	RR	0.13	23.8	0.8860566476931632
FBgn0016797_vm/chr3L_19135570-19135853__chr3L_19175349-19175549	False	False	1	1	1	1	1	1	1	BOTH	LL	0.13	24.7	0.8860566476931632
FBgn0016797_vm/chr3L_19159338-19159712__chr3L_19164181-19164596	True	True	1	1	1	0	1	0	1	LL_RR	LL	0.009	30.1	2.0457574905606752
FBgn0016797_vm/chr3L_19159338-19159712__chr3L_19174386-19174928	False	False	1	1	1	1	1	1	1	BOTH	LR	0.000855	31.0	3.068033885271827
FBgn0016797_vm/chr3L_19159338-19159712__chr3L_19175349-19175549	False	False	1	1	1	1	1	1	1	BOTH	LL	0.000855	31.0	3.068033885271827
FBgn0016797_vm/chr3L_19164181-19164596__chr3L_19174386-19174928	False	False	1	0	1	1	0	1	1	LR_RL	LR	0.44	23.8	0.3565473235138126
FBgn0016797_vm/chr3L_19164181-19164596__chr3L_19175349-19175549	False	False	1	1	1	0	1	0	1	LL_RR	RR	0.064	27.4	1.193820026016113
FBgn0016797_vm/chr3L_19174386-19174928__chr3L_19175349-19175549	True	True	0	1	0	0	0	0	0	NONE				
FBgn0016926_vm/chr2L_1074290-1074681__chr2L_1118230-1118839	False	False	1	0	1	1	0	1	1	LR_RL	LR	0.22	25.6	0.6575773191777937
FBgn0016926_vm/chr2L_1074290-1074681__chr2L_1123442-1123872	False	False	1	1	1	1	1	1	1	BOTH	RL	0.005	30.1	2.3010299956639813
FBgn0016926_vm/chr2L_1118230-1118839__chr2L_1123442-1123872	True	True	1	1	1	0	1	0	1	LL_RR	LL	0.12	26.5	0.9208187539523752
FBgn0016930_Spearman/chr2L_14261983-14262284__chr2L_14265078-14265431	True	True	1	1	1	0	1	0	1	LL_RR	RR	0.02	28.3	1.6989700043360187
FBgn0016930_sm/chr2L_14238009-14238297__chr2L_14245654-14246036	False	False	1	1	1	1	1	1	1	BOTH	RL	0.000123	35.6	3.910094888560602
FBgn0016930_sm/chr2L_14238009-14238297__chr2L_14248855-14249055	False	False	1	1	1	1	1	1	1	BOTH	LL	0.005	31.0	2.3010299956639813
FBgn0016930_sm/chr2L_14238009-14238297__chr2L_14265078-14265431	False	False	1	1	1	1	1	1	1	BOTH	RL	1.01e-05	40.1	4.995678626217358
FBgn0016930_sm/chr2L_14245654-14246036__chr2L_14248855-14249055	True	True	1	1	1	0	1	0	1	LL_RR	RR	0.021	28.3	1.6777807052660807
FBgn0016930_sm/chr2L_14245654-14246036__chr2L_14265078-14265431	False	False	1	1	1	1	1	1	1	BOTH	LL	1.01e-05	40.1	4.995678626217358
FBgn0016930_sm/chr2L_14248855-14249055__chr2L_14265078-14265431	False	False	1	1	1	1	1	1	1	BOTH	LL	3.51e-05	37.4	4.454692883534176
FBgn0016930_vm/chr2L_14211117-14211371__chr2L_14230546-14231007	False	False	1	1	1	1	1	1	1	BOTH	RR	0.064	26.5	1.193820026016113
FBgn0016930_vm/chr2L_14211117-14211371__chr2L_14238009-14238297	False	False	1	1	1	1	1	1	1	BOTH	LR	2.88e-06	41.9	5.540607512240769
FBgn0016930_vm/chr2L_14211117-14211371__chr2L_14245654-14246036	False	False	1	1	1	1	1	1	1	BOTH	LL	0.001	32.8	3.0
FBgn0016930_vm/chr2L_14211117-14211371__chr2L_14248855-14249055	False	False	1	1	1	1	1	1	1	BOTH	RL	0.001	31.9	3.0
FBgn0016930_vm/chr2L_14211117-14211371__chr2L_14267350-14267653	False	False	1	1	1	1	1	1	1	BOTH	RL	0.005	31.0	2.3010299956639813
FBgn0016930_vm/chr2L_14230546-14231007__chr2L_14238009-14238297	False	False	1	1	1	1	1	1	1	BOTH	LL	0.064	26.5	1.193820026016113
FBgn0016930_vm/chr2L_14230546-14231007__chr2L_14245654-14246036	False	False	1	1	1	1	1	1	1	BOTH	LL	0.064	27.4	1.193820026016113
FBgn0016930_vm/chr2L_14230546-14231007__chr2L_14248855-14249055	False	False	1	1	0	1	1	0	1	LL_RR	RR	0.22	24.7	0.6575773191777937
FBgn0016930_vm/chr2L_14230546-14231007__chr2L_14267350-14267653	False	False	0	1	1	0	0	0	0	NONE				
FBgn0016930_vm/chr2L_14238009-14238297__chr2L_14245654-14246036	False	False	1	1	1	1	1	1	1	BOTH	RL	0.000123	35.6	3.910094888560602
FBgn0016930_vm/chr2L_14238009-14238297__chr2L_14248855-14249055	False	False	1	1	1	1	1	1	1	BOTH	LL	0.005	31.0	2.3010299956639813
FBgn0016930_vm/chr2L_14238009-14238297__chr2L_14267350-14267653	False	False	1	1	1	1	1	1	1	BOTH	RL	0.064	27.4	1.193820026016113
FBgn0016930_vm/chr2L_14245654-14246036__chr2L_14248855-14249055	True	True	1	1	1	0	1	0	1	LL_RR	RR	0.021	28.3	1.6777807052660807
FBgn0016930_vm/chr2L_14245654-14246036__chr2L_14267350-14267653	False	False	1	1	1	1	1	1	1	BOTH	LL	0.22	24.7	0.6575773191777937
FBgn0016930_vm/chr2L_14248855-14249055__chr2L_14267350-14267653	False	False	1	0	1	1	0	1	1	LR_RL	RL	0.22	24.7	0.6575773191777937
FBgn0017578_sm/chr3L_19174386-19174928__chr3L_19175349-19175549	True	True	0	1	0	0	0	0	0	NONE				
FBgn0020235_Spearman/chr3R_29771806-29772210__chr3R_29774631-29774899	True	True	1	1	1	0	1	0	1	LL_RR	LL	0.21	25.6	0.6777807052660807
FBgn0020257_Spearman/chr2R_22301850-22302125__chr2R_22309744-22310226	False	False	1	1	1	1	1	1	1	BOTH	RR	0.035	24.7	1.4559319556497243
FBgn0020257_Spearman/chr2R_22301850-22302125__chr2R_22310630-22311004	False	False	1	1	1	1	1	1	1	BOTH	RL	0.035	24.7	1.4559319556497243
FBgn0020257_Spearman/chr2R_22301850-22302125__chr2R_22311826-22312026	False	False	1	0	1	1	0	1	1	LR_RL	RL	0.072	24.7	1.1426675035687315
FBgn0020257_Spearman/chr2R_22301850-22302125__chr2R_22312131-22312433	False	False	1	0	1	0	0	0	0	NONE				
FBgn0020257_Spearman/chr2R_22309744-22310226__chr2R_22310630-22311004	True	True	1	0	1	0	0	0	0	NONE				
FBgn0020257_Spearman/chr2R_22309744-22310226__chr2R_22311826-22312026	True	False	1	0	0	0	0	0	0	NONE				
FBgn0020257_Spearman/chr2R_22309744-22310226__chr2R_22312131-22312433	True	False	0	1	1	0	0	0	0	NONE				
FBgn0020257_Spearman/chr2R_22310630-22311004__chr2R_22311826-22312026	True	True	0	0	0	0	0	0	0	NONE				
FBgn0020257_Spearman/chr2R_22310630-22311004__chr2R_22312131-22312433	True	False	0	1	1	0	0	0	0	NONE				
FBgn0020257_Spearman/chr2R_22311826-22312026__chr2R_22312131-22312433	True	True	0	0	1	0	0	0	0	NONE				
FBgn0020269_sm/chr2R_14340650-14340945__chr2R_14350087-14350376	False	False	1	0	1	1	0	1	1	LR_RL	LR	0.064	27.4	1.193820026016113
FBgn0020497_Spearman/chr2L_8416468-8416668__chr2L_8422167-8422367	False	False	1	1	1	1	1	1	1	BOTH	RL	0.005	30.1	2.3010299956639813
FBgn0020513_Spearman/chrX_12673789-12674154__chrX_12675733-12676468	True	True	1	1	1	0	1	0	1	LL_RR	RR	1.81e-06	41.9	5.7423214251308154
FBgn0020513_vm/chrX_12676886-12677437__chrX_12691690-12692049	False	False	1	1	0	1	1	0	1	LL_RR	RR	5.43e-08	44.6	7.265200170411153
FBgn0020513_vm/chrX_12676886-12677437__chrX_12692632-12693074	False	False	0	1	0	1	0	0	0	NONE				
FBgn0020513_vm/chrX_12676886-12677437__chrX_12693668-12694287	False	False	0	1	1	1	0	1	1	LR_RL	LR	0.005	30.1	2.3010299956639813
FBgn0020513_vm/chrX_12691690-12692049__chrX_12692632-12693074	True	True	1	0	1	0	0	0	0	NONE				
FBgn0020513_vm/chrX_12691690-12692049__chrX_12693668-12694287	True	False	1	0	1	0	0	0	0	NONE				
FBgn0020513_vm/chrX_12692632-12693074__chrX_12693668-12694287	True	True	0	0	0	0	0	0	0	NONE				
FBgn0020647_vm/chr3R_24021882-24022138__chr3R_24032072-24032273	False	False	0	1	1	1	0	1	1	LR_RL	RL	0.22	24.7	0.6575773191777937
FBgn0020762_Spearman/chr2L_4351796-4352022__chr2L_4363652-4364006	False	False	1	0	0	1	0	0	0	NONE				
FBgn0020762_Spearman/chr2L_4351796-4352022__chr2L_4370195-4370400	False	False	1	1	1	0	1	0	1	LL_RR	RR	0.22	25.6	0.6575773191777937
FBgn0020762_Spearman/chr2L_4363652-4364006__chr2L_4370195-4370400	False	False	1	0	0	0	0	0	0	NONE				
FBgn0020762_meso/chr2L_4282002-4282202__chr2L_4363652-4364006	False	False	1	1	0	1	1	0	1	LL_RR	LL	0.77	22.9	0.11350927482751812
FBgn0020762_meso/chr2L_4282002-4282202__chr2L_4368795-4369066	False	False	0	1	0	1	0	0	0	NONE				
FBgn0020762_meso/chr2L_4282002-4282202__chr2L_4370195-4370400	False	False	0	0	0	1	0	0	0	NONE				
FBgn0020762_meso/chr2L_4363652-4364006__chr2L_4368795-4369066	True	True	0	0	0	0	0	0	0	NONE				
FBgn0020762_meso/chr2L_4363652-4364006__chr2L_4370195-4370400	False	False	0	0	0	0	0	0	0	NONE				
FBgn0020762_meso/chr2L_4368795-4369066__chr2L_4370195-4370400	True	True	1	0	1	0	0	0	0	NONE				
FBgn0020766_Spearman/chr2R_13582159-13582576__chr2R_13623881-13624272	False	False	1	1	1	1	1	1	1	BOTH	LL	8.26e-07	43.7	6.083019952679618
FBgn0020766_vm_sm/chr2R_13555091-13555340__chr2R_13594497-13594795	False	False	1	1	0	1	1	0	1	LL_RR	RR	0.064	27.4	1.193820026016113
FBgn0021767_Spearman/chrX_8395325-8395635__chrX_8396414-8396775	True	True	1	1	1	0	1	0	1	LL_RR	LL	0.02	26.5	1.6989700043360187
FBgn0021767_sm/chrX_8371202-8371498__chrX_8394680-8394949	False	False	1	1	1	1	1	1	1	BOTH	LL	2.07e-71	258.0	70.68402965454308
FBgn0021767_sm/chrX_8371202-8371498__chrX_8405949-8406843	False	False	1	1	1	1	1	1	1	BOTH	LL	0.000428	33.7	3.3685562309868278
FBgn0021767_sm/chrX_8394680-8394949__chrX_8405949-8406843	False	False	1	1	1	1	1	1	1	BOTH	LR	8.26e-07	43.7	6.083019952679618
FBgn0021768_sm/chr3L_16739294-16739644__chr3L_16754916-16755182	False	False	1	1	0	1	1	0	1	LL_RR	RR	0.018	29.2	1.744727494896694
FBgn0021768_sm/chr3L_16739294-16739644__chr3L_16775645-16775870	False	False	1	1	1	0	1	0	1	LL_RR	RR	0.084	25.6	1.0757207139381184
FBgn0021768_sm/chr3L_16739294-16739644__chr3L_16776828-16777028	False	False	1	0	1	1	0	1	1	LR_RL	RL	0.084	25.6	1.0757207139381184
FBgn0021768_sm/chr3L_16754916-16755182__chr3L_16775645-16775870	False	False	0	0	0	1	0	0	0	NONE				
FBgn0021768_sm/chr3L_16754916-16755182__chr3L_16776828-16777028	False	False	0	1	0	0	0	0	0	NONE				
FBgn0021768_sm/chr3L_16775645-16775870__chr3L_16776828-16777028	True	True	1	0	0	0	0	0	0	NONE				
FBgn0021906_Spearman/chr2L_1645971-1646171__chr2L_1657116-1657316	False	False	1	1	1	1	1	1	1	BOTH	LL	0.000428	33.7	3.3685562309868278
FBgn0021995_vm/chr2R_7775078-7775289__chr2R_7798993-7799522	False	False	0	1	1	0	0	0	0	NONE				
FBgn0022029_vm/chr2R_17019592-17019979__chr2R_17034595-17034875	False	False	1	0	1	1	0	1	1	LR_RL	LR	0.000428	34.6	3.3685562309868278
FBgn0022029_vm/chr2R_17019592-17019979__chr2R_17054642-17054966	False	False	1	1	1	0	1	0	1	LL_RR	RR	0.22	24.7	0.6575773191777937
FBgn0022029_vm/chr2R_17034595-17034875__chr2R_17054642-17054966	False	False	1	1	1	0	1	0	1	LL_RR	LL	0.018	28.3	1.744727494896694
FBgn0022960_Spearman/chr2R_6619868-6620115__chr2R_6626145-6626383	False	False	1	1	1	1	1	1	1	BOTH	RR	0.064	27.4	1.193820026016113
FBgn0022960_vm_sm/chr2R_6608594-6608985__chr2R_6626145-6626383	False	False	1	1	1	1	1	1	1	BOTH	RL	6.78e-08	46.4	7.168770306132937
FBgn0023095_sm/chr3L_13208620-13208905__chr3L_13231729-13231956	False	False	1	1	1	1	1	1	1	BOTH	RL	1.01e-05	40.1	4.995678626217358
FBgn0023095_sm/chr3L_13208620-13208905__chr3L_13270814-13271136	False	False	0	1	1	1	0	1	1	LR_RL	LR	0.064	26.5	1.193820026016113
FBgn0023095_sm/chr3L_13231729-13231956__chr3L_13270814-13271136	False	False	1	1	1	1	1	1	1	BOTH	RL	0.064	27.4	1.193820026016113
FBgn0023540_vm/chrX_2097213-2097718__chrX_2098250-2098696	True	True	0	1	1	0	0	0	0	NONE				
FBgn0023540_vm/chrX_2097213-2097718__chrX_2100179-2100460	True	False	1	1	1	1	1	1	1	BOTH	LR	0.018	29.2	1.744727494896694
FBgn0023540_vm/chrX_2097213-2097718__chrX_2124693-2125061	False	False	1	0	1	1	0	1	1	LR_RL	RL	0.16	22.9	0.7958800173440752
FBgn0023540_vm/chrX_2098250-2098696__chrX_2100179-2100460	True	True	1	1	1	0	1	0	1	LL_RR	RR	0.003	31.0	2.5228787452803374
FBgn0023540_vm/chrX_2098250-2098696__chrX_2124693-2125061	False	False	1	0	0	1	0	0	0	NONE				
FBgn0023540_vm/chrX_2100179-2100460__chrX_2124693-2125061	False	False	1	1	0	1	1	0	1	LL_RR	LL	0.038	26.5	1.4202164033831899
FBgn0024250_meso/chrX_7248231-7248431__chrX_7271398-7271982	False	False	1	1	1	1	1	1	1	BOTH	LL	6.78e-08	46.4	7.168770306132937
FBgn0024321_sm/chr3R_14346999-14347237__chr3R_14370227-14370493	False	False	1	1	1	1	1	1	1	BOTH	LL	3.75e-11	58.1	10.425968732272281
FBgn0024321_sm/chr3R_14346999-14347237__chr3R_14372918-14373876	False	False	1	1	1	1	1	1	1	BOTH	LR	5.57e-09	50.9	8.254144804826272
FBgn0024321_sm/chr3R_14346999-14347237__chr3R_14382371-14382571	False	False	1	1	1	1	1	1	1	BOTH	RR	0.003	31.0	2.5228787452803374
FBgn0024321_sm/chr3R_14346999-14347237__chr3R_14384206-14384447	False	False	1	1	1	1	1	1	1	BOTH	RL	0.003	31.0	2.5228787452803374
FBgn0024321_sm/chr3R_14346999-14347237__chr3R_14386667-14387031	False	False	1	1	1	1	1	1	1	BOTH	LR	0.001	32.8	3.0
FBgn0024321_sm/chr3R_14370227-14370493__chr3R_14372918-14373876	True	True	1	1	1	0	1	0	1	LL_RR	LL	0.000415	33.7	3.381951903287907
FBgn0024321_sm/chr3R_14370227-14370493__chr3R_14382371-14382571	False	False	1	1	1	1	1	1	1	BOTH	RL	0.000119	35.6	3.9244530386074694
FBgn0024321_sm/chr3R_14370227-14370493__chr3R_14384206-14384447	False	False	1	1	1	1	1	1	1	BOTH	LR	0.000109	35.6	3.962573502059376
FBgn0024321_sm/chr3R_14370227-14370493__chr3R_14386667-14387031	False	False	1	1	1	1	1	1	1	BOTH	LL	0.000109	35.6	3.962573502059376
FBgn0024321_sm/chr3R_14372918-14373876__chr3R_14382371-14382571	False	False	1	0	1	1	0	1	1	LR_RL	RL	0.22	24.7	0.6575773191777937
FBgn0024321_sm/chr3R_14372918-14373876__chr3R_14384206-14384447	False	False	1	1	1	0	1	0	1	LL_RR	RR	0.016	29.2	1.7958800173440752
FBgn0024321_sm/chr3R_14372918-14373876__chr3R_14386667-14387031	False	False	1	1	1	1	1	1	1	BOTH	RL	0.016	29.2	1.7958800173440752
FBgn0024321_sm/chr3R_14382371-14382571__chr3R_14384206-14384447	True	True	1	1	0	0	1	0	1	LL_RR	LL	0.041	26.5	1.3872161432802645
FBgn0024321_sm/chr3R_14382371-14382571__chr3R_14386667-14387031	True	False	0	1	1	1	0	1	1	LR_RL	LR	0.005	30.1	2.3010299956639813
FBgn0024321_sm/chr3R_14384206-14384447__chr3R_14386667-14387031	True	True	1	1	1	0	1	0	1	LL_RR	RR	0.016	28.3	1.7958800173440752
FBgn0025632_vm/chrX_2012689-2013147__chrX_2014352-2014702	True	True	1	1	1	0	1	0	1	LL_RR	LL	0.37	22.9	0.431798275933005
FBgn0025874_sm/chr3L_13886841-13887250__chr3L_13887299-13887499	True	True	0	0	1	0	0	0	0	NONE				
FBgn0025874_sm/chr3L_13886841-13887250__chr3L_13892257-13892580	False	False	1	0	1	0	0	0	0	NONE				
FBgn0025874_sm/chr3L_13887299-13887499__chr3L_13892257-13892580	True	True	0	1	0	0	0	0	0	NONE				
FBgn0026199_vm_sm/chr4_723852-724124__chr4_725008-725208	True	True	1	1	1	0	1	0	1	LL_RR	LL	0.002	31.0	2.6989700043360187
FBgn0026239_vm/chr3R_18988180-18988605__chr3R_19014156-19014356	False	False	1	1	0	1	1	0	1	LL_RR	LL	0.77	23.8	0.11350927482751812
FBgn0026261_vm/chr2R_22263977-22264346__chr2R_22264962-22265213	True	True	0	0	1	0	0	0	0	NONE				
FBgn0026320_meso/chr3L_14936376-14936760__chr3L_14939995-14940646	True	True	0	1	1	0	0	0	0	NONE				
FBgn0026320_meso/chr3L_14936376-14936760__chr3L_14944241-14944774	False	False	1	1	1	1	1	1	1	BOTH	LR	0.064	27.4	1.193820026016113
FBgn0026320_meso/chr3L_14936376-14936760__chr3L_14948136-14948479	False	False	1	1	1	1	1	1	1	BOTH	LL	0.064	27.4	1.193820026016113
FBgn0026320_meso/chr3L_14939995-14940646__chr3L_14944241-14944774	True	True	1	1	1	0	1	0	1	LL_RR	RR	0.0	901.0	300.0
FBgn0026320_meso/chr3L_14939995-14940646__chr3L_14948136-14948479	False	False	1	1	1	0	1	0	1	LL_RR	RR	0.064	26.5	1.193820026016113
FBgn0026320_meso/chr3L_14944241-14944774__chr3L_14948136-14948479	True	True	1	0	1	0	0	0	0	NONE				
FBgn0026403_sm/chr2R_9936639-9936952__chr2R_9938636-9938836	True	True	1	1	1	0	1	0	1	LL_RR	RR	8.23e-05	36.5	4.08460016478773
FBgn0026409_Spearman/chr3L_14524405-14524880__chr3L_14572837-14573037	False	False	1	1	1	1	1	1	1	BOTH	LR	0.018	28.3	1.744727494896694
FBgn0026409_sm/chr3L_14523287-14523596__chr3L_14524405-14524880	True	True	1	1	1	0	1	0	1	LL_RR	RR	0.038	24.7	1.4202164033831899
FBgn0026409_sm/chr3L_14523287-14523596__chr3L_14526208-14526538	True	False	1	1	1	1	1	1	1	BOTH	RR	0.006	28.3	2.221848749616356
FBgn0026409_sm/chr3L_14523287-14523596__chr3L_14571782-14572050	False	False	1	1	1	1	1	1	1	BOTH	RR	0.02	26.5	1.6989700043360187
FBgn0026409_sm/chr3L_14524405-14524880__chr3L_14526208-14526538	True	True	1	0	1	0	0	0	0	NONE				
FBgn0026409_sm/chr3L_14524405-14524880__chr3L_14571782-14572050	False	False	1	0	1	1	0	1	1	LR_RL	LR	0.02	26.5	1.6989700043360187
FBgn0026409_sm/chr3L_14526208-14526538__chr3L_14571782-14572050	False	False	1	1	0	0	1	0	1	LL_RR	LL	0.41	23.8	0.38721614328026455
FBgn0026761_Spearman/chr2R_6219294-6219494__chr2R_6256635-6257061	False	False	1	1	1	1	1	1	1	BOTH	LL	0.000123	35.6	3.910094888560602
FBgn0026761_sm/chr2R_6148201-6148543__chr2R_6148968-6149343	True	True	0	0	1	0	0	0	0	NONE				
FBgn0026761_sm/chr2R_6148201-6148543__chr2R_6223828-6224166	False	False	1	0	1	1	0	1	1	LR_RL	LR	0.22	24.7	0.6575773191777937
FBgn0026761_sm/chr2R_6148201-6148543__chr2R_6237153-6237506	False	False	0	0	1	0	0	0	0	NONE				
FBgn0026761_sm/chr2R_6148968-6149343__chr2R_6223828-6224166	False	False	1	1	0	1	1	0	1	LL_RR	LL	0.45	23.8	0.3467874862246563
FBgn0026761_sm/chr2R_6148968-6149343__chr2R_6237153-6237506	False	False	0	1	0	1	0	0	0	NONE				
FBgn0026761_sm/chr2R_6223828-6224166__chr2R_6237153-6237506	False	False	1	1	1	1	1	1	1	BOTH	LR	0.22	24.7	0.6575773191777937
FBgn0027066_vm_sm/chr2R_6359418-6359689__chr2R_6363538-6363738	True	True	1	1	1	0	1	0	1	LL_RR	RR	0.0	2117.0	300.0
FBgn0027066_vm_sm/chr2R_6359418-6359689__chr2R_6365997-6366271	False	False	1	1	1	1	1	1	1	BOTH	LL	0.0	2828.0	300.0
FBgn0027066_vm_sm/chr2R_6363538-6363738__chr2R_6365997-6366271	True	True	1	1	1	0	1	0	1	LL_RR	LL	0.0	2117.0	300.0
FBgn0027084_Spearman/chrX_9645073-9645375__chrX_9651073-9651377	False	False	1	1	1	1	1	1	1	BOTH	LR	3.51e-05	38.3	4.454692883534176
FBgn0027084_Spearman/chrX_9645073-9645375__chrX_9680427-9680627	False	False	1	1	1	0	1	0	1	LL_RR	RR	0.064	27.4	1.193820026016113
FBgn0027084_Spearman/chrX_9651073-9651377__chrX_9680427-9680627	False	False	1	0	1	0	0	0	0	NONE				
FBgn0027088_sm/chr3L_15048542-15048758__chr3L_15051009-15051402	True	True	1	1	1	0	1	0	1	LL_RR	RR	4.11e-29	116.0	28.38615817812393
FBgn0027088_sm/chr3L_15048542-15048758__chr3L_15058846-15059046	False	False	1	1	1	1	1	1	1	BOTH	LL	0.064	26.5	1.193820026016113
FBgn0027088_sm/chr3L_15048542-15048758__chr3L_15062508-15062841	False	False	1	1	1	0	1	0	1	LL_RR	LL	0.064	26.5	1.193820026016113
FBgn0027088_sm/chr3L_15048542-15048758__chr3L_15065782-15065982	False	False	1	1	1	0	1	0	1	LL_RR	LL	8.26e-07	42.8	6.083019952679618
FBgn0027088_sm/chr3L_15051009-15051402__chr3L_15058846-15059046	False	False	1	1	1	0	1	0	1	LL_RR	LL	0.2	24.7	0.6989700043360187
FBgn0027088_sm/chr3L_15051009-15051402__chr3L_15062508-15062841	False	False	0	1	1	1	0	1	1	LR_RL	RL	0.22	24.7	0.6575773191777937
FBgn0027088_sm/chr3L_15051009-15051402__chr3L_15065782-15065982	False	False	0	1	1	1	0	1	1	LR_RL	RL	0.001	32.8	3.0
FBgn0027088_sm/chr3L_15058846-15059046__chr3L_15062508-15062841	True	True	0	1	1	0	0	0	0	NONE				
FBgn0027088_sm/chr3L_15058846-15059046__chr3L_15065782-15065982	False	False	1	0	1	1	0	1	1	LR_RL	RL	0.064	26.5	1.193820026016113
FBgn0027088_sm/chr3L_15062508-15062841__chr3L_15065782-15065982	True	True	1	1	1	0	1	0	1	LL_RR	LL	0.075	26.5	1.1249387366083
FBgn0027111_Spearman/chr3L_247505-247705__chr3L_255201-255682	False	False	1	1	0	1	1	0	1	LL_RR	RR	0.22	25.6	0.6575773191777937
FBgn0027111_Spearman/chr3L_247505-247705__chr3L_260322-260568	False	False	1	0	0	1	0	0	0	NONE				
FBgn0027111_Spearman/chr3L_255201-255682__chr3L_260322-260568	True	True	0	0	1	0	0	0	0	NONE				
FBgn0027111_sm/chr3L_254348-254880__chr3L_266056-266335	False	False	1	1	1	0	1	0	1	LL_RR	RR	0.22	24.7	0.6575773191777937
FBgn0027111_sm/chr3L_254348-254880__chr3L_278816-279016	False	False	0	1	0	0	0	0	0	NONE				
FBgn0027111_sm/chr3L_266056-266335__chr3L_278816-279016	False	False	1	0	1	1	0	1	1	LR_RL	LR	0.77	22.9	0.11350927482751812
FBgn0027111_vm/chr3L_254348-254880__chr3L_278317-278724	False	False	1	1	0	1	1	0	1	LL_RR	RR	0.087	22.9	1.0604807473813815
FBgn0027111_vm/chr3L_254348-254880__chr3L_278816-279016	False	False	0	1	0	1	0	0	0	NONE				
FBgn0027111_vm/chr3L_278317-278724__chr3L_278816-279016	True	True	0	0	0	0	0	0	0	NONE				
FBgn0027339_sm/chr3L_22728933-22729192__chr3L_22773634-22773848	False	False	1	1	1	0	1	0	1	LL_RR	LL	0.064	26.5	1.193820026016113
FBgn0027339_sm/chr3L_22728933-22729192__chr3L_22788539-22788804	False	False	1	1	1	0	1	0	1	LL_RR	LL	0.77	22.9	0.11350927482751812
FBgn0027339_sm/chr3L_22773634-22773848__chr3L_22788539-22788804	False	False	1	1	1	1	1	1	1	BOTH	RL	0.018	29.2	1.744727494896694
FBgn0027356_sm/chr2R_12215684-12216005__chr2R_12224142-12224342	False	False	1	1	1	1	1	1	1	BOTH	LL	0.064	27.4	1.193820026016113
FBgn0027865_sm/chr3R_25851620-25852011__chr3R_25879434-25879634	False	False	1	0	1	1	0	1	1	LR_RL	LR	0.11	25.6	0.958607314841775
FBgn0027865_sm/chr3R_25851620-25852011__chr3R_25880902-25881203	False	False	1	1	1	0	1	0	1	LL_RR	LL	0.11	25.6	0.958607314841775
FBgn0027865_sm/chr3R_25879434-25879634__chr3R_25880902-25881203	True	True	1	1	1	0	1	0	1	LL_RR	RR	0.11	24.7	0.958607314841775
FBgn0028369_Spearman/chrX_3100007-3100398__chrX_3102934-3103204	True	True	1	1	1	0	1	0	1	LL_RR	RR	4.62e-05	33.7	4.335358024443875
FBgn0028369_Spearman/chrX_3100007-3100398__chrX_3103482-3103682	True	False	1	0	0	1	0	0	0	NONE				
FBgn0028369_Spearman/chrX_3100007-3100398__chrX_3103691-3103945	True	False	0	0	0	0	0	0	0	NONE				
FBgn0028369_Spearman/chrX_3100007-3100398__chrX_3104146-3104671	True	False	0	1	1	0	0	0	0	NONE				
FBgn0028369_Spearman/chrX_3100007-3100398__chrX_3123638-3124075	False	False	1	1	1	1	1	1	1	BOTH	LL	8.26e-07	43.7	6.083019952679618
FBgn0028369_Spearman/chrX_3100007-3100398__chrX_3124946-3125240	False	False	1	1	1	1	1	1	1	BOTH	LR	0.000428	33.7	3.3685562309868278
FBgn0028369_Spearman/chrX_3102934-3103204__chrX_3103482-3103682	True	True	1	0	0	0	0	0	0	NONE				
FBgn0028369_Spearman/chrX_3102934-3103204__chrX_3103691-3103945	True	False	0	0	0	0	0	0	0	NONE				
FBgn0028369_Spearman/chrX_3102934-3103204__chrX_3104146-3104671	True	False	0	1	1	0	0	0	0	NONE				
FBgn0028369_Spearman/chrX_3102934-3103204__chrX_3123638-3124075	False	False	1	0	1	1	0	1	1	LR_RL	RL	0.002	29.2	2.6989700043360187
FBgn0028369_Spearman/chrX_3102934-3103204__chrX_3124946-3125240	False	False	1	1	1	0	1	0	1	LL_RR	RR	4.55e-05	33.7	4.341988603342887
FBgn0028369_Spearman/chrX_3103482-3103682__chrX_3103691-3103945	True	True	0	0	0	0	0	0	0	NONE				
FBgn0028369_Spearman/chrX_3103482-3103682__chrX_3104146-3104671	True	False	0	0	1	0	0	0	0	NONE				
FBgn0028369_Spearman/chrX_3103482-3103682__chrX_3123638-3124075	False	False	1	0	0	0	0	0	0	NONE				
FBgn0028369_Spearman/chrX_3103482-3103682__chrX_3124946-3125240	False	False	0	0	1	0	0	0	0	NONE				
FBgn0028369_Spearman/chrX_3103691-3103945__chrX_3104146-3104671	True	True	0	1	0	0	0	0	0	NONE				
FBgn0028369_Spearman/chrX_3103691-3103945__chrX_3123638-3124075	False	False	0	0	0	0	0	0	0	NONE				
FBgn0028369_Spearman/chrX_3103691-3103945__chrX_3124946-3125240	False	False	0	0	0	0	0	0	0	NONE				
FBgn0028369_Spearman/chrX_3104146-3104671__chrX_3123638-3124075	False	False	0	1	0	1	0	0	0	NONE				
FBgn0028369_Spearman/chrX_3104146-3104671__chrX_3124946-3125240	False	False	0	1	0	1	0	0	0	NONE				
FBgn0028369_Spearman/chrX_3123638-3124075__chrX_3124946-3125240	True	True	1	1	1	0	1	0	1	LL_RR	LL	0.002	30.1	2.6989700043360187
FBgn0028369_meso_sm/chrX_2944529-2944919__chrX_3044554-3044926	False	False	1	1	1	1	1	1	1	BOTH	RL	0.064	27.4	1.193820026016113
FBgn0028369_meso_sm/chrX_2944529-2944919__chrX_3104146-3104671	False	False	1	1	1	1	1	1	1	BOTH	RR	0.018	28.3	1.744727494896694
FBgn0028369_meso_sm/chrX_3044554-3044926__chrX_3104146-3104671	False	False	1	1	1	1	1	1	1	BOTH	LR	2.88e-06	41.9	5.540607512240769
FBgn0028734_sm/chr3R_10106432-10106719__chr3R_10108491-10108933	True	True	1	1	1	0	1	0	1	LL_RR	RR	0.004	30.1	2.3979400086720375
FBgn0028895_meso/chr2L_16276078-16276279__chr2L_16277332-16277560	True	True	1	0	1	0	0	0	0	NONE				
FBgn0029504_sm/chrX_7555826-7556105__chrX_7573472-7573775	False	False	1	1	1	1	1	1	1	BOTH	RL	0.001	31.9	3.0
FBgn0029504_sm/chrX_7555826-7556105__chrX_7580532-7580795	False	False	1	1	1	1	1	1	1	BOTH	RR	0.22	25.6	0.6575773191777937
FBgn0029504_sm/chrX_7573472-7573775__chrX_7580532-7580795	False	False	1	1	1	1	1	1	1	BOTH	RL	0.005	30.1	2.3010299956639813
FBgn0029526_Spearman/chrX_419897-420154__chrX_421493-421767	True	True	0	1	0	0	0	0	0	NONE				
FBgn0029665_sm/chrX_3411043-3411363__chrX_3413665-3413865	True	True	1	1	1	0	1	0	1	LL_RR	RR	2.18e-07	45.5	6.661543506395395
FBgn0029665_sm/chrX_3411043-3411363__chrX_3417229-3417559	False	False	1	0	0	1	0	0	0	NONE				
FBgn0029665_sm/chrX_3413665-3413865__chrX_3417229-3417559	True	True	1	0	0	0	0	0	0	NONE				
FBgn0029755_sm/chrX_5291739-5291939__chrX_5295134-5295334	True	True	1	1	1	0	1	0	1	LL_RR	LL	8.67e-08	46.4	7.06198090252379
FBgn0029830_vm/chrX_5915683-5915953__chrX_5921626-5922043	False	False	1	1	1	1	1	1	1	BOTH	RR	1.01e-05	40.1	4.995678626217358
FBgn0029830_vm/chrX_5915683-5915953__chrX_5946021-5946311	False	False	1	1	0	1	1	0	1	LL_RR	RR	0.22	24.7	0.6575773191777937
FBgn0029830_vm/chrX_5921626-5922043__chrX_5946021-5946311	False	False	1	1	1	1	1	1	1	BOTH	RL	0.000428	34.6	3.3685562309868278
FBgn0029885_vm/chrX_6565029-6565230__chrX_6572042-6572321	False	False	1	1	1	1	1	1	1	BOTH	LL	0.0	761.0	300.0
FBgn0029939_Spearman/chrX_7046483-7046845__chrX_7048274-7048583	True	True	1	1	1	0	1	0	1	LL_RR	RR	0.036	27.4	1.4436974992327127
FBgn0029939_Spearman/chrX_7046483-7046845__chrX_7140434-7140797	False	False	1	1	0	1	1	0	1	LL_RR	LL	0.000428	34.6	3.3685562309868278
FBgn0029939_Spearman/chrX_7046483-7046845__chrX_7177324-7177678	False	False	1	1	1	1	1	1	1	BOTH	RR	0.13	24.7	0.8860566476931632
FBgn0029939_Spearman/chrX_7048274-7048583__chrX_7140434-7140797	False	False	1	1	1	1	1	1	1	BOTH	RL	0.005	30.1	2.3010299956639813
FBgn0029939_Spearman/chrX_7048274-7048583__chrX_7177324-7177678	False	False	1	1	1	1	1	1	1	BOTH	RL	0.005	31.0	2.3010299956639813
FBgn0029939_Spearman/chrX_7140434-7140797__chrX_7177324-7177678	False	False	0	1	1	1	0	1	1	LR_RL	RL	0.064	26.5	1.193820026016113
FBgn0030151_Spearman/chrX_9680427-9680627__chrX_9708888-9709088	False	False	1	1	0	1	1	0	1	LL_RR	RR	0.12	24.7	0.9208187539523752
FBgn0030151_Spearman/chrX_9680427-9680627__chrX_9709480-9709680	False	False	0	1	1	1	0	1	1	LR_RL	RL	0.12	23.8	0.9208187539523752
FBgn0030151_Spearman/chrX_9708888-9709088__chrX_9709480-9709680	True	True	0	1	1	0	0	0	0	NONE				
FBgn0030406_Spearman/chrX_12516060-12516615__chrX_12551912-12552112	False	False	1	1	1	1	1	1	1	BOTH	RL	0.000123	35.6	3.910094888560602
FBgn0030451_sm/chrX_13051960-13052281__chrX_13070183-13070515	False	False	1	1	1	0	1	0	1	LL_RR	RR	0.000428	33.7	3.3685562309868278
FBgn0030451_sm/chrX_13051960-13052281__chrX_13078529-13078729	False	False	1	1	1	1	1	1	1	BOTH	LL	3.51e-05	37.4	4.454692883534176
FBgn0030451_sm/chrX_13070183-13070515__chrX_13078529-13078729	False	False	1	1	1	1	1	1	1	BOTH	RL	0.001	32.8	3.0
FBgn0030480_sm/chrX_13335047-13335247__chrX_13337480-13337751	True	True	1	1	1	0	1	0	1	LL_RR	RR	0.005	31.0	2.3010299956639813
FBgn0030789_Spearman/chrX_16749348-16749563__chrX_16752356-16752964	True	True	1	1	1	0	1	0	1	LL_RR	RR	0.000137	36.5	3.8632794328435933
FBgn0030794_vm/chrX_16750137-16750514__chrX_16751072-16751473	True	True	1	1	1	0	1	0	1	LL_RR	RR	0.000401	30.1	3.396855627379818
FBgn0030794_vm/chrX_16750137-16750514__chrX_16752356-16752964	True	False	1	1	0	1	1	0	1	LL_RR	RR	0.004	28.3	2.3979400086720375
FBgn0030794_vm/chrX_16750137-16750514__chrX_16773523-16773913	False	False	1	1	1	1	1	1	1	BOTH	RL	9.38e-05	33.7	4.027797161620936
FBgn0030794_vm/chrX_16751072-16751473__chrX_16752356-16752964	True	True	1	1	1	0	1	0	1	LL_RR	RR	0.00015	34.6	3.8239087409443187
FBgn0030794_vm/chrX_16751072-16751473__chrX_16773523-16773913	False	False	1	1	1	1	1	1	1	BOTH	LL	9.38e-05	33.7	4.027797161620936
FBgn0030794_vm/chrX_16752356-16752964__chrX_16773523-16773913	False	False	1	1	1	1	1	1	1	BOTH	LR	0.006	29.2	2.221848749616356
FBgn0030864_sm/chrX_17650510-17650710__chrX_17660173-17660373	False	False	0	1	1	1	0	1	1	LR_RL	RL	0.000428	34.6	3.3685562309868278
FBgn0030864_sm/chrX_17650510-17650710__chrX_17667811-17668233	False	False	1	1	1	1	1	1	1	BOTH	LL	0.001	32.8	3.0
FBgn0030864_sm/chrX_17660173-17660373__chrX_17667811-17668233	False	False	0	1	1	1	0	1	1	LR_RL	RL	0.064	27.4	1.193820026016113
FBgn0030900_Spearman/chrX_18146945-18147372__chrX_18147841-18148227	True	True	1	1	0	0	1	0	1	LL_RR	LL	0.14	22.9	0.8538719643217619
FBgn0030900_Spearman/chrX_18146945-18147372__chrX_18148950-18149279	True	False	0	1	1	1	0	1	1	LR_RL	LR	3.51e-05	37.4	4.454692883534176
FBgn0030900_Spearman/chrX_18147841-18148227__chrX_18148950-18149279	True	True	1	0	1	0	0	0	0	NONE				
FBgn0030955_Spearman/chrX_18714009-18714209__chrX_18715355-18715555	True	True	1	1	0	0	1	0	1	LL_RR	LL	0.008	29.2	2.0969100130080562
FBgn0030955_Spearman/chrX_18714009-18714209__chrX_18737813-18738119	False	False	0	0	1	0	0	0	0	NONE				
FBgn0030955_Spearman/chrX_18715355-18715555__chrX_18737813-18738119	False	False	0	1	0	1	0	0	0	NONE				
FBgn0031008_sm/chrX_19236806-19237421__chrX_19238211-19238765	True	True	1	0	1	0	0	0	0	NONE				
FBgn0031037_sm/chrX_19544220-19544470__chrX_19544519-19544719	True	True	0	1	1	0	0	0	0	NONE				
FBgn0031228_sm/chr2L_160687-161034__chr2L_161603-162045	True	True	1	1	1	0	1	0	1	LL_RR	LL	0.05	24.7	1.3010299956639813
FBgn0031228_sm/chr2L_160687-161034__chr2L_166574-166924	False	False	1	1	1	0	1	0	1	LL_RR	RR	0.014	26.5	1.853871964321762
FBgn0031228_sm/chr2L_161603-162045__chr2L_166574-166924	True	True	0	1	1	0	0	0	0	NONE				
FBgn0031307_sm/chr2L_1118230-1118839__chr2L_1123442-1123872	True	True	1	1	1	0	1	0	1	LL_RR	LL	0.12	26.5	0.9208187539523752
FBgn0031313_vm_sm/chr2L_1157764-1158130__chr2L_1162261-1162810	True	True	0	1	1	0	0	0	0	NONE				
FBgn0031505_vm/chr2L_3152131-3152363__chr2L_3153478-3153742	True	True	0	1	1	0	0	0	0	NONE				
FBgn0031505_vm_sm/chr2L_3095049-3095273__chr2L_3101225-3101432	False	False	1	0	1	1	0	1	1	LR_RL	RL	0.064	27.4	1.193820026016113
FBgn0031505_vm_sm/chr2L_3095049-3095273__chr2L_3108267-3108563	False	False	1	1	1	1	1	1	1	BOTH	RR	0.018	28.3	1.744727494896694
FBgn0031505_vm_sm/chr2L_3095049-3095273__chr2L_3121835-3122035	False	False	1	1	1	1	1	1	1	BOTH	RL	0.064	27.4	1.193820026016113
FBgn0031505_vm_sm/chr2L_3101225-3101432__chr2L_3108267-3108563	False	False	1	1	1	1	1	1	1	BOTH	LR	0.064	26.5	1.193820026016113
FBgn0031505_vm_sm/chr2L_3101225-3101432__chr2L_3121835-3122035	False	False	1	1	1	1	1	1	1	BOTH	RR	0.064	27.4	1.193820026016113
FBgn0031505_vm_sm/chr2L_3108267-3108563__chr2L_3121835-3122035	False	False	1	1	1	1	1	1	1	BOTH	LR	0.064	26.5	1.193820026016113
FBgn0031776_vm_sm/chr2L_6075442-6075642__chr2L_6076424-6076624	True	True	1	1	1	0	1	0	1	LL_RR	LL	0.000132	33.7	3.87942606879415
FBgn0031776_vm_sm/chr2L_6075442-6075642__chr2L_6090073-6090445	False	False	1	1	1	1	1	1	1	BOTH	LR	2.37e-07	44.6	6.6252516539898965
FBgn0031776_vm_sm/chr2L_6076424-6076624__chr2L_6090073-6090445	False	False	1	1	1	1	1	1	1	BOTH	RR	0.000428	34.6	3.3685562309868278
FBgn0031857_sm/chr2L_6751919-6752178__chr2L_6772280-6772480	False	False	1	1	1	1	1	1	1	BOTH	RL	0.000428	33.7	3.3685562309868278
FBgn0031857_sm/chr2L_6751919-6752178__chr2L_6787279-6787639	False	False	1	1	1	1	1	1	1	BOTH	RR	0.064	26.5	1.193820026016113
FBgn0031857_sm/chr2L_6772280-6772480__chr2L_6787279-6787639	False	False	1	1	1	1	1	1	1	BOTH	LR	0.064	26.5	1.193820026016113
FBgn0031895_vm/chr2L_7126464-7126736__chr2L_7133794-7134306	False	False	1	1	1	1	1	1	1	BOTH	RR	0.001	32.8	3.0
FBgn0031895_vm/chr2L_7126464-7126736__chr2L_7157539-7157943	False	False	1	1	1	1	1	1	1	BOTH	RR	0.005	31.0	2.3010299956639813
FBgn0031895_vm/chr2L_7133794-7134306__chr2L_7157539-7157943	False	False	1	1	1	1	1	1	1	BOTH	LL	0.018	28.3	1.744727494896694
FBgn0031908_sm/chr2L_7340816-7341016__chr2L_7398789-7398989	False	False	1	1	1	1	1	1	1	BOTH	LR	0.2	24.7	0.6989700043360187
FBgn0031908_sm/chr2L_7340816-7341016__chr2L_7401211-7401411	False	False	1	0	1	1	0	1	1	LR_RL	RL	0.2	24.7	0.6989700043360187
FBgn0031908_sm/chr2L_7340816-7341016__chr2L_7404967-7405167	False	False	1	1	0	1	1	0	1	LL_RR	LL	0.22	24.7	0.6575773191777937
FBgn0031908_sm/chr2L_7340816-7341016__chr2L_7407733-7408080	False	False	0	0	1	1	0	1	1	LR_RL	RL	0.22	24.7	0.6575773191777937
FBgn0031908_sm/chr2L_7398789-7398989__chr2L_7401211-7401411	True	True	1	0	1	0	0	0	0	NONE				
FBgn0031908_sm/chr2L_7398789-7398989__chr2L_7404967-7405167	False	False	1	1	1	0	1	0	1	LL_RR	RR	0.2	24.7	0.6989700043360187
FBgn0031908_sm/chr2L_7398789-7398989__chr2L_7407733-7408080	False	False	1	1	1	1	1	1	1	BOTH	RR	0.056	26.5	1.2518119729937995
FBgn0031908_sm/chr2L_7401211-7401411__chr2L_7404967-7405167	True	True	0	1	1	0	0	0	0	NONE				
FBgn0031908_sm/chr2L_7401211-7401411__chr2L_7407733-7408080	False	False	1	0	1	1	0	1	1	LR_RL	RL	0.000123	35.6	3.910094888560602
FBgn0031908_sm/chr2L_7404967-7405167__chr2L_7407733-7408080	True	True	1	1	1	0	1	0	1	LL_RR	LL	1.99e-08	48.2	7.701146923590294
FBgn0031959_sm/chr2L_7912619-7912927__chr2L_7915086-7915342	True	True	1	1	1	0	1	0	1	LL_RR	RR	0.004	31.0	2.3979400086720375
FBgn0031971_vm_sm/chr2L_7994243-7994806__chr2L_8002181-8002417	False	False	1	1	0	1	1	0	1	LL_RR	LL	0.005	30.1	2.3010299956639813
FBgn0032129_sm/chr2L_9525656-9525929__chr2L_9551353-9551553	False	False	1	0	1	1	0	1	1	LR_RL	LR	0.77	23.8	0.11350927482751812
FBgn0032129_sm/chr2L_9525656-9525929__chr2L_9558167-9558367	False	False	1	1	1	1	1	1	1	BOTH	LR	0.018	29.2	1.744727494896694
FBgn0032129_sm/chr2L_9551353-9551553__chr2L_9558167-9558367	False	False	0	1	1	1	0	1	1	LR_RL	RL	8.82e-13	63.5	12.05453141486818
FBgn0032393_vm/chr2L_12003862-12004365__chr2L_12007022-12007307	True	True	1	1	1	0	1	0	1	LL_RR	LL	0.82	22.9	0.08618614761628333
FBgn0032393_vm/chr2L_12003862-12004365__chr2L_12009847-12010112	False	False	1	1	1	1	1	1	1	BOTH	LR	0.018	29.2	1.744727494896694
FBgn0032393_vm/chr2L_12007022-12007307__chr2L_12009847-12010112	True	True	1	1	1	0	1	0	1	LL_RR	RR	0.018	28.3	1.744727494896694
FBgn0032444_sm/chr2L_12594000-12594200__chr2L_12617842-12618274	False	False	1	1	1	1	1	1	1	BOTH	RR	0.064	27.4	1.193820026016113
FBgn0032444_sm/chr2L_12594000-12594200__chr2L_12655423-12655623	False	False	1	1	1	1	1	1	1	BOTH	RR	0.005	30.1	2.3010299956639813
FBgn0032444_sm/chr2L_12617842-12618274__chr2L_12655423-12655623	False	False	1	1	1	1	1	1	1	BOTH	RL	3.51e-05	38.3	4.454692883534176
FBgn0032444_vm/chr2L_12617842-12618274__chr2L_12655423-12655623	False	False	1	1	1	1	1	1	1	BOTH	RL	3.51e-05	38.3	4.454692883534176
FBgn0032485_sm/chr2L_13203632-13203855__chr2L_13205136-13205433	True	True	0	1	0	0	0	0	0	NONE				
FBgn0032487_Spearman/chr2L_13211918-13212118__chr2L_13215675-13216164	True	True	0	1	1	0	0	0	0	NONE				
FBgn0032487_Spearman/chr2L_13211918-13212118__chr2L_13225382-13225582	False	False	1	1	1	0	1	0	1	LL_RR	RR	0.22	25.6	0.6575773191777937
FBgn0032487_Spearman/chr2L_13211918-13212118__chr2L_13229384-13229619	False	False	1	1	1	1	1	1	1	BOTH	RL	0.018	28.3	1.744727494896694
FBgn0032487_Spearman/chr2L_13215675-13216164__chr2L_13225382-13225582	False	False	1	1	1	0	1	0	1	LL_RR	RR	0.22	25.6	0.6575773191777937
FBgn0032487_Spearman/chr2L_13215675-13216164__chr2L_13229384-13229619	False	False	1	1	1	1	1	1	1	BOTH	LR	0.005	30.1	2.3010299956639813
FBgn0032487_Spearman/chr2L_13225382-13225582__chr2L_13229384-13229619	True	True	1	1	1	0	1	0	1	LL_RR	RR	1.1e-13	66.2	12.958607314841775
FBgn0032497_sm/chr2L_13254815-13255036__chr2L_13260602-13260802	False	False	1	1	1	1	1	1	1	BOTH	LL	0.22	25.6	0.6575773191777937
FBgn0032683_sm/chr2L_18476378-18477012__chr2L_18498013-18498258	False	False	1	0	1	1	0	1	1	LR_RL	LR	0.22	24.7	0.6575773191777937
FBgn0032724_Spearman/chr2L_18926370-18926570__chr2L_18972587-18973068	False	False	1	0	1	1	0	1	1	LR_RL	RL	0.22	25.6	0.6575773191777937
FBgn0032731_vm/chr2L_18977432-18977644__chr2L_18977693-18978042	True	True	0	0	1	0	0	0	0	NONE				
FBgn0032820_vm_sm/chr2L_19759686-19760051__chr2L_19760541-19760780	True	True	1	1	0	0	1	0	1	LL_RR	RR	0.15	22.9	0.8239087409443188
FBgn0032864_meso/chr2L_20468678-20469091__chr2L_20473787-20474193	True	True	0	0	1	0	0	0	0	NONE				
FBgn0032961_Spearman/chr2L_21831155-21831728__chr2L_21835079-21835348	True	True	1	0	0	0	0	0	0	NONE				
FBgn0032961_Spearman/chr2L_21831155-21831728__chr2L_21835353-21835553	True	False	0	0	0	0	0	0	0	NONE				
FBgn0032961_Spearman/chr2L_21831155-21831728__chr2L_21836087-21836312	True	False	0	0	0	0	0	0	0	NONE				
FBgn0032961_Spearman/chr2L_21831155-21831728__chr2L_21839073-21839412	False	False	1	0	1	1	0	1	1	LR_RL	LR	0.032	27.4	1.494850021680094
FBgn0032961_Spearman/chr2L_21831155-21831728__chr2L_21840673-21841262	False	False	1	1	1	0	1	0	1	LL_RR	LL	0.032	27.4	1.494850021680094
FBgn0032961_Spearman/chr2L_21835079-21835348__chr2L_21835353-21835553	True	True	0	0	0	0	0	0	0	NONE				
FBgn0032961_Spearman/chr2L_21835079-21835348__chr2L_21836087-21836312	True	False	0	0	0	0	0	0	0	NONE				
FBgn0032961_Spearman/chr2L_21835079-21835348__chr2L_21839073-21839412	True	False	0	0	1	0	0	0	0	NONE				
FBgn0032961_Spearman/chr2L_21835079-21835348__chr2L_21840673-21841262	False	False	1	0	1	0	0	0	0	NONE				
FBgn0032961_Spearman/chr2L_21835353-21835553__chr2L_21836087-21836312	True	True	0	1	0	0	0	0	0	NONE				
FBgn0032961_Spearman/chr2L_21835353-21835553__chr2L_21839073-21839412	True	False	0	0	0	1	0	0	0	NONE				
FBgn0032961_Spearman/chr2L_21835353-21835553__chr2L_21840673-21841262	False	False	0	0	0	0	0	0	0	NONE				
FBgn0032961_Spearman/chr2L_21836087-21836312__chr2L_21839073-21839412	True	True	1	0	0	0	0	0	0	NONE				
FBgn0032961_Spearman/chr2L_21836087-21836312__chr2L_21840673-21841262	True	False	0	1	0	0	0	0	0	NONE				
FBgn0032961_Spearman/chr2L_21839073-21839412__chr2L_21840673-21841262	True	True	0	0	1	0	0	0	0	NONE				
FBgn0032961_sm/chr2L_21831155-21831728__chr2L_21840673-21841262	False	False	1	1	1	0	1	0	1	LL_RR	LL	0.064	27.4	1.193820026016113
FBgn0033179_Spearman/chr2R_7091539-7091739__chr2R_7110660-7110941	False	False	0	1	0	1	0	0	0	NONE				
FBgn0033179_Spearman/chr2R_7091539-7091739__chr2R_7112270-7112595	False	False	0	1	0	1	0	0	0	NONE				
FBgn0033179_Spearman/chr2R_7110660-7110941__chr2R_7112270-7112595	True	True	0	1	1	0	0	0	0	NONE				
FBgn0033310_Spearman/chr2R_8264126-8264454__chr2R_8266328-8266674	True	True	1	1	1	0	1	0	1	LL_RR	RR	5.07e-08	46.4	7.294992040666664
FBgn0033310_meso/chr2R_8260764-8261094__chr2R_8264126-8264454	True	True	1	1	1	0	1	0	1	LL_RR	RR	0.27	24.7	0.5686362358410126
FBgn0033426_Spearman/chr2R_9176883-9177262__chr2R_9178347-9178768	True	True	0	0	1	0	0	0	0	NONE				
FBgn0033426_vm_sm/chr2R_9168156-9168363__chr2R_9176883-9177262	False	False	0	1	1	0	0	0	0	NONE				
FBgn0033426_vm_sm/chr2R_9168156-9168363__chr2R_9178347-9178768	False	False	1	0	0	1	0	0	0	NONE				
FBgn0033426_vm_sm/chr2R_9168156-9168363__chr2R_9189407-9189607	False	False	0	0	1	1	0	1	1	LR_RL	LR	0.77	22.9	0.11350927482751812
FBgn0033426_vm_sm/chr2R_9176883-9177262__chr2R_9178347-9178768	True	True	0	0	1	0	0	0	0	NONE				
FBgn0033426_vm_sm/chr2R_9176883-9177262__chr2R_9189407-9189607	False	False	0	0	1	1	0	1	1	LR_RL	RL	0.33	22.9	0.4814860601221125
FBgn0033426_vm_sm/chr2R_9178347-9178768__chr2R_9189407-9189607	False	False	1	1	0	0	1	0	1	LL_RR	RR	0.064	27.4	1.193820026016113
FBgn0033454_Spearman/chr2R_9492171-9492437__chr2R_9492733-9492933	True	True	1	1	1	0	1	0	1	LL_RR	RR	0.088	22.9	1.0555173278498313
FBgn0033504_vm/chr2R_9900668-9901086__chr2R_9911877-9912145	False	False	0	1	1	0	0	0	0	NONE				
FBgn0033504_vm/chr2R_9900668-9901086__chr2R_9936639-9936952	False	False	1	1	1	0	1	0	1	LL_RR	RR	0.004	30.1	2.3979400086720375
FBgn0033504_vm/chr2R_9900668-9901086__chr2R_9938636-9938836	False	False	1	0	1	1	0	1	1	LR_RL	RL	0.004	30.1	2.3979400086720375
FBgn0033504_vm/chr2R_9900668-9901086__chr2R_9940074-9940569	False	False	1	1	1	0	1	0	1	LL_RR	LL	0.009	28.3	2.0457574905606752
FBgn0033504_vm/chr2R_9911877-9912145__chr2R_9936639-9936952	False	False	0	0	0	1	0	0	0	NONE				
FBgn0033504_vm/chr2R_9911877-9912145__chr2R_9938636-9938836	False	False	0	0	0	0	0	0	0	NONE				
FBgn0033504_vm/chr2R_9911877-9912145__chr2R_9940074-9940569	False	False	0	1	0	0	0	0	0	NONE				
FBgn0033504_vm/chr2R_9936639-9936952__chr2R_9938636-9938836	True	True	1	1	0	0	1	0	1	LL_RR	LL	0.000287	33.7	3.5421181032660076
FBgn0033504_vm/chr2R_9936639-9936952__chr2R_9940074-9940569	True	False	0	1	1	1	0	1	1	LR_RL	LR	0.018	28.3	1.744727494896694
FBgn0033504_vm/chr2R_9938636-9938836__chr2R_9940074-9940569	True	True	1	1	1	0	1	0	1	LL_RR	RR	0.38	22.9	0.42021640338318983
FBgn0033539_sm/chr2R_10273454-10273813__chr2R_10301567-10301767	False	False	0	1	0	1	0	0	0	NONE				
FBgn0033581_sm/chr2R_10731714-10732027__chr2R_10732567-10732946	True	True	0	1	0	0	0	0	0	NONE				
FBgn0033581_vm/chr2R_10674070-10674314__chr2R_10724722-10724928	False	False	1	1	0	1	1	0	1	LL_RR	LL	0.77	22.9	0.11350927482751812
FBgn0033581_vm/chr2R_10674070-10674314__chr2R_10731714-10732027	False	False	0	1	1	0	0	0	0	NONE				
FBgn0033581_vm/chr2R_10674070-10674314__chr2R_10732567-10732946	False	False	1	1	1	1	1	1	1	BOTH	RL	9.07e-05	33.7	4.042392712939905
FBgn0033581_vm/chr2R_10674070-10674314__chr2R_10734849-10735149	False	False	1	1	1	1	1	1	1	BOTH	LR	0.005	31.0	2.3010299956639813
FBgn0033581_vm/chr2R_10724722-10724928__chr2R_10731714-10732027	False	False	1	0	0	1	0	0	0	NONE				
FBgn0033581_vm/chr2R_10724722-10724928__chr2R_10732567-10732946	False	False	0	0	0	0	0	0	0	NONE				
FBgn0033581_vm/chr2R_10724722-10724928__chr2R_10734849-10735149	False	False	0	0	1	0	0	0	0	NONE				
FBgn0033581_vm/chr2R_10731714-10732027__chr2R_10732567-10732946	True	True	0	1	0	0	0	0	0	NONE				
FBgn0033581_vm/chr2R_10731714-10732027__chr2R_10734849-10735149	True	False	0	1	1	1	0	1	1	LR_RL	LR	0.22	25.6	0.6575773191777937
FBgn0033581_vm/chr2R_10732567-10732946__chr2R_10734849-10735149	True	True	1	0	1	0	0	0	0	NONE				
FBgn0033638_sm/chr2R_11254848-11255163__chr2R_11259263-11259645	True	True	1	0	1	0	0	0	0	NONE				
FBgn0033638_sm/chr2R_11254848-11255163__chr2R_11260888-11261343	False	False	1	1	1	0	1	0	1	LL_RR	RR	5.57e-09	50.0	8.254144804826272
FBgn0033638_sm/chr2R_11254848-11255163__chr2R_11280746-11281085	False	False	1	0	0	0	0	0	0	NONE				
FBgn0033638_sm/chr2R_11259263-11259645__chr2R_11260888-11261343	True	True	0	1	1	0	0	0	0	NONE				
FBgn0033638_sm/chr2R_11259263-11259645__chr2R_11280746-11281085	False	False	1	1	0	0	1	0	1	LL_RR	RR	0.11	25.6	0.958607314841775
FBgn0033638_sm/chr2R_11260888-11261343__chr2R_11280746-11281085	False	False	0	0	1	0	0	0	0	NONE				
FBgn0033654_vm_sm/chr2R_11439695-11439903__chr2R_11467535-11467813	False	False	1	1	1	1	1	1	1	BOTH	RL	0.005	31.0	2.3010299956639813
FBgn0033782_vm_sm/chr2R_12529393-12529661__chr2R_12556332-12556741	False	False	1	1	1	1	1	1	1	BOTH	RL	0.064	27.4	1.193820026016113
FBgn0033782_vm_sm/chr2R_12529393-12529661__chr2R_12587132-12587415	False	False	1	1	1	1	1	1	1	BOTH	RR	0.018	28.3	1.744727494896694
FBgn0033782_vm_sm/chr2R_12556332-12556741__chr2R_12587132-12587415	False	False	1	0	1	1	0	1	1	LR_RL	LR	0.005	30.1	2.3010299956639813
FBgn0033891_sm/chr2R_13653626-13653909__chr2R_13656883-13657258	True	True	1	1	1	0	1	0	1	LL_RR	RR	0.022	29.2	1.6575773191777938
FBgn0033998_vm/chr2R_14874175-14874447__chr2R_14877876-14878280	True	True	1	1	1	0	1	0	1	LL_RR	LL	1.92e-35	138.0	34.71669877129645
FBgn0034013_meso/chr2R_14977821-14978455__chr2R_14980641-14981129	True	True	1	0	1	0	0	0	0	NONE				
FBgn0034013_meso/chr2R_14977821-14978455__chr2R_15006081-15006369	False	False	1	1	1	1	1	1	1	BOTH	LL	0.22	24.7	0.6575773191777937
FBgn0034013_meso/chr2R_14980641-14981129__chr2R_15006081-15006369	False	False	1	1	1	1	1	1	1	BOTH	RR	0.064	26.5	1.193820026016113
FBgn0034072_Spearman/chr2R_15720559-15720844__chr2R_15757455-15757986	False	False	1	1	1	1	1	1	1	BOTH	RL	1.01e-05	39.2	4.995678626217358
FBgn0034072_vm/chr2R_15720559-15720844__chr2R_15722835-15723089	True	True	1	1	1	0	1	0	1	LL_RR	RR	8e-06	40.1	5.096910013008056
FBgn0034135_vm/chr2R_16159018-16159309__chr2R_16192711-16192911	False	False	0	1	1	1	0	1	1	LR_RL	RL	0.064	26.5	1.193820026016113
FBgn0034158_sm/chr2R_16412035-16412367__chr2R_16437328-16437751	False	False	1	1	1	1	1	1	1	BOTH	LL	0.018	28.3	1.744727494896694
FBgn0034177_sm/chr2R_16642879-16643383__chr2R_16643578-16643778	True	True	0	0	1	0	0	0	0	NONE				
FBgn0034412_sm/chr2R_18615551-18615751__chr2R_18617352-18617561	True	True	1	0	0	0	0	0	0	NONE				
FBgn0034412_sm/chr2R_18615551-18615751__chr2R_18617926-18618126	True	False	0	1	0	0	0	0	0	NONE				
FBgn0034412_sm/chr2R_18617352-18617561__chr2R_18617926-18618126	True	True	0	0	1	0	0	0	0	NONE				
FBgn0034432_sm/chr2R_18929511-18929711__chr2R_18948523-18948792	False	False	1	1	1	0	1	0	1	LL_RR	RR	0.005	31.0	2.3010299956639813
FBgn0034432_sm/chr2R_18929511-18929711__chr2R_18959548-18959748	False	False	1	1	1	1	1	1	1	BOTH	RR	0.22	25.6	0.6575773191777937
FBgn0034432_sm/chr2R_18948523-18948792__chr2R_18959548-18959748	False	False	1	1	1	1	1	1	1	BOTH	RR	0.018	29.2	1.744727494896694
FBgn0034438_vm/chr2R_18959548-18959748__chr2R_19007537-19007740	False	False	1	1	1	1	1	1	1	BOTH	LR	0.005	31.0	2.3010299956639813
FBgn0034603_sm/chr2R_20820012-20820311__chr2R_20823130-20823330	True	True	1	1	1	0	1	0	1	LL_RR	LL	0.000138	36.5	3.8601209135987635
FBgn0034618_sm/chr2R_20932829-20933143__chr2R_20943416-20943828	False	False	1	1	1	1	1	1	1	BOTH	RR	0.064	26.5	1.193820026016113
FBgn0034723_Spearman/chr2R_22018043-22018243__chr2R_22028414-22028775	False	False	1	1	1	1	1	1	1	BOTH	RL	3.51e-05	38.3	4.454692883534176
FBgn0034739_vm/chr2R_22166944-22167150__chr2R_22168230-22168438	True	True	0	0	1	0	0	0	0	NONE				
FBgn0035144_vm_sm/chr3L_519120-519320__chr3L_575897-576292	False	False	0	1	1	1	0	1	1	LR_RL	RL	0.22	24.7	0.6575773191777937
FBgn0035144_vm_sm/chr3L_519120-519320__chr3L_593649-593985	False	False	1	0	0	1	0	0	0	NONE				
FBgn0035144_vm_sm/chr3L_575897-576292__chr3L_593649-593985	False	False	0	1	1	1	0	1	1	LR_RL	RL	0.22	24.7	0.6575773191777937
FBgn0035153_Spearman/chr3L_663582-663782__chr3L_668956-669192	False	False	0	1	1	1	0	1	1	LR_RL	LR	8.26e-07	43.7	6.083019952679618
FBgn0035153_sm/chr3L_647134-647334__chr3L_668956-669192	False	False	1	0	1	1	0	1	1	LR_RL	LR	0.000428	34.6	3.3685562309868278
FBgn0035153_sm/chr3L_647134-647334__chr3L_691733-692030	False	False	0	1	1	0	0	0	0	NONE				
FBgn0035153_sm/chr3L_668956-669192__chr3L_691733-692030	False	False	0	1	1	0	0	0	0	NONE				
FBgn0035162_vm/chr3L_754449-754819__chr3L_755481-755805	True	True	1	1	1	0	1	0	1	LL_RR	RR	0.017	26.5	1.7695510786217261
FBgn0035162_vm/chr3L_754449-754819__chr3L_774464-774809	False	False	0	1	0	0	0	0	0	NONE				
FBgn0035162_vm/chr3L_755481-755805__chr3L_774464-774809	False	False	0	1	1	1	0	1	1	LR_RL	LR	0.001	30.1	3.0
FBgn0035335_Spearman/chr3L_2363266-2363496__chr3L_2402613-2402864	False	False	1	1	0	1	1	0	1	LL_RR	LL	0.77	22.9	0.11350927482751812
FBgn0035335_sm/chr3L_2362087-2362296__chr3L_2383777-2384194	False	False	0	1	1	1	0	1	1	LR_RL	LR	0.77	22.9	0.11350927482751812
FBgn0035335_sm/chr3L_2362087-2362296__chr3L_2402613-2402864	False	False	1	1	1	0	1	0	1	LL_RR	LL	0.77	22.9	0.11350927482751812
FBgn0035335_sm/chr3L_2383777-2384194__chr3L_2402613-2402864	False	False	1	0	0	0	0	0	0	NONE				
FBgn0035379_sm/chr3L_2836046-2836310__chr3L_2852084-2852431	False	False	1	1	1	1	1	1	1	BOTH	RR	0.001	31.9	3.0
FBgn0035379_sm/chr3L_2836046-2836310__chr3L_2890005-2890205	False	False	0	1	1	1	0	1	1	LR_RL	LR	0.064	26.5	1.193820026016113
FBgn0035379_sm/chr3L_2836046-2836310__chr3L_2902176-2902376	False	False	1	1	1	1	1	1	1	BOTH	LR	0.000123	35.6	3.910094888560602
FBgn0035379_sm/chr3L_2852084-2852431__chr3L_2890005-2890205	False	False	1	0	1	1	0	1	1	LR_RL	LR	0.064	27.4	1.193820026016113
FBgn0035379_sm/chr3L_2852084-2852431__chr3L_2902176-2902376	False	False	1	1	1	1	1	1	1	BOTH	RR	0.018	29.2	1.744727494896694
FBgn0035379_sm/chr3L_2890005-2890205__chr3L_2902176-2902376	False	False	1	1	0	1	1	0	1	LL_RR	RR	0.005	31.0	2.3010299956639813
FBgn0035404_sm/chr3L_3132600-3133003__chr3L_3148881-3149344	False	False	0	1	1	0	0	0	0	NONE				
FBgn0035539_vm/chr3L_4334437-4334651__chr3L_4392038-4392238	False	False	1	1	0	1	1	0	1	LL_RR	RR	0.18	24.7	0.744727494896694
FBgn0035539_vm/chr3L_4334437-4334651__chr3L_4394326-4394609	False	False	0	0	1	1	0	1	1	LR_RL	LR	0.064	26.5	1.193820026016113
FBgn0035539_vm/chr3L_4392038-4392238__chr3L_4394326-4394609	True	True	1	1	1	0	1	0	1	LL_RR	LL	0.65	22.9	0.18708664335714442
FBgn0035626_sm/chr3L_5635219-5635576__chr3L_5635883-5636083	True	True	1	0	1	0	0	0	0	NONE				
FBgn0035656_Spearman/chr3L_5956989-5957371__chr3L_5961714-5961914	True	True	1	1	1	0	1	0	1	LL_RR	RR	0.014	28.3	1.853871964321762
FBgn0035656_Spearman/chr3L_5956989-5957371__chr3L_5963004-5963247	False	False	1	0	1	1	0	1	1	LR_RL	RL	0.008	28.3	2.0969100130080562
FBgn0035656_Spearman/chr3L_5956989-5957371__chr3L_5969720-5970091	False	False	1	1	1	1	1	1	1	BOTH	LL	0.000428	34.6	3.3685562309868278
FBgn0035656_Spearman/chr3L_5956989-5957371__chr3L_5973866-5974081	False	False	1	1	1	1	1	1	1	BOTH	LR	0.052	26.5	1.2839966563652008
FBgn0035656_Spearman/chr3L_5956989-5957371__chr3L_5974676-5975048	False	False	1	0	0	1	0	0	0	NONE				
FBgn0035656_Spearman/chr3L_5956989-5957371__chr3L_5975471-5975750	False	False	0	1	1	0	0	0	0	NONE				
FBgn0035656_Spearman/chr3L_5956989-5957371__chr3L_5977448-5977703	False	False	1	1	1	1	1	1	1	BOTH	LL	0.001	32.8	3.0
FBgn0035656_Spearman/chr3L_5956989-5957371__chr3L_5982072-5982272	False	False	1	1	1	1	1	1	1	BOTH	RR	0.005	30.1	2.3010299956639813
FBgn0035656_Spearman/chr3L_5961714-5961914__chr3L_5963004-5963247	True	True	1	0	1	0	0	0	0	NONE				
FBgn0035656_Spearman/chr3L_5961714-5961914__chr3L_5969720-5970091	False	False	1	0	1	0	0	0	0	NONE				
FBgn0035656_Spearman/chr3L_5961714-5961914__chr3L_5973866-5974081	False	False	1	0	1	0	0	0	0	NONE				
FBgn0035656_Spearman/chr3L_5961714-5961914__chr3L_5974676-5975048	False	False	1	0	0	0	0	0	0	NONE				
FBgn0035656_Spearman/chr3L_5961714-5961914__chr3L_5975471-5975750	False	False	0	1	1	0	0	0	0	NONE				
FBgn0035656_Spearman/chr3L_5961714-5961914__chr3L_5977448-5977703	False	False	1	0	1	1	0	1	1	LR_RL	RL	0.002	31.0	2.6989700043360187
FBgn0035656_Spearman/chr3L_5961714-5961914__chr3L_5982072-5982272	False	False	1	1	1	1	1	1	1	BOTH	RL	0.096	25.6	1.0177287669604316
FBgn0035656_Spearman/chr3L_5963004-5963247__chr3L_5969720-5970091	False	False	0	1	0	1	0	0	0	NONE				
FBgn0035656_Spearman/chr3L_5963004-5963247__chr3L_5973866-5974081	False	False	0	1	0	1	0	0	0	NONE				
FBgn0035656_Spearman/chr3L_5963004-5963247__chr3L_5974676-5975048	False	False	0	0	0	1	0	0	0	NONE				
FBgn0035656_Spearman/chr3L_5963004-5963247__chr3L_5975471-5975750	False	False	0	1	1	0	0	0	0	NONE				
FBgn0035656_Spearman/chr3L_5963004-5963247__chr3L_5977448-5977703	False	False	1	1	0	1	1	0	1	LL_RR	LL	0.002	31.0	2.6989700043360187
FBgn0035656_Spearman/chr3L_5963004-5963247__chr3L_5982072-5982272	False	False	1	1	1	1	1	1	1	BOTH	RL	0.018	29.2	1.744727494896694
FBgn0035656_Spearman/chr3L_5969720-5970091__chr3L_5973866-5974081	True	True	1	0	0	0	0	0	0	NONE				
FBgn0035656_Spearman/chr3L_5969720-5970091__chr3L_5974676-5975048	True	False	0	1	0	0	0	0	0	NONE				
FBgn0035656_Spearman/chr3L_5969720-5970091__chr3L_5975471-5975750	False	False	0	1	0	1	0	0	0	NONE				
FBgn0035656_Spearman/chr3L_5969720-5970091__chr3L_5977448-5977703	False	False	0	1	1	1	0	1	1	LR_RL	RL	0.012	28.3	1.9208187539523751
FBgn0035656_Spearman/chr3L_5969720-5970091__chr3L_5982072-5982272	False	False	1	1	1	1	1	1	1	BOTH	LL	0.064	27.4	1.193820026016113
FBgn0035656_Spearman/chr3L_5973866-5974081__chr3L_5974676-5975048	True	True	0	0	1	0	0	0	0	NONE				
FBgn0035656_Spearman/chr3L_5973866-5974081__chr3L_5975471-5975750	True	False	1	1	1	0	1	0	1	LL_RR	RR	0.43	21.1	0.36653154442041347
FBgn0035656_Spearman/chr3L_5973866-5974081__chr3L_5977448-5977703	True	False	1	1	1	1	1	1	1	BOTH	LL	0.012	28.3	1.9208187539523751
FBgn0035656_Spearman/chr3L_5973866-5974081__chr3L_5982072-5982272	False	False	1	1	1	1	1	1	1	BOTH	RL	0.18	24.7	0.744727494896694
FBgn0035656_Spearman/chr3L_5974676-5975048__chr3L_5975471-5975750	True	True	0	1	1	0	0	0	0	NONE				
FBgn0035656_Spearman/chr3L_5974676-5975048__chr3L_5977448-5977703	True	False	1	0	1	1	0	1	1	LR_RL	RL	0.025	24.7	1.6020599913279623
FBgn0035656_Spearman/chr3L_5974676-5975048__chr3L_5982072-5982272	False	False	1	1	1	0	1	0	1	LL_RR	LL	0.18	22.9	0.744727494896694
FBgn0035656_Spearman/chr3L_5975471-5975750__chr3L_5977448-5977703	True	True	1	1	0	0	1	0	1	LL_RR	LL	0.025	25.6	1.6020599913279623
FBgn0035656_Spearman/chr3L_5975471-5975750__chr3L_5982072-5982272	False	False	0	1	1	1	0	1	1	LR_RL	RL	0.15	25.6	0.8239087409443188
FBgn0035656_Spearman/chr3L_5977448-5977703__chr3L_5982072-5982272	True	True	1	0	1	0	0	0	0	NONE				
FBgn0035710_sm/chr3L_6678365-6678565__chr3L_6685484-6685719	False	False	1	1	1	1	1	1	1	BOTH	LL	0.005	30.1	2.3010299956639813
FBgn0035956_Spearman/chr3L_8984193-8984856__chr3L_8994546-8994994	False	False	1	1	1	1	1	1	1	BOTH	RL	0.064	27.4	1.193820026016113
FBgn0035956_Spearman/chr3L_8984193-8984856__chr3L_9010205-9010405	False	False	1	0	0	1	0	0	0	NONE				
FBgn0035956_Spearman/chr3L_8984193-8984856__chr3L_9010490-9010720	False	False	0	1	1	0	0	0	0	NONE				
FBgn0035956_Spearman/chr3L_8984193-8984856__chr3L_9023155-9023452	False	False	0	1	1	1	0	1	1	LR_RL	RL	0.064	27.4	1.193820026016113
FBgn0035956_Spearman/chr3L_8984193-8984856__chr3L_9024467-9024945	False	False	1	0	1	1	0	1	1	LR_RL	LR	0.22	24.7	0.6575773191777937
FBgn0035956_Spearman/chr3L_8994546-8994994__chr3L_9010205-9010405	False	False	1	0	0	1	0	0	0	NONE				
FBgn0035956_Spearman/chr3L_8994546-8994994__chr3L_9010490-9010720	False	False	0	1	1	0	0	0	0	NONE				
FBgn0035956_Spearman/chr3L_8994546-8994994__chr3L_9023155-9023452	False	False	1	1	0	1	1	0	1	LL_RR	LL	0.064	26.5	1.193820026016113
FBgn0035956_Spearman/chr3L_8994546-8994994__chr3L_9024467-9024945	False	False	0	1	0	1	0	0	0	NONE				
FBgn0035956_Spearman/chr3L_9010205-9010405__chr3L_9010490-9010720	True	True	0	0	1	0	0	0	0	NONE				
FBgn0035956_Spearman/chr3L_9010205-9010405__chr3L_9023155-9023452	False	False	1	0	1	0	0	0	0	NONE				
FBgn0035956_Spearman/chr3L_9010205-9010405__chr3L_9024467-9024945	False	False	1	0	1	0	0	0	0	NONE				
FBgn0035956_Spearman/chr3L_9010490-9010720__chr3L_9023155-9023452	False	False	0	0	0	0	0	0	0	NONE				
FBgn0035956_Spearman/chr3L_9010490-9010720__chr3L_9024467-9024945	False	False	0	1	0	0	0	0	0	NONE				
FBgn0035956_Spearman/chr3L_9023155-9023452__chr3L_9024467-9024945	True	True	1	1	0	0	1	0	1	LL_RR	LL	0.026	27.4	1.585026652029182
FBgn0036000_sm/chr3L_9442724-9443197__chr3L_9446026-9446417	True	True	1	1	1	0	1	0	1	LL_RR	RR	8.74e-39	150.0	38.0584885673656
FBgn0036099_sm/chr3L_10718006-10718268__chr3L_10764416-10764696	False	False	1	1	1	1	1	1	1	BOTH	LR	0.000428	33.7	3.3685562309868278
FBgn0036124_Spearman/chr3L_11066817-11067017__chr3L_11100667-11101152	False	False	1	0	1	1	0	1	1	LR_RL	RL	0.064	26.5	1.193820026016113
FBgn0036133_sm/chr3L_11090638-11090925__chr3L_11099385-11099783	False	False	1	1	1	1	1	1	1	BOTH	LL	0.018	28.3	1.744727494896694
FBgn0036133_sm/chr3L_11090638-11090925__chr3L_11100667-11101152	False	False	1	1	1	1	1	1	1	BOTH	RL	0.078	25.6	1.1079053973095196
FBgn0036133_sm/chr3L_11090638-11090925__chr3L_11105575-11105775	False	False	1	1	1	1	1	1	1	BOTH	RL	0.005	30.1	2.3010299956639813
FBgn0036133_sm/chr3L_11099385-11099783__chr3L_11100667-11101152	True	True	1	1	1	0	1	0	1	LL_RR	LL	0.078	24.7	1.1079053973095196
FBgn0036133_sm/chr3L_11099385-11099783__chr3L_11105575-11105775	False	False	0	1	1	1	0	1	1	LR_RL	LR	0.22	25.6	0.6575773191777937
FBgn0036133_sm/chr3L_11100667-11101152__chr3L_11105575-11105775	True	True	1	1	1	0	1	0	1	LL_RR	RR	2.03e-17	78.8	16.692503962086786
FBgn0036133_vm/chr3L_11099385-11099783__chr3L_11100667-11101152	True	True	1	1	1	0	1	0	1	LL_RR	LL	0.078	24.7	1.1079053973095196
FBgn0036133_vm/chr3L_11099385-11099783__chr3L_11105575-11105775	False	False	0	1	1	1	0	1	1	LR_RL	LR	0.22	25.6	0.6575773191777937
FBgn0036133_vm/chr3L_11100667-11101152__chr3L_11105575-11105775	True	True	1	1	1	0	1	0	1	LL_RR	RR	2.03e-17	78.8	16.692503962086786
FBgn0036152_Spearman/chr3L_11224312-11224512__chr3L_11224761-11225250	True	True	1	1	0	0	1	0	1	LL_RR	RR	0.26	22.0	0.585026652029182
FBgn0036152_sm/chr3L_11238445-11238797__chr3L_11330795-11331281	False	False	1	1	1	1	1	1	1	BOTH	RL	2.88e-06	41.0	5.540607512240769
FBgn0036152_sm/chr3L_11238445-11238797__chr3L_11355874-11356295	False	False	0	1	0	1	0	0	0	NONE				
FBgn0036152_sm/chr3L_11330795-11331281__chr3L_11355874-11356295	False	False	1	1	1	0	1	0	1	LL_RR	LL	0.000428	33.7	3.3685562309868278
FBgn0036194_sm/chr3L_11684552-11684880__chr3L_11685890-11686273	True	True	0	1	1	0	0	0	0	NONE				
FBgn0036282_sm/chr3L_12372005-12372320__chr3L_12382640-12382989	False	False	1	0	1	0	0	0	0	NONE				
FBgn0036282_sm/chr3L_12372005-12372320__chr3L_12389231-12389431	False	False	1	0	0	0	0	0	0	NONE				
FBgn0036282_sm/chr3L_12382640-12382989__chr3L_12389231-12389431	False	False	1	1	0	1	1	0	1	LL_RR	RR	0.018	28.3	1.744727494896694
FBgn0036290_vm/chr3L_12448941-12449218__chr3L_12465365-12466115	False	False	1	1	1	1	1	1	1	BOTH	RR	0.001	31.9	3.0
FBgn0036290_vm/chr3L_12448941-12449218__chr3L_12487652-12487993	False	False	0	1	1	1	0	1	1	LR_RL	LR	0.018	29.2	1.744727494896694
FBgn0036290_vm/chr3L_12465365-12466115__chr3L_12487652-12487993	False	False	0	1	0	1	0	0	0	NONE				
FBgn0036449_vm/chr3L_14727354-14728074__chr3L_14728691-14729056	True	True	1	1	1	0	1	0	1	LL_RR	LL	0.004	28.3	2.3979400086720375
FBgn0036460_Spearman/chr3L_14918179-14918521__chr3L_14922238-14922460	True	True	1	0	1	0	0	0	0	NONE				
FBgn0036460_Spearman/chr3L_14918179-14918521__chr3L_14925390-14925769	False	False	1	1	1	1	1	1	1	BOTH	LL	0.005	31.0	2.3010299956639813
FBgn0036460_Spearman/chr3L_14918179-14918521__chr3L_14928799-14929134	False	False	1	1	1	1	1	1	1	BOTH	LR	0.14	25.6	0.8538719643217619
FBgn0036460_Spearman/chr3L_14918179-14918521__chr3L_14930753-14930953	False	False	1	0	0	1	0	0	0	NONE				
FBgn0036460_Spearman/chr3L_14918179-14918521__chr3L_14931009-14931209	False	False	0	1	1	0	0	0	0	NONE				
FBgn0036460_Spearman/chr3L_14918179-14918521__chr3L_14932705-14933060	False	False	1	1	1	1	1	1	1	BOTH	RL	0.000255	33.7	3.593459819566045
FBgn0036460_Spearman/chr3L_14918179-14918521__chr3L_14936376-14936760	False	False	1	1	1	1	1	1	1	BOTH	LR	0.12	24.7	0.9208187539523752
FBgn0036460_Spearman/chr3L_14918179-14918521__chr3L_14938074-14938558	False	False	1	1	1	1	1	1	1	BOTH	LL	0.12	25.6	0.9208187539523752
FBgn0036460_Spearman/chr3L_14918179-14918521__chr3L_14939995-14940646	False	False	1	1	0	1	1	0	1	LL_RR	LL	0.13	25.6	0.8860566476931632
FBgn0036460_Spearman/chr3L_14918179-14918521__chr3L_14941342-14941625	False	False	0	0	1	1	0	1	1	LR_RL	LR	0.018	29.2	1.744727494896694
FBgn0036460_Spearman/chr3L_14918179-14918521__chr3L_14944241-14944774	False	False	1	1	1	0	1	0	1	LL_RR	LL	0.018	29.2	1.744727494896694
FBgn0036460_Spearman/chr3L_14918179-14918521__chr3L_14948136-14948479	False	False	1	1	1	0	1	0	1	LL_RR	LL	0.018	28.3	1.744727494896694
FBgn0036460_Spearman/chr3L_14922238-14922460__chr3L_14925390-14925769	True	True	0	1	1	0	0	0	0	NONE				
FBgn0036460_Spearman/chr3L_14922238-14922460__chr3L_14928799-14929134	False	False	1	1	1	1	1	1	1	BOTH	RR	0.012	28.3	1.9208187539523751
FBgn0036460_Spearman/chr3L_14922238-14922460__chr3L_14930753-14930953	False	False	1	0	0	1	0	0	0	NONE				
FBgn0036460_Spearman/chr3L_14922238-14922460__chr3L_14931009-14931209	False	False	0	0	1	0	0	0	0	NONE				
FBgn0036460_Spearman/chr3L_14922238-14922460__chr3L_14932705-14933060	False	False	1	0	1	0	0	0	0	NONE				
FBgn0036460_Spearman/chr3L_14922238-14922460__chr3L_14936376-14936760	False	False	1	1	0	0	1	0	1	LL_RR	RR	0.033	26.5	1.4814860601221125
FBgn0036460_Spearman/chr3L_14922238-14922460__chr3L_14938074-14938558	False	False	0	1	1	1	0	1	1	LR_RL	RL	0.033	26.5	1.4814860601221125
FBgn0036460_Spearman/chr3L_14922238-14922460__chr3L_14939995-14940646	False	False	1	0	0	1	0	0	0	NONE				
FBgn0036460_Spearman/chr3L_14922238-14922460__chr3L_14941342-14941625	False	False	0	1	1	0	0	0	0	NONE				
FBgn0036460_Spearman/chr3L_14922238-14922460__chr3L_14944241-14944774	False	False	1	1	1	1	1	1	1	BOTH	RL	0.064	26.5	1.193820026016113
FBgn0036460_Spearman/chr3L_14922238-14922460__chr3L_14948136-14948479	False	False	0	1	1	0	0	0	0	NONE				
FBgn0036460_Spearman/chr3L_14925390-14925769__chr3L_14928799-14929134	True	True	1	1	1	0	1	0	1	LL_RR	LL	0.022	28.3	1.6575773191777938
FBgn0036460_Spearman/chr3L_14925390-14925769__chr3L_14930753-14930953	True	False	1	0	0	1	0	0	0	NONE				
FBgn0036460_Spearman/chr3L_14925390-14925769__chr3L_14931009-14931209	False	False	0	1	0	0	0	0	0	NONE				
FBgn0036460_Spearman/chr3L_14925390-14925769__chr3L_14932705-14933060	False	False	0	1	1	1	0	1	1	LR_RL	LR	0.22	24.7	0.6575773191777937
FBgn0036460_Spearman/chr3L_14925390-14925769__chr3L_14936376-14936760	False	False	0	1	1	1	0	1	1	LR_RL	RL	0.018	29.2	1.744727494896694
FBgn0036460_Spearman/chr3L_14925390-14925769__chr3L_14938074-14938558	False	False	1	1	1	1	1	1	1	BOTH	LL	0.033	26.5	1.4814860601221125
FBgn0036460_Spearman/chr3L_14925390-14925769__chr3L_14939995-14940646	False	False	1	0	0	1	0	0	0	NONE				
FBgn0036460_Spearman/chr3L_14925390-14925769__chr3L_14941342-14941625	False	False	0	1	1	0	0	0	0	NONE				
FBgn0036460_Spearman/chr3L_14925390-14925769__chr3L_14944241-14944774	False	False	1	1	1	1	1	1	1	BOTH	LL	0.064	26.5	1.193820026016113
FBgn0036460_Spearman/chr3L_14925390-14925769__chr3L_14948136-14948479	False	False	0	1	1	1	0	1	1	LR_RL	LR	0.018	29.2	1.744727494896694
FBgn0036460_Spearman/chr3L_14928799-14929134__chr3L_14930753-14930953	True	True	1	0	0	0	0	0	0	NONE				
FBgn0036460_Spearman/chr3L_14928799-14929134__chr3L_14931009-14931209	True	False	0	1	1	0	0	0	0	NONE				
FBgn0036460_Spearman/chr3L_14928799-14929134__chr3L_14932705-14933060	True	False	1	1	1	1	1	1	1	BOTH	RL	0.3	23.8	0.5228787452803376
FBgn0036460_Spearman/chr3L_14928799-14929134__chr3L_14936376-14936760	False	False	1	1	1	1	1	1	1	BOTH	RL	0.041	26.5	1.3872161432802645
FBgn0036460_Spearman/chr3L_14928799-14929134__chr3L_14938074-14938558	False	False	1	0	1	1	0	1	1	LR_RL	LR	0.13	24.7	0.8860566476931632
FBgn0036460_Spearman/chr3L_14928799-14929134__chr3L_14939995-14940646	False	False	1	0	0	0	0	0	0	NONE				
FBgn0036460_Spearman/chr3L_14928799-14929134__chr3L_14941342-14941625	False	False	0	1	1	0	0	0	0	NONE				
FBgn0036460_Spearman/chr3L_14928799-14929134__chr3L_14944241-14944774	False	False	1	1	0	1	1	0	1	LL_RR	RR	0.041	26.5	1.3872161432802645
FBgn0036460_Spearman/chr3L_14928799-14929134__chr3L_14948136-14948479	False	False	1	1	1	1	1	1	1	BOTH	RR	2.27e-05	37.4	4.6439741428068775
FBgn0036460_Spearman/chr3L_14930753-14930953__chr3L_14931009-14931209	True	True	0	0	1	0	0	0	0	NONE				
FBgn0036460_Spearman/chr3L_14930753-14930953__chr3L_14932705-14933060	True	False	1	0	1	0	0	0	0	NONE				
FBgn0036460_Spearman/chr3L_14930753-14930953__chr3L_14936376-14936760	False	False	1	0	1	0	0	0	0	NONE				
FBgn0036460_Spearman/chr3L_14930753-14930953__chr3L_14938074-14938558	False	False	1	0	0	0	0	0	0	NONE				
FBgn0036460_Spearman/chr3L_14930753-14930953__chr3L_14939995-14940646	False	False	0	0	0	0	0	0	0	NONE				
FBgn0036460_Spearman/chr3L_14930753-14930953__chr3L_14941342-14941625	False	False	0	1	1	0	0	0	0	NONE				
FBgn0036460_Spearman/chr3L_14930753-14930953__chr3L_14944241-14944774	False	False	1	0	1	1	0	1	1	LR_RL	LR	0.041	26.5	1.3872161432802645
FBgn0036460_Spearman/chr3L_14930753-14930953__chr3L_14948136-14948479	False	False	1	0	1	0	0	0	0	NONE				
FBgn0036460_Spearman/chr3L_14931009-14931209__chr3L_14932705-14933060	True	True	0	1	0	0	0	0	0	NONE				
FBgn0036460_Spearman/chr3L_14931009-14931209__chr3L_14936376-14936760	False	False	0	1	0	1	0	0	0	NONE				
FBgn0036460_Spearman/chr3L_14931009-14931209__chr3L_14938074-14938558	False	False	0	1	0	1	0	0	0	NONE				
FBgn0036460_Spearman/chr3L_14931009-14931209__chr3L_14939995-14940646	False	False	0	0	0	1	0	0	0	NONE				
FBgn0036460_Spearman/chr3L_14931009-14931209__chr3L_14941342-14941625	False	False	0	1	1	0	0	0	0	NONE				
FBgn0036460_Spearman/chr3L_14931009-14931209__chr3L_14944241-14944774	False	False	1	1	0	1	1	0	1	LL_RR	LL	0.049	25.6	1.3098039199714864
FBgn0036460_Spearman/chr3L_14931009-14931209__chr3L_14948136-14948479	False	False	0	1	0	1	0	0	0	NONE				
FBgn0036460_Spearman/chr3L_14932705-14933060__chr3L_14936376-14936760	True	True	1	0	1	0	0	0	0	NONE				
FBgn0036460_Spearman/chr3L_14932705-14933060__chr3L_14938074-14938558	False	False	1	0	1	0	0	0	0	NONE				
FBgn0036460_Spearman/chr3L_14932705-14933060__chr3L_14939995-14940646	False	False	1	0	0	0	0	0	0	NONE				
FBgn0036460_Spearman/chr3L_14932705-14933060__chr3L_14941342-14941625	False	False	0	1	1	0	0	0	0	NONE				
FBgn0036460_Spearman/chr3L_14932705-14933060__chr3L_14944241-14944774	False	False	1	1	1	1	1	1	1	BOTH	LL	0.038	27.4	1.4202164033831899
FBgn0036460_Spearman/chr3L_14932705-14933060__chr3L_14948136-14948479	False	False	1	1	1	1	1	1	1	BOTH	LR	0.038	27.4	1.4202164033831899
FBgn0036460_Spearman/chr3L_14936376-14936760__chr3L_14938074-14938558	True	True	0	1	1	0	0	0	0	NONE				
FBgn0036460_Spearman/chr3L_14936376-14936760__chr3L_14939995-14940646	True	False	1	0	0	1	0	0	0	NONE				
FBgn0036460_Spearman/chr3L_14936376-14936760__chr3L_14941342-14941625	True	False	0	0	1	0	0	0	0	NONE				
FBgn0036460_Spearman/chr3L_14936376-14936760__chr3L_14944241-14944774	False	False	1	1	1	0	1	0	1	LL_RR	RR	0.12	24.7	0.9208187539523752
FBgn0036460_Spearman/chr3L_14936376-14936760__chr3L_14948136-14948479	False	False	1	1	1	1	1	1	1	BOTH	LL	0.064	27.4	1.193820026016113
FBgn0036460_Spearman/chr3L_14938074-14938558__chr3L_14939995-14940646	True	True	1	1	0	0	1	0	1	LL_RR	LL	0.019	26.5	1.7212463990471711
FBgn0036460_Spearman/chr3L_14938074-14938558__chr3L_14941342-14941625	True	False	0	1	0	1	0	0	0	NONE				
FBgn0036460_Spearman/chr3L_14938074-14938558__chr3L_14944241-14944774	False	False	0	0	1	1	0	1	1	LR_RL	RL	0.036	26.5	1.4436974992327127
FBgn0036460_Spearman/chr3L_14938074-14938558__chr3L_14948136-14948479	False	False	1	1	1	0	1	0	1	LL_RR	RR	0.036	26.5	1.4436974992327127
FBgn0036460_Spearman/chr3L_14939995-14940646__chr3L_14941342-14941625	True	True	1	0	1	0	0	0	0	NONE				
FBgn0036460_Spearman/chr3L_14939995-14940646__chr3L_14944241-14944774	True	False	1	1	0	0	1	0	1	LL_RR	LL	0.038	26.5	1.4202164033831899
FBgn0036460_Spearman/chr3L_14939995-14940646__chr3L_14948136-14948479	False	False	0	0	1	0	0	0	0	NONE				
FBgn0036460_Spearman/chr3L_14941342-14941625__chr3L_14944241-14944774	True	True	0	1	1	0	0	0	0	NONE				
FBgn0036460_Spearman/chr3L_14941342-14941625__chr3L_14948136-14948479	False	False	0	1	0	1	0	0	0	NONE				
FBgn0036460_Spearman/chr3L_14944241-14944774__chr3L_14948136-14948479	True	True	1	0	1	0	0	0	0	NONE				
FBgn0036557_Spearman/chr3L_15984572-15984835__chr3L_15984916-15985116	True	True	0	0	1	0	0	0	0	NONE				
FBgn0036557_Spearman/chr3L_15984572-15984835__chr3L_15989718-15989918	True	False	1	0	0	0	0	0	0	NONE				
FBgn0036557_Spearman/chr3L_15984916-15985116__chr3L_15989718-15989918	True	True	0	0	0	0	0	0	0	NONE				
FBgn0036838_Spearman/chr3L_18966539-18966739__chr3L_18969320-18969520	True	True	1	1	1	0	1	0	1	LL_RR	LL	0.23	25.6	0.638272163982407
FBgn0036839_sm/chr3L_18976381-18976581__chr3L_19015534-19016171	False	False	0	1	0	1	0	0	0	NONE				
FBgn0036844_vm_sm/chr3L_19051116-19051316__chr3L_19130352-19131228	False	False	1	0	1	1	0	1	1	LR_RL	RL	0.064	27.4	1.193820026016113
FBgn0037001_Spearman/chr3L_20415984-20416184__chr3L_20459170-20459888	False	False	1	0	1	0	0	0	0	NONE				
FBgn0037001_vm/chr3L_20415688-20415906__chr3L_20448593-20448874	False	False	1	1	1	1	1	1	1	BOTH	RL	0.000123	36.5	3.910094888560602
FBgn0037007_vm/chr3L_20457312-20457678__chr3L_20459170-20459888	True	True	0	1	1	0	0	0	0	NONE				
FBgn0037207_meso/chr3L_22888570-22889072__chr3L_22893393-22893593	True	True	0	0	0	0	0	0	0	NONE				
FBgn0037207_vm/chr3L_22851931-22852313__chr3L_22946089-22946293	False	False	1	1	1	1	1	1	1	BOTH	RL	1.9400000000000003e-27	111.0	26.712198270069774
FBgn0037248_Spearman/chr3R_4433712-4433912__chr3R_4452493-4452808	False	False	1	1	0	1	1	0	1	LL_RR	LL	0.77	23.8	0.11350927482751812
FBgn0037275_sm/chr3R_4780432-4780632__chr3R_4806774-4807046	False	False	1	1	1	0	1	0	1	LL_RR	RR	0.22	25.6	0.6575773191777937
FBgn0037358_vm/chr3R_5670022-5670340__chr3R_5670936-5671400	True	True	0	1	1	0	0	0	0	NONE				
FBgn0037358_vm/chr3R_5670022-5670340__chr3R_5672628-5673052	True	False	1	1	0	1	1	0	1	LL_RR	RR	0.18	22.9	0.744727494896694
FBgn0037358_vm/chr3R_5670936-5671400__chr3R_5672628-5673052	True	True	1	1	1	0	1	0	1	LL_RR	LL	0.089	24.7	1.0506099933550872
FBgn0037439_sm/chr3R_6353539-6353883__chr3R_6394025-6394569	False	False	0	1	0	1	0	0	0	NONE				
FBgn0037439_sm/chr3R_6353539-6353883__chr3R_6409760-6410198	False	False	1	1	1	0	1	0	1	LL_RR	LL	0.064	26.5	1.193820026016113
FBgn0037439_sm/chr3R_6394025-6394569__chr3R_6409760-6410198	False	False	1	1	0	0	1	0	1	LL_RR	RR	0.005	30.1	2.3010299956639813
FBgn0037443_Spearman/chr3R_6435505-6435705__chr3R_6467754-6468039	False	False	1	1	1	0	1	0	1	LL_RR	RR	0.064	27.4	1.193820026016113
FBgn0037443_Spearman/chr3R_6435505-6435705__chr3R_6481705-6482044	False	False	1	1	1	1	1	1	1	BOTH	LL	0.018	29.2	1.744727494896694
FBgn0037443_Spearman/chr3R_6435505-6435705__chr3R_6484281-6484481	False	False	1	1	1	1	1	1	1	BOTH	LR	0.064	26.5	1.193820026016113
FBgn0037443_Spearman/chr3R_6467754-6468039__chr3R_6481705-6482044	False	False	1	1	1	1	1	1	1	BOTH	LL	0.018	29.2	1.744727494896694
FBgn0037443_Spearman/chr3R_6467754-6468039__chr3R_6484281-6484481	False	False	1	0	1	1	0	1	1	LR_RL	LR	0.005	30.1	2.3010299956639813
FBgn0037443_Spearman/chr3R_6481705-6482044__chr3R_6484281-6484481	True	True	1	1	1	0	1	0	1	LL_RR	LL	0.2	25.6	0.6989700043360187
FBgn0037447_vm_sm/chr3R_6467754-6468039__chr3R_6481705-6482044	False	False	1	1	1	1	1	1	1	BOTH	LL	0.018	29.2	1.744727494896694
FBgn0037561_Spearman/chr3R_8275099-8275299__chr3R_8285979-8286212	False	False	0	1	0	0	0	0	0	NONE				
FBgn0037608_sm/chr3R_8664993-8665193__chr3R_8668848-8669048	True	True	0	1	0	0	0	0	0	NONE				
FBgn0037608_sm/chr3R_8664993-8665193__chr3R_8669125-8669443	True	False	0	1	1	1	0	1	1	LR_RL	RL	1.04e-20	84.2	19.98296666070122
FBgn0037608_sm/chr3R_8664993-8665193__chr3R_8684628-8685183	False	False	0	0	0	1	0	0	0	NONE				
FBgn0037608_sm/chr3R_8668848-8669048__chr3R_8669125-8669443	True	True	1	0	1	0	0	0	0	NONE				
FBgn0037608_sm/chr3R_8668848-8669048__chr3R_8684628-8685183	False	False	1	0	1	0	0	0	0	NONE				
FBgn0037608_sm/chr3R_8669125-8669443__chr3R_8684628-8685183	False	False	0	1	0	1	0	0	0	NONE				
FBgn0037608_vm/chr3R_8664009-8664210__chr3R_8664993-8665193	True	True	0	1	1	0	0	0	0	NONE				
FBgn0037608_vm/chr3R_8664009-8664210__chr3R_8668848-8669048	True	False	0	1	1	1	0	1	1	LR_RL	RL	0.35	23.8	0.4559319556497244
FBgn0037608_vm/chr3R_8664009-8664210__chr3R_8684628-8685183	False	False	0	1	0	0	0	0	0	NONE				
FBgn0037608_vm/chr3R_8664993-8665193__chr3R_8668848-8669048	True	True	1	1	1	0	1	0	1	LL_RR	RR	1.21e-44	168.0	43.91721462968355
FBgn0037608_vm/chr3R_8664993-8665193__chr3R_8684628-8685183	False	False	0	0	1	1	0	1	1	LR_RL	RL	0.22	24.7	0.6575773191777937
FBgn0037608_vm/chr3R_8668848-8669048__chr3R_8684628-8685183	False	False	1	1	1	1	1	1	1	BOTH	RR	0.000123	35.6	3.910094888560602
FBgn0037635_vm/chr3R_8801188-8801499__chr3R_8812222-8812640	False	False	0	1	1	0	0	0	0	NONE				
FBgn0037635_vm/chr3R_8801188-8801499__chr3R_8846388-8846652	False	False	1	1	0	0	1	0	1	LL_RR	LL	0.77	22.9	0.11350927482751812
FBgn0037635_vm/chr3R_8801188-8801499__chr3R_8864161-8864361	False	False	1	0	1	0	0	0	0	NONE				
FBgn0037635_vm/chr3R_8812222-8812640__chr3R_8846388-8846652	False	False	1	1	1	1	1	1	1	BOTH	RL	0.018	28.3	1.744727494896694
FBgn0037635_vm/chr3R_8812222-8812640__chr3R_8864161-8864361	False	False	1	1	1	1	1	1	1	BOTH	LL	0.064	27.4	1.193820026016113
FBgn0037635_vm/chr3R_8846388-8846652__chr3R_8864161-8864361	False	False	1	1	1	1	1	1	1	BOTH	LL	0.018	29.2	1.744727494896694
FBgn0037637_sm/chr3R_8812222-8812640__chr3R_8849790-8850241	False	False	1	1	0	1	1	0	1	LL_RR	LL	0.064	26.5	1.193820026016113
FBgn0037637_sm/chr3R_8812222-8812640__chr3R_8857786-8857986	False	False	1	1	1	1	1	1	1	BOTH	RR	0.001	32.8	3.0
FBgn0037637_sm/chr3R_8812222-8812640__chr3R_8864161-8864361	False	False	1	1	1	1	1	1	1	BOTH	LL	0.064	27.4	1.193820026016113
FBgn0037637_sm/chr3R_8849790-8850241__chr3R_8857786-8857986	False	False	1	1	1	1	1	1	1	BOTH	LL	1.01e-05	39.2	4.995678626217358
FBgn0037637_sm/chr3R_8849790-8850241__chr3R_8864161-8864361	False	False	1	1	1	1	1	1	1	BOTH	RL	0.000428	33.7	3.3685562309868278
FBgn0037637_sm/chr3R_8857786-8857986__chr3R_8864161-8864361	False	False	1	0	0	1	0	0	0	NONE				
FBgn0037816_Spearman/chr3R_10382028-10382228__chr3R_10383102-10383302	True	True	1	1	1	0	1	0	1	LL_RR	RR	0.88	21.1	0.05551732784983137
FBgn0037816_Spearman/chr3R_10382028-10382228__chr3R_10385663-10385863	True	False	1	1	1	1	1	1	1	BOTH	LL	0.0	1729.0	300.0
FBgn0037816_Spearman/chr3R_10382028-10382228__chr3R_10386663-10386863	True	False	1	1	1	1	1	1	1	BOTH	RL	0.0	1439.0	300.0
FBgn0037816_Spearman/chr3R_10383102-10383302__chr3R_10385663-10385863	True	True	1	1	1	0	1	0	1	LL_RR	RR	0.81	21.1	0.09151498112135022
FBgn0037816_Spearman/chr3R_10383102-10383302__chr3R_10386663-10386863	True	False	1	1	1	1	1	1	1	BOTH	RR	0.0	2431.0	300.0
FBgn0037816_Spearman/chr3R_10385663-10385863__chr3R_10386663-10386863	True	True	1	1	1	0	1	0	1	LL_RR	LL	0.81	21.1	0.09151498112135022
FBgn0037816_sm/chr3R_10387951-10388335__chr3R_10536788-10537065	False	False	1	1	1	1	1	1	1	BOTH	LR	0.005	30.1	2.3010299956639813
FBgn0037835_vm_sm/chr3R_10777442-10777731__chr3R_10792254-10792567	False	False	1	0	1	1	0	1	1	LR_RL	RL	0.22	24.7	0.6575773191777937
FBgn0037835_vm_sm/chr3R_10777442-10777731__chr3R_10793522-10793813	False	False	1	0	0	0	0	0	0	NONE				
FBgn0037835_vm_sm/chr3R_10792254-10792567__chr3R_10793522-10793813	True	True	1	0	1	0	0	0	0	NONE				
FBgn0037892_Spearman/chr3R_11351913-11352365__chr3R_11352401-11352901	True	True	0	0	1	0	0	0	0	NONE				
FBgn0037892_Spearman/chr3R_11351913-11352365__chr3R_11353401-11353818	True	False	1	0	1	0	0	0	0	NONE				
FBgn0037892_Spearman/chr3R_11351913-11352365__chr3R_11372382-11372635	False	False	1	0	0	0	0	0	0	NONE				
FBgn0037892_Spearman/chr3R_11352401-11352901__chr3R_11353401-11353818	True	True	0	0	0	0	0	0	0	NONE				
FBgn0037892_Spearman/chr3R_11352401-11352901__chr3R_11372382-11372635	False	False	0	0	0	1	0	0	0	NONE				
FBgn0037892_Spearman/chr3R_11353401-11353818__chr3R_11372382-11372635	False	False	1	1	0	1	1	0	1	LL_RR	RR	0.018	29.2	1.744727494896694
FBgn0038056_sm/chr3R_12467679-12468072__chr3R_12477322-12477683	False	False	1	1	1	1	1	1	1	BOTH	RL	0.0	2615.0	300.0
FBgn0038056_sm/chr3R_12467679-12468072__chr3R_12502172-12502620	False	False	0	1	1	1	0	1	1	LR_RL	LR	0.0	4422.0	300.0
FBgn0038056_sm/chr3R_12467679-12468072__chr3R_12505525-12505897	False	False	1	1	1	1	1	1	1	BOTH	LR	0.0	4424.0	300.0
FBgn0038056_sm/chr3R_12477322-12477683__chr3R_12502172-12502620	False	False	1	1	1	1	1	1	1	BOTH	RL	0.0	2214.0	300.0
FBgn0038056_sm/chr3R_12477322-12477683__chr3R_12505525-12505897	False	False	1	1	1	1	1	1	1	BOTH	RL	2.5300000000000003e-32	128.0	31.59687947882418
FBgn0038056_sm/chr3R_12502172-12502620__chr3R_12505525-12505897	True	True	1	1	0	0	1	0	1	LL_RR	RR	0.0	4476.0	300.0
FBgn0038146_sm/chr3R_13372296-13372496__chr3R_13403135-13403355	False	False	1	0	1	1	0	1	1	LR_RL	RL	0.22	24.7	0.6575773191777937
FBgn0038244_meso_sm/chr3R_14586821-14587560__chr3R_14589659-14590058	True	True	1	1	1	0	1	0	1	LL_RR	RR	0.004	30.1	2.3979400086720375
FBgn0038252_sm/chr3R_14675887-14676292__chr3R_14713950-14714458	False	False	1	1	1	1	1	1	1	BOTH	LL	0.005	30.1	2.3010299956639813
FBgn0038252_sm/chr3R_14675887-14676292__chr3R_14717274-14717609	False	False	1	1	1	1	1	1	1	BOTH	LR	0.001	31.9	3.0
FBgn0038252_sm/chr3R_14713950-14714458__chr3R_14717274-14717609	True	True	1	1	1	0	1	0	1	LL_RR	RR	1.8e-09	51.8	8.744727494896694
FBgn0038292_vm/chr3R_15089634-15089885__chr3R_15091554-15092117	True	True	1	0	1	0	0	0	0	NONE				
FBgn0038292_vm/chr3R_15089634-15089885__chr3R_15121624-15122081	False	False	1	1	1	1	1	1	1	BOTH	RL	0.001	32.8	3.0
FBgn0038292_vm/chr3R_15091554-15092117__chr3R_15121624-15122081	False	False	1	1	1	1	1	1	1	BOTH	LL	0.001	32.8	3.0
FBgn0038293_sm/chr3R_15091554-15092117__chr3R_15121624-15122081	False	False	1	1	1	1	1	1	1	BOTH	LL	0.001	32.8	3.0
FBgn0038293_sm/chr3R_15091554-15092117__chr3R_15179459-15179659	False	False	1	1	1	1	1	1	1	BOTH	LL	0.000123	36.5	3.910094888560602
FBgn0038293_sm/chr3R_15121624-15122081__chr3R_15179459-15179659	False	False	1	1	1	1	1	1	1	BOTH	LL	0.005	31.0	2.3010299956639813
FBgn0038473_vm/chr3R_17067702-17068049__chr3R_17082131-17082723	False	False	1	1	0	1	1	0	1	LL_RR	LL	0.064	26.5	1.193820026016113
FBgn0038473_vm/chr3R_17067702-17068049__chr3R_17095604-17095904	False	False	1	1	1	1	1	1	1	BOTH	RR	0.005	30.1	2.3010299956639813
FBgn0038473_vm/chr3R_17082131-17082723__chr3R_17095604-17095904	False	False	0	0	1	0	0	0	0	NONE				
FBgn0038498_vm_sm/chr3R_17249151-17249776__chr3R_17346097-17346604	False	False	1	1	1	0	1	0	1	LL_RR	RR	0.22	25.6	0.6575773191777937
FBgn0038536_vm/chr3R_17705753-17706062__chr3R_17712387-17713045	False	False	1	1	1	1	1	1	1	BOTH	RR	0.064	27.4	1.193820026016113
FBgn0038536_vm_sm/chr3R_17681245-17681597__chr3R_17682975-17683237	True	True	1	1	1	0	1	0	1	LL_RR	LL	0.12	24.7	0.9208187539523752
FBgn0038546_vm/chr3R_17781166-17781592__chr3R_17785711-17786086	True	True	0	1	1	0	0	0	0	NONE				
FBgn0038683_sm/chr3R_19163765-19164167__chr3R_19165868-19166123	True	True	1	1	1	0	1	0	1	LL_RR	LL	0.043	27.4	1.3665315444204136
FBgn0038788_Spearman/chr3R_20264445-20264645__chr3R_20280523-20280723	False	False	1	1	1	1	1	1	1	BOTH	RR	0.064	27.4	1.193820026016113
FBgn0038925_vm_sm/chr3R_21965040-21965240__chr3R_22042244-22042444	False	False	1	1	1	1	1	1	1	BOTH	LR	0.22	25.6	0.6575773191777937
FBgn0038925_vm_sm/chr3R_21965040-21965240__chr3R_22047297-22047620	False	False	0	1	1	1	0	1	1	LR_RL	RL	0.005	31.0	2.3010299956639813
FBgn0038925_vm_sm/chr3R_21965040-21965240__chr3R_22053290-22053582	False	False	1	1	1	1	1	1	1	BOTH	LR	0.018	28.3	1.744727494896694
FBgn0038925_vm_sm/chr3R_22042244-22042444__chr3R_22047297-22047620	True	True	1	0	1	0	0	0	0	NONE				
FBgn0038925_vm_sm/chr3R_22042244-22042444__chr3R_22053290-22053582	False	False	1	1	1	1	1	1	1	BOTH	RL	0.018	29.2	1.744727494896694
FBgn0038925_vm_sm/chr3R_22047297-22047620__chr3R_22053290-22053582	False	False	1	1	1	1	1	1	1	BOTH	LL	1.01e-05	40.1	4.995678626217358
FBgn0039039_Spearman/chr3R_23037946-23038146__chr3R_23038606-23038806	True	True	0	1	1	0	0	0	0	NONE				
FBgn0039039_sm/chr3R_23026747-23027256__chr3R_23038157-23038558	False	False	1	1	1	1	1	1	1	BOTH	RL	0.001	31.9	3.0
FBgn0039039_vm/chr3R_23026747-23027256__chr3R_23029409-23029889	True	True	1	1	1	0	1	0	1	LL_RR	LL	0.004	30.1	2.3979400086720375
FBgn0039627_Spearman/chr3R_29064683-29065106__chr3R_29065872-29066072	True	True	1	1	1	0	1	0	1	LL_RR	LL	0.067	24.7	1.1739251972991736
FBgn0039667_Spearman/chr3R_29510492-29510976__chr3R_29511283-29511790	True	True	1	1	1	0	1	0	1	LL_RR	LL	0.091	23.8	1.0409586076789064
FBgn0039667_vm/chr3R_29458865-29459227__chr3R_29480007-29480263	False	False	1	1	0	1	1	0	1	LL_RR	LL	0.064	26.5	1.193820026016113
FBgn0039667_vm_sm/chr3R_29457322-29457679__chr3R_29476471-29476689	False	False	1	1	1	1	1	1	1	BOTH	LL	1.01e-05	39.2	4.995678626217358
FBgn0039667_vm_sm/chr3R_29457322-29457679__chr3R_29496327-29496564	False	False	1	1	1	1	1	1	1	BOTH	LL	0.005	31.0	2.3010299956639813
FBgn0039667_vm_sm/chr3R_29476471-29476689__chr3R_29496327-29496564	False	False	1	1	1	1	1	1	1	BOTH	RR	0.000123	35.6	3.910094888560602
FBgn0039863_Spearman/chr3R_31701754-31702148__chr3R_31704699-31705265	True	True	1	1	0	0	1	0	1	LL_RR	RR	0.23	25.6	0.638272163982407
FBgn0040066_sm/chrX_2478545-2478872__chrX_2479970-2480240	True	True	1	1	1	0	1	0	1	LL_RR	RR	5.35e-05	35.6	4.2716462179787715
FBgn0040071_Spearman/chr3R_16208035-16208235__chr3R_16234208-16234580	False	False	1	1	1	1	1	1	1	BOTH	LR	0.096	24.7	1.0177287669604316
FBgn0040071_Spearman/chr3R_16208035-16208235__chr3R_16235670-16236148	False	False	1	1	1	1	1	1	1	BOTH	LL	0.096	24.7	1.0177287669604316
FBgn0040071_Spearman/chr3R_16208035-16208235__chr3R_16236366-16236648	False	False	1	1	1	1	1	1	1	BOTH	LR	0.001	32.8	3.0
FBgn0040071_Spearman/chr3R_16208035-16208235__chr3R_16242325-16242715	False	False	1	1	1	1	1	1	1	BOTH	RL	0.001	31.9	3.0
FBgn0040071_Spearman/chr3R_16208035-16208235__chr3R_16254794-16255607	False	False	1	1	1	1	1	1	1	BOTH	LL	4.57e-10	54.5	9.34008379993015
FBgn0040071_Spearman/chr3R_16208035-16208235__chr3R_16256084-16256284	False	False	1	1	1	1	1	1	1	BOTH	LR	5.57e-09	50.0	8.254144804826272
FBgn0040071_Spearman/chr3R_16234208-16234580__chr3R_16235670-16236148	True	True	0	1	1	0	0	0	0	NONE				
FBgn0040071_Spearman/chr3R_16234208-16234580__chr3R_16236366-16236648	True	False	1	1	1	1	1	1	1	BOTH	RR	0.008	29.2	2.0969100130080562
FBgn0040071_Spearman/chr3R_16234208-16234580__chr3R_16242325-16242715	False	False	1	0	1	0	0	0	0	NONE				
FBgn0040071_Spearman/chr3R_16234208-16234580__chr3R_16254794-16255607	False	False	1	0	1	1	0	1	1	LR_RL	RL	4.36e-06	39.2	5.360513510731414
FBgn0040071_Spearman/chr3R_16234208-16234580__chr3R_16256084-16256284	False	False	1	0	1	0	0	0	0	NONE				
FBgn0040071_Spearman/chr3R_16235670-16236148__chr3R_16236366-16236648	True	True	1	1	1	0	1	0	1	LL_RR	RR	0.064	22.9	1.193820026016113
FBgn0040071_Spearman/chr3R_16235670-16236148__chr3R_16242325-16242715	False	False	0	0	0	1	0	0	0	NONE				
FBgn0040071_Spearman/chr3R_16235670-16236148__chr3R_16254794-16255607	False	False	1	0	0	0	0	0	0	NONE				
FBgn0040071_Spearman/chr3R_16235670-16236148__chr3R_16256084-16256284	False	False	0	0	0	0	0	0	0	NONE				
FBgn0040071_Spearman/chr3R_16236366-16236648__chr3R_16242325-16242715	False	False	1	1	0	1	1	0	1	LL_RR	RR	0.018	29.2	1.744727494896694
FBgn0040071_Spearman/chr3R_16236366-16236648__chr3R_16254794-16255607	False	False	0	1	0	1	0	0	0	NONE				
FBgn0040071_Spearman/chr3R_16236366-16236648__chr3R_16256084-16256284	False	False	0	1	0	1	0	0	0	NONE				
FBgn0040071_Spearman/chr3R_16242325-16242715__chr3R_16254794-16255607	False	False	1	0	1	1	0	1	1	LR_RL	RL	0.005	30.1	2.3010299956639813
FBgn0040071_Spearman/chr3R_16242325-16242715__chr3R_16256084-16256284	False	False	1	1	1	0	1	0	1	LL_RR	LL	0.012	27.4	1.9208187539523751
FBgn0040071_Spearman/chr3R_16254794-16255607__chr3R_16256084-16256284	True	True	1	0	1	0	0	0	0	NONE				
FBgn0040071_sm/chr3R_16234208-16234580__chr3R_16242325-16242715	False	False	1	1	1	1	1	1	1	BOTH	LL	3.51e-05	37.4	4.454692883534176
FBgn0040071_sm/chr3R_16234208-16234580__chr3R_16281158-16281613	False	False	1	1	1	1	1	1	1	BOTH	LR	0.018	29.2	1.744727494896694
FBgn0040071_sm/chr3R_16242325-16242715__chr3R_16281158-16281613	False	False	1	1	1	1	1	1	1	BOTH	LR	0.064	26.5	1.193820026016113
FBgn0040271_sm/chr3R_16329845-16330045__chr3R_16341799-16342309	False	False	1	1	1	1	1	1	1	BOTH	RL	0.22	24.7	0.6575773191777937
FBgn0040305_vm/chr3L_9413206-9413480__chr3L_9413658-9413858	True	True	0	0	0	0	0	0	0	NONE				
FBgn0040383_sm/chrX_664986-665230__chrX_735534-735828	False	False	1	1	1	1	1	1	1	BOTH	RR	0.22	25.6	0.6575773191777937
FBgn0040389_Spearman/chrX_2270820-2271020__chrX_2282017-2282260	False	False	1	1	1	1	1	1	1	BOTH	RL	0.005	31.0	2.3010299956639813
FBgn0040389_sm/chrX_2294580-2295057__chrX_2296356-2296737	True	True	1	1	1	0	1	0	1	LL_RR	RR	0.000772	31.9	3.112382699664264
FBgn0041096_Spearman/chr3L_12063986-12064331__chr3L_12082643-12082843	False	False	1	1	1	1	1	1	1	BOTH	LR	0.018	28.3	1.744727494896694
FBgn0041096_vm_sm/chr3L_11973666-11973958__chr3L_12043527-12044019	False	False	0	1	0	1	0	0	0	NONE				
FBgn0041096_vm_sm/chr3L_11973666-11973958__chr3L_12044554-12045005	False	False	0	1	0	1	0	0	0	NONE				
FBgn0041096_vm_sm/chr3L_11973666-11973958__chr3L_12047380-12047625	False	False	0	0	0	1	0	0	0	NONE				
FBgn0041096_vm_sm/chr3L_12043527-12044019__chr3L_12044554-12045005	True	True	0	1	1	0	0	0	0	NONE				
FBgn0041096_vm_sm/chr3L_12043527-12044019__chr3L_12047380-12047625	True	False	1	1	1	1	1	1	1	BOTH	RL	0.044	25.6	1.3565473235138126
FBgn0041096_vm_sm/chr3L_12044554-12045005__chr3L_12047380-12047625	True	True	1	1	1	0	1	0	1	LL_RR	LL	0.044	24.7	1.3565473235138126
FBgn0041604_sm/chr3L_14635397-14635808__chr3L_14636483-14636932	True	True	1	1	1	0	1	0	1	LL_RR	LL	0.017	26.5	1.7695510786217261
FBgn0041604_sm/chr3L_14635397-14635808__chr3L_14646221-14646447	False	False	1	1	1	1	1	1	1	BOTH	RL	0.059	26.5	1.2291479883578558
FBgn0041604_sm/chr3L_14636483-14636932__chr3L_14646221-14646447	False	False	1	1	1	1	1	1	1	BOTH	LL	0.059	26.5	1.2291479883578558
FBgn0042650_vm/chrX_16040766-16041067__chrX_16080250-16080450	False	False	1	0	0	1	0	0	0	NONE				
FBgn0042650_vm/chrX_16040766-16041067__chrX_16108626-16109199	False	False	0	1	1	0	0	0	0	NONE				
FBgn0042650_vm/chrX_16080250-16080450__chrX_16108626-16109199	False	False	1	1	1	1	1	1	1	BOTH	RR	0.000428	34.6	3.3685562309868278
FBgn0045759_Spearman/chr3L_6962082-6962696__chr3L_6964398-6964598	True	True	0	1	1	0	0	0	0	NONE				
FBgn0045759_vm/chr3L_6959693-6959979__chr3L_6961086-6961344	True	True	1	0	1	0	0	0	0	NONE				
FBgn0045759_vm/chr3L_6959693-6959979__chr3L_6968332-6968548	False	False	1	1	1	1	1	1	1	BOTH	LR	0.064	27.4	1.193820026016113
FBgn0045759_vm/chr3L_6961086-6961344__chr3L_6968332-6968548	False	False	1	1	1	1	1	1	1	BOTH	LL	0.098	25.6	1.0087739243075051
FBgn0050021_sm/chr2R_10823498-10823995__chr2R_10827814-10828308	True	True	1	1	1	0	1	0	1	LL_RR	RR	0.008	30.1	2.0969100130080562
FBgn0050460_vm_sm/chr2R_16703381-16703786__chr2R_16705772-16705972	True	True	1	1	0	0	1	0	1	LL_RR	LL	0.61	23.8	0.21467016498923297
FBgn0051368_vm/chr3R_11851860-11852150__chr3R_11852470-11852670	True	True	1	1	1	0	1	0	1	LL_RR	RR	0.027	24.7	1.5686362358410126
FBgn0051536_Spearman/chr3R_4979211-4979648__chr3R_4980433-4980891	True	True	1	1	0	0	1	0	1	LL_RR	RR	0.24	22.9	0.619788758288394
FBgn0051536_meso/chr3R_4976947-4977343__chr3R_4979211-4979648	True	True	1	1	0	0	1	0	1	LL_RR	LL	7.5e-06	40.1	5.1249387366083
FBgn0051536_vm/chr3R_4974418-4974807__chr3R_4992040-4992492	False	False	1	0	1	1	0	1	1	LR_RL	LR	0.22	24.7	0.6575773191777937
FBgn0051999_vm_sm/chr4_225484-225868__chr4_276036-276284	False	False	1	1	1	1	1	1	1	BOTH	RL	0.001	32.8	3.0
FBgn0052296_vm_sm/chr3L_2728464-2728664__chr3L_2732331-2732531	True	True	0	1	1	0	0	0	0	NONE				
FBgn0052296_vm_sm/chr3L_2728464-2728664__chr3L_2745584-2745810	False	False	1	1	1	0	1	0	1	LL_RR	LL	0.064	26.5	1.193820026016113
FBgn0052296_vm_sm/chr3L_2732331-2732531__chr3L_2745584-2745810	False	False	1	1	1	1	1	1	1	BOTH	LR	0.001	31.9	3.0
FBgn0052344_sm/chr3L_302973-303714__chr3L_304295-305216	True	True	0	1	1	0	0	0	0	NONE				
FBgn0052528_Spearman/chrX_19713152-19713438__chrX_19713966-19714243	True	True	1	0	1	0	0	0	0	NONE				
FBgn0052528_Spearman/chrX_19713152-19713438__chrX_19714899-19715388	True	False	1	1	1	0	1	0	1	LL_RR	RR	8.84e-05	33.7	4.053547734986927
FBgn0052528_Spearman/chrX_19713152-19713438__chrX_19717880-19718080	True	False	1	0	1	1	0	1	1	LR_RL	LR	3.51e-05	38.3	4.454692883534176
FBgn0052528_Spearman/chrX_19713966-19714243__chrX_19714899-19715388	True	True	0	0	1	0	0	0	0	NONE				
FBgn0052528_Spearman/chrX_19713966-19714243__chrX_19717880-19718080	True	False	1	1	0	0	1	0	1	LL_RR	LL	8.84e-05	33.7	4.053547734986927
FBgn0052528_Spearman/chrX_19714899-19715388__chrX_19717880-19718080	True	True	0	0	1	0	0	0	0	NONE				
FBgn0052528_meso/chrX_19712135-19712461__chrX_19713152-19713438	True	True	1	1	1	0	1	0	1	LL_RR	LL	0.005	29.2	2.3010299956639813
FBgn0052982_meso/chr2L_9145723-9146075__chr2L_9150928-9151180	True	True	1	1	1	0	1	0	1	LL_RR	LL	0.035	29.2	1.4559319556497243
FBgn0053144_vm/chr2R_10362752-10363059__chr2R_10400185-10400401	False	False	1	1	1	1	1	1	1	BOTH	LR	0.064	26.5	1.193820026016113
FBgn0053207_Spearman/chr3R_15639984-15640424__chr3R_15643161-15643399	True	True	1	1	1	0	1	0	1	LL_RR	LL	0.02	29.2	1.6989700043360187
FBgn0053207_Spearman/chr3R_15639984-15640424__chr3R_15647486-15647986	False	False	0	1	1	1	0	1	1	LR_RL	LR	0.12	24.7	0.9208187539523752
FBgn0053207_Spearman/chr3R_15639984-15640424__chr3R_15649388-15650148	False	False	1	1	1	1	1	1	1	BOTH	RR	0.000123	35.6	3.910094888560602
FBgn0053207_Spearman/chr3R_15639984-15640424__chr3R_15668979-15669269	False	False	1	0	1	1	0	1	1	LR_RL	LR	0.04	26.5	1.3979400086720375
FBgn0053207_Spearman/chr3R_15639984-15640424__chr3R_15670860-15671233	False	False	1	1	0	0	1	0	1	LL_RR	LL	0.04	26.5	1.3979400086720375
FBgn0053207_Spearman/chr3R_15639984-15640424__chr3R_15671596-15671796	False	False	0	1	1	1	0	1	1	LR_RL	RL	0.11	25.6	0.958607314841775
FBgn0053207_Spearman/chr3R_15643161-15643399__chr3R_15647486-15647986	True	True	1	1	1	0	1	0	1	LL_RR	RR	0.2	25.6	0.6989700043360187
FBgn0053207_Spearman/chr3R_15643161-15643399__chr3R_15649388-15650148	False	False	1	1	1	1	1	1	1	BOTH	LR	0.000123	35.6	3.910094888560602
FBgn0053207_Spearman/chr3R_15643161-15643399__chr3R_15668979-15669269	False	False	1	1	0	1	1	0	1	LL_RR	RR	0.14	24.7	0.8538719643217619
FBgn0053207_Spearman/chr3R_15643161-15643399__chr3R_15670860-15671233	False	False	0	1	1	1	0	1	1	LR_RL	RL	0.14	24.7	0.8538719643217619
FBgn0053207_Spearman/chr3R_15643161-15643399__chr3R_15671596-15671796	False	False	1	0	1	1	0	1	1	LR_RL	LR	0.064	26.5	1.193820026016113
FBgn0053207_Spearman/chr3R_15647486-15647986__chr3R_15649388-15650148	True	True	1	1	1	0	1	0	1	LL_RR	LL	0.12	24.7	0.9208187539523752
FBgn0053207_Spearman/chr3R_15647486-15647986__chr3R_15668979-15669269	False	False	1	1	1	0	1	0	1	LL_RR	RR	0.079	25.6	1.1023729087095586
FBgn0053207_Spearman/chr3R_15647486-15647986__chr3R_15670860-15671233	False	False	1	1	1	1	1	1	1	BOTH	RL	0.079	25.6	1.1023729087095586
FBgn0053207_Spearman/chr3R_15647486-15647986__chr3R_15671596-15671796	False	False	1	0	1	1	0	1	1	LR_RL	LR	0.018	28.3	1.744727494896694
FBgn0053207_Spearman/chr3R_15649388-15650148__chr3R_15668979-15669269	False	False	0	0	1	1	0	1	1	LR_RL	LR	0.079	25.6	1.1023729087095586
FBgn0053207_Spearman/chr3R_15649388-15650148__chr3R_15670860-15671233	False	False	1	1	1	0	1	0	1	LL_RR	LL	0.079	25.6	1.1023729087095586
FBgn0053207_Spearman/chr3R_15649388-15650148__chr3R_15671596-15671796	False	False	1	1	0	1	1	0	1	LL_RR	LL	0.21	22.9	0.6777807052660807
FBgn0053207_Spearman/chr3R_15668979-15669269__chr3R_15670860-15671233	True	True	1	1	1	0	1	0	1	LL_RR	RR	0.24	22.9	0.619788758288394
FBgn0053207_Spearman/chr3R_15668979-15669269__chr3R_15671596-15671796	True	False	1	1	1	1	1	1	1	BOTH	RR	0.14	24.7	0.8538719643217619
FBgn0053207_Spearman/chr3R_15670860-15671233__chr3R_15671596-15671796	True	True	1	1	1	0	1	0	1	LL_RR	RR	0.11	22.9	0.958607314841775
FBgn0053207_sm/chr3R_15587263-15587689__chr3R_15639984-15640424	False	False	1	1	1	0	1	0	1	LL_RR	RR	0.064	26.5	1.193820026016113
FBgn0053207_sm/chr3R_15587263-15587689__chr3R_15664641-15665034	False	False	1	1	1	0	1	0	1	LL_RR	RR	0.22	24.7	0.6575773191777937
FBgn0053207_sm/chr3R_15639984-15640424__chr3R_15664641-15665034	False	False	1	1	0	1	1	0	1	LL_RR	LL	0.064	26.5	1.193820026016113
FBgn0053207_vm/chr3R_15644040-15644368__chr3R_15664641-15665034	False	False	1	1	1	1	1	1	1	BOTH	LL	0.005	31.0	2.3010299956639813
FBgn0053208_sm/chr3R_9918181-9918520__chr3R_10030129-10030427	False	False	1	0	1	1	0	1	1	LR_RL	LR	0.018	28.3	1.744727494896694
FBgn0082585_Spearman/chr2R_11027192-11027545__chr2R_11029627-11029827	True	True	1	1	1	0	1	0	1	LL_RR	LL	0.015	28.3	1.8239087409443189
FBgn0083919_sm/chr2R_15362583-15363071__chr2R_15377471-15377749	False	False	1	1	1	1	1	1	1	BOTH	RR	0.018	29.2	1.744727494896694
FBgn0083981_vm/chrX_20583131-20583750__chrX_20587174-20587464	True	True	1	0	1	0	0	0	0	NONE				
FBgn0085387_sm/chrX_20718699-20718899__chrX_20730577-20730852	False	False	1	1	0	1	1	0	1	LL_RR	LL	0.064	26.5	1.193820026016113
FBgn0086906_Spearman/chr3L_2091115-2091413__chr3L_2098335-2098584	False	False	0	1	0	0	0	0	0	NONE				
FBgn0086906_sm/chr3L_2073248-2073448__chr3L_2098335-2098584	False	False	1	1	0	1	1	0	1	LL_RR	RR	0.042	24.7	1.3767507096020994
FBgn0086906_sm/chr3L_2073248-2073448__chr3L_2099069-2099450	False	False	0	0	0	1	0	0	0	NONE				
FBgn0086906_sm/chr3L_2073248-2073448__chr3L_2139317-2139517	False	False	0	1	1	1	0	1	1	LR_RL	LR	0.77	22.9	0.11350927482751812
FBgn0086906_sm/chr3L_2098335-2098584__chr3L_2099069-2099450	True	True	1	1	1	0	1	0	1	LL_RR	RR	1.57e-07	42.8	6.804100347590766
FBgn0086906_sm/chr3L_2098335-2098584__chr3L_2139317-2139517	False	False	1	1	0	0	1	0	1	LL_RR	RR	0.51	22.9	0.2924298239020636
FBgn0086906_sm/chr3L_2099069-2099450__chr3L_2139317-2139517	False	False	0	0	1	1	0	1	1	LR_RL	RL	0.064	26.5	1.193820026016113
FBgn0250906_sm/chr2L_2731925-2732219__chr2L_2754369-2754751	False	False	1	1	1	1	1	1	1	BOTH	RR	0.000428	34.6	3.3685562309868278
FBgn0259678_sm/chr2R_9318986-9319419__chr2R_9372513-9372734	False	False	1	1	0	1	1	0	1	LL_RR	RR	0.045	26.5	1.3467874862246563
FBgn0259678_sm/chr2R_9318986-9319419__chr2R_9374511-9374908	False	False	0	1	1	1	0	1	1	LR_RL	RL	0.045	26.5	1.3467874862246563
FBgn0259678_sm/chr2R_9372513-9372734__chr2R_9374511-9374908	True	True	0	0	1	0	0	0	0	NONE				
FBgn0260642_Spearman/chr3R_6854324-6854718__chr3R_6881766-6882026	False	False	1	0	1	1	0	1	1	LR_RL	RL	0.22	24.7	0.6575773191777937
FBgn0260642_sm/chr3R_6854324-6854718__chr3R_6870932-6871323	False	False	1	1	0	1	1	0	1	LL_RR	RR	0.064	26.5	1.193820026016113
FBgn0260642_sm/chr3R_6854324-6854718__chr3R_6932962-6933173	False	False	1	1	1	1	1	1	1	BOTH	LL	0.22	24.7	0.6575773191777937
FBgn0260642_sm/chr3R_6854324-6854718__chr3R_6966630-6967006	False	False	1	0	1	1	0	1	1	LR_RL	RL	0.064	27.4	1.193820026016113
FBgn0260642_sm/chr3R_6854324-6854718__chr3R_6970146-6970346	False	False	1	1	1	1	1	1	1	BOTH	LR	0.005	30.1	2.3010299956639813
FBgn0260642_sm/chr3R_6870932-6871323__chr3R_6932962-6933173	False	False	1	1	1	1	1	1	1	BOTH	RR	0.018	28.3	1.744727494896694
FBgn0260642_sm/chr3R_6870932-6871323__chr3R_6966630-6967006	False	False	1	0	1	1	0	1	1	LR_RL	LR	0.005	30.1	2.3010299956639813
FBgn0260642_sm/chr3R_6870932-6871323__chr3R_6970146-6970346	False	False	1	1	1	0	1	0	1	LL_RR	LL	0.005	30.1	2.3010299956639813
FBgn0260642_sm/chr3R_6932962-6933173__chr3R_6966630-6967006	False	False	1	1	1	1	1	1	1	BOTH	RR	0.005	31.0	2.3010299956639813
FBgn0260642_sm/chr3R_6932962-6933173__chr3R_6970146-6970346	False	False	1	0	1	1	0	1	1	LR_RL	LR	0.064	26.5	1.193820026016113
FBgn0260642_sm/chr3R_6966630-6967006__chr3R_6970146-6970346	True	True	1	1	1	0	1	0	1	LL_RR	LL	0.08	27.4	1.0969100130080565
FBgn0261245_vm_sm/chrX_16618927-16619240__chrX_16629633-16629833	False	False	0	0	0	0	0	0	0	NONE				
FBgn0261245_vm_sm/chrX_16618927-16619240__chrX_16630526-16630911	False	False	0	0	1	0	0	0	0	NONE				
FBgn0261245_vm_sm/chrX_16618927-16619240__chrX_16631143-16631343	False	False	1	1	0	0	1	0	1	LL_RR	LL	0.02	24.7	1.6989700043360187
FBgn0261245_vm_sm/chrX_16629633-16629833__chrX_16630526-16630911	True	True	0	0	1	0	0	0	0	NONE				
FBgn0261245_vm_sm/chrX_16629633-16629833__chrX_16631143-16631343	True	False	1	0	0	0	0	0	0	NONE				
FBgn0261245_vm_sm/chrX_16630526-16630911__chrX_16631143-16631343	True	True	0	0	0	0	0	0	0	NONE				
FBgn0261286_vm/chr3R_16234208-16234580__chr3R_16249888-16250609	False	False	0	1	1	1	0	1	1	LR_RL	RL	0.018	28.3	1.744727494896694
FBgn0261286_vm/chr3R_16234208-16234580__chr3R_16281158-16281613	False	False	1	1	1	1	1	1	1	BOTH	LR	0.018	29.2	1.744727494896694
FBgn0261286_vm/chr3R_16249888-16250609__chr3R_16281158-16281613	False	False	1	1	1	1	1	1	1	BOTH	LR	0.018	29.2	1.744727494896694
FBgn0261439_vm_sm/chr2R_18999818-19000573__chr2R_19038773-19039303	False	False	0	1	1	0	0	0	0	NONE				
FBgn0261439_vm_sm/chr2R_18999818-19000573__chr2R_19042052-19042549	False	False	1	1	1	1	1	1	1	BOTH	LL	0.018	28.3	1.744727494896694
FBgn0261439_vm_sm/chr2R_19038773-19039303__chr2R_19042052-19042549	True	True	1	1	1	0	1	0	1	LL_RR	LL	0.24	24.7	0.619788758288394
FBgn0261565_vm_sm/chr3L_16826033-16826304__chr3L_16883239-16883440	False	False	1	1	1	1	1	1	1	BOTH	RL	0.018	29.2	1.744727494896694
FBgn0261648_vm/chr2L_11415248-11415544__chr2L_11452852-11453384	False	False	1	1	1	1	1	1	1	BOTH	RL	0.001	31.9	3.0
FBgn0261648_vm/chr2L_11415248-11415544__chr2L_11458598-11459020	False	False	1	1	1	1	1	1	1	BOTH	RL	0.018	28.3	1.744727494896694
FBgn0261648_vm/chr2L_11452852-11453384__chr2L_11458598-11459020	False	False	1	1	1	0	1	0	1	LL_RR	RR	0.22	24.7	0.6575773191777937
FBgn0261800_Spearman/chr2L_7810046-7810246__chr2L_7828777-7829096	False	False	1	1	1	1	1	1	1	BOTH	RL	0.005	31.0	2.3010299956639813
FBgn0261800_sm/chr2L_7808917-7809117__chr2L_7810046-7810246	True	True	1	1	1	0	1	0	1	LL_RR	RR	0.15	23.8	0.8239087409443188
FBgn0261800_sm/chr2L_7808917-7809117__chr2L_7811525-7811900	True	False	1	1	1	1	1	1	1	BOTH	RR	0.023	26.5	1.6382721639824072
FBgn0261800_sm/chr2L_7810046-7810246__chr2L_7811525-7811900	True	True	1	1	1	0	1	0	1	LL_RR	RR	0.032	27.4	1.494850021680094
FBgn0261836_vm_sm/chr2L_5101041-5101539__chr2L_5105118-5105417	True	True	1	1	1	0	1	0	1	LL_RR	RR	0.091	26.5	1.0409586076789064
FBgn0262656_Spearman/chrX_3306185-3306699__chrX_3329089-3329713	False	False	1	1	1	1	1	1	1	BOTH	RL	1.94e-08	48.2	7.712198270069774
FBgn0263118_Spearman/chr3R_26441174-26441374__chr3R_26442751-26442951	True	True	1	0	0	0	0	0	0	NONE				
FBgn0263118_Spearman/chr3R_26441174-26441374__chr3R_26443275-26443523	True	False	0	1	1	0	0	0	0	NONE				
FBgn0263118_Spearman/chr3R_26442751-26442951__chr3R_26443275-26443523	True	True	0	1	1	0	0	0	0	NONE				
FBgn0263133_sm/chr2L_7157539-7157943__chr2L_7277249-7277482	False	False	1	1	1	1	1	1	1	BOTH	LL	0.064	26.5	1.193820026016113
FBgn0264001_vm/chr3L_13500764-13501176__chr3L_13641091-13641350	False	False	1	1	1	1	1	1	1	BOTH	RR	2.88e-06	41.0	5.540607512240769
FBgn0264001_vm/chr3L_13500764-13501176__chr3L_13646895-13647219	False	False	1	1	1	1	1	1	1	BOTH	LR	0.005	31.0	2.3010299956639813
FBgn0264001_vm/chr3L_13500764-13501176__chr3L_13655496-13656117	False	False	1	0	1	1	0	1	1	LR_RL	RL	0.22	25.6	0.6575773191777937
FBgn0264001_vm/chr3L_13500764-13501176__chr3L_13657717-13657980	False	False	1	1	1	0	1	0	1	LL_RR	RR	0.018	29.2	1.744727494896694
FBgn0264001_vm/chr3L_13500764-13501176__chr3L_13834627-13835094	False	False	1	1	1	0	1	0	1	LL_RR	LL	0.000123	36.5	3.910094888560602
FBgn0264001_vm/chr3L_13641091-13641350__chr3L_13646895-13647219	False	False	1	0	0	1	0	0	0	NONE				
FBgn0264001_vm/chr3L_13641091-13641350__chr3L_13655496-13656117	False	False	1	1	1	1	1	1	1	BOTH	LR	0.041	27.4	1.3872161432802645
FBgn0264001_vm/chr3L_13641091-13641350__chr3L_13657717-13657980	False	False	1	0	1	1	0	1	1	LR_RL	LR	0.22	24.7	0.6575773191777937
FBgn0264001_vm/chr3L_13641091-13641350__chr3L_13834627-13835094	False	False	1	1	1	1	1	1	1	BOTH	LR	0.018	28.3	1.744727494896694
FBgn0264001_vm/chr3L_13646895-13647219__chr3L_13655496-13656117	False	False	1	1	0	1	1	0	1	LL_RR	RR	0.14	25.6	0.8538719643217619
FBgn0264001_vm/chr3L_13646895-13647219__chr3L_13657717-13657980	False	False	0	1	1	1	0	1	1	LR_RL	LR	0.018	29.2	1.744727494896694
FBgn0264001_vm/chr3L_13646895-13647219__chr3L_13834627-13835094	False	False	1	1	1	1	1	1	1	BOTH	LL	0.018	28.3	1.744727494896694
FBgn0264001_vm/chr3L_13655496-13656117__chr3L_13657717-13657980	True	True	1	1	1	0	1	0	1	LL_RR	LL	0.041	26.5	1.3872161432802645
FBgn0264001_vm/chr3L_13655496-13656117__chr3L_13834627-13835094	False	False	1	1	1	1	1	1	1	BOTH	RL	0.041	27.4	1.3872161432802645
FBgn0264001_vm/chr3L_13657717-13657980__chr3L_13834627-13835094	False	False	1	1	1	1	1	1	1	BOTH	RR	0.005	31.0	2.3010299956639813
Optix/chr2R_8046126-8047096__chr2R_8049875-8050664	True	True	1	1	1	0	1	0	1	LL_RR	RR	0.02	28.3	1.6989700043360187
SoxN/chr2L_8789123-8789689__chr2L_8809398-8810868	False	False	1	0	0	0	0	0	0	NONE				
SoxN/chr2L_8789123-8789689__chr2L_8811130-8811511	False	False	0	1	1	0	0	0	0	NONE				
SoxN/chr2L_8789123-8789689__chr2L_8840416-8841144	False	False	1	1	0	1	1	0	1	LL_RR	RR	0.17	25.6	0.769551078621726
SoxN/chr2L_8789123-8789689__chr2L_8841314-8841573	False	False	0	0	0	1	0	0	0	NONE				
SoxN/chr2L_8789123-8789689__chr2L_8842046-8842771	False	False	0	1	1	0	0	0	0	NONE				
SoxN/chr2L_8789123-8789689__chr2L_8843634-8843738	False	False	1	1	1	1	1	1	1	BOTH	LL	0.006	29.2	2.221848749616356
SoxN/chr2L_8789123-8789689__chr2L_8845956-8846437	False	False	1	0	0	1	0	0	0	NONE				
SoxN/chr2L_8789123-8789689__chr2L_8846495-8847235	False	False	0	1	0	0	0	0	0	NONE				
SoxN/chr2L_8809398-8810868__chr2L_8811130-8811511	True	True	1	0	1	0	0	0	0	NONE				
SoxN/chr2L_8809398-8810868__chr2L_8840416-8841144	False	False	1	0	0	1	0	0	0	NONE				
SoxN/chr2L_8809398-8810868__chr2L_8841314-8841573	False	False	0	0	0	0	0	0	0	NONE				
SoxN/chr2L_8809398-8810868__chr2L_8842046-8842771	False	False	0	1	1	0	0	0	0	NONE				
SoxN/chr2L_8809398-8810868__chr2L_8843634-8843738	False	False	1	0	0	1	0	0	0	NONE				
SoxN/chr2L_8809398-8810868__chr2L_8845956-8846437	False	False	0	1	0	0	0	0	0	NONE				
SoxN/chr2L_8809398-8810868__chr2L_8846495-8847235	False	False	0	0	1	1	0	1	1	LR_RL	RL	0.000131	26.5	3.8827287043442356
SoxN/chr2L_8811130-8811511__chr2L_8840416-8841144	False	False	1	0	0	1	0	0	0	NONE				
SoxN/chr2L_8811130-8811511__chr2L_8841314-8841573	False	False	0	1	0	0	0	0	0	NONE				
SoxN/chr2L_8811130-8811511__chr2L_8842046-8842771	False	False	0	1	1	1	0	1	1	LR_RL	LR	0.027	22.9	1.5686362358410126
SoxN/chr2L_8811130-8811511__chr2L_8843634-8843738	False	False	1	1	0	1	1	0	1	LL_RR	LL	0.027	26.5	1.5686362358410126
SoxN/chr2L_8811130-8811511__chr2L_8845956-8846437	False	False	0	0	1	1	0	1	1	LR_RL	LR	0.000131	26.5	3.8827287043442356
SoxN/chr2L_8811130-8811511__chr2L_8846495-8847235	False	False	1	1	0	0	1	0	1	LL_RR	LL	0.000131	26.5	3.8827287043442356
SoxN/chr2L_8840416-8841144__chr2L_8841314-8841573	True	True	0	0	0	0	0	0	0	NONE				
SoxN/chr2L_8840416-8841144__chr2L_8842046-8842771	True	False	0	0	1	0	0	0	0	NONE				
SoxN/chr2L_8840416-8841144__chr2L_8843634-8843738	True	False	1	0	0	0	0	0	0	NONE				
SoxN/chr2L_8840416-8841144__chr2L_8845956-8846437	True	False	0	0	0	0	0	0	0	NONE				
SoxN/chr2L_8840416-8841144__chr2L_8846495-8847235	False	False	0	0	1	0	0	0	0	NONE				
SoxN/chr2L_8841314-8841573__chr2L_8842046-8842771	True	True	0	0	0	0	0	0	0	NONE				
SoxN/chr2L_8841314-8841573__chr2L_8843634-8843738	True	False	0	0	0	0	0	0	0	NONE				
SoxN/chr2L_8841314-8841573__chr2L_8845956-8846437	True	False	0	0	0	0	0	0	0	NONE				
SoxN/chr2L_8841314-8841573__chr2L_8846495-8847235	True	False	0	1	0	0	0	0	0	NONE				
SoxN/chr2L_8842046-8842771__chr2L_8843634-8843738	True	True	0	1	0	0	0	0	0	NONE				
SoxN/chr2L_8842046-8842771__chr2L_8845956-8846437	True	False	0	0	0	1	0	0	0	NONE				
SoxN/chr2L_8842046-8842771__chr2L_8846495-8847235	True	False	0	1	1	0	0	0	0	NONE				
SoxN/chr2L_8843634-8843738__chr2L_8845956-8846437	True	True	1	0	0	0	0	0	0	NONE				
SoxN/chr2L_8843634-8843738__chr2L_8846495-8847235	True	False	0	1	1	0	0	0	0	NONE				
SoxN/chr2L_8845956-8846437__chr2L_8846495-8847235	True	True	0	1	1	0	0	0	0	NONE				
bab2/chr3L_1082826-1083401__chr3L_1091260-1091650	False	False	1	1	1	1	1	1	1	BOTH	LL	3.51e-05	37.4	4.454692883534176
bab2/chr3L_1082826-1083401__chr3L_1167709-1167971	False	False	1	1	1	1	1	1	1	BOTH	RL	2.88e-06	41.0	5.540607512240769
bab2/chr3L_1091260-1091650__chr3L_1167709-1167971	False	False	1	1	1	1	1	1	1	BOTH	LL	1.94e-08	48.2	7.712198270069774
dan/chr3R_25172238-25174205__chr3R_25182580-25184791	False	False	0	1	1	1	0	1	1	LR_RL	RL	0.005	30.1	2.3010299956639813
esg/chr2L_15322444-15322772__chr2L_15323128-15323794	True	True	1	0	0	0	0	0	0	NONE				
esg/chr2L_15322444-15322772__chr2L_15323946-15324408	True	False	0	1	0	0	0	0	0	NONE				
esg/chr2L_15322444-15322772__chr2L_15331388-15332093	False	False	1	0	1	1	0	1	1	LR_RL	RL	0.003	29.2	2.5228787452803374
esg/chr2L_15322444-15322772__chr2L_15332558-15332979	False	False	1	0	1	0	0	0	0	NONE				
esg/chr2L_15322444-15322772__chr2L_15333222-15333912	False	False	1	0	1	0	0	0	0	NONE				
esg/chr2L_15323128-15323794__chr2L_15323946-15324408	True	True	0	0	1	0	0	0	0	NONE				
esg/chr2L_15323128-15323794__chr2L_15331388-15332093	False	False	1	0	0	0	0	0	0	NONE				
esg/chr2L_15323128-15323794__chr2L_15332558-15332979	False	False	0	1	0	0	0	0	0	NONE				
esg/chr2L_15323128-15323794__chr2L_15333222-15333912	False	False	0	0	0	1	0	0	0	NONE				
esg/chr2L_15323946-15324408__chr2L_15331388-15332093	False	False	0	1	0	1	0	0	0	NONE				
esg/chr2L_15323946-15324408__chr2L_15332558-15332979	False	False	0	0	1	1	0	1	1	LR_RL	LR	0.004	25.6	2.3979400086720375
esg/chr2L_15323946-15324408__chr2L_15333222-15333912	False	False	1	1	0	0	1	0	1	LL_RR	LL	0.004	22.9	2.3979400086720375
esg/chr2L_15331388-15332093__chr2L_15332558-15332979	True	True	1	0	1	0	0	0	0	NONE				
esg/chr2L_15331388-15332093__chr2L_15333222-15333912	True	False	1	1	1	0	1	0	1	LL_RR	LL	0.072	22.9	1.1426675035687315
esg/chr2L_15332558-15332979__chr2L_15333222-15333912	True	True	0	1	1	0	0	0	0	NONE				
gt/chrX_2428917-2429320__chrX_2429927-2430850	True	True	0	0	0	0	0	0	0	NONE				
gt/chrX_2428917-2429320__chrX_2431435-2431676	True	False	0	0	1	0	0	0	0	NONE				
gt/chrX_2428917-2429320__chrX_2431852-2432159	True	False	1	0	1	0	0	0	0	NONE				
gt/chrX_2428917-2429320__chrX_2432829-2432949	True	False	1	0	0	0	0	0	0	NONE				
gt/chrX_2428917-2429320__chrX_2434977-2435401	False	False	0	0	1	0	0	0	0	NONE				
gt/chrX_2428917-2429320__chrX_2437107-2437533	False	False	1	0	0	0	0	0	0	NONE				
gt/chrX_2428917-2429320__chrX_2438227-2439238	False	False	0	1	0	0	0	0	0	NONE				
gt/chrX_2428917-2429320__chrX_2440952-2442340	False	False	0	1	1	1	0	1	1	LR_RL	RL	0.13	22.9	0.8860566476931632
gt/chrX_2429927-2430850__chrX_2431435-2431676	True	True	0	0	0	0	0	0	0	NONE				
gt/chrX_2429927-2430850__chrX_2431852-2432159	True	False	0	0	0	0	0	0	0	NONE				
gt/chrX_2429927-2430850__chrX_2432829-2432949	True	False	0	1	0	0	0	0	0	NONE				
gt/chrX_2429927-2430850__chrX_2434977-2435401	True	False	0	1	0	1	0	0	0	NONE				
gt/chrX_2429927-2430850__chrX_2437107-2437533	False	False	0	0	0	1	0	0	0	NONE				
gt/chrX_2429927-2430850__chrX_2438227-2439238	False	False	0	0	1	0	0	0	0	NONE				
gt/chrX_2429927-2430850__chrX_2440952-2442340	False	False	1	0	1	0	0	0	0	NONE				
gt/chrX_2431435-2431676__chrX_2431852-2432159	True	True	0	0	0	0	0	0	0	NONE				
gt/chrX_2431435-2431676__chrX_2432829-2432949	True	False	0	1	1	0	0	0	0	NONE				
gt/chrX_2431435-2431676__chrX_2434977-2435401	True	False	1	1	1	1	1	1	1	BOTH	RR	0.12	22.0	0.9208187539523752
gt/chrX_2431435-2431676__chrX_2437107-2437533	False	False	1	0	0	1	0	0	0	NONE				
gt/chrX_2431435-2431676__chrX_2438227-2439238	False	False	0	0	0	0	0	0	0	NONE				
gt/chrX_2431435-2431676__chrX_2440952-2442340	False	False	0	0	0	0	0	0	0	NONE				
gt/chrX_2431852-2432159__chrX_2432829-2432949	True	True	0	0	1	0	0	0	0	NONE				
gt/chrX_2431852-2432159__chrX_2434977-2435401	True	False	1	0	1	0	0	0	0	NONE				
gt/chrX_2431852-2432159__chrX_2437107-2437533	True	False	1	0	0	0	0	0	0	NONE				
gt/chrX_2431852-2432159__chrX_2438227-2439238	False	False	0	1	0	0	0	0	0	NONE				
gt/chrX_2431852-2432159__chrX_2440952-2442340	False	False	0	1	0	1	0	0	0	NONE				
gt/chrX_2432829-2432949__chrX_2434977-2435401	True	True	0	0	0	0	0	0	0	NONE				
gt/chrX_2432829-2432949__chrX_2437107-2437533	True	False	0	0	0	0	0	0	0	NONE				
gt/chrX_2432829-2432949__chrX_2438227-2439238	False	False	0	0	1	0	0	0	0	NONE				
gt/chrX_2432829-2432949__chrX_2440952-2442340	False	False	1	1	1	0	1	0	1	LL_RR	RR	0.18	24.7	0.744727494896694
gt/chrX_2434977-2435401__chrX_2437107-2437533	True	True	0	0	0	0	0	0	0	NONE				
gt/chrX_2434977-2435401__chrX_2438227-2439238	True	False	0	1	0	0	0	0	0	NONE				
gt/chrX_2434977-2435401__chrX_2440952-2442340	False	False	0	1	1	1	0	1	1	LR_RL	LR	0.18	24.7	0.744727494896694
gt/chrX_2437107-2437533__chrX_2438227-2439238	True	True	0	1	1	0	0	0	0	NONE				
gt/chrX_2437107-2437533__chrX_2440952-2442340	True	False	1	1	1	1	1	1	1	BOTH	LL	0.36	22.9	0.44369749923271273
gt/chrX_2438227-2439238__chrX_2440952-2442340	True	True	1	1	1	0	1	0	1	LL_RR	RR	0.15	24.7	0.8239087409443188
hb/chr3R_8689217-8690108__chr3R_8700981-8701661	False	False	1	1	1	1	1	1	1	BOTH	LL	0.005	31.0	2.3010299956639813
oc/chrX_8643101-8643868__chrX_8653859-8654855	False	False	1	1	1	1	1	1	1	BOTH	LR	2.37e-07	44.6	6.6252516539898965
prd/chr2L_12080941-12081738__chr2L_12082256-12083149	True	True	1	1	0	0	1	0	1	LL_RR	LL	0.55	21.1	0.2596373105057561
prd/chr2L_12080941-12081738__chr2L_12088676-12088812	False	False	1	0	1	1	0	1	1	LR_RL	RL	0.16	22.9	0.7958800173440752
prd/chr2L_12080941-12081738__chr2L_12089073-12089963	False	False	1	0	0	0	0	0	0	NONE				
prd/chr2L_12080941-12081738__chr2L_12090222-12090543	False	False	0	1	1	0	0	0	0	NONE				
prd/chr2L_12082256-12083149__chr2L_12088676-12088812	False	False	1	0	0	1	0	0	0	NONE				
prd/chr2L_12082256-12083149__chr2L_12089073-12089963	False	False	0	0	0	0	0	0	0	NONE				
prd/chr2L_12082256-12083149__chr2L_12090222-12090543	False	False	0	1	1	0	0	0	0	NONE				
prd/chr2L_12088676-12088812__chr2L_12089073-12089963	True	True	1	0	1	0	0	0	0	NONE				
prd/chr2L_12088676-12088812__chr2L_12090222-12090543	True	False	1	0	1	0	0	0	0	NONE				
prd/chr2L_12089073-12089963__chr2L_12090222-12090543	True	True	0	0	0	0	0	0	0	NONE				
tup/chr2L_18874725-18874929__chr2L_18874978-18876337	True	True	0	0	1	0	0	0	0	NONE				
tup/chr2L_18874725-18874929__chr2L_18893905-18894024	False	False	1	0	0	0	0	0	0	NONE				
tup/chr2L_18874725-18874929__chr2L_18894031-18894287	False	False	0	0	1	0	0	0	0	NONE				
tup/chr2L_18874725-18874929__chr2L_18894563-18895695	False	False	1	0	1	0	0	0	0	NONE				
tup/chr2L_18874978-18876337__chr2L_18893905-18894024	False	False	0	0	0	1	0	0	0	NONE				
tup/chr2L_18874978-18876337__chr2L_18894031-18894287	False	False	0	0	0	0	0	0	0	NONE				
tup/chr2L_18874978-18876337__chr2L_18894563-18895695	False	False	0	1	0	0	0	0	0	NONE				
tup/chr2L_18893905-18894024__chr2L_18894031-18894287	True	True	0	0	1	0	0	0	0	NONE				
tup/chr2L_18893905-18894024__chr2L_18894563-18895695	True	False	1	0	1	0	0	0	0	NONE				
tup/chr2L_18894031-18894287__chr2L_18894563-18895695	True	True	0	1	0	0	0	0	0	NONE				
vnd/chrX_583829-584563__chrX_586024-586643	True	True	1	0	1	0	0	0	0	NONE				
vnd/chrX_583829-584563__chrX_586878-588097	True	False	1	1	1	0	1	0	1	LL_RR	RR	0.13	24.7	0.8860566476931632
vnd/chrX_586024-586643__chrX_586878-588097	True	True	0	0	1	0	0	0	0	NONE				
