Gene Name,num_shadow_enhancers
0610009O20Rik_Heart_Any,3
0610009O20Rik_Heart_E11.5,2
0610038B21Rik_Heart_Any,2
1110001J03Rik_Heart_Any,3
1110007C09Rik_Heart_Any,3
1110038F14Rik_Forebrain_Any,2
1110038F14Rik_Heart_Any,5
1110038F14Rik_Limb_Any,4
1110038F14Rik_Limb_E11.5,4
1110046J04Rik_Heart_Any,2
1110051M20Rik_Forebrain_Any,3
1110051M20Rik_Forebrain_E11.5,3
1190002F15Rik_Heart_Any,4
1190002F15Rik_Heart_E11.5,2
1500004A13Rik_Forebrain_Any,6
1500004A13Rik_Forebrain_E11.5,5
1500004A13Rik_Limb_Any,2
1500009C09Rik_Forebrain_Any,5
1500009C09Rik_Forebrain_E11.5,2
1500012F01Rik_Heart_Any,2
1500017E21Rik_Forebrain_Any,3
1500017E21Rik_Heart_Any,4
1500017E21Rik_Heart_E11.5,3
1500026H17Rik_Forebrain_Any,2
1600029O15Rik_Forebrain_Any,2
1600029O15Rik_Forebrain_E11.5,2
1700001G11Rik_Heart_Any,2
1700001O22Rik_Forebrain_Any,9
1700001O22Rik_Forebrain_E11.5,8
1700001O22Rik_Heart_Any,10
1700001O22Rik_Heart_E11.5,8
1700001O22Rik_Limb_Any,7
1700001O22Rik_Limb_E11.5,7
1700007L15Rik_Heart_Any,6
1700007L15Rik_Heart_E11.5,4
1700013F07Rik_Forebrain_Any,2
1700015E13Rik_Forebrain_Any,2
1700015E13Rik_Forebrain_E11.5,2
1700015E13Rik_Heart_Any,3
1700015E13Rik_Heart_E11.5,2
1700017B05Rik_Heart_Any,3
1700017B05Rik_Heart_E11.5,3
1700018A04Rik_Limb_Any,2
1700021F05Rik_Heart_Any,2
1700030J22Rik_Forebrain_Any,3
1700040L02Rik_Forebrain_Any,5
1700040L02Rik_Heart_Any,13
1700040L02Rik_Heart_E11.5,8
1700040L02Rik_Limb_Any,4
1700040L02Rik_Limb_E11.5,2
1700042O10Rik_Limb_Any,2
1700048O20Rik_Forebrain_Any,5
1700066B19Rik_Heart_Any,2
1700084C01Rik_Forebrain_Any,2
1700095B10Rik_Heart_Any,3
1700095B10Rik_Heart_E11.5,2
1700109K24Rik_Forebrain_Any,2
1700113A16Rik_Heart_Any,2
1810011O10Rik_Heart_Any,7
1810011O10Rik_Limb_Any,2
1810011O10Rik_Limb_E11.5,2
1810019D21Rik_Heart_Any,2
1810019D21Rik_Heart_E11.5,2
1810021B22Rik_Heart_Any,2
1810026B05Rik_Limb_Any,2
1810026B05Rik_Limb_E11.5,2
1810041L15Rik_Forebrain_Any,2
2010001E11Rik_Limb_Any,2
2010107E04Rik_Forebrain_Any,2
2010107E04Rik_Heart_Any,6
2010107E04Rik_Heart_E11.5,3
2010111I01Rik_Forebrain_Any,6
2010111I01Rik_Forebrain_E11.5,4
2010111I01Rik_Heart_Any,23
2010111I01Rik_Heart_E11.5,10
2010111I01Rik_Limb_Any,21
2010111I01Rik_Limb_E11.5,12
2010300C02Rik_Forebrain_Any,4
2010300C02Rik_Heart_Any,6
2210011C24Rik_Heart_Any,2
2210018M11Rik_Heart_Any,5
2210018M11Rik_Heart_E11.5,5
2210018M11Rik_Limb_Any,3
2210018M11Rik_Limb_E11.5,2
2210408I21Rik_Forebrain_Any,2
2310001H17Rik_Heart_Any,3
2310002L09Rik_Heart_Any,3
2310009B15Rik_Heart_Any,2
2310015A10Rik_Forebrain_Any,3
2310015A10Rik_Heart_Any,5
2310015A10Rik_Heart_E11.5,3
2310015A10Rik_Limb_Any,4
2310015A10Rik_Limb_E11.5,4
2310067B10Rik_Heart_Any,2
2310075C17Rik_Forebrain_Any,3
2310075C17Rik_Heart_Any,7
2310075C17Rik_Heart_E11.5,2
2500004C02Rik_Forebrain_Any,3
2500004C02Rik_Heart_Any,10
2500004C02Rik_Heart_E11.5,6
2500004C02Rik_Limb_Any,4
2500004C02Rik_Limb_E11.5,4
2510009E07Rik_Forebrain_Any,4
2510009E07Rik_Forebrain_E11.5,2
2510009E07Rik_Heart_Any,3
2610035D17Rik_Limb_Any,2
2610035F20Rik_Forebrain_Any,11
2610035F20Rik_Forebrain_E11.5,11
2610035F20Rik_Limb_Any,7
2610035F20Rik_Limb_E11.5,7
2610307P16Rik_Forebrain_Any,13
2610307P16Rik_Forebrain_E11.5,9
2610307P16Rik_Heart_Any,2
2610307P16Rik_Limb_Any,14
2610307P16Rik_Limb_E11.5,11
2610316D01Rik_Forebrain_Any,2
2610316D01Rik_Forebrain_E11.5,2
2610524H06Rik_Forebrain_Any,2
2700069I18Rik_Forebrain_Any,3
2700069I18Rik_Forebrain_E11.5,2
2700069I18Rik_Limb_Any,4
2700069I18Rik_Limb_E11.5,3
2700081O15Rik_Forebrain_Any,8
2700081O15Rik_Forebrain_E11.5,4
2700081O15Rik_Heart_Any,2
2700081O15Rik_Limb_Any,5
2700081O15Rik_Limb_E11.5,3
2810025M15Rik_Forebrain_Any,3
2810025M15Rik_Forebrain_E11.5,3
2810025M15Rik_Heart_Any,4
2810025M15Rik_Heart_E11.5,3
2810029C07Rik_Forebrain_Any,4
2810029C07Rik_Forebrain_E11.5,2
2810032G03Rik_Forebrain_Any,6
2810032G03Rik_Limb_Any,3
2810429I04Rik_Heart_Any,3
2810442N19Rik_Limb_Any,9
2810442N19Rik_Limb_E11.5,9
2900079G21Rik_Forebrain_Any,2
3110057O12Rik_Heart_Any,5
3110057O12Rik_Heart_E11.5,4
3110082J24Rik_Forebrain_Any,2
3110099E03Rik_Forebrain_Any,2
3425401B19Rik_Heart_Any,2
3632451O06Rik_Heart_Any,4
4430402I18Rik_Heart_Any,2
4631405J19Rik_Forebrain_Any,2
4631405J19Rik_Heart_Any,8
4631405J19Rik_Heart_E11.5,3
4631405J19Rik_Limb_Any,4
4632428C04Rik_Heart_Any,2
4833412C05Rik_Heart_Any,4
4833412C05Rik_Heart_E11.5,3
4833422C13Rik_Forebrain_Any,4
4833427F10Rik_Forebrain_Any,2
4833427F10Rik_Heart_Any,2
4833427F10Rik_Heart_E11.5,2
4833427F10Rik_Limb_Any,2
4921524J17Rik_Heart_Any,4
4930429F24Rik_Heart_Any,3
4930429F24Rik_Heart_E11.5,2
4930452B06Rik_Heart_Any,2
4930506M07Rik_Forebrain_Any,2
4930511M06Rik_Heart_Any,2
4930513N10Rik_Forebrain_Any,2
4930513N10Rik_Heart_Any,8
4930513N10Rik_Heart_E11.5,6
4930570G19Rik_Forebrain_Any,4
4930577N17Rik_Heart_Any,3
4930577N17Rik_Heart_E11.5,2
4930578M01Rik_Forebrain_Any,3
4930578M01Rik_Forebrain_E11.5,3
4930578M01Rik_Heart_Any,3
4930578M01Rik_Heart_E11.5,2
4930578M01Rik_Limb_Any,2
4930594C11Rik_Heart_Any,2
4930599N23Rik_Heart_Any,2
4930599N23Rik_Heart_E11.5,2
4932441J04Rik_Heart_Any,3
5031414D18Rik_Heart_Any,5
5031414D18Rik_Heart_E11.5,2
5031414D18Rik_Limb_Any,2
5031414D18Rik_Limb_E11.5,2
5031425E22Rik_Heart_Any,3
5031434O11Rik_Forebrain_Any,3
5031434O11Rik_Forebrain_E11.5,2
5031434O11Rik_Heart_Any,2
5330426P16Rik_Forebrain_Any,4
5330426P16Rik_Forebrain_E11.5,2
5330426P16Rik_Heart_Any,4
5330426P16Rik_Heart_E11.5,3
5330426P16Rik_Limb_Any,2
5330426P16Rik_Limb_E11.5,2
5730409E04Rik_Heart_Any,2
5730420D15Rik_Heart_Any,2
5730457N03Rik_Limb_Any,2
5730457N03Rik_Limb_E11.5,2
5730522E02Rik_Forebrain_Any,22
5730522E02Rik_Forebrain_E11.5,8
5730522E02Rik_Limb_Any,4
5730522E02Rik_Limb_E11.5,3
6030408B16Rik_Heart_Any,2
6030419C18Rik_Forebrain_Any,3
6030458C11Rik_Heart_Any,3
6030458C11Rik_Heart_E11.5,2
6330403A02Rik_Forebrain_Any,2
6330403K07Rik_Forebrain_Any,11
6330403K07Rik_Forebrain_E11.5,8
6430548M08Rik_Forebrain_Any,4
6430548M08Rik_Heart_Any,3
6430562O15Rik_Heart_Any,4
6430573F11Rik_Heart_Any,2
6430710C18Rik_Forebrain_Any,4
6430710C18Rik_Heart_Any,6
6430710C18Rik_Heart_E11.5,3
6430710C18Rik_Limb_Any,2
6530403H02Rik_Forebrain_Any,2
6530411M01Rik_Forebrain_Any,10
6530411M01Rik_Forebrain_E11.5,4
8430419L09Rik_Forebrain_Any,3
8430429K09Rik_Forebrain_Any,5
9030612E09Rik_Forebrain_Any,4
9030612E09Rik_Heart_Any,3
9030612E09Rik_Heart_E11.5,2
9030617O03Rik_Heart_Any,4
9130011E15Rik_Forebrain_Any,2
9130011E15Rik_Heart_Any,3
9130024F11Rik_Forebrain_Any,3
9130401M01Rik_Forebrain_Any,2
9330158H04Rik_Heart_Any,8
9330158H04Rik_Heart_E11.5,2
9330179D12Rik_Heart_Any,2
9430020K01Rik_Forebrain_Any,4
9430020K01Rik_Heart_Any,15
9430020K01Rik_Heart_E11.5,6
9430020K01Rik_Limb_Any,7
9530026P05Rik_Heart_Any,12
9530026P05Rik_Heart_E11.5,4
9530026P05Rik_Limb_Any,4
9530059O14Rik_Forebrain_Any,7
9530059O14Rik_Forebrain_E11.5,3
9530068E07Rik_Heart_Any,4
9530068E07Rik_Heart_E11.5,3
A130010J15Rik_Heart_Any,3
A330023F24Rik_Forebrain_Any,2
A330023F24Rik_Heart_Any,2
A330041J22Rik_Heart_Any,2
A330102I10Rik_Forebrain_Any,2
A330102I10Rik_Heart_Any,4
A330102I10Rik_Limb_Any,2
A330102I10Rik_Limb_E11.5,2
A530016L24Rik_Heart_Any,3
A530016L24Rik_Heart_E11.5,2
A530058N18Rik_Heart_Any,2
A630012P03Rik_Heart_Any,2
A630012P03Rik_Heart_E11.5,2
A630012P03Rik_Limb_Any,4
A630012P03Rik_Limb_E11.5,4
A730020E08Rik_Forebrain_Any,2
A730036I17Rik_Heart_Any,2
A730056A06Rik_Forebrain_Any,4
A830082K12Rik_Forebrain_Any,5
A930001C03Rik_Heart_Any,2
A930001C03Rik_Limb_Any,2
A930007I19Rik_Heart_Any,3
A930007I19Rik_Heart_E11.5,2
A930011G23Rik_Forebrain_Any,2
A930011G23Rik_Heart_Any,4
A930011G23Rik_Heart_E11.5,3
A930012L18Rik_Forebrain_Any,2
A930012L18Rik_Heart_Any,25
A930012L18Rik_Heart_E11.5,13
A930012L18Rik_Limb_Any,5
A930041C12Rik_Limb_Any,2
AA415398_Forebrain_Any,3
AA415398_Heart_Any,3
AA415398_Heart_E11.5,2
AI427809_Forebrain_Any,3
AI427809_Heart_Any,4
AI504432_Forebrain_Any,3
AI593442_Forebrain_Any,2
AI597479_Forebrain_Any,7
AI597479_Forebrain_E11.5,5
AI597479_Heart_Any,4
AI597479_Heart_E11.5,2
AI854517_Forebrain_Any,5
AI854517_Forebrain_E11.5,5
AU040972_Heart_Any,2
AW551984_Forebrain_Any,2
AW554918_Heart_Any,6
AW554918_Heart_E11.5,4
Aadacl2_Limb_Any,2
Aaed1_Heart_Any,3
Aars2_Heart_Any,3
Aasdh_Heart_Any,3
Aasdh_Heart_E11.5,2
Abca12_Heart_Any,3
Abca4_Heart_Any,2
Abcb10_Heart_Any,5
Abcb10_Heart_E11.5,2
Abcb8_Heart_Any,3
Abcc9_Heart_Any,4
Abcc9_Heart_E11.5,3
Abcd2_Forebrain_Any,2
Abhd2_Forebrain_Any,3
Abhd2_Forebrain_E11.5,2
Abhd2_Heart_Any,2
Abi2_Forebrain_Any,2
Abi2_Heart_Any,2
Abi3_Heart_Any,3
Abi3_Heart_E11.5,2
Abl1_Forebrain_Any,2
Abl1_Forebrain_E11.5,2
Abl1_Heart_Any,4
Abl1_Heart_E11.5,3
Abl1_Limb_Any,3
Abl1_Limb_E11.5,3
Ablim1_Heart_Any,8
Ablim1_Heart_E11.5,3
Ablim3_Forebrain_Any,4
Ablim3_Heart_Any,5
Abr_Forebrain_Any,6
Abracl_Heart_Any,3
Abtb2_Forebrain_Any,3
Abtb2_Heart_Any,9
Abtb2_Heart_E11.5,4
Abtb2_Limb_Any,4
Abtb2_Limb_E11.5,4
Acaca_Forebrain_Any,9
Acaca_Forebrain_E11.5,7
Acaca_Limb_Any,3
Acaca_Limb_E11.5,3
Acad12_Heart_Any,7
Acad12_Heart_E11.5,6
Acads_Forebrain_Any,2
Acads_Heart_Any,9
Acads_Heart_E11.5,8
Acads_Limb_Any,5
Acads_Limb_E11.5,4
Acan_Limb_Any,3
Acap1_Heart_Any,2
Acap3_Forebrain_Any,2
Accs_Heart_Any,3
Accs_Heart_E11.5,2
Acer2_Heart_Any,4
Acer2_Heart_E11.5,4
Ackr2_Forebrain_Any,2
Ackr2_Forebrain_E11.5,2
Ackr2_Heart_Any,2
Ackr2_Heart_E11.5,2
Ackr2_Limb_Any,2
Ackr3_Heart_Any,4
Ackr3_Heart_E11.5,3
Ackr3_Limb_Any,2
Acot11_Heart_Any,3
Acot2_Heart_Any,5
Acsf3_Heart_Any,2
Acsl6_Forebrain_Any,3
Acta1_Heart_Any,3
Acta1_Heart_E11.5,2
Acta1_Limb_Any,2
Acta2_Heart_Any,3
Actc1_Heart_Any,6
Actc1_Heart_E11.5,3
Actg2_Heart_Any,4
Actg2_Heart_E11.5,2
Actg2_Limb_Any,3
Actn1_Forebrain_Any,2
Actn1_Heart_Any,16
Actn1_Heart_E11.5,9
Actn1_Limb_Any,6
Actn2_Heart_Any,4
Actn4_Limb_Any,2
Actr3_Heart_Any,4
Acvr1_Forebrain_Any,3
Acvr1_Forebrain_E11.5,2
Acvr1_Heart_Any,6
Acvr1_Heart_E11.5,4
Acvr1_Limb_Any,3
Acvr1_Limb_E11.5,2
Acvr2a_Forebrain_Any,3
Acvr2a_Forebrain_E11.5,2
Acy3_Forebrain_Any,2
Acy3_Heart_Any,6
Acy3_Heart_E11.5,3
Acy3_Limb_Any,3
Acy3_Limb_E11.5,2
Acyp2_Heart_Any,4
Adam10_Heart_Any,3
Adam10_Heart_E11.5,2
Adam12_Forebrain_Any,2
Adam12_Heart_Any,4
Adam12_Heart_E11.5,3
Adam19_Heart_Any,4
Adam19_Heart_E11.5,3
Adam9_Heart_Any,3
Adam9_Heart_E11.5,2
Adamts14_Heart_Any,2
Adamts15_Heart_Any,4
Adamts15_Heart_E11.5,2
Adamts15_Limb_Any,5
Adamts15_Limb_E11.5,2
Adamts17_Heart_Any,8
Adamts17_Heart_E11.5,6
Adamts17_Limb_Any,10
Adamts17_Limb_E11.5,6
Adamts19_Heart_Any,7
Adamts19_Heart_E11.5,3
Adamts19_Limb_Any,2
Adamts1_Heart_Any,11
Adamts1_Heart_E11.5,2
Adamts1_Limb_Any,2
Adamts1_Limb_E11.5,2
Adamts20_Forebrain_Any,2
Adamts20_Forebrain_E11.5,2
Adamts20_Limb_Any,5
Adamts20_Limb_E11.5,4
Adamts2_Heart_Any,3
Adamts2_Limb_Any,2
Adamts5_Heart_Any,4
Adamts5_Limb_Any,2
Adamts6_Heart_Any,8
Adamts6_Heart_E11.5,3
Adamts6_Limb_Any,4
Adamts8_Heart_Any,6
Adamts9_Forebrain_Any,3
Adamts9_Forebrain_E11.5,3
Adamts9_Heart_Any,27
Adamts9_Heart_E11.5,15
Adamts9_Limb_Any,10
Adamts9_Limb_E11.5,4
Adamtsl1_Heart_Any,5
Adamtsl1_Limb_Any,5
Adamtsl1_Limb_E11.5,2
Adamtsl2_Forebrain_Any,3
Adamtsl2_Heart_Any,5
Adamtsl2_Heart_E11.5,4
Adamtsl3_Heart_Any,4
Adamtsl3_Heart_E11.5,3
Adamtsl3_Limb_Any,2
Adarb1_Heart_Any,2
Adarb2_Forebrain_Any,3
Adck3_Heart_Any,3
Adcy1_Forebrain_Any,2
Adcy2_Forebrain_Any,3
Adcy2_Limb_Any,2
Adcy3_Forebrain_Any,2
Adcy4_Heart_Any,3
Adcy4_Heart_E11.5,2
Adcy5_Forebrain_Any,2
Adcy5_Heart_Any,11
Adcy5_Heart_E11.5,5
Adcy6_Heart_Any,11
Adcy6_Heart_E11.5,8
Adcy6_Limb_Any,2
Adcyap1_Forebrain_Any,2
Adcyap1r1_Forebrain_Any,6
Adcyap1r1_Forebrain_E11.5,4
Add1_Forebrain_Any,3
Add1_Heart_Any,4
Add1_Heart_E11.5,2
Add2_Forebrain_Any,3
Add3_Heart_Any,10
Add3_Heart_E11.5,6
Adk_Heart_Any,4
Adk_Heart_E11.5,4
Adm_Heart_Any,3
Adnp2_Limb_Any,2
Adnp2_Limb_E11.5,2
Adora2a_Forebrain_Any,2
Adora2a_Heart_Any,7
Adora2a_Heart_E11.5,5
Adpgk_Limb_Any,2
Adprh_Forebrain_Any,2
Adra1d_Heart_Any,4
Adrb1_Heart_Any,3
Adrb1_Heart_E11.5,2
Adrbk2_Forebrain_Any,2
Adssl1_Heart_Any,2
Aebp1_Heart_Any,2
Aebp1_Limb_Any,2
Afap1_Forebrain_Any,7
Afap1_Heart_Any,9
Afap1_Heart_E11.5,6
Afap1l1_Forebrain_Any,2
Afap1l1_Heart_Any,11
Afap1l1_Heart_E11.5,7
Afap1l1_Limb_Any,2
Afap1l2_Forebrain_Any,3
Afap1l2_Heart_Any,5
Afap1l2_Limb_Any,2
Afap1l2_Limb_E11.5,2
Aff1_Heart_Any,4
Aff1_Heart_E11.5,4
Aff1_Limb_Any,2
Aff1_Limb_E11.5,2
Aff3_Forebrain_Any,4
Aff3_Forebrain_E11.5,2
Aff3_Limb_Any,10
Aff3_Limb_E11.5,8
Afg3l1_Heart_Any,3
Agap1_Forebrain_Any,3
Agap1_Forebrain_E11.5,2
Agbl2_Forebrain_Any,3
Agbl2_Forebrain_E11.5,2
Agbl2_Heart_Any,3
Agbl2_Heart_E11.5,2
Agbl2_Limb_Any,2
Agbl4_Heart_Any,2
Agmat_Heart_Any,4
Agmat_Heart_E11.5,2
Ago1_Forebrain_Any,4
Ago1_Forebrain_E11.5,4
Agpat2_Heart_Any,5
Agpat2_Heart_E11.5,3
Agpat2_Limb_Any,2
Agpat2_Limb_E11.5,2
Agpat9_Heart_Any,3
Agpat9_Heart_E11.5,2
Agpat9_Limb_Any,2
Agr2_Heart_Any,2
Agtpbp1_Forebrain_Any,2
Ahdc1_Forebrain_Any,8
Ahdc1_Forebrain_E11.5,4
Ahdc1_Heart_Any,8
Ahdc1_Heart_E11.5,8
Ahdc1_Limb_Any,7
Ahdc1_Limb_E11.5,7
Ahi1_Forebrain_Any,2
Ahnak_Forebrain_Any,2
Ahnak_Heart_Any,5
Ahnak_Heart_E11.5,4
Ahnak_Limb_Any,5
Ahrr_Heart_Any,2
Ahrr_Limb_Any,2
Ahsa1_Heart_Any,2
Ahsa1_Heart_E11.5,2
Aif1l_Heart_Any,7
Aif1l_Heart_E11.5,7
Aifm2_Heart_Any,3
Aim1_Limb_Any,2
Airn_Forebrain_Any,3
Airn_Heart_Any,12
Airn_Heart_E11.5,7
Airn_Limb_Any,9
Airn_Limb_E11.5,7
Ajap1_Forebrain_Any,4
Ak1_Forebrain_Any,3
Ak1_Forebrain_E11.5,2
Ak1_Heart_Any,3
Ak1_Heart_E11.5,2
Ak1_Limb_Any,2
Ak5_Forebrain_Any,5
Ak5_Limb_Any,2
Ak5_Limb_E11.5,2
Akap12_Heart_Any,3
Akap12_Heart_E11.5,2
Akap13_Heart_Any,6
Akap13_Heart_E11.5,4
Akap2_Forebrain_Any,3
Akap2_Forebrain_E11.5,2
Akap2_Heart_Any,39
Akap2_Heart_E11.5,22
Akap2_Limb_Any,11
Akap2_Limb_E11.5,9
Akap6_Forebrain_Any,9
Akap6_Forebrain_E11.5,6
Akap6_Heart_Any,12
Akap6_Heart_E11.5,5
Akap6_Limb_Any,2
Akap6_Limb_E11.5,2
Akap8l_Heart_Any,2
Akip1_Heart_Any,8
Akip1_Heart_E11.5,5
Akip1_Limb_Any,4
Aknad1_Limb_Any,3
Akr1b10_Heart_Any,9
Akr1b10_Heart_E11.5,7
Akr1b10_Limb_Any,2
Akr1b10_Limb_E11.5,2
Akr1c14_Heart_Any,7
Akr1c14_Heart_E11.5,3
Akt1_Heart_Any,2
Akt3_Forebrain_Any,7
Akt3_Forebrain_E11.5,3
Akt3_Heart_Any,2
Alad_Heart_Any,2
Alad_Heart_E11.5,2
Aldh1l2_Heart_Any,4
Aldh7a1_Heart_Any,5
Alg14_Heart_Any,2
Alg2_Forebrain_Any,2
Alkbh3_Heart_Any,3
Alkbh5_Heart_Any,6
Alkbh5_Heart_E11.5,5
Alox5ap_Forebrain_Any,2
Alpk2_Heart_Any,3
Alpk2_Heart_E11.5,2
Alpl_Limb_Any,2
Als2cl_Heart_Any,2
Amer2_Forebrain_Any,5
Amer2_Forebrain_E11.5,3
Amer3_Forebrain_Any,2
Amer3_Forebrain_E11.5,2
Amer3_Heart_Any,2
Amotl1_Forebrain_Any,2
Amotl1_Heart_Any,6
Amotl1_Heart_E11.5,5
Amotl1_Limb_Any,3
Amotl1_Limb_E11.5,2
Anapc13_Heart_Any,2
Anapc13_Heart_E11.5,2
Angpt1_Heart_Any,3
Angpt1_Heart_E11.5,2
Angptl1_Heart_Any,4
Angptl1_Heart_E11.5,2
Angptl1_Limb_Any,6
Angptl1_Limb_E11.5,4
Angptl2_Heart_Any,4
Angptl2_Heart_E11.5,2
Angptl2_Limb_Any,2
Angptl2_Limb_E11.5,2
Ank3_Forebrain_Any,3
Ank3_Heart_Any,4
Ank3_Heart_E11.5,2
Ank_Heart_Any,2
Ankdd1b_Heart_Any,2
Ankk1_Forebrain_Any,2
Ankrd13b_Forebrain_Any,11
Ankrd13b_Forebrain_E11.5,5
Ankrd13b_Heart_Any,2
Ankrd13b_Limb_Any,3
Ankrd13b_Limb_E11.5,3
Ankrd1_Heart_Any,5
Ankrd1_Heart_E11.5,3
Ankrd23_Heart_Any,2
Ankrd24_Forebrain_Any,2
Ankrd24_Heart_Any,3
Ankrd24_Heart_E11.5,2
Ankrd33b_Heart_Any,8
Ankrd33b_Heart_E11.5,4
Ankrd39_Forebrain_Any,3
Ankrd39_Heart_Any,3
Ankrd44_Limb_Any,2
Ankrd50_Forebrain_Any,6
Ankrd50_Forebrain_E11.5,5
Ankrd50_Heart_Any,2
Anks1_Forebrain_Any,3
Anks1_Forebrain_E11.5,2
Anks1b_Forebrain_Any,11
Anks1b_Forebrain_E11.5,2
Ankzf1_Heart_Any,3
Ankzf1_Heart_E11.5,2
Antxr1_Limb_Any,7
Antxr1_Limb_E11.5,3
Antxr2_Heart_Any,5
Antxr2_Heart_E11.5,4
Anxa11_Heart_Any,6
Anxa11_Heart_E11.5,5
Anxa11_Limb_Any,5
Anxa11_Limb_E11.5,4
Anxa2_Heart_Any,5
Anxa2_Heart_E11.5,3
Anxa2_Limb_Any,2
Anxa2_Limb_E11.5,2
Anxa5_Heart_Any,5
Anxa5_Heart_E11.5,2
Anxa5_Limb_Any,2
Anxa6_Heart_Any,6
Anxa6_Heart_E11.5,3
Aoah_Forebrain_Any,2
Aoah_Forebrain_E11.5,2
Aoah_Heart_Any,2
Aoah_Heart_E11.5,2
Aoah_Limb_Any,2
Aoc3_Heart_Any,2
Ap1m1_Forebrain_Any,2
Ap1m1_Forebrain_E11.5,2
Ap1m1_Heart_Any,2
Ap1m1_Heart_E11.5,2
Ap3s2_Forebrain_Any,2
Apba1_Forebrain_Any,5
Apba2_Forebrain_Any,10
Apba2_Forebrain_E11.5,2
Apba2_Limb_Any,3
Apba3_Forebrain_Any,2
Apba3_Heart_Any,6
Apba3_Heart_E11.5,5
Apba3_Limb_Any,4
Apbb2_Heart_Any,7
Apbb2_Heart_E11.5,3
Apc_Forebrain_Any,4
Apc_Forebrain_E11.5,3
Apcdd1_Forebrain_Any,3
Apcdd1_Limb_Any,2
Apeh_Forebrain_Any,2
Apeh_Heart_Any,2
Apip_Heart_Any,7
Apip_Heart_E11.5,3
Aplnr_Heart_Any,4
Apobec2_Heart_Any,3
Apobec2_Heart_E11.5,2
Apoc4_Heart_Any,2
Apod_Forebrain_Any,2
Apod_Forebrain_E11.5,2
Apod_Heart_Any,2
Apod_Limb_Any,2
App_Heart_Any,3
Aprt_Heart_Any,2
Aqp4_Heart_Any,3
Aqp4_Heart_E11.5,2
Arap1_Heart_Any,4
Arap1_Limb_Any,3
Arap3_Heart_Any,3
Arap3_Heart_E11.5,2
Areg_Heart_Any,2
Arf2_Forebrain_Any,2
Arfgef2_Heart_Any,5
Arfgef2_Heart_E11.5,5
Arfip1_Heart_Any,2
Arhgap10_Heart_Any,2
Arhgap12_Forebrain_Any,2
Arhgap12_Forebrain_E11.5,2
Arhgap18_Heart_Any,3
Arhgap1_Heart_Any,2
Arhgap20_Forebrain_Any,2
Arhgap21_Heart_Any,2
Arhgap24_Heart_Any,4
Arhgap25_Limb_Any,2
Arhgap26_Forebrain_Any,6
Arhgap26_Heart_Any,9
Arhgap26_Heart_E11.5,7
Arhgap26_Limb_Any,2
Arhgap26_Limb_E11.5,2
Arhgap28_Heart_Any,8
Arhgap28_Heart_E11.5,6
Arhgap28_Limb_Any,8
Arhgap28_Limb_E11.5,4
Arhgap29_Forebrain_Any,2
Arhgap29_Heart_Any,6
Arhgap29_Heart_E11.5,5
Arhgap29_Limb_Any,2
Arhgap31_Heart_Any,9
Arhgap31_Heart_E11.5,7
Arhgap31_Limb_Any,4
Arhgap31_Limb_E11.5,2
Arhgap35_Forebrain_Any,3
Arhgap44_Heart_Any,3
Arhgap44_Heart_E11.5,2
Arhgap5_Heart_Any,2
Arhgap6_Heart_Any,3
Arhgdib_Heart_Any,3
Arhgdib_Heart_E11.5,2
Arhgef10_Heart_Any,2
Arhgef10_Limb_Any,2
Arhgef16_Heart_Any,2
Arhgef16_Limb_Any,3
Arhgef16_Limb_E11.5,2
Arhgef19_Heart_Any,4
Arhgef19_Heart_E11.5,2
Arhgef19_Limb_Any,6
Arhgef19_Limb_E11.5,3
Arhgef1_Limb_Any,2
Arhgef28_Heart_Any,2
Arhgef28_Limb_Any,2
Arhgef28_Limb_E11.5,2
Arhgef2_Heart_Any,2
Arhgef2_Heart_E11.5,2
Arhgef3_Heart_Any,12
Arhgef3_Heart_E11.5,4
Arhgef3_Limb_Any,6
Arhgef3_Limb_E11.5,3
Arhgef6_Heart_Any,3
Arhgef7_Heart_Any,4
Arhgef7_Heart_E11.5,3
Arid1b_Forebrain_Any,7
Arid1b_Forebrain_E11.5,4
Arid1b_Heart_Any,3
Arid1b_Limb_Any,6
Arid1b_Limb_E11.5,6
Arid3a_Heart_Any,3
Arid3a_Heart_E11.5,3
Arid3b_Heart_Any,4
Arid3b_Heart_E11.5,4
Arid3b_Limb_Any,2
Arid3b_Limb_E11.5,2
Arid5b_Forebrain_Any,2
Arid5b_Heart_Any,6
Arid5b_Limb_Any,8
Arid5b_Limb_E11.5,4
Arl14ep_Forebrain_Any,4
Arl14ep_Forebrain_E11.5,2
Arl14ep_Heart_Any,5
Arl14ep_Heart_E11.5,5
Arl14ep_Limb_Any,8
Arl14ep_Limb_E11.5,6
Arl4d_Forebrain_Any,4
Arl4d_Forebrain_E11.5,2
Arl4d_Heart_Any,4
Arl4d_Heart_E11.5,3
Arnt2_Forebrain_Any,3
Arntl2_Heart_Any,2
Arntl2_Heart_E11.5,2
Arsi_Heart_Any,2
Arsj_Heart_Any,3
Arsj_Limb_Any,2
Art4_Heart_Any,5
Art4_Heart_E11.5,3
Artn_Heart_Any,2
Artn_Limb_Any,2
Artn_Limb_E11.5,2
Arvcf_Forebrain_Any,2
Arvcf_Forebrain_E11.5,2
Arvcf_Heart_Any,2
Arvcf_Heart_E11.5,2
Asah2_Heart_Any,8
Asah2_Heart_E11.5,5
Asah2_Limb_Any,4
Asah2_Limb_E11.5,2
Asb11_Heart_Any,2
Asb12_Heart_Any,2
Asb17os_Heart_Any,4
Asb17os_Heart_E11.5,4
Asb18_Heart_Any,6
Asb18_Heart_E11.5,2
Asb2_Heart_Any,3
Asb4_Forebrain_Any,3
Asb4_Forebrain_E11.5,2
Asb4_Heart_Any,4
Asb4_Limb_Any,6
Asb4_Limb_E11.5,4
Ascl1_Forebrain_Any,7
Ascl1_Forebrain_E11.5,7
Asic2_Forebrain_Any,3
Aspn_Forebrain_Any,3
Aspn_Heart_Any,5
Aspn_Heart_E11.5,3
Aspn_Limb_Any,6
Aste1_Heart_Any,2
Astn1_Forebrain_Any,8
Astn1_Forebrain_E11.5,3
Astn2_Heart_Any,2
Atcayos_Heart_Any,3
Atcayos_Heart_E11.5,3
Atcayos_Limb_Any,2
Atcayos_Limb_E11.5,2
Atf1_Heart_Any,5
Atf1_Heart_E11.5,4
Atf3_Heart_Any,6
Atf3_Heart_E11.5,2
Atf6_Heart_Any,2
Atf7_Forebrain_Any,2
Atf7_Heart_Any,6
Atf7_Heart_E11.5,3
Atf7_Limb_Any,3
Atf7_Limb_E11.5,2
Atoh8_Forebrain_Any,2
Atoh8_Forebrain_E11.5,2
Atoh8_Heart_Any,5
Atoh8_Heart_E11.5,4
Atoh8_Limb_Any,4
Atoh8_Limb_E11.5,3
Atp11a_Heart_Any,2
Atp1a1_Forebrain_Any,3
Atp1a1_Forebrain_E11.5,3
Atp1a1_Heart_Any,10
Atp1a1_Heart_E11.5,9
Atp1a1_Limb_Any,4
Atp1a1_Limb_E11.5,3
Atp1a3_Forebrain_Any,2
Atp1b1_Forebrain_Any,5
Atp1b1_Heart_Any,8
Atp1b1_Heart_E11.5,6
Atp1b2_Forebrain_Any,2
Atp1b2_Heart_Any,2
Atp1b2_Heart_E11.5,2
Atp2a1_Heart_Any,2
Atp2a1_Heart_E11.5,2
Atp2a2_Heart_Any,2
Atp2a3_Heart_Any,2
Atp2b2_Forebrain_Any,3
Atp5o_Forebrain_Any,2
Atp5o_Heart_Any,6
Atp5o_Heart_E11.5,4
Atp6ap1l_Forebrain_Any,2
Atp6ap1l_Heart_Any,3
Atp6v0a4_Limb_Any,2
Atp6v0e_Heart_Any,9
Atp6v0e_Heart_E11.5,4
Atp6v1c2_Heart_Any,3
Atp6v1c2_Limb_Any,2
Atp8a2_Heart_Any,2
Atp8a2_Heart_E11.5,2
Atp8b1_Heart_Any,6
Atp8b4_Heart_Any,2
Atp8b4_Heart_E11.5,2
Atp9b_Limb_Any,2
Atpaf1_Heart_Any,4
Atpaf2_Forebrain_Any,2
Atpaf2_Heart_Any,2
Atrnl1_Forebrain_Any,2
Atrnl1_Limb_Any,2
Atxn10_Forebrain_Any,5
Atxn10_Forebrain_E11.5,2
Atxn10_Heart_Any,2
Atxn10_Heart_E11.5,2
Atxn1_Forebrain_Any,3
Atxn1_Heart_Any,6
Atxn1_Heart_E11.5,4
Atxn7l1_Forebrain_Any,2
Aunip_Heart_Any,2
Aunip_Heart_E11.5,2
Aunip_Limb_Any,2
Aunip_Limb_E11.5,2
Auts2_Forebrain_Any,9
Auts2_Forebrain_E11.5,6
Auts2_Heart_Any,6
Auts2_Heart_E11.5,2
Auts2_Limb_Any,4
Auts2_Limb_E11.5,4
Axin2_Forebrain_Any,8
Axin2_Forebrain_E11.5,6
Axin2_Limb_Any,7
Axin2_Limb_E11.5,5
B230118H07Rik_Heart_Any,2
B230217C12Rik_Forebrain_Any,4
B230217O12Rik_Heart_Any,2
B3galnt1_Forebrain_Any,5
B3galnt1_Limb_Any,3
B3galt1_Forebrain_Any,3
B3galt1_Forebrain_E11.5,2
B3gat2_Forebrain_Any,2
B3gnt3_Heart_Any,5
B3gnt3_Heart_E11.5,4
B430212C06Rik_Heart_Any,4
B430212C06Rik_Heart_E11.5,4
B4galnt3_Heart_Any,2
B4galt1_Forebrain_Any,2
B4galt1_Heart_Any,10
B4galt1_Heart_E11.5,5
B4galt1_Limb_Any,4
B4galt1_Limb_E11.5,2
B4galt5_Heart_Any,2
B4galt5_Heart_E11.5,2
BC006965_Forebrain_Any,4
BC006965_Forebrain_E11.5,2
BC006965_Limb_Any,8
BC006965_Limb_E11.5,6
BC028528_Forebrain_Any,2
BC028528_Heart_Any,4
BC028528_Heart_E11.5,3
BC028528_Limb_Any,2
BC039771_Heart_Any,2
BC048502_Forebrain_Any,4
BC055324_Limb_Any,2
BC055324_Limb_E11.5,2
BC068281_Heart_Any,3
BC068281_Heart_E11.5,2
Bace2_Heart_Any,4
Bach2_Forebrain_Any,9
Bach2_Forebrain_E11.5,5
Bach2_Heart_Any,6
Bach2_Heart_E11.5,5
Bach2_Limb_Any,3
Bach2_Limb_E11.5,3
Bach2os_Heart_Any,3
Bach2os_Heart_E11.5,2
Bag2_Heart_Any,2
Bag3_Heart_Any,3
Bahcc1_Forebrain_Any,9
Bahcc1_Forebrain_E11.5,8
Bahcc1_Heart_Any,6
Bahcc1_Heart_E11.5,6
Bahcc1_Limb_Any,9
Bahcc1_Limb_E11.5,8
Baiap2_Forebrain_Any,3
Baiap2_Heart_Any,2
Baiap2_Heart_E11.5,2
Baiap2l1_Heart_Any,6
Baiap2l1_Heart_E11.5,3
Baiap2l1_Limb_Any,2
Bambi_Heart_Any,8
Bambi_Heart_E11.5,5
Banp_Forebrain_Any,6
Banp_Forebrain_E11.5,5
Banp_Heart_Any,5
Banp_Heart_E11.5,4
Banp_Limb_Any,4
Banp_Limb_E11.5,4
Barhl1_Forebrain_Any,2
Barhl1_Forebrain_E11.5,2
Barhl2_Forebrain_Any,4
Barhl2_Forebrain_E11.5,3
Barx1_Limb_Any,3
Barx1_Limb_E11.5,3
Basp1_Forebrain_Any,6
Basp1_Forebrain_E11.5,4
Batf_Heart_Any,5
Batf_Heart_E11.5,2
Batf_Limb_Any,2
Bbx_Heart_Any,6
Bbx_Limb_Any,2
Bbx_Limb_E11.5,2
Bcam_Heart_Any,9
Bcam_Heart_E11.5,7
Bcam_Limb_Any,3
Bcam_Limb_E11.5,2
Bcap29_Heart_Any,4
Bcar1_Heart_Any,2
Bcas3os2_Heart_Any,6
Bcas3os2_Heart_E11.5,4
Bcas3os2_Limb_Any,9
Bcas3os2_Limb_E11.5,4
Bcat1_Forebrain_Any,11
Bcat1_Forebrain_E11.5,9
Bcat1_Heart_Any,3
Bcat1_Heart_E11.5,3
Bcat1_Limb_Any,5
Bcat1_Limb_E11.5,3
Bckdk_Heart_Any,3
Bcl11a_Forebrain_Any,10
Bcl11a_Heart_Any,2
Bcl11a_Limb_Any,3
Bcl11b_Forebrain_Any,13
Bcl11b_Limb_Any,8
Bcl11b_Limb_E11.5,7
Bcl2_Forebrain_Any,2
Bcl2_Heart_Any,4
Bcl2_Heart_E11.5,3
Bcl2_Limb_Any,3
Bcl2l11_Heart_Any,11
Bcl2l11_Heart_E11.5,7
Bcl2l11_Limb_Any,4
Bcl2l11_Limb_E11.5,4
Bcl2l14_Limb_Any,2
Bcl6b_Heart_Any,2
Bcl9_Forebrain_Any,2
Bcor_Forebrain_Any,3
Bcor_Forebrain_E11.5,3
Bcor_Heart_Any,4
Bcor_Heart_E11.5,3
Bcor_Limb_Any,4
Bcor_Limb_E11.5,4
Bdkrb2_Heart_Any,2
Begain_Forebrain_Any,3
Begain_Forebrain_E11.5,2
Begain_Limb_Any,3
Bend3_Limb_Any,3
Bend3_Limb_E11.5,3
Bend6_Forebrain_Any,3
Bend6_Heart_Any,4
Bend6_Heart_E11.5,2
Best3_Heart_Any,3
Bfsp1_Heart_Any,4
Bfsp1_Limb_Any,2
Bgn_Heart_Any,3
Bgn_Heart_E11.5,2
Bgn_Limb_Any,3
Bhlha9_Forebrain_Any,3
Bhlhe22_Forebrain_Any,4
Bhlhe40_Forebrain_Any,2
Bhlhe40_Heart_Any,3
Bhlhe40_Heart_E11.5,2
Bhlhe40_Limb_Any,2
Bhlhe41_Heart_Any,3
Bhlhe41_Heart_E11.5,2
Bicc1_Heart_Any,17
Bicc1_Heart_E11.5,8
Bicc1_Limb_Any,8
Bicd2_Heart_Any,4
Bik_Heart_Any,8
Bik_Heart_E11.5,3
Bik_Limb_Any,2
Blk_Forebrain_Any,2
Blk_Heart_Any,2
Blk_Heart_E11.5,2
Blvra_Heart_Any,2
Bmf_Forebrain_Any,2
Bmf_Heart_Any,2
Bmf_Heart_E11.5,2
Bmf_Limb_Any,3
Bmi1_Forebrain_Any,4
Bmi1_Forebrain_E11.5,4
Bmi1_Heart_Any,3
Bmi1_Heart_E11.5,2
Bmi1_Limb_Any,2
Bmp1_Heart_Any,2
Bmp1_Limb_Any,3
Bmp3_Limb_Any,2
Bmp5_Limb_Any,2
Bmp6_Heart_Any,2
Bmper_Heart_Any,2
Bmper_Limb_Any,2
Bmpr1a_Heart_Any,6
Bmpr1a_Heart_E11.5,4
Bmpr1a_Limb_Any,3
Bmpr1a_Limb_E11.5,3
Bmpr1b_Forebrain_Any,2
Bmpr1b_Forebrain_E11.5,2
Bmpr1b_Heart_Any,2
Bmpr1b_Heart_E11.5,2
Bmpr1b_Limb_Any,5
Bmpr1b_Limb_E11.5,3
Bms1_Heart_Any,3
Bms1_Limb_Any,3
Bms1_Limb_E11.5,2
Bnc2_Forebrain_Any,2
Bnc2_Forebrain_E11.5,2
Bnc2_Limb_Any,10
Bnc2_Limb_E11.5,7
Boc_Forebrain_Any,16
Boc_Forebrain_E11.5,12
Boc_Heart_Any,6
Boc_Heart_E11.5,5
Boc_Limb_Any,18
Boc_Limb_E11.5,14
Bod1_Forebrain_Any,4
Bod1_Forebrain_E11.5,2
Bola3_Heart_Any,3
Bola3_Heart_E11.5,2
Bpifb5_Forebrain_Any,2
Bpifb5_Heart_Any,4
Bpifb5_Heart_E11.5,2
Bpifc_Limb_Any,2
Bptf_Limb_Any,2
Brd3_Forebrain_Any,2
Bri3_Heart_Any,4
Bri3_Heart_E11.5,3
Brinp2_Forebrain_Any,4
Brinp2_Forebrain_E11.5,3
Brpf3_Heart_Any,2
Brpf3_Heart_E11.5,2
Bst1_Heart_Any,2
Btbd11_Forebrain_Any,5
Btbd17_Forebrain_Any,2
Btbd3_Limb_Any,2
Btbd6_Forebrain_Any,2
Btbd6_Heart_Any,2
Btbd6_Heart_E11.5,2
Btg1_Heart_Any,2
Btg1_Limb_Any,2
Btg2_Forebrain_Any,2
Btg2_Heart_Any,4
Btg2_Heart_E11.5,4
Btg3_Heart_Any,3
Btg3_Heart_E11.5,2
Btnl9_Heart_Any,2
Btrc_Forebrain_Any,6
Btrc_Heart_Any,2
Btrc_Heart_E11.5,2
Bub3_Forebrain_Any,2
Bub3_Forebrain_E11.5,2
Bves_Heart_Any,2
Bves_Heart_E11.5,2
Bzrap1_Forebrain_Any,3
C030034L19Rik_Forebrain_Any,2
C030034L19Rik_Heart_Any,4
C030034L19Rik_Limb_Any,2
C030039L03Rik_Forebrain_Any,2
C030039L03Rik_Forebrain_E11.5,2
C130026L21Rik_Forebrain_Any,22
C130026L21Rik_Forebrain_E11.5,12
C130026L21Rik_Limb_Any,4
C130026L21Rik_Limb_E11.5,2
C130060K24Rik_Forebrain_Any,2
C130060K24Rik_Forebrain_E11.5,2
C130071C03Rik_Forebrain_Any,16
C130071C03Rik_Forebrain_E11.5,13
C1ql1_Forebrain_Any,2
C1qtnf7_Heart_Any,4
C1rl_Heart_Any,3
C1rl_Heart_E11.5,2
C1rl_Limb_Any,2
C230014O12Rik_Forebrain_Any,3
C330013E15Rik_Heart_Any,2
C330021F23Rik_Heart_Any,2
C330021F23Rik_Heart_E11.5,2
C430049B03Rik_Heart_Any,16
C430049B03Rik_Heart_E11.5,10
C430049B03Rik_Limb_Any,13
C430049B03Rik_Limb_E11.5,8
CK137956_Forebrain_Any,3
CK137956_Heart_Any,2
Cachd1_Limb_Any,4
Cachd1_Limb_E11.5,2
Cacna1c_Forebrain_Any,2
Cacna1c_Heart_Any,27
Cacna1c_Heart_E11.5,9
Cacna1c_Limb_Any,4
Cacna1c_Limb_E11.5,2
Cacna1d_Forebrain_Any,2
Cacna1e_Forebrain_Any,3
Cacna1g_Forebrain_Any,3
Cacna1g_Forebrain_E11.5,3
Cacna1g_Limb_Any,3
Cacna1g_Limb_E11.5,2
Cacna1h_Forebrain_Any,3
Cacna1h_Heart_Any,3
Cacna1h_Heart_E11.5,3
Cacna1h_Limb_Any,2
Cacna1h_Limb_E11.5,2
Cacna2d1_Forebrain_Any,2
Cacna2d1_Heart_Any,3
Cacna2d2_Heart_Any,3
Cacna2d2_Heart_E11.5,3
Cacna2d3_Forebrain_Any,6
Cacnb2_Heart_Any,9
Cacnb2_Heart_E11.5,4
Cacnb3_Forebrain_Any,3
Cacnb3_Forebrain_E11.5,3
Cacng2_Forebrain_Any,5
Cacng2_Forebrain_E11.5,3
Cacng3_Forebrain_Any,2
Cacng4_Forebrain_Any,10
Cacng4_Forebrain_E11.5,3
Cacng4_Limb_Any,2
Cacng5_Forebrain_Any,3
Cactin_Forebrain_Any,2
Cactin_Forebrain_E11.5,2
Cactin_Limb_Any,2
Cactin_Limb_E11.5,2
Cacul1_Heart_Any,2
Cacul1_Heart_E11.5,2
Cadm1_Forebrain_Any,17
Cadm1_Forebrain_E11.5,2
Cadm2_Forebrain_Any,2
Cadps_Forebrain_Any,5
Cadps_Forebrain_E11.5,2
Calb2_Forebrain_Any,3
Calb2_Forebrain_E11.5,2
Calcrl_Heart_Any,5
Calcrl_Heart_E11.5,4
Cald1_Limb_Any,2
Calhm2_Forebrain_Any,2
Calhm2_Heart_Any,3
Calhm2_Heart_E11.5,3
Calhm2_Limb_Any,2
Calm4_Limb_Any,2
Calm5_Limb_Any,2
Calml3_Heart_Any,6
Calml3_Heart_E11.5,3
Calml3_Limb_Any,7
Calml3_Limb_E11.5,3
Calu_Heart_Any,5
Calu_Heart_E11.5,3
Camk1d_Forebrain_Any,2
Camk1g_Forebrain_Any,6
Camk1g_Heart_Any,4
Camk2b_Forebrain_Any,2
Camk2d_Forebrain_Any,2
Camk2d_Heart_Any,12
Camk2d_Heart_E11.5,4
Camk2g_Heart_Any,2
Camkmt_Forebrain_Any,3
Camkv_Forebrain_Any,4
Camkv_Limb_Any,3
Camkv_Limb_E11.5,2
Camta1_Forebrain_Any,2
Camta1_Heart_Any,3
Cand2_Forebrain_Any,3
Cand2_Forebrain_E11.5,2
Cand2_Heart_Any,8
Cand2_Heart_E11.5,3
Cand2_Limb_Any,5
Cand2_Limb_E11.5,3
Cap2_Forebrain_Any,5
Cap2_Forebrain_E11.5,2
Cap2_Heart_Any,12
Cap2_Heart_E11.5,10
Capg_Forebrain_Any,3
Capg_Heart_Any,7
Capg_Heart_E11.5,4
Capg_Limb_Any,5
Capg_Limb_E11.5,3
Capn2_Forebrain_Any,2
Capn2_Heart_Any,7
Capn2_Heart_E11.5,5
Capn2_Limb_Any,2
Car11_Forebrain_Any,2
Car12_Forebrain_Any,2
Car12_Limb_Any,5
Car12_Limb_E11.5,4
Car15_Forebrain_Any,2
Car4_Forebrain_Any,2
Car4_Heart_Any,2
Card10_Heart_Any,2
Card10_Heart_E11.5,2
Cars2_Heart_Any,2
Caskin1_Forebrain_Any,2
Caskin1_Limb_Any,2
Caskin1_Limb_E11.5,2
Casp7_Heart_Any,5
Casp8_Heart_Any,4
Casp8_Heart_E11.5,3
Cast_Heart_Any,4
Cast_Heart_E11.5,2
Casz1_Forebrain_Any,3
Casz1_Forebrain_E11.5,2
Casz1_Heart_Any,19
Casz1_Heart_E11.5,13
Casz1_Limb_Any,4
Casz1_Limb_E11.5,4
Cat_Heart_Any,2
Cav1_Heart_Any,5
Cav2_Forebrain_Any,2
Cbfa2t2_Forebrain_Any,4
Cbfa2t2_Forebrain_E11.5,4
Cbfa2t2_Limb_Any,2
Cbln4_Forebrain_Any,3
Cbr2_Heart_Any,3
Cbx6_Heart_Any,2
Ccar2_Forebrain_Any,2
Ccdc102a_Heart_Any,3
Ccdc102a_Heart_E11.5,3
Ccdc102a_Limb_Any,2
Ccdc102a_Limb_E11.5,2
Ccdc106_Forebrain_Any,3
Ccdc106_Forebrain_E11.5,2
Ccdc106_Limb_Any,2
Ccdc106_Limb_E11.5,2
Ccdc121_Heart_Any,2
Ccdc121_Limb_Any,2
Ccdc129_Forebrain_Any,2
Ccdc12_Heart_Any,2
Ccdc132_Forebrain_Any,4
Ccdc132_Forebrain_E11.5,3
Ccdc141_Heart_Any,16
Ccdc141_Heart_E11.5,3
Ccdc167_Heart_Any,5
Ccdc167_Heart_E11.5,3
Ccdc181_Forebrain_Any,2
Ccdc181_Heart_Any,3
Ccdc184_Forebrain_Any,2
Ccdc25_Heart_Any,3
Ccdc25_Heart_E11.5,2
Ccdc37_Forebrain_Any,2
Ccdc39_Forebrain_Any,3
Ccdc40_Forebrain_Any,6
Ccdc40_Forebrain_E11.5,3
Ccdc47_Heart_Any,2
Ccdc47_Heart_E11.5,2
Ccdc62_Forebrain_Any,5
Ccdc62_Forebrain_E11.5,3
Ccdc62_Heart_Any,18
Ccdc62_Heart_E11.5,13
Ccdc62_Limb_Any,5
Ccdc62_Limb_E11.5,3
Ccdc63_Heart_Any,5
Ccdc63_Heart_E11.5,2
Ccdc77_Heart_Any,2
Ccdc77_Heart_E11.5,2
Ccdc80_Heart_Any,2
Ccdc88c_Forebrain_Any,5
Ccdc88c_Forebrain_E11.5,3
Cck_Forebrain_Any,2
Cckar_Heart_Any,3
Ccl1_Forebrain_Any,3
Ccl21a_Heart_Any,2
Ccl2_Heart_Any,2
Ccm2l_Forebrain_Any,2
Ccm2l_Forebrain_E11.5,2
Ccm2l_Heart_Any,4
Ccm2l_Heart_E11.5,3
Ccnd1_Forebrain_Any,4
Ccnd1_Forebrain_E11.5,4
Ccnd1_Heart_Any,4
Ccnd1_Heart_E11.5,3
Ccnd1_Limb_Any,7
Ccnd1_Limb_E11.5,7
Ccnd2_Forebrain_Any,6
Ccnd2_Forebrain_E11.5,4
Ccnd2_Heart_Any,3
Ccnd2_Heart_E11.5,3
Ccnd2_Limb_Any,4
Ccnd2_Limb_E11.5,4
Ccnd3_Heart_Any,9
Ccnd3_Heart_E11.5,7
Ccnd3_Limb_Any,5
Ccnd3_Limb_E11.5,2
Ccnj_Forebrain_Any,2
Ccnjl_Heart_Any,3
Ccnjl_Heart_E11.5,2
Ccr1_Forebrain_Any,2
Ccr1_Heart_Any,5
Ccr1_Heart_E11.5,4
Ccr2_Heart_Any,2
Ccrl2_Forebrain_Any,2
Ccrl2_Heart_Any,3
Ccrl2_Heart_E11.5,2
Ccsap_Forebrain_Any,4
Cd109_Heart_Any,7
Cd109_Heart_E11.5,2
Cd109_Limb_Any,4
Cd109_Limb_E11.5,2
Cd164_Heart_Any,2
Cd164_Heart_E11.5,2
Cd200r1_Heart_Any,2
Cd200r1_Heart_E11.5,2
Cd24a_Forebrain_Any,2
Cd24a_Limb_Any,4
Cd24a_Limb_E11.5,4
Cd276_Heart_Any,2
Cd276_Heart_E11.5,2
Cd300lg_Heart_Any,2
Cd300lg_Heart_E11.5,2
Cd34_Heart_Any,3
Cd34_Heart_E11.5,3
Cd44_Heart_Any,3
Cd44_Limb_Any,2
Cd47_Forebrain_Any,2
Cd47_Heart_Any,2
Cd52_Heart_Any,2
Cd59a_Heart_Any,4
Cd59a_Heart_E11.5,2
Cd81_Heart_Any,3
Cd82_Heart_Any,2
Cd83_Forebrain_Any,2
Cd83_Heart_Any,2
Cd93_Heart_Any,5
Cd93_Heart_E11.5,2
Cd9_Forebrain_Any,2
Cd9_Heart_Any,2
Cd9_Heart_E11.5,2
Cd9_Limb_Any,2
Cdc14b_Heart_Any,2
Cdc20_Limb_Any,2
Cdc20_Limb_E11.5,2
Cdc25b_Forebrain_Any,2
Cdc25b_Forebrain_E11.5,2
Cdc25b_Limb_Any,3
Cdc37l1_Heart_Any,4
Cdc37l1_Heart_E11.5,3
Cdc42se2_Forebrain_Any,4
Cdc42se2_Forebrain_E11.5,2
Cdca2_Limb_Any,3
Cdca7_Forebrain_Any,2
Cdca7_Limb_Any,2
Cdca7_Limb_E11.5,2
Cdh11_Forebrain_Any,2
Cdh11_Heart_Any,2
Cdh11_Heart_E11.5,2
Cdh11_Limb_Any,3
Cdh11_Limb_E11.5,2
Cdh13_Forebrain_Any,4
Cdh13_Heart_Any,9
Cdh13_Heart_E11.5,4
Cdh15_Forebrain_Any,2
Cdh15_Limb_Any,6
Cdh15_Limb_E11.5,3
Cdh20_Heart_Any,2
Cdh22_Forebrain_Any,5
Cdh22_Forebrain_E11.5,2
Cdh2_Forebrain_Any,9
Cdh2_Forebrain_E11.5,6
Cdh2_Heart_Any,18
Cdh2_Heart_E11.5,10
Cdh3_Heart_Any,6
Cdh3_Heart_E11.5,6
Cdh3_Limb_Any,4
Cdh4_Forebrain_Any,2
Cdk14_Forebrain_Any,4
Cdk14_Forebrain_E11.5,2
Cdk14_Heart_Any,2
Cdk14_Heart_E11.5,2
Cdk14_Limb_Any,2
Cdk14_Limb_E11.5,2
Cdk17_Forebrain_Any,2
Cdk18_Heart_Any,4
Cdk18_Heart_E11.5,2
Cdk5r1_Forebrain_Any,15
Cdk5r1_Forebrain_E11.5,7
Cdk6_Heart_Any,10
Cdkal1_Forebrain_Any,6
Cdkal1_Forebrain_E11.5,5
Cdkal1_Heart_Any,12
Cdkal1_Heart_E11.5,6
Cdkal1_Limb_Any,5
Cdkal1_Limb_E11.5,5
Cdkl5_Forebrain_Any,2
Cdkl5_Heart_Any,2
Cdkn1c_Heart_Any,3
Cdkn1c_Heart_E11.5,2
Cdkn1c_Limb_Any,4
Cdkn1c_Limb_E11.5,4
Cdnf_Forebrain_Any,3
Cdnf_Heart_Any,9
Cdnf_Heart_E11.5,4
Cdnf_Limb_Any,3
Cdnf_Limb_E11.5,2
Cdon_Forebrain_Any,11
Cdon_Forebrain_E11.5,5
Cdon_Heart_Any,11
Cdon_Heart_E11.5,4
Cdon_Limb_Any,14
Cdon_Limb_E11.5,10
Cdpf1_Heart_Any,3
Cdyl_Limb_Any,2
Ceacam15_Heart_Any,4
Ceacam15_Heart_E11.5,3
Cebpd_Heart_Any,4
Cecr2_Forebrain_Any,2
Cecr2_Forebrain_E11.5,2
Cecr2_Heart_Any,3
Cecr2_Heart_E11.5,2
Celf1_Forebrain_Any,3
Celf1_Heart_Any,4
Celf1_Heart_E11.5,2
Celf2_Forebrain_Any,13
Celf2_Forebrain_E11.5,4
Celf2_Heart_Any,10
Celf2_Heart_E11.5,4
Celf2_Limb_Any,3
Celf3_Forebrain_Any,4
Celf3_Forebrain_E11.5,2
Celf4_Forebrain_Any,7
Celf4_Forebrain_E11.5,5
Celf4_Heart_Any,2
Celf4_Heart_E11.5,2
Celsr1_Forebrain_Any,5
Celsr1_Forebrain_E11.5,2
Celsr1_Heart_Any,2
Celsr1_Limb_Any,2
Celsr2_Forebrain_Any,6
Celsr2_Forebrain_E11.5,5
Celsr2_Heart_Any,2
Celsr2_Limb_Any,2
Cenpf_Heart_Any,4
Cenpf_Heart_E11.5,4
Cenpm_Forebrain_Any,2
Cenpm_Heart_Any,3
Cenpm_Heart_E11.5,2
Cep112_Forebrain_Any,4
Cep112_Forebrain_E11.5,2
Cep112_Limb_Any,6
Cep112_Limb_E11.5,3
Cep131_Forebrain_Any,2
Cep131_Limb_Any,2
Cep170_Forebrain_Any,8
Cep170_Forebrain_E11.5,3
Cep41_Limb_Any,4
Cep41_Limb_E11.5,4
Cep63_Heart_Any,2
Cep68_Heart_Any,2
Cep68_Heart_E11.5,2
Cep68_Limb_Any,2
Cep68_Limb_E11.5,2
Cep78_Forebrain_Any,4
Cep78_Forebrain_E11.5,4
Cep83os_Heart_Any,2
Cep85_Forebrain_Any,2
Cep85_Heart_Any,6
Cep85_Heart_E11.5,3
Cer1_Limb_Any,3
Cers2_Forebrain_Any,2
Cers2_Heart_Any,4
Cers2_Heart_E11.5,3
Cers2_Limb_Any,3
Cers2_Limb_E11.5,2
Cers4_Forebrain_Any,2
Cers4_Forebrain_E11.5,2
Cers4_Heart_Any,4
Cers4_Heart_E11.5,3
Cers4_Limb_Any,2
Cers5_Forebrain_Any,3
Cers5_Heart_Any,3
Cers5_Limb_Any,3
Cflar_Heart_Any,2
Cgnl1_Heart_Any,6
Cgnl1_Heart_E11.5,2
Cgnl1_Limb_Any,2
Cgnl1_Limb_E11.5,2
Chchd6_Forebrain_Any,4
Chchd6_Forebrain_E11.5,4
Chchd6_Heart_Any,2
Chchd6_Heart_E11.5,2
Chchd6_Limb_Any,2
Chd1_Limb_Any,2
Chd1_Limb_E11.5,2
Chd7_Forebrain_Any,4
Chd7_Forebrain_E11.5,2
Chd7_Heart_Any,10
Chd7_Heart_E11.5,8
Chd9_Forebrain_Any,2
Chd9_Forebrain_E11.5,2
Chd9_Heart_Any,2
Chd9_Heart_E11.5,2
Chd9_Limb_Any,3
Chd9_Limb_E11.5,3
Chit1_Heart_Any,2
Chl1_Forebrain_Any,10
Chn2_Forebrain_Any,2
Chrd_Limb_Any,2
Chrm1_Forebrain_Any,2
Chrm2_Heart_Any,5
Chrm2_Heart_E11.5,2
Chrna4_Forebrain_Any,2
Chrna4_Forebrain_E11.5,2
Chrna9_Limb_Any,3
Chrna9_Limb_E11.5,2
Chrnb1_Heart_Any,2
Chrnb1_Limb_Any,2
Chrnb2_Forebrain_Any,11
Chrnb2_Forebrain_E11.5,4
Chst10_Forebrain_Any,14
Chst10_Forebrain_E11.5,5
Chst10_Limb_Any,2
Chst11_Forebrain_Any,3
Chst11_Heart_Any,3
Chst14_Forebrain_Any,4
Chst14_Forebrain_E11.5,3
Chst14_Heart_Any,8
Chst14_Heart_E11.5,6
Chst14_Limb_Any,8
Chst14_Limb_E11.5,5
Chst15_Forebrain_Any,3
Chst15_Forebrain_E11.5,2
Chst15_Heart_Any,2
Chst1_Forebrain_Any,3
Chst8_Forebrain_Any,3
Chst8_Forebrain_E11.5,2
Churc1_Heart_Any,2
Churc1_Heart_E11.5,2
Cib1_Heart_Any,3
Cinp_Forebrain_Any,4
Cinp_Heart_Any,4
Cinp_Limb_Any,2
Cited4_Heart_Any,3
Cited4_Heart_E11.5,3
Ckap2_Heart_Any,2
Clasp1_Forebrain_Any,4
Clasp1_Heart_Any,5
Clca1_Heart_Any,5
Clca1_Heart_E11.5,3
Clcn4-2_Forebrain_Any,2
Clcn4-2_Forebrain_E11.5,2
Clcn4-2_Heart_Any,2
Clcn4-2_Heart_E11.5,2
Clcn4-2_Limb_Any,2
Clcn6_Forebrain_Any,2
Clcnkb_Forebrain_Any,3
Clcnkb_Heart_Any,3
Clcnkb_Heart_E11.5,2
Clcnkb_Limb_Any,3
Cldn20_Heart_Any,2
Cldn20_Limb_Any,2
Cldn4_Heart_Any,4
Cldn4_Heart_E11.5,2
Cldn4_Limb_Any,5
Cldn4_Limb_E11.5,3
Clec14a_Heart_Any,4
Clec4g_Heart_Any,2
Clic4_Heart_Any,7
Clic4_Heart_E11.5,4
Clic5_Heart_Any,14
Clic5_Heart_E11.5,3
Clic6_Heart_Any,2
Clic6_Limb_Any,2
Clint1_Limb_Any,3
Clip1_Heart_Any,2
Clip2_Forebrain_Any,2
Clip4_Heart_Any,4
Clip4_Heart_E11.5,2
Clmn_Limb_Any,2
Clmn_Limb_E11.5,2
Clmp_Forebrain_Any,2
Clmp_Limb_Any,3
Clmp_Limb_E11.5,2
Cln6_Heart_Any,6
Cln6_Heart_E11.5,6
Clock_Heart_Any,2
Clock_Heart_E11.5,2
Clpb_Forebrain_Any,2
Clpb_Heart_Any,3
Clu_Heart_Any,3
Cluh_Heart_Any,6
Cluh_Heart_E11.5,3
Clvs1_Forebrain_Any,6
Clvs1_Forebrain_E11.5,2
Clvs1_Heart_Any,3
Clvs1_Heart_E11.5,2
Cmc2_Heart_Any,6
Cmc2_Heart_E11.5,3
Cmip_Forebrain_Any,2
Cmip_Forebrain_E11.5,2
Cmtr1_Forebrain_Any,2
Cngb1_Heart_Any,3
Cnih2_Forebrain_Any,3
Cnih2_Forebrain_E11.5,3
Cnih2_Heart_Any,2
Cnksr1_Heart_Any,2
Cnksr1_Heart_E11.5,2
Cnksr3_Heart_Any,5
Cnn2_Heart_Any,3
Cnn2_Heart_E11.5,3
Cnn2_Limb_Any,2
Cnr1_Forebrain_Any,5
Cntfr_Forebrain_Any,7
Cntfr_Forebrain_E11.5,6
Cntfr_Heart_Any,2
Cntfr_Heart_E11.5,2
Cntfr_Limb_Any,2
Cntfr_Limb_E11.5,2
Cntln_Heart_Any,4
Cntln_Heart_E11.5,2
Cntln_Limb_Any,16
Cntln_Limb_E11.5,10
Cntn1_Forebrain_Any,4
Cntn2_Forebrain_Any,6
Cntn2_Forebrain_E11.5,2
Cntn2_Limb_Any,2
Cntn2_Limb_E11.5,2
Cntnap2_Forebrain_Any,11
Cntnap2_Forebrain_E11.5,7
Cntnap4_Forebrain_Any,2
Cog5_Heart_Any,2
Cog5_Heart_E11.5,2
Col11a1_Limb_Any,2
Col12a1_Limb_Any,4
Col12a1_Limb_E11.5,2
Col13a1_Heart_Any,7
Col13a1_Heart_E11.5,7
Col13a1_Limb_Any,2
Col14a1_Heart_Any,2
Col15a1_Heart_Any,7
Col18a1_Heart_Any,6
Col18a1_Heart_E11.5,4
Col1a1_Forebrain_Any,2
Col1a1_Heart_Any,11
Col1a1_Heart_E11.5,5
Col1a1_Limb_Any,7
Col1a1_Limb_E11.5,3
Col1a2_Forebrain_Any,3
Col1a2_Forebrain_E11.5,2
Col1a2_Heart_Any,8
Col1a2_Heart_E11.5,3
Col1a2_Limb_Any,12
Col1a2_Limb_E11.5,6
Col23a1_Forebrain_Any,2
Col23a1_Heart_Any,3
Col23a1_Limb_Any,7
Col23a1_Limb_E11.5,6
Col24a1_Limb_Any,4
Col24a1_Limb_E11.5,2
Col25a1_Limb_Any,3
Col25a1_Limb_E11.5,2
Col26a1_Forebrain_Any,2
Col26a1_Heart_Any,2
Col26a1_Limb_Any,7
Col26a1_Limb_E11.5,4
Col27a1_Heart_Any,3
Col27a1_Limb_Any,5
Col27a1_Limb_E11.5,3
Col2a1_Forebrain_Any,4
Col2a1_Forebrain_E11.5,4
Col2a1_Heart_Any,3
Col2a1_Heart_E11.5,3
Col2a1_Limb_Any,5
Col2a1_Limb_E11.5,5
Col3a1_Heart_Any,3
Col3a1_Limb_Any,10
Col3a1_Limb_E11.5,5
Col4a1_Forebrain_Any,3
Col4a1_Heart_Any,24
Col4a1_Heart_E11.5,15
Col4a1_Limb_Any,10
Col4a1_Limb_E11.5,4
Col4a2_Forebrain_Any,2
Col4a2_Heart_Any,9
Col4a2_Heart_E11.5,3
Col4a2_Limb_Any,2
Col4a3bp_Heart_Any,2
Col4a4_Forebrain_Any,2
Col4a4_Heart_Any,5
Col4a4_Heart_E11.5,4
Col4a4_Limb_Any,2
Col4a4_Limb_E11.5,2
Col5a1_Forebrain_Any,5
Col5a1_Forebrain_E11.5,2
Col5a1_Heart_Any,22
Col5a1_Heart_E11.5,15
Col5a1_Limb_Any,17
Col5a1_Limb_E11.5,9
Col5a2_Heart_Any,5
Col5a2_Heart_E11.5,3
Col5a2_Limb_Any,5
Col5a2_Limb_E11.5,2
Col6a2_Heart_Any,10
Col6a2_Heart_E11.5,4
Col6a2_Limb_Any,5
Col6a2_Limb_E11.5,2
Col6a3_Forebrain_Any,2
Col6a3_Heart_Any,7
Col6a3_Limb_Any,9
Col6a3_Limb_E11.5,4
Col6a6_Heart_Any,3
Col6a6_Heart_E11.5,3
Col6a6_Limb_Any,3
Col8a2_Limb_Any,3
Col9a3_Limb_Any,2
Colec12_Forebrain_Any,2
Colec12_Limb_Any,4
Colq_Heart_Any,4
Colq_Heart_E11.5,4
Colq_Limb_Any,3
Colq_Limb_E11.5,2
Commd10_Heart_Any,2
Comp_Heart_Any,2
Copg2_Heart_Any,2
Copg2_Limb_Any,2
Copg2_Limb_E11.5,2
Cops7a_Heart_Any,2
Copz2_Heart_Any,2
Coq5_Heart_Any,2
Coq5_Heart_E11.5,2
Coq9_Heart_Any,3
Corin_Heart_Any,6
Corin_Heart_E11.5,2
Coro2b_Forebrain_Any,6
Coro2b_Forebrain_E11.5,4
Coro2b_Heart_Any,4
Coro2b_Limb_Any,2
Coro2b_Limb_E11.5,2
Coro6_Heart_Any,3
Cox17_Heart_Any,2
Cox4i2_Forebrain_Any,3
Cox4i2_Forebrain_E11.5,2
Cox4i2_Heart_Any,3
Cox4i2_Heart_E11.5,3
Cox4i2_Limb_Any,4
Cox4i2_Limb_E11.5,2
Cox5b_Heart_Any,2
Cox6b2_Heart_Any,2
Cpa4_Forebrain_Any,2
Cpa4_Forebrain_E11.5,2
Cpa4_Heart_Any,3
Cpa4_Heart_E11.5,3
Cpa4_Limb_Any,2
Cpa4_Limb_E11.5,2
Cpe_Forebrain_Any,2
Cpe_Heart_Any,2
Cpeb2_Forebrain_Any,2
Cpeb2_Heart_Any,6
Cpeb2_Heart_E11.5,4
Cpeb2_Limb_Any,2
Cpeb3_Heart_Any,3
Cpeb4_Forebrain_Any,3
Cpeb4_Heart_Any,3
Cpeb4_Heart_E11.5,2
Cped1_Heart_Any,2
Cped1_Limb_Any,5
Cped1_Limb_E11.5,4
Cplx2_Forebrain_Any,12
Cplx2_Forebrain_E11.5,5
Cplx2_Heart_Any,3
Cplx2_Limb_Any,2
Cpm_Limb_Any,2
Cpm_Limb_E11.5,2
Cpne3_Heart_Any,3
Cpne5_Forebrain_Any,4
Cpne5_Forebrain_E11.5,2
Cpne5_Heart_Any,2
Cpne5_Heart_E11.5,2
Cpne6_Forebrain_Any,2
Cpox_Heart_Any,3
Cpox_Heart_E11.5,2
Cpped1_Heart_Any,4
Cpped1_Heart_E11.5,3
Cpq_Heart_Any,3
Cpt1a_Heart_Any,3
Cpt1a_Heart_E11.5,2
Cpxm2_Forebrain_Any,2
Cpxm2_Limb_Any,3
Cpxm2_Limb_E11.5,2
Cpz_Heart_Any,4
Crabp1_Forebrain_Any,3
Crabp1_Forebrain_E11.5,3
Crabp1_Limb_Any,4
Crabp1_Limb_E11.5,3
Crabp2_Forebrain_Any,2
Crabp2_Forebrain_E11.5,2
Crabp2_Limb_Any,2
Crabp2_Limb_E11.5,2
Cradd_Heart_Any,2
Crb2_Forebrain_Any,2
Creb3l1_Forebrain_Any,2
Creb3l1_Forebrain_E11.5,2
Creb3l1_Heart_Any,5
Creb3l1_Heart_E11.5,3
Creb3l1_Limb_Any,4
Creb3l1_Limb_E11.5,2
Creb3l2_Heart_Any,10
Creb3l2_Heart_E11.5,9
Creb3l2_Limb_Any,6
Creb3l2_Limb_E11.5,2
Creb5_Forebrain_Any,7
Creb5_Forebrain_E11.5,2
Creb5_Heart_Any,11
Creb5_Heart_E11.5,3
Creb5_Limb_Any,18
Creb5_Limb_E11.5,11
Crhr1_Forebrain_Any,2
Crip1_Forebrain_Any,2
Crip1_Heart_Any,17
Crip1_Heart_E11.5,12
Crip1_Limb_Any,5
Crip2_Forebrain_Any,2
Crip2_Forebrain_E11.5,2
Crip2_Heart_Any,3
Crip2_Limb_Any,2
Crispld2_Heart_Any,3
Crispld2_Limb_Any,2
Crlf1_Limb_Any,3
Crlf1_Limb_E11.5,2
Crnde_Forebrain_Any,3
Crnde_Heart_Any,13
Crnde_Heart_E11.5,6
Crtac1_Forebrain_Any,3
Cry2_Heart_Any,2
Crybg3_Heart_Any,4
Crybg3_Heart_E11.5,4
Crybg3_Limb_Any,2
Cs_Heart_Any,2
Csad_Heart_Any,2
Csde1_Heart_Any,3
Csde1_Heart_E11.5,3
Cse1l_Forebrain_Any,2
Cse1l_Heart_Any,2
Cse1l_Heart_E11.5,2
Cse1l_Limb_Any,2
Cse1l_Limb_E11.5,2
Csgalnact1_Heart_Any,2
Csgalnact1_Limb_Any,3
Csmd2_Forebrain_Any,7
Csmd2_Forebrain_E11.5,2
Csnk1g3_Forebrain_Any,13
Csnk1g3_Forebrain_E11.5,9
Csnk1g3_Heart_Any,4
Csnk1g3_Heart_E11.5,4
Csnk1g3_Limb_Any,9
Csnk1g3_Limb_E11.5,7
Cspg4_Forebrain_Any,4
Cspg4_Heart_Any,14
Cspg4_Heart_E11.5,9
Cspg4_Limb_Any,5
Cspg4_Limb_E11.5,3
Csrnp2_Forebrain_Any,3
Csrnp3_Forebrain_Any,9
Csrnp3_Forebrain_E11.5,2
Csrnp3_Limb_Any,3
Csrnp3_Limb_E11.5,3
Csrp1_Heart_Any,10
Csrp1_Heart_E11.5,4
Csrp2_Heart_Any,4
Csrp2_Heart_E11.5,3
Csrp3_Heart_Any,2
Csrp3_Heart_E11.5,2
Cstad_Forebrain_Any,3
Cstad_Heart_Any,6
Cstad_Heart_E11.5,5
Cstad_Limb_Any,5
Cstad_Limb_E11.5,3
Ctbp2_Forebrain_Any,3
Ctbp2_Forebrain_E11.5,3
Ctbp2_Heart_Any,4
Ctbp2_Heart_E11.5,2
Ctbp2_Limb_Any,2
Ctbp2_Limb_E11.5,2
Ctdspl_Heart_Any,2
Ctdspl_Limb_Any,3
Ctdspl_Limb_E11.5,2
Ctgf_Heart_Any,3
Ctgf_Heart_E11.5,2
Ctgf_Limb_Any,2
Ctla2b_Heart_Any,4
Ctla2b_Heart_E11.5,2
Ctla2b_Limb_Any,2
Ctnna1_Heart_Any,4
Ctnna1_Heart_E11.5,2
Ctnna2_Forebrain_Any,3
Ctnna3_Heart_Any,8
Ctnna3_Heart_E11.5,3
Ctnnal1_Heart_Any,2
Ctnnal1_Limb_Any,2
Ctnnd1_Heart_Any,2
Ctnnd2_Forebrain_Any,8
Ctnnd2_Forebrain_E11.5,5
Cttnbp2_Forebrain_Any,3
Ctu2_Forebrain_Any,3
Ctxn2_Forebrain_Any,3
Ctxn2_Forebrain_E11.5,2
Cul4a_Heart_Any,5
Cul4a_Heart_E11.5,4
Cul9_Forebrain_Any,4
Cul9_Heart_Any,4
Cul9_Heart_E11.5,4
Cul9_Limb_Any,2
Cux1_Forebrain_Any,2
Cux1_Heart_Any,3
Cux1_Heart_E11.5,3
Cux2_Forebrain_Any,5
Cux2_Forebrain_E11.5,2
Cux2_Heart_Any,3
Cux2_Heart_E11.5,3
Cux2_Limb_Any,3
Cux2_Limb_E11.5,3
Cxcl12_Heart_Any,2
Cxcl13_Limb_Any,2
Cxcl13_Limb_E11.5,2
Cxcl14_Limb_Any,4
Cxcl14_Limb_E11.5,3
Cxcr4_Forebrain_Any,4
Cxcr4_Forebrain_E11.5,4
Cxxc4_Forebrain_Any,9
Cxxc4_Forebrain_E11.5,7
Cxxc4_Limb_Any,3
Cxxc5_Forebrain_Any,3
Cxxc5_Forebrain_E11.5,2
Cxxc5_Heart_Any,3
Cxxc5_Heart_E11.5,3
Cxxc5_Limb_Any,3
Cxxc5_Limb_E11.5,3
Cyb5r1_Heart_Any,2
Cyb5r1_Heart_E11.5,2
Cyb5r3_Heart_Any,2
Cyb5r3_Heart_E11.5,2
Cyba_Forebrain_Any,3
Cyba_Heart_Any,11
Cyba_Heart_E11.5,7
Cyba_Limb_Any,5
Cyba_Limb_E11.5,3
Cyp20a1_Heart_Any,3
Cyp26b1_Limb_Any,3
Cyp26b1_Limb_E11.5,3
Cyp27a1_Heart_Any,4
Cyp39a1_Heart_Any,4
Cyp46a1_Forebrain_Any,2
Cyp46a1_Forebrain_E11.5,2
Cyp4f40_Forebrain_Any,2
Cyp4f40_Heart_Any,2
Cyp4f40_Limb_Any,2
Cyr61_Forebrain_Any,2
Cyr61_Heart_Any,4
Cyr61_Heart_E11.5,4
Cyr61_Limb_Any,2
Cystm1_Forebrain_Any,2
Cystm1_Heart_Any,4
Cystm1_Heart_E11.5,2
Cyth1_Heart_Any,2
Cyth2_Forebrain_Any,3
Cyth2_Heart_Any,2
Cytl1_Heart_Any,2
Cytl1_Limb_Any,2
Cyyr1_Heart_Any,7
Cyyr1_Limb_Any,2
D030068K23Rik_Forebrain_Any,18
D030068K23Rik_Forebrain_E11.5,7
D030068K23Rik_Heart_Any,4
D030068K23Rik_Heart_E11.5,3
D030068K23Rik_Limb_Any,11
D030068K23Rik_Limb_E11.5,6
D10Jhu81e_Heart_Any,3
D130043K22Rik_Forebrain_Any,3
D17Wsu92e_Heart_Any,4
D430041D05Rik_Forebrain_Any,5
D430042O09Rik_Heart_Any,3
D430042O09Rik_Heart_E11.5,2
D5Ertd579e_Heart_Any,2
D5Ertd579e_Heart_E11.5,2
D630045J12Rik_Forebrain_Any,3
D630045J12Rik_Forebrain_E11.5,2
D630045J12Rik_Heart_Any,2
D630045J12Rik_Limb_Any,2
D830026I12Rik_Heart_Any,2
D8Ertd82e_Forebrain_Any,2
D8Ertd82e_Heart_Any,2
D930048N14Rik_Heart_Any,2
Daam1_Forebrain_Any,2
Daam1_Heart_Any,4
Daam2_Forebrain_Any,3
Daam2_Heart_Any,5
Daam2_Heart_E11.5,2
Daam2_Limb_Any,6
Daam2_Limb_E11.5,4
Dab1_Forebrain_Any,14
Dab1_Forebrain_E11.5,5
Dab2_Limb_Any,3
Dab2ip_Forebrain_Any,2
Dab2ip_Heart_Any,2
Dab2ip_Heart_E11.5,2
Dach1_Forebrain_Any,6
Dach1_Forebrain_E11.5,6
Dach1_Heart_Any,4
Dag1_Heart_Any,3
Dag1_Heart_E11.5,2
Dancr_Forebrain_Any,2
Dancr_Heart_Any,2
Dancr_Limb_Any,3
Dancr_Limb_E11.5,2
Dapk2_Heart_Any,4
Dapk2_Heart_E11.5,2
Dapk2_Limb_Any,2
Dapp1_Heart_Any,3
Dapp1_Heart_E11.5,2
Dazap2_Heart_Any,2
Dbn1_Forebrain_Any,10
Dbn1_Forebrain_E11.5,5
Dbndd1_Forebrain_Any,13
Dbndd1_Forebrain_E11.5,8
Dbndd1_Limb_Any,7
Dbndd1_Limb_E11.5,6
Dbpht2_Forebrain_Any,2
Dbt_Heart_Any,8
Dbt_Heart_E11.5,5
Dcaf7_Forebrain_Any,4
Dcc_Forebrain_Any,8
Dcc_Forebrain_E11.5,8
Dclk1_Forebrain_Any,19
Dclk1_Forebrain_E11.5,7
Dclk1_Limb_Any,7
Dclk1_Limb_E11.5,6
Dclk2_Forebrain_Any,7
Dclk2_Forebrain_E11.5,3
Dcn_Heart_Any,4
Dcp1b_Heart_Any,3
Dctn5_Forebrain_Any,2
Dcun1d2_Heart_Any,2
Ddah2_Forebrain_Any,2
Ddhd1_Heart_Any,2
Ddhd1_Heart_E11.5,2
Ddit4l_Heart_Any,2
Ddo_Heart_Any,2
Ddr1_Heart_Any,2
Ddx49_Forebrain_Any,2
Deb1_Forebrain_Any,3
Deb1_Heart_Any,3
Deb1_Limb_Any,2
Decr2_Heart_Any,2
Decr2_Heart_E11.5,2
Def8_Heart_Any,2
Def8_Heart_E11.5,2
Degs1_Heart_Any,2
Degs2_Forebrain_Any,2
Degs2_Heart_Any,2
Dennd2a_Forebrain_Any,3
Dennd2a_Forebrain_E11.5,3
Dennd2a_Heart_Any,3
Dennd2a_Heart_E11.5,3
Dennd2a_Limb_Any,4
Dennd2a_Limb_E11.5,4
Dennd2c_Limb_Any,2
Dennd3_Heart_Any,2
Dennd3_Heart_E11.5,2
Dennd4a_Heart_Any,3
Dennd4a_Heart_E11.5,3
Des_Heart_Any,3
Des_Heart_E11.5,2
Dgcr14_Forebrain_Any,3
Dgcr14_Forebrain_E11.5,3
Dgcr2_Forebrain_Any,2
Dgkh_Heart_Any,5
Dgkh_Heart_E11.5,3
Dgkh_Limb_Any,2
Dgki_Forebrain_Any,5
Dgki_Forebrain_E11.5,2
Dgki_Heart_Any,3
Dgkz_Forebrain_Any,2
Dgkz_Heart_Any,2
Dgkz_Heart_E11.5,2
Dgkz_Limb_Any,2
Dgkz_Limb_E11.5,2
Dhcr24_Forebrain_Any,3
Dhcr24_Forebrain_E11.5,2
Dhcr24_Heart_Any,3
Dhcr24_Heart_E11.5,3
Dhcr24_Limb_Any,3
Dhcr24_Limb_E11.5,3
Dhdds_Forebrain_Any,2
Dhdds_Heart_Any,3
Dhdds_Heart_E11.5,2
Dhh_Heart_Any,7
Dhh_Heart_E11.5,4
Dhrs13_Forebrain_Any,2
Dhrs13_Heart_Any,2
Dhrs3_Heart_Any,3
Dhrs3_Limb_Any,4
Dhx35_Heart_Any,2
Dhx35_Heart_E11.5,2
Dhx38_Limb_Any,3
Dhx38_Limb_E11.5,3
Dicer1_Limb_Any,3
Dicer1_Limb_E11.5,3
Dio2_Heart_Any,2
Dip2b_Forebrain_Any,2
Dip2b_Heart_Any,2
Dip2b_Heart_E11.5,2
Dip2c_Heart_Any,2
Disc1_Forebrain_Any,3
Disc1_Heart_Any,16
Disc1_Heart_E11.5,9
Disc1_Limb_Any,8
Disc1_Limb_E11.5,6
Dkk2_Limb_Any,2
Dkk3_Forebrain_Any,2
Dkk3_Heart_Any,4
Dkk3_Heart_E11.5,3
Dlc1_Forebrain_Any,3
Dlc1_Heart_Any,36
Dlc1_Heart_E11.5,14
Dlc1_Limb_Any,12
Dlc1_Limb_E11.5,6
Dleu7_Limb_Any,2
Dlg1_Heart_Any,2
Dlg1_Heart_E11.5,2
Dlg1_Limb_Any,2
Dlg1_Limb_E11.5,2
Dlg2_Forebrain_Any,2
Dlg4_Limb_Any,2
Dlg4_Limb_E11.5,2
Dlg5_Forebrain_Any,2
Dlg5_Heart_Any,2
Dlg5_Limb_Any,3
Dlg5_Limb_E11.5,3
Dlgap1_Forebrain_Any,2
Dlgap1_Limb_Any,2
Dlgap2_Forebrain_Any,3
Dlgap2_Forebrain_E11.5,2
Dlgap3_Forebrain_Any,2
Dlgap3_Forebrain_E11.5,2
Dlk1_Forebrain_Any,6
Dlk1_Forebrain_E11.5,5
Dlk1_Heart_Any,5
Dlk1_Heart_E11.5,5
Dlk1_Limb_Any,10
Dlk1_Limb_E11.5,5
Dll1_Forebrain_Any,3
Dll1_Forebrain_E11.5,3
Dll4_Forebrain_Any,2
Dll4_Heart_Any,5
Dll4_Heart_E11.5,3
Dlst_Heart_Any,2
Dlx2_Forebrain_Any,2
Dlx2_Forebrain_E11.5,2
Dlx3_Heart_Any,2
Dlx3_Heart_E11.5,2
Dlx3_Limb_Any,8
Dlx3_Limb_E11.5,6
Dlx5_Forebrain_Any,2
Dlx5_Limb_Any,2
Dlx6_Forebrain_Any,2
Dlx6os1_Forebrain_Any,2
Dmap1_Forebrain_Any,3
Dmap1_Limb_Any,2
Dmap1_Limb_E11.5,2
Dmc1_Heart_Any,8
Dmc1_Heart_E11.5,4
Dmc1_Limb_Any,3
Dmrt2_Limb_Any,2
Dmrt2_Limb_E11.5,2
Dmrt3_Forebrain_Any,2
Dmrt3_Forebrain_E11.5,2
Dmrta2_Forebrain_Any,2
Dmrta2_Forebrain_E11.5,2
Dmrtb1_Forebrain_Any,3
Dmtn_Forebrain_Any,2
Dnah7a_Forebrain_Any,3
Dnah7a_Forebrain_E11.5,2
Dnaja3_Heart_Any,3
Dnajc11_Heart_Any,2
Dnajc11_Heart_E11.5,2
Dnajc27_Heart_Any,2
Dnajc27_Heart_E11.5,2
Dner_Forebrain_Any,4
Dnm1_Forebrain_Any,2
Dnm3os_Forebrain_Any,6
Dnm3os_Forebrain_E11.5,4
Dnm3os_Heart_Any,11
Dnm3os_Heart_E11.5,9
Dnm3os_Limb_Any,27
Dnm3os_Limb_E11.5,21
Dnmt3l_Heart_Any,2
Doc2b_Forebrain_Any,3
Dock1_Heart_Any,4
Dock1_Heart_E11.5,4
Dock1_Limb_Any,3
Dock1_Limb_E11.5,2
Dock6_Heart_Any,2
Dohh_Forebrain_Any,3
Dohh_Heart_Any,2
Dok5_Forebrain_Any,9
Dok5_Forebrain_E11.5,2
Dpep1_Heart_Any,4
Dpep1_Heart_E11.5,2
Dpf1_Forebrain_Any,5
Dpf1_Forebrain_E11.5,3
Dpf1_Limb_Any,2
Dph6_Heart_Any,7
Dph6_Heart_E11.5,4
Dpt_Heart_Any,2
Dpy19l3_Forebrain_Any,4
Dpy19l3_Forebrain_E11.5,2
Dpysl2_Forebrain_Any,2
Dpysl2_Forebrain_E11.5,2
Dpysl3_Forebrain_Any,4
Dpysl3_Heart_Any,6
Dpysl3_Heart_E11.5,4
Dpysl4_Forebrain_Any,3
Dpysl4_Forebrain_E11.5,2
Dpysl5_Forebrain_Any,3
Draxin_Forebrain_Any,12
Draxin_Forebrain_E11.5,4
Dscam_Forebrain_Any,14
Dscam_Forebrain_E11.5,5
Dscaml1_Forebrain_Any,6
Dscaml1_Forebrain_E11.5,5
Dscaml1_Limb_Any,2
Dscaml1_Limb_E11.5,2
Dse_Limb_Any,3
Dsg2_Heart_Any,9
Dsg2_Heart_E11.5,6
Dsp_Heart_Any,12
Dsp_Heart_E11.5,7
Dst_Heart_Any,3
Dst_Heart_E11.5,2
Dstn_Heart_Any,2
Dtna_Forebrain_Any,4
Dtna_Heart_Any,6
Dtna_Heart_E11.5,3
Dtx1_Forebrain_Any,3
Dtx1_Heart_Any,2
Dtx1_Limb_Any,2
Dtx1_Limb_E11.5,2
Dtx2_Heart_Any,2
Dupd1_Forebrain_Any,2
Dupd1_Heart_Any,5
Dupd1_Heart_E11.5,2
Dupd1_Limb_Any,4
Dupd1_Limb_E11.5,3
Dusp14_Forebrain_Any,2
Dusp4_Forebrain_Any,4
Dusp4_Forebrain_E11.5,2
Dusp5_Heart_Any,3
Dusp6_Forebrain_Any,4
Dusp6_Forebrain_E11.5,2
Dusp6_Heart_Any,6
Dusp6_Heart_E11.5,3
Dusp6_Limb_Any,5
Dusp6_Limb_E11.5,5
Dusp8_Forebrain_Any,2
Dut_Heart_Any,2
Dut_Heart_E11.5,2
Dync1i1_Forebrain_Any,2
Dync1i1_Limb_Any,2
Dync1i1_Limb_E11.5,2
Dysf_Heart_Any,20
Dysf_Heart_E11.5,11
Dysf_Limb_Any,7
Dysf_Limb_E11.5,4
Dzip1_Forebrain_Any,2
E130006D01Rik_Forebrain_Any,4
E130006D01Rik_Forebrain_E11.5,4
E130006D01Rik_Heart_Any,4
E130006D01Rik_Heart_E11.5,4
E130018N17Rik_Heart_Any,3
E130018N17Rik_Heart_E11.5,2
E130114P18Rik_Forebrain_Any,18
E130114P18Rik_Forebrain_E11.5,7
E130114P18Rik_Limb_Any,7
E130114P18Rik_Limb_E11.5,4
E130307A14Rik_Forebrain_Any,2
E230013L22Rik_Heart_Any,3
E230013L22Rik_Heart_E11.5,3
E2f6_Heart_Any,4
E2f6_Heart_E11.5,2
E330013P04Rik_Forebrain_Any,3
E330013P04Rik_Forebrain_E11.5,3
E330013P04Rik_Limb_Any,2
E530011L22Rik_Forebrain_Any,2
E530011L22Rik_Limb_Any,2
Eaf1_Heart_Any,3
Eaf1_Heart_E11.5,3
Ears2_Heart_Any,3
Ears2_Heart_E11.5,2
Ebf1_Forebrain_Any,8
Ebf1_Forebrain_E11.5,3
Ebf1_Heart_Any,12
Ebf1_Heart_E11.5,7
Ebf1_Limb_Any,19
Ebf1_Limb_E11.5,12
Ebf2_Forebrain_Any,5
Ebf2_Forebrain_E11.5,4
Ebf2_Heart_Any,2
Ebf2_Limb_Any,9
Ebf2_Limb_E11.5,6
Ebf3_Forebrain_Any,9
Ebf3_Forebrain_E11.5,6
Ebf3_Heart_Any,6
Ebf3_Heart_E11.5,2
Ebf3_Limb_Any,17
Ebf3_Limb_E11.5,15
Ece1_Forebrain_Any,2
Ece1_Forebrain_E11.5,2
Ece1_Heart_Any,3
Ece1_Heart_E11.5,3
Ece1_Limb_Any,2
Ece1_Limb_E11.5,2
Echdc3_Heart_Any,5
Echdc3_Heart_E11.5,2
Ecm1_Heart_Any,4
Ecm1_Heart_E11.5,4
Ecm2_Forebrain_Any,2
Ecm2_Heart_Any,3
Ecm2_Heart_E11.5,2
Ecscr_Heart_Any,7
Ecscr_Heart_E11.5,4
Ecscr_Limb_Any,2
Ecsit_Heart_Any,2
Edn1_Heart_Any,8
Edn1_Heart_E11.5,5
Edn2_Heart_Any,3
Edn3_Limb_Any,6
Edn3_Limb_E11.5,2
Ednra_Forebrain_Any,3
Ednra_Forebrain_E11.5,2
Ednra_Heart_Any,30
Ednra_Heart_E11.5,14
Ednra_Limb_Any,14
Ednra_Limb_E11.5,11
Ednrb_Heart_Any,2
Eef1a2_Forebrain_Any,2
Eef1a2_Heart_Any,2
Eepd1_Heart_Any,4
Eepd1_Heart_E11.5,2
Efcab6_Forebrain_Any,2
Efnb1_Forebrain_Any,6
Efnb1_Forebrain_E11.5,5
Efnb1_Heart_Any,4
Efnb1_Heart_E11.5,2
Efnb1_Limb_Any,5
Efnb1_Limb_E11.5,5
Efnb2_Forebrain_Any,2
Egfl6_Heart_Any,2
Egfl7_Heart_Any,12
Egfl7_Heart_E11.5,10
Egfl7_Limb_Any,3
Egfl7_Limb_E11.5,3
Egln1_Forebrain_Any,3
Egln1_Forebrain_E11.5,2
Egln1_Heart_Any,14
Egln1_Heart_E11.5,11
Egln1_Limb_Any,3
Egln1_Limb_E11.5,3
Egln3_Heart_Any,7
Egln3_Heart_E11.5,2
Ehd2_Heart_Any,4
Ehd2_Heart_E11.5,2
Ehd4_Heart_Any,13
Ehd4_Heart_E11.5,11
Ehd4_Limb_Any,5
Eid1_Forebrain_Any,2
Eid1_Forebrain_E11.5,2
Eid1_Heart_Any,2
Eid1_Heart_E11.5,2
Eif1ad_Heart_Any,2
Eif1b_Forebrain_Any,6
Eif1b_Heart_Any,2
Eif3d_Heart_Any,2
Eif4e2_Heart_Any,2
Eif4e3_Limb_Any,3
Eif4ebp1_Heart_Any,11
Eif4ebp1_Heart_E11.5,9
Eif4ebp1_Limb_Any,4
Eif4ebp1_Limb_E11.5,3
Eif4g3_Forebrain_Any,4
Eif4g3_Forebrain_E11.5,3
Eif5_Forebrain_Any,2
Elavl2_Forebrain_Any,6
Elavl2_Forebrain_E11.5,3
Elavl4_Forebrain_Any,5
Elavl4_Forebrain_E11.5,4
Elavl4_Heart_Any,2
Elf2_Heart_Any,2
Elf4_Heart_Any,5
Elf4_Heart_E11.5,2
Elfn2_Forebrain_Any,2
Elk3_Forebrain_Any,2
Elk3_Heart_Any,13
Elk3_Heart_E11.5,7
Elk3_Limb_Any,5
Elk3_Limb_E11.5,2
Elmo1_Forebrain_Any,4
Elmo1_Forebrain_E11.5,2
Elmo1_Heart_Any,2
Elmsan1_Heart_Any,2
Eln_Forebrain_Any,6
Eln_Heart_Any,14
Eln_Heart_E11.5,6
Eln_Limb_Any,7
Eln_Limb_E11.5,2
Elovl1_Heart_Any,2
Elovl5_Heart_Any,2
Emcn_Heart_Any,2
Eme1_Heart_Any,2
Eme1_Heart_E11.5,2
Emilin1_Heart_Any,3
Emilin1_Limb_Any,2
Emilin2_Heart_Any,9
Emilin2_Heart_E11.5,4
Emilin3_Limb_Any,2
Eml1_Forebrain_Any,2
Eml1_Forebrain_E11.5,2
Eml2_Forebrain_Any,2
Eml2_Heart_Any,2
Eml5_Forebrain_Any,2
Emp1_Forebrain_Any,2
Emp1_Heart_Any,2
Emp1_Limb_Any,4
Emp2_Heart_Any,5
Emp2_Heart_E11.5,2
Emx1_Forebrain_Any,6
Emx2os_Limb_Any,2
Enah_Heart_Any,2
Enah_Limb_Any,2
Enc1_Forebrain_Any,17
Enc1_Forebrain_E11.5,8
Enc1_Heart_Any,3
Enc1_Heart_E11.5,2
Eng_Forebrain_Any,6
Eng_Forebrain_E11.5,2
Eng_Heart_Any,22
Eng_Heart_E11.5,17
Eng_Limb_Any,10
Eng_Limb_E11.5,7
Enkd1_Limb_Any,2
Enox1_Forebrain_Any,13
Enox1_Forebrain_E11.5,4
Enox1_Limb_Any,2
Eomes_Forebrain_Any,2
Eomes_Forebrain_E11.5,2
Epas1_Heart_Any,3
Epb4.1l1_Forebrain_Any,2
Epb4.1l2_Forebrain_Any,2
Epb4.1l2_Heart_Any,4
Epb4.1l2_Heart_E11.5,3
Epb4.1l2_Limb_Any,6
Epb4.1l2_Limb_E11.5,5
Epb4.1l3_Forebrain_Any,2
Epb4.1l3_Heart_Any,3
Epb4.1l3_Heart_E11.5,3
Epb4.1l4a_Forebrain_Any,2
Epb4.1l4a_Forebrain_E11.5,2
Epb4.1l4a_Heart_Any,2
Epha2_Forebrain_Any,2
Epha2_Forebrain_E11.5,2
Epha2_Heart_Any,4
Epha2_Heart_E11.5,3
Epha2_Limb_Any,2
Epha3_Forebrain_Any,4
Epha3_Forebrain_E11.5,4
Epha3_Heart_Any,3
Epha3_Limb_Any,2
Epha4_Forebrain_Any,10
Epha4_Forebrain_E11.5,7
Epha4_Heart_Any,2
Epha4_Limb_Any,9
Epha4_Limb_E11.5,3
Epha5_Forebrain_Any,4
Epha8_Forebrain_Any,3
Epha8_Heart_Any,2
Ephb1_Forebrain_Any,16
Ephb1_Forebrain_E11.5,8
Ephb2_Forebrain_Any,12
Ephb2_Forebrain_E11.5,8
Ephb2_Heart_Any,2
Ephb2_Heart_E11.5,2
Ephb2_Limb_Any,6
Ephb2_Limb_E11.5,3
Ephb3_Forebrain_Any,4
Ephb3_Forebrain_E11.5,4
Ephb3_Heart_Any,11
Ephb3_Heart_E11.5,10
Ephb3_Limb_Any,9
Ephb3_Limb_E11.5,7
Ephx2_Heart_Any,3
Ephx2_Heart_E11.5,2
Epn3_Forebrain_Any,2
Epn3_Heart_Any,4
Epn3_Heart_E11.5,2
Epn3_Limb_Any,2
Eps8_Forebrain_Any,2
Eps8_Heart_Any,4
Eps8_Heart_E11.5,4
Eps8_Limb_Any,2
Erap1_Heart_Any,2
Erbb2_Heart_Any,4
Erbb2_Heart_E11.5,2
Erbb2_Limb_Any,2
Erbb2ip_Forebrain_Any,2
Erbb2ip_Heart_Any,2
Erbb2ip_Limb_Any,2
Erbb4_Heart_Any,6
Erbb4_Heart_E11.5,4
Erc1_Forebrain_Any,2
Erc1_Heart_Any,2
Erc2_Forebrain_Any,5
Erc2_Forebrain_E11.5,2
Erc2_Heart_Any,2
Erc2_Limb_Any,2
Erf_Forebrain_Any,2
Erf_Forebrain_E11.5,2
Erf_Heart_Any,2
Erf_Heart_E11.5,2
Erg_Heart_Any,13
Erg_Heart_E11.5,6
Erg_Limb_Any,9
Erg_Limb_E11.5,6
Erich3_Forebrain_Any,3
Ermn_Forebrain_Any,2
Esrrg_Forebrain_Any,3
Esrrg_Heart_Any,19
Esrrg_Heart_E11.5,11
Esrrg_Limb_Any,2
Esrrg_Limb_E11.5,2
Etaa1os_Heart_Any,2
Etfb_Heart_Any,2
Etfb_Heart_E11.5,2
Etfdh_Heart_Any,2
Etl4_Forebrain_Any,2
Etohi1_Heart_Any,5
Etohi1_Heart_E11.5,2
Ets1_Heart_Any,25
Ets1_Heart_E11.5,10
Ets1_Limb_Any,5
Ets1_Limb_E11.5,4
Ets2_Heart_Any,8
Ets2_Heart_E11.5,5
Ets2_Limb_Any,6
Ets2_Limb_E11.5,5
Etv1_Forebrain_Any,2
Etv1_Heart_Any,5
Etv4_Limb_Any,2
Etv4_Limb_E11.5,2
Etv5_Heart_Any,2
Etv5_Heart_E11.5,2
Etv6_Heart_Any,4
Etv6_Heart_E11.5,2
Eva1a_Limb_Any,3
Eva1a_Limb_E11.5,3
Evx1_Forebrain_Any,2
Evx1_Heart_Any,2
Evx1_Heart_E11.5,2
Evx1_Limb_Any,6
Evx1_Limb_E11.5,5
Evx2_Limb_Any,8
Evx2_Limb_E11.5,4
Exoc1_Forebrain_Any,2
Exoc1_Forebrain_E11.5,2
Exoc3l4_Forebrain_Any,3
Exoc3l4_Forebrain_E11.5,2
Exoc3l4_Heart_Any,5
Exoc3l4_Heart_E11.5,4
Exoc3l4_Limb_Any,2
Exoc3l4_Limb_E11.5,2
Exoc4_Forebrain_Any,7
Exoc4_Forebrain_E11.5,3
Exoc4_Heart_Any,5
Exoc4_Heart_E11.5,3
Exog_Forebrain_Any,3
Extl1_Heart_Any,5
Extl1_Heart_E11.5,3
Eya2_Limb_Any,2
Eya2_Limb_E11.5,2
Eya4_Limb_Any,2
Eya4_Limb_E11.5,2
Ezr_Forebrain_Any,4
Ezr_Forebrain_E11.5,3
Ezr_Heart_Any,3
Ezr_Limb_Any,2
F10_Heart_Any,3
F10_Heart_E11.5,2
F11r_Heart_Any,8
F11r_Heart_E11.5,5
F2r_Forebrain_Any,2
F2r_Heart_Any,3
F2r_Heart_E11.5,2
F2rl1_Heart_Any,2
F3_Heart_Any,3
Fabp1_Heart_Any,2
Fabp4_Heart_Any,8
Fabp4_Limb_Any,2
Fabp5_Forebrain_Any,2
Fabp5_Heart_Any,3
Fabp7_Forebrain_Any,3
Fabp7_Forebrain_E11.5,2
Fadd_Heart_Any,3
Fadd_Heart_E11.5,3
Fadd_Limb_Any,2
Fam101b_Heart_Any,6
Fam101b_Limb_Any,6
Fam101b_Limb_E11.5,2
Fam109b_Heart_Any,2
Fam109b_Heart_E11.5,2
Fam110b_Forebrain_Any,6
Fam110b_Forebrain_E11.5,2
Fam110b_Limb_Any,2
Fam114a1_Forebrain_Any,4
Fam114a1_Heart_Any,10
Fam114a1_Heart_E11.5,3
Fam114a1_Limb_Any,7
Fam114a1_Limb_E11.5,3
Fam117a_Heart_Any,3
Fam117a_Heart_E11.5,3
Fam117a_Limb_Any,3
Fam117a_Limb_E11.5,2
Fam120b_Forebrain_Any,3
Fam120b_Forebrain_E11.5,3
Fam122b_Heart_Any,4
Fam122b_Heart_E11.5,3
Fam124b_Heart_Any,3
Fam124b_Limb_Any,2
Fam129a_Heart_Any,4
Fam129a_Limb_Any,2
Fam129b_Forebrain_Any,8
Fam129b_Heart_Any,14
Fam129b_Heart_E11.5,10
Fam129b_Limb_Any,10
Fam129b_Limb_E11.5,6
Fam131c_Forebrain_Any,2
Fam132b_Heart_Any,4
Fam132b_Heart_E11.5,3
Fam134b_Heart_Any,5
Fam134b_Heart_E11.5,4
Fam13c_Forebrain_Any,7
Fam13c_Forebrain_E11.5,2
Fam13c_Heart_Any,4
Fam13c_Heart_E11.5,2
Fam13c_Limb_Any,2
Fam160a1_Heart_Any,3
Fam160a1_Heart_E11.5,2
Fam162a_Heart_Any,4
Fam162a_Heart_E11.5,2
Fam163b_Forebrain_Any,2
Fam168b_Forebrain_Any,3
Fam169a_Forebrain_Any,4
Fam169b_Limb_Any,2
Fam169b_Limb_E11.5,2
Fam171a2_Forebrain_Any,2
Fam171b_Forebrain_Any,3
Fam171b_Forebrain_E11.5,3
Fam174b_Heart_Any,3
Fam178b_Heart_Any,12
Fam178b_Heart_E11.5,4
Fam178b_Limb_Any,4
Fam178b_Limb_E11.5,2
Fam179a_Heart_Any,5
Fam179a_Heart_E11.5,4
Fam181b_Forebrain_Any,2
Fam181b_Forebrain_E11.5,2
Fam181b_Limb_Any,2
Fam181b_Limb_E11.5,2
Fam184a_Forebrain_Any,2
Fam189a1_Forebrain_Any,3
Fam189a1_Limb_Any,4
Fam189a2_Forebrain_Any,2
Fam189a2_Forebrain_E11.5,2
Fam189a2_Heart_Any,8
Fam189a2_Heart_E11.5,5
Fam195a_Forebrain_Any,5
Fam195a_Heart_Any,7
Fam195a_Heart_E11.5,6
Fam195a_Limb_Any,3
Fam196a_Forebrain_Any,4
Fam196a_Limb_Any,2
Fam198a_Forebrain_Any,4
Fam198a_Heart_Any,4
Fam198a_Limb_Any,7
Fam198b_Heart_Any,16
Fam198b_Heart_E11.5,10
Fam19a5_Forebrain_Any,12
Fam19a5_Forebrain_E11.5,5
Fam19a5_Limb_Any,2
Fam19a5_Limb_E11.5,2
Fam210b_Forebrain_Any,2
Fam210b_Heart_Any,2
Fam210b_Heart_E11.5,2
Fam212a_Heart_Any,4
Fam212a_Heart_E11.5,2
Fam212a_Limb_Any,2
Fam212b_Forebrain_Any,2
Fam212b_Heart_Any,4
Fam212b_Heart_E11.5,3
Fam217a_Heart_Any,2
Fam217b_Heart_Any,3
Fam219a_Forebrain_Any,2
Fam222a_Forebrain_Any,5
Fam222a_Forebrain_E11.5,5
Fam222a_Limb_Any,2
Fam222a_Limb_E11.5,2
Fam222b_Forebrain_Any,4
Fam222b_Forebrain_E11.5,3
Fam229b_Forebrain_Any,5
Fam229b_Heart_Any,4
Fam43a_Heart_Any,5
Fam43a_Heart_E11.5,2
Fam46a_Heart_Any,2
Fam46b_Heart_Any,3
Fam46b_Heart_E11.5,3
Fam49a_Forebrain_Any,5
Fam49a_Heart_Any,5
Fam49a_Heart_E11.5,4
Fam53b_Forebrain_Any,3
Fam53b_Forebrain_E11.5,3
Fam53b_Heart_Any,3
Fam57a_Limb_Any,4
Fam57a_Limb_E11.5,3
Fam60a_Forebrain_Any,2
Fam65b_Forebrain_Any,6
Fam65b_Forebrain_E11.5,2
Fam65b_Heart_Any,6
Fam65b_Heart_E11.5,2
Fam65c_Forebrain_Any,3
Fam65c_Heart_Any,8
Fam65c_Heart_E11.5,4
Fam65c_Limb_Any,5
Fam65c_Limb_E11.5,2
Fam69b_Forebrain_Any,3
Fam69b_Heart_Any,2
Fam69b_Limb_Any,2
Fam78a_Heart_Any,9
Fam78a_Heart_E11.5,7
Fam78a_Limb_Any,2
Fam81a_Heart_Any,2
Fam96a_Heart_Any,6
Fam96a_Heart_E11.5,5
Fam96a_Limb_Any,3
Fam96a_Limb_E11.5,2
Fanca_Heart_Any,2
Fanca_Heart_E11.5,2
Farp1_Forebrain_Any,8
Farp1_Forebrain_E11.5,4
Farp1_Heart_Any,4
Farp1_Heart_E11.5,4
Farp1_Limb_Any,10
Farp1_Limb_E11.5,8
Fars2_Heart_Any,3
Fars2_Heart_E11.5,2
Fat3_Forebrain_Any,6
Fat3_Forebrain_E11.5,4
Fat3_Heart_Any,2
Fat3_Limb_Any,2
Fat3_Limb_E11.5,2
Fat4_Forebrain_Any,5
Fat4_Forebrain_E11.5,3
Fat4_Heart_Any,3
Fat4_Limb_Any,8
Fat4_Limb_E11.5,5
Fbf1_Forebrain_Any,2
Fbll1_Forebrain_Any,4
Fbll1_Forebrain_E11.5,2
Fbln1_Heart_Any,5
Fbln1_Heart_E11.5,4
Fbln1_Limb_Any,5
Fbln1_Limb_E11.5,4
Fbln2_Heart_Any,6
Fbln2_Heart_E11.5,3
Fbln2_Limb_Any,2
Fbln2_Limb_E11.5,2
Fbln5_Heart_Any,5
Fbln5_Limb_Any,2
Fbn1_Heart_Any,14
Fbn1_Heart_E11.5,7
Fbn1_Limb_Any,5
Fbn2_Forebrain_Any,3
Fbn2_Heart_Any,9
Fbn2_Heart_E11.5,5
Fbn2_Limb_Any,11
Fbn2_Limb_E11.5,3
Fbrsl1_Forebrain_Any,6
Fbrsl1_Forebrain_E11.5,4
Fbxl16_Forebrain_Any,6
Fbxl16_Forebrain_E11.5,2
Fbxl17_Heart_Any,4
Fbxl22_Heart_Any,3
Fbxl7_Limb_Any,2
Fbxl7_Limb_E11.5,2
Fbxo10_Heart_Any,2
Fbxo16_Forebrain_Any,2
Fbxo16_Heart_Any,2
Fbxo17_Heart_Any,2
Fbxo31_Forebrain_Any,2
Fbxo44_Forebrain_Any,4
Fbxo44_Forebrain_E11.5,2
Fbxo44_Heart_Any,2
Fbxo44_Heart_E11.5,2
Fbxo4_Heart_Any,4
Fbxw11_Forebrain_Any,3
Fbxw7_Forebrain_Any,4
Fbxw8_Forebrain_Any,2
Fbxw8_Heart_Any,3
Fbxw8_Limb_Any,2
Fchsd1_Forebrain_Any,2
Fcrlb_Forebrain_Any,3
Fcrlb_Forebrain_E11.5,2
Fcrlb_Heart_Any,3
Fcrlb_Heart_E11.5,3
Fcrlb_Limb_Any,3
Fdft1_Forebrain_Any,2
Fem1b_Forebrain_Any,3
Fem1b_Forebrain_E11.5,2
Fer_Heart_Any,2
Fer_Heart_E11.5,2
Fermt2_Forebrain_Any,4
Fermt2_Forebrain_E11.5,4
Fermt2_Heart_Any,11
Fermt2_Heart_E11.5,7
Fermt2_Limb_Any,4
Fermt2_Limb_E11.5,4
Fermt3_Heart_Any,2
Fes_Forebrain_Any,2
Fes_Heart_Any,8
Fes_Heart_E11.5,3
Fes_Limb_Any,2
Fes_Limb_E11.5,2
Fez1_Forebrain_Any,13
Fez1_Forebrain_E11.5,8
Ffar4_Heart_Any,2
Fgd4_Heart_Any,4
Fgf10_Limb_Any,4
Fgf13_Heart_Any,2
Fgf18_Heart_Any,3
Fgf18_Limb_Any,4
Fgf18_Limb_E11.5,2
Fgf1_Forebrain_Any,3
Fgf1_Heart_Any,30
Fgf1_Heart_E11.5,11
Fgf1_Limb_Any,5
Fgf1_Limb_E11.5,2
Fgf2_Heart_Any,5
Fgf2_Limb_Any,2
Fgf3_Forebrain_Any,2
Fgf3_Forebrain_E11.5,2
Fgf6_Heart_Any,2
Fgf6_Limb_Any,2
Fgf7_Limb_Any,2
Fgf9_Heart_Any,3
Fgfbp3_Forebrain_Any,3
Fgfbp3_Forebrain_E11.5,3
Fgfr1_Heart_Any,2
Fgfr1_Limb_Any,4
Fgfr1_Limb_E11.5,4
Fgfr2_Forebrain_Any,7
Fgfr2_Forebrain_E11.5,4
Fgfr2_Heart_Any,9
Fgfr2_Heart_E11.5,3
Fgfr2_Limb_Any,25
Fgfr2_Limb_E11.5,15
Fgfr3_Forebrain_Any,3
Fgfr3_Forebrain_E11.5,3
Fgfr3_Heart_Any,3
Fgfrl1_Heart_Any,3
Fgfrl1_Heart_E11.5,2
Fgfrl1_Limb_Any,2
Fgfrl1_Limb_E11.5,2
Fgl2_Heart_Any,3
Fhl1_Heart_Any,3
Fhl2_Forebrain_Any,3
Fhl2_Heart_Any,17
Fhl2_Heart_E11.5,9
Fhl2_Limb_Any,4
Fhl2_Limb_E11.5,2
Fhl3_Forebrain_Any,2
Fhl3_Forebrain_E11.5,2
Fhl3_Heart_Any,3
Fhl3_Heart_E11.5,2
Fhl3_Limb_Any,3
Fhl3_Limb_E11.5,3
Fhod3_Forebrain_Any,2
Fhod3_Heart_Any,9
Fhod3_Heart_E11.5,6
Fibin_Limb_Any,4
Fign_Forebrain_Any,3
Fign_Forebrain_E11.5,3
Fign_Heart_Any,7
Fign_Heart_E11.5,5
Filip1_Heart_Any,5
Filip1_Heart_E11.5,3
Filip1l_Heart_Any,5
Firre_Limb_Any,2
Firre_Limb_E11.5,2
Fjx1_Forebrain_Any,12
Fjx1_Forebrain_E11.5,4
Fjx1_Limb_Any,5
Fjx1_Limb_E11.5,2
Fkbp10_Forebrain_Any,2
Fkbp10_Forebrain_E11.5,2
Fkbp10_Heart_Any,3
Fkbp10_Heart_E11.5,3
Fkbp10_Limb_Any,3
Fkbp10_Limb_E11.5,3
Fkbp1a_Heart_Any,2
Fkbp7_Forebrain_Any,2
Fkbp7_Heart_Any,6
Fkbp7_Heart_E11.5,2
Fkbp7_Limb_Any,4
Fkbp7_Limb_E11.5,2
Fkbp9_Heart_Any,2
Fktn_Forebrain_Any,3
Fktn_Forebrain_E11.5,3
Fktn_Heart_Any,3
Fktn_Heart_E11.5,3
Fli1_Heart_Any,13
Fli1_Heart_E11.5,4
Fli1_Limb_Any,11
Fli1_Limb_E11.5,11
Flnb_Forebrain_Any,3
Flnb_Forebrain_E11.5,2
Flnb_Limb_Any,3
Flnb_Limb_E11.5,3
Flnc_Forebrain_Any,2
Flnc_Heart_Any,6
Flnc_Heart_E11.5,3
Flnc_Limb_Any,2
Flrt1_Forebrain_Any,3
Flrt2_Heart_Any,3
Flt1_Heart_Any,5
Flt1_Heart_E11.5,4
Flt4_Heart_Any,5
Flt4_Heart_E11.5,4
Fmn1_Heart_Any,2
Fmnl2_Forebrain_Any,5
Fmnl2_Forebrain_E11.5,2
Fmnl2_Limb_Any,6
Fmnl2_Limb_E11.5,3
Fmnl3_Forebrain_Any,5
Fmnl3_Forebrain_E11.5,2
Fmnl3_Heart_Any,7
Fmnl3_Heart_E11.5,5
Fmnl3_Limb_Any,8
Fmnl3_Limb_E11.5,7
Fmo6_Limb_Any,8
Fmo6_Limb_E11.5,6
Fmod_Limb_Any,2
Fn1_Heart_Any,2
Fnbp1l_Forebrain_Any,4
Fnbp1l_Forebrain_E11.5,3
Fndc1_Heart_Any,5
Fndc1_Limb_Any,2
Fndc3b_Forebrain_Any,2
Fndc3b_Heart_Any,21
Fndc3b_Heart_E11.5,12
Fndc3b_Limb_Any,8
Fndc3b_Limb_E11.5,2
Fndc4_Forebrain_Any,2
Fndc7_Heart_Any,2
Fos_Forebrain_Any,2
Fos_Heart_Any,4
Fos_Heart_E11.5,3
Fos_Limb_Any,2
Fos_Limb_E11.5,2
Fosl2_Forebrain_Any,2
Fosl2_Heart_Any,6
Fosl2_Heart_E11.5,5
Fosl2_Limb_Any,3
Foxb1_Forebrain_Any,2
Foxc1_Heart_Any,10
Foxc1_Heart_E11.5,6
Foxc1_Limb_Any,15
Foxc1_Limb_E11.5,7
Foxc2_Heart_Any,11
Foxc2_Heart_E11.5,8
Foxc2_Limb_Any,11
Foxc2_Limb_E11.5,11
Foxd1_Forebrain_Any,2
Foxd1_Forebrain_E11.5,2
Foxd2_Limb_Any,2
Foxd2os_Limb_Any,2
Foxd2os_Limb_E11.5,2
Foxg1_Forebrain_Any,2
Foxg1_Forebrain_E11.5,2
Foxh1_Limb_Any,2
Foxl1_Forebrain_Any,3
Foxl1_Forebrain_E11.5,3
Foxl1_Heart_Any,10
Foxl1_Heart_E11.5,8
Foxl1_Limb_Any,3
Foxl1_Limb_E11.5,2
Foxn1_Heart_Any,2
Foxn1_Limb_Any,7
Foxn1_Limb_E11.5,4
Foxo1_Heart_Any,7
Foxo1_Heart_E11.5,2
Foxo6_Forebrain_Any,2
Foxp1_Forebrain_Any,7
Foxp1_Forebrain_E11.5,2
Foxp1_Heart_Any,9
Foxp1_Heart_E11.5,3
Foxp1_Limb_Any,5
Foxp2_Forebrain_Any,2
Foxp2_Limb_Any,2
Foxred1_Heart_Any,2
Fras1_Heart_Any,2
Frem1_Forebrain_Any,5
Frem1_Heart_Any,10
Frem1_Heart_E11.5,4
Frem1_Limb_Any,11
Frem1_Limb_E11.5,7
Frem2_Forebrain_Any,2
Frem2_Heart_Any,17
Frem2_Heart_E11.5,7
Frem2_Limb_Any,8
Frmd4a_Forebrain_Any,9
Frmd4a_Forebrain_E11.5,2
Frmd4a_Heart_Any,4
Frmd4a_Limb_Any,7
Frmd4a_Limb_E11.5,7
Frmd4b_Forebrain_Any,2
Frmd4b_Forebrain_E11.5,2
Frmd4b_Heart_Any,3
Frmd4b_Heart_E11.5,3
Frmd5_Forebrain_Any,2
Frmd5_Heart_Any,4
Frmd6_Forebrain_Any,2
Frmd6_Heart_Any,10
Frmd6_Heart_E11.5,2
Frmd6_Limb_Any,5
Frmd6_Limb_E11.5,3
Frmd8_Heart_Any,2
Frmd8_Heart_E11.5,2
Frmpd1_Heart_Any,2
Frrs1_Heart_Any,4
Frrs1_Heart_E11.5,4
Fry_Forebrain_Any,3
Fry_Heart_Any,8
Fry_Heart_E11.5,4
Frzb_Limb_Any,4
Frzb_Limb_E11.5,4
Fstl1_Forebrain_Any,6
Fstl1_Forebrain_E11.5,3
Fstl1_Heart_Any,15
Fstl1_Heart_E11.5,12
Fstl1_Limb_Any,8
Fstl1_Limb_E11.5,2
Fstl3_Heart_Any,4
Fstl3_Heart_E11.5,3
Fstl3_Limb_Any,3
Fstl3_Limb_E11.5,3
Fstl4_Forebrain_Any,2
Fstl4_Heart_Any,6
Fstl4_Heart_E11.5,5
Fstl5_Forebrain_Any,2
Fth1_Heart_Any,2
Fth1_Heart_E11.5,2
Fto_Forebrain_Any,2
Fubp3_Limb_Any,3
Fubp3_Limb_E11.5,2
Furin_Forebrain_Any,2
Furin_Heart_Any,8
Furin_Heart_E11.5,4
Furin_Limb_Any,4
Fut10_Heart_Any,3
Fut9_Forebrain_Any,3
Fut9_Forebrain_E11.5,3
Fv1_Forebrain_Any,4
Fv1_Forebrain_E11.5,2
Fv1_Heart_Any,8
Fv1_Heart_E11.5,7
Fv1_Limb_Any,6
Fv1_Limb_E11.5,5
Fxn_Heart_Any,2
Fxyd2_Forebrain_Any,3
Fxyd3_Limb_Any,3
Fxyd6_Forebrain_Any,5
Fxyd6_Forebrain_E11.5,2
Fyco1_Heart_Any,5
Fyco1_Heart_E11.5,4
Fyco1_Limb_Any,3
Fyn_Forebrain_Any,7
Fyn_Forebrain_E11.5,4
Fyn_Heart_Any,2
Fyn_Limb_Any,3
Fzd2_Forebrain_Any,3
Fzd2_Forebrain_E11.5,3
Fzd2_Heart_Any,2
Fzd2_Heart_E11.5,2
Fzd2_Limb_Any,6
Fzd2_Limb_E11.5,4
Fzd4_Heart_Any,10
Fzd4_Limb_Any,5
Fzd7_Limb_Any,6
Fzd7_Limb_E11.5,5
Fzd9_Forebrain_Any,3
Fzd9_Forebrain_E11.5,3
Fzd9_Heart_Any,2
Fzd9_Limb_Any,3
Fzd9_Limb_E11.5,3
G0s2_Heart_Any,2
G3bp2_Forebrain_Any,2
G530011O06Rik_Heart_Any,3
Gabrb2_Forebrain_Any,3
Gabrb2_Forebrain_E11.5,2
Gad1_Forebrain_Any,4
Gad1_Forebrain_E11.5,2
Gad1os_Heart_Any,5
Gad1os_Heart_E11.5,2
Gadl1_Heart_Any,7
Gadl1_Heart_E11.5,2
Gadl1_Limb_Any,5
Gadl1_Limb_E11.5,2
Galk1_Forebrain_Any,3
Galk1_Forebrain_E11.5,2
Galk1_Heart_Any,5
Galk1_Heart_E11.5,5
Galk1_Limb_Any,3
Galk1_Limb_E11.5,2
Galk2_Forebrain_Any,2
Galk2_Heart_Any,6
Galk2_Heart_E11.5,2
Galk2_Limb_Any,2
Galnt14_Forebrain_Any,2
Galnt18_Limb_Any,2
Galnt4_Heart_Any,2
Galnt4_Heart_E11.5,2
Galnt9_Forebrain_Any,4
Ganc_Heart_Any,2
Gap43_Forebrain_Any,9
Gap43_Forebrain_E11.5,3
Gapvd1_Heart_Any,2
Gapvd1_Heart_E11.5,2
Garem_Heart_Any,5
Garem_Heart_E11.5,3
Gareml_Forebrain_Any,2
Gareml_Forebrain_E11.5,2
Gas1_Forebrain_Any,11
Gas1_Forebrain_E11.5,10
Gas1_Heart_Any,13
Gas1_Heart_E11.5,5
Gas1_Limb_Any,32
Gas1_Limb_E11.5,23
Gas2_Limb_Any,4
Gas2_Limb_E11.5,3
Gas6_Forebrain_Any,2
Gas6_Heart_Any,6
Gas6_Heart_E11.5,2
Gas6_Limb_Any,2
Gas8_Forebrain_Any,2
Gata1_Heart_Any,2
Gata1_Heart_E11.5,2
Gata4_Heart_Any,20
Gata4_Heart_E11.5,14
Gata5_Heart_Any,6
Gata5_Heart_E11.5,5
Gata5os_Heart_Any,5
Gata5os_Heart_E11.5,3
Gatsl2_Forebrain_Any,2
Gbas_Forebrain_Any,2
Gbe1_Heart_Any,3
Gbe1_Heart_E11.5,2
Gbp9_Heart_Any,2
Gbp9_Limb_Any,2
Gbx1_Forebrain_Any,2
Gbx1_Forebrain_E11.5,2
Gcfc2_Limb_Any,2
Gcgr_Heart_Any,4
Gcgr_Limb_Any,2
Gdf3_Heart_Any,2
Gdf6_Heart_Any,5
Gdpd5_Forebrain_Any,3
Gdpd5_Forebrain_E11.5,2
Gdpd5_Heart_Any,3
Gem_Heart_Any,6
Gem_Heart_E11.5,3
Gem_Limb_Any,2
Gem_Limb_E11.5,2
Get4_Heart_Any,2
Gfi1b_Heart_Any,2
Gfi1b_Heart_E11.5,2
Gfod1_Forebrain_Any,3
Gfod1_Heart_Any,5
Gfod1_Limb_Any,3
Gfra1_Forebrain_Any,2
Gfra1_Forebrain_E11.5,2
Gfra1_Limb_Any,2
Gfra1_Limb_E11.5,2
Ggcx_Heart_Any,4
Ggcx_Heart_E11.5,3
Ggcx_Limb_Any,2
Ggcx_Limb_E11.5,2
Ggta1_Heart_Any,7
Ggta1_Heart_E11.5,6
Ggta1_Limb_Any,3
Ggta1_Limb_E11.5,2
Ghr_Heart_Any,3
Ghr_Heart_E11.5,2
Gigyf2_Forebrain_Any,2
Gimap4_Heart_Any,2
Gimap4_Limb_Any,2
Gimap4_Limb_E11.5,2
Gimap6_Heart_Any,2
Gimap6_Heart_E11.5,2
Gimap8_Heart_Any,2
Gimap8_Heart_E11.5,2
Ginm1_Heart_Any,3
Gins2_Forebrain_Any,3
Gins2_Forebrain_E11.5,3
Gins2_Heart_Any,8
Gins2_Heart_E11.5,6
Gins2_Limb_Any,8
Gins2_Limb_E11.5,5
Gins4_Forebrain_Any,2
Gins4_Forebrain_E11.5,2
Gins4_Heart_Any,3
Gins4_Heart_E11.5,3
Gipr_Forebrain_Any,2
Gipr_Heart_Any,3
Gipr_Heart_E11.5,2
Gja1_Forebrain_Any,2
Gja1_Heart_Any,8
Gja1_Heart_E11.5,2
Gja1_Limb_Any,3
Gja1_Limb_E11.5,3
Gja4_Heart_Any,4
Gja5_Heart_Any,6
Gja5_Heart_E11.5,4
Gjc1_Heart_Any,4
Gjc1_Heart_E11.5,3
Gjd4_Heart_Any,2
Gkn3_Heart_Any,4
Gkn3_Heart_E11.5,2
Glcci1_Limb_Any,2
Glcci1_Limb_E11.5,2
Gldc_Forebrain_Any,2
Gldc_Forebrain_E11.5,2
Gli2_Forebrain_Any,6
Gli2_Forebrain_E11.5,4
Gli2_Heart_Any,6
Gli2_Heart_E11.5,5
Gli2_Limb_Any,10
Gli2_Limb_E11.5,8
Gli3_Forebrain_Any,6
Gli3_Forebrain_E11.5,6
Gli3_Limb_Any,8
Gli3_Limb_E11.5,4
Glis1_Forebrain_Any,4
Glis1_Heart_Any,2
Glis1_Limb_Any,6
Glis1_Limb_E11.5,5
Glrb_Forebrain_Any,5
Glrb_Limb_Any,3
Glrb_Limb_E11.5,2
Gm10371_Forebrain_Any,3
Gm10371_Heart_Any,11
Gm10371_Heart_E11.5,7
Gm10371_Limb_Any,6
Gm10451_Heart_Any,4
Gm10451_Heart_E11.5,3
Gm10653_Forebrain_Any,2
Gm10653_Heart_Any,5
Gm10653_Heart_E11.5,4
Gm10653_Limb_Any,4
Gm10653_Limb_E11.5,2
Gm11149_Forebrain_Any,4
Gm11149_Heart_Any,3
Gm11149_Heart_E11.5,2
Gm11149_Limb_Any,2
Gm11346_Heart_Any,2
Gm11541_Heart_Any,2
Gm11627_Heart_Any,7
Gm11627_Heart_E11.5,5
Gm11992_Forebrain_Any,2
Gm11992_Heart_Any,2
Gm11992_Heart_E11.5,2
Gm11992_Limb_Any,2
Gm12295_Heart_Any,12
Gm12295_Heart_E11.5,8
Gm12695_Heart_Any,2
Gm12866_Heart_Any,5
Gm12866_Heart_E11.5,5
Gm12866_Limb_Any,2
Gm13315_Heart_Any,8
Gm13315_Heart_E11.5,2
Gm13315_Limb_Any,2
Gm13446_Heart_Any,6
Gm13446_Heart_E11.5,5
Gm13446_Limb_Any,3
Gm13483_Heart_Any,5
Gm13483_Heart_E11.5,2
Gm13483_Limb_Any,4
Gm13483_Limb_E11.5,2
Gm14005_Heart_Any,4
Gm14005_Limb_Any,3
Gm14207_Forebrain_Any,2
Gm14207_Heart_Any,2
Gm14446_Heart_Any,2
Gm15350_Heart_Any,2
Gm15350_Heart_E11.5,2
Gm15708_Heart_Any,2
Gm15708_Heart_E11.5,2
Gm15867_Limb_Any,3
Gm15910_Forebrain_Any,3
Gm15910_Forebrain_E11.5,3
Gm15910_Heart_Any,14
Gm15910_Heart_E11.5,7
Gm15910_Limb_Any,7
Gm15910_Limb_E11.5,6
Gm15915_Forebrain_Any,4
Gm15915_Heart_Any,8
Gm15915_Heart_E11.5,5
Gm15972_Heart_Any,2
Gm16159_Forebrain_Any,2
Gm16159_Heart_Any,2
Gm16159_Heart_E11.5,2
Gm16159_Limb_Any,5
Gm16159_Limb_E11.5,3
Gm16701_Forebrain_Any,3
Gm16702_Forebrain_Any,2
Gm16712_Forebrain_Any,2
Gm1673_Forebrain_Any,2
Gm16897_Heart_Any,4
Gm16907_Forebrain_Any,2
Gm16907_Forebrain_E11.5,2
Gm16907_Heart_Any,6
Gm16907_Limb_Any,14
Gm16907_Limb_E11.5,7
Gm17455_Forebrain_Any,2
Gm17455_Forebrain_E11.5,2
Gm17750_Forebrain_Any,5
Gm17750_Forebrain_E11.5,5
Gm20604_Forebrain_Any,2
Gm266_Forebrain_Any,2
Gm266_Limb_Any,3
Gm3646_Heart_Any,2
Gm4262_Heart_Any,2
Gm5082_Forebrain_Any,2
Gm5082_Heart_Any,8
Gm5082_Heart_E11.5,5
Gm5105_Heart_Any,10
Gm5105_Heart_E11.5,4
Gm5468_Forebrain_Any,7
Gm5468_Forebrain_E11.5,2
Gm5607_Forebrain_Any,10
Gm5607_Forebrain_E11.5,8
Gm5860_Heart_Any,9
Gm5860_Heart_E11.5,3
Gm5860_Limb_Any,3
Gm7325_Heart_Any,3
Gm7325_Limb_Any,6
Gm7325_Limb_E11.5,5
Gm826_Heart_Any,3
Gm826_Heart_E11.5,2
Gm9866_Forebrain_Any,4
Gm9866_Forebrain_E11.5,2
Gm9866_Limb_Any,2
Gm9961_Heart_Any,2
Gmnn_Heart_Any,5
Gmnn_Heart_E11.5,2
Gmpr_Heart_Any,4
Gmpr_Heart_E11.5,2
Gna13_Heart_Any,3
Gna14_Forebrain_Any,2
Gna14_Heart_Any,2
Gna14_Heart_E11.5,2
Gna14_Limb_Any,3
Gna14_Limb_E11.5,2
Gnas_Heart_Any,3
Gnat2_Heart_Any,2
Gnb1_Forebrain_Any,2
Gnb5_Heart_Any,4
Gnb5_Heart_E11.5,2
Gng11_Heart_Any,2
Gng2_Forebrain_Any,4
Gng2_Forebrain_E11.5,3
Gng2_Heart_Any,4
Gng3_Forebrain_Any,2
Gngt2_Heart_Any,5
Gngt2_Heart_E11.5,3
Gnpda1_Heart_Any,2
Golga4_Heart_Any,3
Golga4_Heart_E11.5,2
Golga4_Limb_Any,2
Golga5_Heart_Any,2
Golga7b_Forebrain_Any,4
Gorab_Limb_Any,4
Gorab_Limb_E11.5,3
Gp1bb_Forebrain_Any,2
Gp1bb_Heart_Any,2
Gpc1_Forebrain_Any,4
Gpc1_Heart_Any,5
Gpc1_Heart_E11.5,4
Gpc1_Limb_Any,2
Gpc1_Limb_E11.5,2
Gpc6_Heart_Any,3
Gpc6_Limb_Any,2
Gpd1_Heart_Any,2
Gper1_Forebrain_Any,3
Gpihbp1_Heart_Any,2
Gpr12_Forebrain_Any,2
Gpr139_Forebrain_Any,3
Gpr139_Forebrain_E11.5,3
Gpr139_Heart_Any,2
Gpr146_Forebrain_Any,2
Gpr146_Heart_Any,8
Gpr146_Heart_E11.5,5
Gpr146_Limb_Any,4
Gpr146_Limb_E11.5,3
Gpr156_Forebrain_Any,7
Gpr156_Forebrain_E11.5,4
Gpr161_Forebrain_Any,3
Gpr162_Forebrain_Any,2
Gpr162_Forebrain_E11.5,2
Gpr22_Forebrain_Any,2
Gpr22_Heart_Any,3
Gpr26_Forebrain_Any,8
Gpr26_Forebrain_E11.5,3
Gpr45_Forebrain_Any,4
Gpr45_Forebrain_E11.5,3
Gpr68_Heart_Any,3
Gpr75_Forebrain_Any,9
Gpr75_Forebrain_E11.5,4
Gpr75_Limb_Any,2
Gpr85_Forebrain_Any,2
Gprc5a_Heart_Any,4
Gprc5a_Limb_Any,5
Gprc5a_Limb_E11.5,2
Gprc5c_Forebrain_Any,3
Gprc5c_Forebrain_E11.5,3
Gprc5c_Heart_Any,3
Gprc5c_Heart_E11.5,3
Gprc5c_Limb_Any,6
Gprc5c_Limb_E11.5,4
Gprin1_Forebrain_Any,2
Gpx3_Heart_Any,4
Gpx3_Heart_E11.5,4
Gpx8_Forebrain_Any,2
Gpx8_Heart_Any,6
Gpx8_Heart_E11.5,2
Gpx8_Limb_Any,6
Gramd1b_Forebrain_Any,2
Gramd3_Heart_Any,2
Gramd4_Forebrain_Any,2
Gramd4_Forebrain_E11.5,2
Gramd4_Heart_Any,3
Gramd4_Heart_E11.5,2
Gramd4_Limb_Any,2
Grap2_Heart_Any,2
Grap2_Heart_E11.5,2
Grap_Heart_Any,3
Grb10_Forebrain_Any,3
Grb10_Forebrain_E11.5,3
Grb10_Heart_Any,12
Grb10_Heart_E11.5,10
Grb10_Limb_Any,6
Grb10_Limb_E11.5,4
Greb1_Heart_Any,2
Greb1_Limb_Any,2
Greb1_Limb_E11.5,2
Grhl1_Heart_Any,4
Grhl1_Limb_Any,3
Grhl2_Limb_Any,2
Grhl3_Heart_Any,3
Grhl3_Heart_E11.5,3
Grhl3_Limb_Any,3
Grhl3_Limb_E11.5,3
Grhpr_Heart_Any,10
Grhpr_Heart_E11.5,6
Grhpr_Limb_Any,2
Gria1_Forebrain_Any,8
Gria1_Forebrain_E11.5,2
Gria1_Heart_Any,4
Gria1_Limb_Any,2
Gria2_Forebrain_Any,6
Grik1_Forebrain_Any,3
Grik1_Forebrain_E11.5,2
Grik2_Forebrain_Any,6
Grik2_Forebrain_E11.5,3
Grik3_Forebrain_Any,7
Grik3_Forebrain_E11.5,2
Grik4_Forebrain_Any,4
Grin2b_Forebrain_Any,8
Grin2b_Forebrain_E11.5,2
Grin2b_Limb_Any,2
Grip1_Forebrain_Any,7
Grip1_Forebrain_E11.5,3
Grk5_Heart_Any,2
Grm4_Forebrain_Any,2
Grm5_Forebrain_Any,3
Grp_Forebrain_Any,2
Grpel1_Heart_Any,4
Grpel1_Heart_E11.5,4
Grsf1_Heart_Any,2
Grsf1_Heart_E11.5,2
Gsdmc_Forebrain_Any,2
Gsdmc_Heart_Any,2
Gsdmc_Limb_Any,2
Gse1_Forebrain_Any,9
Gse1_Forebrain_E11.5,5
Gse1_Heart_Any,6
Gse1_Heart_E11.5,6
Gse1_Limb_Any,4
Gse1_Limb_E11.5,4
Gsg1l_Forebrain_Any,6
Gsg1l_Heart_Any,8
Gsg1l_Heart_E11.5,5
Gsg1l_Limb_Any,2
Gsk3b_Forebrain_Any,4
Gsk3b_Heart_Any,3
Gsn_Heart_Any,6
Gsn_Heart_E11.5,4
Gsn_Limb_Any,3
Gsn_Limb_E11.5,2
Gsta4_Heart_Any,4
Gsta4_Heart_E11.5,2
Gsta4_Limb_Any,2
Gstm2_Heart_Any,4
Gstm2_Heart_E11.5,2
Gstm2_Limb_Any,4
Gstm2_Limb_E11.5,2
Gstp2_Heart_Any,2
Gsx1_Forebrain_Any,3
Gsx1_Forebrain_E11.5,2
Gsx2_Forebrain_Any,2
Gsx2_Forebrain_E11.5,2
Gtf2ird1_Limb_Any,2
Gtf3c1_Forebrain_Any,3
Gtf3c1_Forebrain_E11.5,3
Gtf3c1_Heart_Any,4
Gtf3c1_Heart_E11.5,4
Gucd1_Heart_Any,2
Gucy1a3_Forebrain_Any,4
Gucy1a3_Heart_Any,9
Gucy1a3_Heart_E11.5,7
Gucy1b2_Forebrain_Any,4
Gucy1b2_Forebrain_E11.5,2
Gucy1b2_Heart_Any,4
Gucy1b3_Heart_Any,2
Gulp1_Limb_Any,2
Gulp1_Limb_E11.5,2
Gusb_Heart_Any,3
Gusb_Heart_E11.5,2
Gxylt2_Heart_Any,5
Gxylt2_Limb_Any,6
Gxylt2_Limb_E11.5,2
Gyg_Heart_Any,4
Gyg_Heart_E11.5,3
Gypc_Heart_Any,2
Gypc_Heart_E11.5,2
H19_Forebrain_Any,3
H19_Forebrain_E11.5,3
H19_Heart_Any,7
H19_Heart_E11.5,7
H19_Limb_Any,4
H19_Limb_E11.5,4
H2afy2_Forebrain_Any,3
H2afy2_Forebrain_E11.5,2
H6pd_Heart_Any,2
Hadh_Heart_Any,4
Hadha_Heart_Any,5
Hadha_Heart_E11.5,3
Hadha_Limb_Any,2
Hadhb_Heart_Any,3
Hand2_Heart_Any,12
Hand2_Heart_E11.5,6
Hand2_Limb_Any,4
Hand2_Limb_E11.5,4
Hapln1_Heart_Any,2
Hapln1_Heart_E11.5,2
Hapln1_Limb_Any,2
Hapln1_Limb_E11.5,2
Has2_Limb_Any,3
Has2_Limb_E11.5,3
Hba-x_Heart_Any,2
Hba-x_Heart_E11.5,2
Hbb-bh1_Heart_Any,2
Hbb-bh1_Heart_E11.5,2
Hbegf_Forebrain_Any,3
Hbegf_Forebrain_E11.5,2
Hbegf_Heart_Any,3
Hbegf_Heart_E11.5,2
Hbegf_Limb_Any,3
Hbp1_Heart_Any,3
Hbq1a_Heart_Any,2
Hcn4_Heart_Any,6
Hcn4_Heart_E11.5,5
Hcrt_Forebrain_Any,2
Hdac11_Heart_Any,2
Hdac4_Limb_Any,4
Hdac4_Limb_E11.5,3
Hdac7_Heart_Any,2
Hdac7_Heart_E11.5,2
Hdac9_Heart_Any,6
Hdac9_Heart_E11.5,2
Hddc3_Forebrain_Any,2
Hddc3_Forebrain_E11.5,2
Hddc3_Heart_Any,2
Hddc3_Heart_E11.5,2
Hectd1_Heart_Any,2
Hecw2_Heart_Any,4
Heg1_Forebrain_Any,4
Heg1_Forebrain_E11.5,4
Heg1_Heart_Any,8
Heg1_Heart_E11.5,5
Heg1_Limb_Any,2
Helz_Heart_Any,2
Helz_Heart_E11.5,2
Hemgn_Heart_Any,2
Hemgn_Heart_E11.5,2
Henmt1_Forebrain_Any,3
Henmt1_Forebrain_E11.5,2
Herc1_Forebrain_Any,4
Herc1_Heart_Any,2
Herc1_Heart_E11.5,2
Herc3_Heart_Any,3
Herc6_Heart_Any,3
Herc6_Heart_E11.5,2
Herpud1_Heart_Any,2
Herpud1_Heart_E11.5,2
Hes1_Limb_Any,5
Hes1_Limb_E11.5,5
Hes5_Forebrain_Any,3
Hes5_Forebrain_E11.5,3
Hes5_Heart_Any,2
Hes6_Forebrain_Any,2
Hexa_Heart_Any,3
Hey2_Forebrain_Any,2
Hey2_Heart_Any,8
Hey2_Heart_E11.5,4
Heyl_Forebrain_Any,2
Heyl_Heart_Any,5
Heyl_Heart_E11.5,4
Heyl_Limb_Any,3
Hhat_Forebrain_Any,5
Hhat_Forebrain_E11.5,3
Hhat_Heart_Any,7
Hhat_Heart_E11.5,4
Hhat_Limb_Any,9
Hhat_Limb_E11.5,6
Hhatl_Heart_Any,7
Hhatl_Heart_E11.5,5
Hhatl_Limb_Any,3
Hhip_Limb_Any,3
Hhip_Limb_E11.5,2
Hic1_Forebrain_Any,5
Hic1_Forebrain_E11.5,3
Hic1_Heart_Any,12
Hic1_Heart_E11.5,7
Hic1_Limb_Any,9
Hic1_Limb_E11.5,7
Hip1r_Forebrain_Any,2
Hip1r_Limb_Any,2
Hipk2_Forebrain_Any,2
Hipk2_Heart_Any,2
Hipk3_Heart_Any,2
Hist1h2be_Heart_Any,2
Hivep1_Forebrain_Any,4
Hivep1_Forebrain_E11.5,2
Hivep2_Heart_Any,2
Hivep3_Forebrain_Any,6
Hivep3_Heart_Any,3
Hivep3_Heart_E11.5,2
Hk2_Heart_Any,5
Hk2_Heart_E11.5,3
Hkdc1_Limb_Any,2
Hmcn1_Heart_Any,10
Hmcn1_Heart_E11.5,2
Hmcn1_Limb_Any,5
Hmcn1_Limb_E11.5,5
Hmg20a_Forebrain_Any,2
Hmg20a_Heart_Any,2
Hmga2_Forebrain_Any,9
Hmga2_Forebrain_E11.5,9
Hmga2_Heart_Any,10
Hmga2_Heart_E11.5,9
Hmga2_Limb_Any,23
Hmga2_Limb_E11.5,20
Hmgb1_Forebrain_Any,2
Hmgb1_Forebrain_E11.5,2
Hmgb1_Heart_Any,2
Hmgb1_Heart_E11.5,2
Hmgb1_Limb_Any,3
Hmgb1_Limb_E11.5,3
Hmgcr_Forebrain_Any,4
Hmgn2_Forebrain_Any,2
Hmgn2_Forebrain_E11.5,2
Hmgn2_Limb_Any,3
Hmgn2_Limb_E11.5,2
Hmha1_Heart_Any,2
Hmha1_Heart_E11.5,2
Hnrnpab_Limb_Any,3
Hnrnpab_Limb_E11.5,3
Hnrnpdl_Forebrain_Any,2
Homer2_Heart_Any,4
Homer2_Heart_E11.5,4
Hopx_Forebrain_Any,2
Hopx_Forebrain_E11.5,2
Hopx_Heart_Any,9
Hopx_Heart_E11.5,2
Hotairm1_Heart_Any,2
Hottip_Limb_Any,2
Hottip_Limb_E11.5,2
Hoxa13_Limb_Any,3
Hoxa13_Limb_E11.5,3
Hoxb1_Limb_Any,2
Hoxb1_Limb_E11.5,2
Hoxb3_Heart_Any,2
Hoxc10_Limb_Any,3
Hoxc10_Limb_E11.5,3
Hoxc5_Limb_Any,2
Hoxc9_Limb_Any,4
Hoxc9_Limb_E11.5,3
Hoxd9_Limb_Any,3
Hoxd9_Limb_E11.5,2
Hpcal1_Forebrain_Any,2
Hpcal1_Heart_Any,2
Hpse2_Heart_Any,2
Hpse2_Limb_Any,6
Hpse2_Limb_E11.5,5
Hrasls_Forebrain_Any,2
Hrct1_Heart_Any,2
Hrh3_Forebrain_Any,4
Hs1bp3_Heart_Any,10
Hs1bp3_Heart_E11.5,5
Hs1bp3_Limb_Any,3
Hs2st1_Forebrain_Any,4
Hs3st1_Forebrain_Any,2
Hs3st3a1_Limb_Any,8
Hs3st3a1_Limb_E11.5,5
Hs3st3b1_Limb_Any,4
Hs3st3b1_Limb_E11.5,4
Hs3st6_Limb_Any,3
Hs3st6_Limb_E11.5,2
Hsbp1l1_Heart_Any,3
Hsbp1l1_Heart_E11.5,3
Hscb_Heart_Any,2
Hsd17b11_Heart_Any,2
Hsd3b7_Forebrain_Any,2
Hsd3b7_Heart_Any,2
Hsdl1_Forebrain_Any,2
Hsp90ab1_Limb_Any,2
Hsp90ab1_Limb_E11.5,2
Hspa12a_Forebrain_Any,3
Hspa12a_Heart_Any,3
Hspa12b_Heart_Any,2
Hspa12b_Limb_Any,2
Hspb1_Forebrain_Any,3
Hspb1_Heart_Any,10
Hspb1_Heart_E11.5,8
Hspb1_Limb_Any,5
Hspb3_Heart_Any,2
Hspb3_Heart_E11.5,2
Hspb7_Heart_Any,7
Hspb7_Heart_E11.5,2
Hspb7_Limb_Any,2
Hspb8_Forebrain_Any,3
Hspb8_Forebrain_E11.5,3
Hspb8_Heart_Any,4
Hspb8_Limb_Any,3
Hspb8_Limb_E11.5,3
Hspg2_Forebrain_Any,2
Hspg2_Forebrain_E11.5,2
Hspg2_Heart_Any,6
Hspg2_Heart_E11.5,4
Hspg2_Limb_Any,5
Hspg2_Limb_E11.5,3
Htra1_Forebrain_Any,4
Htra1_Heart_Any,12
Htra1_Heart_E11.5,6
Htra1_Limb_Any,10
Htra1_Limb_E11.5,2
Hunk_Forebrain_Any,6
Hunk_Forebrain_E11.5,4
Hunk_Heart_Any,9
Hunk_Heart_E11.5,8
Hunk_Limb_Any,7
Hunk_Limb_E11.5,6
I830077J02Rik_Heart_Any,4
I830077J02Rik_Heart_E11.5,3
Ica1l_Forebrain_Any,3
Icam1_Heart_Any,3
Id2_Heart_Any,2
Id2_Heart_E11.5,2
Id3_Forebrain_Any,2
Id3_Forebrain_E11.5,2
Id3_Heart_Any,4
Id3_Heart_E11.5,3
Id3_Limb_Any,2
Id3_Limb_E11.5,2
Id4_Forebrain_Any,17
Id4_Forebrain_E11.5,12
Id4_Heart_Any,2
Idh2_Forebrain_Any,2
Idh2_Forebrain_E11.5,2
Idh2_Heart_Any,3
Idh2_Heart_E11.5,2
Idh2_Limb_Any,2
Idua_Heart_Any,2
Ifi35_Heart_Any,3
Ifltd1_Heart_Any,2
Ifrd2_Heart_Any,3
Ift43_Heart_Any,8
Ift43_Heart_E11.5,5
Igbp1b_Forebrain_Any,2
Igdcc3_Forebrain_Any,6
Igdcc3_Forebrain_E11.5,5
Igdcc3_Heart_Any,2
Igdcc3_Heart_E11.5,2
Igdcc3_Limb_Any,4
Igdcc3_Limb_E11.5,4
Igf1_Heart_Any,2
Igf1_Heart_E11.5,2
Igf1_Limb_Any,2
Igf2_Heart_Any,4
Igf2_Heart_E11.5,3
Igf2bp1_Forebrain_Any,3
Igf2bp1_Forebrain_E11.5,3
Igf2bp1_Heart_Any,3
Igf2bp1_Heart_E11.5,2
Igf2bp1_Limb_Any,2
Igf2bp1_Limb_E11.5,2
Igf2bp2_Heart_Any,2
Igf2bp2_Heart_E11.5,2
Igf2bp3_Forebrain_Any,3
Igf2bp3_Forebrain_E11.5,3
Igf2bp3_Heart_Any,3
Igf2bp3_Heart_E11.5,3
Igf2bp3_Limb_Any,2
Igf2bp3_Limb_E11.5,2
Igf2r_Heart_Any,5
Igf2r_Heart_E11.5,3
Igf2r_Limb_Any,3
Igf2r_Limb_E11.5,3
Igfbp4_Heart_Any,4
Igfbp4_Limb_Any,3
Igfbp4_Limb_E11.5,3
Igfbp5_Forebrain_Any,5
Igfbp5_Forebrain_E11.5,2
Igfbp5_Heart_Any,9
Igfbp5_Heart_E11.5,8
Igfbp5_Limb_Any,7
Igfbp5_Limb_E11.5,4
Igfbp7_Heart_Any,5
Igfbp7_Limb_Any,2
Igfbpl1_Forebrain_Any,6
Igfbpl1_Forebrain_E11.5,5
Igfbpl1_Heart_Any,3
Igfbpl1_Heart_E11.5,2
Igsf10_Limb_Any,2
Igsf21_Forebrain_Any,12
Igsf21_Forebrain_E11.5,4
Igsf23_Forebrain_Any,2
Igsf23_Heart_Any,4
Igsf23_Heart_E11.5,2
Igsf3_Forebrain_Any,5
Igsf3_Heart_Any,2
Igsf3_Limb_Any,2
Igsf8_Forebrain_Any,2
Iigp1_Forebrain_Any,4
Iigp1_Forebrain_E11.5,3
Iigp1_Heart_Any,7
Iigp1_Heart_E11.5,5
Iigp1_Limb_Any,5
Iigp1_Limb_E11.5,2
Ikbip_Heart_Any,2
Il10rb_Heart_Any,12
Il10rb_Heart_E11.5,3
Il11ra1_Limb_Any,2
Il13ra1_Heart_Any,5
Il15_Heart_Any,9
Il15_Heart_E11.5,5
Il15_Limb_Any,2
Il17b_Heart_Any,3
Il1r1_Heart_Any,2
Il1r1_Heart_E11.5,2
Il20ra_Heart_Any,2
Il23a_Heart_Any,3
Il23a_Heart_E11.5,3
Il27ra_Forebrain_Any,3
Il27ra_Forebrain_E11.5,2
Il27ra_Heart_Any,6
Il27ra_Heart_E11.5,5
Il27ra_Limb_Any,4
Il27ra_Limb_E11.5,3
Il6st_Heart_Any,3
Il6st_Limb_Any,2
Iltifb_Forebrain_Any,2
Immt_Heart_Any,7
Immt_Heart_E11.5,6
Impa2_Heart_Any,6
Impa2_Heart_E11.5,5
Ina_Forebrain_Any,5
Ina_Forebrain_E11.5,2
Inadl_Heart_Any,4
Inadl_Limb_Any,2
Inadl_Limb_E11.5,2
Inha_Forebrain_Any,2
Inha_Heart_Any,2
Inha_Heart_E11.5,2
Inhba_Heart_Any,4
Inhba_Heart_E11.5,2
Ino80dos_Heart_Any,5
Inpp4b_Heart_Any,3
Inpp5a_Forebrain_Any,2
Inpp5a_Heart_Any,10
Inpp5a_Heart_E11.5,8
Inpp5a_Limb_Any,2
Inpp5a_Limb_E11.5,2
Inpp5f_Forebrain_Any,4
Inpp5j_Heart_Any,2
Inppl1_Forebrain_Any,3
Inppl1_Forebrain_E11.5,2
Inppl1_Heart_Any,8
Inppl1_Heart_E11.5,5
Inppl1_Limb_Any,3
Inppl1_Limb_E11.5,3
Insm1_Forebrain_Any,15
Insm1_Forebrain_E11.5,9
Ints2_Limb_Any,5
Ints2_Limb_E11.5,5
Intu_Forebrain_Any,2
Intu_Forebrain_E11.5,2
Invs_Heart_Any,2
Iqcj_Forebrain_Any,4
Iqgap1_Heart_Any,4
Iqgap1_Limb_Any,3
Iqgap2_Heart_Any,3
Iqgap2_Heart_E11.5,3
Iqgap2_Limb_Any,2
Iqsec1_Forebrain_Any,5
Iqsec1_Heart_Any,9
Iqsec1_Heart_E11.5,7
Iqsec1_Limb_Any,3
Iqsec2_Heart_Any,2
Irak2_Heart_Any,2
Irf1_Heart_Any,3
Irf1_Heart_E11.5,2
Irf2_Heart_Any,6
Irf2_Heart_E11.5,2
Irf2_Limb_Any,2
Irf2bp2_Forebrain_Any,6
Irf2bp2_Heart_Any,8
Irf2bp2_Heart_E11.5,5
Irf2bp2_Limb_Any,5
Irf2bp2_Limb_E11.5,3
Irf2bpl_Forebrain_Any,6
Irf2bpl_Forebrain_E11.5,3
Irf2bpl_Heart_Any,5
Irf2bpl_Heart_E11.5,3
Irf2bpl_Limb_Any,2
Irf2bpl_Limb_E11.5,2
Irf5_Heart_Any,2
Irf8_Heart_Any,4
Irgm1_Heart_Any,2
Irs1_Forebrain_Any,5
Irs1_Forebrain_E11.5,4
Irs1_Heart_Any,2
Irs1_Limb_Any,4
Irs1_Limb_E11.5,3
Irx3_Heart_Any,2
Irx4_Heart_Any,6
Irx4_Heart_E11.5,3
Irx5_Heart_Any,2
Irx5_Heart_E11.5,2
Irx5_Limb_Any,2
Isl1_Forebrain_Any,3
Islr2_Forebrain_Any,10
Islr2_Forebrain_E11.5,7
Islr2_Limb_Any,2
Islr2_Limb_E11.5,2
Islr_Heart_Any,2
Islr_Limb_Any,3
Islr_Limb_E11.5,2
Ism1_Limb_Any,2
Isx_Heart_Any,2
Itfg2_Heart_Any,2
Itfg2_Heart_E11.5,2
Itfg3_Heart_Any,3
Itga11_Limb_Any,4
Itga11_Limb_E11.5,3
Itga1_Heart_Any,12
Itga1_Heart_E11.5,3
Itga3_Heart_Any,3
Itga5_Heart_Any,5
Itga5_Heart_E11.5,3
Itga5_Limb_Any,3
Itga5_Limb_E11.5,2
Itga6_Forebrain_Any,2
Itga6_Heart_Any,8
Itga6_Heart_E11.5,4
Itga8_Heart_Any,6
Itga8_Heart_E11.5,2
Itga8_Limb_Any,2
Itga9_Heart_Any,16
Itga9_Heart_E11.5,6
Itga9_Limb_Any,10
Itga9_Limb_E11.5,9
Itgav_Heart_Any,3
Itgav_Limb_Any,3
Itgav_Limb_E11.5,2
Itgb1_Forebrain_Any,2
Itgb1_Heart_Any,15
Itgb1_Heart_E11.5,7
Itgb1_Limb_Any,3
Itgb3_Heart_Any,2
Itgb4_Limb_Any,2
Itgb5_Forebrain_Any,4
Itgb5_Forebrain_E11.5,2
Itgb5_Heart_Any,7
Itgb5_Heart_E11.5,6
Itgb5_Limb_Any,4
Itgb5_Limb_E11.5,3
Itpkb_Forebrain_Any,3
Itpkb_Forebrain_E11.5,2
Itpkb_Heart_Any,7
Itpkb_Heart_E11.5,4
Itpkb_Limb_Any,4
Itpkb_Limb_E11.5,3
Itpr1_Forebrain_Any,2
Itpr1_Heart_Any,8
Itpr1_Heart_E11.5,2
Itpr1_Limb_Any,2
Itpr1_Limb_E11.5,2
Itpr2_Heart_Any,6
Itpr2_Heart_E11.5,3
Itpripl2_Heart_Any,2
Itsn1_Forebrain_Any,2
Itsn2_Heart_Any,4
Itsn2_Heart_E11.5,2
Itsn2_Limb_Any,2
Ivns1abp_Heart_Any,2
Jag1_Forebrain_Any,3
Jag1_Forebrain_E11.5,3
Jag1_Heart_Any,6
Jag1_Heart_E11.5,2
Jag1_Limb_Any,2
Jak3_Heart_Any,3
Jakmip1_Forebrain_Any,2
Jakmip2_Forebrain_Any,5
Jakmip3_Forebrain_Any,2
Jarid2_Forebrain_Any,2
Jarid2_Forebrain_E11.5,2
Jarid2_Limb_Any,3
Jarid2_Limb_E11.5,3
Jph2_Heart_Any,6
Jph2_Heart_E11.5,4
Jph3_Forebrain_Any,4
Jph4_Forebrain_Any,4
Kalrn_Heart_Any,2
Kank1_Forebrain_Any,2
Kank1_Heart_Any,21
Kank1_Heart_E11.5,15
Kank1_Limb_Any,10
Kank1_Limb_E11.5,6
Kank2_Forebrain_Any,3
Kank2_Heart_Any,5
Kank2_Heart_E11.5,5
Kank2_Limb_Any,2
Kank2_Limb_E11.5,2
Kank4_Heart_Any,3
Kank4_Limb_Any,5
Kank4_Limb_E11.5,3
Kansl3_Forebrain_Any,2
Kansl3_Heart_Any,3
Kansl3_Heart_E11.5,2
Kat2b_Heart_Any,2
Kat6b_Forebrain_Any,4
Kat6b_Forebrain_E11.5,3
Kat6b_Heart_Any,2
Kat6b_Limb_Any,4
Kat6b_Limb_E11.5,3
Katnal1_Forebrain_Any,3
Katnal1_Forebrain_E11.5,2
Kbtbd11_Forebrain_Any,3
Kbtbd11_Forebrain_E11.5,3
Kbtbd11_Heart_Any,2
Kbtbd11_Heart_E11.5,2
Kbtbd11_Limb_Any,3
Kbtbd11_Limb_E11.5,2
Kbtbd13_Forebrain_Any,2
Kcna4_Heart_Any,3
Kcnb1_Forebrain_Any,6
Kcnb1_Forebrain_E11.5,2
Kcnb1_Heart_Any,6
Kcnb1_Heart_E11.5,3
Kcnb1_Limb_Any,4
Kcnb1_Limb_E11.5,2
Kcnc1_Forebrain_Any,3
Kcnc4_Forebrain_Any,2
Kcnd3_Forebrain_Any,6
Kcnd3_Forebrain_E11.5,2
Kcnd3os_Heart_Any,2
Kcnd3os_Heart_E11.5,2
Kcne4_Heart_Any,2
Kcng1_Forebrain_Any,2
Kcng1_Forebrain_E11.5,2
Kcng1_Heart_Any,2
Kcng1_Heart_E11.5,2
Kcng1_Limb_Any,2
Kcng1_Limb_E11.5,2
Kcng2_Heart_Any,3
Kcng2_Heart_E11.5,3
Kcnh2_Forebrain_Any,2
Kcnh2_Heart_Any,4
Kcnh2_Heart_E11.5,3
Kcnh3_Forebrain_Any,3
Kcnh3_Limb_Any,2
Kcnh3_Limb_E11.5,2
Kcnh7_Forebrain_Any,3
Kcnh7_Heart_Any,2
Kcnip1_Forebrain_Any,4
Kcnj11_Heart_Any,3
Kcnj11_Heart_E11.5,3
Kcnj12_Heart_Any,2
Kcnj12_Heart_E11.5,2
Kcnj15_Heart_Any,5
Kcnj15_Limb_Any,2
Kcnj2_Heart_Any,3
Kcnj3_Forebrain_Any,2
Kcnj3_Heart_Any,3
Kcnj6_Forebrain_Any,2
Kcnk10_Forebrain_Any,7
Kcnk10_Forebrain_E11.5,3
Kcnk1_Limb_Any,2
Kcnk3_Heart_Any,10
Kcnk3_Heart_E11.5,4
Kcnma1_Forebrain_Any,2
Kcnma1_Limb_Any,3
Kcnmb4_Limb_Any,3
Kcnmb4os2_Forebrain_Any,2
Kcnn2_Heart_Any,2
Kcnn2_Heart_E11.5,2
Kcnn3_Forebrain_Any,2
Kcnn4_Heart_Any,2
Kcnn4_Heart_E11.5,2
Kcnq1_Heart_Any,5
Kcnq1_Heart_E11.5,4
Kcnq1ot1_Heart_Any,4
Kcnq1ot1_Heart_E11.5,4
Kcnq1ot1_Limb_Any,6
Kcnq1ot1_Limb_E11.5,5
Kcnq2_Forebrain_Any,2
Kcnq3_Forebrain_Any,4
Kcnq3_Forebrain_E11.5,2
Kctd12_Limb_Any,2
Kctd15_Forebrain_Any,2
Kctd15_Forebrain_E11.5,2
Kctd15_Heart_Any,2
Kctd15_Heart_E11.5,2
Kctd15_Limb_Any,4
Kctd15_Limb_E11.5,3
Kctd17_Forebrain_Any,3
Kctd1_Heart_Any,2
Kctd1_Heart_E11.5,2
Kctd4_Forebrain_Any,2
Kdelc2_Heart_Any,2
Kdm1a_Forebrain_Any,2
Kdm1a_Forebrain_E11.5,2
Kdm1b_Forebrain_Any,2
Kdr_Heart_Any,11
Kdr_Heart_E11.5,8
Kera_Limb_Any,3
Khdrbs2_Forebrain_Any,3
Khdrbs3_Heart_Any,4
Kif13a_Heart_Any,7
Kif13a_Heart_E11.5,5
Kif15_Forebrain_Any,2
Kif15_Forebrain_E11.5,2
Kif15_Limb_Any,2
Kif15_Limb_E11.5,2
Kif16b_Heart_Any,4
Kif16b_Heart_E11.5,2
Kif17_Forebrain_Any,2
Kif1b_Forebrain_Any,5
Kif1b_Forebrain_E11.5,2
Kif1b_Heart_Any,3
Kif1b_Heart_E11.5,3
Kif1b_Limb_Any,2
Kif20a_Heart_Any,3
Kif20a_Limb_Any,2
Kif20a_Limb_E11.5,2
Kif21a_Forebrain_Any,6
Kif21a_Forebrain_E11.5,5
Kif26a_Forebrain_Any,2
Kif26a_Limb_Any,2
Kif26b_Heart_Any,15
Kif26b_Heart_E11.5,10
Kif26b_Limb_Any,19
Kif26b_Limb_E11.5,16
Kif3c_Forebrain_Any,3
Kif5a_Forebrain_Any,3
Kif5a_Forebrain_E11.5,2
Kif5b_Heart_Any,5
Kif5c_Forebrain_Any,13
Kif5c_Forebrain_E11.5,4
Kif7_Limb_Any,2
Kif7_Limb_E11.5,2
Kifap3_Forebrain_Any,2
Kifap3_Limb_Any,3
Kirrel3_Forebrain_Any,5
Kirrel3_Forebrain_E11.5,2
Kirrel_Forebrain_Any,5
Kirrel_Forebrain_E11.5,5
Kirrel_Heart_Any,6
Kirrel_Heart_E11.5,5
Kirrel_Limb_Any,5
Kirrel_Limb_E11.5,5
Klf10_Forebrain_Any,3
Klf10_Heart_Any,4
Klf10_Heart_E11.5,2
Klf11_Heart_Any,4
Klf12_Forebrain_Any,2
Klf12_Forebrain_E11.5,2
Klf13_Heart_Any,2
Klf14_Heart_Any,5
Klf14_Limb_Any,5
Klf15_Heart_Any,3
Klf15_Heart_E11.5,3
Klf2_Heart_Any,4
Klf3_Forebrain_Any,4
Klf3_Forebrain_E11.5,3
Klf3_Heart_Any,10
Klf3_Heart_E11.5,4
Klf3_Limb_Any,6
Klf3_Limb_E11.5,3
Klf4_Forebrain_Any,2
Klf4_Heart_Any,3
Klf4_Heart_E11.5,2
Klf4_Limb_Any,2
Klf5_Forebrain_Any,2
Klf5_Limb_Any,2
Klf6_Heart_Any,2
Klf7_Forebrain_Any,3
Klf7_Forebrain_E11.5,3
Klf7_Heart_Any,2
Klf9_Heart_Any,2
Klhdc10_Forebrain_Any,2
Klhdc10_Limb_Any,2
Klhdc10_Limb_E11.5,2
Klhdc1_Heart_Any,2
Klhdc3_Heart_Any,2
Klhdc8a_Forebrain_Any,2
Klhl11_Forebrain_Any,2
Klhl18_Forebrain_Any,2
Klhl18_Heart_Any,2
Klhl22_Forebrain_Any,2
Klhl22_Limb_Any,2
Klhl29_Forebrain_Any,8
Klhl29_Limb_Any,2
Klhl30_Heart_Any,8
Klhl30_Heart_E11.5,4
Klhl31_Heart_Any,9
Klhl31_Heart_E11.5,2
Klhl31_Limb_Any,2
Klhl38_Heart_Any,8
Klhl38_Heart_E11.5,6
Klhl38_Limb_Any,2
Klhl40_Heart_Any,2
Klhl6_Heart_Any,5
Klhl6_Heart_E11.5,3
Klhl7_Forebrain_Any,4
Klhl7_Forebrain_E11.5,2
Klhl7_Heart_Any,3
Klrb1_Forebrain_Any,2
Klrb1_Heart_Any,2
Klrb1_Limb_Any,2
Klrg2_Forebrain_Any,3
Klrg2_Heart_Any,4
Klrg2_Heart_E11.5,3
Klrg2_Limb_Any,2
Klrg2_Limb_E11.5,2
Knstrn_Heart_Any,2
Knstrn_Heart_E11.5,2
Kremen1_Heart_Any,7
Kremen1_Heart_E11.5,3
Kremen1_Limb_Any,3
Kremen1_Limb_E11.5,2
Krt15_Forebrain_Any,4
Krt15_Forebrain_E11.5,4
Krt15_Heart_Any,5
Krt15_Heart_E11.5,3
Krt15_Limb_Any,4
Krt15_Limb_E11.5,4
Krt18_Heart_Any,2
Krt18_Heart_E11.5,2
Krt19_Heart_Any,2
Krt7_Heart_Any,3
Krt7_Heart_E11.5,2
Krtcap3_Heart_Any,4
Krtcap3_Limb_Any,2
Ksr2_Forebrain_Any,9
Ksr2_Forebrain_E11.5,2
Kxd1_Forebrain_Any,2
Kxd1_Heart_Any,8
Kxd1_Heart_E11.5,2
Ky_Heart_Any,2
L2hgdh_Heart_Any,6
L2hgdh_Heart_E11.5,3
L3mbtl3_Forebrain_Any,3
Lacc1_Heart_Any,3
Lacc1_Limb_Any,4
Lacc1_Limb_E11.5,3
Lace1_Heart_Any,3
Lad1_Heart_Any,3
Lad1_Heart_E11.5,3
Lama1_Forebrain_Any,4
Lama1_Forebrain_E11.5,2
Lama1_Limb_Any,2
Lama2_Heart_Any,2
Lama2_Limb_Any,2
Lama2_Limb_E11.5,2
Lama4_Forebrain_Any,2
Lama4_Forebrain_E11.5,2
Lama4_Heart_Any,17
Lama4_Heart_E11.5,8
Lama4_Limb_Any,11
Lama4_Limb_E11.5,3
Lamb1_Heart_Any,20
Lamb1_Heart_E11.5,11
Lamb1_Limb_Any,6
Lamb1_Limb_E11.5,2
Lamb3_Forebrain_Any,3
Lamb3_Heart_Any,6
Lamb3_Heart_E11.5,3
Lamb3_Limb_Any,2
Lamc1_Heart_Any,12
Lamc1_Heart_E11.5,9
Lamc1_Limb_Any,5
Lamc1_Limb_E11.5,2
Lamc2_Forebrain_Any,2
Lamc2_Heart_Any,10
Lamc2_Heart_E11.5,3
Lamc2_Limb_Any,3
Laptm4b_Heart_Any,2
Larp4_Heart_Any,2
Larp4_Heart_E11.5,2
Lars2_Heart_Any,2
Lats2_Heart_Any,2
Lbh_Heart_Any,5
Lbh_Heart_E11.5,3
Lbx1_Limb_Any,3
Lbx1_Limb_E11.5,3
Lca5l_Heart_Any,3
Lclat1_Heart_Any,5
Lclat1_Heart_E11.5,2
Ldb2_Forebrain_Any,7
Ldb2_Heart_Any,2
Ldb2_Limb_Any,9
Ldb2_Limb_E11.5,3
Ldb3_Heart_Any,3
Ldb3_Heart_E11.5,2
Ldhb_Heart_Any,3
Ldlrad3_Forebrain_Any,2
Ldlrad3_Heart_Any,3
Ldlrad3_Limb_Any,6
Ldlrad3_Limb_E11.5,3
Ldlrad4_Forebrain_Any,6
Ldlrad4_Heart_Any,12
Ldlrad4_Heart_E11.5,3
Ldlrad4_Limb_Any,8
Ldlrap1_Heart_Any,7
Ldlrap1_Heart_E11.5,4
Ldlrap1_Limb_Any,3
Ldlrap1_Limb_E11.5,2
Ldoc1l_Forebrain_Any,4
Lef1_Forebrain_Any,3
Lef1_Forebrain_E11.5,2
Lef1_Heart_Any,2
Lef1_Heart_E11.5,2
Lef1_Limb_Any,4
Lef1_Limb_E11.5,3
Lekr1_Heart_Any,3
Lemd1_Forebrain_Any,13
Lemd1_Forebrain_E11.5,3
Lemd3_Forebrain_Any,3
Lemd3_Forebrain_E11.5,3
Lemd3_Heart_Any,3
Lemd3_Heart_E11.5,2
Lemd3_Limb_Any,4
Lemd3_Limb_E11.5,3
Lfng_Forebrain_Any,2
Lfng_Forebrain_E11.5,2
Lfng_Heart_Any,2
Lgals9_Forebrain_Any,2
Lgals9_Heart_Any,4
Lgals9_Heart_E11.5,2
Lgi1_Forebrain_Any,3
Lgr4_Heart_Any,14
Lgr4_Heart_E11.5,6
Lgr4_Limb_Any,6
Lgr4_Limb_E11.5,4
Lgr6_Heart_Any,11
Lgr6_Heart_E11.5,5
Lgr6_Limb_Any,2
Lhcgr_Forebrain_Any,6
Lhfp_Forebrain_Any,4
Lhfp_Heart_Any,11
Lhfp_Heart_E11.5,2
Lhfp_Limb_Any,4
Lhfpl1_Limb_Any,2
Lhfpl1_Limb_E11.5,2
Lhfpl2_Heart_Any,5
Lhfpl2_Heart_E11.5,3
Lhfpl2_Limb_Any,5
Lhx1os_Forebrain_Any,6
Lhx1os_Forebrain_E11.5,4
Lhx2_Forebrain_Any,10
Lhx2_Forebrain_E11.5,7
Lhx2_Limb_Any,4
Lhx2_Limb_E11.5,4
Lhx5_Forebrain_Any,15
Lhx5_Forebrain_E11.5,10
Lhx6_Forebrain_Any,3
Lhx9_Forebrain_Any,4
Lhx9_Forebrain_E11.5,2
Lif_Heart_Any,3
Lif_Limb_Any,3
Lima1_Limb_Any,2
Limch1_Forebrain_Any,9
Limch1_Heart_Any,5
Limch1_Heart_E11.5,2
Limch1_Limb_Any,2
Lims1_Forebrain_Any,3
Lims1_Heart_Any,8
Lims1_Heart_E11.5,5
Lims1_Limb_Any,2
Lin28b_Forebrain_Any,2
Lin28b_Forebrain_E11.5,2
Lin28b_Limb_Any,3
Lin28b_Limb_E11.5,3
Lincenc1_Forebrain_Any,2
Lingo1_Forebrain_Any,2
Lins_Forebrain_Any,2
Lipc_Heart_Any,2
Lipc_Heart_E11.5,2
Lipt1_Limb_Any,2
Litaf_Heart_Any,6
Litaf_Heart_E11.5,3
Litaf_Limb_Any,4
Litaf_Limb_E11.5,2
Lix1_Forebrain_Any,4
Lix1_Forebrain_E11.5,3
Lix1_Limb_Any,4
Lix1_Limb_E11.5,4
Lmcd1_Heart_Any,3
Lmcd1_Heart_E11.5,2
Lmf1_Heart_Any,2
Lmf2_Heart_Any,2
Lmf2_Heart_E11.5,2
Lmo1_Forebrain_Any,3
Lmo3_Forebrain_Any,3
Lmo3_Forebrain_E11.5,2
Lmo4_Forebrain_Any,6
Lmo4_Limb_Any,2
Lmo4_Limb_E11.5,2
Lmo7_Heart_Any,11
Lmo7_Heart_E11.5,4
Lmod1_Heart_Any,2
Lmod2_Heart_Any,2
Lmod2_Heart_E11.5,2
Lmod3_Heart_Any,3
Lmod3_Heart_E11.5,3
Lmtk3_Forebrain_Any,7
Lmtk3_Forebrain_E11.5,3
Lnx2_Heart_Any,4
Lnx2_Heart_E11.5,2
Lonp1_Heart_Any,2
Lonrf2_Forebrain_Any,3
Lonrf2_Forebrain_E11.5,2
Lonrf2_Heart_Any,2
Lonrf2_Heart_E11.5,2
Lonrf2_Limb_Any,3
Loxl1_Forebrain_Any,3
Loxl1_Heart_Any,9
Loxl1_Heart_E11.5,3
Loxl1_Limb_Any,3
Loxl1_Limb_E11.5,2
Loxl2_Heart_Any,5
Loxl2_Heart_E11.5,4
Loxl2_Limb_Any,3
Loxl2_Limb_E11.5,2
Lpar1_Forebrain_Any,2
Lpar1_Forebrain_E11.5,2
Lpar1_Limb_Any,9
Lpar1_Limb_E11.5,8
Lpar3_Heart_Any,8
Lpar3_Heart_E11.5,3
Lpar4_Limb_Any,2
Lpcat3_Heart_Any,2
Lpgat1_Heart_Any,5
Lpin1_Heart_Any,2
Lpin3_Heart_Any,2
Lpl_Forebrain_Any,2
Lpl_Heart_Any,13
Lpl_Heart_E11.5,3
Lpp_Heart_Any,10
Lpp_Heart_E11.5,5
Lpp_Limb_Any,4
Lrch1_Heart_Any,5
Lrch1_Heart_E11.5,3
Lrcol1_Forebrain_Any,4
Lrcol1_Heart_Any,5
Lrcol1_Heart_E11.5,3
Lrcol1_Limb_Any,2
Lrfn2_Forebrain_Any,8
Lrfn2_Limb_Any,4
Lrfn2_Limb_E11.5,2
Lrig1_Forebrain_Any,5
Lrig1_Forebrain_E11.5,5
Lrig1_Heart_Any,3
Lrig1_Limb_Any,8
Lrig1_Limb_E11.5,5
Lrig3_Forebrain_Any,2
Lrig3_Forebrain_E11.5,2
Lrig3_Limb_Any,15
Lrig3_Limb_E11.5,11
Lrp11_Forebrain_Any,4
Lrp3_Forebrain_Any,2
Lrp4_Forebrain_Any,2
Lrp4_Limb_Any,2
Lrp6_Limb_Any,2
Lrp6_Limb_E11.5,2
Lrpap1_Forebrain_Any,3
Lrpap1_Heart_Any,3
Lrpap1_Limb_Any,2
Lrpprc_Heart_Any,3
Lrrc16a_Forebrain_Any,3
Lrrc16a_Limb_Any,2
Lrrc16b_Forebrain_Any,8
Lrrc16b_Limb_Any,2
Lrrc16b_Limb_E11.5,2
Lrrc17_Heart_Any,4
Lrrc17_Limb_Any,4
Lrrc1_Heart_Any,3
Lrrc42_Forebrain_Any,2
Lrrc42_Forebrain_E11.5,2
Lrrc42_Heart_Any,4
Lrrc42_Heart_E11.5,4
Lrrc42_Limb_Any,7
Lrrc42_Limb_E11.5,4
Lrrc48_Forebrain_Any,2
Lrrc48_Heart_Any,2
Lrrc48_Limb_Any,2
Lrrc49_Forebrain_Any,4
Lrrc49_Forebrain_E11.5,4
Lrrc49_Heart_Any,2
Lrrc4_Forebrain_Any,9
Lrrc4_Forebrain_E11.5,4
Lrrc4b_Forebrain_Any,2
Lrrc4b_Heart_Any,2
Lrrc4b_Heart_E11.5,2
Lrrc8c_Heart_Any,4
Lrrc8c_Heart_E11.5,3
Lrrc9_Forebrain_Any,2
Lrrfip1_Heart_Any,6
Lrrfip1_Heart_E11.5,2
Lrrk1_Heart_Any,2
Lrrk1_Limb_Any,3
Lrrn1_Forebrain_Any,2
Lrrn2_Forebrain_Any,2
Lrrn2_Heart_Any,3
Lrrn4cl_Forebrain_Any,2
Lrrn4cl_Heart_Any,2
Lrsam1_Heart_Any,3
Lrsam1_Limb_Any,2
Lsamp_Forebrain_Any,25
Lsamp_Forebrain_E11.5,10
Lsamp_Heart_Any,2
Lsamp_Limb_Any,3
Lsamp_Limb_E11.5,3
Lta4h_Heart_Any,4
Lta4h_Heart_E11.5,2
Ltbp1_Heart_Any,7
Ltbp1_Heart_E11.5,3
Ltbp1_Limb_Any,6
Ltbr_Heart_Any,4
Ltbr_Heart_E11.5,3
Luc7l2_Heart_Any,2
Lum_Heart_Any,2
Luzp1_Heart_Any,3
Ly96_Heart_Any,2
Lysmd2_Heart_Any,2
Lzts1_Forebrain_Any,4
Lzts1_Forebrain_E11.5,4
Lzts1_Heart_Any,2
Lzts2_Heart_Any,3
Mab21l1_Forebrain_Any,7
Mab21l1_Forebrain_E11.5,3
Mab21l1_Heart_Any,2
Mab21l1_Limb_Any,14
Mab21l1_Limb_E11.5,14
Mab21l2_Forebrain_Any,2
Mab21l2_Limb_Any,8
Mab21l2_Limb_E11.5,7
Mab21l3_Limb_Any,2
Mab21l3_Limb_E11.5,2
Macf1_Forebrain_Any,3
Macf1_Forebrain_E11.5,2
Macf1_Heart_Any,4
Macf1_Heart_E11.5,3
Macf1_Limb_Any,2
Macf1_Limb_E11.5,2
Maff_Heart_Any,11
Maff_Heart_E11.5,7
Maff_Limb_Any,4
Maff_Limb_E11.5,3
Mafk_Forebrain_Any,2
Mafk_Heart_Any,2
Maged2_Heart_Any,2
Maged2_Heart_E11.5,2
Maged2_Limb_Any,2
Maged2_Limb_E11.5,2
Magi1_Forebrain_Any,3
Magi2_Forebrain_Any,7
Magi2_Forebrain_E11.5,2
Magi3_Heart_Any,3
Magi3_Heart_E11.5,2
Mamdc2_Heart_Any,2
Maml3_Forebrain_Any,2
Man1c1_Heart_Any,2
Man1c1_Heart_E11.5,2
Man2b1_Heart_Any,4
Manba_Heart_Any,7
Manba_Heart_E11.5,7
Manbal_Heart_Any,2
Map10_Forebrain_Any,2
Map1b_Forebrain_Any,14
Map1b_Forebrain_E11.5,11
Map1b_Heart_Any,5
Map1b_Heart_E11.5,3
Map1b_Limb_Any,5
Map1b_Limb_E11.5,4
Map2_Forebrain_Any,8
Map2_Forebrain_E11.5,4
Map2k2_Forebrain_Any,2
Map2k2_Heart_Any,2
Map2k3_Heart_Any,3
Map2k3_Heart_E11.5,3
Map3k11_Heart_Any,5
Map3k11_Heart_E11.5,5
Map3k13_Forebrain_Any,2
Map3k13_Forebrain_E11.5,2
Map3k1_Heart_Any,6
Map3k3_Heart_Any,2
Map3k7_Heart_Any,2
Map3k7cl_Heart_Any,3
Map3k8_Heart_Any,9
Map3k8_Heart_E11.5,3
Map4_Forebrain_Any,2
Map4_Heart_Any,2
Map4k1_Limb_Any,2
Map4k1_Limb_E11.5,2
Map4k3_Forebrain_Any,2
Map4k3_Forebrain_E11.5,2
Map4k3_Heart_Any,3
Map4k3_Limb_Any,3
Map4k3_Limb_E11.5,2
Map6_Forebrain_Any,4
Map6_Forebrain_E11.5,2
Map6_Limb_Any,2
Map7d1_Forebrain_Any,2
Map7d1_Forebrain_E11.5,2
Mapk10_Forebrain_Any,5
Mapk10_Forebrain_E11.5,2
Mapk8_Forebrain_Any,4
Mapk8ip3_Forebrain_Any,3
Mapk8ip3_Forebrain_E11.5,3
Mapk8ip3_Heart_Any,3
Mapk8ip3_Heart_E11.5,3
Mapkapk3_Heart_Any,2
Mapt_Limb_Any,2
March3_Heart_Any,4
March3_Heart_E11.5,2
March6_Forebrain_Any,2
Marcks_Forebrain_Any,5
Marcks_Forebrain_E11.5,4
Marcks_Heart_Any,2
Marcks_Heart_E11.5,2
Marcks_Limb_Any,2
Marcks_Limb_E11.5,2
Mark1_Forebrain_Any,2
Mark4_Forebrain_Any,2
Marveld3_Heart_Any,2
Marveld3_Limb_Any,2
Masp1_Forebrain_Any,2
Mast1_Forebrain_Any,3
Mast4_Heart_Any,2
Matn2_Heart_Any,2
Matn4_Heart_Any,3
Matn4_Heart_E11.5,3
Matn4_Limb_Any,3
Matn4_Limb_E11.5,2
Matr3_Forebrain_Any,2
Mavs_Heart_Any,7
Mavs_Heart_E11.5,5
Mavs_Limb_Any,3
Mb21d2_Forebrain_Any,3
Mb_Heart_Any,10
Mb_Heart_E11.5,6
Mb_Limb_Any,3
Mb_Limb_E11.5,3
Mbip_Forebrain_Any,2
Mbip_Forebrain_E11.5,2
Mbnl1_Heart_Any,13
Mbnl1_Heart_E11.5,6
Mbnl1_Limb_Any,2
Mbnl2_Forebrain_Any,4
Mbnl2_Forebrain_E11.5,2
Mbnl2_Heart_Any,15
Mbnl2_Heart_E11.5,13
Mbnl2_Limb_Any,9
Mbnl2_Limb_E11.5,3
Mbtd1_Forebrain_Any,2
Mbtd1_Forebrain_E11.5,2
Mbtd1_Heart_Any,2
Mbtps1_Forebrain_Any,3
Mbtps1_Forebrain_E11.5,2
Mbtps1_Heart_Any,3
Mbtps1_Heart_E11.5,2
Mbtps1_Limb_Any,4
Mbtps1_Limb_E11.5,4
Mcam_Forebrain_Any,2
Mcam_Forebrain_E11.5,2
Mcam_Heart_Any,5
Mcam_Heart_E11.5,5
Mcc_Heart_Any,2
Mccc1_Heart_Any,2
Mcee_Forebrain_Any,3
Mcee_Heart_Any,4
Mcee_Heart_E11.5,2
Mcee_Limb_Any,2
Mcfd2_Heart_Any,5
Mcfd2_Heart_E11.5,2
Mctp2_Heart_Any,2
Mcu_Forebrain_Any,2
Mcur1_Heart_Any,9
Mcur1_Heart_E11.5,2
Mdfi_Forebrain_Any,6
Mdfi_Forebrain_E11.5,3
Mdfi_Heart_Any,10
Mdfi_Heart_E11.5,9
Mdfi_Limb_Any,12
Mdfi_Limb_E11.5,8
Mdfic_Heart_Any,4
Mdfic_Heart_E11.5,2
Mdga1_Forebrain_Any,9
Mdga1_Forebrain_E11.5,4
Mdga1_Heart_Any,11
Mdga1_Heart_E11.5,7
Mdga1_Limb_Any,2
Mdga1_Limb_E11.5,2
Mecom_Forebrain_Any,2
Mecom_Forebrain_E11.5,2
Mecom_Heart_Any,10
Mecom_Heart_E11.5,5
Mecom_Limb_Any,24
Mecom_Limb_E11.5,21
Med13l_Forebrain_Any,2
Med27_Forebrain_Any,4
Medag_Forebrain_Any,3
Medag_Heart_Any,3
Mef2a_Forebrain_Any,5
Mef2a_Heart_Any,12
Mef2a_Heart_E11.5,7
Mef2a_Limb_Any,5
Mef2c_Forebrain_Any,6
Mef2c_Heart_Any,12
Mef2c_Heart_E11.5,5
Mef2c_Limb_Any,4
Mef2d_Heart_Any,2
Megf11_Forebrain_Any,4
Megf6_Heart_Any,7
Megf6_Heart_E11.5,2
Megf6_Limb_Any,6
Megf6_Limb_E11.5,3
Meis1_Forebrain_Any,2
Meis1_Forebrain_E11.5,2
Meis1_Heart_Any,13
Meis1_Heart_E11.5,9
Meis1_Limb_Any,2
Meis1_Limb_E11.5,2
Meis2_Forebrain_Any,18
Meis2_Forebrain_E11.5,12
Meis2_Heart_Any,14
Meis2_Heart_E11.5,5
Meis2_Limb_Any,3
Meis2_Limb_E11.5,3
Meis3_Forebrain_Any,4
Meis3_Forebrain_E11.5,2
Meox1_Heart_Any,16
Meox1_Heart_E11.5,9
Meox1_Limb_Any,9
Meox1_Limb_E11.5,6
Meox2_Heart_Any,3
Meox2_Limb_Any,2
Meox2_Limb_E11.5,2
Mertk_Heart_Any,2
Mest_Forebrain_Any,4
Mest_Forebrain_E11.5,3
Mest_Heart_Any,9
Mest_Heart_E11.5,7
Mest_Limb_Any,8
Mest_Limb_E11.5,8
Mettl10_Forebrain_Any,4
Mettl10_Forebrain_E11.5,3
Mettl10_Limb_Any,2
Mettl24_Heart_Any,2
Mettl24_Heart_E11.5,2
Mettl9_Limb_Any,2
Mettl9_Limb_E11.5,2
Mex3a_Forebrain_Any,3
Mex3a_Forebrain_E11.5,2
Mex3a_Heart_Any,3
Mex3a_Heart_E11.5,2
Mex3b_Forebrain_Any,5
Mex3b_Forebrain_E11.5,2
Mex3b_Limb_Any,8
Mex3b_Limb_E11.5,6
Mfap2_Forebrain_Any,4
Mfap2_Forebrain_E11.5,2
Mfap2_Heart_Any,3
Mfap2_Heart_E11.5,2
Mfap2_Limb_Any,4
Mfap2_Limb_E11.5,3
Mfi2_Limb_Any,2
Mfsd2a_Forebrain_Any,3
Mfsd6l_Heart_Any,5
Mfsd6l_Heart_E11.5,3
Mfsd6l_Limb_Any,2
Mfsd7c_Heart_Any,5
Mgat5b_Forebrain_Any,19
Mgat5b_Forebrain_E11.5,13
Mgat5b_Heart_Any,6
Mgat5b_Heart_E11.5,6
Mgat5b_Limb_Any,6
Mgat5b_Limb_E11.5,6
Mgea5_Forebrain_Any,6
Mgea5_Forebrain_E11.5,5
Mgea5_Heart_Any,2
Mgea5_Limb_Any,3
Mgea5_Limb_E11.5,3
Mgll_Forebrain_Any,2
Mgll_Heart_Any,2
Mgmt_Heart_Any,3
Mgp_Heart_Any,6
Mgp_Heart_E11.5,2
Mgp_Limb_Any,3
Mgp_Limb_E11.5,2
Mical2_Forebrain_Any,2
Mical2_Heart_Any,10
Mical2_Heart_E11.5,8
Mical3_Forebrain_Any,4
Mical3_Heart_Any,6
Mical3_Heart_E11.5,4
Mical3_Limb_Any,2
Micalcl_Forebrain_Any,2
Micalcl_Heart_Any,9
Micalcl_Heart_E11.5,6
Micalcl_Limb_Any,2
Mief2_Heart_Any,3
Mif4gd_Heart_Any,2
Mipep_Forebrain_Any,2
Mipep_Heart_Any,3
Mir143hg_Forebrain_Any,2
Mir143hg_Heart_Any,21
Mir143hg_Heart_E11.5,11
Mir143hg_Limb_Any,6
Mir143hg_Limb_E11.5,3
Mir17hg_Limb_Any,3
Mir17hg_Limb_E11.5,3
Mir3470b_Heart_Any,2
Mir3470b_Heart_E11.5,2
Mir8106_Heart_Any,2
Mitf_Heart_Any,6
Mitf_Heart_E11.5,3
Mkln1_Heart_Any,4
Mkln1_Heart_E11.5,3
Mkln1os_Heart_Any,2
Mknk2_Forebrain_Any,2
Mknk2_Forebrain_E11.5,2
Mknk2_Heart_Any,3
Mknk2_Heart_E11.5,2
Mknk2_Limb_Any,2
Mknk2_Limb_E11.5,2
Mkrn3_Forebrain_Any,7
Mkrn3_Forebrain_E11.5,4
Mkx_Limb_Any,3
Mkx_Limb_E11.5,2
Mlip_Forebrain_Any,5
Mlip_Heart_Any,9
Mlip_Heart_E11.5,6
Mlkl_Heart_Any,7
Mlkl_Heart_E11.5,3
Mme_Limb_Any,4
Mme_Limb_E11.5,3
Mmp11_Heart_Any,2
Mmp11_Limb_Any,3
Mmp14_Forebrain_Any,2
Mmp14_Heart_Any,2
Mmp14_Heart_E11.5,2
Mmp14_Limb_Any,2
Mmp15_Heart_Any,7
Mmp15_Heart_E11.5,5
Mmp17_Forebrain_Any,6
Mmp23_Forebrain_Any,3
Mmp23_Heart_Any,9
Mmp23_Heart_E11.5,7
Mmp23_Limb_Any,6
Mmp23_Limb_E11.5,4
Mmrn2_Heart_Any,5
Mn1_Forebrain_Any,12
Mn1_Forebrain_E11.5,7
Mn1_Heart_Any,3
Mn1_Heart_E11.5,3
Mn1_Limb_Any,4
Mn1_Limb_E11.5,2
Mnat1_Heart_Any,8
Mnat1_Heart_E11.5,5
Mnat1_Limb_Any,7
Mnat1_Limb_E11.5,5
Mnd1_Heart_Any,2
Mnd1_Limb_Any,2
Mob1b_Heart_Any,2
Mog_Forebrain_Any,2
Mog_Forebrain_E11.5,2
Mogat2_Heart_Any,2
Mov10l1_Heart_Any,4
Mov10l1_Heart_E11.5,3
Mpdz_Forebrain_Any,2
Mpdz_Forebrain_E11.5,2
Mpdz_Heart_Any,7
Mpdz_Heart_E11.5,3
Mpdz_Limb_Any,9
Mpdz_Limb_E11.5,3
Mpp2_Forebrain_Any,2
Mpp3_Forebrain_Any,2
Mpped1_Forebrain_Any,12
Mpped1_Forebrain_E11.5,3
Mpped1_Limb_Any,2
Mpped2_Forebrain_Any,9
Mpped2_Forebrain_E11.5,3
Mpped2_Heart_Any,5
Mpped2_Heart_E11.5,5
Mpped2_Limb_Any,4
Mpped2_Limb_E11.5,4
Mpv17_Heart_Any,10
Mpv17_Heart_E11.5,4
Mpv17_Limb_Any,2
Mpv17l2_Heart_Any,2
Mr1_Heart_Any,4
Mr1_Heart_E11.5,2
Mrap_Heart_Any,2
Mras_Limb_Any,2
Mrc2_Heart_Any,3
Mrc2_Heart_E11.5,3
Mrc2_Limb_Any,4
Mrc2_Limb_E11.5,4
Mrgbp_Forebrain_Any,2
Mri1_Heart_Any,3
Mrpl10_Heart_Any,4
Mrpl10_Heart_E11.5,2
Mrpl12_Heart_Any,3
Mrpl12_Heart_E11.5,2
Mrpl14_Heart_Any,2
Mrpl14_Heart_E11.5,2
Mrpl1_Heart_Any,2
Mrpl1_Heart_E11.5,2
Mrpl24_Heart_Any,2
Mrpl27_Heart_Any,2
Mrpl27_Heart_E11.5,2
Mrpl33_Forebrain_Any,2
Mrpl33_Heart_Any,4
Mrpl33_Heart_E11.5,2
Mrpl48_Forebrain_Any,2
Mrpl48_Forebrain_E11.5,2
Mrpl48_Heart_Any,3
Mrpl48_Heart_E11.5,2
Mrpl48_Limb_Any,2
Mrpl4_Heart_Any,4
Mrpl4_Heart_E11.5,3
Mrpl4_Limb_Any,2
Mrpl4_Limb_E11.5,2
Mrpl54_Heart_Any,3
Mrps27_Heart_Any,3
Mrps28_Heart_Any,2
Mrps2_Forebrain_Any,2
Mrps2_Heart_Any,2
Mrps2_Heart_E11.5,2
Mrps31_Heart_Any,5
Mrps35_Heart_Any,3
Mrps6_Forebrain_Any,3
Mrps6_Heart_Any,4
Mrvi1_Heart_Any,6
Mrvi1_Heart_E11.5,5
Msi1_Forebrain_Any,13
Msi1_Forebrain_E11.5,13
Msi1_Heart_Any,3
Msi1_Heart_E11.5,3
Msi1_Limb_Any,5
Msi1_Limb_E11.5,5
Msn_Heart_Any,3
Msrb2_Heart_Any,9
Msrb2_Heart_E11.5,2
Msrb3_Heart_Any,7
Msrb3_Heart_E11.5,4
Msrb3_Limb_Any,4
Msrb3_Limb_E11.5,2
Msx1_Forebrain_Any,2
Msx1_Limb_Any,6
Msx1_Limb_E11.5,5
Msx2_Heart_Any,2
Msx2_Limb_Any,4
Msx2_Limb_E11.5,3
Msx3_Forebrain_Any,2
Msx3_Forebrain_E11.5,2
Mt3_Forebrain_Any,8
Mt3_Forebrain_E11.5,2
Mt3_Heart_Any,11
Mt3_Heart_E11.5,5
Mta1_Heart_Any,2
Mtag2_Forebrain_Any,2
Mtcl1_Forebrain_Any,8
Mtcl1_Forebrain_E11.5,6
Mtcl1_Limb_Any,2
Mtcl1_Limb_E11.5,2
Mtfr1l_Forebrain_Any,2
Mtfr1l_Heart_Any,2
Mtl5_Heart_Any,2
Mtmr12_Heart_Any,2
Mtr_Heart_Any,8
Mtr_Heart_E11.5,6
Mtss1_Forebrain_Any,4
Mtss1_Forebrain_E11.5,2
Mtss1_Heart_Any,4
Mtss1_Heart_E11.5,3
Mtss1_Limb_Any,2
Mturn_Forebrain_Any,4
Mturn_Forebrain_E11.5,2
Mtus1_Heart_Any,3
Mtus1_Heart_E11.5,2
Mtus2_Forebrain_Any,4
Mtus2_Heart_Any,6
Mtus2_Heart_E11.5,3
Muc20_Heart_Any,2
Muc20_Heart_E11.5,2
Mvd_Forebrain_Any,3
Mvp_Heart_Any,2
Mvp_Heart_E11.5,2
Mxra7_Heart_Any,2
Mxra7_Heart_E11.5,2
Mxra8_Forebrain_Any,5
Mxra8_Forebrain_E11.5,3
Mxra8_Heart_Any,8
Mxra8_Heart_E11.5,6
Mxra8_Limb_Any,7
Mxra8_Limb_E11.5,4
Myadm_Forebrain_Any,2
Myadm_Heart_Any,4
Myadm_Heart_E11.5,4
Myadm_Limb_Any,2
Mybpc3_Heart_Any,8
Mybpc3_Heart_E11.5,5
Mybphl_Heart_Any,3
Mybphl_Heart_E11.5,2
Mycl_Forebrain_Any,3
Mycl_Forebrain_E11.5,3
Mycn_Forebrain_Any,11
Mycn_Forebrain_E11.5,8
Mycn_Heart_Any,4
Mycn_Heart_E11.5,4
Myct1_Heart_Any,3
Myct1_Heart_E11.5,2
Myef2_Forebrain_Any,3
Myef2_Forebrain_E11.5,2
Myh10_Forebrain_Any,2
Myh10_Heart_Any,3
Myh10_Limb_Any,2
Myh10_Limb_E11.5,2
Myh11_Heart_Any,4
Myh6_Heart_Any,6
Myh6_Heart_E11.5,6
Myh9_Heart_Any,3
Myh9_Heart_E11.5,2
Myh9_Limb_Any,2
Myh9_Limb_E11.5,2
Myl12a_Forebrain_Any,2
Myl12a_Heart_Any,8
Myl12a_Heart_E11.5,5
Myl12a_Limb_Any,4
Myl12a_Limb_E11.5,3
Myl2_Heart_Any,4
Myl3_Heart_Any,3
Myl7_Heart_Any,2
Myl7_Heart_E11.5,2
Mylk3_Heart_Any,6
Mylk3_Heart_E11.5,2
Mylk_Heart_Any,9
Mylk_Heart_E11.5,2
Mylk_Limb_Any,5
Mylk_Limb_E11.5,3
Myo10_Limb_Any,2
Myo10_Limb_E11.5,2
Myo16_Forebrain_Any,5
Myo16_Forebrain_E11.5,3
Myo18b_Heart_Any,2
Myo1e_Heart_Any,6
Myo1e_Limb_Any,2
Myo5c_Heart_Any,3
Myocd_Heart_Any,16
Myocd_Heart_E11.5,8
Myof_Heart_Any,4
Myom1_Heart_Any,8
Myom1_Heart_E11.5,4
Myom2_Heart_Any,3
Myrf_Forebrain_Any,2
Myrf_Heart_Any,8
Myrf_Heart_E11.5,7
Myrf_Limb_Any,2
Myrip_Forebrain_Any,2
Mysm1_Forebrain_Any,3
Mysm1_Limb_Any,2
Myt1l_Forebrain_Any,16
Myt1l_Forebrain_E11.5,8
Myzap_Heart_Any,10
Myzap_Heart_E11.5,3
N28178_Heart_Any,2
N6amt1_Heart_Any,2
N6amt1_Heart_E11.5,2
Naa38_Forebrain_Any,2
Naa38_Heart_Any,3
Naa38_Heart_E11.5,3
Naa38_Limb_Any,2
Nab1_Heart_Any,4
Nab2_Forebrain_Any,2
Nab2_Forebrain_E11.5,2
Nab2_Heart_Any,6
Nab2_Heart_E11.5,4
Nab2_Limb_Any,4
Nab2_Limb_E11.5,2
Nacad_Forebrain_Any,4
Naga_Heart_Any,2
Naga_Limb_Any,2
Nalcn_Forebrain_Any,4
Nav1_Forebrain_Any,6
Nav1_Forebrain_E11.5,2
Nav1_Heart_Any,7
Nav1_Heart_E11.5,6
Nav1_Limb_Any,2
Nav1_Limb_E11.5,2
Nav2_Forebrain_Any,2
Nav2_Heart_Any,13
Nav2_Heart_E11.5,9
Nav3_Forebrain_Any,13
Nav3_Heart_Any,5
Nbea_Forebrain_Any,11
Nbea_Forebrain_E11.5,3
Nbea_Heart_Any,5
Nbea_Heart_E11.5,2
Nbea_Limb_Any,3
Nbeal1_Heart_Any,2
Nbl1_Limb_Any,2
Ncam1_Forebrain_Any,5
Ncam1_Forebrain_E11.5,3
Ncam1_Heart_Any,5
Nceh1_Heart_Any,4
Nceh1_Heart_E11.5,2
Ncoa1_Forebrain_Any,2
Ncoa1_Heart_Any,2
Ncoa3_Forebrain_Any,5
Ncoa3_Forebrain_E11.5,3
Ncoa3_Heart_Any,7
Ncoa3_Heart_E11.5,3
Ncoa3_Limb_Any,16
Ncoa3_Limb_E11.5,14
Ncoa5_Forebrain_Any,4
Ncoa5_Forebrain_E11.5,3
Ndc1_Heart_Any,2
Ndc1_Heart_E11.5,2
Ndc1_Limb_Any,2
Ndfip1_Forebrain_Any,2
Ndfip1_Heart_Any,2
Ndufa10_Heart_Any,2
Ndufa3_Heart_Any,2
Ndufa4l2_Forebrain_Any,2
Ndufa4l2_Forebrain_E11.5,2
Ndufa4l2_Heart_Any,2
Ndufa4l2_Heart_E11.5,2
Ndufa4l2_Limb_Any,2
Ndufa4l2_Limb_E11.5,2
Ndufs7_Forebrain_Any,2
Ndufs7_Heart_Any,3
Ndufs7_Heart_E11.5,3
Ndufs7_Limb_Any,2
Nebl_Heart_Any,3
Nebl_Heart_E11.5,3
Necab2_Forebrain_Any,2
Necab2_Heart_Any,2
Necab3_Forebrain_Any,5
Necab3_Forebrain_E11.5,2
Necab3_Heart_Any,2
Nedd4l_Forebrain_Any,4
Nedd4l_Heart_Any,9
Nedd4l_Heart_E11.5,5
Negr1_Forebrain_Any,3
Neil1_Heart_Any,2
Nek2_Heart_Any,5
Nek2_Heart_E11.5,4
Nek6_Heart_Any,2
Nek6_Limb_Any,2
Nek8_Forebrain_Any,2
Nek8_Heart_Any,8
Nek8_Heart_E11.5,4
Nek8_Limb_Any,2
Nek8_Limb_E11.5,2
Nek9_Heart_Any,3
Nek9_Limb_Any,4
Nell2_Forebrain_Any,11
Nespas_Forebrain_Any,2
Nespas_Forebrain_E11.5,2
Nespas_Limb_Any,3
Neto2_Forebrain_Any,9
Neto2_Forebrain_E11.5,2
Neu3_Heart_Any,5
Neu3_Heart_E11.5,3
Neu3_Limb_Any,2
Neurl1b_Forebrain_Any,4
Neurl1b_Forebrain_E11.5,3
Neurl1b_Heart_Any,5
Neurl1b_Heart_E11.5,5
Neurl1b_Limb_Any,3
Neurl3_Heart_Any,2
Neurl4_Forebrain_Any,2
Neurod1_Forebrain_Any,4
Neurod1_Forebrain_E11.5,2
Neurod2_Forebrain_Any,5
Neurod2_Forebrain_E11.5,2
Neurod6_Forebrain_Any,3
Neurog1_Forebrain_Any,9
Neurog1_Forebrain_E11.5,5
Neurog2_Forebrain_Any,11
Neurog2_Forebrain_E11.5,9
Nexn_Heart_Any,9
Nexn_Heart_E11.5,5
Nexn_Limb_Any,2
Nfasc_Forebrain_Any,15
Nfasc_Forebrain_E11.5,4
Nfat5_Forebrain_Any,2
Nfat5_Forebrain_E11.5,2
Nfat5_Heart_Any,8
Nfat5_Heart_E11.5,5
Nfat5_Limb_Any,6
Nfat5_Limb_E11.5,3
Nfatc1_Heart_Any,11
Nfatc1_Heart_E11.5,9
Nfatc1_Limb_Any,8
Nfatc1_Limb_E11.5,5
Nfatc2_Heart_Any,9
Nfatc2_Heart_E11.5,3
Nfatc2_Limb_Any,6
Nfatc2_Limb_E11.5,3
Nfe2l2_Forebrain_Any,2
Nfe2l2_Heart_Any,8
Nfe2l2_Heart_E11.5,5
Nfe2l2_Limb_Any,3
Nfe2l2_Limb_E11.5,2
Nfia_Forebrain_Any,18
Nfia_Forebrain_E11.5,6
Nfia_Heart_Any,27
Nfia_Heart_E11.5,10
Nfia_Limb_Any,14
Nfia_Limb_E11.5,4
Nfib_Forebrain_Any,26
Nfib_Forebrain_E11.5,8
Nfib_Heart_Any,32
Nfib_Heart_E11.5,17
Nfib_Limb_Any,24
Nfib_Limb_E11.5,6
Nfic_Forebrain_Any,3
Nfic_Forebrain_E11.5,3
Nfic_Heart_Any,3
Nfic_Heart_E11.5,3
Nfic_Limb_Any,3
Nfic_Limb_E11.5,3
Nfil3_Forebrain_Any,2
Nfil3_Heart_Any,2
Nfil3_Heart_E11.5,2
Nfix_Forebrain_Any,7
Nfix_Forebrain_E11.5,2
Nfix_Heart_Any,5
Nfix_Heart_E11.5,3
Nfix_Limb_Any,6
Nfix_Limb_E11.5,3
Nfkbia_Forebrain_Any,3
Nfkbia_Forebrain_E11.5,2
Nfkbia_Heart_Any,5
Nfkbia_Heart_E11.5,2
Nfkbia_Limb_Any,3
Nfkbia_Limb_E11.5,3
Nfs1_Heart_Any,2
Nfxl1_Limb_Any,2
Nhlh1_Forebrain_Any,3
Nhlh1_Forebrain_E11.5,3
Nhlh2_Forebrain_Any,5
Nhlh2_Forebrain_E11.5,5
Nhlrc2_Heart_Any,12
Nhlrc2_Heart_E11.5,6
Nhlrc2_Limb_Any,2
Nhsl2_Heart_Any,6
Nhsl2_Heart_E11.5,6
Nhsl2_Limb_Any,4
Nhsl2_Limb_E11.5,2
Nicn1_Forebrain_Any,3
Nicn1_Forebrain_E11.5,2
Nicn1_Heart_Any,3
Nicn1_Heart_E11.5,2
Nicn1_Limb_Any,2
Nid1_Heart_Any,3
Nid2_Forebrain_Any,2
Nid2_Heart_Any,7
Nid2_Heart_E11.5,5
Nid2_Limb_Any,2
Nif3l1_Limb_Any,2
Nif3l1_Limb_E11.5,2
Nin_Forebrain_Any,2
Ninj1_Forebrain_Any,2
Ninj1_Heart_Any,6
Ninj1_Heart_E11.5,5
Ninj1_Limb_Any,2
Nkain3_Forebrain_Any,5
Nkd1_Limb_Any,6
Nkd1_Limb_E11.5,3
Nkx1-2_Forebrain_Any,2
Nkx1-2_Forebrain_E11.5,2
Nkx2-2_Forebrain_Any,3
Nkx2-2_Forebrain_E11.5,2
Nkx2-5_Heart_Any,13
Nkx2-5_Heart_E11.5,9
Nlgn2_Forebrain_Any,3
Nlgn2_Forebrain_E11.5,2
Nlk_Forebrain_Any,2
Nmbr_Forebrain_Any,3
Nmbr_Heart_Any,2
Nmnat2_Forebrain_Any,2
Nnat_Forebrain_Any,16
Nnat_Forebrain_E11.5,15
Nnat_Heart_Any,4
Nnat_Heart_E11.5,2
Nnat_Limb_Any,7
Nnat_Limb_E11.5,7
Nol4_Forebrain_Any,2
Nos1ap_Heart_Any,4
Nos2_Heart_Any,3
Nos3_Forebrain_Any,2
Nos3_Heart_Any,4
Nos3_Heart_E11.5,3
Nostrin_Heart_Any,3
Nostrin_Heart_E11.5,2
Notch1_Forebrain_Any,2
Notch1_Forebrain_E11.5,2
Notch1_Heart_Any,2
Notch1_Heart_E11.5,2
Notch1_Limb_Any,2
Notch1_Limb_E11.5,2
Notch2_Forebrain_Any,5
Notch2_Forebrain_E11.5,4
Notch2_Heart_Any,6
Notch2_Heart_E11.5,4
Notch2_Limb_Any,6
Notch2_Limb_E11.5,5
Nova1_Forebrain_Any,5
Nova1_Forebrain_E11.5,3
Nova2_Forebrain_Any,3
Nova2_Forebrain_E11.5,3
Nova2_Heart_Any,2
Npas3_Forebrain_Any,7
Npas3_Forebrain_E11.5,6
Npas3_Heart_Any,3
Npas3_Heart_E11.5,2
Npas3_Limb_Any,5
Npas3_Limb_E11.5,4
Npb_Heart_Any,4
Npb_Heart_E11.5,2
Nphp3_Heart_Any,4
Nphp3_Heart_E11.5,2
Nphp3_Limb_Any,5
Nphp3_Limb_E11.5,4
Nphp4_Forebrain_Any,4
Nphp4_Forebrain_E11.5,4
Nphp4_Limb_Any,2
Nppb_Forebrain_Any,2
Nppb_Forebrain_E11.5,2
Nppb_Heart_Any,2
Nppb_Heart_E11.5,2
Nppc_Limb_Any,2
Npr3_Heart_Any,12
Npr3_Heart_E11.5,6
Nptx1_Forebrain_Any,6
Nptx1_Heart_Any,3
Nptx2_Forebrain_Any,2
Npy_Forebrain_Any,3
Nqo2_Heart_Any,5
Nqo2_Heart_E11.5,3
Nr0b2_Forebrain_Any,2
Nr0b2_Heart_Any,16
Nr0b2_Heart_E11.5,13
Nr0b2_Limb_Any,4
Nr0b2_Limb_E11.5,2
Nr2e1_Forebrain_Any,5
Nr2e1_Forebrain_E11.5,5
Nr2e3_Limb_Any,2
Nr2f1_Forebrain_Any,15
Nr2f1_Forebrain_E11.5,14
Nr2f1_Heart_Any,2
Nr2f2_Forebrain_Any,7
Nr2f2_Forebrain_E11.5,7
Nr2f2_Heart_Any,4
Nr2f2_Heart_E11.5,3
Nr2f2_Limb_Any,3
Nr2f2_Limb_E11.5,3
Nr3c1_Heart_Any,7
Nr4a2_Forebrain_Any,2
Nr4a2_Forebrain_E11.5,2
Nr4a3_Forebrain_Any,3
Nrap_Heart_Any,4
Nrap_Heart_E11.5,2
Nrap_Limb_Any,2
Nrap_Limb_E11.5,2
Nrbp1_Forebrain_Any,2
Nrcam_Forebrain_Any,9
Nrcam_Forebrain_E11.5,2
Nrep_Forebrain_Any,3
Nrg3_Forebrain_Any,2
Nrg4_Heart_Any,2
Nrn1_Forebrain_Any,2
Nron_Forebrain_Any,2
Nron_Limb_Any,4
Nron_Limb_E11.5,4
Nrp1_Forebrain_Any,5
Nrp1_Heart_Any,20
Nrp1_Heart_E11.5,8
Nrp1_Limb_Any,2
Nrp1_Limb_E11.5,2
Nrp2_Forebrain_Any,4
Nrp2_Limb_Any,4
Nrp2_Limb_E11.5,4
Nrros_Heart_Any,3
Nrros_Heart_E11.5,2
Nrsn1_Forebrain_Any,2
Nrxn1_Forebrain_Any,7
Nrxn1_Forebrain_E11.5,2
Nrxn3_Forebrain_Any,8
Nrxn3_Forebrain_E11.5,4
Nsg2_Forebrain_Any,9
Nsg2_Forebrain_E11.5,4
Nsun4_Heart_Any,2
Nt5c1a_Heart_Any,4
Nt5c1a_Heart_E11.5,3
Nt5c2_Heart_Any,2
Ntf3_Heart_Any,4
Ntf3_Heart_E11.5,2
Ntf3_Limb_Any,6
Ntf3_Limb_E11.5,4
Ntm_Forebrain_Any,3
Ntm_Heart_Any,7
Ntmt1_Heart_Any,3
Ntmt1_Heart_E11.5,2
Ntng2_Forebrain_Any,4
Ntng2_Forebrain_E11.5,3
Ntrk2_Forebrain_Any,20
Ntrk2_Forebrain_E11.5,8
Ntsr2_Heart_Any,2
Nuak1_Forebrain_Any,5
Nuak1_Forebrain_E11.5,3
Nuak1_Heart_Any,5
Nuak1_Heart_E11.5,5
Nuak1_Limb_Any,3
Nuak2_Forebrain_Any,2
Nuak2_Forebrain_E11.5,2
Nubpl_Heart_Any,3
Nudt14_Heart_Any,3
Nudt14_Limb_Any,4
Nudt14_Limb_E11.5,2
Nudt1_Heart_Any,2
Nudt1_Heart_E11.5,2
Nudt1_Limb_Any,2
Nudt6_Heart_Any,2
Nuf2_Heart_Any,2
Nuf2_Heart_E11.5,2
Numb_Heart_Any,7
Numb_Heart_E11.5,3
Numb_Limb_Any,2
Nup133_Heart_Any,2
Nup133_Heart_E11.5,2
Nup133_Limb_Any,2
Nup133_Limb_E11.5,2
Nupl2_Heart_Any,2
Nxn_Forebrain_Any,11
Nxn_Forebrain_E11.5,9
Nxn_Heart_Any,10
Nxn_Heart_E11.5,5
Nxn_Limb_Any,12
Nxn_Limb_E11.5,10
Nxpe2_Heart_Any,2
Nxph1_Forebrain_Any,2
Nyap2_Forebrain_Any,3
Nyap2_Forebrain_E11.5,3
Oat_Heart_Any,10
Oat_Heart_E11.5,3
Oat_Limb_Any,6
Oat_Limb_E11.5,2
Oaz1_Heart_Any,2
Oaz2_Heart_Any,4
Obfc1_Heart_Any,2
Obfc1_Heart_E11.5,2
Obfc1_Limb_Any,4
Obfc1_Limb_E11.5,4
Obsl1_Heart_Any,8
Obsl1_Heart_E11.5,4
Obsl1_Limb_Any,3
Obsl1_Limb_E11.5,2
Ocln_Forebrain_Any,2
Ogn_Heart_Any,4
Ogn_Limb_Any,4
Olfm1_Forebrain_Any,2
Olfm2_Forebrain_Any,4
Olfm2_Forebrain_E11.5,2
Olfm3_Forebrain_Any,3
Olfml1_Heart_Any,2
Olfml1_Heart_E11.5,2
Olfml1_Limb_Any,3
Olfml1_Limb_E11.5,3
Olfml2b_Heart_Any,7
Olfml2b_Heart_E11.5,3
Olfml2b_Limb_Any,3
Olfml3_Heart_Any,4
Olfml3_Heart_E11.5,3
Olfml3_Limb_Any,4
Olfml3_Limb_E11.5,2
Olfr287_Forebrain_Any,2
Olig2_Forebrain_Any,6
Olig2_Forebrain_E11.5,5
Olig3_Forebrain_Any,2
Olig3_Forebrain_E11.5,2
Onecut3_Forebrain_Any,3
Onecut3_Forebrain_E11.5,2
Opcml_Forebrain_Any,3
Opn1sw_Heart_Any,2
Opn1sw_Limb_Any,3
Osbpl3_Forebrain_Any,2
Osbpl3_Heart_Any,9
Osbpl3_Heart_E11.5,5
Osbpl8_Heart_Any,3
Osbpl8_Heart_E11.5,2
Oscp1_Forebrain_Any,9
Oscp1_Forebrain_E11.5,2
Osr1_Heart_Any,4
Osr1_Limb_Any,4
Osr1_Limb_E11.5,3
Osr2_Heart_Any,2
Osr2_Limb_Any,5
Otp_Forebrain_Any,2
Otud1_Heart_Any,4
Otud1_Heart_E11.5,2
Otx2_Forebrain_Any,5
Otx2_Forebrain_E11.5,4
Ovgp1_Forebrain_Any,4
Ovgp1_Forebrain_E11.5,3
Ovgp1_Heart_Any,2
Ovgp1_Heart_E11.5,2
Ovol2_Heart_Any,3
Ovol2_Limb_Any,4
Ovol3_Limb_Any,2
Oxa1l_Forebrain_Any,4
Oxa1l_Heart_Any,8
Oxa1l_Heart_E11.5,7
P2rx2_Forebrain_Any,3
P2rx4_Heart_Any,3
P2rx4_Heart_E11.5,3
P2rx4_Limb_Any,2
P2rx5_Heart_Any,2
P2ry2_Heart_Any,5
P4ha1_Limb_Any,2
P4ha2_Heart_Any,2
P4ha3_Heart_Any,3
P4ha3_Heart_E11.5,3
P4ha3_Limb_Any,2
Pabpc4_Heart_Any,3
Pabpc4_Heart_E11.5,2
Pacrg_Forebrain_Any,4
Pacrg_Heart_Any,2
Pacsin1_Forebrain_Any,3
Pacsin2_Heart_Any,4
Pacsin2_Heart_E11.5,3
Pacsin2_Limb_Any,2
Padi4_Heart_Any,5
Pafah1b3_Forebrain_Any,2
Pak1_Forebrain_Any,2
Pak1_Forebrain_E11.5,2
Pak7_Forebrain_Any,4
Pak7_Forebrain_E11.5,3
Pald1_Heart_Any,5
Pald1_Heart_E11.5,4
Palld_Forebrain_Any,3
Palld_Forebrain_E11.5,2
Palld_Heart_Any,18
Palld_Heart_E11.5,9
Palld_Limb_Any,4
Palm2_Heart_Any,3
Palm2_Heart_E11.5,3
Palm_Forebrain_Any,2
Pam_Forebrain_Any,2
Pam_Heart_Any,9
Pam_Heart_E11.5,4
Pank3_Forebrain_Any,2
Pank3_Forebrain_E11.5,2
Papln_Heart_Any,2
Papln_Limb_Any,2
Papln_Limb_E11.5,2
Pappa_Limb_Any,2
Papss2_Limb_Any,4
Paqr8_Forebrain_Any,2
Pard3b_Heart_Any,3
Pard3b_Limb_Any,2
Pard6g_Forebrain_Any,7
Pard6g_Forebrain_E11.5,4
Pard6g_Heart_Any,2
Pard6g_Limb_Any,8
Pard6g_Limb_E11.5,6
Park2_Forebrain_Any,2
Park7_Forebrain_Any,2
Park7_Heart_Any,2
Park7_Heart_E11.5,2
Parm1_Heart_Any,4
Parp11_Forebrain_Any,11
Parp11_Forebrain_E11.5,7
Parp11_Heart_Any,2
Parp4_Heart_Any,3
Pars2_Heart_Any,2
Parva_Forebrain_Any,5
Parva_Forebrain_E11.5,5
Parva_Heart_Any,16
Parva_Heart_E11.5,10
Parva_Limb_Any,10
Parva_Limb_E11.5,7
Parvb_Heart_Any,4
Parvb_Heart_E11.5,2
Pawr_Forebrain_Any,2
Pawr_Forebrain_E11.5,2
Pawr_Heart_Any,2
Pax5_Forebrain_Any,2
Pax5_Forebrain_E11.5,2
Pax6_Forebrain_Any,6
Pax6_Forebrain_E11.5,5
Pbx1_Forebrain_Any,14
Pbx1_Forebrain_E11.5,7
Pbx1_Heart_Any,10
Pbx1_Heart_E11.5,4
Pbx1_Limb_Any,5
Pbx1_Limb_E11.5,5
Pbx3_Forebrain_Any,10
Pbx3_Forebrain_E11.5,6
Pbx3_Heart_Any,4
Pbx3_Heart_E11.5,4
Pbx3_Limb_Any,3
Pbx3_Limb_E11.5,3
Pcbd1_Heart_Any,2
Pcdh12_Heart_Any,8
Pcdh12_Heart_E11.5,3
Pcdh12_Limb_Any,6
Pcdh12_Limb_E11.5,3
Pcdh17_Forebrain_Any,2
Pcdh18_Forebrain_Any,3
Pcdh18_Forebrain_E11.5,3
Pcdh18_Heart_Any,3
Pcdh18_Heart_E11.5,2
Pcdh18_Limb_Any,10
Pcdh18_Limb_E11.5,8
Pcdh7_Heart_Any,8
Pcdh7_Heart_E11.5,3
Pcdh8_Forebrain_Any,7
Pcdh8_Forebrain_E11.5,4
Pcdh9_Forebrain_Any,5
Pcdhga12_Forebrain_Any,3
Pcdhga12_Forebrain_E11.5,2
Pcdhga12_Heart_Any,4
Pcdhga12_Heart_E11.5,2
Pcdhga12_Limb_Any,3
Pcdhga12_Limb_E11.5,2
Pcgf5_Heart_Any,2
Pcgf5_Heart_E11.5,2
Pck1_Limb_Any,2
Pck2_Heart_Any,2
Pcsk5_Heart_Any,2
Pcsk6_Heart_Any,2
Pcx_Forebrain_Any,2
Pcx_Heart_Any,2
Pcx_Heart_E11.5,2
Pde10a_Forebrain_Any,12
Pde10a_Forebrain_E11.5,6
Pde10a_Heart_Any,8
Pde10a_Heart_E11.5,5
Pde10a_Limb_Any,2
Pde10a_Limb_E11.5,2
Pde1a_Heart_Any,7
Pde1b_Forebrain_Any,4
Pde1b_Forebrain_E11.5,2
Pde1c_Heart_Any,3
Pde2a_Forebrain_Any,3
Pde3a_Heart_Any,20
Pde3a_Heart_E11.5,5
Pde3a_Limb_Any,2
Pde4b_Heart_Any,7
Pde4b_Heart_E11.5,3
Pde4b_Limb_Any,2
Pde4d_Forebrain_Any,2
Pde4d_Heart_Any,8
Pde4d_Heart_E11.5,5
Pde4d_Limb_Any,2
Pde4dip_Forebrain_Any,2
Pde4dip_Heart_Any,2
Pde7b_Heart_Any,8
Pde7b_Heart_E11.5,2
Pde9a_Forebrain_Any,8
Pde9a_Heart_Any,3
Pde9a_Limb_Any,3
Pde9a_Limb_E11.5,2
Pdgfa_Forebrain_Any,4
Pdgfa_Heart_Any,11
Pdgfa_Heart_E11.5,4
Pdgfc_Limb_Any,3
Pdgfc_Limb_E11.5,3
Pdgfra_Forebrain_Any,5
Pdgfra_Heart_Any,8
Pdgfra_Heart_E11.5,5
Pdgfra_Limb_Any,16
Pdgfra_Limb_E11.5,10
Pdgfrb_Heart_Any,2
Pdgfrb_Heart_E11.5,2
Pdgfrb_Limb_Any,2
Pdgfrb_Limb_E11.5,2
Pdgfrl_Heart_Any,6
Pdgfrl_Heart_E11.5,3
Pdgfrl_Limb_Any,2
Pdha1_Heart_Any,2
Pdhb_Heart_Any,2
Pdk1_Heart_Any,2
Pdk2_Forebrain_Any,2
Pdk2_Heart_Any,3
Pdlim1_Heart_Any,9
Pdlim1_Heart_E11.5,5
Pdlim3_Heart_Any,8
Pdlim3_Heart_E11.5,3
Pdlim3_Limb_Any,2
Pdlim5_Heart_Any,12
Pdlim5_Heart_E11.5,4
Pdpr_Heart_Any,2
Pdzd2_Forebrain_Any,2
Pdzd2_Heart_Any,11
Pdzd2_Limb_Any,14
Pdzd2_Limb_E11.5,5
Pdzrn3_Forebrain_Any,3
Pdzrn3_Heart_Any,2
Pdzrn3_Limb_Any,3
Pdzrn3_Limb_E11.5,3
Pdzrn4_Forebrain_Any,2
Pea15a_Forebrain_Any,2
Peak1_Heart_Any,6
Peak1_Heart_E11.5,3
Peak1_Limb_Any,2
Pear1_Heart_Any,2
Pear1_Heart_E11.5,2
Pebp1_Forebrain_Any,3
Pebp1_Heart_Any,2
Pecam1_Heart_Any,9
Pecam1_Heart_E11.5,4
Pecam1_Limb_Any,2
Peg10_Limb_Any,5
Peg10_Limb_E11.5,4
Peg3_Forebrain_Any,2
Peg3_Heart_Any,6
Peg3_Heart_E11.5,6
Peg3_Limb_Any,7
Peg3_Limb_E11.5,6
Peo1_Heart_Any,2
Pfkm_Heart_Any,3
Pfn1_Heart_Any,4
Pfn1_Heart_E11.5,2
Pfn2_Forebrain_Any,3
Pgap2_Heart_Any,2
Pgap3_Heart_Any,3
Pgf_Limb_Any,3
Pgf_Limb_E11.5,3
Pggt1b_Heart_Any,2
Pgm5_Heart_Any,14
Pgm5_Heart_E11.5,4
Phactr1_Forebrain_Any,3
Phactr2_Heart_Any,13
Phactr2_Heart_E11.5,4
Phactr2_Limb_Any,5
Phactr3_Forebrain_Any,10
Phactr3_Heart_Any,8
Phactr3_Heart_E11.5,5
Phf21b_Forebrain_Any,8
Phf21b_Forebrain_E11.5,7
Phgdh_Limb_Any,3
Phgdh_Limb_E11.5,3
Phka1_Heart_Any,3
Phkb_Heart_Any,3
Phkb_Heart_E11.5,2
Phlda3_Heart_Any,8
Phlda3_Heart_E11.5,6
Phlda3_Limb_Any,2
Phldb2_Heart_Any,5
Phldb2_Limb_Any,4
Phlpp1_Forebrain_Any,2
Phlpp1_Forebrain_E11.5,2
Phlpp1_Heart_Any,3
Phlpp1_Heart_E11.5,2
Phyh_Heart_Any,2
Phyhd1_Heart_Any,2
Phyhipl_Forebrain_Any,10
Phyhipl_Forebrain_E11.5,4
Phyhipl_Limb_Any,2
Phykpl_Heart_Any,3
Phykpl_Limb_Any,2
Pias4_Heart_Any,3
Pias4_Heart_E11.5,2
Piezo1_Heart_Any,8
Piezo1_Heart_E11.5,8
Piezo1_Limb_Any,4
Piezo2_Heart_Any,2
Piezo2_Limb_Any,3
Piezo2_Limb_E11.5,2
Pigp_Heart_Any,2
Pigq_Heart_Any,3
Pigv_Heart_Any,2
Pik3c2b_Forebrain_Any,6
Pik3c2b_Forebrain_E11.5,6
Pik3c2b_Heart_Any,7
Pik3c2b_Heart_E11.5,4
Pik3c2b_Limb_Any,3
Pik3c2b_Limb_E11.5,2
Pilra_Heart_Any,2
Pim1_Heart_Any,4
Pim1_Heart_E11.5,2
Pip5k1b_Heart_Any,6
Pip5k1b_Heart_E11.5,3
Pisd-ps1_Forebrain_Any,2
Pisd-ps2_Forebrain_Any,7
Pisd-ps2_Forebrain_E11.5,2
Pisd-ps2_Limb_Any,2
Pitpnm2_Forebrain_Any,2
Pitx1_Heart_Any,2
Pitx1_Limb_Any,10
Pitx1_Limb_E11.5,8
Pja2_Forebrain_Any,6
Pja2_Heart_Any,3
Pkig_Heart_Any,2
Pkn2_Heart_Any,3
Pknox2_Forebrain_Any,4
Pla2g16_Heart_Any,4
Pla2g16_Heart_E11.5,2
Pla2g4f_Heart_Any,3
Pla2g4f_Limb_Any,2
Pla2g7_Heart_Any,2
Pla2r1_Forebrain_Any,2
Pla2r1_Heart_Any,20
Pla2r1_Heart_E11.5,15
Pla2r1_Limb_Any,8
Pla2r1_Limb_E11.5,4
Plac1_Heart_Any,4
Plac1_Heart_E11.5,2
Plac1_Limb_Any,9
Plac1_Limb_E11.5,6
Plagl1_Forebrain_Any,5
Plagl1_Forebrain_E11.5,4
Plagl1_Heart_Any,12
Plagl1_Heart_E11.5,8
Plagl1_Limb_Any,9
Plagl1_Limb_E11.5,2
Plagl2_Heart_Any,2
Plagl2_Heart_E11.5,2
Plb1_Heart_Any,4
Plb1_Heart_E11.5,3
Plb1_Limb_Any,3
Plcb4_Forebrain_Any,4
Plcb4_Forebrain_E11.5,2
Plcb4_Heart_Any,14
Plcb4_Heart_E11.5,6
Plcb4_Limb_Any,4
Plcb4_Limb_E11.5,3
Plcd3_Forebrain_Any,2
Plcd3_Heart_Any,2
Plcd3_Limb_Any,2
Plce1_Heart_Any,5
Plce1_Heart_E11.5,2
Plce1_Limb_Any,2
Plcg1_Forebrain_Any,2
Plcg1_Forebrain_E11.5,2
Plcg2_Heart_Any,5
Plcg2_Heart_E11.5,3
Plch1_Forebrain_Any,3
Plch1_Forebrain_E11.5,3
Plcl2_Forebrain_Any,2
Plcl2_Heart_Any,2
Plcxd2_Forebrain_Any,2
Pld1_Heart_Any,2
Plekha1_Forebrain_Any,2
Plekha1_Heart_Any,6
Plekha1_Heart_E11.5,6
Plekha2_Heart_Any,8
Plekha2_Heart_E11.5,2
Plekha5_Limb_Any,2
Plekha6_Heart_Any,2
Plekha6_Heart_E11.5,2
Plekha7_Forebrain_Any,3
Plekha7_Forebrain_E11.5,3
Plekha7_Heart_Any,12
Plekha7_Heart_E11.5,7
Plekha7_Limb_Any,4
Plekha7_Limb_E11.5,3
Plekhb2_Heart_Any,2
Plekhb2_Heart_E11.5,2
Plekhf1_Heart_Any,3
Plekhf1_Limb_Any,3
Plekhf1_Limb_E11.5,3
Plekhg1_Forebrain_Any,3
Plekhg1_Forebrain_E11.5,2
Plekhg1_Heart_Any,4
Plekhg1_Limb_Any,4
Plekhg3_Heart_Any,6
Plekhg3_Limb_Any,2
Plekhg6_Limb_Any,2
Plekhh2_Heart_Any,2
Plekhh2_Limb_Any,4
Plekhm3_Heart_Any,3
Plekho2_Heart_Any,8
Plekho2_Heart_E11.5,6
Plekho2_Limb_Any,4
Plekho2_Limb_E11.5,2
Plin3_Heart_Any,2
Plin3_Limb_Any,2
Plk2_Forebrain_Any,3
Plk2_Heart_Any,5
Plk2_Heart_E11.5,2
Plk2_Limb_Any,3
Pln_Forebrain_Any,2
Pln_Heart_Any,4
Pln_Limb_Any,2
Plod2_Heart_Any,5
Plp2_Heart_Any,2
Plscr2_Heart_Any,2
Plscr3_Heart_Any,2
Plvap_Forebrain_Any,2
Plvap_Heart_Any,8
Plvap_Heart_E11.5,6
Plvap_Limb_Any,2
Plxdc2_Limb_Any,2
Plxna1_Forebrain_Any,7
Plxna1_Forebrain_E11.5,5
Plxna1_Heart_Any,2
Plxna1_Limb_Any,3
Plxna2_Forebrain_Any,11
Plxna2_Forebrain_E11.5,3
Plxna2_Heart_Any,2
Plxna4_Forebrain_Any,10
Plxna4_Heart_Any,15
Plxna4_Heart_E11.5,6
Plxnb1_Forebrain_Any,2
Plxnb1_Forebrain_E11.5,2
Plxnc1_Heart_Any,4
Plxnc1_Heart_E11.5,4
Plxnd1_Forebrain_Any,5
Plxnd1_Heart_Any,17
Plxnd1_Heart_E11.5,14
Plxnd1_Limb_Any,4
Plxnd1_Limb_E11.5,3
Pmepa1_Forebrain_Any,5
Pmepa1_Heart_Any,12
Pmepa1_Heart_E11.5,2
Pmepa1_Limb_Any,11
Pmepa1_Limb_E11.5,3
Pmf1_Heart_Any,3
Pmf1_Heart_E11.5,2
Pmfbp1_Forebrain_Any,4
Pmfbp1_Forebrain_E11.5,2
Pml_Heart_Any,3
Pml_Heart_E11.5,2
Pmp22_Forebrain_Any,4
Pmp22_Heart_Any,8
Pmp22_Heart_E11.5,6
Pmp22_Limb_Any,6
Pmp22_Limb_E11.5,3
Pmpca_Heart_Any,2
Pmpcb_Heart_Any,2
Pmvk_Forebrain_Any,2
Pnmal2_Forebrain_Any,3
Pnmal2_Heart_Any,2
Pnmal2_Limb_Any,2
Poc5_Forebrain_Any,4
Poc5_Forebrain_E11.5,2
Podn_Forebrain_Any,3
Podn_Limb_Any,2
Podxl_Heart_Any,5
Podxl_Heart_E11.5,3
Pofut2_Heart_Any,10
Pofut2_Heart_E11.5,6
Pofut2_Limb_Any,3
Pogk_Forebrain_Any,6
Pogk_Forebrain_E11.5,5
Pogk_Limb_Any,4
Pogk_Limb_E11.5,4
Poglut1_Limb_Any,3
Poglut1_Limb_E11.5,3
Poldip2_Forebrain_Any,2
Poldip2_Heart_Any,2
Polr1a_Heart_Any,2
Polr1a_Heart_E11.5,2
Polr1e_Heart_Any,2
Polr1e_Heart_E11.5,2
Polr1e_Limb_Any,2
Polr2c_Heart_Any,3
Polr2c_Heart_E11.5,2
Polr2m_Heart_Any,2
Polr3k_Forebrain_Any,2
Pomgnt1_Heart_Any,3
Pomgnt1_Limb_Any,2
Pomgnt2_Forebrain_Any,4
Pomgnt2_Heart_Any,4
Pomgnt2_Heart_E11.5,3
Pomgnt2_Limb_Any,2
Pon3_Heart_Any,4
Pon3_Heart_E11.5,2
Pop1_Heart_Any,2
Pop1_Heart_E11.5,2
Popdc2_Heart_Any,4
Popdc2_Heart_E11.5,2
Postn_Heart_Any,4
Postn_Limb_Any,3
Pou2f1_Forebrain_Any,2
Pou2f1_Forebrain_E11.5,2
Pou2f1_Limb_Any,2
Pou2f1_Limb_E11.5,2
Pou2f2_Forebrain_Any,2
Pou3f1_Forebrain_Any,18
Pou3f1_Forebrain_E11.5,9
Pou3f2_Forebrain_Any,18
Pou3f2_Forebrain_E11.5,15
Pou3f3_Forebrain_Any,13
Pou3f3_Forebrain_E11.5,10
Pou3f3_Limb_Any,2
Pou4f1_Forebrain_Any,2
Pou4f1_Forebrain_E11.5,2
Pparg_Heart_Any,6
Pparg_Heart_E11.5,2
Ppargc1a_Heart_Any,5
Ppargc1a_Heart_E11.5,2
Ppargc1b_Heart_Any,9
Ppargc1b_Heart_E11.5,5
Ppargc1b_Limb_Any,2
Ppat_Heart_Any,3
Ppat_Heart_E11.5,2
Ppfia2_Forebrain_Any,2
Ppfibp1_Heart_Any,15
Ppfibp1_Heart_E11.5,11
Ppfibp1_Limb_Any,4
Ppfibp1_Limb_E11.5,2
Ppic_Heart_Any,5
Ppic_Limb_Any,4
Ppif_Heart_Any,2
Ppif_Heart_E11.5,2
Ppl_Heart_Any,2
Ppm1e_Forebrain_Any,3
Ppm1e_Forebrain_E11.5,2
Ppm1e_Heart_Any,3
Ppm1j_Forebrain_Any,2
Ppm1j_Heart_Any,8
Ppm1j_Heart_E11.5,5
Ppm1k_Heart_Any,2
Ppp1ca_Heart_Any,3
Ppp1r12a_Heart_Any,6
Ppp1r12a_Heart_E11.5,3
Ppp1r12b_Heart_Any,3
Ppp1r13l_Heart_Any,2
Ppp1r13l_Heart_E11.5,2
Ppp1r14a_Forebrain_Any,3
Ppp1r14a_Forebrain_E11.5,3
Ppp1r14a_Limb_Any,2
Ppp1r14c_Heart_Any,8
Ppp1r14c_Heart_E11.5,5
Ppp1r26_Forebrain_Any,2
Ppp1r26_Heart_Any,3
Ppp1r26_Heart_E11.5,3
Ppp1r26_Limb_Any,2
Ppp1r36_Heart_Any,2
Ppp1r36_Limb_Any,2
Ppp1r3b_Heart_Any,12
Ppp1r3b_Heart_E11.5,10
Ppp1r3b_Limb_Any,2
Ppp1r3c_Forebrain_Any,3
Ppp1r3c_Heart_Any,8
Ppp1r3c_Heart_E11.5,5
Ppp1r3c_Limb_Any,4
Ppp2r1b_Heart_Any,3
Ppp2r1b_Heart_E11.5,3
Ppp2r2b_Forebrain_Any,14
Ppp2r2b_Forebrain_E11.5,2
Ppp2r2c_Forebrain_Any,2
Ppp2r5a_Heart_Any,10
Ppp2r5a_Heart_E11.5,5
Ppp2r5a_Limb_Any,2
Ppp2r5c_Heart_Any,2
Ppp4r2_Forebrain_Any,2
Ppt2_Heart_Any,2
Pptc7_Forebrain_Any,2
Pptc7_Heart_Any,6
Pptc7_Heart_E11.5,5
Prdm11_Heart_Any,2
Prdm12_Forebrain_Any,3
Prdm12_Forebrain_E11.5,2
Prdm16_Forebrain_Any,7
Prdm16_Forebrain_E11.5,6
Prdm16_Heart_Any,17
Prdm16_Heart_E11.5,13
Prdm16_Limb_Any,10
Prdm16_Limb_E11.5,9
Prdm2_Forebrain_Any,7
Prdm2_Forebrain_E11.5,5
Prdm2_Heart_Any,3
Prdm2_Heart_E11.5,2
Prdm2_Limb_Any,6
Prdm5_Limb_Any,2
Prdm5_Limb_E11.5,2
Prdm8_Forebrain_Any,2
Prdx3_Heart_Any,2
Prdx6_Heart_Any,2
Prdx6_Heart_E11.5,2
Prelid2_Heart_Any,2
Prep_Heart_Any,2
Prep_Heart_E11.5,2
Prex2_Heart_Any,2
Prickle1_Forebrain_Any,4
Prickle1_Heart_Any,11
Prickle1_Heart_E11.5,8
Prickle1_Limb_Any,8
Prickle1_Limb_E11.5,3
Prickle2_Forebrain_Any,6
Prickle2_Heart_Any,3
Prickle2_Limb_Any,2
Primpol_Heart_Any,2
Prkaa1_Heart_Any,2
Prkaa2_Heart_Any,6
Prkaca_Heart_Any,3
Prkacb_Forebrain_Any,3
Prkacb_Forebrain_E11.5,2
Prkacb_Heart_Any,4
Prkacb_Heart_E11.5,2
Prkar2b_Forebrain_Any,3
Prkcb_Forebrain_Any,2
Prkcdbp_Heart_Any,4
Prkce_Forebrain_Any,9
Prkce_Heart_Any,11
Prkce_Heart_E11.5,5
Prkce_Limb_Any,3
Prkch_Forebrain_Any,2
Prkch_Heart_Any,12
Prkch_Heart_E11.5,8
Prkch_Limb_Any,4
Prkd1_Heart_Any,4
Prkd2_Heart_Any,2
Prkd2_Limb_Any,2
Prkd2_Limb_E11.5,2
Prkg1_Heart_Any,4
Prkg1_Heart_E11.5,4
Prkra_Forebrain_Any,3
Prkra_Forebrain_E11.5,2
Prkra_Limb_Any,3
Prkra_Limb_E11.5,3
Prmt8_Forebrain_Any,2
Prnd_Heart_Any,4
Prnp_Forebrain_Any,3
Prnp_Heart_Any,2
Proser2_Heart_Any,3
Proser2_Heart_E11.5,2
Prox1_Heart_Any,11
Prox1_Heart_E11.5,8
Prr15_Heart_Any,3
Prr15_Heart_E11.5,2
Prr18_Forebrain_Any,5
Prr5l_Heart_Any,2
Prr5l_Heart_E11.5,2
Prrc1_Heart_Any,4
Prrg4_Heart_Any,3
Prrg4_Heart_E11.5,2
Prrg4_Limb_Any,2
Prrx1_Heart_Any,2
Prrx1_Limb_Any,10
Prrx1_Limb_E11.5,9
Prss23_Limb_Any,2
Prss35_Heart_Any,10
Prss35_Heart_E11.5,5
Prss57_Heart_Any,4
Prss57_Heart_E11.5,2
Prss57_Limb_Any,2
Prtg_Forebrain_Any,4
Prtg_Forebrain_E11.5,4
Prtg_Heart_Any,5
Prtg_Heart_E11.5,5
Prtg_Limb_Any,4
Prtg_Limb_E11.5,3
Psapl1_Forebrain_Any,2
Psapl1_Heart_Any,4
Psapl1_Heart_E11.5,2
Psapl1_Limb_Any,5
Psd_Forebrain_Any,2
Psen2_Forebrain_Any,2
Psen2_Heart_Any,4
Psen2_Heart_E11.5,3
Psen2_Limb_Any,2
Psip1_Forebrain_Any,2
Psmb10_Heart_Any,4
Pstk_Forebrain_Any,2
Pstk_Heart_Any,12
Pstk_Heart_E11.5,4
Ptafr_Heart_Any,2
Ptbp2_Forebrain_Any,14
Ptbp2_Forebrain_E11.5,9
Ptch1_Forebrain_Any,3
Ptch1_Forebrain_E11.5,3
Ptch1_Heart_Any,2
Ptch1_Heart_E11.5,2
Ptch1_Limb_Any,7
Ptch1_Limb_E11.5,4
Ptchd2_Forebrain_Any,2
Ptges3l_Heart_Any,4
Ptges3l_Heart_E11.5,4
Ptges3l_Limb_Any,2
Ptges3l_Limb_E11.5,2
Ptgfrn_Heart_Any,5
Ptgis_Forebrain_Any,6
Ptgis_Forebrain_E11.5,5
Ptgis_Heart_Any,31
Ptgis_Heart_E11.5,13
Ptgis_Limb_Any,15
Ptgis_Limb_E11.5,9
Ptgr1_Limb_Any,2
Ptgr1_Limb_E11.5,2
Pth1r_Heart_Any,2
Pth1r_Limb_Any,2
Pthlh_Heart_Any,3
Ptk2b_Heart_Any,4
Ptk2b_Heart_E11.5,3
Ptk7_Forebrain_Any,3
Ptk7_Forebrain_E11.5,2
Ptk7_Heart_Any,4
Ptk7_Heart_E11.5,3
Ptk7_Limb_Any,5
Ptk7_Limb_E11.5,5
Ptma_Limb_Any,2
Ptn_Forebrain_Any,9
Ptn_Heart_Any,10
Ptn_Heart_E11.5,3
Ptn_Limb_Any,7
Ptn_Limb_E11.5,4
Ptpdc1_Forebrain_Any,2
Ptpdc1_Heart_Any,2
Ptpdc1_Limb_Any,2
Ptpmt1_Heart_Any,2
Ptpn14_Heart_Any,14
Ptpn14_Heart_E11.5,8
Ptpn14_Limb_Any,8
Ptpn14_Limb_E11.5,2
Ptpn18_Heart_Any,3
Ptpn21_Forebrain_Any,2
Ptpn21_Heart_Any,8
Ptpn21_Heart_E11.5,5
Ptprb_Forebrain_Any,2
Ptprb_Heart_Any,10
Ptprb_Heart_E11.5,3
Ptprd_Forebrain_Any,2
Ptprf_Limb_Any,3
Ptprf_Limb_E11.5,2
Ptprk_Heart_Any,4
Ptprm_Forebrain_Any,4
Ptprm_Heart_Any,7
Ptprm_Heart_E11.5,2
Ptprm_Limb_Any,5
Ptprn2_Forebrain_Any,6
Ptprs_Forebrain_Any,11
Ptprs_Forebrain_E11.5,9
Ptprs_Heart_Any,3
Ptprs_Heart_E11.5,2
Ptprs_Limb_Any,3
Ptprz1_Forebrain_Any,7
Ptprz1_Forebrain_E11.5,6
Ptrf_Heart_Any,2
Ptrf_Heart_E11.5,2
Ptrhd1_Heart_Any,3
Pttg1ip_Heart_Any,2
Ptx3_Limb_Any,3
Ptx3_Limb_E11.5,3
Purb_Forebrain_Any,2
Purb_Forebrain_E11.5,2
Purb_Heart_Any,2
Purb_Heart_E11.5,2
Purb_Limb_Any,2
Purb_Limb_E11.5,2
Pus7l_Limb_Any,2
Pwwp2a_Forebrain_Any,4
Pwwp2a_Forebrain_E11.5,4
Pwwp2a_Heart_Any,4
Pwwp2a_Heart_E11.5,4
Pwwp2a_Limb_Any,2
Pwwp2b_Heart_Any,2
Pwwp2b_Heart_E11.5,2
Pxmp4_Heart_Any,6
Pxmp4_Heart_E11.5,2
Pxn_Heart_Any,4
Pxn_Heart_E11.5,2
Pxn_Limb_Any,3
Pxn_Limb_E11.5,2
Pxylp1_Heart_Any,3
Pycr1_Forebrain_Any,2
Pycr1_Forebrain_E11.5,2
Pycr1_Heart_Any,2
Pycr1_Heart_E11.5,2
Pycr1_Limb_Any,2
Pycr1_Limb_E11.5,2
Pygb_Heart_Any,2
Pygl_Forebrain_Any,6
Pygl_Forebrain_E11.5,4
Pygl_Heart_Any,16
Pygl_Heart_E11.5,8
Pygl_Limb_Any,8
Pygl_Limb_E11.5,3
Qk_Forebrain_Any,4
Qk_Forebrain_E11.5,3
Qk_Heart_Any,22
Qk_Heart_E11.5,14
Qk_Limb_Any,5
Qk_Limb_E11.5,4
Rab11fip1_Heart_Any,2
Rab11fip4_Forebrain_Any,3
Rab11fip4_Forebrain_E11.5,3
Rab11fip4_Limb_Any,2
Rab12_Forebrain_Any,2
Rab12_Heart_Any,4
Rab20_Heart_Any,5
Rab20_Heart_E11.5,4
Rab2a_Heart_Any,3
Rab2a_Heart_E11.5,2
Rab2b_Forebrain_Any,2
Rab2b_Forebrain_E11.5,2
Rab2b_Heart_Any,2
Rab2b_Heart_E11.5,2
Rab3c_Forebrain_Any,14
Rab3gap1_Heart_Any,2
Rab3ip_Heart_Any,3
Rab3ip_Heart_E11.5,2
Rab6b_Forebrain_Any,4
Rab8b_Forebrain_Any,2
Rab8b_Forebrain_E11.5,2
Rabgap1_Forebrain_Any,2
Rabgap1_Limb_Any,2
Rabgap1l_Heart_Any,4
Rac2_Heart_Any,2
Rac2_Heart_E11.5,2
Racgap1_Heart_Any,2
Rad51b_Forebrain_Any,5
Rad51b_Forebrain_E11.5,5
Rad51b_Heart_Any,5
Rad51b_Heart_E11.5,4
Rad51b_Limb_Any,4
Rad51b_Limb_E11.5,2
Rad51c_Forebrain_Any,2
Rad51c_Forebrain_E11.5,2
Rad51c_Heart_Any,3
Rai14_Forebrain_Any,4
Rai14_Forebrain_E11.5,4
Rai14_Heart_Any,2
Rai14_Heart_E11.5,2
Rai14_Limb_Any,6
Rai14_Limb_E11.5,4
Rai1_Forebrain_Any,5
Rai1_Forebrain_E11.5,2
Rai1_Heart_Any,2
Rai1_Limb_Any,2
Ralb_Heart_Any,7
Ralb_Heart_E11.5,2
Ralgds_Forebrain_Any,2
Ralgds_Heart_Any,2
Ralgds_Limb_Any,3
Ralgds_Limb_E11.5,2
Ralgps1_Forebrain_Any,2
Ralgps1_Heart_Any,2
Ralgps2_Forebrain_Any,3
Ralyl_Forebrain_Any,3
Ramp2_Heart_Any,2
Ranbp6_Forebrain_Any,9
Ranbp6_Forebrain_E11.5,4
Ranbp6_Heart_Any,2
Rangrf_Heart_Any,2
Rangrf_Heart_E11.5,2
Rap1a_Heart_Any,2
Rap1gap2_Forebrain_Any,4
Rap1gap2_Heart_Any,2
Rap1gap2_Heart_E11.5,2
Rapgef3_Heart_Any,2
Rapgef5_Forebrain_Any,2
Rapgef5_Heart_Any,3
Rapgef5_Heart_E11.5,3
Raph1_Heart_Any,2
Rarb_Heart_Any,2
Rarg_Heart_Any,4
Rarg_Heart_E11.5,2
Rarg_Limb_Any,6
Rarg_Limb_E11.5,4
Rasd1_Heart_Any,3
Rasef_Heart_Any,2
Rasgef1a_Forebrain_Any,2
Rasgef1b_Forebrain_Any,4
Rasgef1b_Forebrain_E11.5,2
Rasgef1b_Heart_Any,4
Rasgef1b_Heart_E11.5,4
Rasgef1c_Forebrain_Any,4
Rasgrp3_Heart_Any,7
Rasgrp3_Heart_E11.5,6
Rasgrp3_Limb_Any,4
Rasl11b_Forebrain_Any,5
Rasl11b_Heart_Any,22
Rasl11b_Heart_E11.5,11
Rasl11b_Limb_Any,19
Rasl11b_Limb_E11.5,9
Rassf3_Heart_Any,5
Rassf3_Heart_E11.5,2
Rassf8_Heart_Any,6
Rassf8_Heart_E11.5,2
Rassf8_Limb_Any,3
Raver2_Forebrain_Any,2
Raver2_Forebrain_E11.5,2
Raver2_Limb_Any,5
Raver2_Limb_E11.5,4
Rbfox1_Forebrain_Any,5
Rbfox1_Forebrain_E11.5,2
Rbfox1_Heart_Any,2
Rbfox2_Forebrain_Any,8
Rbfox2_Forebrain_E11.5,2
Rbfox2_Heart_Any,7
Rbfox2_Heart_E11.5,5
Rbfox2_Limb_Any,6
Rbfox2_Limb_E11.5,5
Rbfox3_Forebrain_Any,23
Rbfox3_Forebrain_E11.5,8
Rbm20_Forebrain_Any,3
Rbm20_Forebrain_E11.5,2
Rbm20_Heart_Any,2
Rbm24_Heart_Any,3
Rbm44_Heart_Any,3
Rbms1_Heart_Any,9
Rbms1_Heart_E11.5,5
Rbms2_Heart_Any,2
Rbms3_Forebrain_Any,2
Rbms3_Heart_Any,12
Rbms3_Heart_E11.5,5
Rbms3_Limb_Any,10
Rbms3_Limb_E11.5,7
Rbp1_Heart_Any,2
Rbp7_Forebrain_Any,2
Rbp7_Heart_Any,7
Rbp7_Heart_E11.5,3
Rbp7_Limb_Any,4
Rbp7_Limb_E11.5,2
Rbpms2_Heart_Any,7
Rbpms2_Heart_E11.5,5
Rbpms2_Limb_Any,2
Rbpms2_Limb_E11.5,2
Rbpms_Forebrain_Any,2
Rbpms_Heart_Any,18
Rbpms_Heart_E11.5,13
Rbpms_Limb_Any,4
Rbpms_Limb_E11.5,4
Rcan2_Heart_Any,6
Rcan2_Heart_E11.5,2
Rchy1_Heart_Any,2
Rcn3_Heart_Any,2
Rcn3_Heart_E11.5,2
Rcn3_Limb_Any,2
Rcor2_Forebrain_Any,4
Rcor2_Forebrain_E11.5,2
Rcor2_Heart_Any,3
Rcor2_Heart_E11.5,3
Rcor2_Limb_Any,2
Rcor2_Limb_E11.5,2
Rcor3_Heart_Any,3
Rcsd1_Forebrain_Any,3
Rcsd1_Heart_Any,14
Rcsd1_Heart_E11.5,9
Rcsd1_Limb_Any,5
Rcsd1_Limb_E11.5,3
Rdh12_Forebrain_Any,7
Rdh12_Forebrain_E11.5,7
Rdh12_Heart_Any,3
Rdh12_Limb_Any,8
Rdh12_Limb_E11.5,4
Rdh5_Heart_Any,2
Rec114_Heart_Any,2
Reck_Heart_Any,5
Reck_Heart_E11.5,4
Reck_Limb_Any,3
Reep1_Forebrain_Any,2
Reep1_Heart_Any,2
Reep1_Heart_E11.5,2
Reep2_Forebrain_Any,4
Reep2_Forebrain_E11.5,2
Rela_Forebrain_Any,2
Rela_Forebrain_E11.5,2
Rela_Heart_Any,4
Rela_Heart_E11.5,3
Rela_Limb_Any,2
Rela_Limb_E11.5,2
Rell2_Forebrain_Any,3
Rem2_Forebrain_Any,2
Renbp_Heart_Any,2
Renbp_Heart_E11.5,2
Rep15_Heart_Any,2
Rep15_Heart_E11.5,2
Rere_Forebrain_Any,3
Rere_Forebrain_E11.5,2
Rere_Heart_Any,3
Rere_Heart_E11.5,3
Rerg_Heart_Any,3
Rerg_Limb_Any,2
Rest_Heart_Any,2
Retsat_Heart_Any,2
Rev3l_Forebrain_Any,17
Rev3l_Forebrain_E11.5,5
Rev3l_Heart_Any,12
Rev3l_Heart_E11.5,8
Rev3l_Limb_Any,13
Rev3l_Limb_E11.5,5
Rfc1_Forebrain_Any,3
Rfc1_Forebrain_E11.5,2
Rfc1_Heart_Any,5
Rfc1_Heart_E11.5,4
Rfc1_Limb_Any,4
Rfc1_Limb_E11.5,4
Rffl_Forebrain_Any,4
Rffl_Forebrain_E11.5,4
Rffl_Heart_Any,2
Rffl_Limb_Any,2
Rffl_Limb_E11.5,2
Rftn1_Forebrain_Any,5
Rftn1_Heart_Any,9
Rftn1_Heart_E11.5,4
Rftn2_Forebrain_Any,2
Rftn2_Forebrain_E11.5,2
Rftn2_Heart_Any,3
Rftn2_Heart_E11.5,2
Rftn2_Limb_Any,3
Rfx1_Limb_Any,2
Rfx3_Forebrain_Any,6
Rfx3_Forebrain_E11.5,5
Rfx4_Forebrain_Any,7
Rfx4_Forebrain_E11.5,6
Rfx7_Forebrain_Any,3
Rfx7_Forebrain_E11.5,3
Rfx7_Limb_Any,2
Rfx7_Limb_E11.5,2
Rfx8_Heart_Any,2
Rfxank_Heart_Any,4
Rfxank_Heart_E11.5,2
Rgl1_Forebrain_Any,2
Rgl1_Heart_Any,17
Rgl1_Heart_E11.5,14
Rgl1_Limb_Any,3
Rgl1_Limb_E11.5,2
Rgma_Forebrain_Any,16
Rgma_Forebrain_E11.5,12
Rgma_Limb_Any,5
Rgma_Limb_E11.5,3
Rgmb_Forebrain_Any,6
Rgmb_Forebrain_E11.5,5
Rgmb_Heart_Any,3
Rgs10_Forebrain_Any,2
Rgs12_Heart_Any,2
Rgs12_Heart_E11.5,2
Rgs3_Heart_Any,2
Rgs7bp_Forebrain_Any,3
Rgs7bp_Heart_Any,2
Rgs8_Forebrain_Any,3
Rgs8_Forebrain_E11.5,3
Rgs9_Forebrain_Any,3
Rgs9_Limb_Any,2
Rhbdf1_Heart_Any,6
Rhbdf1_Heart_E11.5,3
Rhbdf1_Limb_Any,5
Rhbdf1_Limb_E11.5,2
Rhoa_Heart_Any,5
Rhobtb1_Forebrain_Any,2
Rhobtb1_Heart_Any,6
Rhobtb1_Heart_E11.5,3
Rhobtb1_Limb_Any,3
Rhoc_Forebrain_Any,2
Rhoc_Forebrain_E11.5,2
Rhoc_Heart_Any,7
Rhoc_Heart_E11.5,5
Rhoc_Limb_Any,3
Rhoc_Limb_E11.5,3
Rhod_Heart_Any,3
Rhog_Heart_Any,2
Rhoj_Heart_Any,3
Rhoq_Heart_Any,8
Rhoq_Heart_E11.5,3
Rhoq_Limb_Any,3
Rhoq_Limb_E11.5,2
Rhot2_Heart_Any,2
Ric3_Forebrain_Any,5
Ric3_Forebrain_E11.5,2
Ric3_Limb_Any,2
Ric3_Limb_E11.5,2
Ric8b_Forebrain_Any,2
Ric8b_Heart_Any,3
Ric8b_Heart_E11.5,2
Rif1_Limb_Any,3
Rilpl1_Forebrain_Any,3
Rilpl1_Heart_Any,7
Rimkla_Forebrain_Any,6
Rimkla_Heart_Any,4
Rimkla_Heart_E11.5,2
Rimklb_Forebrain_Any,5
Rimklb_Forebrain_E11.5,2
Rimklb_Heart_Any,3
Rimklb_Limb_Any,4
Rimklb_Limb_E11.5,3
Rims2_Forebrain_Any,2
Rims3_Forebrain_Any,3
Rin1_Heart_Any,3
Rin1_Heart_E11.5,2
Rin2_Forebrain_Any,2
Rin2_Forebrain_E11.5,2
Rin2_Heart_Any,4
Rin2_Heart_E11.5,3
Rin2_Limb_Any,5
Rin2_Limb_E11.5,4
Rin3_Heart_Any,5
Rin3_Heart_E11.5,3
Rin3_Limb_Any,3
Rin3_Limb_E11.5,2
Rln1_Forebrain_Any,7
Rmdn2_Heart_Any,10
Rmdn2_Heart_E11.5,5
Rmi1_Heart_Any,3
Rmi1_Heart_E11.5,3
Rmst_Forebrain_Any,18
Rmst_Forebrain_E11.5,12
Rnaset2b_Forebrain_Any,2
Rnaset2b_Heart_Any,3
Rnaset2b_Heart_E11.5,2
Rnaset2b_Limb_Any,2
Rnd3_Forebrain_Any,9
Rnd3_Forebrain_E11.5,6
Rnd3_Heart_Any,2
Rnd3_Limb_Any,2
Rnd3_Limb_E11.5,2
Rnf125_Heart_Any,3
Rnf125_Heart_E11.5,2
Rnf128_Heart_Any,2
Rnf139_Forebrain_Any,2
Rnf139_Heart_Any,3
Rnf139_Heart_E11.5,2
Rnf139_Limb_Any,2
Rnf144a_Limb_Any,2
Rnf144b_Heart_Any,4
Rnf14_Heart_Any,2
Rnf166_Forebrain_Any,2
Rnf166_Heart_Any,3
Rnf166_Heart_E11.5,2
Rnf180_Forebrain_Any,3
Rnf180_Forebrain_E11.5,3
Rnf180_Limb_Any,2
Rnf182_Forebrain_Any,14
Rnf182_Forebrain_E11.5,8
Rnf182_Heart_Any,4
Rnf182_Heart_E11.5,2
Rnf182_Limb_Any,4
Rnf182_Limb_E11.5,2
Rnf207_Forebrain_Any,2
Rnf207_Heart_Any,2
Rnf43_Forebrain_Any,2
Rnf6_Heart_Any,2
Rnft1_Forebrain_Any,2
Rnft1_Heart_Any,10
Rnft1_Heart_E11.5,7
Rnft1_Limb_Any,5
Rnft2_Forebrain_Any,8
Rnft2_Forebrain_E11.5,4
Rnft2_Heart_Any,2
Rnft2_Heart_E11.5,2
Rngtt_Heart_Any,2
Rngtt_Heart_E11.5,2
Robo1_Forebrain_Any,9
Robo1_Forebrain_E11.5,4
Robo1_Limb_Any,2
Robo2_Forebrain_Any,5
Robo2_Limb_Any,2
Rock2_Heart_Any,12
Rock2_Heart_E11.5,9
Rock2_Limb_Any,2
Ropn1_Heart_Any,6
Ropn1_Heart_E11.5,4
Ror1_Heart_Any,24
Ror1_Heart_E11.5,4
Ror1_Limb_Any,10
Ror1_Limb_E11.5,4
Ror2_Forebrain_Any,6
Ror2_Forebrain_E11.5,5
Ror2_Heart_Any,14
Ror2_Heart_E11.5,10
Ror2_Limb_Any,12
Ror2_Limb_E11.5,10
Rora_Heart_Any,2
Rorb_Forebrain_Any,2
Rorb_Forebrain_E11.5,2
Rpa2_Heart_Any,2
Rpa2_Heart_E11.5,2
Rpgrip1l_Heart_Any,2
Rpgrip1l_Heart_E11.5,2
Rph3al_Forebrain_Any,2
Rph3al_Heart_Any,5
Rph3al_Heart_E11.5,2
Rph3al_Limb_Any,2
Rpl3_Limb_Any,2
Rpl4_Limb_Any,2
Rpl4_Limb_E11.5,2
Rpl5_Limb_Any,4
Rpl5_Limb_E11.5,2
Rpl7l1_Heart_Any,6
Rpl7l1_Heart_E11.5,6
Rprd2_Heart_Any,2
Rps19bp1_Forebrain_Any,2
Rps19bp1_Limb_Any,2
Rps27l_Heart_Any,2
Rps27l_Heart_E11.5,2
Rps27l_Limb_Any,2
Rps2_Limb_Any,2
Rps6ka2_Forebrain_Any,2
Rps6ka2_Heart_Any,3
Rps6ka2_Heart_E11.5,2
Rps6ka5_Heart_Any,4
Rptoros_Forebrain_Any,2
Rptoros_Heart_Any,2
Rptoros_Heart_E11.5,2
Rptoros_Limb_Any,2
Rptoros_Limb_E11.5,2
Rrad_Heart_Any,2
Rrad_Heart_E11.5,2
Rras2_Heart_Any,4
Rras2_Heart_E11.5,3
Rrbp1_Heart_Any,6
Rrbp1_Heart_E11.5,3
Rrbp1_Limb_Any,4
Rreb1_Heart_Any,11
Rreb1_Heart_E11.5,7
Rreb1_Limb_Any,5
Rreb1_Limb_E11.5,2
Rrm2_Heart_Any,4
Rrm2_Heart_E11.5,4
Rrm2b_Heart_Any,2
Rsrc1_Limb_Any,2
Rsrc1_Limb_E11.5,2
Rsu1_Heart_Any,3
Rtca_Forebrain_Any,2
Rtl1_Limb_Any,2
Rtl1_Limb_E11.5,2
Rtn4r_Forebrain_Any,3
Rtn4r_Limb_Any,3
Rtn4r_Limb_E11.5,2
Rtn4rl1_Forebrain_Any,2
Rtn4rl1_Heart_Any,4
Rtn4rl1_Heart_E11.5,2
Rtp3_Heart_Any,3
Rtp3_Heart_E11.5,2
Rundc3b_Forebrain_Any,2
Runx1t1_Forebrain_Any,17
Runx1t1_Forebrain_E11.5,3
Runx1t1_Heart_Any,3
Runx1t1_Limb_Any,5
Runx1t1_Limb_E11.5,3
Runx2_Forebrain_Any,2
Runx2_Limb_Any,4
Runx2_Limb_E11.5,3
Rxfp1_Forebrain_Any,2
Rxfp1_Heart_Any,5
Rxfp1_Heart_E11.5,3
Rxra_Heart_Any,2
Ryk_Limb_Any,2
Ryr2_Heart_Any,13
Ryr2_Heart_E11.5,6
S1pr1_Heart_Any,2
S1pr2_Heart_Any,2
S1pr2_Heart_E11.5,2
S1pr2_Limb_Any,4
S1pr2_Limb_E11.5,2
S1pr3_Forebrain_Any,2
S1pr3_Forebrain_E11.5,2
S1pr3_Heart_Any,7
S1pr3_Heart_E11.5,5
S1pr3_Limb_Any,15
S1pr3_Limb_E11.5,13
Sall1_Forebrain_Any,4
Sall1_Forebrain_E11.5,4
Sall1_Limb_Any,6
Sall1_Limb_E11.5,6
Sall3_Forebrain_Any,3
Sall3_Forebrain_E11.5,3
Sall3_Heart_Any,2
Sall3_Limb_Any,2
Sall3_Limb_E11.5,2
Samd10_Forebrain_Any,2
Samd10_Forebrain_E11.5,2
Samd14_Forebrain_Any,3
Samd14_Forebrain_E11.5,2
Samd14_Heart_Any,3
Samd14_Heart_E11.5,2
Samd15_Heart_Any,2
Samd4_Heart_Any,4
Samd5_Heart_Any,2
Samd8_Heart_Any,2
Sarm1_Forebrain_Any,4
Sarm1_Forebrain_E11.5,2
Sarm1_Limb_Any,3
Sarm1_Limb_E11.5,3
Sash1_Heart_Any,2
Satb1_Forebrain_Any,3
Satb2_Forebrain_Any,10
Sbds_Heart_Any,2
Sbf2_Forebrain_Any,2
Scara3_Limb_Any,2
Scara5_Limb_Any,2
Scarf2_Limb_Any,2
Scarletltr_Forebrain_Any,3
Scarletltr_Heart_Any,5
Scarletltr_Heart_E11.5,4
Scarletltr_Limb_Any,4
Scarletltr_Limb_E11.5,3
Sccpdh_Heart_Any,2
Scfd1_Heart_Any,3
Schip1_Forebrain_Any,4
Schip1_Forebrain_E11.5,3
Schip1_Heart_Any,5
Schip1_Heart_E11.5,3
Scmh1_Forebrain_Any,2
Scmh1_Heart_Any,2
Scn10a_Heart_Any,2
Scn10a_Heart_E11.5,2
Scn1a_Forebrain_Any,6
Scn1a_Forebrain_E11.5,2
Scn3a_Forebrain_Any,3
Scn3a_Forebrain_E11.5,2
Scn3b_Forebrain_Any,3
Scn3b_Forebrain_E11.5,2
Scn5a_Heart_Any,3
Scn8a_Forebrain_Any,2
Scrn3_Heart_Any,2
Scrt1_Forebrain_Any,2
Scrt1_Forebrain_E11.5,2
Scrt2_Forebrain_Any,4
Scrt2_Forebrain_E11.5,2
Scube1_Forebrain_Any,7
Scube1_Forebrain_E11.5,5
Scube1_Heart_Any,6
Scube1_Heart_E11.5,3
Scube1_Limb_Any,10
Scube1_Limb_E11.5,8
Scube2_Forebrain_Any,2
Scube2_Heart_Any,4
Scube2_Heart_E11.5,3
Scube2_Limb_Any,2
Scube3_Forebrain_Any,2
Scube3_Forebrain_E11.5,2
Scube3_Limb_Any,4
Scube3_Limb_E11.5,4
Scx_Heart_Any,2
Sdc1_Heart_Any,2
Sdc1_Limb_Any,4
Sdc1_Limb_E11.5,3
Sdc2_Heart_Any,4
Sdc4_Heart_Any,5
Sdc4_Heart_E11.5,3
Sdc4_Limb_Any,2
Sdk1_Heart_Any,6
Sdk1_Limb_Any,2
Sdk1_Limb_E11.5,2
Sdk2_Heart_Any,2
Sdpr_Heart_Any,6
Sdpr_Heart_E11.5,3
Sec14l1_Forebrain_Any,2
Sec14l1_Heart_Any,5
Sec14l1_Heart_E11.5,3
Sec14l4_Forebrain_Any,2
Sec22b_Heart_Any,2
Sec24d_Heart_Any,2
Sec24d_Heart_E11.5,2
Sec31a_Heart_Any,3
Sema3c_Heart_Any,2
Sema3c_Limb_Any,4
Sema3d_Heart_Any,5
Sema3d_Heart_E11.5,3
Sema3d_Limb_Any,3
Sema3f_Forebrain_Any,2
Sema3f_Heart_Any,2
Sema3f_Heart_E11.5,2
Sema3f_Limb_Any,2
Sema3f_Limb_E11.5,2
Sema4b_Forebrain_Any,2
Sema4b_Forebrain_E11.5,2
Sema4b_Heart_Any,2
Sema4b_Heart_E11.5,2
Sema4b_Limb_Any,2
Sema4b_Limb_E11.5,2
Sema4d_Forebrain_Any,3
Sema4d_Heart_Any,6
Sema4d_Heart_E11.5,4
Sema5a_Forebrain_Any,2
Sema5a_Limb_Any,4
Sema5a_Limb_E11.5,2
Sema5b_Forebrain_Any,12
Sema5b_Forebrain_E11.5,7
Sema5b_Limb_Any,2
Sema5b_Limb_E11.5,2
Sema6a_Limb_Any,2
Sema6d_Forebrain_Any,3
Sema6d_Heart_Any,11
Sema6d_Heart_E11.5,4
Sepn1_Heart_Any,2
Sepn1_Heart_E11.5,2
Sepn1_Limb_Any,3
Sepn1_Limb_E11.5,2
Sept10_Heart_Any,6
Sept10_Heart_E11.5,3
Sept10_Limb_Any,3
Sept10_Limb_E11.5,2
Sept11_Forebrain_Any,2
Sept11_Limb_Any,2
Sept11_Limb_E11.5,2
Sept2_Heart_Any,2
Sept2_Heart_E11.5,2
Sept2_Limb_Any,2
Sept2_Limb_E11.5,2
Sept3_Forebrain_Any,7
Sept3_Forebrain_E11.5,5
Sept3_Heart_Any,2
Sept3_Limb_Any,3
Sept3_Limb_E11.5,2
Sepw1_Heart_Any,2
Serhl_Heart_Any,3
Serhl_Limb_Any,2
Serhl_Limb_E11.5,2
Serinc3_Forebrain_Any,2
Serinc3_Heart_Any,6
Serinc3_Heart_E11.5,5
Serinc3_Limb_Any,3
Serinc3_Limb_E11.5,2
Serp2_Forebrain_Any,3
Serpina3c_Heart_Any,2
Serpinb6a_Heart_Any,4
Serpinb9_Heart_Any,3
Serpinb9_Heart_E11.5,2
Serpine2_Heart_Any,2
Serping1_Heart_Any,5
Serpinh1_Forebrain_Any,3
Serpinh1_Forebrain_E11.5,2
Serpinh1_Heart_Any,16
Serpinh1_Heart_E11.5,10
Serpinh1_Limb_Any,11
Serpinh1_Limb_E11.5,8
Sertad1_Heart_Any,2
Sertad1_Heart_E11.5,2
Sesn3_Forebrain_Any,2
Sesn3_Heart_Any,2
Sesn3_Heart_E11.5,2
Sesn3_Limb_Any,3
Setbp1_Forebrain_Any,12
Setbp1_Forebrain_E11.5,10
Setbp1_Heart_Any,3
Setbp1_Heart_E11.5,2
Setbp1_Limb_Any,4
Setbp1_Limb_E11.5,2
Setd7_Forebrain_Any,3
Setd7_Forebrain_E11.5,3
Setd7_Heart_Any,6
Setd7_Heart_E11.5,5
Setd7_Limb_Any,3
Setd7_Limb_E11.5,3
Sez6_Forebrain_Any,8
Sez6_Forebrain_E11.5,4
Sez6_Heart_Any,2
Sez6l_Forebrain_Any,6
Sfr1_Heart_Any,2
Sfrp1_Forebrain_Any,3
Sfrp1_Forebrain_E11.5,3
Sfrp1_Heart_Any,5
Sfrp1_Heart_E11.5,4
Sfrp2_Heart_Any,2
Sfrp2_Limb_Any,5
Sfrp2_Limb_E11.5,4
Sfta2_Heart_Any,2
Sgca_Heart_Any,3
Sgms1_Heart_Any,16
Sgms1_Heart_E11.5,10
Sgms1_Limb_Any,3
Sgms2_Heart_Any,2
Sgsh_Heart_Any,3
Sgsh_Heart_E11.5,3
Sgsm2_Forebrain_Any,3
Sgsm3_Forebrain_Any,3
Sh2b3_Heart_Any,2
Sh2d4a_Heart_Any,5
Sh2d4a_Limb_Any,2
Sh3bgr_Heart_Any,3
Sh3bgr_Heart_E11.5,2
Sh3bgrl2_Heart_Any,2
Sh3bgrl2_Heart_E11.5,2
Sh3bp4_Forebrain_Any,3
Sh3bp4_Forebrain_E11.5,3
Sh3bp4_Heart_Any,3
Sh3bp4_Heart_E11.5,2
Sh3bp4_Limb_Any,2
Sh3bp4_Limb_E11.5,2
Sh3d19_Forebrain_Any,3
Sh3d19_Heart_Any,4
Sh3d19_Heart_E11.5,2
Sh3d19_Limb_Any,3
Sh3gl2_Forebrain_Any,2
Sh3pxd2a_Heart_Any,10
Sh3pxd2a_Heart_E11.5,5
Sh3pxd2a_Limb_Any,10
Sh3pxd2a_Limb_E11.5,3
Sh3pxd2b_Limb_Any,4
Sh3pxd2b_Limb_E11.5,3
Sh3rf1_Forebrain_Any,10
Sh3rf1_Forebrain_E11.5,6
Sh3rf1_Limb_Any,4
Sh3rf3_Forebrain_Any,6
Sh3tc1_Heart_Any,10
Sh3tc1_Heart_E11.5,7
Sh3tc1_Limb_Any,4
Sh3tc1_Limb_E11.5,2
Shank1_Limb_Any,2
Shank2_Forebrain_Any,3
Shc3_Forebrain_Any,3
She_Heart_Any,8
She_Heart_E11.5,4
Shisa2_Heart_Any,2
Shisa2_Limb_Any,2
Shisa2_Limb_E11.5,2
Shisa4_Forebrain_Any,3
Shisa4_Heart_Any,2
Shisa4_Limb_Any,2
Shox2_Limb_Any,3
Shox2_Limb_E11.5,3
Shroom3_Forebrain_Any,7
Shroom3_Forebrain_E11.5,4
Shroom3_Heart_Any,30
Shroom3_Heart_E11.5,16
Shroom3_Limb_Any,8
Shroom3_Limb_E11.5,6
Siah3_Forebrain_Any,7
Siah3_Forebrain_E11.5,3
Sik1_Forebrain_Any,2
Sik3_Heart_Any,3
Sik3_Heart_E11.5,2
Sil1_Heart_Any,4
Sil1_Heart_E11.5,2
Sin3a_Forebrain_Any,2
Sipa1l2_Forebrain_Any,7
Sipa1l2_Forebrain_E11.5,5
Sipa1l2_Heart_Any,17
Sipa1l2_Heart_E11.5,11
Sipa1l2_Limb_Any,2
Sipa1l3_Forebrain_Any,3
Sipa1l3_Limb_Any,3
Sipa1l3_Limb_E11.5,3
Sirt5_Heart_Any,2
Sirt5_Heart_E11.5,2
Sirt6_Forebrain_Any,6
Six2_Forebrain_Any,2
Six2_Limb_Any,7
Six2_Limb_E11.5,4
Six3_Forebrain_Any,5
Six3_Forebrain_E11.5,5
Six4_Heart_Any,4
Six4_Limb_Any,10
Six4_Limb_E11.5,9
Ski_Forebrain_Any,3
Ski_Heart_Any,2
Ski_Heart_E11.5,2
Ski_Limb_Any,5
Ski_Limb_E11.5,3
Skida1_Forebrain_Any,2
Skida1_Forebrain_E11.5,2
Skida1_Heart_Any,4
Skida1_Heart_E11.5,2
Skida1_Limb_Any,2
Skida1_Limb_E11.5,2
Skint11_Limb_Any,2
Slc10a6_Forebrain_Any,2
Slc10a6_Heart_Any,5
Slc10a6_Heart_E11.5,4
Slc10a7_Limb_Any,2
Slc12a4_Heart_Any,7
Slc12a4_Heart_E11.5,4
Slc12a4_Limb_Any,2
Slc12a7_Heart_Any,6
Slc12a8_Heart_Any,3
Slc13a5_Forebrain_Any,2
Slc15a1_Heart_Any,2
Slc15a1_Limb_Any,2
Slc16a10_Heart_Any,2
Slc16a10_Heart_E11.5,2
Slc16a14_Forebrain_Any,4
Slc16a14_Forebrain_E11.5,2
Slc16a14_Heart_Any,2
Slc16a3_Forebrain_Any,2
Slc16a3_Forebrain_E11.5,2
Slc16a3_Heart_Any,3
Slc16a3_Heart_E11.5,3
Slc16a3_Limb_Any,2
Slc17a6_Forebrain_Any,5
Slc17a6_Forebrain_E11.5,3
Slc17a6_Limb_Any,2
Slc18a1_Heart_Any,2
Slc18a1_Heart_E11.5,2
Slc19a3_Heart_Any,2
Slc1a1_Forebrain_Any,3
Slc1a1_Heart_Any,3
Slc1a3_Forebrain_Any,7
Slc1a3_Forebrain_E11.5,4
Slc1a3_Heart_Any,2
Slc1a3_Heart_E11.5,2
Slc1a5_Heart_Any,9
Slc1a5_Heart_E11.5,8
Slc1a5_Limb_Any,2
Slc20a2_Heart_Any,9
Slc20a2_Heart_E11.5,9
Slc22a23_Forebrain_Any,3
Slc22a23_Forebrain_E11.5,2
Slc24a2_Forebrain_Any,3
Slc24a2_Heart_Any,9
Slc24a2_Heart_E11.5,3
Slc24a4_Forebrain_Any,2
Slc24a4_Heart_Any,3
Slc24a4_Heart_E11.5,2
Slc24a4_Limb_Any,2
Slc25a10_Heart_Any,2
Slc25a13_Heart_Any,3
Slc25a17_Forebrain_Any,2
Slc25a19_Forebrain_Any,2
Slc25a19_Heart_Any,2
Slc25a27_Forebrain_Any,2
Slc25a27_Limb_Any,6
Slc25a27_Limb_E11.5,3
Slc25a31_Heart_Any,2
Slc25a39_Forebrain_Any,2
Slc25a39_Heart_Any,3
Slc25a39_Heart_E11.5,2
Slc25a42_Heart_Any,2
Slc25a43_Heart_Any,2
Slc25a4_Heart_Any,2
Slc26a10_Heart_Any,2
Slc26a10_Heart_E11.5,2
Slc26a11_Heart_Any,3
Slc26a11_Heart_E11.5,2
Slc28a2_Heart_Any,5
Slc28a2_Heart_E11.5,4
Slc2a13_Forebrain_Any,3
Slc2a3_Forebrain_Any,2
Slc2a8_Heart_Any,2
Slc31a2_Heart_Any,8
Slc31a2_Heart_E11.5,5
Slc31a2_Limb_Any,2
Slc35f1_Forebrain_Any,7
Slc35f1_Forebrain_E11.5,3
Slc35f5_Heart_Any,3
Slc36a4_Forebrain_Any,2
Slc37a1_Heart_Any,2
Slc38a10_Heart_Any,2
Slc38a10_Heart_E11.5,2
Slc38a2_Heart_Any,4
Slc38a2_Heart_E11.5,2
Slc38a4_Heart_Any,12
Slc38a4_Heart_E11.5,9
Slc38a4_Limb_Any,5
Slc38a4_Limb_E11.5,5
Slc38a6_Limb_Any,2
Slc41a1_Forebrain_Any,2
Slc41a1_Heart_Any,2
Slc41a2_Forebrain_Any,2
Slc43a1_Heart_Any,2
Slc43a1_Heart_E11.5,2
Slc44a1_Heart_Any,2
Slc44a3_Heart_Any,2
Slc44a5_Forebrain_Any,5
Slc47a1_Heart_Any,3
Slc4a1_Heart_Any,2
Slc4a1_Heart_E11.5,2
Slc4a2_Heart_Any,2
Slc4a4_Heart_Any,2
Slc51a_Heart_Any,3
Slc5a1_Forebrain_Any,2
Slc5a5_Forebrain_Any,2
Slc6a11_Forebrain_Any,5
Slc6a15_Forebrain_Any,3
Slc6a17_Forebrain_Any,6
Slc6a17_Heart_Any,5
Slc6a1_Forebrain_Any,9
Slc6a1_Forebrain_E11.5,2
Slc6a20a_Forebrain_Any,2
Slc7a10_Heart_Any,2
Slc7a15_Heart_Any,2
Slc7a5_Forebrain_Any,3
Slc7a5_Heart_Any,2
Slc7a5_Heart_E11.5,2
Slc7a7_Heart_Any,2
Slc7a7_Heart_E11.5,2
Slc8a1_Forebrain_Any,6
Slc8a1_Heart_Any,20
Slc8a1_Heart_E11.5,5
Slc8a1_Limb_Any,3
Slc9a3r2_Heart_Any,2
Slc9a3r2_Heart_E11.5,2
Slc9a8_Forebrain_Any,2
Slc9a8_Forebrain_E11.5,2
Slc9a8_Heart_Any,3
Slc9a8_Heart_E11.5,2
Slc9a9_Heart_Any,2
Slco2a1_Heart_Any,3
Slco2b1_Forebrain_Any,2
Slco3a1_Heart_Any,3
Slco3a1_Heart_E11.5,2
Slco5a1_Forebrain_Any,3
Slco5a1_Forebrain_E11.5,2
Slit1_Forebrain_Any,11
Slit1_Forebrain_E11.5,4
Slit2_Heart_Any,3
Slit3_Heart_Any,6
Slit3_Heart_E11.5,2
Slit3_Limb_Any,12
Slit3_Limb_E11.5,9
Slitrk3_Forebrain_Any,3
Slk_Forebrain_Any,3
Slk_Forebrain_E11.5,2
Slk_Heart_Any,8
Slk_Heart_E11.5,5
Slk_Limb_Any,3
Slk_Limb_E11.5,2
Slmap_Heart_Any,4
Slmap_Heart_E11.5,3
Smad3_Forebrain_Any,5
Smad3_Forebrain_E11.5,3
Smad3_Heart_Any,8
Smad3_Heart_E11.5,6
Smad3_Limb_Any,7
Smad3_Limb_E11.5,4
Smad5_Heart_Any,2
Smad5_Heart_E11.5,2
Smad5_Limb_Any,3
Smad5_Limb_E11.5,2
Smad6_Forebrain_Any,3
Smad6_Forebrain_E11.5,2
Smad6_Heart_Any,15
Smad6_Heart_E11.5,11
Smad6_Limb_Any,8
Smad6_Limb_E11.5,4
Smad7_Forebrain_Any,8
Smad7_Forebrain_E11.5,4
Smad7_Heart_Any,17
Smad7_Heart_E11.5,12
Smad7_Limb_Any,11
Smad7_Limb_E11.5,7
Smagp_Heart_Any,3
Smarca2_Forebrain_Any,9
Smarca2_Heart_Any,2
Smarca2_Limb_Any,2
Smarcal1_Forebrain_Any,6
Smarcal1_Forebrain_E11.5,6
Smarcal1_Heart_Any,3
Smarcal1_Limb_Any,4
Smarcal1_Limb_E11.5,3
Smarcb1_Forebrain_Any,2
Smarcd1_Forebrain_Any,2
Smarcd3_Forebrain_Any,2
Smarcd3_Forebrain_E11.5,2
Smarcd3_Heart_Any,3
Smarcd3_Heart_E11.5,2
Smarcd3_Limb_Any,2
Smchd1_Limb_Any,2
Smchd1_Limb_E11.5,2
Smim19_Heart_Any,2
Smim19_Heart_E11.5,2
Smim3_Heart_Any,2
Smim5_Heart_Any,3
Smim5_Heart_E11.5,3
Smim6_Heart_Any,3
Smim8_Heart_Any,3
Smoc1_Limb_Any,2
Smoc2_Heart_Any,4
Smoc2_Limb_Any,8
Smoc2_Limb_E11.5,2
Smpdl3b_Forebrain_Any,3
Smpdl3b_Forebrain_E11.5,2
Smpdl3b_Heart_Any,5
Smpdl3b_Heart_E11.5,5
Smpdl3b_Limb_Any,3
Smpdl3b_Limb_E11.5,3
Smtn_Forebrain_Any,2
Smtn_Forebrain_E11.5,2
Smtn_Heart_Any,14
Smtn_Heart_E11.5,8
Smtn_Limb_Any,5
Smtn_Limb_E11.5,3
Smtnl2_Heart_Any,7
Smtnl2_Heart_E11.5,5
Smtnl2_Limb_Any,2
Smyd2_Heart_Any,3
Smyd4_Heart_Any,6
Smyd4_Heart_E11.5,4
Snai2_Heart_Any,6
Snai2_Heart_E11.5,3
Snai2_Limb_Any,8
Snai2_Limb_E11.5,5
Snai3_Heart_Any,10
Snai3_Heart_E11.5,4
Snap91_Heart_Any,6
Sncaip_Forebrain_Any,3
Sncaip_Limb_Any,2
Snhg18_Heart_Any,7
Snhg18_Heart_E11.5,2
Snhg18_Limb_Any,2
Snn_Forebrain_Any,6
Snph_Forebrain_Any,2
Snrk_Forebrain_Any,3
Snrk_Heart_Any,3
Snrnp25_Heart_Any,2
Snrnp25_Heart_E11.5,2
Snrpn_Forebrain_Any,4
Snrpn_Forebrain_E11.5,2
Snrpn_Heart_Any,2
Snrpn_Heart_E11.5,2
Sntb1_Heart_Any,7
Sntb2_Forebrain_Any,2
Sntb2_Heart_Any,8
Sntb2_Heart_E11.5,4
Sntb2_Limb_Any,3
Sntb2_Limb_E11.5,2
Sntg2_Heart_Any,2
Snx10_Forebrain_Any,2
Snx24_Heart_Any,3
Snx24_Heart_E11.5,3
Snx5_Heart_Any,2
Snx9_Heart_Any,3
Snx9_Heart_E11.5,2
Sobp_Forebrain_Any,12
Sobp_Forebrain_E11.5,4
Sobp_Heart_Any,2
Sobp_Limb_Any,3
Sobp_Limb_E11.5,2
Socs1_Heart_Any,9
Socs1_Heart_E11.5,5
Socs1_Limb_Any,8
Socs1_Limb_E11.5,3
Socs2_Forebrain_Any,2
Socs2_Heart_Any,3
Sorbs1_Forebrain_Any,4
Sorbs1_Heart_Any,9
Sorbs1_Heart_E11.5,5
Sorbs2_Heart_Any,7
Sorbs2os_Forebrain_Any,6
Sorbs2os_Heart_Any,11
Sorbs2os_Heart_E11.5,5
Sorbs2os_Limb_Any,3
Sorcs1_Forebrain_Any,4
Sorcs2_Forebrain_Any,3
Sorcs2_Heart_Any,3
Sorcs2_Limb_Any,4
Sorcs2_Limb_E11.5,2
Sorcs3_Forebrain_Any,3
Sorcs3_Limb_Any,3
Sorcs3_Limb_E11.5,2
Sorl1_Forebrain_Any,4
Sorl1_Heart_Any,2
Sorl1_Limb_Any,3
Sorl1_Limb_E11.5,2
Sostdc1_Limb_Any,2
Sostdc1_Limb_E11.5,2
Sox11_Forebrain_Any,32
Sox11_Forebrain_E11.5,23
Sox11_Heart_Any,2
Sox11_Heart_E11.5,2
Sox11_Limb_Any,14
Sox11_Limb_E11.5,13
Sox13_Forebrain_Any,2
Sox13_Heart_Any,4
Sox13_Limb_Any,2
Sox13_Limb_E11.5,2
Sox14_Forebrain_Any,3
Sox14_Forebrain_E11.5,3
Sox18_Heart_Any,2
Sox1_Forebrain_Any,9
Sox1_Forebrain_E11.5,6
Sox21_Forebrain_Any,4
Sox21_Forebrain_E11.5,4
Sox2_Forebrain_Any,6
Sox2_Forebrain_E11.5,5
Sox2ot_Forebrain_Any,18
Sox2ot_Forebrain_E11.5,13
Sox4_Forebrain_Any,43
Sox4_Forebrain_E11.5,26
Sox4_Heart_Any,17
Sox4_Heart_E11.5,8
Sox4_Limb_Any,14
Sox4_Limb_E11.5,13
Sox5_Forebrain_Any,14
Sox5_Forebrain_E11.5,4
Sox5_Heart_Any,2
Sox5_Limb_Any,9
Sox5_Limb_E11.5,5
Sox7_Heart_Any,5
Sox7_Heart_E11.5,3
Sox8_Forebrain_Any,3
Sox8_Limb_Any,3
Sox9_Forebrain_Any,10
Sox9_Forebrain_E11.5,8
Sox9_Heart_Any,4
Sox9_Heart_E11.5,3
Sox9_Limb_Any,8
Sox9_Limb_E11.5,8
Sp3os_Heart_Any,2
Sp7_Heart_Any,2
Sp7_Heart_E11.5,2
Sp8_Forebrain_Any,6
Sp8_Forebrain_E11.5,6
Sp9_Forebrain_Any,5
Sp9_Forebrain_E11.5,4
Spaca7_Forebrain_Any,2
Spag7_Heart_Any,2
Sparc_Forebrain_Any,2
Sparc_Heart_Any,7
Sparc_Heart_E11.5,4
Sparc_Limb_Any,5
Sparc_Limb_E11.5,2
Spata13_Forebrain_Any,5
Spata13_Forebrain_E11.5,5
Spata18_Limb_Any,3
Spata18_Limb_E11.5,2
Spata1_Heart_Any,3
Spata24_Heart_Any,3
Spata24_Heart_E11.5,2
Spata33_Heart_Any,2
Spata5_Forebrain_Any,2
Spata5_Forebrain_E11.5,2
Spats1_Forebrain_Any,2
Spats1_Heart_Any,2
Spats2l_Limb_Any,2
Speg_Heart_Any,2
Speg_Heart_E11.5,2
Spg7_Heart_Any,2
Spin1_Forebrain_Any,4
Spin1_Forebrain_E11.5,2
Spin1_Limb_Any,5
Spin1_Limb_E11.5,3
Spink10_Forebrain_Any,2
Spink10_Forebrain_E11.5,2
Spire1_Forebrain_Any,2
Spire1_Limb_Any,2
Spire2_Forebrain_Any,2
Spock1_Forebrain_Any,10
Spock1_Forebrain_E11.5,2
Spock1_Limb_Any,2
Spock1_Limb_E11.5,2
Spon1_Forebrain_Any,2
Spon1_Heart_Any,3
Spon1_Heart_E11.5,2
Spon2_Heart_Any,11
Spon2_Heart_E11.5,6
Spred2_Heart_Any,2
Spry1_Forebrain_Any,4
Spry1_Forebrain_E11.5,3
Spry1_Heart_Any,6
Spry1_Limb_Any,6
Spry1_Limb_E11.5,2
Spry2_Forebrain_Any,3
Spry2_Heart_Any,10
Spry2_Heart_E11.5,5
Spry2_Limb_Any,7
Spry2_Limb_E11.5,7
Spry4_Forebrain_Any,2
Spry4_Heart_Any,7
Spry4_Heart_E11.5,2
Spry4_Limb_Any,7
Spry4_Limb_E11.5,4
Spsb1_Forebrain_Any,2
Spsb1_Heart_Any,4
Spsb1_Heart_E11.5,3
Spsb1_Limb_Any,10
Spsb1_Limb_E11.5,7
Spsb4_Forebrain_Any,5
Spsb4_Forebrain_E11.5,5
Spsb4_Heart_Any,5
Spsb4_Heart_E11.5,4
Spsb4_Limb_Any,4
Spsb4_Limb_E11.5,4
Sptbn1_Heart_Any,9
Sptbn1_Heart_E11.5,8
Sptlc3_Limb_Any,2
Src_Forebrain_Any,3
Srcin1_Forebrain_Any,15
Srcin1_Forebrain_E11.5,8
Srd5a3_Heart_Any,2
Srd5a3_Limb_Any,2
Srf_Forebrain_Any,2
Srf_Heart_Any,13
Srf_Heart_E11.5,8
Srf_Limb_Any,5
Srf_Limb_E11.5,5
Srgap1_Forebrain_Any,4
Srgap1_Forebrain_E11.5,2
Srgap1_Heart_Any,3
Srgap1_Limb_Any,2
Srgap3_Forebrain_Any,19
Srgap3_Forebrain_E11.5,13
Srgap3_Heart_Any,3
Srgap3_Limb_Any,6
Srgap3_Limb_E11.5,5
Srpk2_Heart_Any,2
Srpr_Heart_Any,3
Srpr_Limb_Any,3
Srprb_Forebrain_Any,3
Srprb_Heart_Any,6
Srprb_Heart_E11.5,3
Srprb_Limb_Any,4
Srprb_Limb_E11.5,2
Srpx2_Heart_Any,3
Srpx2_Heart_E11.5,2
Srr_Forebrain_Any,2
Srrm3_Forebrain_Any,3
Srrm3_Forebrain_E11.5,2
Srrm4_Forebrain_Any,7
Srrm4_Forebrain_E11.5,2
Ss18l1_Forebrain_Any,9
Ss18l1_Forebrain_E11.5,4
Ssfa2_Heart_Any,2
Ssfa2_Limb_Any,2
Sspn_Heart_Any,10
Sspn_Heart_E11.5,7
Sspn_Limb_Any,7
Sstr2_Forebrain_Any,22
Sstr2_Forebrain_E11.5,9
St18_Forebrain_Any,3
St18_Forebrain_E11.5,2
St3gal6_Heart_Any,7
St3gal6_Heart_E11.5,4
St3gal6_Limb_Any,2
St3gal6_Limb_E11.5,2
St6galnac2_Forebrain_Any,6
St6galnac2_Heart_Any,11
St6galnac2_Heart_E11.5,6
St6galnac2_Limb_Any,11
St6galnac2_Limb_E11.5,3
St6galnac5_Forebrain_Any,4
St7_Forebrain_Any,2
St7_Forebrain_E11.5,2
St8sia1_Forebrain_Any,3
St8sia1_Forebrain_E11.5,2
St8sia1_Heart_Any,2
St8sia1_Heart_E11.5,2
St8sia2_Forebrain_Any,9
St8sia2_Forebrain_E11.5,5
St8sia2_Limb_Any,2
St8sia2_Limb_E11.5,2
St8sia3_Forebrain_Any,2
Stab1_Heart_Any,2
Stard10_Heart_Any,4
Stard10_Heart_E11.5,3
Stard10_Limb_Any,2
Stard13_Forebrain_Any,3
Stard13_Heart_Any,8
Stard13_Limb_Any,6
Stard13_Limb_E11.5,4
Stard3_Heart_Any,3
Stard6_Heart_Any,2
Stat5a_Forebrain_Any,2
Stat5a_Heart_Any,6
Stat5a_Heart_E11.5,5
Stat5a_Limb_Any,2
Stat5a_Limb_E11.5,2
Stat5b_Heart_Any,4
Stat5b_Heart_E11.5,3
Stat6_Heart_Any,2
Stat6_Heart_E11.5,2
Stau1_Forebrain_Any,2
Stau1_Forebrain_E11.5,2
Stau1_Limb_Any,2
Stbd1_Heart_Any,7
Stbd1_Heart_E11.5,5
Stbd1_Limb_Any,2
Stc2_Heart_Any,4
Stk10_Heart_Any,2
Stk39_Forebrain_Any,4
Stk39_Forebrain_E11.5,2
Stk39_Heart_Any,15
Stk39_Heart_E11.5,12
Stk39_Limb_Any,2
Stk3_Heart_Any,3
Stk3_Heart_E11.5,2
Stk3_Limb_Any,2
Stk3_Limb_E11.5,2
Stmn1_Forebrain_Any,5
Stmn1_Forebrain_E11.5,3
Stmn2_Forebrain_Any,2
Stmn3_Forebrain_Any,2
Stmnd1_Forebrain_Any,2
Stmnd1_Heart_Any,5
Stmnd1_Heart_E11.5,2
Stom_Heart_Any,2
Ston1_Forebrain_Any,2
Ston1_Forebrain_E11.5,2
Ston1_Heart_Any,3
Ston1_Heart_E11.5,2
Ston1_Limb_Any,3
Stox2_Forebrain_Any,6
Stox2_Forebrain_E11.5,5
Stox2_Heart_Any,3
Stox2_Limb_Any,2
Strip1_Forebrain_Any,3
Strip1_Forebrain_E11.5,3
Strn_Heart_Any,2
Strn_Heart_E11.5,2
Sucla2_Heart_Any,4
Sufu_Forebrain_Any,3
Sufu_Forebrain_E11.5,3
Sufu_Limb_Any,3
Sufu_Limb_E11.5,3
Sulf2_Forebrain_Any,3
Sulf2_Heart_Any,13
Sulf2_Heart_E11.5,7
Sulf2_Limb_Any,8
Sulf2_Limb_E11.5,7
Sult4a1_Forebrain_Any,4
Sult5a1_Heart_Any,11
Sult5a1_Heart_E11.5,5
Sult5a1_Limb_Any,7
Sun2_Heart_Any,2
Supt3_Heart_Any,2
Suv39h2_Heart_Any,2
Suv39h2_Limb_Any,3
Suv39h2_Limb_E11.5,3
Suv420h2_Heart_Any,2
Suv420h2_Heart_E11.5,2
Sv2b_Forebrain_Any,2
Svil_Forebrain_Any,2
Svil_Heart_Any,37
Svil_Heart_E11.5,19
Svil_Limb_Any,13
Svil_Limb_E11.5,3
Swap70_Limb_Any,2
Sybu_Forebrain_Any,3
Syde2_Heart_Any,7
Syde2_Heart_E11.5,6
Syk_Heart_Any,3
Syk_Heart_E11.5,2
Syn3_Forebrain_Any,4
Syn3_Forebrain_E11.5,3
Syne2_Heart_Any,3
Syne2_Heart_E11.5,2
Syne2_Limb_Any,2
Syngr1_Forebrain_Any,3
Syngr1_Heart_Any,6
Synj2_Forebrain_Any,2
Synj2_Heart_Any,10
Synj2_Heart_E11.5,3
Synj2_Limb_Any,5
Synpo2_Forebrain_Any,2
Synpo2_Heart_Any,28
Synpo2_Heart_E11.5,14
Synpo2_Limb_Any,7
Synpo2_Limb_E11.5,3
Synpo_Forebrain_Any,2
Synpo_Heart_Any,6
Synpo_Heart_E11.5,5
Synpo_Limb_Any,7
Synpo_Limb_E11.5,5
Synpr_Forebrain_Any,2
Synrg_Forebrain_Any,2
Sypl_Heart_Any,2
Syt13_Forebrain_Any,2
Syt16_Forebrain_Any,2
Syt1_Forebrain_Any,4
Syt1_Forebrain_E11.5,2
Syt4_Forebrain_Any,2
Syt6_Forebrain_Any,4
Syt8_Limb_Any,3
Syt8_Limb_E11.5,2
Sytl2_Heart_Any,2
Szt2_Forebrain_Any,2
Szt2_Forebrain_E11.5,2
Szt2_Limb_Any,3
Szt2_Limb_E11.5,2
T2_Heart_Any,5
T2_Heart_E11.5,4
Tab2_Heart_Any,3
Tab2_Limb_Any,3
Tab2_Limb_E11.5,2
Tacc2_Forebrain_Any,2
Tacc2_Heart_Any,3
Taco1_Heart_Any,2
Tada1_Forebrain_Any,3
Tagln2_Heart_Any,3
Tagln2_Heart_E11.5,3
Tagln3_Forebrain_Any,3
Tal1_Heart_Any,3
Tal1_Heart_E11.5,3
Tanc1_Forebrain_Any,3
Tanc1_Forebrain_E11.5,2
Tanc1_Heart_Any,12
Tanc1_Heart_E11.5,7
Tanc1_Limb_Any,15
Tanc1_Limb_E11.5,15
Tanc2_Forebrain_Any,4
Tanc2_Forebrain_E11.5,2
Tanc2_Heart_Any,5
Tanc2_Heart_E11.5,5
Tapbp_Heart_Any,2
Tatdn3_Heart_Any,2
Tax1bp3_Heart_Any,2
Tbc1d14_Forebrain_Any,3
Tbc1d1_Forebrain_Any,2
Tbc1d1_Heart_Any,3
Tbc1d1_Heart_E11.5,3
Tbc1d1_Limb_Any,4
Tbc1d1_Limb_E11.5,4
Tbc1d22b_Forebrain_Any,13
Tbc1d22b_Forebrain_E11.5,7
Tbc1d22b_Heart_Any,2
Tbc1d7_Forebrain_Any,4
Tbc1d7_Forebrain_E11.5,2
Tbc1d7_Heart_Any,7
Tbc1d7_Heart_E11.5,2
Tbc1d8_Heart_Any,2
Tbc1d8b_Heart_Any,6
Tbc1d8b_Heart_E11.5,2
Tbc1d9_Forebrain_Any,3
Tbc1d9_Forebrain_E11.5,2
Tbc1d9b_Heart_Any,3
Tbck_Forebrain_Any,2
Tbkbp1_Heart_Any,2
Tbl2_Heart_Any,2
Tbr1_Forebrain_Any,4
Tbx15_Limb_Any,5
Tbx15_Limb_E11.5,5
Tbx18_Heart_Any,8
Tbx18_Heart_E11.5,2
Tbx18_Limb_Any,3
Tbx18_Limb_E11.5,3
Tbx20_Heart_Any,7
Tbx20_Heart_E11.5,6
Tbx2_Heart_Any,3
Tbx2_Heart_E11.5,3
Tbx2_Limb_Any,7
Tbx2_Limb_E11.5,4
Tbx3_Heart_Any,5
Tbx3_Heart_E11.5,2
Tbx3_Limb_Any,9
Tbx3_Limb_E11.5,9
Tbx3os2_Limb_Any,4
Tbx5_Heart_Any,10
Tbx5_Heart_E11.5,5
Tbx5_Limb_Any,4
Tbx5_Limb_E11.5,4
Tbxas1_Heart_Any,2
Tbxas1_Heart_E11.5,2
Tcea3_Heart_Any,3
Tcea3_Heart_E11.5,3
Tcerg1l_Forebrain_Any,2
Tcerg1l_Forebrain_E11.5,2
Tcf12_Limb_Any,2
Tcf15_Heart_Any,5
Tcf20_Forebrain_Any,3
Tcf20_Forebrain_E11.5,2
Tcf20_Limb_Any,2
Tcf20_Limb_E11.5,2
Tcf21_Heart_Any,5
Tcf21_Heart_E11.5,3
Tcf25_Forebrain_Any,3
Tcf25_Heart_Any,5
Tcf25_Heart_E11.5,2
Tcf4_Forebrain_Any,21
Tcf4_Forebrain_E11.5,9
Tcf4_Heart_Any,20
Tcf4_Heart_E11.5,6
Tcf4_Limb_Any,12
Tcf4_Limb_E11.5,12
Tcf7l1_Forebrain_Any,7
Tcf7l1_Forebrain_E11.5,5
Tcf7l1_Heart_Any,10
Tcf7l1_Heart_E11.5,5
Tcf7l1_Limb_Any,12
Tcf7l1_Limb_E11.5,10
Tcf7l2_Forebrain_Any,10
Tcf7l2_Forebrain_E11.5,7
Tcf7l2_Heart_Any,4
Tcf7l2_Heart_E11.5,2
Tcf7l2_Limb_Any,7
Tcf7l2_Limb_E11.5,6
Tcn2_Heart_Any,2
Tcp11_Forebrain_Any,2
Tcp11_Limb_Any,2
Tcp11_Limb_E11.5,2
Tcte2_Forebrain_Any,2
Tdrd1_Limb_Any,3
Tead1_Forebrain_Any,6
Tead1_Forebrain_E11.5,5
Tead1_Heart_Any,16
Tead1_Heart_E11.5,13
Tead1_Limb_Any,6
Tead1_Limb_E11.5,4
Tead3_Limb_Any,2
Tec_Heart_Any,3
Tec_Heart_E11.5,2
Tek_Heart_Any,8
Tek_Heart_E11.5,5
Tenm2_Forebrain_Any,16
Tenm2_Forebrain_E11.5,6
Tenm2_Heart_Any,3
Tenm2_Heart_E11.5,2
Tenm3_Forebrain_Any,7
Tenm3_Forebrain_E11.5,5
Tenm3_Limb_Any,7
Tenm3_Limb_E11.5,4
Tenm4_Forebrain_Any,18
Tenm4_Forebrain_E11.5,9
Tenm4_Heart_Any,5
Tenm4_Heart_E11.5,2
Tenm4_Limb_Any,9
Tenm4_Limb_E11.5,9
Tep1_Heart_Any,2
Tet1_Forebrain_Any,2
Tet1_Heart_Any,2
Tet1_Heart_E11.5,2
Tfap2b_Limb_Any,2
Tfap2c_Forebrain_Any,3
Tfap2c_Forebrain_E11.5,3
Tfap2c_Limb_Any,2
Tfb1m_Forebrain_Any,2
Tfb1m_Forebrain_E11.5,2
Tfb1m_Heart_Any,2
Tfb1m_Heart_E11.5,2
Tfeb_Heart_Any,8
Tfeb_Heart_E11.5,7
Tfeb_Limb_Any,2
Tfpi_Heart_Any,8
Tfpi_Heart_E11.5,5
Tfrc_Heart_Any,3
Tg_Forebrain_Any,2
Tg_Heart_Any,2
Tgfb1_Heart_Any,4
Tgfb1_Heart_E11.5,3
Tgfb1_Limb_Any,2
Tgfb2_Forebrain_Any,2
Tgfb2_Heart_Any,16
Tgfb2_Heart_E11.5,8
Tgfb2_Limb_Any,12
Tgfb2_Limb_E11.5,7
Tgfb3_Forebrain_Any,6
Tgfb3_Heart_Any,12
Tgfb3_Heart_E11.5,6
Tgfb3_Limb_Any,11
Tgfb3_Limb_E11.5,4
Tgfbi_Forebrain_Any,3
Tgfbi_Forebrain_E11.5,2
Tgfbi_Heart_Any,8
Tgfbi_Heart_E11.5,6
Tgfbi_Limb_Any,7
Tgfbi_Limb_E11.5,6
Tgfbr2_Heart_Any,8
Tgfbr2_Heart_E11.5,4
Tgfbr2_Limb_Any,8
Tgfbr2_Limb_E11.5,4
Tgfbr3_Heart_Any,32
Tgfbr3_Heart_E11.5,18
Tgfbr3_Limb_Any,20
Tgfbr3_Limb_E11.5,12
Tgfbrap1_Forebrain_Any,4
Tgfbrap1_Forebrain_E11.5,3
Tgif1_Forebrain_Any,3
Tgif1_Forebrain_E11.5,3
Tgif1_Limb_Any,2
Tgm2_Heart_Any,12
Tgm2_Heart_E11.5,9
Tgm2_Limb_Any,4
Thbd_Heart_Any,4
Thbs2_Heart_Any,2
Thbs2_Limb_Any,2
Thnsl1_Forebrain_Any,4
Thnsl1_Forebrain_E11.5,3
Thrsp_Heart_Any,2
Thsd4_Forebrain_Any,2
Thsd4_Heart_Any,5
Thsd4_Heart_E11.5,2
Thsd4_Limb_Any,9
Thsd4_Limb_E11.5,5
Thsd7a_Forebrain_Any,2
Tia1_Forebrain_Any,5
Tia1_Forebrain_E11.5,3
Tiam1_Limb_Any,3
Tiam1_Limb_E11.5,2
Tiam2_Forebrain_Any,4
Tiam2_Heart_Any,5
Tiam2_Heart_E11.5,2
Tiam2_Limb_Any,7
Tiam2_Limb_E11.5,4
Ticam1_Heart_Any,3
Ticam1_Heart_E11.5,2
Tie1_Heart_Any,2
Tie1_Heart_E11.5,2
Tigd4_Forebrain_Any,3
Tigd4_Heart_Any,6
Tigd4_Heart_E11.5,2
Timmdc1_Heart_Any,2
Timmdc1_Heart_E11.5,2
Timp2_Forebrain_Any,4
Timp2_Heart_Any,5
Timp2_Limb_Any,3
Timp2_Limb_E11.5,2
Timp3_Forebrain_Any,4
Timp3_Heart_Any,7
Timp4_Heart_Any,2
Tiprl_Heart_Any,2
Tiprl_Heart_E11.5,2
Tjp1_Heart_Any,6
Tjp1_Heart_E11.5,5
Tjp2_Forebrain_Any,2
Tjp2_Forebrain_E11.5,2
Tjp2_Heart_Any,6
Tjp2_Heart_E11.5,5
Tk1_Forebrain_Any,2
Tk1_Limb_Any,2
Tk1_Limb_E11.5,2
Tldc1_Heart_Any,5
Tldc1_Heart_E11.5,4
Tle3_Forebrain_Any,8
Tle3_Forebrain_E11.5,6
Tle3_Heart_Any,2
Tle3_Heart_E11.5,2
Tle3_Limb_Any,9
Tle3_Limb_E11.5,7
Tle4_Forebrain_Any,4
Tle4_Forebrain_E11.5,3
Tll2_Forebrain_Any,5
Tll2_Forebrain_E11.5,4
Tll2_Heart_Any,3
Tll2_Heart_E11.5,2
Tln2_Forebrain_Any,7
Tln2_Forebrain_E11.5,4
Tln2_Heart_Any,15
Tln2_Heart_E11.5,8
Tln2_Limb_Any,8
Tln2_Limb_E11.5,3
Tlr5_Heart_Any,2
Tmbim1_Heart_Any,6
Tmbim1_Heart_E11.5,5
Tmbim1_Limb_Any,2
Tmc6_Heart_Any,3
Tmc6_Heart_E11.5,2
Tmcc1_Heart_Any,2
Tmcc2_Forebrain_Any,2
Tmcc2_Heart_Any,2
Tmcc2_Heart_E11.5,2
Tmco4_Forebrain_Any,2
Tmco4_Heart_Any,6
Tmco4_Heart_E11.5,3
Tmco4_Limb_Any,2
Tmed10_Heart_Any,2
Tmed1_Heart_Any,5
Tmed1_Heart_E11.5,3
Tmed1_Limb_Any,4
Tmed1_Limb_E11.5,2
Tmed2_Heart_Any,2
Tmeff1_Forebrain_Any,7
Tmeff2_Forebrain_Any,3
Tmem108_Forebrain_Any,5
Tmem108_Heart_Any,15
Tmem108_Heart_E11.5,9
Tmem109_Heart_Any,5
Tmem109_Heart_E11.5,3
Tmem116_Heart_Any,3
Tmem121_Forebrain_Any,6
Tmem121_Forebrain_E11.5,3
Tmem121_Limb_Any,2
Tmem129_Forebrain_Any,2
Tmem129_Heart_Any,6
Tmem129_Heart_E11.5,3
Tmem129_Limb_Any,2
Tmem129_Limb_E11.5,2
Tmem130_Forebrain_Any,2
Tmem132a_Forebrain_Any,5
Tmem132b_Forebrain_Any,7
Tmem132b_Forebrain_E11.5,2
Tmem132e_Forebrain_Any,2
Tmem144_Heart_Any,5
Tmem144_Heart_E11.5,3
Tmem14c_Heart_Any,2
Tmem150cos_Forebrain_Any,2
Tmem151b_Forebrain_Any,3
Tmem163_Forebrain_Any,3
Tmem163_Heart_Any,7
Tmem163_Heart_E11.5,2
Tmem165_Heart_Any,3
Tmem165_Heart_E11.5,2
Tmem169_Forebrain_Any,8
Tmem169_Forebrain_E11.5,3
Tmem171_Heart_Any,9
Tmem171_Heart_E11.5,3
Tmem171_Limb_Any,3
Tmem176a_Heart_Any,2
Tmem178_Forebrain_Any,5
Tmem178_Heart_Any,6
Tmem178_Heart_E11.5,2
Tmem178b_Forebrain_Any,8
Tmem178b_Forebrain_E11.5,3
Tmem17_Forebrain_Any,2
Tmem184a_Limb_Any,2
Tmem184b_Forebrain_Any,2
Tmem184b_Heart_Any,2
Tmem184b_Heart_E11.5,2
Tmem200b_Heart_Any,3
Tmem200b_Heart_E11.5,3
Tmem204_Heart_Any,2
Tmem204_Heart_E11.5,2
Tmem213_Heart_Any,2
Tmem232_Heart_Any,3
Tmem232_Heart_E11.5,2
Tmem237_Forebrain_Any,7
Tmem237_Forebrain_E11.5,4
Tmem237_Limb_Any,2
Tmem237_Limb_E11.5,2
Tmem241_Heart_Any,3
Tmem242_Forebrain_Any,3
Tmem245_Heart_Any,8
Tmem245_Heart_E11.5,4
Tmem252_Heart_Any,3
Tmem252_Heart_E11.5,2
Tmem26_Limb_Any,2
Tmem2_Heart_Any,3
Tmem38a_Heart_Any,3
Tmem45a_Heart_Any,2
Tmem50b_Forebrain_Any,2
Tmem50b_Heart_Any,2
Tmem51_Heart_Any,3
Tmem51_Heart_E11.5,3
Tmem51os1_Forebrain_Any,2
Tmem51os1_Heart_Any,6
Tmem51os1_Heart_E11.5,6
Tmem64_Heart_Any,5
Tmem88_Heart_Any,3
Tmem88_Heart_E11.5,3
Tmem88_Limb_Any,2
Tmem97_Heart_Any,2
Tmem97_Heart_E11.5,2
Tmem98_Heart_Any,3
Tmod1_Heart_Any,3
Tmod4_Heart_Any,3
Tmtc1_Forebrain_Any,3
Tmtc1_Heart_Any,6
Tmtc1_Heart_E11.5,2
Tnfaip1_Heart_Any,2
Tnfaip1_Heart_E11.5,2
Tnfaip2_Heart_Any,2
Tnfaip2_Heart_E11.5,2
Tnfaip6_Limb_Any,3
Tnfaip6_Limb_E11.5,2
Tnfaip8_Heart_Any,5
Tnfaip8_Limb_Any,3
Tnfrsf10b_Heart_Any,2
Tnfrsf10b_Limb_Any,3
Tnfrsf10b_Limb_E11.5,3
Tnfrsf19_Forebrain_Any,7
Tnfrsf19_Forebrain_E11.5,5
Tnfrsf19_Heart_Any,2
Tnfrsf19_Heart_E11.5,2
Tnfrsf19_Limb_Any,3
Tnfrsf19_Limb_E11.5,2
Tnfrsf1a_Heart_Any,2
Tnfrsf1a_Limb_Any,2
Tnfsf10_Heart_Any,2
Tnik_Forebrain_Any,12
Tnik_Forebrain_E11.5,3
Tnik_Heart_Any,4
Tnip1_Heart_Any,2
Tnip1_Limb_Any,2
Tnip2_Heart_Any,6
Tnip2_Heart_E11.5,3
Tnip3_Heart_Any,2
Tnks_Forebrain_Any,2
Tnks_Heart_Any,2
Tnni1_Heart_Any,3
Tnni1_Heart_E11.5,3
Tnni3_Heart_Any,3
Tnni3_Heart_E11.5,3
Tnni3k_Heart_Any,2
Tnnt2_Heart_Any,3
Tnrc6c_Forebrain_Any,9
Tnrc6c_Forebrain_E11.5,3
Tnrc6c_Limb_Any,4
Tns1_Forebrain_Any,4
Tns1_Heart_Any,21
Tns1_Heart_E11.5,13
Tns1_Limb_Any,11
Tns1_Limb_E11.5,10
Tns3_Forebrain_Any,8
Tns3_Forebrain_E11.5,4
Tns3_Heart_Any,17
Tns3_Heart_E11.5,8
Tns3_Limb_Any,18
Tns3_Limb_E11.5,10
Tns4_Limb_Any,2
Tns4_Limb_E11.5,2
Tnxb_Heart_Any,3
Tnxb_Limb_Any,2
Tom1l1_Heart_Any,2
Tom1l1_Heart_E11.5,2
Tom1l2_Forebrain_Any,2
Tom1l2_Heart_Any,2
Tor2a_Forebrain_Any,2
Tor2a_Forebrain_E11.5,2
Tor2a_Heart_Any,2
Tox2_Forebrain_Any,2
Tox3_Forebrain_Any,5
Tox3_Forebrain_E11.5,3
Tox3_Heart_Any,5
Tox_Forebrain_Any,3
Tox_Forebrain_E11.5,2
Tpcn1_Heart_Any,2
Tpcn1_Limb_Any,2
Tpcn2_Heart_Any,3
Tpcn2_Heart_E11.5,2
Tpcn2_Limb_Any,4
Tpd52_Heart_Any,2
Tpgs2_Forebrain_Any,3
Tpgs2_Forebrain_E11.5,2
Tpm1_Heart_Any,23
Tpm1_Heart_E11.5,14
Tpm1_Limb_Any,9
Tpm1_Limb_E11.5,5
Tprg_Forebrain_Any,3
Tprg_Heart_Any,9
Tprg_Heart_E11.5,3
Tprg_Limb_Any,7
Tpst1_Limb_Any,2
Trabd2b_Heart_Any,12
Traf5_Forebrain_Any,3
Traf5_Heart_Any,8
Traf5_Heart_E11.5,3
Trak1_Forebrain_Any,5
Trak1_Forebrain_E11.5,2
Trak1_Heart_Any,7
Trak1_Heart_E11.5,3
Tram2_Heart_Any,2
Tram2_Limb_Any,2
Trap1_Heart_Any,2
Trappc6a_Heart_Any,2
Trappc6a_Heart_E11.5,2
Trdmt1_Heart_Any,4
Trdmt1_Heart_E11.5,3
Trdn_Heart_Any,2
Trib2_Forebrain_Any,3
Trib2_Heart_Any,6
Trib2_Heart_E11.5,2
Tril_Forebrain_Any,3
Tril_Limb_Any,6
Tril_Limb_E11.5,5
Trim25_Heart_Any,3
Trim25_Heart_E11.5,2
Trim29_Limb_Any,3
Trim29_Limb_E11.5,2
Trim2_Forebrain_Any,7
Trim2_Forebrain_E11.5,3
Trim32_Forebrain_Any,2
Trim35_Forebrain_Any,2
Trim35_Heart_Any,4
Trim35_Heart_E11.5,3
Trim35_Limb_Any,2
Trim44_Heart_Any,2
Trim45_Forebrain_Any,2
Trim47_Forebrain_Any,3
Trim47_Heart_Any,4
Trim47_Heart_E11.5,3
Trim47_Limb_Any,2
Trim55_Heart_Any,2
Trim62_Forebrain_Any,6
Trim62_Forebrain_E11.5,2
Trim62_Limb_Any,3
Trim62_Limb_E11.5,2
Trim63_Heart_Any,3
Trim63_Heart_E11.5,2
Trim65_Heart_Any,2
Trim9_Forebrain_Any,8
Trim9_Forebrain_E11.5,2
Trio_Forebrain_Any,5
Trio_Forebrain_E11.5,3
Trio_Heart_Any,5
Trio_Heart_E11.5,3
Trio_Limb_Any,7
Trio_Limb_E11.5,6
Triqk_Forebrain_Any,2
Triqk_Heart_Any,2
Trmt11_Heart_Any,2
Trmt11_Heart_E11.5,2
Trmt13_Heart_Any,2
Trmt13_Heart_E11.5,2
Trp53_Limb_Any,2
Trp53cor1_Heart_Any,5
Trp53cor1_Heart_E11.5,5
Trp53cor1_Limb_Any,3
Trp53cor1_Limb_E11.5,2
Trp53i11_Forebrain_Any,10
Trp53i11_Forebrain_E11.5,8
Trp53i11_Heart_Any,2
Trp53i11_Limb_Any,3
Trp53i11_Limb_E11.5,3
Trp53i13_Forebrain_Any,3
Trp53i13_Forebrain_E11.5,2
Trp53i13_Heart_Any,5
Trp53i13_Heart_E11.5,3
Trp53i13_Limb_Any,6
Trp53i13_Limb_E11.5,4
Trp73_Limb_Any,7
Trp73_Limb_E11.5,6
Trpm3_Forebrain_Any,8
Trpm3_Forebrain_E11.5,2
Trpm3_Heart_Any,2
Trpm3_Limb_Any,2
Trpm3_Limb_E11.5,2
Trpm5_Heart_Any,4
Trpm5_Limb_Any,4
Trpm5_Limb_E11.5,2
Trpm7_Heart_Any,2
Trps1_Forebrain_Any,3
Trps1_Forebrain_E11.5,2
Trps1_Heart_Any,2
Trps1_Limb_Any,10
Trps1_Limb_E11.5,8
Tsc1_Forebrain_Any,2
Tsc1_Forebrain_E11.5,2
Tsc22d1_Forebrain_Any,4
Tsc22d1_Heart_Any,2
Tsc22d1_Limb_Any,2
Tshz1_Forebrain_Any,2
Tshz1_Forebrain_E11.5,2
Tshz1_Heart_Any,4
Tshz1_Limb_Any,8
Tshz1_Limb_E11.5,7
Tshz2_Limb_Any,5
Tshz2_Limb_E11.5,4
Tshz3_Forebrain_Any,9
Tshz3_Forebrain_E11.5,2
Tshz3_Heart_Any,2
Tshz3_Limb_Any,4
Tslp_Forebrain_Any,2
Tslp_Heart_Any,12
Tslp_Heart_E11.5,3
Tslp_Limb_Any,5
Tspan11_Forebrain_Any,2
Tspan11_Limb_Any,3
Tspan11_Limb_E11.5,2
Tspan18_Forebrain_Any,3
Tspan18_Forebrain_E11.5,2
Tspan18_Heart_Any,5
Tspan18_Heart_E11.5,4
Tspan18_Limb_Any,2
Tspan18_Limb_E11.5,2
Tspan1_Heart_Any,2
Tspan2_Heart_Any,4
Tspan2_Heart_E11.5,3
Tspan33_Limb_Any,2
Tspan3_Heart_Any,3
Tspan5_Forebrain_Any,5
Tspan5_Forebrain_E11.5,2
Tspan5_Limb_Any,4
Tspan5_Limb_E11.5,2
Tspan9_Forebrain_Any,5
Tspan9_Heart_Any,12
Tspan9_Heart_E11.5,8
Tspan9_Limb_Any,9
Tspan9_Limb_E11.5,5
Tspo_Heart_Any,2
Tspo_Heart_E11.5,2
Tspyl4_Heart_Any,2
Tssc1_Forebrain_Any,4
Tst_Forebrain_Any,2
Tst_Heart_Any,2
Tstd2_Heart_Any,7
Tstd2_Heart_E11.5,3
Ttbk1_Forebrain_Any,2
Ttbk1_Forebrain_E11.5,2
Ttc17_Forebrain_Any,3
Ttc17_Forebrain_E11.5,2
Ttc17_Heart_Any,3
Ttc17_Heart_E11.5,3
Ttc22_Forebrain_Any,2
Ttc22_Limb_Any,2
Ttc23_Heart_Any,2
Ttc23_Limb_Any,6
Ttc23_Limb_E11.5,5
Ttc28_Forebrain_Any,9
Ttc28_Forebrain_E11.5,4
Ttc28_Heart_Any,6
Ttc28_Heart_E11.5,2
Ttc28_Limb_Any,6
Ttc28_Limb_E11.5,5
Ttc38_Heart_Any,2
Ttc4_Forebrain_Any,2
Ttf2_Heart_Any,2
Ttf2_Heart_E11.5,2
Ttf2_Limb_Any,2
Ttf2_Limb_E11.5,2
Ttl_Forebrain_Any,2
Ttll10_Heart_Any,3
Ttll12_Forebrain_Any,2
Ttll12_Limb_Any,2
Ttll12_Limb_E11.5,2
Ttll5_Heart_Any,2
Ttll5_Heart_E11.5,2
Ttll7_Forebrain_Any,3
Ttll7_Forebrain_E11.5,2
Ttn_Heart_Any,2
Ttpal_Limb_Any,2
Ttpal_Limb_E11.5,2
Ttyh3_Limb_Any,2
Tuba1a_Forebrain_Any,3
Tuba1c_Heart_Any,2
Tuba1c_Heart_E11.5,2
Tuba3b_Heart_Any,2
Tubb2a_Forebrain_Any,2
Tubb2b_Forebrain_Any,5
Tubb2b_Forebrain_E11.5,3
Tubb2b_Heart_Any,4
Tubb2b_Limb_Any,3
Tubb3_Forebrain_Any,4
Tubd1_Heart_Any,3
Tulp3_Heart_Any,2
Tulp3_Limb_Any,3
Tulp3_Limb_E11.5,2
Tunar_Forebrain_Any,2
Twist1_Limb_Any,10
Twist1_Limb_E11.5,6
Twist2_Forebrain_Any,3
Twist2_Forebrain_E11.5,2
Twist2_Heart_Any,5
Twist2_Heart_E11.5,3
Twist2_Limb_Any,12
Twist2_Limb_E11.5,5
Twsg1_Forebrain_Any,2
Twsg1_Forebrain_E11.5,2
Twsg1_Heart_Any,3
Twsg1_Heart_E11.5,2
Txlnb_Forebrain_Any,4
Txlnb_Heart_Any,5
Txlnb_Heart_E11.5,2
Txndc12_Heart_Any,3
Txndc2_Limb_Any,2
Txnip_Forebrain_Any,2
Txnip_Heart_Any,2
Txnrd3_Heart_Any,5
Uba7_Heart_Any,3
Ubap1l_Heart_Any,2
Ube2d1_Forebrain_Any,11
Ube2d1_Forebrain_E11.5,3
Ube2d1_Heart_Any,3
Ube2d1_Limb_Any,3
Ube2d1_Limb_E11.5,2
Ube2ql1_Forebrain_Any,6
Ube2t_Heart_Any,4
Ube2t_Heart_E11.5,2
Ube4b_Forebrain_Any,2
Ubiad1_Heart_Any,2
Ubtd2_Limb_Any,4
Ubtd2_Limb_E11.5,4
Ubxn8_Heart_Any,2
Uchl1_Forebrain_Any,3
Uchl1_Heart_Any,2
Uchl1_Heart_E11.5,2
Ucp2_Heart_Any,3
Ucp2_Heart_E11.5,2
Ucp2_Limb_Any,2
Ucp2_Limb_E11.5,2
Ugdh_Heart_Any,2
Unc13c_Heart_Any,2
Unc45a_Limb_Any,2
Unc5b_Heart_Any,7
Unc5b_Heart_E11.5,4
Unc5b_Limb_Any,3
Unc5b_Limb_E11.5,2
Unc5c_Limb_Any,3
Unc5d_Forebrain_Any,2
Uncx_Forebrain_Any,6
Uncx_Forebrain_E11.5,6
Upb1_Forebrain_Any,2
Upk1b_Heart_Any,5
Upk1b_Heart_E11.5,3
Upk3b_Forebrain_Any,2
Upk3b_Forebrain_E11.5,2
Upk3b_Heart_Any,16
Upk3b_Heart_E11.5,11
Upk3bl_Forebrain_Any,2
Upk3bl_Forebrain_E11.5,2
Upk3bl_Heart_Any,3
Upk3bl_Heart_E11.5,2
Upk3bl_Limb_Any,5
Upk3bl_Limb_E11.5,5
Uqcr10_Heart_Any,2
Urad_Heart_Any,2
Urad_Heart_E11.5,2
Urb2_Limb_Any,2
Ushbp1_Forebrain_Any,2
Ushbp1_Heart_Any,5
Ushbp1_Heart_E11.5,4
Ushbp1_Limb_Any,3
Usp13_Heart_Any,2
Usp29_Forebrain_Any,5
Usp2_Heart_Any,6
Usp33_Forebrain_Any,5
Usp35_Forebrain_Any,2
Usp43_Heart_Any,3
Usp47_Forebrain_Any,3
Usp47_Forebrain_E11.5,3
Usp47_Heart_Any,3
Usp47_Heart_E11.5,2
Usp47_Limb_Any,2
Usp47_Limb_E11.5,2
Usp50_Heart_Any,2
Usp5_Forebrain_Any,2
Ust_Forebrain_Any,2
Ust_Limb_Any,6
Utrn_Heart_Any,8
Utrn_Heart_E11.5,5
Utrn_Limb_Any,2
Vamp5_Heart_Any,6
Vamp5_Heart_E11.5,4
Vamp5_Limb_Any,2
Vangl1_Forebrain_Any,2
Vangl1_Heart_Any,6
Vangl1_Heart_E11.5,5
Vangl1_Limb_Any,2
Vangl2_Forebrain_Any,6
Vangl2_Forebrain_E11.5,3
Vangl2_Heart_Any,2
Vangl2_Limb_Any,4
Vangl2_Limb_E11.5,3
Vash1_Forebrain_Any,2
Vash2_Heart_Any,2
Vash2_Heart_E11.5,2
Vasn_Forebrain_Any,4
Vasn_Forebrain_E11.5,3
Vasn_Heart_Any,7
Vasn_Heart_E11.5,7
Vasn_Limb_Any,8
Vasn_Limb_E11.5,5
Vat1l_Forebrain_Any,2
Vax1_Forebrain_Any,3
Vax1_Forebrain_E11.5,2
Vcam1_Heart_Any,3
Vcam1_Heart_E11.5,2
Vcan_Heart_Any,8
Vcan_Heart_E11.5,5
Vcan_Limb_Any,7
Vcl_Heart_Any,7
Vcl_Heart_E11.5,4
Vcl_Limb_Any,2
Vdr_Forebrain_Any,2
Vdr_Heart_Any,3
Vdr_Limb_Any,2
Vdr_Limb_E11.5,2
Vegfa_Heart_Any,3
Vegfa_Heart_E11.5,2
Vegfa_Limb_Any,2
Vezf1_Forebrain_Any,3
Vezf1_Forebrain_E11.5,3
Vezf1_Heart_Any,3
Vezt_Forebrain_Any,2
Vgll4_Forebrain_Any,3
Vgll4_Heart_Any,7
Vgll4_Heart_E11.5,2
Vgll4_Limb_Any,9
Vgll4_Limb_E11.5,3
Vim_Forebrain_Any,3
Vim_Forebrain_E11.5,3
Vim_Heart_Any,6
Vim_Heart_E11.5,3
Vim_Limb_Any,3
Vipas39_Heart_Any,2
Vit_Forebrain_Any,2
Vldlr_Heart_Any,7
Vldlr_Heart_E11.5,2
Vprbp_Heart_Any,2
Vprbp_Heart_E11.5,2
Vps37b_Forebrain_Any,5
Vps37b_Forebrain_E11.5,3
Vps37b_Heart_Any,4
Vps37b_Heart_E11.5,4
Vps41_Forebrain_Any,2
Vps9d1_Forebrain_Any,6
Vps9d1_Forebrain_E11.5,3
Vps9d1_Heart_Any,4
Vps9d1_Heart_E11.5,2
Vps9d1_Limb_Any,3
Vsig10_Heart_Any,3
Vsig10_Heart_E11.5,2
Vsig10_Limb_Any,2
Vsnl1_Heart_Any,3
Vsnl1_Heart_E11.5,2
Vstm2a_Forebrain_Any,2
Vstm2l_Forebrain_Any,4
Vstm4_Heart_Any,5
Vstm4_Heart_E11.5,2
Vstm4_Limb_Any,2
Vtcn1_Heart_Any,2
Vwa2_Forebrain_Any,2
Vwa2_Limb_Any,6
Vwa2_Limb_E11.5,4
Vwa5a_Heart_Any,3
Vwa5a_Heart_E11.5,2
Vwa5a_Limb_Any,2
Vwa5b1_Forebrain_Any,11
Vwa5b1_Forebrain_E11.5,3
Wars2_Forebrain_Any,2
Wars2_Forebrain_E11.5,2
Wars2_Heart_Any,7
Wars2_Heart_E11.5,4
Wars2_Limb_Any,2
Wars2_Limb_E11.5,2
Wasf1_Forebrain_Any,7
Wasf1_Forebrain_E11.5,2
Wasf2_Heart_Any,7
Wasf2_Heart_E11.5,2
Wasf2_Limb_Any,2
Wasf2_Limb_E11.5,2
Wbscr17_Forebrain_Any,4
Wbscr27_Heart_Any,3
Wdr1_Heart_Any,3
Wdr1_Heart_E11.5,2
Wdr1_Limb_Any,2
Wdr53_Heart_Any,2
Wdr55_Heart_Any,2
Wdr55_Heart_E11.5,2
Wdr7_Forebrain_Any,2
Wdr7_Forebrain_E11.5,2
Wdsub1_Heart_Any,11
Wdsub1_Heart_E11.5,7
Wfdc15b_Limb_Any,2
Wfs1_Forebrain_Any,3
Wfs1_Heart_Any,11
Wfs1_Heart_E11.5,6
Wfs1_Limb_Any,4
Whrn_Forebrain_Any,2
Whrn_Limb_Any,5
Whrn_Limb_E11.5,4
Whsc1_Forebrain_Any,2
Whsc1_Forebrain_E11.5,2
Wipf1_Limb_Any,2
Wipi1_Heart_Any,3
Wipi1_Heart_E11.5,2
Wipi1_Limb_Any,2
Wisp1_Forebrain_Any,2
Wisp1_Heart_Any,10
Wisp1_Heart_E11.5,4
Wisp1_Limb_Any,5
Wisp1_Limb_E11.5,2
Wnk2_Forebrain_Any,2
Wnt11_Heart_Any,6
Wnt11_Heart_E11.5,4
Wnt11_Limb_Any,4
Wnt11_Limb_E11.5,4
Wnt1_Forebrain_Any,3
Wnt1_Forebrain_E11.5,2
Wnt1_Heart_Any,2
Wnt3_Forebrain_Any,6
Wnt3_Forebrain_E11.5,4
Wnt3_Limb_Any,3
Wnt5a_Heart_Any,4
Wnt5a_Heart_E11.5,2
Wnt5a_Limb_Any,11
Wnt5a_Limb_E11.5,6
Wnt5b_Heart_Any,3
Wnt7a_Forebrain_Any,7
Wnt7a_Forebrain_E11.5,5
Wnt7b_Forebrain_Any,3
Wnt7b_Forebrain_E11.5,2
Wsb1_Forebrain_Any,3
Wsb1_Forebrain_E11.5,2
Wsb1_Heart_Any,2
Wscd1_Forebrain_Any,3
Wt1_Heart_Any,3
Wt1_Heart_E11.5,2
Wwc1_Forebrain_Any,6
Wwc2_Heart_Any,10
Wwc2_Heart_E11.5,6
Wwc2_Limb_Any,3
Wwc2_Limb_E11.5,2
Wwp2_Forebrain_Any,2
Wwp2_Limb_Any,3
Wwp2_Limb_E11.5,3
Wwtr1_Forebrain_Any,2
Wwtr1_Heart_Any,11
Wwtr1_Heart_E11.5,3
Wwtr1_Limb_Any,4
Wwtr1_Limb_E11.5,2
Xirp2_Heart_Any,3
Xirp2_Heart_E11.5,2
Xpnpep1_Heart_Any,2
Xpr1_Forebrain_Any,5
Xpr1_Forebrain_E11.5,2
Xpr1_Heart_Any,2
Xrcc1_Heart_Any,2
Xrcc1_Heart_E11.5,2
Xrcc5_Limb_Any,3
Xrcc5_Limb_E11.5,2
Xxylt1_Forebrain_Any,2
Xxylt1_Heart_Any,2
Xxylt1_Limb_Any,3
Xxylt1_Limb_E11.5,2
Xylt1_Forebrain_Any,5
Xylt1_Forebrain_E11.5,2
Xylt1_Heart_Any,3
Yaf2_Forebrain_Any,2
Yaf2_Heart_Any,4
Ypel2_Forebrain_Any,3
Ypel2_Forebrain_E11.5,2
Ypel2_Heart_Any,8
Ypel2_Heart_E11.5,6
Ypel2_Limb_Any,3
Ypel2_Limb_E11.5,2
Ywhae_Forebrain_Any,3
Ywhaz_Forebrain_Any,4
Zadh2_Heart_Any,4
Zadh2_Heart_E11.5,2
Zadh2_Limb_Any,2
Zadh2_Limb_E11.5,2
Zak_Heart_Any,27
Zak_Heart_E11.5,13
Zak_Limb_Any,5
Zak_Limb_E11.5,2
Zbed3_Forebrain_Any,2
Zbed3_Forebrain_E11.5,2
Zbed3_Heart_Any,8
Zbed3_Heart_E11.5,5
Zbed3_Limb_Any,7
Zbed3_Limb_E11.5,6
Zbed6_Heart_Any,2
Zbed6_Limb_Any,5
Zbed6_Limb_E11.5,2
Zbtb10_Forebrain_Any,3
Zbtb10_Forebrain_E11.5,3
Zbtb10_Heart_Any,4
Zbtb10_Heart_E11.5,3
Zbtb10_Limb_Any,2
Zbtb10_Limb_E11.5,2
Zbtb16_Forebrain_Any,2
Zbtb16_Forebrain_E11.5,2
Zbtb16_Heart_Any,3
Zbtb16_Limb_Any,2
Zbtb16_Limb_E11.5,2
Zbtb18_Forebrain_Any,6
Zbtb18_Forebrain_E11.5,2
Zbtb1_Heart_Any,10
Zbtb1_Heart_E11.5,6
Zbtb1_Limb_Any,3
Zbtb20_Forebrain_Any,7
Zbtb20_Forebrain_E11.5,5
Zbtb20_Heart_Any,9
Zbtb20_Heart_E11.5,7
Zbtb38_Forebrain_Any,2
Zbtb38_Heart_Any,2
Zbtb42_Heart_Any,5
Zbtb42_Heart_E11.5,3
Zbtb5_Forebrain_Any,3
Zbtb5_Limb_Any,2
Zbtb7c_Heart_Any,2
Zbtb8os_Heart_Any,2
Zc3h12c_Forebrain_Any,2
Zc3h12c_Forebrain_E11.5,2
Zc3h14_Heart_Any,2
Zc3h14_Heart_E11.5,2
Zc3h18_Forebrain_Any,2
Zc3h18_Heart_Any,2
Zcchc14_Forebrain_Any,5
Zcchc14_Forebrain_E11.5,4
Zcchc14_Heart_Any,5
Zcchc14_Heart_E11.5,3
Zcchc14_Limb_Any,5
Zcchc14_Limb_E11.5,4
Zcchc24_Forebrain_Any,3
Zcchc24_Heart_Any,7
Zcchc24_Heart_E11.5,6
Zcchc24_Limb_Any,6
Zcchc24_Limb_E11.5,5
Zdbf2_Forebrain_Any,2
Zdbf2_Forebrain_E11.5,2
Zdbf2_Heart_Any,2
Zdhhc12_Heart_Any,3
Zdhhc12_Heart_E11.5,2
Zdhhc13_Forebrain_Any,2
Zdhhc13_Heart_Any,2
Zdhhc7_Heart_Any,3
Zeb2_Forebrain_Any,10
Zeb2_Forebrain_E11.5,5
Zeb2_Heart_Any,5
Zeb2_Heart_E11.5,4
Zeb2os_Forebrain_Any,7
Zeb2os_Limb_Any,2
Zfand2a_Heart_Any,2
Zfhx3_Forebrain_Any,12
Zfhx3_Forebrain_E11.5,7
Zfhx3_Heart_Any,2
Zfhx3_Heart_E11.5,2
Zfhx3_Limb_Any,24
Zfhx3_Limb_E11.5,18
Zfhx4_Forebrain_Any,3
Zfhx4_Forebrain_E11.5,3
Zfhx4_Limb_Any,4
Zfhx4_Limb_E11.5,3
Zfml_Forebrain_Any,4
Zfml_Forebrain_E11.5,2
Zfml_Limb_Any,3
Zfml_Limb_E11.5,3
Zfp105_Forebrain_Any,2
Zfp105_Forebrain_E11.5,2
Zfp105_Heart_Any,3
Zfp105_Limb_Any,3
Zfp105_Limb_E11.5,3
Zfp11_Forebrain_Any,2
Zfp11_Forebrain_E11.5,2
Zfp148_Heart_Any,2
Zfp148_Heart_E11.5,2
Zfp169_Forebrain_Any,5
Zfp169_Forebrain_E11.5,5
Zfp202_Forebrain_Any,2
Zfp202_Forebrain_E11.5,2
Zfp217_Forebrain_Any,2
Zfp217_Heart_Any,4
Zfp217_Heart_E11.5,2
Zfp217_Limb_Any,2
Zfp217_Limb_E11.5,2
Zfp239_Forebrain_Any,2
Zfp248_Limb_Any,2
Zfp248_Limb_E11.5,2
Zfp286_Forebrain_Any,5
Zfp286_Forebrain_E11.5,5
Zfp287_Forebrain_Any,4
Zfp287_Forebrain_E11.5,2
Zfp2_Forebrain_Any,4
Zfp334_Forebrain_Any,2
Zfp334_Forebrain_E11.5,2
Zfp341_Forebrain_Any,4
Zfp341_Forebrain_E11.5,3
Zfp341_Heart_Any,4
Zfp341_Heart_E11.5,3
Zfp362_Forebrain_Any,2
Zfp362_Limb_Any,3
Zfp362_Limb_E11.5,3
Zfp365_Forebrain_Any,2
Zfp36_Forebrain_Any,3
Zfp36_Forebrain_E11.5,3
Zfp36_Heart_Any,4
Zfp36_Heart_E11.5,3
Zfp36_Limb_Any,4
Zfp36_Limb_E11.5,4
Zfp36l1_Forebrain_Any,5
Zfp36l1_Forebrain_E11.5,3
Zfp36l1_Heart_Any,26
Zfp36l1_Heart_E11.5,12
Zfp36l1_Limb_Any,27
Zfp36l1_Limb_E11.5,15
Zfp36l2_Heart_Any,6
Zfp36l2_Heart_E11.5,3
Zfp36l2_Limb_Any,11
Zfp36l2_Limb_E11.5,11
Zfp395_Heart_Any,2
Zfp395_Heart_E11.5,2
Zfp41_Forebrain_Any,2
Zfp423_Forebrain_Any,19
Zfp423_Forebrain_E11.5,13
Zfp423_Heart_Any,5
Zfp423_Heart_E11.5,2
Zfp423_Limb_Any,20
Zfp423_Limb_E11.5,17
Zfp433_Limb_Any,2
Zfp433_Limb_E11.5,2
Zfp445_Forebrain_Any,4
Zfp454_Limb_Any,2
Zfp454_Limb_E11.5,2
Zfp462_Forebrain_Any,11
Zfp462_Forebrain_E11.5,10
Zfp462_Heart_Any,3
Zfp462_Heart_E11.5,2
Zfp462_Limb_Any,4
Zfp462_Limb_E11.5,3
Zfp503_Forebrain_Any,5
Zfp503_Forebrain_E11.5,2
Zfp503_Heart_Any,4
Zfp503_Heart_E11.5,3
Zfp503_Limb_Any,11
Zfp503_Limb_E11.5,6
Zfp507_Limb_Any,2
Zfp507_Limb_E11.5,2
Zfp512_Forebrain_Any,2
Zfp516_Forebrain_Any,2
Zfp516_Forebrain_E11.5,2
Zfp516_Heart_Any,3
Zfp516_Heart_E11.5,2
Zfp516_Limb_Any,6
Zfp516_Limb_E11.5,6
Zfp521_Forebrain_Any,11
Zfp521_Forebrain_E11.5,8
Zfp521_Heart_Any,11
Zfp521_Heart_E11.5,8
Zfp521_Limb_Any,20
Zfp521_Limb_E11.5,16
Zfp523_Forebrain_Any,2
Zfp52_Forebrain_Any,2
Zfp52_Forebrain_E11.5,2
Zfp52_Heart_Any,2
Zfp52_Heart_E11.5,2
Zfp52_Limb_Any,2
Zfp52_Limb_E11.5,2
Zfp532_Forebrain_Any,2
Zfp532_Forebrain_E11.5,2
Zfp532_Heart_Any,2
Zfp532_Heart_E11.5,2
Zfp532_Limb_Any,3
Zfp532_Limb_E11.5,3
Zfp536_Forebrain_Any,8
Zfp536_Forebrain_E11.5,7
Zfp536_Heart_Any,2
Zfp536_Limb_Any,2
Zfp568_Heart_Any,2
Zfp608_Forebrain_Any,14
Zfp608_Forebrain_E11.5,14
Zfp608_Heart_Any,14
Zfp608_Heart_E11.5,11
Zfp608_Limb_Any,6
Zfp608_Limb_E11.5,6
Zfp609_Forebrain_Any,2
Zfp609_Forebrain_E11.5,2
Zfp609_Heart_Any,2
Zfp637_Forebrain_Any,2
Zfp641_Forebrain_Any,2
Zfp641_Heart_Any,2
Zfp641_Heart_E11.5,2
Zfp64_Forebrain_Any,3
Zfp64_Limb_Any,4
Zfp64_Limb_E11.5,3
Zfp651_Heart_Any,3
Zfp663_Forebrain_Any,8
Zfp663_Limb_Any,2
Zfp703_Forebrain_Any,3
Zfp703_Limb_Any,5
Zfp703_Limb_E11.5,5
Zfp704_Forebrain_Any,4
Zfp704_Heart_Any,2
Zfp704_Heart_E11.5,2
Zfp704_Limb_Any,3
Zfp710_Forebrain_Any,2
Zfp710_Forebrain_E11.5,2
Zfp750_Limb_Any,3
Zfp770_Forebrain_Any,4
Zfp770_Forebrain_E11.5,2
Zfp770_Heart_Any,5
Zfp770_Heart_E11.5,2
Zfp773_Forebrain_Any,2
Zfp788_Forebrain_Any,3
Zfp809_Heart_Any,3
Zfp827_Forebrain_Any,2
Zfp827_Limb_Any,3
Zfp839_Heart_Any,6
Zfp839_Heart_E11.5,5
Zfp846_Forebrain_Any,2
Zfp846_Forebrain_E11.5,2
Zfp873_Forebrain_Any,2
Zfp933_Forebrain_Any,2
Zfp941_Forebrain_Any,2
Zfp960_Limb_Any,3
Zfp960_Limb_E11.5,3
Zfpm1_Forebrain_Any,4
Zfpm1_Forebrain_E11.5,4
Zfpm1_Heart_Any,11
Zfpm1_Heart_E11.5,10
Zfpm2_Forebrain_Any,5
Zfpm2_Forebrain_E11.5,3
Zfpm2_Heart_Any,16
Zfpm2_Heart_E11.5,7
Zfr_Forebrain_Any,2
Zfr_Heart_Any,2
Zfyve21_Forebrain_Any,2
Zfyve21_Heart_Any,5
Zfyve21_Heart_E11.5,3
Zhx3_Forebrain_Any,2
Zic1_Forebrain_Any,3
Zic1_Forebrain_E11.5,3
Zic2_Forebrain_Any,4
Zic2_Forebrain_E11.5,3
Zic2_Limb_Any,2
Zic2_Limb_E11.5,2
Zic3_Forebrain_Any,3
Zic3_Forebrain_E11.5,3
Zic4_Forebrain_Any,8
Zic4_Forebrain_E11.5,6
Zim1_Heart_Any,3
Zim1_Heart_E11.5,3
Zim1_Limb_Any,3
Zim1_Limb_E11.5,3
Zkscan2_Forebrain_Any,7
Zkscan2_Forebrain_E11.5,4
Zkscan2_Heart_Any,2
Zkscan2_Limb_Any,3
Zkscan2_Limb_E11.5,2
Zkscan4_Forebrain_Any,3
Zmiz1_Forebrain_Any,10
Zmiz1_Forebrain_E11.5,7
Zmiz1_Heart_Any,6
Zmiz1_Heart_E11.5,4
Zmiz1_Limb_Any,12
Zmiz1_Limb_E11.5,10
Zmynd11_Heart_Any,2
Znrf2_Forebrain_Any,2
Znrf3_Forebrain_Any,2
Znrf3_Forebrain_E11.5,2
Znrf3_Heart_Any,3
Zscan26_Heart_Any,3
Zscan26_Heart_E11.5,2
Zswim5_Forebrain_Any,3
Zswim5_Forebrain_E11.5,3
Zswim6_Forebrain_Any,4
Zswim6_Forebrain_E11.5,3
Zw10_Limb_Any,2
Zw10_Limb_E11.5,2
Zwilch_Heart_Any,3
Zwilch_Heart_E11.5,2
Zwilch_Limb_Any,2
Zwilch_Limb_E11.5,2
Zyx_Heart_Any,7
Zyx_Heart_E11.5,4
Zzz3_Limb_Any,2
Zzz3_Limb_E11.5,2
a_Limb_Any,2
a_Limb_E11.5,2
